FirstName,LastName,FullName,Bib,AgeGroup,Gender,City,State,Country,CountryISO,SwimTime,BikeTime,RunTime,T1Time,T2Time,FinishTime,SwimSeconds,BikeSeconds,RunSeconds,T1Seconds,T2Seconds,FinishSeconds,OverallRank,GenderRank,AgeGroupRank,SwimRankOverall,SwimRankGender,SwimRankGroup,BikeRankOverall,BikeRankGender,BikeRankGroup,RunRankOverall,RunRankGender,RunRankGroup,Status,Points
Wilhelm,Hirsch,Wilhelm Hirsch,3,MPRO,Male,Halle,foreigner,Germany,DE,0:44:10,4:04:57,2:38:28,0:02:47,0:01:59,7:32:21,2650,14697,9508,167,119,27141,1,1,1,2,2,2,2,2,2,1,1,1,Finisher,5000
Youri,Keulen,Youri Keulen,10,MPRO,Male,"Girona , spain",,Netherlands,NL,0:44:21,4:04:36,2:39:35,0:02:56,0:01:53,7:33:21,2661,14676,9575,176,113,27201,2,2,2,7,7,7,1,1,1,2,2,2,Finisher,4988
Arnaud,Guilloux,Arnaud Guilloux,6,MPRO,Male,Saint-Renan,,France,FR,0:48:51,4:05:16,2:38:44,0:03:20,0:01:49,7:38:00,2931,14716,9524,200,109,27480,3,3,3,27,24,21,8,8,8,3,3,3,Finisher,4932
Fernando,Toldi,Fernando Toldi,4,MPRO,Male,São Paulo,São Paulo,Brazil,BR,0:44:15,4:08:08,2:47:29,0:02:43,0:01:44,7:44:19,2655,14888,10049,163,104,27859,4,4,4,4,4,4,5,5,5,4,4,4,Finisher,4856
Ognjen,Stojanovic,Ognjen Stojanovic,19,MPRO,Male,Novi Sad,foreigner,Serbia,RS,0:44:14,4:07:59,2:48:15,0:02:49,0:01:55,7:45:11,2654,14879,10095,169,115,27911,5,5,5,3,3,3,3,3,3,5,5,5,Finisher,4846
Mitch,Wismans,Mitch Wismans,15,MPRO,Male,Lingewaard,Gelderland,Netherlands,NL,0:46:22,4:10:50,2:42:58,0:03:23,0:01:59,7:45:32,2782,15050,9778,203,119,27932,6,6,6,14,14,14,12,12,12,6,6,6,Finisher,4841
Andre,Lopes,Andre Lopes,5,MPRO,Male,Longmont,CO,Brazil,BR,0:46:10,4:12:40,2:42:20,0:02:47,0:01:59,7:45:56,2770,15160,9740,167,119,27956,7,7,7,10,10,10,13,13,13,7,7,7,Finisher,4837
Jonathan,Guisolan,Jonathan Guisolan,16,MPRO,Male,Morges,,Switzerland,CH,0:48:18,4:05:44,2:51:02,0:03:54,0:01:44,7:50:43,2898,14744,10262,234,104,28243,8,8,8,24,21,19,9,9,9,8,8,8,Finisher,4779
Zachary,Bernier-Michaud,Zachary Bernier-Michaud,7,MPRO,Male,Kelowna,BC,Canada,CA,0:49:12,4:07:46,2:51:58,0:03:08,0:02:28,7:54:30,2952,14866,10318,188,148,28470,9,9,9,29,25,22,11,11,11,9,9,9,Finisher,4734
Andreas,Dreitz,Andreas Dreitz,11,MPRO,Male,Michelau,Bavaria,Germany,DE,0:48:31,4:06:15,2:53:53,0:03:31,0:03:05,7:55:15,2911,14775,10433,211,185,28515,10,10,10,26,23,20,10,10,10,10,10,10,Finisher,4725
Martin,Baeza,Martin Baeza,13,MPRO,Male,Temuco,CL-AR,Chile,CL,0:44:21,4:08:12,3:01:44,0:02:34,0:01:33,7:58:24,2661,14892,10904,154,93,28704,11,11,11,6,6,6,6,6,6,11,11,11,Finisher,4687
walter,tlaija,walter tlaija,959,M40-44,Male,Porto Alegre,BR-RS,Brazil,BR,0:56:01,4:19:19,2:48:14,0:03:27,0:01:32,8:08:33,3361,15559,10094,207,92,29313,12,12,1,126,110,18,19,19,1,12,12,1,Finisher,5000
Eduardo,Perez Sandi,Eduardo Perez Sandi,18,MPRO,Male,Léon,Guanajuato,Mexico,MX,0:53:28,4:16:05,2:52:38,0:04:24,0:02:09,8:08:44,3208,15365,10358,264,129,29324,13,13,12,73,62,24,15,15,15,13,13,12,Finisher,4563
Diego,Arantes,Diego Arantes,189,M25-29,Male,Philadephia,BR-SP,Brazil,BR,0:52:34,4:36:21,2:37:00,0:03:38,0:03:10,8:12:42,3154,16581,9420,218,190,29562,14,14,1,52,44,3,42,41,3,14,14,1,Finisher,5000
Gabriel,Klein,Gabriel Klein,21,MPRO,Male,torres,BR-RS,Brazil,BR,0:48:05,4:31:18,2:48:11,0:03:00,0:02:36,8:13:09,2885,16278,10091,180,156,29589,15,15,13,21,19,17,23,23,19,15,15,13,Finisher,4510
William,Mennesson,William Mennesson,12,MPRO,Male,NICE,,France,FR,0:46:17,4:18:07,3:08:31,0:03:02,0:02:42,8:18:40,2777,15487,11311,182,162,29920,16,16,14,13,13,13,14,14,14,16,16,14,Finisher,4444
Reinaldo,Colucci,Reinaldo Colucci,8,MPRO,Male,São Carlos,BR-SP,Brazil,BR,0:46:16,4:27:45,2:59:32,0:02:57,0:02:59,8:19:30,2776,16065,10772,177,179,29970,17,17,15,11,11,11,17,17,17,17,17,15,Finisher,4434
MARCIO,MACHADO,MARCIO MACHADO,125,M18-24,Male,RIBEIRAO PRETO,SP,Brazil,BR,0:53:20,4:26:49,2:57:06,0:04:12,0:02:16,8:23:43,3200,16009,10626,252,136,30223,18,18,1,64,55,3,24,24,1,18,18,1,Finisher,5000
Mateus,De Farias Antunes,Mateus De Farias Antunes,712,M35-39,Male,Araraquara,BR-SP,Brazil,BR,0:53:01,4:23:51,3:02:18,0:03:27,0:03:18,8:25:55,3181,15831,10938,207,198,30355,19,19,1,58,50,8,20,20,2,19,19,1,Finisher,5000
Leno,Da Costa Alves,Leno Da Costa Alves,755,M35-39,Male,Fortaleza,CE,Brazil,BR,0:54:09,4:32:06,2:54:36,0:03:57,0:02:27,8:27:15,3249,16326,10476,237,147,30435,20,20,2,85,73,12,34,34,6,20,20,2,Finisher,4984
André,Montibeller,André Montibeller,2202,M35-39,Male,Brusque,BR-SC,Brazil,BR,0:51:40,4:27:12,3:03:47,0:03:12,0:01:49,8:27:40,3100,16032,11027,192,109,30460,21,21,3,48,41,5,22,22,3,21,21,3,Finisher,4979
Matheus,Diniz,Matheus Diniz,29,MPRO,Male,Goiânia ,BR-GO,Brazil,BR,0:45:22,4:36:09,3:01:48,0:02:59,0:02:51,8:29:10,2722,16569,10908,179,171,30550,22,22,16,9,9,9,25,25,20,22,22,16,Finisher,4318
BRUNO,PINHEIRO MANZONI,BRUNO PINHEIRO MANZONI,879,M35-39,Male,GOIANIA,BR-GO,Brazil,BR,0:57:30,4:31:31,2:54:58,0:04:26,0:02:13,8:30:38,3450,16291,10498,266,133,30638,23,23,4,173,153,27,44,43,10,23,23,4,Finisher,4943
Rafael,Dias Lima Turtera,Rafael Dias Lima Turtera,214,M25-29,Male,Sao Paulo,SP,Brazil,BR,0:51:05,4:30:18,3:01:45,0:03:59,0:04:29,8:31:37,3065,16218,10905,239,269,30697,24,24,2,43,38,1,26,26,1,24,24,2,Finisher,4773
Danilo,Melo,Danilo Melo,25,MPRO,Male,Maringa,BR-PR,Brazil,BR,1:05:17,4:19:40,3:01:32,0:04:31,0:02:08,8:33:07,3917,15580,10892,271,128,30787,25,25,17,578,526,29,32,32,21,25,25,17,Finisher,4270
MATEUS,CARVALHO,MATEUS CARVALHO,1127,M40-44,Male,RIBEIRAO PRETO,SP,Brazil,BR,0:56:30,4:35:10,2:54:48,0:05:26,0:02:10,8:34:03,3390,16510,10488,326,130,30843,26,26,2,140,122,21,54,53,4,26,26,2,Finisher,4694
Joao,Vitor Rossi Alvarenga,Joao Vitor Rossi Alvarenga,110,M18-24,Male,Ribeirao Preto,SP,Brazil,BR,0:54:23,4:41:38,2:53:23,0:03:30,0:01:54,8:34:48,3263,16898,10403,210,114,30888,27,27,2,90,78,4,61,60,4,27,27,2,Finisher,4867
ROBERTO,C FONSECA,ROBERTO C FONSECA,1835,M50-54,Male,São Paulo,BR-SP,Brazil,BR,0:50:45,4:35:03,3:04:02,0:03:14,0:02:52,8:35:56,3045,16503,11042,194,172,30956,28,28,1,41,36,1,31,31,1,28,28,1,Finisher,5000
PAULO,GUSTAVO CARDOSO,PAULO GUSTAVO CARDOSO,941,M40-44,Male,MACAE,RJ,Brazil,BR,0:50:17,4:39:52,2:59:49,0:03:41,0:02:22,8:36:02,3017,16792,10789,221,142,30962,29,29,3,34,29,1,45,44,2,29,29,3,Finisher,4670
ALBERTO,GOBBO DE OLIVEIRA,ALBERTO GOBBO DE OLIVEIRA,150,M25-29,Male,CURITIBA,PR,Brazil,BR,0:52:22,4:34:29,3:04:31,0:04:16,0:02:24,8:38:03,3142,16469,11071,256,144,31083,30,30,3,51,43,2,36,36,2,30,30,3,Finisher,4695
Bruno,Khouri,Bruno Khouri,1756,M45-49,Male,Nova Lima,BR-MG,Brazil,BR,0:53:17,4:30:13,3:09:14,0:03:12,0:02:31,8:38:27,3197,16213,11354,192,151,31107,31,31,1,62,53,9,29,29,2,31,31,1,Finisher,5000
Guilherme,Queiroz Portilho,Guilherme Queiroz Portilho,832,M35-39,Male,São Paulo,Sao Paulo,Brazil,BR,0:57:01,4:30:06,3:05:08,0:05:01,0:02:39,8:39:54,3421,16206,11108,301,159,31194,32,32,5,156,136,22,39,38,7,32,32,5,Finisher,4832
Matheus,Fell,Matheus Fell,613,M35-39,Male,Lajeado,Rio Grande do Sul,Brazil,BR,1:04:59,4:33:51,2:55:56,0:06:12,0:02:33,8:43:31,3899,16431,10556,372,153,31411,33,33,6,556,504,104,89,84,18,33,33,6,Finisher,4788
Gabriel,Marangoni,Gabriel Marangoni,1636,M45-49,Male,Mar del plata,Buenos Aires,Argentina,AR,0:54:35,4:35:28,3:07:52,0:04:04,0:02:14,8:44:14,3275,16528,11272,244,134,31454,34,34,2,91,79,14,47,46,6,34,34,2,Finisher,4930
GUILHERME,VAZ,GUILHERME VAZ,312,M30-34,Male,RIO DE JANEIRO,RJ,Brazil,BR,0:56:23,4:38:33,3:03:12,0:04:00,0:02:24,8:44:32,3383,16713,10992,240,144,31472,35,35,1,135,117,12,57,56,2,35,35,1,Finisher,5000
VINICIUS,FERREIRA CAMPOS,VINICIUS FERREIRA CAMPOS,466,M30-34,Male,CANOAS,RS,Brazil,BR,0:53:58,4:43:19,3:01:55,0:03:15,0:02:29,8:44:57,3238,16999,10915,195,149,31497,36,36,2,82,70,6,66,65,3,36,36,2,Finisher,4995
Daniel,Andrade,Daniel Andrade,341,M30-34,Male,Curitiba ,Parana,Brazil,BR,0:55:29,4:34:31,3:07:36,0:03:52,0:03:30,8:44:57,3329,16471,11256,232,210,31497,37,37,3,112,97,10,46,45,1,37,37,3,Finisher,4995
Romina,Biagioli,Romina Biagioli,5007,FPRO,Female,Cordoba,AR-X,Argentina,AR,0:48:56,4:51:08,3:00:08,0:03:18,0:01:54,8:45:24,2936,17468,10808,198,114,31524,38,1,1,28,4,4,79,5,5,38,1,1,Finisher,5000
Pâmella,Nascimento De Oliveira,Pâmella Nascimento De Oliveira,5001,FPRO,Female,Balneário Camboriú,SC,Brazil,BR,0:48:08,4:51:16,3:02:18,0:03:15,0:01:50,8:46:46,2888,17476,10938,195,110,31606,39,2,2,23,3,3,75,3,3,39,2,2,Finisher,4983
César,Barella Filho,César Barella Filho,168,M25-29,Male,Chapeco,BR-SC,Brazil,BR,0:56:53,4:38:16,3:05:02,0:04:01,0:02:46,8:46:57,3413,16696,11102,241,166,31617,40,38,4,152,132,7,59,58,5,40,38,4,Finisher,4589
LUCAS,RAFAEL MODELSKI,LUCAS RAFAEL MODELSKI,460,M30-34,Male,IGREJINHA,RS,Brazil,BR,0:59:46,4:37:53,3:02:02,0:04:16,0:03:03,8:47:00,3586,16673,10922,256,183,31620,41,39,4,262,234,29,71,69,5,41,39,4,Finisher,4970
Rafael,Falsarella,Rafael Falsarella,1444,M45-49,Male,Ribeirão Preto,SAO PAULO,Brazil,BR,0:55:30,4:31:51,3:11:22,0:05:26,0:03:11,8:47:20,3330,16311,11482,326,191,31640,42,40,3,114,99,19,43,42,5,42,40,3,Finisher,4893
Rafael,Camara,Rafael Camara,30,MPRO,Male,Jacarei,SP,Brazil,BR,0:56:56,4:29:26,3:15:35,0:03:24,0:02:28,8:47:48,3416,16166,11735,204,148,31668,43,41,18,154,134,28,33,33,22,43,41,18,Finisher,4094
Andre Luis,de Souza,Andre Luis de Souza,398,M30-34,Male,Campinas,SP,Brazil,BR,0:59:24,4:38:29,3:03:33,0:03:56,0:02:29,8:47:52,3564,16709,11013,236,149,31672,44,42,5,246,219,26,70,68,4,44,42,5,Finisher,4960
Kaue,Moiano Da Silva,Kaue Moiano Da Silva,218,M25-29,Male,Fortaleza,Ceará,Brazil,BR,0:53:49,4:37:48,3:11:06,0:04:16,0:01:26,8:48:26,3229,16668,11466,256,86,31706,45,43,5,78,66,4,50,49,4,45,43,5,Finisher,4571
JOSELITO,DOMINGUES,JOSELITO DOMINGUES,1592,M45-49,Male,LIMEIRA,SP,Brazil,BR,1:00:30,4:34:00,3:06:17,0:06:01,0:02:13,8:49:02,3630,16440,11177,361,133,31742,46,44,4,301,268,41,65,64,9,46,44,4,Finisher,4873
Herbert ,Fellipe Luna Lira,Herbert Fellipe Luna Lira,786,M35-39,Male,MACEIO,BR-AL,Brazil,BR,0:55:57,4:43:51,3:01:30,0:04:58,0:02:51,8:49:08,3357,17031,10890,298,171,31748,47,45,7,125,109,18,88,83,17,47,45,7,Finisher,4721
ALTINO,MACHADO D OLIVEIRA NETO,ALTINO MACHADO D OLIVEIRA NETO,967,M40-44,Male,GOVERNADOR VALADARES,BR-BR-MG,Brazil,BR,0:57:14,4:47:09,2:58:20,0:04:46,0:02:02,8:49:30,3434,17229,10700,286,122,31770,48,46,4,162,142,26,116,110,19,48,46,4,Finisher,4508
Vicente,Saraiva,Vicente Saraiva,24,MPRO,Male,Brasilia,BR-DF,Brazil,BR,0:55:18,4:35:54,3:10:40,0:04:06,0:03:46,8:49:44,3318,16554,11440,246,226,31784,49,47,19,107,93,25,49,48,23,49,47,19,Finisher,4071
FELIPE,DAYRELL SILVESTRE,FELIPE DAYRELL SILVESTRE,1666,M45-49,Male,BELO HORIZONTE,MG,Brazil,BR,0:48:05,4:44:39,3:07:23,0:05:23,0:04:24,8:49:54,2885,17079,11243,323,264,31794,50,48,5,20,18,1,55,54,7,50,48,5,Finisher,4862
Giovanni,Popiolek Sasse,Giovanni Popiolek Sasse,121,M18-24,Male,Brasília,BR-DF,Brazil,BR,0:54:45,4:36:24,3:11:27,0:04:57,0:02:58,8:50:31,3285,16584,11487,297,178,31831,51,49,3,99,85,5,51,50,3,51,49,3,Finisher,4678
LUCAS,ZUQUIM GUIMARAES GARCIA,LUCAS ZUQUIM GUIMARAES GARCIA,738,M35-39,Male,JUNDIAI,SP,Brazil,BR,0:56:18,4:43:57,3:04:44,0:04:06,0:02:04,8:51:08,3378,17037,11084,246,124,31868,52,50,8,133,116,19,84,79,16,52,50,8,Finisher,4697
cleverson,dijubanovski,cleverson dijubanovski,701,M35-39,Male,guarapuava,BR-PR,Brazil,BR,1:03:43,4:39:45,3:02:25,0:03:45,0:02:11,8:51:48,3823,16785,10945,225,131,31908,53,51,9,477,434,90,106,100,21,53,51,9,Finisher,4689
Daniel,Da Cunha,Daniel Da Cunha,1148,M40-44,Male,Capão da canoa,BR-RS,Brazil,BR,1:00:11,4:37:49,3:06:49,0:04:26,0:02:40,8:51:55,3611,16669,11209,266,160,31915,54,52,5,284,254,58,74,72,9,54,52,5,Finisher,4479
LEONARDO,BILICH ABAURRE,LEONARDO BILICH ABAURRE,951,M40-44,Male,VITORIA ,ESPIRITO SANTO,Brazil,BR,0:50:28,4:48:52,3:04:55,0:04:23,0:03:33,8:52:11,3028,17332,11095,263,213,31931,55,53,6,36,31,2,81,76,13,55,53,6,Finisher,4476
Diogo,Andrade Villarinho,Diogo Andrade Villarinho,27,MPRO,Male,Belo Horizonte,MG,Brazil,BR,0:44:06,4:28:03,3:33:56,0:03:12,0:03:05,8:52:22,2646,16083,12836,192,185,31942,56,54,20,1,1,1,16,16,16,56,54,20,Finisher,4039
PEDRO,OLIVEIRA CAMARA DA FE,PEDRO OLIVEIRA CAMARA DA FE,882,M35-39,Male,BRASILIA,DF,Brazil,BR,0:58:58,4:45:01,3:03:04,0:04:15,0:02:01,8:53:20,3538,17101,10984,255,121,32000,57,55,10,230,205,44,114,108,24,57,55,10,Finisher,4671
PEDRO,HENRIQUE ANDRADE MOREIRA,PEDRO HENRIQUE ANDRADE MOREIRA,700,M35-39,Male,VITORIA DA CONQUISTA,BA,Brazil,BR,0:57:24,4:38:59,3:08:54,0:05:11,0:02:55,8:53:22,3444,16739,11334,311,175,32002,58,56,11,170,150,25,69,67,14,58,56,11,Finisher,4670
BRENO,NASCIMENTO,BRENO NASCIMENTO,1163,M40-44,Male,PIRASSUNUNGA,SP,Brazil,BR,0:59:49,4:42:03,3:04:21,0:04:59,0:02:20,8:53:31,3589,16923,11061,299,140,32011,59,57,7,264,236,53,101,95,16,59,57,7,Finisher,4460
ARTHUR,FERRAZ,ARTHUR FERRAZ,1580,M45-49,Male,SAO PAULO,SP,Brazil,BR,0:54:42,4:31:20,3:20:47,0:04:43,0:02:18,8:53:50,3282,16280,12047,283,138,32030,60,58,6,97,83,16,35,35,3,60,58,6,Finisher,4815
Julie,Iemmolo,Julie Iemmolo,5004,FPRO,Female,La Fare-Les-Oliviers,,France,FR,0:47:52,4:40:06,3:21:20,0:03:43,0:02:13,8:55:14,2872,16806,12080,223,133,32114,61,3,3,16,2,2,38,1,1,61,3,3,Finisher,4882
THIAGO,DE SOUSA BORGES,THIAGO DE SOUSA BORGES,919,M40-44,Male,NATAL,RN,Brazil,BR,0:53:24,4:49:30,3:05:11,0:04:28,0:02:58,8:55:30,3204,17370,11111,268,178,32130,62,59,8,69,59,5,107,101,17,62,59,8,Finisher,4436
Hugo,Amaral Horta Barbosa,Hugo Amaral Horta Barbosa,850,M35-39,Male,,,Brazil,BR,0:48:03,4:40:02,3:19:41,0:04:15,0:03:29,8:55:31,2883,16802,11981,255,209,32131,63,60,12,17,15,1,40,39,8,63,60,12,Finisher,4644
WILSON,WADHY MIGUEL REBEHY NETO,WILSON WADHY MIGUEL REBEHY NETO,686,M35-39,Male,Ribeirao Preto,SP,Brazil,BR,0:59:52,4:41:39,3:05:15,0:05:59,0:02:56,8:55:40,3592,16899,11115,359,176,32140,64,61,13,269,241,52,110,104,23,64,61,13,Finisher,4643
José,Alves De Macêdo Neto,José Alves De Macêdo Neto,710,M35-39,Male,Brasilia ,BR-DF,Brazil,BR,1:01:50,4:34:06,3:11:42,0:04:49,0:03:15,8:55:42,3710,16446,11502,289,195,32142,65,62,14,384,348,76,67,66,13,65,62,14,Finisher,4642
Dênis,Reinert,Dênis Reinert,2205,M40-44,Male,Florianópolis,Santa Catarina,Brazil,BR,1:01:28,4:37:32,3:10:07,0:04:05,0:02:51,8:56:03,3688,16652,11407,245,171,32163,66,63,9,359,323,81,76,73,10,66,63,9,Finisher,4430
William,A N Graca,William A N Graca,397,M30-34,Male,Campinas,BR-SP,Brazil,BR,0:58:48,4:39:00,3:12:02,0:04:08,0:02:43,8:56:41,3528,16740,11522,248,163,32201,67,64,6,223,199,22,73,71,6,67,64,6,Finisher,4854
Nathan,Ciarlo,Nathan Ciarlo,627,M35-39,Male,São Carlos,São Paulo,Brazil,BR,0:49:33,4:33:12,3:27:22,0:03:37,0:03:06,8:56:50,2973,16392,12442,217,186,32210,68,65,15,31,26,2,28,28,4,68,65,15,Finisher,4629
Reinaldo,Maeda,Reinaldo Maeda,774,M35-39,Male,Curitiba,Pr,Brazil,BR,0:53:57,4:40:52,3:15:33,0:05:26,0:02:08,8:57:56,3237,16852,11733,326,128,32276,69,66,16,81,69,11,63,62,12,69,66,16,Finisher,4615
Ekaterina,Shabalina,Ekaterina Shabalina,5011,FPRO,Female,Moscow ,MOSKVA,Kazakhstan,KZ,0:51:28,5:00:03,3:00:53,0:03:42,0:02:08,8:58:15,3088,18003,10853,222,128,32295,70,4,4,46,6,6,166,10,8,70,4,4,Finisher,4845
PATRICK,SIMON,PATRICK SIMON,1608,M45-49,Male,SANTANA DE PARNAIBA,SP,Brazil,BR,0:57:10,4:43:24,3:11:49,0:03:38,0:02:25,8:58:26,3430,17004,11509,218,145,32306,71,67,7,159,139,25,82,77,10,71,67,7,Finisher,4760
DIEGO,ARGOS JARA,DIEGO ARGOS JARA,1567,M45-49,Male,SANTA FE,SANTA,Argentina,AR,0:53:22,4:47:48,3:09:47,0:05:06,0:03:17,8:59:20,3202,17268,11387,306,197,32360,72,68,8,67,57,11,97,91,13,72,68,8,Finisher,4749
Raphael,Ambrozini Santos,Raphael Ambrozini Santos,683,M35-39,Male,Vitória,Espírito Santo,Brazil,BR,1:01:23,4:47:04,3:03:34,0:04:52,0:02:27,8:59:20,3683,17224,11014,292,147,32360,73,69,17,354,318,68,149,140,33,73,69,17,Finisher,4599
PEDRO,FERNANDEZ,PEDRO FERNANDEZ,641,M35-39,Male,FEIRA DE SANTANA,BA,Brazil,BR,0:58:41,4:43:58,3:11:17,0:03:47,0:01:59,8:59:42,3521,17038,11477,227,119,32382,74,70,18,216,192,39,100,94,19,74,70,18,Finisher,4594
Ricardo,Miranda Gouvea,Ricardo Miranda Gouvea,634,M35-39,Male,São Paulo,SAO PAULO,Brazil,BR,0:49:36,4:25:36,3:39:27,0:03:29,0:02:55,9:01:03,2976,15936,13167,209,175,32463,75,71,19,32,27,3,18,18,1,75,71,19,Finisher,4578
AINER,RAMOS SAMPAIO,AINER RAMOS SAMPAIO,1310,M40-44,Male,LINHARES,ES,Brazil,BR,1:00:07,4:50:34,3:03:30,0:03:41,0:03:12,9:01:06,3607,17434,11010,221,192,32466,76,72,10,281,251,57,158,149,31,76,72,10,Finisher,4369
Ignacio,Iglesias,Ignacio Iglesias,766,M35-39,Male,Maldonado,UY-MA,Uruguay,UY,0:52:43,4:35:44,3:26:47,0:04:04,0:02:10,9:01:29,3163,16544,12407,244,130,32489,77,73,20,54,46,7,41,40,9,77,73,20,Finisher,4573
Rafael,Aragao Queiroz De Freitas,Rafael Aragao Queiroz De Freitas,2212,M40-44,Male,GOIANIA,GOIAS,Brazil,BR,0:55:56,4:39:40,3:19:39,0:03:51,0:03:09,9:02:15,3356,16780,11979,231,189,32535,78,74,11,124,108,17,60,59,6,78,74,11,Finisher,4355
Haroldo,Veiga Rolim,Haroldo Veiga Rolim,415,M30-34,Male,São Paulo,São Paulo,Brazil,BR,0:53:22,4:52:25,3:07:22,0:05:53,0:03:23,9:02:25,3202,17545,11242,353,203,32545,79,75,7,68,58,5,133,125,16,79,75,7,Finisher,4785
Gean Gustavo,Brum,Gean Gustavo Brum,412,M30-34,Male,Hamburg,,Brazil,BR,1:06:47,4:39:01,3:10:00,0:04:21,0:02:32,9:02:41,4007,16741,11400,261,152,32561,80,76,8,687,626,82,122,115,14,80,76,8,Finisher,4782
Rafael,Fontana Cigerza,Rafael Fontana Cigerza,426,M30-34,Male,Chapecó,Santa Catarina,Brazil,BR,1:02:17,4:45:45,3:08:00,0:04:07,0:02:38,9:02:47,3737,17145,11280,247,158,32567,81,77,9,397,361,45,140,131,19,81,77,9,Finisher,4781
Leandro,Garcia Costanzo,Leandro Garcia Costanzo,807,M35-39,Male,Mar del plata,AR-B,Argentina,AR,0:55:50,4:52:10,3:08:09,0:05:12,0:02:31,9:03:51,3350,17530,11289,312,151,32631,82,78,21,118,103,15,147,138,32,82,78,21,Finisher,4544
André,Constancio,André Constancio,1049,M40-44,Male,valinhos,São Paulo,Brazil,BR,1:00:40,4:45:11,3:10:43,0:04:15,0:03:02,9:03:52,3640,17111,11443,255,182,32632,83,79,12,315,280,67,121,114,21,83,79,12,Finisher,4336
Marcelo,Salvador,Marcelo Salvador,1528,M45-49,Male,Lages,BR-SC,Brazil,BR,0:57:10,4:56:41,3:04:35,0:04:57,0:02:34,9:05:57,3430,17801,11075,297,154,32757,84,80,9,160,140,26,189,176,27,84,80,9,Finisher,4670
Victor,Sato,Victor Sato,1426,M45-49,Male,São Paulo,BR-SP,Brazil,BR,1:03:37,4:44:45,3:09:52,0:05:35,0:02:11,9:05:58,3817,17085,11392,335,131,32758,85,81,10,470,427,63,155,146,21,85,81,10,Finisher,4669
Felipe,Moletta,Felipe Moletta,897,M40-44,Male,Sao Jose dos Pinhais,Parana,Brazil,BR,0:55:27,4:40:49,3:24:28,0:03:35,0:02:20,9:06:39,3327,16849,12268,215,140,32799,86,82,13,110,96,15,62,61,7,86,82,13,Finisher,4302
Vitor ,Freitas,Vitor Freitas,133,M25-29,Male,Belo Horizonte,MINAS GERAIS,Brazil,BR,1:05:04,4:46:18,3:09:25,0:04:09,0:02:24,9:07:21,3904,17178,11365,249,144,32841,87,83,6,564,512,33,170,159,9,87,83,6,Finisher,4344
Rafael,Ferreira,Rafael Ferreira,1078,M40-44,Male,São paulo,Sp,Brazil,BR,0:58:08,4:50:56,3:11:56,0:04:25,0:01:58,9:07:23,3488,17456,11516,265,118,32843,88,84,14,196,175,37,151,142,28,88,84,14,Finisher,4294
Gustavo,Antonio Meliscki,Gustavo Antonio Meliscki,733,M35-39,Male,Ribeirao Preto,BR-SP,Brazil,BR,0:50:43,4:48:23,3:20:26,0:05:10,0:02:44,9:07:26,3043,17303,12026,310,164,32846,89,85,22,40,35,4,83,78,15,89,85,22,Finisher,4501
RAFAEL,SILVA ALBUQUERQUE,RAFAEL SILVA ALBUQUERQUE,1110,M40-44,Male,ROLIM DE MOURA,RO,Brazil,BR,1:03:10,4:36:27,3:21:37,0:03:39,0:02:41,9:07:34,3790,16587,12097,219,161,32854,90,86,15,442,401,100,78,74,11,90,86,15,Finisher,4291
Lucas,Antonetti,Lucas Antonetti,1906,M50-54,Male,Rosario,AR-S,Argentina,AR,0:53:54,4:44:42,3:22:56,0:03:20,0:03:02,9:07:54,3234,17082,12176,200,182,32874,91,87,2,80,68,2,72,70,2,91,87,2,Finisher,4616
Ana Augusta,Lima Soares Barbosa,Ana Augusta Lima Soares Barbosa,541,F40-44,Female,Petrolina,BR-PE,Brazil,BR,0:59:29,4:45:55,3:15:13,0:04:55,0:02:30,9:08:03,3569,17155,11713,295,150,32883,92,5,1,249,28,4,124,8,1,92,5,1,Finisher,5000
Javier,Peiretti,Javier Peiretti,1707,M45-49,Male,Bs As,AR-C,Argentina,AR,0:56:04,4:50:56,3:15:14,0:03:20,0:02:46,9:08:20,3364,17456,11714,200,166,32900,93,88,11,128,112,22,125,117,18,93,88,11,Finisher,4641
Matheus ,Meireles,Matheus Meireles,1093,M40-44,Male,Campinas,SAO PAULO,Brazil,BR,0:54:20,4:36:25,3:28:30,0:05:21,0:03:49,9:08:26,3260,16585,12510,321,229,32906,94,89,16,88,76,10,52,51,3,94,89,16,Finisher,4281
AGUSTIN,LEIRO,AGUSTIN LEIRO,892,M35-39,Male,BUENOS AIRES,B,Argentina,AR,0:53:39,4:38:14,3:27:36,0:04:56,0:04:39,9:09:03,3219,16694,12456,296,279,32943,95,90,23,76,65,10,53,52,11,95,90,23,Finisher,4482
Léa,Riccoboni,Léa Riccoboni,5009,FPRO,Female,Bourg d'Oisans,Auvergne-Rhône-Alpes,France,FR,0:54:39,4:45:30,3:24:09,0:03:01,0:01:47,9:09:05,3279,17130,12249,181,107,32945,96,6,5,94,14,10,77,4,4,96,6,5,Finisher,4715
Fabiano,Muchinski,Fabiano Muchinski,1059,M40-44,Male,Curitiba,PR,Brazil,BR,0:54:02,4:49:35,3:18:02,0:04:14,0:03:17,9:09:10,3242,17375,11882,254,197,32950,97,91,17,84,72,9,112,106,18,97,91,17,Finisher,4272
Rafael,Leitao Teixeira Pinho,Rafael Leitao Teixeira Pinho,1543,M45-49,Male,Fortaleza,CE,Brazil,BR,1:00:11,4:34:34,3:27:45,0:04:13,0:02:54,9:09:37,3611,16474,12465,253,174,32977,98,92,12,283,253,38,58,57,8,98,92,12,Finisher,4626
Pablo,Amarante,Pablo Amarante,1145,M40-44,Male,Necochea,Buenos Aires,Argentina,AR,0:54:41,4:42:06,3:26:50,0:03:30,0:02:57,9:10:04,3281,16926,12410,210,177,33004,99,93,18,95,81,11,64,63,8,99,93,18,Finisher,4261
Marcel,Monteiro Morosini,Marcel Monteiro Morosini,950,M40-44,Male,Curitiba,Paraná,Brazil,BR,0:58:43,4:35:24,3:29:28,0:04:25,0:02:06,9:10:05,3523,16524,12568,265,126,33005,100,94,19,220,196,43,56,55,5,100,94,19,Finisher,4261
VICTOR,HUGO MATOS LOPES,VICTOR HUGO MATOS LOPES,728,M35-39,Male,CURITIBA,PR,Brazil,BR,1:06:05,4:41:41,3:13:56,0:05:17,0:03:06,9:10:06,3965,16901,11636,317,186,33006,101,95,24,642,583,114,146,137,31,101,95,24,Finisher,4469
Marcio,Biolchi,Marcio Biolchi,1629,M45-49,Male,PORTO ALEGRE,BR-RS,Brazil,BR,0:55:32,4:47:16,3:21:05,0:03:37,0:02:36,9:10:07,3332,17236,12065,217,156,33007,102,96,13,115,100,20,99,93,14,102,96,13,Finisher,4620
Guilherme,Ferreira,Guilherme Ferreira,330,M30-34,Male,Vila Olimpia,,Brazil,BR,0:59:36,4:41:04,3:22:29,0:04:43,0:02:59,9:10:52,3576,16864,12149,283,179,33052,103,97,10,252,224,27,92,87,8,103,97,10,Finisher,4684
João Pedro,Villar,João Pedro Villar,122,M18-24,Male,RIO DE JANEIRO,BR-RJ,Brazil,BR,0:56:47,4:52:11,3:13:34,0:05:19,0:03:30,9:11:21,3407,17531,11614,319,210,33081,104,98,4,148,129,8,157,148,7,104,98,4,Finisher,4428
Vanessa,Pereira,Vanessa Pereira,5010,FPRO,Female,"Murganhal, Caxias",LISBOA,Portugal,PT,0:58:22,4:53:11,3:14:40,0:03:43,0:01:56,9:11:53,3502,17591,11680,223,116,33113,105,7,6,201,22,14,167,11,9,105,7,6,Finisher,4682
Pedro,Miguel Muzeti,Pedro Miguel Muzeti,617,M35-39,Male,Barretos,São Paulo,Brazil,BR,0:55:55,4:53:26,3:11:40,0:05:43,0:05:59,9:12:43,3355,17606,11500,343,359,33163,106,99,25,123,107,17,165,156,36,106,99,25,Finisher,4438
GABRIEL,ROSA DE CARVALHO,GABRIEL ROSA DE CARVALHO,934,M40-44,Male,SAO PAULO,SP,Brazil,BR,1:01:14,4:51:14,3:14:20,0:03:50,0:02:07,9:12:45,3674,17474,11660,230,127,33165,107,100,20,343,307,76,174,163,35,107,100,20,Finisher,4229
Bernardo,De Azevedo Pizzo,Bernardo De Azevedo Pizzo,363,M30-34,Male,Niterói,,Brazil,BR,1:00:14,5:05:26,3:00:18,0:05:01,0:02:01,9:13:00,3614,18326,10818,301,121,33180,108,101,11,288,257,31,320,299,40,108,101,11,Finisher,4658
Bruno,Haddad Silva,Bruno Haddad Silva,470,M30-34,Male,Rio De Janeiro,RJ,Brazil,BR,0:55:18,4:44:21,3:22:46,0:05:34,0:05:04,9:13:02,3318,17061,12166,334,304,33182,109,102,12,106,92,8,90,85,7,109,102,12,Finisher,4658
Sebastian,Ostertag,Sebastian Ostertag,1029,M40-44,Male,Tigre,BUENOS AIRES,Argentina,AR,0:55:52,4:51:00,3:20:31,0:03:54,0:01:46,9:13:04,3352,17460,12031,234,106,33184,110,103,21,119,104,16,127,119,22,110,103,21,Finisher,4225
Leonardo,Berke Pires,Leonardo Berke Pires,933,M40-44,Male,Sao Paulo,BR-SP,Brazil,BR,1:04:06,4:53:29,3:04:32,0:06:01,0:04:59,9:13:07,3846,17609,11072,361,299,33187,111,104,22,498,454,111,240,226,50,111,104,22,Finisher,4225
LUCAS,TOLEDO,LUCAS TOLEDO,2193,M35-39,Male,EXTREMA,MINAS GERAIS,Brazil,BR,1:03:37,4:42:52,3:21:08,0:03:40,0:02:30,9:13:46,3817,16972,12068,220,150,33226,112,105,26,469,426,86,123,116,25,112,105,26,Finisher,4425
Francisney,Albuquerque,Francisney Albuquerque,795,M35-39,Male,Cascavel,Paraná,Brazil,BR,1:01:37,4:53:40,3:11:49,0:04:16,0:02:55,9:14:17,3697,17620,11509,256,175,33257,113,106,27,372,336,73,196,183,43,113,106,27,Finisher,4419
Euro,Luis Aun De Barros Brasil De Paula,Euro Luis Aun De Barros Brasil De Paula,1215,M40-44,Male,Fortaleza,CE,Brazil,BR,1:02:36,4:43:41,3:19:21,0:06:33,0:02:34,9:14:44,3756,17021,11961,393,154,33284,114,107,23,414,376,94,143,134,26,114,107,23,Finisher,4205
Mariana,Borges De Andrade,Mariana Borges De Andrade,5012,FPRO,Female,Florinópolis,SC,Brazil,BR,0:56:11,4:45:52,3:26:51,0:03:44,0:02:19,9:14:57,3371,17152,12411,224,139,33297,115,8,7,131,17,12,96,6,6,115,8,7,Finisher,4645
Ramon,Lopes Ferreira,Ramon Lopes Ferreira,1048,M40-44,Male,curitiba,BR-PR,Brazil,BR,1:04:21,4:46:46,3:17:34,0:05:00,0:03:11,9:16:50,3861,17206,11854,300,191,33410,116,108,24,519,473,115,173,162,34,116,108,24,Finisher,4180
Joao,Araldi,Joao Araldi,594,M35-39,Male,Balneario Camboriu,SC,Brazil,BR,0:57:58,4:53:27,3:18:28,0:04:03,0:03:23,9:17:18,3478,17607,11908,243,203,33438,117,109,28,189,168,30,169,158,37,117,109,28,Finisher,4383
Guilherme,Akutsu Silva,Guilherme Akutsu Silva,366,M30-34,Male,São Paulo,SAO PAULO,Brazil,BR,1:05:39,4:40:44,3:22:05,0:06:00,0:03:12,9:17:40,3939,16844,12125,360,192,33460,118,110,13,608,552,74,142,133,20,118,110,13,Finisher,4602
Raphael,Costa Mehl,Raphael Costa Mehl,1625,M45-49,Male,Coral Gables,FL,Brazil,BR,0:52:53,4:50:09,3:27:28,0:04:07,0:03:06,9:17:43,3173,17409,12448,247,186,33463,119,111,14,55,47,7,105,99,15,119,111,14,Finisher,4528
Hudson,Souza Sobrinho,Hudson Souza Sobrinho,703,M35-39,Male,Uberlândia,BR-MG,Brazil,BR,1:00:02,4:46:14,3:24:16,0:04:05,0:03:05,9:17:43,3602,17174,12256,245,185,33463,120,112,29,277,247,54,126,118,26,120,112,29,Finisher,4378
Marcio,Moreira,Marcio Moreira,1783,M50-54,Male,,,Brazil,BR,0:56:15,4:52:48,3:15:16,0:10:57,0:02:44,9:18:00,3375,17568,11716,657,164,33480,121,113,3,132,115,6,198,185,10,121,113,3,Finisher,4495
Jose,Eduardo Ribeiro,Jose Eduardo Ribeiro,119,M18-24,Male,Sao Paulo,SP,Brazil,BR,1:01:23,4:53:26,3:16:28,0:04:32,0:02:15,9:18:05,3683,17606,11788,272,135,33485,122,114,5,355,319,12,194,181,8,122,114,5,Finisher,4347
Alan Jhones,Santos De Araujo,Alan Jhones Santos De Araujo,793,M35-39,Male,Rondonopolis,Mato Grosso,Brazil,BR,1:02:51,4:46:58,3:19:23,0:05:12,0:03:42,9:18:06,3771,17218,11963,312,222,33486,123,115,30,427,389,84,164,155,35,123,115,30,Finisher,4373
Hernan,Catulo,Hernan Catulo,1231,M40-44,Male,Mar del Plata,AR-B,Argentina,AR,0:56:54,4:58:43,3:15:22,0:04:26,0:03:11,9:18:36,3414,17923,11722,266,191,33516,124,116,25,153,133,24,199,186,38,124,116,25,Finisher,4159
Luiza,Pais,Luiza Pais,5017,FPRO,Female,Niterói,BR-RJ,Brazil,BR,0:49:23,4:56:09,3:23:22,0:04:20,0:05:35,9:18:49,2963,17769,12202,260,335,33529,125,9,8,30,5,5,118,7,7,125,9,8,Finisher,4599
Anderson,Araujo Guedes,Anderson Araujo Guedes,816,M35-39,Male,FORTALEZA,Ceará,Brazil,BR,1:01:35,4:52:32,3:16:28,0:04:54,0:03:25,9:18:55,3695,17552,11788,294,205,33535,126,117,31,368,332,72,190,177,41,126,117,31,Finisher,4364
Guilherme,Garcia Cunha,Guilherme Garcia Cunha,2208,M35-39,Male,Florianópolis,Santa Catarina,Brazil,BR,0:53:27,4:31:16,3:48:04,0:04:03,0:02:29,9:19:19,3207,16276,13684,243,149,33559,127,118,32,71,61,9,30,30,5,127,118,32,Finisher,4359
Vitor,Viganô Oliveira,Vitor Viganô Oliveira,208,M25-29,Male,Monte Alto,BR-SP,Brazil,BR,0:58:09,4:43:48,3:30:31,0:04:28,0:02:27,9:19:22,3489,17028,12631,268,147,33562,128,119,7,197,176,9,98,92,6,128,119,7,Finisher,4200
Natan,Leal Borges,Natan Leal Borges,188,M25-29,Male,Bombinhas,,Brazil,BR,0:54:21,4:58:14,3:21:03,0:03:51,0:02:16,9:19:44,3261,17894,12063,231,136,33584,129,120,8,89,77,5,175,164,10,129,120,8,Finisher,4195
Pietra,Meneghini,Pietra Meneghini,5008,FPRO,Female,Curitiba,BR-PR,Brazil,BR,0:55:27,4:59:40,3:19:24,0:03:16,0:01:59,9:19:46,3327,17980,11964,196,119,33586,130,10,9,111,15,11,186,13,10,130,10,9,Finisher,4587
Gustavo,N C Inoue,Gustavo N C Inoue,615,M35-39,Male,Sao Paulo,SP,Brazil,BR,1:08:53,4:52:37,3:04:30,0:09:23,0:04:34,9:19:57,4133,17557,11070,563,274,33597,131,121,33,835,758,150,323,302,69,131,121,33,Finisher,4351
Henrique,Souza,Henrique Souza,1232,M40-44,Male,Florianópolis,Santa Catarina,Brazil,BR,1:01:38,4:46:17,3:26:13,0:04:03,0:02:03,9:20:14,3698,17177,12373,243,123,33614,132,122,26,375,339,84,136,127,25,132,122,26,Finisher,4139
RICARDO,VELHO SIZUKI,RICARDO VELHO SIZUKI,1843,M50-54,Male,RIBEIRAO PRETO,SP,Brazil,BR,0:55:29,4:45:24,3:30:36,0:04:53,0:04:07,9:20:29,3329,17124,12636,293,247,33629,133,123,4,113,98,5,95,90,4,133,123,4,Finisher,4465
LUIZ,FRANCISCO PREZIA PATELLI,LUIZ FRANCISCO PREZIA PATELLI,1416,M45-49,Male,POCOS DE CALDAS,MG,Brazil,BR,0:53:31,4:56:22,3:24:21,0:03:24,0:03:00,9:20:37,3211,17782,12261,204,180,33637,134,124,15,74,63,12,148,139,19,134,124,15,Finisher,4494
FABIO,CARVALHO,FABIO CARVALHO,1578,M45-49,Male,SANTOS,SP,Brazil,BR,0:50:16,4:36:02,3:46:07,0:04:50,0:03:28,9:20:43,3016,16562,13567,290,208,33643,135,125,16,33,28,3,37,37,4,135,125,16,Finisher,4492
Leonardo,Martelli,Leonardo Martelli,835,M35-39,Male,Sao Paulo,SP,Brazil,BR,1:03:57,4:43:32,3:25:29,0:04:44,0:03:37,9:21:18,3837,17012,12329,284,217,33678,136,126,34,492,448,93,141,132,29,136,126,34,Finisher,4335
Victor,Afonso Ferreira,Victor Afonso Ferreira,160,M25-29,Male,Sao Paulo,SP,Brazil,BR,1:03:34,4:37:48,3:31:05,0:05:34,0:03:46,9:21:46,3814,16668,12665,334,226,33706,137,127,9,465,423,26,102,96,7,137,127,9,Finisher,4171
IVAN,ROBERTO DE CAMPOS ALBANO JUNIOR,IVAN ROBERTO DE CAMPOS ALBANO JUNIOR,1863,M50-54,Male,MOGI-MIRIM,SP,Brazil,BR,1:01:22,4:54:45,3:17:05,0:05:20,0:03:23,9:21:54,3682,17685,11825,320,203,33714,138,128,5,353,317,24,216,203,12,138,128,5,Finisher,4448
VITOR,PUATO DE ALMEIDA,VITOR PUATO DE ALMEIDA,1677,M45-49,Male,RIBEIRAO PRETO,SP,Brazil,BR,1:00:16,4:50:10,3:23:52,0:04:25,0:03:18,9:22:02,3616,17410,12232,265,198,33722,139,129,17,290,259,40,161,152,22,139,129,17,Finisher,4477
NAHUEL,BERNARDO ALDAPE MOYANO,NAHUEL BERNARDO ALDAPE MOYANO,1283,M40-44,Male,VILLA LUGANO,B,Argentina,AR,1:02:20,4:52:28,3:21:56,0:03:44,0:01:36,9:22:03,3740,17548,12116,224,96,33723,140,130,27,399,363,90,187,174,37,140,130,27,Finisher,4118
Bruna,Stolf,Bruna Stolf,5006,FPRO,Female,Balneário Camboriú,BR-SC,Brazil,BR,0:53:46,5:12:05,3:08:22,0:03:41,0:04:44,9:22:38,3226,18725,11302,221,284,33758,141,11,10,77,12,8,309,21,15,141,11,10,Finisher,4553
Mathews,Zanini Santana,Mathews Zanini Santana,689,M35-39,Male,,,Brazil,BR,0:58:33,4:48:44,3:28:07,0:04:44,0:02:40,9:22:49,3513,17324,12487,284,160,33769,142,131,35,206,183,36,138,129,28,142,131,35,Finisher,4317
Guilherme,Oliveira Souza,Guilherme Oliveira Souza,819,M35-39,Male,Lagoa Santa,MG Minas Gerais,Brazil,BR,1:03:42,5:01:18,3:09:49,0:05:24,0:02:46,9:22:59,3822,18078,11389,324,166,33779,143,132,36,476,433,89,318,297,67,143,132,36,Finisher,4315
BRUNO,DE ALBUQUERQUE ALCANTARA BRANDAO,BRUNO DE ALBUQUERQUE ALCANTARA BRANDAO,212,M25-29,Male,MACEIO,AL,Brazil,BR,0:57:47,4:55:38,3:20:55,0:05:22,0:03:22,9:23:04,3467,17738,12055,322,202,33784,144,133,10,184,163,8,188,175,11,144,133,10,Finisher,4155
Santiago,Reboul,Santiago Reboul,471,M30-34,Male,ROSARIO,AR-S,Argentina,AR,1:01:36,4:59:27,3:15:01,0:04:44,0:02:53,9:23:41,3696,17967,11701,284,173,33821,145,134,14,370,334,40,262,245,34,145,134,14,Finisher,4530
Yanina,Minaglia,Yanina Minaglia,593,F40-44,Female,Escobar,Bs.as.,Argentina,AR,0:56:49,4:56:44,3:24:13,0:03:57,0:01:59,9:23:43,3409,17804,12253,237,119,33823,146,12,2,150,20,1,181,12,2,146,12,2,Finisher,4812
Alfredo,Matias Bugna,Alfredo Matias Bugna,975,M40-44,Male,MAR DEL PLATA,Argentina,Argentina,AR,1:00:20,4:56:22,3:18:34,0:05:36,0:02:52,9:23:46,3620,17782,11914,336,172,33826,147,135,28,294,263,61,228,215,45,147,135,28,Finisher,4097
Jehovah,Guimarães Tavares,Jehovah Guimarães Tavares,926,M40-44,Male,Guaçuí,BR-ES,Brazil,BR,1:10:48,4:59:36,3:08:05,0:03:36,0:01:44,9:23:49,4248,17976,11285,216,104,33829,148,136,29,981,889,217,365,341,81,148,136,29,Finisher,4096
Bernardo,Liguori,Bernardo Liguori,1915,M50-54,Male,Buenos Aires,AR-B,Argentina,AR,1:02:44,4:53:12,3:19:57,0:04:55,0:03:06,9:23:54,3764,17592,11997,295,186,33834,149,137,6,424,386,30,209,196,11,149,137,6,Finisher,4424
Andre Guilherme,Macedo,Andre Guilherme Macedo,1270,M40-44,Male,Campinas,,Brazil,BR,1:00:29,4:59:56,3:14:19,0:04:53,0:04:17,9:23:55,3629,17996,11659,293,257,33835,150,138,30,300,267,63,255,239,54,150,138,30,Finisher,4095
MARTIN,GONZALO EIRIZ,MARTIN GONZALO EIRIZ,1850,M50-54,Male,Morón,Provincia de Buenos Aires,Argentina,AR,0:59:42,4:53:32,3:23:01,0:04:03,0:03:43,9:24:02,3582,17612,12181,243,223,33842,151,139,7,257,229,18,179,168,7,151,139,7,Finisher,4422
Alberto,Silva De Souza,Alberto Silva De Souza,1014,M40-44,Male,JUAZEIRO,BAHIA,Brazil,BR,1:00:44,4:46:51,3:30:09,0:03:43,0:02:52,9:24:19,3644,17211,12609,223,172,33859,152,140,31,323,288,70,129,121,23,152,140,31,Finisher,4090
Mauricio,Penteado Cardoso,Mauricio Penteado Cardoso,1699,M45-49,Male,Palmas,BR-TO,Brazil,BR,0:59:59,4:54:11,3:19:29,0:06:20,0:04:28,9:24:27,3599,17651,11969,380,268,33867,153,141,18,274,245,36,202,189,29,153,141,18,Finisher,4448
JUNIOR,QUEIROZ,JUNIOR QUEIROZ,485,M30-34,Male,MARINGA,PR,Brazil,BR,1:00:16,4:47:26,3:30:08,0:04:11,0:03:05,9:25:06,3616,17246,12608,251,185,33906,154,142,15,289,258,32,134,126,17,154,142,15,Finisher,4513
Gonzalo,Acosta,Gonzalo Acosta,378,M30-34,Male,Gualeguaychú,Entre ríos,Argentina,AR,0:56:09,4:58:19,3:23:23,0:04:52,0:02:26,9:25:08,3369,17899,12203,292,146,33908,155,143,16,129,113,11,193,180,23,155,143,16,Finisher,4512
Vinicius,Bernardo Stdrezk,Vinicius Bernardo Stdrezk,329,M30-34,Male,Campo Largo,PR,Brazil,BR,0:53:08,4:50:57,3:33:28,0:04:01,0:03:46,9:25:20,3188,17457,12808,241,226,33920,156,144,17,59,51,4,113,107,12,156,144,17,Finisher,4510
FABRICIO,FUSCO RODRIGUES,FABRICIO FUSCO RODRIGUES,1681,M45-49,Male,SOROCABA,SP,Brazil,BR,1:02:21,4:55:25,3:19:15,0:04:29,0:03:58,9:25:28,3741,17725,11955,269,238,33928,157,145,19,401,365,52,226,213,36,157,145,19,Finisher,4435
Jackson,Silva Martins,Jackson Silva Martins,31,MPRO,Male,Venda nova do Imigrante,ES,Brazil,BR,0:56:10,5:07:14,3:16:51,0:03:08,0:02:10,9:25:33,3370,18434,11811,188,130,33933,158,146,21,130,114,27,272,255,25,158,146,21,Finisher,3641
Clara,Debiassi,Clara Debiassi,229,F25-29,Female,Mar del plata,AR-B,Argentina,AR,0:53:11,5:08:31,3:18:28,0:03:52,0:01:53,9:25:54,3191,18511,11908,232,113,33954,159,13,1,60,9,1,258,17,1,159,13,1,Finisher,5000
Breno,Figueiredo Goncalves ,Breno Figueiredo Goncalves,309,M30-34,Male,Barbalha,CEARA,Brazil,BR,1:03:38,4:55:10,3:19:10,0:05:09,0:02:52,9:26:00,3818,17710,11950,309,172,33960,160,147,18,472,429,56,244,230,31,160,147,18,Finisher,4502
Fábio,Rogerio Cardoso Nascimento,Fábio Rogerio Cardoso Nascimento,735,M35-39,Male,Santo André,BR-SP,Brazil,BR,1:04:20,4:48:00,3:26:50,0:04:38,0:02:17,9:26:05,3860,17280,12410,278,137,33965,161,148,37,518,472,99,177,166,39,161,148,37,Finisher,4278
Rafael,Marques Da Silva,Rafael Marques Da Silva,1173,M40-44,Male,Sorocaba,SP,Brazil,BR,1:01:42,4:59:05,3:17:36,0:04:28,0:03:19,9:26:11,3702,17945,11856,268,199,33971,162,149,32,379,343,85,254,238,53,162,149,32,Finisher,4068
Christian,Franco,Christian Franco,984,M40-44,Male,Mar del PLata,AR-B,Argentina,AR,0:59:24,4:49:10,3:30:22,0:04:15,0:03:02,9:26:13,3564,17350,12622,255,182,33973,163,150,33,245,218,48,144,135,27,163,150,33,Finisher,4068
Katie,Colville,Katie Colville,5005,FPRO,Female,Deactur,GA,United States,US,0:56:21,5:08:40,3:15:03,0:04:19,0:02:00,9:26:23,3381,18520,11703,259,120,33983,164,14,11,134,18,13,305,20,14,164,14,11,Finisher,4508
Rodrigo,Memmo,Rodrigo Memmo,961,M40-44,Male,Berazategui,Buenos Aires,Argentina,AR,0:58:54,4:47:08,3:31:35,0:03:54,0:05:25,9:26:57,3534,17228,12695,234,325,34017,165,151,34,224,200,44,119,112,20,165,151,34,Finisher,4059
Ignacio,Lambert,Ignacio Lambert,303,M30-34,Male,Montevideo,MONTEVIDEO,Uruguay,UY,1:02:30,4:53:11,3:23:00,0:04:38,0:03:39,9:26:57,3750,17591,12180,278,219,34017,166,152,19,408,371,46,200,187,26,166,152,19,Finisher,4491
Felipe ,Gavazzoni ,Felipe Gavazzoni,847,M35-39,Male,Concórdia,SC,Brazil,BR,0:58:00,4:52:11,3:27:39,0:05:35,0:03:58,9:27:23,3480,17531,12459,335,238,34043,167,153,38,190,169,31,171,160,38,167,153,38,Finisher,4262
Felipe,Borlido,Felipe Borlido,837,M35-39,Male,Nova Lima,MG,Brazil,BR,1:01:29,4:54:22,3:20:49,0:05:49,0:04:56,9:27:26,3689,17662,12049,349,296,34046,168,154,39,361,325,69,221,208,45,168,154,39,Finisher,4261
Velmar,Bianco,Velmar Bianco,1807,M50-54,Male,Francisco Alvarez,Buenos Aires,Argentina,AR,0:54:01,4:50:04,3:32:22,0:05:27,0:05:36,9:27:31,3241,17404,12742,327,336,34051,169,155,8,83,71,3,117,111,5,169,155,8,Finisher,4381
Rafael,Gomes,Rafael Gomes,120,M18-24,Male,Maua,SP,Brazil,BR,0:58:43,5:00:28,3:22:26,0:03:58,0:02:02,9:27:38,3523,18028,12146,238,122,34058,170,156,6,219,195,9,236,222,9,170,156,6,Finisher,4233
Jose,Alejandro Anaine,Jose Alejandro Anaine,1114,M40-44,Male,Departamento De Lujan,M,Argentina,AR,0:58:40,4:51:10,3:30:46,0:04:06,0:03:02,9:27:44,3520,17470,12646,246,182,34064,171,157,35,215,191,42,154,145,29,171,157,35,Finisher,4049
Bruno ,Dionisio Da Silva,Bruno Dionisio Da Silva,1155,M40-44,Male,São Paulo,,Brazil,BR,1:00:33,4:57:42,3:22:15,0:04:28,0:02:47,9:27:44,3633,17862,12135,268,167,34064,172,158,36,305,272,64,231,218,48,172,158,36,Finisher,4049
Danilo,Hojo Navarro,Danilo Hojo Navarro,801,M35-39,Male,São Paulo,São Paulo,Brazil,BR,0:59:43,4:48:53,3:32:52,0:04:26,0:02:22,9:28:15,3583,17333,12772,266,142,34095,173,159,40,259,231,49,145,136,30,173,159,40,Finisher,4252
Raquel,Nuvolini Wajngarten,Raquel Nuvolini Wajngarten,503,F35-39,Female,Sao Paulo,Sao Paulo,Brazil,BR,0:58:55,5:04:10,3:19:11,0:04:10,0:01:56,9:28:23,3535,18250,11951,250,116,34103,174,15,1,228,25,3,282,19,2,174,15,1,Finisher,5000
Robson,Marcon Antunes,Robson Marcon Antunes,452,M30-34,Male,São Paulo,São Paulo,Brazil,BR,0:55:25,4:52:05,3:35:05,0:04:09,0:01:48,9:28:32,3325,17525,12905,249,108,34112,175,160,20,108,94,9,132,124,15,175,160,20,Finisher,4472
Renato,Valenca Cardoso,Renato Valenca Cardoso,1205,M40-44,Male,Sorocaba,SP,Brazil,BR,1:12:29,5:00:13,3:06:52,0:05:55,0:03:12,9:28:41,4349,18013,11212,355,192,34121,176,161,37,1122,1012,252,416,389,96,176,161,37,Finisher,4038
Moacir,Quintiliano Jr,Moacir Quintiliano Jr,1814,M50-54,Male,ARARAS,SP,Brazil,BR,1:01:59,4:52:46,3:21:52,0:07:15,0:05:16,9:29:08,3719,17566,12112,435,316,34148,177,162,9,386,350,27,225,212,13,177,162,9,Finisher,4361
WAGNER,SIQUEIRA ROMAO,WAGNER SIQUEIRA ROMAO,1680,M45-49,Male,RIO DE JANEIRO,RJ,Brazil,BR,0:54:16,4:52:34,3:36:47,0:03:16,0:02:23,9:29:14,3256,17554,13007,196,143,34154,178,163,20,87,75,13,120,113,17,178,163,20,Finisher,4390
Henrique,Bettega,Henrique Bettega,1452,M45-49,Male,Curitiba,BR-PR,Brazil,BR,0:54:37,4:46:26,3:40:46,0:04:18,0:03:14,9:29:22,3277,17186,13246,258,194,34162,179,164,21,93,80,15,91,86,11,179,164,21,Finisher,4389
Marcelo,Luiz Leal,Marcelo Luiz Leal,1839,M50-54,Male,Florianópolis,Santa Catarina,Brazil,BR,0:59:02,4:41:09,3:42:23,0:04:22,0:02:42,9:29:38,3542,16869,13343,262,162,34178,180,165,10,231,206,15,85,80,3,180,165,10,Finisher,4355
Luiz,Oliveira,Luiz Oliveira,1228,M40-44,Male,São Paulo,Intl State,Brazil,BR,1:13:15,4:51:24,3:13:43,0:06:27,0:04:51,9:29:40,4395,17484,11623,387,291,34180,181,166,38,1179,1061,260,328,306,70,181,166,38,Finisher,4026
Cristian,Keller Castro Silva,Cristian Keller Castro Silva,1595,M45-49,Male,Varginha,Minas Gerais,Brazil,BR,1:03:29,4:44:40,3:29:07,0:07:53,0:04:36,9:29:45,3809,17080,12547,473,276,34185,182,167,22,460,419,61,172,161,24,182,167,22,Finisher,4384
Gilberto,Dos Santos Marcos,Gilberto Dos Santos Marcos,1959,M50-54,Male,Itapuí,São Paulo,Brazil,BR,0:57:41,5:06:12,3:16:42,0:05:32,0:03:53,9:29:59,3461,18372,11802,332,233,34199,183,168,11,180,160,13,307,287,18,183,168,11,Finisher,4351
Damian,Correa,Damian Correa,1071,M40-44,Male,Montevideo,MONTEVIDEO,Uruguay,UY,0:57:58,4:52:44,3:32:07,0:04:11,0:03:18,9:30:17,3478,17564,12727,251,198,34217,184,169,39,188,167,34,162,153,33,184,169,39,Finisher,4019
Lucas,Alves,Lucas Alves,773,M35-39,Male,Niterói,BR-RJ,Brazil,BR,0:59:56,4:59:53,3:19:04,0:07:05,0:04:20,9:30:18,3596,17993,11944,425,260,34218,185,170,41,271,243,53,276,259,60,185,170,41,Finisher,4227
Robnilson,Ribeiro,Robnilson Ribeiro,1208,M40-44,Male,,,Brazil,BR,1:11:21,5:06:01,3:05:49,0:04:28,0:02:51,9:30:30,4281,18361,11149,268,171,34230,186,171,40,1020,923,230,460,432,110,186,171,40,Finisher,4016
Cesar,Mariano Villagra,Cesar Mariano Villagra,1547,M45-49,Male,Santiago Del Estero,G,Argentina,AR,1:04:01,4:49:20,3:29:19,0:04:48,0:03:06,9:30:35,3841,17360,12559,288,186,34235,187,172,23,495,451,70,183,171,25,187,172,23,Finisher,4374
Vinicius,Castilho,Vinicius Castilho,1650,M45-49,Male,Birigui,São Paulo,Brazil,BR,0:59:36,4:54:49,3:26:17,0:05:57,0:04:07,9:30:46,3576,17689,12377,357,247,34246,188,173,24,253,225,32,201,188,28,188,173,24,Finisher,4372
YURI,JOSE ANDRADE DE SANTANA,YURI JOSE ANDRADE DE SANTANA,699,M35-39,Male,ARACAJU,SE,Brazil,BR,1:08:38,4:48:53,3:26:28,0:04:46,0:02:29,9:31:14,4118,17333,12388,286,149,34274,189,174,42,821,745,148,227,214,46,189,174,42,Finisher,4216
VICTOR,FARIAS ANDREAZZA,VICTOR FARIAS ANDREAZZA,123,M18-24,Male,NOSSA SENHORA DO SOCORRO,SE,Brazil,BR,0:52:54,5:08:48,3:22:46,0:04:41,0:02:14,9:31:22,3174,18528,12166,281,134,34282,190,175,7,56,48,1,271,254,10,190,175,7,Finisher,4188
Luis,Fernando Theodoro Dos Reis,Luis Fernando Theodoro Dos Reis,177,M25-29,Male,Florianopolis,SC,Brazil,BR,1:04:34,4:52:33,3:27:57,0:03:37,0:02:42,9:31:24,3874,17553,12477,217,162,34284,191,176,11,536,488,31,206,193,13,191,176,11,Finisher,4055
Gustavo,Gaspar,Gustavo Gaspar,1087,M40-44,Male,Rio de janeiro,BR-RJ,Brazil,BR,0:57:52,5:03:38,3:21:35,0:04:33,0:03:50,9:31:28,3472,18218,12095,273,230,34288,192,177,41,185,164,32,266,249,55,192,177,41,Finisher,4005
Luis,Henrique De Lima,Luis Henrique De Lima,434,M30-34,Male,Ponta Grossa,PR,Brazil,BR,1:02:58,4:48:37,3:31:47,0:05:28,0:02:43,9:31:33,3778,17317,12707,328,163,34293,193,178,21,433,394,47,178,167,22,193,178,21,Finisher,4435
Jordan,Itamar Ribeiro Lopes,Jordan Itamar Ribeiro Lopes,186,M25-29,Male,Belo horizonte,Minas gerais,Brazil,BR,1:00:56,5:00:49,3:21:06,0:05:49,0:02:56,9:31:37,3656,18049,12066,349,176,34297,194,179,12,332,297,14,288,269,15,194,179,12,Finisher,4053
Davi,Ximenes,Davi Ximenes,823,M35-39,Male,Fortaleza,Ceara,Brazil,BR,0:57:22,4:44:40,3:40:38,0:04:54,0:04:02,9:31:37,3442,17080,13238,294,242,34297,195,180,43,168,148,24,103,97,20,195,180,43,Finisher,4211
Andrei,Portioli,Andrei Portioli,599,M35-39,Male,ribeirao preto,sao paulo,Brazil,BR,1:00:50,5:01:01,3:22:16,0:04:45,0:02:46,9:31:38,3650,18061,12136,285,166,34298,196,181,44,327,292,62,273,256,58,196,181,44,Finisher,4211
Fernanda,Palma,Fernanda Palma,1359,F45-49,Female,São Paulo,São Paulo,Brazil,BR,0:53:21,4:52:55,3:37:43,0:05:38,0:02:07,9:31:44,3201,17575,13063,338,127,34304,197,16,1,66,10,1,135,9,1,197,16,1,Finisher,5000
Victor,Pinto Albuquerque De Oliveira,Victor Pinto Albuquerque De Oliveira,1013,M40-44,Male,Vila Velha,BR-ES,Brazil,BR,0:58:29,4:58:45,3:26:31,0:05:28,0:02:51,9:32:04,3509,17925,12391,328,171,34324,198,182,42,204,181,39,230,217,47,198,182,42,Finisher,3997
Fabio,da Cunha,Fabio da Cunha,2191,M35-39,Male,Barueri,São Paulo,Brazil,BR,1:00:04,5:01:38,3:25:13,0:03:55,0:01:20,9:32:11,3604,18098,12313,235,80,34331,199,183,45,278,248,55,261,244,53,199,183,45,Finisher,4204
Leonardo,Macedo,Leonardo Macedo,1242,M40-44,Male,CIUDAD DEL PLATA,San José,Uruguay,UY,1:04:31,5:01:14,3:17:15,0:05:03,0:04:36,9:32:40,3871,18074,11835,303,276,34360,200,184,43,533,485,117,322,301,68,200,184,43,Finisher,3990
Jason,Foltz,Jason Foltz,1075,M40-44,Male,Coconut Creek,FL,United States,US,1:03:30,4:41:05,3:33:28,0:09:36,0:05:16,9:32:54,3810,16865,12808,576,316,34374,201,185,44,462,421,106,156,147,30,201,185,44,Finisher,3987
DIOGO,CARVALHO DE SOUZA E SILVA,DIOGO CARVALHO DE SOUZA E SILVA,696,M35-39,Male,CAMPINAS,SP,Brazil,BR,1:07:57,4:52:36,3:23:46,0:05:45,0:02:56,9:33:00,4077,17556,12226,345,176,34380,202,186,46,771,700,139,270,253,57,202,186,46,Finisher,4195
Helvis,Fernandes De Paula,Helvis Fernandes De Paula,764,M35-39,Male,Ponta Grossa,PR,Brazil,BR,1:02:31,4:56:52,3:27:36,0:04:21,0:02:07,9:33:28,3751,17812,12456,261,127,34408,203,187,47,411,373,81,243,229,49,203,187,47,Finisher,4189
Nino,Antonio Meza,Nino Antonio Meza,1492,M45-49,Male,iquique,Tarapacá,Chile,CL,1:03:04,4:56:35,3:25:14,0:05:41,0:03:10,9:33:43,3784,17795,12314,341,190,34423,204,188,25,437,397,56,256,240,40,204,188,25,Finisher,4336
JOSE,BOTELHO ALMEIDA NETO,JOSE BOTELHO ALMEIDA NETO,1720,M45-49,Male,Salvador,BR-BA,Brazil,BR,1:05:58,5:02:46,3:16:41,0:04:42,0:03:38,9:33:45,3958,18166,11801,282,218,34425,205,189,26,630,571,96,357,334,56,205,189,26,Finisher,4336
Lucas,Mendonça,Lucas Mendonça,698,M35-39,Male,Salvador,BR-BA,Brazil,BR,0:58:41,4:56:13,3:30:30,0:06:00,0:02:34,9:33:58,3521,17773,12630,360,154,34438,206,190,48,217,193,40,210,197,44,206,190,48,Finisher,4183
Franco,Baumgart De Melo,Franco Baumgart De Melo,172,M25-29,Male,NEW YORK,NY,Brazil,BR,0:58:44,5:01:27,3:24:04,0:05:26,0:04:21,9:34:01,3524,18087,12244,326,261,34441,207,191,13,221,197,10,260,243,14,207,191,13,Finisher,4024
Sebastian,Arias,Sebastian Arias,1209,M40-44,Male,Buenos Aires,AR-C,Argentina,AR,1:06:50,4:56:20,3:22:52,0:04:36,0:03:42,9:34:20,4010,17780,12172,276,222,34460,208,192,45,694,632,154,290,271,59,208,192,45,Finisher,3970
CHARLES,MARQUES,CHARLES MARQUES,928,M40-44,Male,SAO PAULO,SP,Brazil,BR,1:01:09,4:39:43,3:45:36,0:03:53,0:04:08,9:34:28,3669,16783,13536,233,248,34468,209,193,46,339,303,74,87,82,15,209,193,46,Finisher,3969
AMANDA,DE OLIVEIRA BRITO,AMANDA DE OLIVEIRA BRITO,252,F30-34,Female,MACEIO,BR-AL,Brazil,BR,0:57:44,5:14:28,3:15:55,0:05:00,0:01:43,9:34:50,3464,18868,11755,300,103,34490,210,17,1,183,21,2,399,27,2,210,17,1,Finisher,5000
Douglas,Martins Vieira,Douglas Martins Vieira,324,M30-34,Male,,,Brazil,BR,1:07:41,4:41:57,3:38:16,0:03:49,0:03:08,9:34:51,4061,16917,13096,229,188,34491,211,194,22,743,677,85,150,141,21,211,194,22,Finisher,4396
Gonzalo Nicolas,Frangi,Gonzalo Nicolas Frangi,658,M35-39,Male,Villa de Mayo,AR-B,Argentina,AR,0:56:32,5:14:34,3:17:00,0:04:14,0:02:42,9:35:02,3392,18874,11820,254,162,34502,212,195,49,142,124,20,379,355,80,212,195,49,Finisher,4170
Caio,Rozental,Caio Rozental,195,M25-29,Male,Rio de Janeiro,RJ,Brazil,BR,1:08:14,5:06:46,3:10:51,0:06:08,0:03:18,9:35:17,4094,18406,11451,368,198,34517,213,196,14,785,714,43,451,424,24,213,196,14,Finisher,4009
Maicon,Romano,Maicon Romano,760,M35-39,Male,Porto Velho,RO,Brazil,BR,0:52:37,5:05:01,3:24:03,0:08:15,0:05:25,9:35:22,3157,18301,12243,495,325,34522,214,197,50,53,45,6,263,246,54,214,197,50,Finisher,4166
Frank,Madlehner,Frank Madlehner,484,M30-34,Male,São Paulo,São Paulo,Germany,DE,0:58:43,4:49:12,3:39:18,0:04:08,0:04:10,9:35:30,3523,17352,13158,248,250,34530,215,198,23,218,194,21,139,130,18,215,198,23,Finisher,4388
STELLA,APARECIDA FURLAN DE OLIVEIRA,STELLA APARECIDA FURLAN DE OLIVEIRA,496,F35-39,Female,CAMPOS DOS GOYTACAZES,RJ,Brazil,BR,1:15:56,4:49:46,3:22:28,0:05:17,0:02:08,9:35:35,4556,17386,12148,317,128,34535,216,18,2,1364,151,29,326,22,3,216,18,2,Finisher,4913
Jose,Bruno Lavor Sampaio,Jose Bruno Lavor Sampaio,751,M35-39,Male,Teresina,BR-PI,Brazil,BR,1:00:50,4:41:25,3:44:57,0:05:09,0:03:42,9:36:03,3650,16885,13497,309,222,34563,217,199,51,328,293,63,109,103,22,217,199,51,Finisher,4158
Pablo,Durante ,Pablo Durante,2074,M55-59,Male,Nordelta,AR-B,Argentina,AR,0:59:10,4:59:31,3:29:45,0:04:41,0:03:01,9:36:07,3550,17971,12585,281,181,34567,218,200,1,237,211,2,237,223,2,218,200,1,Finisher,5000
RODRIGO,RANIERI,RODRIGO RANIERI,767,M35-39,Male,barueri,BR-SP,Brazil,BR,0:59:05,4:50:40,3:36:26,0:04:55,0:05:01,9:36:07,3545,17440,12986,295,301,34567,219,201,52,233,207,45,160,151,34,219,201,52,Finisher,4157
Amanda,Altoe,Amanda Altoe,519,F35-39,Female,VILA VELHA,,Brazil,BR,1:00:33,4:57:19,3:30:45,0:04:55,0:02:40,9:36:11,3633,17839,12645,295,160,34571,220,19,3,307,34,4,233,14,1,220,19,3,Finisher,4906
Vicente,Raguzzoni,Vicente Raguzzoni,342,M30-34,Male,Canoas,BR-RS,Brazil,BR,1:01:40,4:59:32,3:27:17,0:04:42,0:03:01,9:36:12,3700,17972,12437,282,181,34572,221,202,24,377,341,41,264,247,35,221,202,24,Finisher,4380
Guilherme ,Bubolz Bohm ,Guilherme Bubolz Bohm,1217,M40-44,Male,Maceió ,AL,Brazil,BR,1:02:43,4:53:16,3:31:23,0:05:45,0:03:15,9:36:21,3763,17596,12683,345,195,34581,222,203,47,421,383,95,222,209,43,222,203,47,Finisher,3946
Felipe,Silva Alvarez,Felipe Silva Alvarez,1607,M45-49,Male,BRASILIA,DISTRITO FEDERAL,Brazil,BR,0:57:44,4:45:20,3:46:55,0:04:18,0:02:32,9:36:50,3464,17120,13615,258,152,34610,223,204,27,182,162,27,108,102,16,223,204,27,Finisher,4299
Daniel,Jorge Da Silva Monteiro De Freitas,Daniel Jorge Da Silva Monteiro De Freitas,754,M35-39,Male,Salvador,BA,Brazil,BR,0:55:09,4:56:50,3:35:18,0:06:20,0:03:23,9:36:59,3309,17810,12918,380,203,34619,224,205,53,104,90,14,184,172,40,224,205,53,Finisher,4147
Eduardo,Schwartzer,Eduardo Schwartzer,930,M40-44,Male,Porto Alegre,Rio Grande do Sul,Brazil,BR,0:59:52,4:48:07,3:38:00,0:06:25,0:04:42,9:37:05,3592,17287,13080,385,282,34625,225,206,48,268,240,55,159,150,32,225,206,48,Finisher,3937
IGOR,PERALTA PINHEIRO,IGOR PERALTA PINHEIRO,291,M30-34,Male,PORTO ALEGRE,RS,Brazil,BR,1:06:04,4:48:56,3:35:01,0:04:29,0:02:44,9:37:14,3964,17336,12901,269,164,34634,226,207,25,641,582,78,195,182,24,226,207,25,Finisher,4367
Bernardo,Kenny,Bernardo Kenny,1765,M50-54,Male,Belén de Escobar,AR-B,Argentina,AR,1:00:40,5:05:24,3:23:01,0:04:41,0:03:34,9:37:21,3640,18324,12181,281,214,34641,227,208,12,316,281,21,321,300,19,227,208,12,Finisher,4263
Juliano,Cortez Ribeiro,Juliano Cortez Ribeiro,1168,M40-44,Male,Campinas,SP,Brazil,BR,1:14:15,4:56:52,3:13:19,0:06:34,0:06:52,9:37:53,4455,17812,11599,394,412,34673,228,209,49,1246,1116,275,406,379,91,228,209,49,Finisher,3928
SEBASTIAN,CARELLA,SEBASTIAN CARELLA,1404,M45-49,Male,BUENOS AIRES,B,Argentina,AR,1:01:05,4:56:29,3:33:57,0:04:01,0:02:34,9:38:06,3665,17789,12837,241,154,34686,229,210,28,337,301,47,219,206,34,229,210,28,Finisher,4284
LEDESMA,ANDRES,LEDESMA ANDRES,1191,M40-44,Male,SANTIAGO DEL ESTERO,SANTIAGO DEL ESTERO,Argentina,AR,1:09:02,5:08:25,3:12:53,0:04:52,0:03:08,9:38:19,4142,18505,11573,292,188,34699,230,211,50,849,772,185,465,437,112,230,211,50,Finisher,3922
Vinicius,Roiek Niedziela,Vinicius Roiek Niedziela,112,M18-24,Male,Porto Uniao,SC,Brazil,BR,0:56:25,4:50:06,3:42:49,0:04:52,0:04:11,9:38:22,3385,17406,13369,292,251,34702,231,212,8,136,118,7,130,122,5,231,212,8,Finisher,4104
Rafael,Trevizan Pereira,Rafael Trevizan Pereira,783,M35-39,Male,Sorocaba,São Paulo,Brazil,BR,1:01:30,5:00:08,3:28:46,0:04:39,0:03:30,9:38:33,3690,18008,12526,279,210,34713,232,213,54,363,327,70,269,252,56,232,213,54,Finisher,4128
Romulo,Giovane Hagi,Romulo Giovane Hagi,684,M35-39,Male,,,Brazil,BR,0:56:42,5:01:57,3:31:27,0:05:04,0:03:35,9:38:46,3402,18117,12687,304,215,34726,233,214,55,147,128,21,242,228,48,233,214,55,Finisher,4125
Lucas Xavier,Leguizamon,Lucas Xavier Leguizamon,957,M40-44,Male,Escobar,Buenos aires,Argentina,AR,1:00:18,5:02:21,3:26:46,0:06:13,0:03:17,9:38:55,3618,18141,12406,373,197,34735,234,215,51,292,261,60,300,281,63,234,215,51,Finisher,3915
ANDRES,AMIONE,ANDRES AMIONE,1958,M50-54,Male,GRANADERO BAIGORRIA,SANTA,Argentina,AR,1:01:17,5:02:24,3:27:49,0:03:54,0:03:33,9:38:57,3677,18144,12469,234,213,34737,235,216,13,349,313,23,289,270,15,235,216,13,Finisher,4243
Kenned,Mitomari,Kenned Mitomari,1312,M40-44,Male,maceio,,Brazil,BR,0:56:57,4:49:23,3:44:21,0:05:18,0:03:13,9:39:11,3417,17363,13461,318,193,34751,236,217,52,155,135,25,131,123,24,236,217,52,Finisher,3912
PAULO,GONTIJO,PAULO GONTIJO,1400,M45-49,Male,BELO HORIZONTE,MG,Brazil,BR,1:09:00,4:47:07,3:33:07,0:05:14,0:04:47,9:39:15,4140,17227,12787,314,287,34755,237,218,29,846,769,144,214,201,31,237,218,29,Finisher,4270
BRUNO,CESAR PINTO NEGRUCCI,BRUNO CESAR PINTO NEGRUCCI,1523,M45-49,Male,LIMEIRA,SP,Brazil,BR,0:50:55,4:49:21,3:49:57,0:05:27,0:03:42,9:39:23,3055,17361,13797,327,222,34763,238,219,30,42,37,5,94,89,12,238,219,30,Finisher,4268
RAFAEL,FORMOLO,RAFAEL FORMOLO,826,M35-39,Male,Brasília,BR-DF,Brazil,BR,1:05:47,4:55:28,3:27:51,0:05:26,0:05:00,9:39:31,3947,17728,12471,326,300,34771,239,220,56,617,560,112,274,257,59,239,220,56,Finisher,4116
DIEGO,EDUARDO VIEIRA BRITO,DIEGO EDUARDO VIEIRA BRITO,729,M35-39,Male,FLORIANOPOLIS,SC,Brazil,BR,1:08:22,4:53:21,3:26:30,0:06:46,0:04:34,9:39:32,4102,17601,12390,406,274,34772,240,221,57,799,727,143,294,275,63,240,221,57,Finisher,4116
SAMUEL,BERTOLINO DOS SANTOS,SAMUEL BERTOLINO DOS SANTOS,1296,M40-44,Male,RIBEIRAO PRETO,BR-SP,Brazil,BR,0:57:18,4:55:50,3:34:48,0:07:31,0:04:17,9:39:43,3438,17750,12888,451,257,34783,241,222,53,165,145,28,205,192,39,241,222,53,Finisher,3906
Megan,Tuncer,Megan Tuncer,5016,FPRO,Female,Milwaukie,OR,United States,US,1:00:01,5:02:28,3:30:21,0:04:29,0:02:30,9:39:50,3601,18148,12621,269,150,34790,242,20,12,275,30,16,277,18,13,242,20,12,Finisher,4346
Hakanay,Queiroz,Hakanay Queiroz,1620,M45-49,Male,Goiânia,Goias,Brazil,BR,1:00:39,4:56:08,3:31:09,0:06:36,0:05:23,9:39:54,3639,17768,12669,396,323,34794,243,223,31,313,278,44,238,224,37,243,223,31,Finisher,4262
Matheus,Sampaio Paes,Matheus Sampaio Paes,646,M35-39,Male,Maringá,,Brazil,BR,1:00:24,5:10:05,3:19:57,0:07:09,0:02:25,9:40:00,3624,18605,11997,429,145,34800,244,224,58,295,264,58,403,376,88,244,224,58,Finisher,4111
MARCIO,RAMOS,MARCIO RAMOS,2030,M55-59,Male,FLORIANOPOLIS,SC,Brazil,BR,1:00:34,5:00:23,3:32:06,0:03:53,0:03:09,9:40:05,3634,18023,12726,233,189,34805,245,225,2,309,274,4,250,234,3,245,225,2,Finisher,4952
Leonardo,Tarantelli Viario,Leonardo Tarantelli Viario,989,M40-44,Male,Franca,São paulo,Brazil,BR,1:12:37,4:48:05,3:27:42,0:08:04,0:03:54,9:40:22,4357,17285,12462,484,234,34822,246,226,54,1135,1024,254,299,280,62,246,226,54,Finisher,3898
Diógenes ,Arruda Spósito Nonato,Diógenes Arruda Spósito Nonato,920,M40-44,Male,BRASILIA,DISTRITO FEDERAL,Brazil,BR,1:02:23,4:53:04,3:34:52,0:05:53,0:04:16,9:40:29,3743,17584,12892,353,256,34829,247,227,55,404,367,91,213,200,41,247,227,55,Finisher,3896
EDUARDO,FELIPE ESPINDOLA STUPP,EDUARDO FELIPE ESPINDOLA STUPP,608,M35-39,Male,NAVEGANTES,SC,Brazil,BR,1:01:49,5:08:24,3:21:32,0:05:52,0:02:57,9:40:34,3709,18504,12092,352,177,34834,248,228,59,383,347,75,387,363,83,248,228,59,Finisher,4104
Luiz Felipe ,Carvalho Matos ,Luiz Felipe Carvalho Matos,1530,M45-49,Male,Rio de Janeiro,,Brazil,BR,1:03:48,4:52:32,3:36:37,0:05:11,0:02:27,9:40:35,3828,17552,12997,311,147,34835,249,229,32,483,440,67,218,205,33,249,229,32,Finisher,4254
WILLIAM,CARLOS DA ROSA,WILLIAM CARLOS DA ROSA,956,M40-44,Male,RIBEIRAO PRETO,SP,Brazil,BR,1:09:15,4:59:43,3:23:05,0:05:59,0:03:09,9:41:12,4155,17983,12185,359,189,34872,250,230,56,865,785,189,374,350,85,250,230,56,Finisher,3888
Guillermo,Arauz,Guillermo Arauz,192,M25-29,Male,Curitiba,,Brazil,BR,1:06:03,4:42:46,3:45:22,0:04:57,0:02:30,9:41:38,3963,16966,13522,297,150,34898,251,231,15,638,579,37,152,143,8,251,231,15,Finisher,3932
Agustín,Cano Carpi,Agustín Cano Carpi,350,M30-34,Male,Santiago del Estero,Santiago Del Estero,Argentina,AR,1:18:58,4:44:21,3:27:50,0:06:10,0:04:24,9:41:41,4738,17061,12470,370,264,34901,252,232,26,1543,1358,159,308,288,38,252,232,26,Finisher,4314
Mauro,Campos Matos,Mauro Campos Matos,855,M35-39,Male,Tubarão,SC,Brazil,BR,0:59:11,5:00:59,3:32:27,0:05:44,0:03:25,9:41:46,3551,18059,12747,344,205,34906,253,233,60,238,212,46,265,248,55,253,233,60,Finisher,4089
Thiago,Fernandes Ramalho Tolentino,Thiago Fernandes Ramalho Tolentino,369,M30-34,Male,Mirassol,BR-SP,Brazil,BR,1:01:35,4:52:02,3:38:36,0:06:23,0:03:25,9:42:00,3695,17522,13116,383,205,34920,254,234,27,368,332,39,197,184,25,254,234,27,Finisher,4310
Jose,Ricardo Sotta,Jose Ricardo Sotta,1101,M40-44,Male,Araras,SP,Brazil,BR,1:10:20,5:07:12,3:12:57,0:05:16,0:06:18,9:42:03,4220,18432,11577,316,378,34923,255,235,57,943,854,209,474,446,114,255,235,57,Finisher,3878
Daniel,Ferraz de Campos Filho,Daniel Ferraz de Campos Filho,674,M35-39,Male,SAO PAULO,SP,Brazil,BR,1:01:49,5:03:58,3:27:31,0:05:28,0:03:22,9:42:08,3709,18238,12451,328,202,34928,256,236,61,382,346,74,334,312,71,256,236,61,Finisher,4085
Samuel,Fratta,Samuel Fratta,604,M35-39,Male,São Paulo,BR-BR-SP,Brazil,BR,1:09:14,4:51:50,3:28:51,0:06:28,0:05:45,9:42:08,4154,17510,12531,388,345,34928,257,237,62,864,784,154,287,268,61,257,237,62,Finisher,4085
Nicolas,Doti,Nicolas Doti,969,M40-44,Male,Moreno,AR-B,Argentina,AR,1:00:56,5:00:57,3:30:02,0:05:38,0:04:40,9:42:13,3656,18057,12602,338,280,34933,258,238,58,331,296,72,285,266,58,258,238,58,Finisher,3876
Lucas,Ataide Avelino,Lucas Ataide Avelino,424,M30-34,Male,Extrema,MG,Brazil,BR,1:03:35,5:02:06,3:29:42,0:04:23,0:02:47,9:42:33,3815,18126,12582,263,167,34953,259,239,28,468,425,55,317,296,39,259,239,28,Finisher,4303
Pedro,Luiz Cerize,Pedro Luiz Cerize,2085,M55-59,Male,São paulo,BR-SP,Brazil,BR,1:02:41,4:53:26,3:38:38,0:04:57,0:03:05,9:42:48,3761,17606,13118,297,185,34968,260,240,3,418,380,7,211,198,1,260,240,3,Finisher,4919
Juan Pablo,Herrera Villalain,Juan Pablo Herrera Villalain,1557,M45-49,Male,ESTEBAN ECHEVERRIA - CANNING,BUENOS AIRES,Argentina,AR,1:05:08,4:57:47,3:30:27,0:04:37,0:04:52,9:42:50,3908,17867,12627,277,292,34970,261,241,33,568,516,83,286,267,46,261,241,33,Finisher,4227
Matheus,Queiroz Ribeiro,Matheus Queiroz Ribeiro,178,M25-29,Male,Brasilia,DF,Brazil,BR,1:00:44,4:55:09,3:39:41,0:04:43,0:02:43,9:42:59,3644,17709,13181,283,163,34979,262,242,16,322,287,13,204,191,12,262,242,16,Finisher,3916
Wesley,Renan Ferreira,Wesley Renan Ferreira,964,M40-44,Male,,,Brazil,BR,1:10:36,4:55:36,3:27:36,0:06:33,0:02:41,9:43:02,4236,17736,12456,393,161,34982,263,243,59,963,873,213,349,327,75,263,243,59,Finisher,3866
Anderson,Cleiton Lenhardt,Anderson Cleiton Lenhardt,874,M35-39,Male,Bela Vista,MS,Brazil,BR,1:06:43,5:05:23,3:22:42,0:05:23,0:03:28,9:43:39,4003,18323,12162,323,208,35019,264,244,63,682,621,127,402,375,87,264,244,63,Finisher,4067
ADLER,PINHEIRO BRAGA,ADLER PINHEIRO BRAGA,693,M35-39,Male,ANANINDEUA,PA,Brazil,BR,1:01:34,5:08:02,3:26:10,0:04:17,0:03:38,9:43:41,3694,18482,12370,257,218,35021,265,245,64,367,331,71,363,339,78,265,245,64,Finisher,4066
Thiago,Ayala Melo Di Alencar,Thiago Ayala Melo Di Alencar,1450,M45-49,Male,Goiânia,Goiás,Brazil,BR,1:03:53,4:51:00,3:39:55,0:05:58,0:02:59,9:43:45,3833,17460,13195,358,179,35025,266,246,34,490,446,69,208,195,30,266,246,34,Finisher,4216
Denis,Moles Ximenes,Denis Moles Ximenes,808,M35-39,Male,Sao Paulo,SP,Brazil,BR,1:06:56,4:53:28,3:31:03,0:08:49,0:03:31,9:43:47,4016,17608,12663,529,211,35027,267,247,65,699,636,130,304,285,65,267,247,65,Finisher,4065
Diego,Urdampilleta,Diego Urdampilleta,1817,M50-54,Male,Mar del Plata,AR-B,Argentina,AR,0:56:40,4:54:29,3:43:05,0:05:20,0:04:41,9:44:14,3400,17669,13385,320,281,35054,268,248,14,145,126,8,176,165,6,268,248,14,Finisher,4180
Lucas,Brito Santos,Lucas Brito Santos,1204,M40-44,Male,Salvador,BA,Brazil,BR,1:12:18,5:06:46,3:09:15,0:12:13,0:03:48,9:44:21,4338,18406,11355,733,228,35061,269,249,60,1100,993,243,605,565,144,269,249,60,Finisher,3850
Alejo,Nipoti,Alejo Nipoti,389,M30-34,Male,San vicente,AR-B,Argentina,AR,0:57:18,5:10:15,3:29:09,0:04:20,0:03:36,9:44:38,3438,18615,12549,260,216,35078,270,250,29,166,146,15,340,318,43,270,250,29,Finisher,4278
Jonas,Da Silva Do Amaral,Jonas Da Silva Do Amaral,451,M30-34,Male,,,Brazil,BR,1:10:53,4:58:19,3:24:48,0:06:03,0:04:45,9:44:48,4253,17899,12288,363,285,35088,271,251,30,991,898,105,377,353,46,271,251,30,Finisher,4276
Leyviston,A Martins Reis,Leyviston A Martins Reis,618,M35-39,Male,Brasilia,DF,Brazil,BR,1:06:28,4:59:14,3:27:56,0:06:39,0:04:42,9:44:59,3988,17954,12476,399,282,35099,272,252,66,665,604,124,343,321,75,272,252,66,Finisher,4051
Lucas,Santana Nova Da Costa,Lucas Santana Nova Da Costa,890,M35-39,Male,Brasilia,BR-DF,Brazil,BR,1:06:15,5:00:39,3:27:20,0:07:17,0:03:29,9:44:59,3975,18039,12440,437,209,35099,273,253,67,648,587,117,366,342,79,273,253,67,Finisher,4051
Raphael,Rezende,Raphael Rezende,894,M35-39,Male,SAO PAULO,BR-SP,Brazil,BR,1:14:20,5:01:13,3:21:11,0:05:37,0:02:41,9:45:02,4460,18073,12071,337,161,35102,274,254,68,1250,1119,204,452,425,97,274,254,68,Finisher,4050
Abelardo,Ramos,Abelardo Ramos,1869,M50-54,Male,Petrolina,PERNAMBUCO,Brazil,BR,0:56:49,5:03:39,3:34:30,0:06:35,0:03:44,9:45:17,3409,18219,12870,395,224,35117,275,255,15,149,130,10,278,260,14,275,255,15,Finisher,4167
Vinicius,Posada,Vinicius Posada,457,M30-34,Male,São José,Santa Catarina,Brazil,BR,0:58:22,4:56:19,3:39:01,0:07:12,0:04:26,9:45:20,3502,17779,13141,432,266,35120,276,256,31,202,180,20,223,210,29,276,256,31,Finisher,4270
Rafael,Sampaio Geretto Pavan,Rafael Sampaio Geretto Pavan,1588,M45-49,Male,Ribeirao Preto,SP,Brazil,BR,0:55:05,5:03:23,3:36:36,0:06:13,0:04:03,9:45:20,3305,18203,12996,373,243,35120,277,257,35,103,89,18,249,233,38,277,257,35,Finisher,4197
Juan Pablo,Perez,Juan Pablo Perez,1055,M40-44,Male,Buenos Aires,Intl State,Argentina,AR,1:06:57,5:15:24,3:12:59,0:04:58,0:05:04,9:45:22,4017,18924,11579,298,304,35122,278,258,61,703,639,156,551,518,130,278,258,61,Finisher,3838
GABRIELA,FERREIRA,GABRIELA FERREIRA,548,F40-44,Female,UBERLANDIA,MG,Brazil,BR,1:05:53,5:03:49,3:29:21,0:04:02,0:02:24,9:45:28,3953,18229,12561,242,144,35128,279,21,3,621,58,10,361,24,3,279,21,3,Finisher,4551
Jeremias,Galilea,Jeremias Galilea,438,M30-34,Male,Caba,AR-C,Argentina,AR,0:51:18,4:48:04,3:55:33,0:06:02,0:04:34,9:45:31,3078,17284,14133,362,274,35131,280,259,32,45,40,2,93,88,9,280,259,32,Finisher,4268
Andre,Gewehr,Andre Gewehr,1057,M40-44,Male,GOIANIA,BR-GO,Brazil,BR,1:00:05,5:07:22,3:28:49,0:05:30,0:03:48,9:45:33,3605,18442,12529,330,228,35133,281,260,62,279,249,56,350,328,76,281,260,62,Finisher,3836
Ricardo,Koch,Ricardo Koch,1206,M40-44,Male,Sorocaba,SP,Brazil,BR,1:07:30,4:56:34,3:33:59,0:04:38,0:03:03,9:45:45,4050,17794,12839,278,183,35145,282,261,63,732,666,161,297,278,61,282,261,63,Finisher,3833
Joao,Werner,Joao Werner,711,M35-39,Male,São Paulo,BR-SP,Brazil,BR,1:12:25,4:59:29,3:19:24,0:10:59,0:03:33,9:45:50,4345,17969,11964,659,213,35150,283,262,69,1112,1003,187,477,449,103,283,262,69,Finisher,4041
Andellan,De Paula Santos,Andellan De Paula Santos,788,M35-39,Male,Natal,RIO GRANDE DO NORTE,Brazil,BR,1:10:12,5:06:15,3:18:53,0:06:21,0:04:28,9:46:10,4212,18375,11933,381,268,35170,284,263,70,933,844,167,475,447,102,284,263,70,Finisher,4037
BRENO,RESENDE,BRENO RESENDE,475,M30-34,Male,Ribeirão Preto,São Paulo,Brazil,BR,1:07:03,5:07:42,3:21:22,0:04:12,0:06:08,9:46:27,4023,18462,12082,252,368,35187,285,264,33,712,647,83,423,396,55,285,264,33,Finisher,4257
Guto,Bez Chleba ,Guto Bez Chleba,152,M25-29,Male,São Paulo,BR-SP,Brazil,BR,1:04:14,5:04:44,3:29:19,0:04:48,0:03:26,9:46:31,3854,18284,12559,288,206,35191,286,265,17,512,467,30,362,338,19,286,265,17,Finisher,3874
LUIS ,HENRIQUE DINIZ MOURA DA SILVA,LUIS HENRIQUE DINIZ MOURA DA SILVA,1229,M40-44,Male,São Paulo,São Paulo,Brazil,BR,0:59:42,4:58:07,3:40:04,0:04:43,0:04:00,9:46:36,3582,17887,13204,283,240,35196,287,266,64,258,230,52,229,216,46,287,266,64,Finisher,3823
Joel,Sosa,Joel Sosa,1124,M40-44,Male,montevideo,UY-MO,Uruguay,UY,1:10:02,4:52:43,3:34:44,0:05:11,0:03:57,9:46:37,4202,17563,12884,311,237,35197,288,267,65,926,838,203,291,272,60,288,267,65,Finisher,3823
Walter,Fernandez,Walter Fernandez,1927,M50-54,Male,Chascomus,AR-B,Argentina,AR,1:01:36,5:03:55,3:30:08,0:05:31,0:05:29,9:46:38,3696,18235,12608,331,329,35198,289,268,16,371,335,25,327,305,20,289,268,16,Finisher,4151
Rodrigo,Martins,Rodrigo Martins,395,M30-34,Male,Sãu Paulo,São Paulo,Brazil,BR,0:56:51,4:58:41,3:42:07,0:05:16,0:03:50,9:46:45,3411,17921,13327,316,230,35205,290,269,34,151,131,14,207,194,28,290,269,34,Finisher,4253
Jefferson,Neri De Melo,Jefferson Neri De Melo,822,M35-39,Male,fortaleza,,Brazil,BR,1:03:40,4:59:17,3:32:26,0:07:04,0:04:20,9:46:46,3820,17957,12746,424,260,35206,291,270,71,473,430,87,316,295,66,291,270,71,Finisher,4029
Paula,Zamboni,Paula Zamboni,1336,F45-49,Female,lausanne,,Brazil,BR,1:04:11,5:07:53,3:19:33,0:10:54,0:04:16,9:46:47,3851,18473,11973,654,256,35207,292,22,2,509,45,6,478,29,2,292,22,2,Finisher,4819
Thiago,Nobre Ribeiro,Thiago Nobre Ribeiro,965,M40-44,Male,Governador Valadares,MG,Brazil,BR,1:03:51,5:08:10,3:25:06,0:05:44,0:04:00,9:46:51,3831,18490,12306,344,240,35211,293,271,66,488,444,109,408,381,93,293,271,66,Finisher,3820
EDUARDO,BETEZEK MONTEIRO,EDUARDO BETEZEK MONTEIRO,622,M35-39,Male,CURITIBA,BR-PR,Brazil,BR,0:58:33,4:46:33,3:53:09,0:05:54,0:02:51,9:47:00,3513,17193,13989,354,171,35220,294,272,72,207,184,37,128,120,27,294,272,72,Finisher,4027
Jose,Luiz,Jose Luiz,127,M18-24,Male,Ribeirao Preto,SP,Brazil,BR,0:53:13,4:37:27,4:06:37,0:03:34,0:06:18,9:47:09,3193,16647,14797,214,378,35229,295,273,9,61,52,2,48,47,2,295,273,9,Finisher,3998
Sebastián,Gómez fiorucci,Sebastián Gómez fiorucci,893,M35-39,Male,Mar del plata,AR-B,Argentina,AR,0:58:04,5:01:29,3:39:11,0:05:25,0:03:02,9:47:12,3484,18089,13151,325,182,35232,296,274,73,194,173,32,251,235,51,296,274,73,Finisher,4024
Fernando,Gonzalez,Fernando Gonzalez,1761,M50-54,Male,Haedo,AR-B,Argentina,AR,1:14:12,5:04:35,3:17:30,0:08:01,0:03:13,9:47:31,4452,18275,11850,481,193,35251,297,275,17,1243,1114,117,542,509,38,297,275,17,Finisher,4141
Mikelle,Coelho,Mikelle Coelho,5013,FPRO,Female,Fortaleza,CE,Brazil,BR,0:59:13,5:26:58,3:16:02,0:03:31,0:02:12,9:47:55,3553,19618,11762,211,132,35275,298,23,13,239,27,15,579,38,16,298,23,13,Finisher,4249
Tiago,Barbosa Dutra,Tiago Barbosa Dutra,1186,M40-44,Male,Uberlandia,MG,Brazil,BR,1:12:19,5:01:41,3:22:42,0:06:09,0:05:12,9:48:03,4339,18101,12162,369,312,35283,299,276,67,1102,995,244,440,413,102,299,276,67,Finisher,3806
Leandro,Barbosa Junior,Leandro Barbosa Junior,1007,M40-44,Male,ITAJAI,BR-SC,Brazil,BR,0:58:38,5:07:49,3:32:49,0:04:44,0:04:11,9:48:10,3518,18469,12769,284,251,35290,300,277,68,213,189,41,331,309,72,300,277,68,Finisher,3804
Bruno,Mantovani,Bruno Mantovani,1305,M40-44,Male,Sorocaba,SP,Brazil,BR,1:12:58,5:16:18,3:08:55,0:07:11,0:03:08,9:48:31,4378,18978,11335,431,188,35311,301,278,69,1163,1050,257,696,648,170,301,278,69,Finisher,3800
Marcel,Melo,Marcel Melo,287,M30-34,Male,São Paulo,,Brazil,BR,1:04:28,4:52:52,3:43:13,0:05:26,0:02:31,9:48:31,3868,17572,13393,326,151,35311,302,279,35,529,482,62,232,219,30,302,279,35,Finisher,4232
Gabriel,Henrique Monteiro,Gabriel Henrique Monteiro,313,M30-34,Male,Santo André,,Brazil,BR,1:02:01,5:05:41,3:33:03,0:04:37,0:03:13,9:48:35,3721,18341,12783,277,193,35315,303,280,36,389,353,43,342,320,44,303,280,36,Finisher,4231
Raphael,Rossi De Matos,Raphael Rossi De Matos,841,M35-39,Male,São Paulo,SP,Brazil,BR,1:03:46,5:05:48,3:26:45,0:06:51,0:05:28,9:48:37,3826,18348,12405,411,328,35317,304,281,74,480,437,91,390,365,84,304,281,74,Finisher,4007
Lucas,Cáceres Parlatto,Lucas Cáceres Parlatto,952,M40-44,Male,Sorocaba,São Paulo,Brazil,BR,1:04:09,5:04:48,3:33:12,0:03:46,0:02:44,9:48:39,3849,18288,12792,226,164,35319,305,282,70,503,459,112,348,326,74,305,282,70,Finisher,3798
Sebastião,Monteiro de Souza Júnior ,Sebastião Monteiro de Souza Júnior,1333,M40-44,Male,Goiânia,BR-GO,Brazil,BR,0:54:58,5:06:04,3:39:47,0:03:59,0:04:21,9:49:09,3298,18364,13187,239,261,35349,306,283,71,102,88,13,252,236,52,306,283,71,Finisher,3792
Jonathan,Sant’anna Da Silva,Jonathan Sant’anna Da Silva,306,M30-34,Male,Campinas,São Paulo,Brazil,BR,0:57:35,5:05:58,3:35:04,0:08:12,0:02:36,9:49:24,3455,18358,12904,492,156,35364,307,284,37,178,158,18,339,317,42,307,284,37,Finisher,4221
Gilmar,Soares da Silva,Gilmar Soares da Silva,1791,M50-54,Male,barreiras,BA,Brazil,BR,1:08:43,5:05:26,3:22:15,0:08:39,0:04:21,9:49:25,4123,18326,12135,519,261,35365,308,285,18,829,752,64,476,448,29,308,285,18,Finisher,4118
Eduardo,Arzua,Eduardo Arzua,1036,M40-44,Male,,,Brazil,BR,1:05:04,5:07:55,3:25:55,0:07:23,0:03:07,9:49:26,3904,18475,12355,443,187,35366,309,286,72,563,511,129,442,415,104,309,286,72,Finisher,3789
Angelo,Altino Machado Filho,Angelo Altino Machado Filho,2063,M55-59,Male,Governador Valadares,MG,Brazil,BR,1:09:36,5:07:37,3:22:16,0:06:30,0:03:27,9:49:27,4176,18457,12136,390,207,35367,310,287,4,886,803,26,487,458,7,310,287,4,Finisher,4840
Pedro,Villaca Guimaraes Alcalde,Pedro Villaca Guimaraes Alcalde,725,M35-39,Male,Marilia,SP,Brazil,BR,0:57:11,5:07:26,3:37:37,0:04:16,0:03:18,9:49:48,3431,18446,13057,256,198,35388,311,288,75,161,141,23,301,282,64,311,288,75,Finisher,3993
SIDNEY,ASAM,SIDNEY ASAM,1550,M45-49,Male,São Paulo,BR-SP,Brazil,BR,0:57:04,4:57:21,3:48:38,0:03:55,0:02:57,9:49:55,3424,17841,13718,235,177,35395,312,289,36,157,137,23,185,173,26,312,289,36,Finisher,4142
Guilherme,De Freitas Sanchez,Guilherme De Freitas Sanchez,388,M30-34,Male,,,Brazil,BR,1:04:51,5:05:49,3:27:13,0:06:59,0:05:09,9:50:01,3891,18349,12433,419,309,35401,313,290,38,552,501,65,404,377,52,313,290,38,Finisher,4214
ezequiel,morales,ezequiel morales,1921,M50-54,Male,Niterói,RJ,Brazil,BR,0:57:36,4:56:47,3:46:02,0:04:46,0:04:53,9:50:05,3456,17807,13562,286,293,35405,314,291,19,179,159,12,192,179,9,314,291,19,Finisher,4110
Fabio,Vaz de lima,Fabio Vaz de lima,1233,M40-44,Male,Leme,BR-SP,Brazil,BR,0:58:02,5:01:34,3:42:34,0:04:06,0:03:52,9:50:09,3482,18094,13354,246,232,35409,315,292,73,191,170,35,241,227,51,315,292,73,Finisher,3780
MARCELO,QUINT DA SILVA,MARCELO QUINT DA SILVA,1504,M45-49,Male,SAO JOSE,SC,Brazil,BR,0:59:57,5:05:44,3:31:46,0:06:58,0:06:03,9:50:27,3597,18344,12706,418,363,35427,316,293,37,272,244,35,346,324,53,316,293,37,Finisher,4136
Rodrigo,Carrapeiro,Rodrigo Carrapeiro,1301,M40-44,Male,Porto Velho,RONDONIA,Brazil,BR,1:12:54,4:56:56,3:29:33,0:06:53,0:04:12,9:50:28,4374,17816,12573,413,252,35428,317,294,74,1153,1040,256,395,369,88,317,294,74,Finisher,3777
Nestor,Reis Neto,Nestor Reis Neto,1496,M45-49,Male,Salvador,BA,Brazil,BR,1:08:12,4:54:44,3:36:48,0:06:03,0:04:45,9:50:31,4092,17684,13008,363,285,35431,318,295,38,783,712,132,302,283,48,318,295,38,Finisher,4135
RODRIGO,GAIGA PAULINO,RODRIGO GAIGA PAULINO,1667,M45-49,Male,JI-PARANA,RO,Brazil,BR,1:10:59,5:01:56,3:26:46,0:06:39,0:04:28,9:50:48,4259,18116,12406,399,268,35448,319,296,39,998,905,171,430,403,66,319,296,39,Finisher,4131
DANILO,GONCALVES MOURA,DANILO GONCALVES MOURA,1311,M40-44,Male,OLINDA,PE,Brazil,BR,1:06:00,5:05:48,3:30:15,0:06:01,0:03:11,9:51:15,3960,18348,12615,361,191,35475,320,297,75,636,577,143,409,382,94,320,297,75,Finisher,3767
rodrigo,peiretti,rodrigo peiretti,803,M35-39,Male,Haedo,BUENOS AIRES,Argentina,AR,0:59:44,5:07:17,3:35:35,0:04:10,0:04:34,9:51:20,3584,18437,12935,250,274,35480,321,298,76,261,233,50,332,310,70,321,298,76,Finisher,3975
LEANDRO,POLO,LEANDRO POLO,722,M35-39,Male,BOTUCATU,BR-SP,Brazil,BR,1:11:48,4:53:53,3:36:16,0:06:48,0:02:38,9:51:23,4308,17633,12976,408,158,35483,322,299,77,1058,958,183,345,323,76,322,299,77,Finisher,3974
Dario Timoteo,Siqueira Neto,Dario Timoteo Siqueira Neto,198,M25-29,Male,Florianópolis ,SC,Brazil,BR,1:07:17,5:07:55,3:26:30,0:07:21,0:02:33,9:51:36,4037,18475,12390,441,153,35496,323,300,18,721,656,41,468,440,26,323,300,18,Finisher,3813
Anderson Ari,Coelho,Anderson Ari Coelho,1428,M45-49,Male,florianopolis,santa catarina,Brazil,BR,1:08:05,4:59:37,3:33:50,0:07:14,0:02:59,9:51:45,4085,17977,12830,434,179,35505,324,301,40,778,707,131,373,349,60,324,301,40,Finisher,4120
Leonardo Jun,Cervera Sei,Leonardo Jun Cervera Sei,140,M25-29,Male,Porto Alegre,Rio Grande do Sul,Brazil,BR,1:03:13,5:08:56,3:29:31,0:06:42,0:03:25,9:51:47,3793,18536,12571,402,205,35507,325,302,19,446,405,25,420,393,23,325,302,19,Finisher,3811
Federico,Chara Schmal,Federico Chara Schmal,649,M35-39,Male,Mendiolaza,Córdoba,Argentina,AR,1:00:30,5:31:10,3:11:01,0:04:53,0:04:23,9:51:57,3630,19870,11461,293,263,35517,326,303,78,302,269,59,698,650,135,326,303,78,Finisher,3967
Renan,Cidrao Pinto,Renan Cidrao Pinto,1053,M40-44,Male,Fortaleza,CE,Brazil,BR,1:05:11,4:58:50,3:39:14,0:05:35,0:03:08,9:51:59,3911,17930,13154,335,188,35519,327,304,76,573,521,132,310,289,64,327,304,76,Finisher,3758
David,Leite,David Leite,1170,M40-44,Male,Natal,Rio Grande do Norte,Brazil,BR,1:03:56,4:59:26,3:38:14,0:06:16,0:04:06,9:52:00,3836,17966,13094,376,246,35520,328,305,77,491,447,110,311,290,65,328,305,77,Finisher,3758
Gabriel,Dos Santos Naressi Soares,Gabriel Dos Santos Naressi Soares,355,M30-34,Male,Taubate,SP,Brazil,BR,1:03:15,5:05:47,3:30:06,0:09:12,0:03:53,9:52:12,3795,18347,12606,552,233,35532,329,306,39,447,406,48,414,387,53,329,306,39,Finisher,4188
Marco,Antonio Lins,Marco Antonio Lins,171,M25-29,Male,Recife,BR-PE,Brazil,BR,1:02:23,5:01:33,3:38:43,0:05:50,0:03:50,9:52:19,3743,18093,13123,350,230,35539,330,307,20,403,366,20,313,292,17,330,307,20,Finisher,3804
Marcelo,Barros,Marcelo Barros,1529,M45-49,Male,DOURADOS,MATO GROSSO DO SUL,Brazil,BR,1:08:35,4:58:38,3:36:44,0:05:49,0:02:43,9:52:29,4115,17918,13004,349,163,35549,331,308,41,817,741,139,355,332,55,331,308,41,Finisher,4111
Gabriel,Souza Bo,Gabriel Souza Bo,416,M30-34,Male,São Paulo,SP,Brazil,BR,1:04:18,5:17:31,3:18:59,0:05:54,0:05:51,9:52:32,3858,19051,11939,354,351,35552,332,309,40,515,470,60,558,524,70,332,309,40,Finisher,4184
Miguel,Sanches,Miguel Sanches,1202,M40-44,Male,Sorocaba,São paulo,Brazil,BR,0:57:16,4:43:34,4:05:13,0:03:51,0:02:47,9:52:40,3436,17014,14713,231,167,35560,333,310,78,163,143,27,86,81,14,333,310,78,Finisher,3750
Pedro,Lins,Pedro Lins,1135,M40-44,Male,Arapiraca,Alagoas,Brazil,BR,1:08:24,5:12:25,3:25:45,0:04:37,0:01:30,9:52:41,4104,18745,12345,277,90,35561,334,311,79,802,730,178,520,489,124,334,311,79,Finisher,3750
Thiago,Magalhaes De Aroeira Salles,Thiago Magalhaes De Aroeira Salles,132,M25-29,Male,,,Brazil,BR,1:02:06,5:02:23,3:34:49,0:07:09,0:06:15,9:52:43,3726,18143,12889,429,375,35563,335,312,21,392,356,18,337,315,18,335,312,21,Finisher,3799
Pedro D M De,Maia,Pedro D M De Maia,1216,M40-44,Male,Niterói,,Brazil,BR,0:56:02,4:43:38,4:05:14,0:03:57,0:04:02,9:52:54,3362,17018,14714,237,242,35574,336,313,80,127,111,19,80,75,12,336,313,80,Finisher,3747
Lucio,Rodrigo Soares Dos Santos,Lucio Rodrigo Soares Dos Santos,994,M40-44,Male,Curitiba,PR,Brazil,BR,0:57:55,4:57:59,3:47:11,0:05:22,0:04:33,9:53:00,3475,17879,13631,322,273,35580,337,314,81,186,165,33,212,199,40,337,314,81,Finisher,3746
Ronaldo,Tomaz Correa,Ronaldo Tomaz Correa,1939,M50-54,Male,Navegantes,SC,Brazil,BR,1:16:39,5:03:03,3:23:54,0:05:04,0:04:31,9:53:12,4599,18183,12234,304,271,35592,338,315,20,1415,1255,143,506,476,33,338,315,20,Finisher,4072
Maryannie,Ortega,Maryannie Ortega,5015,FPRO,Female,Rio de Janeiro,BR-RJ,Brazil,BR,0:51:36,5:08:54,3:44:09,0:03:57,0:04:37,9:53:13,3096,18534,13449,237,277,35593,339,24,14,47,7,7,247,16,12,339,24,14,Finisher,4186
Lucas,Ferreira De Oliveira,Lucas Ferreira De Oliveira,422,M30-34,Male,Santana do Livramento,Rio Grande do Sul,Brazil,BR,1:04:31,5:12:12,3:29:03,0:05:22,0:02:07,9:53:16,3871,18732,12543,322,127,35596,340,316,41,532,484,63,463,435,58,340,316,41,Finisher,4175
Sergio,Ayala,Sergio Ayala,1706,M45-49,Male,MALVINAS ARGENTINAS - VILLA DE M,AR-B,Argentina,AR,1:04:35,5:22:29,3:18:29,0:05:32,0:02:34,9:53:39,3875,19349,11909,332,154,35619,341,317,42,537,489,76,623,581,106,341,317,42,Finisher,4097
Rafael,Guerreiro,Rafael Guerreiro,465,M30-34,Male,Brasília ,Distrito federal,Brazil,BR,1:20:01,5:21:01,2:57:43,0:09:51,0:05:23,9:53:59,4801,19261,10663,591,323,35639,342,318,42,1594,1399,164,943,866,106,342,318,42,Finisher,4166
PAULO,ROBERTO DOS SANTOS,PAULO ROBERTO DOS SANTOS,691,M35-39,Male,FLORIANOPOLIS,Santa Catarina,Brazil,BR,1:12:48,4:57:06,3:34:15,0:05:58,0:03:54,9:54:02,4368,17826,12855,358,234,35642,343,319,79,1146,1034,194,384,360,82,343,319,79,Finisher,3942
Raissa,Menegon Formolo,Raissa Menegon Formolo,510,F35-39,Female,Brasília,BR-DF,Brazil,BR,1:04:20,5:07:02,3:33:38,0:04:52,0:04:14,9:54:06,3860,18422,12818,292,254,35646,344,25,4,517,46,7,389,25,4,344,25,4,Finisher,4691
Wenicius,Saraiva Monte,Wenicius Saraiva Monte,812,M35-39,Male,,,Brazil,BR,1:17:57,5:05:47,3:21:44,0:05:05,0:03:41,9:54:13,4677,18347,12104,305,221,35653,345,320,80,1489,1315,237,571,535,118,345,320,80,Finisher,3940
Guilherme,Dias Reis,Guilherme Dias Reis,333,M30-34,Male,Belo Horizonte,MG,Brazil,BR,0:59:09,4:58:55,3:46:20,0:06:26,0:03:28,9:54:17,3549,17935,13580,386,208,35657,346,321,43,236,210,25,248,232,32,346,321,43,Finisher,4163
Caio,Zagatti,Caio Zagatti,203,M25-29,Male,São Paulo,São Paulo,Brazil,BR,1:10:15,4:58:25,3:35:22,0:05:34,0:04:41,9:54:17,4215,17905,12922,334,281,35657,347,322,22,938,849,49,367,343,20,347,322,22,Finisher,3781
VANDERLEI,NATALIN BRITO JUNIOR,VANDERLEI NATALIN BRITO JUNIOR,635,M35-39,Male,CAMPINAS,SP,Brazil,BR,1:06:27,4:52:48,3:46:49,0:05:11,0:03:07,9:54:21,3987,17568,13609,311,187,35661,348,323,81,661,600,122,246,231,50,348,323,81,Finisher,3938
Aurelio,Porto Lima,Aurelio Porto Lima,359,M30-34,Male,Varginha,MG,Brazil,BR,1:08:23,5:05:42,3:28:59,0:06:26,0:05:00,9:54:29,4103,18342,12539,386,300,35669,349,324,44,801,729,89,445,418,56,349,324,44,Finisher,4160
Eduardo,Tolin,Eduardo Tolin,1425,M45-49,Male,Bragança Paulista,SP,Brazil,BR,1:00:54,5:08:48,3:35:04,0:05:42,0:04:28,9:54:56,3654,18528,12904,342,268,35696,350,325,43,329,294,46,380,356,62,350,325,43,Finisher,4082
FELIPE,CINTRA DE BARROS RIBEIRO CONRADO,FELIPE CINTRA DE BARROS RIBEIRO CONRADO,166,M25-29,Male,,,Brazil,BR,1:05:43,5:08:02,3:33:02,0:04:48,0:03:21,9:54:57,3943,18482,12782,288,201,35697,351,326,23,612,556,35,415,388,22,351,326,23,Finisher,3773
LUCAS,EZEQUIEL ARCE LENGE,LUCAS EZEQUIEL ARCE LENGE,207,M25-29,Male,BUENOS AIRES,B,Argentina,AR,1:01:15,5:00:05,3:41:59,0:07:16,0:04:32,9:55:07,3675,18005,13319,436,272,35707,352,327,24,345,309,15,296,277,16,352,327,24,Finisher,3771
Charles,Vigne,Charles Vigne,289,M30-34,Male,Porto Alegre,RS,Brazil,BR,1:09:47,4:58:07,3:32:28,0:08:18,0:06:38,9:55:19,4187,17887,12748,498,398,35719,353,328,45,903,818,99,388,364,48,353,328,45,Finisher,4150
Jorge,Cals Coelho Filho,Jorge Cals Coelho Filho,1622,M45-49,Male,Fortaleza,ceara,Brazil,BR,0:53:17,5:16:47,3:37:08,0:04:57,0:03:13,9:55:23,3197,19007,13028,297,193,35723,354,329,44,63,54,10,375,351,61,354,329,44,Finisher,4076
Gonzalo Martin,Straface,Gonzalo Martin Straface,1669,M45-49,Male,Buenos Aires,AR-C,Argentina,AR,1:09:49,5:20:20,3:15:41,0:06:30,0:03:06,9:55:26,4189,19220,11741,390,186,35726,355,330,45,909,824,156,703,655,118,355,330,45,Finisher,4076
Gustavo,Cavalcante De Albuquerque,Gustavo Cavalcante De Albuquerque,966,M40-44,Male,,,Brazil,BR,1:08:39,5:09:14,3:25:53,0:06:51,0:04:54,9:55:31,4119,18554,12353,411,294,35731,356,331,82,823,747,181,505,475,121,356,331,82,Finisher,3716
Guilherme,Avila,Guilherme Avila,925,M40-44,Male,São Paulo,,Brazil,BR,1:07:51,5:09:21,3:24:47,0:07:23,0:06:11,9:55:32,4071,18561,12287,443,371,35732,357,332,83,760,689,170,502,472,120,357,332,83,Finisher,3716
Lucas,Jose Guedes,Lucas Jose Guedes,445,M30-34,Male,São Carlos,SAO PAULO,Brazil,BR,0:59:08,5:05:29,3:42:57,0:04:44,0:03:17,9:55:36,3548,18329,13377,284,197,35736,358,333,46,234,208,24,306,286,37,358,333,46,Finisher,4147
Osvaldo Messias,Oliveira Junior,Osvaldo Messias Oliveira Junior,1766,M50-54,Male,São Paulo,SP,Brazil,BR,1:06:38,5:06:54,3:34:21,0:04:26,0:03:19,9:55:37,3998,18414,12861,266,199,35737,359,334,21,674,613,52,411,384,24,359,334,21,Finisher,4043
Diogo,Alves De Oliveira,Diogo Alves De Oliveira,1410,M45-49,Male,Sao Paulo,SP,Brazil,BR,1:17:07,5:07:32,3:21:04,0:06:36,0:03:22,9:55:41,4627,18452,12064,396,202,35741,360,335,46,1434,1272,244,604,564,101,360,335,46,Finisher,4073
Madson,Correia Maximo De Lima,Madson Correia Maximo De Lima,663,M35-39,Male,Maceio,AL,Brazil,BR,1:05:10,5:08:08,3:32:44,0:06:17,0:03:29,9:55:48,3910,18488,12764,377,209,35748,361,336,82,572,520,106,431,404,94,361,336,82,Finisher,3921
RAFAEL,PEREIRA RIBEIRO,RAFAEL PEREIRA RIBEIRO,1609,M45-49,Male,GOIANIA,GO,Brazil,BR,1:00:31,5:02:05,3:45:13,0:04:51,0:03:21,9:56:01,3631,18125,13513,291,201,35761,362,337,47,303,270,42,284,265,45,362,337,47,Finisher,4069
Alexandre,Birman,Alexandre Birman,2213,M50-54,Male,São Paulo,SP,Brazil,BR,0:54:44,4:56:49,3:53:44,0:06:13,0:04:34,9:56:03,3284,17809,14024,373,274,35763,363,338,22,98,84,4,182,170,8,363,338,22,Finisher,4038
Pedro,Renato Goncalves Filho,Pedro Renato Goncalves Filho,669,M35-39,Male,Rio Grande,RS,Brazil,BR,1:04:06,5:13:32,3:24:37,0:06:12,0:08:02,9:56:29,3846,18812,12277,372,482,35789,364,339,83,497,453,94,488,459,104,364,339,83,Finisher,3913
Eduardo,Almeida,Eduardo Almeida,138,M25-29,Male,Curitiba,Paraná,Brazil,BR,1:02:39,5:06:11,3:34:21,0:07:11,0:06:11,9:56:34,3759,18371,12861,431,371,35794,365,340,25,416,378,21,385,361,21,365,340,25,Finisher,3753
Mario,Roncaglia,Mario Roncaglia,1847,M50-54,Male,cañuelas,AR-B,Argentina,AR,1:14:35,4:54:08,3:39:14,0:05:12,0:03:47,9:56:55,4475,17648,13154,312,227,35815,366,341,23,1265,1131,120,364,340,21,366,341,23,Finisher,4028
LUIZ,APARECIDO RUELA DA SILVA ASSUNCAO,LUIZ APARECIDO RUELA DA SILVA ASSUNCAO,1655,M45-49,Male,ITAJAI,SC,Brazil,BR,1:06:44,5:01:32,3:40:12,0:05:18,0:03:31,9:57:18,4004,18092,13212,318,211,35838,367,342,48,683,622,105,360,337,57,367,342,48,Finisher,4053
Danilo,Soares Sobral,Danilo Soares Sobral,856,M35-39,Male,Estancia,SE,Brazil,BR,1:10:30,5:05:57,3:31:09,0:05:54,0:03:55,9:57:25,4230,18357,12669,354,235,35845,368,343,84,952,863,170,466,438,100,368,343,84,Finisher,3902
Daniel,Biaggio,Daniel Biaggio,1665,M45-49,Male,São Paulo,BR-SP,Brazil,BR,1:09:09,4:55:47,3:44:42,0:04:50,0:03:03,9:57:32,4149,17747,13482,290,183,35852,369,344,49,858,780,147,314,293,49,369,344,49,Finisher,4051
Arley,Anselmo Júnior,Arley Anselmo Júnior,1424,M45-49,Male,Florianopolis,SC,Brazil,BR,1:03:44,4:59:33,3:45:28,0:04:02,0:04:48,9:57:35,3824,17973,13528,242,288,35855,370,345,50,478,435,65,283,264,44,370,345,50,Finisher,4050
Tiago,Da Silva Frota,Tiago Da Silva Frota,809,M35-39,Male,Sao Paulo,SP,Brazil,BR,1:02:24,5:15:31,3:26:37,0:06:55,0:06:13,9:57:40,3744,18931,12397,415,373,35860,371,346,85,407,370,79,508,478,109,371,346,85,Finisher,3899
Francisco,Montenegro,Francisco Montenegro,1433,M45-49,Male,Tigre,AR-B,Argentina,AR,1:03:25,4:55:53,3:49:04,0:05:52,0:03:30,9:57:44,3805,17753,13744,352,210,35864,372,347,51,456,415,60,253,237,39,372,347,51,Finisher,4048
Larissa,Franca,Larissa Franca,504,F35-39,Female,PORTO ALEGRE,BR-RS,Brazil,BR,1:11:27,5:06:19,3:29:36,0:06:12,0:04:17,9:57:51,4287,18379,12576,372,257,35871,373,26,5,1026,99,18,492,30,6,373,26,5,Finisher,4646
luis maria,nassif,luis maria nassif,1454,M45-49,Male,Santiago del Estero,,Argentina,AR,1:07:02,4:59:07,3:40:36,0:04:50,0:06:16,9:57:51,4022,17947,13236,290,376,35871,374,348,52,710,645,111,325,304,50,374,348,52,Finisher,4047
MARCELO,MERZARI,MARCELO MERZARI,820,M35-39,Male,RIO DE JANEIRO,RJ,Brazil,BR,0:58:54,5:09:56,3:37:25,0:06:54,0:04:44,9:57:52,3534,18596,13045,414,284,35872,375,349,86,225,201,41,383,359,81,375,349,86,Finisher,3896
Paulo,Cezar Da Costa Leite,Paulo Cezar Da Costa Leite,2129,M60-64,Male,Presidente Prudente,SÃO PAULO,Brazil,BR,1:01:26,4:57:20,3:50:05,0:04:43,0:04:31,9:58:06,3686,17840,13805,283,271,35886,376,350,1,356,320,4,239,225,1,376,350,1,Finisher,5000
Bruno,Chacon Brandão,Bruno Chacon Brandão,1146,M40-44,Male,FORTALEZA,BR-CE,Brazil,BR,0:57:23,5:17:36,3:34:25,0:05:05,0:03:38,9:58:07,3443,19056,12865,305,218,35887,377,351,84,169,149,30,435,408,100,377,351,84,Finisher,3685
William,Fernando Garcia,William Fernando Garcia,904,M40-44,Male,Maringá,Paraná,Brazil,BR,1:00:38,4:55:26,3:52:01,0:05:55,0:04:08,9:58:08,3638,17726,13921,355,248,35888,378,352,85,312,277,66,224,211,44,378,352,85,Finisher,3685
JOSE,ADALBERTO MOURA CORDEIRO JUNIOR,JOSE ADALBERTO MOURA CORDEIRO JUNIOR,1011,M40-44,Male,RECIFE,PE,Brazil,BR,1:02:23,5:09:54,3:30:43,0:11:03,0:04:11,9:58:14,3743,18594,12643,663,251,35894,379,353,86,405,368,92,481,452,116,379,353,86,Finisher,3683
Lisandro,Sousa,Lisandro Sousa,1069,M40-44,Male,goiania,GO - Goiás,Brazil,BR,1:03:12,5:25:07,3:19:47,0:05:16,0:05:01,9:58:22,3792,19507,11987,316,301,35902,380,354,87,444,403,102,644,600,154,380,354,87,Finisher,3682
Marcus,Sanabria,Marcus Sanabria,1108,M40-44,Male,São Paulo,,Brazil,BR,0:58:10,5:11:02,3:38:50,0:06:24,0:04:26,9:58:50,3490,18662,13130,384,266,35930,381,355,88,199,178,38,382,358,87,381,355,88,Finisher,3676
Eduardo,Bublitz Anton,Eduardo Bublitz Anton,1021,M40-44,Male,Florianópolis,SC,Brazil,BR,1:02:56,5:02:21,3:41:44,0:07:06,0:04:45,9:58:53,3776,18141,13304,426,285,35933,382,356,89,431,393,98,344,322,73,382,356,89,Finisher,3676
Alex,Barros,Alex Barros,968,M40-44,Male,,,Brazil,BR,1:01:12,5:14:44,3:33:58,0:06:26,0:02:40,9:59:00,3672,18884,12838,386,160,35940,383,357,90,341,305,75,467,439,113,383,357,90,Finisher,3674
ALEX,FERNANDES SIRQUEIRA,ALEX FERNANDES SIRQUEIRA,903,M40-44,Male,SANTOS,SP,Brazil,BR,1:00:17,4:56:55,3:52:21,0:05:38,0:04:12,9:59:23,3617,17815,13941,338,252,35963,384,358,91,291,260,59,234,220,49,384,358,91,Finisher,3670
Daniel,Caeira Gomes,Daniel Caeira Gomes,164,M25-29,Male,Sao Goncalo,RJ,Brazil,BR,1:05:24,5:20:12,3:22:28,0:04:49,0:06:42,9:59:35,3924,19212,12148,289,402,35975,385,359,26,587,534,34,592,553,33,385,359,26,Finisher,3717
Antonio,Machado,Antonio Machado,284,M30-34,Male,Pelotas,,Brazil,BR,1:08:50,5:10:14,3:32:30,0:05:26,0:02:45,9:59:45,4130,18614,12750,326,165,35985,386,360,47,833,756,91,501,471,62,386,360,47,Finisher,4097
DOUGLAS,NEUMAR MENON,DOUGLAS NEUMAR MENON,1442,M45-49,Male,DOURADOS,MS,Brazil,BR,1:14:43,4:53:13,3:45:16,0:04:20,0:02:15,9:59:48,4483,17593,13516,260,135,35988,387,361,53,1278,1144,224,341,319,52,387,361,53,Finisher,4023
Jose,Miranda,Jose Miranda,1763,M50-54,Male,CORDOBA,AR-X,Argentina,AR,1:03:21,5:07:42,3:41:44,0:04:01,0:03:08,9:59:56,3801,18462,13304,241,188,35996,388,362,24,453,412,31,376,352,22,388,362,24,Finisher,3992
TATIANA,FIGUEIRA,TATIANA FIGUEIRA,512,F35-39,Female,BOTUCATU,SP,Brazil,BR,1:03:04,5:12:24,3:35:06,0:05:58,0:03:29,10:00:00,3784,18744,12906,358,209,36000,389,27,6,436,40,5,456,28,5,389,27,6,Finisher,4620
Guilherme,Teixeira,Guilherme Teixeira,1172,M40-44,Male,Campinas,São Paulo,Brazil,BR,1:12:24,5:01:41,3:33:17,0:06:25,0:06:14,10:00:00,4344,18101,12797,385,374,36000,390,363,92,1109,1002,248,444,417,105,390,363,92,Finisher,3662
Pedro,Sbroglio,Pedro Sbroglio,630,M35-39,Male,Porto Alegre,Rio Grande do Sul,Brazil,BR,1:05:25,5:08:24,3:34:25,0:07:01,0:04:50,10:00:06,3925,18504,12865,421,290,36006,391,364,87,590,537,110,447,420,96,391,364,87,Finisher,3869
Douglas,Massalai Lira,Douglas Massalai Lira,1050,M40-44,Male,Goiânia,Goiás,Brazil,BR,1:14:49,4:52:40,3:40:15,0:06:01,0:06:31,10:00:16,4489,17560,13215,361,391,36016,392,365,93,1288,1152,284,358,335,80,392,365,93,Finisher,3659
Guilherme,Rodrigues,Guilherme Rodrigues,777,M35-39,Male,Santa Barbara d'Oeste,São Paulo,Brazil,BR,1:17:27,5:03:28,3:30:51,0:05:10,0:03:24,10:00:19,4647,18208,12651,310,204,36019,393,366,88,1455,1289,234,533,501,112,393,366,88,Finisher,3867
Mariano,Galiano,Mariano Galiano,1854,M50-54,Male,Mataderos,AR-C,Argentina,AR,1:04:46,5:09:54,3:37:28,0:05:26,0:02:49,10:00:23,3886,18594,13048,326,169,36023,394,367,25,548,498,41,438,411,27,394,367,25,Finisher,3986
Carlos,Cardona,Carlos Cardona,1693,M45-49,Male,Rio negro,SORIANO,Uruguay,UY,1:15:31,4:52:51,3:43:42,0:04:40,0:03:44,10:00:27,4531,17571,13422,280,224,36027,395,368,54,1336,1192,232,354,331,54,395,368,54,Finisher,4016
Antonio,Moura,Antonio Moura,1564,M45-49,Male,Uberlândia,BR-MG,Brazil,BR,1:13:15,5:03:35,3:32:31,0:07:12,0:03:57,10:00:30,4395,18215,12751,432,237,36030,396,369,55,1181,1062,207,494,464,78,396,369,55,Finisher,4015
Andrada,Federico Agustin,Andrada Federico Agustin,356,M30-34,Male,Buenos Aires,B,Argentina,AR,1:01:30,5:19:47,3:31:02,0:04:48,0:03:23,10:00:31,3690,19187,12662,288,203,36031,397,370,48,365,329,38,534,502,67,397,370,48,Finisher,4088
LEONARDO,MARTINS TOKARSKI,LEONARDO MARTINS TOKARSKI,344,M30-34,Male,CURITIBA,PR,Brazil,BR,1:08:15,5:22:54,3:18:37,0:07:34,0:03:13,10:00:32,4095,19374,11917,454,193,36032,398,371,49,787,716,87,748,694,88,398,371,49,Finisher,4088
BRUNO,SALGADO VASCONCELLOS DE OLIVEIRA,BRUNO SALGADO VASCONCELLOS DE OLIVEIRA,1062,M40-44,Male,MANAUS,AM,Brazil,BR,1:12:37,4:57:44,3:40:36,0:06:42,0:03:04,10:00:42,4357,17864,13236,402,184,36042,399,372,94,1134,1023,253,397,371,89,399,372,94,Finisher,3654
Marcio,Aparecido Teixeira De Goes,Marcio Aparecido Teixeira De Goes,1794,M50-54,Male,Votorantim,SP,Brazil,BR,1:03:47,4:58:38,3:47:46,0:06:04,0:04:31,10:00:46,3827,17918,13666,364,271,36046,400,373,26,481,438,32,295,276,16,400,373,26,Finisher,3982
Wilson,Felix,Wilson Felix,1171,M40-44,Male,Aracaju,Sergipe,Brazil,BR,1:05:39,5:11:30,3:34:00,0:06:06,0:03:47,10:01:03,3939,18690,12840,366,227,36063,401,374,95,607,551,139,480,451,115,401,374,95,Finisher,3650
Paulo,Henrique Fernandes,Paulo Henrique Fernandes,1446,M45-49,Male,,,Brazil,BR,1:11:35,5:10:51,3:30:55,0:04:18,0:03:27,10:01:06,4295,18651,12655,258,207,36066,402,375,56,1039,939,181,540,507,85,402,375,56,Finisher,4008
Thiago,Taveira Da Silva,Thiago Taveira Da Silva,831,M35-39,Male,Sao Jose Dos Campos,SP,Brazil,BR,1:05:22,5:01:42,3:45:11,0:05:37,0:03:16,10:01:08,3922,18102,13511,337,196,36068,403,376,89,583,531,108,347,325,77,403,376,89,Finisher,3857
Federico,Pereyra De Negri,Federico Pereyra De Negri,487,M30-34,Male,Montevideo,,Uruguay,UY,1:06:16,5:22:02,3:22:28,0:06:02,0:04:33,10:01:22,3976,19322,12148,362,273,36082,404,377,50,650,589,80,657,612,82,404,377,50,Finisher,4078
ANANIAS,FILGUEIRA DE CARVALHO COSTA,ANANIAS FILGUEIRA DE CARVALHO COSTA,1414,M45-49,Male,MOSSORO,RN,Brazil,BR,0:59:48,4:57:46,3:54:32,0:03:51,0:05:28,10:01:25,3588,17866,14072,231,328,36085,405,378,57,263,235,33,215,202,32,405,378,57,Finisher,4004
Tarik,Capisani Buchabqui,Tarik Capisani Buchabqui,374,M30-34,Male,Porto Alegre,RS,Brazil,BR,1:12:36,5:06:43,3:33:52,0:06:25,0:02:50,10:02:28,4356,18403,12832,385,170,36148,406,379,51,1133,1022,119,524,493,64,406,379,51,Finisher,4064
Julio Cesar,Porto Rodrigues,Julio Cesar Porto Rodrigues,202,M25-29,Male,Sao Paulo,BR-SP,Brazil,BR,1:07:33,5:20:06,3:24:33,0:05:30,0:04:59,10:02:40,4053,19206,12273,330,299,36160,407,380,27,733,667,42,636,592,35,407,380,27,Finisher,3680
Victor,Assumpção,Victor Assumpção,351,M30-34,Male,Sao Paulo,SP,Brazil,BR,1:12:30,5:07:01,3:31:11,0:06:30,0:06:16,10:03:28,4350,18421,12671,390,376,36208,408,381,52,1123,1013,115,531,499,66,408,381,52,Finisher,4052
Tatiana,Gouw,Tatiana Gouw,509,F35-39,Female,Porto Alegre,BR-RS,Brazil,BR,1:09:13,5:15:58,3:28:46,0:06:44,0:02:50,10:03:31,4153,18958,12526,404,170,36211,409,28,7,860,79,11,612,41,8,409,28,7,Finisher,4578
DANIEL,BAENA,DANIEL BAENA,1715,M45-49,Male,SAO PAULO,SP,Brazil,BR,0:55:43,4:55:02,4:05:16,0:04:37,0:03:18,10:03:55,3343,17702,14716,277,198,36235,410,382,58,117,102,21,168,157,23,410,382,58,Finisher,3974
Daniel,Mathias,Daniel Mathias,1723,M45-49,Male,Florianópolis,Santa Catarina,Brazil,BR,1:05:07,5:09:45,3:40:08,0:04:53,0:04:02,10:03:55,3907,18585,13208,293,242,36235,411,383,59,565,513,81,433,406,68,411,383,59,Finisher,3974
Bernardo,Furtado,Bernardo Furtado,403,M30-34,Male,Curitiba,PR,Brazil,BR,1:17:40,5:05:51,3:30:28,0:06:39,0:03:27,10:04:04,4660,18351,12628,399,207,36244,412,384,53,1474,1305,150,587,548,72,412,384,53,Finisher,4045
JOHNNY,CALDAS,JOHNNY CALDAS,1881,M50-54,Male,SAO PAULO,SP,Brazil,BR,1:06:18,5:05:37,3:39:08,0:07:37,0:05:27,10:04:06,3978,18337,13148,457,327,36246,413,385,27,652,591,50,429,402,25,413,385,27,Finisher,3942
Isabella,Nakano Fabris,Isabella Nakano Fabris,259,F30-34,Female,São Paulo,BR-SP,Brazil,BR,1:00:33,5:07:23,3:48:46,0:05:03,0:02:24,10:04:09,3633,18443,13726,303,144,36249,414,29,2,308,35,3,352,23,1,414,29,2,Finisher,4648
Benjamin,Piccoli,Benjamin Piccoli,1066,M40-44,Male,Santa Clara del Mar,AR-B,Argentina,AR,0:53:50,5:11:37,3:50:17,0:05:27,0:03:20,10:04:32,3230,18697,13817,327,200,36272,415,386,96,79,67,8,324,303,69,415,386,96,Finisher,3608
PATRICIO,MOLINA,PATRICIO MOLINA,1568,M45-49,Male,CABA,CIUDAD AUTONOMA DE BUENOS AIRES,Argentina,AR,1:14:12,4:59:18,3:42:56,0:04:29,0:03:39,10:04:34,4452,17958,13376,269,219,36274,416,387,60,1242,1113,214,413,386,64,416,387,60,Finisher,3966
Rodrigo,Mahfuz,Rodrigo Mahfuz,982,M40-44,Male,São Paulo,BR-SP,Brazil,BR,1:02:50,4:59:12,3:47:47,0:09:05,0:05:52,10:04:46,3770,17952,13667,545,352,36286,417,388,97,426,388,97,330,308,71,417,388,97,Finisher,3605
JEFERSON,HASHIOKA,JEFERSON HASHIOKA,1237,M40-44,Male,SAO PAULO,SP,Brazil,BR,1:01:14,5:10:31,3:43:07,0:05:59,0:04:16,10:05:07,3674,18631,13387,359,256,36307,418,389,98,344,308,77,407,380,92,418,389,98,Finisher,3601
Bruno Geovani,Dellagnelo,Bruno Geovani Dellagnelo,650,M35-39,Male,Itapema,BR-SC,Brazil,BR,1:07:55,5:08:56,3:40:07,0:05:42,0:02:52,10:05:31,4075,18536,13207,342,172,36331,419,390,90,764,693,138,469,441,101,419,390,90,Finisher,3804
Marcelo,Falvo,Marcelo Falvo,1292,M40-44,Male,SAO PAULO,SP,Brazil,BR,1:06:27,5:08:31,3:39:07,0:06:27,0:05:00,10:05:33,3987,18511,13147,387,300,36333,420,391,99,662,601,146,455,428,109,420,391,99,Finisher,3596
Roberto,Roberto Santos Ferreira Filho,Roberto Roberto Santos Ferreira Filho,1025,M40-44,Male,teresina,PI,Brazil,BR,1:04:30,5:20:47,3:32:20,0:05:29,0:02:30,10:05:36,3870,19247,12740,329,150,36336,421,392,100,531,483,116,600,560,142,421,392,100,Finisher,3595
Alberto,Rene Weber,Alberto Rene Weber,1479,M45-49,Male,Cordoba,X,Argentina,AR,1:11:57,5:19:04,3:26:50,0:04:46,0:03:04,10:05:41,4317,19144,12410,286,184,36341,422,393,61,1072,969,192,683,636,113,422,393,61,Finisher,3953
Bruno,Sech Silva,Bruno Sech Silva,1125,M40-44,Male,CURITIBA,BR-PARANÁ,Brazil,BR,1:13:49,5:17:25,3:24:00,0:05:48,0:04:40,10:05:42,4429,19045,12240,348,280,36342,423,394,101,1216,1092,269,712,663,174,423,394,101,Finisher,3594
Julian Ezequiel,Paz,Julian Ezequiel Paz,714,M35-39,Male,Mar del plata,AR-B,Argentina,AR,1:04:27,5:15:13,3:35:12,0:06:47,0:04:16,10:05:56,3867,18913,12912,407,256,36356,424,395,91,527,480,102,536,504,113,424,395,91,Finisher,3799
Luciana,Vieira,Luciana Vieira,552,F40-44,Female,Rio de Janeiro,BR-BR-RJ,Brazil,BR,1:08:29,5:18:23,3:28:41,0:07:39,0:02:53,10:06:05,4109,19103,12521,459,173,36365,425,30,4,808,73,14,660,46,8,425,30,4,Finisher,4303
Cairo,Henrique Ferreira Borges,Cairo Henrique Ferreira Borges,1022,M40-44,Male,Uberlandia,MG,Brazil,BR,1:07:25,4:56:10,3:51:48,0:06:07,0:04:40,10:06:10,4045,17770,13908,367,280,36370,426,396,102,726,660,159,312,291,66,426,396,102,Finisher,3588
Guilherme,Vaz Massa,Guilherme Vaz Massa,331,M30-34,Male,Campinas,SP,Brazil,BR,1:01:29,5:08:55,3:47:24,0:04:56,0:03:29,10:06:12,3689,18535,13644,296,209,36372,427,397,54,360,324,37,378,354,47,427,397,54,Finisher,4020
Rodolfo,Ferraciolli Bezerra,Rodolfo Ferraciolli Bezerra,1256,M40-44,Male,Santana De Parnaiba,SP,Brazil,BR,0:59:18,5:16:50,3:38:28,0:04:59,0:06:40,10:06:15,3558,19010,13108,299,400,36375,428,398,103,242,215,47,450,423,106,428,398,103,Finisher,3587
Italo,Waxman Cunha Batista,Italo Waxman Cunha Batista,878,M35-39,Male,Aracaju,Sergipe,Brazil,BR,1:08:29,5:05:07,3:43:01,0:05:51,0:03:51,10:06:18,4109,18307,13381,351,231,36378,429,399,92,807,735,145,428,401,93,429,399,92,Finisher,3795
CARLOS,ALBERTO AUWERTER,CARLOS ALBERTO AUWERTER,2037,M55-59,Male,CURITIBA,PR,Brazil,BR,1:07:40,5:06:48,3:39:43,0:05:57,0:06:13,10:06:20,4060,18408,13183,357,373,36380,430,400,5,739,673,19,443,416,6,430,400,5,Finisher,4637
Bruno,Soares Barbosa,Bruno Soares Barbosa,799,M35-39,Male,SÃO PAULO,SAO PAULO,Brazil,BR,1:08:58,4:51:12,3:58:34,0:05:19,0:02:29,10:06:34,4138,17472,14314,319,149,36394,431,401,93,843,766,152,257,241,52,431,401,93,Finisher,3792
Matias,Cebrian,Matias Cebrian,949,M40-44,Male,Villa Ortúzar,CIUDAD AUTONOMA DE BUENOS AIRES,Argentina,AR,1:00:41,5:06:27,3:50:44,0:05:53,0:02:50,10:06:34,3641,18387,13844,353,170,36394,432,402,104,319,284,69,353,330,78,432,402,104,Finisher,3583
Mario,De Almeida Correa,Mario De Almeida Correa,818,M35-39,Male,Sao Paulo,SP,Brazil,BR,0:55:52,5:17:37,3:42:35,0:05:23,0:05:20,10:06:47,3352,19057,13355,323,320,36407,433,403,94,120,105,16,421,394,91,433,403,94,Finisher,3789
WAGNER,COSTA RESENDE FILHO,WAGNER COSTA RESENDE FILHO,1920,M50-54,Male,PALMAS,TO,Brazil,BR,1:10:53,5:10:58,3:30:55,0:07:09,0:06:57,10:06:53,4253,18658,12655,429,417,36413,434,404,28,989,896,81,573,537,39,434,404,28,Finisher,3908
Michell,Longhi,Michell Longhi,1700,M45-49,Male,CURITIBA,PR,Brazil,BR,1:09:37,5:15:15,3:29:21,0:07:27,0:05:15,10:06:55,4177,18915,12561,447,315,36415,435,405,62,887,804,152,617,575,105,435,405,62,Finisher,3938
Ariel,Teixeira Tarigo,Ariel Teixeira Tarigo,830,M35-39,Male,Vacaria,RS,Brazil,BR,1:15:05,5:08:55,3:27:30,0:08:49,0:06:55,10:07:14,4505,18535,12450,529,415,36434,436,406,95,1308,1166,208,633,590,124,436,406,95,Finisher,3784
Andre,Amaral De Oliveira Faria,Andre Amaral De Oliveira Faria,1694,M45-49,Male,São Paulo,BR-SP,Brazil,BR,1:07:12,5:07:58,3:37:44,0:07:29,0:07:02,10:07:26,4032,18478,13064,449,422,36446,437,407,63,719,654,114,470,442,72,437,407,63,Finisher,3932
Antonio,Andrade Junior,Antonio Andrade Junior,365,M30-34,Male,Florianópolis,Santa Catarina,Brazil,BR,1:08:52,5:12:15,3:33:38,0:09:04,0:03:36,10:07:26,4132,18735,12818,544,216,36446,438,408,55,834,757,92,588,549,73,438,408,55,Finisher,4005
Alan,Porciuncula,Alan Porciuncula,1185,M40-44,Male,Florianopolis,SC,Brazil,BR,1:09:04,5:08:37,3:39:15,0:06:15,0:04:15,10:07:26,4144,18517,13155,375,255,36446,439,409,105,851,774,186,491,462,117,439,409,105,Finisher,3573
Marcus,Vinicius Arataque Gomes Filho,Marcus Vinicius Arataque Gomes Filho,436,M30-34,Male,Aparecida De Goiania,GO,Brazil,BR,1:03:20,5:01:42,3:53:18,0:06:04,0:03:21,10:07:46,3800,18102,13998,364,201,36466,440,410,56,452,411,50,329,307,41,440,410,56,Finisher,4001
Nikolas,Duarte Nl Rosa,Nikolas Duarte Nl Rosa,1579,M45-49,Male,,,Brazil,BR,1:01:37,5:19:50,3:36:01,0:05:48,0:04:42,10:07:59,3697,19190,12961,348,282,36479,441,411,64,373,337,50,549,516,90,441,411,64,Finisher,3925
VINICIUS,FERREIRA BRITTO REGO,VINICIUS FERREIRA BRITTO REGO,1727,M45-49,Male,São Paulo,São Paulo,Brazil,BR,1:03:45,5:11:41,3:39:26,0:07:56,0:05:12,10:08:00,3825,18701,13166,476,312,36480,442,412,65,479,436,66,482,453,75,442,412,65,Finisher,3925
Bruno,Fontana Boff,Bruno Fontana Boff,488,M30-34,Male,veranopolis,,Brazil,BR,1:06:45,5:14:01,3:38:21,0:06:34,0:02:55,10:08:36,4005,18841,13101,394,175,36516,443,413,57,686,625,81,553,520,69,443,413,57,Finisher,3991
Fernando,Nassif,Fernando Nassif,1001,M40-44,Male,Curitiba,PR,Brazil,BR,1:04:35,5:02:11,3:49:25,0:07:31,0:05:03,10:08:45,3875,18131,13765,451,303,36525,444,414,106,538,490,120,369,345,83,444,414,106,Finisher,3557
Bruno,Rolim,Bruno Rolim,216,M25-29,Male,Sao Paulo,SP,Brazil,BR,1:02:54,5:18:01,3:35:28,0:06:53,0:05:46,10:09:01,3774,19081,12928,413,346,36541,445,415,28,430,392,23,559,525,31,445,415,28,Finisher,3604
Alvaro,Ferreira,Alvaro Ferreira,654,M35-39,Male,Houston,TX,Brazil,BR,0:57:35,5:13:23,3:46:36,0:07:50,0:04:13,10:09:37,3455,18803,13596,470,253,36577,446,416,96,176,156,28,418,391,90,446,416,96,Finisher,3755
Hernan,Isola,Hernan Isola,1569,M45-49,Male,san nicolas,AR-B,Argentina,AR,1:16:18,5:04:27,3:34:59,0:07:30,0:06:28,10:09:42,4578,18267,12899,450,388,36582,447,417,66,1394,1237,237,564,529,92,447,417,66,Finisher,3905
Larissa,Martins De Oliveira,Larissa Martins De Oliveira,269,F30-34,Female,Rio De Janeiro,RJ,Brazil,BR,0:52:01,5:32:12,3:34:23,0:08:01,0:03:35,10:10:11,3121,19932,12863,481,215,36611,448,31,3,50,8,1,615,42,3,448,31,3,Finisher,4575
Joao,Paulo Pinheiro Freire,Joao Paulo Pinheiro Freire,1679,M45-49,Male,Maceió,AL,Brazil,BR,1:24:10,4:59:55,3:36:15,0:06:47,0:03:09,10:10:16,5050,17995,12975,407,189,36616,449,418,67,1737,1515,287,601,561,100,449,418,67,Finisher,3898
MAURICIO,MOSKEN ESCUDERO,MAURICIO MOSKEN ESCUDERO,806,M35-39,Male,SOROCABA,SP,Brazil,BR,1:05:55,4:59:38,3:54:59,0:05:06,0:04:40,10:10:18,3955,17978,14099,306,280,36618,450,419,97,628,569,113,319,298,68,450,419,97,Finisher,3747
Daniel,Machado Lopes Ventura,Daniel Machado Lopes Ventura,690,M35-39,Male,Florianopolis,SC,Brazil,BR,1:04:15,5:02:48,3:54:33,0:04:29,0:04:18,10:10:24,3855,18168,14073,269,258,36624,451,420,98,514,469,98,336,314,73,451,420,98,Finisher,3746
Leonardo,Pinheiro Anzolin,Leonardo Pinheiro Anzolin,680,M35-39,Male,Florianópolis,SC,Brazil,BR,1:05:46,5:18:44,3:32:46,0:07:51,0:05:18,10:10:25,3946,19124,12766,471,318,36625,452,421,99,616,559,111,619,577,122,452,421,99,Finisher,3746
Tarcisio,Trivino De Oliveira,Tarcisio Trivino De Oliveira,1841,M50-54,Male,Sao Paulo,SP,Brazil,BR,1:00:59,5:13:23,3:35:02,0:12:00,0:09:10,10:10:33,3659,18803,12902,720,550,36633,453,422,29,333,298,22,535,503,37,453,422,29,Finisher,3864
Eduardo ,Gonçalves ,Eduardo Gonçalves,1692,M45-49,Male,Rio de Janeiro,BR-RJ,Brazil,BR,1:05:01,5:13:37,3:40:40,0:07:02,0:04:25,10:10:44,3901,18817,13240,422,265,36644,454,423,68,558,506,79,523,492,84,454,423,68,Finisher,3892
Gonzalo,Otero,Gonzalo Otero,887,M35-39,Male,Ciudad Del Plata,San José,Uruguay,UY,1:16:04,5:19:14,3:26:44,0:05:01,0:03:47,10:10:49,4564,19154,12404,301,227,36649,455,424,100,1373,1220,221,777,719,144,455,424,100,Finisher,3741
Gabriel,Carbone,Gabriel Carbone,139,M25-29,Male,,,Brazil,BR,0:59:25,5:18:40,3:44:29,0:05:18,0:03:07,10:11:00,3565,19120,13469,318,187,36660,456,425,29,247,220,11,483,454,28,456,425,29,Finisher,3580
Hernan,Lopez,Hernan Lopez,1861,M50-54,Male,San Vicente,Buenos Aires,Argentina,AR,1:12:55,5:23:43,3:25:35,0:05:08,0:03:40,10:11:01,4375,19423,12335,308,220,36661,457,426,30,1158,1045,101,805,744,59,457,426,30,Finisher,3859
Carolina,Da Silva Machado,Carolina Da Silva Machado,228,F25-29,Female,Porto Alegre,RS,Brazil,BR,1:10:00,5:25:03,3:25:05,0:06:47,0:04:11,10:11:06,4200,19503,12305,407,251,36666,458,32,2,924,88,6,806,62,4,458,32,2,Finisher,4457
Bruno,Hiroshi Kuae Neves,Bruno Hiroshi Kuae Neves,902,M40-44,Male,Campinas,Sao Paulo,Brazil,BR,0:58:04,5:06:08,3:52:51,0:08:46,0:05:41,10:11:29,3484,18368,13971,526,341,36689,459,427,107,193,172,36,351,329,77,459,427,107,Finisher,3524
GUSTAVO,ROLANDO PERRI,GUSTAVO ROLANDO PERRI,2100,M55-59,Male,BUENOS AIRES,B,Argentina,AR,1:00:25,5:29:18,3:30:58,0:06:53,0:04:12,10:11:46,3625,19758,12658,413,252,36706,460,428,6,297,266,3,701,653,15,460,428,6,Finisher,4572
Felippe,Goebel Klauberg,Felippe Goebel Klauberg,603,M35-39,Male,Rio do Sul,BR-SC,Brazil,BR,1:02:16,4:54:34,4:04:47,0:06:20,0:04:18,10:12:14,3736,17674,14687,380,258,36734,461,429,101,395,359,77,235,221,47,461,429,101,Finisher,3724
Tobias,Eduardo Schmitzhaus,Tobias Eduardo Schmitzhaus,761,M35-39,Male,Corumba,MS,Brazil,BR,1:06:25,5:20:17,3:30:49,0:11:15,0:03:43,10:12:29,3985,19217,12649,675,223,36749,462,430,102,659,598,121,729,677,141,462,430,102,Finisher,3721
Felipe,Sousa,Felipe Sousa,406,M30-34,Male,,,Brazil,BR,1:15:52,5:10:32,3:36:36,0:06:06,0:03:28,10:12:35,4552,18632,12996,366,208,36755,463,431,58,1359,1210,137,621,579,79,463,431,58,Finisher,3943
Rafael,Silva Lima,Rafael Silva Lima,988,M40-44,Male,São Paulo,SP,Brazil,BR,1:05:54,5:24:32,3:22:05,0:10:21,0:09:46,10:12:39,3954,19472,12125,621,586,36759,464,432,108,622,564,140,788,729,195,464,432,108,Finisher,3510
Everson,Mai,Everson Mai,828,M35-39,Male,Palhoça ,BR-SC,Brazil,BR,1:23:26,4:57:07,3:37:13,0:09:49,0:05:06,10:12:41,5006,17827,13033,589,306,36761,465,433,103,1717,1499,262,591,552,120,465,433,103,Finisher,3718
Vitor,Dias Souza Girao,Vitor Dias Souza Girao,1147,M40-44,Male,Fortaleza,Ceará,Brazil,BR,0:59:31,5:04:03,3:54:22,0:06:20,0:08:28,10:12:44,3571,18243,14062,380,508,36764,466,434,109,251,223,51,315,294,67,466,434,109,Finisher,3509
Antônio,Martins,Antônio Martins,1413,M45-49,Male,Parnamirim,Rio Grande do Norte,Brazil,BR,1:08:40,5:21:35,3:34:16,0:04:54,0:03:25,10:12:50,4120,19295,12856,294,205,36770,467,435,69,824,748,140,668,621,112,467,435,69,Finisher,3867
Cristian,Pereira,Cristian Pereira,1651,M45-49,Male,Niteroi,R J,Brazil,BR,1:04:40,5:19:47,3:33:01,0:09:29,0:05:57,10:12:54,3880,19187,12781,569,357,36774,468,436,70,541,492,77,651,607,110,468,436,70,Finisher,3866
RAFAELA,LOPES DE OLIVEIRA,RAFAELA LOPES DE OLIVEIRA,537,F40-44,Female,JUIZ DE FORA,MG,Brazil,BR,1:07:46,5:16:24,3:38:55,0:05:33,0:04:23,10:13:01,4066,18984,13135,333,263,36781,469,33,5,752,70,13,580,39,7,469,33,5,Finisher,4220
Leonardo,Martins,Leonardo Martins,169,M25-29,Male,Palhoça,Santa Catarina,Brazil,BR,1:13:13,5:03:10,3:47:07,0:05:23,0:04:19,10:13:11,4393,18190,13627,323,259,36791,470,437,30,1175,1059,59,459,431,25,470,437,30,Finisher,3554
Sebastian,Oller,Sebastian Oller,1893,M50-54,Male,mar del plata,AR-B,Argentina,AR,1:08:34,5:06:43,3:46:36,0:06:16,0:05:16,10:13:24,4114,18403,13596,376,316,36804,471,438,31,813,739,62,457,429,28,471,438,31,Finisher,3830
Odair,Jose Rigo,Odair Jose Rigo,1458,M45-49,Male,,,Brazil,BR,1:14:20,5:38:17,3:10:31,0:04:41,0:05:42,10:13:31,4460,20297,11431,281,342,36811,472,439,71,1249,1118,216,1046,951,182,472,439,71,Finisher,3859
Junior,Eckstein,Junior Eckstein,1190,M40-44,Male,florianopolis,SC,Brazil,BR,1:05:04,5:01:24,3:56:16,0:06:49,0:04:07,10:13:40,3904,18084,14176,409,247,36820,473,440,110,562,510,128,356,333,79,473,440,110,Finisher,3498
Otávio,Romano Neto,Otávio Romano Neto,1941,M50-54,Male,Araras,São Paulo,Brazil,BR,0:56:40,5:13:51,3:51:56,0:06:08,0:05:09,10:13:44,3400,18831,13916,368,309,36824,474,441,32,146,127,9,392,367,23,474,441,32,Finisher,3826
Samuel,Ferreira,Samuel Ferreira,752,M35-39,Male,FRANCA,SAO PAULO,Brazil,BR,0:58:37,5:07:51,3:51:47,0:09:59,0:05:50,10:14:04,3517,18471,13907,599,350,36844,475,442,104,212,188,38,391,366,85,475,442,104,Finisher,3702
Gabriel,Flantzer Novak,Gabriel Flantzer Novak,335,M30-34,Male,Curitiba,Paraná,Brazil,BR,0:57:34,5:12:57,3:53:38,0:06:12,0:03:46,10:14:06,3454,18777,14018,372,226,36846,476,443,59,175,155,17,394,368,49,476,443,59,Finisher,3925
RODRIGO,ULIANO MOSER DA SILVA,RODRIGO ULIANO MOSER DA SILVA,1304,M40-44,Male,PORTO ALEGRE,RS,Brazil,BR,1:06:16,5:07:42,3:49:45,0:04:57,0:05:27,10:14:06,3976,18462,13785,297,327,36846,477,444,111,649,588,145,422,395,97,477,444,111,Finisher,3493
Pablo ,Lattanzio ,Pablo Lattanzio,1481,M45-49,Male,San Lorenzo,AR-S,Argentina,AR,1:06:51,5:12:03,3:46:29,0:05:20,0:03:31,10:14:14,4011,18723,13589,320,211,36854,478,445,72,695,633,107,497,467,79,478,445,72,Finisher,3850
Felipe,Tortoreto,Felipe Tortoreto,980,M40-44,Male,Union,NJ,United States,US,1:16:18,5:17:20,3:31:21,0:06:21,0:03:14,10:14:34,4578,19040,12681,381,194,36874,479,446,112,1393,1236,300,773,715,193,479,446,112,Finisher,3487
Ariel,Paulo Marinoski,Ariel Paulo Marinoski,1486,M45-49,Male,,,Brazil,BR,1:06:24,5:08:12,3:51:32,0:05:32,0:02:59,10:14:40,3984,18492,13892,332,179,36880,480,447,73,658,597,99,439,412,69,480,447,73,Finisher,3845
JOSE,EDSON ALVES JUNIOR,JOSE EDSON ALVES JUNIOR,1688,M45-49,Male,MACEIO,AL,Brazil,BR,1:19:24,5:16:26,3:29:55,0:06:34,0:02:24,10:14:44,4764,18986,12595,394,144,36884,481,448,74,1564,1372,261,812,749,139,481,448,74,Finisher,3844
LUIS,ALBERTO OLMEDO,LUIS ALBERTO OLMEDO,1132,M40-44,Male,BUENOS AIRES,B,Argentina,AR,1:10:17,5:13:01,3:43:30,0:05:04,0:03:03,10:14:54,4217,18781,13410,304,183,36894,482,449,113,940,851,207,566,531,135,482,449,113,Finisher,3483
Gustavo,Ragner Fiorese,Gustavo Ragner Fiorese,1130,M40-44,Male,CAMPINAS,SP,Brazil,BR,1:10:25,5:17:19,3:39:41,0:04:59,0:02:52,10:15:16,4225,19039,13181,299,172,36916,483,450,114,945,856,210,630,588,149,483,450,114,Finisher,3479
FERNANDO,FONSECA DOS REIS,FERNANDO FONSECA DOS REIS,1511,M45-49,Male,VICOSA,MG,Brazil,BR,1:11:55,5:05:26,3:48:14,0:06:31,0:03:23,10:15:30,4315,18326,13694,391,203,36930,484,451,75,1069,966,190,490,461,77,484,451,75,Finisher,3835
Nicolas ,Riquelme,Nicolas Riquelme,181,M25-29,Male,Fernando de la Mora,Central,Paraguay,PY,1:04:38,5:22:59,3:35:47,0:06:44,0:05:36,10:15:44,3878,19379,12947,404,336,36944,485,452,31,540,491,32,658,613,36,485,452,31,Finisher,3523
Alexis,Carfantan,Alexis Carfantan,866,M35-39,Male,Curitiba,Parana,France,FR,1:02:21,5:19:22,3:44:54,0:05:34,0:03:38,10:15:49,3741,19162,13494,334,218,36949,486,453,105,400,364,78,550,517,115,486,453,105,Finisher,3681
Bruno,Bussade Muniz,Bruno Bussade Muniz,1519,M45-49,Male,,,Brazil,BR,1:03:30,5:18:43,3:36:55,0:12:01,0:04:48,10:15:56,3810,19123,13015,721,288,36956,487,454,76,461,420,62,654,610,111,487,454,76,Finisher,3830
Scott,Van Der Spek,Scott Van Der Spek,157,M25-29,Male,Holambra,São Paulo,Brazil,BR,1:02:04,5:29:25,3:34:12,0:06:29,0:03:49,10:15:59,3724,19765,12852,389,229,36959,488,455,32,391,355,17,730,678,39,488,455,32,Finisher,3520
ALAN,CANTALABIO COSTA,ALAN CANTALABIO COSTA,867,M35-39,Male,SOROCABA,SP,Brazil,BR,1:12:46,5:10:03,3:44:07,0:06:27,0:02:37,10:16:00,4366,18603,13447,387,157,36960,489,456,106,1143,1032,193,575,538,119,489,456,106,Finisher,3679
ADRIAN,PUGLIESE,ADRIAN PUGLIESE,2054,M55-59,Male,BUENOS AIRES,B,Argentina,AR,1:12:07,5:23:50,3:31:31,0:05:47,0:02:53,10:16:07,4327,19430,12691,347,173,36967,490,457,7,1086,981,33,803,742,20,490,457,7,Finisher,4520
Alisson,Willian Cubas,Alisson Willian Cubas,456,M30-34,Male,Curitiba,PR,Brazil,BR,1:18:31,5:10:55,3:35:41,0:06:15,0:04:48,10:16:10,4711,18655,12941,375,288,36970,491,458,60,1514,1333,156,681,634,85,491,458,60,Finisher,3900
Rômulo,Simas,Rômulo Simas,1668,M45-49,Male,Florianopolis,BR-SC,Brazil,BR,1:14:54,5:17:39,3:32:19,0:06:54,0:04:27,10:16:13,4494,19059,12739,414,267,36973,492,459,77,1296,1157,225,765,707,130,492,459,77,Finisher,3826
Fabio,Kaczynski,Fabio Kaczynski,1525,M45-49,Male,SOROCABA,SP,Brazil,BR,1:15:02,5:02:16,3:48:49,0:06:22,0:03:47,10:16:16,4502,18136,13729,382,227,36976,493,460,78,1302,1161,227,486,457,76,493,460,78,Finisher,3826
Bruno,Godoy Borgonovi,Bruno Godoy Borgonovi,209,M25-29,Male,Sao Paulo,SP,Brazil,BR,1:11:28,5:22:38,3:30:52,0:05:52,0:05:40,10:16:30,4288,19358,12652,352,340,36990,494,461,33,1027,928,51,772,714,41,494,461,33,Finisher,3514
Andrey,Dea,Andrey Dea,1573,M45-49,Male,CURITIBA,Paraná,Brazil,BR,1:04:45,5:16:43,3:44:46,0:05:36,0:04:45,10:16:35,3885,19003,13486,336,285,36995,495,462,79,546,496,78,545,512,87,495,462,79,Finisher,3822
Pablo,Triolo,Pablo Triolo,2035,M55-59,Male,HAEDO,BUENOS AIRES,Argentina,AR,0:57:35,5:05:44,4:03:28,0:04:57,0:04:56,10:16:40,3455,18344,14608,297,296,37000,496,463,8,177,157,1,293,274,4,496,463,8,Finisher,4513
RICARDO,BRANDT,RICARDO BRANDT,1456,M45-49,Male,MARECHAL CANDIDO RONDON,PR,Brazil,BR,1:07:44,5:19:58,3:38:26,0:06:09,0:04:23,10:16:41,4064,19198,13106,369,263,37001,497,464,80,750,681,121,650,606,109,497,464,80,Finisher,3821
Felipe,Maciel Soares Da Cunha,Felipe Maciel Soares Da Cunha,1176,M40-44,Male,Rio De Janeiro,RJ,Brazil,BR,0:55:26,5:17:16,3:54:16,0:05:16,0:04:29,10:16:43,3326,19036,14056,316,269,37003,498,465,115,109,95,14,412,385,95,498,465,115,Finisher,3462
Victor,Schilling,Victor Schilling,1200,M40-44,Male,São paulo,BR-BR-SP,Brazil,BR,1:09:13,5:22:08,3:34:03,0:06:51,0:04:32,10:16:47,4153,19328,12843,411,272,37007,499,466,116,863,783,188,735,683,179,499,466,116,Finisher,3461
Aline,Ternus Do Amaral,Aline Ternus Do Amaral,1364,F45-49,Female,Porto Alegre,RS,Brazil,BR,1:02:30,5:16:13,3:45:34,0:08:00,0:04:38,10:16:56,3750,18973,13534,480,278,37016,500,34,3,409,38,3,539,33,4,500,34,3,Finisher,4457
Rafael,Frison,Rafael Frison,709,M35-39,Male,São Paulo,SAO PAULO,Brazil,BR,1:01:11,5:00:30,4:00:16,0:09:59,0:05:00,10:16:57,3671,18030,14416,599,300,37017,501,467,107,340,304,64,338,316,74,501,467,107,Finisher,3667
Matheus,Barra,Matheus Barra,726,M35-39,Male,Belo Horozonte,MG,Brazil,BR,1:09:39,4:58:22,3:52:40,0:11:10,0:05:07,10:16:58,4179,17902,13960,670,307,37018,502,468,108,889,806,160,425,398,92,502,468,108,Finisher,3667
ELTON,SANCHES,ELTON SANCHES,875,M35-39,Male,CAMPINAS,SP,Brazil,BR,1:08:47,5:10:34,3:47:46,0:06:05,0:03:45,10:16:58,4127,18634,13666,365,225,37018,503,469,109,832,755,149,519,488,110,503,469,109,Finisher,3667
Gustavo,Brentzel Askinis,Gustavo Brentzel Askinis,2198,M30-34,Male,São Paulo,São Paulo,Brazil,BR,1:10:45,4:56:53,3:59:02,0:05:57,0:04:26,10:17:02,4245,17813,14342,357,266,37022,504,470,61,974,882,104,359,336,45,504,470,61,Finisher,3890
Hilbert,Mondragon,Hilbert Mondragon,1421,M45-49,Male,Porto Alegre,RIO GRANDE DO SUL,Brazil,BR,1:01:46,5:08:00,3:53:57,0:08:05,0:05:26,10:17:15,3706,18480,14037,485,326,37035,505,471,81,380,344,51,410,383,63,505,471,81,Finisher,3814
Pablo,Dos Santos Ribeiro,Pablo Dos Santos Ribeiro,713,M35-39,Male,Nova Friburgo,BR-RJ,Brazil,BR,1:13:23,4:50:47,4:01:34,0:07:17,0:04:27,10:17:28,4403,17447,14494,437,267,37048,506,472,110,1189,1068,199,335,313,72,506,472,110,Finisher,3661
Valtuir,Carlos Neves Junior,Valtuir Carlos Neves Junior,868,M35-39,Male,Florianopolis,SC,Brazil,BR,1:03:41,5:13:33,3:51:54,0:04:49,0:03:44,10:17:41,3821,18813,13914,289,224,37061,507,473,111,475,432,88,462,434,99,507,473,111,Finisher,3658
Cecilia ,Rubianes ,Cecilia Rubianes,1368,F45-49,Female,san nicolas,,Argentina,AR,1:13:33,5:22:28,3:33:36,0:05:37,0:02:35,10:17:49,4413,19348,12816,337,155,37069,508,35,4,1198,122,21,801,61,14,508,35,4,Finisher,4447
Vinícius,Pereira,Vinícius Pereira,736,M35-39,Male,São Paulo,SP,Brazil,BR,1:09:45,5:07:04,3:53:46,0:04:48,0:02:29,10:17:51,4185,18424,14026,288,149,37071,509,474,112,896,811,161,458,430,98,509,474,112,Finisher,3656
Murilo,Donega De Mattos,Murilo Donega De Mattos,418,M30-34,Male,Sao Paulo,SP,Brazil,BR,0:56:28,5:16:33,3:54:37,0:05:42,0:04:34,10:17:55,3388,18993,14077,342,274,37075,510,475,62,139,121,13,417,390,54,510,475,62,Finisher,3879
Lucas,Hage Chahine Assumpcao,Lucas Hage Chahine Assumpcao,881,M35-39,Male,Montevideo,UY-MO,Brazil,BR,1:04:42,5:16:22,3:47:39,0:06:18,0:02:59,10:18:00,3882,18982,13659,378,179,37080,511,476,113,543,494,103,554,521,116,511,476,113,Finisher,3655
Hélio,Macedo,Hélio Macedo,1471,M45-49,Male,Resende,BR-RJ,Brazil,BR,0:58:34,5:07:18,4:03:16,0:05:22,0:03:32,10:18:03,3514,18438,14596,322,212,37083,512,477,82,210,186,29,333,311,51,512,477,82,Finisher,3804
Evandro,Cordeiro,Evandro Cordeiro,1181,M40-44,Male,Cascavel,Paraná,Brazil,BR,1:02:11,5:16:46,3:49:15,0:07:33,0:02:34,10:18:19,3731,19006,13755,453,154,37099,513,478,117,393,357,88,537,505,127,513,478,117,Finisher,3442
Victor,Han,Victor Han,1092,M40-44,Male,Natal,,Brazil,BR,1:04:33,5:14:04,3:48:29,0:06:29,0:04:55,10:18:29,3873,18844,13709,389,295,37109,514,479,118,534,486,118,512,482,122,514,479,118,Finisher,3440
LUCAS,SIMOES PINTO,LUCAS SIMOES PINTO,357,M30-34,Male,RIO DE JANEIRO,RJ,Brazil,BR,1:05:08,5:23:27,3:41:34,0:05:35,0:02:51,10:18:35,3908,19407,13294,335,171,37115,515,480,63,569,517,67,653,609,81,515,480,63,Finisher,3871
Mayco,Abbad,Mayco Abbad,811,M35-39,Male,Ribeirão Preto,São Paulo,Brazil,BR,1:12:35,5:05:33,3:49:33,0:06:41,0:04:22,10:18:45,4355,18333,13773,401,262,37125,516,481,114,1132,1021,191,507,477,108,516,481,114,Finisher,3646
Diogo,Lacerda Rupniewski,Diogo Lacerda Rupniewski,880,M35-39,Male,Sao Jose,SC,Brazil,BR,1:06:28,5:19:35,3:39:27,0:06:22,0:06:54,10:18:46,3988,19175,13167,382,414,37126,517,482,115,664,603,123,620,578,123,517,482,115,Finisher,3645
Vanessa,Raposo,Vanessa Raposo,1352,F45-49,Female,Sao Paulo,SP,Brazil,BR,1:15:32,5:15:58,3:38:26,0:06:00,0:02:59,10:18:56,4532,18958,13106,360,179,37136,518,36,5,1338,145,28,723,52,10,518,36,5,Finisher,4433
Camila,Alejandra Valdez Carreno,Camila Alejandra Valdez Carreno,225,F18-24,Female,Manaus,AM,Venezuela,VE,0:53:28,5:52:54,3:24:48,0:05:05,0:02:42,10:18:58,3208,21174,12288,305,162,37138,519,37,1,72,11,1,950,80,4,519,37,1,Finisher,5000
Giovanni,Junqueira Garotti,Giovanni Junqueira Garotti,118,M18-24,Male,MIAMI,FL,Brazil,BR,1:12:10,4:56:29,3:56:46,0:07:24,0:06:15,10:19:05,4330,17789,14206,444,375,37145,520,483,10,1090,984,19,386,362,11,520,483,10,Finisher,3615
Ezequiel,Saccone,Ezequiel Saccone,1334,M40-44,Male,San Francisco,AR-X,Argentina,AR,1:02:13,5:13:36,3:55:02,0:05:31,0:02:56,10:19:18,3733,18816,14102,331,176,37158,521,484,119,394,358,89,454,427,108,521,484,119,Finisher,3431
Pablo,Negri,Pablo Negri,1635,M45-49,Male,Mar del plata,AR-B,Argentina,AR,0:50:35,5:09:52,4:08:07,0:05:44,0:05:01,10:19:19,3035,18592,14887,344,301,37159,522,485,83,37,32,4,268,251,41,522,485,83,Finisher,3789
MARCELO,EDUARDO RUIZ,MARCELO EDUARDO RUIZ,1786,M50-54,Male,BUENOS AIRES,BUENOS AIRES,Argentina,AR,1:09:00,5:09:46,3:49:34,0:05:23,0:05:38,10:19:21,4140,18586,13774,323,338,37161,523,486,33,844,767,69,496,466,31,523,486,33,Finisher,3759
cezar,machado,cezar machado,1423,M45-49,Male,curitiba,BR-PR,Brazil,BR,1:10:47,5:02:31,3:52:59,0:05:45,0:07:39,10:19:41,4247,18151,13979,345,459,37181,524,487,84,979,887,168,424,397,65,524,487,84,Finisher,3785
Hermano ,Bezerra ,Hermano Bezerra,1455,M45-49,Male,Fortaleza ,Ceara ,Brazil,BR,1:26:37,5:28:38,3:04:03,0:13:38,0:06:53,10:19:49,5197,19718,11043,818,413,37189,525,488,85,1793,1565,297,1221,1107,222,525,488,85,Finisher,3783
German,Cabos,German Cabos,2105,M55-59,Male,rosario,Intl State,Argentina,AR,1:23:13,5:10:01,3:34:07,0:07:13,0:05:15,10:19:49,4993,18601,12847,433,315,37189,526,489,9,1706,1488,63,783,724,19,526,489,9,Finisher,4475
Federico,Christen,Federico Christen,2071,M55-59,Male,Munro,AR-B,Argentina,AR,1:09:03,5:25:54,3:37:52,0:04:27,0:02:35,10:19:49,4143,19554,13072,267,155,37189,527,490,10,850,773,24,763,705,17,527,490,10,Finisher,4475
Andrei,Achcar Albuquerque Maranhão,Andrei Achcar Albuquerque Maranhão,1261,M40-44,Male,Brasilia,Distrito Federal,Brazil,BR,1:03:25,5:18:24,3:47:55,0:05:14,0:05:04,10:20:02,3805,19104,13675,314,304,37202,528,491,120,457,416,105,544,511,129,528,491,120,Finisher,3422
Arino,Bressan Neto,Arino Bressan Neto,797,M35-39,Male,Tubarao,SC,Brazil,BR,1:16:47,5:21:41,3:31:26,0:05:41,0:04:29,10:20:03,4607,19301,12686,341,269,37203,529,492,116,1419,1258,226,830,764,151,529,492,116,Finisher,3630
Jorge,Bukalil,Jorge Bukalil,2017,M55-59,Male,Santos,SP,Brazil,BR,1:11:48,5:11:40,3:46:03,0:06:52,0:03:47,10:20:10,4308,18700,13563,412,227,37210,530,493,11,1057,957,32,590,551,9,530,493,11,Finisher,4471
Ismael,Elvis De Pontes,Ismael Elvis De Pontes,310,M30-34,Male,Parnamirim,RN,Brazil,BR,1:03:27,4:56:47,4:08:24,0:06:51,0:04:45,10:20:13,3807,17807,14904,411,285,37213,531,494,64,459,418,53,279,261,36,531,494,64,Finisher,3851
Breno,Cardoso,Breno Cardoso,478,M30-34,Male,Caratinga,Minas Gerais,Brazil,BR,1:09:02,5:11:14,3:49:49,0:06:55,0:03:21,10:20:20,4142,18674,13789,415,201,37220,532,495,65,847,770,93,547,514,68,532,495,65,Finisher,3850
Connor,Jewell,Connor Jewell,114,M18-24,Male,Toronto,ON,Canada,CA,1:00:41,5:12:31,3:57:59,0:05:38,0:03:36,10:20:25,3641,18751,14279,338,216,37225,533,496,11,318,283,10,419,392,12,533,496,11,Finisher,3599
Fabio,Vieira,Fabio Vieira,1590,M45-49,Male,São Paulo,São Paulo,Brazil,BR,1:09:16,5:11:35,3:48:10,0:06:00,0:05:29,10:20:29,4156,18695,13690,360,329,37229,534,497,86,866,786,149,543,510,86,534,497,86,Finisher,3775
Michel,Klaumann,Michel Klaumann,417,M30-34,Male,Tubarao,SC,Brazil,BR,1:01:57,4:40:13,4:25:25,0:05:36,0:07:21,10:20:33,3717,16813,15925,336,441,37233,535,498,66,385,349,42,111,105,11,535,498,66,Finisher,3847
Nastassia,Vieira Almeida Da Silva,Nastassia Vieira Almeida Da Silva,561,F40-44,Female,São paulo,São Paulo,Brazil,BR,1:17:35,5:22:48,3:28:40,0:07:47,0:03:49,10:20:39,4655,19368,12520,467,229,37239,536,38,6,1470,168,33,896,72,10,536,38,6,Finisher,4128
Domingos,Mucciacito júnior,Domingos Mucciacito júnior,2048,M55-59,Male,São Paulo,BR-SP,Brazil,BR,1:00:37,5:09:51,3:56:21,0:08:44,0:05:17,10:20:51,3637,18591,14181,524,317,37251,537,499,12,311,276,5,426,399,5,537,499,12,Finisher,4463
Leticia,Tiago Campos,Leticia Tiago Campos,515,F35-39,Female,Goiânia,Goiás,Brazil,BR,1:11:09,5:17:41,3:40:20,0:07:12,0:04:38,10:21:00,4269,19061,13220,432,278,37260,538,39,8,1009,94,16,688,48,10,538,39,8,Finisher,4368
Bruno,Iudice,Bruno Iudice,757,M35-39,Male,Macapá,Amapá,Brazil,BR,0:57:25,5:11:28,3:58:54,0:08:04,0:05:34,10:21:25,3445,18688,14334,484,334,37285,539,500,117,172,152,26,396,370,86,539,500,117,Finisher,3614
Montenegro,Leonardo Matias,Montenegro Leonardo Matias,784,M35-39,Male,Buenos Aires,B,Argentina,AR,0:59:37,5:20:38,3:52:22,0:04:12,0:04:37,10:21:26,3577,19238,13942,252,277,37286,540,501,118,254,226,47,500,470,107,540,501,118,Finisher,3613
ALEXANDRE,BULHOES PEREIRA,ALEXANDRE BULHOES PEREIRA,463,M30-34,Male,SANTANA DE PARNAIBA,SP,Brazil,BR,1:04:01,5:33:15,3:31:28,0:08:26,0:04:17,10:21:27,3841,19995,12688,506,257,37287,541,502,67,494,450,58,857,788,96,541,502,67,Finisher,3837
Pablo,Martin Fortunato,Pablo Martin Fortunato,446,M30-34,Male,Buenos Aires,B,Argentina,AR,0:58:57,5:21:04,3:48:50,0:05:57,0:06:50,10:21:37,3537,19264,13730,357,410,37297,542,503,68,229,204,23,530,498,65,542,503,68,Finisher,3835
Alexandre,Torciani,Alexandre Torciani,159,M25-29,Male,São Paulo,SP,Brazil,BR,1:06:42,5:16:34,3:43:01,0:08:14,0:07:13,10:21:44,4002,18994,13381,494,433,37304,543,504,34,678,617,38,608,568,34,543,504,34,Finisher,3451
VICTOR,ADRIAN RAFAEL BUFFONE,VICTOR ADRIAN RAFAEL BUFFONE,1812,M50-54,Male,VILLA LUGANO,B,Argentina,AR,1:12:57,5:18:55,3:39:23,0:04:50,0:05:42,10:21:47,4377,19135,13163,290,342,37307,544,505,34,1161,1048,102,706,658,47,544,505,34,Finisher,3729
Fernando,Alfredo Luccas,Fernando Alfredo Luccas,2038,M55-59,Male,são paulo,são paulo,Brazil,BR,1:10:29,5:17:16,3:43:30,0:05:45,0:04:54,10:21:54,4229,19036,13410,345,294,37314,545,506,13,949,860,27,643,599,12,545,506,13,Finisher,4450
Caio,Rebouças De Souza,Caio Rebouças De Souza,848,M35-39,Male,São paulo,São Paulo,Brazil,BR,1:09:21,5:20:04,3:39:26,0:06:15,0:06:58,10:22:04,4161,19204,13166,375,418,37324,546,507,119,869,789,155,680,633,133,546,507,119,Finisher,3606
Thiago,Suedt Dos Santos,Thiago Suedt Dos Santos,298,M30-34,Male,SAO PAULO,SP,Brazil,BR,1:09:17,5:05:40,3:57:58,0:05:57,0:03:14,10:22:06,4157,18340,14278,357,194,37326,547,508,69,867,787,95,448,421,57,547,508,69,Finisher,3829
Jan,Gamerschlag,Jan Gamerschlag,665,M35-39,Male,São Paulo,São Paulo,Brazil,BR,1:07:03,5:22:41,3:41:56,0:05:43,0:04:46,10:22:08,4023,19361,13316,343,286,37328,548,509,120,713,648,133,675,628,132,548,509,120,Finisher,3605
Camila,Gozetto,Camila Gozetto,1362,F45-49,Female,Piracicaba,BR-SP,Brazil,BR,1:06:49,5:15:35,3:50:49,0:05:38,0:03:19,10:22:10,4009,18935,13849,338,199,37330,549,40,6,692,62,11,562,35,5,549,40,6,Finisher,4394
RACHEL,LIMA DE FARIAS,RACHEL LIMA DE FARIAS,576,F40-44,Female,RIO DE JANEIRO,RJ,Brazil,BR,1:09:42,5:01:30,4:01:57,0:05:27,0:03:39,10:22:17,4182,18090,14517,327,219,37337,550,41,7,891,84,16,393,26,4,550,41,7,Finisher,4109
Leandro,Amaral,Leandro Amaral,974,M40-44,Male,Cascavel,PR,Brazil,BR,1:19:55,5:10:36,3:36:18,0:08:04,0:07:29,10:22:22,4795,18636,12978,484,449,37342,551,510,121,1591,1396,350,742,689,181,551,510,121,Finisher,3394
Roberto,Joaquin Mc Lean,Roberto Joaquin Mc Lean,1475,M45-49,Male,Buenos Aires,B,Argentina,AR,1:11:03,5:20:39,3:40:00,0:06:59,0:03:45,10:22:25,4263,19239,13200,419,225,37345,552,511,87,1003,910,172,747,693,128,552,511,87,Finisher,3752
Luis,Rodriguez Cornejo,Luis Rodriguez Cornejo,431,M30-34,Male,Departamento De Rosario De Lerma,A,Argentina,AR,1:03:22,5:26:52,3:42:19,0:05:17,0:04:38,10:22:27,3802,19612,13339,317,278,37347,553,512,70,455,414,51,676,629,83,553,512,70,Finisher,3825
Andre,Luis Da Silva Pinto Filho,Andre Luis Da Silva Pinto Filho,145,M25-29,Male,Florianopolis,SC,Brazil,BR,1:04:04,5:12:02,3:56:28,0:06:37,0:03:24,10:22:34,3844,18722,14188,397,204,37354,554,513,35,496,452,29,472,444,27,554,513,35,Finisher,3441
Mauri,Reginato,Mauri Reginato,769,M35-39,Male,,,Argentina,AR,1:00:45,5:42:48,3:30:20,0:05:52,0:02:57,10:22:43,3645,20568,12620,352,177,37363,555,514,121,325,290,61,918,844,170,555,514,121,Finisher,3598
Juan,Ocejo,Juan Ocejo,1600,M45-49,Male,caba ,caba ,Argentina,AR,1:06:33,5:28:39,3:36:47,0:05:51,0:04:55,10:22:45,3993,19719,13007,351,295,37365,556,515,88,668,607,102,790,731,135,556,515,88,Finisher,3748
Gabriel,De Castro Secaf,Gabriel De Castro Secaf,288,M30-34,Male,Orlândia,São Paulo,Brazil,BR,1:12:31,5:11:59,3:47:00,0:07:40,0:04:00,10:23:10,4351,18719,13620,460,240,37390,557,516,71,1124,1014,116,614,573,78,557,516,71,Finisher,3816
Guilherme,Augusto Moreira,Guilherme Augusto Moreira,901,M40-44,Male,Uberlandia,Minas Gerais,Brazil,BR,1:01:30,5:23:11,3:48:02,0:05:10,0:05:24,10:23:18,3690,19391,13682,310,324,37398,558,517,122,362,326,82,581,542,138,558,517,122,Finisher,3383
Rodrigo,Cardoso,Rodrigo Cardoso,918,M40-44,Male,Campinas,SP,Brazil,BR,1:13:27,5:12:26,3:42:32,0:07:21,0:07:44,10:23:30,4407,18746,13352,441,464,37410,559,518,123,1192,1071,263,638,594,150,559,518,123,Finisher,3380
Gabriel,Macedo De Oliveira Mattos,Gabriel Macedo De Oliveira Mattos,131,M18-24,Male,Barueri,SP,Brazil,BR,1:01:47,5:20:30,3:50:38,0:05:39,0:04:57,10:23:30,3707,19230,13838,339,297,37410,560,519,12,381,345,14,560,526,13,560,519,12,Finisher,3562
Carlos Angel,González Aragón,Carlos Angel González Aragón,1328,M40-44,Male,Brooklyn,BR-SP,Spain,ES,1:11:56,5:22:26,3:31:29,0:09:54,0:07:46,10:23:31,4316,19346,12689,594,466,37411,561,520,124,1070,967,237,834,768,201,561,520,124,Finisher,3380
Natalia,Galvao Silva,Natalia Galvao Silva,278,F35-39,Female,Campinas,Sao Paulo,Brazil,BR,1:14:51,5:17:15,3:39:15,0:06:48,0:05:23,10:23:32,4491,19035,13155,408,323,37412,562,42,9,1290,137,26,753,56,13,562,42,9,Finisher,4338
Ramiro,Vera Rodriguez,Ramiro Vera Rodriguez,154,M25-29,Male,Asunción,Distrito Capital,Paraguay,PY,1:03:50,5:14:57,3:55:44,0:05:54,0:03:14,10:23:39,3830,18897,14144,354,194,37419,563,521,36,485,442,28,503,473,29,563,521,36,Finisher,3428
Karina,Golfetto Freitas De Amorim,Karina Golfetto Freitas De Amorim,276,F30-34,Female,Rio de Janeiro,BR-RJ,Brazil,BR,1:06:57,5:23:14,3:39:07,0:10:14,0:04:12,10:23:43,4017,19394,13147,614,252,37423,564,43,4,702,64,8,782,59,5,564,43,4,Finisher,4413
RODRIGO,DONATO DE AQUINO,RODRIGO DONATO DE AQUINO,1230,M40-44,Male,RIO DE JANEIRO,RJ,Brazil,BR,1:05:59,5:10:17,3:58:38,0:04:57,0:04:10,10:24:01,3959,18617,14318,297,250,37441,565,522,125,632,573,141,453,426,107,565,522,125,Finisher,3374
ANDERSON,AZEVEDO GOIS,ANDERSON AZEVEDO GOIS,1273,M40-44,Male,ARACAJU,SE,Brazil,BR,1:15:48,5:12:10,3:43:49,0:06:22,0:05:53,10:24:02,4548,18730,13429,382,353,37442,566,523,126,1356,1207,296,656,611,156,566,523,126,Finisher,3374
Fabio,De Freitas Zinetti,Fabio De Freitas Zinetti,717,M35-39,Male,Mogi-Mirim,SP,Brazil,BR,1:04:09,5:29:08,3:35:19,0:08:03,0:07:30,10:24:09,3849,19748,12919,483,450,37449,567,524,122,502,458,95,795,735,145,567,524,122,Finisher,3581
RODRIGO,JORGE,RODRIGO JORGE,1758,M45-49,Male,FLORIANOPOLIS,BR-SC,Brazil,BR,1:00:14,5:01:31,4:12:18,0:05:29,0:05:01,10:24:33,3614,18091,15138,329,301,37473,568,525,89,285,255,39,281,263,43,568,525,89,Finisher,3726
Vinicius,Guidotti,Vinicius Guidotti,858,M35-39,Male,Piracicaba,São Paulo,Brazil,BR,1:00:19,5:29:40,3:40:44,0:06:42,0:07:24,10:24:48,3619,19780,13244,402,444,37488,569,526,123,293,262,57,705,657,136,569,526,123,Finisher,3573
Wander,Ama,Wander Ama,1895,M50-54,Male,São Paulo,BR-SP,Brazil,BR,1:04:19,5:09:41,3:58:29,0:06:06,0:06:15,10:24:50,3859,18581,14309,366,375,37490,570,527,35,516,471,37,437,410,26,570,527,35,Finisher,3693
ISRAEL,TANNUS,ISRAEL TANNUS,1156,M40-44,Male,SAO PAULO,SP,Brazil,BR,1:18:32,5:07:17,3:40:06,0:13:06,0:05:52,10:24:52,4712,18437,13206,786,352,37492,571,528,127,1516,1335,331,754,698,183,571,528,127,Finisher,3364
Leandro,Negrucci Orsi,Leandro Negrucci Orsi,1123,M40-44,Male,Limeira,São Paulo,Brazil,BR,0:53:20,5:34:56,3:41:19,0:07:43,0:07:55,10:25:14,3200,20096,13279,463,475,37514,572,529,128,65,56,4,687,640,165,572,529,128,Finisher,3359
Carlos,Almeida Da Silva,Carlos Almeida Da Silva,2089,M55-59,Male,Juiz De Fora,MG,Brazil,BR,1:06:38,5:32:03,3:34:27,0:07:17,0:04:58,10:25:23,3998,19923,12867,437,298,37523,573,530,14,675,614,13,861,792,23,573,530,14,Finisher,4408
RODRIGO,CARARETO,RODRIGO CARARETO,1674,M45-49,Male,São Paulo,SC,Brazil,BR,1:12:16,5:22:15,3:38:14,0:07:02,0:05:43,10:25:31,4336,19335,13094,422,343,37531,574,531,90,1097,990,197,799,739,136,574,531,90,Finisher,3715
Bernardo,Arruda,Bernardo Arruda,1558,M45-49,Male,Lagoa Seca,Paraiba,Brazil,BR,1:16:03,5:04:44,3:51:17,0:08:09,0:05:33,10:25:47,4563,18284,13877,489,333,37547,575,532,91,1372,1219,234,572,536,93,575,532,91,Finisher,3712
Julio,Gabriel,Julio Gabriel,213,M25-29,Male,Rio De Janeiro,RJ,Brazil,BR,1:11:36,5:12:29,3:55:37,0:03:58,0:02:23,10:26:04,4296,18749,14137,238,143,37564,576,533,37,1044,944,52,563,528,32,576,533,37,Finisher,3399
Leonardo,Curty,Leonardo Curty,1482,M45-49,Male,Sao Paulo,SAO PAULO,Brazil,BR,1:03:05,5:11:25,4:02:39,0:06:25,0:02:53,10:26:27,3785,18685,14559,385,173,37587,577,534,92,438,398,57,449,422,70,577,534,92,Finisher,3704
FRANCISCO,GUILHERME DE PAULA KOZOVITS,FRANCISCO GUILHERME DE PAULA KOZOVITS,694,M35-39,Male,CURITIBA,PR,Brazil,BR,1:15:06,5:04:31,3:59:07,0:04:12,0:03:38,10:26:36,4506,18271,14347,252,218,37596,578,535,124,1311,1169,209,489,460,105,578,535,124,Finisher,3551
AGUSTIN,ALEJANDRO PEREZ,AGUSTIN ALEJANDRO PEREZ,1563,M45-49,Male,BUENOS AIRES,BUENOS AIRES,Argentina,AR,1:07:52,5:11:01,3:58:08,0:06:27,0:03:09,10:26:38,4072,18661,14288,387,189,37598,579,536,93,762,691,124,517,487,83,579,536,93,Finisher,3701
Rosecler,Costa,Rosecler Costa,1385,F45-49,Female,Santos,SP,Brazil,BR,1:02:57,5:22:11,3:51:48,0:05:28,0:04:28,10:26:52,3777,19331,13908,328,268,37612,580,44,7,432,39,4,596,40,7,580,44,7,Finisher,4338
Leonardo,Conde,Leonardo Conde,1851,M50-54,Male,,,Brazil,BR,1:07:22,5:11:07,3:56:36,0:07:25,0:04:22,10:26:53,4042,18667,14196,445,262,37613,581,537,36,722,657,57,528,496,35,581,537,36,Finisher,3668
Rafael,Henrique Omodei,Rafael Henrique Omodei,670,M35-39,Male,Florianopolis,SC,Brazil,BR,1:17:13,5:20:34,3:37:03,0:07:17,0:04:50,10:26:56,4633,19234,13023,437,290,37616,582,538,125,1440,1278,232,842,774,154,582,538,125,Finisher,3547
Erika Andrea,Izidio Szpektor,Erika Andrea Izidio Szpektor,1387,F45-49,Female,BARUERI,SAO PAULO,Brazil,BR,1:12:24,5:22:57,3:42:13,0:05:57,0:03:33,10:27:05,4344,19377,13333,357,213,37625,583,45,8,1110,108,18,794,60,13,583,45,8,Finisher,4335
Jose Eduardo Kenzo,Murata,Jose Eduardo Kenzo Murata,126,M18-24,Male,Monte Alto,,Brazil,BR,0:55:11,4:50:39,4:33:05,0:06:09,0:02:33,10:27:38,3311,17439,16385,369,153,37658,584,539,13,105,91,6,137,128,6,584,539,13,Finisher,3513
Lucas,Pires Silva Araujo,Lucas Pires Silva Araujo,375,M30-34,Male,Belo Horizonte,MG,Brazil,BR,1:00:32,5:34:53,3:44:31,0:05:22,0:02:21,10:27:39,3632,20093,13471,322,141,37659,585,540,72,304,271,33,787,728,91,585,540,72,Finisher,3762
Daniela,Ribeiro Castro,Daniela Ribeiro Castro,231,F25-29,Female,São Paulo,Sao Paulo,Brazil,BR,1:04:22,5:26:31,3:44:46,0:07:52,0:04:08,10:27:39,3862,19591,13486,472,248,37659,586,46,3,521,47,2,750,55,3,586,46,3,Finisher,4259
Davi,Almeida,Davi Almeida,1502,M45-49,Male,,,Brazil,BR,1:03:52,5:10:01,3:51:31,0:16:43,0:06:42,10:28:48,3832,18601,13891,1003,402,37728,587,541,94,489,445,68,595,556,98,587,541,94,Finisher,3675
Mariano Patricio,Bucci,Mariano Patricio Bucci,1268,M40-44,Male,belen de escobar,buenos aires,Argentina,AR,1:00:24,5:22:29,3:56:19,0:05:08,0:04:30,10:28:50,3624,19349,14179,308,270,37730,588,542,129,296,265,62,561,527,133,588,542,129,Finisher,3316
Rafael,Naval,Rafael Naval,1248,M40-44,Male,Piracicaba,SP,Brazil,BR,1:06:00,5:18:11,3:54:06,0:06:57,0:03:40,10:28:54,3960,19091,14046,417,220,37734,589,543,130,635,576,142,602,562,143,589,543,130,Finisher,3315
Agustin,Barberis,Agustin Barberis,1571,M45-49,Male,San Francisco,Córdoba,Argentina,AR,1:07:57,5:18:10,3:53:19,0:04:32,0:05:05,10:29:03,4077,19090,13999,272,305,37743,590,544,95,770,699,127,597,557,99,590,544,95,Finisher,3672
Sergio,Massucatti,Sergio Massucatti,720,M35-39,Male,Sao Paulo,SP,Brazil,BR,1:13:28,5:11:24,3:48:11,0:08:43,0:07:30,10:29:16,4408,18684,13691,523,450,37756,591,545,126,1194,1073,200,645,601,126,591,545,126,Finisher,3519
SANTIAGO,MINGO,SANTIAGO MINGO,1453,M45-49,Male,LA PAZ,E,Argentina,AR,1:04:10,5:01:47,4:06:23,0:08:41,0:08:19,10:29:20,3850,18107,14783,521,499,37760,592,546,96,504,460,72,370,346,58,592,546,96,Finisher,3669
Fabio,Pegoraro Brigagao,Fabio Pegoraro Brigagao,194,M25-29,Male,Campinas,SP,Brazil,BR,0:59:49,5:27:13,3:47:15,0:08:54,0:06:25,10:29:35,3589,19633,13635,534,385,37775,593,547,38,265,237,12,685,638,38,593,547,38,Finisher,3357
JEFFERSON,BRUNO BENTO,JEFFERSON BRUNO BENTO,1140,M40-44,Male,SAO GONCALO,RJ,Brazil,BR,1:25:37,5:23:03,3:28:24,0:07:11,0:05:25,10:29:39,5137,19383,12504,431,325,37779,594,548,131,1776,1550,382,1017,925,235,594,548,131,Finisher,3306
Guilherme,Fernandes Pupo,Guilherme Fernandes Pupo,483,M30-34,Male,,,Brazil,BR,1:09:02,5:06:51,4:02:55,0:07:17,0:03:38,10:29:43,4142,18411,14575,437,218,37783,595,549,73,848,771,94,479,450,59,595,549,73,Finisher,3737
Jose,Baptista Dos Santos Neto,Jose Baptista Dos Santos Neto,1616,M45-49,Male,Maceio,Intl State,Brazil,BR,1:06:57,5:24:56,3:50:11,0:05:38,0:02:06,10:29:46,4017,19496,13811,338,126,37786,596,550,97,701,638,109,722,671,124,596,550,97,Finisher,3664
Stéfano,Viglione,Stéfano Viglione,921,M40-44,Male,Trelew,,Argentina,AR,1:06:44,5:23:13,3:47:17,0:06:19,0:06:15,10:29:47,4004,19393,13637,379,375,37787,597,551,132,684,623,152,691,643,167,597,551,132,Finisher,3305
Filipe,Costa,Filipe Costa,886,M35-39,Male,Barueri,SP,Brazil,BR,1:11:44,5:08:58,3:56:03,0:05:20,0:07:46,10:29:51,4304,18538,14163,320,466,37791,598,552,127,1054,954,182,532,500,111,598,552,127,Finisher,3512
LUCIANO,EDUARDO ECHEVERRIA,LUCIANO EDUARDO ECHEVERRIA,1497,M45-49,Male,BUENOS AIRES,B,Argentina,AR,1:11:29,5:18:59,3:49:16,0:06:07,0:04:01,10:29:52,4289,19139,13756,367,241,37792,599,553,98,1031,932,178,700,652,117,599,553,98,Finisher,3663
Paulo,Victor Geraldo E Silva,Paulo Victor Geraldo E Silva,741,M35-39,Male,,,Brazil,BR,1:06:49,5:21:51,3:49:33,0:06:39,0:05:02,10:29:54,4009,19311,13773,399,302,37794,600,554,128,693,631,129,673,626,130,600,554,128,Finisher,3512
FABIO,OLIVEIRA ALVES,FABIO OLIVEIRA ALVES,1852,M50-54,Male,SAO PAULO,SP,Brazil,BR,1:11:24,5:05:25,4:02:02,0:06:47,0:04:25,10:30:03,4284,18325,14522,407,265,37803,601,555,37,1023,925,87,485,456,30,601,555,37,Finisher,3630
Thiago,Mello Matarazzo,Thiago Mello Matarazzo,1575,M45-49,Male,Sao Paulo,SP,Brazil,BR,1:14:34,5:35:00,3:23:06,0:08:15,0:09:11,10:30:06,4474,20100,12186,495,551,37806,602,556,99,1264,1130,222,1051,956,183,602,556,99,Finisher,3660
Fillipe,Lopes,Fillipe Lopes,983,M40-44,Male,Tubarão,Santa Catarina,Brazil,BR,1:09:59,5:20:26,3:42:58,0:10:09,0:06:56,10:30:29,4199,19226,13378,609,416,37829,603,557,133,922,835,201,786,727,194,603,557,133,Finisher,3296
DIEGO MARTIN,VILAR,DIEGO MARTIN VILAR,1570,M45-49,Male,jose marmol,AR-B,Argentina,AR,1:04:06,4:59:41,4:19:00,0:04:57,0:03:01,10:30:46,3846,17981,15540,297,181,37846,604,558,100,499,455,71,298,279,47,604,558,100,Finisher,3652
Hernan,Rivas,Hernan Rivas,2079,M55-59,Male,Gualeguaychú,Entre Ríos,Argentina,AR,1:06:04,5:28:02,3:46:25,0:05:30,0:04:44,10:30:46,3964,19682,13585,330,284,37846,605,559,15,640,581,11,766,708,18,605,559,15,Finisher,4344
MARCELO,KAMMER LOGLI,MARCELO KAMMER LOGLI,1755,M45-49,Male,ARARAS,SP,Brazil,BR,1:05:32,5:18:24,3:57:55,0:05:28,0:03:28,10:30:48,3932,19104,14275,328,208,37848,606,560,101,600,544,88,576,539,94,606,560,101,Finisher,3651
Daniel,Pereira Da Silva,Daniel Pereira Da Silva,750,M35-39,Male,Porto Alegre,,Brazil,BR,1:09:06,5:38:26,3:31:47,0:07:06,0:04:30,10:30:55,4146,20306,12707,426,270,37855,607,561,129,853,775,153,1001,914,184,607,561,129,Finisher,3500
JORGE,LUIZ CORREA SILVA VICENTE CHAVES,JORGE LUIZ CORREA SILVA VICENTE CHAVES,851,M35-39,Male,NITEROI,RJ,Brazil,BR,1:17:01,5:17:19,3:43:16,0:08:56,0:04:34,10:31:06,4621,19039,13396,536,274,37866,608,562,130,1430,1268,227,821,757,150,608,562,130,Finisher,3497
Enrique,Santillan,Enrique Santillan,1774,M50-54,Male,Bariloche,,Argentina,AR,1:17:09,5:15:46,3:49:21,0:05:16,0:03:40,10:31:11,4629,18946,13761,316,220,37871,609,563,38,1435,1273,148,733,681,48,609,563,38,Finisher,3617
Damian,Baduna,Damian Baduna,1682,M45-49,Male,SAN LORENZO,AR-S,Argentina,AR,1:18:39,5:21:26,3:37:34,0:06:46,0:06:56,10:31:21,4719,19286,13054,406,416,37881,610,564,102,1523,1341,255,876,805,148,610,564,102,Finisher,3645
Gil,Samuel Sales Batista,Gil Samuel Sales Batista,637,M35-39,Male,Teresina,PI,Brazil,BR,1:07:04,5:28:35,3:43:36,0:08:33,0:03:35,10:31:23,4024,19715,13416,513,215,37883,611,565,131,715,650,134,831,765,152,611,565,131,Finisher,3494
Bruna,Machado Silva Dognani,Bruna Machado Silva Dognani,264,F30-34,Female,Taquarituba,SP,Brazil,BR,1:17:51,5:22:42,3:42:25,0:05:52,0:02:34,10:31:24,4671,19362,13345,352,154,37884,612,47,5,1484,174,27,869,71,7,612,47,5,Finisher,4321
Igor,Mussi Da Silva Marques,Igor Mussi Da Silva Marques,285,M30-34,Male,Nova Friburgo,RJ,Brazil,BR,1:12:54,5:03:08,3:56:12,0:07:57,0:11:17,10:31:28,4374,18188,14172,477,677,37888,613,566,74,1154,1041,123,493,463,61,613,566,74,Finisher,3716
Marco,Vargas,Marco Vargas,1042,M40-44,Male,Porto Alegre,BR-RS,Brazil,BR,1:11:35,4:59:05,4:08:03,0:06:30,0:06:21,10:31:33,4295,17945,14883,390,381,37893,614,567,134,1036,936,232,398,372,90,614,567,134,Finisher,3284
Fabio,Eduardo Moreira Guerra,Fabio Eduardo Moreira Guerra,998,M40-44,Male,,,Brazil,BR,1:08:19,5:32:02,3:38:46,0:07:07,0:05:24,10:31:37,4099,19922,13126,427,324,37897,615,568,135,796,725,177,888,817,212,615,568,135,Finisher,3283
Marina ,De Mattos Nascimento,Marina De Mattos Nascimento,568,F40-44,Female,São Paulo,,Brazil,BR,0:58:27,5:34:03,3:48:32,0:06:08,0:04:34,10:31:43,3507,20043,13712,368,274,37903,616,48,8,203,23,2,745,54,9,616,48,8,Finisher,3996
Gerci,Demarch Junior,Gerci Demarch Junior,923,M40-44,Male,Itajai,SC,Brazil,BR,1:07:40,5:35:59,3:33:04,0:09:26,0:05:35,10:31:44,4060,20159,12784,566,335,37904,617,569,136,740,674,164,973,889,228,617,569,136,Finisher,3281
Felipe,Sampaio,Felipe Sampaio,907,M40-44,Male,Campina Grande,Paraíba,Brazil,BR,1:07:38,5:12:30,4:02:27,0:05:38,0:03:47,10:32:01,4058,18750,14547,338,227,37921,618,570,137,738,672,163,525,494,126,618,570,137,Finisher,3278
ANDRE,LUIS JUNGES CARVALHO,ANDRE LUIS JUNGES CARVALHO,853,M35-39,Male,SAO JOSE,SC,Brazil,BR,1:05:07,5:08:56,4:05:51,0:06:33,0:05:37,10:32:04,3907,18536,14751,393,337,37924,619,571,132,567,515,105,446,419,95,619,571,132,Finisher,3486
Ian,Ribeiro,Ian Ribeiro,362,M30-34,Male,Florianópolis,SC,Brazil,BR,0:54:09,5:00:46,4:28:46,0:05:38,0:02:54,10:32:13,3249,18046,16126,338,174,37933,620,572,75,86,74,7,203,190,27,620,572,75,Finisher,3707
Joao,Carlos Dos Santos Junior,Joao Carlos Dos Santos Junior,104,M18-24,Male,Manaus,AM,Brazil,BR,1:08:38,5:39:56,3:32:02,0:07:36,0:04:20,10:32:32,4118,20396,12722,456,260,37952,621,573,14,822,746,17,1028,935,19,621,573,14,Finisher,3454
Henrique,Bulla,Henrique Bulla,1143,M40-44,Male,Maringa,BR-PR,Brazil,BR,1:06:34,5:08:10,4:06:31,0:05:30,0:05:50,10:32:35,3994,18490,14791,330,350,37955,622,574,138,669,608,148,441,414,103,622,574,138,Finisher,3271
Marcos,Martinez,Marcos Martinez,778,M35-39,Male,Villa Allende,CORDOBA,Argentina,AR,1:01:18,5:30:54,3:48:52,0:05:54,0:05:42,10:32:40,3678,19854,13732,354,342,37960,623,575,133,350,314,67,731,679,142,623,575,133,Finisher,3479
Rodrigo,Merten,Rodrigo Merten,619,M35-39,Male,Florianopolis,SC,Brazil,BR,1:03:00,5:14:38,4:03:28,0:06:41,0:04:55,10:32:42,3780,18878,14608,401,295,37962,624,576,134,435,396,85,499,469,106,624,576,134,Finisher,3478
Fabio,Kitahara,Fabio Kitahara,1922,M50-54,Male,Sao Paulo,Brazil,Brazil,BR,1:09:34,5:18:31,3:51:39,0:07:05,0:05:59,10:32:48,4174,19111,13899,425,359,37968,625,577,39,884,801,72,669,622,44,625,577,39,Finisher,3597
Pedro,De Godoy Mancini,Pedro De Godoy Mancini,147,M25-29,Male,São Paulo,SAO PAULO,Brazil,BR,1:17:54,5:35:38,3:28:00,0:06:47,0:04:37,10:32:54,4674,20138,12480,407,277,37974,626,578,39,1486,1312,67,1091,991,54,626,578,39,Finisher,3317
Ricardo ,Hajjar,Ricardo Hajjar,2028,M55-59,Male,SAO PAULO,SP,Brazil,BR,1:10:49,5:27:31,3:43:20,0:07:23,0:03:55,10:32:58,4249,19651,13400,443,235,37978,627,579,16,983,891,28,859,790,22,627,579,16,Finisher,4317
Marcela,Amorim Da Costa,Marcela Amorim Da Costa,221,F18-24,Female,Santos,SP,Brazil,BR,0:59:58,5:36:12,3:47:38,0:05:55,0:03:21,10:33:05,3598,20172,13658,355,201,37985,628,49,2,273,29,2,810,63,2,628,49,2,Finisher,4830
Emilio,Jose Martini,Emilio Jose Martini,922,M40-44,Male,CASCAVEL,BR-PR,Brazil,BR,1:05:02,4:57:01,4:22:14,0:05:10,0:03:44,10:33:10,3902,17821,15734,310,224,37990,629,580,139,560,508,126,280,262,57,629,580,139,Finisher,3264
Kleber,Leal,Kleber Leal,2031,M55-59,Male,São Paulo,São Paulo,Brazil,BR,1:07:03,5:29:41,3:42:11,0:07:55,0:06:37,10:33:27,4023,19781,13331,475,397,38007,630,581,17,714,649,16,840,772,21,630,581,17,Finisher,4312
Guilherme,Marques Souto,Guilherme Marques Souto,286,M30-34,Male,Belo Horizonte,MG,Brazil,BR,1:08:27,5:44:30,3:27:00,0:10:20,0:03:11,10:33:28,4107,20670,12420,620,191,38008,631,582,76,805,733,90,1132,1027,122,631,582,76,Finisher,3692
Rafael,Kenji Yonemura,Rafael Kenji Yonemura,656,M35-39,Male,São José dos Pinhais,Paraná,Brazil,BR,1:08:01,5:15:39,3:58:11,0:06:53,0:04:56,10:33:41,4081,18939,14291,413,296,38021,632,583,135,775,704,140,594,555,121,632,583,135,Finisher,3466
Leonardo,Passos Moreira,Leonardo Passos Moreira,360,M30-34,Male,Lauro De Freitas,BA,Brazil,BR,1:08:18,5:31:40,3:41:05,0:08:59,0:03:48,10:33:50,4098,19900,13265,539,228,38030,633,584,77,794,723,88,912,839,102,633,584,77,Finisher,3688
William,Paulino,William Paulino,839,M35-39,Male,,,Brazil,BR,1:13:48,5:25:52,3:43:56,0:06:01,0:04:14,10:33:50,4428,19552,13436,361,254,38030,634,585,136,1215,1091,202,856,787,159,634,585,136,Finisher,3465
Rafael,Ingles,Rafael Ingles,651,M35-39,Male,Sao paulo,SP,Brazil,BR,1:03:50,5:37:27,3:32:23,0:12:51,0:07:26,10:33:57,3830,20247,12743,771,446,38037,635,586,137,486,443,92,994,908,181,635,586,137,Finisher,3463
Henri,Keller Hartmann,Henri Keller Hartmann,931,M40-44,Male,Itapema,Santa Catarina,Brazil,BR,0:59:31,5:29:42,3:50:48,0:06:55,0:07:04,10:34:00,3571,19782,13848,415,424,38040,636,587,140,250,222,50,689,641,166,636,587,140,Finisher,3254
Felipe,Faria,Felipe Faria,954,M40-44,Male,Porto Alegre,Rio grande do Sul,Brazil,BR,0:59:09,5:12:09,4:07:23,0:08:37,0:07:01,10:34:19,3549,18729,14843,517,421,38059,637,588,141,235,209,45,434,407,99,637,588,141,Finisher,3250
MARIA,ALICE CAMACHO GOMES DE SOUZA,MARIA ALICE CAMACHO GOMES DE SOUZA,273,F30-34,Female,MACAE,RJ,Brazil,BR,1:13:13,5:19:34,3:51:37,0:06:35,0:03:31,10:34:30,4393,19174,13897,395,211,38070,638,50,6,1176,117,15,762,58,4,638,50,6,Finisher,4284
Fabian Ruben,Coustere,Fabian Ruben Coustere,2133,M60-64,Male,Mar del Plata,Buenos Aires,Argentina,AR,1:02:40,5:15:04,4:04:13,0:07:29,0:05:04,10:34:30,3760,18904,14653,449,304,38070,639,589,2,417,379,7,514,484,2,639,589,2,Finisher,4563
Diogo,Junqueira,Diogo Junqueira,1158,M40-44,Male,Porto Alegre,RIO GRANDE DO SUL,Brazil,BR,0:56:38,5:39:32,3:46:50,0:06:40,0:05:02,10:34:43,3398,20372,13610,400,302,38083,640,590,142,144,125,23,815,752,199,640,590,142,Finisher,3246
Jailton,Raimundo Dos Santos,Jailton Raimundo Dos Santos,427,M30-34,Male,Sao Miguel Dos Campos,AL,Brazil,BR,1:16:00,5:16:11,3:48:55,0:06:41,0:06:58,10:34:45,4560,18971,13735,401,418,38085,641,591,78,1368,1216,138,751,696,89,641,591,78,Finisher,3677
cristian,viano,cristian viano,1083,M40-44,Male,venado tuerto,,Argentina,AR,1:01:27,5:26:48,3:56:38,0:07:18,0:02:54,10:35:05,3687,19608,14198,438,174,38105,642,592,143,357,321,80,678,631,164,642,592,143,Finisher,3241
MARCUS,VINICIUS OLIVEIRA DOS SANTOS,MARCUS VINICIUS OLIVEIRA DOS SANTOS,1520,M45-49,Male,TERESINA,PI,Brazil,BR,1:10:45,5:17:15,3:53:37,0:08:40,0:04:49,10:35:06,4245,19035,14017,520,289,38106,643,593,103,975,883,167,704,656,119,643,593,103,Finisher,3600
LUIZ,EDUARDO DE SOUZA FERREIRA,LUIZ EDUARDO DE SOUZA FERREIRA,1024,M40-44,Male,SAO PAULO,SP,Brazil,BR,1:09:44,5:09:06,4:06:34,0:05:11,0:04:40,10:35:17,4184,18546,14794,311,280,38117,644,594,144,894,809,196,495,465,118,644,594,144,Finisher,3239
Julio,Quassolo,Julio Quassolo,2055,M55-59,Male,Villa allende,AR-X,Argentina,AR,1:07:27,5:20:30,3:52:37,0:08:00,0:06:46,10:35:20,4047,19230,13957,480,406,38120,645,595,18,728,662,18,686,639,14,645,595,18,Finisher,4289
George,Lucas Dolcinotti,George Lucas Dolcinotti,391,M30-34,Male,Taubate,SP,Brazil,BR,1:13:47,5:43:53,3:27:33,0:07:25,0:02:50,10:35:27,4427,20633,12453,445,170,38127,646,596,79,1213,1089,128,1168,1059,125,646,596,79,Finisher,3669
Renan,Machado Lima,Renan Machado Lima,1247,M40-44,Male,FEIRA DE SANTANA,BA,Brazil,BR,1:16:29,5:16:54,3:47:07,0:08:21,0:06:48,10:35:40,4589,19014,13627,501,408,38140,647,597,145,1402,1244,301,804,743,197,647,597,145,Finisher,3234
RAPHAEL,VIANNA TELLES SALGADO,RAPHAEL VIANNA TELLES SALGADO,1294,M40-44,Male,SANTOS,SP,Brazil,BR,0:59:49,5:01:16,4:24:35,0:05:00,0:05:05,10:35:46,3589,18076,15875,300,305,38146,648,598,146,266,238,54,267,250,56,648,598,146,Finisher,3233
Jose,Elio Flor Da Silva,Jose Elio Flor Da Silva,1970,M50-54,Male,Fortaleza,CE,Brazil,BR,1:12:02,5:23:01,3:52:37,0:05:30,0:02:40,10:35:50,4322,19381,13957,330,160,38150,649,599,40,1079,975,94,785,726,54,649,599,40,Finisher,3561
Camila,A Muratore,Camila A Muratore,494,F35-39,Female,Sao Paulo,SP,Brazil,BR,1:11:59,5:28:23,3:41:53,0:10:28,0:03:10,10:35:54,4319,19703,13313,628,190,38154,650,51,10,1074,104,19,941,77,16,650,51,10,Finisher,4189
JOAO,PAULO DE OLIVEIRA CAMPOS,JOAO PAULO DE OLIVEIRA CAMPOS,1179,M40-44,Male,BELO HORIZONTE,MG,Brazil,BR,1:05:09,5:20:44,3:54:52,0:09:26,0:05:43,10:35:54,3909,19244,14092,566,343,38154,651,600,147,571,519,131,672,625,163,651,600,147,Finisher,3231
MICHEL,JOAO RAMOS,MICHEL JOAO RAMOS,1272,M40-44,Male,FRANCISCO BELTRAO,PR,Brazil,BR,1:11:20,5:14:50,3:54:48,0:10:12,0:04:48,10:35:57,4280,18890,14088,612,288,38157,652,601,148,1019,922,229,692,644,168,652,601,148,Finisher,3231
Fabio,Junji Kaihami,Fabio Junji Kaihami,1221,M40-44,Male,Sao Paulo,SP,Brazil,BR,1:09:13,5:18:09,3:53:40,0:07:51,0:07:05,10:35:58,4153,19089,14020,471,425,38158,653,602,149,862,782,187,671,624,162,653,602,149,Finisher,3231
Fernando,Carlos Smilgat Filho,Fernando Carlos Smilgat Filho,640,M35-39,Male,Rio De Janeiro,RJ,Brazil,BR,1:02:30,5:19:19,4:03:10,0:06:44,0:04:17,10:36:00,3750,19159,14590,404,257,38160,654,603,138,410,372,80,568,533,117,654,603,138,Finisher,3439
David,Falcão,David Falcão,1258,M40-44,Male,Natal,RN,Brazil,BR,1:04:44,5:25:55,3:50:06,0:08:13,0:07:08,10:36:06,3884,19555,13806,493,428,38166,655,604,150,545,495,122,752,697,182,655,604,150,Finisher,3229
Jefferson Jose,Tapia Lima,Jefferson Jose Tapia Lima,1487,M45-49,Male,Pinhais,Paraná,Brazil,BR,1:10:29,5:13:55,3:58:33,0:07:51,0:05:38,10:36:26,4229,18835,14313,471,338,38186,656,605,104,948,859,162,616,574,104,656,605,104,Finisher,3584
Everton,Adriano,Everton Adriano,1246,M40-44,Male,blumenau,Santa Catarina,Brazil,BR,1:03:37,5:18:12,4:02:57,0:06:32,0:05:11,10:36:29,3817,19092,14577,392,311,38189,657,606,151,471,428,108,565,530,134,657,606,151,Finisher,3224
Patrick,Souza Da Silva,Patrick Souza Da Silva,455,M30-34,Male,Florianopolis,SC,Brazil,BR,1:13:46,5:31:48,3:36:51,0:08:10,0:05:55,10:36:30,4426,19908,13011,490,355,38190,658,607,80,1211,1087,127,984,898,108,658,607,80,Finisher,3656
Mauricio,O Magalhaes Dias,Mauricio O Magalhaes Dias,299,M30-34,Male,Vargem Grande Paulista,SP,Brazil,BR,1:15:07,5:18:23,3:51:15,0:07:55,0:03:50,10:36:31,4507,19103,13875,475,230,38191,659,608,81,1312,1170,133,796,736,93,659,608,81,Finisher,3656
Pascoal,Vagliengo Pellegrino Fioravante,Pascoal Vagliengo Pellegrino Fioravante,1271,M40-44,Male,Sorocaba,SP,Brazil,BR,1:06:28,5:06:20,4:12:07,0:06:30,0:05:18,10:36:43,3988,18380,15127,390,318,38203,660,609,152,667,606,147,427,400,98,660,609,152,Finisher,3222
Emanuele,Bringhentti,Emanuele Bringhentti,499,F35-39,Female,Curitiba,BR-PR,Brazil,BR,1:14:07,5:24:44,3:48:59,0:04:52,0:04:02,10:36:44,4447,19484,13739,292,242,38204,661,52,11,1237,129,25,825,66,14,661,52,11,Finisher,4179
Jonatas,Gondaski,Jonatas Gondaski,798,M35-39,Male,Pato Branco,BR-PR,Brazil,BR,1:09:46,5:09:27,4:03:57,0:07:31,0:06:09,10:36:50,4186,18567,14637,451,369,38210,662,610,139,899,814,162,541,508,114,662,610,139,Finisher,3429
Bruno,Kurzweil De Oliveira,Bruno Kurzweil De Oliveira,1274,M40-44,Male,Sao Paulo,SAO PAULO,Brazil,BR,1:10:52,5:12:48,4:03:29,0:06:29,0:03:30,10:37:08,4252,18768,14609,389,210,38228,663,611,153,986,894,219,586,547,140,663,611,153,Finisher,3217
Pedro,Henrique Britto De Paula,Pedro Henrique Britto De Paula,612,M35-39,Male,Curitiba,PR,Brazil,BR,1:02:34,4:49:32,4:34:51,0:06:58,0:03:18,10:37:12,3754,17372,16491,418,198,38232,664,612,140,412,374,82,191,178,42,664,612,140,Finisher,3424
Tarso,Dellinghausen,Tarso Dellinghausen,1685,M45-49,Male,,,Brazil,BR,1:14:24,5:10:20,4:00:15,0:07:23,0:04:51,10:37:14,4464,18620,14415,443,291,38234,665,613,105,1258,1125,219,613,572,103,665,613,105,Finisher,3574
ANDRE,TCHILLIAN ZANINELLI,ANDRE TCHILLIAN ZANINELLI,377,M30-34,Male,SAO CAETANO DO SUL,SP,Brazil,BR,1:05:32,5:05:37,4:11:53,0:06:19,0:07:59,10:37:21,3932,18337,15113,379,479,38241,666,614,82,599,543,72,401,374,51,666,614,82,Finisher,3646
Tomas,Moran,Tomas Moran,978,M40-44,Male,bolivar,AR-B,Argentina,AR,1:10:13,5:33:00,3:43:44,0:06:09,0:04:23,10:37:29,4213,19980,13424,369,263,38249,667,615,154,934,845,206,915,841,214,667,615,154,Finisher,3212
Rafael,Vales De Sousa,Rafael Vales De Sousa,629,M35-39,Male,Brasilia,DF,Brazil,BR,1:06:34,5:34:57,3:42:54,0:07:16,0:05:52,10:37:32,3994,20097,13374,436,352,38252,668,616,141,671,610,125,908,835,168,668,616,141,Finisher,3420
Denyee,Gorte Batista,Denyee Gorte Batista,979,M40-44,Male,Ponta Grossa,BR-PR,Brazil,BR,1:09:35,5:35:23,3:38:25,0:08:07,0:06:07,10:37:37,4175,20123,13105,487,367,38257,669,617,155,885,802,195,972,888,227,669,617,155,Finisher,3211
Roberto,Alexandre De Barros Rego Filho,Roberto Alexandre De Barros Rego Filho,1320,M40-44,Male,Rio De Janeiro,RJ,Brazil,BR,1:00:40,5:25:09,3:56:23,0:09:05,0:06:25,10:37:42,3640,19509,14183,545,385,38262,670,618,156,317,282,68,666,619,161,670,618,156,Finisher,3210
Matheus,Zatta,Matheus Zatta,672,M35-39,Male,Ampére,BR-PR,Brazil,BR,1:11:40,5:28:17,3:44:23,0:07:59,0:05:23,10:37:43,4300,19697,13463,479,323,38263,671,619,142,1051,951,181,892,821,165,671,619,142,Finisher,3418
Julio,Alcantara Dos Santos,Julio Alcantara Dos Santos,1749,M45-49,Male,Carmo do Cajuru,MG,Brazil,BR,0:52:55,5:09:09,4:26:50,0:04:50,0:04:06,10:37:48,3175,18549,16010,290,246,38268,672,620,106,57,49,8,275,258,42,672,620,106,Finisher,3567
Ricardo,Goulart De Carvalho Brito,Ricardo Goulart De Carvalho Brito,990,M40-44,Male,Campinas,São Paulo,Brazil,BR,1:13:43,5:11:56,3:55:24,0:07:38,0:09:34,10:38:14,4423,18716,14124,458,574,38294,673,621,157,1209,1085,267,640,596,151,673,621,157,Finisher,3203
Hernando,Gebhardt,Hernando Gebhardt,1411,M45-49,Male,Araguari,MG,Brazil,BR,1:14:23,5:05:29,4:04:50,0:07:12,0:06:25,10:38:20,4463,18329,14690,432,385,38300,674,622,107,1255,1122,218,546,513,88,674,622,107,Finisher,3561
Tatiane,Pires Santos,Tatiane Pires Santos,1341,F45-49,Female,Araguari,Minas Gerais,Brazil,BR,1:09:05,5:13:21,4:05:40,0:06:18,0:03:56,10:38:20,4145,18801,14740,378,236,38300,675,53,9,852,78,14,569,36,6,675,53,9,Finisher,4200
LUCAS,RAIMONDI,LUCAS RAIMONDI,1678,M45-49,Male,CAMPINAS,SP,Argentina,AR,1:05:30,5:11:30,4:11:16,0:05:41,0:04:25,10:38:22,3930,18690,15076,341,265,38302,676,623,108,596,541,87,471,443,73,676,623,108,Finisher,3561
Damian,Weinman,Damian Weinman,2154,M60-64,Male,,,Argentina,AR,1:05:25,5:20:02,4:01:13,0:07:15,0:04:42,10:38:37,3925,19202,14473,435,282,38317,677,624,3,591,538,9,628,586,5,677,624,3,Finisher,4513
DANIEL,CORREA,DANIEL CORREA,1526,M45-49,Male,PORTO FERREIRA,SP,Brazil,BR,1:05:58,5:37:30,3:41:07,0:08:44,0:05:44,10:39:03,3958,20250,13267,524,344,38343,678,625,109,631,572,97,959,876,166,678,625,109,Finisher,3552
Ricardo,Lamoglia,Ricardo Lamoglia,1212,M40-44,Male,Rio de Janeiro,Rio de Janeiro,Brazil,BR,0:59:16,5:13:47,4:14:39,0:07:02,0:04:24,10:39:07,3556,18827,15279,422,264,38347,679,626,158,241,214,46,436,409,101,679,626,158,Finisher,3193
Mariela,Mazzitelli,Mariela Mazzitelli,2199,F55-59,Female,Mar del Plata,AR-B,Argentina,AR,1:08:43,5:36:10,3:43:32,0:06:42,0:04:10,10:39:17,4123,20170,13412,402,250,38357,680,54,1,828,77,1,952,81,1,680,54,1,Finisher,5000
Valeria ,Mooney,Valeria Mooney,2001,F50-54,Female,Tigre,AR-B,Argentina,AR,1:01:03,5:39:52,3:50:33,0:04:16,0:03:42,10:39:26,3663,20392,13833,256,222,38366,681,55,1,335,36,2,845,69,2,681,55,1,Finisher,5000
FRANCISCO,ANDERSON MARTINS FERREIRA,FRANCISCO ANDERSON MARTINS FERREIRA,2075,M55-59,Male,SAO PAULO,SP,Brazil,BR,1:17:36,5:23:38,3:47:17,0:06:06,0:04:56,10:39:33,4656,19418,13637,366,296,38373,682,627,19,1471,1303,47,885,814,26,682,627,19,Finisher,4238
Vinicius,Emanuel Oliveira E Silva,Vinicius Emanuel Oliveira E Silva,210,M25-29,Male,Maceio,AL,Brazil,BR,1:15:25,5:27:48,3:41:58,0:09:46,0:04:41,10:39:38,4525,19668,13318,586,281,38378,683,628,40,1335,1191,64,970,886,47,683,628,40,Finisher,3236
Ana,Catellani,Ana Catellani,1357,F45-49,Female,Mar del Plata,AR-B,Argentina,AR,1:10:32,5:22:19,3:58:25,0:05:33,0:03:02,10:39:50,4232,19339,14305,333,182,38390,684,56,10,956,90,15,738,53,11,684,56,10,Finisher,4182
Dany,John Zanini,Dany John Zanini,1117,M40-44,Male,Lages,SC,Brazil,BR,1:17:18,5:22:17,3:47:05,0:07:21,0:06:01,10:40:02,4638,19337,13625,441,361,38402,685,629,159,1447,1283,313,877,806,209,685,629,159,Finisher,3182
Matias,Carnaghi,Matias Carnaghi,1532,M45-49,Male,SAN FRANCISCO,AR-X,Argentina,AR,1:05:21,5:32:47,3:49:04,0:07:08,0:05:42,10:40:02,3921,19967,13744,428,342,38402,686,630,110,582,530,86,849,780,145,686,630,110,Finisher,3541
Jonas,Cavalcante De Lucena Filho,Jonas Cavalcante De Lucena Filho,905,M40-44,Male,Recife,PE,Brazil,BR,1:08:35,5:17:19,3:57:46,0:10:42,0:05:45,10:40:08,4115,19039,14266,642,345,38408,687,631,160,818,742,180,702,654,171,687,631,160,Finisher,3181
Ricardo,Antonio Zachow Ost,Ricardo Antonio Zachow Ost,944,M40-44,Male,,,Brazil,BR,1:10:48,5:29:51,3:45:09,0:06:41,0:07:40,10:40:09,4248,19791,13509,401,460,38409,688,632,161,980,888,216,884,813,211,688,632,161,Finisher,3180
Rafael,Martiniano De Miranda Moura,Rafael Martiniano De Miranda Moura,1154,M40-44,Male,Belo Horizonte,BR-BR-MG,Brazil,BR,1:13:59,4:59:09,4:12:42,0:08:54,0:05:38,10:40:23,4439,17949,15162,534,338,38423,689,633,162,1225,1100,272,461,433,111,689,633,162,Finisher,3178
Eduardo,Fernandes Silva,Eduardo Fernandes Silva,896,M40-44,Male,São José dos Campos,SAO PAULO,Brazil,BR,1:16:55,5:07:21,4:04:31,0:05:48,0:05:51,10:40:26,4615,18441,14671,348,351,38426,690,634,163,1425,1264,310,585,546,139,690,634,163,Finisher,3177
Fernanda,Pileggi,Fernanda Pileggi,526,F35-39,Female,São Paulo,BR-SP,Brazil,BR,1:06:54,5:22:48,3:57:46,0:07:27,0:05:35,10:40:30,4014,19368,14266,447,335,38430,691,57,12,697,63,9,716,50,11,691,57,12,Finisher,4134
ALEJANDRO,REBELO,ALEJANDRO REBELO,1808,M50-54,Male,RIO DE JANEIRO,BR-RJ,Brazil,BR,1:12:25,5:14:53,3:58:27,0:05:21,0:09:41,10:40:46,4345,18893,14307,321,581,38446,692,635,41,1113,1004,99,626,584,42,692,635,41,Finisher,3502
helena,pollis,helena pollis,224,F18-24,Female,Curitiba,PR,Brazil,BR,1:11:15,5:14:02,4:03:27,0:07:28,0:04:39,10:40:52,4275,18842,14607,448,279,38452,693,58,3,1014,96,5,631,43,1,693,58,3,Finisher,4737
RONEI,GARCIA DE OLIVEIRA,RONEI GARCIA DE OLIVEIRA,1103,M40-44,Male,VARZEA GRANDE,MT,Brazil,BR,1:04:47,5:24:00,4:00:56,0:05:50,0:05:22,10:40:55,3887,19440,14456,350,322,38455,694,636,164,550,500,123,663,616,159,694,636,164,Finisher,3171
Rhangel,Toda,Rhangel Toda,1449,M45-49,Male,Goiania,Goiás,Brazil,BR,1:25:19,5:15:24,3:38:50,0:14:19,0:07:05,10:40:57,5119,18924,13130,859,425,38457,695,637,111,1773,1547,293,1007,917,177,695,637,111,Finisher,3530
Paulo ,Mancini,Paulo Mancini,180,M25-29,Male,São Paulo,SAO PAULO,Brazil,BR,1:19:49,5:29:50,3:39:51,0:07:25,0:04:09,10:41:04,4789,19790,13191,445,249,38464,696,638,41,1587,1392,70,1041,947,51,696,638,41,Finisher,3219
Felipe,Meazzini,Felipe Meazzini,405,M30-34,Male,são paulo,Sp,Brazil,BR,1:15:09,5:29:50,3:43:15,0:07:37,0:05:19,10:41:11,4509,19790,13395,457,319,38471,697,639,83,1315,1173,134,966,882,107,697,639,83,Finisher,3600
Maria,Medved,Maria Medved,244,F30-34,Female,Brasilia,BR-DF,Brazil,BR,1:15:45,5:38:12,3:36:41,0:06:58,0:03:39,10:41:17,4545,20292,13001,418,219,38477,698,59,7,1354,149,22,1101,102,12,698,59,7,Finisher,4202
Isadora,Ruiz Milani,Isadora Ruiz Milani,279,F35-39,Female,Pederneiras,São Paulo,Brazil,BR,0:56:33,5:24:05,4:12:05,0:05:13,0:03:32,10:41:27,3393,19445,15125,313,212,38487,699,60,13,143,19,2,526,32,7,699,60,13,Finisher,4123
Adriano,Alves De Araujo,Adriano Alves De Araujo,924,M40-44,Male,Guarulhos,SP,Brazil,BR,1:19:24,5:25:25,3:43:47,0:06:05,0:06:46,10:41:28,4764,19525,13427,365,406,38488,700,640,165,1563,1371,342,944,867,221,700,640,165,Finisher,3165
Ramon,Weirich Lazzari,Ramon Weirich Lazzari,420,M30-34,Male,Farroupilha,RS,Brazil,BR,1:03:48,5:25:53,3:59:04,0:08:30,0:04:17,10:41:32,3828,19553,14344,510,257,38492,701,641,84,482,439,57,734,682,87,701,641,84,Finisher,3596
RODRIGO,ALVES DE SOUZA,RODRIGO ALVES DE SOUZA,1738,M45-49,Male,ARARAQUARA,SP,Brazil,BR,1:09:09,5:27:29,3:54:02,0:06:14,0:04:38,10:41:33,4149,19649,14042,374,278,38493,702,642,112,859,781,148,816,753,140,702,642,112,Finisher,3522
MARCO,ANTONIO RIBEIRO,MARCO ANTONIO RIBEIRO,1478,M45-49,Male,TOLEDO,PR,Brazil,BR,1:36:09,5:13:03,3:42:26,0:06:44,0:03:12,10:41:34,5769,18783,13346,404,192,38494,703,643,113,1890,1633,316,1023,931,179,703,643,113,Finisher,3522
Paola Lorena,Delcre,Paola Lorena Delcre,563,F40-44,Female,CORDOBA,AR-X,Argentina,AR,1:00:14,5:50:27,3:37:50,0:07:40,0:05:30,10:41:41,3614,21027,13070,460,330,38501,704,61,9,286,31,5,1064,97,17,704,61,9,Finisher,3876
Carlos Rafael,Bertolini,Carlos Rafael Bertolini,1468,M45-49,Male,BRUSQUE,BR-SC,Brazil,BR,1:12:32,5:31:16,3:44:12,0:09:22,0:04:24,10:41:47,4352,19876,13452,562,264,38507,705,644,114,1127,1016,198,974,890,168,705,644,114,Finisher,3520
Andre,Lucas Fontana Berto,Andre Lucas Fontana Berto,1174,M40-44,Male,Catanduva,SP,Brazil,BR,1:16:31,5:27:04,3:45:00,0:08:39,0:04:38,10:41:52,4591,19624,13500,519,278,38512,706,645,166,1405,1246,302,960,877,223,706,645,166,Finisher,3160
Nailson,Morais,Nailson Morais,1211,M40-44,Male,São paulo,SOLTEIRO(A),Brazil,BR,1:12:12,5:19:23,3:58:57,0:08:14,0:03:32,10:42:18,4332,19163,14337,494,212,38538,707,646,167,1092,986,242,768,710,190,707,646,167,Finisher,3155
Emilio,Petry Neto,Emilio Petry Neto,1585,M45-49,Male,Florianopolis,Santa catarina,Brazil,BR,0:58:35,4:56:27,4:35:51,0:06:33,0:04:52,10:42:19,3515,17787,16551,393,292,38539,708,647,115,211,187,30,220,207,35,708,647,115,Finisher,3513
Jonatan,Edgardo Fischer,Jonatan Edgardo Fischer,810,M35-39,Male,Buenos Aires,B,Argentina,AR,1:11:35,5:19:02,3:47:57,0:16:25,0:07:21,10:42:19,4295,19142,13677,985,441,38539,709,648,143,1038,938,178,878,807,163,709,648,143,Finisher,3363
caio césar,da silva,caio césar da silva,354,M30-34,Male,Taubaté,São Paulo,Brazil,BR,1:12:54,5:11:47,4:07:46,0:06:59,0:03:08,10:42:34,4374,18707,14866,419,188,38554,710,649,85,1155,1042,124,610,570,77,710,649,85,Finisher,3583
Guilherme,Arocha Braga,Guilherme Arocha Braga,283,M30-34,Male,,,Brazil,BR,1:10:01,5:34:02,3:49:05,0:06:41,0:02:50,10:42:38,4201,20042,13745,401,170,38558,711,650,86,925,837,100,938,862,105,711,650,86,Finisher,3582
Andreia,Martins Dos Santos,Andreia Martins Dos Santos,521,F35-39,Female,Ponta Grossa,PR,Brazil,BR,1:04:37,5:23:46,4:04:55,0:05:56,0:03:27,10:42:40,3877,19426,14695,356,207,38560,712,62,14,539,49,8,655,45,9,712,62,14,Finisher,4108
Alejandro,Silva,Alejandro Silva,385,M30-34,Male,Montevideo,MONTEVIDEO,Uruguay,UY,1:07:47,5:39:48,3:40:44,0:09:34,0:04:54,10:42:46,4067,20388,13244,574,294,38566,713,651,87,754,684,86,1044,949,111,713,651,87,Finisher,3581
Kevin,MacGibbon,Kevin MacGibbon,1439,M45-49,Male,Tigre,AR-B,Argentina,AR,1:09:44,5:10:57,4:08:15,0:09:19,0:04:35,10:42:50,4184,18657,14895,559,275,38570,714,652,116,895,810,154,582,543,95,714,652,116,Finisher,3507
Diogo,Stringari,Diogo Stringari,1052,M40-44,Male,Curitiba,PR,Brazil,BR,1:05:19,5:26:17,3:58:01,0:07:34,0:05:41,10:42:52,3919,19577,14281,454,341,38572,715,653,168,581,529,134,757,701,184,715,653,168,Finisher,3148
Túlio,Citadin Gonçalves,Túlio Citadin Gonçalves,671,M35-39,Male,Florianópolis,Santa Catarina,Brazil,BR,1:16:33,5:22:07,3:51:33,0:07:23,0:05:18,10:42:53,4593,19327,13893,443,318,38573,716,654,144,1407,1248,225,862,793,161,716,654,144,Finisher,3356
Tayana,Castelli,Tayana Castelli,559,F40-44,Female,Madison,AL,United States,US,1:09:25,5:35:32,3:49:33,0:05:36,0:02:54,10:43:00,4165,20132,13773,336,174,38580,717,63,10,875,81,15,933,76,11,717,63,10,Finisher,3860
Joao,Victor Giorgio De Lucca,Joao Victor Giorgio De Lucca,453,M30-34,Male,Sao Paulo,SP,Brazil,BR,1:04:06,5:16:11,4:04:22,0:09:19,0:09:06,10:43:05,3846,18971,14662,559,546,38585,718,655,88,500,456,59,578,541,71,718,655,88,Finisher,3577
Pablo,Nisivoccia ,Pablo Nisivoccia,1159,M40-44,Male,Malvin,UY-MO,Uruguay,UY,1:04:54,5:18:43,4:08:43,0:05:57,0:04:49,10:43:06,3894,19123,14923,357,289,38586,719,656,169,555,503,125,577,540,137,719,656,169,Finisher,3145
Douglas,Leandro Domingues Dias,Douglas Leandro Domingues Dias,937,M40-44,Male,Vespasiano,Minas Gerais,Brazil,BR,1:13:30,5:16:14,4:00:26,0:07:16,0:05:42,10:43:08,4410,18974,14426,436,342,38588,720,657,170,1196,1075,264,711,662,173,720,657,170,Finisher,3145
Juan,Thedim,Juan Thedim,675,M35-39,Male,São Paulo,SP,Brazil,BR,1:09:29,5:56:03,3:21:35,0:09:02,0:07:03,10:43:12,4169,21363,12095,542,423,38592,721,658,145,878,797,159,1282,1157,220,721,658,145,Finisher,3352
Federico,Martin,Federico Martin,1402,M45-49,Male,Marcos Juárez,AR-X,Argentina,AR,0:59:52,5:26:51,4:06:05,0:06:30,0:03:53,10:43:12,3592,19611,14765,390,233,38592,722,659,117,270,242,34,639,595,108,722,659,117,Finisher,3503
Douglas,Rodrigues Leonel,Douglas Rodrigues Leonel,469,M30-34,Male,Guarapuava,PR,Brazil,BR,1:11:07,5:15:08,4:03:13,0:07:28,0:06:18,10:43:14,4267,18908,14593,448,378,38594,723,660,89,1006,913,107,648,604,80,723,660,89,Finisher,3575
Jesse,Carvalho,Jesse Carvalho,1298,M40-44,Male,Sorocaba,São Paulo,Brazil,BR,1:10:52,5:21:04,4:01:30,0:05:12,0:04:47,10:43:25,4252,19264,14490,312,287,38605,724,661,171,988,895,220,715,666,176,724,661,171,Finisher,3141
Luis,Gustavo Albuquerque,Luis Gustavo Albuquerque,396,M30-34,Male,Jaragua Do Sul,SC,Brazil,BR,1:17:12,5:31:59,3:36:09,0:10:25,0:07:47,10:43:32,4632,19919,12969,625,467,38612,725,662,90,1438,1276,144,1083,985,114,725,662,90,Finisher,3572
Andre,Gustavo Barreto De Siqueira,Andre Gustavo Barreto De Siqueira,1721,M45-49,Male,Recife,PE,Brazil,BR,1:07:34,5:31:34,3:54:23,0:05:56,0:04:05,10:43:32,4054,19894,14063,356,245,38612,726,663,118,735,669,117,843,775,144,726,663,118,Finisher,3499
Rodrigo,Vilela,Rodrigo Vilela,723,M35-39,Male,Pocos De Caldas,MG,Brazil,BR,0:59:39,5:35:02,3:54:49,0:07:14,0:06:49,10:43:34,3579,20102,14089,434,409,38614,727,664,146,256,228,48,807,745,146,727,664,146,Finisher,3348
Tomas,Girardi Rodrigues,Tomas Girardi Rodrigues,631,M35-39,Male,Porto Alegre,RS,Brazil,BR,1:02:47,5:31:45,3:56:09,0:07:31,0:05:25,10:43:37,3767,19905,14169,451,325,38617,728,665,147,425,387,83,808,746,147,728,665,147,Finisher,3347
Gabriela,Veiga,Gabriela Veiga,543,F40-44,Female,Curitiba,PR,Brazil,BR,1:03:51,5:18:03,4:09:34,0:07:19,0:04:54,10:43:41,3831,19083,14974,439,294,38621,729,64,11,487,44,8,574,37,6,729,64,11,Finisher,3852
Ignacio,Saborido,Ignacio Saborido,170,M25-29,Male,La Plata,Buenos Aires Province,Argentina,AR,1:01:38,5:51:58,3:42:11,0:04:56,0:03:02,10:43:44,3698,21118,13331,296,182,38624,730,666,42,374,338,16,1066,969,53,730,666,42,Finisher,3187
FABRICIO,CERVANTES DE AQUINO,FABRICIO CERVANTES DE AQUINO,1735,M45-49,Male,RIO DE JANEIRO,RJ,Brazil,BR,1:07:52,5:13:57,4:08:07,0:08:28,0:05:28,10:43:52,4072,18837,14887,508,328,38632,731,667,119,761,690,123,589,550,97,731,667,119,Finisher,3495
Thiago,Amaral,Thiago Amaral,639,M35-39,Male,Itaquaquecetuba,SP,Brazil,BR,1:12:54,5:24:16,3:52:24,0:08:10,0:06:14,10:43:58,4374,19456,13944,490,374,38638,732,668,148,1156,1043,197,851,782,156,732,668,148,Finisher,3343
Vitor,Fontanari,Vitor Fontanari,749,M35-39,Male,Porto Alegre,RS,Brazil,BR,0:58:06,5:11:16,4:18:05,0:08:18,0:08:16,10:44:01,3486,18676,15485,498,496,38641,733,669,149,195,174,33,405,378,89,733,669,149,Finisher,3342
Sergio,Hess de Souza Filho,Sergio Hess de Souza Filho,315,M30-34,Male,Blumenau,SC,Brazil,BR,1:14:07,5:39:57,3:38:53,0:07:46,0:03:24,10:44:06,4447,20397,13133,466,204,38646,734,670,91,1235,1108,130,1111,1008,119,734,670,91,Finisher,3565
Soelen,Cracco Bozza,Soelen Cracco Bozza,495,F35-39,Female,Curitiba,PR,Brazil,BR,0:55:53,5:34:12,4:02:59,0:07:09,0:04:18,10:44:32,3353,20052,14579,429,258,38672,735,65,15,121,16,1,718,51,12,735,65,15,Finisher,4086
Maria,Riquelme Boettner,Maria Riquelme Boettner,263,F30-34,Female,asuncion,Distrito Capital,Paraguay,PY,1:19:22,5:30:53,3:46:01,0:05:46,0:02:45,10:44:47,4762,19853,13561,346,165,38687,736,66,8,1562,192,30,1026,93,11,736,66,8,Finisher,4160
Emerson,Alves Ribeiro,Emerson Alves Ribeiro,1574,M45-49,Male,,,Brazil,BR,1:14:21,5:18:49,3:57:59,0:08:54,0:04:53,10:44:56,4461,19129,14279,534,293,38696,737,671,120,1252,1121,217,809,747,138,737,671,120,Finisher,3482
Diogo,Oliveira Aguiar,Diogo Oliveira Aguiar,1002,M40-44,Male,Goiania,GO,Brazil,BR,1:11:42,5:20:58,3:54:13,0:12:31,0:05:37,10:45:02,4302,19258,14053,751,337,38702,738,672,172,1053,953,236,847,778,204,738,672,172,Finisher,3122
HELIO,DA SILVA JUNIOR,HELIO DA SILVA JUNIOR,1845,M50-54,Male,PELOTAS,RS,Brazil,BR,1:08:54,5:28:35,3:52:43,0:09:09,0:05:42,10:45:03,4134,19715,13963,549,342,38703,739,673,42,840,763,67,872,801,65,739,673,42,Finisher,3450
Walter ,Lago,Walter Lago,1948,M50-54,Male,escobar,AR-B,Argentina,AR,1:06:02,5:23:52,4:01:29,0:05:58,0:07:51,10:45:13,3962,19432,14489,358,471,38713,740,674,43,637,578,49,684,637,45,740,674,43,Finisher,3448
Fabio,Martins Katerenhuk,Fabio Martins Katerenhuk,336,M30-34,Male,Curitiba,Paraná,Brazil,BR,1:10:14,5:19:47,3:54:27,0:10:53,0:09:54,10:45:15,4214,19187,14067,653,594,38715,741,675,92,935,846,101,789,730,92,741,675,92,Finisher,3551
Diego,Barroso Oquendo,Diego Barroso Oquendo,1255,M40-44,Male,Boa Vista,BR-RR,Brazil,BR,1:06:47,5:23:15,4:05:29,0:06:21,0:03:27,10:45:19,4007,19395,14729,381,207,38719,742,676,173,688,627,153,693,645,169,742,676,173,Finisher,3118
Jose,Alexandrino De Araujo Neto,Jose Alexandrino De Araujo Neto,718,M35-39,Male,Maceio,AL,Brazil,BR,1:07:00,5:25:09,4:04:20,0:05:46,0:03:07,10:45:21,4020,19509,14660,346,187,38721,743,677,150,707,642,132,728,676,140,743,677,150,Finisher,3326
Glauber,Marinho,Glauber Marinho,692,M35-39,Male,Santarem,PA,Brazil,BR,1:11:08,5:31:46,3:52:13,0:05:24,0:05:04,10:45:35,4268,19906,13933,324,304,38735,744,678,151,1008,915,176,900,828,167,744,678,151,Finisher,3324
Pedro Luis,Nitoli,Pedro Luis Nitoli,1195,M40-44,Male,São Paulo,BR-SP,Brazil,BR,1:12:22,5:36:32,3:42:44,0:10:02,0:03:57,10:45:37,4342,20192,13364,602,237,38737,745,679,174,1104,997,245,1071,974,244,745,679,174,Finisher,3115
Fernando,Araujo,Fernando Araujo,1659,M45-49,Male,Niteroi,Rio de Janeiro,Brazil,BR,1:07:40,5:24:39,4:04:54,0:04:05,0:04:21,10:45:39,4060,19479,14694,245,261,38739,746,680,121,741,675,120,694,646,115,746,680,121,Finisher,3473
DELAMAR,SILVA FILHO,DELAMAR SILVA FILHO,942,M40-44,Male,FLORIANOPOLIS,SC,Brazil,BR,1:10:02,5:15:00,4:09:44,0:06:44,0:04:14,10:45:44,4202,18900,14984,404,254,38744,747,681,175,927,839,204,611,571,145,747,681,175,Finisher,3113
Thiago,Calgaro,Thiago Calgaro,1457,M45-49,Male,curitiba,Paraná,Brazil,BR,1:07:02,5:24:17,4:03:59,0:06:09,0:04:20,10:45:47,4022,19457,14639,369,260,38747,748,682,122,711,646,112,721,670,123,748,682,122,Finisher,3472
Guilherme,Fonseca Freire,Guilherme Fonseca Freire,1015,M40-44,Male,Araras,SP,Brazil,BR,1:11:36,5:24:37,3:57:59,0:08:14,0:03:24,10:45:49,4296,19477,14279,494,204,38749,749,683,176,1042,942,234,835,769,202,749,683,176,Finisher,3112
diogo,nolasco,diogo nolasco,927,M40-44,Male,Guaçuí,Espírito Santo,Brazil,BR,1:05:02,5:25:32,4:02:56,0:06:13,0:06:14,10:45:57,3902,19532,14576,373,374,38757,750,684,177,561,509,127,709,660,172,750,684,177,Finisher,3111
Maria Fernanda,Cerviño,Maria Fernanda Cerviño,1380,F45-49,Female,Mar del Plata,AR-B,Argentina,AR,1:16:28,5:42:45,3:33:57,0:07:41,0:05:14,10:46:06,4588,20565,12837,461,314,38766,751,67,11,1401,158,31,1194,113,24,751,67,11,Finisher,4107
Rafael,Moraes,Rafael Moraes,1105,M40-44,Male,Guaçuí,,Brazil,BR,1:12:22,5:21:10,4:02:31,0:06:25,0:03:40,10:46:08,4342,19270,14551,385,220,38768,752,685,178,1105,998,246,771,713,192,752,685,178,Finisher,3109
Marcel,Dias Almeida,Marcel Dias Almeida,2140,M60-64,Male,Cuiabá,BR-MT,Brazil,BR,1:10:35,5:30:27,3:54:30,0:06:14,0:04:38,10:46:25,4235,19827,14070,374,278,38785,753,686,4,962,872,14,883,812,13,753,686,4,Finisher,4420
Leandro,De Oliveira Sant Ana,Leandro De Oliveira Sant Ana,1286,M40-44,Male,,,Brazil,BR,1:07:40,5:32:09,3:45:27,0:14:14,0:06:59,10:46:29,4060,19929,13527,854,419,38789,754,687,179,742,676,165,990,904,232,754,687,179,Finisher,3104
Larissa,Bastos Tavares,Larissa Bastos Tavares,1987,F50-54,Female,Rio de janeiro,Rio de janeiro,Brazil,BR,1:10:03,5:27:51,3:59:43,0:05:36,0:03:26,10:46:40,4203,19671,14383,336,206,38800,755,68,2,928,89,5,824,65,1,755,68,2,Finisher,4913
Gustavo,Barbosa Da Cruz Silva,Gustavo Barbosa Da Cruz Silva,146,M25-29,Male,Praia Grande,SP,Brazil,BR,1:12:06,5:33:34,3:50:49,0:06:35,0:03:43,10:46:46,4326,20014,13849,395,223,38806,756,688,43,1085,980,55,961,878,46,756,688,43,Finisher,3151
LEONARDO,AFONSO PONTES,LEONARDO AFONSO PONTES,1739,M45-49,Male,RIBEIRAO PRETO,SP,Brazil,BR,1:11:50,5:10:09,4:15:58,0:05:14,0:03:37,10:46:48,4310,18609,15358,314,217,38808,757,689,123,1062,961,188,548,515,89,757,689,123,Finisher,3459
Fredson,Silva,Fredson Silva,1505,M45-49,Male,porto alegre,RIO GRANDE DO SUL,Brazil,BR,1:06:22,5:26:55,3:58:32,0:08:19,0:06:44,10:46:52,3982,19615,14312,499,404,38812,758,690,124,655,594,98,800,740,137,758,690,124,Finisher,3459
GABRIELA,DE CONTO BETT,GABRIELA DE CONTO BETT,551,F40-44,Female,MEDIANEIRA,PR,Brazil,BR,1:14:16,5:32:50,3:51:05,0:06:36,0:02:12,10:46:59,4456,19970,13865,396,132,38819,759,69,12,1247,131,24,983,86,14,759,69,12,Finisher,3812
Matheus,Moura Abbud Pena,Matheus Moura Abbud Pena,386,M30-34,Male,Belo Horizonte,MG,Brazil,BR,1:18:11,5:15:06,3:56:23,0:08:57,0:08:28,10:47:04,4691,18906,14183,537,508,38824,760,691,93,1503,1325,155,811,748,94,760,691,93,Finisher,3529
Diego,Vazquez,Diego Vazquez,782,M35-39,Male,Ciudad del Plata,San José,Uruguay,UY,1:14:04,5:36:44,3:44:52,0:06:18,0:05:18,10:47:14,4444,20204,13492,378,318,38834,761,692,152,1228,1103,203,1043,948,194,761,692,152,Finisher,3304
David,Pessoa Morano,David Pessoa Morano,1254,M40-44,Male,,,Brazil,BR,1:05:11,5:40:39,3:39:32,0:13:33,0:08:29,10:47:24,3911,20439,13172,813,509,38844,762,693,180,574,522,133,1080,982,245,762,693,180,Finisher,3093
Felipe,Avila- Rato,Felipe Avila- Rato,1644,M45-49,Male,Pelotas,BR-RS,Brazil,BR,1:04:28,5:46:09,3:45:26,0:07:29,0:03:56,10:47:27,3868,20769,13526,449,236,38847,763,694,125,528,481,75,1058,962,187,763,694,125,Finisher,3452
George,Silveira Pereira,George Silveira Pereira,1859,M50-54,Male,Aracaju,SE,Brazil,BR,1:16:48,5:29:55,3:46:31,0:07:03,0:07:13,10:47:31,4608,19795,13591,423,433,38851,764,695,44,1421,1260,144,985,899,77,764,695,44,Finisher,3421
Leonardo,Accorsi Leonardo Accorsi,Leonardo Accorsi Leonardo Accorsi,1267,M40-44,Male,serra negra,sp,Brazil,BR,1:10:30,5:26:17,3:55:43,0:09:32,0:05:29,10:47:32,4230,19577,14143,572,329,38852,765,696,181,951,862,211,868,798,208,765,696,181,Finisher,3092
Diego,Galindez,Diego Galindez,1885,M50-54,Male,Escobar,AR-B,Argentina,AR,1:06:42,5:35:47,3:54:05,0:05:06,0:05:52,10:47:33,4002,20147,14045,306,352,38853,766,697,45,681,620,53,890,819,68,766,697,45,Finisher,3420
Gilberto,Ivanaga Neto,Gilberto Ivanaga Neto,652,M35-39,Male,Londrina,BR-PR,Brazil,BR,1:17:48,5:32:32,3:45:52,0:07:24,0:04:03,10:47:39,4668,19952,13552,444,243,38859,767,698,153,1481,1309,235,1050,955,195,767,698,153,Finisher,3299
Jorge,Roberto Mendonca De Oliveira Filho,Jorge Roberto Mendonca De Oliveira Filho,1037,M40-44,Male,Aracaju,SERGIPE,Brazil,BR,1:16:33,5:27:01,3:51:47,0:07:05,0:05:21,10:47:47,4593,19621,13907,425,321,38867,768,699,182,1410,1251,305,937,861,220,768,699,182,Finisher,3089
Joao,Henrique Mendonca Moreira,Joao Henrique Mendonca Moreira,1046,M40-44,Male,Niteroi,RJ,Brazil,BR,0:57:18,5:23:31,4:16:54,0:04:26,0:05:40,10:47:50,3438,19411,15414,266,340,38870,769,700,183,167,147,29,515,485,123,769,700,183,Finisher,3088
Rafael,Mendes,Rafael Mendes,173,M25-29,Male,Brasília,Distrito Federal ,Brazil,BR,1:12:57,5:43:26,3:39:21,0:08:01,0:04:06,10:47:52,4377,20606,13161,481,246,38872,770,701,44,1160,1047,58,1155,1049,58,770,701,44,Finisher,3138
Renan,Martins,Renan Martins,873,M35-39,Male,Curitiba,PR,Brazil,BR,1:11:16,5:18:25,3:59:22,0:10:30,0:08:20,10:47:53,4276,19105,14362,630,500,38873,771,702,154,1016,920,177,775,717,143,771,702,154,Finisher,3296
EDUARDO,BRUNORO,EDUARDO BRUNORO,1768,M50-54,Male,São Paulo,São Paulo,Brazil,BR,1:05:35,5:23:22,4:05:36,0:09:21,0:04:00,10:47:55,3935,19402,14736,561,240,38875,772,703,46,604,548,43,737,685,50,772,703,46,Finisher,3416
PABLO,LEANDRO IENTILEZZA,PABLO LEANDRO IENTILEZZA,1767,M50-54,Male,BUENOS AIRES,B,Argentina,AR,1:02:01,5:29:19,4:03:00,0:06:58,0:06:42,10:48:00,3721,19759,14580,418,402,38880,773,704,47,388,352,28,736,684,49,773,704,47,Finisher,3415
Maximiliano,Barbarisi,Maximiliano Barbarisi,1853,M50-54,Male,Trelew,,Argentina,AR,1:14:00,5:44:45,3:37:07,0:06:07,0:06:16,10:48:14,4440,20685,13027,367,376,38894,774,705,48,1227,1102,114,1162,1054,94,774,705,48,Finisher,3412
Timoteo Jose,Balbin,Timoteo Jose Balbin,130,M18-24,Male,Florentino Ameghino,BUENOS AIRES,Argentina,AR,,5:49:47,3:43:46,0:00:00,0:04:08,10:48:22,0,20987,13426,0,248,38902,775,706,15,99999,99999,99999,1094,994,20,775,706,15,Finisher,3264
Cristian,Querejeta,Cristian Querejeta,1144,M40-44,Male,Mar del plata,Buenos Aires,Argentina,AR,1:11:35,5:35:03,3:44:50,0:10:20,0:06:36,10:48:24,4295,20103,13490,620,396,38904,776,707,184,1040,940,233,1040,946,239,776,707,184,Finisher,3081
Eduardo,Macul Ferreira De Barros,Eduardo Macul Ferreira De Barros,393,M30-34,Male,Sao Paulo,SP,Brazil,BR,1:17:16,5:27:45,3:42:00,0:13:32,0:07:52,10:48:25,4636,19665,13320,812,472,38905,777,708,94,1446,1282,146,1067,970,113,777,708,94,Finisher,3513
Graziela,Tomasi Bertolini,Graziela Tomasi Bertolini,574,F40-44,Female,BRUSQUE,SANTA CATARINA,Brazil,BR,1:21:16,5:30:50,3:43:09,0:08:32,0:04:42,10:48:30,4876,19850,13389,512,282,38910,778,70,13,1642,206,44,1095,101,18,778,70,13,Finisher,3794
Felipe,Henrique Da Rocha Teixeira,Felipe Henrique Da Rocha Teixeira,1004,M40-44,Male,Sousa,PB,Brazil,BR,1:09:47,5:31:39,3:54:34,0:08:10,0:04:25,10:48:35,4187,19899,14074,490,265,38915,779,709,185,900,815,197,923,849,216,779,709,185,Finisher,3079
Gabriel,Saboia Sandri,Gabriel Saboia Sandri,657,M35-39,Male,Porto Alegre,Rio Grande do Sul,Brazil,BR,1:06:39,5:29:21,4:00:36,0:06:47,0:05:14,10:48:38,3999,19761,14436,407,314,38918,780,710,155,676,615,126,814,751,148,780,710,155,Finisher,3287
Gabriel,Pedigone,Gabriel Pedigone,421,M30-34,Male,FRANCA,SÃO PAULO,Brazil,BR,1:05:24,5:10:14,4:18:22,0:09:25,0:05:19,10:48:44,3924,18614,15502,565,319,38924,781,711,95,586,533,70,511,481,63,781,711,95,Finisher,3509
Martin,Cabral,Martin Cabral,648,M35-39,Male,Asunción,Distrito Capital,Paraguay,PY,1:17:10,5:19:37,3:57:06,0:08:24,0:06:31,10:48:48,4630,19177,14226,504,391,38928,782,712,156,1436,1274,230,846,777,155,782,712,156,Finisher,3285
Alexandre,Donin,Alexandre Donin,685,M35-39,Male,Chapeco,,Brazil,BR,1:24:13,5:25:50,3:42:50,0:08:50,0:07:09,10:48:52,5053,19550,13370,530,429,38932,783,713,157,1739,1517,265,1070,973,200,783,713,157,Finisher,3284
Lucas,Cintra Silva,Lucas Cintra Silva,872,M35-39,Male,FRANCA,SÃO PAULO,Brazil,BR,0:58:09,5:28:12,4:07:46,0:08:38,0:06:21,10:49:06,3489,19692,14866,518,381,38946,784,714,158,198,177,34,667,620,129,784,714,158,Finisher,3281
Luis,Felipe Wallauer Ferreira,Luis Felipe Wallauer Ferreira,614,M35-39,Male,Lajeado,RS,Brazil,BR,1:15:13,5:11:51,4:05:58,0:10:08,0:05:56,10:49:06,4513,18711,14758,608,356,38946,785,715,159,1320,1178,211,717,667,138,785,715,159,Finisher,3281
Gabriela,Maira Santos Silva,Gabriela Maira Santos Silva,234,F25-29,Female,São Paulo,São Paulo,Brazil,BR,1:06:59,5:20:07,4:11:36,0:07:26,0:03:04,10:49:12,4019,19207,15096,446,184,38952,786,71,4,706,65,4,661,47,2,786,71,4,Finisher,4000
German,Pedro Gayraud,German Pedro Gayraud,1335,M40-44,Male,Cordoba,AR-X,Argentina,AR,0:53:33,5:16:36,4:32:09,0:04:43,0:02:15,10:49:17,3213,18996,16329,283,135,38957,787,716,186,75,64,7,372,348,84,787,716,186,Finisher,3071
Kaue,Bariani,Kaue Bariani,737,M35-39,Male,,,Brazil,BR,1:07:42,5:34:51,3:56:36,0:06:52,0:03:20,10:49:21,4062,20091,14196,412,200,38961,788,717,160,744,678,136,917,843,169,788,717,160,Finisher,3278
MARCOS,PAULO MORO,MARCOS PAULO MORO,1932,M50-54,Male,DOURADOS,BR-MS,Brazil,BR,1:14:09,5:30:38,3:54:09,0:06:02,0:04:56,10:49:55,4449,19838,14049,362,296,38995,789,718,49,1238,1109,116,940,864,74,789,718,49,Finisher,3392
Andre,Simoes,Andre Simoes,976,M40-44,Male,Rio de janeiro,,Brazil,BR,1:06:41,5:09:11,4:18:32,0:08:27,0:07:11,10:50:02,4001,18551,15512,507,431,39002,790,719,187,677,616,150,498,468,119,790,719,187,Finisher,3062
Elton ,Steil,Elton Steil,1627,M45-49,Male,Blumenau,BR-SC,Brazil,BR,1:09:49,5:45:11,3:32:44,0:14:52,0:07:29,10:50:06,4189,20711,12764,892,449,39006,791,720,126,908,823,155,1233,1115,225,791,720,126,Finisher,3420
Paulo,Britto,Paulo Britto,1691,M45-49,Male,Caxias do Sul,RIO GRANDE DO SUL,Brazil,BR,1:11:05,5:31:18,3:50:00,0:09:35,0:08:12,10:50:10,4265,19878,13800,575,492,39010,792,721,127,1004,911,173,956,873,164,792,721,127,Finisher,3419
Marcio,Tanaka,Marcio Tanaka,1598,M45-49,Male,Sao Roque,SP,Brazil,BR,0:58:45,5:20:15,4:22:40,0:06:02,0:02:42,10:50:23,3525,19215,15760,362,162,39023,793,722,128,222,198,31,509,479,80,793,722,128,Finisher,3416
Mario,Jose De Mello Soares Junior,Mario Jose De Mello Soares Junior,1095,M40-44,Male,Curitiba,PR,Brazil,BR,1:03:32,5:32:12,4:01:44,0:08:18,0:04:38,10:50:25,3812,19932,14504,498,278,39025,794,723,188,463,422,107,829,763,200,794,723,188,Finisher,3057
Rodrigo,Russo,Rodrigo Russo,666,M35-39,Male,Santana De Parnaíba ,SP,Brazil,BR,1:10:46,5:24:00,3:58:06,0:10:52,0:06:43,10:50:28,4246,19440,14286,652,403,39028,795,724,161,978,886,175,855,786,158,795,724,161,Finisher,3265
veronica,Gomez,veronica Gomez,1377,F45-49,Female,,,Argentina,AR,1:10:42,5:19:23,4:10:23,0:06:39,0:03:38,10:50:44,4242,19163,15023,399,218,39044,796,72,12,968,92,16,708,49,9,796,72,12,Finisher,4052
Eduardo,Pugnali,Eduardo Pugnali,1864,M50-54,Male,São Paulo,SP,Brazil,BR,1:01:39,5:43:39,3:44:07,0:11:27,0:09:54,10:50:47,3699,20619,13447,687,594,39047,797,725,50,376,340,26,1037,943,81,797,725,50,Finisher,3381
Jose,Grossi Neto,Jose Grossi Neto,1040,M40-44,Male,Sao Paulo,SP,Brazil,BR,1:20:11,5:35:37,3:39:29,0:09:00,0:06:31,10:50:49,4811,20137,13169,540,391,39049,798,726,189,1599,1404,352,1160,1053,264,798,726,189,Finisher,3052
Veronica Mabel,Quevedo,Veronica Mabel Quevedo,1988,F50-54,Female,San Andrés de Giles,BUENOS AIRES,Argentina,AR,1:23:47,5:33:40,3:41:26,0:07:08,0:04:49,10:50:50,5027,20020,13286,428,289,39050,799,73,3,1726,221,20,1157,107,6,799,73,3,Finisher,4863
Pedro,Martins,Pedro Martins,102,M18-24,Male,São Paulo,SP,Brazil,BR,1:01:28,5:17:15,4:15:01,0:10:04,0:07:07,10:50:55,3688,19035,15301,604,427,39055,800,727,16,358,322,13,570,534,14,800,727,16,Finisher,3233
Andre,Pinto Dos Santos,Andre Pinto Dos Santos,759,M35-39,Male,Lorena,SP,Brazil,BR,1:11:36,5:16:58,4:14:04,0:04:33,0:03:56,10:51:07,4296,19018,15244,273,236,39067,801,728,162,1043,943,180,635,591,125,801,728,162,Finisher,3257
Pedro,Suassuna Goncalves Dos Reis,Pedro Suassuna Goncalves Dos Reis,1063,M40-44,Male,Goiania,GO,Brazil,BR,0:57:30,4:56:03,4:50:51,0:03:53,0:02:57,10:51:14,3450,17763,17451,233,177,39074,802,729,190,174,154,31,180,169,36,802,729,190,Finisher,3047
Jose,Carlos Marinello Filho,Jose Carlos Marinello Filho,659,M35-39,Male,,,Brazil,BR,1:12:34,5:34:35,3:47:06,0:13:10,0:03:49,10:51:15,4354,20075,13626,790,229,39075,803,730,163,1128,1017,189,1092,992,205,803,730,163,Finisher,3256
Guillermo,tremonti,Guillermo tremonti,2083,M55-59,Male,mar del plata,AR-B,Argentina,AR,1:10:54,5:29:10,3:59:26,0:06:59,0:04:53,10:51:23,4254,19750,14366,419,293,39083,804,731,20,993,900,29,880,809,25,804,731,20,Finisher,4096
Felipe,De Medeiros,Felipe De Medeiros,688,M35-39,Male,Sao Paulo,SP,Brazil,BR,1:13:47,5:23:15,4:02:16,0:07:33,0:04:39,10:51:30,4427,19395,14536,453,279,39090,805,732,164,1214,1090,201,839,771,153,805,732,164,Finisher,3253
Michael,Morais Camargo,Michael Morais Camargo,1192,M40-44,Male,Curitiba,PR,Brazil,BR,1:01:18,5:21:59,4:20:14,0:04:14,0:03:47,10:51:31,3678,19319,15614,254,227,39091,806,733,191,351,315,78,555,522,132,806,733,191,Finisher,3044
Ana Paula,Ducatti,Ana Paula Ducatti,1381,F45-49,Female,FLORIANOPOLIS,BR-SC,Brazil,BR,1:20:39,5:30:25,3:52:32,0:05:59,0:02:00,10:51:36,4839,19825,13952,359,120,39096,807,74,13,1621,201,39,1042,95,20,807,74,13,Finisher,4041
Cecilia,Amparo Centeno,Cecilia Amparo Centeno,523,F35-39,Female,Buenos Aires,B,Argentina,AR,1:11:21,5:37:22,3:50:45,0:06:09,0:06:04,10:51:41,4281,20242,13845,369,364,39101,808,75,16,1021,98,17,1004,89,18,808,75,16,Finisher,4000
Luis,Vallejos,Luis Vallejos,1236,M40-44,Male,SANTIAGO,CL-RM,Chile,CL,1:11:16,5:40:13,3:48:38,0:06:49,0:04:47,10:51:43,4276,20413,13718,409,287,39103,809,734,192,1015,919,228,1061,965,241,809,734,192,Finisher,3042
Igor,Guimaraes,Igor Guimaraes,401,M30-34,Male,Florianopolis,BR-SC,Brazil,BR,1:05:59,5:35:40,3:57:51,0:08:14,0:04:14,10:51:57,3959,20140,14271,494,254,39117,810,735,96,634,575,77,928,853,103,810,735,96,Finisher,3471
DANILO,SERRAO PEREIRA,DANILO SERRAO PEREIRA,889,M35-39,Male,MANAUS,AM,Brazil,BR,1:10:46,5:37:14,3:47:41,0:09:54,0:06:27,10:52:02,4246,20234,13661,594,387,39122,811,736,165,977,885,174,1053,957,196,811,736,165,Finisher,3246
Rodrigo,Correa Lima,Rodrigo Correa Lima,1709,M45-49,Male,UBERLANDIA,Minas Gerais,Brazil,BR,1:07:27,5:36:07,3:46:05,0:15:37,0:07:08,10:52:24,4047,20167,13565,937,428,39144,812,737,129,727,661,115,1078,980,191,812,737,129,Finisher,3392
Kleber,Farago,Kleber Farago,1473,M45-49,Male,Ponta Grossa,parana,Brazil,BR,1:02:52,5:07:55,4:33:08,0:03:52,0:04:39,10:52:26,3772,18475,16388,232,279,39146,813,738,130,428,390,55,371,347,59,813,738,130,Finisher,3392
MARCOS,EDUARDO PEREIRA,MARCOS EDUARDO PEREIRA,1277,M40-44,Male,SAO PAULO,SP,Brazil,BR,1:03:22,5:06:12,4:31:51,0:05:55,0:05:13,10:52:33,3802,18372,16311,355,313,39153,814,739,193,454,413,104,381,357,86,814,739,193,Finisher,3032
Washington,Max Quintiliano De Queiroz,Washington Max Quintiliano De Queiroz,327,M30-34,Male,Taubate,SP,Brazil,BR,1:16:14,5:09:37,4:09:59,0:09:48,0:06:56,10:52:34,4574,18577,14999,588,416,39154,815,740,97,1389,1234,142,679,632,84,815,740,97,Finisher,3463
Isabel,Flesch Laforce,Isabel Flesch Laforce,254,F30-34,Female,Florianópolis,SANTA CATARINA,Brazil,BR,1:05:22,5:41:22,3:53:09,0:07:44,0:04:59,10:52:37,3922,20482,13989,464,299,39157,816,76,9,584,53,6,998,87,10,816,76,9,Finisher,4066
Bruno,Vieira Rodrigues Silva,Bruno Vieira Rodrigues Silva,1289,M40-44,Male,sorocaba,SP,Brazil,BR,1:03:10,5:16:02,4:22:04,0:06:24,0:04:57,10:52:37,3790,18962,15724,384,297,39157,817,741,194,443,402,101,521,490,125,817,741,194,Finisher,3031
ADONIS,FONSECA,ADONIS FONSECA,1838,M50-54,Male,ANANINDEUA,PA,Brazil,BR,1:05:51,5:27:03,4:08:17,0:06:56,0:04:35,10:52:41,3951,19623,14897,416,275,39161,818,742,51,619,562,46,769,711,53,818,742,51,Finisher,3359
Raphael,Barbosa Braga,Raphael Barbosa Braga,1116,M40-44,Male,Guaratingueta,SP,Brazil,BR,1:13:16,5:40:58,3:41:40,0:07:46,0:09:02,10:52:41,4396,20458,13300,466,542,39161,819,743,195,1183,1063,261,1112,1009,250,819,743,195,Finisher,3030
Pedro,Austin Alves,Pedro Austin Alves,607,M35-39,Male,São Paulo,São Paulo,Brazil,BR,1:06:58,5:39:21,3:52:57,0:10:03,0:03:26,10:52:46,4018,20361,13977,603,206,39166,820,744,166,704,640,131,1030,937,191,820,744,166,Finisher,3237
Diego Gustavo,Quiroga,Diego Gustavo Quiroga,2049,M55-59,Male,Mar del Plata,AR-B,Argentina,AR,1:05:43,5:21:05,4:13:33,0:07:18,0:05:08,10:52:47,3943,19265,15213,438,308,39167,821,745,21,611,555,10,652,608,13,821,745,21,Finisher,4080
Rafael,Rodrigues De Souza,Rafael Rodrigues De Souza,1251,M40-44,Male,Sao Paulo,BR-SP,Brazil,BR,1:22:13,5:35:12,3:43:57,0:07:52,0:03:34,10:52:48,4933,20112,13437,472,214,39168,822,746,196,1676,1464,365,1175,1066,268,822,746,196,Finisher,3029
Rogerio,Mattevi,Rogerio Mattevi,2092,M55-59,Male,Porto Alegre,RIO GRANDE DO SUL,Brazil,BR,1:09:07,5:10:16,4:24:02,0:05:39,0:03:49,10:52:53,4147,18616,15842,339,229,39173,823,747,22,857,779,25,510,480,8,823,747,22,Finisher,4078
vinissios,pereira da silva,vinissios pereira da silva,141,M25-29,Male,,,Brazil,BR,1:03:49,5:24:57,4:04:41,0:09:24,0:10:10,10:53:02,3829,19497,14681,564,610,39182,824,748,45,484,441,27,732,680,40,824,748,45,Finisher,3076
Nayra,Trevizan Martins,Nayra Trevizan Martins,1360,F45-49,Female,Campinas,São Paulo,Brazil,BR,1:13:04,5:19:32,4:08:45,0:06:40,0:05:04,10:53:05,4384,19172,14925,400,304,39185,825,77,14,1170,116,20,760,57,12,825,77,14,Finisher,4023
Rudolf,Mildenberger,Rudolf Mildenberger,437,M30-34,Male,Mindelheim,,Germany,DE,1:34:19,5:19:22,3:45:53,0:07:55,0:05:42,10:53:12,5659,19162,13553,475,342,39192,826,749,98,1876,1623,185,1107,1004,118,826,749,98,Finisher,3456
Rodrigo,Carvalho Oliveira,Rodrigo Carvalho Oliveira,697,M35-39,Male,Maceio,AL,Brazil,BR,1:10:45,5:35:39,3:54:07,0:09:19,0:03:32,10:53:22,4245,20139,14047,559,212,39202,827,750,167,976,884,173,1015,924,186,827,750,167,Finisher,3230
Fabricio,Meirelles Lofrano,Fabricio Meirelles Lofrano,1775,M50-54,Male,,,Brazil,BR,1:00:06,5:49:05,3:52:09,0:06:41,0:05:27,10:53:29,3606,20945,13929,401,327,39209,828,751,52,280,250,20,1021,929,79,828,751,52,Finisher,3349
Diogo,Monteiro Ferreira,Diogo Monteiro Ferreira,433,M30-34,Male,Santana De Parnaiba,SP,Brazil,BR,1:03:18,5:43:22,3:52:47,0:08:17,0:05:51,10:53:35,3798,20602,13967,497,351,39215,829,752,99,448,407,49,1006,916,110,829,752,99,Finisher,3451
ROGERIO,CAPELLARI,ROGERIO CAPELLARI,2122,M60-64,Male,PORTO ALEGRE,RS,Brazil,BR,1:09:48,5:19:27,4:14:01,0:05:57,0:04:27,10:53:41,4188,19167,15241,357,267,39221,830,753,5,905,820,10,670,623,7,830,753,5,Finisher,4333
Thiago,Dayan Da Luz Barros,Thiago Dayan Da Luz Barros,1210,M40-44,Male,Cuiaba,MT,Brazil,BR,1:04:54,5:27:15,4:10:02,0:07:04,0:04:37,10:53:51,3894,19635,15002,424,277,39231,831,754,197,554,502,124,759,703,186,831,754,197,Finisher,3016
Renata ,Mesquita,Renata Mesquita,492,F35-39,Female,São Paulo,,Brazil,BR,1:13:15,5:41:31,3:41:13,0:10:05,0:07:49,10:53:52,4395,20491,13273,605,469,39232,832,78,17,1180,119,22,1161,108,22,832,78,17,Finisher,3974
Mateo,Belluschi,Mateo Belluschi,319,M30-34,Male,Capital federal,Buenos aires,Argentina,AR,1:03:27,5:14:37,4:26:51,0:05:27,0:03:44,10:54:06,3807,18877,16011,327,224,39246,833,755,100,458,417,52,484,455,60,833,755,100,Finisher,3445
Mauro,Almir Marzarotto Junior,Mauro Almir Marzarotto Junior,1016,M40-44,Male,Florianópolis,Santa Catarina,Brazil,BR,1:10:49,5:22:38,4:01:07,0:11:47,0:07:57,10:54:18,4249,19358,14467,707,477,39258,834,756,198,982,890,218,848,779,205,834,756,198,Finisher,3011
Nicolas,Luque,Nicolas Luque,824,M35-39,Male,Berazategui,AR-B,Argentina,AR,1:00:14,5:40:01,4:03:14,0:05:28,0:05:34,10:54:30,3614,20401,14594,328,334,39270,835,757,168,287,256,56,858,789,160,835,757,168,Finisher,3217
Alexandre,Chaves Staffa,Alexandre Chaves Staffa,1801,M50-54,Male,São paulo,SP,Brazil,BR,1:08:14,5:24:58,4:07:21,0:08:03,0:05:56,10:54:32,4094,19498,14841,483,356,39272,836,758,53,784,713,59,793,734,57,836,758,53,Finisher,3336
Marcio,Spivak,Marcio Spivak,1319,M40-44,Male,Rio de Janeiro,Rio de Janeiro,Brazil,BR,1:02:36,5:54:19,3:43:55,0:07:22,0:06:24,10:54:36,3756,21259,13435,442,384,39276,837,759,199,413,375,93,1151,1046,262,837,759,199,Finisher,3007
Marcos,Peirano,Marcos Peirano,707,M35-39,Male,Montevideo,,Uruguay,UY,1:05:24,5:22:50,4:14:39,0:06:31,0:05:14,10:54:37,3924,19370,15279,391,314,39277,838,760,169,588,535,109,665,618,128,838,760,169,Finisher,3215
Andre,Montenegro Bertolino,Andre Montenegro Bertolino,197,M25-29,Male,Sao Paulo,SP,Brazil,BR,1:12:26,5:49:15,3:42:14,0:06:22,0:04:33,10:54:50,4346,20955,13334,382,273,39290,839,761,46,1116,1006,57,1208,1094,61,839,761,46,Finisher,3054
Luiz,Ernani Guedes Filho,Luiz Ernani Guedes Filho,598,M35-39,Male,Taubate,SP,Brazil,BR,1:15:40,5:15:23,4:12:35,0:06:45,0:04:40,10:55:04,4540,18923,15155,405,280,39304,840,762,170,1347,1202,217,727,675,139,840,762,170,Finisher,3210
IOHARI,BEZERRA FERNANDES,IOHARI BEZERRA FERNANDES,1544,M45-49,Male,FORTALEZA,CE,Brazil,BR,1:10:43,5:46:39,3:34:40,0:12:50,0:10:23,10:55:16,4243,20799,12880,770,623,39316,841,763,131,972,880,165,1236,1118,226,841,763,131,Finisher,3358
Ariel,Merinero,Ariel Merinero,1956,M50-54,Male,castelar,AR-B,Argentina,AR,1:15:04,5:17:40,4:12:23,0:05:59,0:04:10,10:55:16,4504,19060,15143,359,250,39316,842,764,54,1306,1165,124,749,695,51,842,764,54,Finisher,3328
Candice,Belchior Duplat,Candice Belchior Duplat,540,F40-44,Female,Salvador,BR-BA,Brazil,BR,1:11:17,5:34:31,4:00:18,0:05:57,0:03:14,10:55:17,4277,20071,14418,357,194,39317,843,79,14,1018,97,18,954,83,13,843,79,14,Finisher,3713
Amilcar,Altemani,Amilcar Altemani,2155,M60-64,Male,Sao Paulo,BR-SP,Brazil,BR,1:10:40,5:15:32,4:18:25,0:07:00,0:03:42,10:55:19,4240,18932,15505,420,222,39319,844,765,6,967,876,15,637,593,6,844,765,6,Finisher,4313
Eduardo,Sergio,Eduardo Sergio,1044,M40-44,Male,Fortaleza,,Brazil,BR,1:11:06,4:57:18,4:35:17,0:05:52,0:05:54,10:55:27,4266,17838,16517,352,354,39327,845,766,200,1005,912,226,368,344,82,845,766,200,Finisher,2997
Roger,Restaino,Roger Restaino,1623,M45-49,Male,Ramos Mejía ,AR-B,Argentina,AR,1:05:33,5:23:17,4:10:45,0:07:21,0:08:36,10:55:32,3933,19397,15045,441,516,39332,846,767,132,601,545,89,690,642,114,846,767,132,Finisher,3355
LEONARDO,SANCHES DE ANDRADE,LEONARDO SANCHES DE ANDRADE,1495,M45-49,Male,salvador,BAHIA,Brazil,BR,1:01:16,5:18:17,4:21:53,0:08:03,0:06:07,10:55:36,3676,19097,15713,483,367,39336,847,768,133,347,311,49,556,523,91,847,768,133,Finisher,3354
Miguel,Soldano,Miguel Soldano,770,M35-39,Male,Caba,AR-C,Argentina,AR,1:04:11,5:39:52,4:00:23,0:07:26,0:03:49,10:55:40,3851,20392,14423,446,229,39340,848,769,171,507,463,96,951,871,175,848,769,171,Finisher,3203
Thiago,Lobato,Thiago Lobato,1077,M40-44,Male,São Paulo,SP,Brazil,BR,1:07:55,5:22:43,4:07:29,0:09:01,0:08:34,10:55:43,4075,19363,14849,541,514,39343,849,770,201,765,694,171,767,709,189,849,770,201,Finisher,2994
Cemir,Silva,Cemir Silva,1121,M40-44,Male,São Paulo,Sp,Brazil,BR,1:09:33,5:08:04,4:22:32,0:09:02,0:06:46,10:55:58,4173,18484,15752,542,406,39358,850,771,202,883,800,194,538,506,128,850,771,202,Finisher,2991
Martin,Gostuski,Martin Gostuski,1460,M45-49,Male,buenos aires,AR-B,Argentina,AR,1:06:26,5:26:46,4:14:53,0:04:09,0:03:45,10:55:58,3986,19606,15293,249,225,39358,851,772,134,660,599,100,719,668,121,851,772,134,Finisher,3349
Sergio,De Vasconcellos Machado,Sergio De Vasconcellos Machado,2124,M60-64,Male,Petrópolis - RJ / Brasil,Rio de Janeiro,Brazil,BR,1:01:14,5:31:40,4:10:19,0:07:10,0:05:39,10:56:02,3674,19900,15019,430,339,39362,852,773,7,342,306,3,774,716,10,852,773,7,Finisher,4304
Larissa,Coser,Larissa Coser,536,F40-44,Female,Vitoria,ES,Brazil,BR,1:00:27,5:22:09,4:24:34,0:05:04,0:03:57,10:56:10,3627,19329,15874,304,237,39370,853,80,15,299,33,6,557,34,5,853,80,15,Finisher,3702
Raciel,Manoel Goncalves,Raciel Manoel Goncalves,715,M35-39,Male,Itajai,SC,Brazil,BR,1:26:09,5:23:46,3:55:45,0:06:40,0:03:54,10:56:14,5169,19426,14145,400,234,39374,854,774,172,1786,1558,271,1035,941,193,854,774,172,Finisher,3196
Hugo,Santos Vieira,Hugo Santos Vieira,1610,M45-49,Male,Goiania,GO,Brazil,BR,1:06:47,5:24:05,4:08:56,0:06:42,0:09:45,10:56:15,4007,19445,14936,402,585,39375,855,775,135,690,629,106,724,672,125,855,775,135,Finisher,3346
Carlos,Remi Da Silva,Carlos Remi Da Silva,156,M25-29,Male,,,Brazil,BR,1:09:00,5:55:00,3:36:04,0:09:36,0:06:41,10:56:21,4140,21300,12964,576,401,39381,856,776,47,845,768,46,1275,1151,64,856,776,47,Finisher,3036
Kerlano,Marques,Kerlano Marques,1315,M40-44,Male,NATAL,RN,Brazil,BR,1:18:24,5:09:27,4:18:19,0:05:39,0:04:48,10:56:37,4704,18567,15499,339,288,39397,857,777,203,1510,1329,329,642,598,153,857,777,203,Finisher,2983
Jorge Andrés,Bermudez Lacava,Jorge Andrés Bermudez Lacava,1330,M40-44,Male,San José de mayo,,Uruguay,UY,1:09:29,5:21:38,4:10:02,0:08:03,0:07:30,10:56:41,4169,19298,15002,483,450,39401,858,778,204,879,798,192,758,702,185,858,778,204,Finisher,2982
Gustavo,Eduardo Vieira Martins,Gustavo Eduardo Vieira Martins,1214,M40-44,Male,Lages,SC,Brazil,BR,1:13:51,5:12:37,4:20:28,0:06:10,0:03:41,10:56:46,4431,18757,15628,370,221,39406,859,779,205,1218,1093,270,625,583,147,859,779,205,Finisher,2981
AUGUSTO,BARCELOS,AUGUSTO BARCELOS,1719,M45-49,Male,BALNEARIO CAMBORIU,SC,Brazil,BR,1:00:45,5:13:34,4:33:44,0:05:26,0:03:20,10:56:49,3645,18814,16424,326,200,39409,860,780,136,324,289,45,432,405,67,860,780,136,Finisher,3339
Pedro,Fernandes Raimo De Oliveira,Pedro Fernandes Raimo De Oliveira,143,M25-29,Male,Cachoeira Do Sul,RS,Brazil,BR,1:11:54,5:19:02,,0:10:30,0:00:00,10:56:52,4314,19142,0,630,0,39412,861,781,48,1068,965,54,797,737,43,861,781,48,Finisher,3030
Edu Xambre,Henrique ,Edu Xambre Henrique,1626,M45-49,Male, valinhos ,BR-SP,Brazil,BR,1:11:47,5:40:44,3:50:54,0:08:24,0:05:18,10:57:06,4307,20444,13854,504,318,39426,862,782,137,1056,956,186,1100,999,194,862,782,137,Finisher,3336
Ricardo Pichi,Farina,Ricardo Pichi Farina,2147,M60-64,Male,Gualeguaychu,AR-E,Argentina,AR,1:03:18,5:30:21,4:13:24,0:04:58,0:05:08,10:57:08,3798,19821,15204,298,308,39428,863,783,8,449,408,8,743,690,9,863,783,8,Finisher,4291
João,Victor Paiva De Lima,João Victor Paiva De Lima,334,M30-34,Male,São Paulo,SP,Brazil,BR,1:13:20,5:27:01,4:07:57,0:05:26,0:03:34,10:57:17,4400,19621,14877,326,214,39437,864,784,101,1187,1067,125,860,791,97,864,784,101,Finisher,3407
Fernando,Quirino,Fernando Quirino,1825,M50-54,Male,Limeira,SP,Brazil,BR,1:04:23,5:30:55,4:10:14,0:07:37,0:04:17,10:57:27,3863,19855,15014,457,257,39447,865,785,55,522,475,39,817,754,60,865,785,55,Finisher,3301
Rodolfo,Chedid,Rodolfo Chedid,1810,M50-54,Male,Rio de Janeiro,Rio de Janeiro,Brazil,BR,1:15:10,5:10:54,4:19:08,0:06:34,0:05:41,10:57:27,4510,18654,15548,394,341,39447,866,786,56,1317,1175,127,624,582,41,866,786,56,Finisher,3301
TIAGO,PEREIRA CAMPOS,TIAGO PEREIRA CAMPOS,1113,M40-44,Male,PELOTAS,RS,Brazil,BR,1:06:42,5:26:43,4:15:05,0:04:20,0:04:44,10:57:34,4002,19603,15305,260,284,39454,867,787,206,680,619,151,725,673,177,867,787,206,Finisher,2971
Lucas,Marinho Falcao Koenig Borges,Lucas Marinho Falcao Koenig Borges,404,M30-34,Male,,,Brazil,BR,0:57:25,5:27:45,4:18:29,0:06:05,0:07:53,10:57:37,3445,19665,15509,365,473,39457,868,788,102,171,151,16,603,563,76,868,788,102,Finisher,3403
MAURICIO,UYEDA,MAURICIO UYEDA,1436,M45-49,Male,SAO PAULO,SP,Brazil,BR,1:11:26,5:40:18,3:46:29,0:12:34,0:06:51,10:57:38,4286,20418,13589,754,411,39458,869,789,138,1025,927,176,1152,1047,205,869,789,138,Finisher,3329
Ariel,Figueroa,Ariel Figueroa,1730,M45-49,Male,Ramos Mejía,AR-B,Argentina,AR,1:09:24,5:50:13,3:44:17,0:07:27,0:06:26,10:57:47,4164,21013,13457,447,386,39467,870,790,139,873,793,151,1196,1083,216,870,790,139,Finisher,3328
Juliano,Guarnieri ,Juliano Guarnieri,679,M35-39,Male,Novo hamburgo,BR-RS,Brazil,BR,1:17:12,5:25:35,4:03:13,0:07:12,0:04:43,10:57:54,4632,19535,14593,432,283,39474,871,791,173,1439,1277,231,929,854,172,871,791,173,Finisher,3176
Marcelo ,De Mattos,Marcelo De Mattos,626,M35-39,Male,São José do Rio Preto,,Brazil,BR,1:06:47,5:31:51,4:03:57,0:09:32,0:05:51,10:57:58,4007,19911,14637,572,351,39478,872,792,174,689,628,128,895,824,166,872,792,174,Finisher,3175
THIAGO,BALDIN,THIAGO BALDIN,1602,M45-49,Male,RIBEIRAO PRETO,SP,Brazil,BR,1:05:46,5:11:08,4:27:04,0:08:26,0:05:55,10:58:19,3946,18668,16024,506,355,39499,873,793,140,615,558,93,516,486,82,873,793,140,Finisher,3321
Luis,Bohorquez,Luis Bohorquez,1331,M40-44,Male,SACRAMENTO,CA,United States,US,1:20:39,5:32:55,3:55:57,0:04:45,0:04:03,10:58:20,4839,19975,14157,285,243,39500,874,794,207,1620,1420,357,1062,966,242,874,794,207,Finisher,2962
Juliana,Amaral,Juliana Amaral,1985,F50-54,Female,Santana de Parnaiba,BR-SP,Brazil,BR,1:11:54,5:47:51,3:41:27,0:09:44,0:07:28,10:58:25,4314,20871,13287,584,448,39505,875,81,4,1067,103,6,1229,116,7,875,81,4,Finisher,4772
Nilson,Filatieri,Nilson Filatieri,1019,M40-44,Male,Curitiba,Parana,Brazil,BR,1:12:26,5:16:37,4:20:47,0:05:20,0:03:42,10:58:52,4346,18997,15647,320,222,39532,876,795,208,1114,1005,249,659,614,157,876,795,208,Finisher,2956
Alexandre,Barbosa,Alexandre Barbosa,1896,M50-54,Male,Catanduva,,Brazil,BR,1:14:35,5:20:19,4:12:26,0:06:48,0:04:53,10:59:00,4475,19219,15146,408,293,39540,877,796,57,1267,1133,121,802,741,58,877,796,57,Finisher,3283
Juliano,Precoma Moreira,Juliano Precoma Moreira,1198,M40-44,Male,Sao Mateus Do Sul,PR,Brazil,BR,1:12:09,5:26:55,4:09:01,0:07:06,0:03:51,10:59:02,4329,19615,14941,426,231,39542,878,797,209,1089,983,240,863,794,207,878,797,209,Finisher,2954
Gabriel,Andrade Villa Villarinho,Gabriel Andrade Villa Villarinho,314,M30-34,Male,Senador Canedo,GO,Brazil,BR,0:51:52,5:08:42,4:46:12,0:05:00,0:07:21,10:59:07,3112,18522,17172,300,441,39547,879,798,103,49,42,3,259,242,33,879,798,103,Finisher,3385
Mariano,Battaglia Medero,Mariano Battaglia Medero,1068,M40-44,Male,montevideo,,Uruguay,UY,1:36:14,5:47:26,3:13:46,0:11:46,0:10:00,10:59:13,5774,20846,11626,706,600,39553,880,799,210,1891,1634,396,1504,1338,337,880,799,210,Finisher,2952
Valerie,Palsgraf,Valerie Palsgraf,2217,F18-24,Female,pocitos,UY-MO,Uruguay,UY,1:03:35,5:35:41,4:13:20,0:03:58,0:02:39,10:59:14,3815,20141,15200,238,159,39554,881,82,4,467,43,3,820,64,3,881,82,4,Finisher,4516
Gustavo,Silva,Gustavo Silva,758,M35-39,Male,Belo Horizonte,MG,Brazil,BR,1:15:00,5:32:58,3:58:21,0:06:29,0:06:28,10:59:15,4500,19978,14301,389,388,39555,882,800,175,1299,1159,207,997,911,182,882,800,175,Finisher,3160
MARCELINO,ODLEVATI,MARCELINO ODLEVATI,1594,M45-49,Male,SANTO ANDRE,SP,Brazil,BR,1:09:07,5:34:46,4:03:04,0:07:05,0:05:29,10:59:31,4147,20086,14584,425,329,39571,883,801,141,855,777,145,945,868,163,883,801,141,Finisher,3307
Eduardo,Steffenon,Eduardo Steffenon,161,M25-29,Male,Florianopolis,SC,Brazil,BR,1:10:34,5:35:25,3:57:33,0:09:06,0:07:01,10:59:39,4234,20125,14253,546,421,39579,884,802,49,961,871,50,1009,919,49,884,802,49,Finisher,2996
Carlos,Alric,Carlos Alric,1711,M45-49,Male,villa mercedes,AR-D,Argentina,AR,1:07:30,5:23:17,4:17:49,0:06:36,0:04:28,10:59:40,4050,19397,15469,396,268,39580,885,803,142,731,665,116,720,669,122,885,803,142,Finisher,3305
Thiago,Fronteira,Thiago Fronteira,936,M40-44,Male,Santo André,São Paulo,Brazil,BR,1:17:18,5:16:59,4:13:08,0:08:15,0:04:03,10:59:42,4638,19019,15188,495,243,39582,886,804,211,1448,1284,314,813,750,198,886,804,211,Finisher,2946
Alessandro,Rodolfo Da Silva,Alessandro Rodolfo Da Silva,1560,M45-49,Male,São José dos Campos,São Paulo,Brazil,BR,1:11:25,5:20:24,4:15:58,0:06:47,0:05:13,10:59:48,4285,19224,15358,407,313,39588,887,805,143,1024,926,175,744,691,127,887,805,143,Finisher,3303
Ruan,Lucas Ancay,Ruan Lucas Ancay,292,M30-34,Male,Curitiba,PR,Brazil,BR,1:23:15,5:20:12,4:02:06,0:07:09,0:07:06,10:59:49,4995,19212,14526,429,426,39589,888,806,104,1708,1490,171,935,859,104,888,806,104,Finisher,3376
Felipe,Mesquita,Felipe Mesquita,348,M30-34,Male,Manaus,BR-BR-AM,Brazil,BR,1:22:19,5:02:28,4:21:56,0:05:57,0:07:26,11:00:07,4939,18148,15716,357,446,39607,889,807,105,1678,1465,169,598,558,75,889,807,105,Finisher,3373
Igor,Meskelis Igor Meskelis,Igor Meskelis Igor Meskelis,1879,M50-54,Male,Sao Paulo,Intl State,Brazil,BR,0:57:16,5:49:43,3:56:05,0:09:00,0:08:18,11:00:22,3436,20983,14165,540,498,39622,890,808,58,164,144,11,1025,933,80,890,808,58,Finisher,3266
Thiago,Santana,Thiago Santana,1463,M45-49,Male,Salvador-BA,BA,Brazil,BR,0:57:08,5:45:12,4:05:47,0:06:09,0:06:10,11:00:25,3428,20712,14747,369,370,39625,891,809,144,158,138,24,903,830,153,891,809,144,Finisher,3296
Marcio,Macedo,Marcio Macedo,1582,M45-49,Male,Recife,Pernambuco,Brazil,BR,1:10:43,5:39:04,3:55:48,0:09:21,0:05:43,11:00:40,4243,20344,14148,561,343,39640,892,810,145,973,881,166,1076,978,190,892,810,145,Finisher,3293
Juanita,Agostini,Juanita Agostini,1977,F50-54,Female,Florianópolis,Santa Catarina,Brazil,BR,1:08:33,5:29:48,4:10:50,0:07:51,0:03:43,11:00:46,4113,19788,15050,471,223,39646,893,83,5,812,74,3,865,70,3,893,83,5,Finisher,4744
Claudio,Marcelo de Sousa Santos,Claudio Marcelo de Sousa Santos,1834,M50-54,Male,Sao Paulo,BR-SP,Brazil,BR,1:08:15,5:14:09,4:21:13,0:11:13,0:05:58,11:00:48,4095,18849,15673,673,358,39648,894,811,59,788,717,60,647,603,43,894,811,59,Finisher,3261
Ana,Laura De Oliveira Dias,Ana Laura De Oliveira Dias,271,F30-34,Female,Sao Jose Do Rio Preto,SP,Brazil,BR,1:21:23,5:37:54,3:50:17,0:06:31,0:04:45,11:00:50,4883,20274,13817,391,285,39650,895,84,10,1646,208,32,1179,111,15,895,84,10,Finisher,3968
Karita,Baraldi,Karita Baraldi,527,F40-44,Female,Adamantina,SP,Brazil,BR,1:31:15,5:29:29,3:45:24,0:09:32,0:05:11,11:00:50,5475,19769,13524,572,311,39650,896,85,16,1856,249,51,1237,119,22,896,85,16,Finisher,3646
Sergio,Loss,Sergio Loss,1494,M45-49,Male,Passo Fundo,Rio Grande do Sul,Brazil,BR,1:08:42,5:37:59,4:01:54,0:07:43,0:04:47,11:01:04,4122,20279,14514,463,287,39664,897,812,146,827,751,141,996,910,175,897,812,146,Finisher,3288
Emanuel,Normando,Emanuel Normando,1686,M45-49,Male,TERESINA,PIAUÍ,Brazil,BR,1:14:05,5:39:25,3:50:23,0:11:57,0:05:14,11:01:05,4445,20365,13823,717,314,39665,898,813,147,1231,1106,212,1176,1067,208,898,813,147,Finisher,3288
Luiz,Gustavo Santiago Eocha,Luiz Gustavo Santiago Eocha,840,M35-39,Male,Brasilia,DF,Brazil,BR,1:20:02,5:41:00,3:45:53,0:09:20,0:04:54,11:01:08,4802,20460,13553,560,294,39668,899,814,176,1595,1400,245,1240,1121,216,899,814,176,Finisher,3137
Tiago,Miguel Blos,Tiago Miguel Blos,938,M40-44,Male,,,Brazil,BR,1:18:01,5:39:39,3:51:05,0:07:34,0:05:00,11:01:19,4681,20379,13865,454,300,39679,900,815,212,1492,1318,324,1174,1065,267,900,815,212,Finisher,2926
Ticiano,Posser,Ticiano Posser,1189,M40-44,Male,Florianopolis,BR-SC,Brazil,BR,1:08:42,5:29:51,4:05:25,0:09:30,0:07:57,11:01:25,4122,19791,14725,570,477,39685,901,816,213,826,750,182,894,823,213,901,816,213,Finisher,2925
Aldemir,Barros,Aldemir Barros,1717,M45-49,Male,Maceio,AL,Brazil,BR,1:07:05,5:27:23,4:09:46,0:11:10,0:06:11,11:01:34,4025,19643,14986,670,371,39694,902,817,148,717,652,113,854,785,146,902,817,148,Finisher,3282
Fabricio,Pinheiro Hilario,Fabricio Pinheiro Hilario,482,M30-34,Male,Americana,SP,Brazil,BR,1:19:22,5:19:48,4:05:11,0:09:08,0:08:11,11:01:39,4762,19188,14711,548,491,39699,903,818,106,1561,1370,160,899,827,101,903,818,106,Finisher,3354
Daniel,Rodrigues,Daniel Rodrigues,1447,M45-49,Male,Barueri,SP,Brazil,BR,1:08:00,5:19:31,4:19:21,0:09:19,0:05:30,11:01:41,4080,19171,15561,559,330,39701,904,819,149,773,702,129,710,661,120,904,819,149,Finisher,3281
Joao Paulo,Boeno Pagno,Joao Paulo Boeno Pagno,1462,M45-49,Male,Caxias Do Sul,,Brazil,BR,1:08:01,5:38:23,4:01:29,0:07:43,0:06:21,11:01:57,4081,20303,14489,463,381,39717,905,820,150,774,703,130,993,907,174,905,820,150,Finisher,3278
Dilsoncley,Silva Da Silva,Dilsoncley Silva Da Silva,1656,M45-49,Male,SãoLuis,Intl State,Brazil,BR,1:05:43,5:16:05,4:23:15,0:09:44,0:07:40,11:02:27,3943,18965,15795,584,460,39747,906,821,151,610,554,91,609,569,102,906,821,151,Finisher,3272
Sebastian ,Lassalle,Sebastian Lassalle,1288,M40-44,Male,San Nicolas,AR-B,Argentina,AR,0:58:34,5:27:01,4:25:37,0:07:06,0:04:16,11:02:35,3514,19621,15937,426,256,39755,907,822,214,208,185,40,629,587,148,907,822,214,Finisher,2911
Joao Fernando,Ribeiro,Joao Fernando Ribeiro,1290,M40-44,Male,Goiania,BR-GO,Brazil,BR,1:16:41,5:18:16,4:04:27,0:12:15,0:11:04,11:02:43,4601,19096,14667,735,664,39763,908,823,215,1416,1256,308,882,811,210,908,823,215,Finisher,2910
RICARDO,GUSMAO DE REZENDE,RICARDO GUSMAO DE REZENDE,1089,M40-44,Male,SAO PAULO,SP,Brazil,BR,1:08:15,5:33:09,4:07:48,0:09:04,0:04:31,11:02:46,4095,19989,14868,544,271,39766,909,824,216,786,715,176,931,856,219,909,824,216,Finisher,2909
Hermes,Ferreira De Almeida,Hermes Ferreira De Almeida,876,M35-39,Male,Maua,SP,Brazil,BR,1:06:18,5:40:37,3:57:14,0:13:29,0:05:18,11:02:56,3978,20437,14234,809,318,39776,910,825,177,651,590,118,1093,993,206,910,825,177,Finisher,3115
Nicolas,Barrionuevo,Nicolas Barrionuevo,781,M35-39,Male,Córdoba,AR-X,Argentina,AR,1:06:19,5:24:14,4:23:22,0:04:51,0:04:16,11:03:02,3979,19454,15802,291,256,39782,911,826,178,653,592,119,674,627,131,911,826,178,Finisher,3114
Marcelo,Brito De Azevedo Amaral,Marcelo Brito De Azevedo Amaral,1551,M45-49,Male,São Paulo ,,Brazil,BR,1:02:37,5:30:59,4:16:00,0:06:43,0:06:47,11:03:06,3757,19859,15360,403,407,39786,912,827,152,415,377,53,778,720,132,912,827,152,Finisher,3264
Thiago,Hoyos Medeiros,Thiago Hoyos Medeiros,1397,M45-49,Male,Manaus,,Brazil,BR,1:02:44,5:37:52,4:11:00,0:07:57,0:03:34,11:03:07,3764,20272,15060,477,214,39787,913,828,153,423,385,54,904,831,154,913,828,153,Finisher,3264
Felipe,Musser,Felipe Musser,884,M35-39,Male,Rio de Janeiro,RIO DE JANEIRO,Brazil,BR,1:06:14,5:21:44,4:23:30,0:05:45,0:05:56,11:03:10,3974,19304,15810,345,356,39790,914,829,179,647,586,116,649,605,127,914,829,179,Finisher,3113
Petterson,Guedes,Petterson Guedes,653,M35-39,Male,Novo Hamburgo,BR-RS,Brazil,BR,1:15:34,5:20:53,4:09:52,0:10:21,0:06:30,11:03:11,4534,19253,14992,621,390,39791,915,830,180,1340,1195,215,875,804,162,915,830,180,Finisher,3112
Felipe,Matos,Felipe Matos,911,M40-44,Male,Petrópolis,RJ,Brazil,BR,1:04:41,5:30:15,4:10:26,0:10:29,0:07:28,11:03:20,3881,19815,15026,629,448,39800,916,831,217,542,493,121,852,783,206,916,831,217,Finisher,2902
Inacio,De Azevedo,Inacio De Azevedo,1314,M40-44,Male,Fortaleza,CE,Brazil,BR,1:07:56,5:53:55,3:49:24,0:06:21,0:06:08,11:03:44,4076,21235,13764,381,368,39824,917,832,218,767,696,173,1212,1098,275,917,832,218,Finisher,2897
CARLOS,GUSTAVO DE SOUSA MONTENEGRO,CARLOS GUSTAVO DE SOUSA MONTENEGRO,877,M35-39,Male,FORTALEZA,CE,Brazil,BR,1:18:44,5:30:58,3:58:57,0:09:31,0:05:40,11:03:49,4724,19858,14337,571,340,39829,918,833,181,1531,1348,238,1079,981,203,918,833,181,Finisher,3105
Felipe,Da Silva Aloisio,Felipe Da Silva Aloisio,1266,M40-44,Male,Porto Alegre,RS,Brazil,BR,1:14:05,5:36:40,3:55:01,0:10:47,0:07:20,11:03:52,4445,20200,14101,647,440,39832,919,834,219,1230,1105,273,1105,1002,249,919,834,219,Finisher,2896
Milena,Meira Ramos Dos Santos,Milena Meira Ramos Dos Santos,1338,F45-49,Female,Campina Grande,Paraíba,Brazil,BR,1:14:32,5:37:54,3:59:27,0:07:30,0:04:29,11:03:52,4472,20274,14367,450,269,39832,920,86,15,1262,134,24,1087,100,22,920,86,15,Finisher,3894
MARCUS,VINICIUS DOTTA,MARCUS VINICIUS DOTTA,1435,M45-49,Male,SAO JOAO DA BOA VISTA,BR-SP,Brazil,BR,1:16:32,5:27:10,4:09:28,0:05:52,0:04:59,11:04:00,4592,19630,14968,352,299,39840,921,835,154,1406,1247,239,922,848,159,921,835,154,Finisher,3253
Marco,Aurelio Dos Santos,Marco Aurelio Dos Santos,2107,M55-59,Male,Valinhos,SAO PAULO,Brazil,BR,1:23:11,5:34:09,3:55:46,0:07:38,0:03:37,11:04:22,4991,20049,14146,458,217,39862,922,836,23,1704,1486,62,1167,1058,35,922,836,23,Finisher,3941
Guilherme,Leindecker Dos Santos,Guilherme Leindecker Dos Santos,796,M35-39,Male,Florianopolis,SC,Brazil,BR,1:19:11,5:19:02,4:05:51,0:11:17,0:09:26,11:04:47,4751,19142,14751,677,566,39887,923,837,182,1552,1362,240,919,845,171,923,837,182,Finisher,3093
Guilherme,Kreischer Tavares,Guilherme Kreischer Tavares,805,M35-39,Male,Petropolis,RJ,Brazil,BR,1:09:49,5:36:09,4:08:27,0:06:12,0:04:21,11:04:59,4189,20169,14907,372,261,39899,924,838,183,907,822,164,958,875,176,924,838,183,Finisher,3091
MARCO,ANTONIO GUERRA PIRES,MARCO ANTONIO GUERRA PIRES,1784,M50-54,Male,RIO DE JANEIRO,RJ,Brazil,BR,1:03:58,5:28:18,4:20:46,0:06:42,0:05:25,11:05:09,3838,19698,15646,402,325,39909,925,839,60,493,449,33,755,699,52,925,839,60,Finisher,3209
Martin,Ugarte,Martin Ugarte,1548,M45-49,Male,Godoy Cruz,,Argentina,AR,1:12:50,5:42:51,3:59:05,0:06:24,0:04:13,11:05:23,4370,20571,14345,384,253,39923,926,840,155,1149,1037,201,1116,1013,198,926,840,155,Finisher,3236
Thelma,Damelio,Thelma Damelio,1393,F45-49,Female,São Caetano do Sul,SP,Brazil,BR,1:19:16,5:30:37,3:59:40,0:09:54,0:05:58,11:05:25,4756,19837,14380,594,358,39925,927,87,16,1558,191,37,1085,99,21,927,87,16,Finisher,3875
Paulo,Wiens,Paulo Wiens,1409,M45-49,Male,Curitiba,PR,Brazil,BR,1:06:34,5:33:01,4:11:33,0:09:02,0:05:15,11:05:25,3994,19981,15093,542,315,39925,928,841,156,672,611,103,906,833,155,928,841,156,Finisher,3236
JAIME,DE ANDRADE FILHO,JAIME DE ANDRADE FILHO,2081,M55-59,Male,RIO DE JANEIRO,RJ,Brazil,BR,1:14:12,5:38:55,3:56:51,0:08:26,0:07:03,11:05:26,4452,20335,14211,506,423,39926,929,842,24,1241,1112,39,1106,1003,32,929,842,24,Finisher,3928
Rafael,Paulo De Faria,Rafael Paulo De Faria,1713,M45-49,Male,Curitiba,PR,Brazil,BR,1:08:17,5:24:20,4:17:56,0:07:37,0:07:24,11:05:34,4097,19460,15476,457,444,39934,930,843,157,789,718,133,776,718,131,930,843,157,Finisher,3234
RODRIGO,FELBERG,RODRIGO FELBERG,1220,M40-44,Male,Ciríaco,BR-RS,Brazil,BR,1:17:21,5:48:28,3:47:24,0:08:35,0:03:48,11:05:35,4641,20908,13644,515,228,39935,931,844,220,1451,1285,315,1280,1156,288,931,844,220,Finisher,2875
Cassio,Vaz,Cassio Vaz,606,M35-39,Male,São Paulo,SP,Brazil,BR,1:25:06,5:24:45,4:00:07,0:09:01,0:06:37,11:05:36,5106,19485,14407,541,397,39936,932,845,184,1765,1539,268,1069,972,199,932,845,184,Finisher,3083
Israel,Mercer Neto,Israel Mercer Neto,1307,M40-44,Male,Curitiba,PR,Brazil,BR,1:04:14,5:33:25,4:15:32,0:07:20,0:05:23,11:05:55,3854,20005,15332,440,323,39955,933,846,221,513,468,114,841,773,203,933,846,221,Finisher,2871
Elton,Marcos Fernandes Gonçalves,Elton Marcos Fernandes Gonçalves,1760,M50-54,Male,são paulo,sp,Brazil,BR,1:11:08,5:25:10,4:14:27,0:08:48,0:06:27,11:06:00,4268,19510,15267,528,387,39960,934,847,61,1007,914,85,844,776,63,934,847,61,Finisher,3199
Juan Manuel,Marinier,Juan Manuel Marinier,1073,M40-44,Male,Exaltación de la Cruz,Provincia de Buenos Aires,Argentina,AR,1:14:50,5:17:34,4:21:19,0:07:03,0:05:14,11:06:00,4490,19054,15679,423,314,39960,935,848,222,1289,1153,285,764,706,188,935,848,222,Finisher,2870
gabriela,danieze,gabriela danieze,268,F30-34,Female,Florianópolis,Santa Catarina,Brazil,BR,1:07:49,5:35:56,4:09:06,0:07:54,0:05:23,11:06:08,4069,20156,14946,474,323,39968,936,88,11,757,71,10,953,82,9,936,88,11,Finisher,3904
ARIANE,DINIZ HOLZBACH,ARIANE DINIZ HOLZBACH,589,F40-44,Female,NITEROI,RJ,Brazil,BR,1:17:21,5:30:04,4:05:03,0:07:44,0:06:14,11:06:25,4641,19804,14703,464,374,39985,937,89,17,1450,166,31,1010,91,16,937,89,17,Finisher,3579
German,Sirolli,German Sirolli,1705,M45-49,Male,Malvinas Argentina,Buenos Aires,Argentina,AR,1:15:16,5:33:36,4:05:54,0:06:12,0:05:28,11:06:27,4516,20016,14754,372,328,39987,938,849,158,1326,1184,229,1008,918,178,938,849,158,Finisher,3224
Valerio,Oliveira Pimenta,Valerio Oliveira Pimenta,1658,M45-49,Male,,,Brazil,BR,1:11:39,5:42:04,3:59:08,0:08:02,0:05:44,11:06:36,4299,20524,14348,482,344,39996,939,850,159,1047,947,182,1109,1006,195,939,850,159,Finisher,3222
MARILZA,CANDIDA SALDANHA,MARILZA CANDIDA SALDANHA,2109,F60-64,Female,SAO JOSE DO RIO PRETO,SP,Brazil,BR,1:11:34,5:47:29,3:58:40,0:06:46,0:02:10,11:06:39,4294,20849,14320,406,130,39999,940,90,1,1035,100,2,1178,110,1,940,90,1,Finisher,5000
Pedro,Betti Paiva,Pedro Betti Paiva,108,M18-24,Male,Sao Paulo,SP,Brazil,BR,1:08:31,5:37:38,4:07:03,0:08:21,0:05:09,11:06:42,4111,20258,14823,501,309,40002,941,851,17,810,737,16,999,912,18,941,851,17,Finisher,3044
Lúcio,Prado,Lúcio Prado,739,M35-39,Male,Salvador,BR-BA,Brazil,BR,1:08:53,5:27:39,4:17:18,0:06:35,0:06:19,11:06:44,4133,19659,15438,395,379,40004,942,852,185,838,761,151,819,756,149,942,852,185,Finisher,3070
Fabio,Ljde Souza,Fabio Ljde Souza,1912,M50-54,Male,Piracicaba,SP,Brazil,BR,1:14:41,5:27:27,4:08:44,0:08:39,0:07:18,11:06:48,4481,19647,14924,519,438,40008,943,853,62,1274,1140,123,939,863,73,943,853,62,Finisher,3189
Leonardo,Kawakami,Leonardo Kawakami,1308,M40-44,Male,São Paulo,Sao Paulo,Brazil,BR,1:11:39,5:46:27,3:52:41,0:11:06,0:04:56,11:06:49,4299,20787,13961,666,296,40009,944,854,223,1049,949,235,1225,1111,277,944,854,223,Finisher,2860
Carina,Massarotti,Carina Massarotti,546,F40-44,Female,Parapua,SP,Brazil,BR,1:16:03,5:29:29,4:10:15,0:05:33,0:05:39,11:06:59,4563,19769,15015,333,339,40019,945,91,18,1371,153,26,947,79,12,945,91,18,Finisher,3572
Alexandre,Mazzolla,Alexandre Mazzolla,1874,M50-54,Male,Braganca Paulista,SP,Brazil,BR,1:09:51,5:48:27,3:56:05,0:08:35,0:04:51,11:07:49,4191,20907,14165,515,291,40069,946,855,63,913,827,76,1193,1081,96,946,855,63,Finisher,3177
Renan valente Nunes Faria,Renan valente,Renan valente Nunes Faria Renan valente,827,M35-39,Male,Brodowski,BR-BR-SP,Brazil,BR,1:25:43,5:20:45,4:05:19,0:08:55,0:07:07,11:07:49,5143,19245,14719,535,427,40069,947,856,186,1777,1551,269,1012,921,185,947,856,186,Finisher,3057
Carlos,Fuad Chaiben,Carlos Fuad Chaiben,1434,M45-49,Male,Curitiba,PR,Brazil,BR,1:08:58,5:43:40,3:59:45,0:09:29,0:06:04,11:07:56,4138,20620,14385,569,364,40076,948,857,160,842,765,143,1118,1015,199,948,857,160,Finisher,3206
Leandro,Abrah O Colmanetti,Leandro Abrah O Colmanetti,1726,M45-49,Male,OSASCO,SP,Brazil,BR,1:16:13,5:21:01,4:15:42,0:11:06,0:04:20,11:08:21,4573,19261,15342,666,260,40101,949,858,161,1387,1232,236,901,829,152,949,858,161,Finisher,3201
Priscila,Leao Viana,Priscila Leao Viana,588,F40-44,Female,,,Brazil,BR,0:58:34,5:58:52,4:02:42,0:05:08,0:03:39,11:08:55,3514,21532,14562,308,219,40135,950,92,19,209,24,3,1126,105,19,950,92,19,Finisher,3549
Vitor,Alfano,Vitor Alfano,201,M25-29,Male,São Paulo,SAO PAULO,Brazil,BR,1:14:40,5:35:39,3:56:14,0:14:12,0:08:19,11:09:04,4480,20139,14174,852,499,40144,951,859,50,1272,1138,61,1156,1050,59,951,859,50,Finisher,2883
Bruna,Carolina Stansky,Bruna Carolina Stansky,529,F35-39,Female,João Pessoa,Paraíba,Brazil,BR,1:12:14,5:41:32,4:03:41,0:07:11,0:04:28,11:09:06,4334,20492,14621,431,268,40146,952,93,18,1093,107,20,1102,103,21,952,93,18,Finisher,3791
MIGUEL,AROUCA,MIGUEL AROUCA,124,M18-24,Male,São Paulo,SP,Brazil,BR,1:10:20,5:28:56,4:15:38,0:07:33,0:06:45,11:09:11,4220,19736,15338,453,405,40151,953,860,18,942,853,18,874,803,17,953,860,18,Finisher,3014
Bruna,Oliveira Garbiatti,Bruna Oliveira Garbiatti,241,F30-34,Female,Americana,SP,Brazil,BR,1:17:45,5:58:59,3:40:01,0:07:58,0:04:28,11:09:12,4665,21539,13201,478,268,40152,954,94,12,1478,171,26,1395,152,21,954,94,12,Finisher,3867
André,Woznarowycz,André Woznarowycz,1097,M40-44,Male,SAO PAULO,SP,Brazil,BR,1:05:36,5:48:46,3:57:48,0:09:58,0:07:08,11:09:15,3936,20926,14268,598,428,40155,955,861,224,605,549,138,1153,1048,263,955,861,224,Finisher,2831
Leandro,Sama,Leandro Sama,1480,M45-49,Male,CABA,AR-C,Argentina,AR,1:04:24,5:35:38,4:16:02,0:06:59,0:06:19,11:09:22,3864,20138,15362,419,379,40162,956,862,162,524,477,74,879,808,149,956,862,162,Finisher,3189
Marcelo,Arico De Moura Martins,Marcelo Arico De Moura Martins,1122,M40-44,Male,São Paulo,,Brazil,BR,1:07:48,5:22:48,4:24:37,0:07:12,0:06:59,11:09:24,4068,19368,15877,432,419,40164,957,863,225,756,686,168,726,674,178,957,863,225,Finisher,2829
Marcos Paulo,Arroyo Goncalves,Marcos Paulo Arroyo Goncalves,322,M30-34,Male,Mogi Guaçu,São Paulo,Brazil,BR,1:27:22,5:27:22,4:01:17,0:08:37,0:04:49,11:09:27,5242,19642,14477,517,289,40167,958,864,107,1804,1573,178,1135,1030,123,958,864,107,Finisher,3261
Thiago,Rinaldin Thomaz,Thiago Rinaldin Thomaz,414,M30-34,Male,Curitiba,PR,Brazil,BR,1:12:27,5:42:27,3:51:35,0:14:25,0:08:34,11:09:27,4347,20547,13895,865,514,40167,959,865,108,1119,1009,114,1226,1112,130,959,865,108,Finisher,3261
Raphael,Melo Caetano,Raphael Melo Caetano,661,M35-39,Male,Osasco,SP,Brazil,BR,1:21:36,5:38:08,3:55:56,0:08:30,0:05:53,11:10:02,4896,20288,14156,510,353,40202,960,866,187,1654,1445,253,1213,1099,214,960,866,187,Finisher,3030
Eduardo Ariel,Gonzalez Pinto,Eduardo Ariel Gonzalez Pinto,1718,M45-49,Male,Rosario,Argentina/Santa Fe/Rosario,Argentina,AR,1:08:26,5:43:40,4:03:21,0:06:52,0:07:44,11:10:03,4106,20620,14601,412,464,40203,961,867,163,804,732,137,1072,975,189,961,867,163,Finisher,3180
Peterson,Fasolo Bilhar,Peterson Fasolo Bilhar,1279,M40-44,Male,Cascavel,PR,Brazil,BR,1:07:46,5:25:42,4:25:46,0:05:51,0:05:03,11:10:09,4066,19542,15946,351,303,40209,962,868,226,753,683,167,761,704,187,962,868,226,Finisher,2820
BEATRIZ,GONCALVES FRANCO,BEATRIZ GONCALVES FRANCO,247,F30-34,Female,POCOS DE CALDAS,MG,Brazil,BR,1:18:03,5:40:14,4:01:34,0:06:03,0:04:21,11:10:15,4683,20414,14494,363,261,40215,963,95,13,1494,176,28,1154,106,14,963,95,13,Finisher,3855
Marcos ,Goncalves ,Marcos Goncalves,1182,M40-44,Male,Curitiba,PARANA,Brazil,BR,1:07:50,5:47:27,3:59:53,0:08:22,0:06:51,11:10:22,4070,20847,14393,502,411,40222,964,869,227,758,687,169,1140,1035,257,964,869,227,Finisher,2818
Thiago,Camargo,Thiago Camargo,1115,M40-44,Male,Curitiba,BR-Paraná,Brazil,BR,1:18:17,5:40:07,3:59:57,0:05:40,0:06:21,11:10:23,4697,20407,14397,340,381,40223,965,870,228,1506,1326,326,1148,1043,261,965,870,228,Finisher,2818
Roberto,Tramontina Araujo,Roberto Tramontina Araujo,732,M35-39,Male,Brasilia,DF,Brazil,BR,1:08:34,5:48:05,3:50:13,0:13:57,0:09:50,11:10:39,4114,20885,13813,837,590,40239,966,871,188,815,740,147,1245,1125,217,966,871,188,Finisher,3023
Vinícius,Da Cruz,Vinícius Da Cruz,158,M25-29,Male,jaragua do sul,BR-SC,Brazil,BR,0:55:37,5:31:09,4:23:07,0:08:45,0:12:06,11:10:44,3337,19869,15787,525,726,40244,967,872,51,116,101,6,677,630,37,967,872,51,Finisher,2863
Romulo,Moreira De Carvalho,Romulo Moreira De Carvalho,1047,M40-44,Male,,,Brazil,BR,0:50:39,5:37:41,4:21:15,0:10:10,0:11:02,11:10:47,3039,20261,15675,610,662,40247,968,873,229,38,33,3,740,687,180,968,873,229,Finisher,2813
LUIZ,EDUARDO DE ALMEIDA SANTOS,LUIZ EDUARDO DE ALMEIDA SANTOS,869,M35-39,Male,ARACAJU,SE,Brazil,BR,1:21:41,5:24:27,4:09:58,0:09:44,0:05:20,11:11:10,4901,19467,14998,584,320,40270,969,874,189,1658,1449,254,1020,928,189,969,874,189,Finisher,3017
Pablo Julian,Vila,Pablo Julian Vila,1549,M45-49,Male,Escobar,AR-B,Argentina,AR,1:21:56,5:39:30,3:52:46,0:08:50,0:08:09,11:11:12,4916,20370,13966,530,489,40272,970,875,164,1661,1452,273,1238,1119,227,970,875,164,Finisher,3167
GUILHEME,ALBANI PEREIRA,GUILHEME ALBANI PEREIRA,2196,M40-44,Male,FLORIANOPOLIS,SC,Brazil,BR,1:20:15,5:32:22,4:06:32,0:08:21,0:03:51,11:11:20,4815,19942,14792,501,231,40280,971,876,230,1600,1405,353,1103,1000,248,971,876,230,Finisher,2806
Gabriel,Andrade Cruz,Gabriel Andrade Cruz,107,M18-24,Male,itajai,SANTA CATARINA,Brazil,BR,1:03:20,5:27:58,4:28:54,0:07:13,0:04:00,11:11:25,3800,19678,16134,433,240,40285,972,877,19,450,409,15,741,688,15,972,877,19,Finisher,2987
Tarcia,Mayline Lima Espinhara De Alcantara,Tarcia Mayline Lima Espinhara De Alcantara,1366,F45-49,Female,Aracaju,BR-SE,Brazil,BR,1:19:06,5:45:16,3:55:22,0:07:09,0:04:33,11:11:27,4746,20716,14122,429,273,40287,973,96,17,1547,187,35,1252,122,27,973,96,17,Finisher,3803
VANESSA,MAIA MONTEGGIA,VANESSA MAIA MONTEGGIA,1993,F50-54,Female,PORTO ALEGRE,RS,Brazil,BR,1:15:05,5:32:46,4:08:52,0:09:59,0:04:53,11:11:35,4505,19966,14932,599,293,40295,974,97,6,1307,142,8,1052,96,5,974,97,6,Finisher,4614
Javier,Toyos,Javier Toyos,1747,M45-49,Male,EFC,AR-B,Argentina,AR,1:08:17,5:49:43,3:58:09,0:10:27,0:05:01,11:11:37,4097,20983,14289,627,301,40297,975,878,165,790,719,134,1215,1101,220,975,878,165,Finisher,3162
Douglas,Gonzalez,Douglas Gonzalez,440,M30-34,Male,Genève,GE,Brazil,BR,1:25:29,5:20:44,4:10:30,0:07:37,0:07:18,11:11:38,5129,19244,15030,457,438,40298,976,879,109,1774,1548,175,986,900,109,976,879,109,Finisher,3234
Andre,Luis Turco Viceconti,Andre Luis Turco Viceconti,1539,M45-49,Male,Sao Paulo,SP,Brazil,BR,1:09:07,5:35:19,,0:08:45,0:00:00,11:11:41,4147,20119,0,525,0,40301,977,880,166,856,778,146,975,891,169,977,880,166,Finisher,3161
Sabrina,Spanguero,Sabrina Spanguero,1373,F45-49,Female,rosario,santa fe,Argentina,AR,1:05:28,5:37:54,4:17:29,0:06:16,0:04:43,11:11:50,3928,20274,15449,376,283,40310,978,98,18,594,54,8,924,75,16,978,98,18,Finisher,3798
Mauro Martín,Isola,Mauro Martín Isola,1815,M50-54,Male,Arroyo seco,AR-S,Argentina,AR,1:05:31,5:32:39,4:23:42,0:06:03,0:04:13,11:12:07,3931,19959,15822,363,253,40327,979,881,64,598,542,42,832,766,62,979,881,64,Finisher,3125
ALEXANDRE,DE OLIVEIRA DOS SANTOS,ALEXANDRE DE OLIVEIRA DOS SANTOS,1661,M45-49,Male,FLORIANOPOLIS,SC,Brazil,BR,1:10:27,5:18:47,4:25:35,0:09:10,0:08:08,11:12:08,4227,19127,15935,550,488,40328,980,882,167,947,858,161,739,686,126,980,882,167,Finisher,3155
DANIEL,PINHEIRO CRUZ,DANIEL PINHEIRO CRUZ,1137,M40-44,Male,VICOSA,MG,Brazil,BR,1:19:19,5:59:38,3:40:10,0:06:27,0:06:35,11:12:08,4759,21578,13210,387,395,40328,981,883,231,1559,1368,341,1406,1253,321,981,883,231,Finisher,2797
Rafael,Miranda,Rafael Miranda,1074,M40-44,Male,Florianópolis,SC,Brazil,BR,1:18:46,5:35:48,4:04:49,0:05:44,0:07:05,11:12:12,4726,20148,14689,344,425,40332,982,884,232,1534,1351,336,1090,990,246,982,884,232,Finisher,2796
Diego,Aguiar De Almeida Reboucas,Diego Aguiar De Almeida Reboucas,1060,M40-44,Male,Maceio,AL,Brazil,BR,1:18:47,5:44:03,3:53:44,0:09:13,0:06:27,11:12:14,4727,20643,14024,553,387,40334,983,885,233,1536,1353,337,1258,1135,280,983,885,233,Finisher,2795
KATHELLEN,SILVA DA COSTA,KATHELLEN SILVA DA COSTA,281,F35-39,Female,Curitiba,PARANA,Brazil,BR,1:09:32,5:34:42,4:21:01,0:05:05,0:01:54,11:12:15,4172,20082,15661,305,114,40335,984,99,19,882,83,12,914,74,15,984,99,19,Finisher,3753
German,Baldoma,German Baldoma,1973,M50-54,Male,CAPITAL FEDERAL,AR-C,Argentina,AR,1:11:02,5:22:32,4:23:10,0:07:31,0:08:05,11:12:21,4262,19352,15790,451,485,40341,985,886,65,1002,909,84,791,732,55,985,886,65,Finisher,3123
Lucas,Fernandes De Sousa,Lucas Fernandes De Sousa,117,M18-24,Male,Sao Paulo,SP,Brazil,BR,1:01:01,5:36:34,4:22:36,0:05:42,0:06:29,11:12:22,3661,20194,15756,342,389,40342,986,887,20,334,299,11,823,759,16,986,887,20,Finisher,2976
Eduardo,Gonçalves,Eduardo Gonçalves,1321,M40-44,Male,Maceió,Alagoas,Brazil,BR,1:09:32,5:44:12,3:56:18,0:10:18,0:12:03,11:12:23,4172,20652,14178,618,723,40343,987,888,234,881,799,193,1146,1041,259,987,888,234,Finisher,2794
Juan,Manuel Di Diego,Juan Manuel Di Diego,1862,M50-54,Male,-,C,Argentina,AR,1:12:18,5:29:41,4:22:23,0:05:31,0:02:38,11:12:31,4338,19781,15743,331,158,40351,988,889,66,1099,992,97,889,818,67,988,889,66,Finisher,3121
Hospitaleche,Elisa Eufemia,Hospitaleche Elisa Eufemia,1996,F50-54,Female,Buenos Aires,B,Argentina,AR,1:17:38,5:48:24,3:55:33,0:06:58,0:04:16,11:12:50,4658,20904,14133,418,256,40370,989,100,7,1472,169,11,1267,124,9,989,100,7,Finisher,4599
Jeferson,De Souza Salvaya,Jeferson De Souza Salvaya,1826,M50-54,Male,Petrópolis,RJ,Brazil,BR,1:15:56,5:45:54,4:00:43,0:06:37,0:03:44,11:12:54,4556,20754,14443,397,224,40374,990,890,67,1363,1213,135,1214,1100,98,990,890,67,Finisher,3116
Jorge,Luiz Arantes Junior,Jorge Luiz Arantes Junior,1566,M45-49,Male,Juiz de Fora,Minas Gerais,Brazil,BR,1:08:46,5:30:31,4:17:47,0:07:55,0:08:04,11:13:03,4126,19831,15467,475,484,40383,991,891,168,831,754,142,881,810,150,991,891,168,Finisher,3144
Aline,Cristina Tavares Auricchio,Aline Cristina Tavares Auricchio,1370,F45-49,Female,,,Brazil,BR,1:08:20,5:35:06,4:13:15,0:09:52,0:06:35,11:13:08,4100,20106,15195,592,395,40388,992,101,19,798,72,13,976,85,18,992,101,19,Finisher,3783
CARLOS,ALBERTO DE OLIVEIRA,CARLOS ALBERTO DE OLIVEIRA,2022,M55-59,Male,CURITIBA,PR,Brazil,BR,1:07:57,5:15:51,4:34:43,0:08:54,0:05:54,11:13:19,4077,18951,16483,534,354,40399,993,892,25,768,697,20,627,585,11,993,892,25,Finisher,3833
Matias,Tabar,Matias Tabar,1702,M45-49,Male,capilla del señor,AR-B,Argentina,AR,1:11:29,5:21:38,4:26:18,0:07:14,0:06:45,11:13:25,4289,19298,15978,434,405,40405,994,893,169,1030,931,177,779,721,133,994,893,169,Finisher,3140
Bruno,Strasser,Bruno Strasser,647,M35-39,Male,Montevideo,MONTEVIDEO,Uruguay,UY,1:04:11,5:35:35,4:03:55,0:14:47,0:15:16,11:13:44,3851,20135,14635,887,916,40424,995,894,190,508,464,97,1000,913,183,995,894,190,Finisher,2986
luiz carlos,oliveira,luiz carlos oliveira,1177,M40-44,Male,Itapema,,Brazil,BR,1:17:25,5:32:26,4:11:16,0:07:07,0:05:43,11:13:56,4645,19946,15076,427,343,40436,996,895,235,1452,1286,316,1039,945,238,996,895,235,Finisher,2775
DANIELLE,MARIANO,DANIELLE MARIANO,1347,F45-49,Female,RECIFE,PE,Brazil,BR,1:22:21,5:37:44,4:04:42,0:06:24,0:02:54,11:14:03,4941,20264,14682,384,174,40443,997,102,20,1679,214,41,1187,112,23,997,102,20,Finisher,3772
Francillon,Roberto Silva Lopes,Francillon Roberto Silva Lopes,1728,M45-49,Male,Governador Valadares,MG,Brazil,BR,1:16:54,5:13:47,4:32:05,0:05:45,0:05:53,11:14:23,4614,18827,16325,345,353,40463,998,896,170,1423,1262,242,695,647,116,998,896,170,Finisher,3128
Martin,Barberia,Martin Barberia,1952,M50-54,Male,Buenos Aires,CIUDAD AUTONOMA DE BUENOS AIRES,United States,US,1:09:47,5:15:33,4:37:05,0:05:58,0:06:04,11:14:27,4187,18933,16625,358,364,40467,999,897,68,901,816,73,606,566,40,999,897,68,Finisher,3097
Thiago,Silva Ochsendorf E Souza,Thiago Silva Ochsendorf E Souza,1470,M45-49,Male,São Gonçalo,RJ,Brazil,BR,1:05:45,5:47:20,4:01:18,0:10:28,0:09:44,11:14:35,3945,20840,14478,628,584,40475,1000,898,171,613,557,92,1138,1033,204,1000,898,171,Finisher,3126
ARNALDO,ODLEVATI JUNIOR,ARNALDO ODLEVATI JUNIOR,2024,M55-59,Male,SANTO ANDRE,SP,Brazil,BR,1:21:06,5:33:10,4:02:57,0:10:58,0:06:30,11:14:42,4866,19990,14577,658,390,40482,1001,899,26,1638,1433,56,1172,1063,36,1001,899,26,Finisher,3817
Renan,Gaspareto De Alvarenga,Renan Gaspareto De Alvarenga,748,M35-39,Male,guarulhos,São Paulo,Brazil,BR,1:12:51,5:33:29,4:11:11,0:09:31,0:07:41,11:14:43,4371,20009,15071,571,461,40483,1002,900,191,1150,1038,196,1019,927,188,1002,900,191,Finisher,2974
Paulo,Roberto Batista Junior,Paulo Roberto Batista Junior,402,M30-34,Male,Sao Jose,SC,Brazil,BR,0:59:37,5:39:00,4:20:20,0:09:38,0:06:11,11:14:46,3577,20340,15620,578,371,40486,1003,901,110,255,227,28,898,826,100,1003,901,110,Finisher,3197
Andre,Leonardo Ramos,Andre Leonardo Ramos,730,M35-39,Male,Florianopolis,SC,Brazil,BR,1:19:12,6:00:07,3:40:54,0:08:55,0:05:44,11:14:52,4752,21607,13254,535,344,40492,1004,902,192,1553,1363,241,1436,1278,239,1004,902,192,Finisher,2972
Roberto,Marques Goncalves,Roberto Marques Goncalves,1537,M45-49,Male,Barueri,SP,Brazil,BR,1:16:06,5:34:24,4:07:52,0:09:31,0:07:00,11:14:52,4566,20064,14872,571,420,40492,1005,903,172,1376,1223,235,1089,989,193,1005,903,172,Finisher,3123
Lucas,Maltez Pereira,Lucas Maltez Pereira,910,M40-44,Male,,,Brazil,BR,0:56:30,5:24:23,4:40:56,0:06:27,0:06:49,11:15:05,3390,19463,16856,387,409,40505,1006,904,236,141,123,22,552,519,131,1006,904,236,Finisher,2761
Luiz,Guilherme Schiefler De Arruda,Luiz Guilherme Schiefler De Arruda,1129,M40-44,Male,Brasilia,DF,Brazil,BR,1:05:27,5:16:20,4:43:11,0:06:44,0:03:23,11:15:05,3927,18980,16991,404,203,40505,1007,905,237,593,540,137,567,532,136,1007,905,237,Finisher,2761
Augusto,De Menezes Vaz,Augusto De Menezes Vaz,2165,M65-69,Male,Rio de janeiro,Rio dejaneiro,Brazil,BR,1:07:50,5:34:00,4:20:52,0:08:30,0:03:55,11:15:07,4070,20040,15652,510,235,40507,1008,906,1,759,688,3,930,855,2,1008,906,1,Finisher,5000
Belen,Luz,Belen Luz,1389,F45-49,Female,Balneario Camboriu,SC,Brazil,BR,1:14:06,5:50:37,3:50:27,0:15:07,0:05:07,11:15:23,4446,21037,13827,907,307,40523,1009,103,21,1232,126,23,1342,136,30,1009,103,21,Finisher,3756
Akihiro ,Muranaka,Akihiro Muranaka,605,M35-39,Male,São Paulo ,São Paulo,Japan,JP,1:23:23,5:42:52,3:56:03,0:09:07,0:04:23,11:15:47,5003,20572,14163,547,263,40547,1010,907,193,1714,1496,261,1292,1167,222,1010,907,193,Finisher,2961
Eduardo,Cucolo De Domenico,Eduardo Cucolo De Domenico,1483,M45-49,Male,Brasília,DF,Brazil,BR,1:00:33,5:13:12,4:42:48,0:11:22,0:08:07,11:16:01,3633,18792,16968,682,487,40561,1011,908,173,306,273,43,513,483,81,1011,908,173,Finisher,3109
Claus,Jonathas,Claus Jonathas,1281,M40-44,Male,Florianópolis,SC,Brazil,BR,1:11:00,5:17:25,4:36:49,0:05:12,0:05:37,11:16:02,4260,19045,16609,312,337,40562,1012,909,238,999,906,224,646,602,155,1012,909,238,Finisher,2750
Cristiano,Patricio De Sousa,Cristiano Patricio De Sousa,1227,M40-44,Male,Mirassol,SP,Brazil,BR,1:44:59,5:22:56,3:50:20,0:10:42,0:07:17,11:16:13,6299,19376,13820,642,437,40573,1013,910,239,1929,1664,408,1332,1198,301,1013,910,239,Finisher,2748
Alana,Ventura,Alana Ventura,505,F35-39,Female,Salvador,BA,Brazil,BR,1:19:06,5:23:18,4:15:02,0:12:31,0:06:23,11:16:20,4746,19398,15302,751,383,40580,1014,104,20,1546,186,32,1005,90,19,1014,104,20,Finisher,3704
Cecilia,Cabello,Cecilia Cabello,570,F40-44,Female,Asuncion,Distrito Capital,Paraguay,PY,1:16:44,5:57:26,3:50:55,0:06:57,0:04:33,11:16:35,4604,21446,13855,417,273,40595,1015,105,20,1418,161,29,1360,142,27,1015,105,20,Finisher,3457
BRENDA,RUPP GAZZE,BRENDA RUPP GAZZE,257,F30-34,Female,SANTO ANDRE,SP,Brazil,BR,1:07:42,5:44:41,4:09:08,0:10:05,0:05:01,11:16:36,4062,20681,14948,605,301,40596,1016,106,14,745,67,9,1123,104,13,1016,106,14,Finisher,3778
Fernando,Moura,Fernando Moura,1012,M40-44,Male,Recife,PE,Brazil,BR,1:02:59,5:22:01,4:38:50,0:08:18,0:04:38,11:16:46,3779,19321,16730,498,278,40606,1017,911,240,434,395,99,641,597,152,1017,911,240,Finisher,2741
Edson,Jose Montanarin Junior,Edson Jose Montanarin Junior,1295,M40-44,Male,Curitiba,PR,Brazil,BR,0:59:27,5:29:04,4:33:49,0:08:33,0:06:00,11:16:54,3567,19744,16429,513,360,40614,1018,912,241,248,221,49,713,664,175,1018,912,241,Finisher,2739
Paulo,Cesar Lara Sawada,Paulo Cesar Lara Sawada,1151,M40-44,Male,ITUPORANGA,BR-SC,Brazil,BR,1:13:39,5:56:40,3:53:08,0:09:40,0:03:52,11:16:59,4419,21400,13988,580,232,40619,1019,913,242,1203,1080,266,1343,1207,303,1019,913,242,Finisher,2738
Gláucia De Fátima Gomes,Silva,Gláucia De Fátima Gomes Silva,558,F40-44,Female,SANTAREM,PA,Brazil,BR,1:16:17,5:39:19,4:07:35,0:09:20,0:04:30,11:17:01,4577,20359,14855,560,270,40621,1020,107,21,1392,157,27,1164,109,20,1020,107,21,Finisher,3452
JEFFERSON,DE DECCO TEIXEIRA,JEFFERSON DE DECCO TEIXEIRA,1942,M50-54,Male,RIO DE JANEIRO,RJ,Brazil,BR,1:08:53,5:35:54,4:21:02,0:05:51,0:05:28,11:17:08,4133,20154,15662,351,328,40628,1021,914,69,837,760,66,936,860,72,1021,914,69,Finisher,3065
Diego,Pancera,Diego Pancera,898,M40-44,Male,Sao Paulo,SP,Brazil,BR,1:04:13,5:45:41,4:13:53,0:08:31,0:04:51,11:17:10,3853,20741,15233,511,291,40630,1022,915,243,510,465,113,1065,968,243,1022,915,243,Finisher,2736
Guilherme,Marques,Guilherme Marques,459,M30-34,Male,Praia Grande,SAO PAULO,Brazil,BR,1:17:28,5:43:59,3:59:31,0:10:39,0:05:42,11:17:19,4648,20639,14371,639,342,40639,1023,916,111,1457,1291,147,1259,1136,132,1023,916,111,Finisher,3166
Ana,Matos,Ana Matos,556,F40-44,Female,Balneário Camboriú,Santa Catarina,Brazil,BR,1:06:11,5:42:16,4:17:37,0:06:14,0:05:08,11:17:25,3971,20536,15457,374,308,40645,1024,108,22,645,61,11,1002,88,15,1024,108,22,Finisher,3447
Rafael,Chianca,Rafael Chianca,859,M35-39,Male,São Paulo,SP,Brazil,BR,1:23:39,5:34:00,4:04:18,0:09:34,0:06:20,11:17:52,5019,20040,14658,574,380,40672,1025,917,194,1724,1504,264,1198,1085,212,1025,917,194,Finisher,2936
Agustin,Gandolfo,Agustin Gandolfo,1153,M40-44,Male,La Calera,AR-X,Argentina,AR,1:10:00,5:20:56,4:31:17,0:08:55,0:06:59,11:18:07,4200,19256,16277,535,419,40687,1026,918,244,923,836,202,770,712,191,1026,918,244,Finisher,2725
ERICK,REIS BARROS,ERICK REIS BARROS,814,M35-39,Male,,,Brazil,BR,1:20:41,5:53:16,3:40:18,0:15:27,0:08:36,11:18:18,4841,21196,13218,927,516,40698,1027,919,195,1625,1424,250,1453,1295,241,1027,919,195,Finisher,2931
ROBERTA,BUZAM TEIXEIRA,ROBERTA BUZAM TEIXEIRA,1982,F50-54,Female,SAO PAULO,SP,Brazil,BR,1:18:20,5:44:18,4:02:47,0:08:06,0:05:10,11:18:40,4700,20658,14567,486,310,40720,1028,109,8,1509,181,13,1246,121,8,1028,109,8,Finisher,4529
marco,spagnol,marco spagnol,1106,M40-44,Male,Guaratingueta ,SAO PAULO,Brazil,BR,1:14:36,5:58:46,3:52:08,0:08:34,0:04:41,11:18:46,4476,21526,13928,514,281,40726,1029,920,245,1268,1134,278,1367,1223,308,1029,920,245,Finisher,2717
Maciel,De Melo Santos,Maciel De Melo Santos,1239,M40-44,Male,Guarulhos,Sao Paulo,Brazil,BR,1:14:45,5:27:17,4:23:56,0:07:44,0:05:10,11:18:53,4485,19637,15836,464,310,40733,1030,921,246,1283,1147,282,927,852,218,1030,921,246,Finisher,2716
Fabio,Luvizari Fernandes,Fabio Luvizari Fernandes,134,M25-29,Male,Sao Paulo,SP,Brazil,BR,1:23:47,5:44:56,3:53:35,0:09:25,0:07:16,11:18:59,5027,20696,14015,565,436,40739,1031,922,52,1725,1505,74,1326,1193,65,1031,922,52,Finisher,2764
Catalina,Villanueva,Catalina Villanueva,1355,F45-49,Female,beccar,AR-B,Argentina,AR,1:19:43,5:43:20,4:04:05,0:07:27,0:04:31,11:19:06,4783,20600,14645,447,271,40746,1032,110,22,1586,195,38,1243,120,26,1032,110,22,Finisher,3711
Norton,Souza,Norton Souza,193,M25-29,Male,Brasília,DISTRITO FEDERAL,Brazil,BR,1:11:37,5:47:27,4:05:57,0:09:42,0:04:27,11:19:10,4297,20847,14757,582,267,40750,1033,923,53,1046,946,53,1219,1105,62,1033,923,53,Finisher,2762
Adão,Francisco,Adão Francisco,2170,M65-69,Male,Lins,São Paulo,Brazil,BR,1:12:28,5:26:29,4:24:29,0:09:06,0:06:45,11:19:17,4348,19589,15869,546,405,40757,1034,924,2,1120,1010,6,893,822,1,1034,924,2,Finisher,4950
Glaussius,Schettini,Glaussius Schettini,2142,M60-64,Male,Santos,SP,Brazil,BR,1:10:31,5:29:25,4:26:21,0:07:24,0:06:01,11:19:43,4231,19765,15981,444,361,40783,1035,925,9,954,865,13,886,815,14,1035,925,9,Finisher,4020
Alexandre,Pinheiro,Alexandre Pinheiro,162,M25-29,Male,sao paulo,SP,Brazil,BR,1:02:52,5:28:52,4:35:03,0:08:48,0:04:22,11:19:57,3772,19732,16503,528,262,40797,1036,926,54,429,391,22,784,725,42,1036,926,54,Finisher,2753
Guilherme,Meurer Mendes,Guilherme Meurer Mendes,376,M30-34,Male,,,Brazil,BR,1:18:05,5:33:11,4:13:28,0:09:30,0:05:47,11:20:01,4685,19991,15208,570,347,40801,1037,927,112,1495,1319,153,1098,997,115,1037,927,112,Finisher,3134
Bruno,Sarak,Bruno Sarak,991,M40-44,Male,Indaiatuba,Sp,Brazil,BR,1:06:34,5:29:12,4:30:05,0:05:43,0:08:35,11:20:09,3994,19752,16205,343,515,40809,1038,928,247,670,609,149,798,738,196,1038,928,247,Finisher,2700
Paulo,Roberto Sembranelli Junior,Paulo Roberto Sembranelli Junior,1041,M40-44,Male,,,Brazil,BR,1:09:28,5:14:14,4:42:26,0:07:04,0:07:12,11:20:23,4168,18854,16946,424,432,40823,1039,929,248,877,796,191,599,559,141,1039,929,248,Finisher,2698
Thiago,Sallas,Thiago Sallas,972,M40-44,Male,Biguaçu,BR-SC,Brazil,BR,1:16:07,5:37:53,4:11:44,0:08:18,0:06:21,11:20:24,4567,20273,15104,498,381,40824,1040,930,249,1377,1224,298,1119,1016,253,1040,930,249,Finisher,2697
Marcos,Mesquita Do Valle,Marcos Mesquita Do Valle,721,M35-39,Male,SANTOS,SP,Brazil,BR,1:09:21,5:31:27,4:17:58,0:13:03,0:08:36,11:20:25,4161,19887,15478,783,516,40825,1041,931,196,870,790,156,987,901,180,1041,931,196,Finisher,2906
Evandro Jose,Freitag Dutra,Evandro Jose Freitag Dutra,2046,M55-59,Male,Curitiba,Paraná,Brazil,BR,1:06:42,5:32:09,4:22:44,0:10:02,0:09:05,11:20:42,4002,19929,15764,602,545,40842,1042,932,27,679,618,14,911,838,28,1042,932,27,Finisher,3745
Paula,Martinez Toledo,Paula Martinez Toledo,1361,F45-49,Female,Sorocaba ,SP,Brazil,BR,1:04:48,5:42:03,4:15:46,0:09:44,0:08:29,11:20:50,3888,20523,15346,584,509,40850,1043,111,23,551,51,7,1033,94,19,1043,111,23,Finisher,3690
Fábio,Estevão,Fábio Estevão,611,M35-39,Male,Sorocaba,São Paulo,Brazil,BR,1:20:36,5:53:36,3:47:57,0:10:58,0:07:52,11:20:59,4836,21216,13677,658,472,40859,1044,933,197,1617,1417,249,1404,1251,238,1044,933,197,Finisher,2899
Augusto,Giordano,Augusto Giordano,1633,M45-49,Male,CORDOBA,AR-X,Argentina,AR,1:11:40,5:48:48,4:04:01,0:08:29,0:08:10,11:21:09,4300,20928,14641,509,490,40869,1045,934,174,1050,950,184,1222,1108,223,1045,934,174,Finisher,3047
Bruno,Malcon Da Silva,Bruno Malcon Da Silva,144,M25-29,Male,Colombo,PR,Brazil,BR,1:05:54,5:45:22,4:19:14,0:06:20,0:04:25,11:21:15,3954,20722,15554,380,265,40875,1046,935,55,625,567,36,1049,954,52,1046,935,55,Finisher,2737
Pablo,Saez,Pablo Saez,1326,M40-44,Male,Yerba Buena,AR-T,Argentina,AR,1:05:26,5:59:32,4:02:43,0:07:42,0:06:00,11:21:23,3926,21572,14563,462,360,40883,1047,936,250,592,539,136,1264,1141,284,1047,936,250,Finisher,2686
Fernanda,Namur,Fernanda Namur,1363,F45-49,Female,São José dos Campos,São Paulo,Brazil,BR,0:59:03,5:26:42,4:44:19,0:07:14,0:04:13,11:21:31,3543,19602,17059,434,253,40891,1048,112,24,232,26,2,634,44,8,1048,112,24,Finisher,3682
Diogo,Menegaz,Diogo Menegaz,1967,M50-54,Male,Rio de Janeiro,RIO DE JANEIRO,Brazil,BR,0:58:39,5:19:36,4:50:19,0:07:38,0:05:20,11:21:31,3519,19176,17419,458,320,40891,1049,937,70,214,190,14,527,495,34,1049,937,70,Finisher,3013
Leandro,Fernandes De Oliveira,Leandro Fernandes De Oliveira,643,M35-39,Male,Lins,SP,Brazil,BR,1:27:45,5:43:03,3:58:34,0:07:45,0:04:50,11:21:56,5265,20583,14314,465,290,40916,1050,938,198,1812,1580,277,1330,1197,228,1050,938,198,Finisher,2887
Jonathas,de Aquino Rosa,Jonathas de Aquino Rosa,1222,M40-44,Male,Biguaçu,Santa Catarina,Brazil,BR,1:16:38,5:38:02,4:13:25,0:07:23,0:06:32,11:22:00,4598,20282,15205,443,392,40920,1051,939,251,1413,1253,306,1114,1011,251,1051,939,251,Finisher,2678
Ramiro,Ibáñez,Ramiro Ibáñez,1745,M45-49,Male,Florida Vicente López,AR-B,Argentina,AR,1:10:14,5:44:16,4:12:53,0:07:16,0:07:26,11:22:06,4214,20656,15173,436,446,40926,1052,940,175,936,847,160,1110,1007,196,1052,940,175,Finisher,3036
Thiago,Negri Bermejo,Thiago Negri Bermejo,1149,M40-44,Male,Assis,BR-SP,Brazil,BR,1:16:33,5:50:02,3:51:52,0:14:23,0:09:35,11:22:25,4593,21002,13912,863,575,40945,1053,941,252,1408,1249,303,1358,1217,307,1053,941,252,Finisher,2673
Pablo,Aguirre,Pablo Aguirre,1056,M40-44,Male,San miguel de tucuman,Tucuman,Argentina,AR,1:00:54,5:27:02,4:44:32,0:06:45,0:03:16,11:22:29,3654,19622,17072,405,196,40949,1054,942,253,330,295,71,664,617,160,1054,942,253,Finisher,2672
Henrique,Goldenberg,Henrique Goldenberg,668,M35-39,Male,Rio de Janeiro,RJ,Brazil,BR,0:58:14,5:48:40,4:12:45,0:12:09,0:10:47,11:22:34,3494,20920,15165,729,647,40954,1055,943,199,200,179,35,1074,977,201,1055,943,199,Finisher,2880
Rwsvelt ,Campideli ,Rwsvelt Campideli,727,M35-39,Male,Praia Grande ,São Paulo ,Brazil,BR,1:20:19,5:28:52,4:21:07,0:06:45,0:05:37,11:22:39,4819,19732,15667,405,337,40959,1056,944,200,1601,1406,246,1024,932,190,1056,944,200,Finisher,2879
Fulvio,Santos Santana,Fulvio Santos Santana,1837,M50-54,Male,Lauro De Freitas,BA,Brazil,BR,1:21:47,5:40:14,4:05:48,0:08:19,0:06:38,11:22:46,4907,20414,14748,499,398,40966,1057,945,71,1659,1450,170,1239,1120,100,1057,945,71,Finisher,2998
Murillo,Henrique Sanches,Murillo Henrique Sanches,337,M30-34,Male,Maracaju,MS,Brazil,BR,1:05:00,5:03:38,4:54:28,0:08:46,0:10:56,11:22:47,3900,18218,17668,526,656,40967,1058,946,113,557,505,66,400,373,50,1058,946,113,Finisher,3101
OSMIR,APARECIDO CRUZ,OSMIR APARECIDO CRUZ,1803,M50-54,Male,SELECIONE,SP,Brazil,BR,1:16:58,5:24:29,4:23:18,0:09:23,0:08:42,11:22:50,4618,19469,15798,563,522,40970,1059,947,72,1428,1267,146,942,865,75,1059,947,72,Finisher,2997
Rodrigo,Rodrigues Nolasco De Carvalho,Rodrigo Rodrigues Nolasco De Carvalho,899,M40-44,Male,Rio De Janeiro,RJ,Brazil,BR,1:02:01,5:42:11,4:24:42,0:08:11,0:06:01,11:23:06,3721,20531,15882,491,361,40986,1060,948,254,390,354,87,963,880,224,1060,948,254,Finisher,2665
Vinicius,Santos,Vinicius Santos,1615,M45-49,Male,Vinhedo,SAO PAULO,Brazil,BR,1:06:27,5:38:01,4:22:53,0:09:34,0:06:11,11:23:07,3987,20281,15773,574,371,40987,1061,949,176,663,602,101,989,903,171,1061,949,176,Finisher,3024
Michele,Nepomuceno,Michele Nepomuceno,1395,F45-49,Female,Sao Paulo,SP,Brazil,BR,1:03:32,5:38:34,4:27:41,0:10:18,0:03:05,11:23:11,3812,20314,16061,618,185,40991,1062,113,25,464,42,5,964,84,17,1062,113,25,Finisher,3662
Matias Hernan,Fraiman,Matias Hernan Fraiman,1577,M45-49,Male,Ciudadela ,AR-B,Argentina,AR,1:08:18,5:37:33,4:25:11,0:06:55,0:05:31,11:23:27,4098,20253,15911,415,331,41007,1063,950,177,793,722,135,968,884,167,1063,950,177,Finisher,3020
Alejandro,Trigila,Alejandro Trigila,2052,M55-59,Male,Adrogue,Buenos Aires,Argentina,AR,1:02:24,5:22:58,4:48:48,0:06:01,0:03:18,11:23:29,3744,19378,17328,361,198,41009,1064,951,28,406,369,6,607,567,10,1064,951,28,Finisher,3711
Luiz Henrique,Lourenço,Luiz Henrique Lourenço,332,M30-34,Male,São Paulo,SAO PAULO,Brazil,BR,1:12:42,5:17:12,4:41:53,0:06:48,0:05:08,11:23:44,4362,19032,16913,408,308,41024,1065,952,114,1141,1030,121,707,659,86,1065,952,114,Finisher,3089
Roberto,De Souza Vieira,Roberto De Souza Vieira,999,M40-44,Male,Afonso Claudio,ES,Brazil,BR,1:07:34,5:38:14,4:24:47,0:07:45,0:05:34,11:23:54,4054,20294,15887,465,334,41034,1066,953,255,734,668,162,980,895,230,1066,953,255,Finisher,2655
LETICIA,CAROLINE DE OLIVEIRA,LETICIA CAROLINE DE OLIVEIRA,240,F30-34,Female,,PR,Brazil,BR,1:14:23,5:45:27,4:11:21,0:07:52,0:04:54,11:23:56,4463,20727,15081,472,294,41036,1067,114,15,1253,132,19,1204,114,16,1067,114,15,Finisher,3690
GLEIDSON,JOSE VIEIRA LINHARES,GLEIDSON JOSE VIEIRA LINHARES,1278,M40-44,Male,Nova Lima,MG,Brazil,BR,1:15:43,5:55:25,3:54:09,0:11:36,0:07:41,11:24:34,4543,21325,14049,696,461,41074,1068,954,256,1350,1204,295,1373,1226,310,1068,954,256,Finisher,2647
Philip,OSullivan,Philip OSullivan,1950,M50-54,Male,Palmas,BR-TO,Brazil,BR,1:15:40,5:48:34,4:06:24,0:09:03,0:05:01,11:24:42,4540,20914,14784,543,301,41082,1069,955,73,1346,1201,132,1270,1146,104,1069,955,73,Finisher,2974
Fabio,Henrique De Souza,Fabio Henrique De Souza,1459,M45-49,Male,Nova Odessa,SP,Brazil,BR,1:07:00,5:24:59,4:38:52,0:07:07,0:06:53,11:24:51,4020,19499,16732,427,413,41091,1070,956,178,708,643,110,756,700,129,1070,956,178,Finisher,3003
Luis,Fernando Schumaher,Luis Fernando Schumaher,1317,M40-44,Male,Sao Paulo,SP,Brazil,BR,1:01:30,5:40:31,4:24:02,0:11:02,0:07:48,11:24:54,3690,20431,15842,662,468,41094,1071,957,257,366,330,83,971,887,226,1071,957,257,Finisher,2643
Sidney,Buchman,Sidney Buchman,2077,M55-59,Male,São Paulo,São Paulo,Brazil,BR,1:07:22,5:38:29,4:20:11,0:07:04,0:11:52,11:24:59,4042,20309,15611,424,712,41099,1072,958,29,723,658,17,969,885,29,1072,958,29,Finisher,3693
GASTON,PESCETTO,GASTON PESCETTO,1772,M50-54,Male,CORDOBA,X,Argentina,AR,0:59:43,5:30:14,4:40:49,0:06:37,0:07:55,11:25:19,3583,19814,16849,397,475,41119,1073,959,74,260,232,19,699,651,46,1073,959,74,Finisher,2967
DYNALMO,ANTONIO DE SOUZA,DYNALMO ANTONIO DE SOUZA,676,M35-39,Male,SALVADOR,BA,Brazil,BR,0:59:49,4:59:58,5:11:23,0:08:19,0:06:15,11:25:45,3589,17998,18683,499,375,41145,1074,960,201,267,239,51,292,273,62,1074,960,201,Finisher,2842
Mariana,Kort,Mariana Kort,280,F35-39,Female,Rio de Janeiro,Rio de Janeiro,Brazil,BR,1:14:07,5:54:19,3:59:44,0:12:04,0:05:32,11:25:46,4447,21259,14384,724,332,41146,1075,115,21,1236,128,24,1354,140,23,1075,115,21,Finisher,3591
Tales,Jahn,Tales Jahn,1631,M45-49,Male,Foz do Iguaçu,PR,Brazil,BR,1:07:57,5:33:06,4:25:10,0:09:28,0:10:08,11:25:49,4077,19986,15910,568,608,41149,1076,961,179,769,698,126,932,857,161,1076,961,179,Finisher,2991
Everlan,Da Silva Meira,Everlan Da Silva Meira,719,M35-39,Male,,,Brazil,BR,1:16:14,5:57:07,3:41:47,0:20:04,0:10:49,11:26:01,4574,21427,13307,1204,649,41161,1077,962,202,1390,1235,223,1489,1326,246,1077,962,202,Finisher,2838
German,Del Colle,German Del Colle,595,M35-39,Male,Temperley,Buenos Aires,Argentina,AR,1:08:17,5:40:08,4:25:41,0:08:05,0:03:52,11:26:03,4097,20408,15941,485,232,41163,1078,963,203,792,721,142,1032,939,192,1078,963,203,Finisher,2838
Aldo Daniel,Ledesma,Aldo Daniel Ledesma,1448,M45-49,Male,Ituzaingó,AR-B,Argentina,AR,1:27:34,5:28:57,4:17:25,0:06:12,0:06:05,11:26:11,5254,19737,15445,372,365,41171,1079,964,180,1808,1577,300,1128,1023,201,1079,964,180,Finisher,2987
Anelise,Cristiana Carvalho,Anelise Cristiana Carvalho,549,F40-44,Female,,,Brazil,BR,1:21:58,5:42:10,4:00:13,0:12:57,0:08:57,11:26:16,4918,20530,14413,777,537,41176,1080,116,23,1664,210,45,1317,133,25,1080,116,23,Finisher,3341
Andre,Matos,Andre Matos,1112,M40-44,Male,Cotia,São Paulo,Brazil,BR,1:10:55,5:40:34,4:25:41,0:05:15,0:04:01,11:26:27,4255,20434,15941,315,241,41187,1081,965,258,995,902,222,1036,942,237,1081,965,258,Finisher,2625
Vitor,Araujo Leao,Vitor Araujo Leao,2206,M30-34,Male,Rio De Janeiro,RJ,Brazil,BR,1:04:24,5:45:01,4:22:18,0:08:46,0:06:21,11:26:49,3864,20701,15738,526,381,41209,1082,966,115,525,478,61,1059,963,112,1082,966,115,Finisher,3052
Fabian,Perez,Fabian Perez,1883,M50-54,Male,Curitiba,PR,Brazil,BR,1:05:40,5:32:54,4:24:35,0:07:39,0:16:04,11:26:52,3940,19974,15875,459,964,41212,1083,967,75,609,553,44,866,796,64,1083,967,75,Finisher,2948
Vito,Ferreira Pinto,Vito Ferreira Pinto,708,M35-39,Male,SÃO PAULO,BR-SP,Brazil,BR,1:00:44,5:43:56,4:25:06,0:08:52,0:08:26,11:27:04,3644,20636,15906,532,506,41224,1084,968,204,321,286,60,979,894,178,1084,968,204,Finisher,2826
David Ariel,Ackermann,David Ariel Ackermann,2047,M55-59,Male,Ingeniero Maschwitz,AR-B,Argentina,AR,1:11:01,5:20:48,4:39:34,0:06:51,0:08:54,11:27:07,4261,19248,16774,411,534,41227,1085,969,30,1000,907,30,746,692,16,1085,969,30,Finisher,3668
Sebastian,Dorazio,Sebastian Dorazio,1752,M45-49,Male,Merlo,Intl State,Argentina,AR,1:05:02,5:40:43,4:26:50,0:06:22,0:08:22,11:27:20,3902,20443,16010,382,502,41240,1086,970,181,559,507,80,957,874,165,1086,970,181,Finisher,2973
Marcelo,Rodrigues Azenha,Marcelo Rodrigues Azenha,1472,M45-49,Male,Ribeirao Preto,São Paulo,Brazil,BR,0:51:17,5:53:05,4:25:25,0:09:43,0:07:50,11:27:20,3077,21185,15925,583,470,41240,1087,971,182,44,39,6,992,906,173,1087,971,182,Finisher,2973
Heitor,Pampolini,Heitor Pampolini,450,M30-34,Male,Piracicaba,SAO PAULO,Brazil,BR,1:13:52,5:40:21,4:21:08,0:08:47,0:03:13,11:27:21,4432,20421,15668,527,193,41241,1088,972,116,1219,1094,129,1130,1025,121,1088,972,116,Finisher,3046
Hugo,Silverio,Hugo Silverio,673,M35-39,Male,Manaus,AM,Brazil,BR,1:13:02,6:33:36,3:25:58,0:08:59,0:05:50,11:27:24,4382,23616,12358,539,350,41244,1089,973,205,1168,1053,198,1647,1453,258,1089,973,205,Finisher,2822
Rafael,Damasceno,Rafael Damasceno,895,M35-39,Male,Pinhais,PR,Brazil,BR,1:07:42,5:53:51,4:05:02,0:11:57,0:09:26,11:27:58,4062,21231,14702,717,566,41278,1090,974,206,747,679,137,1274,1150,219,1090,974,206,Finisher,2815
Alexandre,Nunes Da Silva,Alexandre Nunes Da Silva,1660,M45-49,Male,Sao Paulo,SP,Brazil,BR,1:22:53,5:59:44,3:52:18,0:08:52,0:04:23,11:28:10,4973,21584,13938,532,263,41290,1091,975,183,1697,1480,280,1476,1313,257,1091,975,183,Finisher,2963
Rogerio,Lavieri,Rogerio Lavieri,1329,M40-44,Male,Gold River,CA,Brazil,BR,1:08:54,5:44:37,4:19:37,0:08:35,0:06:28,11:28:11,4134,20677,15577,515,388,41291,1092,976,259,839,762,184,1117,1014,252,1092,976,259,Finisher,2604
Renato,Marchiori Do Amaral,Renato Marchiori Do Amaral,687,M35-39,Male,Sorocaba,SP,Brazil,BR,1:15:08,5:32:20,4:19:10,0:12:31,0:09:15,11:28:24,4508,19940,15550,751,555,41304,1093,977,207,1313,1171,210,1088,988,204,1093,977,207,Finisher,2810
Gabriel,Boal,Gabriel Boal,1257,M40-44,Male,PIRACICABA,SAO PAULO,Brazil,BR,1:19:54,5:28:33,4:29:13,0:07:27,0:03:22,11:28:29,4794,19713,16153,447,202,41309,1094,978,260,1590,1395,349,1022,930,236,1094,978,260,Finisher,2600
CABALLERO,DAMIAN RICARDO,CABALLERO DAMIAN RICARDO,2070,M55-59,Male,BUENOS AIRES,B,Argentina,AR,1:15:37,5:40:15,4:17:34,0:07:48,0:07:31,11:28:45,4537,20415,15454,468,451,41325,1095,979,31,1344,1199,43,1143,1038,34,1095,979,31,Finisher,3648
Michelle,Ferrari,Michelle Ferrari,493,F35-39,Female,Sao Paulo,BR-SP,Brazil,BR,1:09:50,5:30:49,4:29:32,0:10:26,0:08:31,11:29:08,4190,19849,16172,626,511,41348,1096,117,22,910,86,14,946,78,17,1096,117,22,Finisher,3551
JORGE,ROBERTO COSTA DA SILVA JUNIOR,JORGE ROBERTO COSTA DA SILVA JUNIOR,794,M35-39,Male,BELEM,PA,Brazil,BR,1:01:15,5:45:02,4:31:29,0:07:22,0:04:00,11:29:09,3675,20702,16289,442,240,41349,1097,980,208,346,310,65,982,897,179,1097,980,208,Finisher,2801
LEONARDO DANIEL,PASCUAL,LEONARDO DANIEL PASCUAL,1754,M45-49,Male,MORON,BUENOS AIRES,Argentina,AR,1:05:07,5:29:01,4:37:16,0:09:53,0:07:57,11:29:14,3907,19741,16636,593,477,41354,1098,981,184,566,514,82,828,762,141,1098,981,184,Finisher,2950
Vitor,Visa Nogueira,Vitor Visa Nogueira,367,M30-34,Male,Vila Velha,ES,Brazil,BR,1:12:08,6:10:00,3:55:31,0:06:23,0:05:21,11:29:23,4328,22200,14131,383,321,41363,1099,982,117,1088,982,112,1441,1283,149,1099,982,117,Finisher,3021
Jeverson,Abreu,Jeverson Abreu,1876,M50-54,Male,Florianopolis,BR-SC,Brazil,BR,1:18:32,5:35:34,4:20:39,0:08:54,0:05:52,11:29:31,4712,20134,15639,534,352,41371,1100,983,76,1515,1334,153,1131,1026,91,1100,983,76,Finisher,2917
Renner,Marinho,Renner Marinho,163,M25-29,Male,Brasilia,BR-DF,Brazil,BR,1:14:38,5:29:44,4:26:20,0:11:08,0:07:48,11:29:38,4478,19784,15980,668,468,41378,1101,984,56,1271,1137,60,1014,923,50,1101,984,56,Finisher,2636
Ketima,Figueiredo,Ketima Figueiredo,1344,F45-49,Female,Bauru,Sp,Brazil,BR,1:20:54,5:39:24,4:15:47,0:09:34,0:04:03,11:29:42,4854,20364,15347,574,243,41382,1102,118,26,1632,203,40,1232,118,25,1102,118,26,Finisher,3584
Helton,Carlos C V G Vieira,Helton Carlos C V G Vieira,1510,M45-49,Male,Porto Velho,RO,Brazil,BR,1:11:42,5:27:12,4:41:12,0:05:34,0:04:11,11:29:51,4302,19632,16872,334,251,41391,1103,985,185,1052,952,185,837,770,143,1103,985,185,Finisher,2943
PAULO,ROBERTO DE ABREU,PAULO ROBERTO DE ABREU,1840,M50-54,Male,SAO PAULO,SP,Brazil,BR,1:13:53,5:36:43,4:26:32,0:07:22,0:05:30,11:30:00,4433,20203,15992,442,330,41400,1104,986,77,1220,1095,112,1056,960,84,1104,986,77,Finisher,2911
JOAO,HENRIQUE LIMA DE OLIVEIRA FILHO,JOAO HENRIQUE LIMA DE OLIVEIRA FILHO,695,M35-39,Male,MANAUS,AMAZONAS,Brazil,BR,1:15:59,5:36:56,4:26:43,0:06:15,0:04:26,11:30:19,4559,20216,16003,375,266,41419,1105,987,209,1365,1214,220,1077,979,202,1105,987,209,Finisher,2787
ANDERSON,DA SILVA SANTOS,ANDERSON DA SILVA SANTOS,1646,M45-49,Male,CHARQUEADAS,RS,Brazil,BR,1:34:17,5:25:13,4:18:31,0:06:44,0:05:40,11:30:25,5657,19513,15511,404,340,41425,1106,988,186,1875,1622,310,1184,1073,211,1106,988,186,Finisher,2936
Victor Gustavo,Othero Vidal,Victor Gustavo Othero Vidal,846,M35-39,Male,Catanduva,,Brazil,BR,0:57:44,5:41:06,4:41:35,0:06:42,0:03:37,11:30:44,3464,20466,16895,402,217,41444,1107,989,210,181,161,29,853,784,157,1107,989,210,Finisher,2782
Daniel,Jose De Andrade Apolinario,Daniel Jose De Andrade Apolinario,731,M35-39,Male,Belo Horizonte,MG,Brazil,BR,1:18:44,5:46:35,4:10:15,0:10:32,0:04:38,11:30:45,4724,20795,15015,632,278,41445,1108,990,211,1532,1349,239,1299,1172,223,1108,990,211,Finisher,2782
Vinicius,Volpato Naval,Vinicius Volpato Naval,1253,M40-44,Male,Piracicaba,SP,Brazil,BR,1:08:04,5:42:00,4:29:23,0:07:16,0:04:23,11:31:06,4084,20520,16163,436,263,41466,1109,991,261,777,706,174,1047,952,240,1109,991,261,Finisher,2569
Leandro ,Toshio Sudo,Leandro Toshio Sudo,863,M35-39,Male,Londrina,Paraná,Brazil,BR,0:58:55,5:47:11,4:31:31,0:06:34,0:07:09,11:31:20,3535,20831,16291,394,429,41480,1110,992,212,227,203,43,967,883,177,1110,992,212,Finisher,2775
Fernanda ,Vieira de Sá ,Fernanda Vieira de Sá,250,F30-34,Female,São Paulo ,São Paulo ,Brazil,BR,1:14:13,5:50:12,4:14:39,0:07:36,0:04:44,11:31:25,4453,21012,15279,456,284,41485,1111,119,16,1244,130,18,1257,123,17,1111,119,16,Finisher,3601
Patricia,Cordeiro,Patricia Cordeiro,584,F40-44,Female,sao paulo,,Brazil,BR,1:16:38,5:50:09,4:07:09,0:09:52,0:07:44,11:31:31,4598,21009,14829,592,464,41491,1112,120,24,1412,160,28,1310,131,23,1112,120,24,Finisher,3278
Mario Alejandro,Giménez,Mario Alejandro Giménez,1327,M40-44,Male,Buenos Aires,AR-C,Argentina,AR,1:17:35,5:57:23,3:57:18,0:11:42,0:07:37,11:31:35,4655,21443,14238,702,457,41495,1113,993,262,1469,1302,320,1423,1266,325,1113,993,262,Finisher,2563
Christian,Eloysio,Christian Eloysio,191,M25-29,Male,,,Brazil,BR,1:07:05,5:44:50,4:21:55,0:10:26,0:07:43,11:31:59,4025,20690,15715,626,463,41519,1114,994,57,716,651,40,1121,1018,55,1114,994,57,Finisher,2608
Thiago,Junio Costa Quaresma,Thiago Junio Costa Quaresma,844,M35-39,Male,Santarem,PA,Brazil,BR,0:54:50,5:47:09,4:36:23,0:05:40,0:08:08,11:32:10,3290,20829,16583,340,488,41530,1115,995,213,100,86,13,891,820,164,1115,995,213,Finisher,2765
Diego,Do Nascimento Felicio,Diego Do Nascimento Felicio,756,M35-39,Male,Fortaleza,CE,Brazil,BR,1:16:20,5:13:48,4:49:34,0:06:23,0:06:05,11:32:10,4580,18828,17374,383,365,41530,1116,996,214,1395,1238,224,697,649,134,1116,996,214,Finisher,2765
Jose,Alves Da Silva,Jose Alves Da Silva,1923,M50-54,Male,Sorocaba,SP,Brazil,BR,1:15:16,5:48:52,4:04:17,0:16:20,0:07:28,11:32:12,4516,20932,14657,980,448,41532,1117,997,78,1324,1182,128,1350,1212,116,1117,997,78,Finisher,2884
ENDER,JAVIER PEREZ COBO,ENDER JAVIER PEREZ COBO,971,M40-44,Male,Spring,US-TX,Brazil,BR,1:31:39,5:48:51,3:46:05,0:12:47,0:12:53,11:32:15,5499,20931,13565,767,773,41535,1118,998,263,1860,1611,394,1488,1325,335,1118,998,263,Finisher,2555
Alex,Waltrick Ramos,Alex Waltrick Ramos,753,M35-39,Male,Lages,SC,Brazil,BR,1:27:01,5:46:02,4:00:43,0:11:00,0:07:43,11:32:30,5221,20762,14443,660,463,41550,1119,999,215,1802,1572,276,1388,1237,235,1119,999,215,Finisher,2761
Paulo Ricardo,Costa Da Paixao,Paulo Ricardo Costa Da Paixao,821,M35-39,Male,Rio De Janeiro,RJ,Brazil,BR,1:22:27,5:45:42,4:07:31,0:09:07,0:07:52,11:32:38,4947,20742,14851,547,472,41558,1120,1000,216,1684,1469,258,1320,1187,227,1120,1000,216,Finisher,2759
Carlos,Eduardo Silverio Fonseca,Carlos Eduardo Silverio Fonseca,1119,M40-44,Male,Sorocaba,SP,Brazil,BR,1:20:25,5:38:10,4:20:51,0:07:43,0:05:42,11:32:51,4825,20290,15651,463,342,41571,1121,1001,264,1607,1410,355,1185,1074,269,1121,1001,264,Finisher,2548
Leonardo,Cavalcante,Leonardo Cavalcante,1065,M40-44,Male,Manaus,AS,Brazil,BR,1:12:40,5:31:01,4:30:31,0:09:39,0:09:05,11:32:55,4360,19861,16231,579,545,41575,1122,1002,265,1137,1026,255,977,892,229,1122,1002,265,Finisher,2547
Allan,Emmanuel Dos Santos Silva,Allan Emmanuel Dos Santos Silva,1643,M45-49,Male,Campina Grande,,Brazil,BR,1:11:51,5:27:55,4:39:52,0:09:48,0:03:35,11:33:00,4311,19675,16792,588,215,41580,1123,1003,187,1063,962,189,921,847,158,1123,1003,187,Finisher,2905
Leonardo,Vitale Depieri,Leonardo Vitale Depieri,454,M30-34,Male,Sao Paulo,SP,Brazil,BR,1:23:49,5:50:40,3:56:11,0:11:04,0:11:16,11:33:00,5029,21040,14171,664,676,41580,1124,1004,118,1727,1506,172,1412,1259,145,1124,1004,118,Finisher,2978
Cesar,Monteverdi,Cesar Monteverdi,1788,M50-54,Male,TIGRE,AR-B,Argentina,AR,1:14:37,5:51:32,4:07:46,0:11:00,0:08:08,11:33:04,4477,21092,14866,660,488,41584,1125,1005,79,1269,1135,122,1318,1185,111,1125,1005,79,Finisher,2874
Diogo,Henrique Agostini,Diogo Henrique Agostini,382,M30-34,Male,Blumenau,SC,Brazil,BR,1:17:34,5:59:34,3:54:18,0:13:38,0:08:02,11:33:05,4654,21574,14058,818,482,41585,1126,1006,119,1467,1300,149,1468,1307,153,1126,1006,119,Finisher,2977
Leandro,Fernandes Nolasco Quintanilha,Leandro Fernandes Nolasco Quintanilha,1503,M45-49,Male,Niteroi,Rio de Janeiro,Brazil,BR,1:04:10,6:01:50,3:57:36,0:17:43,0:11:49,11:33:08,3850,21710,14256,1063,709,41588,1127,1007,188,505,461,73,1386,1235,242,1127,1007,188,Finisher,2903
Luis,Fernandez ,Luis Fernandez,1860,M50-54,Male,Venado Tuerto,,Argentina,AR,1:06:56,6:17:31,3:57:46,0:07:23,0:03:39,11:33:15,4016,22651,14266,443,219,41595,1128,1008,80,700,637,55,1481,1318,139,1128,1008,80,Finisher,2872
Maximiliano,Guiraldi,Maximiliano Guiraldi,1197,M40-44,Male,Tigre,Buenos Aires,Argentina,AR,1:10:43,5:34:08,4:33:57,0:08:49,0:05:40,11:33:16,4243,20048,16437,529,340,41596,1129,1009,266,971,879,215,981,896,231,1129,1009,266,Finisher,2543
DENNIS,Z PUGLIESE,DENNIS Z PUGLIESE,1293,M40-44,Male,SAO PAULO,SP,Brazil,BR,1:07:56,5:53:05,4:15:38,0:11:20,0:05:31,11:33:29,4076,21185,15338,680,331,41609,1130,1010,267,766,695,172,1261,1138,282,1130,1010,267,Finisher,2540
Adriano,Rossete De Ros,Adriano Rossete De Ros,1778,M50-54,Male,Juiz De Fora,MG,Brazil,BR,1:19:41,5:46:40,4:13:08,0:08:37,0:05:24,11:33:30,4781,20800,15188,517,324,41610,1131,1011,81,1584,1390,160,1289,1164,108,1131,1011,81,Finisher,2869
Daniel,Almeida Santos,Daniel Almeida Santos,1302,M40-44,Male,,,Brazil,BR,1:13:14,5:59:03,4:00:58,0:11:07,0:09:09,11:33:31,4394,21543,14458,667,549,41611,1132,1012,268,1177,1060,259,1380,1231,313,1132,1012,268,Finisher,2540
Marcelo De Jesus,Araujo,Marcelo De Jesus Araujo,1945,M50-54,Male,,,Brazil,BR,1:17:30,5:43:38,4:09:46,0:13:31,0:09:23,11:33:48,4650,20618,14986,811,563,41628,1133,1013,82,1462,1295,151,1284,1159,107,1133,1013,82,Finisher,2865
Thiago,Calcado,Thiago Calcado,1465,M45-49,Male,Hillsboro,OR,Brazil,BR,1:03:20,5:54:22,4:21:10,0:08:45,0:06:13,11:33:50,3800,21262,15670,525,373,41630,1134,1014,189,451,410,59,1186,1075,212,1134,1014,189,Finisher,2895
Fabricio,Benate,Fabricio Benate,1162,M40-44,Male,Franca,São Paulo,Brazil,BR,1:19:43,5:55:19,3:58:20,0:12:13,0:08:17,11:33:52,4783,21319,14300,733,497,41632,1135,1015,269,1585,1391,347,1425,1268,326,1135,1015,269,Finisher,2536
Juan Martin,Rojo Jojot,Juan Martin Rojo Jojot,1138,M40-44,Male,Escobar,,Argentina,AR,1:10:31,5:42:32,4:23:43,0:07:40,0:09:27,11:33:53,4231,20552,15823,460,567,41633,1136,1016,270,953,864,212,1097,996,247,1136,1016,270,Finisher,2536
Rafael,Patrocinio De Paula Costa,Rafael Patrocinio De Paula Costa,1219,M40-44,Male,Fortaleza,CE,Brazil,BR,1:20:26,5:46:28,4:10:25,0:08:02,0:08:33,11:33:55,4826,20788,15025,482,513,41635,1137,1017,271,1608,1411,356,1288,1163,291,1137,1017,271,Finisher,2535
Paulo,César Dancieri Filho,Paulo César Dancieri Filho,1501,M45-49,Male,São Paulo,SP,Brazil,BR,1:07:35,5:49:41,4:19:42,0:09:59,0:07:10,11:34:06,4055,20981,15582,599,430,41646,1138,1018,190,737,671,119,1199,1086,217,1138,1018,190,Finisher,2892
Eliana,Mello Villas Boas,Eliana Mello Villas Boas,1372,F45-49,Female,São Paulo,SP,Brazil,BR,1:12:07,5:56:04,4:12:24,0:11:04,0:02:38,11:34:17,4327,21364,15144,664,158,41657,1139,121,27,1087,106,17,1337,135,29,1139,121,27,Finisher,3529
CRISTIAN,CHAULET RODRIGUES,CRISTIAN CHAULET RODRIGUES,167,M25-29,Male,FLORIANOPOLIS,SC,Brazil,BR,1:08:19,5:47:17,4:27:29,0:06:51,0:04:23,11:34:18,4099,20837,16049,411,263,41658,1140,1019,58,797,726,45,1122,1019,56,1140,1019,58,Finisher,2580
BRUNO,SILVA ALBUQUERQUE,BRUNO SILVA ALBUQUERQUE,1605,M45-49,Male,RECIFE,PE,Brazil,BR,1:24:52,4:59:37,4:53:32,0:08:19,0:08:08,11:34:28,5092,17977,17612,499,488,41668,1141,1020,191,1759,1534,291,632,589,107,1141,1020,191,Finisher,2887
Daniel,Nogueira,Daniel Nogueira,1583,M45-49,Male,Rio de janeiro,RJ,Brazil,BR,1:12:01,5:40:12,4:25:14,0:09:52,0:07:15,11:34:34,4321,20412,15914,592,435,41674,1142,1021,192,1078,974,194,1115,1012,197,1142,1021,192,Finisher,2886
Alejandro,Fernandez,Alejandro Fernandez,2041,M55-59,Male,ciudad de la costa ,UY-CA,Uruguay,UY,1:24:14,5:39:29,4:16:12,0:08:17,0:06:32,11:34:43,5054,20369,15372,497,392,41683,1143,1022,32,1740,1518,67,1256,1134,42,1143,1022,32,Finisher,3576
Glauco,Alves E Santos,Glauco Alves E Santos,1911,M50-54,Male,Brasilia,BR-BR-DF,Brazil,BR,1:09:48,5:39:54,4:24:32,0:12:21,0:08:23,11:34:57,4188,20394,15872,741,503,41697,1144,1023,83,904,819,74,1113,1010,90,1144,1023,83,Finisher,2851
Leonardo,Franco,Leonardo Franco,1152,M40-44,Male,Serra,BR-ES,Brazil,BR,1:14:53,5:35:42,4:20:30,0:11:55,0:11:58,11:34:58,4493,20142,15630,715,718,41698,1145,1024,272,1293,1156,286,1124,1020,254,1145,1024,272,Finisher,2523
Rosângela de Lima Joaquim,Rosângela de Lima Joaquim,Rosângela de Lima Joaquim Rosângela de Lima Joaquim,1379,F45-49,Female,São Paulo,Sp,Brazil,BR,1:27:09,5:46:11,4:10:27,0:07:09,0:04:11,11:35:07,5229,20771,15027,429,251,41707,1146,122,28,1803,231,48,1351,139,31,1146,122,28,Finisher,3519
LUIZ,GABRIEL MILANEZ RONCHI,LUIZ GABRIEL MILANEZ RONCHI,217,M25-29,Male,SAO JOSE DO RIO PRETO,SP,Brazil,BR,1:09:58,5:33:45,4:36:25,0:10:10,0:04:52,11:35:08,4198,20025,16585,610,292,41708,1147,1025,59,921,834,48,988,902,48,1147,1025,59,Finisher,2570
Cristian,Monteiro Macedo,Cristian Monteiro Macedo,970,M40-44,Male,Fortaleza,CE,Brazil,BR,1:11:12,5:55:52,4:10:58,0:07:51,0:09:28,11:35:21,4272,21352,15058,471,568,41721,1148,1026,273,1010,916,227,1287,1162,290,1148,1026,273,Finisher,2518
Gabriel,Ferreira Omote,Gabriel Ferreira Omote,149,M25-29,Male,Presidente Epitacio,SP,Brazil,BR,1:14:45,5:49:23,4:16:22,0:07:18,0:07:38,11:35:26,4485,20963,15382,438,458,41726,1149,1027,60,1282,1146,62,1250,1129,63,1149,1027,60,Finisher,2567
Cristian,Matias,Cristian Matias,804,M35-39,Male,Curitiba,BR-AK,Brazil,BR,0:58:54,5:57:47,4:23:15,0:08:16,0:07:30,11:35:42,3534,21467,15795,496,450,41742,1150,1028,217,226,202,42,1165,1056,210,1150,1028,217,Finisher,2722
Leonardo,Bizotto Girotto,Leonardo Bizotto Girotto,600,M35-39,Male,,,Brazil,BR,1:20:49,5:53:47,4:02:16,0:10:33,0:08:21,11:35:47,4849,21227,14536,633,501,41747,1151,1029,218,1631,1429,251,1403,1250,237,1151,1029,218,Finisher,2721
Ivan,Ramirez,Ivan Ramirez,1316,M40-44,Male,Rosario,AR-S,Argentina,AR,1:14:27,5:44:57,4:24:38,0:07:14,0:04:33,11:35:49,4467,20697,15878,434,273,41749,1152,1030,274,1260,1127,277,1191,1079,270,1152,1030,274,Finisher,2512
Marivaldo,De Souza Soares,Marivaldo De Souza Soares,1586,M45-49,Male,Paulinia,SP,Brazil,BR,1:14:28,6:08:28,3:52:42,0:13:07,0:07:05,11:35:51,4468,22108,13962,787,425,41751,1153,1031,193,1261,1128,220,1509,1342,261,1153,1031,193,Finisher,2871
DIEGO,MITOMU FUJIWARA,DIEGO MITOMU FUJIWARA,800,M35-39,Male,SAO PAULO,SP,Brazil,BR,1:10:27,5:41:36,4:33:13,0:06:12,0:04:24,11:35:52,4227,20496,16393,372,264,41752,1154,1032,219,946,857,168,1060,964,197,1154,1032,219,Finisher,2720
Sophia,Gravelli,Sophia Gravelli,220,F18-24,Female,Red Bank,New Jersey,United States,US,1:14:54,6:33:03,3:36:49,0:07:06,0:04:10,11:36:01,4494,23583,13009,426,250,41761,1155,123,5,1294,138,6,1641,193,6,1155,123,5,Finisher,4075
Eduardo,Sauaia,Eduardo Sauaia,153,M25-29,Male,São Paulo,São Paulo,Brazil,BR,1:06:45,6:13:47,3:42:20,0:20:59,0:12:14,11:36:04,4005,22427,13340,1259,734,41764,1156,1033,61,685,624,39,1554,1378,68,1156,1033,61,Finisher,2559
EDGLEY,MACIEL LACERDA,EDGLEY MACIEL LACERDA,1734,M45-49,Male,CAMPINA GRANDE,PB,Brazil,BR,1:00:10,5:15:13,5:08:06,0:07:20,0:05:17,11:36:06,3610,18913,18486,440,317,41766,1157,1034,194,282,252,37,473,445,74,1157,1034,194,Finisher,2868
Paulo,Henrique Sartori,Paulo Henrique Sartori,1086,M40-44,Male,Limeira,SP,Brazil,BR,1:15:04,5:49:00,4:15:19,0:11:14,0:05:30,11:36:07,4504,20940,15319,674,330,41767,1158,1035,275,1305,1164,289,1291,1166,293,1158,1035,275,Finisher,2509
Luis Manuel,Cabana,Luis Manuel Cabana,1238,M40-44,Male,Ciudad Autonoma de Buenos Aires,AR-C,Argentina,AR,1:17:58,5:57:21,4:00:56,0:09:49,0:10:08,11:36:12,4678,21441,14456,589,608,41772,1159,1036,276,1490,1316,323,1402,1249,319,1159,1036,276,Finisher,2508
João Victor,Moysés Rossi,João Victor Moysés Rossi,702,M35-39,Male,Atibaia,SP,Brazil,BR,1:08:24,6:11:14,4:02:18,0:08:36,0:05:45,11:36:17,4104,22274,14538,516,345,41777,1160,1037,220,803,731,144,1437,1279,240,1160,1037,220,Finisher,2715
Erik,Morais,Erik Morais,1039,M40-44,Male,,,Brazil,BR,1:24:55,5:18:53,4:35:37,0:08:41,0:08:39,11:36:45,5095,19133,16537,521,519,41805,1161,1038,277,1760,1535,376,965,881,225,1161,1038,277,Finisher,2501
Lucas,Pagliuso,Lucas Pagliuso,467,M30-34,Male,Pocos De Caldas,MG,Brazil,BR,1:13:39,5:23:51,4:45:41,0:08:42,0:05:02,11:36:55,4419,19431,17141,522,302,41815,1162,1039,120,1204,1081,126,864,795,98,1162,1039,120,Finisher,2931
Gabriel,Barreiro,Gabriel Barreiro,1742,M45-49,Male,Muñiz,AR-B,Argentina,AR,1:22:35,5:37:29,4:24:00,0:06:59,0:05:55,11:36:58,4955,20249,15840,419,355,41818,1163,1040,195,1687,1472,278,1195,1082,215,1163,1040,195,Finisher,2857
Alexandre,Graff,Alexandre Graff,1269,M40-44,Male,Toledo,PR,Brazil,BR,1:21:01,5:47:35,4:13:13,0:09:55,0:05:27,11:37:11,4861,20855,15193,595,327,41831,1164,1041,278,1634,1430,360,1329,1196,300,1164,1041,278,Finisher,2496
Felipe,Vilvert,Felipe Vilvert,142,M25-29,Male,Blumenau,BR-SC,Brazil,BR,1:09:47,5:27:39,4:47:42,0:06:32,0:05:32,11:37:12,4187,19659,17262,392,332,41832,1165,1042,62,902,817,47,826,760,44,1165,1042,62,Finisher,2546
Luiz,Antonio Da Silva Araujo,Luiz Antonio Da Silva Araujo,196,M25-29,Male,,,Brazil,BR,1:02:19,5:52:52,4:26:03,0:09:30,0:06:38,11:37:22,3739,21172,15963,570,398,41842,1166,1043,63,398,362,19,1159,1052,60,1166,1043,63,Finisher,2544
Werington,Roger Ramella,Werington Roger Ramella,1780,M50-54,Male,Americana,SP,Brazil,BR,1:16:29,5:35:19,4:29:19,0:07:56,0:08:22,11:37:25,4589,20119,16159,476,502,41845,1167,1044,84,1403,1245,142,1084,986,88,1167,1044,84,Finisher,2822
Lorena ,Cortes,Lorena Cortes,1992,F50-54,Female,TRELEW,,Argentina,AR,1:20:22,5:50:26,4:15:34,0:05:29,0:05:47,11:37:38,4822,21026,15334,329,347,41858,1168,124,9,1604,197,14,1305,129,12,1168,124,9,Finisher,4301
Fábio,Oliveira Da Silva,Fábio Oliveira Da Silva,1422,M45-49,Male,Sorocaba,sao paulo,Brazil,BR,1:15:11,5:40:02,4:24:49,0:07:38,0:10:10,11:37:50,4511,20402,15889,458,610,41870,1169,1045,196,1318,1176,228,1129,1024,202,1169,1045,196,Finisher,2847
Caio,Bruno Landim De Oliveira,Caio Bruno Landim De Oliveira,917,M40-44,Male,,,Brazil,BR,1:20:23,5:35:39,4:28:29,0:07:28,0:05:57,11:37:57,4823,20139,16109,448,357,41877,1170,1046,279,1606,1409,354,1137,1032,256,1170,1046,279,Finisher,2487
Maurício,Ballarine,Maurício Ballarine,1919,M50-54,Male,São Paulo,São Paulo,Brazil,BR,1:22:10,5:42:00,4:21:52,0:07:23,0:04:34,11:37:59,4930,20520,15712,443,274,41879,1171,1047,85,1670,1458,173,1253,1131,102,1171,1047,85,Finisher,2815
Juliana,Graciano De Resende,Juliana Graciano De Resende,491,F35-39,Female,CURITIBA,PARANA,Brazil,BR,1:03:09,5:50:04,4:34:44,0:05:50,0:04:13,11:38:00,3789,21004,16484,350,253,41880,1172,125,23,441,41,6,1075,98,20,1172,125,23,Finisher,3444
Veronica,Romero,Veronica Romero,577,F40-44,Female,Cordoba,Cordoba,Argentina,AR,1:02:22,6:05:21,4:13:49,0:09:10,0:07:28,11:38:09,3742,21921,15229,550,448,41889,1173,126,25,402,37,7,1315,132,24,1173,126,25,Finisher,3198
Verena,Saeta,Verena Saeta,246,F30-34,Female,Goiânia ,GOIAS,Brazil,BR,1:05:54,5:35:22,4:44:14,0:07:10,0:05:30,11:38:11,3954,20122,17054,430,330,41891,1174,127,17,626,59,7,902,73,8,1174,127,17,Finisher,3519
JOAO,ALVES DE MOURA NETO,JOAO ALVES DE MOURA NETO,1213,M40-44,Male,TERESINA,PI,Brazil,BR,1:10:05,5:56:16,4:19:55,0:06:58,0:05:46,11:39:00,4205,21376,15595,418,346,41940,1175,1048,280,930,841,205,1272,1148,287,1175,1048,280,Finisher,2474
Andre,Doriguel Doriguel Grillo,Andre Doriguel Doriguel Grillo,932,M40-44,Male,São Bernardo do Campo ,São paulo,Brazil,BR,1:18:43,5:40:19,4:24:12,0:08:37,0:07:13,11:39:05,4723,20419,15852,517,433,41945,1176,1049,281,1529,1346,334,1203,1090,272,1176,1049,281,Finisher,2473
Eugenio,Peres,Eugenio Peres,1907,M50-54,Male,Brasília,DF,Brazil,BR,1:04:09,5:43:03,4:26:00,0:14:26,0:11:37,11:39:15,3849,20583,15960,866,697,41955,1177,1050,86,501,457,34,1108,1005,89,1177,1050,86,Finisher,2800
Vinicius,Costa Dos Santos,Vinicius Costa Dos Santos,311,M30-34,Male,,,Brazil,BR,1:06:13,6:01:02,4:18:02,0:08:10,0:05:53,11:39:20,3973,21662,15482,490,353,41960,1178,1051,121,646,585,79,1294,1168,135,1178,1051,121,Finisher,2902
Maria,Veronica Delbene,Maria Veronica Delbene,1994,F50-54,Female,Buenos Aires,B,Argentina,AR,1:16:12,5:50:09,4:19:28,0:08:02,0:05:37,11:39:28,4572,21009,15568,482,337,41968,1179,128,10,1385,155,9,1281,125,10,1179,128,10,Finisher,4279
Daniella,Cowden,Daniella Cowden,235,F25-29,Female,Abu Dhabi,Abu Dhabi,United Arab Emirates,AE,1:06:08,6:12:01,4:08:44,0:07:38,0:04:57,11:39:29,3968,22321,14924,458,297,41969,1180,129,5,643,60,3,1415,155,6,1180,129,5,Finisher,3397
Ricardo,Carollo Moncayo,Ricardo Carollo Moncayo,1090,M40-44,Male,SAO PAULO,SAO PAULO,Brazil,BR,1:14:14,5:43:30,4:21:42,0:10:57,0:09:12,11:39:35,4454,20610,15702,657,552,41975,1181,1052,282,1245,1115,274,1217,1103,276,1181,1052,282,Finisher,2467
SERGIO,LUIS KOMKA SALVADOR,SERGIO LUIS KOMKA SALVADOR,2060,M55-59,Male,SAO PAULO,SP,Brazil,BR,1:18:06,5:42:31,4:22:27,0:11:08,0:05:34,11:39:46,4686,20551,15747,668,334,41986,1182,1053,33,1499,1323,49,1254,1132,41,1182,1053,33,Finisher,3516
Lavinia,Barbosa,Lavinia Barbosa,223,F18-24,Female,Nazareno,,Brazil,BR,1:10:37,5:56:35,4:11:42,0:12:56,0:08:04,11:39:54,4237,21395,15102,776,484,41994,1183,130,6,965,91,4,1346,138,5,1183,130,6,Finisher,4028
Lia,Clari,Lia Clari,1980,F50-54,Female,Asuncion,Distrito Capital,Paraguay,PY,1:23:33,5:50:20,4:14:31,0:08:12,0:03:45,11:40:21,5013,21020,15271,492,225,42021,1184,131,11,1722,219,19,1370,147,14,1184,131,11,Finisher,4269
Joao,Ricardo Alcantara Campos,Joao Ricardo Alcantara Campos,1613,M45-49,Male,Aracaju,Sergipe,Brazil,BR,1:13:01,5:35:14,4:34:14,0:09:48,0:08:05,11:40:23,4381,20114,16454,588,485,42023,1185,1054,197,1166,1052,203,1057,961,186,1185,1054,197,Finisher,2816
Lucas,Guarana Mendonca,Lucas Guarana Mendonca,372,M30-34,Male,Sao Paulo,SP,Brazil,BR,1:17:30,6:05:27,4:02:59,0:08:44,0:05:54,11:40:33,4650,21927,14579,524,354,42033,1186,1055,122,1460,1293,148,1479,1316,154,1186,1055,122,Finisher,2887
Polidori,Netto,Polidori Netto,1926,M50-54,Male,Praia Grande,SP,Brazil,BR,1:11:59,5:48:20,4:25:28,0:07:46,0:07:10,11:40:42,4319,20900,15928,466,430,42042,1187,1056,87,1073,970,93,1209,1095,97,1187,1056,87,Finisher,2782
Paulo,Rogerio Veronesi Joao,Paulo Rogerio Veronesi Joao,2132,M60-64,Male,,,Brazil,BR,1:12:20,6:01:35,4:07:53,0:11:29,0:07:26,11:40:42,4340,21695,14873,689,446,42042,1188,1057,10,1103,996,17,1407,1254,21,1188,1057,10,Finisher,3768
Rafael,Colombo Cavalheiro,Rafael Colombo Cavalheiro,441,M30-34,Male,Birigüi,BR-SP,Brazil,BR,1:09:41,5:45:51,4:29:38,0:07:06,0:08:34,11:40:50,4181,20751,16178,426,514,42050,1189,1058,123,890,807,96,1127,1022,120,1189,1058,123,Finisher,2884
MARCELO,DEFANTE,MARCELO DEFANTE,1405,M45-49,Male,Curitiba,Paraná,Brazil,BR,1:24:45,5:35:51,4:20:19,0:09:55,0:10:09,11:40:58,5085,20151,15619,595,609,42058,1190,1059,198,1755,1530,288,1242,1123,228,1190,1059,198,Finisher,2809
Sebastian,Mayo,Sebastian Mayo,316,M30-34,Male,Tigre,AR-B,Argentina,AR,1:12:04,5:53:44,4:18:53,0:09:54,0:06:43,11:41:19,4324,21224,15533,594,403,42079,1191,1060,124,1080,976,111,1297,1171,136,1191,1060,124,Finisher,2878
Marcela,Santos,Marcela Santos,262,F30-34,Female,São Paulo ,BR-SP,Brazil,BR,1:15:44,6:11:14,3:55:13,0:13:38,0:05:46,11:41:35,4544,22274,14113,818,346,42095,1192,132,18,1351,147,21,1549,175,28,1192,132,18,Finisher,3479
Leandro,Boaventura Pimentel Banni,Leandro Boaventura Pimentel Banni,716,M35-39,Male,,,Brazil,BR,1:26:46,5:42:59,4:16:20,0:09:52,0:05:46,11:41:42,5206,20579,15380,592,346,42102,1193,1061,221,1799,1570,275,1340,1205,231,1193,1061,221,Finisher,2650
Leandro Nicolas,Villalba,Leandro Nicolas Villalba,1045,M40-44,Male,Villa Sarmiento,AR-B,Argentina,AR,1:01:04,6:03:27,4:22:20,0:08:32,0:06:29,11:41:52,3664,21807,15740,512,389,42112,1194,1062,283,336,300,73,1268,1144,285,1194,1062,283,Finisher,2440
Diego,Iaccarino,Diego Iaccarino,1555,M45-49,Male,Caba,CABA,Argentina,AR,1:11:56,5:51:23,4:18:53,0:10:46,0:09:01,11:42:00,4316,21083,15533,646,541,42120,1195,1063,199,1071,968,191,1278,1154,234,1195,1063,199,Finisher,2797
Eulogio,Justo Carrizo,Eulogio Justo Carrizo,2088,M55-59,Male,,,Argentina,AR,1:17:51,5:44:17,4:15:40,0:14:29,0:10:15,11:42:31,4671,20657,15340,869,615,42151,1196,1064,34,1483,1310,48,1309,1179,43,1196,1064,34,Finisher,3483
Renan,Bismara De Souza Nogueira,Renan Bismara De Souza Nogueira,744,M35-39,Male,Sorocaba,SP,Brazil,BR,1:12:35,5:39:35,4:30:13,0:13:20,0:07:05,11:42:48,4355,20375,16213,800,425,42168,1197,1065,222,1131,1020,190,1177,1068,211,1197,1065,222,Finisher,2637
Ignacio,Zunino,Ignacio Zunino,1695,M45-49,Male,Ciudad autonoma de buenos aires,Buenos Aires City Region,Argentina,AR,1:07:52,5:25:33,4:55:22,0:06:57,0:07:07,11:42:52,4072,19533,17722,417,427,42172,1198,1066,200,763,692,125,780,722,134,1198,1066,200,Finisher,2787
NILCEIA,MABEL KLOSTER SPACHYNSKI VEIGANT,NILCEIA MABEL KLOSTER SPACHYNSKI VEIGANT,1991,F50-54,Female,GUARAPUAVA,BR-PR,Brazil,BR,1:17:13,6:05:08,4:08:55,0:08:09,0:03:34,11:43:00,4633,21908,14935,489,214,42180,1199,133,12,1441,163,10,1463,161,15,1199,133,12,Finisher,4237
Eric,Leme,Eric Leme,325,M30-34,Male,Uberlândia,MG,Brazil,BR,1:07:11,5:48:59,4:33:35,0:09:04,0:04:16,11:43:06,4031,20939,16415,544,256,42186,1200,1067,125,718,653,84,1171,1062,127,1200,1067,125,Finisher,2857
EMMANUEL,BIAR DE SOUZA,EMMANUEL BIAR DE SOUZA,1485,M45-49,Male,PETROPOLIS,RJ,Brazil,BR,1:12:05,5:26:07,4:46:22,0:09:14,0:09:18,11:43:06,4325,19567,17182,554,558,42186,1201,1068,201,1083,978,196,887,816,151,1201,1068,201,Finisher,2784
Sofia,Mazon Gonçalves,Sofia Mazon Gonçalves,1999,F50-54,Female,Campinas,SP,Brazil,BR,1:14:45,5:33:33,4:43:10,0:07:29,0:04:28,11:43:25,4485,20013,16990,449,268,42205,1202,134,13,1281,136,7,1016,92,4,1202,134,13,Finisher,4232
James,Augusto Estrela Araujo,James Augusto Estrela Araujo,963,M40-44,Male,Teresina,PI,Brazil,BR,1:09:53,6:00:30,4:14:33,0:09:59,0:08:47,11:43:42,4193,21630,15273,599,527,42222,1203,1069,284,916,830,200,1349,1211,305,1203,1069,284,Finisher,2418
Beatriz,Libos Almeida,Beatriz Libos Almeida,258,F30-34,Female,São Paulo,São Paulo,Brazil,BR,1:04:52,5:59:02,4:20:18,0:14:40,0:04:50,11:43:42,3892,21542,15618,880,290,42222,1204,135,19,553,52,5,1331,134,18,1204,135,19,Finisher,3453
Erick,Santos Guimaraes,Erick Santos Guimaraes,1010,M40-44,Male,Salvador,BA,Brazil,BR,1:12:10,5:47:29,4:28:46,0:08:03,0:07:24,11:43:52,4330,20849,16126,483,444,42232,1205,1070,285,1091,985,241,1205,1091,273,1205,1070,285,Finisher,2416
Heitor,Dornellas De Oliveira,Heitor Dornellas De Oliveira,462,M30-34,Male,Sao Paulo,SP,Brazil,BR,1:16:14,5:54:27,4:18:20,0:09:31,0:05:29,11:44:00,4574,21267,15500,571,329,42240,1206,1071,126,1388,1233,141,1348,1210,142,1206,1071,126,Finisher,2846
Moacir José,Correa,Moacir José Correa,2197,M50-54,Male,Joinville,SANTA CATARINA,Brazil,BR,1:19:30,5:53:48,4:12:10,0:10:58,0:07:52,11:44:19,4770,21228,15130,658,472,42259,1207,1072,88,1573,1380,158,1390,1239,121,1207,1072,88,Finisher,2739
Ariel,Piccinini,Ariel Piccinini,1818,M50-54,Male,,,Argentina,AR,1:11:37,5:40:34,4:32:45,0:11:23,0:08:05,11:44:23,4297,20434,16365,683,485,42263,1208,1073,89,1045,945,89,1139,1034,92,1208,1073,89,Finisher,2738
Rodrigo,Sequeiros,Rodrigo Sequeiros,1541,M45-49,Male,Rio de Janeiro,BR-RJ,Brazil,BR,1:26:19,5:38:47,4:26:20,0:08:22,0:04:36,11:44:24,5179,20327,15980,502,276,42264,1209,1074,202,1788,1560,295,1273,1149,232,1209,1074,202,Finisher,2768
Vitor,Maciel Schiavo,Vitor Maciel Schiavo,479,M30-34,Male,São Paulo,SP,Brazil,BR,1:18:00,6:02:30,4:03:26,0:12:05,0:08:27,11:44:27,4680,21750,14606,725,507,42267,1210,1075,127,1491,1317,152,1484,1321,155,1210,1075,127,Finisher,2841
Alexssandro,De Freitas Junior,Alexssandro De Freitas Junior,305,M30-34,Male,Francisco Morato,SP,Brazil,BR,1:05:13,5:54:18,4:25:26,0:10:39,0:08:52,11:44:29,3913,21258,15926,639,532,42269,1211,1076,128,577,525,68,1235,1117,131,1211,1076,128,Finisher,2840
Rodrigo,Silvério,Rodrigo Silvério,1762,M50-54,Male,Curitiba,Paraná,Brazil,BR,1:16:00,5:35:18,4:40:00,0:08:16,0:04:55,11:44:29,4560,20118,16800,496,295,42269,1212,1077,90,1370,1218,137,1082,984,87,1212,1077,90,Finisher,2737
Guilherme,De Campos Silva,Guilherme De Campos Silva,664,M35-39,Male,,,Brazil,BR,1:07:29,5:42:54,4:30:32,0:13:15,0:10:23,11:44:34,4049,20574,16232,795,623,42274,1213,1078,223,730,664,135,1141,1036,207,1213,1078,223,Finisher,2616
joao paulo,polli,joao paulo polli,995,M40-44,Male,colombo,BR-PR,Brazil,BR,1:07:29,5:42:59,4:30:32,0:13:11,0:10:23,11:44:34,4049,20579,16232,791,623,42274,1214,1079,286,729,663,160,1142,1037,258,1214,1079,286,Finisher,2407
Martin,Gonzalez,Martin Gonzalez,1554,M45-49,Male,toay,AR-L,Argentina,AR,1:14:32,5:47:20,4:31:23,0:06:19,0:05:10,11:44:45,4472,20840,16283,379,310,42285,1215,1080,203,1263,1129,221,1211,1097,219,1215,1080,203,Finisher,2764
Maxwell,Idalino Dos Santos Ribas,Maxwell Idalino Dos Santos Ribas,1611,M45-49,Male,,,Brazil,BR,1:19:25,5:33:54,4:24:59,0:11:56,0:14:34,11:44:47,4765,20034,15899,716,874,42287,1216,1081,204,1565,1373,262,1172,1063,207,1216,1081,204,Finisher,2764
URIEL,COLOMBO DA SILVEIRA,URIEL COLOMBO DA SILVEIRA,1325,M40-44,Male,PORTO ALEGRE,RS,Brazil,BR,1:10:54,5:29:59,4:49:10,0:08:38,0:06:33,11:45:13,4254,19799,17350,518,393,42313,1217,1082,287,992,899,221,920,846,215,1217,1082,287,Finisher,2400
Caroline,Almeida,Caroline Almeida,2210,F40-44,Female,Cuiaba,MT,Brazil,BR,1:12:26,6:00:14,4:16:13,0:08:17,0:08:02,11:45:13,4346,21614,15373,497,482,42313,1218,136,26,1115,110,20,1357,141,26,1218,136,26,Finisher,3114
Fernando,Luis,Fernando Luis,1180,M40-44,Male,Palmas,TO,Brazil,BR,0:56:27,5:26:22,5:09:43,0:09:29,0:03:17,11:45:19,3387,19582,18583,569,197,42319,1219,1083,288,138,120,20,618,576,146,1219,1083,288,Finisher,2398
Fabiano,Lima Duarte,Fabiano Lima Duarte,1417,M45-49,Male,Guarulhos,SP,Brazil,BR,1:28:12,5:51:42,4:10:14,0:09:24,0:05:47,11:45:19,5292,21102,15014,564,347,42319,1220,1084,205,1819,1586,301,1452,1294,252,1220,1084,205,Finisher,2757
Ana,Carla Prade,Ana Carla Prade,1989,F50-54,Female,Sao Bento Do Sul,SC,Brazil,BR,1:00:25,6:09:08,4:22:17,0:06:27,0:07:11,11:45:28,3625,22148,15737,387,431,42328,1221,137,14,298,32,1,1302,128,11,1221,137,14,Finisher,4207
Manuel,Bedoya,Manuel Bedoya,2153,M60-64,Male,Asuncion,Distrito Capital,Paraguay,PY,1:01:42,5:26:01,5:03:25,0:07:59,0:06:42,11:45:49,3702,19561,18205,479,402,42349,1222,1085,11,378,342,6,682,635,8,1222,1085,11,Finisher,3707
RODRIGO,VIEIRA RAMOS,RODRIGO VIEIRA RAMOS,1133,M40-44,Male,BLUMENAU,SC,Brazil,BR,1:12:01,6:03:47,4:16:21,0:09:39,0:04:05,11:45:53,4321,21827,15381,579,245,42353,1223,1086,289,1076,972,239,1410,1257,322,1223,1086,289,Finisher,2392
Rosana,Nicolato De Almeida Conde,Rosana Nicolato De Almeida Conde,1394,F45-49,Female,Vicosa,MG,Brazil,BR,1:18:03,5:53:31,4:14:14,0:11:26,0:08:57,11:46:10,4683,21211,15254,686,537,42370,1224,138,29,1493,175,34,1375,148,33,1224,138,29,Finisher,3386
Alexandre,Silingovschi,Alexandre Silingovschi,1930,M50-54,Male,Jacarei,SP,Brazil,BR,1:15:05,5:28:00,4:48:25,0:09:10,0:05:31,11:46:11,4505,19680,17305,550,331,42371,1225,1087,91,1310,1168,126,962,879,76,1225,1087,91,Finisher,2717
Renato,Vinicius De Siqueira,Renato Vinicius De Siqueira,1576,M45-49,Male,Sao Paulo,SP,Brazil,BR,1:15:00,6:01:11,4:06:51,0:12:46,0:10:26,11:46:15,4500,21671,14811,766,626,42375,1226,1088,206,1300,1160,226,1446,1288,250,1226,1088,206,Finisher,2746
David,Tresmondi,David Tresmondi,1732,M45-49,Male,São Paulo,São Paulo,Brazil,BR,1:07:45,5:41:37,4:43:09,0:08:59,0:04:49,11:46:19,4065,20497,16989,539,289,42379,1227,1089,207,751,682,122,1063,967,188,1227,1089,207,Finisher,2745
Anderson,Adamo Sembongui,Anderson Adamo Sembongui,1664,M45-49,Male,Sao Paulo,Sao Paulo,Brazil,BR,1:37:52,5:31:08,4:20:53,0:08:44,0:07:57,11:46:33,5872,19868,15653,524,477,42393,1228,1090,208,1900,1639,318,1321,1188,235,1228,1090,208,Finisher,2742
Lucas,Abel Rossi,Lucas Abel Rossi,1303,M40-44,Male,La Paz,E,Argentina,AR,1:18:05,5:29:21,4:46:22,0:07:51,0:05:13,11:46:52,4685,19761,17182,471,313,42412,1229,1091,290,1496,1320,325,1011,920,233,1229,1091,290,Finisher,2380
Gustavo,Azambuja Rocha,Gustavo Azambuja Rocha,1491,M45-49,Male,,,Brazil,BR,1:06:54,6:11:09,4:06:31,0:12:39,0:09:49,11:47:01,4014,22269,14791,759,589,42421,1230,1092,209,696,634,108,1467,1306,255,1230,1092,209,Finisher,2737
Cauhe,Vanni,Cauhe Vanni,1743,M45-49,Male,Brisbane,Queensland,Australia,AU,1:25:08,5:53:53,4:08:39,0:09:46,0:09:44,11:47:10,5108,21233,14919,586,584,42430,1231,1093,210,1766,1540,292,1444,1286,249,1231,1093,210,Finisher,2735
Paula,Sícoli Aguiar,Paula Sícoli Aguiar,518,F35-39,Female,Osasco,BR-SP,Brazil,BR,1:07:42,6:05:19,4:12:33,0:10:13,0:11:23,11:47:11,4062,21919,15153,613,683,42431,1232,139,24,746,68,10,1378,149,24,1232,139,24,Finisher,3334
Bruno,Augusto Dos Santos Baltazar,Bruno Augusto Dos Santos Baltazar,765,M35-39,Male,Belo Horizonte,MG,Brazil,BR,1:12:06,5:39:20,4:33:08,0:12:18,0:10:23,11:47:15,4326,20360,16388,738,623,42435,1233,1094,224,1084,979,185,1145,1040,209,1233,1094,224,Finisher,2584
Renan,Henrique Luz,Renan Henrique Luz,368,M30-34,Male,,,Brazil,BR,1:24:25,5:44:48,4:26:34,0:07:26,0:04:07,11:47:20,5065,20688,15994,446,247,42440,1234,1095,129,1744,1521,174,1311,1180,139,1234,1095,129,Finisher,2806
Carlos,Eduardo De Lara,Carlos Eduardo De Lara,1521,M45-49,Male,,,Brazil,BR,1:23:28,6:08:17,3:59:08,0:10:55,0:05:39,11:47:26,5008,22097,14348,655,339,42446,1235,1096,211,1718,1500,284,1559,1383,273,1235,1096,211,Finisher,2732
Ricardo Ruiz,Silva,Ricardo Ruiz Silva,1641,M45-49,Male,Uberlândia ,Minas Gerais,Brazil,BR,1:12:01,5:55:21,4:13:33,0:14:15,0:12:22,11:47:32,4321,21321,15213,855,742,42452,1236,1097,212,1077,973,193,1363,1221,241,1236,1097,212,Finisher,2731
Marcello,Verbicaro,Marcello Verbicaro,1299,M40-44,Male,,,Brazil,BR,1:17:31,5:40:51,4:28:24,0:11:27,0:09:30,11:47:44,4651,20451,16104,687,570,42464,1237,1098,291,1464,1297,318,1231,1114,278,1237,1098,291,Finisher,2369
Amilton,Coelho De Vasconcelos Junior,Amilton Coelho De Vasconcelos Junior,909,M40-44,Male,,,Brazil,BR,1:00:36,5:39:21,4:50:32,0:09:46,0:07:34,11:47:50,3636,20361,17432,586,454,42470,1238,1099,292,310,275,65,925,850,217,1238,1099,292,Finisher,2368
THOMAS,VOORSLUYS,THOMAS VOORSLUYS,1513,M45-49,Male,Carambeí,PARANA,Brazil,BR,1:10:11,5:11:10,5:10:21,0:08:42,0:07:41,11:48:05,4211,18670,18621,522,461,42485,1239,1100,213,932,843,159,584,545,96,1239,1100,213,Finisher,2724
Mariana,Figueiredo,Mariana Figueiredo,508,F35-39,Female,Nova Lima,MINAS GERAIS,Brazil,BR,1:14:57,6:21:07,3:58:31,0:09:15,0:04:23,11:48:13,4497,22867,14311,555,263,42493,1240,140,25,1298,140,27,1573,179,29,1240,140,25,Finisher,3322
Marcus,Vinicius Oliveira Rocha,Marcus Vinicius Oliveira Rocha,1020,M40-44,Male,Natal,RN,Brazil,BR,1:17:31,5:50:00,4:21:21,0:09:01,0:10:21,11:48:15,4651,21000,15681,541,621,42495,1241,1101,293,1465,1298,319,1307,1177,296,1241,1101,293,Finisher,2363
Bruno,Dos Santos Parreiras,Bruno Dos Santos Parreiras,1489,M45-49,Male,,,Brazil,BR,1:15:59,5:56:59,4:23:21,0:08:02,0:04:03,11:48:24,4559,21419,15801,482,243,42504,1242,1102,214,1367,1215,233,1359,1218,239,1242,1102,214,Finisher,2720
Marcelo,De Oliveira Nascimento,Marcelo De Oliveira Nascimento,1161,M40-44,Male,Imperatriz,MA,Brazil,BR,1:26:25,5:30:13,4:36:57,0:08:35,0:06:19,11:48:30,5185,19813,16617,515,379,42510,1243,1103,294,1790,1562,385,1169,1060,266,1243,1103,294,Finisher,2360
Rodrigo,Brandao,Rodrigo Brandao,645,M35-39,Male,Ponta Grossa,Paraná,Brazil,BR,1:09:23,5:58:53,4:22:28,0:10:33,0:07:18,11:48:36,4163,21533,15748,633,438,42516,1244,1104,225,871,791,157,1333,1199,229,1244,1104,225,Finisher,2567
EDUARDO,PINTO,EDUARDO PINTO,1833,M50-54,Male,RIO DE JANEIRO,RJ,Brazil,BR,1:12:59,6:52:16,3:30:42,0:07:31,0:05:11,11:48:40,4379,24736,12642,451,311,42520,1245,1105,92,1165,1051,104,1743,1522,176,1245,1105,92,Finisher,2687
Jean,Charles De Oliveira,Jean Charles De Oliveira,1961,M50-54,Male,Joinville,Santa Catarina,Brazil,BR,1:10:54,5:37:38,4:45:34,0:08:52,0:05:52,11:48:51,4254,20258,17134,532,352,42531,1246,1106,93,994,901,83,1048,953,83,1246,1106,93,Finisher,2685
PEDRO,MEDEIROS,PEDRO MEDEIROS,347,M30-34,Male,MARINGÁ,BR-PR,Brazil,BR,1:00:43,5:32:12,5:03:52,0:07:29,0:04:41,11:48:56,3643,19932,18232,449,281,42536,1247,1107,130,320,285,35,781,723,90,1247,1107,130,Finisher,2787
Nathan,Bernardes Assis Lopes,Nathan Bernardes Assis Lopes,400,M30-34,Male,VARGINHA ,BR-MG,Brazil,BR,1:14:53,5:52:15,4:26:13,0:09:07,0:06:30,11:48:57,4493,21135,15973,547,390,42537,1248,1108,131,1292,1155,132,1304,1176,137,1248,1108,131,Finisher,2787
Matheus,Nogueira Paiva,Matheus Nogueira Paiva,399,M30-34,Male,Varginha,MG,Brazil,BR,1:12:19,5:23:09,4:59:39,0:07:49,0:06:02,11:48:58,4339,19389,17979,469,362,42538,1249,1109,132,1101,994,113,822,758,95,1249,1109,132,Finisher,2786
Marcelo,Santos,Marcelo Santos,1935,M50-54,Male,Florianopolis,SC,Brazil,BR,1:05:59,5:32:11,4:53:10,0:11:15,0:06:26,11:49:00,3959,19931,17590,675,386,42540,1250,1110,94,633,574,48,916,842,71,1250,1110,94,Finisher,2683
Daniel,Roberto Zanoni Fernandes,Daniel Roberto Zanoni Fernandes,792,M35-39,Male,Balneario Camboriu,SC,Brazil,BR,1:05:12,6:14:52,4:13:07,0:09:42,0:06:23,11:49:16,3912,22492,15187,582,383,42556,1251,1111,226,575,523,107,1457,1298,243,1251,1111,226,Finisher,2559
CARLOS,EDUARDO FERMINO,CARLOS EDUARDO FERMINO,1858,M50-54,Male,sao carlos,BR-SP,Brazil,BR,1:22:36,6:17:54,3:58:14,0:06:37,0:04:06,11:49:27,4956,22674,14294,397,246,42567,1252,1112,95,1689,1473,175,1581,1402,151,1252,1112,95,Finisher,2677
Jose,Vignoli,Jose Vignoli,1797,M50-54,Male,Ingeniero Maschwitz,AR-B,Argentina,AR,1:14:25,6:07:20,4:11:52,0:08:54,0:07:04,11:49:35,4465,22040,15112,534,424,42575,1253,1113,96,1259,1126,119,1466,1305,134,1253,1113,96,Finisher,2676
VAGNER,JULIANO CAMARGO DOS SANTOS,VAGNER JULIANO CAMARGO DOS SANTOS,1464,M45-49,Male,São Paulo - SP,SP,Brazil,BR,1:06:36,5:41:40,4:35:44,0:14:02,0:11:35,11:49:37,3996,20500,16544,842,695,42577,1254,1114,215,673,612,104,1120,1017,200,1254,1114,215,Finisher,2706
GUSTAVO,NOVAIS RIBEIRO,GUSTAVO NOVAIS RIBEIRO,473,M30-34,Male,ILHA COMPRIDA,SP,Brazil,BR,1:00:39,5:39:44,4:58:31,0:06:09,0:04:52,11:49:56,3639,20384,17911,369,292,42596,1255,1115,133,314,279,34,870,799,99,1255,1115,133,Finisher,2775
Carlos,Eduardo Pereira,Carlos Eduardo Pereira,1683,M45-49,Male,Leme,SP,Brazil,BR,1:23:58,6:19:00,3:51:16,0:06:56,0:08:49,11:49:59,5038,22740,13876,416,529,42599,1256,1116,216,1733,1511,286,1606,1421,281,1256,1116,216,Finisher,2701
Rafael,Garcia,Rafael Garcia,1813,M50-54,Male,CABA,AR-C,Argentina,AR,1:13:34,5:51:24,4:11:46,0:20:27,0:12:49,11:50:00,4414,21084,15106,1227,769,42600,1257,1117,97,1199,1077,107,1409,1256,124,1257,1117,97,Finisher,2671
Leonardo,Carlos Silveira Moreira,Leonardo Carlos Silveira Moreira,1731,M45-49,Male,,,Brazil,BR,1:05:52,6:04:55,4:15:31,0:14:44,0:08:59,11:50:02,3952,21895,15331,884,539,42602,1258,1118,217,620,563,94,1411,1258,243,1258,1118,217,Finisher,2701
Robert,Ohanlon,Robert Ohanlon,2141,M60-64,Male,Dubai,DUBAYY,New Zealand,NZ,1:15:18,5:32:46,4:47:55,0:08:00,0:06:27,11:50:25,4518,19966,17275,480,387,42625,1259,1119,12,1327,1185,24,1027,934,15,1259,1119,12,Finisher,3652
DANIEL,DE QUEIROZ TRINDADE,DANIEL DE QUEIROZ TRINDADE,1241,M40-44,Male,RIBEIRAO PRETO,SP,Brazil,BR,1:17:46,6:13:33,3:51:44,0:16:49,0:10:36,11:50:29,4666,22413,13904,1009,636,42629,1260,1120,295,1479,1308,322,1587,1406,351,1260,1120,295,Finisher,2336
SHEYLLA,HELENUHYTH OLIVEIRA SILVA MAGALHAES CRUZ,SHEYLLA HELENUHYTH OLIVEIRA SILVA MAGALHAES CRUZ,566,F40-44,Female,JOAO PESSOA,PARAIBA,Brazil,BR,1:30:44,5:56:48,4:09:27,0:08:04,0:05:33,11:50:36,5444,21408,14967,484,333,42636,1261,141,27,1850,244,50,1505,167,33,1261,141,27,Finisher,3049
Pantera,Molina,Pantera Molina,2131,M60-64,Male,ENSENADA,AR-B,Argentina,AR,1:12:55,5:12:40,5:14:27,0:04:27,0:06:07,11:50:36,4375,18760,18867,267,367,42636,1262,1121,13,1157,1044,19,583,544,3,1262,1121,13,Finisher,3650
Marcos,Felipe Da Silva Maia,Marcos Felipe Da Silva Maia,185,M25-29,Male,Rio De Janeiro,RJ,Brazil,BR,1:22:33,6:10:03,3:53:48,0:14:52,0:09:24,11:50:40,4953,22203,14028,892,564,42640,1263,1122,64,1686,1471,73,1583,1404,69,1263,1122,64,Finisher,2384
Rodrigo,Pereira,Rodrigo Pereira,771,M35-39,Male,Mongaguá,BR-SP,Brazil,BR,1:15:21,5:57:18,4:18:00,0:10:23,0:10:03,11:51:06,4521,21438,15480,623,603,42666,1264,1123,227,1331,1188,213,1376,1228,234,1264,1123,227,Finisher,2537
Stephanie,Caroline Barbosa Bologna,Stephanie Caroline Barbosa Bologna,266,F30-34,Female,Rio De Janeiro,RJ,Brazil,BR,1:11:53,6:16:52,4:07:04,0:10:22,0:05:08,11:51:19,4313,22612,14824,622,308,42679,1265,142,20,1066,102,13,1539,173,26,1265,142,20,Finisher,3362
Joselito,Pereira Da Silva Junior,Joselito Pereira Da Silva Junior,345,M30-34,Male,Campina Grande,PB,Brazil,BR,1:28:05,5:40:50,4:29:12,0:07:54,0:05:24,11:51:25,5285,20450,16152,474,324,42685,1266,1124,134,1817,1584,179,1313,1182,140,1266,1124,134,Finisher,2757
Luis,Gustavo Garcia Goncalves,Luis Gustavo Garcia Goncalves,1708,M45-49,Male,Franca,SP,Brazil,BR,1:05:38,5:44:07,4:34:48,0:15:13,0:11:40,11:51:25,3938,20647,16488,913,700,42685,1267,1125,218,606,550,90,1166,1057,206,1267,1125,218,Finisher,2684
Diego Vinicius,Benoski,Diego Vinicius Benoski,476,M30-34,Male,Curitiba,PR,Brazil,BR,1:11:28,5:53:13,4:30:52,0:10:10,0:05:55,11:51:37,4288,21193,16252,610,355,42697,1268,1126,135,1028,929,110,1286,1161,134,1268,1126,135,Finisher,2755
German,Gassino,German Gassino,1076,M40-44,Male,ituzaingo,Buenos Aires,Argentina,AR,1:24:23,5:51:16,4:12:40,0:13:18,0:10:03,11:51:40,5063,21076,15160,798,603,42700,1269,1127,296,1743,1520,373,1445,1287,329,1269,1127,296,Finisher,2322
Sebastian,Llull,Sebastian Llull,704,M35-39,Male,San José de carrasco,UY-CA,Uruguay,UY,1:11:35,5:50:05,4:32:01,0:09:07,0:08:55,11:51:43,4295,21005,16321,547,535,42703,1270,1128,228,1041,941,179,1247,1126,218,1270,1128,228,Finisher,2530
Luciano,Dantas,Luciano Dantas,1697,M45-49,Male,Salvador,BR-BA,Brazil,BR,1:10:09,5:34:52,4:43:33,0:12:56,0:10:14,11:51:44,4209,20092,17013,776,614,42704,1271,1129,219,931,842,158,1055,959,185,1271,1129,219,Finisher,2680
Rodrigo,Bastian,Rodrigo Bastian,1535,M45-49,Male,Cascavel,PR,Brazil,BR,1:23:52,5:34:01,4:39:06,0:08:17,0:07:01,11:52:17,5032,20041,16746,497,421,42737,1272,1130,220,1729,1508,285,1183,1072,210,1272,1130,220,Finisher,2674
Vitor,Goncalves,Vitor Goncalves,364,M30-34,Male,Florianopolis,SC,Brazil,BR,1:03:35,5:50:15,4:39:55,0:12:40,0:06:03,11:52:28,3815,21015,16795,760,363,42748,1273,1131,136,466,424,54,1188,1076,129,1273,1131,136,Finisher,2744
Valter ,Salles Barbosa Junior,Valter Salles Barbosa Junior,2125,M60-64,Male,Guarulhos,SAO PAULO,Brazil,BR,1:17:29,5:40:07,4:38:30,0:11:07,0:05:16,11:52:29,4649,20407,16710,667,316,42749,1274,1132,14,1459,1292,26,1218,1104,18,1274,1132,14,Finisher,3627
Alexandra,Valente Menezes,Alexandra Valente Menezes,554,F40-44,Female,Brasilia,DF,Brazil,BR,1:12:52,6:09:01,4:17:18,0:08:57,0:04:23,11:52:30,4372,22141,15438,537,263,42750,1275,143,28,1152,113,22,1469,162,31,1275,143,28,Finisher,3026
Andrea Mariana,Goncalvez,Andrea Mariana Goncalvez,1998,F50-54,Female,Córdoba,,Argentina,AR,1:09:31,6:01:00,4:24:40,0:05:56,0:11:24,11:52:30,4171,21660,15880,356,684,42750,1276,144,15,880,82,4,1306,130,13,1276,144,15,Finisher,4123
JOSE,ANTONIO GODOI,JOSE ANTONIO GODOI,1638,M45-49,Male,SAO PAULO,SP,Brazil,BR,1:17:30,5:24:28,4:54:22,0:07:15,0:09:05,11:52:41,4650,19468,17662,435,545,42761,1277,1133,221,1461,1294,246,913,840,157,1277,1133,221,Finisher,2669
Mark,Bishop,Mark Bishop,973,M40-44,Male,Sao Paulo,SAO PAULO,Brazil,BR,1:11:59,6:04:37,4:22:57,0:08:38,0:04:37,11:52:49,4319,21877,15777,518,277,42769,1278,1134,297,1075,971,238,1405,1252,320,1278,1134,297,Finisher,2308
Davi,Mendes Costa,Davi Mendes Costa,1792,M50-54,Male,Manaus,AM,Brazil,BR,1:05:49,5:30:24,4:51:45,0:10:29,0:14:38,11:53:05,3949,19824,17505,629,878,42785,1279,1135,98,618,561,45,873,802,66,1279,1135,98,Finisher,2634
Fábio,Amorim De Lima,Fábio Amorim De Lima,1603,M45-49,Male,Campinas,SP,Brazil,BR,1:14:17,6:05:21,4:08:55,0:17:27,0:07:07,11:53:08,4457,21921,14935,1047,427,42788,1280,1136,222,1248,1117,215,1522,1353,263,1280,1136,222,Finisher,2663
Miguel Ángel,Tortorice Sánchez ,Miguel Ángel Tortorice Sánchez,1884,M50-54,Male,ESCOBAR,,Argentina,AR,0:59:13,5:19:09,5:20:41,0:06:20,0:07:48,11:53:11,3553,19149,19241,380,468,42791,1281,1137,99,240,213,16,504,474,32,1281,1137,99,Finisher,2633
Daniel,Scartezini,Daniel Scartezini,1412,M45-49,Male,são paulo,São Paulo,Brazil,BR,1:26:06,5:27:38,4:47:21,0:06:10,0:06:21,11:53:37,5166,19658,17241,370,381,42817,1282,1138,223,1784,1556,294,1086,987,192,1282,1138,223,Finisher,2658
Henrique,Abreu,Henrique Abreu,1724,M45-49,Male,Porto Alegre,BR-RS,Brazil,BR,0:58:30,5:37:05,5:02:55,0:08:40,0:06:31,11:53:41,3510,20225,18175,520,391,42821,1283,1139,224,205,182,28,833,767,142,1283,1139,224,Finisher,2657
Lorival,Barbosa,Lorival Barbosa,2184,M65-69,Male,Palotina,Paraná,Brazil,BR,1:21:37,5:47:08,4:31:30,0:07:11,0:06:18,11:53:45,4897,20828,16290,431,378,42825,1284,1140,3,1655,1446,13,1300,1173,7,1284,1140,3,Finisher,4536
Lira,Neto,Lira Neto,1770,M50-54,Male,,,Brazil,BR,1:21:10,5:52:05,4:18:04,0:10:12,0:12:17,11:53:49,4870,21125,15484,612,737,42829,1285,1141,100,1639,1434,165,1383,1233,118,1285,1141,100,Finisher,2625
Beatriz,Buccolo,Beatriz Buccolo,275,F30-34,Female,Rio De Janeiro,RJ,Brazil,BR,1:08:34,6:01:43,4:24:28,0:13:07,0:06:02,11:53:54,4114,21703,15868,787,362,42834,1286,145,21,814,75,11,1381,150,20,1286,145,21,Finisher,3331
Martin,Roitman,Martin Roitman,1849,M50-54,Male,"Escobar, Buenos Aires, Argentina",AR-B,Argentina,AR,1:12:23,5:37:49,4:47:19,0:09:19,0:07:06,11:53:56,4343,20269,17239,559,426,42836,1287,1142,101,1106,999,98,1081,983,86,1287,1142,101,Finisher,2624
Viviane,Scarminio Simoncini,Viviane Scarminio Simoncini,590,F40-44,Female,Botucatu,São Paulo,Brazil,BR,1:17:47,5:55:37,4:27:35,0:08:35,0:04:23,11:53:57,4667,21337,16055,515,263,42837,1288,146,29,1480,172,34,1368,145,28,1288,146,29,Finisher,3009
Gabriel,Augusto Vieira Morais De Oliveira,Gabriel Augusto Vieira Morais De Oliveira,1131,M40-44,Male,Fortaleza,CE,Brazil,BR,1:19:14,6:02:46,4:14:43,0:10:18,0:07:05,11:54:06,4754,21766,15283,618,425,42846,1289,1143,298,1556,1366,340,1483,1320,334,1289,1143,298,Finisher,2293
Andrea Roxana,Viglione,Andrea Roxana Viglione,1391,F45-49,Female,CIUDADELA,,Argentina,AR,1:25:44,6:19:35,3:44:12,0:10:55,0:13:47,11:54:13,5144,22775,13452,655,827,42853,1290,147,30,1778,227,45,1650,196,40,1290,147,30,Finisher,3290
Claudio,Minciacca,Claudio Minciacca,1816,M50-54,Male,Mar de Plata,AR-B,Argentina,AR,1:09:06,5:59:43,4:26:42,0:10:12,0:08:40,11:54:22,4146,21583,16002,612,520,42862,1291,1144,102,854,776,70,1335,1201,114,1291,1144,102,Finisher,2618
José,Afonso Craveiro Salvio,José Afonso Craveiro Salvio,1804,M50-54,Male,LINS,SP,Brazil,BR,1:13:43,5:38:10,4:35:58,0:17:14,0:09:20,11:54:25,4423,20290,16558,1034,560,42865,1292,1145,103,1208,1084,111,1224,1110,99,1292,1145,103,Finisher,2618
IVO GUILHERME,Ribeiro de Araújo ,IVO GUILHERME Ribeiro de Araújo,1757,M45-49,Male,São Luís ,BR-MA,Brazil,BR,1:13:24,5:44:08,4:40:56,0:09:05,0:06:59,11:54:32,4404,20648,16856,545,419,42872,1293,1146,225,1191,1070,208,1189,1077,213,1293,1146,225,Finisher,2647
Victor,Fornos Hadid,Victor Fornos Hadid,1120,M40-44,Male,SÃO PAULO,SP,Brazil,BR,1:10:58,5:47:50,4:32:22,0:12:10,0:11:32,11:54:51,4258,20870,16342,730,692,42891,1294,1147,299,997,904,223,1249,1128,279,1294,1147,299,Finisher,2284
LUCIANO,PIMENTEL BRESSY,LUCIANO PIMENTEL BRESSY,1789,M50-54,Male,SALVADOR,BA,Brazil,BR,0:59:22,5:17:39,5:22:18,0:08:56,0:06:38,11:54:52,3562,19059,19338,536,398,42892,1295,1148,104,243,216,17,529,497,36,1295,1148,104,Finisher,2612
RODRIGO,PINHEIRO SOARES GOMES,RODRIGO PINHEIRO SOARES GOMES,1178,M40-44,Male,SAO BENTO DO SUL,SC,Brazil,BR,1:16:08,5:57:11,4:26:48,0:09:49,0:04:58,11:54:54,4568,21431,16008,589,298,42894,1296,1149,300,1380,1227,299,1377,1229,312,1296,1149,300,Finisher,2283
TATIANE,CAMARA RONCOLETTA,TATIANE CAMARA RONCOLETTA,580,F40-44,Female,ATIBAIA,SP,Brazil,BR,1:24:27,6:36:45,3:29:51,0:17:46,0:06:06,11:54:55,5067,23805,12591,1066,366,42895,1297,148,30,1745,224,48,1770,227,48,1297,148,30,Finisher,2997
Raphael,Vinicius Schier,Raphael Vinicius Schier,1777,M50-54,Male,Porto Uniao,SC,Brazil,BR,1:11:29,6:09:54,4:21:23,0:05:59,0:06:18,11:55:03,4289,22194,15683,359,378,42903,1298,1150,105,1032,933,88,1427,1270,127,1298,1150,105,Finisher,2610
Lucas,Teshima,Lucas Teshima,461,M30-34,Male,Santa Barbara Doeste,SP,Brazil,BR,1:11:14,6:07:59,4:21:19,0:09:04,0:05:47,11:55:24,4274,22079,15679,544,347,42924,1299,1151,137,1012,918,109,1439,1281,148,1299,1151,137,Finisher,2709
Anderson,Soares,Anderson Soares,1508,M45-49,Male,Guarulhos,São Paulo,Brazil,BR,1:03:40,5:43:46,4:56:42,0:06:38,0:04:38,11:55:24,3820,20626,17802,398,278,42924,1300,1152,226,474,431,64,991,905,172,1300,1152,226,Finisher,2636
Manuela,Guiti Menta,Manuela Guiti Menta,535,F40-44,Female,São Paulo,Sp,Brazil,BR,1:13:14,5:59:12,4:23:53,0:09:35,0:09:30,11:55:25,4394,21552,15833,575,570,42925,1301,149,31,1178,118,23,1369,146,29,1301,149,31,Finisher,2991
Eduardo,Clayton Carvalho Fritz,Eduardo Clayton Carvalho Fritz,960,M40-44,Male,Curitiba,PR,Brazil,BR,1:19:29,5:36:42,4:47:25,0:07:08,0:04:51,11:55:36,4769,20202,17245,428,291,42936,1302,1153,301,1570,1377,343,1133,1028,255,1302,1153,301,Finisher,2275
Ginamarta,Escrove Paiao,Ginamarta Escrove Paiao,533,F40-44,Female,Limeira,SP,Brazil,BR,1:12:05,6:15:31,4:12:51,0:09:30,0:05:41,11:55:39,4325,22531,15171,570,341,42939,1303,150,32,1082,105,19,1523,170,34,1303,150,32,Finisher,2988
Patricia,Zgoda Mikosz,Patricia Zgoda Mikosz,1345,F45-49,Female,,,Brazil,BR,1:25:05,6:23:24,3:52:19,0:10:21,0:04:35,11:55:44,5105,23004,13939,621,275,42944,1304,151,31,1764,226,44,1658,197,41,1304,151,31,Finisher,3272
Davi,Miara Kiapuchinski,Davi Miara Kiapuchinski,817,M35-39,Male,Ponta Grossa,PR,Brazil,BR,1:06:10,6:20:18,4:16:00,0:08:52,0:04:34,11:55:54,3970,22818,15360,532,274,42954,1305,1154,229,644,584,115,1503,1337,247,1305,1154,229,Finisher,2480
Caroline,Souza Dos Reis,Caroline Souza Dos Reis,242,F30-34,Female,BRASILIA,DISTRITO FEDERAL,Brazil,BR,1:30:57,5:48:38,4:20:34,0:07:55,0:07:55,11:55:59,5457,20918,15634,475,475,42959,1306,152,22,1853,247,36,1428,158,23,1306,152,22,Finisher,3306
Tiago,Albert Dreher,Tiago Albert Dreher,1262,M40-44,Male,Itapema,SC,Brazil,BR,1:15:04,5:48:52,4:36:15,0:09:21,0:06:35,11:56:08,4504,20932,16575,561,395,42968,1307,1155,302,1304,1163,288,1271,1147,286,1307,1155,302,Finisher,2269
Anderson,Cardoso De Almeida,Anderson Cardoso De Almeida,1618,M45-49,Male,São Gonçalo,Rio de Janeiro,Brazil,BR,1:14:10,6:27:58,3:46:19,0:10:44,0:17:01,11:56:12,4450,23278,13579,644,1021,42972,1308,1156,227,1239,1110,213,1628,1440,284,1308,1156,227,Finisher,2627
Wotson,Fernando Diniz,Wotson Fernando Diniz,1265,M40-44,Male,Paicandu,PR,Brazil,BR,1:08:09,5:53:53,4:39:04,0:10:20,0:05:05,11:56:32,4089,21233,16744,620,305,42992,1309,1157,303,781,710,175,1262,1139,283,1309,1157,303,Finisher,2264
Lucas,Bessa Araujo,Lucas Bessa Araujo,339,M30-34,Male,Fortaleza,CE,Brazil,BR,1:12:52,6:14:49,4:13:15,0:10:04,0:05:40,11:56:38,4372,22489,15195,604,340,42998,1310,1158,138,1151,1039,122,1530,1358,158,1310,1158,138,Finisher,2694
Alisson,Julian Rhenns,Alisson Julian Rhenns,644,M35-39,Male,Sao Paulo,SP,Brazil,BR,1:10:31,6:12:42,4:21:15,0:07:11,0:05:28,11:57:07,4231,22362,15675,431,328,43027,1311,1159,230,955,866,171,1461,1302,244,1311,1159,230,Finisher,2465
André,Stroparo Dyniewicz,André Stroparo Dyniewicz,1188,M40-44,Male,Irati,PR,Brazil,BR,1:02:43,5:54:35,4:47:44,0:06:45,0:05:32,11:57:19,3763,21275,17264,405,332,43039,1312,1160,304,422,384,96,1147,1042,260,1312,1160,304,Finisher,2254
Ana,Azorero,Ana Azorero,578,F40-44,Female,Asuncion,Distrito Capital,Paraguay,PY,1:20:33,5:57:45,4:29:27,0:06:46,0:02:51,11:57:23,4833,21465,16167,406,171,43043,1313,153,33,1612,198,43,1401,153,30,1313,153,33,Finisher,2968
Flavio,Henrique Pinto Santos,Flavio Henrique Pinto Santos,1240,M40-44,Male,,,Brazil,BR,1:18:52,6:28:36,3:46:47,0:11:39,0:11:49,11:57:43,4732,23316,13607,699,709,43063,1314,1161,305,1541,1356,338,1661,1463,368,1314,1161,305,Finisher,2250
Francyelcyo,Farias,Francyelcyo Farias,1630,M45-49,Male,Londrina,BR-PR,Brazil,BR,1:21:34,6:06:53,4:10:01,0:11:41,0:07:39,11:57:48,4894,22013,15001,701,459,43068,1315,1162,228,1652,1443,272,1546,1372,269,1315,1162,228,Finisher,2607
Antonio,Arraes Branco Avelino,Antonio Arraes Branco Avelino,2091,M55-59,Male,Presidente Prudente,SP,Brazil,BR,1:24:12,5:58:54,4:19:09,0:08:56,0:06:46,11:57:58,5052,21534,15549,536,406,43078,1316,1163,35,1738,1516,66,1482,1319,50,1316,1163,35,Finisher,3297
Joao,Valdeilton De Vasconcelos,Joao Valdeilton De Vasconcelos,1936,M50-54,Male,Fortaleza,CE,Brazil,BR,1:15:45,5:43:37,4:30:21,0:14:42,0:13:48,11:58:14,4545,20617,16221,882,828,43094,1317,1164,106,1353,1205,133,1277,1153,105,1317,1164,106,Finisher,2572
Adriano,Jose Da Silva Araujo,Adriano Jose Da Silva Araujo,1649,M45-49,Male,Sao Bernardo Do Campo,SP,Brazil,BR,1:15:19,5:38:10,4:46:07,0:09:50,0:08:50,11:58:17,4519,20290,17167,590,530,43097,1318,1165,229,1329,1187,230,1134,1029,203,1318,1165,229,Finisher,2602
Guilherme,Schmitt Berkenbrock,Guilherme Schmitt Berkenbrock,1562,M45-49,Male,SAO JOSE,SC,Brazil,BR,1:03:06,5:34:28,5:06:31,0:08:42,0:05:31,11:58:18,3786,20068,18391,522,331,43098,1319,1166,230,439,399,58,867,797,147,1319,1166,230,Finisher,2601
andre,scartozzoni,andre scartozzoni,1698,M45-49,Male,sao paulo,BR-SP,Brazil,BR,1:10:37,5:51:30,4:44:00,0:07:17,0:05:42,11:59:06,4237,21090,17040,437,342,43146,1320,1167,231,966,875,164,1227,1113,224,1320,1167,231,Finisher,2592
CARLOS,ALBERTO SARRA,CARLOS ALBERTO SARRA,1934,M50-54,Male,BUENOS AIRES,B,Argentina,AR,1:09:51,5:54:30,4:38:10,0:09:59,0:06:57,11:59:27,4191,21270,16690,599,417,43167,1321,1168,107,912,826,75,1279,1155,106,1321,1168,107,Finisher,2557
Luciano,Junqueira,Luciano Junqueira,2020,M55-59,Male,Guaratinguetá,São Paulo,Brazil,BR,1:18:52,5:42:54,4:44:45,0:08:24,0:04:32,11:59:27,4732,20574,17085,504,272,43167,1322,1169,36,1540,1355,52,1234,1116,39,1322,1169,36,Finisher,3280
DENIS,SILVEIRA,DENIS SILVEIRA,1467,M45-49,Male,8853,BR-RJ,Brazil,BR,1:29:39,6:06:44,4:02:58,0:12:33,0:07:36,11:59:29,5379,22004,14578,753,456,43169,1323,1170,232,1837,1597,306,1595,1412,279,1323,1170,232,Finisher,2587
Marcelo,Lima,Marcelo Lima,176,M25-29,Male,Recife,PE,Brazil,BR,1:12:23,5:25:35,5:03:32,0:10:52,0:07:19,11:59:40,4343,19535,18212,652,439,43180,1324,1171,65,1107,1000,56,910,837,45,1324,1171,65,Finisher,2276
Djoni,Robert Loesch Da Silva,Djoni Robert Loesch Da Silva,1023,M40-44,Male,Curitiba ,Paraná ,Brazil,BR,1:01:59,5:42:47,4:56:32,0:07:11,0:11:12,11:59:42,3719,20567,17792,431,672,43182,1325,1172,306,387,351,86,955,872,222,1325,1172,306,Finisher,2226
Hans Wagner,Gluck,Hans Wagner Gluck,290,M30-34,Male,Porto Alegre,NJ,Brazil,BR,1:02:16,5:23:04,5:22:57,0:05:11,0:06:35,12:00:02,3736,19384,19377,311,395,43202,1326,1173,139,396,360,44,593,554,74,1326,1173,139,Finisher,2654
Sabrina,Megumi De Fatima Matozo,Sabrina Megumi De Fatima Matozo,591,F40-44,Female,Curitiba,PR,Brazil,BR,1:12:31,5:49:52,4:45:02,0:07:20,0:05:18,12:00:04,4351,20992,17102,440,318,43204,1327,154,34,1126,111,21,1230,117,21,1327,154,34,Finisher,2935
Victor,Ribeiro,Victor Ribeiro,346,M30-34,Male,São Paulo,BR-SP,Brazil,BR,1:09:42,5:53:39,4:36:19,0:13:14,0:07:22,12:00:16,4182,21219,16579,794,442,43216,1328,1174,140,892,808,97,1308,1178,138,1328,1174,140,Finisher,2651
German,Sosa Omodey,German Sosa Omodey,1855,M50-54,Male,Capital federal,Catamarca,Argentina,AR,1:13:37,6:13:15,4:14:00,0:10:22,0:09:04,12:00:19,4417,22395,15240,622,544,43219,1329,1175,108,1202,1079,109,1528,1357,144,1329,1175,108,Finisher,2547
Guilherme,Garcia Machado,Guilherme Garcia Machado,834,M35-39,Male,,,Brazil,BR,1:09:50,6:15:01,4:17:29,0:11:06,0:07:06,12:00:33,4190,22501,15449,666,426,43233,1330,1176,231,911,825,165,1508,1341,248,1330,1176,231,Finisher,2424
Fabiano,Dalmolin,Fabiano Dalmolin,1032,M40-44,Male,Rio de Janeiro,RJ,Brazil,BR,1:10:19,6:07:28,4:28:22,0:06:14,0:08:26,12:00:48,4219,22048,16102,374,506,43248,1331,1177,307,941,852,208,1387,1236,315,1331,1177,307,Finisher,2213
FABIO,LUIZ SIQUEIRA DE PAULA,FABIO LUIZ SIQUEIRA DE PAULA,1822,M50-54,Male,OSASCO,SP,Brazil,BR,1:20:38,6:02:10,4:25:11,0:08:26,0:04:30,12:00:54,4838,21730,15911,506,270,43254,1332,1178,109,1619,1419,164,1474,1311,135,1332,1178,109,Finisher,2540
Rodrigo,Gabriel,Rodrigo Gabriel,745,M35-39,Male,,,Brazil,BR,1:17:03,5:29:23,4:57:31,0:09:24,0:07:41,12:01:02,4623,19763,17851,564,461,43262,1333,1179,232,1432,1270,229,1018,926,187,1333,1179,232,Finisher,2418
ANA,SILVIA DAVINI PALLER,ANA SILVIA DAVINI PALLER,2115,F60-64,Female,SAO PAULO,SP,Brazil,BR,1:15:45,5:51:00,4:38:52,0:08:58,0:06:48,12:01:22,4545,21060,16732,538,408,43282,1334,155,2,1352,148,4,1298,127,3,1334,155,2,Finisher,4343
Luana,Maia Costa,Luana Maia Costa,520,F35-39,Female,Aracaju,SE,Brazil,BR,1:19:07,5:58:23,4:27:38,0:08:45,0:07:45,12:01:37,4747,21503,16058,525,465,43297,1335,156,26,1548,188,33,1419,156,25,1335,156,26,Finisher,3161
Sebastian,López Simonassi,Sebastian López Simonassi,1696,M45-49,Male,Maipu,MENDOZA,Argentina,AR,1:11:39,5:46:06,4:43:15,0:10:27,0:10:36,12:02:03,4299,20766,16995,627,636,43323,1336,1180,233,1048,948,183,1210,1096,218,1336,1180,233,Finisher,2556
RODRIGO,FAVARI DE BRITTO,RODRIGO FAVARI DE BRITTO,1663,M45-49,Male,SANTO ANDRE,SP,Brazil,BR,1:10:50,5:32:50,5:03:14,0:09:48,0:05:42,12:02:24,4250,19970,18194,588,342,43344,1337,1181,234,985,893,170,978,893,170,1337,1181,234,Finisher,2552
Lucas,Lopez,Lucas Lopez,655,M35-39,Male,gregorio de laferrere,AR-B,Argentina,AR,1:15:22,5:54:42,4:41:20,0:06:59,0:04:44,12:03:07,4522,21282,16880,419,284,43387,1338,1182,233,1332,1189,214,1316,1184,226,1338,1182,233,Finisher,2393
Stefanie,Iturrioz,Stefanie Iturrioz,585,F40-44,Female,Libertad,CO,Argentina,AR,1:18:07,6:38:13,3:54:10,0:07:46,0:04:53,12:03:09,4687,23893,14050,466,293,43389,1339,157,35,1500,177,35,1696,207,43,1339,157,35,Finisher,2898
Lucas,Savioli De Camargo,Lucas Savioli De Camargo,705,M35-39,Male,indaiatuba,SÃO PAULO,Brazil,BR,1:10:29,5:17:29,5:19:10,0:09:09,0:06:55,12:03:12,4229,19049,19150,549,415,43392,1340,1183,234,950,861,169,714,665,137,1340,1183,234,Finisher,2392
Victor,Almeida,Victor Almeida,948,M40-44,Male,Jambeiro,BR-SP,Brazil,BR,1:19:13,6:23:15,4:06:51,0:08:08,0:05:46,12:03:13,4753,22995,14811,488,346,43393,1341,1184,308,1554,1364,339,1610,1425,355,1341,1184,308,Finisher,2184
SIVALDO,PEDRO DOS SANTOS,SIVALDO PEDRO DOS SANTOS,1889,M50-54,Male,CARAPICUIBA,SAO PAULO,Brazil,BR,1:22:23,5:18:35,5:09:31,0:07:35,0:05:25,12:03:29,4943,19115,18571,455,325,43409,1342,1185,110,1681,1467,174,904,831,70,1342,1185,110,Finisher,2509
Marcelo,Leal,Marcelo Leal,2146,M60-64,Male,Rio de Jaaneiro,Rio de Janeiro,Brazil,BR,1:12:42,6:03:56,4:21:58,0:16:12,0:08:46,12:03:34,4362,21836,15718,972,526,43414,1343,1186,15,1140,1029,18,1486,1323,23,1343,1186,15,Finisher,3494
MARCELO,TADEU LONGO,MARCELO TADEU LONGO,1782,M50-54,Male,SAO PAULO,SP,Brazil,BR,1:16:09,5:56:54,4:36:53,0:07:28,0:06:32,12:03:55,4569,21414,16613,448,392,43435,1344,1187,111,1381,1228,138,1353,1214,117,1344,1187,111,Finisher,2504
Felipe,Medeiros Barata,Felipe Medeiros Barata,1243,M40-44,Male,São Paulo,SP,Brazil,BR,1:20:45,6:15:33,4:10:05,0:12:21,0:05:24,12:04:08,4845,22533,15005,741,324,43448,1345,1188,309,1627,1426,358,1592,1409,352,1345,1188,309,Finisher,2173
Willian,Alves Garcia,Willian Alves Garcia,636,M35-39,Male,Porto Alegre,RS,Brazil,BR,1:26:39,6:18:10,3:49:43,0:18:09,0:11:56,12:04:37,5199,22690,13783,1089,716,43477,1346,1189,235,1794,1566,273,1687,1481,261,1346,1189,235,Finisher,2375
Gustavo,Vasconcellos Cabral,Gustavo Vasconcellos Cabral,2207,M30-34,Male,Belo Horizonte,MG,Brazil,BR,1:12:41,6:17:24,4:21:39,0:08:55,0:04:13,12:04:52,4361,22644,15699,535,253,43492,1347,1190,141,1139,1028,120,1537,1365,160,1347,1190,141,Finisher,2596
Carlos,Alberto Gomes,Carlos Alberto Gomes,1671,M45-49,Male,Curitiba,PR,Brazil,BR,1:18:31,5:54:51,4:32:36,0:14:45,0:04:10,12:04:52,4711,21291,16356,885,250,43492,1348,1191,235,1513,1332,252,1434,1276,246,1348,1191,235,Finisher,2523
Bruno,Molero Da Silva,Bruno Molero Da Silva,1098,M40-44,Male,,,Brazil,BR,1:23:29,5:56:06,4:17:52,0:20:31,0:07:05,12:05:02,5009,21366,15472,1231,425,43502,1349,1192,310,1719,1501,370,1545,1371,344,1349,1192,310,Finisher,2162
Mayra Lorena,Mariani,Mayra Lorena Mariani,1990,F50-54,Female,TIGRE - GENERAL PACHECO,,Argentina,AR,1:21:27,6:30:10,4:01:19,0:08:17,0:04:01,12:05:15,4887,23410,14479,497,241,43515,1350,158,16,1648,209,18,1665,201,19,1350,158,16,Finisher,3970
Fabricio,Ardaiz,Fabricio Ardaiz,1748,M45-49,Male,Gualeguaychu,Argentina,Argentina,AR,1:13:10,5:51:27,4:44:04,0:08:17,0:08:22,12:05:19,4390,21087,17044,497,502,43519,1351,1193,236,1172,1056,205,1266,1143,230,1351,1193,236,Finisher,2517
MARTIN,GALIMBERTI,MARTIN GALIMBERTI,474,M30-34,Male,BUENOS AIRES,BUENOS AIRES,Argentina,AR,1:10:16,5:47:49,4:53:02,0:07:54,0:06:19,12:05:20,4216,20869,17582,474,379,43520,1352,1194,142,939,850,103,1180,1069,128,1352,1194,142,Finisher,2590
Hermes,Arambulo,Hermes Arambulo,1628,M45-49,Male,Asunción,Distrito Capital,Paraguay,PY,1:10:32,5:40:50,5:04:32,0:05:00,0:04:47,12:05:41,4232,20450,18272,300,287,43541,1353,1195,237,957,867,163,1029,936,180,1353,1195,237,Finisher,2513
Rodrigo,Camurca Da Silva,Rodrigo Camurca Da Silva,1888,M50-54,Male,Eusebio,Ceará,Brazil,BR,1:12:15,5:34:28,5:05:11,0:07:36,0:06:18,12:05:47,4335,20068,18311,456,378,43547,1354,1196,112,1095,988,95,995,909,78,1354,1196,112,Finisher,2481
Roberto,Pinto De Castro,Roberto Pinto De Castro,1836,M50-54,Male,,,Brazil,BR,1:06:28,6:26:51,4:07:50,0:13:18,0:11:26,12:05:53,3988,23211,14870,798,686,43553,1355,1197,113,666,605,51,1579,1400,150,1355,1197,113,Finisher,2480
Tiago,Cavanha,Tiago Cavanha,908,M40-44,Male,Boulogne-Billancourt,,Brazil,BR,1:15:37,5:53:38,4:32:54,0:13:36,0:10:15,12:06:00,4537,21218,16374,816,615,43560,1356,1198,311,1342,1197,293,1374,1227,311,1356,1198,311,Finisher,2150
RAPHAEL,VILARINHO DA CRUZ,RAPHAEL VILARINHO DA CRUZ,1614,M45-49,Male,EUSEBIO,CE,Brazil,BR,1:09:55,5:31:42,5:11:09,0:08:58,0:04:22,12:06:06,4195,19902,18669,538,262,43566,1357,1199,238,918,832,157,934,858,162,1357,1199,238,Finisher,2508
Fernanda,Keller,Fernanda Keller,2117,F60-64,Female,Rio de Janeiro,Rio de Janeiro,Brazil,BR,1:05:31,5:57:34,4:51:05,0:06:24,0:05:41,12:06:14,3931,21454,17465,384,341,43574,1358,159,3,597,56,1,1228,115,2,1358,159,3,Finisher,4285
NINA,TOSTES ALVES,NINA TOSTES ALVES,1348,F45-49,Female,EUSEBIO,CE,Brazil,BR,1:05:45,5:31:39,5:18:03,0:07:04,0:03:43,12:06:15,3945,19899,19083,424,223,43575,1359,160,32,614,57,10,838,68,15,1359,160,32,Finisher,3145
Wilson,Aurelio Tapia Lima,Wilson Aurelio Tapia Lima,1877,M50-54,Male,Curitiba,PR,Brazil,BR,1:13:59,6:11:33,4:24:04,0:09:33,0:07:55,12:07:04,4439,22293,15844,573,475,43624,1360,1200,114,1226,1101,113,1502,1336,143,1360,1200,114,Finisher,2466
Antonio,Jose Barroco De Paula Daflon,Antonio Jose Barroco De Paula Daflon,1099,M40-44,Male,Macae,RJ,Brazil,BR,1:15:37,5:38:19,4:52:54,0:10:58,0:09:34,12:07:22,4537,20299,17574,658,574,43642,1361,1201,312,1345,1200,294,1163,1055,265,1361,1201,312,Finisher,2134
Walter,Alegre,Walter Alegre,1703,M45-49,Male,Moreno,Provincia de Buenos Aires,Argentina,AR,1:12:48,5:36:09,5:05:47,0:07:38,0:05:14,12:07:37,4368,20169,18347,458,314,43657,1362,1202,239,1145,1033,199,1034,940,181,1362,1202,239,Finisher,2490
Camila,Calazans Deraco,Camila Calazans Deraco,498,F35-39,Female,Sao Sebastiao,SP,Brazil,BR,1:09:44,6:34:34,4:09:13,0:10:37,0:03:46,12:07:54,4184,23674,14953,637,226,43674,1363,161,27,893,85,13,1639,192,33,1363,161,27,Finisher,3085
Francisco,Carlos De Carvalho Junior,Francisco Carlos De Carvalho Junior,1604,M45-49,Male,Vila Velha,ES,Brazil,BR,1:18:36,5:26:56,5:08:36,0:09:15,0:04:44,12:08:08,4716,19616,18516,555,284,43688,1364,1203,240,1519,1338,253,1003,915,176,1364,1203,240,Finisher,2483
Alex Sandro ,Kiss Junior,Alex Sandro Kiss Junior,419,M30-34,Male,Franco Da Rocha,São Paulo,Brazil,BR,1:05:19,6:19:02,4:25:43,0:10:39,0:07:36,12:08:18,3919,22742,15943,639,456,43698,1365,1204,143,580,528,69,1500,1334,156,1365,1204,143,Finisher,2554
Maria,Alejandra Boschetti,Maria Alejandra Boschetti,562,F40-44,Female,,,Argentina,AR,1:18:08,6:32:08,3:57:25,0:10:36,0:10:02,12:08:19,4688,23528,14245,636,602,43699,1366,162,36,1501,178,36,1671,203,41,1366,162,36,Finisher,2836
Isabella,Dal Pizzol,Isabella Dal Pizzol,243,F30-34,Female,Porto Alegre,RS,Brazil,BR,1:14:23,6:24:11,4:07:16,0:10:54,0:11:37,12:08:20,4463,23051,14836,654,697,43700,1367,163,23,1254,133,20,1602,185,29,1367,163,23,Finisher,3158
Nathalia,Abreu,Nathalia Abreu,534,F40-44,Female,RIO DE JANEIRO,RJ,Brazil,BR,1:18:37,6:06:00,4:30:58,0:09:28,0:03:27,12:08:29,4717,21960,16258,568,207,43709,1368,164,37,1520,182,38,1493,164,32,1368,164,37,Finisher,2834
SILVIA,VINHAL DE CASTRO PARENTE,SILVIA VINHAL DE CASTRO PARENTE,1337,F45-49,Female,SAO PAULO,SP,Brazil,BR,1:30:14,6:30:52,3:54:19,0:07:25,0:06:28,12:09:17,5414,23452,14059,445,388,43757,1369,165,33,1843,242,52,1724,215,43,1369,165,33,Finisher,3109
WAGNER,CODINHOTO,WAGNER CODINHOTO,1951,M50-54,Male,Piracicaba,São Paulo,Brazil,BR,1:04:46,5:53:53,4:53:44,0:08:01,0:08:55,12:09:18,3886,21233,17624,481,535,43758,1370,1205,115,547,497,40,1192,1080,95,1370,1205,115,Finisher,2439
Fabio,Queiroz,Fabio Queiroz,1474,M45-49,Male,São Paulo,São Paulo,Brazil,BR,1:01:05,5:46:18,5:03:25,0:10:33,0:08:00,12:09:21,3665,20778,18205,633,480,43761,1371,1206,241,338,302,48,1054,958,184,1371,1206,241,Finisher,2469
Hebert,Marchesi,Hebert Marchesi,742,M35-39,Male,Vila Velha,ES,Brazil,BR,1:11:52,5:40:10,5:04:17,0:06:33,0:06:36,12:09:29,4312,20410,18257,393,396,43769,1372,1207,236,1064,963,184,1068,971,198,1372,1207,236,Finisher,2317
Diego,Ciani,Diego Ciani,2179,M65-69,Male,Las Parejas,Santa Fe,Argentina,AR,1:18:05,5:50:31,4:39:51,0:13:03,0:08:06,12:09:35,4685,21031,16791,783,486,43775,1373,1208,4,1498,1322,11,1365,1222,8,1373,1208,4,Finisher,4346
Arthur,Lidio Trindade Pedrosa,Arthur Lidio Trindade Pedrosa,1533,M45-49,Male,Fortaleza,CE,Brazil,BR,1:20:00,6:24:15,4:06:16,0:12:06,0:07:09,12:09:47,4800,23055,14776,726,429,43787,1374,1209,242,1593,1398,264,1651,1455,287,1374,1209,242,Finisher,2464
Joao,Paulo Freitas,Joao Paulo Freitas,746,M35-39,Male,Sao Paulo,SP,Brazil,BR,1:20:21,5:48:46,4:49:12,0:06:52,0:05:14,12:10:25,4821,20926,17352,412,314,43825,1375,1210,237,1603,1407,247,1301,1174,224,1375,1210,237,Finisher,2306
Paulo,Ricardo Lucas Duarte,Paulo Ricardo Lucas Duarte,1931,M50-54,Male,Sao Paulo,SP,Brazil,BR,1:13:19,5:49:35,4:44:00,0:13:47,0:09:52,12:10:34,4399,20975,17040,827,592,43834,1376,1211,116,1186,1066,105,1312,1181,110,1376,1211,116,Finisher,2424
Daiana,Campos Aoun Marques,Daiana Campos Aoun Marques,565,F40-44,Female,Sao Paulo,SP,Brazil,BR,1:31:51,6:26:31,3:52:50,0:14:11,0:05:12,12:10:35,5511,23191,13970,851,312,43835,1377,166,38,1863,251,52,1741,220,47,1377,166,38,Finisher,2809
Bruno,Mariotto,Bruno Mariotto,871,M35-39,Male,Guarulhos,São Paulo,Brazil,BR,1:24:35,5:41:10,4:47:14,0:09:03,0:08:40,12:10:42,5075,20470,17234,543,520,43842,1378,1212,238,1751,1526,267,1285,1160,221,1378,1212,238,Finisher,2302
Ednaldo,De Souza Silva,Ednaldo De Souza Silva,1798,M50-54,Male,Rio Branco,AC,Brazil,BR,1:23:12,5:54:17,4:42:03,0:06:47,0:04:24,12:10:44,4992,21257,16923,407,264,43844,1379,1213,117,1705,1487,177,1389,1238,120,1379,1213,117,Finisher,2422
Alexis,Lalla,Alexis Lalla,486,M30-34,Male,Mar del plata,BUENOS AIRES,Argentina,AR,1:05:56,5:49:46,4:59:50,0:09:32,0:05:49,12:10:52,3956,20986,17990,572,349,43852,1380,1214,144,629,570,76,1170,1061,126,1380,1214,144,Finisher,2524
Leandro,Musri,Leandro Musri,2045,M55-59,Male,CABA,AR-C,Argentina,AR,1:25:17,6:05:36,4:29:02,0:06:03,0:04:58,12:10:56,5117,21936,16142,363,298,43856,1381,1215,37,1772,1546,70,1519,1351,55,1381,1215,37,Finisher,3142
Carlos,Alberto Dos Santos Filho,Carlos Alberto Dos Santos Filho,2023,M55-59,Male,Curitiba,Paraná,Brazil,BR,1:11:33,5:56:00,4:42:36,0:11:19,0:09:35,12:11:01,4293,21360,16956,679,575,43861,1382,1216,38,1034,935,31,1334,1200,44,1382,1216,38,Finisher,3141
Fernando,Viggiano,Fernando Viggiano,2026,M55-59,Male,Goiania,Goias,Brazil,BR,1:13:13,6:00:55,4:40:37,0:09:12,0:07:12,12:11:08,4393,21655,16837,552,432,43868,1383,1217,39,1174,1058,37,1379,1230,45,1383,1217,39,Finisher,3139
JOSE,LUIZ IANNIBELLI DE ALMEIDA,JOSE LUIZ IANNIBELLI DE ALMEIDA,1872,M50-54,Male,NITEROI,RJ,Brazil,BR,1:08:41,6:08:26,4:37:15,0:08:55,0:07:55,12:11:13,4121,22106,16635,535,475,43873,1384,1218,118,825,749,63,1417,1262,125,1384,1218,118,Finisher,2416
Vivian,Ogawa,Vivian Ogawa,248,F30-34,Female,Sao Paulo,,Brazil,BR,1:13:16,6:09:20,4:29:25,0:14:23,0:04:56,12:11:20,4396,22160,16165,863,296,43880,1385,167,24,1182,120,16,1520,169,25,1385,167,24,Finisher,3122
MARION,VECINA ARCURI VECINA,MARION VECINA ARCURI VECINA,1974,F50-54,Female,SOROCABA,SP,Brazil,BR,1:26:46,5:58:14,4:31:32,0:09:18,0:05:45,12:11:35,5206,21494,16292,558,345,43895,1386,168,17,1797,229,21,1494,165,16,1386,168,17,Finisher,3894
Victor,Giovannino Accetta,Victor Giovannino Accetta,435,M30-34,Male,Augustinopolis,TO,Brazil,BR,1:00:47,6:03:27,4:43:43,0:14:54,0:09:07,12:11:59,3647,21807,17023,894,547,43919,1387,1219,145,326,291,36,1336,1202,141,1387,1219,145,Finisher,2510
Guillermo,Konecny,Guillermo Konecny,2051,M55-59,Male,Ciudad de Buenos Aires,Ciudad de Buenos Aires,Argentina,AR,1:20:40,6:15:43,4:16:57,0:08:32,0:10:14,12:12:07,4840,22543,15417,512,614,43927,1388,1220,40,1623,1422,55,1570,1393,59,1388,1220,40,Finisher,3128
Maria Amalia,Vega,Maria Amalia Vega,2114,F60-64,Female,Mar del Plata,AR-B,Argentina,AR,1:13:43,6:00:56,4:39:28,0:07:01,0:11:04,12:12:12,4423,21656,16768,421,664,43932,1389,169,4,1207,124,3,1366,144,4,1389,169,4,Finisher,4213
ANTONIO,MARCOS OLMEDIJA,ANTONIO MARCOS OLMEDIJA,2042,M55-59,Male,SAO CAETANO DO SUL,SP,Brazil,BR,1:18:37,6:12:37,4:30:55,0:04:34,0:05:32,12:12:15,4717,22357,16255,274,332,43935,1390,1221,41,1521,1339,50,1506,1339,53,1390,1221,41,Finisher,3126
Bruno,Rodrigues Trindade,Bruno Rodrigues Trindade,1531,M45-49,Male,Brasilia,DF,Brazil,BR,1:17:25,6:07:39,3:56:15,0:30:08,0:20:48,12:12:16,4645,22059,14175,1808,1248,43936,1391,1222,243,1453,1287,245,1645,1451,286,1391,1222,243,Finisher,2434
Vitor,Cestari,Vitor Cestari,981,M40-44,Male,São Paulo,BR-SP,Brazil,BR,1:14:43,6:01:52,4:40:01,0:10:46,0:05:05,12:12:26,4483,21712,16801,646,305,43946,1392,1223,313,1276,1142,280,1426,1269,327,1392,1223,313,Finisher,2073
Marcos,Henrique Suntack Fragoso,Marcos Henrique Suntack Fragoso,1017,M40-44,Male,Florianópolis,SC,Brazil,BR,1:16:58,5:47:03,4:49:58,0:11:39,0:06:49,12:12:27,4618,20823,17398,699,409,43947,1393,1224,314,1427,1266,311,1296,1170,295,1393,1224,314,Finisher,2073
Walter,Sobrero,Walter Sobrero,1957,M50-54,Male,GODOY CRUZ,MENDOZA,Argentina,AR,1:12:43,5:44:48,4:57:11,0:06:43,0:11:35,12:12:59,4363,20688,17831,403,695,43979,1394,1225,119,1142,1031,100,1150,1045,93,1394,1225,119,Finisher,2395
Michele,Trierweiler Sawada,Michele Trierweiler Sawada,1354,F45-49,Female,ITUPORANGA,BR-SC,Brazil,BR,1:14:44,6:06:07,4:37:54,0:09:36,0:04:40,12:13:01,4484,21967,16674,576,280,43981,1395,170,34,1279,135,25,1462,160,35,1395,170,34,Finisher,3064
Renan,Pastore Silva,Renan Pastore Silva,1223,M40-44,Male,Rio De Janeiro,RJ,Brazil,BR,1:03:12,6:30:08,4:22:35,0:08:02,0:09:17,12:13:13,3792,23408,15755,482,557,43993,1396,1226,315,445,404,103,1552,1377,346,1396,1226,315,Finisher,2064
Rafael,Antonio Fauth,Rafael Antonio Fauth,1431,M45-49,Male,Cascavel,PR,Brazil,BR,1:10:49,6:08:21,4:30:38,0:13:57,0:09:32,12:13:18,4249,22101,16238,837,572,43998,1397,1227,244,984,892,169,1487,1324,258,1397,1227,244,Finisher,2421
Akio,Ezaki,Akio Ezaki,1006,M40-44,Male,Joinville,BR-Santa Catarina,Brazil,BR,1:23:21,5:49:49,4:48:17,0:06:32,0:05:38,12:13:37,5001,20989,17297,392,338,44017,1398,1228,316,1712,1494,368,1341,1206,302,1398,1228,316,Finisher,2059
Leonardo,Luciano Pinto De Almeida,Leonardo Luciano Pinto De Almeida,1160,M40-44,Male,Uberlandia,MG,Brazil,BR,1:15:51,5:53:21,4:49:21,0:09:17,0:05:56,12:13:46,4551,21201,17361,557,356,44026,1399,1229,317,1358,1209,297,1328,1195,299,1399,1229,317,Finisher,2057
Joao,Fernando Rico Esper,Joao Fernando Rico Esper,1287,M40-44,Male,Jacarei,SP,Brazil,BR,1:18:40,5:48:37,4:43:26,0:13:12,0:09:54,12:13:50,4720,20917,17006,792,594,44030,1400,1230,318,1526,1343,333,1352,1213,306,1400,1230,318,Finisher,2056
Francisco,Assis Da Cunha Neto,Francisco Assis Da Cunha Neto,1169,M40-44,Male,Acu,RN,Brazil,BR,1:18:20,6:06:40,4:31:28,0:10:56,0:06:36,12:14:01,4700,22000,16288,656,396,44041,1401,1231,319,1507,1327,327,1507,1340,338,1401,1231,319,Finisher,2054
Gabriel,Salgado Silva,Gabriel Salgado Silva,449,M30-34,Male,Sao Paulo,SP,Brazil,BR,1:28:40,5:49:42,4:39:29,0:10:17,0:05:59,12:14:07,5320,20982,16769,617,359,44047,1402,1232,146,1824,1590,180,1443,1285,150,1402,1232,146,Finisher,2485
Alexandra,Damasio Todescatto,Alexandra Damasio Todescatto,270,F30-34,Female,Curitiba,PR,Brazil,BR,1:13:21,5:59:49,4:50:28,0:06:51,0:04:07,12:14:37,4401,21589,17428,411,247,44077,1403,171,25,1188,121,17,1345,137,19,1403,171,25,Finisher,3082
Patrick,Martelli,Patrick Martelli,1291,M40-44,Male,Ijui,Rio Grande do Sul,Brazil,BR,1:14:20,6:14:07,4:27:19,0:06:14,0:12:45,12:14:44,4460,22447,16039,374,765,44084,1404,1233,320,1251,1120,276,1498,1333,336,1404,1233,320,Finisher,2045
Nuno,Bessa Correia,Nuno Bessa Correia,1878,M50-54,Male,Sao Paulo,SP,Brazil,BR,1:13:27,5:43:15,4:55:44,0:13:51,0:08:37,12:14:54,4407,20595,17744,831,517,44094,1405,1234,120,1193,1072,106,1244,1124,101,1405,1234,120,Finisher,2372
Tatiana ,Martenetz ,Tatiana Martenetz,267,F30-34,Female,Curitiba ,Parana,Brazil,BR,1:17:13,6:03:26,4:33:07,0:09:02,0:12:10,12:14:58,4633,21806,16387,542,730,44098,1406,172,26,1443,164,24,1456,159,24,1406,172,26,Finisher,3078
Natanael,Soares,Natanael Soares,352,M30-34,Male,São Paulo,SP,Brazil,BR,1:19:35,6:00:15,4:37:34,0:09:17,0:08:18,12:14:59,4775,21615,16654,557,498,44099,1407,1235,147,1580,1386,161,1448,1290,151,1407,1235,147,Finisher,2474
Nilson,Muniz Lopes Netto,Nilson Muniz Lopes Netto,464,M30-34,Male,Sao Paulo,SP,Brazil,BR,1:17:54,5:46:38,4:56:59,0:08:04,0:05:25,12:15:02,4674,20798,17819,484,325,44102,1408,1236,148,1487,1313,151,1263,1140,133,1408,1236,148,Finisher,2474
Javier Rodrigo,Paredes,Javier Rodrigo Paredes,1954,M50-54,Male,buenos aires,AR-B,Argentina,AR,1:07:01,6:09:42,4:45:53,0:08:03,0:04:25,12:15:04,4021,22182,17153,483,265,44104,1409,1237,121,709,644,56,1396,1244,122,1409,1237,121,Finisher,2370
Rafael,Rosa,Rafael Rosa,1250,M40-44,Male,Florianopolis,BR-SC,Brazil,BR,1:14:41,5:43:21,5:00:21,0:09:03,0:08:11,12:15:37,4481,20601,18021,543,491,44137,1410,1238,321,1275,1141,279,1197,1084,271,1410,1238,321,Finisher,2035
Fernando,Souza Marquetti,Fernando Souza Marquetti,1599,M45-49,Male,Curitiba,PR,Brazil,BR,1:11:17,6:06:46,4:40:28,0:08:17,0:08:55,12:15:43,4277,22006,16828,497,535,44143,1411,1239,245,1017,921,174,1420,1264,245,1411,1239,245,Finisher,2392
Felipe,Resende Barreto,Felipe Resende Barreto,323,M30-34,Male,Sao Paulo,SP,Brazil,BR,1:05:25,5:44:41,5:01:26,0:11:24,0:12:56,12:15:51,3925,20681,18086,684,776,44151,1412,1240,149,589,536,71,1104,1001,117,1412,1240,149,Finisher,2464
Carlos,Rodrigo Guerreiro,Carlos Rodrigo Guerreiro,1684,M45-49,Male,Buenos Aires,B,Argentina,AR,1:08:33,6:05:42,4:50:30,0:06:33,0:04:39,12:15:57,4113,21942,17430,393,279,44157,1413,1241,246,811,738,138,1356,1216,238,1413,1241,246,Finisher,2390
Roberta,Alvarez,Roberta Alvarez,1340,F45-49,Female,Sao Paulo,Sao Paulo,Brazil,BR,1:15:01,6:22:40,4:27:53,0:06:36,0:04:07,12:16:18,4501,22960,16073,396,247,44178,1414,173,35,1301,141,27,1567,177,37,1414,173,35,Finisher,3025
Lucas,Antonio Daniel,Lucas Antonio Daniel,106,M18-24,Male,Joinville,SC,Brazil,BR,1:17:39,6:19:42,4:11:18,0:13:44,0:14:09,12:16:32,4659,22782,15078,824,849,44192,1415,1242,21,1473,1304,21,1613,1427,21,1415,1242,21,Finisher,2206
Marcelo,Miralla,Marcelo Miralla,2094,M55-59,Male,Cuiabá,MATO GROSSO,Brazil,BR,1:24:19,5:37:43,4:55:06,0:08:52,0:10:41,12:16:41,5059,20263,17706,532,641,44201,1416,1243,42,1742,1519,68,1248,1127,40,1416,1243,42,Finisher,3073
Cleber,Soares,Cleber Soares,1476,M45-49,Male,,,Brazil,BR,1:22:30,6:07:07,4:30:31,0:09:17,0:07:19,12:16:44,4950,22027,16231,557,439,44204,1417,1244,247,1685,1470,277,1536,1364,267,1417,1244,247,Finisher,2380
Rodrigo,Baccili,Rodrigo Baccili,609,M35-39,Male,Tietê,São Paulo,Brazil,BR,1:12:38,5:55:03,4:56:05,0:09:10,0:03:50,12:16:47,4358,21303,17765,550,230,44207,1418,1245,239,1136,1025,192,1314,1183,225,1418,1245,239,Finisher,2229
MARIO,HENRIQUE QUEIROZ SILVA,MARIO HENRIQUE QUEIROZ SILVA,1259,M40-44,Male,MATA DE SAO JOAO,BA,Brazil,BR,1:13:32,5:43:52,5:02:31,0:10:25,0:06:29,12:16:49,4412,20632,18151,625,389,44209,1419,1246,322,1197,1076,265,1207,1093,274,1419,1246,322,Finisher,2020
Carlos Nicolás,Infante López,Carlos Nicolás Infante López,1910,M50-54,Male,San Salvador de Jujuy,AR-Y,Argentina,AR,1:16:00,6:03:07,4:42:16,0:09:53,0:05:39,12:16:55,4560,21787,16936,593,339,44215,1420,1247,122,1369,1217,136,1447,1289,131,1420,1247,122,Finisher,2348
Felipe,Gabriel Anselmo,Felipe Gabriel Anselmo,442,M30-34,Male,SÃO JOSÉ DOS CAMPOS,SAO PAULO,Brazil,BR,1:20:39,5:35:55,5:07:23,0:08:06,0:05:04,12:17:06,4839,20155,18443,486,304,44226,1421,1248,150,1622,1421,166,1158,1051,124,1421,1248,150,Finisher,2449
Alessio,Eulalio Dantas,Alessio Eulalio Dantas,1430,M45-49,Male,Teresina,PI,Brazil,BR,1:20:43,6:16:05,4:21:30,0:11:53,0:06:56,12:17:07,4843,22565,15690,713,416,44227,1422,1249,248,1626,1425,268,1593,1410,277,1422,1249,248,Finisher,2376
Rene,Cardoso Junqueira,Rene Cardoso Junqueira,1750,M45-49,Male,Rio De Janeiro,RJ,Brazil,BR,1:27:33,5:55:30,4:38:19,0:10:41,0:05:37,12:17:40,5253,21330,16699,641,337,44260,1423,1250,249,1807,1576,299,1490,1327,259,1423,1250,249,Finisher,2369
JUAN PABLO,ARTACHO,JUAN PABLO ARTACHO,1126,M40-44,Male,BUENOS AIRES,BUENOS AIRES,Argentina,AR,1:09:24,6:00:06,4:58:12,0:06:04,0:04:04,12:17:49,4164,21606,17892,364,244,44269,1424,1251,323,874,794,190,1295,1169,294,1424,1251,323,Finisher,2008
Maximiliano,Julio,Maximiliano Julio,2036,M55-59,Male,Buenos Aires,B,Argentina,AR,1:06:59,5:33:41,5:28:29,0:05:54,0:02:53,12:17:56,4019,20021,19709,354,173,44276,1425,1252,43,705,641,15,871,800,24,1425,1252,43,Finisher,3058
Luis,Pradinett Lezano,Luis Pradinett Lezano,317,M30-34,Male,Arequipa,Arequipa,Peru,PE,1:23:56,6:16:29,4:23:42,0:08:35,0:05:43,12:18:26,5036,22589,15822,515,343,44306,1426,1253,151,1732,1510,173,1597,1414,164,1426,1253,151,Finisher,2433
Jaqueline,Helena Goncalves,Jaqueline Helena Goncalves,569,F40-44,Female,Florianopolis,SC,Brazil,BR,1:18:50,6:11:32,4:21:29,0:18:09,0:08:49,12:18:49,4730,22292,15689,1089,529,44329,1427,174,39,1538,185,39,1591,183,36,1427,174,39,Finisher,2710
Rafael,Ramos Camilo,Rafael Ramos Camilo,1028,M40-44,Male,São Paulo ,,Brazil,BR,1:25:16,5:43:56,4:52:40,0:08:54,0:08:04,12:18:49,5116,20636,17560,534,484,44329,1428,1254,324,1771,1545,380,1325,1192,298,1428,1254,324,Finisher,1996
CARLOS,HENRIQUE STUDENROTH,CARLOS HENRIQUE STUDENROTH,1514,M45-49,Male,FLORIANOPOLIS,SC,Brazil,BR,1:24:47,5:44:03,4:49:12,0:12:28,0:08:21,12:18:51,5087,20643,17352,748,501,44331,1429,1255,250,1756,1531,289,1362,1220,240,1429,1255,250,Finisher,2355
Joao,Carlos Tavares De Oliveira,Joao Carlos Tavares De Oliveira,1244,M40-44,Male,Porto Velho,Rondonia,Brazil,BR,1:30:34,6:19:25,4:09:43,0:11:35,0:07:42,12:18:59,5434,22765,14983,695,462,44339,1430,1256,325,1848,1605,392,1677,1474,371,1430,1256,325,Finisher,1994
Rogerio,Dos Santos Amante,Rogerio Dos Santos Amante,913,M40-44,Male,,,Brazil,BR,1:18:20,6:01:47,4:38:03,0:10:30,0:10:22,12:19:02,4700,21707,16683,630,622,44342,1431,1257,326,1508,1328,328,1464,1303,331,1431,1257,326,Finisher,1994
ALISSON,LOPES SUARTE NOGUEIRA,ALISSON LOPES SUARTE NOGUEIRA,1540,M45-49,Male,RIO DE JANEIRO,RJ,Brazil,BR,1:18:37,6:01:59,4:33:48,0:15:43,0:09:08,12:19:15,4717,21719,16428,943,548,44355,1432,1258,251,1522,1340,254,1513,1345,262,1432,1258,251,Finisher,2350
Camila,B C Brasil Mafud,Camila B C Brasil Mafud,575,F40-44,Female,Ribeirao Preto,SP,Brazil,BR,1:11:14,6:28:16,4:19:20,0:12:00,0:08:26,12:19:16,4274,23296,15560,720,506,44356,1433,175,40,1013,95,17,1618,187,38,1433,175,40,Finisher,2705
JAMISSON,BOERI,JAMISSON BOERI,2064,M55-59,Male,CAXIAS DO SUL,BR-RS,Brazil,BR,1:23:08,6:11:05,4:19:04,0:18:38,0:07:23,12:19:18,4988,22265,15544,1118,443,44358,1434,1259,44,1703,1485,61,1627,1439,60,1434,1259,44,Finisher,3041
Renildo,Santos Da Silva,Renildo Santos Da Silva,883,M35-39,Male,,,Brazil,BR,1:32:59,5:51:28,4:29:29,0:16:51,0:08:32,12:19:18,5579,21088,16169,1011,512,44358,1435,1260,240,1871,1619,282,1551,1376,250,1435,1260,240,Finisher,2199
Fernando,Barbosa Vieira,Fernando Barbosa Vieira,762,M35-39,Male,Rio de Janeiro,Rio de Janeiro,Brazil,BR,1:09:48,6:27:07,4:28:09,0:09:20,0:04:57,12:19:22,4188,23227,16089,560,297,44362,1436,1261,241,905,820,163,1577,1398,252,1436,1261,241,Finisher,2198
Thiago,Puttini Rita,Thiago Puttini Rita,1522,M45-49,Male,Sao Paulo,SP,Brazil,BR,1:22:13,5:45:17,4:59:06,0:06:18,0:06:27,12:19:22,4933,20717,17946,378,387,44362,1437,1262,252,1674,1462,276,1276,1152,233,1437,1262,252,Finisher,2349
Juan Manuel,Herlein,Juan Manuel Herlein,1962,M50-54,Male,Mar del plata,AR-B,Argentina,AR,1:10:37,6:12:53,4:42:01,0:08:04,0:06:03,12:19:38,4237,22373,16921,484,363,44378,1438,1263,123,964,874,80,1477,1314,136,1438,1263,123,Finisher,2315
Bruno,Javier,Bruno Javier,2025,M55-59,Male,Ituzaingo,Buenos Aires,Argentina,AR,1:06:24,5:42:04,5:15:41,0:08:28,0:07:07,12:19:44,3984,20524,18941,508,427,44384,1439,1264,45,657,596,12,1038,944,30,1439,1264,45,Finisher,3036
Denise,Nair Pasini Pegoraro,Denise Nair Pasini Pegoraro,539,F40-44,Female,Cascavel,BR-PR,Brazil,BR,1:19:08,6:11:29,4:27:39,0:14:19,0:07:14,12:19:48,4748,22289,16059,859,434,44388,1440,176,41,1550,189,40,1571,178,35,1440,176,41,Finisher,2699
Francis,Rigolo Fernandes,Francis Rigolo Fernandes,1670,M45-49,Male,Santo Andre,SP,Brazil,BR,1:15:24,5:54:45,4:39:16,0:18:09,0:12:19,12:19:53,4524,21285,16756,1089,739,44393,1441,1265,253,1334,1190,231,1438,1280,247,1441,1265,253,Finisher,2342
Bruno,Paretti,Bruno Paretti,791,M35-39,Male,Rosario,AR-S,Argentina,AR,1:09:27,6:15:37,4:28:22,0:15:00,0:11:31,12:19:57,4167,22537,16102,900,691,44397,1442,1266,242,876,795,158,1544,1370,249,1442,1266,242,Finisher,2191
Joao,Carlin Ferreira Padilha,Joao Carlin Ferreira Padilha,2078,M55-59,Male,Araucaria,PR,Brazil,BR,1:12:40,5:49:19,5:06:14,0:06:53,0:05:19,12:20:25,4360,20959,18374,413,319,44425,1443,1267,46,1138,1027,36,1220,1106,38,1443,1267,46,Finisher,3028
ANA,PAULA DE OLIVEIRA,ANA PAULA DE OLIVEIRA,1376,F45-49,Female,ARAUCARIA,PR,Brazil,BR,1:19:08,5:56:10,4:55:14,0:06:19,0:04:13,12:21:04,4748,21370,17714,379,253,44464,1444,177,36,1551,190,36,1364,143,32,1444,177,36,Finisher,2968
Gregorio,Nissel Schmidt,Gregorio Nissel Schmidt,175,M25-29,Male,,,Brazil,BR,1:14:46,6:08:06,4:37:58,0:13:34,0:07:16,12:21:40,4486,22086,16678,814,436,44500,1445,1268,66,1284,1148,63,1515,1347,67,1445,1268,66,Finisher,2012
Daniela,Séfora de Melo Hackenhaar,Daniela Séfora de Melo Hackenhaar,1378,F45-49,Female,Porto Seguro,Bahia,Brazil,BR,1:23:07,6:03:11,4:35:08,0:11:11,0:09:08,12:21:45,4987,21791,16508,671,548,44505,1446,178,37,1702,218,42,1529,172,36,1446,178,37,Finisher,2959
Paulo,Eduardo Do Nascimento Silva,Paulo Eduardo Do Nascimento Silva,1157,M40-44,Male,São Paulo,São Paulo,Brazil,BR,1:13:06,6:44:08,4:11:21,0:08:14,0:04:58,12:21:48,4386,24248,15081,494,298,44508,1447,1269,327,1171,1055,258,1705,1496,375,1447,1269,327,Finisher,1961
Brunno,Leonardo Araujo Oliveira,Brunno Leonardo Araujo Oliveira,1194,M40-44,Male,IMPERATRIZ,MA,Brazil,BR,1:15:03,6:01:47,4:53:50,0:07:35,0:03:36,12:21:51,4503,21707,17630,455,216,44511,1448,1270,328,1303,1162,287,1392,1241,316,1448,1270,328,Finisher,1960
Joceanne Yuri,Toma Cerizza,Joceanne Yuri Toma Cerizza,502,F35-39,Female,Curitiba,Paraná,Brazil,BR,1:09:57,6:15:12,4:30:15,0:11:09,0:15:27,12:21:59,4197,22512,16215,669,927,44519,1449,179,28,920,87,15,1512,168,27,1449,179,28,Finisher,2916
Tassiana,Silva De Oliveira,Tassiana Silva De Oliveira,514,F35-39,Female,Paulo Afonso,BA,Brazil,BR,1:22:36,6:25:14,4:13:59,0:11:39,0:08:52,12:22:20,4956,23114,15239,699,532,44540,1450,180,29,1688,216,39,1664,200,35,1450,180,29,Finisher,2912
Antonio,Claudinei Dias,Antonio Claudinei Dias,2093,M55-59,Male,Paranavai,PR,Brazil,BR,1:20:28,6:07:44,4:30:50,0:14:49,0:08:32,12:22:23,4828,22064,16250,889,512,44543,1451,1271,47,1609,1412,54,1561,1385,57,1451,1271,47,Finisher,3004
Edson,Rigueira Fernandes,Edson Rigueira Fernandes,1139,M40-44,Male,Vicosa,MG,Brazil,BR,1:15:16,5:52:02,4:47:48,0:16:10,0:11:08,12:22:24,4516,21122,17268,970,668,44544,1452,1272,329,1325,1183,292,1382,1232,314,1452,1272,329,Finisher,1953
EDUARDO,MASSAHIDE YAMASHIRO,EDUARDO MASSAHIDE YAMASHIRO,1285,M40-44,Male,Ribeirão Pires,SP,Brazil,BR,1:26:36,6:13:11,4:21:38,0:11:22,0:10:00,12:22:47,5196,22391,15698,682,600,44567,1453,1273,330,1792,1564,386,1614,1428,356,1453,1273,330,Finisher,1949
Pablo,Glagovsky,Pablo Glagovsky,1940,M50-54,Male,Gualeguaychu,,Argentina,AR,1:12:16,6:14:35,4:40:33,0:07:40,0:07:53,12:22:57,4336,22475,16833,460,473,44577,1454,1274,124,1096,989,96,1496,1331,141,1454,1274,124,Finisher,2275
Mariano,Ronco,Mariano Ronco,1645,M45-49,Male,Ciudad Autonoma de Buenos Aires,AR-C,Argentina,AR,1:09:18,6:02:32,4:57:07,0:07:44,0:06:50,12:23:31,4158,21752,17827,464,410,44611,1455,1275,254,868,788,150,1339,1204,237,1455,1275,254,Finisher,2299
Maria Esperanza,Quevedo,Maria Esperanza Quevedo,501,F35-39,Female,Paraná,AR-E,Argentina,AR,1:22:26,6:24:00,4:21:42,0:07:56,0:07:27,12:23:31,4946,23040,15702,476,447,44611,1456,181,30,1682,215,38,1636,190,32,1456,181,30,Finisher,2898
EVERSON,GILMAR KERBER,EVERSON GILMAR KERBER,1493,M45-49,Male,CHAPADAO DO SUL,MS,Brazil,BR,1:11:49,5:04:36,5:56:52,0:05:42,0:04:37,12:23:36,4309,18276,21412,342,277,44616,1457,1276,255,1061,960,187,464,436,71,1457,1276,255,Finisher,2298
Federico,Farruggia,Federico Farruggia,1634,M45-49,Male,Capital,AR-M,Argentina,AR,1:14:35,6:05:50,4:49:32,0:08:00,0:05:40,12:23:37,4475,21950,17372,480,340,44617,1458,1277,256,1266,1132,223,1440,1282,248,1458,1277,256,Finisher,2298
lucas gaston,felice,lucas gaston felice,1955,M50-54,,bolivar,buenos aires,Argentina,AR,1:04:21,5:29:43,5:37:17,0:07:02,0:05:29,12:23:53,3861,19783,20237,422,329,44633,1459,1278,125,520,474,38,792,733,56,1459,1278,125,Finisher,2264
Mario,Capalbo,Mario Capalbo,1764,M50-54,Male,Temperley,AR-B,Argentina,AR,1:24:51,5:40:52,4:59:44,0:11:28,0:07:49,12:24:44,5091,20452,17984,688,469,44684,1460,1279,126,1757,1532,182,1319,1186,112,1460,1279,126,Finisher,2254
Vagner,De Carvalho Bessa,Vagner De Carvalho Bessa,2130,M60-64,Male,Sao Paulo,SP,Brazil,BR,1:19:31,5:57:58,4:42:16,0:10:18,0:14:45,12:24:49,4771,21478,16936,618,885,44689,1461,1280,16,1576,1383,27,1431,1273,22,1461,1280,16,Finisher,3239
Angelo,Canuto Leodido,Angelo Canuto Leodido,1275,M40-44,Male,Sao Bernardo Do Campo,SP,Brazil,BR,1:18:43,5:57:54,4:51:30,0:09:29,0:07:39,12:25:16,4723,21474,17490,569,459,44716,1462,1281,331,1530,1347,335,1418,1263,324,1462,1281,331,Finisher,1919
Beatriz,Marchiori Do Amaral,Beatriz Marchiori Do Amaral,251,F30-34,Female,Sorocaba,SP,Brazil,BR,1:16:16,6:00:00,4:51:48,0:10:16,0:07:12,12:25:32,4576,21600,17508,616,432,44732,1463,182,27,1391,156,23,1422,157,22,1463,182,27,Finisher,2951
Cleder,Niero,Cleder Niero,1848,M50-54,Male,Manaus,,Brazil,BR,1:32:04,6:18:59,4:15:36,0:10:02,0:08:58,12:25:40,5524,22739,15336,602,538,44740,1464,1282,127,1865,1614,190,1673,1470,162,1464,1282,127,Finisher,2243
RAFAEL,TORRES,RAFAEL TORRES,1892,M50-54,Male,Rio de Janeiro,Rio de Janeiro,Brazil,BR,1:04:14,5:43:58,5:18:01,0:09:01,0:10:44,12:25:57,3854,20638,19081,541,644,44757,1465,1283,128,511,466,36,1045,950,82,1465,1283,128,Finisher,2239
Fabiano,Roncoletta,Fabiano Roncoletta,1827,M50-54,Male,Atibaia,SP,Brazil,BR,1:22:07,6:08:41,4:32:23,0:12:49,0:09:59,12:25:58,4927,22121,16343,769,599,44758,1466,1284,129,1668,1456,172,1565,1389,149,1466,1284,129,Finisher,2239
Otto,Carneiro,Otto Carneiro,1891,M50-54,Male,Rio de Janeiro,Rio de Janeiro,Brazil,BR,1:16:27,5:51:32,5:01:36,0:10:04,0:06:35,12:26:13,4587,21092,18096,604,395,44773,1467,1285,130,1399,1242,141,1324,1191,113,1467,1285,130,Finisher,2236
Willian ,Chapina,Willian Chapina,633,M35-39,Male,Brodowski,SAO PAULO,Brazil,BR,1:49:29,5:50:07,4:25:28,0:10:12,0:11:14,12:26:30,6569,21007,15928,612,674,44790,1468,1286,243,1936,1669,287,1604,1419,255,1468,1286,243,Finisher,2113
Marcelo,Estebanez,Marcelo Estebanez,1187,M40-44,Male,Porto Velho,Rondonia,Brazil,BR,1:23:24,6:13:47,4:26:00,0:14:42,0:09:05,12:26:58,5004,22427,15960,882,545,44818,1469,1287,332,1716,1498,369,1621,1433,360,1469,1287,332,Finisher,1899
Alexandre,Lima,Alexandre Lima,1612,M45-49,Male,Rio de Janeiro,RIO DE JANEIRO,Brazil,BR,1:19:13,5:57:55,4:47:15,0:13:07,0:09:32,12:27:03,4753,21475,17235,787,572,44823,1470,1288,257,1555,1365,260,1459,1300,253,1470,1288,257,Finisher,2256
Emerson,Pereira Da Silva,Emerson Pereira Da Silva,780,M35-39,Male,Nova Iguacu,RJ,Brazil,BR,1:40:15,6:08:40,4:15:30,0:12:14,0:10:48,12:27:27,6015,22120,15330,734,648,44847,1471,1289,244,1910,1647,284,1674,1471,260,1471,1289,244,Finisher,2101
Saulo,Dias Goes,Saulo Dias Goes,1591,M45-49,Male,Osvaldo Cruz,BR-SP,Brazil,BR,1:11:35,6:04:02,4:30:18,0:23:24,0:18:11,12:27:29,4295,21842,16218,1404,1091,44849,1472,1290,258,1037,937,180,1538,1366,268,1472,1290,258,Finisher,2251
Paulo,Henrique Lima Oliveira,Paulo Henrique Lima Oliveira,2073,M55-59,Male,sao jose dos pinhais,PR,Brazil,BR,1:12:35,6:05:31,4:42:14,0:15:47,0:11:38,12:27:44,4355,21931,16934,947,698,44864,1473,1291,48,1129,1018,35,1491,1328,51,1473,1291,48,Finisher,2940
Juliano,Dal Molin Pissutti,Juliano Dal Molin Pissutti,1565,M45-49,Male,Florianópolis,SANTA CATARINA,Brazil,BR,1:08:00,5:56:39,5:09:37,0:07:20,0:06:17,12:27:52,4080,21399,18577,440,377,44872,1474,1292,259,772,701,128,1255,1133,229,1474,1292,259,Finisher,2247
Castelli,Nancy,Castelli Nancy,2004,F55-59,Female,,,Argentina,AR,1:10:52,6:19:09,4:42:44,0:07:09,0:08:09,12:28:03,4252,22749,16964,429,489,44883,1475,183,2,987,93,2,1524,171,2,1475,183,2,Finisher,3694
CASSIO,LUCATO CASTARDELLI,CASSIO LUCATO CASTARDELLI,1323,M40-44,Male,SANTANA DE PARNAIBA,SP,Brazil,BR,1:10:42,5:55:09,5:08:24,0:08:46,0:05:10,12:28:11,4242,21309,18504,526,310,44891,1476,1293,333,969,877,214,1283,1158,289,1476,1293,333,Finisher,1884
Juarez,Macedo Jr,Juarez Macedo Jr,1900,M50-54,Male,São Paulo,São Paulo,Brazil,BR,1:21:31,6:24:35,4:28:18,0:09:12,0:05:05,12:28:42,4891,23075,16098,552,305,44922,1477,1294,131,1651,1442,167,1646,1452,159,1477,1294,131,Finisher,2206
FABIO,FRANCA,FABIO FRANCA,1857,M50-54,Male,Curitiba,PR,Brazil,BR,1:15:19,6:22:02,4:34:12,0:10:20,0:07:02,12:28:55,4519,22922,16452,620,422,44935,1478,1295,132,1328,1186,129,1585,1405,152,1478,1295,132,Finisher,2204
Jefferson,Nurbegovic,Jefferson Nurbegovic,1802,M50-54,Male,SÃO PAULO,SP,Brazil,BR,1:13:42,6:03:22,4:49:02,0:10:52,0:12:01,12:28:58,4422,21802,17342,652,721,44938,1479,1296,133,1206,1083,110,1433,1275,128,1479,1296,133,Finisher,2203
Tiessa,Buerger Neumann,Tiessa Buerger Neumann,253,F30-34,Female,Navegantes,SC,Brazil,BR,1:17:43,6:30:27,4:21:48,0:11:05,0:08:05,12:29:09,4663,23427,15708,665,485,44949,1480,184,28,1477,170,25,1662,199,31,1480,184,28,Finisher,2908
Juan Ariel,Potschka,Juan Ariel Potschka,1701,M45-49,Male,POSADAS,AR-N,Argentina,AR,1:13:40,5:31:33,5:36:15,0:04:34,0:03:32,12:29:33,4420,19893,20175,274,212,44973,1481,1297,260,1205,1082,209,926,851,160,1481,1297,260,Finisher,2226
FRANCISCO,ALBONICO,FRANCISCO ALBONICO,1207,M40-44,Male,GUALEGUAYCHU,E,Argentina,AR,1:13:46,6:21:36,4:36:02,0:09:58,0:08:11,12:29:34,4426,22896,16562,598,491,44974,1482,1298,334,1212,1088,268,1574,1395,349,1482,1298,334,Finisher,1867
Solange,P Dias Alleoni,Solange P Dias Alleoni,1976,F50-54,Female,Brasilia,DF,Brazil,BR,1:50:47,6:05:54,4:06:36,0:15:57,0:10:23,12:29:37,6647,21954,14796,957,623,44977,1483,185,18,1939,268,25,1742,221,20,1483,185,18,Finisher,3677
Felipe,Kiyoshi Kobashigawa,Felipe Kiyoshi Kobashigawa,361,M30-34,Male,Sao Paulo,SP,Brazil,BR,1:15:49,5:57:56,4:58:29,0:10:45,0:06:42,12:29:41,4549,21476,17909,645,402,44981,1484,1299,152,1357,1208,136,1393,1242,144,1484,1299,152,Finisher,2298
Virginia,Nalon Damasceno,Virginia Nalon Damasceno,557,F40-44,Female,Belo Horizonte,MG,Brazil,BR,1:51:56,6:05:33,4:10:44,0:08:54,0:13:02,12:30:08,6716,21933,15044,534,782,45008,1485,186,42,1942,269,55,1712,211,45,1485,186,42,Finisher,2575
Tatiana,Barbosa Pitanga Vianna,Tatiana Barbosa Pitanga Vianna,1346,F45-49,Female,Niteroi,RJ,Brazil,BR,1:14:54,6:29:56,4:20:41,0:14:13,0:10:37,12:30:22,4494,23396,15641,853,637,45022,1486,187,38,1295,139,26,1659,198,42,1486,187,38,Finisher,2856
Maxwell,Almeida Pinto,Maxwell Almeida Pinto,836,M35-39,Male,São Paulo,BR-SP,Brazil,BR,1:28:16,6:00:14,4:31:23,0:22:33,0:07:56,12:30:23,5296,21614,16283,1353,476,45023,1487,1300,245,1823,1589,278,1612,1426,256,1487,1300,245,Finisher,2066
Cassiano,Gurgel Lima,Cassiano Gurgel Lima,358,M30-34,Male,Caraúbas,Rio Grande do Norte,Brazil,BR,1:17:14,6:29:42,4:33:31,0:06:27,0:03:42,12:30:36,4634,23382,16411,387,222,45036,1488,1301,153,1444,1280,145,1630,1441,167,1488,1301,153,Finisher,2287
Marcelli,Pita De Andrade Loureiro,Marcelli Pita De Andrade Loureiro,530,F35-39,Female,Maceio,AL,Brazil,BR,1:29:07,5:53:36,4:42:05,0:18:41,0:07:26,12:30:56,5347,21216,16925,1121,446,45056,1489,188,31,1828,236,40,1553,176,28,1489,188,31,Finisher,2809
Santiago,Hermida,Santiago Hermida,1166,M40-44,Male,Monte Grande,,Argentina,AR,1:27:45,5:40:38,5:06:57,0:06:43,0:08:59,12:31:01,5265,20438,18417,403,539,45061,1490,1302,335,1814,1581,389,1290,1165,292,1490,1302,335,Finisher,1850
Alexandre,Bacil Neto,Alexandre Bacil Neto,1824,M50-54,Male,Palmas,TO,Brazil,BR,1:10:53,6:00:08,5:00:39,0:08:59,0:10:27,12:31:06,4253,21608,18039,539,627,45066,1491,1303,134,990,897,82,1344,1208,115,1491,1303,134,Finisher,2178
Gislene,Cláudia Almeida Luz,Gislene Cláudia Almeida Luz,2014,F55-59,Female,Senador Canedo,GO,Brazil,BR,1:42:30,6:21:36,4:04:14,0:14:58,0:08:01,12:31:19,6150,22896,14654,898,481,45079,1492,189,3,1924,265,11,1771,228,7,1492,189,3,Finisher,3655
Tiago,Brizola,Tiago Brizola,678,M35-39,Male,Novo Hamburgo,BR-RS,Brazil,BR,1:14:23,5:46:16,5:17:18,0:08:24,0:04:58,12:31:19,4463,20776,19038,504,298,45079,1493,1304,246,1256,1123,205,1223,1109,215,1493,1304,246,Finisher,2055
Charlles,Sacamoto De Queiroz,Charlles Sacamoto De Queiroz,1420,M45-49,Male,Luis Antonio,SP,Brazil,BR,1:12:48,5:53:56,4:58:11,0:11:39,0:14:51,12:31:25,4368,21236,17891,699,891,45085,1494,1305,261,1147,1035,200,1327,1194,236,1494,1305,261,Finisher,2204
VALDILENO,BEZERRA DA SILVA,VALDILENO BEZERRA DA SILVA,1964,M50-54,Male,CURITIBA,PR,Brazil,BR,1:21:21,6:05:10,4:53:30,0:07:56,0:03:30,12:31:26,4881,21910,17610,476,210,45086,1495,1306,135,1645,1438,166,1495,1330,140,1495,1306,135,Finisher,2174
Ricardo,De Castro,Ricardo De Castro,1886,M50-54,Male,Petropolis,RIO DE JANEIRO,Brazil,BR,1:49:45,6:11:34,4:09:01,0:11:57,0:09:33,12:31:50,6585,22294,14941,717,573,45110,1496,1307,136,1938,1671,194,1746,1525,177,1496,1307,136,Finisher,2169
Douglas,Caetano De Souza,Douglas Caetano De Souza,632,M35-39,Male,Rio De Janeiro,RJ,Brazil,BR,1:10:33,5:32:43,5:35:28,0:07:56,0:05:12,12:31:52,4233,19963,20128,476,312,45112,1497,1308,247,958,868,172,948,869,173,1497,1308,247,Finisher,2048
Pablo,R Jacinto,Pablo R Jacinto,1725,M45-49,Male,Cabo Frio,RJ,Brazil,BR,1:29:18,5:54:50,4:44:10,0:13:04,0:10:37,12:31:59,5358,21290,17050,784,637,45119,1498,1309,262,1833,1596,305,1526,1355,265,1498,1309,262,Finisher,2197
Gabriel,Von Zuben,Gabriel Von Zuben,1000,M40-44,Male,Campinas,São Paulo,Brazil,BR,1:19:39,5:57:56,4:58:45,0:08:08,0:07:34,12:32:02,4779,21476,17925,488,454,45122,1499,1310,336,1582,1388,346,1414,1260,323,1499,1310,336,Finisher,1838
Vinicius,Penteado,Vinicius Penteado,468,M30-34,Male,São José dos Campos,SP,Brazil,BR,1:19:35,6:01:37,4:52:48,0:09:09,0:08:56,12:32:05,4775,21697,17568,549,536,45125,1500,1311,154,1581,1387,162,1460,1301,152,1500,1311,154,Finisher,2269
Carlos,Roberto Santos,Carlos Roberto Santos,2181,M65-69,Male,SÃO PAULO,BR-SP,Brazil,BR,1:13:55,5:40:56,5:14:10,0:15:35,0:08:18,12:32:55,4435,20456,18850,935,498,45175,1501,1312,5,1222,1097,8,1241,1122,6,1501,1312,5,Finisher,4066
Joao,Eduardo Medina Coelho,Joao Eduardo Medina Coelho,1581,M45-49,Male,Lauro De Freitas,BA,Brazil,BR,1:23:16,6:18:28,4:36:33,0:07:25,0:07:16,12:32:57,4996,22708,16593,445,436,45177,1502,1313,263,1710,1492,283,1599,1416,280,1502,1313,263,Finisher,2186
Andres,Aguero,Andres Aguero,1654,M45-49,Male,CORDOBA,Córdoba,Argentina,AR,1:08:23,5:58:20,5:15:14,0:06:24,0:04:54,12:33:15,4103,21500,18914,384,294,45195,1503,1314,264,800,728,136,1269,1145,231,1503,1314,264,Finisher,2182
Lucas,Silveira,Lucas Silveira,1657,M45-49,Male,São Paulo,SP,Brazil,BR,1:17:56,6:24:17,4:29:27,0:15:29,0:06:29,12:33:39,4676,23057,16167,929,389,45219,1504,1315,265,1488,1314,249,1655,1459,289,1504,1315,265,Finisher,2177
Giovanni,Stunpf Lima,Giovanni Stunpf Lima,301,M30-34,Male,Cascavel ,PARANA,Brazil,BR,1:16:05,6:15:07,4:45:53,0:08:36,0:08:27,12:34:08,4565,22507,17153,516,507,45248,1505,1316,155,1375,1222,140,1543,1369,161,1505,1316,155,Finisher,2244
Enrico,Fleming Dona,Enrico Fleming Dona,135,M25-29,Male,Ouro Fino,MG,Brazil,BR,1:22:07,6:06:14,4:50:13,0:07:59,0:07:43,12:34:16,4927,21974,17413,479,463,45256,1506,1317,67,1669,1457,72,1514,1346,66,1506,1317,67,Finisher,1861
Joaquin,Basombrio,Joaquin Basombrio,1946,M50-54,Male,Vicente López,AR-B,Argentina,AR,1:13:35,6:16:49,4:36:49,0:18:36,0:08:32,12:34:21,4415,22609,16609,1116,512,45261,1507,1318,137,1201,1078,108,1596,1413,153,1507,1318,137,Finisher,2139
Victor,Mouadeb,Victor Mouadeb,394,M30-34,Male,Sao Paulo,SP,Brazil,BR,1:23:01,6:34:33,4:19:20,0:11:06,0:08:01,12:36:01,4981,23673,15560,666,481,45361,1508,1319,156,1701,1484,170,1725,1510,172,1508,1319,156,Finisher,2222
José,Rocha,José Rocha,2039,M55-59,Male,São Paulo,Intl State,Brazil,BR,1:14:43,6:08:43,4:50:03,0:13:04,0:09:38,12:36:11,4483,22123,17403,784,578,45371,1509,1320,49,1277,1143,42,1516,1348,54,1509,1320,49,Finisher,2839
Natalia,Esmoris,Natalia Esmoris,1984,F50-54,Female,Florida Oeste,Buenos Aires,Argentina,AR,1:40:14,6:00:47,4:34:46,0:10:38,0:09:49,12:36:14,6014,21647,16486,638,589,45374,1510,190,19,1909,263,24,1620,188,18,1510,190,19,Finisher,3598
Renato,Silva Medeiros,Renato Silva Medeiros,1561,M45-49,Male,SAO PAULO,SAO PAULO,Brazil,BR,1:35:40,6:14:23,4:21:28,0:15:41,0:09:28,12:36:40,5740,22463,15688,941,568,45400,1511,1321,266,1886,1630,314,1708,1499,294,1511,1321,266,Finisher,2141
Alexandra,Soares,Alexandra Soares,531,F35-39,Female,Rio de Janeiro,Rio de Janeiro,Brazil,BR,1:19:32,6:06:45,4:38:32,0:21:50,0:10:10,12:36:50,4772,22005,16712,1310,610,45410,1512,191,32,1577,194,34,1586,181,30,1512,191,32,Finisher,2738
Diego,Escudero,Diego Escudero,1640,M45-49,Male,Ituzaingo,AR-B,Argentina,AR,1:13:11,6:06:03,4:59:40,0:11:22,0:06:57,12:37:13,4391,21963,17980,682,417,45433,1513,1322,267,1173,1057,206,1465,1304,254,1513,1322,267,Finisher,2134
Mariana,Macchiarelli,Mariana Macchiarelli,2008,F55-59,Female,Ezeiza,AR-B,Argentina,AR,1:30:51,6:27:11,4:24:43,0:08:20,0:06:17,12:37:22,5451,23231,15883,500,377,45442,1514,192,4,1852,246,7,1713,212,4,1514,192,4,Finisher,3583
FABIANE,BIANCA DE CARVALHO,FABIANE BIANCA DE CARVALHO,260,F30-34,Female,RIO DE JANEIRO,RJ,Brazil,BR,1:20:48,6:19:11,4:38:44,0:12:55,0:05:52,12:37:29,4848,22751,16724,775,352,45449,1515,193,29,1629,202,31,1629,189,30,1515,193,29,Finisher,2808
Maria jimena ,Isola,Maria jimena Isola,1382,F45-49,Female,Arroyo seco,Santa fe,Argentina,AR,1:16:30,6:23:06,4:42:53,0:07:56,0:07:18,12:37:42,4590,22986,16973,476,438,45462,1516,194,39,1404,159,32,1584,180,38,1516,194,39,Finisher,2768
Yohara,Pereira Da Silva,Yohara Pereira Da Silva,1369,F45-49,Female,Unaí ,MINAS GERAIS,Brazil,BR,1:15:59,5:50:36,5:14:07,0:08:46,0:08:17,12:37:45,4559,21036,18847,526,497,45465,1517,195,40,1366,152,30,1293,126,28,1517,195,40,Finisher,2767
Pedro,Luengo Garcia Junior,Pedro Luengo Garcia Junior,481,M30-34,Male,Sao Paulo,SP,Brazil,BR,1:21:11,5:59:58,4:52:52,0:15:42,0:08:03,12:37:46,4871,21598,17572,942,483,45466,1518,1323,157,1640,1435,167,1518,1350,157,1518,1323,157,Finisher,2201
João,Antonio Guerreiro Fadel Aguiar,João Antonio Guerreiro Fadel Aguiar,390,M30-34,Male,Palhoca,SC,Brazil,BR,1:30:18,6:31:40,4:10:45,0:13:25,0:11:42,12:37:49,5418,23500,15045,805,702,45469,1519,1324,158,1844,1602,182,1753,1530,174,1519,1324,158,Finisher,2200
Artur,Furquim De Campos Junior,Artur Furquim De Campos Junior,1034,M40-44,Male,Jacarei,SP,Brazil,BR,1:17:41,6:04:38,4:48:19,0:14:44,0:12:44,12:38:05,4661,21878,17299,884,764,45485,1520,1325,337,1475,1306,321,1521,1352,341,1520,1325,337,Finisher,1765
Diogo,Correa De Morais Aguiar,Diogo Correa De Morais Aguiar,1672,M45-49,Male,,,Brazil,BR,1:18:45,6:03:48,4:48:43,0:14:38,0:12:35,12:38:30,4725,21828,17323,878,755,45510,1521,1326,268,1533,1350,257,1525,1354,264,1521,1326,268,Finisher,2119
Daniel,Alves Cavagnolli,Daniel Alves Cavagnolli,1490,M45-49,Male,Sao Paulo,SP,Brazil,BR,1:13:58,5:46:14,5:25:03,0:06:25,0:06:56,12:38:36,4438,20774,19503,385,416,45516,1522,1327,269,1224,1099,211,1190,1078,214,1522,1327,269,Finisher,2118
Noelia,Barrios,Noelia Barrios,1353,F45-49,Female,C.A.B.A,AR-C,Argentina,AR,1:13:01,5:56:38,5:03:22,0:13:52,0:11:53,12:38:46,4381,21398,18202,832,713,45526,1523,196,41,1167,115,19,1384,151,34,1523,196,41,Finisher,2755
ANDRE,NAZARIO,ANDRE NAZARIO,1637,M45-49,Male,PRAIA GRANDE,SP,Brazil,BR,1:21:05,6:07:38,4:43:07,0:16:20,0:10:46,12:38:55,4865,22058,16987,980,646,45535,1524,1328,270,1636,1431,270,1572,1394,274,1524,1328,270,Finisher,2114
Roberto,Petruccelli Gomes,Roberto Petruccelli Gomes,1842,M50-54,Male,SOROCABA,SÃO PAULO,Brazil,BR,1:27:40,6:05:09,4:47:45,0:10:39,0:08:01,12:39:14,5260,21909,17265,639,481,45554,1525,1329,138,1810,1579,186,1564,1388,148,1525,1329,138,Finisher,2080
Emanuel,Souza Alberton,Emanuel Souza Alberton,1536,M45-49,Male,Florianopolis,SC,Brazil,BR,1:19:26,6:09:17,4:43:28,0:18:39,0:08:35,12:39:25,4766,22157,17008,1119,515,45565,1526,1330,271,1567,1375,263,1582,1403,276,1526,1330,271,Finisher,2108
Natalia,Borba Mota,Natalia Borba Mota,500,F35-39,Female,Rio De Janeiro,RJ,Brazil,BR,1:12:24,6:48:38,4:21:09,0:12:59,0:04:43,12:39:53,4344,24518,15669,779,283,45593,1527,197,33,1111,109,21,1750,223,40,1527,197,33,Finisher,2702
Alvarez,Ruiz,Alvarez Ruiz,1868,M50-54,Male,Pilar,Buenos Aires,Argentina,AR,1:08:58,6:07:24,5:04:24,0:10:06,0:09:04,12:39:57,4138,22044,18264,606,544,45597,1528,1331,139,841,764,68,1421,1265,126,1528,1331,139,Finisher,2071
Gabriela,Cosentino,Gabriela Cosentino,2012,F55-59,Female,Nordelta,AR-B,Argentina,AR,1:32:29,6:33:01,4:17:53,0:12:06,0:04:40,12:40:08,5549,23581,15473,726,280,45608,1529,198,5,1866,252,8,1767,225,6,1529,198,5,Finisher,3549
Luiz Carlos,Nobre Guimaraes,Luiz Carlos Nobre Guimaraes,1406,M45-49,Male,Feira de Santana,BR-BA,Brazil,BR,1:16:48,6:00:19,4:57:08,0:14:08,0:11:56,12:40:20,4608,21619,17828,848,716,45620,1530,1332,272,1420,1259,241,1475,1312,256,1530,1332,272,Finisher,2097
Vinicius,Góes Ribeiro,Vinicius Góes Ribeiro,1183,M40-44,Male,Sorocaba,São Paulo,Brazil,BR,1:25:47,6:14:38,4:41:02,0:13:16,0:05:42,12:40:26,5147,22478,16862,796,342,45626,1531,1333,338,1779,1552,383,1633,1444,363,1531,1333,338,Finisher,1737
Caio,Victor Santana Amador,Caio Victor Santana Amador,206,M25-29,Male,Recife,PE,Brazil,BR,1:21:05,6:19:45,4:45:09,0:07:28,0:07:22,12:40:50,4865,22785,17109,448,442,45650,1532,1334,68,1637,1432,71,1589,1408,70,1532,1334,68,Finisher,1782
Mateusz,Romanowski,Mateusz Romanowski,1070,M40-44,Male,Gmina Swarzędz,Wielkopolskie,Poland,PL,1:15:12,5:57:44,5:11:31,0:09:48,0:06:48,12:41:04,4512,21464,18691,588,408,45664,1533,1335,339,1319,1177,290,1372,1225,309,1533,1335,339,Finisher,1729
Marcelo,Kendy Kaneshiro,Marcelo Kendy Kaneshiro,1429,M45-49,Male,Sao Paulo,SP,Brazil,BR,1:20:36,6:03:25,5:05:36,0:05:14,0:06:18,12:41:09,4836,21805,18336,314,378,45669,1534,1336,273,1615,1416,266,1450,1292,251,1534,1336,273,Finisher,2087
Altair,Rosa,Altair Rosa,1781,M50-54,Male,Curitiba,PR,Brazil,BR,1:21:57,5:44:22,5:14:24,0:09:43,0:11:14,12:41:40,4917,20662,18864,583,674,45700,1535,1337,140,1662,1453,171,1303,1175,109,1535,1337,140,Finisher,2051
Paulo Roberto,Pasqualotti,Paulo Roberto Pasqualotti,2103,M55-59,Male,Florianópolis,Santa Catarina,Brazil,BR,1:27:34,6:27:16,4:28:15,0:09:43,0:08:55,12:41:43,5254,23236,16095,583,535,45703,1536,1338,50,1809,1578,71,1702,1494,63,1536,1338,50,Finisher,2772
Glauber,Franceli,Glauber Franceli,1245,M40-44,Male,Mogi-Mirim,SP,Brazil,BR,1:11:29,6:01:59,5:05:29,0:14:17,0:08:39,12:41:53,4289,21719,18329,857,519,45713,1537,1339,340,1029,930,231,1430,1272,328,1537,1339,340,Finisher,1720
Rafaella,Ribas Reis,Rafaella Ribas Reis,583,F40-44,Female,Itajaí,Santa Catarina,Brazil,BR,1:22:42,6:19:21,4:38:40,0:12:32,0:09:01,12:42:16,4962,22761,16720,752,541,45736,1538,199,43,1694,217,47,1638,191,39,1538,199,43,Finisher,2429
Fabricio,Costa Nascimento,Fabricio Costa Nascimento,1054,M40-44,Male,,,Brazil,BR,1:17:26,6:43:14,4:13:09,0:15:17,0:13:30,12:42:37,4646,24194,15189,917,810,45757,1539,1340,341,1454,1288,317,1757,1534,382,1539,1340,341,Finisher,1711
Esteban,Repetto,Esteban Repetto,2086,M55-59,Male,Buenos Aires,Ciudad Autónoma de Buenos Aires,Argentina,AR,1:08:37,5:40:43,5:32:16,0:11:22,0:09:40,12:42:37,4117,20443,19936,682,580,45757,1540,1341,51,820,744,23,1096,995,31,1540,1341,51,Finisher,2762
Fernando,Silva,Fernando Silva,625,M35-39,Male,,,Brazil,BR,1:30:38,6:19:34,4:32:22,0:13:55,0:06:10,12:42:40,5438,22774,16342,835,370,45760,1541,1342,248,1849,1606,280,1697,1490,264,1541,1342,248,Finisher,1919
Gustavo,Couto Salles,Gustavo Couto Salles,993,M40-44,Male,Rio de Janeiro,Rio de Janeiro,Brazil,BR,1:13:54,5:51:37,5:12:37,0:12:16,0:12:24,12:42:49,4434,21097,18757,736,744,45769,1542,1343,342,1221,1096,271,1322,1189,297,1542,1343,342,Finisher,1708
Edgardo Adrian,Rocca,Edgardo Adrian Rocca,1971,M50-54,Male,alta gracia,AR-X,Argentina,AR,1:21:40,6:28:40,4:32:28,0:11:59,0:08:11,12:42:58,4900,23320,16348,719,491,45778,1543,1344,141,1657,1448,169,1683,1478,165,1543,1344,141,Finisher,2035
Gissele,Cristine Damasceno,Gissele Cristine Damasceno,1342,F45-49,Female,Florianopolis,SC,Brazil,BR,1:31:00,6:28:57,4:27:00,0:09:22,0:06:45,12:43:04,5460,23337,16020,562,405,45784,1544,200,42,1854,248,53,1732,217,45,1544,200,42,Finisher,2704
ALEJANDRO,RODRIGUEZ COMAS,ALEJANDRO RODRIGUEZ COMAS,2182,M65-69,Male,GUARUJA,SP,Brazil,BR,1:15:09,5:31:24,5:37:19,0:09:55,0:09:26,12:43:13,4509,19884,20239,595,566,45793,1545,1345,6,1314,1172,9,1031,938,3,1545,1345,6,Finisher,3942
Jefferson,Vidal,Jefferson Vidal,1905,M50-54,Male,Curitiba,Parana,Brazil,BR,1:15:54,5:16:27,5:53:08,0:10:39,0:07:24,12:43:32,4554,18987,21188,639,444,45812,1546,1346,142,1360,1211,134,818,755,61,1546,1346,142,Finisher,2028
Sérgio,Henrique Gonçaves Honório,Sérgio Henrique Gonçaves Honório,2065,M55-59,Male,TERESINA,Piauí,Brazil,BR,1:51:34,6:16:25,4:09:54,0:16:12,0:09:43,12:43:47,6694,22585,14994,972,583,45827,1547,1347,52,1940,1672,81,1787,1556,72,1547,1347,52,Finisher,2748
Mariana,Donato Melo,Mariana Donato Melo,567,F40-44,Female,Rio De Janeiro,RJ,Brazil,BR,1:17:29,6:20:44,4:45:44,0:10:59,0:08:52,12:43:47,4649,22844,17144,659,532,45827,1548,201,44,1458,167,32,1600,184,37,1548,201,44,Finisher,2411
Eduardo,Soares De Souza,Eduardo Soares De Souza,1084,M40-44,Male,Mogi Mirim,SP,Brazil,BR,1:19:50,6:09:48,5:01:40,0:06:58,0:05:49,12:44:05,4790,22188,18100,418,349,45845,1549,1348,343,1588,1393,348,1517,1349,340,1549,1348,343,Finisher,1693
Caio,Fernandes De Oliveira,Caio Fernandes De Oliveira,326,M30-34,Male,,,Brazil,BR,1:11:12,6:22:32,4:50:18,0:11:03,0:09:31,12:44:36,4272,22952,17418,663,571,45876,1550,1349,159,1011,917,108,1569,1392,163,1550,1349,159,Finisher,2119
Lisandro German,Garcia,Lisandro German Garcia,1947,M50-54,Male,Ituzaingo,AR-B,Argentina,AR,1:17:06,5:59:07,5:14:07,0:08:40,0:05:47,12:44:46,4626,21547,18847,520,347,45886,1551,1350,143,1433,1271,147,1399,1247,123,1551,1350,143,Finisher,2014
Eriston,Danilo Gomes Dos Santos,Eriston Danilo Gomes Dos Santos,1038,M40-44,Male,,,Brazil,BR,1:14:48,5:58:59,5:10:16,0:11:01,0:10:34,12:45:38,4488,21539,18616,661,634,45938,1552,1351,344,1286,1150,283,1398,1246,318,1552,1351,344,Finisher,1675
GESLEY,FAIER FRANCO,GESLEY FAIER FRANCO,2056,M55-59,Male,JUIZ DE FORA,MG,Brazil,BR,1:21:15,6:34:56,4:25:53,0:13:49,0:09:48,12:45:42,4875,23696,15953,829,588,45942,1553,1352,53,1641,1436,57,1735,1517,67,1553,1352,53,Finisher,2725
Pedro,Nogueira,Pedro Nogueira,1234,M40-44,Male,Belo Horizonte,MINAS GERAIS,Brazil,BR,1:24:10,6:10:50,4:49:09,0:14:37,0:07:19,12:46:06,5050,22250,17349,877,439,45966,1554,1353,345,1736,1514,372,1603,1418,353,1554,1353,345,Finisher,1669
Luiz,Henrique Motta Milet De Oliveira,Luiz Henrique Motta Milet De Oliveira,854,M35-39,Male,Campinas,SP,Brazil,BR,1:04:24,6:06:25,5:15:14,0:10:25,0:09:39,12:46:07,3864,21985,18914,625,579,45967,1555,1354,249,523,476,100,1361,1219,232,1555,1354,249,Finisher,1877
Carlos,Paiva Lameirinhas Conceicao,Carlos Paiva Lameirinhas Conceicao,2151,M60-64,Male,SAO JOSE CAMPOS,São Paulo,Brazil,BR,1:10:04,5:51:42,5:30:19,0:09:42,0:04:28,12:46:15,4204,21102,19819,582,268,45975,1556,1355,17,929,840,12,1251,1130,19,1556,1355,17,Finisher,2982
Pedro,Carvalho,Pedro Carvalho,103,M18-24,Male,Londrina,BR-PR,Brazil,BR,1:24:58,6:44:45,4:14:14,0:11:23,0:10:58,12:46:19,5098,24285,15254,683,658,45979,1557,1356,22,1761,1536,24,1778,1549,22,1557,1356,22,Finisher,1848
Leandro,Lorensi Dos Santos,Leandro Lorensi Dos Santos,1928,M50-54,Male,porto velho,RO,Brazil,BR,1:17:16,6:21:38,4:49:07,0:11:01,0:07:31,12:46:33,4636,22898,17347,661,451,45993,1558,1357,144,1445,1281,149,1607,1422,154,1558,1357,144,Finisher,1992
Victor,Gomes De Carvalho,Victor Gomes De Carvalho,477,M30-34,Male,,,Brazil,BR,1:12:35,6:19:28,4:50:11,0:16:58,0:07:25,12:46:38,4355,22768,17411,1018,445,45998,1559,1358,160,1130,1019,118,1598,1415,165,1559,1358,160,Finisher,2094
ROBERTO,MIGUEL SEVASTIANUK,ROBERTO MIGUEL SEVASTIANUK,2096,M55-59,Male,CIUDAD AUTONOMA DE BUENOS AIRES,,Argentina,AR,1:08:36,5:46:31,5:36:21,0:08:20,0:06:53,12:46:41,4116,20791,20181,500,413,46001,1560,1359,54,819,743,22,1136,1031,33,1560,1359,54,Finisher,2713
Ernesto Javier,Petraglia,Ernesto Javier Petraglia,1899,M50-54,Male,CABA,AR-C,Argentina,AR,1:11:52,6:08:38,5:10:59,0:08:05,0:07:11,12:46:46,4312,22118,18659,485,431,46006,1561,1360,145,1065,964,92,1442,1284,130,1561,1360,145,Finisher,1990
Marcos,Alexandre Moreira Da Silva,Marcos Alexandre Moreira Da Silva,1736,M45-49,Male,Sorocaba,SP,Brazil,BR,1:28:14,6:17:00,4:37:03,0:14:40,0:09:56,12:46:53,5294,22620,16623,880,596,46013,1562,1361,274,1821,1587,302,1666,1465,290,1562,1361,274,Finisher,2018
FABRICIO,ARANDA,FABRICIO ARANDA,1587,M45-49,Male,RIBEIRAO PRETO,SP,Brazil,BR,1:31:52,6:01:18,4:56:05,0:09:28,0:08:18,12:47:02,5512,21678,17765,568,498,46022,1563,1362,275,1864,1613,308,1558,1382,272,1563,1362,275,Finisher,2017
ROBSON,FERNANDO DE OLIVEIRA,ROBSON FERNANDO DE OLIVEIRA,1806,M50-54,Male,FLORIANOPOLIS,SC,Brazil,BR,1:23:23,5:58:22,5:12:07,0:06:23,0:07:30,12:47:44,5003,21502,18727,383,450,46064,1564,1363,146,1715,1497,179,1435,1277,129,1564,1363,146,Finisher,1978
Franco Ignacio,Sanderson Arellano,Franco Ignacio Sanderson Arellano,318,M30-34,Male,Iquique ,Tarapaca ,Chile,CL,1:05:35,5:47:49,5:39:08,0:07:30,0:07:50,12:47:52,3935,20869,20348,450,470,46072,1565,1364,161,603,547,73,1099,998,116,1565,1364,161,Finisher,2080
Rodrigo,De Sales Sousa,Rodrigo De Sales Sousa,1689,M45-49,Male,MACEIÓ,ALAGOAS,Brazil,BR,1:28:58,6:10:12,4:43:53,0:18:05,0:06:56,12:48:05,5338,22212,17033,1085,416,46085,1566,1365,276,1826,1592,304,1653,1457,288,1566,1365,276,Finisher,2004
Carlos,Viana,Carlos Viana,2167,M65-69,Male,sao paulo,SP,Brazil,BR,1:08:08,5:50:15,5:33:12,0:09:06,0:07:27,12:48:08,4088,21015,19992,546,447,46088,1567,1366,7,780,709,4,1201,1088,5,1567,1366,7,Finisher,3883
Henrique,Braga Da Silva,Henrique Braga Da Silva,411,M30-34,Male,Sao Paulo,SP,Brazil,BR,1:09:46,6:11:00,5:14:37,0:06:55,0:06:16,12:48:34,4186,22260,18877,415,376,46114,1568,1367,162,898,813,98,1429,1271,147,1568,1367,162,Finisher,2071
Silvana,Vilela Vieira,Silvana Vilela Vieira,2010,F55-59,Female,Uberlandia,MG,Brazil,BR,1:15:23,6:36:31,4:39:24,0:10:26,0:07:55,12:49:39,4523,23791,16764,626,475,46179,1569,202,6,1333,144,5,1684,206,3,1569,202,6,Finisher,3435
PAULO,HENRIQUE FERREIRA DASCENCAO,PAULO HENRIQUE FERREIRA DASCENCAO,2057,M55-59,Male,SAO PAULO,SP,Brazil,BR,1:18:43,5:59:44,5:07:48,0:10:41,0:13:06,12:50:02,4723,21584,18468,641,786,46202,1570,1368,55,1528,1345,51,1449,1291,48,1570,1368,55,Finisher,2673
Ivan,Martins,Ivan Martins,136,M25-29,Male,Rio Azul,PR,Brazil,BR,1:19:21,5:36:16,5:42:05,0:08:28,0:04:37,12:50:48,4761,20176,20525,508,277,46248,1571,1369,69,1560,1369,68,1149,1044,57,1571,1369,69,Finisher,1662
Fernando,Diaz,Fernando Diaz,838,M35-39,Male,Brandsen,BUENOS AIRES,Argentina,AR,1:08:02,5:34:29,5:51:13,0:08:44,0:08:34,12:51:01,4082,20069,21073,524,514,46261,1572,1370,250,776,705,141,949,870,174,1572,1370,250,Finisher,1818
Fabiano,Regis Teofilo Ozorio,Fabiano Regis Teofilo Ozorio,1909,M50-54,Male,Sao Paulo,SP,Brazil,BR,1:04:10,6:45:25,4:35:22,0:13:22,0:12:50,12:51:09,3850,24325,16522,802,770,46269,1573,1371,147,506,462,35,1686,1480,166,1573,1371,147,Finisher,1937
Mateus,Cirino,Mateus Cirino,432,M30-34,Male,Piracicaba,SP,Brazil,BR,1:10:14,6:32:34,4:44:47,0:12:11,0:11:42,12:51:28,4214,23554,17087,731,702,46288,1574,1372,163,937,848,102,1640,1448,168,1574,1372,163,Finisher,2036
Flavia Satiko,Utida,Flavia Satiko Utida,1997,F50-54,Female,SAO JOSE DOS PINHAIS,PARANA,Brazil,BR,1:17:48,6:11:29,5:12:41,0:05:27,0:04:49,12:52:14,4668,22289,18761,327,289,46334,1575,203,20,1482,173,12,1499,166,17,1575,203,20,Finisher,3406
Pablo,Troncoso,Pablo Troncoso,1972,M50-54,Male,San Carlos de Bolivar,AR-B,Argentina,AR,1:19:34,6:38:50,4:38:04,0:10:49,0:05:25,12:52:41,4774,23930,16684,649,325,46361,1576,1373,148,1579,1385,159,1730,1514,173,1576,1373,148,Finisher,1919
Renan,Briquese Gomes,Renan Briquese Gomes,616,M35-39,Male,Santa Barbara Doeste,SP,Brazil,BR,1:19:26,5:53:56,5:20:15,0:08:52,0:10:14,12:52:44,4766,21236,19215,532,614,46364,1577,1374,251,1566,1374,242,1371,1224,233,1577,1374,251,Finisher,1798
Rodrigo,Venancio Castanho De Almeida,Rodrigo Venancio Castanho De Almeida,915,M40-44,Male,Sao Paulo,SP,Brazil,BR,1:08:53,6:55:30,4:26:52,0:13:07,0:08:25,12:52:48,4133,24930,16012,787,505,46368,1578,1375,346,836,759,183,1766,1542,384,1578,1375,346,Finisher,1589
Roberto,Azevedo Jr,Roberto Azevedo Jr,2190,M70-74,Male,SÃO PAULO,,Brazil,BR,1:15:33,6:13:27,4:56:17,0:18:04,0:09:40,12:53:01,4533,22407,17777,1084,580,46381,1579,1376,1,1339,1194,3,1580,1401,2,1579,1376,1,Finisher,5000
Fabio,Augusto De Sousa Passos,Fabio Augusto De Sousa Passos,1516,M45-49,Male,Jaboatao Dos Guararapes,PE,Brazil,BR,1:12:56,6:10:52,5:09:35,0:11:15,0:08:32,12:53:10,4376,22252,18575,675,512,46390,1580,1377,277,1159,1046,202,1501,1335,260,1580,1377,277,Finisher,1943
Matheus,Ferreira,Matheus Ferreira,955,M40-44,Male,Rio De Janeiro,RJ,Brazil,BR,1:12:23,6:07:30,5:14:37,0:10:12,0:08:47,12:53:29,4343,22050,18877,612,527,46409,1581,1378,347,1108,1001,247,1458,1299,330,1581,1378,347,Finisher,1580
Victor,Hugo De Assis Vieira,Victor Hugo De Assis Vieira,743,M35-39,Male,Viçosa,Minas Gerais,Brazil,BR,1:09:54,5:45:38,5:42:59,0:08:10,0:07:18,12:53:59,4194,20738,20579,490,438,46439,1582,1379,252,917,831,166,1144,1039,208,1582,1379,252,Finisher,1783
Pablo,Vazquez Conde,Pablo Vazquez Conde,2044,M55-59,Male,Rincón de Milberg,AR-B,Argentina,AR,1:19:16,6:36:07,4:36:09,0:12:28,0:10:01,12:54:01,4756,23767,16569,748,601,46441,1583,1380,56,1557,1367,53,1719,1506,65,1583,1380,56,Finisher,2625
Gabrielly,Terra Sartori Santos,Gabrielly Terra Sartori Santos,249,F30-34,Female,Sao Paulo,SP,Brazil,BR,1:09:13,6:21:21,5:07:14,0:09:03,0:07:15,12:54:06,4153,22881,18434,543,435,46446,1584,204,30,861,80,12,1541,174,27,1584,204,30,Finisher,2608
Jorge,Luiz Talarico Jr,Jorge Luiz Talarico Jr,1593,M45-49,Male,Sao Paulo,SP,Brazil,BR,1:16:57,5:39:35,5:41:50,0:09:36,0:06:29,12:54:28,4617,20375,20510,576,389,46468,1585,1381,278,1426,1265,243,1182,1071,209,1585,1381,278,Finisher,1927
Adam,Ilton Magalhaes Veras E Nascimento,Adam Ilton Magalhaes Veras E Nascimento,1035,M40-44,Male,Sao Paulo,SP,Brazil,BR,1:38:14,6:24:31,4:34:42,0:10:38,0:06:35,12:54:40,5894,23071,16482,638,395,46480,1586,1382,348,1902,1641,399,1747,1526,379,1586,1382,348,Finisher,1566
Diego,Garciacelay,Diego Garciacelay,888,M35-39,Male,San Jose de Carrrasco0,UY-CA,Uruguay,UY,1:14:49,6:55:30,4:27:41,0:10:50,0:06:02,12:54:51,4489,24930,16061,650,362,46491,1587,1383,253,1287,1151,206,1779,1550,274,1587,1383,253,Finisher,1772
Diego,Garbelini Venancio Dos Santos,Diego Garbelini Venancio Dos Santos,724,M35-39,Male,Florianopolis,SC,Brazil,BR,1:22:38,6:15:55,4:57:51,0:10:39,0:07:51,12:54:53,4958,22555,17871,639,471,46493,1588,1384,254,1692,1476,259,1601,1417,254,1588,1384,254,Finisher,1772
Assiel,Adada,Assiel Adada,862,M35-39,Male,Curitiba,Paraná,Brazil,BR,1:12:50,7:18:43,4:07:56,0:10:48,0:04:45,12:55:03,4370,26323,14876,648,285,46503,1589,1385,255,1148,1036,195,1840,1593,279,1589,1385,255,Finisher,1770
Sergio,Mesquita,Sergio Mesquita,1499,M45-49,Male,BELO HORIZONTE,MG,Brazil,BR,1:12:05,6:07:17,5:00:19,0:21:02,0:14:20,12:55:04,4325,22037,18019,1262,860,46504,1590,1386,279,1081,977,195,1548,1374,270,1590,1386,279,Finisher,1920
Albano,Giusep Tomelin,Albano Giusep Tomelin,789,M35-39,Male,,,Brazil,BR,1:26:14,5:47:57,5:16:43,0:10:09,0:14:15,12:55:17,5174,20877,19003,609,855,46517,1591,1387,256,1787,1559,272,1391,1240,236,1591,1387,256,Finisher,1767
Cristian,Machado Haesbaert,Cristian Machado Haesbaert,1318,M40-44,Male,,,Brazil,BR,1:40:23,6:14:29,4:41:31,0:11:18,0:07:46,12:55:27,6023,22469,16891,678,466,46527,1592,1388,349,1911,1648,402,1710,1500,377,1592,1388,349,Finisher,1557
Leandro Correia,Santos De Oliveira,Leandro Correia Santos De Oliveira,1201,M40-44,Male,Manaus,Amazonas,Brazil,BR,1:21:57,6:10:18,5:01:27,0:10:43,0:11:08,12:55:33,4917,22218,18087,643,668,46533,1593,1389,350,1663,1454,364,1560,1384,347,1593,1389,350,Finisher,1556
Diego Jose,Pelleriti,Diego Jose Pelleriti,2178,M65-69,Male,CABA,AR-C,Argentina,AR,1:16:07,6:11:47,5:06:07,0:10:48,0:10:50,12:55:39,4567,22307,18367,648,650,46539,1594,1390,8,1378,1225,10,1535,1363,10,1594,1390,8,Finisher,3793
Bruno,De Santana Silva,Bruno De Santana Silva,1937,M50-54,Male,Aracaju,Sergipe,Brazil,BR,1:20:33,6:01:57,5:06:48,0:16:03,0:10:40,12:56:01,4833,21717,18408,963,640,46561,1595,1391,149,1613,1415,162,1533,1361,146,1595,1391,149,Finisher,1879
Antonio Carlos,Cortez Mauro,Antonio Carlos Cortez Mauro,2143,M60-64,Male,São José dos Campos,São Paulo,Brazil,BR,1:20:33,6:39:34,4:33:36,0:12:59,0:09:23,12:56:04,4833,23974,16416,779,563,46564,1596,1392,18,1611,1414,29,1744,1523,31,1596,1392,18,Finisher,2864
Paulo,Campanha Santana,Paulo Campanha Santana,2059,M55-59,Male,Brasilia,BR-DF,Brazil,BR,1:12:14,6:02:46,5:21:12,0:12:48,0:07:08,12:56:08,4334,21766,19272,768,428,46568,1597,1393,57,1094,987,34,1432,1274,47,1597,1393,57,Finisher,2599
Matheus,Baffi Silveira,Matheus Baffi Silveira,1043,M40-44,Male,Petropolis,RJ,Brazil,BR,1:49:45,5:59:05,4:46:55,0:13:46,0:06:51,12:56:21,6585,21545,17215,826,411,46581,1598,1394,351,1937,1670,411,1685,1479,373,1598,1394,351,Finisher,1546
Alessandro ,de Sousa Rocha,Alessandro de Sousa Rocha,1081,M40-44,Male,Campina Grande,PARAIBA,Brazil,BR,1:25:34,6:51:02,4:12:35,0:20:19,0:07:16,12:56:47,5134,24662,15155,1219,436,46607,1599,1395,352,1775,1549,381,1826,1586,394,1599,1395,352,Finisher,1541
Carlos,Eduardo Fernandes Filho,Carlos Eduardo Fernandes Filho,300,M30-34,Male,Sao Paulo,SP,Brazil,BR,1:38:57,6:24:49,4:34:22,0:10:20,0:09:04,12:57:31,5937,23089,16462,620,544,46651,1600,1396,164,1905,1644,187,1751,1528,173,1600,1396,164,Finisher,1964
Malena,Laiño,Malena Laiño,582,F40-44,Female,benavidez,AR-B,Argentina,AR,1:07:43,6:52:24,4:45:04,0:07:28,0:04:53,12:57:33,4063,24744,17104,448,293,46653,1601,205,45,748,69,12,1717,213,46,1601,205,45,Finisher,2246
Fabio,Jose Pires,Fabio Jose Pires,1787,M50-54,Male,,,Brazil,BR,1:18:46,6:28:41,4:41:14,0:14:26,0:14:31,12:57:39,4726,23321,16874,866,871,46659,1602,1397,150,1535,1352,154,1680,1476,164,1602,1397,150,Finisher,1859
Marcelo,Clarete Seracini Penner,Marcelo Clarete Seracini Penner,747,M35-39,Male,Uruguaiana,Rio Grande do Sul,Brazil,BR,1:35:54,6:20:39,4:39:27,0:09:00,0:13:05,12:58:05,5754,22839,16767,540,785,46685,1603,1398,257,1889,1632,283,1707,1498,266,1603,1398,257,Finisher,1734
Graciele,Julia Martins De Souza,Graciele Julia Martins De Souza,586,F40-44,Female,,,Brazil,BR,1:22:06,6:52:23,4:00:41,0:33:31,0:09:26,12:58:07,4926,24743,14441,2011,566,46687,1604,206,46,1667,212,46,1847,249,53,1604,206,46,Finisher,2239
Angélica,Teixeira,Angélica Teixeira,525,F35-39,Female,Mogi Mirim,São Paulo,Brazil,BR,1:20:34,6:02:55,5:16:29,0:07:32,0:10:42,12:58:12,4834,21775,18989,452,642,46692,1605,207,34,1614,199,35,1472,163,26,1605,207,34,Finisher,2482
Cassio,Almeida,Cassio Almeida,621,M35-39,Male,Curitiba,PR,Brazil,BR,1:20:23,6:38:25,4:26:23,0:17:02,0:16:27,12:58:39,4823,23905,15983,1022,987,46719,1606,1399,258,1605,1408,248,1756,1533,271,1606,1399,258,Finisher,1727
Gregório,Dastoli,Gregório Dastoli,1790,M50-54,Male,São Paulo,São Paulo,Brazil,BR,1:15:05,6:32:27,4:54:54,0:11:33,0:04:43,12:58:41,4505,23547,17694,693,283,46721,1607,1400,151,1309,1167,125,1660,1462,161,1607,1400,151,Finisher,1847
Fabian,Eduardo Novoa,Fabian Eduardo Novoa,2134,M60-64,Male,,,Argentina,AR,1:23:15,5:56:46,5:15:27,0:16:06,0:07:10,12:58:45,4995,21406,18927,966,430,46725,1608,1401,19,1709,1491,32,1510,1343,24,1608,1401,19,Finisher,2832
Juliana,Daga,Juliana Daga,528,F35-39,Female,,,Brazil,BR,1:15:42,6:21:13,4:55:00,0:14:04,0:12:57,12:58:55,4542,22873,17700,844,777,46735,1609,208,35,1349,146,28,1611,186,31,1609,208,35,Finisher,2473
Hugo,Vinicius Nunes,Hugo Vinicius Nunes,945,M40-44,Male,Curitiba,Pr,Brazil,BR,1:04:33,6:11:52,5:21:29,0:14:27,0:06:42,12:59:03,3873,22312,19289,867,402,46743,1610,1402,353,535,487,119,1470,1308,332,1610,1402,353,Finisher,1514
Alyxandre,Augusto Caixeta,Alyxandre Augusto Caixeta,2192,M18-24,Male,Nova Ponte,MG,Brazil,BR,1:18:34,7:04:31,4:20:54,0:10:09,0:05:01,12:59:08,4714,25471,15654,609,301,46748,1611,1403,23,1518,1337,22,1816,1579,23,1611,1403,23,Finisher,1695
Vinicius,Monteiro,Vinicius Monteiro,610,M35-39,Male,Curitiba,PR,Brazil,BR,1:22:21,5:45:28,5:29:53,0:11:39,0:09:55,12:59:15,4941,20728,19793,699,595,46755,1612,1404,259,1679,1466,257,1338,1203,230,1612,1404,259,Finisher,1720
Gustavo,De Moura Chaves Lima,Gustavo De Moura Chaves Lima,996,M40-44,Male,Santarem,BR-PA,Brazil,BR,1:07:25,5:51:11,5:37:09,0:13:45,0:10:08,12:59:37,4045,21071,20229,825,608,46777,1613,1405,354,725,659,158,1260,1137,281,1613,1405,354,Finisher,1507
Pedro,Marcos Maciel,Pedro Marcos Maciel,681,M35-39,Male,Curitiba,PR,Brazil,BR,1:15:15,6:19:13,4:55:43,0:17:56,0:12:03,13:00:10,4515,22753,17743,1076,723,46810,1614,1406,260,1322,1180,212,1624,1436,257,1614,1406,260,Finisher,1709
Ricardo,Pazzinatto De Almeida Leite,Ricardo Pazzinatto De Almeida Leite,1252,M40-44,Male,,,Brazil,BR,1:17:11,6:24:35,4:58:06,0:10:52,0:09:36,13:00:20,4631,23075,17886,652,576,46820,1615,1407,355,1437,1275,312,1625,1437,362,1615,1407,355,Finisher,1498
Jonas,Kazmirczak,Jonas Kazmirczak,891,M35-39,Male,Florianópolis,BR-SC,Brazil,BR,1:29:44,6:10:40,5:05:22,0:07:51,0:06:48,13:00:25,5384,22240,18322,471,408,46825,1616,1408,261,1839,1599,279,1588,1407,253,1616,1408,261,Finisher,1706
Gabriela,Obregon,Gabriela Obregon,2112,F60-64,Female,Ciudad Autonoma de Buenos Aires,CIUDAD AUTONOMA DE BUENOS AIRES,Argentina,AR,1:29:19,6:27:49,4:45:39,0:13:19,0:05:35,13:01:40,5359,23269,17139,799,335,46900,1617,209,5,1834,238,7,1737,219,5,1617,209,5,Finisher,3619
PEDRO,HENRIQUE ALMEIDA,PEDRO HENRIQUE ALMEIDA,852,M35-39,Male,NITEROI,RJ,Brazil,BR,1:16:09,5:57:43,5:19:03,0:15:46,0:13:01,13:01:41,4569,21463,19143,946,781,46901,1618,1409,262,1383,1230,222,1455,1297,242,1618,1409,262,Finisher,1690
Sérgio Eduardo Costa,Rebêlo,Sérgio Eduardo Costa Rebêlo,2127,M60-64,Male,sao paulo,,Brazil,BR,1:16:27,5:54:09,5:27:19,0:14:01,0:10:13,13:02:10,4587,21249,19639,841,613,46930,1619,1410,20,1400,1243,25,1394,1243,20,1619,1410,20,Finisher,2791
Roberto,Mionis,Roberto Mionis,2087,M55-59,Male,Capital Federal,CABA,Argentina,AR,1:02:41,6:24:12,5:22:31,0:07:10,0:05:47,13:02:21,3761,23052,19351,430,347,46941,1620,1411,58,420,382,8,1492,1329,52,1620,1411,58,Finisher,2525
Camila,Martins Viana Dias,Camila Martins Viana Dias,1349,F45-49,Female,João Pessoa,Paraíba,Brazil,BR,1:27:42,6:52:33,4:21:09,0:11:35,0:09:25,13:02:24,5262,24753,15669,695,565,46944,1621,210,43,1811,232,49,1811,236,52,1621,210,43,Finisher,2472
GABRIEL,ROCHA,GABRIEL ROCHA,2203,M40-44,Male,FLORIANOPOLIS,SC,Brazil,BR,1:21:54,6:04:36,5:16:28,0:10:42,0:09:03,13:02:43,4914,21876,18988,642,543,46963,1622,1412,356,1660,1451,363,1527,1356,342,1622,1412,356,Finisher,1470
Alejandro,Saborido,Alejandro Saborido,2072,M55-59,Male,La Plata,AR-B,Argentina,AR,1:35:20,6:21:30,4:53:32,0:06:26,0:06:11,13:02:59,5720,22890,17612,386,371,46979,1623,1413,59,1883,1628,77,1689,1483,62,1623,1413,59,Finisher,2517
Victor,Coelho Tourinho,Victor Coelho Tourinho,294,M30-34,Male,Salvador,BA,Brazil,BR,1:19:41,6:19:16,5:03:18,0:12:16,0:08:31,13:03:02,4781,22756,18198,736,511,46982,1624,1414,165,1583,1389,163,1616,1430,166,1624,1414,165,Finisher,1898
MATEUS,MARQUES,MATEUS MARQUES,1828,M50-54,Male,BELO HORIZONTE,MG,Brazil,BR,1:32:31,6:16:06,5:00:36,0:08:54,0:04:59,13:03:05,5551,22566,18036,534,299,46985,1625,1415,152,1867,1615,191,1654,1458,160,1625,1415,152,Finisher,1794
Giovanna,Gabriel,Giovanna Gabriel,261,F30-34,Female,Guarulhos,BR-SP,Brazil,BR,1:18:39,7:02:21,4:17:17,0:17:50,0:06:58,13:03:06,4719,25341,15437,1070,418,46986,1626,211,31,1524,183,29,1833,245,35,1626,211,31,Finisher,2500
Rodrigo,Sanchotene Quintela,Rodrigo Sanchotene Quintela,304,M30-34,Male,Porto Alegre,RS,Brazil,BR,1:04:47,7:01:49,4:34:57,0:11:14,0:10:33,13:03:20,3887,25309,16497,674,633,47000,1627,1416,166,549,499,64,1768,1543,177,1627,1416,166,Finisher,1894
FACUNDO,RECONDO,FACUNDO RECONDO,1820,M50-54,Male,BUENOS AIRES,BUENO,Argentina,AR,1:12:57,6:31:51,5:04:19,0:08:47,0:05:29,13:03:24,4377,23511,18259,527,329,47004,1628,1417,153,1162,1049,103,1632,1443,157,1628,1417,153,Finisher,1790
ROGER,DE MELO RODRIGUES,ROGER DE MELO RODRIGUES,1769,M50-54,Male,NATAL,RN,Brazil,BR,1:14:04,6:01:29,5:36:08,0:08:08,0:04:10,13:03:59,4444,21689,20168,488,250,47039,1629,1418,154,1229,1104,115,1385,1234,119,1629,1418,154,Finisher,1783
Mauricio,Otero Lacoste,Mauricio Otero Lacoste,1944,M50-54,Male,,,Argentina,AR,1:10:33,6:14:21,5:23:02,0:09:44,0:07:20,13:05:00,4233,22461,19382,584,440,47100,1630,1419,155,959,869,78,1497,1332,142,1630,1419,155,Finisher,1771
Rainer,Rauert Pereira Hanzak,Rainer Rauert Pereira Hanzak,987,M40-44,Male,Sao Goncalo,RJ,Brazil,BR,1:16:33,6:51:53,4:35:14,0:12:24,0:10:00,13:06:04,4593,24713,16514,744,600,47164,1631,1420,357,1409,1250,304,1777,1548,387,1631,1420,357,Finisher,1429
Mario,Iida,Mario Iida,1225,M40-44,Male,Americana,SP,Brazil,BR,1:40:37,5:55:26,5:15:16,0:08:43,0:06:02,13:06:04,6037,21326,18916,523,362,47164,1632,1421,358,1913,1650,404,1568,1391,348,1632,1421,358,Finisher,1429
Flavio,Souza Ramos Carvalho,Flavio Souza Ramos Carvalho,2216,M50-54,Male,Sao Paulo,SP,Brazil,BR,1:06:49,5:41:45,5:57:32,0:10:25,0:11:04,13:07:35,4009,20505,21452,625,664,47255,1633,1422,156,691,630,54,1073,976,85,1633,1422,156,Finisher,1740
Robson,Carenzio,Robson Carenzio,1300,M40-44,Male,São Caetano do Sul,São Paulo,Brazil,BR,1:19:33,6:14:28,5:12:39,0:12:27,0:08:33,13:07:40,4773,22468,18759,747,513,47260,1634,1423,359,1578,1384,345,1578,1399,350,1634,1423,359,Finisher,1410
Agatha Cristina,Santos,Agatha Cristina Santos,544,F40-44,Female,Rio de Janeiro,RJ,Brazil,BR,1:27:45,6:21:16,4:54:55,0:12:50,0:11:00,13:07:46,5265,22876,17695,770,660,47266,1635,212,47,1813,233,49,1679,204,42,1635,212,47,Finisher,2123
RICARDO,SILVA,RICARDO SILVA,986,M40-44,Male,Rio de Janeiro,Rio de Janeiro,Brazil,BR,1:29:17,6:20:39,4:54:54,0:11:10,0:11:47,13:07:46,5357,22839,17694,670,707,47266,1636,1424,360,1831,1595,390,1672,1469,370,1636,1424,360,Finisher,1409
Sérgio,Cruz De Castro Lima,Sérgio Cruz De Castro Lima,1722,M45-49,Male,BELO HORIZONTE,MG,Brazil,BR,1:18:28,6:33:40,4:53:08,0:10:10,0:12:48,13:08:14,4708,23620,17588,610,768,47294,1637,1425,280,1512,1331,251,1682,1477,292,1637,1425,280,Finisher,1762
Victor,Tulio Ribeiro De Resende,Victor Tulio Ribeiro De Resende,1653,M45-49,Male,Rio De Janeiro,RJ,Brazil,BR,1:20:47,6:25:50,5:08:51,0:07:42,0:06:07,13:09:16,4847,23150,18531,462,367,47356,1638,1426,281,1628,1427,269,1635,1446,285,1638,1426,281,Finisher,1750
Marileide,De Souza E Silva,Marileide De Souza E Silva,1358,F45-49,Female,,,Brazil,BR,1:13:35,6:42:24,4:49:58,0:13:27,0:10:08,13:09:32,4415,24144,17398,807,608,47372,1639,213,44,1200,123,22,1733,218,46,1639,213,44,Finisher,2386
Viviane,Cristina Dick,Viviane Cristina Dick,1356,F45-49,Female,Blumenau,SC,Brazil,BR,1:33:27,6:41:00,4:43:44,0:06:57,0:04:31,13:09:39,5607,24060,17024,417,271,47379,1640,214,45,1873,253,55,1780,230,49,1640,214,45,Finisher,2385
Osmar,Souza,Osmar Souza,1924,M50-54,Male,Brasilia,Intl State,Brazil,BR,1:19:07,6:04:09,5:32:23,0:08:29,0:05:55,13:10:03,4747,21849,19943,509,355,47403,1641,1427,157,1549,1361,155,1480,1317,138,1641,1427,157,Finisher,1710
Patricia,Valente,Patricia Valente,573,F40-44,Female,Viçosa,,Brazil,BR,1:19:27,6:25:43,5:08:16,0:10:55,0:05:59,13:10:19,4767,23143,18496,655,359,47419,1642,215,48,1568,193,41,1648,195,40,1642,215,48,Finisher,2092
Lucas,Vinicius Spadafora,Lucas Vinicius Spadafora,624,M35-39,Male,Sao Paulo,SP,Brazil,BR,1:15:41,6:16:58,5:17:39,0:12:48,0:07:15,13:10:21,4541,22618,19059,768,435,47421,1643,1428,263,1348,1203,218,1575,1396,251,1643,1428,263,Finisher,1586
Guillermo,Biondini,Guillermo Biondini,1102,M40-44,Male,ROSARIO,AR-S,Argentina,AR,1:05:08,6:25:18,5:18:44,0:09:47,0:11:29,13:10:26,3908,23118,19124,587,689,47426,1644,1429,361,570,518,130,1547,1373,345,1644,1429,361,Finisher,1377
Andre,Fabiano Souza De Carvalho,Andre Fabiano Souza De Carvalho,1104,M40-44,Male,Aracaju,SE,Brazil,BR,1:24:33,6:14:55,5:11:18,0:12:31,0:07:18,13:10:35,5073,22495,18678,751,438,47435,1645,1430,362,1747,1523,374,1622,1434,361,1645,1430,362,Finisher,1375
Gregory,Feltrim,Gregory Feltrim,706,M35-39,Male,Vilhena,BR-RO,Brazil,BR,1:19:31,6:41:33,4:53:25,0:10:16,0:06:06,13:10:52,4771,24093,17605,616,366,47452,1646,1431,264,1574,1381,243,1739,1520,270,1646,1431,264,Finisher,1580
Javiera,Mercedes Ferrer Urbina,Javiera Mercedes Ferrer Urbina,516,F35-39,Female,,,Chile,CL,1:29:18,6:22:04,5:05:38,0:09:20,0:05:14,13:11:34,5358,22924,18338,560,314,47494,1647,216,36,1832,237,41,1669,202,36,1647,216,36,Finisher,2321
Valdecir,Borba,Valdecir Borba,2032,M55-59,Male,Curitiba,PR,Brazil,BR,1:23:30,5:48:26,5:31:06,0:19:04,0:09:39,13:11:45,5010,20906,19866,1144,579,47505,1648,1432,60,1720,1502,64,1471,1309,49,1648,1432,60,Finisher,2412
Elinai,Dos Santos Freitas Schutz,Elinai Dos Santos Freitas Schutz,1371,F45-49,Female,Florianopolis,SC,Brazil,BR,1:07:24,6:31:05,5:16:09,0:09:59,0:07:11,13:11:48,4044,23465,18969,599,431,47508,1649,217,46,724,66,12,1590,182,39,1649,217,46,Finisher,2359
Abido,Saadi Cerutti,Abido Saadi Cerutti,2050,M55-59,Male,Vitoria,ES,Brazil,BR,1:14:40,6:41:25,4:26:30,0:26:10,0:23:28,13:12:13,4480,24085,15990,1570,1408,47533,1650,1433,61,1273,1139,41,1782,1551,71,1650,1433,61,Finisher,2406
Bruno,Guilherme Morais Pagan,Bruno Guilherme Morais Pagan,912,M40-44,Male,Maringá,BR-PR,Brazil,BR,1:19:30,6:34:11,5:00:21,0:10:34,0:07:41,13:12:18,4770,23651,18021,634,461,47538,1651,1434,363,1572,1379,344,1698,1491,374,1651,1434,363,Finisher,1355
Raphael ,Cardoso,Raphael Cardoso,328,M30-34,Male,Campinas,SP,Brazil,BR,1:20:05,6:54:08,4:36:13,0:13:28,0:08:47,13:12:40,4805,24848,16573,808,527,47560,1652,1435,167,1597,1402,165,1801,1567,178,1652,1435,167,Finisher,1782
Arthur,Pietrafesa Bernardi,Arthur Pietrafesa Bernardi,597,M35-39,Male,São Paulo,São Paulo,Brazil,BR,1:22:11,6:30:44,5:00:49,0:11:39,0:07:50,13:13:13,4931,23444,18049,699,470,47593,1653,1436,265,1672,1460,255,1703,1495,265,1653,1436,265,Finisher,1552
Sergio,Acosta,Sergio Acosta,2082,M55-59,Male,,,Argentina,AR,1:22:37,6:08:13,5:24:36,0:11:42,0:06:44,13:13:53,4957,22093,19476,702,404,47633,1654,1437,62,1690,1474,59,1556,1380,56,1654,1437,62,Finisher,2386
Sebastiâo Gomes De Melo,Melo,Sebastiâo Gomes De Melo Melo,2021,M55-59,Male,Sao paulo,SP,Brazil,BR,1:16:09,6:39:37,4:58:07,0:10:39,0:09:33,13:14:05,4569,23977,17887,639,573,47645,1655,1438,63,1382,1229,45,1714,1502,64,1655,1438,63,Finisher,2384
Breno,Diogenes Goncalves,Breno Diogenes Goncalves,1830,M50-54,Male,Brasilia,DF,Brazil,BR,1:16:20,6:48:50,4:48:10,0:10:36,0:11:08,13:15:04,4580,24530,17290,636,668,47704,1656,1439,158,1396,1239,139,1755,1532,179,1656,1439,158,Finisher,1650
Sergio,Ribeiro,Sergio Ribeiro,343,M30-34,Male,Minneapolis,OK,Brazil,BR,1:32:59,6:30:21,4:51:02,0:12:59,0:07:47,13:15:08,5579,23421,17462,779,467,47708,1657,1440,168,1870,1618,184,1762,1538,176,1657,1440,168,Finisher,1752
Gabriel,Hector Carnip,Gabriel Hector Carnip,2104,M55-59,Male,Buenos Aires,B,Argentina,AR,1:08:08,5:34:36,6:20:53,0:06:01,0:06:03,13:15:40,4088,20076,22853,361,363,47740,1658,1441,64,779,708,21,907,834,27,1658,1441,64,Finisher,2365
Guilherme,Casagrande De Almeida,Guilherme Casagrande De Almeida,906,M40-44,Male,Vinhedo,SP,Brazil,BR,1:06:04,6:36:41,5:09:47,0:12:27,0:10:47,13:15:46,3964,23801,18587,747,647,47746,1659,1442,364,639,580,144,1644,1450,365,1659,1442,364,Finisher,1313
Mauro,Cherigatti,Mauro Cherigatti,2095,M55-59,Male,Rio De Janeiro,RJ,Brazil,BR,1:05:34,5:53:30,6:00:52,0:08:35,0:07:27,13:15:58,3934,21210,21652,515,447,47758,1660,1443,65,602,546,9,1202,1089,37,1660,1443,65,Finisher,2361
Marcio,Gabriel Ribeiro,Marcio Gabriel Ribeiro,2061,M55-59,Male,,,Brazil,BR,1:32:47,6:38:15,4:41:25,0:13:46,0:11:06,13:17:18,5567,23895,16885,826,666,47838,1661,1444,66,1869,1617,75,1790,1558,73,1661,1444,66,Finisher,2345
Antonio,Sesin,Antonio Sesin,1218,M40-44,Male,GENERAL PACHECO,Buenos Aires Province,Argentina,AR,1:07:44,6:10:47,5:45:12,0:06:17,0:07:24,13:17:23,4064,22247,20712,377,444,47843,1662,1445,365,749,680,166,1397,1245,317,1662,1445,365,Finisher,1294
Alexandre Pietro,Deliberador,Alexandre Pietro Deliberador,1882,M50-54,Male,Quatro Barras,PR,Brazil,BR,1:19:29,6:57:44,4:43:06,0:10:19,0:06:48,13:17:26,4769,25064,16986,619,408,47846,1663,1446,159,1571,1378,157,1800,1566,182,1663,1446,159,Finisher,1622
Decio,Zuliani Maluf,Decio Zuliani Maluf,1795,M50-54,Male,Sorocaba,SP,Brazil,BR,1:02:41,6:17:27,5:38:45,0:11:31,0:07:07,13:17:32,3761,22647,20325,691,427,47852,1664,1447,160,419,381,29,1478,1315,137,1664,1447,160,Finisher,1620
Sergio,Lobo Pinto,Sergio Lobo Pinto,2186,M70-74,Male,SAO PAULO,BR-SP,Brazil,BR,1:14:46,5:46:37,5:47:51,0:16:25,0:12:27,13:18:06,4486,20797,20871,985,747,47886,1665,1448,2,1285,1149,1,1323,1190,1,1665,1448,2,Finisher,4699
Fabiano,Brandao,Fabiano Brandao,204,M25-29,Male,Nova Iguacu,RJ,Brazil,BR,1:25:00,6:34:03,4:51:00,0:09:45,0:18:21,13:18:09,5100,23643,17460,585,1101,47889,1666,1449,70,1763,1538,75,1727,1512,71,1666,1449,70,Finisher,1334
Walter,Tuche,Walter Tuche,2171,M65-69,Male,Rio de Janeiro,RJ,Brazil,BR,1:18:59,5:56:05,5:47:45,0:10:20,0:05:03,13:18:13,4739,21365,20865,620,303,47893,1667,1450,9,1544,1359,12,1408,1255,9,1667,1450,9,Finisher,3522
Rodrigo,Borges,Rodrigo Borges,1280,M40-44,Male,Florianópolis,SC,Brazil,BR,1:40:27,6:29:44,4:45:56,0:10:29,0:12:02,13:18:37,6027,23384,17156,629,722,47917,1668,1451,366,1912,1649,403,1776,1547,386,1668,1451,366,Finisher,1279
EDUARDO,PEREIRA ZANELLA,EDUARDO PEREIRA ZANELLA,1662,M45-49,Male,RIBEIRAO PRETO,SP,Brazil,BR,1:21:58,6:08:13,5:25:07,0:12:27,0:10:53,13:18:38,4918,22093,19507,747,653,47918,1669,1452,282,1665,1455,274,1557,1381,271,1669,1452,282,Finisher,1637
Claudio,Rojas,Claudio Rojas,2084,M55-59,Male,Santiago,GA,Chile,CL,1:39:09,6:32:44,4:42:26,0:14:20,0:10:37,13:19:17,5949,23564,16946,860,637,47957,1670,1453,67,1906,1645,78,1795,1561,74,1670,1453,67,Finisher,2322
Adriano,Peniche dos Santos,Adriano Peniche dos Santos,384,M30-34,Male,Quatro Barras,BR-PR,Brazil,BR,1:22:11,6:32:43,5:09:45,0:09:23,0:05:18,13:19:22,4931,23563,18585,563,318,47962,1671,1454,169,1673,1461,168,1699,1492,171,1671,1454,169,Finisher,1702
Denis,Carvalho Carneiro,Denis Carvalho Carneiro,620,M35-39,Male,Curitiba,Paraná,Brazil,BR,1:19:50,6:32:47,4:54:34,0:17:03,0:15:19,13:19:35,4790,23567,17674,1023,919,47975,1672,1455,266,1589,1394,244,1734,1516,269,1672,1455,266,Finisher,1476
Marco,Aurélio Kruk,Marco Aurélio Kruk,1141,M40-44,Male,Curitiba,Paraná,Brazil,BR,1:06:54,6:35:16,5:21:53,0:09:23,0:07:09,13:20:35,4014,23716,19313,563,429,48035,1673,1456,367,698,635,155,1619,1432,359,1673,1456,367,Finisher,1255
Gustavo,Welsh,Gustavo Welsh,1898,M50-54,Male,CABA,AR-C,Argentina,AR,1:14:24,6:14:46,5:38:32,0:08:35,0:04:18,13:20:36,4464,22486,20312,515,258,48036,1674,1457,161,1257,1124,118,1531,1359,145,1674,1457,161,Finisher,1584
Guilherme,Maranhao,Guilherme Maranhao,1870,M50-54,Male,Juiz De Fora,MG,Brazil,BR,1:16:49,6:13:18,5:30:29,0:11:26,0:08:37,13:20:38,4609,22398,19829,686,517,48038,1675,1458,162,1422,1261,145,1555,1379,147,1675,1458,162,Finisher,1583
Paloma,Lago De Lima Santos,Paloma Lago De Lima Santos,524,F35-39,Female,Brasilia,DF,Brazil,BR,1:13:50,6:31:13,5:16:54,0:10:06,0:08:49,13:20:53,4430,23473,19014,606,529,48053,1676,218,37,1217,125,23,1643,194,34,1676,218,37,Finisher,2210
Ruben,Martin,Ruben Martin,2177,M65-69,Male,BOLIVAR,,Argentina,AR,1:13:23,6:42:43,5:08:50,0:08:20,0:07:38,13:20:54,4403,24163,18530,500,458,48054,1677,1459,10,1190,1069,7,1700,1493,12,1677,1459,10,Finisher,3490
Leonardo,Baumworcel,Leonardo Baumworcel,1438,M45-49,Male,Rio de Janeiro,AA,Brazil,BR,1:17:35,6:34:05,5:15:13,0:08:55,0:05:31,13:21:20,4655,23645,18913,535,331,48080,1678,1460,283,1468,1301,248,1668,1467,291,1678,1460,283,Finisher,1605
Wilton,Gabriel Oliveira Leite,Wilton Gabriel Oliveira Leite,101,M18-24,Male,,,Brazil,BR,1:31:34,6:54:51,4:29:27,0:17:44,0:08:05,13:21:42,5494,24891,16167,1064,485,48102,1679,1461,24,1859,1610,25,1842,1595,24,1679,1461,24,Finisher,1424
Pedro,Silva Deschamps Pinto,Pedro Silva Deschamps Pinto,870,M35-39,Male,Brasilia,DF,Brazil,BR,1:22:13,6:52:46,4:35:59,0:20:47,0:10:01,13:21:47,4933,24766,16559,1247,601,48107,1680,1462,267,1675,1463,256,1822,1582,277,1680,1462,267,Finisher,1449
Edson,Mauricio Alves,Edson Mauricio Alves,2102,M55-59,Male,,,Brazil,BR,1:43:50,6:34:46,4:40:56,0:13:25,0:08:53,13:21:51,6230,23686,16856,805,533,48111,1681,1463,68,1927,1662,79,1813,1577,78,1681,1463,68,Finisher,2291
Patricia,V Almeida,Patricia V Almeida,2002,F50-54,Female,Lavras,Minas Gerais,Brazil,BR,1:21:20,6:50:57,4:47:06,0:13:27,0:09:00,13:21:52,4880,24657,17226,807,540,48112,1682,219,21,1643,207,17,1794,234,21,1682,219,21,Finisher,3050
Wesley,Costa,Wesley Costa,1466,M45-49,Male,CURITIBA,BR-PR,Brazil,BR,1:24:52,6:09:36,5:25:00,0:11:38,0:11:10,13:22:16,5092,22176,19500,698,670,48136,1683,1464,284,1758,1533,290,1576,1397,275,1683,1464,284,Finisher,1594
Jonathan,Pablo De Oliveira De Oliveira,Jonathan Pablo De Oliveira De Oliveira,370,M30-34,Male,Campo Bom,Rio Grande do Sul,Brazil,BR,1:26:51,6:35:40,4:59:17,0:13:30,0:07:25,13:22:42,5211,23740,17957,810,445,48162,1684,1465,170,1800,1571,177,1758,1535,175,1684,1465,170,Finisher,1662
BRUNO,CORREA RIBEIRO,BRUNO CORREA RIBEIRO,1306,M40-44,Male,RIBEIRAO PRETO,SP,Brazil,BR,1:15:16,5:55:39,5:56:08,0:09:14,0:06:37,13:22:53,4516,21339,21368,554,397,48173,1685,1466,368,1323,1181,291,1347,1209,304,1685,1466,368,Finisher,1228
pollyanna,esper,pollyanna esper,1365,F45-49,Female,ribeirao preto SP,São Paulo,Brazil,BR,1:25:49,6:26:22,5:03:11,0:16:54,0:10:51,13:23:07,5149,23182,18191,1014,651,48187,1686,220,47,1780,228,46,1728,216,44,1686,220,47,Finisher,2223
Nilton,Reis Junior,Nilton Reis Junior,1085,M40-44,Male,ATIBAIA,SP,Brazil,BR,1:29:46,6:50:09,4:43:32,0:12:38,0:07:26,13:23:30,5386,24609,17012,758,446,48210,1687,1467,369,1840,1600,391,1815,1578,392,1687,1467,369,Finisher,1220
Eduardo,Masciarelli Eduardo Masciarelli,Eduardo Masciarelli Eduardo Masciarelli,1026,M40-44,Male,São José dos Campos,São Paulo,Brazil,BR,1:26:25,6:02:32,5:38:31,0:10:45,0:05:30,13:23:43,5185,21752,20311,645,330,48223,1688,1468,370,1789,1561,384,1542,1368,343,1688,1468,370,Finisher,1218
Beatriz,Tironi De Castilho,Beatriz Tironi De Castilho,256,F30-34,Female,Sao Bernardo Do Campo,SP,Brazil,BR,1:04:43,5:29:49,6:33:21,0:09:56,0:06:00,13:23:48,3883,19789,23601,596,360,48228,1689,221,32,544,50,4,836,67,6,1689,221,32,Finisher,2252
Luis,Gustavo Vendramini Damaceno,Luis Gustavo Vendramini Damaceno,596,M35-39,Male,Pindamonhangaba,SP,Brazil,BR,1:17:13,6:42:05,5:08:33,0:09:00,0:07:02,13:23:53,4633,24125,18513,540,422,48233,1690,1469,268,1442,1279,233,1721,1508,267,1690,1469,268,Finisher,1424
Julio,Sawada,Julio Sawada,1150,M40-44,Male,Rio do sul,BR-SC,Brazil,BR,1:20:03,6:49:34,4:47:59,0:17:22,0:09:04,13:24:02,4803,24574,17279,1042,544,48242,1691,1470,371,1596,1401,351,1798,1564,389,1691,1470,371,Finisher,1214
Paulo,Zacharias,Paulo Zacharias,1880,M50-54,Male,Araçoiaba da serra,Intl State,Brazil,BR,1:11:21,6:11:08,5:50:09,0:06:58,0:04:38,13:24:13,4281,22268,21009,418,278,48253,1692,1471,163,1022,924,86,1454,1296,133,1692,1471,163,Finisher,1540
Andre,Palermo,Andre Palermo,1710,M45-49,Male,São Carlos,SP,Brazil,BR,1:22:10,6:33:15,5:07:34,0:11:35,0:09:52,13:24:26,4930,23595,18454,695,592,48266,1693,1472,285,1671,1459,275,1715,1503,295,1693,1472,285,Finisher,1568
William,Kawano,William Kawano,833,M35-39,Male,Mogi das Cruzes,SP,Brazil,BR,1:42:01,7:06:56,3:56:23,0:17:12,0:22:13,13:24:45,6121,25616,14183,1032,1333,48285,1694,1473,269,1918,1654,286,1876,1618,281,1694,1473,269,Finisher,1414
Bruno,Oliveira,Bruno Oliveira,1128,M40-44,Male,Aracaju,SE,Brazil,BR,1:23:52,6:15:13,5:22:41,0:12:23,0:11:04,13:25:12,5032,22513,19361,743,664,48312,1695,1474,372,1728,1507,371,1617,1431,358,1695,1474,372,Finisher,1200
Pablo Hernan,Mignolo,Pablo Hernan Mignolo,1759,M45-49,Male,Caba,AR-C,Argentina,AR,1:18:42,6:49:49,4:50:24,0:14:14,0:12:10,13:25:20,4722,24589,17424,854,730,48320,1696,1475,286,1527,1344,256,1783,1552,297,1696,1475,286,Finisher,1557
Viviane,Cristina Da Silva Martins,Viviane Cristina Da Silva Martins,1339,F45-49,Female,Piracicaba,SP,Brazil,BR,1:28:12,7:01:51,4:35:53,0:10:46,0:09:15,13:25:58,5292,25311,16553,646,555,48358,1697,222,48,1820,234,50,1838,247,55,1697,222,48,Finisher,2189
Daniel,Fernando Anderle,Daniel Fernando Anderle,1418,M45-49,Male,,,Brazil,BR,1:41:49,6:56:09,4:29:35,0:12:27,0:06:09,13:26:08,6109,24969,16175,747,369,48368,1698,1476,287,1916,1652,319,1853,1603,309,1698,1476,287,Finisher,1547
Patrick ,Sampaio,Patrick Sampaio,787,M35-39,Male,Lagoa Seca,PARAIBA,Brazil,BR,1:22:46,6:38:57,4:57:47,0:18:26,0:08:59,13:26:56,4966,23937,17867,1106,539,48416,1699,1477,270,1696,1479,260,1774,1545,273,1699,1477,270,Finisher,1387
Diogo,Salina De Freitas,Diogo Salina De Freitas,623,M35-39,Male,,,Brazil,BR,1:24:34,6:27:32,5:13:03,0:11:32,0:10:58,13:27:40,5074,23252,18783,692,658,48460,1700,1478,271,1750,1525,266,1693,1487,263,1700,1478,271,Finisher,1379
Marcelo,Henrique E Silva Lopes,Marcelo Henrique E Silva Lopes,2215,M50-54,Male,Brasilia,DF,Brazil,BR,1:24:37,6:28:46,5:13:03,0:10:16,0:10:58,13:27:40,5077,23326,18783,616,658,48460,1701,1479,164,1752,1527,181,1692,1486,168,1701,1479,164,Finisher,1499
Vanderlei,Moraes,Vanderlei Moraes,1904,M50-54,Male,,,Brazil,BR,1:37:00,6:23:03,5:09:10,0:08:23,0:10:39,13:28:15,5820,22983,18550,503,639,48495,1702,1480,165,1896,1636,193,1723,1509,172,1702,1480,165,Finisher,1492
Breno,Zampier Quintao Fernandes,Breno Zampier Quintao Fernandes,458,M30-34,Male,Goiania,GO,Brazil,BR,1:16:04,6:33:08,5:21:03,0:10:09,0:08:09,13:28:33,4564,23588,19263,609,489,48513,1703,1481,171,1374,1221,139,1663,1464,170,1703,1481,171,Finisher,1591
Waldemar,Krueger,Waldemar Krueger,1184,M40-44,Male,Florianópolis,BR-SC,Brazil,BR,1:09:51,7:16:03,4:48:42,0:08:31,0:05:45,13:28:52,4191,26163,17322,511,345,48532,1704,1482,373,914,828,198,1820,1581,393,1704,1482,373,Finisher,1156
Diego Martin,Torres,Diego Martin Torres,2062,M55-59,Male,Caba,Buenos Aires,Argentina,AR,1:17:31,6:25:55,5:20:56,0:12:42,0:12:02,13:29:05,4651,23155,19256,762,722,48545,1705,1483,69,1463,1296,46,1649,1454,61,1705,1483,69,Finisher,2204
Vitor,Carvalho,Vitor Carvalho,302,M30-34,Male,Rio de janeiro,Rio de janeiro,Brazil,BR,1:16:36,5:52:49,5:56:11,0:11:14,0:12:32,13:29:22,4596,21169,21371,674,752,48562,1706,1484,172,1411,1252,143,1355,1215,143,1706,1484,172,Finisher,1582
Franco,Flaiban,Franco Flaiban,1652,M45-49,Male,Campinas,SAO PAULO,Brazil,BR,1:19:03,6:35:15,5:08:29,0:14:23,0:12:23,13:29:35,4743,23715,18509,863,743,48575,1707,1485,288,1545,1360,259,1726,1511,296,1707,1485,288,Finisher,1506
Miriam,Fernandez,Miriam Fernandez,1350,F45-49,Female,Gualeguaychu,Entre Rios,Argentina,AR,1:26:57,6:47:12,4:57:09,0:10:05,0:08:25,13:29:49,5217,24432,17829,605,505,48589,1708,223,49,1801,230,47,1788,232,50,1708,223,49,Finisher,2143
Luiz,Stapassoli,Luiz Stapassoli,2138,M60-64,Male,Curitiba,BR-PR,Brazil,BR,1:46:19,5:49:34,5:34:19,0:08:19,0:11:37,13:30:08,6379,20974,20059,499,697,48608,1709,1486,21,1932,1666,39,1566,1390,27,1709,1486,21,Finisher,2455
Heraldo,Chupel,Heraldo Chupel,946,M40-44,Male,Fazenda Rio Grande,PR,Brazil,BR,1:25:14,6:24:37,5:14:09,0:11:58,0:14:39,13:30:36,5114,23077,18849,718,879,48636,1710,1487,374,1770,1544,379,1678,1475,372,1710,1487,374,Finisher,1135
Patricia,Carpenito,Patricia Carpenito,511,F35-39,Female,São Paulo,São Paulo,Brazil,BR,1:35:48,6:43:07,4:55:56,0:10:21,0:05:30,13:30:42,5748,24187,17756,621,330,48642,1711,224,38,1888,257,44,1806,235,41,1711,224,38,Finisher,2092
Walter Gabriel,Firmenich,Walter Gabriel Firmenich,1624,M45-49,Male,martinez,AR-B,Argentina,AR,1:23:14,6:57:39,4:49:26,0:15:49,0:05:44,13:31:52,4994,25059,17366,949,344,48712,1712,1488,289,1707,1489,282,1825,1585,302,1712,1488,289,Finisher,1479
Lucas,Tejero Garcia Junior,Lucas Tejero Garcia Junior,2106,M55-59,Male,Rio De Janeiro,RJ,Brazil,BR,1:30:27,6:42:36,4:49:32,0:15:21,0:14:15,13:32:10,5427,24156,17372,921,855,48730,1713,1489,70,1847,1604,74,1803,1569,76,1713,1489,70,Finisher,2167
Lucas,Aguiar Coelho,Lucas Aguiar Coelho,1009,M40-44,Male,Nova Lima,MG,Brazil,BR,1:21:34,6:29:58,5:20:55,0:14:00,0:06:55,13:33:22,4894,23398,19255,840,415,48802,1714,1490,375,1653,1444,362,1706,1497,376,1714,1490,375,Finisher,1102
Osni,Luciano Niedzila,Osni Luciano Niedzila,2097,M55-59,Male,Porto Uniao,SC,Brazil,BR,1:27:53,6:07:06,5:40:07,0:08:17,0:10:12,13:33:36,5273,22026,20407,497,612,48816,1715,1491,71,1815,1582,72,1563,1387,58,1715,1491,71,Finisher,2150
Maria Rosa,Mendoza,Maria Rosa Mendoza,1396,F45-49,Female,Ciudad Autónoma de Buenos Aires,CIUDAD AUTONOMA DE BUENOS AIRES,Argentina,AR,1:30:03,6:49:57,4:51:52,0:14:00,0:09:27,13:35:19,5403,24597,17512,840,567,48919,1716,225,50,1842,241,51,1818,238,54,1716,225,50,Finisher,2077
GUSTAVO,JUNQUEIRA VALIAS MEIRA,GUSTAVO JUNQUEIRA VALIAS MEIRA,1811,M50-54,Male,MARINGA,PR,Brazil,BR,1:08:45,6:32:34,5:36:06,0:12:13,0:06:41,13:36:19,4125,23554,20166,733,401,48979,1717,1492,166,830,753,65,1631,1442,156,1717,1492,166,Finisher,1395
Gustavo,Trindade De Queiroz,Gustavo Trindade De Queiroz,1165,M40-44,Male,CAMPO GRANDE,MS,Brazil,BR,1:27:31,6:11:42,5:36:24,0:10:41,0:10:28,13:36:46,5251,22302,20184,641,628,49006,1718,1493,376,1806,1575,388,1605,1420,354,1718,1493,376,Finisher,1061
Fernanda,Diez,Fernanda Diez,1367,F45-49,Female,Sao Paulo,SP,Brazil,BR,1:15:55,6:50:34,5:11:08,0:12:27,0:07:40,13:37:44,4555,24634,18668,747,460,49064,1719,226,51,1361,150,29,1769,226,48,1719,226,51,Finisher,2048
Bruna,Barbieri Setti Chamoun,Bruna Barbieri Setti Chamoun,538,F40-44,Female,Curitiba,PR,Brazil,BR,1:17:19,7:07:17,4:52:03,0:13:06,0:08:35,13:38:20,4639,25637,17523,786,515,49100,1720,227,49,1449,165,30,1828,242,51,1720,227,49,Finisher,1756
EDGY,EDUARDO ENEAS DE ARRUDA PAIVA,EDGY EDUARDO ENEAS DE ARRUDA PAIVA,2080,M55-59,Male,FORTALEZA,CE,Brazil,BR,1:14:38,6:43:41,5:18:56,0:10:49,0:12:04,13:40:07,4478,24221,19136,649,724,49207,1721,1494,72,1270,1136,40,1729,1513,66,1721,1494,72,Finisher,2072
Tiago,Rinaldin,Tiago Rinaldin,1193,M40-44,Male,Curitiba,PR,Brazil,BR,1:21:27,6:21:39,5:29:11,0:15:41,0:12:17,13:40:16,4887,22899,19751,941,737,49216,1722,1495,377,1649,1440,361,1657,1461,367,1722,1495,377,Finisher,1019
Luiza,Hermeto Coutinho Campos,Luiza Hermeto Coutinho Campos,2201,F35-39,Female,,,Brazil,BR,1:30:20,7:17:30,4:29:44,0:14:59,0:08:25,13:40:58,5420,26250,16184,899,505,49258,1723,228,39,1845,243,42,1872,258,44,1723,228,39,Finisher,1969
Natalia Soledad,FERNANDEZ,Natalia Soledad FERNANDEZ,1383,F45-49,Female,City Bell,AR-B,Argentina,AR,1:17:00,7:04:48,4:55:28,0:10:25,0:13:27,13:41:08,4620,25488,17728,625,807,49268,1724,229,52,1429,162,33,1814,237,53,1724,229,52,Finisher,2007
Anselmo,Marcionilio Dos Anjos,Anselmo Marcionilio Dos Anjos,2145,M60-64,Male,Santo Andre,SP,Brazil,BR,1:21:25,6:09:01,5:49:57,0:12:36,0:08:11,13:41:10,4885,22141,20997,756,491,49270,1725,1496,22,1647,1439,30,1562,1386,26,1725,1496,22,Finisher,2323
JUNG,HO KIM,JUNG HO KIM,1925,M50-54,Male,PASSO FUNDO,RIO G,South Korea,KR,1:31:19,6:25:46,5:31:37,0:06:46,0:05:45,13:41:14,5479,23146,19897,406,345,49274,1726,1497,167,1857,1608,189,1694,1488,169,1726,1497,167,Finisher,1336
Siina,Matihaldi,Siina Matihaldi,238,F25-29,,Amsterdam,North Holland,Finland,FI,1:11:48,7:06:00,4:58:08,0:17:19,0:08:10,13:41:24,4308,25560,17888,1039,490,49284,1727,230,6,1059,101,7,1821,240,7,1727,230,6,Finisher,1934
Reynaldo,Monteiro Neto,Reynaldo Monteiro Neto,2173,M65-69,Male,Sao Paulo,SP,Brazil,BR,1:06:20,6:26:42,5:41:44,0:17:06,0:09:48,13:41:41,3980,23202,20504,1026,588,49301,1728,1498,11,654,593,1,1608,1423,11,1728,1498,11,Finisher,3241
GIULIANO,BORDIN TRINDADE,GIULIANO BORDIN TRINDADE,1538,M45-49,Male,SAO PAULO,SP,Brazil,BR,1:17:33,6:13:30,6:00:49,0:07:13,0:03:32,13:42:36,4653,22410,21649,433,212,49356,1729,1499,290,1466,1299,247,1532,1360,266,1729,1499,290,Finisher,1350
Cristiano,Berezoski Schattschneider,Cristiano Berezoski Schattschneider,1866,M50-54,Male,Joinville,Santa Catarina,Brazil,BR,1:08:18,6:37:33,5:20:19,0:17:23,0:19:38,13:43:10,4098,23853,19219,1043,1178,49390,1730,1500,168,795,724,61,1688,1482,167,1730,1500,168,Finisher,1313
FLORENCIA Eva,Dominguez,FLORENCIA Eva Dominguez,277,F35-39,Female,CABA,AR-B,Argentina,AR,1:18:48,6:31:51,5:27:19,0:11:15,0:14:32,13:43:44,4728,23511,19639,675,872,49424,1731,231,40,1537,184,31,1681,205,37,1731,231,40,Finisher,1935
Andre,Felipe Da Silva,Andre Felipe Da Silva,1058,M40-44,Male,Sao Jose,SC,Brazil,BR,1:16:39,6:59:17,5:00:20,0:14:42,0:13:01,13:43:59,4599,25157,18020,882,781,49439,1732,1501,378,1414,1254,307,1810,1575,391,1732,1501,378,Finisher,1000
MARCOS,VALENTINI,MARCOS VALENTINI,2033,M55-59,Male,Rio de Janeiro,RJ,Brazil,BR,1:30:26,6:43:19,5:00:57,0:12:49,0:16:33,13:44:05,5426,24199,18057,769,993,49445,1733,1502,73,1846,1603,73,1797,1563,75,1733,1502,73,Finisher,2024
Lauro,Machado Neto,Lauro Machado Neto,2069,M55-59,Male,Porto Alegre,RIO GRANDE DO SUL,Brazil,BR,1:16:08,5:58:09,6:09:55,0:10:39,0:09:20,13:44:11,4568,21489,22195,639,560,49451,1734,1503,74,1379,1226,44,1400,1248,46,1734,1503,74,Finisher,2023
Victor,Lincoln De Alencar Reis,Victor Lincoln De Alencar Reis,642,M35-39,Male,São Paulo,São Paulo,Brazil,BR,1:26:07,6:48:50,5:06:08,0:12:31,0:10:48,13:44:24,5167,24530,18368,751,648,49464,1735,1504,272,1785,1557,270,1799,1565,275,1735,1504,272,Finisher,1178
PABLO,MARCELO FRASCAROLLI,PABLO MARCELO FRASCAROLLI,2123,M60-64,Male,GUALEGUAYCHU,E,Argentina,AR,1:13:29,6:45:43,5:32:22,0:08:07,0:06:29,13:46:09,4409,24343,19942,487,389,49569,1736,1505,23,1195,1074,21,1716,1504,30,1736,1505,23,Finisher,2263
Derek,Vieira De Faria Almeida,Derek Vieira De Faria Almeida,1082,M40-44,Male,Aracaju,SE,Brazil,BR,1:23:18,6:17:46,5:44:08,0:10:06,0:11:13,13:46:30,4998,22666,20648,606,673,49590,1737,1506,379,1711,1493,367,1615,1429,357,1737,1506,379,Finisher,1000
ROGERIO,TSUKUDA,ROGERIO TSUKUDA,1965,M50-54,Male,INDAIATUBA,SP,Brazil,BR,1:11:48,6:44:21,5:31:02,0:11:37,0:07:51,13:46:40,4308,24261,19862,697,471,49600,1738,1507,169,1060,959,91,1718,1505,171,1738,1507,169,Finisher,1271
Anfremon D' Amazonas,Monteiro Neto,Anfremon D' Amazonas Monteiro Neto,1793,M50-54,Male,Manaus,AM,Brazil,BR,1:09:24,6:47:50,5:24:39,0:13:07,0:11:42,13:46:42,4164,24470,19479,787,702,49602,1739,1508,170,872,792,71,1736,1518,174,1739,1508,170,Finisher,1270
Antonio,Carlos Marques Gundim,Antonio Carlos Marques Gundim,2135,M60-64,Male,Fortaleza,CE,Brazil,BR,1:19:59,6:08:00,5:48:17,0:11:38,0:18:56,13:46:50,4799,22080,20897,698,1136,49610,1740,1509,24,1592,1397,28,1540,1367,25,1740,1509,24,Finisher,2255
LUCAS,BURITI DOS SANTOS,LUCAS BURITI DOS SANTOS,200,M25-29,Male,AMERICANA,SP,Brazil,BR,1:28:05,6:34:31,5:26:04,0:08:32,0:09:49,13:47:00,5285,23671,19564,512,589,49620,1741,1510,71,1818,1585,77,1738,1519,72,1741,1510,71,Finisher,1000
JADER,AUGUSTO NACUR GAULIKI,JADER AUGUSTO NACUR GAULIKI,413,M30-34,Male,CURITIBA,PR,Brazil,BR,1:15:10,6:14:50,5:55:40,0:10:48,0:10:57,13:47:25,4510,22490,21340,648,657,49645,1742,1511,173,1316,1174,135,1550,1375,162,1742,1511,173,Finisher,1365
Carla,De Carvalho Martins,Carla De Carvalho Martins,560,F40-44,Female,CAMPINAS,SAO PAULO,Brazil,BR,1:36:45,6:58:06,4:43:14,0:18:17,0:11:23,13:47:46,5805,25086,16994,1097,683,49666,1743,232,50,1893,259,53,1858,251,54,1743,232,50,Finisher,1643
Eduardo,Hector Menichelli,Eduardo Hector Menichelli,2159,M60-64,Male,Buenos Aires,LOMAS,Argentina,AR,1:22:41,6:16:25,5:48:21,0:14:50,0:05:34,13:47:51,4961,22585,20901,890,334,49671,1744,1512,25,1693,1477,31,1634,1445,28,1744,1512,25,Finisher,2243
ALEXANDRE,NAMBA,ALEXANDRE NAMBA,2018,M55-59,Male,SAO PAULO,SP,Brazil,BR,1:24:08,6:58:14,4:49:56,0:23:10,0:13:28,13:48:54,5048,25094,17396,1390,808,49734,1745,1513,75,1735,1513,65,1844,1597,79,1745,1513,75,Finisher,1966
Diego,Mazzucchelli Alonso,Diego Mazzucchelli Alonso,939,M40-44,Male,Marilia,SP,Brazil,BR,1:16:55,6:46:31,5:20:45,0:12:10,0:12:43,13:49:04,4615,24391,19245,730,763,49744,1746,1514,380,1424,1263,309,1754,1531,381,1746,1514,380,Finisher,1000
Daniel,Martins Goncalves,Daniel Martins Goncalves,338,M30-34,Male,,,Brazil,BR,1:10:55,7:05:06,5:03:15,0:13:18,0:16:48,13:49:23,4255,25506,18195,798,1008,49763,1747,1515,174,996,903,106,1808,1573,179,1747,1515,174,Finisher,1341
Fanucchi Roberto,Claudio,Fanucchi Roberto Claudio,2144,M60-64,Male,Pergamino,AR-B,Argentina,AR,1:24:41,6:36:31,5:29:27,0:12:00,0:07:01,13:49:40,5081,23791,19767,720,421,49780,1748,1516,26,1753,1528,33,1745,1524,32,1748,1516,26,Finisher,2221
AROLDO,TROTTI TEIXEIRA,AROLDO TROTTI TEIXEIRA,1203,M40-44,Male,SAO PAULO,SP,Brazil,BR,1:43:55,6:13:57,5:11:52,0:29:59,0:10:32,13:50:15,6235,22437,18712,1799,632,49815,1749,1517,381,1928,1663,407,1802,1568,390,1749,1517,381,Finisher,1000
Rafael,Arakaki,Rafael Arakaki,1297,M40-44,Male,Sorocaba,SP,Brazil,BR,1:11:02,6:03:45,6:10:32,0:16:16,0:08:54,13:50:29,4262,21825,22232,976,534,49829,1750,1518,382,1001,908,225,1473,1310,333,1750,1518,382,Finisher,1000
Santiago,Ferreira Soares,Santiago Ferreira Soares,940,M40-44,Male,,,Brazil,BR,1:25:00,6:59:18,4:59:19,0:13:32,0:13:25,13:50:34,5100,25158,17959,812,805,49834,1751,1519,383,1762,1537,377,1829,1587,395,1751,1519,383,Finisher,1000
Polyana,Furtado Silva,Polyana Furtado Silva,255,F30-34,Female,Belo Horizonte,BR-MG,Brazil,BR,1:22:00,6:16:47,5:22:20,0:25:44,0:24:05,13:50:57,4920,22607,19340,1544,1445,49857,1752,233,33,1666,211,33,1701,208,32,1752,233,33,Finisher,1926
Rob,White,Rob White,2211,M60-64,Male,Oregon City,OR,United States,US,1:09:56,5:48:53,6:37:13,0:08:36,0:06:56,13:51:34,4196,20933,23833,516,416,49894,1753,1520,27,919,833,11,1200,1087,17,1753,1520,27,Finisher,2198
Carla,Hage Menezes Maia,Carla Hage Menezes Maia,550,F40-44,Female,Salvador,BA,Brazil,BR,1:15:21,7:05:10,5:02:58,0:16:46,0:11:47,13:52:01,4521,25510,18178,1006,707,49921,1754,234,51,1330,143,25,1827,241,50,1754,234,51,Finisher,1592
Pedro,Mendes Junior,Pedro Mendes Junior,1733,M45-49,Male,,,Brazil,BR,1:16:44,5:37:34,6:29:52,0:14:22,0:14:01,13:52:32,4604,20254,23392,862,841,49952,1755,1521,291,1417,1257,240,1216,1102,221,1755,1521,291,Finisher,1231
Milagros,Larrivey,Milagros Larrivey,245,F30-34,Female,Gualeguaychu,,Argentina,AR,1:30:47,6:54:20,5:14:36,0:09:04,0:04:19,13:53:05,5447,24860,18876,544,259,49985,1756,235,34,1851,245,35,1819,239,34,1756,235,34,Finisher,1901
Renata,De Oliveira Valentim,Renata De Oliveira Valentim,507,F35-39,Female,Sao Paulo,SAO PAULO,Brazil,BR,1:18:12,6:35:37,5:28:17,0:14:35,0:17:30,13:54:11,4692,23737,19697,875,1050,50051,1757,236,41,1504,179,30,1722,214,39,1757,236,41,Finisher,1810
Miguel,Lasalvia,Miguel Lasalvia,2169,M65-69,Male,Rio de janeiro,RJ,Brazil,BR,1:07:47,5:50:05,6:41:54,0:08:08,0:09:06,13:57:00,4067,21005,24114,488,546,50220,1758,1522,12,755,685,2,1181,1070,4,1758,1522,12,Finisher,3057
LUIS,FELIPE GATTO MOSQUERA,LUIS FELIPE GATTO MOSQUERA,1929,M50-54,Male,SAO PAULO,SP,Brazil,BR,1:20:31,6:33:30,5:43:20,0:09:59,0:10:00,13:57:20,4831,23610,20600,599,600,50240,1759,1523,171,1610,1413,161,1695,1489,170,1759,1523,171,Finisher,1143
Patrik,Bastos Novaes,Patrik Bastos Novaes,205,M25-29,Male,Santos Dumont,MG,Brazil,BR,1:28:00,7:32:59,4:35:06,0:14:30,0:06:53,13:57:28,5280,27179,16506,870,413,50248,1760,1524,72,1816,1583,76,1892,1631,75,1760,1524,72,Finisher,1000
MARTIN,DUBOIS,MARTIN DUBOIS,1821,M50-54,Male,CABA,CIUDAD AUTONOMA DE BUENOS AIRES,Argentina,AR,1:05:54,5:35:58,7:02:59,0:06:18,0:07:02,13:58:11,3954,20158,25379,378,422,50291,1761,1525,172,623,565,47,897,825,69,1761,1525,172,Finisher,1133
Edgardo,Rodolfo Ramon,Edgardo Rodolfo Ramon,2160,M60-64,Male,Cordoba,X,Argentina,AR,1:40:37,6:32:43,5:25:40,0:10:39,0:08:57,13:58:37,6037,23563,19540,639,537,50317,1762,1526,28,1914,1651,38,1786,1555,35,1762,1526,28,Finisher,2113
Victor,Lameiro Pereira,Victor Lameiro Pereira,864,M35-39,Male,,,Brazil,BR,1:15:36,6:27:13,5:38:27,0:17:56,0:19:33,13:58:44,4536,23233,20307,1076,1173,50324,1763,1527,273,1341,1196,216,1670,1468,259,1763,1527,273,Finisher,1006
Josué,Teles,Josué Teles,293,M30-34,Male,Palhoça,Santa Catarina,Brazil,BR,1:29:12,5:51:24,6:07:10,0:18:00,0:13:01,13:58:47,5352,21084,22030,1080,781,50327,1764,1528,175,1829,1593,181,1534,1362,159,1764,1528,175,Finisher,1229
Carlos,Ricardo Luz,Carlos Ricardo Luz,1773,M50-54,Male,Balneario Camboriu,SC,Brazil,BR,1:20:37,6:50:13,5:21:00,0:13:25,0:13:41,13:58:55,4837,24613,19260,805,821,50335,1765,1529,173,1618,1418,163,1789,1557,180,1765,1529,173,Finisher,1124
Franciele,Mulek,Franciele Mulek,506,F35-39,Female,Fazenda Rio Grande,PR,Brazil,BR,1:20:56,6:28:57,5:37:41,0:15:29,0:16:03,13:59:05,4856,23337,20261,929,963,50345,1766,237,42,1633,204,36,1704,209,38,1766,237,42,Finisher,1751
Romulo,Manso Damasceno,Romulo Manso Damasceno,1401,M45-49,Male,Rio De Janeiro,RJ,Brazil,BR,1:13:03,6:28:24,5:57:10,0:11:14,0:09:26,13:59:18,4383,23304,21430,674,566,50358,1767,1530,292,1169,1054,204,1626,1438,283,1767,1530,292,Finisher,1149
Brunno,Marcell De Assis Silva,Brunno Marcell De Assis Silva,1488,M45-49,Male,Campina Grande,PB,Brazil,BR,1:34:40,6:06:39,6:01:50,0:09:16,0:07:04,13:59:29,5680,21999,21710,556,424,50369,1768,1531,293,1878,1625,311,1609,1424,282,1768,1531,293,Finisher,1147
Jayth,Araujo Gomes,Jayth Araujo Gomes,1033,M40-44,Male,Manacapuru,AM,Brazil,BR,1:31:06,6:20:55,5:55:29,0:07:56,0:04:02,13:59:29,5466,22855,21329,476,242,50369,1769,1532,384,1855,1607,393,1667,1466,369,1769,1532,384,Finisher,1000
Roberto,Toscano,Roberto Toscano,2126,M60-64,Male,São Paulo,Intl State,Brazil,BR,1:13:17,6:42:01,5:29:17,0:21:31,0:14:11,14:00:18,4397,24121,19757,1291,851,50418,1770,1533,29,1184,1064,20,1763,1539,33,1770,1533,29,Finisher,2093
DANTON,SPOHR CORREA,DANTON SPOHR CORREA,2029,M55-59,Male,FLORIANOPOLIS,SC,Brazil,BR,1:34:28,6:32:24,5:28:37,0:10:07,0:15:12,14:00:48,5668,23544,19717,607,912,50448,1771,1534,76,1877,1624,76,1764,1540,69,1771,1534,76,Finisher,1823
Rafael,Gomes Finoti,Rafael Gomes Finoti,1507,M45-49,Male,Florianopolis,SC,Brazil,BR,1:13:58,7:21:36,5:05:12,0:12:46,0:07:26,14:00:59,4438,26496,18312,766,446,50459,1772,1535,294,1223,1098,210,1849,1600,308,1772,1535,294,Finisher,1129
Gustavo,Salamonde Costa,Gustavo Salamonde Costa,1960,M50-54,Male,,,Brazil,BR,1:25:14,6:38:56,5:25:35,0:21:20,0:09:57,14:01:02,5114,23936,19535,1280,597,50462,1773,1536,174,1769,1543,183,1793,1560,181,1773,1536,174,Finisher,1098
Fernando,Frazatto,Fernando Frazatto,1597,M45-49,Male,Campinas,SP,Brazil,BR,1:37:36,6:42:52,5:22:57,0:08:49,0:08:57,14:01:12,5856,24172,19377,529,537,50472,1774,1537,295,1898,1638,317,1807,1572,299,1774,1537,295,Finisher,1127
RAFAEL,CASTRO MACIEL DA SILVA,RAFAEL CASTRO MACIEL DA SILVA,1175,M40-44,Male,LAURO DE FREITAS,BA,Brazil,BR,1:18:39,6:39:42,5:38:15,0:16:18,0:08:38,14:01:31,4719,23982,20295,978,518,50491,1775,1538,385,1525,1342,332,1752,1529,380,1775,1538,385,Finisher,1000
Bianca,Maila Da Silva,Bianca Maila Da Silva,226,F25-29,Female,Ilha Comprida,SP,Brazil,BR,1:08:34,6:09:30,6:28:37,0:07:31,0:07:44,14:01:57,4114,22170,23317,451,464,50517,1776,238,7,816,76,5,1413,154,5,1776,238,7,Finisher,1687
Rafael,Nilo Labruna,Rafael Nilo Labruna,1027,M40-44,Male,Sao Jose Dos Campos,SP,Brazil,BR,1:22:37,6:22:14,5:57:56,0:10:18,0:09:12,14:02:17,4957,22934,21476,618,552,50537,1777,1539,386,1691,1475,366,1642,1449,364,1777,1539,386,Finisher,1000
Gabriel,Dantas De Oliveira,Gabriel Dantas De Oliveira,155,M25-29,Male,,,Brazil,BR,1:15:47,7:23:53,4:43:21,0:24:56,0:14:29,14:02:25,4547,26633,17001,1496,869,50545,1778,1540,73,1355,1206,65,1874,1616,74,1778,1540,73,Finisher,1000
Luciano,DelSanto,Luciano DelSanto,1887,M50-54,Male,SAO PAULO,SAO PAULO,Brazil,BR,1:16:23,6:26:00,5:51:09,0:12:06,0:17:25,14:03:03,4583,23160,21069,726,1045,50583,1779,1541,175,1397,1240,140,1637,1447,158,1779,1541,175,Finisher,1074
Clarissa,Mattana,Clarissa Mattana,1375,F45-49,Female,Curitiba ,Paraná ,Brazil,BR,1:24:18,6:42:09,5:42:52,0:07:26,0:06:20,14:03:04,5058,24129,20572,446,380,50584,1780,239,53,1741,223,43,1749,222,47,1780,239,53,Finisher,1744
Isis Cristhina,Ramos Duques De Castro,Isis Cristhina Ramos Duques De Castro,1343,F45-49,Female,Lauro de Freitas,Bahia,Brazil,BR,1:31:42,6:35:33,5:24:21,0:18:03,0:13:35,14:03:13,5502,23733,19461,1083,815,50593,1781,240,54,1862,250,54,1792,233,51,1781,240,54,Finisher,1742
Luciano,Oliveira,Luciano Oliveira,1546,M45-49,Male,CANOAS,BR-RS,Brazil,BR,1:09:38,7:19:08,5:16:37,0:09:22,0:08:30,14:03:14,4178,26348,18997,562,510,50594,1782,1542,296,888,805,153,1832,1588,303,1782,1542,296,Finisher,1102
Antonio,Jose Souza Goes,Antonio Jose Souza Goes,2128,M60-64,Male,Salvador,BA,Brazil,BR,1:26:03,6:48:05,5:12:25,0:17:49,0:20:28,14:04:50,5163,24485,18745,1069,1228,50690,1783,1543,30,1783,1555,34,1812,1576,37,1783,1543,30,Finisher,2039
NEY,ROBSON FIALHO BEZERRA,NEY ROBSON FIALHO BEZERRA,2166,M65-69,Male,JOAO PESSOA,PB,Brazil,BR,1:24:32,7:04:31,5:07:54,0:19:14,0:08:47,14:04:58,5072,25471,18474,1154,527,50698,1784,1544,13,1746,1522,14,1848,1599,14,1784,1544,13,Finisher,2961
Walter,Saes ,Walter Saes,1553,M45-49,Male,São Paulo,BR-SP,Brazil,BR,1:20:10,6:40:34,5:20:11,0:22:06,0:23:11,14:06:12,4810,24034,19211,1326,1391,50772,1785,1545,297,1598,1403,265,1784,1553,298,1785,1545,297,Finisher,1067
Magno,Nascimento De Oliveira,Magno Nascimento De Oliveira,985,M40-44,Male,Praia Grande,SP,Brazil,BR,1:39:14,6:35:02,5:34:15,0:12:05,0:05:38,14:06:14,5954,23702,20055,725,338,50774,1786,1546,387,1907,1646,401,1796,1562,388,1786,1546,387,Finisher,1000
Guillermo,Otárola Carcey,Guillermo Otárola Carcey,1469,M45-49,Male,Pudahuel,CL-RM,Chile,CL,1:23:01,6:58:36,5:18:22,0:14:20,0:12:23,14:06:42,4981,25116,19102,860,743,50802,1787,1547,298,1700,1483,281,1823,1583,300,1787,1547,298,Finisher,1061
Dilvis,da Silva Lambaret,Dilvis da Silva Lambaret,825,M35-39,Male,Pinhais,BR-PR,Brazil,BR,1:23:33,6:34:41,5:45:46,0:11:00,0:12:41,14:07:40,5013,23681,20746,660,761,50860,1788,1548,274,1721,1503,263,1731,1515,268,1788,1548,274,Finisher,1000
Natalia,Giovanini,Natalia Giovanini,532,F40-44,Female,Sao Paulo,SP,Brazil,BR,1:04:28,7:09:18,5:38:57,0:08:22,0:06:43,14:07:48,3868,25758,20337,502,403,50868,1789,241,52,530,48,9,1781,231,49,1789,241,52,Finisher,1403
ALEXANDRE,LEAO,ALEXANDRE LEAO,392,M30-34,Male,SAO BERNARDO DO CAMPO,SP,Brazil,BR,1:18:51,6:00:03,6:34:38,0:07:46,0:06:41,14:07:59,4731,21603,23678,466,401,50879,1790,1549,176,1539,1354,158,1424,1267,146,1790,1549,176,Finisher,1118
Camila,Gusson,Camila Gusson,553,F40-44,Female,Sao Paulo,SP,Brazil,BR,1:18:13,6:33:09,5:47:07,0:14:29,0:15:36,14:08:34,4693,23589,20827,869,936,50914,1791,242,53,1505,180,37,1709,210,44,1791,242,53,Finisher,1393
Gabriel,Maia E Silva,Gabriel Maia E Silva,779,M35-39,Male,Joinville,SC,Brazil,BR,1:17:02,7:00:33,5:24:59,0:16:08,0:11:04,14:09:45,4622,25233,19499,968,664,50985,1792,1550,275,1431,1269,228,1817,1580,276,1792,1550,275,Finisher,1000
Ana,Clara Mendes Monteiro,Ana Clara Mendes Monteiro,2195,F30-34,Female,Sao Paulo,SP,Brazil,BR,1:29:32,6:30:32,5:43:46,0:20:05,0:08:12,14:12:07,5372,23432,20626,1205,492,51127,1793,243,35,1836,240,34,1773,229,33,1793,243,35,Finisher,1672
Fernando,Diaz Monini,Fernando Diaz Monini,1440,M45-49,Male,Buenos Aires,CABA,Argentina,AR,1:16:24,7:46:06,4:49:43,0:12:50,0:07:56,14:12:59,4584,27966,17383,770,476,51179,1794,1551,299,1398,1241,238,1891,1630,314,1794,1551,299,Finisher,1000
ADRIANO ,XAVIER,ADRIANO XAVIER,2027,M55-59,,São Paulo,SAO PAULO,Brazil,BR,1:22:58,6:48:05,5:47:09,0:09:22,0:06:33,14:14:08,4978,24485,20829,562,393,51248,1795,1552,77,1698,1481,60,1775,1546,70,1795,1552,77,Finisher,1663
MICHEL,CANATO CHAMOUN,MICHEL CANATO CHAMOUN,861,M35-39,Male,CURITIBA,PR,Brazil,BR,1:26:46,7:09:36,5:04:53,0:22:16,0:11:09,14:14:40,5206,25776,18293,1336,669,51280,1796,1553,276,1798,1569,274,1863,1610,280,1796,1553,276,Finisher,1000
Norma,Bacelar Barbalho,Norma Bacelar Barbalho,2116,F60-64,Female,,,Brazil,BR,1:29:04,7:37:04,4:45:24,0:16:40,0:08:27,14:16:40,5344,27424,17124,1000,507,51400,1797,244,6,1827,235,6,1896,263,8,1797,244,6,Finisher,2719
Márcia,Cavalcante Da Costa,Márcia Cavalcante Da Costa,1981,F50-54,Female,guarulhos,São Paulo,Brazil,BR,1:29:29,6:56:56,5:29:37,0:11:36,0:09:34,14:17:12,5369,25016,19777,696,574,51432,1798,245,22,1835,239,22,1830,243,22,1798,245,22,Finisher,2386
Flaviano,Jose Barbosa Sampaio,Flaviano Jose Barbosa Sampaio,1545,M45-49,Male,Teresina,Piaui,Brazil,BR,1:22:43,6:52:49,5:31:31,0:20:40,0:09:59,14:17:41,4963,24769,19891,1240,599,51461,1799,1554,300,1695,1478,279,1824,1584,301,1799,1554,300,Finisher,1000
Andrea,Muller Garcez,Andrea Muller Garcez,1979,F50-54,Female,Rio De Janeiro,RJ,Brazil,BR,1:21:04,7:08:43,5:29:30,0:10:23,0:08:52,14:18:31,4864,25723,19770,623,532,51511,1800,246,23,1635,205,16,1836,246,23,1800,246,23,Finisher,2371
Victor,Marinho De Azevedo Novazzi Pinto,Victor Marinho De Azevedo Novazzi Pinto,916,M40-44,Male,Sao Paulo,SP,Brazil,BR,1:37:18,7:02:46,5:10:41,0:19:18,0:14:20,14:24:22,5838,25366,18641,1158,860,51862,1801,1555,388,1897,1637,397,1867,1612,398,1801,1555,388,Finisher,1000
Ariadna ,Kristal,Ariadna Kristal,587,F40-44,Female,Yerba Buena,AR-T,Argentina,AR,1:20:20,7:08:43,5:34:21,0:09:00,0:12:11,14:24:36,4820,25723,20061,540,731,51876,1802,247,54,1602,196,42,1831,244,52,1802,247,54,Finisher,1201
Italo,Petrucci Serrano,Italo Petrucci Serrano,1088,M40-44,Male,Joao Pessoa,PB,Brazil,BR,1:12:26,7:09:35,5:36:48,0:18:42,0:07:49,14:25:20,4346,25775,20208,1122,469,51920,1803,1556,389,1117,1007,250,1837,1591,396,1803,1556,389,Finisher,1000
Pedro,Henrik Castro Amorim Souza Damasceno,Pedro Henrik Castro Amorim Souza Damasceno,448,M30-34,Male,Sao Paulo,SP,Brazil,BR,1:18:08,7:44:19,5:01:40,0:13:27,0:07:59,14:25:34,4688,27859,18100,807,479,51934,1804,1557,177,1502,1324,154,1893,1632,183,1804,1557,177,Finisher,1000
Andre,Motta,Andre Motta,1856,M50-54,Male,Teresópolis,BR-RJ,Brazil,BR,1:08:12,6:56:46,6:04:03,0:08:38,0:07:57,14:25:35,4092,25006,21843,518,477,51935,1805,1558,176,782,711,58,1748,1527,178,1805,1558,176,Finisher,1000
Felipe,Haruo Kawasaki,Felipe Haruo Kawasaki,813,M35-39,Male,Sao Paulo,SP,Brazil,BR,1:17:53,6:28:04,6:07:45,0:17:31,0:15:37,14:26:51,4673,23284,22065,1051,937,52011,1806,1559,277,1485,1311,236,1690,1484,262,1806,1559,277,Finisher,1000
Adriano,Peixoto,Adriano Peixoto,1844,M50-54,Male,Ribeirão Preto,Sao Paulo,Brazil,BR,1:17:42,5:46:37,7:08:34,0:08:28,0:07:12,14:28:32,4662,20797,25714,508,432,52112,1807,1560,177,1476,1307,152,1265,1142,103,1807,1560,177,Finisher,1000
Carlos,César Rodrigues Vieira Junior,Carlos César Rodrigues Vieira Junior,349,M30-34,Male,Osasco,,Brazil,BR,1:12:31,7:25:12,5:24:39,0:13:49,0:12:35,14:28:46,4351,26712,19479,829,755,52126,1808,1561,178,1125,1015,117,1854,1604,180,1808,1561,178,Finisher,1000
Ivan,Ariel Yelin,Ivan Ariel Yelin,2067,M55-59,Male,Rosario,Santa Fe,Argentina,AR,1:14:06,6:49:36,6:05:27,0:12:34,0:07:26,14:29:10,4446,24576,21927,754,446,52150,1809,1562,78,1234,1107,38,1759,1536,68,1809,1562,78,Finisher,1483
Maria,Silvina,Maria Silvina,2015,F55-59,Female,,,Argentina,AR,1:14:06,6:49:42,6:05:27,0:12:29,0:07:26,14:29:10,4446,24582,21927,749,446,52150,1810,248,7,1233,127,4,1761,224,5,1810,248,7,Finisher,2241
ALESSANDRO,DANTAS DOS SANTOS,ALESSANDRO DANTAS DOS SANTOS,1873,M50-54,Male,SAO JOAO DA BOA VISTA,SP,Brazil,BR,1:21:37,6:37:05,6:08:58,0:13:22,0:08:19,14:29:21,4897,23825,22138,802,499,52161,1811,1563,178,1656,1447,168,1740,1521,175,1811,1563,178,Finisher,1000
Paulo,Grechi De Almeida,Paulo Grechi De Almeida,1079,M40-44,Male,Sao Paulo,SP,Brazil,BR,1:43:18,6:59:41,5:13:53,0:21:02,0:11:28,14:29:22,6198,25181,18833,1262,688,52162,1812,1564,390,1926,1661,406,1873,1615,400,1812,1564,390,Finisher,1000
Leonam,Rodrigues,Leonam Rodrigues,829,M35-39,Male,Maceió,BR-AL,Brazil,BR,1:08:29,6:56:23,6:10:07,0:11:25,0:06:45,14:33:09,4109,24983,22207,685,405,52389,1813,1565,278,809,736,146,1760,1537,272,1813,1565,278,Finisher,1000
Diogo,Sá,Diogo Sá,1477,M45-49,Male,Recife,PE,Brazil,BR,1:07:34,6:28:12,6:32:48,0:13:08,0:13:19,14:35:02,4054,23292,23568,788,799,52502,1814,1566,301,736,670,118,1594,1411,278,1814,1566,301,Finisher,1000
Vanessa,Peres Gardesani,Vanessa Peres Gardesani,522,F35-39,Female,Cotia,SP,Brazil,BR,1:22:14,7:29:54,5:24:28,0:10:33,0:08:52,14:36:01,4934,26994,19468,633,532,52561,1815,249,43,1677,213,37,1871,257,43,1815,249,43,Finisher,1308
Matheus,Almada Selleti,Matheus Almada Selleti,184,M25-29,Male,Curitiba,PR,Brazil,BR,1:16:13,7:04:41,5:54:39,0:07:41,0:13:56,14:37:09,4573,25481,21279,461,836,52629,1816,1567,74,1386,1231,66,1804,1570,73,1816,1567,74,Finisher,1000
MARCIA,DE LOURDES PEREIRA MENDES,MARCIA DE LOURDES PEREIRA MENDES,2013,F55-59,Female,FRANCA,SP,Brazil,BR,1:12:58,7:33:09,5:28:06,0:15:22,0:08:38,14:38:13,4378,27189,19686,922,518,52693,1817,250,8,1164,114,3,1869,256,9,1817,250,8,Finisher,2132
Angélica,Conalbi Lacroix,Angélica Conalbi Lacroix,233,F25-29,Female,Luján de Cuyo,AR-M,Argentina,AR,1:16:11,7:26:08,5:33:28,0:14:15,0:10:23,14:40:26,4571,26768,20008,855,623,52826,1818,251,8,1384,154,8,1861,253,9,1818,251,8,Finisher,1225
Glaucio,Coelho,Glaucio Coelho,1871,M50-54,Male,Niteroi,RJ,Brazil,BR,1:19:27,6:25:01,6:27:57,0:16:52,0:13:45,14:43:01,4767,23101,23277,1012,825,52981,1819,1568,179,1569,1376,156,1675,1472,163,1819,1568,179,Finisher,1000
Fábio ,Laurentino ,Fábio Laurentino,1751,M45-49,Male,Niteroi ,BR-RJ,Brazil,BR,1:42:19,7:06:13,5:30:57,0:13:57,0:10:08,14:43:34,6139,25573,19857,837,608,53014,1820,1569,302,1922,1658,320,1870,1614,313,1820,1569,302,Finisher,1000
Marco Bruno,Manzolillo,Marco Bruno Manzolillo,2156,M60-64,Male,Florianópolis,SC,Brazil,BR,1:31:41,6:37:15,6:03:37,0:14:31,0:16:40,14:43:44,5501,23835,21817,871,1000,53024,1821,1570,31,1861,1612,36,1785,1554,34,1821,1570,31,Finisher,1572
Maria,Dias,Maria Dias,232,F25-29,Female,Fortaleza,Ceará,Brazil,BR,1:39:18,6:56:03,5:33:35,0:18:53,0:16:49,14:44:37,5958,24963,20015,1133,1009,53077,1822,252,9,1908,262,9,1859,252,8,1822,252,9,Finisher,1175
MAURO,SCHEER LUIS,MAURO SCHEER LUIS,1542,M45-49,Male,EUSEBIO,CE,Brazil,BR,1:26:27,7:01:44,5:53:36,0:12:53,0:10:42,14:45:22,5187,25304,21216,773,642,53122,1823,1571,303,1791,1563,296,1839,1592,305,1823,1571,303,Finisher,1000
Marcos,Zampiroli Borghese,Marcos Zampiroli Borghese,1601,M45-49,Male,Sao Paulo,SP,Brazil,BR,1:11:32,6:56:47,5:52:43,0:34:10,0:10:37,14:45:48,4292,25007,21163,2050,637,53148,1824,1572,304,1033,934,179,1841,1594,306,1824,1572,304,Finisher,1000
Amanda,Peniche Dos Santos,Amanda Peniche Dos Santos,282,F35-39,Female,,,Brazil,BR,1:34:54,7:11:45,5:33:41,0:12:41,0:13:16,14:46:17,5694,25905,20021,761,796,53177,1825,253,44,1880,255,43,1866,255,42,1825,253,44,Finisher,1185
Paulo,Elidio Goes Furtado,Paulo Elidio Goes Furtado,1966,M50-54,Male,Barcarena,PA,Brazil,BR,1:10:21,6:04:36,7:07:04,0:14:19,0:12:59,14:49:18,4221,21876,25624,859,779,53358,1826,1573,180,944,855,77,1451,1293,132,1826,1573,180,Finisher,1000
Julius,David Rozenbaum,Julius David Rozenbaum,2137,M60-64,Male,,,Brazil,BR,1:15:13,6:29:58,6:32:46,0:16:15,0:16:08,14:50:20,4513,23398,23566,975,968,53420,1827,1574,32,1321,1179,23,1676,1473,29,1827,1574,32,Finisher,1493
Julia,Coelho,Julia Coelho,222,F18-24,Female,Lauro de Freitas,Bahia,Brazil,BR,1:23:54,7:26:05,5:31:38,0:16:27,0:12:20,14:50:25,5034,26765,19898,987,740,53425,1828,254,7,1731,222,7,1878,259,7,1828,254,7,Finisher,1742
Stuart,Hume,Stuart Hume,2066,M55-59,Male,Southend,ESS,United Kingdom,GB,1:25:13,7:05:05,5:46:52,0:20:00,0:13:36,14:50:45,5113,25505,20812,1200,816,53445,1829,1575,79,1768,1542,69,1852,1602,80,1829,1575,79,Finisher,1224
Rafael,Campelo,Rafael Campelo,1403,M45-49,Male,Aracaju,SE,Brazil,BR,1:20:41,7:16:45,5:49:41,0:14:11,0:09:57,14:51:15,4841,26205,20981,851,597,53475,1830,1576,305,1624,1423,267,1855,1605,310,1830,1576,305,Finisher,1000
Maicon,Da Cunha Cantelli,Maicon Da Cunha Cantelli,1322,M40-44,Male,CASCAVEL,PR,Brazil,BR,1:43:11,7:18:50,5:33:53,0:09:03,0:08:37,14:53:33,6191,26330,20033,543,517,53613,1831,1577,391,1925,1660,405,1886,1626,403,1831,1577,391,Finisher,1000
CLAUDIO,SALATINO,CLAUDIO SALATINO,2149,M60-64,Male,BUENOS AIRES,B,Argentina,AR,1:38:15,6:31:05,6:22:32,0:15:46,0:06:58,14:54:36,5895,23465,22952,946,418,53676,1832,1578,33,1903,1642,37,1791,1559,36,1832,1578,33,Finisher,1442
Eron,Silva Junior,Eron Silva Junior,1498,M45-49,Male,Lauro de Freitas,Bahia,Brazil,BR,1:18:53,6:25:46,6:33:30,0:18:58,0:17:37,14:54:45,4733,23146,23610,1138,1057,53685,1833,1579,306,1542,1357,258,1691,1485,293,1833,1579,306,Finisher,1000
Willian,Sartorelli,Willian Sartorelli,296,M30-34,Male,Londrina,PR,Brazil,BR,1:31:31,7:21:09,5:26:19,0:17:37,0:20:18,14:56:55,5491,26469,19579,1057,1218,53815,1834,1580,179,1858,1609,183,1884,1625,182,1834,1580,179,Finisher,1000
Alexandre,Demarchi,Alexandre Demarchi,1908,M50-54,Male,Indaiatuba,BR-SP,Brazil,BR,1:23:22,7:08:46,5:58:04,0:20:06,0:07:58,14:58:16,5002,25726,21484,1206,478,53896,1835,1581,181,1713,1495,178,1856,1606,184,1835,1581,181,Finisher,1000
Rodrigo,Chaves Dantas,Rodrigo Chaves Dantas,1196,M40-44,Male,,,Brazil,BR,1:46:50,6:50:01,5:49:00,0:24:20,0:10:33,15:00:45,6410,24601,20940,1460,633,54045,1836,1582,392,1933,1667,410,1868,1613,399,1836,1582,392,Finisher,1000
Ericson,Dias,Ericson Dias,1031,M40-44,Male,SÃO CAETANO DO SUL,SP,Brazil,BR,1:25:12,7:25:39,5:47:21,0:14:05,0:08:59,15:01:16,5112,26739,20841,845,539,54076,1837,1583,393,1767,1541,378,1875,1617,401,1837,1583,393,Finisher,1000
Antonio,Pacca Neto,Antonio Pacca Neto,2176,M65-69,Male,,,Brazil,BR,1:09:45,6:34:58,6:48:14,0:21:37,0:08:39,15:03:14,4185,23698,24494,1297,519,54194,1838,1584,14,897,812,5,1711,1501,13,1838,1584,14,Finisher,2262
Marluce,Dantas De Freitas Lodi,Marluce Dantas De Freitas Lodi,2011,F55-59,Female,Rio De Janeiro,RJ,Brazil,BR,1:23:36,7:26:49,5:32:40,0:27:39,0:13:53,15:04:37,5016,26809,19960,1659,833,54277,1839,255,9,1723,220,6,1894,262,10,1839,255,9,Finisher,1816
Mario,Batigniani,Mario Batigniani,1639,M45-49,Male,São Luís,Maranhão,Brazil,BR,1:33:04,6:53:57,5:55:33,0:29:02,0:13:25,15:05:01,5584,24837,21333,1742,805,54301,1840,1585,307,1872,1620,309,1860,1608,311,1840,1585,307,Finisher,1000
Sergio,Paulo Santos Da Silva,Sergio Paulo Santos Da Silva,1737,M45-49,Male,Sao Paulo,SP,Brazil,BR,1:29:55,7:10:23,5:53:29,0:18:26,0:13:23,15:05:35,5395,25823,21209,1106,803,54335,1841,1586,308,1841,1601,307,1865,1611,312,1841,1586,308,Finisher,1000
Gabriela,Mascaretti Pavone,Gabriela Mascaretti Pavone,239,F30-34,Female,Sao Paulo,SP,Brazil,BR,1:12:47,7:43:02,5:46:18,0:14:42,0:09:09,15:05:58,4367,27782,20778,882,549,54358,1842,256,36,1144,112,14,1885,260,36,1842,256,36,Finisher,1026
Vinicius,Macedo Soares Tavares,Vinicius Macedo Soares Tavares,430,M30-34,Male,Rio de Janeiro,Rio de Janeiro,Brazil,BR,1:18:33,7:22:51,5:49:27,0:15:19,0:21:00,15:07:10,4713,26571,20967,919,1260,54430,1843,1587,180,1517,1336,157,1862,1609,181,1843,1587,180,Finisher,1000
PABLO,NISTAL,PABLO NISTAL,1914,M50-54,Male,VILLA SANTA RITA,CIUDAD AUTONOMA DE BUENOS AIRES,Argentina,AR,1:24:04,6:57:38,6:33:09,0:08:29,0:06:58,15:10:18,5044,25058,23589,509,418,54618,1844,1588,182,1734,1512,180,1809,1574,183,1844,1588,182,Finisher,1000
Joao,Victor Carniel Nunes,Joao Victor Carniel Nunes,785,M35-39,Male,Tiete,SP,Brazil,BR,1:41:52,7:14:33,5:57:30,0:10:45,0:09:45,15:14:26,6112,26073,21450,645,585,54866,1845,1589,279,1917,1653,285,1880,1621,282,1845,1589,279,Finisher,1000
Jose,George Ramalho De Freitas,Jose George Ramalho De Freitas,1284,M40-44,Male,Sao Paulo,SP,Brazil,BR,1:38:02,7:01:11,6:16:30,0:09:48,0:10:09,15:15:40,5882,25271,22590,588,609,54940,1846,1590,394,1901,1640,398,1850,1601,397,1846,1590,394,Finisher,1000
Joaquim,Da Rocha Cavalcanti,Joaquim Da Rocha Cavalcanti,1309,M40-44,Male,Rio de Janeiro,RJ,Brazil,BR,1:07:14,6:58:58,6:38:52,0:13:02,0:18:31,15:16:37,4034,25138,23932,782,1111,54997,1847,1591,395,720,655,157,1772,1544,385,1847,1591,395,Finisher,1000
Daniel,Sibille,Daniel Sibille,1518,M45-49,Male,Sao Paulo,Sao Paulo,Brazil,BR,1:42:27,7:28:27,5:35:52,0:17:58,0:14:05,15:18:49,6147,26907,20152,1078,845,55129,1848,1592,309,1923,1659,321,1901,1638,317,1848,1592,309,Finisher,1000
Humberto,Reitz Arakaki,Humberto Reitz Arakaki,1559,M45-49,Male,Rancho Queimado,SC,Brazil,BR,1:35:25,7:59:26,5:05:18,0:20:35,0:18:59,15:19:42,5725,28766,18318,1235,1139,55182,1849,1593,310,1884,1629,313,1915,1648,318,1849,1593,310,Finisher,1000
Leonardo,Coriteac,Leonardo Coriteac,1771,M50-54,Male,Sao Caetano do Sul,SP,Brazil,BR,1:25:51,7:16:52,5:49:25,0:26:24,0:25:52,15:24:24,5151,26212,20965,1584,1552,55464,1850,1594,183,1782,1554,184,1882,1623,185,1850,1594,183,Finisher,1000
GISELE,JOLY,GISELE JOLY,1384,F45-49,Female,PIRACICABA,SP,Brazil,BR,1:35:29,7:00:59,6:28:47,0:12:57,0:06:55,15:25:08,5729,25259,23327,777,415,55508,1851,257,55,1885,256,56,1851,250,56,1851,257,55,Finisher,1000
Samuel,De Oliveira Costa,Samuel De Oliveira Costa,815,M35-39,Male,Rio De Janeiro,RJ,Brazil,BR,1:15:56,7:10:04,6:39:17,0:13:40,0:07:11,15:26:08,4556,25804,23957,820,431,55568,1852,1595,280,1362,1212,219,1834,1589,278,1852,1595,280,Finisher,1000
pedro,esper,pedro esper,1445,M45-49,Male,ribeirao preto SP,SAO PAULO,Brazil,BR,1:35:45,6:56:08,6:27:14,0:13:04,0:14:29,15:26:40,5745,24968,23234,784,869,55600,1853,1596,311,1887,1631,315,1843,1596,307,1853,1596,311,Finisher,1000
Bruno,Lima Scocha,Bruno Lima Scocha,151,M25-29,Male,Sao Paulo,SP,Brazil,BR,1:42:03,8:08:30,5:16:25,0:11:28,0:11:51,15:30:17,6123,29310,18985,688,711,55817,1854,1597,75,1919,1655,78,1919,1652,77,1854,1597,75,Finisher,1000
Amilton,Gomes Ribeiro,Amilton Gomes Ribeiro,1901,M50-54,Male,,,Brazil,BR,1:22:59,8:16:26,5:37:54,0:09:17,0:08:10,15:34:46,4979,29786,20274,557,490,56086,1855,1598,184,1699,1482,176,1913,1647,189,1855,1598,184,Finisher,1000
Joao,Batista Borges,Joao Batista Borges,2183,M65-69,Male,palmas,tocantins,Brazil,BR,1:58:27,7:29:12,5:47:05,0:14:43,0:07:14,15:36:41,7107,26952,20825,883,434,56201,1856,1599,15,1944,1675,17,1911,1645,17,1856,1599,15,Finisher,1861
Alessandra,Arruda Magalhaes,Alessandra Arruda Magalhaes,2009,F55-59,Female,Fortaleza,Ceara,Brazil,BR,1:37:45,6:59:50,6:46:33,0:08:29,0:04:46,15:37:24,5865,25190,24393,509,286,56244,1857,258,10,1899,261,10,1846,248,8,1857,258,10,Finisher,1422
Pedro,Victor Roma Barbosa,Pedro Victor Roma Barbosa,602,M35-39,Male,Sao Paulo,SP,Brazil,BR,1:21:21,7:33:09,6:19:52,0:14:00,0:09:27,15:37:49,4881,27189,22792,840,567,56269,1858,1600,281,1644,1437,252,1881,1622,283,1858,1600,281,Finisher,1000
Viviane,Nogueira,Viviane Nogueira,2113,F60-64,Female,Rio de Janeiro,Rio de Janeiro,Brazil,BR,1:24:34,7:50:06,5:47:32,0:23:38,0:12:24,15:38:14,5074,28206,20852,1418,744,56294,1859,259,7,1749,225,5,1906,265,9,1859,259,7,Finisher,1741
Marcelo,Da Silva Sampaio,Marcelo Da Silva Sampaio,2174,M65-69,Male,niteroi,rj,Brazil,BR,1:24:34,7:47:32,5:44:43,0:26:13,0:15:25,15:38:26,5074,28052,20683,1573,925,56306,1860,1601,16,1748,1524,15,1907,1642,16,1860,1601,16,Finisher,1840
Gianfrancisco,Guimarães Mysczak,Gianfrancisco Guimarães Mysczak,1094,M40-44,Male,Curitiba,Paraná,Brazil,BR,1:27:30,6:19:59,7:35:13,0:09:18,0:07:01,15:39:01,5250,22799,27313,558,421,56341,1861,1602,396,1805,1574,387,1652,1456,366,1861,1602,396,Finisher,1000
Alexandre,Jose Selegatto,Alexandre Jose Selegatto,929,M40-44,Male,Campinas,SP,Brazil,BR,1:38:28,7:16:12,6:28:04,0:12:01,0:05:33,15:40:18,5908,26172,23284,721,333,56418,1862,1603,397,1904,1643,400,1879,1620,402,1862,1603,397,Finisher,1000
Cristina,Cantone,Cristina Cantone,2110,F60-64,Female,Don torcuato,AR-B,Argentina,AR,1:49:08,7:12:18,6:18:33,0:12:58,0:07:56,15:40:53,6548,25938,22713,778,476,56453,1863,260,8,1935,267,9,1889,261,7,1863,260,8,Finisher,1709
Fernando,Fantoni Fortes Brito,Fernando Fantoni Fortes Brito,295,M30-34,Male,Belo Horizonte,MG,Brazil,BR,1:25:50,7:51:28,5:47:04,0:24:31,0:17:49,15:46:43,5150,28288,20824,1471,1069,56803,1864,1604,181,1781,1553,176,1910,1644,185,1864,1604,181,Finisher,1000
Rafael,Do Carmo Ruhl,Rafael Do Carmo Ruhl,1226,M40-44,Male,Rio de Janeiro,Rio de Janeiro,Brazil,BR,1:35:06,7:45:18,5:54:10,0:18:17,0:17:39,15:50:30,5706,27918,21250,1097,1059,57030,1865,1605,398,1882,1627,395,1908,1643,406,1865,1605,398,Finisher,1000
Renato,Brito,Renato Brito,628,M35-39,Male,Sao Paulo,Sao Paulo,Brazil,BR,1:51:41,8:05:02,5:28:03,0:17:39,0:09:57,15:52:23,6701,29102,19683,1059,597,57143,1866,1606,282,1941,1673,288,1921,1653,284,1866,1606,282,Finisher,1000
Kwang,Duk Son,Kwang Duk Son,1313,M40-44,Male,Sao Paulo,SP,Brazil,BR,1:45:41,7:50:56,5:58:43,0:10:34,0:07:54,15:53:47,6341,28256,21523,634,474,57227,1867,1607,399,1930,1665,409,1912,1646,407,1867,1607,399,Finisher,1000
Maynara,Bimbato Salgueiro,Maynara Bimbato Salgueiro,2204,F35-39,Female,Curitiba,PR,Brazil,BR,1:41:20,7:38:22,6:19:01,0:10:58,0:08:33,15:58:14,6080,27502,22741,658,513,57494,1868,261,45,1915,264,45,1903,264,45,1868,261,45,Finisher,1000
Lucas,Machado Takla,Lucas Machado Takla,129,M18-24,Male,Nova Lima,MG,Brazil,BR,1:14:52,7:44:12,6:41:36,0:10:17,0:07:54,15:58:50,4492,27852,24096,617,474,57530,1869,1608,25,1291,1154,20,1883,1624,26,1869,1608,25,Finisher,1000
Walter,Colchone Netto,Walter Colchone Netto,1260,M40-44,Male,Rio de Janeiro,RJ,Brazil,BR,2:05:20,6:57:11,6:36:01,0:11:57,0:08:50,15:59:18,7520,25031,23761,717,530,57558,1870,1609,400,1946,1676,412,1890,1629,404,1870,1609,400,Finisher,1000
Alexandre,Bellotto Queluz,Alexandre Bellotto Queluz,2200,M50-54,Male,Sao Paulo,SP,Brazil,BR,1:15:37,7:36:50,6:27:33,0:21:48,0:18:16,16:00:03,4537,27410,23253,1308,1096,57603,1871,1610,185,1343,1198,131,1888,1628,187,1871,1610,185,Finisher,1000
Georgs,Niques,Georgs Niques,1690,M45-49,Male,Florianopolis,SC,Brazil,BR,1:26:42,7:41:06,6:23:00,0:15:13,0:14:21,16:00:21,5202,27666,22980,913,861,57621,1872,1611,312,1796,1568,298,1897,1634,315,1872,1611,312,Finisher,1000
Luiz Gustavo,Freitas Da Rosa,Luiz Gustavo Freitas Da Rosa,1617,M45-49,Male,Florianopolis,SC,Brazil,BR,2:05:24,7:03:23,6:23:01,0:14:20,0:14:20,16:00:28,7524,25403,22981,860,860,57628,1873,1612,313,1947,1677,322,1898,1635,316,1873,1612,313,Finisher,1000
Gustavo,Silvino,Gustavo Silvino,1109,M40-44,Male,Divinopolis,MG,Brazil,BR,1:05:23,7:57:27,6:26:30,0:18:58,0:16:04,16:04:22,3923,28647,23190,1138,964,57862,1874,1613,401,585,532,135,1895,1633,405,1874,1613,401,Finisher,1000
JEFERSON,FIGUEIREDO,JEFERSON FIGUEIREDO,2148,M60-64,Male,FLORIANOPOLIS,SC,Brazil,BR,1:29:39,8:07:40,5:56:57,0:20:51,0:12:08,16:07:15,5379,29260,21417,1251,728,58035,1875,1614,34,1838,1598,35,1917,1650,38,1875,1614,34,Finisher,1000
Lilian,Maria Dias Silva,Lilian Maria Dias Silva,579,F40-44,Female,Belem,PA,Brazil,BR,1:36:58,8:02:05,6:10:32,0:12:57,0:05:40,16:08:12,5818,28925,22232,777,340,58092,1876,262,55,1895,260,54,1914,267,55,1876,262,55,Finisher,1000
Joao,Eduardo Dias Coelho,Joao Eduardo Dias Coelho,116,M18-24,Male,,,Brazil,BR,1:23:53,7:27:13,6:59:14,0:15:17,0:12:23,16:17:59,5033,26833,25154,917,743,58679,1877,1615,26,1730,1509,23,1877,1619,25,1877,1615,26,Finisher,1000
Janaina,Campos Dias Coelho,Janaina Campos Dias Coelho,1975,F50-54,Female,,,Brazil,BR,1:36:23,8:09:36,6:02:26,0:19:42,0:09:59,16:18:06,5783,29376,21746,1182,599,58686,1878,263,24,1892,258,23,1920,268,25,1878,263,24,Finisher,1000
Milton,Cruz,Milton Cruz,2108,M55-59,Male,SAO PAULO,SP,Brazil,BR,1:22:27,6:45:10,7:29:46,0:21:38,0:21:50,16:20:51,4947,24310,26986,1298,1310,58851,1879,1616,80,1683,1468,58,1805,1571,77,1879,1616,80,Finisher,1000
Leonardo,Monteiro,Leonardo Monteiro,1517,M45-49,Male,manaus,Amazonas,Brazil,BR,1:28:52,6:48:37,7:27:00,0:22:25,0:15:31,16:22:25,5332,24517,26820,1345,931,58945,1880,1617,314,1825,1591,303,1835,1590,304,1880,1617,314,Finisher,1000
Angelo,Ricardo De Souza De Oliveira,Angelo Ricardo De Souza De Oliveira,1263,M40-44,Male,Itajai,SC,Brazil,BR,1:24:41,6:30:02,8:04:57,0:13:23,0:10:28,16:23:32,5081,23402,29097,803,628,59012,1881,1618,402,1754,1529,375,1720,1507,378,1881,1618,402,Finisher,1000
Analia,Aduco,Analia Aduco,2003,F50-54,Female,Gualeguaychú,AR-E,Argentina,AR,1:58:30,7:33:42,6:38:48,0:06:29,0:07:07,16:24:37,7110,27222,23928,389,427,59077,1882,264,25,1945,270,26,1909,266,24,1882,264,25,Finisher,1000
Wellington,Alencar Andrade,Wellington Alencar Andrade,2172,M65-69,Male,fortaleza,Ceará,Brazil,BR,1:42:14,6:55:09,7:18:24,0:15:30,0:15:38,16:26:54,6134,24909,26304,930,938,59214,1883,1619,17,1920,1656,16,1857,1607,15,1883,1619,17,Finisher,1258
Durval,Martins Júnior,Durval Martins Júnior,1913,M50-54,Male,Piracicaba,Sp,Brazil,BR,1:28:15,7:32:34,7:05:40,0:10:25,0:13:44,16:30:38,5295,27154,25540,625,824,59438,1884,1620,186,1822,1588,187,1887,1627,186,1884,1620,186,Finisher,1000
Sergio,Martinez Diaz,Sergio Martinez Diaz,2053,M55-59,Male,"MEXICO DF, CUAUHTEMOC",ME,Mexico,MX,1:53:45,7:21:55,7:01:21,0:12:06,0:09:13,16:38:21,6825,26515,25281,726,553,59901,1885,1621,81,1943,1674,82,1900,1637,81,1885,1621,81,Finisher,1000
Sergio,Martinez,Sergio Martinez,353,M30-34,Male,Mexico,,Mexico,MX,1:36:55,7:33:26,7:01:22,0:13:41,0:12:57,16:38:21,5815,27206,25282,821,777,59901,1886,1622,182,1894,1635,186,1899,1636,184,1886,1622,182,Finisher,1000
Paulo,Roberto Schulte Da Silva,Paulo Roberto Schulte Da Silva,2187,M70-74,Male,Balneário Camboriú,Santa Catarina,Brazil,BR,1:14:56,7:09:13,7:50:09,0:21:53,0:13:24,16:49:35,4496,25753,28209,1313,804,60575,1887,1623,3,1297,1158,2,1845,1598,3,1887,1623,3,Finisher,2161
RUBNEI,GALLEGO,RUBNEI GALLEGO,1799,M50-54,Male,SANTANA DE PARNAIBA,SP,Brazil,BR,1:26:41,7:47:49,7:00:09,0:15:23,0:21:40,16:51:43,5201,28069,25209,923,1300,60703,1888,1624,187,1795,1567,185,1902,1639,188,1888,1624,187,Finisher,1000
Bento,Trindade Jr,Bento Trindade Jr,2189,M70-74,Male,União da Vitória,Paraná,Brazil,BR,1:42:15,7:57:46,6:40:41,0:18:19,0:15:31,16:54:32,6135,28666,24041,1099,931,60872,1889,1625,4,1921,1657,4,1918,1651,4,1889,1625,4,Finisher,2101
Rogério,Sonoki,Rogério Sonoki,2068,M55-59,Male,São Paulo,São Paulo,Brazil,BR,1:46:55,7:33:31,7:00:09,0:15:11,0:20:40,16:56:26,6415,27211,25209,911,1240,60986,1890,1626,82,1934,1668,80,1904,1640,82,1890,1626,82,Finisher,1000
Gustavo,Bravin Ouaknine,Gustavo Bravin Ouaknine,2194,M35-39,Male,Curitiba,PR,Brazil,BR,1:32:35,8:25:24,6:29:58,0:19:26,0:09:31,16:56:53,5555,30324,23398,1166,571,61013,1891,1627,283,1868,1616,281,1922,1654,285,1891,1627,283,Finisher,1000
Sidney,Roberto Alves Dos Santos,Sidney Roberto Alves Dos Santos,1118,M40-44,Male,,,Brazil,BR,,,,0:00:00,0:00:00,,0,0,0,0,0,0,99999,99999,99999,99999,99999,99999,99999,99999,99999,99999,99999,99999,DNS,0
Jayme,Campos Vianna,Jayme Campos Vianna,2175,M65-69,Male,São Paulo,SP,Brazil,BR,,,,0:00:00,0:00:00,,0,0,0,0,0,0,99999,99999,99999,99999,99999,99999,99999,99999,99999,99999,99999,99999,DQ,0
Alejandra,Medrano,Alejandra Medrano,1995,F50-54,Female,buenos aires,AR-B,Argentina,AR,,,,0:00:00,0:00:00,,0,0,0,0,0,0,99999,99999,99999,99999,99999,99999,99999,99999,99999,99999,99999,99999,DQ,0
Marcos,Ademir Dos Santos,Marcos Ademir Dos Santos,667,M35-39,Male,Sao Paulo,SP,Brazil,BR,,,,0:00:00,0:00:00,,0,0,0,0,0,0,99999,99999,99999,99999,99999,99999,99999,99999,99999,99999,99999,99999,DNS,0
Mauricio,Morita,Mauricio Morita,1776,M50-54,Male,São Paulo,Sp,Brazil,BR,,,,0:00:00,0:00:00,,0,0,0,0,0,0,99999,99999,99999,99999,99999,99999,99999,99999,99999,99999,99999,99999,DNS,0
Sergi,Velez Viola,Sergi Velez Viola,1675,M45-49,Male,Lleida,,Spain,ES,,,,0:00:00,0:00:00,,0,0,0,0,0,0,99999,99999,99999,99999,99999,99999,99999,99999,99999,99999,99999,99999,DNS,0
Lucas,Felix Lopes,Lucas Felix Lopes,380,M30-34,Male,,,Brazil,BR,,,,0:00:00,0:00:00,,0,0,0,0,0,0,99999,99999,99999,99999,99999,99999,99999,99999,99999,99999,99999,99999,DNS,0
Ludi,Luiz Sartor Junior,Ludi Luiz Sartor Junior,1249,M40-44,Male,,,Brazil,BR,1:01:21,,,0:11:01,0:00:00,,3681,0,0,661,0,0,99999,99999,99999,352,316,79,99999,99999,99999,99999,99999,99999,DNF,0
DAVIS,SILVA MARTINS,DAVIS SILVA MARTINS,1823,M50-54,Male,UBERLANDIA,MG,Brazil,BR,1:17:27,,,0:08:09,0:00:00,,4647,0,0,489,0,0,99999,99999,99999,1456,1290,150,99999,99999,99999,99999,99999,99999,DNF,0
Rafael,Wiecheteck,Rafael Wiecheteck,109,M18-24,Male,Campinas,BR-SP,Brazil,BR,,,,0:00:00,0:00:00,,0,0,0,0,0,0,99999,99999,99999,99999,99999,99999,99999,99999,99999,99999,99999,99999,DNS,0
Elton,Gomes Dias,Elton Gomes Dias,1918,M50-54,Male,São Paulo,São Paulo,Brazil,BR,,,,0:00:00,0:00:00,,0,0,0,0,0,0,99999,99999,99999,99999,99999,99999,99999,99999,99999,99999,99999,99999,DNS,0
ORLANDO,GOMES MONTEIRO,ORLANDO GOMES MONTEIRO,1829,M50-54,Male,MARINGA,PR,Brazil,BR,,,,0:00:00,0:00:00,,0,0,0,0,0,0,99999,99999,99999,99999,99999,99999,99999,99999,99999,99999,99999,99999,DNS,0
PABLO,PAGOTTO,PABLO PAGOTTO,219,M25-29,Male,VINHEDO,BR-SP,Brazil,BR,1:03:09,5:16:18,,0:06:12,0:04:43,,3789,18978,0,372,283,0,99999,99999,99999,440,400,24,522,491,30,99999,99999,99999,DNF,0
Liliane,Chen,Liliane Chen,237,F25-29,Female,Rio De Janeiro,RJ,Brazil,BR,,,,0:00:00,0:00:00,,0,0,0,0,0,0,99999,99999,99999,99999,99999,99999,99999,99999,99999,99999,99999,99999,DNS,0
Guilherme,Prado,Guilherme Prado,383,M30-34,Male,Guarulhos,BR-SP,Brazil,BR,,,,0:00:00,0:00:00,,0,0,0,0,0,0,99999,99999,99999,99999,99999,99999,99999,99999,99999,99999,99999,99999,DNS,0
Ana,Beatriz De Castro Bernabe,Ana Beatriz De Castro Bernabe,517,F35-39,Female,Frutal,MG,Brazil,BR,,,,0:00:00,0:00:00,,0,0,0,0,0,0,99999,99999,99999,99999,99999,99999,99999,99999,99999,99999,99999,99999,DNS,0
Jose,Ranieri Netto,Jose Ranieri Netto,2152,M60-64,Male,Santana do Parnaíba ,SP,Brazil,BR,,,,0:00:00,0:00:00,,0,0,0,0,0,0,99999,99999,99999,99999,99999,99999,99999,99999,99999,99999,99999,99999,DNS,0
Silvia,Inês Ribeiro,Silvia Inês Ribeiro,592,F40-44,Female,Campinas,São Paulo,Brazil,BR,,,,0:00:00,0:00:00,,0,0,0,0,0,0,99999,99999,99999,99999,99999,99999,99999,99999,99999,99999,99999,99999,DNS,0
Luis,Augusto,Luis Augusto,2121,M60-64,Male,Sao Paulo,SP,Brazil,BR,0:59:23,5:38:31,,0:07:22,0:10:32,,3563,20311,0,442,632,0,99999,99999,99999,244,217,2,850,781,12,99999,99999,99999,DNF,0
Junior,Nivaldo De Paula,Junior Nivaldo De Paula,1407,M45-49,Male,Capivari,SP,Brazil,BR,,,,0:00:00,0:00:00,,0,0,0,0,0,0,99999,99999,99999,99999,99999,99999,99999,99999,99999,99999,99999,99999,DNS,0
Felipe,Amante,Felipe Amante,1819,M50-54,Male,São Paulo,São Paulo,Brazil,BR,,,,0:00:00,0:00:00,,0,0,0,0,0,0,99999,99999,99999,99999,99999,99999,99999,99999,99999,99999,99999,99999,DNS,0
Daniel,Meneghel,Daniel Meneghel,1264,M40-44,Male,Linhares,Espírito Santo,Brazil,BR,,,,0:00:00,0:00:00,,0,0,0,0,0,0,99999,99999,99999,99999,99999,99999,99999,99999,99999,99999,99999,99999,DQ,0
Stephen,Derrett,Stephen Derrett,32,MPRO,Male,Cheltenham,ENG,United Kingdom,GB,,,,0:00:00,0:00:00,,0,0,0,0,0,0,99999,99999,99999,99999,99999,99999,99999,99999,99999,99999,99999,99999,DNS,0
DANIEL,PENTEADO DE CASTRO,DANIEL PENTEADO DE CASTRO,1589,M45-49,Male,SAO PAULO,SP,Brazil,BR,,,,0:00:00,0:00:00,,0,0,0,0,0,0,99999,99999,99999,99999,99999,99999,99999,99999,99999,99999,99999,99999,DNS,0
Thiago,Lima,Thiago Lima,677,M35-39,Male,Santana de Parnaiba,São Paulo,Brazil,BR,,,,0:00:00,0:00:00,,0,0,0,0,0,0,99999,99999,99999,99999,99999,99999,99999,99999,99999,99999,99999,99999,DNS,0
Ricardo,Fiorotto,Ricardo Fiorotto,1080,M40-44,Male,Sao Paulo,Sao Paulo,Brazil,BR,,,,0:00:00,0:00:00,,0,0,0,0,0,0,99999,99999,99999,99999,99999,99999,99999,99999,99999,99999,99999,99999,DNS,0
Ilan,Liwski,Ilan Liwski,1746,M45-49,Male,Tigre,Buenos Aires,Argentina,AR,,,,0:00:00,0:00:00,,0,0,0,0,0,0,99999,99999,99999,99999,99999,99999,99999,99999,99999,99999,99999,99999,DNS,0
Joao,Tertuliano De Barros Neto,Joao Tertuliano De Barros Neto,1235,M40-44,Male,Fortaleza,BR-CE,Brazil,BR,,,,0:00:00,0:00:00,,0,0,0,0,0,0,99999,99999,99999,99999,99999,99999,99999,99999,99999,99999,99999,99999,DNS,0
Dirceu ,Zinn,Dirceu Zinn,1846,M50-54,Male,porto alegre,BR-RS,Brazil,BR,1:15:32,,,0:06:40,0:00:00,,4532,0,0,400,0,0,99999,99999,99999,1337,1193,130,99999,99999,99999,99999,99999,99999,DNF,0
Otavio,Ferraz,Otavio Ferraz,2139,M60-64,Male,Santo André,São Paulo,Brazil,BR,,,,0:00:00,0:00:00,,0,0,0,0,0,0,99999,99999,99999,99999,99999,99999,99999,99999,99999,99999,99999,99999,DNS,0
JULIA,ENGEL,JULIA ENGEL,265,F30-34,Female,SALVADOR,BA,Brazil,BR,,,,0:00:00,0:00:00,,0,0,0,0,0,0,99999,99999,99999,99999,99999,99999,99999,99999,99999,99999,99999,99999,DNS,0
Fabricio,Henrique Elias De Souza,Fabricio Henrique Elias De Souza,408,M30-34,Male,Ibitinga,SP,Brazil,BR,,,,0:00:00,0:00:00,,0,0,0,0,0,0,99999,99999,99999,99999,99999,99999,99999,99999,99999,99999,99999,99999,DNS,0
Daniela,Serres,Daniela Serres,1983,F50-54,Female,Sao Paulo,SP,Brazil,BR,,,,0:00:00,0:00:00,,0,0,0,0,0,0,99999,99999,99999,99999,99999,99999,99999,99999,99999,99999,99999,99999,DNS,0
Caio,Henrique Galvao Urzelin,Caio Henrique Galvao Urzelin,373,M30-34,Male,Santo Andre,SP,Brazil,BR,,,,0:00:00,0:00:00,,0,0,0,0,0,0,99999,99999,99999,99999,99999,99999,99999,99999,99999,99999,99999,99999,DNS,0
IGOR ,FREITAS DE LUCENA,IGOR FREITAS DE LUCENA,849,M35-39,Male,Fortaleza,BR-CE,Brazil,BR,,,,0:00:00,0:00:00,,0,0,0,0,0,0,99999,99999,99999,99999,99999,99999,99999,99999,99999,99999,99999,99999,DNS,0
Elaine,Martins Da Luz,Elaine Martins Da Luz,2214,F30-34,Female,Florianopolis,SC,Brazil,BR,,,,0:00:00,0:00:00,,0,0,0,0,0,0,99999,99999,99999,99999,99999,99999,99999,99999,99999,99999,99999,99999,DNS,0
Bernardo,Calmon,Bernardo Calmon,1943,M50-54,Male,,,Brazil,BR,,,,0:00:00,0:00:00,,0,0,0,0,0,0,99999,99999,99999,99999,99999,99999,99999,99999,99999,99999,99999,99999,DNS,0
Guilherme,Maculan,Guilherme Maculan,734,M35-39,Male,Jundiai,SP,Brazil,BR,,,,0:00:00,0:00:00,,0,0,0,0,0,0,99999,99999,99999,99999,99999,99999,99999,99999,99999,99999,99999,99999,DNS,0
Gustavo,Souza De Oliveira,Gustavo Souza De Oliveira,379,M30-34,Male,Fortaleza,CE,Brazil,BR,,,,0:00:00,0:00:00,,0,0,0,0,0,0,99999,99999,99999,99999,99999,99999,99999,99999,99999,99999,99999,99999,DNS,0
FERNANDA,APARECIDA DE MORAIS,FERNANDA APARECIDA DE MORAIS,1386,F45-49,Female,SAO PAULO,SP,Brazil,BR,,,,0:00:00,0:00:00,,0,0,0,0,0,0,99999,99999,99999,99999,99999,99999,99999,99999,99999,99999,99999,99999,DQ,0
itamar,Oliveira da Silva,itamar Oliveira da Silva,1064,M40-44,Male,Santana de Parnaíba,SP,Brazil,BR,,,,0:00:00,0:00:00,,0,0,0,0,0,0,99999,99999,99999,99999,99999,99999,99999,99999,99999,99999,99999,99999,DNS,0
Luis,Ohde,Luis Ohde,17,MPRO,Male,Curitiba,BR-PR,Brazil,BR,,,,0:00:00,0:00:00,,0,0,0,0,0,0,99999,99999,99999,99999,99999,99999,99999,99999,99999,99999,99999,99999,DNS,0
Olivia,Dietzel,Olivia Dietzel,5014,FPRO,Female,Dickeyville,WI,United States,US,,,,0:00:00,0:00:00,,0,0,0,0,0,0,99999,99999,99999,99999,99999,99999,99999,99999,99999,99999,99999,99999,DNS,0
Tiago,Gomes,Tiago Gomes,480,M30-34,Male,Fortaleza,Ce,Brazil,BR,,,,0:00:00,0:00:00,,0,0,0,0,0,0,99999,99999,99999,99999,99999,99999,99999,99999,99999,99999,99999,99999,DNS,0
MARCO,ANTONIO RIBEIRO,MARCO ANTONIO RIBEIRO,1552,M45-49,Male,TOLEDO,PR,Brazil,BR,,,,0:00:00,0:00:00,,0,0,0,0,0,0,99999,99999,99999,99999,99999,99999,99999,99999,99999,99999,99999,99999,DNS,0
Pedro,Franca,Pedro Franca,307,M30-34,Male,Fortaleza,CE,Brazil,BR,,,,0:00:00,0:00:00,,0,0,0,0,0,0,99999,99999,99999,99999,99999,99999,99999,99999,99999,99999,99999,99999,DNS,0
Natalia,Bocardo Trica,Natalia Bocardo Trica,230,F25-29,Female,Curitiba,PR,Brazil,BR,,,,0:00:00,0:00:00,,0,0,0,0,0,0,99999,99999,99999,99999,99999,99999,99999,99999,99999,99999,99999,99999,DNS,0
FELIPE,ANDRADE,FELIPE ANDRADE,371,M30-34,Male,Jequié,Bahia,Brazil,BR,,,,0:00:00,0:00:00,,0,0,0,0,0,0,99999,99999,99999,99999,99999,99999,99999,99999,99999,99999,99999,99999,DNS,0
Jaqueline,Yukie da Costa Torres,Jaqueline Yukie da Costa Torres,236,F25-29,Female,Londrina,BR-PR,Brazil,BR,,,,0:00:00,0:00:00,,0,0,0,0,0,0,99999,99999,99999,99999,99999,99999,99999,99999,99999,99999,99999,99999,DNS,0
Carolina,Carvalho,Carolina Carvalho,571,F40-44,Female,Fortaleza,BR-CE,Brazil,BR,,,,0:00:00,0:00:00,,0,0,0,0,0,0,99999,99999,99999,99999,99999,99999,99999,99999,99999,99999,99999,99999,DNS,0
Victor,Oswaldo,Victor Oswaldo,215,M25-29,Male,São Paulo,SP,Brazil,BR,1:08:17,,,0:12:31,0:00:00,,4097,0,0,751,0,0,99999,99999,99999,791,720,44,99999,99999,99999,99999,99999,99999,DNF,0
MARCO,AURELIO DE HOLLANDA,MARCO AURELIO DE HOLLANDA,1875,M50-54,Male,SAO PAULO,SP,Brazil,BR,,,,0:00:00,0:00:00,,0,0,0,0,0,0,99999,99999,99999,99999,99999,99999,99999,99999,99999,99999,99999,99999,DNS,0
Eduardo,Almeida,Eduardo Almeida,900,M40-44,Male,Recife,Pernambuco,Brazil,BR,1:08:27,,,0:10:13,0:00:00,,4107,0,0,613,0,0,99999,99999,99999,806,734,179,99999,99999,99999,99999,99999,99999,DNF,0
Bento,De San Galo Nunes,Bento De San Galo Nunes,115,M18-24,Male,,,Brazil,BR,,,,0:00:00,0:00:00,,0,0,0,0,0,0,99999,99999,99999,99999,99999,99999,99999,99999,99999,99999,99999,99999,DNS,0
Rudi,Finger Junior,Rudi Finger Junior,1524,M45-49,Male,Brasília,Distrito Federal,Brazil,BR,,,,0:00:00,0:00:00,,0,0,0,0,0,0,99999,99999,99999,99999,99999,99999,99999,99999,99999,99999,99999,99999,DNS,0
Martin,Lopez,Martin Lopez,1744,M45-49,Male,Vicente Lopez,Buenos Aires Province,Argentina,AR,,,,0:00:00,0:00:00,,0,0,0,0,0,0,99999,99999,99999,99999,99999,99999,99999,99999,99999,99999,99999,99999,DQ,0
Hernani ,Tavares ,Hernani Tavares,1199,M40-44,Male,Brasília ,Distrito Federal ,Brazil,BR,,,,0:00:00,0:00:00,,0,0,0,0,0,0,99999,99999,99999,99999,99999,99999,99999,99999,99999,99999,99999,99999,DNS,0
Luiz,Alberto Andre Avelino,Luiz Alberto Andre Avelino,601,M35-39,Male,,,Brazil,BR,1:01:17,,,0:07:56,0:00:00,,3677,0,0,476,0,0,99999,99999,99999,348,312,66,99999,99999,99999,99999,99999,99999,DNF,0
Vinicius,Miranda Patitucci,Vinicius Miranda Patitucci,320,M30-34,Male,Curitiba,PR,Brazil,BR,,,,0:00:00,0:00:00,,0,0,0,0,0,0,99999,99999,99999,99999,99999,99999,99999,99999,99999,99999,99999,99999,DNS,0
Julia,Campos,Julia Campos,572,F40-44,Female,Belém,Pará,Brazil,BR,,,,0:00:00,0:00:00,,0,0,0,0,0,0,99999,99999,99999,99999,99999,99999,99999,99999,99999,99999,99999,99999,DNS,0
Matheus,Teixeira Fialho,Matheus Teixeira Fialho,187,M25-29,Male,Fortaleza,BR-CE,Brazil,BR,,,,0:00:00,0:00:00,,0,0,0,0,0,0,99999,99999,99999,99999,99999,99999,99999,99999,99999,99999,99999,99999,DNS,0
Luiz,Milano,Luiz Milano,2185,M70-74,Male,miami,FL,Brazil,BR,,,,0:00:00,0:00:00,,0,0,0,0,0,0,99999,99999,99999,99999,99999,99999,99999,99999,99999,99999,99999,99999,DNS,0
Fabio,Jesus De Andrade Filho,Fabio Jesus De Andrade Filho,662,M35-39,Male,,,Brazil,BR,1:12:28,6:10:38,,0:09:30,0:16:05,,4348,22238,0,570,965,0,99999,99999,99999,1121,1011,188,1485,1322,245,99999,99999,99999,DNF,0
Milton,Bender Junior,Milton Bender Junior,1712,M45-49,Male,Curitiba,PR,Brazil,BR,,,,0:00:00,0:00:00,,0,0,0,0,0,0,99999,99999,99999,99999,99999,99999,99999,99999,99999,99999,99999,99999,DNS,0
Paulo,Campos,Paulo Campos,2043,M55-59,Male,Rio de Janeiro,Rio de Janeiro,Brazil,BR,,,,0:00:00,0:00:00,,0,0,0,0,0,0,99999,99999,99999,99999,99999,99999,99999,99999,99999,99999,99999,99999,DNS,0
Kaique ,Carneiro Rodrigues,Kaique Carneiro Rodrigues,174,M25-29,Male,Balneário Camboriú,,Brazil,BR,0:50:35,,,0:04:05,0:00:00,,3035,0,0,245,0,0,99999,99999,99999,99999,99999,99999,99999,99999,99999,99999,99999,99999,DNF,0
Pedro Paulo,Lobo Ferreira,Pedro Paulo Lobo Ferreira,1224,M40-44,Male,cataguases,mg,Brazil,BR,,,,0:00:00,0:00:00,,0,0,0,0,0,0,99999,99999,99999,99999,99999,99999,99999,99999,99999,99999,99999,99999,DNS,0
Felipe,Barros Macedo,Felipe Barros Macedo,1441,M45-49,Male,Pirassununga,São Paulo,Brazil,BR,,,,0:00:00,0:00:00,,0,0,0,0,0,0,99999,99999,99999,99999,99999,99999,99999,99999,99999,99999,99999,99999,DNS,0
Guille,Balmas,Guille Balmas,1753,M45-49,Male,Chascomus,AR-B,Argentina,AR,,,,0:00:00,0:00:00,,0,0,0,0,0,0,99999,99999,99999,99999,99999,99999,99999,99999,99999,99999,99999,99999,DNS,0
Pedro Cesar,Bergamaschi,Pedro Cesar Bergamaschi,958,M40-44,Male,Porto Alegre,,Brazil,BR,,,,0:00:00,0:00:00,,0,0,0,0,0,0,99999,99999,99999,99999,99999,99999,99999,99999,99999,99999,99999,99999,DNS,0
Mathieu,Picca,Mathieu Picca,768,M35-39,Male,Saint Lambert,QC,Canada,CA,,,,0:00:00,0:00:00,,0,0,0,0,0,0,99999,99999,99999,99999,99999,99999,99999,99999,99999,99999,99999,99999,DNS,0
Nauro,Vinicius Jasper,Nauro Vinicius Jasper,410,M30-34,Male,Curitiba,PR,Brazil,BR,0:50:42,,,0:04:00,0:00:00,,3042,0,0,240,0,0,99999,99999,99999,39,34,1,99999,99999,99999,99999,99999,99999,DNF,0
LUCAS,ANDRADE CABRAL,LUCAS ANDRADE CABRAL,28,MPRO,Male,Natal,Rio Grande do Norte,Brazil,BR,0:50:22,5:01:14,,0:03:19,0:00:00,,3022,18074,0,199,0,0,99999,99999,99999,35,30,23,163,154,24,99999,99999,99999,DNF,0
Aléxia,Cecília Rovaris,Aléxia Cecília Rovaris,274,F30-34,Female,Palhoça,Santa Catarina,Brazil,BR,1:40:35,,,0:00:00,0:00:00,,6035,0,0,0,0,0,99999,99999,99999,99999,99999,99999,99999,99999,99999,99999,99999,99999,DNF,0
Antonio,Daniel Do Nascimento Frota,Antonio Daniel Do Nascimento Frota,1282,M40-44,Male,Florianopolis,SANTA CATARINA,Brazil,BR,1:14:44,5:13:55,,0:05:55,0:00:00,,4484,18835,0,355,0,0,99999,99999,99999,1280,1145,281,662,615,158,99999,99999,99999,DNF,0
Cidinei,Martins Da Silva,Cidinei Martins Da Silva,1969,M50-54,Male,Porto Velho,RO,Brazil,BR,,,,0:00:00,0:00:00,,0,0,0,0,0,0,99999,99999,99999,99999,99999,99999,99999,99999,99999,99999,99999,99999,DNS,0
Fernanda,Castro,Fernanda Castro,1351,F45-49,Female,,,Brazil,BR,,,,0:00:00,0:00:00,,0,0,0,0,0,0,99999,99999,99999,99999,99999,99999,99999,99999,99999,99999,99999,99999,DNS,0
Joao,Carlos Barizon Filho,Joao Carlos Barizon Filho,660,M35-39,Male,,,Brazil,BR,,,,0:00:00,0:00:00,,0,0,0,0,0,0,99999,99999,99999,99999,99999,99999,99999,99999,99999,99999,99999,99999,DNS,0
DOMINGOS,NETO,DOMINGOS NETO,1916,M50-54,Male,BALNEARIO CAMBORIU,SC,Brazil,BR,1:10:34,,,0:09:07,0:00:00,,4234,0,0,547,0,0,99999,99999,99999,960,870,79,99999,99999,99999,99999,99999,99999,DNF,0
Carlos,Bergamaschi,Carlos Bergamaschi,2150,M60-64,Male,Joinville,SC,Brazil,BR,1:01:30,,,0:09:04,0:00:00,,3690,0,0,544,0,0,99999,99999,99999,364,328,5,99999,99999,99999,99999,99999,99999,DNF,0
Paulo,Boza,Paulo Boza,885,M35-39,Male,Jau,São Paulo,Brazil,BR,,,,0:00:00,0:00:00,,0,0,0,0,0,0,99999,99999,99999,99999,99999,99999,99999,99999,99999,99999,99999,99999,DNS,0
Roger,Haybittle,Roger Haybittle,2164,M60-64,Male,Barueri,SP,Brazil,BR,,,,0:00:00,0:00:00,,0,0,0,0,0,0,99999,99999,99999,99999,99999,99999,99999,99999,99999,99999,99999,99999,DNS,0
Victor,Quartiero,Victor Quartiero,199,M25-29,Male,Sao Paulo,SP,Brazil,BR,,,,0:00:00,0:00:00,,0,0,0,0,0,0,99999,99999,99999,99999,99999,99999,99999,99999,99999,99999,99999,99999,DNS,0
Emiliano,Larrea,Emiliano Larrea,1096,M40-44,Male,,,Argentina,AR,1:13:17,5:35:21,,0:06:51,0:09:51,,4397,20121,0,411,591,0,99999,99999,99999,1185,1065,262,1013,922,234,99999,99999,99999,DNF,0
Daniel,De Oliveira Neto Barbosa,Daniel De Oliveira Neto Barbosa,1399,M45-49,Male,POÇOS DE CALDAS,Minas Gerais,Brazil,BR,,,,0:00:00,0:00:00,,0,0,0,0,0,0,99999,99999,99999,99999,99999,99999,99999,99999,99999,99999,99999,99999,DNS,0
Rharana ,Pereira,Rharana Pereira,564,F40-44,Female,VITÓRIA DA CONQUISTA,BAHIA,Brazil,BR,,,,0:00:00,0:00:00,,0,0,0,0,0,0,99999,99999,99999,99999,99999,99999,99999,99999,99999,99999,99999,99999,DNS,0
Rafael,Bragagnolo,Rafael Bragagnolo,802,M35-39,Male,SOROCABA,BR-SP,Brazil,BR,1:12:17,,,0:07:39,0:00:00,,4337,0,0,459,0,0,99999,99999,99999,1098,991,186,99999,99999,99999,99999,99999,99999,DNF,0
RAFAEL,HANSEN,RAFAEL HANSEN,387,M30-34,Male,Cascais,,Brazil,BR,,,,0:00:00,0:00:00,,0,0,0,0,0,0,99999,99999,99999,99999,99999,99999,99999,99999,99999,99999,99999,99999,DNS,0
Ewerton,De Morais Beghelli,Ewerton De Morais Beghelli,842,M35-39,Male,Araguari,MG,Brazil,BR,,,,0:00:00,0:00:00,,0,0,0,0,0,0,99999,99999,99999,99999,99999,99999,99999,99999,99999,99999,99999,99999,DNS,0
Andre,Wailler Reis,Andre Wailler Reis,443,M30-34,Male,,,Brazil,BR,,,,0:00:00,0:00:00,,0,0,0,0,0,0,99999,99999,99999,99999,99999,99999,99999,99999,99999,99999,99999,99999,DNS,0
Ricardo,Abi Daud,Ricardo Abi Daud,1890,M50-54,Male,Davenport,FL,Brazil,BR,,,,0:00:00,0:00:00,,0,0,0,0,0,0,99999,99999,99999,99999,99999,99999,99999,99999,99999,99999,99999,99999,DNS,0
CRISTIANE,QUARTAROLI,CRISTIANE QUARTAROLI,1392,F45-49,Female,SAO PAULO,SP,Brazil,BR,,,,0:00:00,0:00:00,,0,0,0,0,0,0,99999,99999,99999,99999,99999,99999,99999,99999,99999,99999,99999,99999,DNS,0
João,Ferreira,João Ferreira,14,MPRO,Male,Entroncamento,,Portugal,PT,0:48:04,,,0:02:51,0:00:00,,2884,0,0,171,0,0,99999,99999,99999,18,16,15,99999,99999,99999,99999,99999,99999,DNF,0
Fernando,Coelho,Fernando Coelho,1500,M45-49,Male,Juiz de fora,Minas gerais,Brazil,BR,,,,0:00:00,0:00:00,,0,0,0,0,0,0,99999,99999,99999,99999,99999,99999,99999,99999,99999,99999,99999,99999,DNS,0
rafael,MORAES,rafael MORAES,1673,M45-49,Male,SOROCABA,,Brazil,BR,1:21:31,5:20:38,,0:06:40,0:04:50,,4891,19238,0,400,290,0,99999,99999,99999,1650,1441,271,909,836,156,99999,99999,99999,DNF,0
Willian,Jeronymo,Willian Jeronymo,1419,M45-49,Male,Sorocaba,SP,Brazil,BR,,,,0:00:00,0:00:00,,0,0,0,0,0,0,99999,99999,99999,99999,99999,99999,99999,99999,99999,99999,99999,99999,DNS,0
Valerio,Zarro,Valerio Zarro,2136,M60-64,Male,Sao Paulo,BR-SP,Brazil,BR,,,,0:00:00,0:00:00,,0,0,0,0,0,0,99999,99999,99999,99999,99999,99999,99999,99999,99999,99999,99999,99999,DNS,0
Rodolfo,Rodrigo Sousa De Oliveira,Rodolfo Rodrigo Sousa De Oliveira,321,M30-34,Male,João Pessoa,PB,Brazil,BR,,,,0:00:00,0:00:00,,0,0,0,0,0,0,99999,99999,99999,99999,99999,99999,99999,99999,99999,99999,99999,99999,DNS,0
Fabio ,Pinaud Cerri Costa,Fabio Pinaud Cerri Costa,1949,M50-54,Male,Rio de Janeiro,Rio de Janeiro,Brazil,BR,,,,0:00:00,0:00:00,,0,0,0,0,0,0,99999,99999,99999,99999,99999,99999,99999,99999,99999,99999,99999,99999,DNS,0
Ruth,Maria Dourado Souza,Ruth Maria Dourado Souza,2111,F60-64,Female,Nova Lima,MG,Brazil,BR,1:45:59,6:43:25,,0:29:18,0:06:59,,6359,24205,0,1758,419,0,99999,99999,99999,1931,266,8,1864,254,6,99999,99999,99999,DNF,0
Gabriel,Angeloro,Gabriel Angeloro,1061,M40-44,Male,Montevideo,UY-MO,Uruguay,UY,0:54:41,5:03:00,,0:03:48,0:03:18,,3281,18180,0,228,198,0,99999,99999,99999,96,82,12,217,204,42,99999,99999,99999,DNF,0
Caique,Santana,Caique Santana,165,M25-29,Male,Vitoria Da Conquista,BA,Brazil,BR,,,,0:00:00,0:00:00,,0,0,0,0,0,0,99999,99999,99999,99999,99999,99999,99999,99999,99999,99999,99999,99999,DNS,0
Matthew,Ferreira,Matthew Ferreira,113,M18-24,Male,Southlake,TX,United States,US,,,,0:00:00,0:00:00,,0,0,0,0,0,0,99999,99999,99999,99999,99999,99999,99999,99999,99999,99999,99999,99999,DNS,0
Pedro,Leonardo Gatti,Pedro Leonardo Gatti,1902,M50-54,Male,Buenos Aires,B,Argentina,AR,1:11:45,,,0:06:19,0:00:00,,4305,0,0,379,0,0,99999,99999,99999,1055,955,90,99999,99999,99999,99999,99999,99999,DNF,0
Antonio,Carlos De Lima,Antonio Carlos De Lima,2158,M60-64,Male,Resende,RJ,Brazil,BR,,,,0:00:00,0:00:00,,0,0,0,0,0,0,99999,99999,99999,99999,99999,99999,99999,99999,99999,99999,99999,99999,DNS,0
Priscila,Prado Louvize,Priscila Prado Louvize,581,F40-44,Female,Rio De Janeiro,RJ,Brazil,BR,,,,0:00:00,0:00:00,,0,0,0,0,0,0,99999,99999,99999,99999,99999,99999,99999,99999,99999,99999,99999,99999,DNS,0
Marcelo,De Paula,Marcelo De Paula,953,M40-44,Male,Rio De Janeiro,RJ,Brazil,BR,1:09:52,6:59:49,,0:07:21,0:05:56,,4192,25189,0,441,356,0,99999,99999,99999,915,829,199,1765,1541,383,99999,99999,99999,DNF,0
Pedro,Demétrio,Pedro Demétrio,308,M30-34,Male,Fortaleza,Ceará,Brazil,BR,,,,0:00:00,0:00:00,,0,0,0,0,0,0,99999,99999,99999,99999,99999,99999,99999,99999,99999,99999,99999,99999,DNS,0
Rachel,Olson,Rachel Olson,5003,FPRO,Female,LONGMONT,CO,United States,US,0:47:49,5:12:55,,0:03:29,0:07:26,,2869,18775,0,209,446,0,99999,99999,99999,15,1,1,245,15,11,99999,99999,99999,DNF,0
VICTOR,GUILHERME DE CARVALHO BRUNELLO,VICTOR GUILHERME DE CARVALHO BRUNELLO,423,M30-34,Male,VALINHOS,SP,Brazil,BR,,,,0:00:00,0:00:00,,0,0,0,0,0,0,99999,99999,99999,99999,99999,99999,99999,99999,99999,99999,99999,99999,DNS,0
Bruno,Rodrigues Xavier,Bruno Rodrigues Xavier,1018,M40-44,Male,Florianopolis,SC,Brazil,BR,,,,0:00:00,0:00:00,,0,0,0,0,0,0,99999,99999,99999,99999,99999,99999,99999,99999,99999,99999,99999,99999,DNS,0
Mauricio,Fischer Gramani,Mauricio Fischer Gramani,1894,M50-54,Male,SÃO CARLOS,BR-SP,Brazil,BR,,,,0:00:00,0:00:00,,0,0,0,0,0,0,99999,99999,99999,99999,99999,99999,99999,99999,99999,99999,99999,99999,DNS,0
Marilia,De Oliveira Sant ana Baluta,Marilia De Oliveira Sant ana Baluta,490,F35-39,Female,Curitiba,PR,Brazil,BR,,,,0:00:00,0:00:00,,0,0,0,0,0,0,99999,99999,99999,99999,99999,99999,99999,99999,99999,99999,99999,99999,DNS,0
Fernando,Mario Gomez,Fernando Mario Gomez,1072,M40-44,Male,Mar del Plata,AR-B,Argentina,AR,,,,0:00:00,0:00:00,,0,0,0,0,0,0,99999,99999,99999,99999,99999,99999,99999,99999,99999,99999,99999,99999,DQ,0
Marcelo,Noia,Marcelo Noia,1832,M50-54,Male,Rio de Janeiro,Rj,Brazil,BR,,,,0:00:00,0:00:00,,0,0,0,0,0,0,99999,99999,99999,99999,99999,99999,99999,99999,99999,99999,99999,99999,DNS,0
VICTOR,SACAGUTI,VICTOR SACAGUTI,472,M30-34,Male,SAO PAULO,SP,Brazil,BR,1:14:11,6:34:15,,0:10:05,0:06:48,,4451,23655,0,605,408,0,99999,99999,99999,1240,1111,131,1656,1460,169,99999,99999,99999,DNF,0
Rafael,Brandao,Rafael Brandao,1606,M45-49,Male,Goiania,GO,Brazil,BR,0:48:26,4:33:03,,0:04:44,0:03:34,,2906,16383,0,284,214,0,99999,99999,99999,25,22,2,27,27,1,99999,99999,99999,DNF,0
RENATO,DEBLE,RENATO DEBLE,1164,M40-44,Male,JUNDIAI,SP,Brazil,BR,,,,0:00:00,0:00:00,,0,0,0,0,0,0,99999,99999,99999,99999,99999,99999,99999,99999,99999,99999,99999,99999,DNS,0
Thalles,Mota,Thalles Mota,638,M35-39,Male,Belo Horizonte,MG,Brazil,BR,,,,0:00:00,0:00:00,,0,0,0,0,0,0,99999,99999,99999,99999,99999,99999,99999,99999,99999,99999,99999,99999,DNS,0
Roberto,Formoso Ríos,Roberto Formoso Ríos,1785,M50-54,Male,Montevideo,UY-CA,Uruguay,UY,1:29:13,6:15:31,,0:07:29,0:07:29,,5353,22531,0,449,449,0,99999,99999,99999,1830,1594,188,1623,1435,155,99999,99999,99999,DNF,0
Robson,De Almeida Fiatcoski,Robson De Almeida Fiatcoski,682,M35-39,Male,Sao Jose Dos Pinhais,PR,Brazil,BR,2:20:39,,,0:00:00,0:00:00,,8439,0,0,0,0,0,99999,99999,99999,99999,99999,99999,99999,99999,99999,99999,99999,99999,DNF,0
Regina,Gogolla,Regina Gogolla,2118,F65-69,Female,,,Brazil,BR,,,,0:00:00,0:00:00,,0,0,0,0,0,0,99999,99999,99999,99999,99999,99999,99999,99999,99999,99999,99999,99999,DNS,0
Andre,Marcello Borges De Freitas,Andre Marcello Borges De Freitas,2076,M55-59,Male,Criciuma,BR-SC,Brazil,BR,,,,0:00:00,0:00:00,,0,0,0,0,0,0,99999,99999,99999,99999,99999,99999,99999,99999,99999,99999,99999,99999,DNS,0
Gustavo Raul,Iriarte,Gustavo Raul Iriarte,2168,M65-69,Male,San Salvador de Jujuy,AR-Y,Argentina,AR,,,,0:00:00,0:00:00,,0,0,0,0,0,0,99999,99999,99999,99999,99999,99999,99999,99999,99999,99999,99999,99999,DNS,0
James Alexandre,Franco De Souza,James Alexandre Franco De Souza,1963,M50-54,Male,CURITIBA,Paraná,Brazil,BR,,,,0:00:00,0:00:00,,0,0,0,0,0,0,99999,99999,99999,99999,99999,99999,99999,99999,99999,99999,99999,99999,DNS,0
FERNANDO,PATERNOSTRO,FERNANDO PATERNOSTRO,1484,M45-49,Male,SAO PAULO,SP,Brazil,BR,1:05:54,6:13:09,,0:06:47,0:00:00,,3954,22389,0,407,0,0,99999,99999,99999,627,568,95,1416,1261,244,99999,99999,99999,DNF,0
Elizabeth,Carrillo,Elizabeth Carrillo,545,F40-44,Female,Tigre,AR-B,Argentina,AR,,,,0:00:00,0:00:00,,0,0,0,0,0,0,99999,99999,99999,99999,99999,99999,99999,99999,99999,99999,99999,99999,DNS,0
Yago,Alves,Yago Alves,23,MPRO,Male,Balneário Camboriú,BR-SC,Brazil,BR,0:46:16,,,0:03:00,0:00:00,,2776,0,0,180,0,0,99999,99999,99999,12,12,12,99999,99999,99999,99999,99999,99999,DNF,0
Leticia,Cavassin Boeing,Leticia Cavassin Boeing,272,F30-34,Female,Curitiba,PR,Brazil,BR,,,,0:00:00,0:00:00,,0,0,0,0,0,0,99999,99999,99999,99999,99999,99999,99999,99999,99999,99999,99999,99999,DNS,0
Andre,Costa Dias,Andre Costa Dias,1534,M45-49,Male,Florianopolis,SC,Brazil,BR,,,,0:00:00,0:00:00,,0,0,0,0,0,0,99999,99999,99999,99999,99999,99999,99999,99999,99999,99999,99999,99999,DNS,0
Renata,Barduco De Oliveira,Renata Barduco De Oliveira,1388,F45-49,Female,Curitiba ,BR-PR,Brazil,BR,1:05:29,5:13:48,,0:06:08,0:03:18,,3929,18828,0,368,198,0,99999,99999,99999,595,55,9,518,31,3,99999,99999,99999,DNF,0
EDUARDO,SIROTO DANGELO,EDUARDO SIROTO DANGELO,26,MPRO,Male,SAO PAULO,SP,Brazil,BR,0:55:54,,,0:04:01,0:00:00,,3354,0,0,241,0,0,99999,99999,99999,122,106,26,99999,99999,99999,99999,99999,99999,DNF,0
Eduardo,Carrer Viana,Eduardo Carrer Viana,148,M25-29,Male,praia grande,sao paulo,Brazil,BR,,,,0:00:00,0:00:00,,0,0,0,0,0,0,99999,99999,99999,99999,99999,99999,99999,99999,99999,99999,99999,99999,DNS,0
Cristiano,Konofal,Cristiano Konofal,1805,M50-54,Male,GEORGETOWN,ON,Canada,CA,,,,0:00:00,0:00:00,,0,0,0,0,0,0,99999,99999,99999,99999,99999,99999,99999,99999,99999,99999,99999,99999,DNS,0
AFONSO,AFRANIO DA SILVA JUNIOR,AFONSO AFRANIO DA SILVA JUNIOR,1067,M40-44,Male,MANAUS,AM,Brazil,BR,,,,0:00:00,0:00:00,,0,0,0,0,0,0,99999,99999,99999,99999,99999,99999,99999,99999,99999,99999,99999,99999,DNS,0
Sebasti�n,Ferrarassi,Sebasti�n Ferrarassi,1903,M50-54,Male,Ciudad Jardin,Buenos Aires,Argentina,AR,,,,0:00:00,0:00:00,,0,0,0,0,0,0,99999,99999,99999,99999,99999,99999,99999,99999,99999,99999,99999,99999,DNS,0
Thiago,Valadao Furquim Leite,Thiago Valadao Furquim Leite,1008,M40-44,Male,Goiania,GO,Brazil,BR,,,,0:00:00,0:00:00,,0,0,0,0,0,0,99999,99999,99999,99999,99999,99999,99999,99999,99999,99999,99999,99999,DNS,0
FABIANA,SILVA,FABIANA SILVA,1374,F45-49,Female,RIO DE JANEIRO,RJ,Brazil,BR,,,,0:00:00,0:00:00,,0,0,0,0,0,0,99999,99999,99999,99999,99999,99999,99999,99999,99999,99999,99999,99999,DNS,0
Fiona,Moriarty,Fiona Moriarty,5002,FPRO,Female,Bend,OR,Ireland,IE,0:54:36,4:42:50,,0:03:30,0:02:02,,3276,16970,0,210,122,0,99999,99999,99999,92,13,9,68,2,2,99999,99999,99999,DNF,0
Fabiano,Agostinho Pereira,Fabiano Agostinho Pereira,1676,M45-49,Male,JACAREÍ,São Paulo,Brazil,BR,,,,0:00:00,0:00:00,,0,0,0,0,0,0,99999,99999,99999,99999,99999,99999,99999,99999,99999,99999,99999,99999,DNS,0
Ivanor,Portela,Ivanor Portela,2188,M70-74,Male,Curitiba,,Brazil,BR,,,,0:00:00,0:00:00,,0,0,0,0,0,0,99999,99999,99999,99999,99999,99999,99999,99999,99999,99999,99999,99999,DNS,0
Mariana,Quaglia,Mariana Quaglia,555,F40-44,Female,Escobar,AR-B,Argentina,AR,,,,0:00:00,0:00:00,,0,0,0,0,0,0,99999,99999,99999,99999,99999,99999,99999,99999,99999,99999,99999,99999,DNS,0
ALEJANDRO,MINGO,ALEJANDRO MINGO,1572,M45-49,Male,LA PAZ,E,Argentina,AR,,,,0:00:00,0:00:00,,0,0,0,0,0,0,99999,99999,99999,99999,99999,99999,99999,99999,99999,99999,99999,99999,DQ,0
Karin,Toledo De Oliveira,Karin Toledo De Oliveira,1986,F50-54,Female,NITEROI,RJ,Brazil,BR,,,,0:00:00,0:00:00,,0,0,0,0,0,0,99999,99999,99999,99999,99999,99999,99999,99999,99999,99999,99999,99999,DNS,0
Renato,Clark,Renato Clark,2099,M55-59,Male,Campos dos Goytacazes,,Brazil,BR,,,,0:00:00,0:00:00,,0,0,0,0,0,0,99999,99999,99999,99999,99999,99999,99999,99999,99999,99999,99999,99999,DNS,0
Gustavo,Michelini,Gustavo Michelini,857,M35-39,Male,São Paulo,SP,Brazil,BR,,,,0:00:00,0:00:00,,0,0,0,0,0,0,99999,99999,99999,99999,99999,99999,99999,99999,99999,99999,99999,99999,DNS,0
Francisco,Messias Martins Alves,Francisco Messias Martins Alves,1584,M45-49,Male,Niteroi,Rio de Janeiro,Brazil,BR,,,,0:00:00,0:00:00,,0,0,0,0,0,0,99999,99999,99999,99999,99999,99999,99999,99999,99999,99999,99999,99999,DNS,0
Roberto,Costa E Silva Gargiulo,Roberto Costa E Silva Gargiulo,1729,M45-49,Male,Atibaia,SP,Brazil,BR,1:34:59,,,0:00:00,0:00:00,,5699,0,0,0,0,0,99999,99999,99999,1881,1626,312,99999,99999,99999,99999,99999,99999,DNF,0
Christian,Lenz-Cesar,Christian Lenz-Cesar,2019,M55-59,Male,Rio de Janeiro,BR-RJ,Brazil,BR,,,,0:00:00,0:00:00,,0,0,0,0,0,0,99999,99999,99999,99999,99999,99999,99999,99999,99999,99999,99999,99999,DNS,0
JOAO,GUILHERME MUZETTI DALOIA,JOAO GUILHERME MUZETTI DALOIA,843,M35-39,Male,JABOTICABAL,SP,Brazil,BR,,,,0:00:00,0:00:00,,0,0,0,0,0,0,99999,99999,99999,99999,99999,99999,99999,99999,99999,99999,99999,99999,DNS,0
Lucas,Queiroz,Lucas Queiroz,775,M35-39,Male,Nova Lima,BR-MG,Brazil,BR,,,,0:00:00,0:00:00,,0,0,0,0,0,0,99999,99999,99999,99999,99999,99999,99999,99999,99999,99999,99999,99999,DNS,0
Raul,Voto,Raul Voto,1953,M50-54,Male,carhue,AR-B,Argentina,AR,,,,0:00:00,0:00:00,,0,0,0,0,0,0,99999,99999,99999,99999,99999,99999,99999,99999,99999,99999,99999,99999,DNS,0
Andre,Henrique Soares Pontes,Andre Henrique Soares Pontes,444,M30-34,Male,,,Brazil,BR,,,,0:00:00,0:00:00,,0,0,0,0,0,0,99999,99999,99999,99999,99999,99999,99999,99999,99999,99999,99999,99999,DNS,0
Andre,Cunha,Andre Cunha,1515,M45-49,Male,Recife,Pernambuco,Brazil,BR,2:08:43,,,0:00:00,0:00:00,,7723,0,0,0,0,0,99999,99999,99999,99999,99999,99999,99999,99999,99999,99999,99999,99999,DNF,0
Roberto,Maestrello Filho,Roberto Maestrello Filho,1704,M45-49,Male,Ribeirão Preto,SP,Brazil,BR,,,,0:00:00,0:00:00,,0,0,0,0,0,0,99999,99999,99999,99999,99999,99999,99999,99999,99999,99999,99999,99999,DNS,0
Felipe,Miranda,Felipe Miranda,381,M30-34,Male,Fortaleza,Ceará,Brazil,BR,,,,0:00:00,0:00:00,,0,0,0,0,0,0,99999,99999,99999,99999,99999,99999,99999,99999,99999,99999,99999,99999,DNS,0
Paulo,Campana Jr,Paulo Campana Jr,1142,M40-44,Male,Cascavel,Pr,Brazil,BR,,,,0:00:00,0:00:00,,0,0,0,0,0,0,99999,99999,99999,99999,99999,99999,99999,99999,99999,99999,99999,99999,DQ,0
Henrique,Nakano,Henrique Nakano,297,M30-34,Male,São Paulo,BR-SP,Brazil,BR,1:00:02,,,0:05:17,0:00:00,,3602,0,0,317,0,0,99999,99999,99999,276,246,30,99999,99999,99999,99999,99999,99999,DNF,0
Vinicius,Franceschi,Vinicius Franceschi,1714,M45-49,Male,São Paulon,SP,Brazil,BR,,,,0:00:00,0:00:00,,0,0,0,0,0,0,99999,99999,99999,99999,99999,99999,99999,99999,99999,99999,99999,99999,DNS,0
Felipe,Henrique Rodrigues Paku,Felipe Henrique Rodrigues Paku,740,M35-39,Male,Sao Paulo,SP,Brazil,BR,,,,0:00:00,0:00:00,,0,0,0,0,0,0,99999,99999,99999,99999,99999,99999,99999,99999,99999,99999,99999,99999,DNS,0
Rafael,Nogueira Ferreira,Rafael Nogueira Ferreira,1136,M40-44,Male,,,Brazil,BR,,,,0:00:00,0:00:00,,0,0,0,0,0,0,99999,99999,99999,99999,99999,99999,99999,99999,99999,99999,99999,99999,DNS,0
Fabio,Castro,Fabio Castro,1619,M45-49,Male,Ponta Grossa,PR,Brazil,BR,,,,0:00:00,0:00:00,,0,0,0,0,0,0,99999,99999,99999,99999,99999,99999,99999,99999,99999,99999,99999,99999,DNS,0
Lucas,Niccioli,Lucas Niccioli,340,M30-34,Male,Sao Paulo,SP,Brazil,BR,0:57:55,4:42:38,,0:06:30,0:03:40,,3475,16958,0,390,220,0,99999,99999,99999,187,166,19,104,98,10,99999,99999,99999,DNF,0
Joao,Berardo Rugani,Joao Berardo Rugani,111,M18-24,Male,Rio De Janeiro,RJ,Brazil,BR,,,,0:00:00,0:00:00,,0,0,0,0,0,0,99999,99999,99999,99999,99999,99999,99999,99999,99999,99999,99999,99999,DNS,0
Eduardo,Marques,Eduardo Marques,182,M25-29,Male,Belo Horizonte,MG,Brazil,BR,,,,0:00:00,0:00:00,,0,0,0,0,0,0,99999,99999,99999,99999,99999,99999,99999,99999,99999,99999,99999,99999,DNS,0
Hilton,Naoto Ito,Hilton Naoto Ito,137,M25-29,Male,Palmas,Tocantins,Brazil,BR,1:19:31,8:09:15,,0:09:02,0:00:00,,4771,29355,0,542,0,0,99999,99999,99999,1575,1382,69,1905,1641,76,99999,99999,99999,DNF,0
Gabriel,Ferrari Leandro / Lucca Ferrari Leandro Sa,Gabriel Ferrari Leandro / Lucca Ferrari Leandro Sa,91,PC/ID,Male,Uberlandia,MG,Brazil,BR,1:21:05,9:38:20,,0:13:31,0:13:41,,4865,34700,0,811,821,0,99999,99999,99999,99999,99999,99999,99999,99999,99999,99999,99999,99999,DNF,0
Leonardo,Alves Dos Santos Fim,Leonardo Alves Dos Santos Fim,914,M40-44,Male,Nova Lima,SP,Brazil,BR,,,,0:00:00,0:00:00,,0,0,0,0,0,0,99999,99999,99999,99999,99999,99999,99999,99999,99999,99999,99999,99999,DNS,0
ANTONIOS,DIMITRIOS LAFIS,ANTONIOS DIMITRIOS LAFIS,105,M18-24,Male,Poros,Attica,Greece,GR,,,,0:00:00,0:00:00,,0,0,0,0,0,0,99999,99999,99999,99999,99999,99999,99999,99999,99999,99999,99999,99999,DNS,0
Maria Ines,Villaverde,Maria Ines Villaverde,2007,F55-59,Female,Chascomus,AR-B,Argentina,AR,,,,0:00:00,0:00:00,,0,0,0,0,0,0,99999,99999,99999,99999,99999,99999,99999,99999,99999,99999,99999,99999,DNS,0
Rodrigo,Felipe,Rodrigo Felipe,1632,M45-49,Male,Nova Lima,BR-MG,Brazil,BR,,,,0:00:00,0:00:00,,0,0,0,0,0,0,99999,99999,99999,99999,99999,99999,99999,99999,99999,99999,99999,99999,DNS,0
Giovanni,Zem,Giovanni Zem,1831,M50-54,Male,Cuiabá,MT,Brazil,BR,,,,0:00:00,0:00:00,,0,0,0,0,0,0,99999,99999,99999,99999,99999,99999,99999,99999,99999,99999,99999,99999,DNS,0
Franco,demeterco,Franco demeterco,179,M25-29,Male,Curitiba,Paraná,Brazil,BR,,,,0:00:00,0:00:00,,0,0,0,0,0,0,99999,99999,99999,99999,99999,99999,99999,99999,99999,99999,99999,99999,DNS,0
Rodrigo,Frazao,Rodrigo Frazao,1809,M50-54,Male,Rio de Janeiro,Rio de Janeiro,Brazil,BR,,,,0:00:00,0:00:00,,0,0,0,0,0,0,99999,99999,99999,99999,99999,99999,99999,99999,99999,99999,99999,99999,DNS,0
Stanley,Matias Rodrigues De Oliveira,Stanley Matias Rodrigues De Oliveira,429,M30-34,Male,Curitiba,PR,Brazil,BR,1:05:54,4:38:52,,0:04:16,0:00:00,,3954,16732,0,256,0,0,99999,99999,99999,624,566,75,115,109,13,99999,99999,99999,DNF,0
Enzo,Krauss,Enzo Krauss,20,MPRO,Male,Balneário Camboriú,BR-SC,Brazil,BR,0:48:05,4:30:01,,0:03:06,0:03:43,,2885,16201,0,186,223,0,99999,99999,99999,19,17,16,21,21,18,99999,99999,99999,DNF,0
Alano,Wedney Cecilio Da Fonseca,Alano Wedney Cecilio Da Fonseca,1051,M40-44,Male,Parnamirim,RN,Brazil,BR,,,,0:00:00,0:00:00,,0,0,0,0,0,0,99999,99999,99999,99999,99999,99999,99999,99999,99999,99999,99999,99999,DNS,0
Rodrigo,Wilson Moure Dos Reis Andrade,Rodrigo Wilson Moure Dos Reis Andrade,1800,M50-54,Male,sao paulo,São paulo,Brazil,BR,,,,0:00:00,0:00:00,,0,0,0,0,0,0,99999,99999,99999,99999,99999,99999,99999,99999,99999,99999,99999,99999,DNS,0
SILAS,MAGALHAES CRUZ,SILAS MAGALHAES CRUZ,1003,M40-44,Male,JOAO PESSOA,PB,Brazil,BR,1:18:25,,,0:07:37,0:00:00,,4705,0,0,457,0,0,99999,99999,99999,1511,1330,330,99999,99999,99999,99999,99999,99999,DNF,0
julian ,edwards ,julian edwards,447,M30-34,Male,Mendoza,,Argentina,AR,,,,0:00:00,0:00:00,,0,0,0,0,0,0,99999,99999,99999,99999,99999,99999,99999,99999,99999,99999,99999,99999,DNS,0
João Marinho,da Silva Filho,João Marinho da Silva Filho,2040,M55-59,Male,Maceió,,Brazil,BR,,,,0:00:00,0:00:00,,0,0,0,0,0,0,99999,99999,99999,99999,99999,99999,99999,99999,99999,99999,99999,99999,DNS,0
Natalia Cristine Sales Santos,Machado,Natalia Cristine Sales Santos Machado,2006,F55-59,Female,São José dos Campos,São Paulo,Brazil,BR,1:34:45,,,0:12:10,0:00:00,,5685,0,0,730,0,0,99999,99999,99999,1879,254,9,99999,99999,99999,99999,99999,99999,DNF,0
Tarik,Ajub,Tarik Ajub,407,M30-34,Male,BRASILIA,BR-DF,Brazil,BR,,,,0:00:00,0:00:00,,0,0,0,0,0,0,99999,99999,99999,99999,99999,99999,99999,99999,99999,99999,99999,99999,DNS,0
Mario,Jose Petrelli Filho,Mario Jose Petrelli Filho,2163,M60-64,Male,Florianopolis,SC,Brazil,BR,,,,0:00:00,0:00:00,,0,0,0,0,0,0,99999,99999,99999,99999,99999,99999,99999,99999,99999,99999,99999,99999,DNS,0
Léo,Müller,Léo Müller,1134,M40-44,Male,Lages,Santa Catarina,Brazil,BR,,,,0:00:00,0:00:00,,0,0,0,0,0,0,99999,99999,99999,99999,99999,99999,99999,99999,99999,99999,99999,99999,DQ,0
Tiago,Carvalho Cardoso Da Silva,Tiago Carvalho Cardoso Da Silva,1398,M45-49,Male,Aracaju,BR-SE,Brazil,BR,0:54:54,4:53:51,,0:05:08,0:03:23,,3294,17631,0,308,203,0,99999,99999,99999,101,87,17,153,144,20,99999,99999,99999,DNF,0
Federico,Scarabino,Federico Scarabino,2,MPRO,Male,Montevideo,UY-MO,Uruguay,UY,0:44:18,4:07:43,,0:03:03,0:01:41,,2658,14863,0,183,101,0,99999,99999,99999,5,5,5,4,4,4,99999,99999,99999,DNF,0
Claudio,Alexandre De Melo Onofre,Claudio Alexandre De Melo Onofre,1865,M50-54,Male,Natal,Rio Grande Do Norte,Brazil,BR,,,,0:00:00,0:00:00,,0,0,0,0,0,0,99999,99999,99999,99999,99999,99999,99999,99999,99999,99999,99999,99999,DNS,0
Vinicius,De Quadros Silvestrin,Vinicius De Quadros Silvestrin,2209,M40-44,Male,,,Brazil,BR,0:53:27,,,0:06:05,0:00:00,,3207,0,0,365,0,0,99999,99999,99999,70,60,6,99999,99999,99999,99999,99999,99999,DNF,0
André,Cordeiro De Sousa,André Cordeiro De Sousa,1415,M45-49,Male,Rio de Janeiro,Rio de Janeiro,Brazil,BR,1:05:17,,,0:05:54,0:00:00,,3917,0,0,354,0,0,99999,99999,99999,579,527,85,99999,99999,99999,99999,99999,99999,DNF,0
GELSON,VACARO,GELSON VACARO,2162,M60-64,Male,BALNEARIO CAMBORIU,SC,Brazil,BR,1:10:42,5:42:56,,0:08:54,0:06:37,,4242,20576,0,534,397,0,99999,99999,99999,970,878,16,1125,1021,16,99999,99999,99999,DNF,0
Marcela,Torrejón,Marcela Torrejón,1390,F45-49,Female,Talcahuano,CL-BI,Chile,CL,,,,0:00:00,0:00:00,,0,0,0,0,0,0,99999,99999,99999,99999,99999,99999,99999,99999,99999,99999,99999,99999,DNS,0
Fernando,Cambuhy,Fernando Cambuhy,1091,M40-44,Male,Florianopolis,SC,Brazil,BR,,,,0:00:00,0:00:00,,0,0,0,0,0,0,99999,99999,99999,99999,99999,99999,99999,99999,99999,99999,99999,99999,DNS,0
Guilherme,Augusto Dos Santos Britto,Guilherme Augusto Dos Santos Britto,1100,M40-44,Male,,,Brazil,BR,1:20:48,,,0:12:44,0:00:00,,4848,0,0,764,0,0,99999,99999,99999,1630,1428,359,99999,99999,99999,99999,99999,99999,DNF,0
Matheus,Ramalho Ferreira Fornazari,Matheus Ramalho Ferreira Fornazari,409,M30-34,Male,Sao Paulo,SP,Brazil,BR,,,,0:00:00,0:00:00,,0,0,0,0,0,0,99999,99999,99999,99999,99999,99999,99999,99999,99999,99999,99999,99999,DNS,0
Paulo,César De Jesus Filho,Paulo César De Jesus Filho,997,M40-44,Male,Niteroi,Rio de Janeiro,Brazil,BR,,,,0:00:00,0:00:00,,0,0,0,0,0,0,99999,99999,99999,99999,99999,99999,99999,99999,99999,99999,99999,99999,DNS,0
PEDRO,PEREIRA BARRETTO GUIMARAES,PEDRO PEREIRA BARRETTO GUIMARAES,1408,M45-49,Male,São Paulo,São Paulo,Brazil,BR,1:05:12,,,0:11:07,0:00:00,,3912,0,0,667,0,0,99999,99999,99999,576,524,84,99999,99999,99999,99999,99999,99999,DNF,0
Marcelo,Flores Gomes,Marcelo Flores Gomes,943,M40-44,Male,Jequie,BA,Brazil,BR,,,,0:00:00,0:00:00,,0,0,0,0,0,0,99999,99999,99999,99999,99999,99999,99999,99999,99999,99999,99999,99999,DNS,0
VIRGILIO,FAGUNDES,VIRGILIO FAGUNDES,1647,M45-49,Male,SAO PAULO,SP,Brazil,BR,,,,0:00:00,0:00:00,,0,0,0,0,0,0,99999,99999,99999,99999,99999,99999,99999,99999,99999,99999,99999,99999,DNS,0
Joao,Paulo Souza Monteiro,Joao Paulo Souza Monteiro,183,M25-29,Male,Sao Paulo,SP,Brazil,BR,,,,0:00:00,0:00:00,,0,0,0,0,0,0,99999,99999,99999,99999,99999,99999,99999,99999,99999,99999,99999,99999,DNS,0
Carlos,Bertoni,Carlos Bertoni,1005,M40-44,Male,Rondonópolis,Mato grosso,Brazil,BR,,,,0:00:00,0:00:00,,0,0,0,0,0,0,99999,99999,99999,99999,99999,99999,99999,99999,99999,99999,99999,99999,DNS,0
Felipe,Miguel Sansigolo,Felipe Miguel Sansigolo,1276,M40-44,Male,Piracicaba,SAO PAULO,Brazil,BR,,,,0:00:00,0:00:00,,0,0,0,0,0,0,99999,99999,99999,99999,99999,99999,99999,99999,99999,99999,99999,99999,DNS,0
mateus,van der hulst,mateus van der hulst,1107,M40-44,Male,Campinas,BR-SP,Brazil,BR,,,,0:00:00,0:00:00,,0,0,0,0,0,0,99999,99999,99999,99999,99999,99999,99999,99999,99999,99999,99999,99999,DNS,0
Thiago,Alves Sena,Thiago Alves Sena,128,M18-24,Male,Fortaleza,CE,Brazil,BR,,,,0:00:00,0:00:00,,0,0,0,0,0,0,99999,99999,99999,99999,99999,99999,99999,99999,99999,99999,99999,99999,DNS,0
Christian,Teixeira,Christian Teixeira,211,M25-29,Male,Fortaleza,Ceará,Brazil,BR,,,,0:00:00,0:00:00,,0,0,0,0,0,0,99999,99999,99999,99999,99999,99999,99999,99999,99999,99999,99999,99999,DNS,0
Gustavo,Correa,Gustavo Correa,772,M35-39,Male,Blumenau,SANTA CATARINA,Brazil,BR,,,,0:00:00,0:00:00,,0,0,0,0,0,0,99999,99999,99999,99999,99999,99999,99999,99999,99999,99999,99999,99999,DNS,0
ESTEVAO,ANDROCLES SOEIRO CORREA,ESTEVAO ANDROCLES SOEIRO CORREA,1867,M50-54,Male,RIO DE JANEIRO,RJ,Brazil,BR,,,,0:00:00,0:00:00,,0,0,0,0,0,0,99999,99999,99999,99999,99999,99999,99999,99999,99999,99999,99999,99999,DNS,0
RAFAELLA,MENDES,RAFAELLA MENDES,497,F35-39,Female,FRANCA,SP,Brazil,BR,,,,0:00:00,0:00:00,,0,0,0,0,0,0,99999,99999,99999,99999,99999,99999,99999,99999,99999,99999,99999,99999,DNS,0
Bernardo,Duarte,Bernardo Duarte,1716,M45-49,Male,Salvador,BR-Bahia,Brazil,BR,1:18:05,,,0:12:20,0:00:00,,4685,0,0,740,0,0,99999,99999,99999,1497,1321,250,99999,99999,99999,99999,99999,99999,DNF,0
MARCIO,AUGUSTO ZANICOSKI DE ARAUJO,MARCIO AUGUSTO ZANICOSKI DE ARAUJO,1917,M50-54,Male,PARANAGUA,PR,Brazil,BR,1:33:44,8:10:49,,0:10:54,0:09:18,,5624,29449,0,654,558,0,99999,99999,99999,1874,1621,192,1916,1649,190,99999,99999,99999,DNF,0
JONATHAS,MULLER DE MELO,JONATHAS MULLER DE MELO,2161,M60-64,Male,BALNEARIO CAMBORIU,SC,Brazil,BR,0:58:02,5:27:38,,0:06:51,0:03:55,,3482,19658,0,411,235,0,99999,99999,99999,192,171,1,622,580,4,99999,99999,99999,DNF,0
Cristina,Vicente De Moraes,Cristina Vicente De Moraes,2000,F50-54,Female,Sao Jose Dos Campos,São Paulo,Brazil,BR,,,,0:00:00,0:00:00,,0,0,0,0,0,0,99999,99999,99999,99999,99999,99999,99999,99999,99999,99999,99999,99999,DNS,0
Eduardo,Gutierrez,Eduardo Gutierrez,1687,M45-49,Male,Florianopolis,SC,Brazil,BR,,,,0:00:00,0:00:00,,0,0,0,0,0,0,99999,99999,99999,99999,99999,99999,99999,99999,99999,99999,99999,99999,DNS,0
BRUNO,HEBERT FERREIRA DE LIMA,BRUNO HEBERT FERREIRA DE LIMA,1437,M45-49,Male,Curitiba,Paraná,Brazil,BR,,,,0:00:00,0:00:00,,0,0,0,0,0,0,99999,99999,99999,99999,99999,99999,99999,99999,99999,99999,99999,99999,DNS,0
Clyffson,Clelio Andrade De Araujo,Clyffson Clelio Andrade De Araujo,1796,M50-54,Male,,,Brazil,BR,,,,0:00:00,0:00:00,,0,0,0,0,0,0,99999,99999,99999,99999,99999,99999,99999,99999,99999,99999,99999,99999,DNS,0
Igor,Rocha Del Bisogno,Igor Rocha Del Bisogno,428,M30-34,Male,Juiz de Fora,Minas Gerais,Brazil,BR,,,,0:00:00,0:00:00,,0,0,0,0,0,0,99999,99999,99999,99999,99999,99999,99999,99999,99999,99999,99999,99999,DNS,0
Marcelo,Fabian Beltran,Marcelo Fabian Beltran,2157,M60-64,Male,Buenos Aires,B,Argentina,AR,1:13:44,5:23:00,,0:07:16,0:05:10,,4424,19380,0,436,310,0,99999,99999,99999,1210,1086,22,827,761,11,99999,99999,99999,DNF,0
Jaran,Fleury Carvalho Barros,Jaran Fleury Carvalho Barros,1642,M45-49,Male,Brasilia,DF,Brazil,BR,,,,0:00:00,0:00:00,,0,0,0,0,0,0,99999,99999,99999,99999,99999,99999,99999,99999,99999,99999,99999,99999,DNS,0
Bruno,Moreira,Bruno Moreira,1621,M45-49,Male,Rio De Janeiro,RJ,Brazil,BR,,,,0:00:00,0:00:00,,0,0,0,0,0,0,99999,99999,99999,99999,99999,99999,99999,99999,99999,99999,99999,99999,DNS,0
THEMIS,VILELA,THEMIS VILELA,2120,F65-69,Female,MACEIO,BR-AL,Brazil,BR,,,,0:00:00,0:00:00,,0,0,0,0,0,0,99999,99999,99999,99999,99999,99999,99999,99999,99999,99999,99999,99999,DQ,0
Sullivan,Scotti,Sullivan Scotti,1451,M45-49,Male,Orleans,Santa Catarina,Brazil,BR,,,,0:00:00,0:00:00,,0,0,0,0,0,0,99999,99999,99999,99999,99999,99999,99999,99999,99999,99999,99999,99999,DNS,0
Gustavo,Carvalho,Gustavo Carvalho,1111,M40-44,Male,Pirassununga,SAO PAULO,Brazil,BR,,,,0:00:00,0:00:00,,0,0,0,0,0,0,99999,99999,99999,99999,99999,99999,99999,99999,99999,99999,99999,99999,DNS,0
Jony,Michael Campos De Miranda,Jony Michael Campos De Miranda,1741,M45-49,Male,Maceio,AL,Brazil,BR,,,,0:00:00,0:00:00,,0,0,0,0,0,0,99999,99999,99999,99999,99999,99999,99999,99999,99999,99999,99999,99999,DNS,0
Felipe,Nonato Dutra Da Silva,Felipe Nonato Dutra Da Silva,992,M40-44,Male,Brasilia,DF,Brazil,BR,,,,0:00:00,0:00:00,,0,0,0,0,0,0,99999,99999,99999,99999,99999,99999,99999,99999,99999,99999,99999,99999,DNS,0
Rodrigo,Sartori,Rodrigo Sartori,1167,M40-44,Male,Sao Paulo,SP,Brazil,BR,,,,0:00:00,0:00:00,,0,0,0,0,0,0,99999,99999,99999,99999,99999,99999,99999,99999,99999,99999,99999,99999,DNS,0
Cody,Beals,Cody Beals,9,MPRO,Male,Guelph,ON,Canada,CA,,,,0:00:00,0:00:00,,0,0,0,0,0,0,99999,99999,99999,99999,99999,99999,99999,99999,99999,99999,99999,99999,DNS,0
Carlos,Henrique Ferraz Cardoso,Carlos Henrique Ferraz Cardoso,790,M35-39,Male,Rio Verde,GO,Brazil,BR,,,,0:00:00,0:00:00,,0,0,0,0,0,0,99999,99999,99999,99999,99999,99999,99999,99999,99999,99999,99999,99999,DNS,0
Anaise,Cristina Da Silva Barbosa,Anaise Cristina Da Silva Barbosa,489,F35-39,Female,Balneario Camboriu,SC,Brazil,BR,,,,0:00:00,0:00:00,,0,0,0,0,0,0,99999,99999,99999,99999,99999,99999,99999,99999,99999,99999,99999,99999,DNS,0
José Ricardo,Dahbar Arbex,José Ricardo Dahbar Arbex,2101,M55-59,Male,Natal,Rio Grande do Norte,Brazil,BR,,,,0:00:00,0:00:00,,0,0,0,0,0,0,99999,99999,99999,99999,99999,99999,99999,99999,99999,99999,99999,99999,DNS,0
Hanry,Barros Souto,Hanry Barros Souto,2098,M55-59,Male,Niterói,Rio de Janeiro,Brazil,BR,,,,0:00:00,0:00:00,,0,0,0,0,0,0,99999,99999,99999,99999,99999,99999,99999,99999,99999,99999,99999,99999,DNS,0
Julia,Rosher,Julia Rosher,227,F25-29,Female,SHAWNEE,KS,United States,US,,,,0:00:00,0:00:00,,0,0,0,0,0,0,99999,99999,99999,99999,99999,99999,99999,99999,99999,99999,99999,99999,DNS,0
Rômulo,Do Carmo Nascimento,Rômulo Do Carmo Nascimento,962,M40-44,Male,SÃO PAULO,Intl State,Brazil,BR,,,,0:00:00,0:00:00,,0,0,0,0,0,0,99999,99999,99999,99999,99999,99999,99999,99999,99999,99999,99999,99999,DNS,0
Edgar,Herzmann,Edgar Herzmann,860,M35-39,Male,Sao Jose,SC,Brazil,BR,1:04:27,,,0:07:55,0:00:00,,3867,0,0,475,0,0,99999,99999,99999,526,479,101,99999,99999,99999,99999,99999,99999,DNF,0
Luciana,Cachem,Luciana Cachem,2005,F55-59,Female,Santana De Parnaiba,SP,Brazil,BR,,,,0:00:00,0:00:00,,0,0,0,0,0,0,99999,99999,99999,99999,99999,99999,99999,99999,99999,99999,99999,99999,DNS,0
Marcus,Vinicius Macedo Dos Santos,Marcus Vinicius Macedo Dos Santos,1432,M45-49,Male,Cascavel,PR,Brazil,BR,,,,0:00:00,0:00:00,,0,0,0,0,0,0,99999,99999,99999,99999,99999,99999,99999,99999,99999,99999,99999,99999,DNS,0
Cristian,Caceres,Cristian Caceres,1779,M50-54,Male,CABA,Buenos Aires,Argentina,AR,,,,0:00:00,0:00:00,,0,0,0,0,0,0,99999,99999,99999,99999,99999,99999,99999,99999,99999,99999,99999,99999,DNS,0
Ciro,Carneiro Medeiros,Ciro Carneiro Medeiros,947,M40-44,Male,Campinas,SP,Brazil,BR,,,,0:00:00,0:00:00,,0,0,0,0,0,0,99999,99999,99999,99999,99999,99999,99999,99999,99999,99999,99999,99999,DNS,0
DEMIAN,FERNANDO CHANQUETTE,DEMIAN FERNANDO CHANQUETTE,2034,M55-59,Male,Limeira,São Paulo,Brazil,BR,,,,0:00:00,0:00:00,,0,0,0,0,0,0,99999,99999,99999,99999,99999,99999,99999,99999,99999,99999,99999,99999,DNF,0
Flavio,Lima Da Costa,Flavio Lima Da Costa,1556,M45-49,Male,,,Brazil,BR,,,,0:00:00,0:00:00,,0,0,0,0,0,0,99999,99999,99999,99999,99999,99999,99999,99999,99999,99999,99999,99999,DNS,0
Alexandre,Rizzi,Alexandre Rizzi,1897,M50-54,Male,Santarém,BR-PA,Brazil,BR,,,,0:00:00,0:00:00,,0,0,0,0,0,0,99999,99999,99999,99999,99999,99999,99999,99999,99999,99999,99999,99999,DQ,0
Mario,Cesar Massa,Mario Cesar Massa,2090,M55-59,Male,Pocos De Caldas,MG,Brazil,BR,,,,0:00:00,0:00:00,,0,0,0,0,0,0,99999,99999,99999,99999,99999,99999,99999,99999,99999,99999,99999,99999,DNS,0
Caio,Murilo Preisler,Caio Murilo Preisler,425,M30-34,Male,,,Brazil,BR,,,,0:00:00,0:00:00,,0,0,0,0,0,0,99999,99999,99999,99999,99999,99999,99999,99999,99999,99999,99999,99999,DNS,0
Guilherme,Houch,Guilherme Houch,190,M25-29,Male,Barueri,,Brazil,BR,,,,0:00:00,0:00:00,,0,0,0,0,0,0,99999,99999,99999,99999,99999,99999,99999,99999,99999,99999,99999,99999,DNS,0
Lucas,Doitschinoff,Lucas Doitschinoff,776,M35-39,Male,São Paulo,BR-SP,Austria,AT,,,,0:00:00,0:00:00,,0,0,0,0,0,0,99999,99999,99999,99999,99999,99999,99999,99999,99999,99999,99999,99999,DNS,0
Cleomar ,Feliciano ,Cleomar Feliciano,2180,M65-69,Male,Praia grande,São Paulo,Brazil,BR,,,,0:00:00,0:00:00,,0,0,0,0,0,0,99999,99999,99999,99999,99999,99999,99999,99999,99999,99999,99999,99999,DNS,0
Cesar,Gomes Neto,Cesar Gomes Neto,1332,M40-44,Male,Florianopolis,BR-SC,Brazil,BR,,,,0:00:00,0:00:00,,0,0,0,0,0,0,99999,99999,99999,99999,99999,99999,99999,99999,99999,99999,99999,99999,DNS,0
Luciano,Taccone,Luciano Taccone,1,MPRO,Male,BUENOS AIRES,AR-C,Argentina,AR,0:44:24,4:07:54,,0:02:50,0:02:25,,2664,14874,0,170,145,0,99999,99999,99999,8,8,8,7,7,7,99999,99999,99999,DNF,0
Joao Felipe,De Campos Costa,Joao Felipe De Campos Costa,865,M35-39,Male,Curitiba,Paraná,Brazil,BR,,,,0:00:00,0:00:00,,0,0,0,0,0,0,99999,99999,99999,99999,99999,99999,99999,99999,99999,99999,99999,99999,DNS,0
Pedro,Pereira De Oliveira,Pedro Pereira De Oliveira,1512,M45-49,Male,,,Brazil,BR,,,,0:00:00,0:00:00,,0,0,0,0,0,0,99999,99999,99999,99999,99999,99999,99999,99999,99999,99999,99999,99999,DNS,0
Charlston,Cabral Rodrigues,Charlston Cabral Rodrigues,1648,M45-49,Male,PALMAS,CO,Brazil,BR,,,,0:00:00,0:00:00,,0,0,0,0,0,0,99999,99999,99999,99999,99999,99999,99999,99999,99999,99999,99999,99999,DNS,0
Henrique,Gerhard,Henrique Gerhard,1596,M45-49,Male,Sapiranga,RS,Brazil,BR,,,,0:00:00,0:00:00,,0,0,0,0,0,0,99999,99999,99999,99999,99999,99999,99999,99999,99999,99999,99999,99999,DNS,0
MARCELO,ZANINE CALDAS OLIVIERI,MARCELO ZANINE CALDAS OLIVIERI,763,M35-39,Male,SALVADOR,BA,Brazil,BR,1:06:23,5:55:03,,0:06:22,0:00:00,,3983,21303,0,382,0,0,99999,99999,99999,656,595,120,1206,1092,213,99999,99999,99999,DNF,0
Felipe,Fernandes Cassiano Fagundes,Felipe Fernandes Cassiano Fagundes,845,M35-39,Male,Natal,Rio Grande do Norte,Brazil,BR,,,,0:00:00,0:00:00,,0,0,0,0,0,0,99999,99999,99999,99999,99999,99999,99999,99999,99999,99999,99999,99999,DNS,0
Andre,De Simone,Andre De Simone,1324,M40-44,Male,Sao Paulo,SP,Brazil,BR,1:12:26,6:11:43,,0:12:04,0:00:00,,4346,22303,0,724,0,0,99999,99999,99999,1117,1007,250,1511,1344,339,99999,99999,99999,DNF,0
Rosa,Creus Ritchie,Rosa Creus Ritchie,2016,F55-59,Female,Curitiba,Paraná,Brazil,BR,,,,0:00:00,0:00:00,,0,0,0,0,0,0,99999,99999,99999,99999,99999,99999,99999,99999,99999,99999,99999,99999,DNS,0
MARCELO,ERICO GUNIA SCHIAVON,MARCELO ERICO GUNIA SCHIAVON,1933,M50-54,Male,CURITIBA,PR,Brazil,BR,0:56:26,5:08:08,,0:04:29,0:04:16,,3386,18488,0,269,256,0,99999,99999,99999,137,119,7,303,284,17,99999,99999,99999,DNF,0
Rafael,Farina,Rafael Farina,1506,M45-49,Male,VERANÓPOLIS,RIO GRANDE DO SUL,Brazil,BR,,,,0:00:00,0:00:00,,0,0,0,0,0,0,99999,99999,99999,99999,99999,99999,99999,99999,99999,99999,99999,99999,DNS,0
Andre,Augusto Leda,Andre Augusto Leda,1527,M45-49,Male,Paulínia,SP,Brazil,BR,,,,0:00:00,0:00:00,,0,0,0,0,0,0,99999,99999,99999,99999,99999,99999,99999,99999,99999,99999,99999,99999,DNS,0
Lorena,Fariña,Lorena Fariña,1978,F50-54,Female,bs as,AR-B,Argentina,AR,1:20:36,,,0:08:12,0:00:00,,4836,0,0,492,0,0,99999,99999,99999,1616,200,15,99999,99999,99999,99999,99999,99999,DNF,0
Dibbern,Lucia,Dibbern Lucia,547,F40-44,Female,Tres Arroyos,ARGEN,Argentina,AR,,,,0:00:00,0:00:00,,0,0,0,0,0,0,99999,99999,99999,99999,99999,99999,99999,99999,99999,99999,99999,99999,DNS,0
HERALDO,VIANA BARBOSA DE SOUSA,HERALDO VIANA BARBOSA DE SOUSA,1938,M50-54,Male,FORTALEZA,CE,Brazil,BR,,,,0:00:00,0:00:00,,0,0,0,0,0,0,99999,99999,99999,99999,99999,99999,99999,99999,99999,99999,99999,99999,DNS,0
Janiffer,Yoneyama,Janiffer Yoneyama,513,F35-39,Female,Brasília ,Distrito Federal,Brazil,BR,,,,0:00:00,0:00:00,,0,0,0,0,0,0,99999,99999,99999,99999,99999,99999,99999,99999,99999,99999,99999,99999,DNS,0
Igor,Amorelli,Igor Amorelli,22,MPRO,Male,Balneario Camboriu,BR-SC,Brazil,BR,0:48:07,,,0:03:12,0:00:00,,2887,0,0,192,0,0,99999,99999,99999,22,20,18,99999,99999,99999,99999,99999,99999,DNF,0
