FirstName,LastName,FullName,Bib,AgeGroup,Gender,City,State,Country,CountryISO,SwimTime,BikeTime,RunTime,T1Time,T2Time,FinishTime,SwimSeconds,BikeSeconds,RunSeconds,T1Seconds,T2Seconds,FinishSeconds,OverallRank,GenderRank,AgeGroupRank,SwimRankOverall,SwimRankGender,SwimRankGroup,BikeRankOverall,BikeRankGender,BikeRankGroup,RunRankOverall,RunRankGender,RunRankGroup,Status,Points
Kiyan,Sunderji,Kiyan Sunderji,201,M18-24,Male,Calgary,AB,Canada,CA,0:57:27,4:27:37,2:56:55,0:03:26,0:01:28,8:26:53,3447,16057,10615,206,88,30413,1,1,1,8,8,1,1,1,1,1,1,1,Finisher,5000
Luke,Evans,Luke Evans,2350,M25-29,Male,Toronto,ON,Canada,CA,0:54:18,4:40:13,2:58:53,0:02:40,0:02:16,8:38:20,3258,16813,10733,160,136,31100,2,2,1,2,2,1,5,5,1,2,2,1,Finisher,5000
Trevor,Harley,Trevor Harley,143,M35-39,Male,Marmora,CA-ON,Canada,CA,1:06:57,4:34:31,2:52:40,0:03:46,0:02:24,8:40:18,4017,16471,10360,226,144,31218,3,3,1,123,97,15,17,17,4,3,3,1,Finisher,5000
Nicholas,Thomas,Nicholas Thomas,1580,M30-34,Male,Squamish,BC,Canada,CA,1:01:52,4:27:37,3:08:03,0:03:27,0:02:22,8:43:20,3712,16057,11283,207,142,31400,4,4,1,33,27,7,2,2,1,4,4,1,Finisher,5000
Mathis,Caron,Mathis Caron,2358,M18-24,Male,Sainte Thérèse,QC,Canada,CA,1:09:21,4:35:58,2:58:58,0:02:20,0:01:48,8:48:24,4161,16558,10738,140,108,31704,5,5,2,209,159,29,25,25,4,5,5,2,Finisher,4741
Jean-Baptiste,Chamouleaud,Jean-Baptiste Chamouleaud,405,M30-34,Male,EYSINES,,France,FR,1:02:02,4:38:17,3:05:14,0:02:36,0:02:29,8:50:38,3722,16697,11114,156,149,31838,6,6,2,34,28,8,11,11,5,6,6,2,Finisher,4912
Charles,Meilleur,Charles Meilleur,296,M25-29,Male,Terrebonne,QC,Canada,CA,1:05:28,4:35:10,3:05:10,0:03:36,0:02:38,8:52:02,3928,16510,11110,216,158,31922,7,7,2,85,64,15,13,13,4,7,7,2,Finisher,4835
Alex,Landry-Simard,Alex Landry-Simard,283,M30-34,Male,Québec,QC,Canada,CA,1:15:19,4:24:56,3:01:56,0:05:28,0:04:33,8:52:12,4519,15896,10916,328,273,31932,8,8,3,509,402,60,19,19,6,8,8,3,Finisher,4893
Nelson,Alexander Doleman,Nelson Alexander Doleman,1671,M35-39,Male,London,ON,Canada,CA,1:04:23,4:37:11,3:06:42,0:03:32,0:02:24,8:54:11,3863,16631,11202,212,144,32051,9,9,2,70,51,5,16,16,3,9,9,2,Finisher,4833
Brad,Fisher,Brad Fisher,2391,M35-39,Male,Calgary,CA-AB,Canada,CA,1:06:49,4:27:34,3:12:38,0:04:51,0:02:37,8:54:29,4009,16054,11558,291,157,32069,10,10,3,119,93,13,6,6,2,10,10,3,Finisher,1000
Josh,Seifarth,Josh Seifarth,261,M35-39,Male,Vancouver,BC,Canada,CA,0:57:35,4:35:54,3:24:06,0:02:32,0:03:16,9:03:23,3455,16554,12246,152,196,32603,11,11,4,10,10,1,4,4,1,11,11,4,Finisher,4723
Michael,Nepton,Michael Nepton,1801,M35-39,Male,Jonquière,QC,Canada,CA,1:06:56,4:41:19,3:08:54,0:04:26,0:01:53,9:03:27,4016,16879,11334,266,113,32607,12,12,5,122,96,14,40,39,8,12,12,5,Finisher,1000
Jesse,Langevin,Jesse Langevin,1544,M35-39,Male,Carleton Place,ON,Canada,CA,1:06:14,4:36:14,3:13:05,0:04:44,0:03:26,9:03:42,3974,16574,11585,284,206,32622,13,13,6,107,83,9,24,24,5,13,13,6,Finisher,4719
Caleb,Bey,Caleb Bey,2120,M18-24,Male,Plymouth,MI,United States,US,1:05:53,4:33:53,3:20:46,0:02:37,0:02:27,9:05:35,3953,16433,12046,157,147,32735,14,14,3,92,70,14,9,9,2,14,14,3,Finisher,4535
Maxime,Brouillette,Maxime Brouillette,292,M40-44,Male,Repentigny,QC,Canada,CA,1:13:54,4:25:55,3:19:37,0:04:28,0:03:04,9:06:57,4434,15955,11977,268,184,32817,15,15,1,428,342,37,14,14,1,15,15,1,Finisher,5000
Ben,Besse,Ben Besse,840,M30-34,Male,Newburyport,MA,United States,US,0:58:53,4:33:02,3:30:50,0:03:09,0:03:26,9:09:19,3533,16382,12650,189,206,32959,16,16,4,15,14,4,3,3,2,16,16,4,Finisher,4688
Ariane,Lalancette,Ariane Lalancette,1940,F25-29,Female,Lévis,QC,Canada,CA,1:00:28,4:46:10,3:17:09,0:03:02,0:02:44,9:09:33,3628,17170,11829,182,164,32973,17,1,1,22,4,3,30,1,1,17,1,1,Finisher,5000
Louis,Vallée,Louis Vallée,1928,M18-24,Male,Trois Rivieres,QC,Canada,CA,1:12:44,4:48:43,2:59:52,0:05:41,0:02:41,9:09:42,4364,17323,10792,341,161,32982,18,17,4,364,286,46,76,75,8,18,17,4,Finisher,4486
Joshua ,Chang,Joshua Chang,247,M25-29,Male,Ann Arbor,MI,Taiwan,TW,1:05:29,4:34:02,3:25:02,0:03:05,0:02:41,9:10:18,3929,16442,12302,185,161,33018,19,18,3,86,65,16,10,10,2,19,18,3,Finisher,4616
Jake,Wyatt,Jake Wyatt,2321,M30-34,Male,Newport Beach,US-CA,United States,US,0:54:21,4:44:18,3:25:38,0:03:23,0:02:55,9:10:34,3261,17058,12338,203,175,33034,20,19,5,3,3,2,8,8,4,20,19,5,Finisher,4673
Antoine,Dupuis,Antoine Dupuis,2368,M25-29,,Saint-Elzéar,QC,Canada,CA,1:24:31,4:42:52,2:57:39,0:03:13,0:02:40,9:10:55,5071,16972,10659,193,160,33055,21,20,4,1216,941,162,86,85,20,21,20,4,Finisher,4609
Virginie,Provencal,Virginie Provencal,214,M40-44,Male,lachine,CA-QC,Canada,CA,1:15:07,4:30:09,3:20:40,0:02:50,0:02:36,9:11:23,4507,16209,12040,170,156,33083,22,21,2,503,396,42,27,27,3,22,21,2,Finisher,4946
Craig,Hoogerwerf,Craig Hoogerwerf,1295,M40-44,Male,ADA,MI,United States,US,0:59:20,4:46:39,3:16:44,0:05:45,0:03:18,9:11:45,3560,17199,11804,345,198,33105,23,22,3,19,18,2,38,37,6,23,22,3,Finisher,4942
Raphael,Janssens,Raphael Janssens,709,M45-49,Male,Knokke-Heist,,Belgium,BE,1:13:59,4:31:15,3:19:45,0:05:00,0:02:21,9:12:21,4439,16275,11985,300,141,33141,24,23,1,433,346,25,34,33,3,24,23,1,Finisher,5000
William,Rooke,William Rooke,1746,M25-29,Male,North Vancouver,BC,Canada,CA,1:10:26,4:38:10,3:17:33,0:02:43,0:03:49,9:12:41,4226,16690,11853,163,229,33161,25,24,5,253,194,39,37,36,7,25,24,5,Finisher,4587
Alexandre,Levesque,Alexandre Levesque,166,M35-39,Male,North Vancouver,BC,Canada,CA,1:12:47,4:31:53,3:22:32,0:03:06,0:02:43,9:13:01,4367,16313,12152,186,163,33181,26,25,7,366,288,38,26,26,6,26,25,7,Finisher,4607
Drew,Scott,Drew Scott,273,M30-34,Male,Tonawanda,NY,United States,US,0:56:11,4:39:36,3:31:22,0:04:07,0:04:06,9:15:22,3371,16776,12682,247,246,33322,27,26,6,5,5,3,7,7,3,27,26,6,Finisher,4615
Eric,Roy,Eric Roy,314,M50-54,Male,Gatineau,QC,Canada,CA,1:02:43,4:40:12,3:26:29,0:03:18,0:03:39,9:16:21,3763,16812,12389,198,219,33381,28,27,1,42,33,3,21,21,1,28,27,1,Finisher,5000
Scott,Catto,Scott Catto,85,M30-34,Male,OCEANSIDE,CA,United Kingdom,GB,1:08:56,4:41:32,3:21:29,0:02:14,0:02:18,9:16:29,4136,16892,12089,134,138,33389,29,28,7,194,147,24,41,40,7,29,28,7,Finisher,4602
Jessey,Elf,Jessey Elf,136,M30-34,Male,Waterdown,ON,Canada,CA,0:53:56,5:02:44,3:16:54,0:02:13,0:01:35,9:17:22,3236,18164,11814,133,95,33442,30,29,8,1,1,1,49,48,8,30,29,8,Finisher,4591
Michael,Guidea,Michael Guidea,2415,M25-29,Male,Montreal,QC,Canada,CA,1:04:52,4:37:22,3:30:20,0:03:13,0:02:31,9:18:18,3892,16642,12620,193,151,33498,31,30,6,73,54,13,18,18,5,31,30,6,Finisher,4520
Ryan,Hiscox,Ryan Hiscox,2015,M40-44,Male,Toronto,ON,Canada,CA,1:13:04,4:33:57,3:27:06,0:03:05,0:02:33,9:19:44,4384,16437,12426,185,153,33584,32,31,4,382,303,33,33,32,5,32,31,4,Finisher,4846
Sergio,Soares,Sergio Soares,304,M35-39,Male,Waterloo,ON,Canada,CA,1:08:58,4:38:33,3:26:29,0:03:10,0:02:44,9:19:55,4138,16713,12389,190,164,33595,33,32,8,197,150,21,35,34,7,33,32,8,Finisher,4524
Bryan,Rusche,Bryan Rusche,269,M50-54,Male,Toronto,ON,Canada,CA,1:21:44,4:47:54,3:03:15,0:05:08,0:02:00,9:20:02,4904,17274,10995,308,120,33602,34,33,2,968,752,72,114,111,6,34,33,2,Finisher,4955
Evert,Lamb,Evert Lamb,2159,M40-44,Male,Toronto,ON,Canada,CA,1:02:56,4:37:19,3:28:27,0:06:34,0:05:09,9:20:26,3776,16639,12507,394,309,33626,35,34,5,46,36,4,23,23,2,35,34,5,Finisher,4838
Olivier,Moraine,Olivier Moraine,435,M40-44,Male,Pincourt,QC,France,FR,1:15:24,4:42:36,3:16:26,0:03:09,0:02:55,9:20:29,4524,16956,11786,189,175,33629,36,35,6,519,410,45,55,54,9,36,35,6,Finisher,4837
Patrice,Brisindi,Patrice Brisindi,1735,M55-59,Male,Longueuil,QC,Canada,CA,1:05:16,4:41:34,3:23:13,0:05:31,0:05:16,9:20:50,3916,16894,12193,331,316,33650,37,36,1,79,59,3,39,38,1,37,36,1,Finisher,5000
Blake,Fenlon,Blake Fenlon,1915,M18-24,Male,KITCHENER,ON,Canada,CA,1:05:09,4:40:49,3:29:09,0:03:24,0:02:44,9:21:14,3909,16849,12549,204,164,33674,38,37,5,77,58,12,28,28,5,38,37,5,Finisher,4347
Steven,Boulianne ,Steven Boulianne,1803,M35-39,Male,Cap-Santé,QC,Canada,CA,1:09:01,4:51:53,3:11:27,0:05:26,0:03:41,9:21:28,4141,17513,11487,326,221,33688,39,38,9,198,151,22,72,71,13,39,38,9,Finisher,4506
Roger,Menta,Roger Menta,905,M40-44,Male,Calgary,AB,Canada,CA,1:14:26,4:37:54,3:21:33,0:04:30,0:03:35,9:21:57,4466,16674,12093,270,215,33717,40,39,7,451,358,39,45,44,7,40,39,7,Finisher,4820
Ian,Ertzinger,Ian Ertzinger,293,M25-29,Male,Coquitlam,BC,Canada,CA,1:12:10,4:40:21,3:22:21,0:03:37,0:03:30,9:22:00,4330,16821,12141,217,210,33720,41,40,7,324,254,53,44,43,9,41,40,7,Finisher,4476
William,Horkoff,William Horkoff,1676,M18-24,Male,Calgary,AB,Canada,CA,1:12:04,4:29:23,3:34:05,0:02:55,0:04:28,9:22:57,4324,16163,12845,175,268,33777,42,41,6,318,249,39,15,15,3,42,41,6,Finisher,4327
David ,Soen,David Soen,482,M50-54,Male,Geraardsbergen,OOST-VLAANDEREN,Belgium,BE,1:09:27,4:36:36,3:29:37,0:04:52,0:03:49,9:24:21,4167,16596,12577,292,229,33861,43,42,3,215,165,18,36,35,3,43,42,3,Finisher,4904
Ryan,Briscoe,Ryan Briscoe,1335,M45-49,Male,Farmington,CT,Australia,AU,1:10:45,4:51:35,3:18:27,0:02:53,0:02:17,9:25:57,4245,17495,11907,173,137,33957,44,43,2,264,202,13,68,67,6,44,43,2,Finisher,4836
Lishan,Sharples,Lishan Sharples,1450,M35-39,Male,Vancouver,BC,Canada,CA,1:11:10,4:50:43,3:16:52,0:04:29,0:04:15,9:27:30,4270,17443,11812,269,255,34050,45,44,10,278,215,28,73,72,14,45,44,10,Finisher,4433
Justin,Kerr,Justin Kerr,2259,M45-49,Male,Vancouver,BC,New Zealand,NZ,1:29:25,4:35:25,3:12:57,0:07:26,0:03:02,9:28:15,5365,16525,11577,446,182,34095,46,45,3,1555,1192,107,91,90,9,46,45,3,Finisher,4809
George-Joseph,Asher,George-Joseph Asher,202,M25-29,Male,Carlsbad,CA,United States,US,1:09:25,4:57:37,3:16:18,0:03:06,0:02:02,9:28:28,4165,17857,11778,186,122,34108,47,46,8,214,164,31,84,83,19,47,46,8,Finisher,4398
Danovick,Pitre,Danovick Pitre,307,M25-29,Male,st-marc-sur-richelieu,QC,Canada,CA,1:11:29,4:48:12,3:23:38,0:02:32,0:02:46,9:28:37,4289,17292,12218,152,166,34117,48,47,9,294,229,49,60,59,14,48,47,9,Finisher,4396
Simon,Paquette,Simon Paquette,281,M30-34,Male,Montreal,QC,Canada,CA,1:17:55,4:42:40,3:23:46,0:03:15,0:02:14,9:29:50,4675,16960,12226,195,134,34190,49,48,9,692,543,82,64,63,11,49,48,9,Finisher,4442
Brendan,Naef,Brendan Naef,252,M50-54,Male,Nepean,ON,Canada,CA,1:04:24,4:55:16,3:22:32,0:05:23,0:02:30,9:30:05,3864,17716,12152,323,150,34205,50,49,4,71,52,8,67,66,5,50,49,4,Finisher,4835
Olaf,Kasten,Olaf Kasten,1639,M50-54,Male,Fort de France,MARTINIQUE,Germany,DE,1:05:17,4:49:30,3:28:55,0:04:49,0:01:46,9:30:16,3917,17370,12535,289,106,34216,51,50,5,80,60,10,50,49,4,51,50,5,Finisher,4833
Brendan,White,Brendan White,404,M40-44,Male,Ottawa,ON,Canada,CA,1:10:53,4:42:57,3:28:22,0:04:37,0:03:32,9:30:22,4253,16977,12502,277,212,34222,52,51,8,268,206,19,48,47,8,52,51,8,Finisher,4719
Grant,Handrigan,Grant Handrigan,2429,M40-44,Male,Moncton,New Brunswick,Canada,CA,1:05:56,5:06:26,3:09:48,0:04:23,0:04:16,9:30:48,3956,18386,11388,263,256,34248,53,52,9,94,72,7,130,127,20,53,52,9,Finisher,4713
Tomas,Burke,Tomas Burke,266,M25-29,Male,Ottawa,ON,Canada,CA,1:07:07,4:44:55,3:26:55,0:05:58,0:05:54,9:30:49,4027,17095,12415,358,354,34249,54,53,10,128,101,23,47,46,11,54,53,10,Finisher,1000
Ryan,Jones,Ryan Jones,171,M25-29,Male,Ottawa,ON,Canada,CA,1:06:13,4:43:20,3:32:33,0:04:13,0:05:07,9:31:25,3973,17000,12753,253,307,34285,55,54,11,106,82,19,42,41,8,55,54,11,Finisher,4363
Arek,Podziewski,Arek Podziewski,260,M50-54,Male,Elk,PL-WN,Poland,PL,1:16:02,4:30:09,3:39:50,0:03:44,0:02:58,9:32:43,4562,16209,13190,224,178,34363,56,55,6,557,441,44,32,31,2,56,55,6,Finisher,4803
Alexandre,Le Blanc,Alexandre Le Blanc,386,M25-29,Male,Toronto,QC,Canada,CA,1:01:04,4:38:40,3:45:57,0:04:17,0:02:45,9:32:44,3664,16720,13557,257,165,34364,57,56,12,29,23,8,12,12,3,57,56,12,Finisher,4347
Bryan,Little,Bryan Little,1014,M35-39,Male,Puslinch,ON,Canada,CA,1:14:13,4:40:28,3:26:50,0:06:03,0:05:20,9:32:55,4453,16828,12410,363,320,34375,58,57,11,443,353,50,54,53,10,58,57,11,Finisher,4368
Andrew,Roberts,Andrew Roberts,2419,M45-49,Male,Dieppe,NB,Canada,CA,1:11:07,4:47:27,3:28:00,0:03:36,0:02:54,9:33:05,4267,17247,12480,216,174,34385,59,58,4,276,213,14,59,58,4,59,58,4,Finisher,4751
Martin,Lavigne,Martin Lavigne,218,M25-29,Male,Calgary,AB,Canada,CA,1:16:52,4:42:15,3:30:04,0:02:18,0:02:11,9:33:41,4612,16935,12604,138,131,34421,60,59,13,605,480,88,56,55,13,60,59,13,Finisher,4335
Andrew,Flanagan,Andrew Flanagan,1994,M35-39,Male,Blenheim,ON,Canada,CA,1:06:26,5:00:01,3:20:33,0:03:55,0:03:11,9:34:05,3986,18001,12033,235,191,34445,61,60,12,112,87,11,85,84,15,61,60,12,Finisher,4354
Nicholas,Kerr,Nicholas Kerr,401,M30-34,Male,Carlsbad Springs,ON,Canada,CA,1:11:36,4:54:06,3:22:27,0:03:41,0:02:39,9:34:29,4296,17646,12147,221,159,34469,62,61,10,300,234,38,81,80,13,62,61,10,Finisher,4386
Chris,Foster,Chris Foster,183,M30-34,Male,Victoria,BC,Canada,CA,1:10:18,5:00:27,3:19:58,0:02:16,0:02:06,9:35:04,4218,18027,11998,136,126,34504,63,62,11,244,186,30,98,96,16,63,62,11,Finisher,4379
Daniel,Vincent,Daniel Vincent,208,M40-44,Male,Ottawa,ON,Canada,CA,1:08:37,4:51:26,3:25:38,0:05:18,0:05:27,9:36:26,4117,17486,12338,318,327,34586,64,63,10,174,135,11,70,69,11,64,63,10,Finisher,1000
Alexandre,Geoffroy,Alexandre Geoffroy,2483,M25-29,Male,Québec,Quebec,Canada,CA,1:10:20,5:01:42,3:18:59,0:03:33,0:02:37,9:37:11,4220,18102,11939,213,157,34631,65,64,14,247,189,37,120,117,27,65,64,14,Finisher,1000
Aaron,De Jong,Aaron De Jong,2463,M25-29,Male,Toronto,Ontario,Canada,CA,0:58:46,5:14:01,3:17:02,0:03:11,0:04:35,9:37:36,3526,18841,11822,191,275,34656,66,65,15,14,13,5,123,120,29,66,65,15,Finisher,4288
Soheyb,Lazrak,Soheyb Lazrak,2613,M35-39,Male,Mohammedia,CASABLANCA,Morocco,MA,1:13:34,4:58:58,3:17:30,0:04:01,0:03:57,9:38:00,4414,17938,11850,241,237,34680,67,66,13,413,329,45,127,124,18,67,66,13,Finisher,1000
Matthew,Dexter,Matthew Dexter,2397,M40-44,Male,Cayuga,ON,Canada,CA,1:19:16,4:50:59,3:20:41,0:03:58,0:03:11,9:38:05,4756,17459,12041,238,191,34685,68,67,11,788,617,68,107,104,18,68,67,11,Finisher,4626
Victor,Cheeney,Victor Cheeney,1965,M25-29,Male,Victoriaville,QC,Canada,CA,1:07:41,5:04:40,3:19:31,0:03:44,0:02:36,9:38:11,4061,18280,11971,224,156,34691,69,68,16,146,113,24,124,121,30,69,68,16,Finisher,4281
Brett,Faro,Brett Faro,254,M40-44,Male,Xenia,OH,United States,US,1:11:15,4:51:21,3:27:30,0:03:52,0:04:36,9:38:35,4275,17481,12450,232,276,34715,70,69,12,282,219,21,74,73,12,70,69,12,Finisher,4620
Frederic,Leroux,Frederic Leroux,2543,M40-44,Male,Saint-Laurent,QC,Canada,CA,1:19:39,4:56:54,3:13:57,0:04:47,0:03:27,9:38:44,4779,17814,11637,287,207,34724,71,70,13,819,641,71,158,152,23,71,70,13,Finisher,4618
Pierre Olivier,Arès,Pierre Olivier Arès,244,M30-34,Male,quebec,QC,Canada,CA,1:24:36,4:46:41,3:21:58,0:03:35,0:02:13,9:39:03,5076,17201,12118,215,133,34743,72,71,12,1221,945,147,116,113,20,72,71,12,Finisher,4331
Jericho,Balgos,Jericho Balgos,575,M18-24,Male,Belfast,"ARMAGH, BANBRIDGE AND CRAIGAVON",United Kingdom,GB,1:00:42,4:48:25,3:42:10,0:04:39,0:03:49,9:39:46,3642,17305,13330,279,229,34786,73,72,7,25,20,4,43,42,6,73,72,7,Finisher,4125
Mathew,Stiver - Balla,Mathew Stiver - Balla,262,M40-44,Male,Etobicoke,ON,Canada,CA,1:21:16,4:49:10,3:22:54,0:04:09,0:02:45,9:40:14,4876,17350,12174,249,165,34814,74,73,14,928,728,83,111,108,19,74,73,14,Finisher,4600
Antonino Alpha,Olefs,Antonino Alpha Olefs,1866,M30-34,Male,Liège,BE-WLG,Belgium,BE,1:13:34,4:55:10,3:26:04,0:03:38,0:02:55,9:41:21,4414,17710,12364,218,175,34881,75,74,13,411,327,54,92,91,15,75,74,13,Finisher,4303
Baptiste ,Nelaton,Baptiste Nelaton,1858,M25-29,Male,Saint-André-Avellin,Quebec,France,FR,1:11:19,5:03:34,3:17:43,0:04:50,0:04:29,9:41:54,4279,18214,11863,290,269,34914,76,75,17,285,222,45,154,149,34,76,75,17,Finisher,4237
Ludo,Ros,Ludo Ros,275,M40-44,Male,Vancouver,BC,France,FR,1:12:36,4:53:00,3:31:13,0:03:04,0:02:12,9:42:04,4356,17580,12673,184,132,34924,77,76,15,350,273,28,80,79,13,77,76,15,Finisher,4578
Adao,Oliveira,Adao Oliveira,1327,M40-44,Male,Georgina ,ON,Canada,CA,1:00:47,5:06:33,3:26:49,0:06:10,0:02:49,9:43:08,3647,18393,12409,370,169,34988,78,77,16,26,21,3,101,98,15,78,77,16,Finisher,4565
Martin,SIMONEAU,Martin SIMONEAU,1859,M18-24,Male,Saint André Avellin,Québec,Canada,CA,1:03:52,4:56:00,3:34:57,0:04:30,0:03:56,9:43:14,3832,17760,12897,270,236,34994,79,78,8,58,45,8,66,65,7,79,78,8,Finisher,4083
JP,Bergeron,JP Bergeron,1967,M40-44,Male,Ste-Marthe-sur-le-lac,QC,Canada,CA,1:05:37,4:40:59,3:51:12,0:03:08,0:02:32,9:43:28,3937,16859,13872,188,152,35008,80,79,17,88,66,5,31,30,4,80,79,17,Finisher,4561
Brandon,Shamis,Brandon Shamis,308,M25-29,Male,Laval,QC,Canada,CA,1:21:45,4:46:22,3:27:06,0:04:22,0:04:55,9:44:29,4905,17182,12426,262,295,35069,81,80,18,969,753,133,93,92,21,81,80,18,Finisher,4206
Joey,Tardif,Joey Tardif,1593,M30-34,Male,Grand-Sault,New Brunswick,Canada,CA,1:10:00,5:01:33,3:21:03,0:07:15,0:07:28,9:47:19,4200,18093,12063,435,448,35239,82,81,14,233,178,28,149,144,23,82,81,14,Finisher,1000
Adam,Templeton,Adam Templeton,310,M35-39,Male,Toronto,CA-ON,Canada,CA,1:12:19,4:57:01,3:28:30,0:04:47,0:04:50,9:47:27,4339,17821,12510,287,290,35247,83,82,14,333,262,33,106,103,17,83,82,14,Finisher,4194
Jonathan,Dion,Jonathan Dion,328,M35-39,Male,Laval,QC,Canada,CA,1:15:24,5:17:44,3:05:02,0:04:16,0:05:20,9:47:46,4524,19064,11102,256,320,35266,84,83,15,521,412,54,279,265,39,84,83,15,Finisher,1000
Thomas,Lajoie,Thomas Lajoie,2255,M25-29,Male,Lévis,QC,Canada,CA,1:16:39,4:24:07,3:58:40,0:05:11,0:03:23,9:48:01,4599,15847,14320,311,203,35281,85,84,19,594,471,86,20,20,6,85,84,19,Finisher,4163
Jesse,Bruce,Jesse Bruce,2500,M45-49,Male,Toronto,ON,Canada,CA,1:24:01,4:41:26,3:35:09,0:04:00,0:04:34,9:49:11,5041,16886,12909,240,274,35351,86,85,5,1165,899,78,82,81,7,86,85,5,Finisher,4558
Kharim,Schliewinsky,Kharim Schliewinsky,596,M55-59,Male,Halifax,NS,Canada,CA,1:12:34,4:55:10,3:35:40,0:03:40,0:02:32,9:49:37,4354,17710,12940,220,152,35377,87,86,2,346,270,15,90,89,4,87,86,2,Finisher,4654
Samuel,Soucy,Samuel Soucy,1773,M18-24,Male,Lorraine,QC,Canada,CA,1:07:22,5:15:36,3:17:59,0:04:12,0:04:33,9:49:41,4042,18936,11879,252,273,35381,88,87,9,135,103,15,202,193,26,88,87,9,Finisher,4006
Hussein,Al-Mufti,Hussein Al-Mufti,270,M40-44,Male,Ottawa,CA-ON,Iraq,IQ,1:06:34,5:02:46,3:30:23,0:04:22,0:05:53,9:49:58,3994,18166,12623,262,353,35398,89,88,18,115,90,8,102,99,16,89,88,18,Finisher,1000
Brett,Smith,Brett Smith,37,M30-34,Male,Kingston,Ontario,Canada,CA,1:17:16,4:55:25,3:32:51,0:02:11,0:02:24,9:50:07,4636,17725,12771,131,144,35407,90,89,15,645,507,78,115,112,19,90,89,15,Finisher,4198
Beukes,Vorster,Beukes Vorster,763,M50-54,Male,Regina,SK,Canada,CA,1:02:51,5:10:01,3:28:18,0:05:21,0:04:37,9:51:08,3771,18601,12498,321,277,35468,91,90,7,45,35,4,143,138,9,91,90,7,Finisher,4582
Julien,Laroche,Julien Laroche,859,M30-34,Male,Rouyn-Noranda,QC,Canada,CA,1:12:10,5:07:47,3:19:30,0:07:24,0:04:54,9:51:44,4330,18467,11970,444,294,35504,92,91,16,325,255,44,205,196,32,92,91,16,Finisher,4179
Robyn,Hardage,Robyn Hardage,411,F45-49,Female,Ottawa,ON,Canada,CA,1:07:17,5:06:35,3:32:13,0:04:06,0:02:22,9:52:33,4037,18395,12733,246,142,35553,93,2,1,133,32,6,141,5,1,93,2,1,Finisher,5000
Mathis,Roy,Mathis Roy,2462,M18-24,Male,Boischatel ,QC,Canada,CA,1:17:03,5:07:59,3:18:02,0:05:15,0:04:15,9:52:35,4623,18479,11882,315,255,35555,94,92,10,630,498,80,222,211,29,94,92,10,Finisher,3971
Maxime,Pruneau,Maxime Pruneau,332,M40-44,Male,Mont-Saint-Hilaire,CA-QC,Canada,CA,1:13:04,4:54:31,3:36:06,0:05:19,0:03:40,9:52:40,4384,17671,12966,319,220,35560,95,93,19,383,304,34,96,94,14,95,93,19,Finisher,4451
Christophe,Blais,Christophe Blais,1182,M18-24,Male,Rouyn-Noranda,Québec,Canada,CA,1:09:25,4:53:02,3:33:57,0:11:51,0:05:19,9:53:33,4165,17582,12837,711,319,35613,96,94,11,213,163,30,108,105,11,96,94,11,Finisher,3960
Ethan,May,Ethan May,389,M25-29,Male,Cincinnati,OH,United States,US,1:01:29,4:51:21,3:48:44,0:06:56,0:05:34,9:54:04,3689,17481,13724,416,334,35644,97,95,20,32,26,9,52,51,12,97,95,20,Finisher,4091
Anthony,Fontaine,Anthony Fontaine,1860,M30-34,Male,La Croix-Helléan,Brittany,France,FR,1:15:54,5:09:07,3:18:52,0:05:43,0:04:30,9:54:06,4554,18547,11932,343,270,35646,98,96,17,547,431,65,226,215,36,98,96,17,Finisher,4150
Hannah,Fraser,Hannah Fraser,1341,F45-49,Female,Owen Sound,ON,Canada,CA,1:02:30,5:21:32,3:23:51,0:03:20,0:02:54,9:54:08,3750,19292,12231,200,174,35648,99,3,2,39,9,1,206,10,5,99,3,2,Finisher,4981
Jared,Bourque,Jared Bourque,1656,M25-29,Male,Sarnia,ON,Canada,CA,1:22:14,4:59:45,3:26:07,0:02:55,0:03:19,9:54:21,4934,17985,12367,175,199,35661,100,97,21,1002,778,138,189,180,37,100,97,21,Finisher,4087
Alex,Kellerman,Alex Kellerman,354,M30-34,Male,North Vancouver,BC,Canada,CA,1:06:08,4:49:49,3:51:21,0:04:02,0:03:06,9:54:26,3968,17389,13881,242,186,35666,101,98,18,100,77,12,53,52,9,101,98,18,Finisher,4146
Aaron,Admiraal,Aaron Admiraal,1494,M25-29,Male,Grand Rapids,Michigan,United States,US,1:05:39,5:04:58,3:38:02,0:03:41,0:02:24,9:54:43,3939,18298,13082,221,144,35683,102,99,22,90,68,17,109,106,23,102,99,22,Finisher,4083
Paolo,Stasi,Paolo Stasi,331,M45-49,Male,Washington ,MI,Italy,IT,1:11:16,4:29:56,4:03:37,0:05:24,0:04:47,9:54:59,4276,16196,14617,324,287,35699,103,100,6,283,220,15,22,22,1,103,100,6,Finisher,4488
Greg,Galloway,Greg Galloway,581,M40-44,Male,Paris,ON,Canada,CA,1:11:28,5:07:43,3:24:07,0:06:09,0:06:14,9:55:41,4288,18463,12247,369,374,35741,104,101,20,291,227,23,193,184,28,104,101,20,Finisher,4415
Janusz,Mucha,Janusz Mucha,2557,M35-39,Male,Toronto,CA-ON,Poland,PL,0:59:00,4:58:09,3:50:01,0:04:35,0:04:06,9:55:52,3540,17889,13801,275,246,35752,105,102,16,18,17,2,58,57,11,105,102,16,Finisher,1000
Thomas,Kowal,Thomas Kowal,1754,M45-49,Male,Rochester,MI,United States,US,1:09:27,4:49:25,3:48:02,0:04:29,0:04:47,9:56:10,4167,17365,13682,269,287,35770,106,103,7,216,166,9,62,61,5,106,103,7,Finisher,1000
Madeline,Schmidt,Madeline Schmidt,1010,F30-34,Female,Ottawa,ON,Canada,CA,1:06:48,5:02:23,3:37:27,0:03:29,0:06:10,9:56:17,4008,18143,13047,209,370,35777,107,4,1,118,26,5,94,2,1,107,4,1,Finisher,5000
niels,olsen,niels olsen,1625,M40-44,Male,Le Lamentin,,France,FR,1:27:48,4:51:38,3:27:10,0:04:35,0:05:10,9:56:21,5268,17498,12430,275,310,35781,108,104,21,1453,1116,127,182,173,27,108,104,21,Finisher,4407
Christian,Pickering,Christian Pickering,1499,M40-44,Male,Napanee,ON,Canada,CA,1:09:35,4:59:05,3:38:17,0:05:07,0:04:28,9:56:32,4175,17945,13097,307,268,35792,109,105,22,221,169,16,105,102,17,109,105,22,Finisher,4405
Pieter,Wijnhoven,Pieter Wijnhoven,456,M45-49,Male,Boxtel,NOORD-BRABANT,Netherlands,NL,1:13:32,4:55:46,3:40:04,0:03:40,0:03:43,9:56:44,4412,17746,13204,220,223,35804,110,106,8,409,325,20,97,95,10,110,106,8,Finisher,4467
Lauren,Cadel,Lauren Cadel,302,F30-34,Female,Oro-Medonte,CA-ON,Canada,CA,1:18:09,5:07:58,3:25:56,0:02:41,0:02:05,9:56:49,4689,18478,12356,161,125,35809,111,5,2,718,159,28,213,11,2,111,5,2,Finisher,4993
Christina,Charles,Christina Charles,2044,F35-39,Female,Prince Albert,Saskatchewan,Canada,CA,1:04:07,5:13:19,3:30:50,0:03:42,0:05:06,9:57:05,3847,18799,12650,222,306,35825,112,6,1,66,18,4,157,6,2,112,6,1,Finisher,5000
Hayden,Clark,Hayden Clark,1567,M30-34,Male,Ottawa,ON,Canada,CA,1:07:23,4:51:11,3:52:31,0:04:21,0:02:35,9:58:02,4043,17471,13951,261,155,35882,113,107,19,137,105,19,61,60,10,113,107,19,Finisher,4103
Julien,Bellerose Dumontier,Julien Bellerose Dumontier,1726,M30-34,Male,Joliette,QC,Canada,CA,1:09:34,5:05:45,3:35:45,0:05:05,0:02:54,9:59:02,4174,18345,12945,305,174,35942,114,108,20,219,167,27,155,150,25,114,108,20,Finisher,4091
Wilhelm,Menet,Wilhelm Menet,2239,M35-39,Male,Montreal,QC,France,FR,1:05:22,5:20:38,3:17:04,0:07:52,0:08:23,9:59:20,3922,19238,11824,472,503,35960,115,109,17,82,62,7,246,233,36,115,109,17,Finisher,1000
Jaxon,Chisholm,Jaxon Chisholm,1283,M18-24,Male,Cranbrook,BC,Canada,CA,1:08:26,5:12:30,3:32:02,0:02:36,0:03:58,9:59:31,4106,18750,12722,156,238,35971,116,110,12,168,131,24,177,169,20,116,110,12,Finisher,3888
Olivier,Comeau,Olivier Comeau,2111,M25-29,Male,Pincourt,Quebec,Canada,CA,1:28:13,5:08:50,3:15:50,0:03:45,0:02:55,9:59:32,5293,18530,11750,225,175,35972,117,111,23,1477,1134,189,309,292,55,117,111,23,Finisher,4025
Martin,Degallaix,Martin Degallaix,2088,M35-39,Male,Saint-Lazare,Quebec,Canada,CA,1:08:38,4:52:49,3:51:40,0:03:50,0:03:13,10:00:10,4118,17569,13900,230,193,36010,118,112,18,177,136,20,69,68,12,118,112,18,Finisher,4041
Brad,Vlaming,Brad Vlaming,172,M35-39,Male,Ottawa,ON,Canada,CA,1:10:18,5:04:11,3:39:26,0:04:14,0:02:30,10:00:39,4218,18251,13166,254,150,36039,119,113,19,245,187,26,148,143,22,119,113,19,Finisher,4035
Simon,THIVIERGE,Simon THIVIERGE,1186,M35-39,Male,L'ange-Gardien,CA-QC,Canada,CA,1:13:19,5:02:23,3:32:22,0:07:31,0:05:12,10:00:47,4399,18143,12742,451,312,36047,120,114,20,397,315,43,173,165,27,120,114,20,Finisher,1000
Garrett,Hookey,Garrett Hookey,303,M35-39,Male,Oro Medonte,CA-ON,Canada,CA,1:07:26,5:02:10,3:44:44,0:03:06,0:03:24,10:00:50,4046,18130,13484,186,204,36050,121,115,21,139,107,16,95,93,16,121,115,21,Finisher,4033
Kurt,Vongrad,Kurt Vongrad,2018,M30-34,Male,Edmonton,AB,Canada,CA,1:10:48,5:12:12,3:30:37,0:03:23,0:04:02,10:01:02,4248,18732,12637,203,242,36062,122,116,21,266,204,34,199,190,31,122,116,21,Finisher,1000
Hugolin,Pinard,Hugolin Pinard,2355,M30-34,Male,Toronto,CA-ON,France,FR,1:15:01,4:50:37,3:44:37,0:05:22,0:05:59,10:01:36,4501,17437,13477,322,359,36096,123,117,22,493,387,59,87,86,14,123,117,22,Finisher,4060
Dominik,Rymsza,Dominik Rymsza,744,M35-39,Male,Ottawa,ON,Canada,CA,1:03:26,4:51:18,3:56:45,0:04:55,0:05:20,10:01:44,3806,17478,14205,295,320,36104,124,118,22,52,41,4,51,50,9,124,118,22,Finisher,1000
Rachelle,Dion,Rachelle Dion,2318,F25-29,Female,Montréal,QC,Canada,CA,1:03:54,5:22:16,3:28:43,0:04:41,0:02:25,10:01:59,3834,19336,12523,281,145,36119,125,7,2,60,15,6,228,12,2,125,7,2,Finisher,4370
Adam,Pope,Adam Pope,1623,M30-34,Male,Toronto,ON,Canada,CA,1:17:14,5:12:22,3:26:12,0:04:08,0:02:06,10:02:01,4634,18742,12372,248,126,36121,126,119,23,642,506,77,245,232,39,126,119,23,Finisher,1000
Benjamin,Horner,Benjamin Horner,1081,M18-24,Male,Montreal,Quebec,United States,US,1:14:42,5:10:08,3:30:08,0:03:59,0:03:36,10:02:33,4482,18608,12608,239,216,36153,127,120,13,469,369,59,214,203,27,127,120,13,Finisher,3852
Philippe,Auclair,Philippe Auclair,1737,M25-29,Male,montreal,QC,Canada,CA,1:07:05,4:55:48,3:52:31,0:03:13,0:04:13,10:02:50,4025,17748,13951,193,253,36170,128,121,24,125,99,22,71,70,16,128,121,24,Finisher,3986
Declan,TRUEMAN,Declan TRUEMAN,1840,M25-29,Male,Ottawa,CA-ON,Canada,CA,1:10:47,5:15:35,3:24:28,0:05:44,0:06:37,10:03:10,4247,18935,12268,344,397,36190,129,122,25,265,203,40,235,223,42,129,122,25,Finisher,1000
Sydney,Moulton,Sydney Moulton,246,F25-29,Female,Ottawa,ON,Canada,CA,1:07:11,5:22:09,3:27:07,0:03:37,0:03:23,10:03:28,4031,19329,12427,217,203,36208,130,8,3,130,29,10,240,13,3,130,8,3,Finisher,4353
Julien,White,Julien White,1756,M18-24,Male,Sherbrooke,QC,Canada,CA,1:08:17,5:08:44,3:35:28,0:06:48,0:04:46,10:04:04,4097,18524,12928,408,286,36244,131,123,14,162,127,23,179,170,21,131,123,14,Finisher,1000
Cyril,Neirynck,Cyril Neirynck,2545,M55-59,Male,SOREL TRACY,QC,Canada,CA,1:25:52,4:52:09,3:36:40,0:05:06,0:04:35,10:04:21,5152,17529,13000,306,275,36261,132,124,3,1307,1012,64,170,162,6,132,124,3,Finisher,4477
Antoine,Marliac,Antoine Marliac,156,M35-39,Male,Montreal,QC,Canada,CA,1:17:27,4:57:49,3:38:22,0:06:15,0:04:52,10:04:45,4647,17869,13102,375,292,36285,133,125,23,661,519,70,160,154,24,133,125,23,Finisher,1000
David,Helms,David Helms,153,M45-49,Male,LITTLE ROCK,AR,United States,US,1:07:39,4:37:59,4:11:57,0:03:57,0:03:25,10:04:56,4059,16679,15117,237,205,36296,134,126,9,144,111,4,29,29,2,134,126,9,Finisher,4369
Maxime,Frenette,Maxime Frenette,2348,M30-34,Male,Granby,QC,Canada,CA,1:16:01,5:03:58,3:36:16,0:05:10,0:03:41,10:05:06,4561,18238,12976,310,221,36306,135,127,24,555,439,67,191,182,30,135,127,24,Finisher,4018
Lauren,Lipsey,Lauren Lipsey,1237,F40-44,Female,Alexandria,VA,United States,US,1:08:46,5:01:10,3:50:47,0:03:05,0:02:13,10:06:01,4126,18070,13847,185,133,36361,136,9,1,186,44,3,99,3,1,136,9,1,Finisher,5000
Brady,Johnson,Brady Johnson,2254,M30-34,Male,Toronto,ON,Canada,CA,1:15:43,5:03:16,3:34:48,0:05:54,0:07:02,10:06:43,4543,18196,12888,354,422,36403,137,128,25,538,425,64,188,179,28,137,128,25,Finisher,1000
Tom,Licha,Tom Licha,2345,M30-34,Male,Montreal,QC,France,FR,1:13:14,5:01:02,3:42:15,0:05:08,0:05:31,10:07:10,4394,18062,13335,308,331,36430,138,129,26,392,311,52,153,148,24,138,129,26,Finisher,1000
Adam,Bouchard,Adam Bouchard,285,M18-24,Male,st-hubert,QC,Canada,CA,1:07:40,5:10:16,3:44:15,0:03:04,0:01:58,10:07:13,4060,18616,13455,184,118,36433,139,130,15,145,112,17,156,151,17,139,130,15,Finisher,3796
Michael,Beck,Michael Beck,177,M50-54,Male,Schildow,DE-BB,Germany,DE,1:14:47,4:58:45,3:48:19,0:02:44,0:02:41,10:07:16,4487,17925,13699,164,161,36436,140,131,8,476,376,35,125,122,7,140,131,8,Finisher,4389
Marc,Charlebois,Marc Charlebois,1796,M40-44,Male,Timmins,ON,Canada,CA,1:18:10,5:20:47,3:13:28,0:06:38,0:08:38,10:07:41,4690,19247,11608,398,518,36461,141,132,23,719,560,60,366,341,49,141,132,23,Finisher,1000
Steffen,KARLSSON,Steffen KARLSSON,415,M35-39,Male,Valby,DK-84,Denmark,DK,1:12:41,5:08:17,3:40:26,0:03:21,0:03:06,10:07:50,4361,18497,13226,201,186,36470,142,133,24,355,278,36,184,175,28,142,133,24,Finisher,3949
Matthieu,Besse,Matthieu Besse,2198,M35-39,Male,Toronto,Ontario,Canada,CA,1:16:30,5:15:11,3:28:24,0:04:17,0:03:59,10:08:20,4590,18911,12504,257,239,36500,143,134,25,583,463,64,266,253,38,143,134,25,Finisher,1000
Michael,Holmes,Michael Holmes,1151,M25-29,Male,Hamilton,Ontario,Canada,CA,1:11:27,5:25:44,3:24:08,0:04:32,0:03:05,10:08:56,4287,19544,12248,272,185,36536,144,135,26,290,226,48,319,301,57,144,135,26,Finisher,1000
François-Hubert,Leduc,François-Hubert Leduc,2448,M25-29,Male,Sainte-Julienne,QC,Canada,CA,1:20:30,4:48:38,3:52:02,0:04:36,0:03:12,10:08:59,4830,17318,13922,276,192,36539,145,136,27,880,690,124,103,100,22,145,136,27,Finisher,1000
Mohamed Ali,Rahmouni,Mohamed Ali Rahmouni,2610,M35-39,Male,Rabat,Rabat-Salé-Kénitra,Morocco,MA,1:26:13,5:11:13,3:20:39,0:05:54,0:05:22,10:09:20,5173,18673,12039,354,322,36560,146,137,26,1330,1031,125,334,315,48,146,137,26,Finisher,1000
Rafael,Silva,Rafael Silva,38,M35-39,Male,Kleinburg,ON,Canada,CA,1:34:22,5:03:25,3:26:34,0:02:42,0:02:37,10:09:39,5662,18205,12394,162,157,36579,147,138,27,1837,1394,160,307,290,44,147,138,27,Finisher,3927
Ryan,Frehlick,Ryan Frehlick,1575,M30-34,Male,Saskatoon,SK,Canada,CA,1:12:04,5:06:16,3:44:06,0:03:52,0:03:48,10:10:05,4324,18376,13446,232,228,36605,148,139,27,317,248,42,164,157,27,148,139,27,Finisher,3959
Fabrice,Paquet,Fabrice Paquet,713,M50-54,Male,Sacré-Coeur,QC,Canada,CA,1:07:34,5:05:04,3:45:51,0:06:03,0:05:37,10:10:08,4054,18304,13551,363,337,36608,149,140,9,143,110,13,147,142,11,149,140,9,Finisher,1000
Paul,McAneney,Paul McAneney,1554,M55-59,Male,Ottawa,ON,Canada,CA,1:10:37,4:52:07,3:58:35,0:04:58,0:04:08,10:10:25,4237,17527,14315,298,248,36625,150,141,4,260,198,12,77,76,3,150,141,4,Finisher,4405
Caitlin,Gulik,Caitlin Gulik,318,F35-39,Female,Montréal,QC,Canada,CA,1:02:05,5:10:51,3:49:34,0:04:35,0:03:54,10:10:58,3725,18651,13774,275,234,36658,151,10,2,35,7,1,138,4,1,151,10,2,Finisher,4833
Jérémi,Lévesque,Jérémi Lévesque,1771,M18-24,Male,Saint-Jérôme,QC,Canada,CA,1:21:18,4:58:04,3:46:31,0:03:24,0:02:39,10:11:56,4878,17884,13591,204,159,36716,152,142,16,930,729,105,166,159,18,152,142,16,Finisher,3739
yohan,penasse,yohan penasse,323,M18-24,Male,Magog,QC,Canada,CA,1:16:57,4:55:05,3:51:33,0:04:26,0:03:54,10:11:56,4617,17705,13893,266,234,36716,153,143,17,616,488,77,126,123,13,153,143,17,Finisher,3739
Jake,Rivers,Jake Rivers,803,M35-39,Male,Puslinch,ON,Canada,CA,1:03:08,5:15:07,3:45:50,0:03:09,0:05:06,10:12:19,3788,18907,13550,189,306,36739,154,144,28,49,38,3,159,153,23,154,144,28,Finisher,1000
Trent,Gordon,Trent Gordon,2287,M30-34,Male,BOSTON,MA,United States,US,1:18:23,4:43:51,3:58:55,0:06:11,0:05:29,10:12:49,4703,17031,14335,371,329,36769,155,145,28,730,568,86,79,78,12,155,145,28,Finisher,1000
Lee,Hunt,Lee Hunt,1583,M50-54,,Santa Fe ,NM,United States,US,1:13:12,5:16:01,3:32:52,0:06:43,0:04:33,10:13:20,4392,18961,12772,403,273,36800,156,146,10,390,309,29,264,251,25,156,146,10,Finisher,1000
Solom,Neto,Solom Neto,1832,M40-44,Male,London,ON,Brazil,BR,1:15:35,5:23:48,3:26:52,0:04:14,0:03:09,10:13:37,4535,19428,12412,254,189,36817,157,147,24,532,422,46,341,320,47,157,147,24,Finisher,1000
Alexandre,Drouin-Raymond,Alexandre Drouin-Raymond,2596,M35-39,Male,Québec,Quebec,Canada,CA,1:13:36,5:02:12,3:41:55,0:08:50,0:07:05,10:13:38,4416,18132,13315,530,425,36818,158,148,29,414,330,46,185,176,29,158,148,29,Finisher,1000
Arnaud,Latreille,Arnaud Latreille,2490,M18-24,Male,Montréal,Quebec,Canada,CA,1:07:50,5:15:34,3:35:18,0:08:41,0:06:22,10:13:44,4070,18934,12918,521,382,36824,159,149,18,152,119,19,234,222,30,159,149,18,Finisher,1000
Matthieu,Gagnon,Matthieu Gagnon,1364,M30-34,Male,Montreal,QC,Canada,CA,1:19:38,5:07:28,3:37:36,0:05:55,0:03:10,10:13:47,4778,18448,13056,355,190,36827,160,150,29,818,640,95,241,228,38,160,150,29,Finisher,1000
Michael,Quintos,Michael Quintos,1395,M35-39,Male,CHICAGO,IL,United States,US,1:27:31,5:10:43,3:28:33,0:04:01,0:03:25,10:14:13,5251,18643,12513,241,205,36853,161,151,30,1433,1101,133,322,304,46,161,151,30,Finisher,1000
Pier-Olivier,Crack,Pier-Olivier Crack,2210,M25-29,Male,Montréal,QC,Canada,CA,1:14:19,5:05:19,3:46:27,0:04:17,0:03:55,10:14:17,4459,18319,13587,257,235,36857,162,152,28,449,357,67,181,172,36,162,152,28,Finisher,1000
Liam ,MacPherson,Liam MacPherson,2264,M18-24,Male,Kingston,ONTARIO,Canada,CA,1:17:30,5:14:40,3:28:37,0:07:31,0:06:06,10:14:25,4650,18880,12517,451,366,36865,163,153,19,665,522,84,302,285,38,163,153,19,Finisher,1000
Simon-pierre,Comeau,Simon-pierre Comeau,1080,M35-39,Male,Drummondville,QC,Canada,CA,1:26:17,5:17:38,3:21:30,0:05:31,0:03:42,10:14:37,5177,19058,12090,331,222,36877,164,154,31,1338,1039,127,406,377,55,164,154,31,Finisher,1000
Paul,Pahulje,Paul Pahulje,213,M30-34,Male,Calgary,ON,Canada,CA,1:20:46,4:54:27,3:41:28,0:09:52,0:08:14,10:14:48,4846,17667,13288,592,494,36888,165,155,30,890,697,106,190,181,29,165,155,30,Finisher,1000
Jacob,Ringma,Jacob Ringma,654,M18-24,Male,Terrace,British Columbia,Canada,CA,1:15:51,4:49:41,4:02:46,0:04:05,0:02:27,10:14:50,4551,17381,14566,245,147,36890,166,156,20,546,430,68,83,82,9,166,156,20,Finisher,3704
DANIEL,BERTIN,DANIEL BERTIN,1503,M25-29,Male,Brossard,Quebec,Canada,CA,1:21:18,5:18:58,3:27:04,0:04:20,0:03:11,10:14:50,4878,19138,12424,260,191,36890,167,157,29,932,731,129,352,328,60,167,157,29,Finisher,3842
Seth,Bitting,Seth Bitting,1026,M50-54,Male,Rossland,BC,Canada,CA,1:17:27,4:56:43,3:52:14,0:04:01,0:04:27,10:14:52,4647,17803,13934,241,267,36892,168,158,11,660,518,52,142,137,8,168,158,11,Finisher,4297
Germain,Laigle,Germain Laigle,454,M30-34,Male,Ottawa,ON,France,FR,1:14:45,4:56:57,3:53:48,0:05:26,0:04:32,10:15:28,4485,17817,14028,326,272,36928,169,159,31,474,374,57,135,132,22,169,159,31,Finisher,1000
Alastair,Price,Alastair Price,305,M35-39,Male,Toronto,ON,Canada,CA,1:16:44,5:02:00,3:49:28,0:04:23,0:03:09,10:15:44,4604,18120,13768,263,189,36944,170,160,32,601,476,66,171,163,26,170,160,32,Finisher,3854
Alec,Main,Alec Main,1505,M60-64,Male,Dunrobin,ON,Canada,CA,1:07:49,5:00:08,3:57:41,0:05:49,0:04:20,10:15:47,4069,18008,14261,349,260,36947,171,161,1,151,118,2,104,101,1,171,161,1,Finisher,5000
Kenton,Wilkinson,Kenton Wilkinson,1589,M30-34,Male,Cochrane ,AB,Canada,CA,1:04:03,5:21:42,3:44:11,0:02:46,0:03:06,10:15:48,3843,19302,13451,166,186,36948,172,162,32,65,48,10,212,202,34,172,162,32,Finisher,3890
Félix,Bédard,Félix Bédard,360,M18-24,Male,Fossambault sur le Lac,Quebec,Canada,CA,1:24:04,5:18:01,3:19:39,0:08:37,0:05:56,10:16:18,5044,19081,11979,517,356,36978,173,163,21,1171,904,126,424,393,54,173,163,21,Finisher,1000
Jonas,Caruana,Jonas Caruana,1761,M40-44,Male,Vancouver,BC,Australia,AU,1:21:13,4:50:58,3:52:03,0:06:17,0:05:52,10:16:23,4873,17458,13923,377,352,36983,174,164,25,926,727,82,145,140,21,174,164,25,Finisher,1000
Olivié,Dupuis,Olivié Dupuis,1719,M25-29,Male,Vaudreuil-Dorion,QC,Canada,CA,1:13:54,5:15:37,3:36:47,0:06:15,0:04:00,10:16:33,4434,18937,13007,375,240,36993,175,165,30,429,343,64,263,250,48,175,165,30,Finisher,1000
Alexandre,Legault,Alexandre Legault,1816,M25-29,,Saint-Colomban,QC,Canada,CA,1:20:11,5:10:31,3:35:57,0:04:27,0:05:28,10:16:34,4811,18631,12957,267,328,36994,176,166,31,847,664,121,259,246,47,176,166,31,Finisher,3821
Matthew,Shriner,Matthew Shriner,872,M25-29,Male,Reading,MA,United States,US,0:56:14,5:15:35,3:51:20,0:04:47,0:08:41,10:16:37,3374,18935,13880,287,521,36997,177,167,32,6,6,3,128,125,31,177,167,32,Finisher,3820
Andrew,Marion,Andrew Marion,1817,M25-29,Male,Saint-Jérôme,QC,Canada,CA,1:13:29,4:57:15,3:55:00,0:04:15,0:06:41,10:16:39,4409,17835,14100,255,401,36999,178,168,33,408,324,60,117,114,26,178,168,33,Finisher,3820
Anthony,Fluet,Anthony Fluet,2469,M30-34,Male,St-isidore-de-laprairie,QC,Canada,CA,1:21:43,5:04:12,3:42:02,0:04:51,0:03:51,10:16:40,4903,18252,13322,291,231,37000,179,169,33,964,751,117,227,216,37,179,169,33,Finisher,1000
Porter,Shawver,Porter Shawver,854,M18-24,Male,Skokie,Illinois,United States,US,1:11:32,5:24:29,3:33:22,0:03:20,0:04:16,10:17:00,4292,19469,12802,200,256,37020,180,170,22,297,231,36,297,280,37,180,170,22,Finisher,3678
Dan,Moore,Dan Moore,1886,M40-44,Male,Bailieboro,Ontario,Canada,CA,1:10:38,5:05:34,3:50:35,0:05:58,0:04:25,10:17:10,4238,18334,13835,358,265,37030,181,171,26,261,199,18,163,156,24,181,171,26,Finisher,1000
Brian,Lafleur,Brian Lafleur,140,M40-44,Male,Oxford Mills,ON,Canada,CA,1:17:05,5:04:57,3:45:01,0:05:14,0:05:13,10:17:31,4625,18297,13501,314,313,37051,182,172,27,633,500,55,204,195,30,182,172,27,Finisher,1000
Ahmad,Ibrahim,Ahmad Ibrahim,1648,M18-24,Male,Pickering,ON,Lebanon,LB,1:05:00,5:12:51,3:48:44,0:07:01,0:04:17,10:17:52,3900,18771,13724,421,257,37072,183,173,23,74,55,11,187,178,23,183,173,23,Finisher,1000
Nenad,Ciric,Nenad Ciric,1235,M35-39,Male,Royal Oak,MI,Serbia,RS,1:08:31,5:18:23,3:45:15,0:03:29,0:02:25,10:18:03,4111,19103,13515,209,145,37083,184,174,33,170,132,18,223,212,32,184,174,33,Finisher,3827
Eric,Drolet,Eric Drolet,2099,M50-54,Male,North York,ON,Canada,CA,1:12:35,5:06:30,3:51:07,0:04:22,0:04:25,10:19:00,4355,18390,13867,262,265,37140,185,175,12,347,271,24,176,168,13,185,175,12,Finisher,4248
Kentyn,Decemme,Kentyn Decemme,1829,M25-29,Male,Montréal,QC,France,FR,1:23:20,5:17:09,3:27:05,0:07:55,0:04:15,10:19:44,5000,19029,12425,475,255,37184,186,176,34,1099,850,146,397,369,68,186,176,34,Finisher,3783
Sergio,Raez Villanueva,Sergio Raez Villanueva,2558,M25-29,Male,Mississauga,Ontario,Canada,CA,1:11:11,6:13:08,2:41:53,0:05:35,0:08:52,10:20:39,4271,22388,9713,335,532,37239,187,177,35,279,216,44,1041,878,154,187,177,35,Finisher,3772
Sarah-Pascale,Cousineau,Sarah-Pascale Cousineau,551,F25-29,Female,ile bizard,QC,Canada,CA,1:23:06,5:10:57,3:38:50,0:04:53,0:02:54,10:20:39,4986,18657,13130,293,174,37239,188,11,4,1075,243,56,289,16,4,188,11,4,Finisher,4146
Gavin,Westbrook,Gavin Westbrook,217,M25-29,Male,Ottawa,ON,Canada,CA,1:12:37,5:23:56,3:33:39,0:04:52,0:05:41,10:20:44,4357,19436,12819,292,341,37244,189,178,36,351,274,56,317,300,56,189,178,36,Finisher,3771
Eli,Cornblath,Eli Cornblath,90,M30-34,Male,Philadelphia,PA,United States,US,1:02:28,5:05:16,3:58:37,0:05:45,0:08:44,10:20:50,3748,18316,14317,345,524,37250,190,179,34,38,30,9,100,97,17,190,179,34,Finisher,3830
Vincent,Bourdeau,Vincent Bourdeau,169,M25-29,Male,Ottawa,ON,Canada,CA,1:33:31,5:10:44,3:30:55,0:02:43,0:02:59,10:20:51,5611,18644,12655,163,179,37251,191,180,37,1780,1356,226,380,354,65,191,180,37,Finisher,3769
Alexandre,Dauphin-Laprise,Alexandre Dauphin-Laprise,2367,M25-29,Male,Montréal,Quebec,Canada,CA,0:55:40,5:37:15,3:37:35,0:05:33,0:05:05,10:21:08,3340,20235,13055,333,305,37268,192,181,38,4,4,2,284,270,50,192,181,38,Finisher,1000
Victor,Leblanc,Victor Leblanc,209,M25-29,Male,Laval,QC,Canada,CA,1:11:24,5:07:49,3:53:51,0:03:56,0:04:20,10:21:21,4284,18469,14031,236,260,37281,193,182,39,289,225,47,172,164,35,193,182,39,Finisher,3763
Stuart,Tabor,Stuart Tabor,2077,M25-29,Male,Antigonish,NS,Canada,CA,1:07:03,4:52:05,4:14:07,0:04:32,0:03:38,10:21:24,4023,17525,15247,272,218,37284,194,183,40,124,98,21,63,62,15,194,183,40,Finisher,3763
Dylan,Havelock,Dylan Havelock,1370,M25-29,Male,Toronto,ON,Canada,CA,1:09:40,5:25:08,3:37:32,0:04:45,0:04:19,10:21:25,4180,19508,13052,285,259,37285,195,184,41,223,170,33,299,282,52,195,184,41,Finisher,1000
Pascal,Bessette,Pascal Bessette,798,M50-54,Male,Ottawa,ON,Canada,CA,1:27:19,5:19:21,3:20:33,0:08:36,0:05:49,10:21:39,5239,19161,12033,516,349,37299,196,185,13,1420,1090,112,485,449,47,196,185,13,Finisher,1000
Paulina,Pronska,Paulina Pronska,2045,F25-29,Female,Toronto,ON,Canada,CA,1:21:33,5:31:18,3:22:06,0:04:31,0:02:12,10:21:41,4893,19878,12126,271,132,37301,197,12,5,955,212,51,522,42,12,197,12,5,Finisher,4134
Timothy,Johan,Timothy Johan,2258,M18-24,Male,Sainte-Julie,QC,Canada,CA,1:15:21,5:00:17,4:00:25,0:03:23,0:02:25,10:21:51,4521,18017,14425,203,145,37311,198,186,24,512,404,65,151,146,15,198,186,24,Finisher,3620
Jérémy,Picard,Jérémy Picard,2362,M30-34,Male,Montréal,QC,Canada,CA,1:06:32,5:30:16,3:33:36,0:05:29,0:06:23,10:22:16,3992,19816,12816,329,383,37336,199,187,35,114,89,15,323,305,46,199,187,35,Finisher,1000
Mathieu,Myre,Mathieu Myre,2329,M30-34,Male,Toronto,ON,Canada,CA,1:19:03,5:16:50,3:38:03,0:04:42,0:03:47,10:22:24,4743,19010,13083,282,227,37344,200,188,36,778,609,93,308,291,44,200,188,36,Finisher,1000
Charles-Antoine,Vachon,Charles-Antoine Vachon,1092,M25-29,Male,Saint-Georges,QC,Canada,CA,1:33:50,5:11:11,3:23:58,0:10:00,0:03:31,10:22:29,5630,18671,12238,600,211,37349,201,189,42,1801,1370,227,480,444,82,201,189,42,Finisher,3750
Oleksii ,Martishyn,Oleksii Martishyn,1516,M35-39,Male,Vancouver,BC,Canada,CA,1:35:43,4:45:58,3:51:28,0:06:15,0:03:13,10:22:36,5743,17158,13888,375,193,37356,202,190,34,1894,1440,164,209,199,31,202,190,34,Finisher,1000
José,Galvão,José Galvão,643,M55-59,Male,Lisboa,PT-11,Portugal,PT,1:14:28,4:45:11,4:13:55,0:04:30,0:04:55,10:22:58,4468,17111,15235,270,295,37378,203,191,5,454,359,19,65,64,2,203,191,5,Finisher,4254
Alexandre,Goudreau,Alexandre Goudreau,288,M30-34,Male,BLAINVILLE,QC,Canada,CA,1:20:05,5:15:16,3:38:09,0:05:04,0:04:32,10:23:06,4805,18916,13089,304,272,37386,204,192,37,841,659,98,306,289,43,204,192,37,Finisher,3802
Pierre-Vincent,Daigle,Pierre-Vincent Daigle,184,M45-49,Male,Ville de Gatineau,QC,Canada,CA,1:22:50,4:58:59,3:51:59,0:03:01,0:06:19,10:23:08,4970,17939,13919,181,379,37388,205,193,10,1053,812,69,186,177,15,205,193,10,Finisher,4150
Kyle,Van Nest,Kyle Van Nest,2351,M18-24,Male,London,Ontario,Canada,CA,1:29:14,5:12:00,3:31:54,0:04:37,0:05:28,10:23:14,5354,18720,12714,277,328,37394,206,194,25,1547,1185,153,370,345,45,206,194,25,Finisher,1000
Evan,Saunders,Evan Saunders,1179,M30-34,Male,Thunder Bay,ON,Canada,CA,1:23:46,5:15:31,3:35:04,0:04:48,0:04:21,10:23:29,5026,18931,12904,288,261,37409,207,195,38,1148,886,136,347,325,47,207,195,38,Finisher,3798
EMILIANO,BATTISTA,EMILIANO BATTISTA,187,M45-49,Male,CABA,CABA,Argentina,AR,1:08:42,5:25:59,3:40:02,0:04:21,0:04:42,10:23:46,4122,19559,13202,261,282,37426,208,196,11,185,142,7,291,275,24,208,196,11,Finisher,4143
Adam,Upshaw,Adam Upshaw,298,M45-49,Male,St. Catharines,ON,Canada,CA,1:17:54,5:13:24,3:43:19,0:05:13,0:03:57,10:23:47,4674,18804,13399,313,237,37427,209,197,12,690,542,42,273,259,20,209,197,12,Finisher,4142
Félix,Poiré,Félix Poiré,1693,M25-29,Male,Lévis,Quebec,Canada,CA,1:13:47,5:11:19,3:49:50,0:05:01,0:03:55,10:23:53,4427,18679,13790,301,235,37433,210,198,43,423,337,62,221,210,39,210,198,43,Finisher,3733
Samuel,Wood,Samuel Wood,1998,M18-24,Male,Gravenhurst,ON,Canada,CA,1:07:56,5:33:30,3:34:13,0:05:01,0:03:12,10:23:53,4076,20010,12853,301,192,37433,211,199,26,155,122,20,374,349,46,211,199,26,Finisher,3596
Tomasz,Tarski,Tomasz Tarski,238,M45-49,Male,Katowice,Śląskie,Poland,PL,1:29:18,5:05:03,3:41:17,0:03:17,0:05:04,10:23:59,5358,18303,13277,197,304,37439,212,200,13,1550,1188,106,281,267,23,212,200,13,Finisher,4140
Alain,Aubuchon,Alain Aubuchon,1748,M65-69,Male,Brossard,QC,Canada,CA,1:20:14,5:12:22,3:42:03,0:04:00,0:06:07,10:24:45,4814,18742,13323,240,367,37485,213,201,1,850,666,5,274,260,1,213,201,1,Finisher,5000
Adam,Normandin,Adam Normandin,264,M40-44,Male,SCARBOROUGH,Maine,United States,US,1:27:15,5:09:54,3:39:33,0:03:59,0:04:10,10:24:50,5235,18594,13173,239,250,37490,214,202,28,1410,1083,123,312,295,41,214,202,28,Finisher,4065
Steven,Upton,Steven Upton,1599,M40-44,Male,La Salette,ON,Canada,CA,1:11:19,4:45:16,4:18:04,0:04:55,0:05:22,10:24:57,4279,17116,15484,295,322,37497,215,203,29,286,223,22,57,56,10,215,203,29,Finisher,4064
Erwan,Louis,Erwan Louis,918,M25-29,Male,Montréal,QC,Canada,CA,1:12:07,5:14:50,3:49:26,0:04:03,0:04:41,10:25:07,4327,18890,13766,243,281,37507,216,204,44,320,251,52,229,217,41,216,204,44,Finisher,1000
Simon,Desmarais,Simon Desmarais,1230,M18-24,Male,Carignan,Quebec,Canada,CA,1:19:21,5:10:36,3:47:08,0:05:36,0:02:48,10:25:28,4761,18636,13628,336,168,37528,217,205,27,796,623,94,262,249,33,217,205,27,Finisher,3577
Mateo,Perri,Mateo Perri,282,M18-24,Male,Sault Ste Marie,ON,Canada,CA,1:12:44,5:18:10,3:45:32,0:04:18,0:04:56,10:25:40,4364,19090,13532,258,296,37540,218,206,28,361,283,44,261,248,32,218,206,28,Finisher,3574
Cameron ,Patrick ,Cameron Patrick,340,M35-39,Male,Chicago,IL,United States,US,1:17:52,4:51:49,4:03:27,0:08:00,0:05:01,10:26:10,4672,17509,14607,480,301,37570,219,207,35,687,539,77,140,136,20,219,207,35,Finisher,1000
Karl,Tessier,Karl Tessier,1740,M45-49,Male,Saint-Félicien,QC,Canada,CA,1:10:34,5:00:58,4:05:57,0:05:12,0:04:01,10:26:42,4234,18058,14757,312,241,37602,220,208,14,256,196,12,129,126,12,220,208,14,Finisher,1000
Jessica,Turanec,Jessica Turanec,1155,F40-44,Female,Kelowna,ON,Canada,CA,1:26:43,5:13:55,3:39:54,0:03:39,0:02:47,10:26:58,5203,18835,13194,219,167,37618,221,13,2,1368,312,37,349,24,3,221,13,2,Finisher,4748
Francois,Dionne,Francois Dionne,2416,M25-29,Male,Gatineau,QC,Canada,CA,1:12:33,5:32:23,3:30:11,0:06:20,0:05:43,10:27:10,4353,19943,12611,380,343,37630,222,209,45,344,268,55,432,400,72,222,209,45,Finisher,3694
Guillaume,Thivierge,Guillaume Thivierge,943,M50-54,Male,Lévis,QC,Canada,CA,1:33:13,5:06:40,3:34:20,0:09:24,0:04:40,10:28:18,5593,18400,12860,564,280,37698,223,210,14,1768,1348,144,403,374,40,223,210,14,Finisher,4136
Aaron,Exley,Aaron Exley,1844,M25-29,Male,Kitchener,ON,Canada,CA,1:09:58,5:31:32,3:37:59,0:04:45,0:04:07,10:28:21,4198,19892,13079,285,247,37701,224,211,46,232,177,35,371,346,63,224,211,46,Finisher,3679
Dominic,Belleville,Dominic Belleville,2353,M50-54,Male,Sainte-Melanie,QC,Canada,CA,1:20:40,5:07:59,3:49:57,0:05:26,0:04:29,10:28:31,4840,18479,13797,326,269,37711,225,212,15,888,695,67,250,237,22,225,212,15,Finisher,4134
Marty,Genest,Marty Genest,951,M18-24,Male,Portneuf ,QC,Canada,CA,1:19:20,5:22:19,3:34:32,0:06:47,0:05:51,10:28:48,4760,19339,12872,407,351,37728,226,213,29,793,621,93,398,370,49,226,213,29,Finisher,3537
Renaud ,Verdant,Renaud Verdant,2315,M18-24,Male,Montreal,QC,Canada,CA,1:05:23,5:26:01,3:49:46,0:04:47,0:02:57,10:28:55,3923,19561,13786,287,177,37735,227,214,30,83,63,13,268,255,34,227,214,30,Finisher,1000
Marc-André,Lepage,Marc-André Lepage,2103,M30-34,Male,Rouyn-Noranda,QC,Canada,CA,1:13:01,4:55:44,4:07:56,0:05:58,0:06:42,10:29:22,4381,17744,14876,358,402,37762,228,215,39,379,301,50,112,109,18,228,215,39,Finisher,1000
Alexandre,Therrien,Alexandre Therrien,2575,M18-24,Male,Gatineau,QC,Canada,CA,1:15:57,5:15:09,3:48:43,0:03:32,0:06:01,10:29:22,4557,18909,13723,212,361,37762,229,216,31,551,435,69,257,244,31,229,216,31,Finisher,3530
Ethan,Blake,Ethan Blake,963,M18-24,Male,Oakville,ON,Canada,CA,1:10:36,5:24:48,3:40:54,0:05:33,0:07:31,10:29:23,4236,19488,13254,333,451,37763,230,217,32,259,197,33,311,294,39,230,217,32,Finisher,3530
Matteo,Laratta,Matteo Laratta,138,M25-29,Male,Calgary,AB,Canada,CA,1:06:01,4:56:11,4:20:08,0:04:22,0:02:50,10:29:31,3961,17771,15608,262,170,37771,231,218,47,96,74,18,75,74,17,231,218,47,Finisher,3665
Lok Shun,Ko,Lok Shun Ko,2438,M35-39,Male,Montreal,QC,Canada,CA,1:18:32,4:54:33,4:10:20,0:04:11,0:01:59,10:29:34,4712,17673,15020,251,119,37774,232,219,36,745,580,82,136,133,19,232,219,36,Finisher,3688
Conway,Nelson,Conway Nelson,196,M50-54,Male,Regina,SK,Canada,CA,1:25:11,4:59:55,3:55:40,0:03:50,0:05:01,10:29:36,5111,17995,14140,230,301,37776,233,220,16,1269,981,99,215,204,17,233,220,16,Finisher,4121
Pascal,Couillard,Pascal Couillard,1594,M30-34,Male,Montréal,QC,Canada,CA,1:07:20,5:21:38,3:52:22,0:05:12,0:03:05,10:29:37,4040,19298,13942,312,185,37777,234,221,40,134,102,18,251,238,41,234,221,40,Finisher,1000
Marshall,Campbell,Marshall Campbell,1473,M25-29,Male,Vancouver,British Columbia,Canada,CA,1:11:09,5:23:56,3:46:01,0:04:23,0:04:15,10:29:43,4269,19436,13561,263,255,37783,235,222,48,277,214,43,298,281,51,235,222,48,Finisher,1000
Gabriel,Côté,Gabriel Côté,1964,M25-29,Male,Saint-agapit,QC,Canada,CA,1:29:50,5:15:12,3:34:13,0:06:07,0:04:21,10:29:43,5390,18912,12853,367,261,37783,236,223,49,1584,1215,205,430,398,71,236,223,49,Finisher,1000
Brian,Edmond,Brian Edmond,565,M50-54,Male,Ottawa,ON,Canada,CA,1:24:07,5:16:51,3:37:52,0:07:00,0:04:23,10:30:13,5047,19011,13072,420,263,37813,237,224,17,1177,909,92,391,363,38,237,224,17,Finisher,4113
Carl,Bergeron,Carl Bergeron,1814,M45-49,Male,Jonquière,QC,Canada,CA,1:21:33,5:16:47,3:34:40,0:07:02,0:10:58,10:31:01,4893,19007,12880,422,658,37861,238,225,15,956,744,62,364,339,31,238,225,15,Finisher,1000
Kevin,Mcgill,Kevin Mcgill,1944,M40-44,Male,Burlington,ON,Canada,CA,1:20:00,5:15:14,3:48:18,0:03:26,0:04:15,10:31:12,4800,18914,13698,206,255,37872,239,226,30,834,653,75,286,272,36,239,226,30,Finisher,3989
Steeve,Gauthier,Steeve Gauthier,1946,M55-59,Male,Trois-Rivières,QC,Yemen,YE,1:07:30,5:15:44,3:54:01,0:06:22,0:07:54,10:31:30,4050,18944,14041,382,474,37890,240,227,6,140,108,8,218,207,8,240,227,6,Finisher,4152
Kevin,Higgins,Kevin Higgins,97,M50-54,Male,Toronto,ON,Canada,CA,1:26:16,4:57:28,3:58:26,0:04:31,0:05:12,10:31:53,5176,17848,14306,271,312,37913,241,228,18,1336,1037,105,211,201,16,241,228,18,Finisher,1000
Stewart,Macdonald,Stewart Macdonald,1479,M30-34,Male,Chilliwack,BC,Canada,CA,1:07:33,5:24:30,3:45:41,0:05:20,0:08:57,10:32:00,4053,19470,13541,320,537,37920,242,229,41,142,109,20,278,264,42,242,229,41,Finisher,3696
Renaud,Gourde,Renaud Gourde,349,M35-39,Male,Gatineau,Quebec,Canada,CA,1:17:21,5:17:19,3:48:06,0:04:23,0:05:04,10:32:13,4641,19039,13686,263,304,37933,243,230,37,653,512,68,292,276,41,243,230,37,Finisher,3657
Alyssa,Stowe,Alyssa Stowe,1491,F25-29,Female,Almonte,Ontario,Canada,CA,1:18:21,5:39:30,3:22:23,0:05:45,0:06:22,10:32:21,4701,20370,12143,345,382,37941,244,14,6,727,162,39,626,62,16,244,14,6,Finisher,4006
John,Shelley,John Shelley,2286,M40-44,Male,Toronto,ON,Canada,CA,1:11:50,5:21:24,3:47:53,0:06:04,0:05:12,10:32:24,4310,19284,13673,364,312,37944,245,231,31,310,242,24,296,279,39,245,231,31,Finisher,1000
Noah,Bouffard,Noah Bouffard,545,M25-29,Male,Halifax,NS,Canada,CA,1:23:28,5:19:25,3:42:18,0:03:43,0:03:42,10:32:36,5008,19165,13338,223,222,37956,246,232,50,1117,864,147,376,351,64,246,232,50,Finisher,3628
Chris,Williams,Chris Williams,147,M45-49,Male,Gilbert,AZ,United States,US,1:22:40,4:50:11,4:13:09,0:04:30,0:02:09,10:32:40,4960,17411,15189,270,129,37960,247,233,16,1040,803,66,137,134,14,247,233,16,Finisher,4036
Luca,Raffaello,Luca Raffaello,621,M45-49,Male,Kelowna,BC,Italy,IT,1:09:17,5:24:47,3:52:46,0:03:13,0:03:04,10:33:08,4157,19487,13966,193,184,37988,248,234,17,205,156,8,277,263,22,248,234,17,Finisher,4030
Joe,Haars,Joe Haars,240,M45-49,Male,Whitby,ON,Canada,CA,1:10:10,5:22:53,3:50:55,0:03:50,0:05:24,10:33:11,4210,19373,13855,230,324,37991,249,235,18,239,182,10,275,261,21,249,235,18,Finisher,4030
Todd,RICKETTS,Todd RICKETTS,237,M45-49,Male,Newark,US-OH,United States,US,1:12:14,4:59:11,4:14:13,0:03:38,0:04:25,10:33:42,4334,17951,15253,218,265,38022,250,236,19,330,259,17,118,115,11,250,236,19,Finisher,4023
Jayden,Reonegro,Jayden Reonegro,2361,M18-24,Male,Beaconsfield,Quebec,Canada,CA,1:20:05,4:50:10,4:13:57,0:05:06,0:04:24,10:33:42,4805,17410,15237,306,264,38022,251,237,33,840,658,98,119,116,12,251,237,33,Finisher,3478
Justin,Brunings,Justin Brunings,857,M25-29,Male,San Diego,US-CA,United States,US,1:04:34,5:24:25,3:53:54,0:05:29,0:05:26,10:33:48,3874,19465,14034,329,326,38028,252,238,51,72,53,12,253,240,44,252,238,51,Finisher,3614
Sebastien,Bergeron,Sebastien Bergeron,1175,M40-44,Male,Laval,QC,Canada,CA,1:29:14,4:57:37,3:56:50,0:06:04,0:04:05,10:33:50,5354,17857,14210,364,245,38030,253,239,32,1546,1184,136,239,227,35,253,239,32,Finisher,3957
Johannes,Kautz,Johannes Kautz,276,M40-44,Male,Mülheim,NW,Germany,DE,1:07:06,5:18:16,3:56:07,0:07:10,0:05:21,10:34:00,4026,19096,14167,430,321,38040,254,240,33,127,100,9,237,225,33,254,240,33,Finisher,3955
Tem,Dossanov,Tem Dossanov,1403,M30-34,Male,Calgary,AB,Canada,CA,1:11:53,5:15:58,3:56:09,0:06:12,0:03:56,10:34:09,4313,18958,14169,372,236,38049,255,241,42,312,244,40,249,236,40,255,241,42,Finisher,1000
Maxence,Rouillon-Leperd,Maxence Rouillon-Leperd,2412,M18-24,Male,"Outremont, Montréal",Quebec,Canada,CA,1:21:01,5:18:01,3:41:34,0:06:43,0:06:51,10:34:11,4861,19081,13294,403,411,38051,256,242,34,912,719,104,369,344,44,256,242,34,Finisher,1000
Eric,Boulanger,Eric Boulanger,1710,M55-59,Male,Ste-Julie,QC,Canada,CA,1:25:04,5:14:10,3:45:41,0:04:46,0:04:36,10:34:17,5104,18850,13541,286,276,38057,257,243,7,1257,973,61,345,323,15,257,243,7,Finisher,4118
Daniel,Steiner,Daniel Steiner,1898,M35-39,Male,Rochester,NY,United States,US,1:12:55,5:07:09,4:08:47,0:02:58,0:02:35,10:34:24,4375,18429,14927,178,155,38064,258,244,38,374,296,41,168,161,25,258,244,38,Finisher,3630
Pierre,Daigle,Pierre Daigle,633,M45-49,Male,Moncton,NB,Canada,CA,1:15:39,5:33:39,3:36:21,0:04:55,0:03:57,10:34:32,4539,20019,12981,295,237,38072,259,245,20,534,424,33,470,434,40,259,245,20,Finisher,1000
Ludovic,Boulanger,Ludovic Boulanger,476,M25-29,Male,Gatineau,QC,Canada,CA,1:08:46,5:38:10,3:39:06,0:04:33,0:04:09,10:34:44,4126,20290,13146,273,249,38084,260,246,52,187,143,30,435,403,73,260,246,52,Finisher,1000
Daniel,Campeau,Daniel Campeau,2268,M50-54,Male,Trois-Rivières,QC,Canada,CA,1:29:31,5:10:37,3:38:33,0:08:18,0:07:52,10:34:50,5371,18637,13113,498,472,38090,261,247,19,1562,1198,125,399,371,39,261,247,19,Finisher,4058
Francis,Lafrance,Francis Lafrance,2600,M25-29,Male,Québec,QC,Canada,CA,1:21:19,4:46:50,4:16:32,0:06:11,0:04:06,10:34:57,4879,17210,15392,371,246,38097,262,248,53,933,732,130,110,107,24,262,248,53,Finisher,3600
Dominic,Paquet,Dominic Paquet,642,M50-54,Male,Levis,QC,Canada,CA,1:16:09,5:20:51,3:46:51,0:05:27,0:05:42,10:34:59,4569,19251,13611,327,342,38099,263,249,20,566,449,45,325,307,30,263,249,20,Finisher,1000
Isadora,Lussier,Isadora Lussier,656,F25-29,Female,Mont-Laurier,QC,Canada,CA,1:06:12,5:35:39,3:44:56,0:04:46,0:03:58,10:35:31,3972,20139,13496,286,238,38131,264,15,7,105,24,9,377,26,8,264,15,7,Finisher,3968
JONATHAN,BERNARD,JONATHAN BERNARD,814,M50-54,Male,sherbrooke,QC,Canada,CA,1:17:41,5:10:02,3:57:32,0:06:17,0:04:05,10:35:36,4661,18602,14252,377,245,38136,265,250,21,676,531,54,248,235,21,265,250,21,Finisher,4049
Maud,Lemonnier,Maud Lemonnier,159,F40-44,Female,beaurepaire,FR-85,France,FR,1:12:08,5:34:34,3:41:59,0:04:10,0:02:47,10:35:39,4328,20074,13319,250,167,38139,266,16,3,321,70,8,425,32,6,266,16,3,Finisher,4644
Colleen,Smith,Colleen Smith,257,F25-29,Female,Ottawa,ON,Canada,CA,1:18:47,5:20:31,3:48:06,0:04:31,0:04:15,10:36:10,4727,19231,13686,271,255,38170,267,17,8,761,167,41,343,22,6,267,17,8,Finisher,3960
Brandon,Mccrossin,Brandon Mccrossin,759,M40-44,Male,WESTBROOK,ME,United States,US,1:08:47,5:06:05,4:13:21,0:03:58,0:04:31,10:36:41,4127,18365,15201,238,271,38201,268,251,34,188,144,12,150,145,22,268,251,34,Finisher,3923
Amir,LaGasse,Amir LaGasse,1320,M18-24,Male,Newton,Massachusetts,United States,US,1:07:48,5:12:40,4:07:38,0:05:18,0:03:33,10:36:57,4068,18760,14858,318,213,38217,269,252,35,149,116,18,197,188,24,269,252,35,Finisher,3439
Sabrina,Maltais,Sabrina Maltais,1393,F35-39,Female,Chibougamau,QC,Canada,CA,1:14:05,5:18:24,3:56:24,0:03:51,0:04:19,10:37:03,4445,19104,14184,231,259,38223,270,18,3,438,89,13,269,14,3,270,18,3,Finisher,4520
Eric,Scott,Eric Scott,1447,M18-24,Male,Buffalo,NY,United States,US,0:58:54,5:11:45,4:16:25,0:06:23,0:03:48,10:37:15,3534,18705,15385,383,228,38235,271,253,36,16,15,3,133,130,14,271,253,36,Finisher,3435
Joel,Wilkinson,Joel Wilkinson,290,M60-64,Male,Rockyview County,AB,Canada,CA,1:16:38,5:14:31,3:58:06,0:05:12,0:03:18,10:37:46,4598,18871,14286,312,198,38266,272,254,2,591,468,13,270,256,4,272,254,2,Finisher,4736
Alexandre,Turcotte,Alexandre Turcotte,2365,M25-29,Male,Saint-Augustin-de-Desmaures,QC,Canada,CA,1:23:09,5:17:00,3:42:28,0:07:21,0:08:07,10:38:06,4989,19020,13348,441,487,38286,273,255,54,1081,838,142,388,361,67,273,255,54,Finisher,3562
Bernardo,Majano,Bernardo Majano,2247,M40-44,Male,Concord,ON,Canada,CA,1:09:24,5:09:23,4:11:49,0:04:40,0:04:13,10:39:29,4164,18563,15109,280,253,38369,274,256,35,212,162,15,175,167,26,274,256,35,Finisher,3889
Lucas,Beaudre,Lucas Beaudre,584,M25-29,Male,Suresnes,Île-de-France,Lebanon,LB,1:10:09,5:34:36,3:44:09,0:06:10,0:04:37,10:39:41,4209,20076,13449,370,277,38381,275,257,55,238,181,36,427,395,70,275,257,55,Finisher,1000
Sean,Kennedy,Sean Kennedy,629,M50-54,Male,Chelsea,QC,Canada,CA,1:15:56,5:06:03,4:10:54,0:03:31,0:03:25,10:39:49,4556,18363,15054,211,205,38389,276,258,22,549,433,43,195,186,15,276,258,22,Finisher,1000
Stephanie,Ray,Stephanie Ray,142,F45-49,Female,Welland,ON,Canada,CA,1:17:10,5:20:46,3:53:39,0:05:26,0:02:51,10:39:53,4630,19246,14019,326,171,38393,277,19,3,636,134,18,337,20,7,277,19,3,Finisher,4432
Sophie,Hotchkiss,Sophie Hotchkiss,1057,F30-34,Female,Burlington,ON,Canada,CA,1:08:41,5:28:59,3:53:43,0:05:18,0:03:29,10:40:10,4121,19739,14023,318,209,38410,278,20,3,183,43,8,330,19,3,278,20,3,Finisher,4473
Sylvain,Houle,Sylvain Houle,195,M40-44,Male,Victoriaville,QC,Canada,CA,1:32:00,5:26:54,3:27:38,0:08:06,0:05:43,10:40:20,5520,19614,12458,486,343,38420,279,259,36,1702,1298,153,684,612,86,279,259,36,Finisher,3879
Meagan,Perlstein,Meagan Perlstein,277,F45-49,Female,LADERA RANCH,CA,United States,US,1:12:21,5:05:56,4:14:26,0:05:21,0:02:40,10:40:44,4341,18356,15266,321,160,38444,280,21,4,336,73,13,178,9,4,280,21,4,Finisher,4421
Steve,Vanderkooy,Steve Vanderkooy,2125,M50-54,Male,London,ON,Canada,CA,1:14:30,5:21:31,3:52:21,0:05:55,0:06:45,10:41:02,4470,19291,13941,355,405,38462,281,260,23,457,361,33,320,302,29,281,260,23,Finisher,1000
Jason,Hiebert,Jason Hiebert,459,M55-59,Male,Victoria,BC,Canada,CA,1:16:14,4:54:53,4:19:17,0:05:40,0:05:07,10:41:11,4574,17693,15557,340,307,38471,282,261,8,571,452,26,131,128,5,282,261,8,Finisher,4035
Daniel,McNiece,Daniel McNiece,2326,M40-44,Male,Toronto,ON,Canada,CA,1:24:02,5:08:13,3:55:14,0:06:38,0:07:08,10:41:14,5042,18493,14114,398,428,38474,283,262,37,1166,900,103,288,273,37,283,262,37,Finisher,3868
Jonathan,Pesansky,Jonathan Pesansky,207,M50-54,Male,CORNING,US-NY,United States,US,1:02:36,5:15:02,4:10:51,0:06:13,0:06:33,10:41:14,3756,18902,15051,373,393,38474,284,263,24,40,31,2,180,171,14,284,263,24,Finisher,3981
Louis,Latulippe,Louis Latulippe,2621,M25-29,Male,Laval,QC,Canada,CA,1:05:03,5:08:26,4:15:23,0:04:09,0:08:13,10:41:14,3903,18506,15323,249,493,38474,285,264,56,75,56,14,139,135,33,285,264,56,Finisher,3525
Brennan,Lupyrypa,Brennan Lupyrypa,385,M25-29,Male,Toronto,ON,Canada,CA,1:15:03,5:09:51,4:06:50,0:05:37,0:04:00,10:41:22,4503,18591,14810,337,240,38482,286,265,57,497,391,76,224,213,40,286,265,57,Finisher,1000
Jonathan,Therrien,Jonathan Therrien,2577,M18-24,Male,Gatineau,QC,Canada,CA,1:08:55,5:28:59,3:56:31,0:04:05,0:03:10,10:41:40,4135,19739,14191,245,190,38500,287,266,37,193,146,26,321,303,40,287,266,37,Finisher,3382
Jay,Pepper,Jay Pepper,294,M45-49,Male,Clermont ,FL,Canada,CA,1:27:19,5:16:32,3:47:03,0:04:57,0:05:54,10:41:46,5239,18992,13623,297,354,38506,288,267,21,1419,1089,95,402,373,34,288,267,21,Finisher,3927
Tom,Wallace,Tom Wallace,2504,M30-34,Male,Kelowna,BRITISH COLUMBIA,United Kingdom,GB,1:24:08,5:40:20,3:25:56,0:05:59,0:05:28,10:41:52,5048,20420,12356,359,328,38512,289,268,43,1179,910,141,725,644,91,289,268,43,Finisher,1000
Michael,Roper,Michael Roper,1313,M25-29,Male,Etobicoke,ON,Canada,CA,1:14:02,5:24:01,3:49:52,0:07:05,0:07:13,10:42:13,4442,19441,13792,425,433,38533,290,269,58,436,348,65,361,336,62,290,269,58,Finisher,1000
Xiaobing,Li,Xiaobing Li,2488,M40-44,Male,MONTREAL,QC,China,CN,1:25:00,5:18:52,3:47:34,0:05:46,0:05:01,10:42:14,5100,19132,13654,346,301,38534,291,270,38,1250,969,107,410,380,57,291,270,38,Finisher,1000
Tim,Swann,Tim Swann,1140,M40-44,Male,Kings Park,US-NY,United States,US,1:21:56,4:53:56,4:10:35,0:07:22,0:08:28,10:42:17,4916,17636,15035,442,508,38537,292,271,39,986,765,87,174,166,25,292,271,39,Finisher,1000
Marco,Cote,Marco Cote,193,M55-59,Male,gatineau,QC,Canada,CA,1:29:07,4:48:51,4:11:34,0:07:16,0:05:38,10:42:26,5347,17331,15094,436,338,38546,293,272,9,1535,1177,83,192,183,7,293,272,9,Finisher,4020
Brandon,Johnston,Brandon Johnston,1686,M30-34,Male,Brighton,MA,United States,US,1:11:35,4:58:25,4:20:42,0:05:36,0:06:14,10:42:32,4295,17905,15642,336,374,38552,294,273,44,299,233,37,122,119,21,294,273,44,Finisher,3569
Taylor,Corelli,Taylor Corelli,1373,F35-39,Female,Sault Ste Marie,ON,Canada,CA,1:10:33,5:43:05,3:41:11,0:04:20,0:03:29,10:42:37,4233,20585,13271,260,209,38557,295,22,4,255,60,9,530,45,4,295,22,4,Finisher,4453
Hunter,Padgett,Hunter Padgett,272,M35-39,Male,RENSSELAER,NY,United States,US,1:13:29,5:22:16,3:55:10,0:06:48,0:05:02,10:42:45,4409,19336,14110,408,302,38565,296,274,39,407,323,44,327,309,47,296,274,39,Finisher,1000
Christina,Howard,Christina Howard,997,F30-34,Female,Langford,BC,Canada,CA,1:17:20,5:29:21,3:49:48,0:03:53,0:02:24,10:42:46,4640,19761,13788,233,144,38566,297,23,4,651,141,25,422,31,4,297,23,4,Finisher,4442
Amanda,Jett,Amanda Jett,165,F35-39,Female,BURLINGTON,CT,United States,US,1:35:04,5:24:18,3:37:28,0:04:20,0:01:58,10:43:08,5704,19458,13048,260,118,38588,298,24,5,1873,449,46,629,63,7,298,24,5,Finisher,4447
Romain,Granger-Naud,Romain Granger-Naud,2285,M18-24,Male,Montréal,QC,Canada,CA,1:30:19,5:22:47,3:33:15,0:05:19,0:11:43,10:43:23,5419,19367,12795,319,703,38603,299,275,38,1613,1236,160,537,492,67,299,275,38,Finisher,1000
Guillaume,Proulx,Guillaume Proulx,2096,M40-44,Male,Mont Saint-Grégoire,QC,Canada,CA,1:16:01,5:02:53,4:11:11,0:06:44,0:06:36,10:43:25,4561,18173,15071,404,396,38605,300,276,40,554,438,49,196,187,29,300,276,40,Finisher,1000
Jonathan,Knisely,Jonathan Knisely,1646,M45-49,Male,Denver,CO,United States,US,1:24:57,5:11:17,4:00:44,0:04:07,0:02:55,10:44:01,5097,18677,14444,247,175,38641,301,277,22,1247,967,85,305,288,25,301,277,22,Finisher,1000
Aaron,Stead,Aaron Stead,2420,M35-39,Male,toronto,ON,Canada,CA,1:13:37,5:15:02,4:03:07,0:06:33,0:05:43,10:44:01,4417,18902,14587,393,343,38641,302,278,40,416,332,47,260,247,37,302,278,40,Finisher,1000
Jacob,Pilon,Jacob Pilon,1532,M25-29,Male,Ottawa,ON,Canada,CA,1:31:34,5:11:10,3:53:18,0:04:29,0:03:42,10:44:13,5494,18670,13998,269,222,38653,303,279,59,1680,1282,214,383,356,66,303,279,59,Finisher,1000
Kai,Wang,Kai Wang,2090,M35-39,Male,SANTA MONICA,CA,United States,US,1:29:45,4:56:56,4:07:44,0:05:40,0:04:27,10:44:32,5385,17816,14864,340,267,38672,304,280,41,1577,1208,144,236,224,35,304,280,41,Finisher,3509
Stephen,Koziarski,Stephen Koziarski,973,M40-44,Male,Milton,ON,Canada,CA,1:09:23,5:28:18,3:56:16,0:05:41,0:04:59,10:44:37,4163,19698,14176,341,299,38677,305,281,41,211,161,14,336,317,45,305,281,41,Finisher,3828
Nicholas,Halverson,Nicholas Halverson,2083,M30-34,Male,Gatineau,QC,Canada,CA,1:06:54,5:41:20,3:42:19,0:08:00,0:06:06,10:44:38,4014,20480,13339,480,366,38678,306,282,45,120,94,17,499,461,62,306,282,45,Finisher,1000
Philippe,Lemay-Gelinas,Philippe Lemay-Gelinas,259,M45-49,Male,ste-catherine,QC,Canada,CA,1:19:08,5:37:22,3:33:53,0:07:47,0:06:28,10:44:39,4748,20242,12833,467,388,38679,307,283,23,783,613,48,637,574,52,307,283,23,Finisher,1000
Adam,Krievins,Adam Krievins,1945,M45-49,Male,Burlington,ON,Canada,CA,1:07:24,5:14:35,4:15:22,0:03:23,0:03:59,10:44:43,4044,18875,15322,203,239,38683,308,284,24,138,106,3,194,185,16,308,284,24,Finisher,3891
Maxime,LANGLOIS,Maxime LANGLOIS,1259,M30-34,Male,Montréal,Quebec,Canada,CA,1:10:50,5:31:00,3:53:59,0:06:17,0:02:37,10:44:44,4250,19860,14039,377,157,38684,309,285,46,267,205,35,392,364,50,309,285,46,Finisher,1000
Ignacio,Carnevale,Ignacio Carnevale,680,M25-29,Male,San Jose,San Jose,Costa Rica,CR,1:07:44,5:20:51,4:06:03,0:05:55,0:04:11,10:44:45,4064,19251,14763,355,251,38685,310,286,60,147,114,25,254,241,45,310,286,60,Finisher,1000
Daniel,Pham,Daniel Pham,628,M30-34,Male,Toronto,ON,Canada,CA,1:00:38,6:05:13,3:28:45,0:05:19,0:05:08,10:45:02,3638,21913,12525,319,308,38702,311,287,47,24,19,5,737,653,94,311,287,47,Finisher,3539
Noé,Artru,Noé Artru,2000,M25-29,Male,Montreal,QC,Canada,CA,1:15:03,5:07:08,4:15:40,0:04:31,0:02:46,10:45:08,4503,18428,15340,271,166,38708,312,288,61,495,389,75,201,192,38,312,288,61,Finisher,1000
Amelia,Stash,Amelia Stash,1914,F25-29,Female,Rochester,NY,United States,US,1:16:52,5:46:36,3:31:54,0:04:06,0:06:01,10:45:29,4612,20796,12714,246,361,38729,313,25,9,606,126,28,690,75,18,313,25,9,Finisher,3848
Jacob ,McCormick,Jacob McCormick,1985,M18-24,Male,Kelowna,BC,Canada,CA,1:16:55,5:41:53,3:36:33,0:05:33,0:05:19,10:46:12,4615,20513,12993,333,319,38772,314,289,39,612,485,76,638,575,75,314,289,39,Finisher,3328
Laurence,Tessier-Proulx,Laurence Tessier-Proulx,309,F25-29,Female,Saint-Hippolyte,QC,Canada,CA,1:14:15,5:27:44,3:52:16,0:06:37,0:05:22,10:46:13,4455,19664,13936,397,322,38773,315,26,10,445,91,22,400,29,9,315,26,10,Finisher,3840
Sebastian,Tochowicz,Sebastian Tochowicz,377,M50-54,Male,Ira,MI,United States,US,1:30:24,5:31:16,3:38:19,0:03:24,0:02:54,10:46:18,5424,19876,13099,204,174,38778,316,290,25,1619,1242,129,657,589,63,316,290,25,Finisher,3920
Eric Rafael,Rivera Govea,Eric Rafael Rivera Govea,1905,M35-39,Male,Metepec,Mexico,Mexico,MX,1:14:05,5:23:24,3:55:17,0:05:52,0:07:50,10:46:27,4445,19404,14117,352,470,38787,317,291,42,437,349,49,335,316,49,317,291,42,Finisher,1000
Andrew,Taylor,Andrew Taylor,1562,M18-24,Male,Ottawa,ON,Canada,CA,1:22:37,4:49:13,4:17:19,0:11:11,0:06:20,10:46:40,4957,17353,15439,671,380,38800,318,292,40,1036,801,115,167,160,19,318,292,40,Finisher,1000
Jean-Christophe,Petit,Jean-Christophe Petit,1303,M30-34,Male,Montreal,QC,Canada,CA,1:20:20,5:03:19,4:14:20,0:04:29,0:04:43,10:47:10,4820,18199,15260,269,283,38830,319,293,48,864,676,101,210,200,33,319,293,48,Finisher,3514
julien,tremblay,julien tremblay,2281,M18-24,Male,victoriaville,QC,Canada,CA,1:11:28,4:56:08,4:32:25,0:03:29,0:03:41,10:47:11,4288,17768,16345,209,221,38831,320,294,41,292,228,35,88,87,10,320,294,41,Finisher,1000
Karl,Kimmell,Karl Kimmell,2411,M25-29,Male,Saint-Charles-Borromée,QC,Canada,CA,1:14:33,5:14:22,4:09:19,0:04:41,0:04:26,10:47:21,4473,18862,14959,281,266,38841,321,295,62,460,363,69,244,231,43,321,295,62,Finisher,1000
Gabriel,Harvey,Gabriel Harvey,1539,M30-34,Male,Laval,QC,Canada,CA,1:15:56,5:37:18,3:42:28,0:06:09,0:05:32,10:47:23,4556,20238,13348,369,332,38843,322,296,49,548,432,66,556,508,69,322,296,49,Finisher,1000
Jérémie,Cataphard,Jérémie Cataphard,2193,M30-34,Male,Candiac,QC,Canada,CA,1:23:37,5:15:22,3:58:51,0:05:49,0:03:48,10:47:26,5017,18922,14331,349,228,38846,323,297,50,1133,877,132,355,331,48,323,297,50,Finisher,1000
Jack,Halford,Jack Halford,2171,M25-29,Male,Maidstone,ON,Canada,CA,1:21:59,5:30:33,3:41:50,0:07:47,0:05:20,10:47:29,4919,19833,13310,467,320,38849,324,298,63,990,769,136,570,521,97,324,298,63,Finisher,1000
Ryan,Arbuthnot,Ryan Arbuthnot,1484,M40-44,Male,Renfrew,ON,Canada,CA,1:22:18,5:15:42,3:57:52,0:05:34,0:06:08,10:47:35,4938,18942,14272,334,368,38855,325,299,42,1007,782,89,340,319,46,325,299,42,Finisher,1000
Santosh,Karmacharya,Santosh Karmacharya,2204,M50-54,Male,WATERTOWN,MA,Nepal,NP,1:21:57,5:28:22,3:45:54,0:06:17,0:05:05,10:47:36,4917,19702,13554,377,305,38856,326,300,26,988,767,73,506,467,49,326,300,26,Finisher,1000
Richard,Lajeunesse,Richard Lajeunesse,2544,M50-54,Male,Notre-Dame de l'ile-Perrot,QC,Canada,CA,1:16:58,5:21:12,3:58:09,0:05:47,0:05:56,10:48:01,4618,19272,14289,347,356,38881,327,301,27,617,489,49,344,322,31,327,301,27,Finisher,1000
Julian,Owen,Julian Owen,1361,M40-44,Male,Grimsby,ON,Canada,CA,1:09:05,5:25:35,3:57:57,0:07:43,0:07:42,10:48:02,4145,19535,14277,463,462,38882,328,302,43,201,152,13,324,306,42,328,302,43,Finisher,1000
Heather,Statham,Heather Statham,1722,F35-39,Female,Manchester,None,Canada,CA,1:21:56,5:38:40,3:40:35,0:03:55,0:03:01,10:48:07,4916,20320,13235,235,181,38887,329,27,6,985,221,30,641,66,8,329,27,6,Finisher,1000
Nicholas,Walton,Nicholas Walton,2003,M25-29,Male,Bradford,ON,Canada,CA,1:18:06,5:36:30,3:42:45,0:04:49,0:06:08,10:48:18,4686,20190,13365,289,368,38898,330,303,64,710,555,98,558,510,96,330,303,64,Finisher,3440
Kevin,Yergeau,Kevin Yergeau,812,M35-39,Male,Drummondville,Québec,Canada,CA,1:24:38,5:28:48,3:39:24,0:08:46,0:06:58,10:48:35,5078,19728,13164,526,418,38915,331,304,43,1226,948,117,601,545,77,331,304,43,Finisher,1000
Adam,Jones,Adam Jones,2144,M40-44,Male,Sherbrooke,QC,Canada,CA,1:18:51,5:35:46,3:47:06,0:03:38,0:03:17,10:48:39,4731,20146,13626,218,197,38919,332,305,44,769,601,64,534,489,70,332,305,44,Finisher,3779
Raghul,Sankaranarayanan,Raghul Sankaranarayanan,2628,M35-39,Male,Chennai,,India,IN,1:21:37,5:11:12,4:07:12,0:05:01,0:03:37,10:48:40,4897,18672,14832,301,217,38920,333,306,44,957,745,96,282,268,40,333,306,44,Finisher,1000
Edwing Yohany,Martinez Morales,Edwing Yohany Martinez Morales,1810,M30-34,Male,Donnacona,Quebec,Colombia,CO,1:23:01,5:28:12,3:50:26,0:04:02,0:03:10,10:48:52,4981,19692,13826,242,190,38932,334,307,51,1067,826,126,484,448,58,334,307,51,Finisher,1000
Jahn,Fawcett,Jahn Fawcett,925,M40-44,Male,Orleans,ON,Canada,CA,1:19:34,5:30:54,3:39:04,0:09:21,0:10:23,10:49:16,4774,19854,13144,561,623,38956,335,308,45,814,637,70,561,513,73,335,308,45,Finisher,1000
Raymond,Cagigas,Raymond Cagigas,297,M40-44,Male,ORANGE,US-CA,United States,US,1:12:17,5:06:19,4:12:32,0:09:00,0:09:10,10:49:18,4337,18379,15152,540,550,38958,336,309,46,332,261,27,207,197,31,336,309,46,Finisher,3771
Alexandre,Bérubé,Alexandre Bérubé,2260,M25-29,Male,Montréal,QC,Canada,CA,1:31:53,5:17:07,3:49:23,0:06:28,0:04:27,10:49:19,5513,19027,13763,388,267,38959,337,310,65,1694,1293,217,488,452,84,337,310,65,Finisher,1000
Owen,Gorman,Owen Gorman,710,M18-24,Male,Ottawa,ON,Canada,CA,1:13:05,5:06:19,4:22:19,0:04:49,0:02:52,10:49:25,4385,18379,15739,289,172,38965,338,311,42,384,305,51,183,174,22,338,311,42,Finisher,1000
Nykola,Lemieux-Lafontaine,Nykola Lemieux-Lafontaine,1647,M25-29,Male,Saint-Bruno-de-Guigues,Quebec,Canada,CA,1:27:40,5:29:14,3:37:56,0:07:13,0:07:45,10:49:49,5260,19754,13076,433,465,38989,339,312,66,1439,1107,187,635,572,105,339,312,66,Finisher,3422
Benjamin,Cohen,Benjamin Cohen,542,M35-39,Male,ottawa,ON,Canada,CA,1:14:43,5:38:40,3:46:52,0:05:15,0:04:28,10:49:58,4483,20320,13612,315,268,38998,340,313,45,471,371,52,543,498,70,340,313,45,Finisher,3444
Mason,Broadfoot,Mason Broadfoot,987,M35-39,Male,Winnipeg,MB,Canada,CA,1:22:53,5:30:03,3:47:36,0:04:23,0:05:03,10:49:59,4973,19803,13656,263,303,38999,341,314,46,1058,817,104,520,479,66,341,314,46,Finisher,1000
sebastien,vallee,sebastien vallee,245,M55-59,Male,QUINCY,MA,United States,US,1:19:33,5:18:18,4:06:17,0:03:06,0:02:46,10:50:00,4773,19098,14777,186,166,39000,342,315,10,812,635,40,310,293,13,342,315,10,Finisher,3930
Carley,Kenwell,Carley Kenwell,940,F40-44,Female,Nepean,ON,Canada,CA,1:09:50,5:28:45,4:00:26,0:05:35,0:05:40,10:50:15,4190,19725,14426,335,340,39015,343,28,4,229,55,5,348,23,2,343,28,4,Finisher,4469
Will,Byker,Will Byker,1500,M30-34,Male,Rossland,BC,Canada,CA,1:20:47,5:36:34,3:44:27,0:03:12,0:05:16,10:50:15,4847,20194,13467,192,316,39015,344,316,52,891,698,107,574,523,70,344,316,52,Finisher,3477
Julien,Roques,Julien Roques,2555,M25-29,Male,Montreal,QC,France,FR,1:11:03,5:23:18,4:05:44,0:05:28,0:04:47,10:50:20,4263,19398,14744,328,287,39020,345,317,67,274,211,42,303,286,54,345,317,67,Finisher,3416
Olivier,Lépine,Olivier Lépine,1233,M25-29,Male,Montréal,QC,Canada,CA,1:17:42,5:29:12,3:48:37,0:07:35,0:07:19,10:50:26,4662,19752,13717,455,439,39026,346,318,68,678,533,94,474,438,81,346,318,68,Finisher,1000
Nick,Sommers,Nick Sommers,176,M18-24,Male,Avon,IN,United States,US,0:58:40,5:15:55,4:24:30,0:04:41,0:06:40,10:50:26,3520,18955,15870,281,400,39026,347,319,43,12,11,2,152,147,16,347,319,43,Finisher,3277
Huaizhi,Li,Huaizhi Li,882,M55-59,Male,Tianjin,CN-TJ,China,CN,1:17:20,5:09:29,4:10:46,0:06:44,0:06:11,10:50:31,4640,18569,15046,404,371,39031,348,320,11,652,511,29,242,229,11,348,320,11,Finisher,1000
Francis,Theriault,Francis Theriault,250,M40-44,Male,Gatineau,QC,Canada,CA,1:12:42,5:31:59,3:51:56,0:07:03,0:06:52,10:50:32,4362,19919,13916,423,412,39032,349,321,47,357,280,30,440,406,63,349,321,47,Finisher,3757
Lars,Heise,Lars Heise,1142,M50-54,Male,QUINCY,MA,United States,US,1:25:33,5:21:24,3:54:03,0:04:51,0:04:52,10:50:44,5133,19284,14043,291,292,39044,350,322,28,1290,997,102,441,407,43,350,322,28,Finisher,3867
Aaron,Aubertin,Aaron Aubertin,1913,M25-29,Male,Toronto,Ontario,Canada,CA,1:32:42,5:18:20,3:37:47,0:10:05,0:11:51,10:50:44,5562,19100,13067,605,711,39044,351,323,69,1741,1328,223,581,529,98,351,323,69,Finisher,1000
Philippe,Gélinas,Philippe Gélinas,2319,M18-24,Male,Laval,Quebec,Canada,CA,1:14:44,5:24:28,4:02:48,0:05:29,0:03:16,10:50:45,4484,19468,14568,329,196,39045,352,324,44,472,372,60,353,329,42,352,324,44,Finisher,1000
Alexander,Pilipenko,Alexander Pilipenko,894,M40-44,Male,Kanata,ON,Canada,CA,1:33:31,5:18:39,3:47:04,0:06:18,0:05:15,10:50:47,5611,19119,13624,378,315,39047,353,325,48,1781,1357,161,538,493,71,353,325,48,Finisher,3754
Phillip,Roebuck,Phillip Roebuck,1699,M40-44,Male,Cincinnati,OH,United States,US,0:56:37,5:30:06,4:12:41,0:05:57,0:05:36,10:50:56,3397,19806,15161,357,336,39056,354,326,49,7,7,1,238,226,34,354,326,49,Finisher,1000
Seth,Peacock,Seth Peacock,1714,M25-29,Male,Seattle,WA,United States,US,1:18:48,5:19:23,4:02:25,0:04:34,0:05:55,10:51:06,4728,19163,14545,274,355,39066,355,327,70,763,595,106,329,311,58,355,327,70,Finisher,3406
Nikolai,Ortiz,Nikolai Ortiz,117,M18-24,Male,Houston,US-TX,United States,US,1:03:34,5:16:52,4:19:14,0:05:46,0:05:42,10:51:08,3814,19012,15554,346,342,39068,356,328,45,55,43,7,198,189,25,356,328,45,Finisher,3269
Klaudia,Laszlo,Klaudia Laszlo,180,F45-49,Female,VICTORIA,BC,Canada,CA,1:08:37,5:34:52,3:59:42,0:03:33,0:04:25,10:51:10,4117,20092,14382,213,265,39070,357,29,5,175,40,7,382,27,9,357,29,5,Finisher,4296
Christophe,Talbot,Christophe Talbot,1481,M25-29,Male,Québec,Québec,Canada,CA,1:17:00,5:30:35,3:53:06,0:05:16,0:05:27,10:51:24,4620,19835,13986,316,327,39084,358,329,71,620,491,90,450,415,75,358,329,71,Finisher,1000
Matthew ,Chicko,Matthew Chicko,25,M25-29,Male,North Andover,MA,United States,US,1:24:06,5:41:27,3:27:06,0:10:11,0:08:47,10:51:37,5046,20487,12426,611,527,39097,359,330,72,1174,907,156,803,705,125,359,330,72,Finisher,1000
Laura,Miles,Laura Miles,1334,F40-44,Female,Sydney,NS,Canada,CA,1:16:33,5:45:45,3:42:00,0:04:28,0:02:57,10:51:44,4593,20745,13320,268,177,39104,360,30,5,590,123,14,680,72,11,360,30,5,Finisher,4451
Derek,Duncan,Derek Duncan,2199,M30-34,Male,Austin,TX,United States,US,1:30:47,5:17:06,3:56:56,0:03:19,0:03:37,10:51:45,5447,19026,14216,199,217,39105,361,331,53,1632,1252,188,431,399,54,361,331,53,Finisher,3459
Ian,Waugh,Ian Waugh,1989,M50-54,Male,Ottawa,ON,Canada,CA,1:13:44,5:17:58,4:07:35,0:06:26,0:06:14,10:51:57,4424,19078,14855,386,374,39117,362,332,29,420,336,32,283,269,28,362,332,29,Finisher,1000
Michele,Carretta,Michele Carretta,1977,M35-39,Male,Este,Padova,Italy,IT,1:09:21,5:17:48,4:14:38,0:04:30,0:05:51,10:52:08,4161,19068,15278,270,351,39128,363,333,47,210,160,24,231,219,34,363,333,47,Finisher,1000
Marc-Antoine,Goulet,Marc-Antoine Goulet,2385,M25-29,Male,Québec,QC,Canada,CA,1:11:22,5:36:47,3:50:43,0:08:53,0:04:36,10:52:21,4282,20207,13843,533,276,39141,364,334,73,288,224,46,514,473,89,364,334,73,Finisher,1000
Doug,Harrison,Doug Harrison,873,M60-64,Male,Haliburton ,Ontario ,Canada,CA,1:17:32,5:28:27,3:56:23,0:04:54,0:05:07,10:52:23,4652,19707,14183,294,307,39143,365,335,3,669,526,15,426,394,7,365,335,3,Finisher,1000
Wyeth,Robertson,Wyeth Robertson,1895,M25-29,Male,Toronto,ON,Canada,CA,1:18:48,5:39:17,3:40:35,0:05:22,0:08:44,10:52:46,4728,20357,13235,322,524,39166,366,336,74,765,597,107,622,561,102,366,336,74,Finisher,1000
Juan Carlos,Diaz Bernard,Juan Carlos Diaz Bernard,215,M55-59,Male,Ciudad Santa Catarina,MX-NLE,Mexico,MX,1:15:32,5:30:19,3:57:56,0:04:49,0:04:13,10:52:48,4532,19819,14276,289,253,39168,367,337,12,529,419,25,423,392,17,367,337,12,Finisher,1000
Chakib,Lhachemi,Chakib Lhachemi,2073,M18-24,Male,Laval,QC,Algeria,DZ,1:33:52,5:43:46,3:22:45,0:08:22,0:04:06,10:52:52,5632,20626,12165,502,246,39172,368,338,46,1805,1372,170,971,830,107,368,338,46,Finisher,1000
Stéphane,Jolin,Stéphane Jolin,1949,M45-49,Male,Victoriaville,Quebec,Canada,CA,1:17:06,5:29:44,3:43:47,0:11:34,0:10:47,10:52:58,4626,19784,13427,694,647,39178,369,339,25,634,501,39,535,490,44,369,339,25,Finisher,1000
Louis,Chevrette,Louis Chevrette,2288,M35-39,Male,St-Barthélemy,QC,Canada,CA,1:18:08,5:15:49,4:07:54,0:06:07,0:05:06,10:53:03,4688,18949,14874,367,306,39183,370,340,48,713,558,78,304,287,43,370,340,48,Finisher,3407
Emma,Fontaine,Emma Fontaine,1120,F25-29,Female,Saint-Lambert,QC,Canada,CA,1:14:24,5:25:43,4:04:21,0:05:01,0:03:46,10:53:15,4464,19543,14661,301,226,39195,371,31,11,450,93,24,360,25,7,371,31,11,Finisher,3755
Andrew,Mckinnon ,Andrew Mckinnon,255,M60-64,Male,Midland Park,NJ,United States,US,1:26:15,5:28:45,3:43:19,0:08:28,0:06:38,10:53:25,5175,19725,13399,508,398,39205,372,341,4,1335,1036,42,624,563,18,372,341,4,Finisher,1000
Audrey,Mathieu,Audrey Mathieu,1703,F25-29,Female,Sherbrooke,QC,Canada,CA,1:17:13,5:32:35,3:57:02,0:03:48,0:02:55,10:53:34,4633,19955,14222,228,175,39214,373,32,12,641,136,30,460,36,10,373,32,12,Finisher,3751
Andrew,Staniland,Andrew Staniland,387,M30-34,Male,Toronto,ON,Canada,CA,1:11:58,5:37:06,3:55:19,0:04:11,0:05:26,10:53:59,4318,20226,14119,251,326,39239,374,342,54,315,246,41,455,420,57,374,342,54,Finisher,1000
Mauricio Uriel,Navarrete Santamaria,Mauricio Uriel Navarrete Santamaria,204,M30-34,Male,Monterrey,MX-NLE,Mexico,MX,1:16:33,5:42:25,3:42:47,0:07:11,0:05:12,10:54:08,4593,20545,13367,431,312,39248,375,343,55,589,467,73,671,600,83,375,343,55,Finisher,1000
Charles,Jenkins,Charles Jenkins,2506,M30-34,Male,Baie-Comeau,Quebec,Canada,CA,1:07:44,5:48:44,3:46:43,0:05:56,0:05:12,10:54:19,4064,20924,13603,356,312,39259,376,344,56,148,115,21,603,547,74,376,344,56,Finisher,1000
Erick,Torres,Erick Torres,2576,M18-24,Male,Hamilton,ON,Mexico,MX,1:25:54,5:35:51,3:37:15,0:09:36,0:05:44,10:54:21,5154,20151,13035,576,344,39261,377,345,47,1312,1017,137,741,657,82,377,345,47,Finisher,1000
Sierra,Skoropada,Sierra Skoropada,317,F30-34,Female,Dundas,ON,Canada,CA,1:12:30,5:53:03,3:37:51,0:06:29,0:04:33,10:54:26,4350,21183,13071,389,273,39266,378,33,5,343,76,12,747,86,13,378,33,5,Finisher,4302
Marina,Carr,Marina Carr,2137,F35-39,Female,Toronto,ON,Canada,CA,1:14:07,5:51:56,3:39:06,0:06:00,0:03:17,10:54:26,4447,21116,13146,360,197,39266,379,34,7,440,90,14,748,87,13,379,34,7,Finisher,4311
Alexandre,Duval,Alexandre Duval,772,M45-49,Male,Preux Au Bois,,France,FR,1:15:19,5:27:25,3:55:58,0:10:28,0:05:58,10:55:09,4519,19645,14158,628,358,39309,380,346,26,508,401,31,453,418,39,380,346,26,Finisher,1000
Jerome,Bourdeau,Jerome Bourdeau,2269,M40-44,Male,Trois-Rivieres,QC,Canada,CA,1:19:01,5:15:11,4:08:23,0:05:21,0:07:21,10:55:17,4741,18911,14903,321,441,39317,381,347,50,775,606,65,300,283,40,381,347,50,Finisher,1000
Chris,Campbell,Chris Campbell,1799,M40-44,Male,Barrie,ON,Canada,CA,1:20:53,5:21:38,3:59:55,0:07:09,0:05:44,10:55:19,4853,19298,14395,429,344,39319,382,348,51,899,706,80,411,381,58,382,348,51,Finisher,1000
Justin,Deeley,Justin Deeley,2304,M25-29,Male,Toronto,ON,Canada,CA,1:24:05,5:26:47,3:53:12,0:04:39,0:06:36,10:55:20,5045,19607,13992,279,396,39320,383,349,75,1172,905,155,489,453,85,383,349,75,Finisher,1000
JEAN-MARC,PALPANT,JEAN-MARC PALPANT,954,M50-54,Male,marseille,,France,FR,1:15:30,5:16:08,4:13:37,0:04:26,0:05:39,10:55:21,4530,18968,15217,266,339,39321,384,350,30,528,418,42,267,254,27,384,350,30,Finisher,1000
Sheldon,Hawley,Sheldon Hawley,1326,M30-34,Male,Toronto,ONTARIO,Canada,CA,1:10:22,5:31:12,4:00:24,0:07:07,0:06:21,10:55:25,4222,19872,14424,427,381,39325,385,351,57,251,192,31,401,372,52,385,351,57,Finisher,1000
William,Ducas,William Ducas,665,M25-29,Male,Montréal,QC,Canada,CA,1:13:24,5:15:02,4:10:35,0:08:33,0:08:06,10:55:40,4404,18902,15035,513,486,39340,386,352,76,401,319,59,276,262,49,386,352,76,Finisher,1000
Saïd,Radhouani,Saïd Radhouani,2265,M45-49,Male,Verdun,QC,Canada,CA,1:19:34,5:17:46,4:06:54,0:06:42,0:04:49,10:55:45,4774,19066,14814,402,289,39345,387,353,27,813,636,53,346,324,29,387,353,27,Finisher,1000
Jessica,Peixoto,Jessica Peixoto,2135,F30-34,Female,Toronto,ON,Canada,CA,1:21:41,5:43:05,3:41:29,0:05:42,0:03:50,10:55:47,4901,20585,13289,342,230,39347,388,35,6,961,213,38,728,83,12,388,35,6,Finisher,4286
Yannik,Trudeau,Yannik Trudeau,2072,M35-39,Male,Québec,QC,Canada,CA,1:18:23,5:28:32,3:58:48,0:04:33,0:05:34,10:55:50,4703,19712,14328,273,334,39350,389,354,49,729,567,80,434,402,56,389,354,49,Finisher,3373
Tristan,Desormeaux,Tristan Desormeaux,1521,M18-24,Male,Candiac,CA-QC,Canada,CA,1:08:08,5:40:35,3:56:09,0:04:36,0:06:29,10:55:57,4088,20435,14169,276,389,39357,390,355,48,159,125,21,456,421,58,390,355,48,Finisher,1000
Jean Charles,Breard,Jean Charles Breard,301,M40-44,Male,LA VILLETTE,,France,FR,1:43:30,5:04:08,3:57:48,0:06:14,0:04:18,10:55:59,6210,18248,14268,374,258,39359,391,356,52,2110,1575,197,464,428,65,391,356,52,Finisher,3691
Alexander,Mongrain,Alexander Mongrain,761,M18-24,Male,Ottawa,ON,Canada,CA,1:15:25,5:34:21,3:55:54,0:05:28,0:05:21,10:56:29,4525,20061,14154,328,321,39389,392,357,49,522,413,67,483,447,62,392,357,49,Finisher,3204
Tim,Stapert,Tim Stapert,1627,M45-49,Male,Grand Rapids,MI,United States,US,1:30:18,5:26:34,3:47:54,0:06:35,0:05:15,10:56:37,5418,19594,13674,395,315,39397,393,358,28,1612,1235,112,623,562,50,393,358,28,Finisher,3748
Dominique,Boucher,Dominique Boucher,773,F25-29,Female,Ottawa,ON,Canada,CA,1:18:08,5:39:50,3:50:15,0:04:27,0:03:57,10:56:37,4688,20390,13815,267,237,39397,394,36,13,714,156,37,605,58,14,394,36,13,Finisher,3715
Erik,Stenlund,Erik Stenlund,478,M35-39,Male,Gloucester,ON,Canada,CA,1:27:55,5:35:59,3:39:10,0:06:52,0:06:43,10:56:39,5275,20159,13150,412,403,39399,395,359,50,1463,1123,136,735,652,90,395,359,50,Finisher,3363
Jacky,Cao,Jacky Cao,1367,M25-29,Male,Vancouver,BC,Canada,CA,1:43:56,5:28:04,3:24:43,0:09:02,0:10:56,10:56:41,6236,19684,12283,542,656,39401,396,360,77,2117,1579,245,885,767,135,396,360,77,Finisher,1000
Aaron,Felcher,Aaron Felcher,2236,M25-29,Male,New York,US-NY,United States,US,1:34:16,5:07:45,3:58:50,0:10:54,0:05:00,10:56:45,5656,18465,14330,654,300,39405,397,361,78,1831,1388,231,451,416,76,397,361,78,Finisher,3339
Calvin,Zeelie,Calvin Zeelie,230,M30-34,Male,Port Elizabeth,EASTERN CAPE,South Africa,ZA,1:12:46,5:03:49,4:32:10,0:05:00,0:03:09,10:56:53,4366,18229,16330,300,189,39413,398,362,58,365,287,48,161,155,26,398,362,58,Finisher,3397
Malachi,Scholl,Malachi Scholl,1557,M18-24,Male,Warsaw,IN,United States,US,1:09:45,5:45:24,3:51:04,0:06:19,0:04:25,10:56:57,4185,20724,13864,379,265,39417,399,363,50,225,171,31,590,536,72,399,363,50,Finisher,1000
Cederick,Montplaisir,Cederick Montplaisir,2587,M18-24,Male,Montreal,QC,Canada,CA,1:20:01,5:24:11,3:58:12,0:06:06,0:08:31,10:57:01,4801,19451,14292,366,511,39421,400,364,51,836,655,97,417,387,53,400,364,51,Finisher,1000
Jeff,Raines,Jeff Raines,248,M40-44,Male,Midland,TX,United States,US,1:12:42,5:26:19,4:06:11,0:04:13,0:07:49,10:57:13,4362,19579,14771,253,469,39433,401,365,53,358,281,31,332,313,44,401,365,53,Finisher,3676
Levi,Reynolds,Levi Reynolds,2536,M30-34,Male,Bantam,Connecticut,United States,US,1:29:40,5:38:38,3:35:46,0:08:33,0:04:40,10:57:16,5380,20318,12946,513,280,39436,402,366,59,1572,1204,182,820,718,108,402,366,59,Finisher,3392
André,Curiel,André Curiel,91,M35-39,Male,GLASTONBURY,CT,United States,US,1:31:39,5:22:15,3:52:06,0:06:04,0:05:15,10:57:19,5499,19335,13926,364,315,39439,403,367,51,1683,1284,151,564,516,73,403,367,51,Finisher,1000
Ian,Roberge,Ian Roberge,2595,M35-39,Male,Québec,QC,Canada,CA,1:22:04,5:11:54,4:11:11,0:05:11,0:07:15,10:57:35,4924,18714,15071,311,435,39455,404,368,52,993,771,99,295,278,42,404,368,52,Finisher,1000
Joseph,Hyland,Joseph Hyland,700,M30-34,Male,Ottawa,ON,Canada,CA,1:29:04,4:56:13,4:23:21,0:04:30,0:04:36,10:57:44,5344,17773,15801,270,276,39464,405,369,60,1534,1176,180,219,208,35,405,369,60,Finisher,1000
Stephen,Kirby,Stephen Kirby,1103,M35-39,Male,Ottawa,ON,Canada,CA,1:19:59,5:21:27,4:09:23,0:04:14,0:02:41,10:57:44,4799,19287,14963,254,161,39464,406,370,53,833,652,88,367,342,53,406,370,53,Finisher,1000
Juliette,Soucy,Juliette Soucy,2224,F25-29,Female,Trois-Rivières,Quebec,Canada,CA,1:08:55,5:45:00,3:47:24,0:09:32,0:06:55,10:57:46,4135,20700,13644,572,415,39466,407,37,14,191,47,15,621,61,15,407,37,14,Finisher,1000
Jennifer,Nicholson,Jennifer Nicholson,1298,F50-54,Female,Huntsville,Ontario,Canada,CA,1:14:31,5:39:23,3:51:56,0:06:31,0:05:40,10:58:02,4471,20363,13916,391,340,39482,408,38,1,459,97,7,572,51,3,408,38,1,Finisher,5000
Joey,Catto,Joey Catto,1708,M35-39,Male,Levis,Quebec,Canada,CA,1:16:39,5:36:35,3:54:06,0:05:36,0:05:10,10:58:07,4599,20195,14046,336,310,39487,409,371,54,595,472,65,546,500,71,409,371,54,Finisher,3346
David,Copeland,David Copeland,833,M50-54,Male,Toronto,ON,Canada,CA,1:23:53,5:30:41,3:52:43,0:04:42,0:06:10,10:58:08,5033,19841,13963,282,370,39488,410,372,31,1160,894,88,553,505,53,410,372,31,Finisher,3778
James,worster,James worster,280,M45-49,Male,bellmore,US-NY,United States,US,1:17:03,5:12:04,4:19:09,0:04:47,0:05:09,10:58:12,4623,18724,15549,287,309,39492,411,373,29,631,499,38,247,234,18,411,373,29,Finisher,1000
Julian,Black,Julian Black,1999,M25-29,Male,London,Ontario,Canada,CA,1:37:05,5:30:32,3:40:22,0:05:35,0:04:38,10:58:12,5825,19832,13222,335,278,39492,412,374,79,1949,1477,237,770,678,121,412,374,79,Finisher,3321
Louis-Germain,Méthot,Louis-Germain Méthot,1906,M60-64,Male,Eastman,QC,Canada,CA,1:24:34,5:19:04,3:59:24,0:06:41,0:08:37,10:58:21,5074,19144,14364,401,517,39501,413,375,5,1219,943,38,418,388,6,413,375,5,Finisher,4489
Lionel ,Roy,Lionel Roy,1290,M35-39,Male,Blind River,Ontario,Canada,CA,1:16:26,5:31:26,3:56:04,0:07:34,0:06:55,10:58:26,4586,19886,14164,454,415,39506,414,376,55,581,461,63,487,451,64,414,376,55,Finisher,1000
Chris,Griffin,Chris Griffin,1923,M40-44,Male,Happy Valley Goose Bay,NL,Canada,CA,1:16:28,5:40:43,3:48:56,0:07:52,0:04:27,10:58:26,4588,20443,13736,472,267,39506,415,377,54,582,462,52,656,588,82,415,377,54,Finisher,1000
Ann,Hammer,Ann Hammer,839,F45-49,Female,Newburyport,MA,United States,US,1:07:09,5:10:40,4:31:29,0:04:19,0:05:14,10:58:51,4029,18640,16289,259,314,39531,416,39,6,129,28,5,162,7,2,416,39,6,Finisher,4204
Cindy,Maloney,Cindy Maloney,316,F50-54,Female,Revelstoke,BC,Canada,CA,1:26:46,5:29:39,3:54:23,0:04:53,0:03:20,10:59:01,5206,19779,14063,293,200,39541,417,40,2,1372,314,34,588,54,4,417,40,2,Finisher,4988
David,Wulff,David Wulff,2616,M30-34,Male,Kitchener,ON,Canada,CA,1:14:07,5:24:09,4:04:49,0:07:02,0:09:03,10:59:09,4447,19449,14689,422,543,39549,418,378,61,439,350,55,362,337,49,418,378,61,Finisher,1000
Hunter,Goodrich,Hunter Goodrich,1612,M30-34,Male,CLOQUET,MN,United States,US,1:06:10,5:48:56,3:47:15,0:08:05,0:08:49,10:59:16,3970,20936,13635,485,529,39556,419,379,62,103,80,13,615,555,77,419,379,62,Finisher,1000
Kris,Sakaluk,Kris Sakaluk,361,M35-39,Male,Mississauga,Ontario,Canada,CA,1:18:25,5:44:46,3:45:38,0:05:25,0:05:06,10:59:21,4705,20686,13538,325,306,39561,420,380,56,733,571,81,700,624,87,420,380,56,Finisher,1000
Mikalai,Malinouski,Mikalai Malinouski,352,M40-44,Male,Ashland,MA,United States,US,1:34:33,5:25:46,3:48:43,0:04:57,0:05:25,10:59:24,5673,19546,13723,297,325,39564,421,381,55,1846,1402,166,658,590,83,421,381,55,Finisher,3650
Alain,Gilbert,Alain Gilbert,2206,M45-49,Male,Gatineau,QC,Canada,CA,1:14:31,5:21:02,4:12:20,0:05:36,0:06:00,10:59:30,4471,19262,15140,336,360,39570,422,382,30,458,362,27,313,296,26,422,382,30,Finisher,1000
Cédric,Corriveau,Cédric Corriveau,2337,M18-24,Male,Terrebonne,QC,Canada,CA,1:22:48,5:36:06,3:49:05,0:06:37,0:05:34,11:00:11,4968,20166,13745,397,334,39611,423,383,52,1050,809,117,663,593,77,423,383,52,Finisher,1000
Alex,Heimpel,Alex Heimpel,35,M35-39,Male,Toronto,ON,Canada,CA,1:18:59,5:21:42,4:06:21,0:07:40,0:05:31,11:00:14,4739,19302,14781,460,331,39614,424,384,57,774,605,84,394,366,54,424,384,57,Finisher,1000
Jed Joseph,Azcueta,Jed Joseph Azcueta,1161,M40-44,Male,Regina,SK,Canada,CA,1:19:55,5:42:05,3:46:44,0:06:59,0:04:38,11:00:21,4795,20525,13604,419,278,39621,425,385,56,830,649,74,704,627,88,425,385,56,Finisher,1000
Bryan,Van Boom,Bryan Van Boom,1003,M45-49,Male,Edmonton,Alberta,Canada,CA,1:16:56,5:26:45,4:05:00,0:05:48,0:05:51,11:00:21,4616,19605,14700,348,351,39621,426,386,31,614,486,36,407,378,36,426,386,31,Finisher,3704
Talat,Gundogdu,Talat Gundogdu,155,M35-39,Male,Vancouver,BC,Canada,CA,1:23:26,5:32:35,3:57:33,0:03:15,0:03:34,11:00:23,5006,19955,14253,195,214,39623,427,387,58,1111,860,107,554,506,72,427,387,58,Finisher,3319
steven,gailliaert,steven gailliaert,53,M60-64,Male,brugge,WEST-VLAANDEREN,Belgium,BE,1:12:15,5:16:14,4:19:44,0:05:56,0:06:20,11:00:29,4335,18974,15584,356,380,39629,428,388,6,331,260,8,252,239,3,428,388,6,Finisher,4463
Thomas,Piggott,Thomas Piggott,2276,M35-39,Male,Peterborough,ON,Canada,CA,1:08:34,5:41:08,4:02:55,0:03:39,0:04:15,11:00:30,4114,20468,14575,219,255,39630,429,389,59,173,134,19,457,422,59,429,389,59,Finisher,1000
Patrick,Grzelak,Patrick Grzelak,740,M35-39,Male,Vancouver,BC,Canada,CA,1:06:08,5:32:41,4:10:45,0:04:36,0:06:30,11:00:41,3968,19961,15045,276,390,39641,430,390,60,101,78,8,338,318,50,430,390,60,Finisher,3315
Kya,Chisholm,Kya Chisholm,1282,F18-24,Female,Cranbrook,British Columbia,Canada,CA,1:17:17,5:35:38,3:59:11,0:04:49,0:04:27,11:01:22,4637,20138,14351,289,267,39682,431,41,1,647,139,9,527,43,2,431,41,1,Finisher,5000
Simon,Kulacz,Simon Kulacz,1053,M40-44,Male,St. Catharines,ON,Canada,CA,1:28:11,5:28:14,3:52:34,0:06:53,0:05:36,11:01:28,5291,19694,13954,413,336,39688,432,391,57,1473,1130,130,617,557,78,432,391,57,Finisher,1000
Derek,Liou,Derek Liou,198,M55-59,Male,Cupertino,CA,United States,US,1:10:11,5:28:49,4:11:24,0:04:18,0:06:53,11:01:35,4211,19729,15084,258,413,39695,433,392,13,240,183,11,333,314,14,433,392,13,Finisher,3791
Eren,Perez,Eren Perez,232,F35-39,Female,Ottawa,CA-ON,Canada,CA,1:09:19,5:55:32,3:47:22,0:04:50,0:04:33,11:01:36,4159,21332,13642,290,273,39696,434,42,8,207,50,6,711,80,12,434,42,8,Finisher,4225
Thomas,Desrosiers,Thomas Desrosiers,2295,M18-24,Male,Levis,Quebec,Canada,CA,1:21:50,5:22:36,4:07:55,0:05:19,0:04:02,11:01:43,4910,19356,14875,319,242,39703,435,393,53,976,759,109,414,384,51,435,393,53,Finisher,1000
Dougin,Walker,Dougin Walker,29,M60-64,Male,Tampa,US-US-FL,United States,US,0:58:40,5:21:56,4:28:16,0:06:38,0:06:29,11:01:58,3520,19316,16096,398,389,39718,436,394,7,13,12,1,203,194,2,436,394,7,Finisher,4445
Josee,Courchesne,Josee Courchesne,146,F40-44,Female,New Liskeard,ON,Canada,CA,1:20:17,5:27:27,4:06:48,0:03:53,0:03:40,11:02:05,4817,19647,14808,233,220,39725,437,43,6,860,188,20,437,34,7,437,43,6,Finisher,4327
Becky,Youngberg,Becky Youngberg,279,F50-54,Female,Shakopee,MN,United States,US,1:07:15,5:44:13,4:01:00,0:05:08,0:04:47,11:02:23,4035,20653,14460,308,287,39743,438,44,3,132,31,1,507,40,1,438,44,3,Finisher,4947
Maren,Beck,Maren Beck,175,F45-49,Female,Schildow,DE-BB,Germany,DE,1:12:21,5:26:58,4:16:04,0:04:11,0:03:02,11:02:36,4341,19618,15364,251,182,39756,439,45,7,335,72,12,339,21,8,439,45,7,Finisher,4159
Yoann,Briant,Yoann Briant,2053,M40-44,Male,Saint-Basile-le-Grand,QC,France,FR,1:26:05,5:10:21,4:12:53,0:06:15,0:07:03,11:02:37,5165,18621,15173,375,423,39757,440,395,58,1324,1026,114,328,310,43,440,395,58,Finisher,3612
Andrew,Thomas,Andrew Thomas,313,M30-34,Male,Toronto,ON,Canada,CA,1:20:59,5:22:52,4:07:25,0:07:18,0:04:13,11:02:47,4859,19372,14845,438,253,39767,441,396,63,909,716,111,429,397,53,441,396,63,Finisher,1000
Benjamin,Bartlett,Benjamin Bartlett,1434,M30-34,Male,Charing Cross,ON,Canada,CA,1:14:43,5:42:20,3:56:10,0:05:15,0:04:27,11:02:54,4483,20540,14170,315,267,39774,442,397,64,470,370,56,602,546,73,442,397,64,Finisher,1000
Lauryn,Gehier,Lauryn Gehier,1833,F25-29,Female,Villenoy,Ile de france,France,FR,1:19:41,5:51:01,3:44:46,0:04:18,0:03:08,11:02:55,4781,21061,13486,258,188,39775,443,46,15,822,180,45,795,97,22,443,46,15,Finisher,3639
Pierre,Masselot,Pierre Masselot,2574,M18-24,Male,Montréal,QC,Canada,CA,1:34:12,4:49:42,4:28:35,0:06:07,0:04:20,11:02:57,5652,17382,16115,367,260,39777,444,398,54,1823,1385,172,220,209,28,444,398,54,Finisher,3127
Mark,Pétrin,Mark Pétrin,1131,M25-29,Male,Mirabel,QC,Canada,CA,1:24:31,5:38:33,3:46:19,0:07:13,0:06:30,11:03:06,5071,20313,13579,433,390,39786,445,399,80,1213,938,160,723,643,115,445,399,80,Finisher,3262
Timothy,Martin-Chan,Timothy Martin-Chan,2502,M30-34,Male,Cambridge,ON,Canada,CA,1:10:40,5:37:05,4:05:50,0:03:39,0:05:57,11:03:10,4240,20225,14750,219,357,39790,446,400,65,262,200,32,433,401,55,446,400,65,Finisher,1000
Brian Frederick,Merker,Brian Frederick Merker,63,M45-49,Male,MISSISSAUGA,ON,Canada,CA,1:08:19,5:49:34,3:45:56,0:09:42,0:09:39,11:03:11,4099,20974,13556,582,579,39791,447,401,32,165,129,6,691,616,54,447,401,32,Finisher,1000
Wes,Bush,Wes Bush,2459,M30-34,Male,Ancaster,ON,Canada,CA,1:10:40,5:37:22,3:59:17,0:07:15,0:08:53,11:03:28,4240,20242,14357,435,533,39808,448,402,66,263,201,33,486,450,59,448,402,66,Finisher,3318
Jonathan,Duguay-Rheault,Jonathan Duguay-Rheault,1800,M35-39,Male,Drummondville,QC,Canada,CA,1:31:30,5:26:31,3:52:50,0:05:08,0:07:44,11:03:43,5490,19591,13970,308,464,39823,449,403,61,1674,1279,149,614,554,78,449,403,61,Finisher,3279
Garet,Lupyrypa,Garet Lupyrypa,384,M25-29,Male,Toronto,ON,Canada,CA,1:06:54,5:05:02,4:43:35,0:03:38,0:04:33,11:03:44,4014,18302,17015,218,273,39824,450,404,81,121,95,20,121,118,28,450,404,81,Finisher,1000
Kristy,Blair,Kristy Blair,1468,F30-34,Female,Etobicoke,ON,Canada,CA,1:33:32,5:19:48,4:03:02,0:04:27,0:02:57,11:03:47,5612,19188,14582,267,177,39827,451,47,7,1786,427,68,528,44,6,451,47,7,Finisher,4190
Nicholas,Severyn,Nicholas Severyn,121,M35-39,Male,N CALDWELL,NJ,United States,US,1:06:23,5:34:48,4:11:59,0:04:15,0:06:23,11:03:49,3983,20088,15119,255,383,39829,452,405,62,110,86,10,365,340,52,452,405,62,Finisher,1000
Jackson,Konkin,Jackson Konkin,1736,M25-29,Male,Trail,BC,Canada,CA,0:57:29,5:07:37,4:52:42,0:03:13,0:03:15,11:04:17,3449,18457,17562,193,195,39857,453,406,82,9,9,4,78,77,18,453,406,82,Finisher,3248
Ewan,Hardie,Ewan Hardie,502,M50-54,Male,Manotick,ON,Canada,CA,1:09:17,5:31:03,4:12:01,0:06:41,0:05:15,11:04:18,4157,19863,15121,401,315,39858,454,407,32,204,155,17,381,355,37,454,407,32,Finisher,1000
Mark,Simons,Mark Simons,1332,M45-49,Male,Poolesville,MD,United States,US,1:13:53,5:16:22,4:20:26,0:06:09,0:07:37,11:04:28,4433,18982,15626,369,457,39868,455,408,33,426,340,23,271,257,19,455,408,33,Finisher,3654
Daniel,Oliveira,Daniel Oliveira,2366,M35-39,Male,Etobicoke,ON,Portugal,PT,1:11:17,5:09:53,4:32:38,0:05:19,0:05:26,11:04:33,4277,18593,16358,319,326,39873,456,409,63,284,221,29,200,191,30,456,409,63,Finisher,3269
Drew,Jett,Drew Jett,530,M40-44,Male,BURLINGTON,CT,United States,US,1:27:15,5:14:57,4:12:11,0:05:07,0:05:12,11:04:43,5235,18897,15131,307,312,39883,457,410,59,1409,1082,122,385,358,54,457,410,59,Finisher,1000
Laurence,Jones,Laurence Jones,185,M55-59,Male,Verona,IL,United States,US,1:45:34,5:15:57,3:50:50,0:04:57,0:07:26,11:04:43,6334,18957,13850,297,446,39883,458,411,14,2139,1596,125,675,604,33,458,411,14,Finisher,3753
Steven,Cruise,Steven Cruise,1417,M40-44,Male,Dauphin,MB,Canada,CA,1:20:28,5:39:16,3:51:55,0:05:16,0:08:03,11:04:58,4828,20356,13915,316,483,39898,459,412,60,876,686,78,655,587,81,459,412,60,Finisher,1000
Gavin,Ritter,Gavin Ritter,1540,M25-29,Male,Wauseon,OH,United States,US,1:08:39,5:42:15,4:01:14,0:07:38,0:05:15,11:05:02,4119,20535,14474,458,315,39902,460,413,83,179,138,28,541,496,93,460,413,83,Finisher,1000
Chris,Polowick,Chris Polowick,1340,M35-39,Male,Ottawa,ON,Canada,CA,1:15:58,5:32:41,3:59:05,0:08:52,0:08:37,11:05:13,4558,19961,14345,532,517,39913,461,414,64,553,437,58,524,482,67,461,414,64,Finisher,1000
Margaret,Lucas,Margaret Lucas,251,F40-44,Female,CHARLOTTE,NC,United States,US,1:31:04,5:15:12,4:12:58,0:03:17,0:02:46,11:05:17,5464,18912,15178,197,166,39917,462,48,7,1650,385,44,408,30,5,462,48,7,Finisher,4288
Joshua,Dyball,Joshua Dyball,1626,M35-39,Male,Paget,,United Kingdom,GB,1:32:25,5:23:18,3:57:42,0:05:50,0:06:04,11:05:19,5545,19398,14262,350,364,39919,463,415,65,1726,1317,154,593,539,76,463,415,65,Finisher,1000
Charl,Volsteedt,Charl Volsteedt,464,M45-49,Male,Okotoks,AB,South Africa,ZA,1:24:40,5:25:47,4:01:55,0:05:17,0:07:54,11:05:33,5080,19547,14515,317,474,39933,464,416,34,1230,951,82,491,455,42,464,416,34,Finisher,3641
Ken,Mclaughlin,Ken Mclaughlin,189,M60-64,Male,Whitmore Lake,MI,United States,US,1:42:07,5:06:45,4:04:16,0:08:18,0:04:46,11:06:12,6127,18405,14656,498,286,39972,465,417,8,2084,1555,68,516,475,11,465,417,8,Finisher,4395
Mathieu,Nicole,Mathieu Nicole,2562,M18-24,Male,Gatineau,QC,Canada,CA,1:18:27,5:32:33,4:04:51,0:05:31,0:05:00,11:06:22,4707,19953,14691,331,300,39982,466,418,55,735,572,90,505,466,64,466,418,55,Finisher,1000
Mathieu,Turgeon,Mathieu Turgeon,2341,M18-24,Male,Saint- Lambert De Lauzon,QC,Canada,CA,1:21:31,5:10:18,4:23:23,0:05:35,0:05:37,11:06:25,4891,18618,15803,335,337,39985,467,419,56,952,743,107,280,266,36,467,419,56,Finisher,3085
Samuel,Castilloux,Samuel Castilloux,2481,M30-34,Male,Montréal,QC,Canada,CA,1:22:35,5:47:01,3:46:13,0:05:38,0:05:00,11:06:26,4955,20821,13573,338,300,39986,468,420,67,1032,799,123,796,699,102,468,420,67,Finisher,1000
Carly,Ross,Carly Ross,1046,F30-34,Female,Collingwood,ON,Canada,CA,1:01:01,5:44:56,4:08:48,0:05:31,0:06:22,11:06:39,3661,20696,14928,331,382,39999,469,49,8,27,6,3,436,33,5,469,49,8,Finisher,4155
Evan,Londry,Evan Londry,336,M45-49,Male,Cochrane,AB,Canada,CA,1:23:00,5:15:20,4:20:19,0:04:09,0:04:15,11:07:04,4980,18920,15619,249,255,40024,470,421,35,1066,825,72,326,308,28,470,421,35,Finisher,3623
Philippe,Beaudoin,Philippe Beaudoin,1195,M30-34,Male,VERDUN,Quebec,Canada,CA,1:24:56,5:31:45,3:58:48,0:07:09,0:04:29,11:07:06,5096,19905,14328,429,269,40026,471,422,68,1246,966,152,630,567,78,471,422,68,Finisher,1000
William,Fabi,William Fabi,1153,M25-29,Male,Montréal,QC,Canada,CA,1:21:08,5:27:27,4:04:44,0:07:39,0:06:54,11:07:52,4868,19647,14684,459,414,40072,472,423,84,918,722,127,500,462,87,472,423,84,Finisher,1000
Karleen,Scase,Karleen Scase,164,F45-49,Female,Calgary,AB,Canada,CA,1:09:40,5:41:26,4:07:07,0:04:51,0:04:50,11:07:54,4180,20486,14827,291,290,40074,473,50,8,222,53,8,496,38,11,473,50,8,Finisher,4095
Sandra,Wirth,Sandra Wirth,145,F45-49,Female,Düsseldorf,NW,Germany,DE,1:02:58,5:32:46,4:25:54,0:03:02,0:03:17,11:07:57,3778,19966,15954,182,197,40077,474,51,9,47,11,2,287,15,6,474,51,9,Finisher,4095
Mark,Montgomery,Mark Montgomery,1943,M40-44,Male,Rockwood,ON,Canada,CA,1:20:24,5:22:54,4:18:09,0:03:18,0:03:23,11:08:08,4824,19374,15489,198,203,40088,475,424,61,868,679,76,375,350,52,475,424,61,Finisher,3545
Alain,Doucet,Alain Doucet,1717,M40-44,Male,Vaudreuil Dorion,Quebec,Canada,CA,1:10:28,5:29:53,4:14:09,0:06:05,0:07:46,11:08:22,4228,19793,15249,365,466,40102,476,425,62,254,195,17,373,348,51,476,425,62,Finisher,1000
Sheima,Marand,Sheima Marand,162,F30-34,Female,Chelmsford,MA,United States,US,1:28:40,5:30:06,4:02:56,0:03:58,0:02:47,11:08:28,5320,19806,14576,238,167,40108,477,52,9,1505,352,56,608,60,8,477,52,9,Finisher,4133
Dominick,Cloutier,Dominick Cloutier,1730,M30-34,Male,Bromont,QC,Canada,CA,1:26:54,5:26:48,4:05:17,0:04:53,0:04:48,11:08:41,5214,19608,14717,293,288,40121,478,426,69,1381,1065,169,542,497,66,478,426,69,Finisher,3255
Heather,Helms,Heather Helms,154,F40-44,Female,Little Rock,AR,United States,US,1:24:50,5:18:02,4:17:09,0:04:50,0:03:58,11:08:49,5090,19082,15429,290,238,40129,479,53,8,1240,280,30,389,28,4,479,53,8,Finisher,4246
Seamus,Mcconnell,Seamus Mcconnell,1485,M40-44,Male,Ottawa,ON,Canada,CA,1:14:16,5:25:37,4:17:29,0:06:31,0:05:23,11:09:15,4456,19537,15449,391,323,40155,480,427,63,448,356,38,372,347,50,480,427,63,Finisher,1000
Alain,Tremblay,Alain Tremblay,2482,M55-59,Male,Calgary,AB,Canada,CA,1:15:02,5:28:44,4:16:38,0:04:27,0:04:51,11:09:42,4502,19724,15398,267,291,40182,481,428,15,494,388,23,393,365,16,481,428,15,Finisher,3693
Chinchin,Wang,Chinchin Wang,1571,F30-34,Female,Ottawa,ON,Canada,CA,1:33:00,5:43:48,3:40:01,0:07:09,0:05:54,11:09:52,5580,20628,13201,429,354,40192,482,54,10,1754,419,67,933,134,22,482,54,10,Finisher,1000
Yinan,He,Yinan He,2211,M40-44,Male,Montreal,QC,Canada,CA,1:22:43,5:35:02,3:59:11,0:07:46,0:05:18,11:09:59,4963,20102,14351,466,318,40199,483,429,64,1043,804,92,661,592,84,483,429,64,Finisher,3523
Garth,BEHRJE,Garth BEHRJE,2227,M55-59,Male,Hillsborough,US-NJ,Australia,AU,1:25:52,5:20:54,4:03:31,0:10:49,0:08:55,11:10:01,5152,19254,14611,649,535,40201,484,430,16,1308,1013,65,525,483,23,484,430,16,Finisher,3689
Nicolas,Bernier,Nicolas Bernier,2479,M40-44,Male,Saint-Jean-Sur-Richelieu,QC,Canada,CA,1:19:03,5:25:07,4:16:08,0:05:29,0:04:26,11:10:13,4743,19507,15368,329,266,40213,485,431,65,779,610,66,409,379,56,485,431,65,Finisher,1000
Owen,Flynn,Owen Flynn,2406,M18-24,Male,Fredericton,New Brunswick,Canada,CA,1:08:40,5:22:02,4:27:28,0:05:48,0:06:26,11:10:24,4120,19322,16048,348,386,40224,486,432,57,180,139,25,272,258,35,486,432,57,Finisher,3037
Patrick,Chamberland,Patrick Chamberland,1765,M55-59,Male,Montreal,QC,Canada,CA,1:36:20,5:21:18,4:01:05,0:06:57,0:04:53,11:10:31,5780,19278,14465,417,293,40231,487,433,17,1918,1457,107,642,576,28,487,433,17,Finisher,1000
Yossi,Maman,Yossi Maman,2121,M35-39,Male,Toronto,ONTARIO,United Kingdom,GB,1:20:34,5:43:16,3:40:07,0:13:33,0:13:03,11:10:33,4834,20596,13207,813,783,40233,488,434,66,883,692,91,831,726,96,488,434,66,Finisher,1000
Molly,Silsby,Molly Silsby,2567,F25-29,Female,Somerville,MA,United States,US,1:07:30,6:22:48,3:29:24,0:04:58,0:05:59,11:10:40,4050,22968,12564,298,359,40240,489,55,16,141,33,11,1131,187,42,489,55,16,Finisher,3546
Matilde,Montero,Matilde Montero,249,F18-24,Female,Zapopan,MX-JAL,Mexico,MX,1:14:59,5:51:16,3:51:01,0:07:46,0:05:45,11:10:46,4499,21076,13861,466,345,40246,490,56,2,491,106,7,783,96,5,490,56,2,Finisher,4887
Alex,Laviolette,Alex Laviolette,1089,M30-34,Male,Stittsville,Ontario,Canada,CA,1:17:39,5:56:46,3:41:05,0:09:03,0:06:35,11:11:07,4659,21406,13265,543,395,40267,491,435,70,675,530,80,925,793,113,491,435,70,Finisher,1000
Mickael,Bros,Mickael Bros,1608,M35-39,Male,Saint-Lazare,QC,France,FR,1:31:30,5:18:22,4:12:55,0:05:06,0:03:33,11:11:27,5490,19102,15175,306,213,40287,492,436,67,1675,1280,150,479,443,63,492,436,67,Finisher,3186
Pieter,Wyminga,Pieter Wyminga,941,M25-29,Male,Ottawa,ON,Canada,CA,1:30:53,5:45:30,3:38:51,0:08:40,0:07:55,11:11:49,5453,20730,13131,520,475,40309,493,437,85,1641,1259,212,957,820,143,493,437,85,Finisher,3158
William,Downey,William Downey,1407,M18-24,Male,Leominster,MA,United States,US,1:38:17,5:21:42,3:48:00,0:14:58,0:08:55,11:11:51,5897,19302,13680,898,535,40311,494,438,58,1995,1506,190,793,697,85,494,438,58,Finisher,3020
Michael,Nash,Michael Nash,2278,M35-39,Male,Ottawa,ON,Canada,CA,1:27:22,5:23:30,4:08:03,0:06:44,0:06:13,11:11:53,5242,19410,14883,404,373,40313,495,439,68,1421,1091,132,526,484,68,495,439,68,Finisher,3181
Alexander,Sun,Alexander Sun,2344,M18-24,Male,Vaughan,Ontario,Canada,CA,1:16:39,5:31:54,4:09:32,0:07:17,0:06:31,11:11:54,4599,19914,14972,437,391,40314,496,440,59,593,470,73,494,458,63,496,440,59,Finisher,1000
Alessa,Rickmers,Alessa Rickmers,2256,F35-39,Female,New York,NY,Germany,DE,1:19:53,5:34:38,4:08:10,0:04:16,0:05:15,11:12:13,4793,20078,14890,256,315,40333,497,57,9,827,181,23,545,46,5,497,57,9,Finisher,4098
Michael,Kelly,Michael Kelly,1653,M30-34,Male,Somerville,NJ,United States,US,1:23:08,5:37:17,4:00:08,0:05:08,0:06:40,11:12:21,4988,20237,14408,308,400,40341,498,441,71,1079,836,127,664,594,81,498,441,71,Finisher,3211
Jonathan,Dow,Jonathan Dow,1713,M35-39,Male,Orillia,ON,Canada,CA,1:05:21,5:08:21,4:49:14,0:04:46,0:04:46,11:12:28,3921,18501,17354,286,286,40348,499,442,69,81,61,6,146,141,21,499,442,69,Finisher,1000
Christopher,Swann,Christopher Swann,2028,M50-54,Male,St-Lambert,QC,Canada,CA,1:01:23,5:42:06,4:16:17,0:07:32,0:05:27,11:12:45,3683,20526,15377,452,327,40365,500,443,33,31,25,1,428,396,41,500,443,33,Finisher,1000
Renee,Tng,Renee Tng,2174,F35-39,Female,Santa Monica,CA,Singapore,SG,1:18:01,6:05:35,3:38:05,0:05:07,0:05:58,11:12:46,4681,21935,13085,307,358,40366,501,58,10,704,154,22,1018,157,19,501,58,10,Finisher,1000
Thierry,Larocque,Thierry Larocque,1798,M25-29,Male,Repentigny,QC,Canada,CA,1:27:25,5:27:38,4:05:47,0:06:52,0:05:07,11:12:48,5245,19658,14747,412,307,40368,502,444,86,1425,1094,184,599,543,101,502,444,86,Finisher,1000
Adrian,Constantinescu,Adrian Constantinescu,1904,M55-59,Male,Richmond Hill,ON,Canada,CA,1:40:40,5:09:09,4:13:57,0:04:28,0:04:54,11:13:08,6040,18549,15237,268,294,40388,503,445,18,2053,1536,116,471,435,18,503,445,18,Finisher,3652
Olivier,Villeneuve,Olivier Villeneuve,667,M30-34,Male,L’Ange-Gardien,QC,Canada,CA,1:16:40,5:35:57,3:59:58,0:10:24,0:10:23,11:13:22,4600,20157,14398,624,623,40402,504,446,72,596,473,74,611,551,76,504,446,72,Finisher,3199
Simon,Drapeau,Simon Drapeau,2437,M35-39,Male,Terrebonne,QC,Canada,CA,1:38:26,5:21:47,4:01:07,0:06:48,0:05:27,11:13:35,5906,19307,14467,408,327,40415,505,447,70,1999,1509,171,685,613,85,505,447,70,Finisher,3160
Alexander,Kochoa,Alexander Kochoa,1879,M18-24,Male,BURBANK,CA,Philippines,PH,1:09:18,5:29:39,4:17:53,0:08:19,0:08:27,11:13:35,4158,19779,15473,499,507,40415,506,448,60,206,157,28,384,357,47,506,448,60,Finisher,1000
Catherine,Senez,Catherine Senez,1637,F30-34,Female,Mont-Saint-Hilaire,QC,Canada,CA,1:20:15,5:51:03,3:53:14,0:04:46,0:04:22,11:13:41,4815,21063,13994,286,262,40421,507,59,11,852,185,31,811,101,16,507,59,11,Finisher,4071
Richard,Huie,Richard Huie,1234,M35-39,Male,Alexandria,VA,United States,US,1:24:51,5:24:51,4:13:29,0:05:12,0:05:46,11:14:09,5091,19491,15209,312,346,40449,508,449,71,1241,961,120,477,441,62,508,449,71,Finisher,1000
Félix,Auger,Félix Auger,2609,M25-29,Male,Montréal,Quebec,Canada,CA,1:15:01,5:35:18,4:11:17,0:05:28,0:07:12,11:14:16,4501,20118,15077,328,432,40456,509,450,87,492,386,74,492,456,86,509,450,87,Finisher,1000
Simon,Angers,Simon Angers,1802,M35-39,Male,Cap-Santé,QC,Canada,CA,1:17:29,5:43:38,4:01:04,0:05:46,0:06:19,11:14:17,4649,20618,14464,346,379,40457,510,451,72,663,521,71,683,611,84,510,451,72,Finisher,3152
Christian,Jacobsen,Christian Jacobsen,1741,M50-54,Male,Oxford,MI,Denmark,DK,1:17:41,5:06:24,4:39:15,0:04:57,0:06:05,11:14:21,4661,18384,16755,297,365,40461,511,452,34,677,532,55,216,205,18,511,452,34,Finisher,1000
Vincent,Mercier,Vincent Mercier,2592,M40-44,Male,Québec,Quebec,Canada,CA,1:25:59,5:29:51,4:06:33,0:05:25,0:06:34,11:14:22,5159,19791,14793,325,394,40462,512,453,66,1319,1023,112,586,534,75,512,453,66,Finisher,1000
Curtis,Arends,Curtis Arends,688,M40-44,Male,Ottawa,ON,Canada,CA,1:26:51,5:52:37,3:37:57,0:10:38,0:06:44,11:14:47,5211,21157,13077,638,404,40487,513,454,67,1379,1064,118,1048,884,122,513,454,67,Finisher,1000
Harrison,Weiss,Harrison Weiss,2110,M25-29,Male,Boston,MA,United States,US,1:19:41,5:40:13,3:55:07,0:10:45,0:09:04,11:14:49,4781,20413,14107,645,544,40489,514,455,88,824,644,116,732,649,116,514,455,88,Finisher,1000
Katie,Macaskill,Katie Macaskill,2230,F25-29,Female,Huntsville,ON,Canada,CA,1:03:53,5:32:14,4:29:21,0:05:23,0:04:15,11:15:07,3833,19934,16161,323,255,40507,515,60,17,59,14,5,318,18,5,515,60,17,Finisher,3493
Andy,Melancon-Talboys,Andy Melancon-Talboys,983,F35-39,Female,Montréal,Quebec,Canada,CA,1:15:20,5:48:19,4:02:21,0:05:33,0:03:41,11:15:15,4520,20899,14541,333,221,40515,516,61,11,510,108,16,706,78,11,516,61,11,Finisher,4062
Tao,Fernandez,Tao Fernandez,2408,M40-44,Male,Drummondville,QC,Canada,CA,1:17:38,5:35:23,4:03:39,0:08:39,0:10:09,11:15:28,4658,20123,14619,519,609,40528,517,456,68,674,529,59,595,541,76,517,456,68,Finisher,1000
Jessie,Bazylinski,Jessie Bazylinski,1397,M35-39,Male,Saskatoon,SK,Canada,CA,1:25:41,6:01:15,3:33:29,0:07:49,0:07:27,11:15:41,5141,21675,12809,469,447,40541,518,457,73,1299,1005,124,1111,931,121,518,457,73,Finisher,1000
Luc,AMAR,Luc AMAR,2571,M35-39,Male,Paris,Île-de-France,France,FR,1:16:56,5:30:17,4:16:58,0:07:17,0:04:15,11:15:42,4616,19817,15418,437,255,40542,519,458,74,615,487,67,475,439,61,519,458,74,Finisher,1000
Alex,Robichaud ,Alex Robichaud,1280,M30-34,Male,Dieppe,NB,Canada,CA,1:18:29,5:41:08,4:04:28,0:07:09,0:05:10,11:16:24,4709,20468,14668,429,310,40584,520,459,73,738,574,88,679,608,84,520,459,73,Finisher,1000
Joanna,Schmidt,Joanna Schmidt,2115,F30-34,Female,Montréal,QC,Canada,CA,1:18:08,5:48:55,3:58:18,0:06:28,0:04:36,11:16:25,4688,20935,14298,388,276,40585,521,62,12,715,157,27,777,94,15,521,62,12,Finisher,1000
Alex,Cheng,Alex Cheng,2075,M25-29,Male,Markham,ON,Canada,CA,1:28:18,5:16:41,4:13:52,0:08:15,0:09:25,11:16:31,5298,19001,15232,495,565,40591,522,460,89,1484,1139,190,454,419,77,522,460,89,Finisher,1000
Isaac,Nichols,Isaac Nichols,2333,M25-29,Male,Cambridge,Ontario,Canada,CA,1:24:09,5:54:26,3:42:58,0:05:48,0:09:24,11:16:44,5049,21266,13378,348,564,40604,523,461,90,1180,911,157,945,809,140,523,461,90,Finisher,1000
Christopher,Britton,Christopher Britton,1855,M50-54,Male,PENNS GROVE,NJ,United States,US,1:15:21,5:12:11,4:36:36,0:07:36,0:05:26,11:17:11,4521,18731,16596,456,326,40631,524,462,35,516,408,40,258,245,24,524,462,35,Finisher,1000
Owen,Streett,Owen Streett,961,M18-24,Male,Westminster,MD,United States,US,1:13:01,5:50:53,3:59:25,0:08:13,0:05:45,11:17:18,4381,21053,14365,493,345,40638,525,463,61,378,300,50,752,665,84,525,463,61,Finisher,1000
Charles,Bouffard,Charles Bouffard,1880,M30-34,Male,Saint-Ferréol-les-Neiges,QC,Canada,CA,1:25:44,5:11:52,4:31:00,0:03:39,0:05:05,11:17:20,5144,18712,16260,219,305,40640,526,464,74,1302,1008,161,315,298,45,526,464,74,Finisher,3152
Rosaly,Bujold,Rosaly Bujold,725,F18-24,Female,Mascouche,QC,Canada,CA,1:09:04,5:45:38,4:11:14,0:04:27,0:06:59,11:17:21,4144,20738,15074,267,419,40641,527,63,3,200,49,4,552,48,3,527,63,3,Finisher,4808
Wojciech,Pantera,Wojciech Pantera,200,M45-49,Male,Revelstoke,BC,Canada,CA,1:28:59,5:28:19,4:06:42,0:08:10,0:05:21,11:17:31,5339,19699,14802,490,321,40651,528,465,36,1531,1173,105,660,591,53,528,465,36,Finisher,1000
Jonathan,Samrai,Jonathan Samrai,1310,M45-49,Male,Sutton Coldfield,STS,United Kingdom,GB,1:57:09,5:28:40,3:38:15,0:06:24,0:07:14,11:17:43,7029,19720,13095,384,434,40663,529,466,37,2253,1676,161,1083,908,82,529,466,37,Finisher,3495
Lauren,Groppi,Lauren Groppi,258,F45-49,Female,Moosup,CT,United States,US,1:32:44,5:40:33,3:51:21,0:06:47,0:06:30,11:17:55,5564,20433,13881,407,390,40675,530,64,10,1742,414,54,870,115,18,530,64,10,Finisher,3975
Liam,Ostlund,Liam Ostlund,1969,M25-29,Male,Calgary,AB,Canada,CA,1:18:37,5:22:17,4:18:54,0:09:29,0:08:44,11:18:02,4717,19337,15534,569,524,40682,531,467,91,749,584,103,420,390,69,531,467,91,Finisher,1000
Jason,Hervey,Jason Hervey,2098,M50-54,Male,Toronto,ON,Canada,CA,1:16:53,5:22:22,4:30:22,0:05:11,0:03:16,11:18:04,4613,19342,16222,311,196,40684,532,468,36,608,482,48,350,326,32,532,468,36,Finisher,3539
Nicolas,Bergeron,Nicolas Bergeron,2011,M50-54,Male,Saint-Amable,QC,Canada,CA,1:21:59,5:25:56,4:23:24,0:03:42,0:03:11,11:18:12,4919,19556,15804,222,191,40692,533,469,37,989,768,74,438,404,42,533,469,37,Finisher,3537
MAURICIO,DE MORAES LUZ,MAURICIO DE MORAES LUZ,1609,M40-44,Male,SAO PAULO,BR-SP,Brazil,BR,1:27:50,5:12:00,4:27:05,0:05:10,0:06:10,11:18:14,5270,18720,16025,310,370,40694,534,470,69,1454,1117,128,357,333,48,534,470,69,Finisher,1000
Murray,Smith,Murray Smith,1071,M45-49,Male,Moose Jaw,SK,Canada,CA,1:20:53,5:21:30,4:25:05,0:07:00,0:03:50,11:18:18,4853,19290,15905,420,230,40698,535,471,38,900,707,60,405,376,35,535,471,38,Finisher,1000
Kristian,Fury,Kristian Fury,1001,M25-29,Male,Kamloops,BC,Canada,CA,1:13:49,5:33:10,4:17:13,0:06:40,0:07:32,11:18:23,4429,19990,15433,400,452,40703,536,472,92,425,339,63,462,426,78,536,472,92,Finisher,3079
Thomas,Hickerson ,Thomas Hickerson,1574,M25-29,Male,Winona Lake,Indiana,United States,US,1:08:38,5:26:38,4:28:06,0:09:43,0:05:19,11:18:24,4118,19598,16086,583,319,40704,537,473,93,178,137,27,358,334,61,537,473,93,Finisher,1000
Joao,Pedro Perez Dias Pinheiro,Joao Pedro Perez Dias Pinheiro,1289,M18-24,Male,Salvador,BR-BA,Brazil,BR,1:04:01,5:46:15,4:15:43,0:07:10,0:05:20,11:18:28,3841,20775,15343,430,320,40708,538,474,62,64,47,9,523,481,66,538,474,62,Finisher,1000
Eric,Huff,Eric Huff,2107,M55-59,Male,Montreal,QC,Canada,CA,1:02:45,5:24:39,4:42:04,0:04:34,0:04:32,11:18:35,3765,19479,16924,274,272,40715,539,475,19,43,34,1,233,221,10,539,475,19,Finisher,1000
Charles-Antoine,Goulet,Charles-Antoine Goulet,1705,M18-24,Male,Bromont,QC,Canada,CA,1:13:16,5:31:34,4:19:10,0:07:44,0:06:54,11:18:38,4396,19894,15550,464,414,40718,540,476,63,395,314,52,448,413,56,540,476,63,Finisher,2939
William,Sirois,William Sirois,2464,M18-24,Male,Quebec ,QC,Canada,CA,1:17:03,5:41:52,4:09:55,0:05:57,0:04:05,11:18:52,4623,20512,14995,357,245,40732,541,477,64,628,497,79,650,582,76,541,477,64,Finisher,1000
Scott,Berg,Scott Berg,1442,M18-24,Male,"Kelowna,BC",BC,Canada,CA,1:15:18,5:33:23,4:19:29,0:08:06,0:02:37,11:18:53,4518,20003,15569,486,157,40733,542,478,65,507,400,64,510,469,65,542,478,65,Finisher,2936
Alex,Maisonneuve,Alex Maisonneuve,813,M35-39,Male,Orleans,ON,Canada,CA,1:18:50,5:28:16,4:18:49,0:05:19,0:07:42,11:18:57,4730,19696,15529,319,462,40737,543,479,75,767,599,83,444,410,58,543,479,75,Finisher,1000
Mat,Bush,Mat Bush,406,M30-34,Male,Orléans,ON,Canada,CA,1:06:36,5:49:02,4:12:08,0:05:34,0:05:55,11:19:15,3996,20942,15128,334,355,40755,544,480,75,117,92,16,585,533,72,544,480,75,Finisher,1000
Renato,Dalboni,Renato Dalboni,2023,M45-49,Male,Varennes,QC,Canada,CA,1:03:58,5:09:28,4:57:07,0:03:42,0:05:01,11:19:16,3838,18568,17827,222,301,40756,545,481,39,62,46,1,134,131,13,545,481,39,Finisher,3477
Wendy,Mehaffey,Wendy Mehaffey,295,F45-49,Female,VT,US-VT,United States,US,1:23:11,5:34:37,4:14:14,0:04:04,0:03:25,11:19:30,4991,20077,15254,244,205,40770,546,65,11,1082,244,35,597,55,13,546,65,11,Finisher,3956
Aashish,Balani,Aashish Balani,219,M25-29,Male,Brooklyn,NEW YORK,Singapore,SG,1:34:28,5:15:09,4:16:19,0:06:41,0:06:58,11:19:36,5668,18909,15379,401,418,40776,547,482,94,1844,1400,232,502,463,88,547,482,94,Finisher,3064
Matis,Galipeau,Matis Galipeau,2578,M18-24,Male,Gatineau,QC,Canada,CA,1:25:21,5:47:20,3:56:37,0:05:40,0:04:39,11:19:38,5121,20840,14197,340,279,40778,548,483,66,1279,990,135,842,733,91,548,483,66,Finisher,1000
Charles Etienne,Dubuc,Charles Etienne Dubuc,2084,M35-39,Male,Mercier,QC,Canada,CA,1:27:15,5:44:31,4:00:31,0:03:58,0:03:36,11:19:51,5235,20671,14431,238,216,40791,549,484,76,1408,1081,131,802,704,93,549,484,76,Finisher,3085
Matt,Bembridge,Matt Bembridge,2182,M18-24,Male,Stouffville,ON,Canada,CA,1:25:08,6:04:51,3:38:40,0:04:43,0:06:38,11:19:59,5108,21891,13120,283,398,40799,550,485,67,1264,977,134,1108,929,121,550,485,67,Finisher,1000
Simon,Ringuette,Simon Ringuette,2167,M35-39,Male,Mascouche,QC,Canada,CA,1:24:24,5:37:03,4:03:16,0:08:37,0:06:48,11:20:07,5064,20223,14596,517,408,40807,551,486,77,1198,926,113,721,641,89,551,486,77,Finisher,1000
Aaron,Glaeser,Aaron Glaeser,775,M50-54,Male,Birmingham,MI,United States,US,1:09:08,5:17:08,4:41:37,0:07:19,0:04:58,11:20:10,4148,19028,16897,439,298,40810,552,487,38,203,154,16,243,230,20,552,487,38,Finisher,1000
Brian,Jensen,Brian Jensen,168,M50-54,Male,Herlev,foreigner,Denmark,DK,1:24:17,4:47:58,4:57:03,0:06:04,0:04:53,11:20:15,5057,17278,17823,364,293,40815,553,488,39,1189,920,93,144,139,10,553,488,39,Finisher,3513
Charles,Brunelle,Charles Brunelle,1715,M25-29,Male,Laval,Quebec,Canada,CA,1:23:29,5:27:06,4:15:13,0:08:50,0:05:45,11:20:23,5009,19626,15313,530,345,40823,554,489,95,1118,865,148,557,509,95,554,489,95,Finisher,1000
Dustin,Beach,Dustin Beach,1055,M40-44,,Ottawa,ON,Canada,CA,1:22:08,6:00:34,3:44:03,0:07:38,0:06:02,11:20:25,4928,21634,13443,458,362,40825,555,490,70,996,774,88,1050,886,123,555,490,70,Finisher,1000
Daniel,Banville,Daniel Banville,604,M65-69,Male,Québec,Quebec,Canada,CA,1:31:04,5:34:15,4:02:37,0:06:49,0:05:43,11:20:28,5464,20055,14557,409,343,40828,556,491,2,1651,1266,20,751,664,4,556,491,2,Finisher,4331
Steve,Nguyen,Steve Nguyen,253,M40-44,Male,Richmond,VA,United States,US,1:17:12,5:31:26,4:22:06,0:04:48,0:05:02,11:20:34,4632,19886,15726,288,302,40834,557,492,71,638,503,56,459,424,64,557,492,71,Finisher,3396
Gasc,Olivier,Gasc Olivier,957,M55-59,Male,RULLY,,France,FR,1:03:26,5:22:05,4:42:52,0:05:53,0:06:20,11:20:35,3806,19325,16972,353,380,40835,558,493,20,51,40,2,230,218,9,558,493,20,Finisher,1000
Brendan,Landreville,Brendan Landreville,1085,M18-24,Male,Les Coteaux,QC,Canada,CA,1:18:39,5:28:08,4:20:21,0:07:09,0:06:20,11:20:38,4719,19688,15621,429,380,40838,559,494,68,751,586,91,466,430,60,559,494,68,Finisher,1000
Frederic,Gauthier,Frederic Gauthier,2031,M25-29,Male,Varennes,QC,Canada,CA,1:27:06,5:37:23,4:03:03,0:06:42,0:06:30,11:20:45,5226,20243,14583,402,390,40845,560,495,96,1392,1070,181,738,654,117,560,495,96,Finisher,1000
Philippe,Guay,Philippe Guay,2364,M50-54,Male,St-Lambert,QC,Canada,CA,1:13:26,5:11:37,4:46:28,0:04:30,0:04:46,11:20:47,4406,18697,17188,270,286,40847,561,496,40,403,320,30,217,206,19,561,496,40,Finisher,1000
David,Maranger,David Maranger,810,M30-34,Male,Ottawa,ON,Canada,CA,1:24:50,5:42:40,3:57:46,0:09:05,0:06:28,11:20:48,5090,20560,14266,545,388,40848,562,497,76,1239,960,150,819,717,107,562,497,76,Finisher,1000
Molly,Zahr,Molly Zahr,871,F45-49,Female,BEDFORD,NH,United States,US,1:17:15,4:59:13,4:54:15,0:06:37,0:03:30,11:20:51,4635,17953,17655,397,210,40851,563,66,12,643,137,19,169,8,3,563,66,12,Finisher,3940
Valerie,Thibert,Valerie Thibert,1755,F30-34,Female,Gatineau,QC,Canada,CA,1:05:25,5:54:25,4:06:45,0:05:41,0:08:41,11:20:57,3925,21265,14805,341,521,40857,564,67,13,84,21,4,662,70,11,564,67,13,Finisher,3984
Abdel,Gomez-Perez,Abdel Gomez-Perez,920,M40-44,Male,NEW YORK,NY,Canada,CA,1:23:24,5:03:19,4:41:07,0:05:14,0:08:00,11:21:04,5004,18199,16867,314,480,40864,565,498,72,1109,858,98,232,220,32,565,498,72,Finisher,1000
Mathieu,Gauthier,Mathieu Gauthier,286,M25-29,Male,Shannon,QC,Canada,CA,1:29:46,5:24:18,4:19:27,0:04:25,0:03:17,11:21:12,5386,19458,15567,265,197,40872,566,499,97,1580,1211,204,539,494,92,566,499,97,Finisher,1000
Pier-Luc,Lapalme,Pier-Luc Lapalme,2283,M25-29,Male,Saint-Hyacinthe,QC,Canada,CA,1:23:19,5:34:33,4:09:43,0:08:16,0:05:35,11:21:27,4999,20073,14983,496,335,40887,567,500,98,1097,848,145,670,599,109,567,500,98,Finisher,1000
Charles,Glaeser,Charles Glaeser,748,M18-24,Male,Birmingham,Michigan,United States,US,1:22:48,5:47:56,4:02:02,0:04:46,0:03:58,11:21:30,4968,20876,14522,286,238,40890,568,501,69,1048,807,116,799,702,86,568,501,69,Finisher,1000
Salvador,Herrera,Salvador Herrera,58,M25-29,Female,Guadalajara,MX-JAL,Mexico,MX,1:19:31,5:33:48,4:12:23,0:08:16,0:07:35,11:21:32,4771,20028,15143,496,455,40892,569,502,99,808,631,115,594,540,100,569,502,99,Finisher,1000
Antoine,Decarie,Antoine Decarie,2296,M25-29,Male,Laval,QC,Canada,CA,1:34:04,5:25:07,4:11:44,0:06:24,0:04:15,11:21:34,5644,19507,15104,384,255,40894,570,503,100,1816,1379,229,665,595,108,570,503,100,Finisher,1000
Tristan,Sandhu,Tristan Sandhu,1970,M35-39,Male,Coquitlam,BC,Canada,CA,1:16:24,5:32:42,4:14:54,0:09:19,0:08:44,11:22:03,4584,19962,15294,559,524,40923,571,504,78,580,460,62,536,491,69,571,504,78,Finisher,1000
Greg,Hopson,Greg Hopson,1359,M45-49,Male,Calgary,AB,Canada,CA,1:15:48,5:29:55,4:26:25,0:04:36,0:05:26,11:22:11,4548,19795,15985,276,326,40931,572,505,40,541,427,34,419,389,37,572,505,40,Finisher,3442
Kurt,Storckman,Kurt Storckman,861,M18-24,Male,Round Lake,Illinois,United States,US,1:12:23,5:42:10,4:13:51,0:06:19,0:07:31,11:22:14,4343,20530,15231,379,451,40934,573,506,70,339,265,42,577,526,71,573,506,70,Finisher,2895
Sarah,Elliott,Sarah Elliott,1792,F40-44,Female,Toronto,ON,Canada,CA,1:13:47,5:35:29,4:19:28,0:07:03,0:06:30,11:22:16,4427,20129,15568,423,390,40936,574,68,9,421,85,10,501,39,8,574,68,9,Finisher,1000
Kenneth,Lowther,Kenneth Lowther,2128,M25-29,Male,CUMBERLAND,ON,Canada,CA,1:10:54,4:59:13,5:02:40,0:04:37,0:04:53,11:22:17,4254,17953,18160,277,293,40937,575,507,101,269,207,41,113,110,25,575,507,101,Finisher,1000
Paul,Robinson,Paul Robinson,139,M50-54,Male,London,GB-SRY,United Kingdom,GB,1:11:39,5:19:40,4:40:20,0:03:19,0:07:28,11:22:26,4299,19180,16820,199,448,40946,576,508,41,302,236,23,256,243,23,576,508,41,Finisher,1000
Andy,Shibata,Andy Shibata,1281,M50-54,Male,Toronto,ON,Canada,CA,1:13:06,5:43:08,4:17:02,0:04:43,0:04:32,11:22:31,4386,20588,15422,283,272,40951,577,509,42,385,306,27,579,527,56,577,509,42,Finisher,3486
Cody,Thompson,Cody Thompson,1873,M30-34,Male,Toronto,Ontario,Canada,CA,1:31:51,5:27:56,4:00:46,0:09:38,0:12:21,11:22:32,5511,19676,14446,578,741,40952,578,510,77,1691,1291,190,708,629,87,578,510,77,Finisher,1000
Doug,James,Doug James,1849,M50-54,Male,East Gwillimbury,Ontario,Canada,CA,1:05:09,5:44:13,4:19:20,0:08:54,0:05:03,11:22:39,3909,20653,15560,534,303,40959,579,511,43,76,57,9,533,488,51,579,511,43,Finisher,1000
Brandon,Peacock,Brandon Peacock,750,M30-34,Male,Ottawa,ON,Canada,CA,1:20:33,5:32:04,4:14:08,0:10:01,0:06:03,11:22:49,4833,19924,15248,601,363,40969,580,512,78,881,691,105,607,548,75,580,512,78,Finisher,1000
Ludovic,Garneau,Ludovic Garneau,1839,M18-24,Male,Quebec,QUEBEC,Canada,CA,1:17:16,5:54:21,3:55:56,0:07:41,0:07:35,11:22:50,4636,21261,14156,461,455,40970,581,513,71,646,508,82,861,751,95,581,513,71,Finisher,1000
Rachel,Taylor,Rachel Taylor,1525,F55-59,Female,Calgary,AB,Canada,CA,1:08:40,5:49:50,4:16:13,0:04:04,0:04:13,11:23:00,4120,20990,15373,244,253,40980,582,69,1,181,42,3,606,59,2,582,69,1,Finisher,5000
Kevin,Butterfield,Kevin Butterfield,278,M50-54,Male,Kanata,CA-CA-ON,Canada,CA,1:19:26,5:31:34,4:12:43,0:10:51,0:08:28,11:23:02,4766,19894,15163,651,508,40982,583,514,44,802,627,63,596,542,57,583,514,44,Finisher,1000
Fernando Javier,Escamilla Garcia,Fernando Javier Escamilla Garcia,267,M45-49,Male,Monterrey,MX-NLE,Mexico,MX,1:44:39,5:42:26,3:39:46,0:09:00,0:07:13,11:23:04,6279,20546,13186,540,433,40984,584,515,41,2127,1587,149,1142,954,89,584,515,41,Finisher,3431
RICARDO,TOVAR,RICARDO TOVAR,2307,M25-29,Male,Montréal,QC,Colombia,CO,1:20:03,5:56:51,3:55:32,0:06:04,0:04:48,11:23:18,4803,21411,14132,364,288,40998,585,516,102,838,657,120,913,785,138,585,516,102,Finisher,3020
Leo,Sanscartier,Leo Sanscartier,1751,M30-34,Male,Gatineau,QC,Canada,CA,1:05:38,5:59:11,4:06:27,0:05:13,0:07:23,11:23:52,3938,21551,14787,313,443,41032,586,517,79,89,67,11,718,638,90,586,517,79,Finisher,3073
Sheila,Kealey,Sheila Kealey,222,F60-64,Female,Ottawa,ON,Canada,CA,1:21:16,5:34:16,4:08:46,0:10:14,0:09:26,11:23:58,4876,20056,14926,614,566,41038,587,70,1,929,201,3,668,71,1,587,70,1,Finisher,5000
Alex,Murie,Alex Murie,1456,M35-39,,Toronto,ON,Canada,CA,1:30:00,5:36:24,4:00:50,0:09:47,0:07:11,11:24:13,5400,20184,14450,587,431,41053,588,518,79,1596,1224,146,812,711,94,588,518,79,Finisher,1000
Charlie,Garcia,Charlie Garcia,192,M50-54,Male,Toronto,ON,Philippines,PH,1:34:37,5:17:46,4:23:13,0:03:45,0:05:04,11:24:25,5677,19066,15793,225,304,41065,589,519,45,1848,1404,150,498,460,48,589,519,45,Finisher,3463
Marie-Audrey,Peel,Marie-Audrey Peel,1172,F30-34,Female,Sherbrooke,QC,Canada,CA,1:15:40,6:27:10,3:32:53,0:04:16,0:04:32,11:24:31,4540,23230,12773,256,272,41071,590,71,14,536,112,17,1332,243,42,590,71,14,Finisher,3941
Matthew,Perry,Matthew Perry,714,M25-29,Male,Toronto,ON,Canada,CA,1:07:49,4:58:35,4:58:59,0:10:37,0:08:37,11:24:37,4069,17915,17939,637,517,41077,591,520,103,150,117,26,132,129,32,591,520,103,Finisher,3004
Kent,Tilley,Kent Tilley,1379,M55-59,Male,Calgary,AB,Canada,CA,1:18:22,5:39:12,4:13:59,0:05:51,0:07:27,11:24:51,4702,20352,15239,351,447,41091,592,521,21,728,566,36,619,559,26,592,521,21,Finisher,3511
HEMRICK,DION,HEMRICK DION,321,M18-24,Male,lévis,Quebec,Central African Republic,CF,1:09:45,5:44:35,4:21:13,0:05:45,0:03:41,11:25:00,4185,20675,15673,345,221,41100,593,522,72,226,172,32,567,518,70,593,522,72,Finisher,2862
Simon,Crewe,Simon Crewe,1268,M18-24,Male,Saint-Joseph-du-Lac,Quebec,Canada,CA,1:12:48,5:50:08,4:05:47,0:09:09,0:07:30,11:25:22,4368,21008,14747,549,450,41122,594,523,73,369,291,47,750,663,83,594,523,73,Finisher,1000
Rob,Laborie,Rob Laborie,659,M60-64,Male,Kanata,CA-ON,Canada,CA,1:17:00,5:34:16,4:21:35,0:07:46,0:04:50,11:25:26,4620,20056,15695,466,290,41126,595,524,9,618,490,14,550,503,13,595,524,9,Finisher,4164
James,Macmillan,James Macmillan,976,M40-44,Male,Ottawa,ON,Canada,CA,1:26:27,5:15:41,4:29:13,0:06:16,0:08:04,11:25:41,5187,18941,16153,376,484,41141,596,525,73,1349,1047,116,396,368,55,596,525,73,Finisher,1000
Craig,Stoller,Craig Stoller,225,M65-69,Male,Amherst,US-NH,United States,US,1:40:07,5:33:21,3:58:06,0:07:20,0:06:48,11:25:42,6007,20001,14286,440,408,41142,597,526,3,2038,1529,30,882,764,5,597,526,3,Finisher,4268
Melissa,French,Melissa French,390,F45-49,Female,Orillia,ON,Canada,CA,1:17:23,5:42:39,3:59:22,0:16:54,0:09:34,11:25:53,4643,20559,14362,1014,574,41153,598,72,13,655,142,20,821,103,16,598,72,13,Finisher,1000
Jean-Christophe,Rousseau,Jean-Christophe Rousseau,2208,M18-24,Male,Saint-Charles-Borromée,QC,Canada,CA,1:29:54,5:47:31,3:57:33,0:05:51,0:05:16,11:26:06,5394,20851,14253,351,316,41166,599,527,74,1588,1217,156,919,790,104,599,527,74,Finisher,1000
Carolina,Quintana Giraldo,Carolina Quintana Giraldo,909,F30-34,Female,Gatineau,QC,Canada,CA,1:30:33,5:49:41,3:51:59,0:08:12,0:05:44,11:26:08,5433,20981,13919,492,344,41168,600,73,15,1626,380,59,1014,155,26,600,73,15,Finisher,3921
Karina,Pronska,Karina Pronska,2048,F25-29,Female,Toronto,CA-ON,Canada,CA,1:18:00,6:08:50,3:51:37,0:04:06,0:03:43,11:26:16,4680,22130,13897,246,223,41176,601,74,18,703,153,35,1062,167,37,601,74,18,Finisher,1000
Sean,Lee,Sean Lee,2308,M40-44,Male,Toronro,ON,Canada,CA,1:12:09,5:33:51,4:34:08,0:03:45,0:02:41,11:26:33,4329,20031,16448,225,161,41193,602,528,74,323,253,26,412,382,59,602,528,74,Finisher,3324
Ben,Roberts,Ben Roberts,532,M30-34,Male,Ottawa,Ontario,United Kingdom,GB,1:11:40,5:58:05,4:05:04,0:05:57,0:05:52,11:26:38,4300,21485,14704,357,352,41198,603,529,80,303,237,39,801,703,103,603,529,80,Finisher,1000
Seamus,Coyle,Seamus Coyle,1900,M18-24,Male,Manorville,New York,United States,US,1:17:27,6:03:57,3:47:10,0:08:02,0:10:32,11:27:08,4647,21837,13630,482,632,41228,604,530,75,659,517,83,1035,875,113,604,530,75,Finisher,2837
Marc-Antoine,Chayer,Marc-Antoine Chayer,2059,M25-29,Male,Repentigny,QC,Canada,CA,1:29:34,5:33:41,4:08:26,0:09:17,0:06:17,11:27:15,5374,20021,14906,557,377,41235,605,531,104,1567,1201,203,759,671,119,605,531,104,Finisher,1000
Dominik,Roos,Dominik Roos,1770,M45-49,Male,Dundas,ON,Canada,CA,1:19:28,5:39:13,4:17:56,0:05:12,0:05:29,11:27:18,4768,20353,15476,312,329,41238,606,532,42,806,629,51,632,569,51,606,532,42,Finisher,1000
Sarah,Latonas,Sarah Latonas,227,F35-39,Female,Vancouver,BC,Canada,CA,1:11:45,5:43:56,4:18:07,0:06:11,0:07:21,11:27:20,4305,20636,15487,371,441,41240,607,75,12,307,67,11,598,56,6,607,75,12,Finisher,3917
Kevin,Vaughn,Kevin Vaughn,2525,M40-44,Male,Port Sanilac,MI,United States,US,1:18:16,5:50:42,4:06:04,0:05:49,0:06:54,11:27:45,4696,21042,14764,349,414,41265,608,533,75,721,562,61,790,694,93,608,533,75,Finisher,3310
Robert,Macarthur,Robert Macarthur,1595,M50-54,Male,TROY,MI,United States,US,1:08:31,5:35:55,4:24:37,0:09:31,0:09:14,11:27:48,4111,20155,15877,571,554,41268,609,534,46,171,133,15,467,431,45,609,534,46,Finisher,1000
Clayton,Greer,Clayton Greer,2618,M30-34,Male,Hamilton,ON,Canada,CA,1:21:00,5:41:03,4:08:23,0:07:39,0:09:47,11:27:52,4860,20463,14903,459,587,41272,610,535,81,910,717,112,712,632,89,610,535,81,Finisher,1000
Samuel,Patt,Samuel Patt,2093,M40-44,Male,New York,NY,United States,US,1:13:41,5:32:28,4:24:52,0:10:12,0:06:55,11:28:08,4421,19948,15892,612,415,41288,611,536,76,418,334,36,503,464,68,611,536,76,Finisher,1000
Jennifer,Charvat,Jennifer Charvat,299,F50-54,Female,Holbrook,NY,United States,US,1:25:27,5:40:31,4:11:17,0:07:16,0:03:40,11:28:11,5127,20431,15077,436,220,41291,612,76,4,1285,291,29,772,93,8,612,76,4,Finisher,4638
Leah,Mccrossin,Leah Mccrossin,757,F45-49,Female,Westbrook,ME,United States,US,1:42:38,5:35:41,4:01:24,0:04:28,0:04:07,11:28:17,6158,20141,14484,268,247,41297,613,77,14,2095,532,71,911,127,20,613,77,14,Finisher,3851
Angela,Valdes,Angela Valdes,956,F35-39,Female,TORONTO,ON,Canada,CA,1:14:55,5:59:47,4:00:48,0:05:33,0:07:15,11:28:17,4495,21587,14448,333,435,41297,614,78,13,485,103,15,872,116,14,614,78,13,Finisher,1000
Viviane,Marcotte-L'Heureux,Viviane Marcotte-L'Heureux,2601,F30-34,Female,Montreal,QC,Canada,CA,1:21:31,5:37:44,4:00:33,0:13:58,0:14:34,11:28:19,4891,20264,14433,838,874,41299,615,79,16,951,209,37,769,92,14,615,79,16,Finisher,1000
Charlie,Mueller,Charlie Mueller,1118,M30-34,Male,ATLANTA,GA,United States,US,1:23:44,6:03:24,3:49:10,0:07:45,0:04:30,11:28:33,5024,21804,13750,465,270,41313,616,537,82,1144,883,135,1116,935,131,616,537,82,Finisher,3017
Peter,Safieh,Peter Safieh,413,M30-34,Male,Ottawa,ON,Canada,CA,1:17:30,5:48:49,4:10:33,0:06:51,0:04:53,11:28:37,4650,20929,15033,411,293,41317,617,538,83,666,523,79,767,677,98,617,538,83,Finisher,1000
Daniel,Deternoz,Daniel Deternoz,1604,M45-49,Male,BELLEVUE,WA,Venezuela,VE,1:17:19,5:26:02,4:33:28,0:04:30,0:07:17,11:28:37,4639,19562,16408,270,437,41317,618,539,43,650,510,40,390,362,33,618,539,43,Finisher,3364
Colin,Gaines,Colin Gaines,95,M25-29,Male,South Euclid,ohio,United States,US,1:14:29,5:30:33,4:24:04,0:09:21,0:10:11,11:28:38,4469,19833,15844,561,611,41318,619,540,105,455,360,68,472,436,80,619,540,105,Finisher,1000
Matthew,Marsh,Matthew Marsh,1572,M18-24,Male,Winona Lake,Indiana,United States,US,1:17:58,5:17:18,4:38:31,0:07:56,0:07:06,11:28:50,4678,19038,16711,476,426,41330,620,541,76,700,548,86,331,312,41,620,541,76,Finisher,1000
Daniel,Heinrichs,Daniel Heinrichs,782,M30-34,Male,Edmonton,AB,Canada,CA,1:21:11,5:29:15,4:20:53,0:08:36,0:08:58,11:28:53,4871,19755,15653,516,538,41333,621,542,84,923,726,114,551,504,68,621,542,84,Finisher,1000
Alisa,Dicaprio,Alisa Dicaprio,1225,F50-54,Female,New York,NY,United States,US,1:13:17,5:49:37,4:14:30,0:07:28,0:04:12,11:29:03,4397,20977,15270,448,252,41343,622,80,5,396,82,5,724,81,5,622,80,5,Finisher,4627
Kelly,Legallais,Kelly Legallais,2556,F50-54,Female,Ottawa,ON,Canada,CA,1:27:47,5:42:15,4:03:36,0:07:25,0:08:01,11:29:04,5267,20535,14616,445,481,41344,623,81,6,1452,337,39,832,106,11,623,81,6,Finisher,1000
Vladimir,Tsariabin,Vladimir Tsariabin,651,M40-44,Male,Gatineau,QC,Canada,CA,1:21:47,5:28:20,4:22:22,0:09:23,0:07:15,11:29:07,4907,19700,15742,563,435,41347,624,543,77,971,754,85,559,511,72,624,543,77,Finisher,3294
Rebecca,Wang,Rebecca Wang,1136,F25-29,Female,Ottawa,ON,Canada,CA,1:09:33,5:49:52,4:18:43,0:05:21,0:05:47,11:29:16,4173,20992,15523,321,347,41356,625,82,19,217,51,16,648,67,17,625,82,19,Finisher,3323
Keelin,Nixon,Keelin Nixon,646,F18-24,Female,Lantzville,BC,Canada,CA,1:29:07,5:51:37,4:01:24,0:04:24,0:02:50,11:29:22,5347,21097,14484,264,170,41362,626,83,4,1536,359,32,958,138,9,626,83,4,Finisher,4664
Gregory,Wilkie,Gregory Wilkie,1171,M40-44,Male,Halifax,NS,Canada,CA,1:16:03,5:32:54,4:27:43,0:05:07,0:07:37,11:29:23,4563,19974,16063,307,457,41363,627,544,78,559,443,50,468,432,66,627,544,78,Finisher,1000
Colin,Stewart,Colin Stewart,463,M40-44,Male,Okotoks,AB,Canada,CA,1:15:51,5:33:05,4:25:02,0:07:07,0:08:20,11:29:25,4551,19985,15902,427,500,41365,628,545,79,544,429,47,497,459,67,628,545,79,Finisher,3290
Lucas,Heafner,Lucas Heafner,2524,M18-24,Male,Castle Rock,CO,United States,US,1:24:18,5:20:18,4:36:29,0:04:45,0:03:58,11:29:48,5058,19218,16589,285,238,41388,629,546,77,1191,921,128,404,375,50,629,546,77,Finisher,1000
Todd,Brown,Todd Brown,1922,M50-54,Male,Kitchener,ON,Canada,CA,1:30:56,5:46:19,3:56:39,0:06:18,0:09:43,11:29:54,5456,20779,14199,378,583,41394,630,547,47,1644,1260,131,926,794,83,630,547,47,Finisher,1000
Haley,Sturrock,Haley Sturrock,944,F25-29,Female,Toronto,ON,Canada,CA,1:06:04,5:47:18,4:25:16,0:05:35,0:05:48,11:30:01,3964,20838,15916,335,348,41401,631,84,20,98,23,8,549,47,13,631,84,20,Finisher,1000
Samuel,Armstrong ,Samuel Armstrong,1975,M40-44,Male,Saint-Lambert,QC,Canada,CA,1:17:27,5:41:51,4:18:16,0:05:23,0:07:04,11:30:02,4647,20511,15496,323,424,41402,632,548,80,662,520,57,646,580,80,632,548,80,Finisher,3283
Aidan,Richardson,Aidan Richardson,1245,M25-29,Male,Niagara Falls,Ontario,Canada,CA,1:12:27,5:49:32,4:15:24,0:06:56,0:05:45,11:30:03,4347,20972,15324,416,345,41403,633,549,106,342,267,54,702,625,112,633,549,106,Finisher,1000
Pascal,Lallemand,Pascal Lallemand,174,M55-59,Male,Aix en Provence,AB,France,FR,1:19:30,5:47:17,4:15:37,0:05:07,0:02:55,11:30:25,4770,20837,15337,307,175,41425,634,550,22,807,630,39,746,661,39,634,550,22,Finisher,1000
Ethan,Glaeser,Ethan Glaeser,749,M18-24,Male,Birmingham,Michigan,United States,US,1:12:44,5:30:54,4:32:20,0:06:35,0:07:52,11:30:25,4364,19854,16340,395,472,41425,635,551,78,362,284,45,416,386,52,635,551,78,Finisher,1000
Richelle,Weeks,Richelle Weeks,1399,F40-44,Female,Ottawa,Ontario,Canada,CA,1:14:27,6:10:46,3:52:00,0:06:45,0:06:29,11:30:27,4467,22246,13920,405,389,41427,636,85,10,453,95,11,1077,173,19,636,85,10,Finisher,3986
Logan,Beaudoin,Logan Beaudoin,2474,M30-34,Male,Arlington,MA,Canada,CA,1:22:50,5:50:33,4:06:48,0:05:37,0:04:41,11:30:29,4970,21033,14808,337,281,41429,637,552,85,1052,811,124,853,743,110,637,552,85,Finisher,1000
Tom,Pulham,Tom Pulham,849,M50-54,,Washington,DC,United States,US,1:18:30,5:54:42,4:02:03,0:07:18,0:08:00,11:30:33,4710,21282,14523,438,480,41433,638,553,48,740,576,58,877,760,81,638,553,48,Finisher,3389
Danial,Taggart,Danial Taggart,912,M35-39,Male,Ottawa,ON,Canada,CA,1:21:26,5:31:53,4:22:27,0:07:08,0:07:43,11:30:38,4886,19913,15747,428,463,41438,639,554,80,943,736,94,573,522,74,639,554,80,Finisher,1000
Zander,Hartsuff,Zander Hartsuff,1675,M18-24,Male,Grand Rapids,MI,United States,US,1:04:14,5:38:10,4:37:22,0:04:55,0:06:08,11:30:50,3854,20290,16642,295,368,41450,640,555,79,67,49,10,386,359,48,640,555,79,Finisher,1000
Alexander,Tarnowski,Alexander Tarnowski,955,M30-34,Male,Casselman,ON,Canada,CA,1:14:52,5:47:36,4:13:32,0:07:07,0:07:46,11:30:52,4492,20856,15212,427,466,41452,641,556,86,481,379,58,709,630,88,641,556,86,Finisher,1000
Bekkah,Bond Phelps,Bekkah Bond Phelps,364,F30-34,Female,Plattsburgh,NY,United States,US,1:25:06,6:05:46,3:52:07,0:04:14,0:03:41,11:30:54,5106,21946,13927,254,221,41454,642,86,17,1262,287,45,1127,184,32,642,86,17,Finisher,3864
Anthony,Gicquel,Anthony Gicquel,2320,M30-34,Male,Montréal,QC,Canada,CA,1:25:38,5:46:47,4:00:24,0:06:06,0:12:02,11:30:57,5138,20807,14424,366,722,41457,643,557,87,1296,1003,160,846,737,109,643,557,87,Finisher,1000
Sydney,Choquette,Sydney Choquette,2101,F25-29,Female,Sainte-Thérèse,QC,Canada,CA,1:15:05,5:56:09,4:12:02,0:04:34,0:03:18,11:31:09,4505,21369,15122,274,198,41469,644,87,21,500,107,26,806,99,23,644,87,21,Finisher,3300
Adam,Lidam,Adam Lidam,1742,M18-24,Male,Québec,QC,Canada,CA,1:27:41,5:36:48,4:14:24,0:05:34,0:06:46,11:31:13,5261,20208,15264,334,406,41473,645,558,80,1442,1110,147,719,639,80,645,558,80,Finisher,1000
Julien,Lies,Julien Lies,2016,M30-34,Male,Montréal,Quebec,Canada,CA,1:23:49,5:55:58,3:54:17,0:09:08,0:08:07,11:31:20,5029,21358,14057,548,487,41480,646,559,88,1154,890,137,1025,867,126,646,559,88,Finisher,1000
ODRY,Boris,ODRY Boris,1628,M50-54,Male,Fort-de-France,Martinique,Martinique,MQ,1:25:03,5:33:40,4:23:09,0:04:54,0:04:37,11:31:24,5103,20020,15789,294,277,41484,647,560,49,1256,972,97,628,566,60,647,560,49,Finisher,3379
Mark,Davies,Mark Davies,205,M40-44,Male,Burlington,ON,Canada,CA,1:16:55,5:24:59,4:42:27,0:04:47,0:02:19,11:31:26,4615,19499,16947,287,139,41486,648,561,81,611,484,54,378,352,53,648,561,81,Finisher,1000
Heidi,Akot,Heidi Akot,2226,F18-24,Female,Toronto,ON,Canada,CA,1:05:09,5:29:31,4:48:05,0:04:24,0:04:31,11:31:40,3909,19771,17285,264,271,41500,649,88,5,78,20,1,293,17,1,649,88,5,Finisher,4636
Firmin,Hendrick,Firmin Hendrick,2623,M35-39,Male,Montreal,QC,Canada,CA,1:13:57,5:51:38,4:13:15,0:06:13,0:06:41,11:31:43,4437,21098,15195,373,401,41503,650,562,81,432,345,48,744,659,91,650,562,81,Finisher,2943
Bradley,Coates,Bradley Coates,1116,M45-49,Male,Ottawa,ON,Canada,CA,1:15:35,5:49:38,4:10:50,0:07:40,0:08:13,11:31:55,4535,20978,15050,460,493,41515,651,563,44,531,421,32,764,674,59,651,563,44,Finisher,1000
Samuël,Moreau,Samuël Moreau,194,M35-39,Male,Princeville,QC,Canada,CA,1:22:12,5:34:47,4:18:03,0:09:45,0:07:08,11:31:56,4932,20087,15483,585,428,41516,652,564,82,1000,777,100,678,607,83,652,564,82,Finisher,2940
Christian,Gosselin,Christian Gosselin,1760,M50-54,Male,Beaconsfield,QC,Canada,CA,1:13:00,5:04:00,5:02:45,0:05:24,0:07:01,11:32:09,4380,18240,18165,324,421,41529,653,565,50,377,299,26,165,158,12,653,565,50,Finisher,1000
Jackson,Scott,Jackson Scott,1864,M25-29,Male,Toronto,ON,Canada,CA,1:11:30,5:24:34,4:41:59,0:07:32,0:06:34,11:32:10,4290,19474,16919,452,394,41530,654,566,107,295,230,50,342,321,59,654,566,107,Finisher,1000
Jonathan,Dingle,Jonathan Dingle,2102,M50-54,Male,Dundas,ON,Canada,CA,1:12:50,5:49:12,4:20:36,0:04:23,0:05:15,11:32:16,4370,20952,15636,263,315,41536,655,567,51,371,293,25,673,602,64,655,567,51,Finisher,3369
Benoit,Labreche,Benoit Labreche,2380,M55-59,Male,Rawdon,QC,Canada,CA,1:36:14,5:43:49,4:02:52,0:04:07,0:05:15,11:32:18,5774,20629,14572,247,315,41538,656,568,23,1912,1453,105,940,804,49,656,568,23,Finisher,3422
Juergen,Kroeber,Juergen Kroeber,1112,M50-54,Male,Schwaikheim,BW,Germany,DE,1:30:41,5:22:20,4:29:43,0:04:50,0:05:23,11:32:56,5441,19340,16183,290,323,41576,657,569,52,1629,1249,130,529,485,50,657,569,52,Finisher,3361
Bruno,Carbonari,Bruno Carbonari,1405,M40-44,Male,Toronto,ON,Brazil,BR,1:27:47,5:45:31,4:11:35,0:04:44,0:03:24,11:33:01,5267,20731,15095,284,204,41581,658,570,82,1450,1115,126,837,729,99,658,570,82,Finisher,1000
Benjamin,De Villena,Benjamin De Villena,1614,M35-39,Male,Toronto,ON,Canada,CA,1:32:57,5:28:05,4:19:05,0:05:42,0:07:14,11:33:04,5577,19685,15545,342,434,41584,659,571,83,1751,1334,156,677,606,82,659,571,83,Finisher,1000
Jean-François,Grenier,Jean-François Grenier,2605,M30-34,Male,Brossard,QC,Canada,CA,1:23:19,5:52:36,3:54:45,0:09:59,0:12:41,11:33:22,4999,21156,14085,599,761,41602,660,572,89,1098,849,130,970,829,120,660,572,89,Finisher,2959
emily,prashaw,emily prashaw,1110,F40-44,Female,Collingwood,Ontario,Canada,CA,1:25:15,5:45:43,4:09:20,0:06:41,0:06:40,11:33:39,5115,20743,14960,401,400,41619,661,89,11,1274,289,33,835,108,18,661,89,11,Finisher,1000
Gabriel,Noriega de la Colina,Gabriel Noriega de la Colina,2306,M25-29,Male,Montréal,QC,Peru,PE,0:58:54,5:48:15,4:32:27,0:07:05,0:07:12,11:33:53,3534,20895,16347,425,432,41633,662,573,108,17,16,6,469,433,79,662,573,108,Finisher,2893
Francis,Lavigne,Francis Lavigne,2222,M40-44,Male,Terrebonne,QC,Canada,CA,1:28:12,5:45:11,4:04:38,0:08:44,0:07:09,11:33:54,5292,20711,14678,524,429,41634,663,574,83,1476,1133,131,898,775,108,663,574,83,Finisher,1000
Christopher,Tubale,Christopher Tubale,567,M45-49,Male,Toronto,ON,Canada,CA,1:22:57,5:53:14,4:05:36,0:06:15,0:05:57,11:33:59,4977,21194,14736,375,357,41639,664,575,45,1064,823,71,904,780,69,664,575,45,Finisher,1000
Maxim,Pinault,Maxim Pinault,1727,F18-24,Female,Lévis,QC,Canada,CA,1:24:36,5:48:45,4:05:55,0:08:59,0:05:47,11:34:02,5076,20925,14755,539,347,41642,665,90,6,1222,277,23,902,124,7,665,90,6,Finisher,1000
Vincent,Couturier,Vincent Couturier,2471,M30-34,Male,Prévost,QC,Canada,CA,1:22:25,5:37:52,4:19:05,0:08:10,0:06:35,11:34:06,4945,20272,15545,490,395,41646,666,576,90,1018,790,121,698,622,86,666,576,90,Finisher,1000
Theresa,Halliday,Theresa Halliday,1286,F50-54,Female,Halifax,NS,Canada,CA,1:08:19,5:41:43,4:33:11,0:06:40,0:04:24,11:34:17,4099,20503,16391,400,264,41657,667,91,7,164,36,2,509,41,2,667,91,7,Finisher,4565
Thomas,Cere,Thomas Cere,613,M25-29,Male,Victoriaville,QC,Canada,CA,1:18:04,5:44:45,4:23:23,0:04:52,0:03:26,11:34:29,4684,20685,15803,292,206,41669,668,577,109,708,553,97,692,617,110,668,577,109,Finisher,2886
alex,cormier,alex cormier,712,M25-29,Male,Sept-Îles,Quebec,Canada,CA,1:26:39,5:43:51,4:10:15,0:08:13,0:05:38,11:34:37,5199,20631,15015,493,338,41677,669,578,110,1365,1055,178,849,739,130,669,578,110,Finisher,2884
Gonzalo,Cordova Molina,Gonzalo Cordova Molina,1371,M45-49,Male,Marietta,GA,United States,US,1:19:37,5:35:35,4:29:11,0:04:37,0:05:58,11:34:59,4777,20135,16151,277,358,41699,670,579,46,817,639,54,562,514,45,670,579,46,Finisher,3288
Claudia,Angers,Claudia Angers,1983,F50-54,Female,Victoriaville,QC,Canada,CA,1:21:44,5:59:28,4:00:13,0:06:55,0:06:57,11:35:16,4904,21568,14413,415,417,41716,671,92,8,967,216,20,1007,151,16,671,92,8,Finisher,4553
Mohamed,Benmouffok,Mohamed Benmouffok,1249,M45-49,Male,Ottawa,ON,Canada,CA,1:32:11,5:31:38,4:14:16,0:07:30,0:09:44,11:35:19,5531,19898,15256,450,584,41719,672,580,47,1716,1309,119,740,656,57,672,580,47,Finisher,3284
Chrystina,Perreault,Chrystina Perreault,1784,F25-29,Female,Lévis,QC,Canada,CA,1:23:11,5:56:21,4:02:08,0:08:01,0:05:39,11:35:20,4991,21381,14528,481,339,41720,673,93,22,1084,246,57,996,148,31,673,93,22,Finisher,1000
Sarah,Leskosky,Sarah Leskosky,980,F45-49,Female,drums,PA,United States,US,1:22:35,5:32:32,4:27:36,0:05:49,0:06:58,11:35:29,4955,19952,16056,349,418,41729,674,94,15,1031,233,31,578,52,12,674,94,15,Finisher,3764
William,Cunningham,William Cunningham,1346,M45-49,Male,Petawawa,ON,Canada,CA,1:19:25,5:32:00,4:29:29,0:08:40,0:06:00,11:35:34,4765,19920,16169,520,360,41734,675,581,48,799,626,50,566,517,46,675,581,48,Finisher,3281
Spencer,Brooks-Allemann,Spencer Brooks-Allemann,1460,M30-34,Male,Nepean,Ontario,Canada,CA,1:24:02,5:42:16,4:17:47,0:06:25,0:05:06,11:35:36,5042,20536,15467,385,306,41736,676,582,91,1167,901,140,762,673,97,676,582,91,Finisher,1000
Jean-Nicholas,Roy,Jean-Nicholas Roy,1193,M25-29,Male,Notre-Dame-des-Pins,Qc,Canada,CA,1:14:55,5:53:44,4:13:27,0:05:59,0:07:31,11:35:36,4495,21224,15207,359,451,41736,677,583,111,488,384,73,788,692,124,677,583,111,Finisher,1000
Jerome,Lefrancois,Jerome Lefrancois,1918,M25-29,Male,Quebec,QC,Canada,CA,1:25:12,5:26:12,4:27:40,0:07:31,0:09:07,11:35:42,5112,19572,16060,451,547,41742,678,584,112,1270,982,168,548,502,94,678,584,112,Finisher,1000
Mathis,Bélanger,Mathis Bélanger,2154,M18-24,Male,Lac beauport,Quebec,Canada,CA,1:16:03,5:59:49,4:09:30,0:07:09,0:03:23,11:35:53,4563,21589,14970,429,203,41753,679,585,81,560,444,71,914,786,101,679,585,81,Finisher,1000
Slavi,Krastanov,Slavi Krastanov,1871,M45-49,Male,Aldie,US-VA,United States,US,1:36:41,5:29:34,4:14:38,0:08:42,0:06:27,11:36:02,5801,19774,15278,522,387,41762,680,586,49,1937,1469,140,794,698,62,680,586,49,Finisher,3275
Blair ,Delean ,Blair Delean,1657,M35-39,Male,FALLS CHURCH,VA,United States,US,1:24:07,5:33:39,4:16:50,0:12:07,0:09:20,11:36:03,5047,20019,15410,727,560,41763,681,587,84,1176,908,110,715,635,88,681,587,84,Finisher,2891
Marc-André,Daoust,Marc-André Daoust,2266,M50-54,Male,Terrebonne,QC,Canada,CA,1:19:09,5:28:22,4:36:44,0:06:24,0:05:25,11:36:05,4749,19702,16604,384,325,41765,682,588,53,784,614,62,465,429,44,682,588,53,Finisher,3323
François-Xavier,Groulx,François-Xavier Groulx,2158,M18-24,Male,Montréal,QC,Canada,CA,1:27:11,5:52:48,4:05:42,0:05:41,0:04:44,11:36:05,5231,21168,14742,341,284,41765,683,589,82,1396,1072,143,967,827,106,683,589,82,Finisher,1000
Don,Hills,Don Hills,2570,M50-54,Male,London,ON,Canada,CA,1:06:06,5:51:18,4:27:30,0:05:26,0:05:51,11:36:11,3966,21078,16050,326,351,41771,684,590,54,99,76,11,609,549,58,684,590,54,Finisher,1000
Ethan,Piercey,Ethan Piercey,1124,M25-29,Male,Oakville,ON,Canada,CA,1:02:20,5:54:56,4:25:14,0:06:19,0:07:23,11:36:12,3740,21296,15914,379,443,41772,685,591,113,36,29,10,625,564,103,685,591,113,Finisher,1000
Benjamin,Filliol,Benjamin Filliol,1016,M35-39,Male,Ottawa,ONTARIO,Canada,CA,1:11:42,5:55:01,4:17:38,0:05:38,0:06:20,11:36:19,4302,21301,15458,338,380,41779,686,592,85,305,239,30,757,669,92,686,592,85,Finisher,1000
Braxton,Byrer,Braxton Byrer,1559,M18-24,Male,Winona Lake,IN,United States,US,1:08:57,5:36:00,4:39:05,0:08:07,0:04:26,11:36:35,4137,20160,16745,487,266,41795,687,593,83,196,149,27,452,417,57,687,593,83,Finisher,1000
Stephane,Hebert,Stephane Hebert,1130,M50-54,Male,Laval,QC,Canada,CA,1:20:23,5:14:32,4:40:59,0:09:50,0:11:01,11:36:44,4823,18872,16859,590,661,41804,688,594,55,867,678,66,354,330,34,688,594,55,Finisher,1000
Leah,Macfarlane,Leah Macfarlane,1070,F25-29,Female,Victoria,BC,Canada,CA,1:25:24,5:59:45,3:57:08,0:06:05,0:08:27,11:36:50,5124,21585,14228,365,507,41810,689,95,23,1282,290,63,1066,168,38,689,95,23,Finisher,3232
Luca,Bédard,Luca Bédard,611,M18-24,Male,Grenville,QC,Canada,CA,1:26:15,5:55:32,3:53:40,0:07:35,0:13:52,11:36:54,5175,21332,14020,455,832,41814,690,595,84,1334,1035,141,1033,873,112,690,595,84,Finisher,2719
Alexis,Paris,Alexis Paris,652,M18-24,Male,Saint-Jérôme,Quebec,Canada,CA,1:17:08,5:22:56,4:47:51,0:05:38,0:03:42,11:37:14,4628,19376,17271,338,222,41834,691,596,85,635,502,81,368,343,43,691,596,85,Finisher,1000
Christian,Lloyd-Kohls,Christian Lloyd-Kohls,723,M45-49,Male,Orleans,Ontario,Canada,CA,1:25:26,5:46:06,4:13:03,0:07:29,0:05:11,11:37:14,5126,20766,15183,449,311,41834,692,597,50,1284,994,86,854,744,64,692,597,50,Finisher,3261
Charles-Émile,Leblanc,Charles-Émile Leblanc,2521,M18-24,Male,Saint-Jean-sur-Richelieu,Quebec,Canada,CA,1:12:57,5:45:17,4:24:43,0:05:50,0:08:28,11:37:15,4377,20717,15883,350,508,41835,693,598,86,376,298,49,634,571,74,693,598,86,Finisher,1000
Indra,Haslam,Indra Haslam,243,F45-49,Female,Glen Rock,NJ,Australia,AU,1:31:12,5:49:22,4:03:35,0:08:24,0:04:46,11:37:19,5472,20962,14615,504,286,41839,694,96,16,1658,388,50,1026,159,28,694,96,16,Finisher,3742
Gali,Bar-Ziv,Gali Bar-Ziv,1528,M50-54,Male,Toronto,ON,Canada,CA,1:14:55,5:31:48,4:34:47,0:07:44,0:08:06,11:37:21,4495,19908,16487,464,486,41841,695,599,56,487,383,37,473,437,46,695,599,56,Finisher,1000
Eric,Gobiel,Eric Gobiel,563,M40-44,Male,Sturbridge,MA,United States,US,1:30:49,5:51:34,3:53:13,0:13:05,0:08:49,11:37:30,5449,21094,13993,785,529,41850,696,600,84,1635,1254,144,1134,947,126,696,600,84,Finisher,3193
Sasha,Singer,Sasha Singer,2030,M18-24,Male,Montréal,Quebec,Canada,CA,1:18:46,5:52:05,4:06:10,0:12:14,0:08:32,11:37:48,4726,21125,14770,734,512,41868,697,601,87,759,594,92,917,788,102,697,601,87,Finisher,1000
Martin,Courtenay,Martin Courtenay,938,M60-64,Male,Kelowna,BC,Canada,CA,1:20:16,5:13:33,4:52:40,0:04:47,0:06:41,11:37:56,4816,18813,17560,287,401,41876,698,602,10,854,669,20,285,271,5,698,602,10,Finisher,4014
Miguel,Garzon,Miguel Garzon,1427,M40-44,Male,GATINEAU,QC,Canada,CA,1:26:03,5:45:17,4:12:07,0:07:56,0:06:51,11:38:15,5163,20717,15127,476,411,41895,699,603,85,1323,1025,113,859,749,101,699,603,85,Finisher,1000
Jen,Groleau,Jen Groleau,241,F40-44,Female,Ottawa,ON,Canada,CA,1:21:16,5:35:37,4:32:17,0:04:24,0:04:42,11:38:16,4876,20137,16337,264,282,41896,700,97,12,927,200,21,587,53,9,700,97,12,Finisher,3893
Gustavo,Quevedo,Gustavo Quevedo,2470,M45-49,Male,Blainville,QC,Canada,CA,1:23:12,5:44:43,4:17:29,0:06:15,0:06:44,11:38:22,4992,20683,15449,375,404,41902,701,604,51,1086,840,73,785,689,61,701,604,51,Finisher,1000
Michael,Kier,Michael Kier,1718,M18-24,Male,Mountlake Terrace,WA,United States,US,1:12:06,5:48:47,4:23:48,0:08:07,0:05:51,11:38:40,4326,20927,15828,487,351,41920,702,605,88,319,250,40,705,628,78,702,605,88,Finisher,2698
Keven,Hernandez,Keven Hernandez,2022,M35-39,Male,Terrebonne,QC,Canada,CA,1:21:51,6:04:29,3:56:03,0:09:01,0:07:23,11:38:48,4911,21869,14163,541,443,41928,703,606,86,977,760,97,1133,946,123,703,606,86,Finisher,1000
Rami,Habib,Rami Habib,2116,M25-29,Male,Montreal,Quebec,Canada,CA,1:14:46,6:23:03,3:45:40,0:08:43,0:06:44,11:38:56,4486,22983,13540,523,404,41936,704,607,114,475,375,71,1321,1083,174,704,607,114,Finisher,1000
William,Trudel,William Trudel,1684,M25-29,Male,Ville de Québec,QC,Canada,CA,1:18:30,5:25:49,4:40:58,0:07:22,0:06:29,11:39:08,4710,19549,16858,442,389,41948,705,608,115,742,577,99,439,405,74,705,608,115,Finisher,1000
Jeramy,Rugg,Jeramy Rugg,152,M40-44,Male,Ottawa,ON,Canada,CA,1:19:41,5:11:24,4:48:48,0:08:04,0:11:20,11:39:16,4781,18684,17328,484,680,41956,706,609,86,821,642,72,294,277,38,706,609,86,Finisher,1000
Micah,Black,Micah Black,263,M25-29,Male,Ottawa,ON,Canada,CA,1:14:13,4:38:34,5:32:22,0:04:14,0:10:01,11:39:24,4453,16714,19942,254,601,41964,707,610,116,442,352,66,46,45,10,707,610,116,Finisher,2827
Brent,Pilon,Brent Pilon,1345,M50-54,Male,Ottawa,ON,Canada,CA,1:18:40,5:44:30,4:20:52,0:07:33,0:07:54,11:39:29,4720,20670,15652,453,474,41969,708,611,57,752,587,59,734,651,69,708,611,57,Finisher,1000
Laurent,Dubé,Laurent Dubé,1381,M25-29,Male,Boisbriand,QC,Canada,CA,1:21:39,5:58:47,4:06:53,0:05:48,0:06:28,11:39:34,4899,21527,14813,348,388,41974,709,612,117,958,746,132,974,831,145,709,612,117,Finisher,1000
Christina,Chirke,Christina Chirke,1048,F40-44,Female,Toronto,Ontario,Canada,CA,1:08:31,6:01:54,4:17:19,0:05:13,0:06:45,11:39:41,4111,21714,15439,313,405,41981,710,98,13,172,39,2,800,98,17,710,98,13,Finisher,1000
Myriam,Lévesque,Myriam Lévesque,2172,F25-29,Female,St-paul,QC,Canada,CA,1:31:31,5:31:21,4:26:55,0:05:13,0:04:48,11:39:48,5491,19881,16015,313,288,41988,711,99,24,1677,397,77,693,76,19,711,99,24,Finisher,3197
Gregory,Hillion,Gregory Hillion,2354,M40-44,Male,West Bloomfield Township,MI,France,FR,1:22:59,5:55:50,4:08:48,0:06:04,0:06:15,11:39:56,4979,21350,14928,364,375,41996,712,613,87,1065,824,94,950,814,110,712,613,87,Finisher,3164
Ridvan,Song,Ridvan Song,2241,M25-29,Male,Toronto,ON,Canada,CA,1:55:03,5:44:31,3:45:09,0:08:55,0:06:51,11:40:29,6903,20671,13509,535,411,42029,713,614,118,2237,1664,251,1353,1102,180,713,614,118,Finisher,2814
Nicholas,Rafael,Nicholas Rafael,2513,M35-39,Male,Laval,QC,Canada,CA,1:24:39,5:14:25,4:49:52,0:05:53,0:05:45,11:40:33,5079,18865,17392,353,345,42033,714,615,87,1227,949,118,356,332,51,714,615,87,Finisher,2837
Bradley,Martire,Bradley Martire,661,M25-29,Male,Halifax,Nova Scotia,Canada,CA,1:25:44,6:04:29,3:56:39,0:08:50,0:05:19,11:41:01,5144,21869,14199,530,319,42061,715,616,119,1303,1009,173,1190,987,161,715,616,119,Finisher,1000
Mathew,Nicholas,Mathew Nicholas,1757,M35-39,Male,Edmonton,ALBERTA,Canada,CA,1:16:03,6:00:32,4:10:12,0:07:36,0:06:49,11:41:11,4563,21632,15012,456,409,42071,716,617,88,558,442,59,941,805,103,716,617,88,Finisher,2829
Mathis,Riel,Mathis Riel,1729,M18-24,Male,Gatineau,QC,Canada,CA,1:17:59,5:25:25,4:37:50,0:11:43,0:08:34,11:41:31,4679,19525,16670,703,514,42091,717,618,89,701,549,87,481,445,61,717,618,89,Finisher,1000
Tim,Stewart,Tim Stewart,1065,M50-54,Male,Toronto,Ontario,Canada,CA,1:06:12,5:51:59,4:32:47,0:05:04,0:05:32,11:41:33,3972,21119,16367,304,332,42093,718,619,58,104,81,12,616,556,59,718,619,58,Finisher,3257
Brad,Bissonnette,Brad Bissonnette,529,M50-54,Male,Surrey,BC,Canada,CA,1:35:42,5:49:18,4:04:52,0:05:35,0:06:09,11:41:35,5742,20958,14692,335,369,42095,719,620,59,1892,1438,155,1054,890,92,719,620,59,Finisher,3257
Connor,Byrne,Connor Byrne,2516,M30-34,Male,Toronto,ON,Canada,CA,1:22:33,5:43:59,4:19:46,0:08:22,0:07:05,11:41:45,4953,20639,15586,502,425,42105,720,621,92,1028,796,122,791,695,101,720,621,92,Finisher,1000
Rowan,Rockley,Rowan Rockley,819,M25-29,Male,Toronto,ON,Canada,CA,1:21:00,5:29:38,4:35:16,0:06:36,0:09:17,11:41:48,4860,19778,16516,396,557,42108,721,622,120,911,718,126,517,476,90,721,622,120,Finisher,1000
Robert,Welsford,Robert Welsford,486,M50-54,Male,Pickering,ON,Canada,CA,1:22:27,5:36:42,4:30:37,0:05:26,0:06:38,11:41:51,4947,20202,16237,326,398,42111,722,623,60,1022,793,79,643,577,61,722,623,60,Finisher,3254
Noel,Belcourt,Noel Belcourt,2622,M50-54,Male,Kitchener,ON,Canada,CA,1:34:48,5:42:34,4:10:25,0:08:31,0:05:38,11:41:56,5688,20554,15025,511,338,42116,723,624,61,1858,1413,152,968,828,87,723,624,61,Finisher,1000
Nick,Fidler,Nick Fidler,1429,M45-49,Male,Ottawa,ON,Canada,CA,1:29:44,5:35:04,4:27:32,0:05:18,0:04:21,11:41:58,5384,20104,16052,318,261,42118,724,625,52,1575,1206,109,722,642,56,724,625,52,Finisher,1000
Carl Desjardins,Desjardins,Carl Desjardins Desjardins,1987,M60-64,Male,Dollard-des-Ormeaux,QC,Canada,CA,1:17:56,5:36:30,4:36:06,0:05:51,0:05:43,11:42:06,4676,20190,16566,351,343,42126,725,626,11,694,544,16,568,519,15,725,626,11,Finisher,1000
Jordan,Schimke,Jordan Schimke,841,M30-34,Male,Ottawa,ON,Canada,CA,1:23:39,5:54:26,4:12:37,0:05:57,0:05:31,11:42:11,5019,21266,15157,357,331,42131,726,627,93,1136,879,133,937,802,116,726,627,93,Finisher,1000
Costin,Antonescu,Costin Antonescu,2503,M45-49,Male,Mississauga,ON,Canada,CA,1:10:22,6:08:56,4:05:44,0:09:54,0:07:17,11:42:13,4222,22136,14744,594,437,42133,727,628,53,250,191,11,1029,870,79,727,628,53,Finisher,3201
Jihwan,Kim,Jihwan Kim,1712,M25-29,Male,Ottawa,ON,Canada,CA,1:21:18,5:48:15,4:18:00,0:07:55,0:06:56,11:42:23,4878,20895,15480,475,416,42143,728,629,121,931,730,128,833,727,127,728,629,121,Finisher,1000
Wesley,Taylor,Wesley Taylor,1688,M30-34,Male,Victoria,British Columbia,Canada,CA,1:07:53,5:45:42,4:35:24,0:07:37,0:05:47,11:42:23,4073,20742,16524,457,347,42143,729,630,94,154,121,22,583,531,71,729,630,94,Finisher,1000
Emily,Bevington,Emily Bevington,2097,F18-24,Female,Ottawa,ON,Canada,CA,1:05:34,5:53:06,4:30:38,0:05:44,0:07:37,11:42:40,3934,21186,16238,344,457,42160,730,100,7,87,22,2,640,65,4,730,100,7,Finisher,4504
Eric,Howieson,Eric Howieson,447,M35-39,Male,Cumberland,ON,Canada,CA,1:21:26,5:22:39,4:39:26,0:07:59,0:11:17,11:42:47,4886,19359,16766,479,677,42167,731,631,89,944,737,95,442,408,57,731,631,89,Finisher,1000
Jesse,Jodoin,Jesse Jodoin,455,M50-54,Male,Gatineau,Quebec,Canada,CA,1:03:32,5:55:08,4:31:02,0:06:03,0:07:09,11:42:54,3812,21308,16262,363,429,42174,732,632,62,54,42,5,647,581,62,732,632,62,Finisher,3241
Alex,Sauvageau,Alex Sauvageau,2169,M30-34,Male,Montréal,QC,Canada,CA,1:10:16,5:40:51,4:36:12,0:07:05,0:08:43,11:43:07,4216,20451,16572,425,523,42187,733,633,95,242,185,29,532,487,65,733,633,95,Finisher,1000
Jennifer,Gallupe,Jennifer Gallupe,1768,F40-44,Female,Dundas,ON,Canada,CA,1:24:37,5:42:38,4:26:32,0:05:56,0:03:30,11:43:14,5077,20558,15992,356,210,42194,734,101,14,1223,278,29,768,91,16,734,101,14,Finisher,1000
Mitchell,Schofield,Mitchell Schofield,1687,M40-44,Male,Revelstoke,BC,Australia,AU,1:20:40,6:23:48,3:49:45,0:05:52,0:03:12,11:43:15,4840,23028,13785,352,192,42195,735,634,88,887,694,79,1379,1117,147,735,634,88,Finisher,1000
Kurt,Potter ,Kurt Potter,637,M25-29,Male,Stony Plain,Alberta,Canada,CA,1:18:31,5:36:53,4:31:11,0:08:51,0:07:52,11:43:18,4711,20213,16271,531,472,42198,736,635,122,744,579,100,636,573,106,736,635,122,Finisher,1000
David,Morais,David Morais,2058,M30-34,Male,Guelph,ON,Canada,CA,1:25:47,5:53:53,4:10:08,0:07:14,0:06:17,11:43:19,5147,21233,15008,434,377,42199,737,636,96,1306,1011,162,987,843,123,737,636,96,Finisher,1000
Christopher,Dini,Christopher Dini,2233,M25-29,Male,Québec,QC,Canada,CA,1:25:01,5:49:22,4:09:44,0:07:13,0:12:13,11:43:33,5101,20962,14984,433,733,42213,738,637,123,1253,971,167,892,771,136,738,637,123,Finisher,1000
Kevin,Beaudette,Kevin Beaudette,754,M40-44,Male,Ottawa,Ontario,Canada,CA,1:11:59,5:55:19,4:16:01,0:09:43,0:10:40,11:43:42,4319,21319,15361,583,640,42222,739,638,89,316,247,25,822,719,96,739,638,89,Finisher,3119
Stephen,Rueck,Stephen Rueck,2472,M18-24,Male,Stony Brook,New York,United States,US,1:26:14,6:03:32,4:04:36,0:05:19,0:04:17,11:43:57,5174,21812,14676,319,257,42237,740,639,90,1333,1034,140,1124,941,122,740,639,90,Finisher,2635
Nathan,Riel,Nathan Riel,1775,M25-29,Male,Mont-Tremblant,QC,Canada,CA,1:22:52,5:29:32,4:24:23,0:11:13,0:16:04,11:44:03,4972,19772,15863,673,964,42243,741,640,124,1057,816,140,627,565,104,741,640,124,Finisher,1000
Matthew,Ieraci,Matthew Ieraci,549,M30-34,Male,Westmount,CA-QC,Canada,CA,1:23:12,5:23:56,4:42:52,0:08:32,0:05:33,11:44:05,4992,19436,16972,512,333,42245,742,641,97,1085,839,128,490,454,60,742,641,97,Finisher,1000
Kailey,Webster,Kailey Webster,1538,F25-29,Female,Qualicum Beach,BRITISH COLUMBIA,Canada,CA,1:32:14,5:42:28,4:17:33,0:05:09,0:06:41,11:44:06,5534,20548,15453,309,401,42246,743,102,25,1721,409,79,867,113,24,743,102,25,Finisher,3145
John,Timan,John Timan,2252,M55-59,Male,Great Meadows,NJ,United States,US,1:19:50,5:31:49,4:39:32,0:05:22,0:07:42,11:44:15,4790,19909,16772,322,462,42255,744,642,24,826,646,41,513,472,22,744,642,24,Finisher,1000
Hardeep,Singh,Hardeep Singh,2235,M25-29,Male,Winnipeg ,MANITOBA,India,IN,1:38:26,6:07:26,3:40:06,0:10:17,0:08:14,11:44:28,5906,22046,13206,617,494,42268,745,643,125,2000,1510,238,1457,1171,192,745,643,125,Finisher,1000
Coralie,Berthiaume,Coralie Berthiaume,1902,F18-24,Female,Saint-Patrice de Beaurivage,QC,Canada,CA,1:31:22,5:54:32,4:04:24,0:08:27,0:05:47,11:44:32,5482,21272,14664,507,347,42272,746,103,8,1671,395,35,1105,179,12,746,103,8,Finisher,4482
Alexis,Dodd,Alexis Dodd,407,F18-24,Female,Calgary,AB,Canada,CA,1:08:16,6:20:29,4:06:44,0:04:48,0:04:16,11:44:32,4096,22829,14804,288,256,42272,747,104,9,161,35,3,1099,178,11,747,104,9,Finisher,4482
Jacob,Anderson,Jacob Anderson,1278,M35-39,Male,Maplewood,NJ,United States,US,1:15:26,5:43:15,4:30:49,0:06:58,0:08:06,11:44:35,4526,20595,16249,418,486,42275,748,644,90,523,414,55,667,597,81,748,644,90,Finisher,2788
Stephanie,Chouinard,Stephanie Chouinard,1942,F30-34,Female,L'Islet,QC,Canada,CA,1:31:14,5:48:35,4:11:45,0:06:47,0:06:18,11:44:40,5474,20915,15105,407,378,42280,749,105,18,1660,390,62,982,144,25,749,105,18,Finisher,1000
Michael,Downer,Michael Downer,2052,M40-44,Male,Amsterdam,,United Kingdom,GB,1:12:40,6:14:12,3:54:13,0:10:46,0:13:04,11:44:56,4360,22452,14053,646,784,42296,750,645,90,354,277,29,1170,973,130,750,645,90,Finisher,1000
Michael,Lynch,Michael Lynch,523,M60-64,Male,ANNAPOLIS,MD,United States,US,1:23:13,5:28:16,4:38:41,0:07:00,0:07:47,11:44:57,4993,19696,16721,420,467,42297,751,646,12,1087,841,32,540,495,12,751,646,12,Finisher,3930
Jordan,Spevakow,Jordan Spevakow,1006,M18-24,Male,Sydney ,New South Wales,Canada,CA,1:12:25,5:38:55,4:39:32,0:08:00,0:06:29,11:45:20,4345,20335,16772,480,389,42320,752,647,91,340,266,43,555,507,68,752,647,91,Finisher,2618
Oleksandr,Bondarenko,Oleksandr Bondarenko,2428,M45-49,Male,Montréal,QC,Canada,CA,1:21:27,6:22:49,3:51:26,0:04:05,0:05:38,11:45:24,4887,22969,13886,245,338,42324,753,648,54,945,738,61,1348,1099,107,753,648,54,Finisher,3163
Frédéric,Ouimet,Frédéric Ouimet,834,M25-29,Male,Saint-Sauveur,QC,Canada,CA,1:24:49,5:39:55,4:31:18,0:05:08,0:04:28,11:45:38,5089,20395,16278,308,268,42338,754,649,126,1237,958,166,714,634,114,754,649,126,Finisher,1000
Abby,Copeland,Abby Copeland,821,F25-29,Female,Toronto,ON,Canada,CA,1:29:32,5:53:26,4:10:02,0:06:29,0:06:19,11:45:48,5372,21206,15002,389,379,42348,755,106,26,1564,365,72,1037,161,34,755,106,26,Finisher,3125
Patrick,Raymond,Patrick Raymond,2080,M55-59,Male,Granby,QC,Canada,CA,1:21:57,5:27:43,4:40:56,0:07:12,0:08:06,11:45:54,4917,19663,16856,432,486,42354,756,650,25,987,766,47,512,471,21,756,650,25,Finisher,1000
Matthew ,Maccharles,Matthew Maccharles,1020,M45-49,Male,Toronto,Ontario,Canada,CA,1:15:14,5:59:18,4:16:36,0:07:23,0:07:33,11:46:03,4514,21558,15396,443,453,42363,757,651,55,506,399,30,896,773,67,757,651,55,Finisher,1000
Erik,Shantz,Erik Shantz,751,M35-39,Male,Ottawa,ON,Canada,CA,1:19:58,5:52:52,4:20:41,0:06:11,0:06:22,11:46:03,4798,21172,15641,371,382,42363,758,652,91,832,651,87,855,745,98,758,652,91,Finisher,2771
Jad,Joulji,Jad Joulji,402,M35-39,Male,Toronto,ON,Canada,CA,1:27:14,5:41:10,4:17:44,0:11:37,0:08:21,11:46:05,5234,20470,15464,697,501,42365,759,653,92,1406,1079,130,869,755,99,759,653,92,Finisher,1000
Jean-Philippe,Gagnon,Jean-Philippe Gagnon,1204,M35-39,Male,Montreal,QC,Canada,CA,1:15:29,5:58:35,4:21:21,0:04:22,0:06:25,11:46:13,4529,21515,15681,262,385,42373,760,654,93,525,416,56,843,734,97,760,654,93,Finisher,2769
Todd,Houston,Todd Houston,465,M50-54,Male,Calgary,AB,Canada,CA,1:10:09,5:53:52,4:32:34,0:04:10,0:05:30,11:46:15,4209,21232,16354,250,330,42375,761,655,63,237,180,21,694,618,66,761,655,63,Finisher,3201
Melvin,Pangan,Melvin Pangan,2020,M50-54,Male,Oshawa,ON,Canada,CA,1:28:54,5:46:23,4:13:44,0:09:25,0:08:02,11:46:29,5334,20783,15224,565,482,42389,762,656,64,1523,1166,120,946,810,84,762,656,64,Finisher,1000
Kevin,Maguire,Kevin Maguire,1805,M30-34,Male,Quebec,QC,Canada,CA,1:34:25,5:41:47,4:20:12,0:05:04,0:05:05,11:46:34,5665,20507,15612,304,305,42394,763,657,98,1840,1397,200,889,768,112,763,657,98,Finisher,2801
Kenneth,Tang,Kenneth Tang,489,M45-49,Male,Calgary,AB,Canada,CA,1:07:50,5:31:46,4:51:06,0:07:53,0:08:00,11:46:36,4070,19906,17466,473,480,42396,764,658,56,153,120,5,387,360,32,764,658,56,Finisher,1000
Charles-Antoine,Giguère,Charles-Antoine Giguère,2029,M30-34,Male,Val-David,QC,Canada,CA,1:16:21,5:33:18,4:44:54,0:06:10,0:06:11,11:46:53,4581,19998,17094,370,371,42413,765,659,99,575,455,70,493,457,61,765,659,99,Finisher,1000
Théo,Dubé-Gosselin,Théo Dubé-Gosselin,2346,M18-24,Male,Montréal,QC,Canada,CA,1:17:01,5:39:09,4:40:58,0:05:19,0:04:27,11:46:54,4621,20349,16858,319,267,42414,766,660,92,621,492,78,592,538,73,766,660,92,Finisher,2599
Anthony,Donatelli,Anthony Donatelli,923,M50-54,Male,lasalle,ON,Canada,CA,1:13:07,5:41:00,4:43:01,0:06:11,0:04:11,11:47:30,4387,20460,16981,371,251,42450,767,661,65,387,307,28,569,520,54,767,661,65,Finisher,1000
Manu,Desjardins,Manu Desjardins,370,M18-24,Male,Blainville,QC,Canada,CA,1:28:59,6:07:43,3:59:10,0:07:13,0:04:30,11:47:35,5339,22063,14350,433,270,42455,768,662,93,1530,1172,151,1276,1051,133,768,662,93,Finisher,2591
Line,Vaillancourt,Line Vaillancourt,1220,F45-49,Female,Lévis,QC,Canada,CA,1:14:29,5:32:16,4:51:35,0:05:45,0:04:05,11:48:11,4469,19936,17495,345,245,42491,769,107,17,456,96,14,447,35,10,769,107,17,Finisher,3612
Mohammad Hossein,Moslemi,Mohammad Hossein Moslemi,2068,M25-29,Male,London,Ontario,Iran,IR,1:28:50,6:09:00,3:56:13,0:07:30,0:06:45,11:48:18,5330,22140,14173,450,405,42498,770,663,127,1516,1161,193,1294,1063,170,770,663,127,Finisher,1000
Judy,Lane,Judy Lane,1586,F30-34,Female,Terrebonne,QC,Canada,CA,1:15:45,5:42:06,4:34:42,0:06:57,0:08:54,11:48:24,4545,20526,16482,417,534,42504,771,108,19,540,114,18,649,68,10,771,108,19,Finisher,1000
Karine,Lepage,Karine Lepage,1203,F45-49,Female,Montréal,QC,Canada,CA,1:38:40,5:41:18,4:15:35,0:06:03,0:06:48,11:48:24,5920,20478,15335,363,408,42504,772,109,18,2004,492,66,972,142,26,772,109,18,Finisher,3609
Alina,Katsev,Alina Katsev,1331,F35-39,Female,Toronto,ON,Canada,CA,1:42:53,5:38:11,4:12:41,0:06:22,0:08:19,11:48:27,6173,20291,15161,382,499,42507,773,110,14,2099,533,50,993,146,16,773,110,14,Finisher,1000
Kayin,McDonald,Kayin McDonald,1114,M18-24,Male,Ashland,Ohio,United States,US,1:19:33,6:07:07,4:11:04,0:05:45,0:04:59,11:48:28,4773,22027,15064,345,299,42508,774,664,94,811,634,96,1087,912,118,774,664,94,Finisher,1000
Paul,Janssen,Paul Janssen,1125,M30-34,Male,Hamilton,Ontario,Canada,CA,1:25:09,5:32:15,4:35:44,0:09:26,0:05:55,11:48:28,5109,19935,16544,566,355,42508,775,665,100,1265,978,155,681,609,85,775,665,100,Finisher,1000
Elizabeth ,Edwards ,Elizabeth Edwards,2458,F25-29,Female,Lancaster,Pennsylvania,United States,US,1:14:16,6:11:10,4:04:11,0:09:26,0:09:25,11:48:29,4456,22270,14651,566,565,42509,776,111,27,447,92,23,1115,181,41,776,111,27,Finisher,3092
Danica,Silvestri,Danica Silvestri,678,F25-29,Female,Franklin,TN,United States,US,1:29:35,5:55:25,4:14:09,0:05:39,0:03:42,11:48:31,5375,21325,15249,339,222,42511,777,112,28,1570,368,74,1057,165,35,777,112,28,Finisher,3092
Matthew,Pisano,Matthew Pisano,236,M40-44,Male,New York,NY,United States,US,1:37:02,5:31:39,4:22:36,0:08:31,0:08:44,11:48:33,5822,19899,15756,511,524,42513,778,666,91,1948,1476,182,828,724,97,778,666,91,Finisher,3060
Rosalie,Gaudet,Rosalie Gaudet,1954,F25-29,Female,Joliette,QC,Canada,CA,1:19:28,6:01:08,4:19:13,0:04:23,0:04:22,11:48:34,4768,21668,15553,263,262,42514,779,113,29,805,177,43,954,137,30,779,113,29,Finisher,1000
Frantisek,Crkva,Frantisek Crkva,178,M55-59,Male,Psary,CZ-20A,Czech Republic,CZ,1:16:41,5:35:02,4:45:24,0:04:48,0:06:43,11:48:38,4601,20102,17124,288,403,42518,780,667,26,597,474,28,504,465,20,780,667,26,Finisher,1000
Igor,Yakushko,Igor Yakushko,1579,M45-49,Male,Manalapan,NJ,United States,US,1:20:19,6:00:52,4:16:38,0:06:11,0:04:47,11:48:47,4819,21652,15398,371,287,42527,781,668,57,863,675,58,991,846,76,781,668,57,Finisher,1000
Michael,Scott,Michael Scott,1603,M45-49,Male,West Chester,US-PA,United States,US,1:24:41,5:43:44,4:30:40,0:05:43,0:04:22,11:49:09,5081,20624,16240,343,262,42549,782,669,58,1231,952,83,784,688,60,782,669,58,Finisher,3118
Charles,Quevillon,Charles Quevillon,372,M18-24,Male,Terrebonne,Quebec,Canada,CA,1:15:21,6:15:27,4:01:44,0:09:37,0:07:06,11:49:16,4521,22527,14504,577,426,42556,783,670,95,515,407,66,1210,999,129,783,670,95,Finisher,2571
Alyssa,Shields,Alyssa Shields,1008,F25-29,Female,Vancouver,BC,Canada,CA,1:19:35,6:16:24,4:00:00,0:06:34,0:06:54,11:49:27,4775,22584,14400,394,414,42567,784,114,30,816,178,44,1248,220,50,784,114,30,Finisher,1000
Jason,Schimke,Jason Schimke,851,M55-59,Male,Calgary,AB,Canada,CA,1:14:33,5:47:57,4:36:05,0:05:52,0:05:01,11:49:28,4473,20877,16565,352,301,42568,785,671,27,462,364,20,696,620,35,785,671,27,Finisher,1000
Rudy,Allen,Rudy Allen,1426,M40-44,Male,Chambly,QC,Canada,CA,1:13:27,5:42:59,4:39:40,0:05:44,0:07:39,11:49:30,4407,20579,16780,344,459,42570,786,672,92,404,321,35,600,544,77,786,672,92,Finisher,3049
Zackery,Liberty,Zackery Liberty,507,M30-34,Male,Gatineau,Quebec,Canada,CA,1:25:35,6:31:21,3:28:56,0:10:54,0:12:44,11:49:30,5135,23481,12536,654,764,42570,787,673,101,1293,1000,158,1620,1289,181,787,673,101,Finisher,1000
Olivia,Vallone,Olivia Vallone,2076,F25-29,Female,Westford,MA,United States,US,1:10:17,5:52:25,4:33:34,0:07:46,0:05:36,11:49:38,4217,21145,16414,466,336,42578,788,115,31,243,58,17,727,82,20,788,115,31,Finisher,3079
Kevin ,Williams ,Kevin Williams,2371,M35-39,Male,Winnipeg ,Manitoba,Canada,CA,1:15:37,5:30:44,4:45:55,0:07:16,0:10:13,11:49:45,4537,19844,17155,436,613,42585,789,674,94,533,423,57,461,425,60,789,674,94,Finisher,1000
Yannick,Landry,Yannick Landry,2160,M18-24,Male,Laval,QC,Canada,CA,1:27:13,6:05:52,4:05:33,0:05:31,0:05:52,11:50:01,5233,21952,14733,331,352,42601,790,675,96,1400,1075,144,1184,982,128,790,675,96,Finisher,1000
Bill,Jackes,Bill Jackes,1188,M60-64,Male,Mississauga,ON,Canada,CA,1:20:55,5:24:52,4:51:39,0:07:37,0:05:01,11:50:03,4855,19492,17499,457,301,42603,791,676,13,903,710,24,458,423,9,791,676,13,Finisher,1000
Elliot,Normand,Elliot Normand,1351,M25-29,Male,Montréal,Quebec,Canada,CA,1:48:33,5:52:41,3:54:39,0:07:37,0:06:35,11:50:05,6513,21161,14079,457,395,42605,792,677,128,2188,1626,249,1356,1104,182,792,677,128,Finisher,1000
Kyle,Yu,Kyle Yu,1246,M25-29,Male,Oakville,Ontario,Canada,CA,1:28:57,5:40:20,4:28:11,0:07:15,0:05:22,11:50:06,5337,20420,16091,435,322,42606,793,678,129,1528,1170,197,818,716,126,793,678,129,Finisher,1000
Todd,Terzievski,Todd Terzievski,2035,M25-29,Male,Guelph,ON,Canada,CA,1:16:01,6:18:55,4:00:31,0:06:51,0:08:02,11:50:20,4561,22735,14431,411,482,42620,794,679,130,556,440,81,1233,1018,166,794,679,130,Finisher,1000
Alex,Hazel,Alex Hazel,1437,M25-29,Male,Canning,Nova Scotia ,Canada,CA,1:19:03,5:54:54,4:23:21,0:06:50,0:06:19,11:50:26,4743,21294,15801,410,379,42626,795,680,131,776,607,110,881,763,133,795,680,131,Finisher,2694
Rémy,Champoux,Rémy Champoux,1936,M25-29,Male,St-Zénon,QC,Canada,CA,1:15:24,5:57:11,4:26:40,0:06:04,0:05:09,11:50:28,4524,21431,16000,364,309,42628,796,681,132,520,411,77,847,738,129,796,681,132,Finisher,1000
Pierre,Lassabliere,Pierre Lassabliere,2302,M35-39,Male,Montréal,QC,Canada,CA,1:08:23,6:00:06,4:27:07,0:08:43,0:06:24,11:50:43,4103,21606,16027,523,384,42643,797,682,95,167,130,17,826,722,95,797,682,95,Finisher,1000
Clinton ,de Tarnowsky,Clinton de Tarnowsky,1231,M50-54,Male,Walton on Thames,GB-ENG,United Kingdom,GB,1:34:05,5:56:35,3:58:37,0:11:37,0:09:50,11:50:45,5645,21395,14317,697,590,42645,798,683,66,1818,1381,148,1243,1026,105,798,683,66,Finisher,3147
Simon,Lachaîne,Simon Lachaîne,1692,M25-29,Male,Lac-des-Écorces,QC,Canada,CA,1:25:53,6:04:41,4:06:18,0:07:32,0:06:22,11:50:46,5153,21881,14778,452,382,42646,799,684,133,1309,1014,174,1179,978,160,799,684,133,Finisher,2690
Nicholas,Phillips,Nicholas Phillips,474,M40-44,Male,Burke,US-VA,United States,US,1:16:15,5:47:08,4:29:31,0:11:03,0:06:59,11:50:56,4575,20828,16171,663,419,42656,800,685,93,572,453,51,786,690,92,800,685,93,Finisher,3032
Youssouf,Zotskine,Youssouf Zotskine,2430,M45-49,Male,TOMBALL,TX,Canada,CA,1:29:34,5:40:42,4:25:59,0:09:53,0:05:10,11:51:18,5374,20442,15959,593,310,42678,801,686,59,1569,1202,108,871,756,66,801,686,59,Finisher,3092
Linda,Sun,Linda Sun,505,F25-29,Female,London,Ontario,Canada,CA,1:32:06,6:05:49,4:04:04,0:04:31,0:04:49,11:51:20,5526,21949,14644,271,289,42680,802,116,32,1713,406,78,1247,219,49,802,116,32,Finisher,1000
Sara,Reimer,Sara Reimer,137,F50-54,Female,Collingwood,ON,Canada,CA,1:13:24,6:18:07,4:10:35,0:04:14,0:05:03,11:51:22,4404,22687,15035,254,303,42682,803,117,9,402,83,6,1138,188,22,803,117,9,Finisher,1000
Paul,Oliver,Paul Oliver,1287,M55-59,Male,Halifax,NS,Canada,CA,1:25:07,5:49:24,4:23:06,0:07:48,0:06:04,11:51:28,5107,20964,15786,468,364,42688,804,687,28,1263,976,62,901,778,47,804,687,28,Finisher,3192
Alexander,Randall,Alexander Randall,927,M18-24,Male,Thunder Bay,ONTARIO,Canada,CA,1:03:06,5:42:18,4:47:13,0:06:45,0:12:08,11:51:31,3786,20538,17233,405,728,42691,805,688,97,48,37,5,443,409,55,805,688,97,Finisher,1000
Francis,SILVA,Francis SILVA,1354,M35-39,Male,Toronto,CA-ON,Canada,CA,1:43:22,5:41:31,4:13:24,0:05:54,0:07:30,11:51:40,6202,20491,15204,354,450,42700,806,689,96,2106,1572,176,1058,893,113,806,689,96,Finisher,1000
Marcelo Akira,Giuliani,Marcelo Akira Giuliani,831,M30-34,Male,Sao Paulo,Sao Paulo,Brazil,BR,1:01:12,5:45:53,4:49:39,0:05:21,0:09:37,11:51:42,3672,20753,17379,321,577,42702,807,690,102,30,24,6,445,411,56,807,690,102,Finisher,1000
Ted,Lowther,Ted Lowther,2130,M60-64,Male,Ottawa,ON,Canada,CA,1:10:14,5:43:15,4:45:04,0:07:22,0:06:00,11:51:54,4214,20595,17104,442,360,42714,808,691,14,241,184,3,576,525,16,808,691,14,Finisher,1000
Nicholas,Hall,Nicholas Hall,1925,M18-24,Male,L'Ardoise,CA-NS,Canada,CA,1:37:28,6:01:50,3:54:44,0:06:51,0:11:01,11:51:54,5848,21710,14084,411,661,42714,809,692,98,1965,1487,186,1313,1079,137,809,692,98,Finisher,1000
Braedon,Caplan,Braedon Caplan,1917,M18-24,Male,Dollard-des-Ormeaux,QC,Canada,CA,1:13:56,5:38:17,4:46:32,0:07:40,0:05:38,11:52:03,4436,20297,17192,460,338,42723,810,693,99,430,344,56,563,515,69,810,693,99,Finisher,1000
Frederic,Nolin,Frederic Nolin,284,M45-49,Male,Saint-Jean-sur-Richelieu,QC,Canada,CA,1:23:47,5:12:37,5:04:03,0:04:49,0:06:55,11:52:11,5027,18757,18243,289,415,42731,811,694,60,1151,888,76,314,297,27,811,694,60,Finisher,1000
Marianne,Elie,Marianne Elie,1734,F25-29,Female,Varennes,QC,Canada,CA,1:34:11,6:00:30,4:06:11,0:05:29,0:05:57,11:52:18,5651,21630,14771,329,357,42738,812,118,33,1821,438,83,1204,210,46,812,118,33,Finisher,3047
Luca,Curcio,Luca Curcio,320,M25-29,Male,Nepean,ON,Canada,CA,1:19:20,5:43:44,4:27:15,0:09:37,0:12:24,11:52:21,4760,20624,16035,577,744,42741,813,695,134,794,622,114,761,672,120,813,695,134,Finisher,1000
Mark,Hiscocks,Mark Hiscocks,585,M45-49,Male,Orleans,ON,Canada,CA,1:18:03,5:31:19,4:44:24,0:08:44,0:09:57,11:52:26,4683,19879,17064,524,597,42746,814,696,61,707,552,44,531,486,43,814,696,61,Finisher,1000
Allan,Guegan,Allan Guegan,1842,M25-29,Male,Montréal,QC,Canada,CA,1:28:55,5:51:02,4:17:38,0:07:04,0:07:53,11:52:31,5335,21062,15458,424,473,42751,815,697,135,1525,1168,196,988,844,148,815,697,135,Finisher,1000
Drew,Blanchette,Drew Blanchette,221,M45-49,Male,Toronto,ON,Canada,CA,1:17:01,6:04:49,4:12:11,0:08:14,0:10:16,11:52:31,4621,21889,15131,494,616,42751,816,698,62,624,494,37,1045,882,81,816,698,62,Finisher,1000
John,Van Heyst,John Van Heyst,216,M65-69,Male,Foothills ,AB,Canada,CA,1:47:03,5:32:15,4:19:04,0:06:15,0:08:00,11:52:37,6423,19935,15544,375,480,42757,817,699,4,2162,1610,34,964,824,8,817,699,4,Finisher,3945
Daniel,Fallon,Daniel Fallon,2178,M40-44,Male,KENSINGTON,MD,United States,US,1:05:54,5:42:39,4:48:06,0:08:30,0:07:30,11:52:40,3954,20559,17286,510,450,42760,818,700,94,93,71,6,515,474,69,818,700,94,Finisher,3011
Cody,Jorgensen,Cody Jorgensen,2055,M45-49,Male,Riverview,NB,Canada,CA,1:13:48,5:09:52,5:20:37,0:04:05,0:04:20,11:52:42,4428,18592,19237,245,260,42762,819,701,63,424,338,22,208,198,17,819,701,63,Finisher,1000
Fernand,Grupe,Fernand Grupe,2190,M40-44,Male,Etobicoke,ON,Canada,CA,1:48:02,5:22:49,4:31:16,0:04:53,0:05:45,11:52:45,6482,19369,16276,293,345,42765,820,702,95,2178,1622,202,804,706,94,820,702,95,Finisher,1000
Alexandre,Lalonde,Alexandre Lalonde,2151,M35-39,Male,Laval,QC,Canada,CA,1:21:09,5:57:19,4:17:59,0:10:14,0:06:10,11:52:51,4869,21439,15479,614,370,42771,821,703,97,919,723,93,1017,861,108,821,703,97,Finisher,1000
Mathieu,Denis,Mathieu Denis,2486,M30-34,Male,Montréal,QC,Canada,CA,1:25:05,5:51:52,4:23:33,0:07:06,0:05:18,11:52:54,5105,21112,15813,426,318,42774,822,704,103,1259,974,153,938,803,117,822,704,103,Finisher,1000
Kacie,Gaustad,Kacie Gaustad,2054,F30-34,Female,W TERRE HAUTE,IN,United States,US,1:33:38,5:42:36,4:14:08,0:04:29,0:18:12,11:53:02,5618,20556,15248,269,1092,42782,823,119,20,1789,428,69,880,118,19,823,119,20,Finisher,3599
Sherri,Burgess-Hertner,Sherri Burgess-Hertner,231,F50-54,Female,Cambridge,ON,Canada,CA,1:14:33,6:06:30,4:18:02,0:08:42,0:05:17,11:53:03,4473,21990,15482,522,317,42783,824,120,10,461,98,8,1039,163,19,824,120,10,Finisher,1000
Marc,Ellenwood,Marc Ellenwood,1870,M45-49,Male,Aldie,US-VA,United States,US,1:25:38,6:02:26,4:10:22,0:06:39,0:07:59,11:53:04,5138,21746,15022,399,479,42784,825,705,64,1294,1001,88,1109,930,86,825,705,64,Finisher,1000
Alex,Beauchemin,Alex Beauchemin,1602,M30-34,Male,Sainte-madeleine,QC,Canada,CA,1:39:21,5:54:50,4:03:12,0:09:46,0:05:58,11:53:07,5961,21290,14592,586,358,42787,826,706,104,2017,1518,209,1277,1052,154,826,706,104,Finisher,2722
Jill,Walker,Jill Walker,28,F55-59,Female,TAMPA,US-FL,United States,US,1:27:55,5:45:51,4:30:33,0:04:55,0:04:08,11:53:22,5275,20751,16233,295,248,42802,827,121,2,1462,340,19,848,110,3,827,121,2,Finisher,4635
Nicole,Taylor,Nicole Taylor,1931,F30-34,Female,Toronto,ON,Canada,CA,1:32:13,5:51:01,4:13:10,0:08:29,0:08:30,11:53:23,5533,21061,15190,509,510,42803,828,122,21,1719,408,65,1073,171,27,828,122,21,Finisher,1000
Philippe,Breton,Philippe Breton,2554,M35-39,Male,Unionville,ON,Canada,CA,1:09:19,5:45:32,4:43:48,0:06:17,0:08:29,11:53:27,4159,20732,17028,377,509,42807,829,707,98,208,158,23,582,530,75,829,707,98,Finisher,1000
Jessica,Mclean,Jessica Mclean,603,F40-44,Female,Rockwood,ON,Canada,CA,1:09:42,5:48:28,4:46:24,0:04:14,0:04:40,11:53:27,4182,20908,17184,254,280,42807,830,123,15,224,54,4,604,57,10,830,123,15,Finisher,3710
Heather,Markham,Heather Markham,211,F35-39,Female,Lakewood,CO,United States,US,1:02:27,6:01:54,4:43:12,0:03:12,0:02:57,11:53:43,3747,21714,16992,192,177,42823,831,124,15,37,8,2,689,74,10,831,124,15,Finisher,3600
Melissa,Braskie,Melissa Braskie,1835,F45-49,Female,Seven Hills,OH,United States,US,1:27:22,5:50:26,4:17:24,0:09:30,0:09:00,11:53:43,5242,21026,15444,570,540,42823,832,125,19,1422,331,43,990,145,27,832,125,19,Finisher,1000
Dagobiet,Morales Alfaro ,Dagobiet Morales Alfaro,2632,M30-34,Male,L'Île-Perrot,QC,Canada,CA,1:19:44,6:06:07,4:15:23,0:07:12,0:05:21,11:53:48,4784,21967,15323,432,321,42828,833,708,105,825,645,96,1093,917,127,833,708,105,Finisher,2714
Megan,Piwowar,Megan Piwowar,233,F40-44,Female,East Granby,CT,United States,US,1:11:57,5:56:01,4:38:46,0:03:44,0:03:20,11:53:49,4317,21361,16726,224,200,42829,834,126,16,314,69,7,743,85,14,834,126,16,Finisher,3706
Stéphane,Delmoitiez,Stéphane Delmoitiez,291,M50-54,Male,Xhendelesse,BE-LIEGE,Belgium,BE,1:39:59,5:15:29,4:48:59,0:05:14,0:04:09,11:53:50,5999,18929,17339,314,249,42830,835,709,67,2033,1526,166,575,524,55,835,709,67,Finisher,3110
Lesley,Williams,Lesley Williams,371,F40-44,Female,Sherwood Park,AB,Canada,CA,1:02:50,5:56:34,4:38:03,0:09:26,0:07:15,11:54:09,3770,21394,16683,566,435,42849,836,127,17,44,10,1,701,77,13,836,127,17,Finisher,1000
Francis,Tanguay,Francis Tanguay,2338,M50-54,Male,Ottawa,ON,Canada,CA,1:30:17,5:36:12,4:34:19,0:06:55,0:06:32,11:54:14,5417,20172,16459,415,392,42854,837,710,68,1611,1234,128,775,682,74,837,710,68,Finisher,3105
Ryan,Lindsay,Ryan Lindsay,552,M25-29,Male,Kingston,ON,Canada,CA,1:18:46,5:44:57,4:42:00,0:04:34,0:04:00,11:54:18,4726,20697,16920,274,240,42858,838,711,136,758,593,105,695,619,111,838,711,136,Finisher,1000
Dollar,Luo,Dollar Luo,2272,F25-29,Female,Toronto,ON,Canada,CA,1:43:07,6:06:33,3:55:27,0:04:34,0:04:39,11:54:20,6187,21993,14127,274,279,42860,839,128,34,2103,534,95,1429,278,57,839,128,34,Finisher,3022
Billy,Eickholt,Billy Eickholt,516,M45-49,Male,Alma,NS,Canada,CA,1:29:44,5:51:31,4:22:21,0:06:21,0:04:37,11:54:34,5384,21091,15741,381,277,42874,840,712,65,1576,1207,110,998,849,77,840,712,65,Finisher,3053
Fabi,Gagné-Montcalm,Fabi Gagné-Montcalm,373,F25-29,Female,Sherbrooke,QC,Canada,CA,1:17:11,5:33:54,4:55:59,0:04:47,0:02:46,11:54:36,4631,20034,17759,287,166,42876,841,129,35,637,135,29,495,37,11,841,129,35,Finisher,3019
Anne,Barre,Anne Barre,1148,F30-34,Female,Edmonton,AB,Canada,CA,1:17:01,6:06:33,4:15:49,0:08:26,0:06:51,11:54:40,4621,21993,15349,506,411,42880,842,130,22,622,130,23,1078,174,28,842,130,22,Finisher,1000
Eitan,Leinwand,Eitan Leinwand,300,M18-24,Male,RANDOLPH,NJ,United States,US,1:30:08,5:45:11,4:29:14,0:04:20,0:05:51,11:54:44,5408,20711,16154,260,351,42884,843,713,100,1605,1230,159,865,753,96,843,713,100,Finisher,2505
Jj,Neely,Jj Neely,1222,M55-59,Male,Milton,ON,Canada,CA,1:06:32,5:25:11,5:06:19,0:07:14,0:09:36,11:54:53,3992,19511,18379,434,576,42893,844,714,29,113,88,7,290,274,12,844,714,29,Finisher,3151
Kyle,Quinn,Kyle Quinn,1082,M40-44,Male,Corunna,ON,Canada,CA,1:11:01,5:31:43,4:54:33,0:07:46,0:09:52,11:54:55,4261,19903,17673,466,592,42895,845,715,96,273,210,20,421,391,62,845,715,96,Finisher,1000
griffin,gillham,griffin gillham,2390,M30-34,Male,oakville,Ontario,Canada,CA,1:28:43,6:19:47,3:46:16,0:11:43,0:08:26,11:54:55,5323,22787,13576,703,506,42895,846,716,106,1508,1155,178,1518,1219,173,846,716,106,Finisher,1000
Sean,Glenn,Sean Glenn,517,M25-29,Male,Edmonton,ALBERTA,Canada,CA,1:22:24,5:50:47,4:32:07,0:05:34,0:04:22,11:55:14,4944,21047,16327,334,262,42914,847,717,137,1017,789,139,850,740,131,847,717,137,Finisher,1000
Thomas,Iannelli,Thomas Iannelli,1260,M30-34,Male,ASBURY,NJ,United States,US,1:13:13,5:45:10,4:45:10,0:06:34,0:05:14,11:55:21,4393,20710,17110,394,314,42921,848,718,107,391,310,51,652,584,80,848,718,107,Finisher,2695
Carson,Chircop,Carson Chircop,343,M25-29,Male,New York,NY,United States,US,1:41:33,5:55:12,3:57:02,0:11:09,0:10:38,11:55:35,6093,21312,14222,669,638,42935,849,719,138,2075,1549,241,1344,1097,178,849,719,138,Finisher,1000
Jose,Fajardo,Jose Fajardo,2313,M25-29,Male,Gatineau,QC,Colombia,CO,1:30:37,5:47:32,4:14:15,0:08:31,0:14:42,11:55:38,5437,20852,15255,511,882,42938,850,720,139,1627,1247,210,984,840,147,850,720,139,Finisher,1000
Jacob,Kroon,Jacob Kroon,1598,M30-34,Male,Navan,ONTARIO,Canada,CA,1:18:07,5:35:02,4:47:37,0:05:44,0:09:07,11:55:39,4687,20102,17257,344,547,42939,851,721,108,712,557,85,547,501,67,851,721,108,Finisher,1000
Elyse,Crochetiere,Elyse Crochetiere,191,F45-49,Female,Gatineau,QC,Canada,CA,1:04:00,5:59:54,4:42:27,0:05:21,0:03:58,11:55:40,3840,21594,16947,321,238,42940,852,131,20,63,17,3,707,79,14,852,131,20,Finisher,3522
Laura,Gfeller,Laura Gfeller,163,F35-39,Female,Windsor Junction,NS,Canada,CA,1:15:41,5:43:25,4:46:06,0:06:13,0:04:18,11:55:43,4541,20605,17166,373,258,42943,853,132,16,537,113,18,659,69,9,853,132,16,Finisher,3576
John,Craig,John Craig,2156,M40-44,Male,Austin,TX,United States,US,1:40:28,5:23:38,4:40:22,0:04:25,0:07:05,11:55:58,6028,19418,16822,265,425,42958,854,722,97,2048,1534,189,699,623,87,854,722,97,Finisher,2971
Julia,Ihli,Julia Ihli,1685,F30-34,Female,Lititz,PA,United States,US,1:08:51,6:08:21,4:30:08,0:04:29,0:04:12,11:56:00,4131,22101,16208,269,252,42960,855,133,23,189,45,9,894,123,20,855,133,23,Finisher,3563
Nicolas,Bellavance,Nicolas Bellavance,741,M25-29,Male,Thetford Mines,Quebec,Canada,CA,1:18:45,5:32:43,4:52:38,0:05:50,0:06:05,11:56:02,4725,19963,17558,350,365,42962,856,723,140,757,592,104,518,477,91,856,723,140,Finisher,2627
Andrew,Cober,Andrew Cober,1101,M35-39,Male,Schomberg,ON,Canada,CA,1:24:49,5:48:10,4:27:34,0:10:22,0:05:08,11:56:02,5089,20890,16054,622,308,42962,857,724,99,1238,959,119,921,791,101,857,724,99,Finisher,1000
Justin,De Meulemeester,Justin De Meulemeester,2585,M25-29,Male,Montréal,Quebec,Canada,CA,1:17:03,6:28:46,3:51:40,0:08:53,0:09:46,11:56:07,4623,23326,13900,533,586,42967,858,725,141,627,496,93,1434,1155,188,858,725,141,Finisher,1000
Océane,Donato,Océane Donato,641,F18-24,,Repentigny,QC,Canada,CA,1:24:28,6:00:10,4:21:30,0:04:43,0:05:19,11:56:10,5068,21610,15690,283,319,42970,859,134,10,1206,274,22,1032,160,10,859,134,10,Finisher,4342
Steve,Savard,Steve Savard,1809,M40-44,Male,Cap sante,QC,Canada,CA,1:34:41,5:38:27,4:26:25,0:08:10,0:08:36,11:56:19,5681,20307,15985,490,516,42979,860,726,98,1853,1409,167,890,769,106,860,726,98,Finisher,2967
Christopher,Ferrante,Christopher Ferrante,974,M30-34,Male,Ottawa,ON,Canada,CA,1:12:08,6:03:30,4:22:54,0:10:51,0:07:10,11:56:33,4328,21810,15774,651,430,42993,861,727,109,322,252,43,978,835,121,861,727,109,Finisher,1000
Joaquim,Sancho-Fibla,Joaquim Sancho-Fibla,1451,M55-59,Male,Ilkley,YKS,Andorra,AD,1:27:33,5:44:09,4:26:58,0:11:20,0:06:43,11:56:42,5253,20649,16018,680,403,43002,862,728,30,1434,1102,72,915,787,48,862,728,30,Finisher,1000
Victoria,Bowen,Victoria Bowen,1277,F25-29,Female,LUNENBURG,MA,United States,US,1:15:39,6:02:50,4:25:58,0:04:37,0:07:43,11:56:47,4539,21770,15958,277,463,43007,863,135,36,535,111,27,916,129,29,863,135,36,Finisher,2993
Andrew,Dowman,Andrew Dowman,2336,M50-54,Male,Calgary,AB,Canada,CA,1:24:06,5:34:08,4:42:20,0:09:00,0:07:15,11:56:49,5046,20048,16940,540,435,43009,864,729,69,1173,906,91,687,614,65,864,729,69,Finisher,1000
Hollis,Maradyn Jowsey,Hollis Maradyn Jowsey,1017,M30-34,Male,Ottawa,Ontario,Canada,CA,1:26:46,6:07:44,4:02:56,0:10:40,0:08:52,11:56:57,5206,22064,14576,640,532,43017,865,730,110,1371,1058,167,1292,1061,156,865,730,110,Finisher,1000
Olivier,Courchesne,Olivier Courchesne,477,M25-29,Male,Montreal,QC,Canada,CA,1:19:11,5:10:33,5:16:24,0:04:50,0:06:04,11:57:02,4751,18633,18984,290,364,43022,866,731,142,786,615,112,255,242,46,866,731,142,Finisher,2615
Hedy,Hislop,Hedy Hislop,888,F50-54,Female,North Vancouver,BC,Canada,CA,1:18:58,5:54:41,4:28:28,0:10:20,0:04:44,11:57:10,4738,21281,16108,620,284,43030,867,136,11,773,169,16,934,135,14,867,136,11,Finisher,4290
Florence,Poissant,Florence Poissant,1616,F25-29,Female,Montreal,QC,Canada,CA,1:10:35,6:04:03,4:33:40,0:05:22,0:03:53,11:57:32,4235,21843,16420,322,233,43052,868,137,37,257,61,19,868,114,25,868,137,37,Finisher,1000
Frédéric,Roy,Frédéric Roy,1854,M35-39,Male,Montréal,QC,Canada,CA,1:12:36,5:22:36,5:09:59,0:06:09,0:06:14,11:57:34,4356,19356,18599,369,374,43054,869,732,100,349,272,35,316,299,45,869,732,100,Finisher,1000
Anoop,Banodkar,Anoop Banodkar,968,M35-39,Male,Toronto,ON,India,IN,1:56:08,5:55:39,3:49:24,0:09:14,0:07:10,11:57:36,6968,21339,13764,554,430,43056,870,733,101,2248,1673,185,1530,1228,146,870,733,101,Finisher,1000
Lebis,Alarcon,Lebis Alarcon,1794,M30-34,Male,Calgary,AB,Colombia,CO,1:27:35,5:57:47,4:12:51,0:09:40,0:09:48,11:57:41,5255,21467,15171,580,588,43061,871,734,111,1435,1103,173,1122,939,132,871,734,111,Finisher,1000
Antoine,Labbé,Antoine Labbé,1190,M25-29,Male,Québec,Québec,Canada,CA,1:24:37,5:33:37,4:40:49,0:06:40,0:11:59,11:57:42,5077,20017,16849,400,719,43062,872,735,143,1224,946,163,651,583,107,872,735,143,Finisher,2607
Austin,Brown,Austin Brown,1916,M25-29,Male,Elmira,ON,Canada,CA,1:12:44,6:21:05,4:06:52,0:08:07,0:09:00,11:57:48,4364,22865,14812,487,540,43068,873,736,144,363,285,57,1236,1021,167,873,736,144,Finisher,1000
Lester,Calderon,Lester Calderon,978,M40-44,Male,DOHA,QA-DA,Philippines,PH,1:23:21,5:58:55,4:22:56,0:05:55,0:06:51,11:57:58,5001,21535,15776,355,411,43078,874,737,99,1102,852,96,1010,857,119,874,737,99,Finisher,1000
Amélie,Leclerc,Amélie Leclerc,1164,F50-54,Female,Lac St-Joseph,QC,Canada,CA,1:13:09,5:55:54,4:32:28,0:08:12,0:08:18,11:58:01,4389,21354,16348,492,498,43081,875,138,12,388,81,4,829,105,10,875,138,12,Finisher,1000
Mylene,Benoit,Mylene Benoit,2602,F30-34,Female,Sherbrooke,QC,Canada,CA,1:21:11,6:06:39,4:17:50,0:07:06,0:05:34,11:58:21,4871,21999,15470,426,334,43101,876,139,24,924,198,34,1120,183,31,876,139,24,Finisher,1000
Guillaume,Grimard,Guillaume Grimard,2452,M18-24,Male,Lac-Beauport,Quebec,Canada,CA,1:20:48,6:13:18,4:12:12,0:08:34,0:04:09,11:59:00,4848,22398,15132,514,249,43140,877,738,101,892,699,101,1249,1029,131,877,738,101,Finisher,2454
Bryan,Mayer,Bryan Mayer,2155,M40-44,Male,Cobourg,ON,Canada,CA,1:15:21,6:07:48,4:18:27,0:07:14,0:10:15,11:59:05,4521,22068,15507,434,615,43145,878,739,100,514,406,44,1051,887,124,878,739,100,Finisher,2934
Quinn,Sully,Quinn Sully,2405,M25-29,Male,Saskatoon,SK,Canada,CA,1:27:59,5:38:16,4:38:02,0:07:13,0:07:49,11:59:20,5279,20296,16682,433,469,43160,879,740,145,1468,1127,188,776,683,122,879,740,145,Finisher,1000
Genevieve,Trahan,Genevieve Trahan,226,F40-44,Female,Laval,QC,Canada,CA,1:18:21,5:44:09,4:46:44,0:04:44,0:05:24,11:59:22,4701,20649,17204,284,324,43162,880,140,18,726,161,17,686,73,12,880,140,18,Finisher,1000
Gerardo,Morales,Gerardo Morales,1563,M40-44,Male,Toluca,MX-MEX,Mexico,MX,1:33:47,5:21:11,4:46:36,0:08:28,0:09:21,11:59:23,5627,19271,17196,508,561,43163,881,741,101,1798,1368,163,620,560,79,881,741,101,Finisher,1000
Zach,Turlo,Zach Turlo,1229,M18-24,Male,Mansfield,Ohio,United States,US,1:20:58,5:51:38,4:34:04,0:05:53,0:07:07,11:59:40,4858,21098,16444,353,427,43180,882,742,102,908,715,103,844,735,92,882,742,102,Finisher,1000
Eric,Jobin,Eric Jobin,1099,M50-54,Male,Montréal,QC,Canada,CA,1:20:18,5:47:21,4:39:33,0:05:28,0:07:01,11:59:41,4818,20841,16773,328,421,43181,883,743,70,861,673,65,766,676,73,883,743,70,Finisher,1000
Alexandre,Grimard,Alexandre Grimard,1986,M30-34,Male,Victoriaville,QC,Canada,CA,1:25:06,6:01:19,4:17:21,0:09:46,0:06:18,11:59:51,5106,21679,15441,586,378,43191,884,744,112,1261,975,154,1144,955,135,884,744,112,Finisher,1000
Howard,Chan,Howard Chan,1347,M18-24,Male,Richmond Hill,ON,Canada,CA,1:23:34,6:03:59,4:24:19,0:04:56,0:03:03,11:59:51,5014,21839,15859,296,183,43191,885,745,103,1127,872,125,1088,913,119,885,745,103,Finisher,2444
Josh,Blakeney,Josh Blakeney,753,M40-44,Male,Halifax,NS,Canada,CA,1:23:04,5:56:31,4:27:52,0:06:02,0:06:32,12:00:00,4984,21391,16072,362,392,43200,886,746,102,1073,831,95,965,825,114,886,746,102,Finisher,1000
Ariane,Chamberland,Ariane Chamberland,1960,F45-49,Female,Lévis,QC,Canada,CA,1:06:25,6:05:23,4:35:23,0:06:26,0:06:36,12:00:13,3985,21923,16523,386,396,43213,887,141,21,111,25,4,839,109,17,887,141,21,Finisher,3468
Rick,Pais,Rick Pais,1911,M45-49,Male,Barrie,ON,Canada,CA,1:28:54,5:46:37,4:27:29,0:08:12,0:09:06,12:00:18,5334,20797,16049,492,546,43218,888,747,66,1519,1163,102,929,797,71,888,747,66,Finisher,1000
Shon,Rhoton,Shon Rhoton,160,M50-54,Male,Castle Pines,US-CO,United States,US,1:32:31,5:50:16,4:23:39,0:06:38,0:07:15,12:00:20,5551,21016,15819,398,435,43220,889,748,71,1733,1320,140,1036,876,89,889,748,71,Finisher,1000
Derry,Walker,Derry Walker,958,M55-59,Male,Farnham,GB-GB-SRY,United Kingdom,GB,1:20:15,5:35:22,4:49:57,0:09:03,0:05:50,12:00:27,4815,20122,17397,543,350,43227,890,749,31,851,667,42,645,579,29,890,749,31,Finisher,1000
Brad,Mason,Brad Mason,2559,M30-34,Male,Charleston,South Carolina,United States,US,1:23:36,6:05:13,4:16:36,0:08:23,0:06:51,12:00:39,5016,21913,15396,503,411,43239,891,750,113,1131,875,131,1159,965,139,891,750,113,Finisher,1000
Tomasz,Chlodecki,Tomasz Chlodecki,1464,M35-39,Male,Warszawa,,Poland,PL,1:24:20,5:51:52,4:20:25,0:13:48,0:10:21,12:00:45,5060,21112,15625,828,621,43245,892,751,102,1192,922,112,1043,880,111,892,751,102,Finisher,1000
Patricia,Thomas,Patricia Thomas,2273,F25-29,Female,Kernersville,NC,United States,US,1:08:37,6:21:06,4:12:50,0:09:07,0:09:09,12:00:49,4117,22866,15170,547,549,43249,893,142,38,176,41,14,1186,203,45,893,142,38,Finisher,2944
Max,Macemon,Max Macemon,1743,M35-39,Male,Shoreview,MN,United States,US,1:16:08,6:10:32,4:18:15,0:07:35,0:08:50,12:01:20,4568,22232,15495,455,530,43280,894,752,103,565,448,60,1104,926,120,894,752,103,Finisher,1000
Daniel,Gregory,Daniel Gregory,930,M50-54,Male,PINE BEACH,NJ,United States,US,1:14:54,5:45:08,4:43:04,0:10:39,0:08:09,12:01:55,4494,20708,16984,639,489,43315,895,753,72,483,381,36,733,650,68,895,753,72,Finisher,1000
Gidget,Belanger,Gidget Belanger,1042,F45-49,Female,St.Thomas,ONTARIO,Canada,CA,1:23:39,6:10:15,4:17:53,0:05:51,0:04:18,12:01:56,5019,22215,15473,351,258,43316,896,143,22,1138,259,37,1199,208,35,896,143,22,Finisher,1000
Caroline,King,Caroline King,2162,F25-29,Female,Los Angeles,CA,United States,US,1:12:36,6:09:03,4:27:30,0:07:01,0:05:53,12:02:02,4356,22143,16050,421,353,43322,897,144,39,348,77,20,1016,156,32,897,144,39,Finisher,1000
Maxence,Vacher,Maxence Vacher,2305,M30-34,Male,Montréal,QC,Canada,CA,1:18:43,5:32:34,5:00:24,0:05:35,0:04:52,12:02:08,4723,19954,18024,335,292,43328,898,754,114,755,590,90,511,470,63,898,754,114,Finisher,1000
Ryan,Abrahamsen,Ryan Abrahamsen,1421,M35-39,Male,RIVERHEAD,NY,United States,US,1:18:13,6:00:25,4:22:02,0:09:37,0:12:03,12:02:20,4693,21625,15722,577,723,43340,899,755,104,720,561,79,1011,858,107,899,755,104,Finisher,1000
Nicholaus,Leclair,Nicholaus Leclair,393,M25-29,Male,Markham,ON,Canada,CA,1:15:50,5:30:26,4:57:35,0:08:58,0:09:34,12:02:22,4550,19826,17855,538,574,43342,900,756,146,543,428,80,482,446,83,900,756,146,Finisher,1000
Maude,Soulières,Maude Soulières,2369,F30-34,Female,St-paul,QC,Canada,CA,1:40:00,5:44:56,4:20:21,0:08:09,0:09:01,12:02:26,6000,20696,15621,489,541,43346,901,145,25,2034,508,79,1094,177,29,901,145,25,Finisher,1000
Alexandre,Comeau,Alexandre Comeau,2112,M30-34,Male,Pincourt,QC,Canada,CA,1:30:03,5:35:29,4:43:01,0:05:04,0:08:55,12:02:32,5403,20129,16981,304,535,43352,902,757,115,1601,1228,186,730,647,92,902,757,115,Finisher,1000
Simon,Ibrahim,Simon Ibrahim,2537,M18-24,Male,Longueuil ,Quebec,Canada,CA,1:03:24,6:09:05,4:33:18,0:06:22,0:10:51,12:03:00,3804,22145,16398,382,651,43380,903,758,104,50,39,6,851,741,94,903,758,104,Finisher,2406
Anne-Clara,Belley,Anne-Clara Belley,2038,F18-24,Female,Candiac,Quebec,Canada,CA,1:22:31,5:45:25,4:38:13,0:07:58,0:08:55,12:03:02,4951,20725,16693,478,535,43382,904,146,11,1027,232,17,807,100,6,904,146,11,Finisher,1000
Kenny,Falardeau,Kenny Falardeau,335,M35-39,Male,Guelph,ON,Canada,CA,1:29:36,5:53:10,4:24:33,0:08:41,0:07:03,12:03:03,5376,21190,15873,521,423,43383,905,759,105,1571,1203,143,1070,900,116,905,759,105,Finisher,1000
Martin,Alberts,Martin Alberts,1731,M45-49,Male,Moose Jaw,SK,Canada,CA,1:14:11,5:30:15,5:01:35,0:08:01,0:09:07,12:03:09,4451,19815,18095,481,547,43389,906,760,67,441,351,26,446,412,38,906,760,67,Finisher,1000
John,Corelli,John Corelli,2145,M65-69,Male,Toronto,ON,Canada,CA,1:28:43,6:25:14,3:51:33,0:08:55,0:08:51,12:03:16,5323,23114,13893,535,531,43396,907,761,5,1509,1156,17,1566,1251,18,907,761,5,Finisher,1000
Norman,Fowler,Norman Fowler,1711,M50-54,Male,Mount Albert,ON,Canada,CA,1:15:21,5:21:25,5:06:10,0:08:19,0:12:03,12:03:18,4521,19285,18370,499,723,43398,908,762,73,511,403,39,359,335,35,908,762,73,Finisher,1000
Elliott,Weinberg,Elliott Weinberg,1556,M30-34,Male,Brooklyn,New York,United States,US,1:28:32,6:12:44,4:12:29,0:05:17,0:04:29,12:03:30,5312,22364,15149,317,269,43410,909,763,116,1498,1148,177,1322,1084,158,909,763,116,Finisher,2598
Vincent,Cote brochu,Vincent Cote brochu,1453,M30-34,Male,calgary,AB,Canada,CA,1:21:47,5:19:32,5:09:37,0:07:04,0:05:45,12:03:45,4907,19172,18577,424,345,43425,910,764,117,972,755,118,395,367,51,910,764,117,Finisher,1000
Mike,Konkin,Mike Konkin,339,M55-59,Male,Trail,BC,Canada,CA,1:28:40,5:26:36,4:52:09,0:11:03,0:05:24,12:03:53,5320,19596,17529,663,324,43433,911,765,32,1506,1154,79,672,601,31,911,765,32,Finisher,3043
Maxime,Berube,Maxime Berube,2091,M45-49,Male,Skaneateles,NY,Canada,CA,1:18:38,5:39:12,4:55:51,0:05:07,0:05:08,12:03:55,4718,20352,17751,307,308,43435,912,766,68,750,585,46,610,550,49,912,766,68,Finisher,1000
Allison,Christie,Allison Christie,1196,F50-54,Female,Ottawa,ONTARIO,Canada,CA,1:24:59,6:16:49,4:09:44,0:06:07,0:06:21,12:04:01,5099,22609,14984,367,381,43441,913,147,13,1248,281,28,1345,248,31,913,147,13,Finisher,4208
Juan Salvador,Herbas Andre,Juan Salvador Herbas Andre,635,M45-49,Male,Calgary,AB,Canada,CA,1:13:16,5:23:49,5:07:56,0:08:17,0:10:49,12:04:06,4396,19429,18476,497,649,43446,914,767,69,394,313,19,363,338,30,914,767,69,Finisher,2939
Matteo,Berton,Matteo Berton,1591,M50-54,Male,verona,VENETO,Italy,IT,1:22:49,5:22:30,4:59:04,0:13:27,0:06:30,12:04:20,4969,19350,17944,807,390,43460,915,768,74,1051,810,80,544,499,52,915,768,74,Finisher,1000
Elizabeth,Vigneault,Elizabeth Vigneault,1852,F25-29,Female,Boucherville,Quebec,Canada,CA,1:29:33,5:55:17,4:27:56,0:06:33,0:05:05,12:04:24,5373,21317,16076,393,305,43464,916,148,40,1565,366,73,1069,170,39,916,148,40,Finisher,1000
Simon,Davis,Simon Davis,1197,M60-64,Male,Stittsville,ON,Canada,CA,1:11:14,5:33:09,5:02:46,0:08:18,0:09:12,12:04:38,4274,19989,18166,498,552,43478,917,769,15,280,217,5,449,414,8,917,769,15,Finisher,1000
Matt,Richling,Matt Richling,1643,M40-44,Male,Ottawa,ON,Canada,CA,1:15:12,5:40:37,4:56:23,0:05:23,0:07:06,12:04:41,4512,20437,17783,323,426,43481,918,770,103,504,397,43,584,532,74,918,770,103,Finisher,2867
Melissa ,Rodriguez Arroyo ,Melissa Rodriguez Arroyo,2105,F30-34,Female,Fredonia,NY,Puerto Rico,PR,1:30:50,6:06:31,4:14:21,0:06:16,0:06:52,12:04:50,5450,21991,15261,376,412,43490,919,149,26,1636,382,60,1268,223,39,919,149,26,Finisher,1000
Simon,Vanpeperstraete,Simon Vanpeperstraete,1292,M30-34,Male,Montréal,QC,Canada,CA,1:22:20,5:43:48,4:43:46,0:07:33,0:07:28,12:04:55,4940,20628,17026,453,448,43495,920,771,118,1013,787,120,778,684,100,920,771,118,Finisher,2581
Jean-Philip,Cornellier,Jean-Philip Cornellier,1400,M35-39,Male,Saint-Césaire ,QC,Canada,CA,1:13:11,6:26:59,4:06:21,0:09:16,0:09:25,12:05:11,4391,23219,14781,556,565,43511,921,772,106,389,308,42,1367,1112,136,921,772,106,Finisher,1000
Mike,Burke,Mike Burke,1545,M30-34,Male,Ottawa,Ontario,Canada,CA,1:12:34,5:55:37,4:44:08,0:07:52,0:05:10,12:05:21,4354,21337,17048,472,310,43521,922,773,119,345,269,46,810,710,104,922,773,119,Finisher,1000
Dilan,Trivedi,Dilan Trivedi,866,M25-29,Male,New York,NY,United States,US,1:16:08,6:26:20,4:09:59,0:06:18,0:06:40,12:05:25,4568,23180,14999,378,400,43525,923,774,147,564,447,82,1355,1103,181,923,774,147,Finisher,1000
Yves,Gagné,Yves Gagné,1543,F25-29,Male,Mont-saint-hilaire,QC,Canada,CA,1:17:34,6:23:53,4:08:14,0:06:55,0:08:49,12:05:25,4654,23033,14894,415,529,43525,924,150,41,671,144,32,1350,251,53,924,150,41,Finisher,2889
Thomas ,Fortier,Thomas Fortier,541,M25-29,Male,Gatineau,quebec,Canada,CA,1:09:35,5:43:54,4:56:38,0:07:55,0:07:28,12:05:30,4175,20634,17798,475,448,43530,925,775,148,220,168,32,589,535,99,925,775,148,Finisher,1000
Ruth,Henshaw,Ruth Henshaw,598,F50-54,Female,barrie,ON,Canada,CA,1:31:48,6:07:33,4:14:04,0:06:13,0:06:05,12:05:42,5508,22053,15244,373,365,43542,926,151,14,1687,400,44,1302,232,30,926,151,14,Finisher,1000
Christopher,Chabot,Christopher Chabot,703,M25-29,Male,Lévis,QC,Canada,CA,1:20:18,5:51:00,4:39:11,0:07:48,0:07:33,12:05:50,4818,21060,16751,468,453,43550,927,776,149,862,674,122,858,748,132,927,776,149,Finisher,2510
Ian,Port,Ian Port,445,M55-59,Male,Ottawa,AA,Canada,CA,1:06:19,5:40:14,5:01:49,0:08:25,0:09:07,12:05:54,3979,20414,18109,505,547,43554,928,777,33,109,85,6,478,442,19,928,777,33,Finisher,1000
Mairannika,Martensson,Mairannika Martensson,2036,F25-29,Female,Wauwatosa,WI,United States,US,1:41:33,5:49:15,4:19:51,0:06:50,0:08:43,12:06:12,6093,20955,15591,410,523,43572,929,152,42,2074,526,94,1169,197,44,929,152,42,Finisher,2880
Gabriel,Salabi,Gabriel Salabi,2225,M18-24,Male,Beaconsfield,QC,Canada,CA,1:31:10,6:13:10,4:10:08,0:07:10,0:04:41,12:06:20,5470,22390,15008,430,281,43580,930,778,105,1657,1270,163,1402,1133,138,930,778,105,Finisher,1000
Felix,Cadorette,Felix Cadorette,1270,M18-24,Male,J7N 2S7,QC,Canada,CA,1:22:17,7:08:33,3:22:16,0:07:25,0:06:11,12:06:42,4937,25713,12136,445,371,43602,931,779,106,1005,780,112,1934,1493,179,931,779,106,Finisher,1000
Christian,Deschênes,Christian Deschênes,2332,M45-49,Male,Lévis,QC,Canada,CA,1:28:27,5:42:50,4:39:10,0:07:45,0:08:51,12:07:02,5307,20570,16750,465,531,43622,932,780,70,1495,1146,99,856,746,65,932,780,70,Finisher,2903
Yutaka,Jotaki,Yutaka Jotaki,1433,M35-39,Male,Taihikawashi Sakaecho 4-15-13 Mezonhuji101,JP-13,Japan,JP,1:16:23,5:04:56,5:31:06,0:09:23,0:05:15,12:07:03,4583,18296,19866,563,315,43623,933,781,107,577,457,61,225,214,33,933,781,107,Finisher,1000
Morag,Mackenzie,Morag Mackenzie,1513,F25-29,Female,Ottawa,ON,Canada,CA,1:19:10,6:28:02,4:00:36,0:09:07,0:10:19,12:07:14,4750,23282,14436,547,619,43634,934,153,43,785,171,42,1462,287,59,934,153,43,Finisher,1000
Jean Francois,Dansereau,Jean Francois Dansereau,2457,M50-54,Male,Montreal,QC,Canada,CA,1:08:18,5:30:16,5:09:16,0:08:12,0:11:22,12:07:24,4098,19816,18556,492,682,43644,935,782,75,163,128,14,379,353,36,935,782,75,Finisher,1000
Corby,Purdy,Corby Purdy,1921,M45-49,Male,Lindsay,ON,Canada,CA,1:15:07,5:48:32,4:48:50,0:06:23,0:08:33,12:07:25,4507,20912,17330,383,513,43645,936,783,71,501,394,29,716,636,55,936,783,71,Finisher,1000
Keegan,Brudnjak,Keegan Brudnjak,2356,M18-24,Male,Burlington,Ontario,Canada,CA,1:19:27,6:34:55,4:00:04,0:07:45,0:05:21,12:07:32,4767,23695,14404,465,321,43652,937,784,107,803,628,95,1552,1244,149,937,784,107,Finisher,2352
Noah,Corneau,Noah Corneau,368,M18-24,Male,Rosemère,QC,Canada,CA,1:28:35,5:58:11,4:26:26,0:08:51,0:05:30,12:07:33,5315,21491,15986,531,330,43653,938,785,108,1501,1150,149,1136,949,123,938,785,108,Finisher,1000
Jill,Chapman,Jill Chapman,274,F45-49,Female,Winnipeg,MB,Canada,CA,1:50:01,5:40:08,4:24:01,0:06:33,0:06:55,12:07:38,6601,20408,15841,393,415,43658,939,154,23,2204,566,77,1153,192,30,939,154,23,Finisher,3379
Michael,Messina,Michael Messina,931,M30-34,Male,CHARLOTTESVLE,VA,United States,US,1:30:50,5:55:29,4:25:04,0:10:23,0:06:14,12:07:59,5450,21329,15904,623,374,43679,940,786,120,1637,1255,189,1152,961,137,940,786,120,Finisher,1000
Jake,Kehoe,Jake Kehoe,2376,M25-29,Male,Marysville,OH,United States,US,1:32:35,6:04:12,4:14:17,0:07:44,0:09:16,12:08:04,5555,21852,15257,464,556,43684,941,787,150,1736,1323,221,1281,1055,169,941,787,150,Finisher,2483
Sheila,Joyce,Sheila Joyce,101,F25-29,Female,Jamestown,RI,United States,US,1:03:46,6:20:58,4:28:18,0:07:04,0:07:58,12:08:04,3826,22858,16098,424,478,43684,942,155,44,57,13,4,1074,172,40,942,155,44,Finisher,1000
Ross,Reed,Ross Reed,1294,M35-39,Male,Ottawa,ON,Canada,CA,1:28:14,5:49:04,4:27:55,0:10:32,0:12:19,12:08:05,5294,20944,16075,632,739,43685,943,788,108,1479,1136,137,1001,851,106,943,788,108,Finisher,1000
Matt,Cave,Matt Cave,2456,M50-54,Male,Uxbridge,ON,United Kingdom,GB,1:22:26,5:44:20,4:51:43,0:05:35,0:04:05,12:08:09,4946,20660,17503,335,245,43689,944,789,76,1021,792,78,756,668,71,944,789,76,Finisher,1000
Peter,Bentley,Peter Bentley,2413,M40-44,Male,London,LONDON,United Kingdom,GB,1:22:19,6:08:05,4:26:23,0:05:39,0:06:06,12:08:32,4939,22085,15983,339,366,43712,945,790,104,1011,785,90,1141,953,128,945,790,104,Finisher,2821
Ezequiel,Aguilar,Ezequiel Aguilar,355,M55-59,Male,Toronto,ON,Canada,CA,1:21:03,5:35:10,5:00:16,0:07:42,0:04:23,12:08:34,4863,20110,18016,462,263,43714,946,791,34,913,720,45,633,570,27,946,791,34,Finisher,1000
Rob,Grant,Rob Grant,554,M55-59,Male,Duncan,BC,Canada,CA,1:46:58,5:25:44,4:44:54,0:04:38,0:06:25,12:08:39,6418,19544,17094,278,385,43719,947,792,35,2160,1609,127,830,725,45,947,792,35,Finisher,2986
Patrick,Levesque,Patrick Levesque,224,M55-59,Male,Mont Tremblant,QC,Canada,CA,1:19:22,6:06:15,4:32:41,0:05:56,0:04:48,12:09:02,4762,21975,16361,356,288,43742,948,793,36,797,624,38,1071,901,56,948,793,36,Finisher,1000
Brad,Andre,Brad Andre,518,M35-39,Male,Ottawa,ON,Canada,CA,1:24:52,6:01:34,4:28:53,0:08:30,0:05:46,12:09:35,5092,21694,16133,510,346,43775,949,794,109,1243,963,121,1118,937,122,949,794,109,Finisher,1000
Dave,Donahue,Dave Donahue,614,M40-44,Male,Indianapolis,IN,United States,US,1:23:35,6:24:28,3:58:33,0:13:39,0:09:27,12:09:42,5015,23068,14313,819,567,43782,950,795,105,1129,874,100,1546,1240,161,950,795,105,Finisher,1000
Kyle,Welham,Kyle Welham,730,M25-29,Male,Burlington,ON,Canada,CA,1:31:50,5:45:17,4:40:00,0:06:52,0:05:52,12:09:52,5510,20717,16800,412,352,43792,951,796,151,1690,1290,215,935,800,139,951,796,151,Finisher,1000
Andrew,Rosenman,Andrew Rosenman,43,M55-59,Male,Chicago,IL,United States,US,1:31:01,6:00:25,4:22:45,0:09:08,0:06:36,12:09:55,5461,21625,15765,548,396,43795,952,797,37,1648,1264,89,1213,1002,69,952,797,37,Finisher,2971
Frederic,Gagnon,Frederic Gagnon,1531,M30-34,Male,Montreal,Quebec,Canada,CA,1:29:22,6:17:16,4:16:07,0:03:47,0:03:43,12:10:16,5362,22636,15367,227,223,43816,953,798,121,1553,1190,181,1381,1119,163,953,798,121,Finisher,2516
Jean-Paul,Beaulieu,Jean-Paul Beaulieu,144,M55-59,Male,Ottawa,ON,Canada,CA,1:14:39,5:40:52,4:57:53,0:09:27,0:07:35,12:10:25,4479,20452,17873,567,455,43825,954,799,38,467,367,21,653,585,30,954,799,38,Finisher,1000
Loïc,Plamondon,Loïc Plamondon,1939,M18-24,Male,Grondines,QC,Canada,CA,1:14:34,6:08:14,4:34:13,0:06:05,0:07:23,12:10:30,4474,22094,16453,365,443,43830,955,800,109,464,366,58,1024,866,111,955,800,109,Finisher,2316
Sam,Calandra,Sam Calandra,1493,M55-59,Male,HUDSON,MA,United States,US,1:24:23,5:34:50,4:54:04,0:09:45,0:07:32,12:10:34,5063,20090,17644,585,452,43834,956,801,39,1197,925,58,703,626,36,956,801,39,Finisher,1000
Thomas,Faucher,Thomas Faucher,1956,M25-29,Male,Sherbrooke,QC,Canada,CA,1:31:05,5:50:31,4:35:23,0:07:14,0:06:33,12:10:45,5465,21031,16523,434,393,43845,957,802,152,1652,1267,213,1021,863,150,957,802,152,Finisher,1000
Jonathan,Brault,Jonathan Brault,1883,M45-49,Male,Léry,QC,Canada,CA,1:11:47,4:54:33,5:54:05,0:05:01,0:05:20,12:10:46,4307,17673,21245,301,320,43846,958,803,72,308,241,16,89,88,8,958,803,72,Finisher,2859
Nicolas,Laliberté,Nicolas Laliberté,1728,M25-29,Male,Chambly,QC,Canada,CA,1:17:01,6:18:15,4:24:03,0:05:31,0:06:09,12:11:00,4621,22695,15843,331,369,43860,959,804,153,623,493,91,1217,1005,164,959,804,153,Finisher,2448
Kendall,Cietek,Kendall Cietek,408,F30-34,Female,glenmont,New York,United States,US,1:10:36,6:41:25,3:59:00,0:12:31,0:07:28,12:11:00,4236,24085,14340,751,448,43860,960,156,27,258,62,10,1582,322,51,960,156,27,Finisher,1000
Joel,Nogueira,Joel Nogueira,1947,M50-54,Male,Montréal,QUEBEC,Canada,CA,1:16:30,6:13:03,4:26:28,0:07:55,0:07:04,12:11:01,4590,22383,15988,475,424,43861,961,805,77,584,464,47,1164,969,101,961,805,77,Finisher,1000
Natalie,Mullin,Natalie Mullin,1221,F40-44,Female,Ottawa,ON,Canada,CA,1:12:42,5:52:45,4:50:39,0:07:10,0:07:45,12:11:01,4362,21165,17439,430,465,43861,962,157,19,359,78,9,760,89,15,962,157,19,Finisher,3500
Joel,Guillemin,Joel Guillemin,590,M35-39,Male,Winnipeg,MB,Canada,CA,1:17:43,6:28:02,4:09:13,0:09:06,0:06:58,12:11:03,4663,23282,14953,546,418,43863,963,806,110,679,534,74,1438,1159,138,963,806,110,Finisher,1000
Julia,Becker,Julia Becker,1853,F35-39,Female,Bellmawr,NJ,United States,US,1:23:51,5:51:53,4:43:55,0:05:27,0:05:58,12:11:04,5031,21113,17035,327,358,43864,964,158,17,1159,266,35,887,120,15,964,158,17,Finisher,1000
Peter,Voorhees,Peter Voorhees,947,M55-59,Male,Dryden,NY,United States,US,1:15:13,5:34:55,4:58:01,0:12:53,0:10:10,12:11:13,4513,20095,17881,773,610,43873,965,807,40,505,398,24,612,552,24,965,807,40,Finisher,1000
Denys,Neofitnyi,Denys Neofitnyi,2244,M40-44,Male,Toronto ,ONTARIO,Ukraine,UA,1:20:25,6:09:25,4:30:10,0:07:42,0:03:35,12:11:17,4825,22165,16210,462,215,43877,966,808,106,870,681,77,1167,972,129,966,808,106,Finisher,1000
James,Nguyen,James Nguyen,1824,M18-24,Male,Laval,Quebec,Canada,CA,1:22:16,5:50:44,4:44:04,0:07:39,0:06:49,12:11:32,4936,21044,17044,459,409,43892,967,809,110,1003,779,111,879,762,98,967,809,110,Finisher,2304
Michael,Benoit,Michael Benoit,1868,M25-29,Male,Terrebonne,QC,Canada,CA,1:16:23,5:57:57,4:30:18,0:14:42,0:12:21,12:11:41,4583,21477,16218,882,741,43901,968,810,154,578,458,83,1027,868,151,968,810,154,Finisher,1000
Joseph,Traunfeld,Joseph Traunfeld,2347,M35-39,Male,Chicago,IL,United States,US,1:35:03,6:04:23,4:19:46,0:07:21,0:05:12,12:11:45,5703,21863,15586,441,312,43905,969,811,111,1872,1424,162,1326,1087,133,969,811,111,Finisher,1000
Benjamin,Fabre,Benjamin Fabre,2510,M30-34,Male,Longueuil,Quebec,Canada,CA,1:33:00,5:54:46,4:33:07,0:06:48,0:04:03,12:11:45,5580,21286,16387,408,243,43905,970,812,122,1756,1337,197,1107,928,130,970,812,122,Finisher,1000
David,Nable,David Nable,2292,M45-49,Male,BEDFORD CORS,NY,United States,US,1:26:50,5:58:56,4:32:40,0:07:16,0:06:10,12:11:52,5210,21536,16360,436,370,43912,971,813,73,1375,1061,93,1092,916,84,971,813,73,Finisher,1000
Lina,Tovbis,Lina Tovbis,1028,F35-39,Female,Ottawa,ON,Canada,CA,1:16:55,6:28:08,4:17:05,0:05:59,0:03:46,12:11:53,4615,23288,15425,359,226,43913,972,159,18,613,128,21,1391,266,29,972,159,18,Finisher,1000
Jean-Philippe,Chamberland,Jean-Philippe Chamberland,2220,M30-34,Male,Granby,QC,Canada,CA,1:35:25,5:54:07,4:29:44,0:07:13,0:05:28,12:11:56,5725,21247,16184,433,328,43916,973,814,123,1884,1432,203,1154,962,138,973,814,123,Finisher,1000
Sophie,Wark,Sophie Wark,2267,F25-29,Female,Bedford,NS,Canada,CA,1:22:26,5:51:38,4:45:08,0:07:35,0:05:14,12:12:02,4946,21098,17108,455,314,43922,974,160,45,1020,229,53,893,122,27,974,160,45,Finisher,2810
Ben,Lex,Ben Lex,1498,M30-34,Male,Hudsonville,MI,United States,US,1:20:25,5:56:54,4:38:57,0:09:18,0:06:30,12:12:04,4825,21414,16737,558,390,43924,975,815,124,871,682,102,981,838,122,975,815,124,Finisher,1000
Logan,Anderson,Logan Anderson,1577,M18-24,Male,Warsaw,Indiana,United States,US,1:33:01,5:51:26,4:32:10,0:07:30,0:08:03,12:12:11,5581,21086,16330,450,483,43931,976,816,111,1758,1339,167,1076,904,116,976,816,111,Finisher,1000
Risa,Nakamura,Risa Nakamura,36,F18-24,Female,Vancouver,British Columbia,Canada,CA,1:36:18,5:41:44,4:43:26,0:06:06,0:05:11,12:12:45,5778,20504,17006,366,311,43965,977,161,12,1916,461,39,939,136,8,977,161,12,Finisher,1000
Gail,Walker,Gail Walker,959,F50-54,Female,Farnham,GB-GB-Surrey,United Kingdom,GB,1:19:18,5:50:08,4:49:57,0:06:56,0:06:32,12:12:51,4758,21008,17397,416,392,43971,978,162,15,790,172,17,813,102,9,978,162,15,Finisher,4102
Ian,Sharpe,Ian Sharpe,1307,M35-39,Male,Aurora,ON,Canada,CA,1:20:16,6:00:59,4:33:25,0:10:34,0:07:46,12:13:01,4816,21659,16405,634,466,43981,979,817,112,855,670,89,1075,903,117,979,817,112,Finisher,1000
Peter,MacTavish,Peter MacTavish,934,M50-54,Male,Ottawa,ON,Canada,CA,1:17:24,5:16:59,5:19:57,0:10:13,0:08:30,12:13:03,4644,19019,19197,613,510,43983,980,818,78,656,514,51,351,327,33,980,818,78,Finisher,1000
Serge,Béliveau,Serge Béliveau,1309,M55-59,Male,Montreal,QC,Canada,CA,1:31:15,5:51:03,4:27:35,0:12:36,0:10:35,12:13:04,5475,21063,16055,756,635,43984,981,819,41,1662,1271,90,1117,936,60,981,819,41,Finisher,2933
Tanner,Roy,Tanner Roy,702,M18-24,Male,Portage la Prairie,Manitoba,Canada,CA,1:18:05,5:53:30,4:51:44,0:04:50,0:04:58,12:13:07,4685,21210,17504,290,298,43987,982,820,112,709,554,88,815,713,88,982,820,112,Finisher,2285
Charles,Hoek Team Zoot,Charles Hoek Team Zoot,687,M40-44,Male,Noord,Queensland,Aruba,AW,1:41:01,5:22:15,4:53:58,0:09:57,0:06:00,12:13:11,6061,19335,17638,597,360,43991,983,821,107,2058,1539,190,771,679,89,983,821,107,Finisher,2765
Victoria,Taylor,Victoria Taylor,858,F18-24,Female,Oakville,ON,Canada,CA,1:13:06,6:33:57,4:12:48,0:05:15,0:08:13,12:13:20,4386,23637,15168,315,493,44000,984,163,13,386,80,6,1409,272,20,984,163,13,Finisher,4136
Nathan,Zahm,Nathan Zahm,1430,M40-44,Male,Berwyn,PA,United States,US,1:33:39,5:36:20,4:41:21,0:13:54,0:08:11,12:13:24,5619,20180,16881,834,491,44004,985,822,108,1790,1362,162,932,799,109,985,822,108,Finisher,2762
Morgan,Lamontagna,Morgan Lamontagna,1376,F30-34,Female,Calgary,AB,Canada,CA,1:16:31,6:15:21,4:30:32,0:05:50,0:05:12,12:13:27,4591,22521,16232,350,312,44007,986,164,28,587,121,20,1172,198,34,986,164,28,Finisher,3354
Stanford,Skelton,Stanford Skelton,623,M65-69,Male,Ely,MN,United States,US,1:26:07,5:34:35,4:53:16,0:09:21,0:10:17,12:13:37,5167,20075,17596,561,617,44017,987,823,6,1326,1028,10,720,640,3,987,823,6,Finisher,1000
Jessica,Warrack,Jessica Warrack,126,F30-34,Female,Calgary,AB,Canada,CA,0:58:33,5:58:17,4:59:08,0:07:35,0:10:27,12:14:01,3513,21497,17948,455,627,44041,988,165,29,11,1,1,639,64,9,988,165,29,Finisher,3347
Ryan,Graves,Ryan Graves,1087,M40-44,Male,Rutland,MA,United States,US,1:29:07,5:49:40,4:44:52,0:06:06,0:04:19,12:14:04,5347,20980,17092,366,259,44044,989,824,109,1537,1178,135,951,815,111,989,824,109,Finisher,2754
Jacob,Bray,Jacob Bray,1878,M25-29,Male,Welland,ON,Canada,CA,1:17:03,5:47:28,4:55:07,0:09:15,0:05:23,12:14:16,4623,20848,17707,555,323,44056,990,825,155,626,495,92,781,686,123,990,825,155,Finisher,1000
Kevin,Hatch,Kevin Hatch,618,M40-44,Male,Fernie,BC,Canada,CA,1:21:49,5:47:23,4:52:11,0:06:36,0:06:19,12:14:18,4909,20843,17531,396,379,44058,991,826,110,974,757,86,805,707,95,991,826,110,Finisher,1000
Luisa,Juhnke,Luisa Juhnke,1512,F30-34,Female,Dashwood,ON,Canada,CA,1:20:33,5:32:53,5:06:38,0:06:57,0:07:41,12:14:42,4833,19973,18398,417,461,44082,992,166,30,882,191,32,571,50,7,992,166,30,Finisher,3339
Rina,Toteda,Rina Toteda,1611,F50-54,Female,Surrey,BC,Canada,CA,1:38:53,5:59:03,4:17:42,0:06:47,0:12:20,12:14:45,5933,21543,15462,407,740,44085,993,167,16,2009,496,61,1286,229,28,993,167,16,Finisher,1000
Keiran,Cooper,Keiran Cooper,2176,M35-39,Male,North Vancouver,BC,United Kingdom,GB,1:24:24,5:49:55,4:41:31,0:10:26,0:08:31,12:14:46,5064,20995,16891,626,511,44086,994,827,113,1200,928,114,948,812,104,994,827,113,Finisher,1000
William,Schoen,William Schoen,1651,M30-34,Male,Philadelphia,PA,United States,US,1:24:51,6:07:09,4:29:36,0:07:19,0:05:55,12:14:51,5091,22029,16176,439,355,44091,995,828,125,1242,962,151,1192,988,142,995,828,125,Finisher,1000
Nathan,Austhof,Nathan Austhof,47,M50-54,Male,WOODSTOCK,GA,United States,US,1:18:28,5:42:20,4:53:14,0:12:17,0:08:33,12:14:52,4708,20540,17594,737,513,44092,996,829,79,736,573,56,765,675,72,996,829,79,Finisher,1000
Michael,Cooper,Michael Cooper,1774,M25-29,Male,Richmond,VA,United States,US,1:09:49,6:04:55,4:36:40,0:10:15,0:13:22,12:15:01,4189,21895,16600,615,802,44101,997,830,156,228,174,34,953,817,142,997,830,156,Finisher,1000
Simon,Codere,Simon Codere,351,M35-39,Male,lorraine,QC,Canada,CA,1:24:28,6:42:29,3:45:27,0:10:45,0:11:53,12:15:01,5068,24149,13527,645,713,44101,998,831,114,1205,932,115,1729,1358,157,998,831,114,Finisher,1000
Louise,Taylor,Louise Taylor,1526,F55-59,Female,Calgary,CA-AB,Canada,CA,1:21:11,6:10:11,4:34:02,0:05:11,0:04:57,12:15:30,4871,22211,16442,311,297,44130,999,168,3,922,197,9,1148,191,10,999,168,3,Finisher,4370
Bryan,Caporicci,Bryan Caporicci,1107,M35-39,Male,Pelham,ON,Canada,CA,1:06:35,5:42:25,5:12:16,0:08:20,0:06:11,12:15:46,3995,20545,18736,500,371,44146,1000,832,115,116,91,12,519,478,65,1000,832,115,Finisher,1000
Michael,Zaro,Michael Zaro,2290,M45-49,Male,Bedford,NY,United States,US,1:24:29,5:52:43,4:43:44,0:06:38,0:08:16,12:15:50,5069,21163,17024,398,496,44150,1001,833,74,1209,935,80,930,798,72,1001,833,74,Finisher,1000
David,Parsons,David Parsons,228,M60-64,Male,Portland,OR,United States,US,1:29:16,5:19:48,5:12:24,0:07:34,0:06:51,12:15:53,5356,19188,18744,454,411,44153,1002,834,16,1548,1186,46,508,468,10,1002,834,16,Finisher,3558
Terry,Burt,Terry Burt,658,M55-59,Male,Rothesay,NEW BRUNSWICK,Canada,CA,1:11:14,5:49:09,5:02:41,0:06:03,0:06:51,12:15:58,4274,20949,18161,363,411,44158,1003,835,42,281,218,14,674,603,32,1003,835,42,Finisher,1000
Audrey-Ann,Poulin,Audrey-Ann Poulin,1938,F30-34,Female,Saint-Jacques-le-Mineur,QUEBEC,Canada,CA,1:41:10,6:22:07,3:57:28,0:08:39,0:06:38,12:16:03,6070,22927,14248,519,398,44163,1004,169,31,2063,521,81,1660,345,55,1004,169,31,Finisher,1000
Adrien,Heurtebise,Adrien Heurtebise,2024,M40-44,Male,MONTREAL,QUEBEC,France,FR,1:30:51,5:40:37,4:43:37,0:09:07,0:11:51,12:16:03,5451,20437,17017,547,711,44163,1005,836,111,1638,1256,145,878,761,104,1005,836,111,Finisher,1000
Jamie,Burdon,Jamie Burdon,876,M60-64,Male,Sherwood Park,AB,Canada,CA,1:22:47,6:00:58,4:33:52,0:10:06,0:08:26,12:16:09,4967,21658,16432,606,506,44169,1006,837,17,1047,806,30,1102,924,28,1006,837,17,Finisher,1000
Pier,Alexandre,Pier Alexandre,1791,M35-39,Male,Saint-hubert,QC,Canada,CA,1:32:05,5:52:57,4:16:44,0:11:18,0:23:11,12:16:17,5525,21177,15404,678,1391,44177,1007,838,116,1709,1304,153,1145,956,124,1007,838,116,Finisher,1000
Brian,Whitesell,Brian Whitesell,832,M45-49,Male,Broomfield,CO,United States,US,1:05:39,5:41:29,5:09:03,0:07:43,0:12:26,12:16:20,3939,20489,18543,463,746,44180,1008,839,75,91,69,2,476,440,41,1008,839,75,Finisher,2792
Lisa,Scott,Lisa Scott,2447,F50-54,Female,Dundas,ON,Canada,CA,1:27:13,5:55:01,4:39:59,0:06:01,0:08:29,12:16:43,5233,21301,16799,361,509,44203,1009,170,17,1403,326,35,1012,154,18,1009,170,17,Finisher,4055
Connor,Heggart,Connor Heggart,379,M30-34,Male,Toronto,ON,Canada,CA,1:39:49,5:59:00,4:19:48,0:10:19,0:07:47,12:16:43,5989,21540,15588,619,467,44203,1010,840,126,2026,1522,210,1364,1109,161,1010,840,126,Finisher,1000
cameron,vanoordt,cameron vanoordt,39,M40-44,Male,Kitchener,ON,Canada,CA,1:18:44,5:26:09,5:21:41,0:05:07,0:05:06,12:16:47,4724,19569,19301,307,306,44207,1011,841,112,756,591,62,415,385,61,1011,841,112,Finisher,2722
Belle,Thomas,Belle Thomas,167,F35-39,Female,Glasgow,KY,United States,US,1:25:31,6:12:37,4:21:32,0:07:52,0:09:16,12:16:48,5131,22357,15692,472,556,44208,1012,171,19,1287,292,37,1312,234,26,1012,171,19,Finisher,1000
Megan,Kamphuis,Megan Kamphuis,2444,F30-34,Female,Edmonton,AB,Canada,CA,1:31:55,5:52:14,4:29:28,0:14:25,0:08:53,12:16:55,5515,21134,16168,865,533,44215,1013,172,32,1696,402,64,1183,202,36,1013,172,32,Finisher,3312
Yahya,Aliabadizadeh,Yahya Aliabadizadeh,333,M55-59,Male,BETHESDA,MD,Iran,IR,1:34:45,5:27:29,4:58:27,0:07:48,0:08:29,12:16:58,5685,19649,17907,468,509,44218,1014,842,43,1855,1411,102,717,637,37,1014,842,43,Finisher,2886
Peter,Johnson,Peter Johnson,2217,M60-64,Male,London,ON,Canada,CA,1:34:51,5:21:20,5:07:13,0:06:54,0:06:51,12:17:09,5691,19280,18433,414,411,44229,1015,843,18,1863,1418,58,613,553,17,1015,843,18,Finisher,1000
Paola,Martinez,Paola Martinez,1963,F45-49,Female,Saint-Philippe,QC,Canada,CA,1:20:17,5:55:55,4:44:26,0:07:10,0:09:26,12:17:13,4817,21355,17066,430,566,44233,1016,173,24,857,186,26,924,132,22,1016,173,24,Finisher,1000
Rishi,Nangia,Rishi Nangia,1038,M50-54,Male,FALLS CHURCH,US-VA,United States,US,1:24:02,5:44:31,4:39:56,0:14:06,0:14:46,12:17:21,5042,20671,16796,846,886,44241,1017,844,80,1168,902,89,909,784,82,1017,844,80,Finisher,1000
Eric Hùng,Nguyễn,Eric Hùng Nguyễn,239,M45-49,Male,Hochiminh,VN-SG,Vietnam,VN,1:47:08,6:04:02,4:14:37,0:07:16,0:04:24,12:17:26,6428,21842,15277,436,264,44246,1018,845,76,2164,1611,154,1498,1202,120,1018,845,76,Finisher,1000
Kirby,Le,Kirby Le,1097,M25-29,Male,Surrey,BC,Canada,CA,1:23:50,6:33:51,3:56:06,0:13:43,0:10:07,12:17:37,5030,23631,14166,823,607,44257,1019,846,157,1156,892,152,1655,1313,213,1019,846,157,Finisher,1000
Michael,Morrison,Michael Morrison,1108,M30-34,Male,Richmond Hill,ON,Canada,CA,1:16:31,6:16:24,4:27:09,0:09:26,0:08:09,12:17:38,4591,22584,16029,566,489,44258,1020,847,127,585,465,72,1244,1027,150,1020,847,127,Finisher,1000
Brett,Buchanan,Brett Buchanan,2118,M50-54,Male,Edmonton,AB,Canada,CA,1:15:29,6:11:41,4:31:30,0:07:56,0:11:06,12:17:42,4529,22301,16290,476,666,44262,1021,848,81,524,415,41,1125,942,98,1021,848,81,Finisher,1000
Trevor,Courtis,Trevor Courtis,2340,M35-39,Male,St. Thomas,ON,Canada,CA,1:17:51,6:16:50,4:26:37,0:07:36,0:08:55,12:17:49,4671,22610,15997,456,535,44269,1022,849,117,686,538,76,1242,1025,129,1022,849,117,Finisher,1000
Anthony,Panza,Anthony Panza,2548,M18-24,Male,Leo,IN,United States,US,1:16:07,6:07:30,4:43:51,0:05:14,0:05:10,12:17:52,4567,22050,17031,314,310,44272,1023,850,113,563,446,72,1022,864,110,1023,850,113,Finisher,1000
Simon,Li,Simon Li,1549,M35-39,Male,Toronto,Ontario,Canada,CA,1:33:11,6:05:23,4:20:08,0:12:00,0:07:11,12:17:53,5591,21923,15608,720,431,44273,1024,851,118,1766,1346,159,1382,1120,137,1024,851,118,Finisher,1000
Nick,Gkikas,Nick Gkikas,56,M45-49,Male,Chorley,Lancashire,United Kingdom,GB,1:28:09,6:07:30,4:27:26,0:07:19,0:07:47,12:18:12,5289,22050,16046,439,467,44292,1025,852,77,1471,1128,98,1255,1034,96,1025,852,77,Finisher,1000
Anthony,Carello,Anthony Carello,731,M25-29,Male,Burlington,ON,Canada,CA,1:25:35,5:56:57,4:38:11,0:09:46,0:07:45,12:18:13,5135,21417,16691,586,465,44293,1026,853,158,1292,999,171,1084,909,156,1026,853,158,Finisher,1000
Robert,Schnell,Robert Schnell,453,M45-49,Male,Calgary,AB,Canada,CA,1:19:16,5:53:50,4:52:46,0:05:12,0:07:10,12:18:14,4756,21230,17566,312,430,44294,1027,854,78,787,616,49,841,732,63,1027,854,78,Finisher,2769
Crissy,Pastorius,Crissy Pastorius,499,F35-39,Female,Windsor,ON,Canada,CA,1:11:29,6:10:34,4:41:20,0:06:08,0:08:47,12:18:18,4289,22234,16880,368,527,44298,1028,174,20,293,65,10,1009,153,18,1028,174,20,Finisher,1000
Alexandre,Blackburn,Alexandre Blackburn,1266,M45-49,Male,Gatineau,QC,Canada,CA,1:18:25,5:56:17,4:45:58,0:07:57,0:09:43,12:18:21,4705,21377,17158,477,583,44301,1029,855,79,732,570,45,908,783,70,1029,855,79,Finisher,1000
Jessica,Michalofsky,Jessica Michalofsky,1721,F55-59,Female,Esquimalt,BC,Canada,CA,1:17:02,6:05:20,4:44:12,0:05:07,0:06:47,12:18:27,4622,21920,17052,307,407,44307,1030,175,4,625,131,7,994,147,7,1030,175,4,Finisher,1000
Thomas,Pobojewski,Thomas Pobojewski,2418,M40-44,Male,Oakville,ON,Canada,CA,1:19:32,5:51:18,4:47:21,0:09:33,0:10:44,12:18:27,4772,21078,17241,573,644,44307,1031,856,113,809,632,69,874,757,103,1031,856,113,Finisher,1000
Steven,Lee,Steven Lee,999,M50-54,Male,Brooklyn,NY,United States,US,1:33:30,5:36:38,4:55:30,0:05:46,0:07:13,12:18:37,5610,20198,17730,346,433,44317,1032,857,82,1779,1355,145,808,708,77,1032,857,82,Finisher,2812
Rachel,Welsford,Rachel Welsford,485,F18-24,Female,Pickering,ON,Canada,CA,1:18:29,6:10:17,4:38:20,0:06:11,0:05:34,12:18:50,4709,22217,16700,371,334,44330,1033,176,14,737,164,12,1119,182,13,1033,176,14,Finisher,4070
Carol Ann,Millner,Carol Ann Millner,548,F50-54,Female,LEWISVILLE,NC,United States,US,1:26:03,5:54:50,4:46:26,0:06:46,0:04:53,12:18:59,5163,21290,17186,406,293,44339,1034,177,18,1322,298,31,999,150,15,1034,177,18,Finisher,1000
Simon,Trepanier,Simon Trepanier,1786,M30-34,Male,Saint-Augustin-de-Desmaures,Quebec,Canada,CA,1:17:50,6:09:34,4:25:47,0:10:31,0:15:31,12:19:12,4670,22174,15947,631,931,44352,1035,858,128,684,537,81,1175,976,140,1035,858,128,Finisher,1000
Yannick,Boulanger,Yannick Boulanger,1655,M50-54,Male,Victoriaville,QC,Canada,CA,1:32:06,5:56:46,4:25:31,0:14:13,0:10:40,12:19:16,5526,21406,15931,853,640,44356,1036,859,83,1712,1307,138,1257,1036,107,1036,859,83,Finisher,1000
Antoine,Côté,Antoine Côté,2449,M18-24,Male,Saint-Jean-Baptiste,QC,Canada,CA,1:12:12,6:09:52,4:46:21,0:06:29,0:04:28,12:19:21,4332,22192,17181,389,268,44361,1037,860,114,326,256,41,1015,860,109,1037,860,114,Finisher,1000
Marieve,Tessier-Proulx,Marieve Tessier-Proulx,1978,F25-29,Female,Saint-Hippolyte,QC,Canada,CA,1:22:46,5:59:59,4:42:05,0:06:04,0:08:43,12:19:37,4966,21599,16925,364,523,44377,1038,178,46,1046,241,55,1020,158,33,1038,178,46,Finisher,2719
Aidan,Bain,Aidan Bain,2512,M30-34,Male,Toronto,ON,Canada,CA,1:17:56,5:50:54,4:54:51,0:07:34,0:09:07,12:20:22,4676,21054,17691,454,547,44422,1039,861,129,695,545,83,814,712,105,1039,861,129,Finisher,1000
Patrick,Timmons,Patrick Timmons,2165,M50-54,Male,Saint-Hyacinthe,QC,Canada,CA,1:47:30,5:56:04,4:16:12,0:11:41,0:08:56,12:20:23,6450,21364,15372,701,536,44423,1040,862,84,2169,1615,177,1441,1161,120,1040,862,84,Finisher,2791
Evan,Moquin,Evan Moquin,1629,M18-24,Male,Chambly,Québec ,Canada,CA,1:23:17,6:14:37,4:28:30,0:06:53,0:07:06,12:20:24,4997,22477,16110,413,426,44424,1041,863,115,1093,845,121,1289,1059,134,1041,863,115,Finisher,2197
Christian,Poiré,Christian Poiré,1700,M55-59,Male,Lévis,QC,Canada,CA,1:20:28,5:45:02,4:57:37,0:08:58,0:08:28,12:20:33,4828,20702,17857,538,508,44433,1042,864,44,875,685,43,787,691,41,1042,864,44,Finisher,1000
Connor,Pashe,Connor Pashe,701,M18-24,Male,Portage la prairie ,MANITOBA,Canada,CA,1:18:16,5:57:26,4:56:51,0:04:42,0:03:23,12:20:38,4696,21446,17811,282,203,44438,1043,865,116,722,563,89,875,758,97,1043,865,116,Finisher,2195
Myguel,Bouchard,Myguel Bouchard,2461,M35-39,Male,Marieville,QC,Canada,CA,1:27:35,5:45:34,4:49:06,0:09:29,0:09:07,12:20:51,5255,20734,17346,569,547,44451,1044,866,119,1436,1104,134,907,782,100,1044,866,119,Finisher,1000
Roger,BILLINGS,Roger BILLINGS,356,M55-59,Male,Coquitlam,CA-BC,Canada,CA,1:17:58,6:09:41,4:38:30,0:07:34,0:07:20,12:21:04,4678,22181,16710,454,440,44464,1045,867,45,699,547,32,1129,944,61,1045,867,45,Finisher,1000
Jon,Graham,Jon Graham,1780,M45-49,Male,NDIP,QC,Canada,CA,1:20:48,6:11:16,4:32:29,0:08:13,0:08:19,12:21:05,4848,22276,16349,493,499,44465,1046,868,80,894,701,59,1207,997,92,1046,868,80,Finisher,1000
Jon,Holt,Jon Holt,467,M45-49,Male,Okotoks,AB,Canada,CA,1:34:04,5:58:30,4:36:41,0:06:21,0:05:30,12:21:05,5644,21510,16601,381,330,44465,1047,869,81,1817,1380,128,1187,984,91,1047,869,81,Finisher,2735
Tina,Perilli,Tina Perilli,580,F50-54,Female,BRANTFORD,Select...,Canada,CA,1:33:54,5:51:56,4:45:36,0:05:28,0:04:15,12:21:09,5634,21116,17136,328,255,44469,1048,179,19,1807,435,51,1068,169,20,1048,179,19,Finisher,1000
Eric,Fayard,Eric Fayard,2237,M60-64,Male,NAPLES,FL,France,FR,1:33:26,5:44:34,4:51:33,0:06:13,0:05:25,12:21:11,5606,20674,17493,373,325,44471,1049,870,19,1775,1352,52,942,806,23,1049,870,19,Finisher,3495
Marco,Guerrini,Marco Guerrini,1446,M50-54,Male,CONCESIO (BS),IT-foreigner,Italy,IT,1:17:30,5:48:01,5:04:37,0:06:38,0:04:48,12:21:34,4650,20881,18277,398,288,44494,1050,871,85,667,524,53,753,666,70,1050,871,85,Finisher,1000
François ,Hervieux ,François Hervieux,2132,M45-49,Male,Repentigny ,Quebec,Canada,CA,1:52:33,5:27:15,4:45:16,0:06:28,0:10:10,12:21:41,6753,19635,17116,388,610,44501,1051,872,82,2221,1651,157,975,832,74,1051,872,82,Finisher,1000
Sarahève,Racette,Sarahève Racette,896,F25-29,Female,Saint-Jérôme,QC,Canada,CA,1:27:18,6:15:36,4:19:23,0:08:20,0:11:12,12:21:49,5238,22536,15563,500,672,44509,1052,180,47,1418,330,67,1395,268,55,1052,180,47,Finisher,1000
Deanna,Bralten,Deanna Bralten,2485,F35-39,Female,Toronto,Ontario,Canada,CA,1:21:52,6:12:14,4:36:09,0:05:36,0:06:07,12:21:56,4912,22334,16569,336,367,44516,1053,181,21,979,218,28,1198,207,24,1053,181,21,Finisher,1000
Erinn,Stenman-Fahey,Erinn Stenman-Fahey,734,F25-29,Female,Starkville,Mississippi,Canada,CA,1:20:05,6:44:43,4:00:36,0:08:00,0:08:37,12:22:02,4805,24283,14436,480,517,44522,1054,182,48,839,182,46,1676,351,71,1054,182,48,Finisher,1000
Mat,Babol,Mat Babol,2590,M35-39,Male,Etobicoke,ON,Canada,CA,1:28:38,5:28:49,5:07:39,0:07:31,0:09:48,12:22:25,5318,19729,18459,451,588,44545,1055,873,120,1503,1152,139,654,586,80,1055,873,120,Finisher,1000
Maheux,Tony,Maheux Tony,2497,M45-49,Male,Laval,QC,Canada,CA,1:32:01,5:54:45,4:39:51,0:08:15,0:07:41,12:22:33,5521,21285,16791,495,461,44553,1056,874,83,1704,1300,117,1121,938,88,1056,874,83,Finisher,1000
Joris,De la cruz,Joris De la cruz,2599,M35-39,Male,Montréal,QC,France,FR,1:11:53,6:10:13,4:41:59,0:09:55,0:08:47,12:22:47,4313,22213,16919,595,527,44567,1057,875,121,311,243,31,1079,905,118,1057,875,121,Finisher,1000
Trevor,Tessier,Trevor Tessier,327,M35-39,Male,Weyburn,SK,Canada,CA,1:14:16,5:40:44,5:07:12,0:08:49,0:11:50,12:22:52,4456,20444,18432,529,710,44572,1058,876,122,446,355,51,631,568,79,1058,876,122,Finisher,1000
Clarence,Paquin,Clarence Paquin,1806,F30-34,Female,Quebec,QC,Canada,CA,1:31:18,6:22:13,4:14:16,0:07:31,0:07:46,12:23:04,5478,22933,15256,451,466,44584,1059,183,33,1666,393,63,1532,303,48,1059,183,33,Finisher,3238
Zach,Pinault,Zach Pinault,1750,M18-24,Male,Lévis,QC,Canada,CA,1:24:43,5:46:10,4:58:34,0:06:19,0:07:35,12:23:22,5083,20770,17914,379,455,44602,1060,877,117,1236,957,132,827,723,90,1060,877,117,Finisher,1000
Daniel,Ouellette,Daniel Ouellette,2527,M45-49,Male,Mascouche,Quebec,Canada,CA,1:41:59,5:59:48,4:29:48,0:05:27,0:06:24,12:23:27,6119,21588,16188,327,384,44607,1061,878,84,2082,1554,145,1334,1090,104,1061,878,84,Finisher,1000
John,Brock,John Brock,2489,M30-34,Male,Centennial,CO,United States,US,1:20:51,5:56:10,4:36:06,0:16:11,0:14:10,12:23:27,4851,21370,16566,971,850,44607,1062,879,130,897,704,108,1096,919,128,1062,879,130,Finisher,2358
Andy,CHEN,Andy CHEN,2384,M30-34,Male,Mountain View,US-CA,United States,US,1:22:12,6:07:14,4:32:22,0:07:12,0:14:29,12:23:30,4932,22034,16342,432,869,44610,1063,880,131,999,776,119,1151,960,136,1063,880,131,Finisher,2358
Sara,Mertz,Sara Mertz,1875,M25-29,Female,West Bloomfield,Michigan,United States,US,1:23:17,6:17:47,4:20:45,0:11:22,0:10:30,12:23:41,4997,22667,15645,682,630,44621,1064,881,159,1091,843,144,1412,1139,185,1064,881,159,Finisher,1000
Emily,Dye,Emily Dye,1168,F40-44,Female,Trowbridge,N/A,United Kingdom,GB,1:25:06,6:09:36,4:26:03,0:12:56,0:10:02,12:23:43,5106,22176,15963,776,602,44623,1065,184,20,1260,286,31,1340,247,25,1065,184,20,Finisher,3347
Brian,Irvine,Brian Irvine,2106,M30-34,Male,Ottawa,ON,Canada,CA,1:23:18,5:28:41,5:22:41,0:05:22,0:03:41,12:23:43,4998,19721,19361,322,221,44623,1066,882,132,1095,847,129,521,480,64,1066,882,132,Finisher,1000
Brayden,Roy,Brayden Roy,2149,M30-34,Male,Kingston,ON,Canada,CA,1:25:21,6:23:39,4:18:22,0:08:43,0:07:46,12:23:51,5121,23019,15502,523,466,44631,1067,883,133,1280,991,156,1487,1194,169,1067,883,133,Finisher,1000
Nicole,Byrne,Nicole Byrne,265,F30-34,Female,Calgary,AB,Canada,CA,1:27:17,6:18:27,4:26:52,0:05:32,0:06:13,12:24:22,5237,22707,16012,332,373,44662,1068,185,34,1417,329,52,1397,269,45,1068,185,34,Finisher,3223
Simon,Jones,Simon Jones,2299,M50-54,Male,Kemptville,CA-ON,Canada,CA,1:04:23,5:25:51,5:42:20,0:05:42,0:06:11,12:24:26,3863,19551,20540,342,371,44666,1069,884,86,69,50,7,265,252,26,1069,884,86,Finisher,2743
Felipe ,Valenzuela ,Felipe Valenzuela,1304,M30-34,Male,Etobicoke,ON,Colombia,CO,1:24:40,6:11:27,4:37:01,0:05:25,0:06:03,12:24:35,5080,22287,16621,325,363,44675,1070,885,134,1229,950,148,1227,1013,146,1070,885,134,Finisher,1000
Alec,Ferron,Alec Ferron,1668,M50-54,Male,Rivière Héva,QC,Canada,CA,1:37:30,5:35:36,4:59:39,0:05:50,0:06:01,12:24:35,5850,20136,17979,350,361,44675,1071,886,87,1969,1489,161,852,742,79,1071,886,87,Finisher,2741
Anass,Ouliouel,Anass Ouliouel,995,M40-44,Male,Ottawa ,ONTARIO,Morocco,MA,1:36:00,6:00:31,4:31:35,0:08:02,0:08:44,12:24:51,5760,21631,16295,482,524,44691,1072,887,114,1902,1447,175,1282,1056,142,1072,887,114,Finisher,1000
Myron,Martens,Myron Martens,1441,M60-64,Male,rosthern,SK,Canada,CA,1:19:23,6:10:27,4:37:10,0:10:28,0:07:36,12:25:05,4763,22227,16630,628,456,44705,1073,888,20,798,625,19,1208,998,32,1073,888,20,Finisher,1000
Siméon,Bilodeau,Siméon Bilodeau,800,M18-24,Male,jonquiere,Quebec,Canada,CA,1:21:48,5:53:32,4:52:30,0:07:01,0:10:15,12:25:06,4908,21212,17550,421,615,44706,1074,889,118,973,756,108,903,779,100,1074,889,118,Finisher,1000
Sneeta,Takhar,Sneeta Takhar,150,F55-59,Female,Powell River,BC,Canada,CA,1:36:46,6:11:49,4:26:23,0:05:27,0:04:44,12:25:08,5806,22309,15983,327,284,44708,1075,186,5,1940,470,28,1426,277,19,1075,186,5,Finisher,4254
David,Mcstay,David Mcstay,2153,M40-44,Male,Bolton,GMT,United Kingdom,GB,1:35:24,6:06:34,4:31:07,0:07:17,0:04:54,12:25:16,5724,21994,16267,437,294,44716,1076,890,115,1882,1430,172,1365,1110,146,1076,890,115,Finisher,1000
Meghan ,Finley ,Meghan Finley,2617,F18-24,Female,Bloomington,IN,United States,US,1:23:27,6:28:07,4:19:54,0:06:32,0:07:20,12:25:19,5007,23287,15594,392,440,44719,1077,187,15,1113,252,18,1494,295,23,1077,187,15,Finisher,3992
Tess,Johnston-Iafelice,Tess Johnston-Iafelice,1009,F30-34,Female,Ottawa,ON,Canada,CA,1:13:47,6:17:01,4:44:36,0:03:56,0:06:02,12:25:23,4427,22621,17076,236,362,44723,1078,188,35,422,86,13,1110,180,30,1078,188,35,Finisher,3210
Kirk,Felton,Kirk Felton,414,M55-59,Male,Blacksburg,US-VA,United States,US,1:32:28,5:40:45,4:58:22,0:07:15,0:06:44,12:25:36,5548,20445,17902,435,404,44736,1079,891,46,1730,1318,93,876,759,46,1079,891,46,Finisher,2782
Richard,Mills,Richard Mills,2100,M40-44,Male,Toronto,ON,Canada,CA,1:31:16,5:44:19,4:48:02,0:12:24,0:09:58,12:26:00,5476,20659,17282,744,598,44760,1080,892,116,1663,1272,148,1005,855,118,1080,892,116,Finisher,1000
Jacob,Fournier,Jacob Fournier,2451,M18-24,Male,Mont-Saint-Hilaire,QC,Canada,CA,1:20:22,6:26:09,4:25:32,0:07:08,0:06:50,12:26:02,4822,23169,15932,428,410,44762,1081,893,119,865,677,99,1421,1147,139,1081,893,119,Finisher,1000
Matthew ,Drown,Matthew Drown,2414,M40-44,Male,Durham,North Carolina,United States,US,1:30:43,6:14:55,4:23:05,0:09:02,0:08:18,12:26:04,5443,22495,15785,542,498,44764,1082,894,117,1631,1251,142,1432,1154,152,1082,894,117,Finisher,2610
Clarence,Simon,Clarence Simon,69,M45-49,Male,Montréal,Quebec,Canada,CA,1:34:23,6:03:17,4:26:50,0:10:48,0:10:51,12:26:09,5663,21797,16010,648,651,44769,1083,895,85,1838,1395,130,1352,1101,108,1083,895,85,Finisher,1000
Olivier,St-Jean,Olivier St-Jean,1515,M30-34,Male,Québec,QC,Canada,CA,1:15:30,5:50:41,5:05:59,0:06:09,0:07:54,12:26:13,4530,21041,18359,369,474,44773,1084,896,135,526,417,63,755,667,96,1084,896,135,Finisher,2325
Paul,Cabral,Paul Cabral,2431,M50-54,Male,Rochester,NY,United States,US,1:25:09,5:36:31,5:07:49,0:08:48,0:08:05,12:26:22,5109,20191,18469,528,485,44782,1085,897,88,1266,979,98,726,645,67,1085,897,88,Finisher,1000
Brian,Silliphant,Brian Silliphant,2021,M40-44,Male,Toronto,ON,Canada,CA,1:30:59,5:59:42,4:32:29,0:10:44,0:12:40,12:26:34,5459,21582,16349,644,760,44794,1086,898,118,1646,1262,146,1225,1011,135,1086,898,118,Finisher,1000
Mathis,Beaudoin,Mathis Beaudoin,2261,M18-24,Male,Québec,Quebec,Canada,CA,1:23:17,5:41:55,5:09:38,0:06:00,0:05:50,12:26:40,4997,20515,18578,360,350,44800,1087,899,120,1092,844,120,739,655,81,1087,899,120,Finisher,1000
Karianne,Bélanger,Karianne Bélanger,2123,F30-34,Female,Gatineau,QC,Canada,CA,1:25:40,5:52:27,4:55:14,0:05:13,0:08:08,12:26:41,5140,21147,17714,313,488,44801,1088,189,36,1298,294,46,920,130,21,1088,189,36,Finisher,1000
Matt,Kostuch,Matt Kostuch,1156,M25-29,Male,Bowmanville,Ontario,Canada,CA,1:23:34,6:30:23,4:05:31,0:12:59,0:14:25,12:26:51,5014,23423,14731,779,865,44811,1089,900,160,1126,871,150,1613,1282,209,1089,900,160,Finisher,1000
Britney,Mosey,Britney Mosey,33,F35-39,Female,Prior Lake,MN,United States,US,1:21:19,6:22:03,4:32:09,0:06:39,0:04:42,12:26:52,4879,22923,16329,399,282,44812,1090,190,22,934,202,26,1375,260,27,1090,190,22,Finisher,1000
Stephen,MacDonald,Stephen MacDonald,1090,M55-59,Male,Innisfil,ON,Canada,CA,1:18:09,5:41:01,5:07:09,0:11:22,0:09:30,12:27:09,4689,20461,18429,682,570,44829,1091,901,47,716,559,33,729,646,38,1091,901,47,Finisher,1000
Lucas,Ibba,Lucas Ibba,1258,M30-34,Male,Montréal,QC,France,FR,1:12:20,6:06:33,4:54:46,0:06:31,0:07:15,12:27:25,4340,21993,17686,391,435,44845,1092,902,136,334,263,45,962,823,119,1092,902,136,Finisher,1000
valerie,deland,valerie deland,2041,F45-49,Female,Rougemont ,QC,Canada,CA,1:35:19,5:56:04,4:43:55,0:06:26,0:05:41,12:27:25,5719,21364,17035,386,341,44845,1093,191,25,1880,452,61,1173,199,32,1093,191,25,Finisher,3141
Francois,Guitard,Francois Guitard,242,M35-39,Male,Ottawa,ON,Canada,CA,1:24:53,6:02:43,4:47:01,0:06:33,0:06:21,12:27:31,5093,21763,17221,393,381,44851,1094,903,123,1245,965,122,1103,925,119,1094,903,123,Finisher,1000
Bohdan,Lukach,Bohdan Lukach,605,M30-34,Male,toronto,ON,Canada,CA,1:58:26,5:40:42,4:35:59,0:05:13,0:07:29,12:27:49,7106,20442,16559,313,449,44869,1095,904,137,2260,1682,223,1280,1054,155,1095,904,137,Finisher,2306
Kelsey,Gasparini,Kelsey Gasparini,1695,F30-34,Female,Revelstoke,BC,Canada,CA,1:21:24,6:32:25,4:18:53,0:09:44,0:05:34,12:28:00,4884,23545,15533,584,334,44880,1096,192,37,939,206,36,1573,318,50,1096,192,37,Finisher,1000
Blair,Guilfoyle,Blair Guilfoyle,2017,M45-49,Male,Toronto,ON,Canada,CA,1:23:44,6:31:22,4:13:44,0:07:51,0:11:32,12:28:11,5024,23482,15224,471,692,44891,1097,905,86,1143,882,75,1568,1253,124,1097,905,86,Finisher,1000
Greg,Rigo,Greg Rigo,828,M30-34,Male,Ottawa,Ontario,Canada,CA,1:15:21,5:55:49,4:58:07,0:08:08,0:10:47,12:28:12,4521,21349,17887,488,647,44892,1098,906,138,513,405,61,860,750,111,1098,906,138,Finisher,1000
Elizabeth,Seamans,Elizabeth Seamans,771,F45-49,Female,Quispamsis,NB,Canada,CA,1:14:50,6:20:42,4:35:13,0:09:19,0:08:23,12:28:27,4490,22842,16513,559,503,44907,1099,193,26,479,102,15,1291,231,37,1099,193,26,Finisher,1000
Damian ,Blanco,Damian Blanco,1827,M40-44,Male,Barrie,ON,Canada,CA,1:50:07,5:56:00,4:20:09,0:12:38,0:09:34,12:28:28,6607,21360,15609,758,574,44908,1100,907,119,2206,1640,204,1504,1208,156,1100,907,119,Finisher,1000
Eric,Tremblay,Eric Tremblay,626,M55-59,Male,Granby,QC,Canada,CA,1:18:17,6:05:56,4:48:49,0:06:56,0:08:30,12:28:28,4697,21956,17329,416,510,44908,1101,908,48,723,564,34,1064,897,55,1101,908,48,Finisher,1000
Simon,Azar,Simon Azar,1891,M40-44,Male,Kuala Lumpur,Wilayah Persekutuan Kuala Lumpur,Canada,CA,1:33:48,5:44:50,4:56:26,0:07:48,0:05:54,12:28:46,5628,20690,17786,468,354,44926,1102,909,120,1799,1369,164,977,834,115,1102,909,120,Finisher,2578
Jean-Pascal ,Voyer,Jean-Pascal Voyer,2342,M40-44,Male,Dorval,QUEBEC,Canada,CA,1:29:47,5:53:24,4:53:48,0:06:07,0:05:44,12:28:51,5387,21204,17628,367,344,44931,1103,910,121,1581,1212,138,1031,872,120,1103,910,121,Finisher,2577
Kenjy,Demeester,Kenjy Demeester,1813,M35-39,Male,Saguenay,Quebec,Canada,CA,1:09:46,6:13:59,4:53:03,0:05:07,0:07:02,12:28:56,4186,22439,17583,307,422,44936,1104,911,124,227,173,25,1023,865,110,1104,911,124,Finisher,1000
Melanie,Rocher,Melanie Rocher,1666,F50-54,Female,Val-d’Or,QC,Canada,CA,1:23:03,5:51:03,5:04:46,0:05:26,0:04:40,12:28:58,4983,21063,18286,326,280,44938,1105,194,20,1070,242,22,863,112,12,1105,194,20,Finisher,3908
Stephane,Fournier,Stephane Fournier,416,M40-44,Male,Rockland,ON,Canada,CA,1:22:35,5:49:31,4:53:48,0:09:22,0:13:43,12:29:00,4955,20971,17628,562,823,44940,1106,912,122,1034,800,91,891,770,107,1106,912,122,Finisher,1000
carl,desforges,carl desforges,1779,M45-49,Male,St-Jérôme,QC,Canada,CA,1:30:52,5:55:46,4:45:46,0:08:08,0:08:30,12:29:02,5452,21346,17146,488,510,44942,1107,913,87,1639,1257,114,1112,932,87,1107,913,87,Finisher,1000
Martin,Fontaine,Martin Fontaine,1667,M50-54,Male,Val d’or,QC,Canada,CA,1:31:01,5:53:21,4:53:07,0:06:04,0:05:35,12:29:08,5461,21201,17587,364,335,44948,1108,914,89,1649,1265,132,1053,889,91,1108,914,89,Finisher,1000
Norman,Marcotte,Norman Marcotte,190,M60-64,Male,Ottawa,ON,Canada,CA,1:27:53,6:14:15,4:29:48,0:10:45,0:06:28,12:29:09,5273,22455,16188,645,388,44949,1109,915,21,1461,1122,45,1415,1142,38,1109,915,21,Finisher,3399
Jessica,Reibel,Jessica Reibel,1887,F25-29,Female,Kincardine,ON,Canada,CA,0:59:39,6:16:28,5:00:58,0:05:06,0:06:59,12:29:11,3579,22588,18058,306,419,44951,1110,195,49,20,2,1,888,121,26,1110,195,49,Finisher,2604
Keith,Ramon,Keith Ramon,2250,M45-49,Male,Aurora,ON,Canada,CA,1:14:50,5:38:39,5:17:50,0:07:58,0:10:04,12:29:22,4490,20319,19070,478,604,44962,1111,916,88,480,378,28,591,537,48,1111,916,88,Finisher,1000
Bobbi,Moushon,Bobbi Moushon,2388,F45-49,Female,Dayton,OH,United States,US,1:38:14,6:46:38,3:48:48,0:09:01,0:06:44,12:29:25,5894,24398,13728,541,404,44965,1112,196,27,1992,488,65,1892,426,62,1112,196,27,Finisher,3117
Christophe,VILLERMET,Christophe VILLERMET,2309,M35-39,Male,Montréal,Quebec,France,FR,1:24:29,6:33:23,4:14:07,0:09:03,0:08:33,12:29:36,5069,23603,15247,543,513,44976,1113,917,125,1210,936,116,1614,1283,151,1113,917,125,Finisher,1000
Julian ,Ortiz ,Julian Ortiz,2446,M40-44,Male,Québec,QC,Canada,CA,1:30:21,6:11:32,4:27:08,0:11:07,0:09:32,12:29:40,5421,22292,16028,667,572,44980,1114,918,123,1615,1238,139,1416,1143,151,1114,918,123,Finisher,1000
Philippe,Lalancette-Morier,Philippe Lalancette-Morier,1812,M18-24,Male,Chicoutimi,Quebec,Canada,CA,1:17:53,5:56:06,5:00:03,0:09:12,0:06:29,12:29:43,4673,21366,18003,552,389,44983,1115,919,121,689,541,85,918,789,103,1115,919,121,Finisher,1000
Vincent,Dubé,Vincent Dubé,2606,M30-34,Male,Montréal,QC,Canada,CA,1:38:10,5:50:14,4:47:36,0:06:39,0:07:17,12:29:56,5890,21014,17256,399,437,44996,1116,920,139,1989,1503,206,1123,940,133,1116,920,139,Finisher,1000
Fabien,Cottin,Fabien Cottin,2177,M50-54,Male,Québec,Quebec,Canada,CA,1:14:34,6:01:39,4:56:56,0:08:34,0:08:22,12:30:06,4474,21699,17816,514,502,45006,1117,921,90,463,365,34,949,813,85,1117,921,90,Finisher,1000
Samer,Alzaim,Samer Alzaim,1600,M55-59,Male,KENNETT SQ,PA,United States,US,1:49:37,6:21:24,3:53:11,0:17:25,0:08:31,12:30:08,6577,22884,13991,1045,511,45008,1118,922,49,2203,1638,131,1834,1427,113,1118,922,49,Finisher,2728
Volodymyr,Shustval,Volodymyr Shustval,910,M40-44,Male,Beaumont,AB,Ukraine,UA,1:40:03,6:20:39,4:14:26,0:08:36,0:06:27,12:30:12,6003,22839,15266,516,387,45012,1119,923,124,2035,1527,188,1632,1298,164,1119,923,124,Finisher,1000
Zach,Waterfield,Zach Waterfield,1135,M30-34,Male,Etobicoke,ON,Canada,CA,1:20:53,5:38:57,5:10:11,0:10:47,0:09:32,12:30:20,4853,20337,18611,647,572,45020,1120,924,140,902,709,109,731,648,93,1120,924,140,Finisher,1000
Jay,Hickey,Jay Hickey,1150,M45-49,Male,CBS,Newfoundland & Labrador,Canada,CA,1:30:31,6:07:34,4:33:40,0:09:11,0:09:35,12:30:32,5431,22054,16420,551,575,45032,1121,925,89,1624,1245,113,1336,1092,105,1121,925,89,Finisher,1000
Bradford,Redpath,Bradford Redpath,913,M40-44,Male,Pointe-Claire,QUEBEC,Canada,CA,1:29:02,5:36:12,4:56:11,0:12:47,0:16:20,12:30:32,5342,20172,17771,767,980,45032,1122,926,125,1532,1174,134,836,728,98,1122,926,125,Finisher,1000
Tim,McNaughton,Tim McNaughton,1284,M50-54,Male,STITTSVILLE,ON,Canada,CA,1:31:48,5:32:06,5:06:40,0:10:51,0:09:18,12:30:44,5508,19926,18400,651,558,45044,1123,927,91,1688,1288,136,789,693,75,1123,927,91,Finisher,1000
Taylor,Rennie,Taylor Rennie,2263,M30-34,Male,Owen Sound,ON,Canada,CA,1:27:09,6:01:28,4:45:39,0:07:12,0:09:19,12:30:48,5229,21688,17139,432,559,45048,1124,928,141,1395,1071,170,1139,951,134,1124,928,141,Finisher,1000
Christopher ,Lachapelle,Christopher Lachapelle,662,M25-29,Male,Timmins,Ontario,Canada,CA,1:22:53,5:57:59,5:00:44,0:04:44,0:04:35,12:30:55,4973,21479,18044,284,275,45055,1125,929,161,1059,818,141,966,826,144,1125,929,161,Finisher,2209
Elliot,Miller,Elliot Miller,760,M18-24,Male,St. Paul,MN,United States,US,1:12:56,6:37:21,4:27:43,0:05:12,0:08:05,12:31:17,4376,23841,16063,312,485,45077,1126,930,122,375,297,48,1444,1163,143,1126,930,122,Finisher,1000
Mark,Stovall,Mark Stovall,128,M65-69,Male,St Simons Island,GA,United States,US,1:31:27,5:24:36,5:12:33,0:10:48,0:11:54,12:31:18,5487,19476,18753,648,714,45078,1127,931,7,1673,1278,21,682,610,2,1127,931,7,Finisher,3481
Michael,Clark,Michael Clark,739,M40-44,Male,Edmonton,AB,Canada,CA,1:30:49,5:51:12,5:01:24,0:04:29,0:03:29,12:31:23,5449,21072,18084,269,209,45083,1128,932,126,1634,1253,143,979,836,116,1128,932,126,Finisher,2546
Ashlyn,Moffatt,Ashlyn Moffatt,1192,F30-34,Female,Winnipeg,Manitoba,Canada,CA,1:08:00,6:23:18,4:43:40,0:06:46,0:09:47,12:31:29,4080,22998,17020,406,587,45089,1129,197,38,157,34,7,1178,201,35,1129,197,38,Finisher,1000
Dmytro,Shysh,Dmytro Shysh,498,M35-39,Male,Baden,ON,Ukraine,UA,1:19:16,6:16:50,4:36:26,0:07:59,0:11:12,12:31:44,4756,22610,16586,479,672,45104,1130,933,126,789,618,85,1278,1053,132,1130,933,126,Finisher,2222
Veronique,Bessette,Veronique Bessette,797,F45-49,Female,Sept-Îles,QC,Canada,CA,1:22:36,6:19:28,4:29:47,0:10:58,0:08:58,12:31:46,4956,22768,16187,658,538,45106,1131,198,28,1035,235,32,1417,274,42,1131,198,28,Finisher,1000
James,Quinlan,James Quinlan,1981,M25-29,Male,Toronto,ON,Canada,CA,1:24:31,6:22:15,4:28:55,0:09:24,0:07:02,12:32:07,5071,22935,16135,564,422,45127,1132,934,162,1215,940,161,1458,1172,193,1132,934,162,Finisher,1000
Casey,Morgan,Casey Morgan,1391,M40-44,Male,Hagerstown,IN,United States,US,1:20:53,5:54:04,5:08:20,0:04:35,0:04:21,12:32:13,4853,21244,18500,275,261,45133,1133,935,127,901,708,81,864,752,102,1133,935,127,Finisher,2536
Richard,Daley,Richard Daley,1926,M60-64,Male,Peterborough,ON,Canada,CA,1:12:48,5:42:25,5:25:38,0:04:21,0:07:05,12:32:17,4368,20545,19538,261,425,45137,1134,936,22,367,289,10,560,512,14,1134,936,22,Finisher,1000
rylan,plante-crough,rylan plante-crough,1463,M25-29,Male,Calgary,Alberta,Canada,CA,1:30:17,5:45:39,5:04:50,0:05:51,0:05:55,12:32:32,5417,20739,18290,351,355,45152,1135,937,163,1610,1233,208,895,772,137,1135,937,163,Finisher,2189
Tate,Simpson,Tate Simpson,2514,M30-34,Male,Kingston,Ontario,Canada,CA,1:17:13,5:59:20,5:00:36,0:07:04,0:08:19,12:32:33,4633,21560,18036,424,499,45153,1136,938,142,639,504,75,927,795,114,1136,938,142,Finisher,1000
Henry,Leung,Henry Leung,1480,M45-49,Male,Nepean,ON,Canada,CA,1:24:43,6:10:11,4:44:10,0:08:02,0:05:39,12:32:44,5083,22211,17050,482,339,45164,1137,939,90,1235,956,84,1254,1033,95,1137,939,90,Finisher,1000
Harvey,Dykes,Harvey Dykes,770,M55-59,Male,North Vancouver,CA-BC,Canada,CA,1:16:31,5:27:57,5:11:15,0:18:53,0:18:11,12:32:47,4591,19677,18675,1133,1091,45167,1138,940,50,586,466,27,618,558,25,1138,940,50,Finisher,1000
Kyle,Furlong,Kyle Furlong,2424,M25-29,Male,Phelpston,ON,Canada,CA,1:27:15,6:03:19,4:35:08,0:11:13,0:15:55,12:32:49,5235,21799,16508,673,955,45169,1139,941,164,1411,1084,183,1232,1017,165,1139,941,164,Finisher,1000
Matthew,Sirois,Matthew Sirois,860,M30-34,Male,Ottawa,Ontario,Canada,CA,1:12:48,6:31:30,4:36:51,0:05:40,0:06:03,12:32:52,4368,23490,16611,340,363,45172,1140,942,143,368,290,49,1374,1115,162,1140,942,143,Finisher,1000
Vitor,Guerra,Vitor Guerra,57,M55-59,Male,Toronto,ON,Canada,CA,1:11:04,6:21:20,4:48:17,0:06:12,0:06:00,12:32:54,4264,22880,17297,372,360,45174,1141,943,51,275,212,13,1185,983,66,1141,943,51,Finisher,2695
Terry,Zorgel,Terry Zorgel,170,M65-69,Male,Welland,ON,Canada,CA,1:26:18,6:18:43,4:22:00,0:11:34,0:14:19,12:32:54,5178,22723,15720,694,859,45174,1142,944,8,1341,1041,11,1470,1181,15,1142,944,8,Finisher,1000
Michael,Labatte,Michael Labatte,769,M30-34,Male,Beamsville,Ontario,Canada,CA,1:16:21,6:17:59,4:39:27,0:09:27,0:10:04,12:33:19,4581,22679,16767,567,604,45199,1143,945,144,576,456,71,1270,1046,152,1143,945,144,Finisher,1000
Alvaro,Berrizbeitia Parra,Alvaro Berrizbeitia Parra,220,M55-59,Male,SANTIAGO,REGION METROPOLITANA DE SANTIAGO,Chile,CL,1:14:58,6:12:34,4:50:33,0:10:26,0:04:49,12:33:21,4498,22354,17433,626,289,45201,1144,946,52,490,385,22,1177,977,65,1144,946,52,Finisher,1000
Alita,Krickan,Alita Krickan,1565,F45-49,Female,Vancouver,BC,Canada,CA,1:21:31,5:55:55,5:01:15,0:07:49,0:06:54,12:33:25,4891,21355,18075,469,414,45205,1145,199,29,953,210,28,959,139,24,1145,199,29,Finisher,3069
Erin,Gaughan,Erin Gaughan,1198,F50-54,Female,Huntsville,ON,Canada,CA,1:23:21,6:26:50,4:18:46,0:11:12,0:13:20,12:33:28,5001,23210,15526,672,800,45208,1146,200,21,1101,250,24,1539,305,36,1146,200,21,Finisher,1000
Antonio,Carvalho,Antonio Carvalho,1339,M25-29,Male,Wilmington,Delaware,United States,US,1:13:16,6:16:29,4:45:24,0:10:24,0:08:00,12:33:32,4396,22589,17124,624,480,45212,1147,947,165,393,312,58,1202,993,162,1147,947,165,Finisher,1000
Jessica,Yi,Jessica Yi,2094,F25-29,Female,Toronto,ON,Canada,CA,1:20:17,6:31:14,4:26:44,0:06:37,0:08:40,12:33:33,4817,23474,16004,397,520,45213,1148,201,50,859,187,48,1495,296,62,1148,201,50,Finisher,2552
Kevin,Dai,Kevin Dai,1050,M50-54,Male,Alexandria,US-VA,United States,US,1:22:18,5:56:41,4:51:24,0:11:37,0:11:43,12:33:43,4938,21401,17484,697,703,45223,1149,948,92,1006,781,76,1056,892,93,1149,948,92,Finisher,1000
Kylan,Vanwicklin,Kylan Vanwicklin,2301,M45-49,Male,NORTH YORK,ON,Canada,CA,1:48:14,6:39:12,3:54:19,0:06:27,0:05:37,12:33:50,6494,23952,14059,387,337,45230,1150,949,91,2185,1625,156,1891,1466,143,1150,949,91,Finisher,1000
Alfred,Zelhof,Alfred Zelhof,127,M35-39,Male,Montreal,QC,Canada,CA,1:22:23,6:48:38,4:07:27,0:07:26,0:08:02,12:33:57,4943,24518,14847,446,482,45237,1151,950,127,1015,788,102,1739,1363,158,1151,950,127,Finisher,2196
Mary,Rossetti,Mary Rossetti,1261,F45-49,Female,Truro,England,United Kingdom,GB,1:22:42,6:27:06,4:26:36,0:09:02,0:08:32,12:33:58,4962,23226,15996,542,512,45238,1152,202,30,1042,239,34,1505,297,44,1152,202,30,Finisher,1000
Jordan,Zeelie,Jordan Zeelie,1061,M30-34,Male,Gqeberha,Eastern Cape,South Africa,ZA,1:12:43,6:07:13,4:58:53,0:05:21,0:09:50,12:34:01,4363,22033,17933,321,590,45241,1153,951,145,360,282,47,960,821,118,1153,951,145,Finisher,2231
Jens,Watt,Jens Watt,645,M25-29,Male,Lethbridge,AB,Canada,CA,1:02:40,5:31:34,5:50:46,0:05:25,0:03:53,12:34:19,3760,19894,21046,325,233,45259,1154,952,166,41,32,11,301,284,53,1154,952,166,Finisher,1000
Bruno,Morin,Bruno Morin,2175,M40-44,Male,Sainte-Victoire-de-Sorel,QC,Canada,CA,1:14:52,6:11:00,4:46:40,0:08:58,0:12:48,12:34:19,4492,22260,17200,538,768,45259,1155,953,128,482,380,40,1114,934,125,1155,953,128,Finisher,1000
Iwan,Smiley,Iwan Smiley,391,M18-24,Male,Woodstock ,ON,Canada,CA,1:34:22,6:20:20,4:25:18,0:07:09,0:07:21,12:34:31,5662,22820,15918,429,441,45271,1156,954,123,1836,1393,174,1548,1241,148,1156,954,123,Finisher,1000
Darren,Levere,Darren Levere,1066,M30-34,Male,Ottawa,ON,Canada,CA,1:24:42,6:30:39,4:17:37,0:06:50,0:14:57,12:34:44,5082,23439,15457,410,897,45284,1157,955,146,1233,954,149,1555,1245,177,1157,955,146,Finisher,1000
Rodrigo,Dantas,Rodrigo Dantas,2633,M40-44,Male,Toronto,ON,Brazil,BR,1:15:56,5:52:02,5:16:42,0:05:45,0:04:24,12:34:49,4556,21122,19002,345,264,45289,1158,956,129,550,434,48,779,685,90,1158,956,129,Finisher,1000
Sara,Vollmerhausen,Sara Vollmerhausen,1991,F30-34,Female,Newmarket,ON,Canada,CA,1:12:25,6:00:23,5:12:25,0:04:51,0:04:46,12:34:50,4345,21623,18745,291,286,45290,1159,203,39,341,75,11,834,107,18,1159,203,39,Finisher,1000
Bernard,Harvey,Bernard Harvey,2119,M55-59,Male,Richelieu,QC,Canada,CA,1:27:30,5:37:52,5:11:30,0:11:42,0:06:28,12:35:02,5250,20272,18690,702,388,45302,1160,957,53,1431,1099,71,823,720,43,1160,957,53,Finisher,1000
Josiane,Houle,Josiane Houle,2311,F30-34,Female,Montréal,QC,Canada,CA,1:36:17,6:05:32,4:36:21,0:08:01,0:08:53,12:35:04,5777,21932,16581,481,533,45304,1161,204,40,1915,460,70,1373,259,43,1161,204,40,Finisher,1000
Angelika ,Veens,Angelika Veens,2561,F40-44,Female,Fordwich,ON,Canada,CA,1:27:00,6:06:55,4:49:08,0:05:09,0:07:18,12:35:31,5220,22015,17348,309,438,45331,1162,205,21,1385,319,38,1191,204,20,1162,205,21,Finisher,1000
Jessie,Weaver,Jessie Weaver,1988,F45-49,Female,Shanty Bay,ON,Canada,CA,1:23:30,6:10:08,4:48:55,0:05:57,0:07:25,12:35:54,5010,22208,17335,357,445,45354,1163,206,31,1121,254,36,1196,206,34,1163,206,31,Finisher,1000
Liam,Sutherland,Liam Sutherland,488,M18-24,Male,kemptville,ON,Canada,CA,1:27:14,5:57:55,4:55:08,0:07:15,0:08:34,12:36:06,5234,21475,17708,435,514,45366,1164,958,124,1404,1078,145,1086,911,117,1164,958,124,Finisher,2009
Jaclyn,Benn,Jaclyn Benn,481,F35-39,Female,London,Ontario,Canada,CA,1:10:02,6:27:15,4:43:32,0:06:32,0:08:51,12:36:12,4202,23235,17012,392,531,45372,1165,207,23,234,56,7,1271,225,25,1165,207,23,Finisher,1000
Cameron,Ashe,Cameron Ashe,1144,M30-34,Male,Quispamsis,NB,Canada,CA,1:30:24,6:06:47,4:46:52,0:06:42,0:05:27,12:36:12,5424,22007,17212,402,327,45372,1166,959,147,1618,1241,187,1275,1050,153,1166,959,147,Finisher,1000
Landon,O'Neill,Landon O'Neill,511,M18-24,Male,Abbotsford,British Columbia,Canada,CA,1:41:54,6:32:29,3:58:32,0:10:57,0:12:34,12:36:26,6114,23549,14312,657,754,45386,1167,960,125,2079,1552,195,1808,1410,169,1167,960,125,Finisher,1000
Alexander,D'Alessandro,Alexander D'Alessandro,692,M25-29,Male,Ottawa,ON,Canada,CA,1:16:39,5:46:44,5:17:20,0:08:00,0:07:51,12:36:34,4599,20804,19040,480,471,45394,1168,961,167,592,469,85,742,658,118,1168,961,167,Finisher,2141
Martin,Mineault,Martin Mineault,2064,M45-49,Male,Lévis,QC,Canada,CA,1:33:28,5:56:27,4:43:43,0:12:17,0:10:40,12:36:34,5608,21387,17023,737,640,45394,1169,962,92,1776,1353,123,1240,1023,94,1169,962,92,Finisher,1000
Miguel,Fernandez,Miguel Fernandez,395,M18-24,Male,Chula Vista,US-CA,Mexico,MX,1:29:03,6:11:21,4:47:40,0:04:26,0:04:06,12:36:36,5343,22281,17260,266,246,45396,1170,963,126,1533,1175,152,1290,1060,135,1170,963,126,Finisher,1000
Jack,Quirion,Jack Quirion,1777,M18-24,Male,Stittsville,ON,Canada,CA,1:11:55,6:32:41,4:28:36,0:09:26,0:14:00,12:36:38,4315,23561,16116,566,840,45398,1171,964,127,313,245,38,1427,1150,141,1171,964,127,Finisher,1000
Emilie,Roy,Emilie Roy,1424,F18-24,Female,Chambly,Quebec,Canada,CA,1:25:59,5:57:41,4:49:59,0:11:30,0:11:31,12:36:40,5159,21461,17399,690,691,45400,1172,208,16,1320,297,25,1128,185,14,1172,208,16,Finisher,3856
Ross,SAITO,Ross SAITO,2629,M60-64,Male,Belcarra,CA-BC,Canada,CA,1:11:44,6:15:58,4:51:33,0:08:50,0:08:53,12:36:58,4304,22558,17493,530,533,45418,1173,965,23,306,240,6,1146,957,30,1173,965,23,Finisher,3305
Jeff,Adams,Jeff Adams,1973,M50-54,,Minesing,ON,Canada,CA,1:24:21,5:53:45,4:58:31,0:11:43,0:08:50,12:37:11,5061,21225,17911,703,530,45431,1174,966,93,1193,923,94,1040,877,90,1174,966,93,Finisher,1000
Nathan,Wagenbach,Nathan Wagenbach,2404,M25-29,Male,Tremont,Illinois,United States,US,1:30:42,6:22:02,4:25:39,0:09:47,0:09:02,12:37:12,5442,22922,15939,587,542,45432,1175,967,168,1630,1250,211,1561,1248,204,1175,967,168,Finisher,1000
Edward,Briggs,Edward Briggs,540,M18-24,Male,Cheltenham,GLS,United Kingdom,GB,1:25:59,6:31:04,4:27:23,0:07:12,0:05:36,12:37:14,5159,23464,16043,432,336,45434,1176,968,128,1317,1021,138,1580,1259,151,1176,968,128,Finisher,1000
Gareth,Bowley,Gareth Bowley,133,M45-49,Male,Langley,BC,Canada,CA,1:13:02,5:41:22,4:55:21,0:06:36,0:41:17,12:37:38,4382,20482,17721,396,2477,45458,1177,969,93,381,302,18,580,528,47,1177,969,93,Finisher,2536
Hailey,Ryan,Hailey Ryan,1847,F30-34,Female,Boston,Massachusetts,Canada,CA,1:27:09,6:02:05,4:52:52,0:06:52,0:08:46,12:37:44,5229,21725,17572,412,526,45464,1178,209,41,1394,324,51,1143,189,33,1178,209,41,Finisher,1000
Yan,Zhu,Yan Zhu,1402,F50-54,Female,West Vancouver,BC,Canada,CA,1:46:07,6:20:38,4:11:44,0:11:33,0:08:00,12:38:02,6367,22838,15104,693,480,45482,1179,210,22,2147,546,69,1736,375,55,1179,210,22,Finisher,1000
Ben,Wassell,Ben Wassell,574,M45-49,Male,Ottawa,ON,New Zealand,NZ,1:26:30,6:05:52,4:43:06,0:13:14,0:09:24,12:38:05,5190,21952,16986,794,564,45485,1180,970,94,1353,1049,90,1303,1071,99,1180,970,94,Finisher,1000
Julie,Gladstone,Julie Gladstone,993,F45-49,Female,Brantford,ON,Canada,CA,1:10:58,5:58:05,5:18:47,0:04:43,0:05:35,12:38:08,4258,21485,19127,283,335,45488,1181,211,32,270,63,9,780,95,15,1181,211,32,Finisher,3013
Andrea,Moccia,Andrea Moccia,2275,F35-39,Female,Ailsa Criag,ON,Canada,CA,1:22:28,6:09:23,4:54:28,0:05:35,0:06:15,12:38:10,4948,22163,17668,335,375,45490,1182,212,24,1024,230,32,1161,195,23,1182,212,24,Finisher,1000
Rex,Henry,Rex Henry,1861,M40-44,Male,Washington,US-DC,United States,US,1:33:59,6:28:00,4:17:09,0:08:09,0:10:59,12:38:17,5639,23280,15429,489,659,45497,1183,971,130,1813,1377,165,1638,1302,165,1183,971,130,Finisher,1000
Jérémie,Marquis,Jérémie Marquis,1790,M25-29,Male,Pont-Rouge,QC,Canada,CA,1:23:29,6:03:43,4:56:42,0:06:35,0:07:52,12:38:22,5009,21823,17802,395,472,45502,1184,972,169,1120,867,149,1101,923,158,1184,972,169,Finisher,1000
Olivier,Levesque,Olivier Levesque,2498,M25-29,Male,Saint-Jérôme,QC,Canada,CA,1:32:24,6:09:36,4:41:01,0:06:09,0:09:17,12:38:28,5544,22176,16861,369,557,45508,1185,973,170,1725,1316,220,1346,1098,179,1185,973,170,Finisher,1000
Benjamin,Wilkinson,Benjamin Wilkinson,1819,M30-34,Male,Merrickville,ON,Canada,CA,1:20:17,6:26:49,4:34:26,0:10:51,0:06:21,12:38:44,4817,23209,16466,651,381,45524,1186,974,148,858,672,100,1491,1197,170,1186,974,148,Finisher,1000
Olivier,Saleh,Olivier Saleh,1941,M35-39,Male,COTEAU-DU-LAC,QC,Canada,CA,1:17:26,6:33:37,4:33:51,0:06:26,0:07:26,12:38:46,4646,23617,16431,386,446,45526,1187,975,128,657,515,69,1484,1191,143,1187,975,128,Finisher,1000
Thomas,Baldauf,Thomas Baldauf,1413,M18-24,Male,Tampa,FL,Canada,CA,1:14:14,6:14:19,4:59:55,0:04:44,0:05:40,12:38:52,4454,22459,17995,284,340,45532,1188,976,129,444,354,57,1097,920,120,1188,976,129,Finisher,1000
Jordan Sir Kwang,Hu,Jordan Sir Kwang Hu,2612,M25-29,Male,Redwood City,CA,Canada,CA,1:15:44,6:30:34,4:31:50,0:11:14,0:09:36,12:38:58,4544,23434,16310,674,576,45538,1189,977,171,539,426,79,1485,1192,196,1189,977,171,Finisher,1000
Catherine,Robert,Catherine Robert,719,F45-49,Female,Gatineau,QC,Canada,CA,1:11:30,6:06:40,5:09:46,0:05:11,0:05:50,12:38:58,4290,22000,18586,311,350,45538,1190,213,33,296,66,10,922,131,21,1190,213,33,Finisher,3003
Jason,Martin,Jason Martin,1764,M18-24,Male,Gatineau,Québec,Canada,CA,1:23:09,5:40:51,5:09:12,0:12:29,0:13:17,12:38:58,4989,20451,18552,749,797,45538,1191,978,130,1080,837,119,817,715,89,1191,978,130,Finisher,1000
Alyssa,Hillaby,Alyssa Hillaby,1185,F25-29,Female,Ottawa,ON,Canada,CA,1:26:31,5:49:55,5:11:51,0:06:15,0:04:29,12:39:00,5191,20995,18711,375,269,45540,1192,214,51,1354,305,64,910,126,28,1192,214,51,Finisher,2486
Odilon,Batista,Odilon Batista,571,M55-59,Male,Ottawa,ON,Canada,CA,1:18:40,5:51:22,5:01:26,0:14:13,0:13:20,12:39:01,4720,21082,18086,853,800,45541,1193,979,54,753,588,37,943,807,50,1193,979,54,Finisher,1000
Francois,Rouxel,Francois Rouxel,388,M50-54,Male,Montreal,QC,Canada,CA,1:20:49,6:19:07,4:28:45,0:17:08,0:13:12,12:39:02,4849,22747,16125,1028,792,45542,1194,980,94,896,703,68,1475,1184,121,1194,980,94,Finisher,1000
Rebecca,Armbruster,Rebecca Armbruster,80,F55-59,Female,BENSALEM,PA,United States,US,1:43:38,6:00:32,4:41:54,0:06:59,0:06:17,12:39:21,6218,21632,16914,419,377,45561,1195,215,6,2113,536,30,1392,267,18,1195,215,6,Finisher,4083
Chris,Chambers,Chris Chambers,539,M50-54,Male,Parry Sound,ON,Canada,CA,1:45:58,6:15:16,4:14:46,0:11:06,0:12:16,12:39:21,6358,22516,15286,666,736,45561,1196,981,95,2145,1600,174,1665,1319,139,1196,981,95,Finisher,1000
Benjamin,Franich,Benjamin Franich,2515,M40-44,Male,New Market,MD,United States,US,1:26:29,6:08:26,4:48:19,0:07:57,0:08:15,12:39:25,5189,22106,17299,477,495,45565,1197,982,131,1352,1048,117,1253,1032,139,1197,982,131,Finisher,1000
Kevin,Walder,Kevin Walder,1654,M25-29,Male,HATBORO,PA,United States,US,1:14:41,6:29:59,4:36:34,0:09:33,0:08:58,12:39:44,4481,23399,16594,573,538,45584,1198,983,172,468,368,70,1428,1151,187,1198,983,172,Finisher,1000
Oscar,Rodríguez Becerra,Oscar Rodríguez Becerra,1509,M40-44,Male,Delicias ,CHIHUAHUA,Mexico,MX,1:38:02,5:35:33,5:03:00,0:11:49,0:11:20,12:39:44,5882,20133,18180,709,680,45584,1199,984,132,1984,1498,184,961,822,113,1199,984,132,Finisher,1000
Justin,Pape,Justin Pape,1489,M40-44,Male,PEQUOT LAKES,MN,United States,US,1:21:40,5:20:50,5:43:32,0:07:15,0:06:28,12:39:45,4900,19250,20612,435,388,45585,1200,985,133,960,748,84,413,383,60,1200,985,133,Finisher,1000
Jean-Gabriel,Thérien,Jean-Gabriel Thérien,521,M30-34,Male,Gatineau,QC,Canada,CA,1:20:57,5:52:06,5:19:05,0:03:26,0:04:15,12:39:49,4857,21126,19145,206,255,45589,1201,986,149,906,713,110,816,714,106,1201,986,149,Finisher,1000
Jeremy,Kolodziej,Jeremy Kolodziej,1174,M35-39,Male,Oshawa,Ontario,Canada,CA,1:17:48,6:17:53,4:47:39,0:07:45,0:08:45,12:39:50,4668,22673,17259,465,525,45590,1202,987,129,682,536,75,1265,1043,130,1202,987,129,Finisher,1000
Noah,Jensen,Noah Jensen,911,M25-29,Male,Vancouver,BC,Canada,CA,1:20:56,6:18:52,4:45:34,0:07:27,0:07:05,12:39:54,4856,22732,17134,447,425,45594,1203,988,173,905,712,125,1335,1091,176,1203,988,173,Finisher,1000
Darryl,Hicks,Darryl Hicks,1908,M45-49,Male,Fort erie,ON,Canada,CA,1:36:16,5:43:23,5:02:20,0:10:17,0:07:47,12:40:03,5776,20603,18140,617,467,45603,1204,989,95,1914,1455,138,1042,879,80,1204,989,95,Finisher,1000
Edward,Guelfi,Edward Guelfi,1226,M60-64,Male,WEST SUFFIELD,CT,United States,US,1:26:07,5:59:13,4:58:44,0:07:47,0:08:12,12:40:03,5167,21553,17924,467,492,45603,1205,990,24,1325,1027,41,1095,918,27,1205,990,24,Finisher,1000
Andrew,Lagree,Andrew Lagree,1470,M35-39,Male,Etobicoke,ON,Canada,CA,1:30:52,5:43:36,5:09:06,0:09:31,0:06:58,12:40:03,5452,20616,18546,571,418,45603,1206,991,130,1640,1258,148,936,801,102,1206,991,130,Finisher,1000
Geovanny,Rey González,Geovanny Rey González,679,M30-34,Male,Tibás,San José,Costa Rica,CR,1:42:24,6:09:19,4:32:20,0:08:18,0:07:51,12:40:13,6144,22159,16340,498,471,45613,1207,992,150,2090,1560,215,1514,1216,172,1207,992,150,Finisher,1000
Thomas,Vernon,Thomas Vernon,2381,M30-34,Male,Montréal,QC,Canada,CA,1:23:57,5:56:36,5:06:56,0:06:40,0:06:04,12:40:15,5037,21396,18416,400,364,45615,1208,993,151,1163,897,139,989,845,124,1208,993,151,Finisher,1000
Brooklyn,OReilly,Brooklyn OReilly,1027,F25-29,Female,Gatineau,Quebec,Canada,CA,1:30:03,7:00:04,3:49:23,0:11:23,0:09:33,12:40:25,5403,25204,13763,683,573,45625,1209,216,52,1600,373,75,1966,453,83,1209,216,52,Finisher,1000
Thomas,Filter,Thomas Filter,936,M40-44,Male,Ottawa,ON,Canada,CA,1:08:06,5:58:11,5:15:58,0:07:31,0:10:39,12:40:25,4086,21491,18958,451,639,45625,1210,994,134,158,124,10,782,687,91,1210,994,134,Finisher,1000
Jackson,Recht,Jackson Recht,1254,M25-29,Male,Southgate,KENTUCKY,United States,US,1:19:54,6:26:38,4:38:42,0:08:14,0:07:00,12:40:28,4794,23198,16722,494,420,45628,1211,995,174,829,648,118,1435,1156,189,1211,995,174,Finisher,1000
Audrée-Anne,Morin,Audrée-Anne Morin,353,F30-34,Female,Boucherville,QC,Canada,CA,1:23:36,6:11:11,4:51:57,0:06:36,0:07:50,12:41:09,5016,22271,17517,396,470,45669,1212,217,42,1130,256,40,1224,214,37,1212,217,42,Finisher,1000
Andrei,Banea,Andrei Banea,1896,M30-34,Male,Laval,Québec,Canada,CA,1:24:31,5:58:13,5:09:12,0:05:14,0:04:16,12:41:25,5071,21493,18552,314,256,45685,1213,996,152,1212,937,144,1003,853,125,1213,996,152,Finisher,1000
Damon,Brown,Damon Brown,1466,M25-29,Male,Ottawa,Ontario,Canada,CA,1:27:03,5:43:51,5:15:50,0:07:23,0:07:27,12:41:34,5223,20631,18950,443,447,45694,1214,997,175,1388,1068,180,840,731,128,1214,997,175,Finisher,1000
Amelia,Decarie,Amelia Decarie,480,F25-29,Female,Ottawa,ON,Canada,CA,1:17:45,5:50:59,5:24:51,0:04:01,0:04:00,12:41:36,4665,21059,19491,241,240,45696,1215,218,53,680,146,33,763,90,21,1215,218,53,Finisher,2455
Cory,Wietfeldt,Cory Wietfeldt,2183,M55-59,Male,KALAMAZOO,MI,United States,US,1:17:26,6:21:05,4:48:59,0:07:21,0:07:09,12:41:59,4646,22865,17339,441,429,45719,1216,998,55,658,516,31,1308,1076,76,1216,998,55,Finisher,1000
Jacob,Graveldinger,Jacob Graveldinger,595,M35-39,Male,CHICAGO,IL,United States,US,1:12:13,5:47:06,5:27:10,0:09:06,0:06:42,12:42:17,4333,20826,19630,546,402,45737,1217,999,131,329,258,32,697,621,86,1217,999,131,Finisher,1000
Dominic,Ouimet,Dominic Ouimet,1747,M45-49,Male,Saint-Colomban,QC,Canada,CA,1:20:13,6:07:21,4:59:48,0:06:57,0:08:11,12:42:31,4813,22041,17988,417,491,45751,1218,1000,96,849,665,57,1106,927,85,1218,1000,96,Finisher,1000
Robert,Ryan,Robert Ryan,1848,M30-34,Male,BOSTON,MA,United States,US,1:23:40,6:02:05,4:50:54,0:15:25,0:10:44,12:42:47,5020,21725,17454,925,644,45767,1219,1001,153,1139,880,134,1221,1008,145,1219,1001,153,Finisher,1000
Philip,Macdonald,Philip Macdonald,1086,M50-54,Male,Montague,PE,Canada,CA,1:19:06,5:52:01,5:15:21,0:08:42,0:07:44,12:42:54,4746,21121,18921,522,464,45774,1220,1002,96,782,612,61,866,754,80,1220,1002,96,Finisher,1000
Jean-Sebastien,Lemire,Jean-Sebastien Lemire,1149,M45-49,Male,St-Hyacinthe,QC,Canada,CA,1:30:02,6:07:59,4:30:22,0:14:24,0:20:07,12:42:55,5402,22079,16222,864,1207,45775,1221,1003,97,1599,1227,111,1411,1138,111,1221,1003,97,Finisher,1000
Dan,Moroney,Dan Moroney,2359,M50-54,Male,Oak Park,IL,United States,US,1:41:04,5:38:22,5:08:29,0:05:37,0:09:30,12:43:03,6064,20302,18509,337,570,45783,1222,1004,97,2059,1540,167,956,819,86,1222,1004,97,Finisher,1000
Carolyn,Fittipaldi,Carolyn Fittipaldi,908,F30-34,Female,EDINA,MN,United States,US,1:00:29,6:12:15,5:20:42,0:04:28,0:05:24,12:43:18,3629,22335,19242,268,324,45798,1223,219,43,23,5,2,825,104,17,1223,219,43,Finisher,2995
Diana,Murillo Gonzalez,Diana Murillo Gonzalez,1772,F45-49,Female,Toronto,ON,Canada,CA,1:22:00,6:47:18,4:19:19,0:09:04,0:05:46,12:43:27,4920,24438,15559,544,346,45807,1224,220,34,991,222,30,1737,376,54,1224,220,34,Finisher,1000
François,Turcot,François Turcot,1201,M40-44,Male,Pointe-aux-Trembles,QC,Canada,CA,1:17:31,6:00:54,5:07:19,0:08:09,0:09:36,12:43:29,4651,21654,18439,489,576,45809,1225,1005,135,668,525,58,980,837,117,1225,1005,135,Finisher,1000
Rafael,Leal De Azevedo,Rafael Leal De Azevedo,2422,M45-49,Male,Oakville,ON,Canada,CA,1:18:00,6:20:43,4:47:14,0:09:00,0:08:34,12:43:32,4680,22843,17234,540,514,45812,1226,1006,98,702,550,43,1342,1095,106,1226,1006,98,Finisher,1000
Brian,Hagan,Brian Hagan,188,M55-59,Male,Ann Arbor,MI,United States,US,1:23:33,5:35:04,5:30:48,0:07:57,0:06:11,12:43:33,5013,20104,19848,477,371,45813,1227,1007,56,1125,870,54,676,605,34,1227,1007,56,Finisher,1000
Harry,Chien,Harry Chien,1566,M40-44,Male,West Hollywood,US-CA,United States,US,1:19:41,6:12:21,4:50:09,0:09:44,0:11:41,12:43:36,4781,22341,17409,584,701,45816,1228,1008,136,823,643,73,1231,1016,137,1228,1008,136,Finisher,1000
Jody,Faught,Jody Faught,583,F45-49,Female,Paris,ON,Canada,CA,1:33:30,5:45:49,5:13:19,0:04:33,0:06:26,12:43:36,5610,20749,18799,273,386,45816,1229,221,35,1777,424,58,931,133,23,1229,221,35,Finisher,2947
JF,Lamarche,JF Lamarche,2070,M55-59,Male,St. Catharines,ON,Canada,CA,1:23:44,6:02:45,4:57:43,0:09:28,0:10:03,12:43:42,5024,21765,17863,568,603,45822,1230,1009,57,1142,881,56,1140,952,62,1230,1009,57,Finisher,2565
Adam,Vickers,Adam Vickers,1269,M35-39,Male,St. John's,NL,Canada,CA,1:12:51,6:47:28,4:21:44,0:12:56,0:08:47,12:43:46,4371,24448,15704,776,527,45826,1231,1010,132,372,294,39,1684,1329,154,1231,1010,132,Finisher,1000
Dave,Sonetto,Dave Sonetto,1635,M55-59,Male,Fort Washington,PA,United States,US,1:25:22,6:14:25,4:44:06,0:09:17,0:10:46,12:43:56,5122,22465,17046,557,646,45836,1232,1011,58,1281,992,63,1362,1108,79,1232,1011,58,Finisher,1000
Regina,Gonzalez Balbontin,Regina Gonzalez Balbontin,1720,F30-34,Female,San Luis Potosi,MX-MX-SLP,Mexico,MX,1:37:18,5:30:16,5:08:49,0:17:52,0:09:45,12:44:00,5838,19816,18529,1072,585,45840,1233,222,44,1960,476,71,963,140,23,1233,222,44,Finisher,2987
Sarah,Chaddock,Sarah Chaddock,1907,F25-29,Female,Toronto,Ontario,Canada,CA,1:46:13,6:05:51,4:31:02,0:12:05,0:08:54,12:44:06,6373,21951,16262,725,534,45846,1234,223,54,2150,548,96,1576,320,66,1234,223,54,Finisher,1000
Stephane,Leclair,Stephane Leclair,149,M55-59,Male,Notre Dame de I'ile Perrot,QC,Canada,CA,1:12:39,5:57:16,5:18:29,0:07:17,0:08:27,12:44:07,4359,21436,19109,437,507,45847,1235,1012,59,352,275,16,824,721,44,1235,1012,59,Finisher,1000
Kristine,Urban,Kristine Urban,1836,F50-54,Female,Avon,OH,United States,US,1:27:17,6:08:52,4:55:27,0:08:32,0:04:04,12:44:13,5237,22132,17727,512,244,45853,1236,224,23,1416,328,36,1284,227,27,1236,224,23,Finisher,3725
Yuan Yuan (Deborah),Li,Yuan Yuan (Deborah) Li,2213,F50-54,Female,brossard,QC,Canada,CA,1:55:10,6:19:42,4:11:36,0:09:22,0:08:28,12:44:18,6910,22782,15096,562,508,45858,1237,225,24,2240,574,74,1796,396,59,1237,225,24,Finisher,1000
Sophia,Teng,Sophia Teng,2092,F25-29,Female,Toronto,ON,Canada,CA,1:04:16,6:30:19,4:58:54,0:07:11,0:03:39,12:44:18,3856,23419,17934,431,219,45858,1238,226,55,68,19,7,1230,215,47,1238,226,55,Finisher,2423
Michelle,Owaki,Michelle Owaki,722,F30-34,Female,costa mesa,CA,United States,US,1:26:33,6:19:07,4:47:00,0:05:08,0:06:34,12:44:22,5193,22747,17220,308,394,45862,1239,227,45,1356,306,48,1387,265,44,1239,227,45,Finisher,1000
Carl,Vaillancourt,Carl Vaillancourt,776,M60-64,Male,K0A1R0,ON,Canada,CA,1:22:19,5:57:19,5:02:26,0:08:20,0:14:12,12:44:37,4939,21439,18146,500,852,45877,1240,1013,25,1008,783,28,1004,854,24,1240,1013,25,Finisher,1000
Cristina,Mazza,Cristina Mazza,2104,F30-34,Female,Toronto,ON,Canada,CA,1:32:27,6:25:49,4:11:29,0:20:40,0:14:28,12:44:53,5547,23149,15089,1240,868,45893,1241,228,46,1728,411,66,1748,378,59,1241,228,46,Finisher,2976
Jérémy,Faubert,Jérémy Faubert,1240,M18-24,Male,Gatineau,Quebec,Canada,CA,1:26:13,5:43:34,5:22:17,0:06:13,0:06:41,12:44:58,5173,20614,19337,373,401,45898,1242,1014,131,1331,1032,139,809,709,87,1242,1014,131,Finisher,1000
Zack,Click,Zack Click,87,M35-39,Male,Medina,OH,United States,US,1:37:18,5:57:23,4:53:29,0:09:09,0:07:46,12:45:05,5838,21443,17609,549,466,45905,1243,1015,133,1959,1484,170,1272,1047,131,1243,1015,133,Finisher,1000
Sabrina,Angco,Sabrina Angco,825,F30-34,Female,Toronto,ON,Canada,CA,1:25:05,5:53:04,5:12:37,0:07:56,0:06:28,12:45:10,5105,21184,18757,476,388,45910,1244,229,47,1258,285,44,973,143,24,1244,229,47,Finisher,1000
Pascal,Lapierre,Pascal Lapierre,1744,M55-59,Male,Montreal,QC,Canada,CA,2:01:55,5:45:49,4:39:09,0:13:22,0:04:59,12:45:14,7315,20749,16749,802,299,45914,1245,1016,60,2268,1688,141,1533,1230,92,1245,1016,60,Finisher,2547
Graeme,Lue Qui,Graeme Lue Qui,1548,M35-39,Male,Mississauga,ON,Trinidad and Tobago,TT,1:19:56,6:03:40,5:08:43,0:05:10,0:07:49,12:45:19,4796,21820,18523,310,469,45919,1246,1017,134,831,650,86,1019,862,109,1246,1017,134,Finisher,1000
Dorsa,Nahid,Dorsa Nahid,850,F25-29,Female,Kitchener,CA-ON,Canada,CA,1:34:14,5:45:47,5:07:27,0:10:53,0:07:12,12:45:34,5654,20747,18447,653,432,45934,1247,230,56,1827,441,85,1061,166,36,1247,230,56,Finisher,2407
Elaine,Reid,Elaine Reid,698,F55-59,Female,Vancouver,BC,Canada,CA,1:33:43,6:07:29,4:51:16,0:05:29,0:07:39,12:45:37,5623,22049,17476,329,459,45937,1248,231,7,1794,429,25,1325,239,14,1248,231,7,Finisher,4008
Steve,Bennett,Steve Bennett,752,M40-44,Male,Mississauga,ON,Canada,CA,1:23:28,6:06:31,5:00:34,0:09:03,0:06:13,12:45:49,5008,21991,18034,543,373,45949,1249,1018,137,1116,863,99,1189,986,132,1249,1018,137,Finisher,1000
Dave,Michaud,Dave Michaud,2025,M18-24,Male,Sherbrooke,Quebec,Canada,CA,1:11:00,6:13:09,5:05:17,0:07:05,0:09:20,12:45:51,4260,22389,18317,425,560,45951,1250,1019,132,271,208,34,1065,898,115,1250,1019,132,Finisher,1000
Scott,Chadwick,Scott Chadwick,921,M45-49,Male,Ottawa,Ontario,Canada,CA,1:34:36,6:37:38,4:16:24,0:08:36,0:08:47,12:46:00,5676,23858,15384,516,527,45960,1251,1020,99,1847,1403,133,1773,1386,134,1251,1020,99,Finisher,1000
David,Rowe,David Rowe,436,M35-39,Male,Dartmouth,NS,Canada,CA,1:29:17,5:56:49,4:57:55,0:12:53,0:09:08,12:46:02,5357,21409,17875,773,548,45962,1252,1021,135,1549,1187,141,1188,985,126,1252,1021,135,Finisher,1000
Coleman,Farvolden,Coleman Farvolden,2569,M18-24,Male,Carrying Place,ON,Canada,CA,1:24:12,5:58:11,5:15:15,0:05:20,0:03:28,12:46:26,5052,21491,18915,320,208,45986,1253,1022,133,1184,915,127,1000,850,108,1253,1022,133,Finisher,1885
Regis,Keller,Regis Keller,1147,M50-54,Male,montreal,QC,Canada,CA,1:15:05,5:55:26,5:21:10,0:07:32,0:07:25,12:46:39,4505,21326,19270,452,445,45999,1254,1023,98,499,393,38,838,730,78,1254,1023,98,Finisher,1000
Louis-Philippe,Maltais,Louis-Philippe Maltais,1682,M30-34,Male,Saint-Jean-sur-Richelieu,QC,Canada,CA,1:20:16,6:11:31,4:54:50,0:08:57,0:11:06,12:46:41,4816,22291,17690,537,666,46001,1255,1024,154,856,671,99,1216,1004,144,1255,1024,154,Finisher,1000
Don,Gallagher,Don Gallagher,964,M65-69,Male,Parry Sound,ON,Canada,CA,1:26:22,6:24:06,4:38:51,0:10:39,0:06:44,12:46:42,5182,23046,16731,639,404,46002,1256,1025,9,1347,1045,12,1534,1231,16,1256,1025,9,Finisher,3296
Olivia,Andrews,Olivia Andrews,1537,F25-29,Female,Kelowna,BC,Canada,CA,1:18:03,6:21:44,4:54:38,0:07:32,0:04:50,12:46:47,4683,22904,17678,452,290,46007,1257,232,57,706,155,36,1338,246,52,1257,232,57,Finisher,2393
Gilles,Fournier,Gilles Fournier,1601,M60-64,Male,Senneterre,QC,Canada,CA,1:23:02,6:01:43,4:59:27,0:10:36,0:12:06,12:46:55,4982,21703,17967,636,726,46015,1258,1026,26,1069,828,31,1132,945,29,1258,1026,26,Finisher,1000
Ryan,Borchers,Ryan Borchers,1316,M30-34,Male,New York,NY,United States,US,1:25:38,6:32:39,4:28:13,0:13:35,0:07:10,12:47:14,5138,23559,16093,815,430,46034,1259,1027,155,1295,1002,159,1658,1315,185,1259,1027,155,Finisher,1000
Andrea,Velas,Andrea Velas,2403,F40-44,Female,SPRING GROVE,PA,United States,US,1:41:57,6:13:30,4:37:54,0:07:09,0:06:45,12:47:16,6117,22410,16674,429,405,46036,1260,233,22,2080,528,60,1562,314,33,1260,233,22,Finisher,3065
Charles,St-Amand,Charles St-Amand,2037,M18-24,Male,Val-d'Or,Québec ,Canada,CA,1:30:02,6:23:30,4:37:41,0:07:01,0:09:10,12:47:24,5402,23010,16661,421,550,46044,1261,1028,134,1598,1226,158,1521,1221,146,1261,1028,134,Finisher,1000
Kevin,Langford,Kevin Langford,2352,M25-29,Male,Bracebridge,ON,Canada,CA,1:19:54,6:01:30,5:11:54,0:07:59,0:06:12,12:47:30,4794,21690,18714,479,372,46050,1262,1029,176,828,647,117,1034,874,153,1262,1029,176,Finisher,1000
Joe,Peterson,Joe Peterson,1622,M35-39,Male,Bozeman,MT,United States,US,1:23:34,6:23:36,4:44:15,0:08:25,0:07:44,12:47:34,5014,23016,17055,505,464,46054,1263,1030,136,1128,873,108,1449,1167,139,1263,1030,136,Finisher,1000
Tony,Xu,Tony Xu,2584,M55-59,Male,Vaughan,ON,Canada,CA,1:28:54,6:07:16,4:54:38,0:08:34,0:08:32,12:47:54,5334,22036,17678,514,512,46074,1264,1031,61,1522,1165,82,1287,1058,75,1264,1031,61,Finisher,1000
James,Rassell,James Rassell,879,M30-34,Male,Calgary,AB,Canada,CA,1:24:11,6:00:47,5:05:45,0:08:39,0:08:36,12:47:58,5051,21647,18345,519,516,46078,1265,1032,156,1182,913,142,1100,922,129,1265,1032,156,Finisher,2064
Martin,Talbot,Martin Talbot,1418,M50-54,Male,Chambly,QC,Canada,CA,1:24:04,5:55:35,5:06:47,0:12:33,0:09:01,12:47:59,5044,21335,18407,753,541,46079,1266,1033,99,1170,903,90,1081,906,96,1266,1033,99,Finisher,2460
Nicolas,Joyal,Nicolas Joyal,2067,M18-24,Male,Mont-Tremblant,QUEBEC,Canada,CA,1:14:45,6:23:48,4:55:38,0:06:52,0:07:04,12:48:06,4485,23028,17738,412,424,46086,1267,1034,135,473,373,61,1298,1067,136,1267,1034,135,Finisher,1000
Andrew,Snell,Andrew Snell,1372,M55-59,Male,Ottawa,ON,Canada,CA,1:34:18,6:18:04,4:37:08,0:10:18,0:08:19,12:48:07,5658,22684,16628,618,499,46087,1268,1035,62,1832,1389,99,1564,1250,94,1268,1035,62,Finisher,1000
Diego,Chaves,Diego Chaves,1076,M40-44,Male,Alajuela,Alajuela,Costa Rica,CR,1:25:26,6:28:40,4:37:24,0:06:48,0:09:52,12:48:10,5126,23320,16644,408,592,46090,1269,1036,138,1283,993,110,1526,1224,159,1269,1036,138,Finisher,1000
Cole,Della-Savia,Cole Della-Savia,2494,M18-24,Male,Sault Ste Marie,ON,Canada,CA,1:29:27,5:44:04,5:16:22,0:08:34,0:09:47,12:48:14,5367,20644,18982,514,587,46094,1270,1037,136,1556,1193,154,897,774,99,1270,1037,136,Finisher,1000
Branden,Rupert,Branden Rupert,865,M40-44,Male,Apollo,PA,United States,US,1:29:42,5:25:51,5:36:56,0:10:03,0:05:45,12:48:16,5382,19551,20216,603,345,46096,1271,1038,139,1574,1205,137,666,596,85,1271,1038,139,Finisher,1000
Liam,Gordon,Liam Gordon,572,M25-29,Male,Dayton,NS,Canada,CA,1:30:05,6:03:35,4:59:48,0:06:55,0:07:55,12:48:17,5405,21815,17988,415,475,46097,1272,1039,177,1603,1229,207,1214,1003,163,1272,1039,177,Finisher,1000
Marco,Joubran,Marco Joubran,778,M30-34,Male,Brampton,ON,Canada,CA,1:27:25,6:05:14,4:57:30,0:09:10,0:09:27,12:48:46,5245,21914,17850,550,567,46126,1273,1040,157,1424,1093,171,1234,1019,148,1273,1040,157,Finisher,2054
Katherine,Rheault,Katherine Rheault,2517,F50-54,Female,Orillia,ON,Canada,CA,1:25:32,6:40:43,4:21:41,0:08:41,0:12:23,12:48:59,5132,24043,15701,521,743,46139,1274,234,25,1288,293,30,1703,360,50,1274,234,25,Finisher,1000
Anne,Carr,Anne Carr,1957,F30-34,Female,Kingston,ON,Canada,CA,1:17:00,6:18:02,4:57:59,0:07:48,0:08:14,12:49:04,4620,22682,17879,468,494,46144,1275,235,48,619,129,22,1252,221,38,1275,235,48,Finisher,1000
John,Cappelletti,John Cappelletti,1041,M65-69,Male,Aurora,ON,Canada,CA,1:21:41,6:09:29,4:51:46,0:12:03,0:14:04,12:49:04,4901,22169,17506,723,844,46144,1276,1041,10,962,749,6,1262,1040,11,1276,1041,10,Finisher,1000
SANTANA,PALESKE,SANTANA PALESKE,890,F30-34,Female,Vancouver,BC,Canada,CA,1:19:05,6:30:11,4:45:38,0:06:38,0:07:34,12:49:05,4745,23411,17138,398,454,46145,1277,236,49,781,170,29,1454,285,46,1277,236,49,Finisher,1000
Connor,Deutsch,Connor Deutsch,932,M25-29,Male,West Chester,Pennsylvania,United States,US,1:18:01,6:19:00,4:55:24,0:10:38,0:06:39,12:49:41,4681,22740,17724,638,399,46181,1278,1042,178,705,551,96,1339,1093,177,1278,1042,178,Finisher,1983
Mathieu,Bercier Paiement,Mathieu Bercier Paiement,1590,M25-29,Male,St-clet,QC,Canada,CA,1:24:14,5:55:36,5:13:34,0:09:27,0:07:08,12:50:00,5054,21336,18814,567,428,46200,1279,1043,179,1188,919,158,1030,871,152,1279,1043,179,Finisher,1000
Herbert,Tschinkel,Herbert Tschinkel,1380,M40-44,Male,North Vancouver,BC,Austria,AT,1:23:44,5:45:46,5:22:15,0:09:33,0:08:45,12:50:02,5024,20746,19335,573,525,46202,1280,1044,140,1145,884,101,857,747,100,1280,1044,140,Finisher,1000
Connor,Kelley,Connor Kelley,877,M25-29,Male,Peckville,Pennsylvania ,United States,US,1:25:42,6:27:48,4:42:45,0:06:47,0:07:01,12:50:03,5142,23268,16965,407,421,46203,1281,1045,180,1300,1006,172,1519,1220,200,1281,1045,180,Finisher,1000
Michel,Hamelin,Michel Hamelin,479,M60-64,Male,St-Jean sur Richelieu,Quebec,Canada,CA,1:14:01,6:16:49,4:48:58,0:15:27,0:14:52,12:50:08,4441,22609,17338,927,892,46208,1282,1046,27,434,347,11,1316,1082,35,1282,1046,27,Finisher,1000
Simon,Sun,Simon Sun,2005,M30-34,Male,Toronto,Ontario,Canada,CA,1:25:57,6:30:58,4:29:13,0:14:31,0:09:38,12:50:17,5157,23458,16153,871,578,46217,1283,1047,158,1314,1019,163,1657,1314,184,1283,1047,158,Finisher,1000
Erin,Carpenter,Erin Carpenter,1058,F55-59,Female,BERKLEY,MI,United States,US,1:07:15,6:10:46,5:20:53,0:04:56,0:06:45,12:50:34,4035,22246,19253,296,405,46234,1284,237,8,131,30,2,912,128,6,1284,237,8,Finisher,3949
Kathy,Thompson,Kathy Thompson,1037,F40-44,Female,Orangeville ,ON,Canada,CA,1:22:24,6:30:16,4:42:23,0:07:45,0:07:59,12:50:48,4944,23416,16943,465,479,46248,1285,238,23,1016,228,24,1520,300,31,1285,238,23,Finisher,1000
Taymour,Elgamal,Taymour Elgamal,682,M18-24,Male,Montréal,QC,Canada,CA,1:24:28,6:48:35,4:21:37,0:07:43,0:08:36,12:50:58,5068,24515,15697,463,516,46258,1286,1048,137,1207,933,130,1772,1385,166,1286,1048,137,Finisher,1000
Clive,Nazareth,Clive Nazareth,1169,M25-29,Male,Toronto,Ontario,Canada,CA,1:36:34,6:34:54,4:10:59,0:17:17,0:11:16,12:51:01,5794,23694,15059,1037,676,46261,1287,1049,181,1930,1465,236,1835,1428,228,1287,1049,181,Finisher,1000
Lauren,Liberty,Lauren Liberty,1109,F35-39,Female,Collingwood,ON,Canada,CA,1:20:25,5:58:35,5:11:16,0:08:34,0:12:22,12:51:13,4825,21515,18676,514,742,46273,1288,239,25,873,190,24,997,149,17,1288,239,25,Finisher,1000
Melanie,Mar,Melanie Mar,1194,F50-54,Female,Huntsville,ON,Canada,CA,1:17:49,6:49:11,4:24:20,0:11:05,0:08:56,12:51:22,4669,24551,15860,665,536,46282,1289,240,26,683,147,13,1734,374,54,1289,240,26,Finisher,1000
Manon,Bohemier,Manon Bohemier,1674,F60-64,Female,Mascouche,QC,Canada,CA,1:33:49,6:19:34,4:42:00,0:08:12,0:07:53,12:51:28,5629,22774,16920,492,473,46288,1290,241,2,1800,431,14,1545,306,7,1290,241,2,Finisher,1000
Martin,Skody,Martin Skody,287,M55-59,Male,Vars,ON,Canada,CA,2:07:22,5:54:08,4:37:37,0:05:53,0:06:32,12:51:31,7642,21248,16657,353,392,46291,1291,1050,63,2283,1696,143,1615,1284,100,1291,1050,63,Finisher,2471
Mike,Nemeth,Mike Nemeth,2339,M25-29,Male,London,ON,Canada,CA,1:28:19,6:43:06,4:24:52,0:08:22,0:06:58,12:51:36,5299,24186,15892,502,418,46296,1292,1051,182,1486,1140,191,1755,1375,223,1292,1051,182,Finisher,1000
Russell,Holden,Russell Holden,1067,M35-39,Male,New Orleans,LA,United States,US,1:10:19,6:15:12,5:13:50,0:05:22,0:06:56,12:51:40,4219,22512,18830,322,416,46300,1293,1052,137,246,188,27,1060,895,114,1293,1052,137,Finisher,1983
Erin,Daniels,Erin Daniels,1121,F18-24,Female,lakeodessa,MI,United States,US,1:17:37,6:23:22,4:57:19,0:09:09,0:04:29,12:51:57,4657,23002,17839,549,269,46317,1294,242,17,672,145,10,1377,261,19,1294,242,17,Finisher,3673
Larry,Somma,Larry Somma,1486,M60-64,Male,Houston,TX,United States,US,1:10:25,5:54:53,5:27:42,0:09:37,0:09:24,12:52:00,4225,21293,19662,577,564,46320,1295,1053,28,252,193,4,792,696,21,1295,1053,28,Finisher,3125
Andrés,Ramírez Restrepo,Andrés Ramírez Restrepo,1788,M35-39,Male,Calgary,AB,Colombia,CO,1:12:23,6:22:33,5:02:17,0:07:00,0:07:52,12:52:05,4343,22953,18137,420,472,46325,1296,1054,138,338,264,34,1237,1022,128,1296,1054,138,Finisher,1978
Steve,Noonan,Steve Noonan,673,M50-54,Male,Sainte-Marie,QC,Canada,CA,1:36:28,6:09:04,4:40:47,0:14:06,0:11:41,12:52:05,5788,22144,16847,846,701,46325,1297,1055,100,1925,1462,158,1510,1212,125,1297,1055,100,Finisher,1000
Marek,Janecky,Marek Janecky,870,M18-24,Male,Ottawa,ON,Canada,CA,1:15:57,6:10:52,5:07:15,0:09:48,0:08:19,12:52:11,4557,22252,18435,588,499,46331,1298,1056,138,552,436,70,1150,959,124,1298,1056,138,Finisher,1000
Dan,Persaud,Dan Persaud,1680,M55-59,Male,Farmington,NY,United States,US,1:36:19,5:55:15,4:56:10,0:11:47,0:12:53,12:52:23,5779,21315,17770,707,773,46343,1299,1057,64,1917,1456,106,1264,1042,73,1299,1057,64,Finisher,1000
Lisa,Parker,Lisa Parker,1039,F40-44,Female,Chatham,ON,Canada,CA,1:23:27,6:30:22,4:42:23,0:08:21,0:07:52,12:52:25,5007,23422,16943,501,472,46345,1300,243,24,1114,253,26,1554,310,32,1300,243,24,Finisher,1000
Mark,Heung,Mark Heung,2620,M50-54,Male,Milton,ON,Canada,CA,1:28:19,6:49:59,4:17:56,0:10:28,0:05:50,12:52:32,5299,24599,15476,628,350,46352,1301,1058,101,1487,1141,118,1836,1429,152,1301,1058,101,Finisher,1000
Osvaldo,Ocampo,Osvaldo Ocampo,131,M50-54,Male,LONG BEACH,CA,United States,US,1:31:05,6:06:13,5:02:56,0:05:33,0:06:46,12:52:32,5465,21973,18176,333,406,46352,1302,1059,102,1653,1268,133,1251,1031,106,1302,1059,102,Finisher,1000
Frédéric,Vincent,Frédéric Vincent,2026,M18-24,Male,brossard,QC,Canada,CA,1:08:09,5:41:33,5:49:15,0:04:09,0:09:34,12:52:40,4089,20493,20955,249,574,46360,1303,1060,139,160,126,22,463,427,59,1303,1060,139,Finisher,1810
Ryoma,Martin,Ryoma Martin,2588,M25-29,Male,Montréal,QC,Canada,CA,1:24:41,6:25:02,4:36:26,0:11:16,0:15:17,12:52:43,5081,23102,16586,676,917,46363,1304,1061,183,1232,953,165,1528,1226,202,1304,1061,183,Finisher,1947
Bradley,Pickering,Bradley Pickering,1912,M50-54,Male,Cobourg,Ontario,Canada,CA,1:21:10,6:23:47,4:40:36,0:16:01,0:11:15,12:52:48,4870,23027,16836,961,675,46368,1305,1062,103,921,725,70,1527,1225,127,1305,1062,103,Finisher,1000
James,Jin,James Jin,30,M55-59,Male,Cobourg,Ontario,Canada,CA,1:36:23,6:30:30,4:29:57,0:08:05,0:07:52,12:52:48,5783,23430,16197,485,472,46368,1306,1063,65,1921,1459,108,1704,1344,105,1306,1063,65,Finisher,1000
Alexander,Macdonald,Alexander Macdonald,2108,M25-29,Male,Toronto,ON,Canada,CA,1:14:47,6:49:04,4:31:31,0:08:10,0:09:30,12:53:01,4487,24544,16291,490,570,46381,1307,1064,184,477,377,72,1661,1316,214,1307,1064,184,Finisher,1943
Marie-Andrée,Bourgeois,Marie-Andrée Bourgeois,1749,F45-49,Female,Saint-Colomban,QC,Canada,CA,1:26:34,6:24:49,4:49:44,0:06:29,0:05:28,12:53:02,5194,23089,17384,389,328,46382,1308,244,36,1358,307,40,1489,294,43,1308,244,36,Finisher,1000
Joan,Serra,Joan Serra,2608,M30-34,Male,Montréal,Quebec,Spain,ES,1:26:34,6:10:34,4:59:03,0:08:14,0:08:49,12:53:14,5194,22234,17943,494,529,46394,1309,1065,159,1359,1052,166,1296,1065,157,1309,1065,159,Finisher,1000
Mathieu,Marciszewski,Mathieu Marciszewski,1394,M35-39,Male,Saint-Ambroise-de-Kildare,QC,Canada,CA,1:24:13,6:04:16,5:07:11,0:08:57,0:08:44,12:53:22,5053,21856,18431,537,524,46402,1310,1066,139,1186,917,111,1162,967,125,1310,1066,139,Finisher,1000
Jennifer,Stein,Jennifer Stein,398,F25-29,Female,Ilion,NEW YORK,United States,US,1:24:39,6:43:29,4:36:06,0:04:41,0:04:32,12:53:27,5079,24209,16566,281,272,46407,1311,245,58,1228,279,61,1678,353,72,1311,245,58,Finisher,2313
Gabriella,Hawes-Cote,Gabriella Hawes-Cote,2006,F25-29,Female,Ottawa,ON,Canada,CA,1:22:30,6:20:12,4:57:57,0:04:21,0:08:32,12:53:32,4950,22812,17877,261,512,46412,1312,246,59,1025,231,54,1330,241,51,1312,246,59,Finisher,2312
Katryna,Hawes-Cote,Katryna Hawes-Cote,2004,F18-24,Female,Ottawa,Ontario,Canada,CA,1:22:21,6:18:58,4:58:04,0:07:02,0:07:12,12:53:38,4941,22738,17884,422,432,46418,1313,247,18,1014,227,16,1349,250,16,1313,247,18,Finisher,3652
Jennifer,Ouellette,Jennifer Ouellette,1826,F35-39,Female,Andover,Massachusetts,United States,US,1:28:49,6:46:35,4:00:25,0:18:18,0:19:35,12:53:41,5329,24395,14425,1098,1175,46421,1314,248,26,1515,355,40,1888,425,43,1314,248,26,Finisher,1000
Erik,Blachford,Erik Blachford,2572,M55-59,Male,Sausalito,CA,Canada,CA,1:26:47,6:21:31,4:46:57,0:09:44,0:08:47,12:53:45,5207,22891,17217,584,527,46425,1315,1067,66,1373,1059,68,1493,1199,89,1315,1067,66,Finisher,1000
Robert,Blodgett,Robert Blodgett,83,M25-29,Male,Tewksbury,MA,United States,US,1:16:24,6:04:35,5:16:48,0:09:09,0:06:49,12:53:45,4584,21875,19008,549,409,46425,1316,1068,185,579,459,84,1049,885,155,1316,1068,185,Finisher,1000
Rod,Linttell,Rod Linttell,490,M60-64,Male,Ottawa,Ontario,Canada,CA,1:25:09,6:10:55,4:48:53,0:15:23,0:13:27,12:53:46,5109,22255,17333,923,807,46426,1317,1069,29,1267,980,39,1401,1132,36,1317,1069,29,Finisher,1000
Timothy,Scully,Timothy Scully,1725,M30-34,Male,Hartford,CT,United States,US,1:09:07,6:51:11,4:35:33,0:07:28,0:10:33,12:53:54,4147,24671,16533,448,633,46434,1318,1070,160,202,153,26,1619,1288,180,1318,1070,160,Finisher,1000
Carol,Carruthers,Carol Carruthers,462,F55-59,Female,Calgary,AB,Canada,CA,1:27:58,6:10:05,5:02:21,0:05:42,0:07:53,12:53:58,5278,22205,18141,342,473,46438,1319,249,9,1466,341,20,1269,224,12,1319,249,9,Finisher,3908
Christopher,Smith,Christopher Smith,1837,M50-54,Male,Brunswick,OH,United States,US,1:23:26,6:19:59,4:41:57,0:13:45,0:14:53,12:54:01,5006,22799,16917,825,893,46441,1320,1071,104,1112,861,86,1478,1186,122,1320,1071,104,Finisher,1000
Charles,Daigneault-Lanthier,Charles Daigneault-Lanthier,2327,M30-34,Male,Montréal,QC,Canada,CA,1:32:04,6:15:05,4:46:53,0:09:15,0:10:52,12:54:10,5524,22505,17213,555,652,46450,1321,1072,161,1707,1302,191,1465,1177,166,1321,1072,161,Finisher,1000
Ian,Moore,Ian Moore,506,M55-59,Male,Kingswinford,DUDLEY,United Kingdom,GB,1:28:44,5:59:52,5:03:41,0:12:37,0:09:24,12:54:18,5324,21592,18221,757,564,46458,1322,1073,67,1510,1157,80,1222,1009,70,1322,1073,67,Finisher,1000
Alex,Edward,Alex Edward,2363,M25-29,Male,Oro-Medonte,ON,Canada,CA,1:27:39,6:21:54,4:48:12,0:10:08,0:06:25,12:54:18,5259,22914,17292,608,385,46458,1323,1074,186,1438,1106,186,1512,1214,198,1323,1074,186,Finisher,1000
Lucia ,Castañeda Cabrero ,Lucia Castañeda Cabrero,1005,F45-49,Female,San Luis Potosi,MX-SLP,Mexico,MX,1:34:12,6:08:13,4:53:03,0:09:09,0:09:41,12:54:19,5652,22093,17583,549,581,46459,1324,250,37,1824,439,59,1404,270,41,1324,250,37,Finisher,2818
Val̩rie,Michalk,Val̩rie Michalk,1759,F45-49,Female,Saint-Boniface,QC,Canada,CA,1:27:14,6:04:34,5:08:11,0:06:08,0:08:21,12:54:27,5234,21874,18491,368,501,46467,1325,251,38,1405,327,42,1176,200,33,1325,251,38,Finisher,2817
Rich,Taylor,Rich Taylor,2583,M50-54,Male,Oakville,ON,South Africa,ZA,1:29:09,6:38:38,4:26:05,0:11:10,0:09:27,12:54:28,5349,23918,15965,670,567,46468,1326,1075,105,1538,1179,121,1749,1371,144,1326,1075,105,Finisher,1000
Andrea,McGuire,Andrea McGuire,677,F35-39,Female,Seattle,WA,United States,US,1:10:09,6:20:50,5:08:34,0:05:33,0:09:26,12:54:32,4209,22850,18514,333,566,46472,1327,252,27,235,57,8,1147,190,21,1327,252,27,Finisher,2870
Michael,Brookins,Michael Brookins,381,M55-59,Male,BALDWINSVILLE,New York,United States,US,1:34:55,5:55:45,5:05:48,0:09:29,0:08:36,12:54:34,5695,21345,18348,569,516,46474,1328,1076,68,1865,1420,103,1203,994,68,1328,1076,68,Finisher,1000
Marc-Antoine,Theberge,Marc-Antoine Theberge,694,M35-39,Male,rouyn-noranda,QC,Canada,CA,1:25:14,5:54:39,5:12:01,0:11:13,0:11:30,12:54:37,5114,21279,18721,673,690,46477,1329,1077,140,1272,984,123,1063,896,115,1329,1077,140,Finisher,1000
Philippe,Trahan,Philippe Trahan,2387,M40-44,Male,Brossard,QC,Canada,CA,1:27:02,6:04:44,5:05:47,0:08:29,0:08:40,12:54:42,5222,21884,18347,509,520,46482,1330,1078,141,1387,1067,119,1205,995,133,1330,1078,141,Finisher,1000
Mathew,Palmer,Mathew Palmer,562,M18-24,Male,Delta,BC,Zimbabwe,ZW,1:27:27,6:37:04,4:40:20,0:05:45,0:04:16,12:54:52,5247,23824,16820,345,256,46492,1331,1079,140,1429,1097,146,1642,1304,156,1331,1079,140,Finisher,1000
Chantale,Garneau,Chantale Garneau,1808,F50-54,Female,Saint-Marc-des-Carrières,QC,Canada,CA,1:39:27,6:23:12,4:42:04,0:06:15,0:04:03,12:55:00,5967,22992,16924,375,243,46500,1332,253,27,2018,500,62,1629,333,42,1332,253,27,Finisher,3596
Martin,Minville,Martin Minville,1778,M50-54,Male,Rimouski,Québec,Canada,CA,1:35:40,5:53:56,5:08:02,0:09:47,0:07:38,12:55:04,5740,21236,18482,587,458,46504,1333,1080,106,1890,1436,154,1193,989,103,1333,1080,106,Finisher,1000
Leigh,Jacques,Leigh Jacques,1023,F50-54,Female,Toronto,ON,Canada,CA,1:37:18,6:46:04,4:16:29,0:06:55,0:08:23,12:55:08,5838,24364,15389,415,503,46508,1334,254,28,1961,477,57,1855,414,61,1334,254,28,Finisher,3594
Julien,FACQUET,Julien FACQUET,875,M40-44,Male,SAINT CONSTANT,QC,France,FR,1:25:20,6:43:30,4:25:00,0:11:34,0:09:55,12:55:19,5120,24210,15900,694,595,46519,1335,1081,142,1277,988,108,1763,1380,176,1335,1081,142,Finisher,1000
Roland,Reichert,Roland Reichert,2185,M45-49,Male,Beamsville,ON,Canada,CA,1:18:42,6:00:19,5:19:27,0:08:50,0:08:13,12:55:32,4722,21619,19167,530,493,46532,1336,1082,100,754,589,47,1002,852,78,1336,1082,100,Finisher,1000
hugo,Bauden-Poreye,hugo Bauden-Poreye,1857,M25-29,Male,Saint-André-Avellin,Quebec,France,FR,1:15:32,6:30:58,4:50:27,0:09:51,0:08:52,12:55:40,4532,23458,17427,591,532,46540,1337,1083,187,530,420,78,1464,1176,194,1337,1083,187,Finisher,1000
Rémi,Bélanger,Rémi Bélanger,2300,M30-34,Male,St-Denis-sur-Richelieu,QC,Canada,CA,1:26:51,6:48:30,4:26:10,0:07:46,0:06:26,12:55:43,5211,24510,15970,466,386,46543,1338,1084,162,1378,1063,168,1788,1397,193,1338,1084,162,Finisher,1000
Patrick ,Laliberté ,Patrick Laliberté,1642,M50-54,Male,Lachine,QC,Canada,CA,1:26:39,6:13:33,4:58:29,0:07:33,0:09:40,12:55:54,5199,22413,17909,453,580,46554,1339,1085,107,1366,1056,108,1343,1096,114,1339,1085,107,Finisher,1000
Fabricia,Joly,Fabricia Joly,1215,F45-49,Female,Pierrefonds ,QC,Brazil,BR,1:46:11,6:14:26,4:39:43,0:09:05,0:06:40,12:56:05,6371,22466,16783,545,400,46565,1340,255,39,2149,547,73,1636,336,48,1340,255,39,Finisher,1000
Giles,Atkinson,Giles Atkinson,135,M50-54,Male,Cambridge,ON,Canada,CA,1:13:27,6:17:57,5:07:56,0:07:08,0:09:41,12:56:09,4407,22677,18476,428,581,46569,1341,1086,108,405,322,31,1182,981,102,1341,1086,108,Finisher,1000
Sean,Green,Sean Green,2081,M30-34,Male,Killaloe,Ontario,Canada,CA,1:17:13,6:09:31,5:06:30,0:11:43,0:11:22,12:56:19,4633,22171,18390,703,682,46579,1342,1087,163,640,505,76,1181,980,141,1342,1087,163,Finisher,1000
Lanson,Van Dyke,Lanson Van Dyke,2223,M30-34,Male,Toronto,Ontario,Canada,CA,1:08:42,5:52:56,5:46:05,0:04:11,0:04:33,12:56:27,4122,21176,20765,251,273,46587,1343,1088,164,184,141,23,669,598,82,1343,1088,164,Finisher,1962
Adam,G,Adam G,830,M18-24,Male,montreal,QUEBEC,Canada,CA,1:20:30,6:37:21,4:32:47,0:08:32,0:17:19,12:56:29,4830,23841,16367,512,1039,46589,1344,1089,141,879,689,100,1607,1277,153,1344,1089,141,Finisher,1000
Francis,Crevier Raymond,Francis Crevier Raymond,1919,M30-34,Male,Montréal,QC,Canada,CA,1:16:20,6:42:18,4:40:26,0:09:29,0:08:01,12:56:34,4580,24138,16826,569,481,46594,1345,1090,165,574,454,69,1621,1290,182,1345,1090,165,Finisher,1000
Rainer,Torres,Rainer Torres,568,M50-54,Male,Toronto,ON,Philippines,PH,1:26:21,5:41:57,5:36:25,0:06:59,0:05:09,12:56:49,5181,20517,20185,419,309,46609,1346,1091,109,1344,1043,106,798,701,76,1346,1091,109,Finisher,1000
Andrew,Cop,Andrew Cop,781,M18-24,Male,Toronto,ONTARIO,Canada,CA,1:28:36,6:02:07,5:08:17,0:07:38,0:10:15,12:56:53,5316,21727,18497,458,615,46613,1347,1092,142,1502,1151,150,1180,979,127,1347,1092,142,Finisher,1000
Theo,Dumur,Theo Dumur,2019,M30-34,Male,Lavaltrie,QC,Canada,CA,1:20:28,6:13:22,5:04:19,0:08:27,0:10:21,12:56:57,4828,22402,18259,507,621,46617,1348,1093,166,877,687,103,1241,1024,149,1348,1093,166,Finisher,1000
Roger,Sias Monteiro,Roger Sias Monteiro,1592,M55-59,Male,MONTREAL,QC,Canada,CA,1:24:25,6:32:39,4:44:59,0:07:07,0:08:02,12:57:12,5065,23559,17099,427,482,46632,1349,1094,69,1201,929,59,1577,1257,96,1349,1094,69,Finisher,1000
BOB,LAUGHTON,BOB LAUGHTON,493,M60-64,Male,Ottawa,Ontario,Canada,CA,1:33:42,5:59:03,5:02:06,0:10:36,0:11:50,12:57:16,5622,21543,18126,636,710,46636,1350,1095,30,1792,1364,55,1263,1041,34,1350,1095,30,Finisher,1000
Aira ,Paraan,Aira Paraan,1605,F25-29,Female,Vaudreuil-Dorion,QC,Canada,CA,1:49:20,6:30:33,4:27:07,0:03:43,0:06:37,12:57:20,6560,23433,16027,223,397,46640,1351,256,60,2198,565,98,1790,393,76,1351,256,60,Finisher,1000
Ryan,Zakariassen,Ryan Zakariassen,592,M45-49,Male,Orleans,ON,Canada,CA,1:24:34,6:15:00,5:04:34,0:06:14,0:07:30,12:57:52,5074,22500,18274,374,450,46672,1352,1096,101,1220,944,81,1306,1074,101,1352,1096,101,Finisher,1000
Daniella,Cowden,Daniella Cowden,829,F25-29,Female,Abu Dhabi,Abu Dhabi,United Arab Emirates,AE,1:17:30,7:15:15,4:16:40,0:04:55,0:03:48,12:58:08,4650,26115,15400,295,228,46688,1353,257,61,664,143,31,1928,439,81,1353,257,61,Finisher,2257
Morgan,Haslett,Morgan Haslett,1350,F18-24,Female,Saint John,NB,Canada,CA,1:28:48,6:08:38,5:00:34,0:11:31,0:08:38,12:58:09,5328,22118,18034,691,518,46689,1354,258,19,1513,354,31,1359,254,17,1354,258,19,Finisher,3598
Andrew,Stone,Andrew Stone,1511,M25-29,Male,Georgina,ON,Canada,CA,1:19:19,6:22:38,4:56:01,0:09:57,0:10:17,12:58:12,4759,22958,17761,597,617,46692,1355,1097,188,791,619,113,1407,1137,184,1355,1097,188,Finisher,1000
Lucy,Ryan,Lucy Ryan,1059,F25-29,Female,Ottawa,ON,Canada,CA,1:25:01,6:38:55,4:39:21,0:07:29,0:07:33,12:58:19,5101,23935,16761,449,453,46699,1356,259,62,1254,283,62,1656,343,69,1356,259,62,Finisher,1000
Charlotte,Van Audenrode,Charlotte Van Audenrode,1558,F35-39,Female,Calgary,AB,Canada,CA,1:11:49,6:36:34,4:59:58,0:05:26,0:04:39,12:58:26,4309,23794,17998,326,279,46706,1357,260,28,309,68,12,1422,275,30,1357,260,28,Finisher,1000
Michelle,Nordland,Michelle Nordland,2196,F55-59,Female,PINE ISLAND,MN,United States,US,1:20:39,5:50:37,5:30:48,0:08:10,0:08:14,12:58:28,4839,21037,19848,490,494,46708,1358,261,10,886,193,8,862,111,4,1358,261,10,Finisher,3854
Elliott,Blokm,Elliott Blokm,693,M40-44,Male,Riffa Al Shamali,Bahrain,United Kingdom,GB,1:36:16,6:30:08,4:42:17,0:05:51,0:04:01,12:58:33,5776,23408,16937,351,241,46713,1359,1098,143,1913,1454,177,1664,1318,166,1359,1098,143,Finisher,1000
Jason,Sotzky,Jason Sotzky,534,M35-39,Male,Gatineau,QC,Canada,CA,1:54:47,6:17:06,4:30:10,0:09:16,0:07:13,12:58:33,6887,22626,16210,556,433,46713,1360,1099,141,2233,1660,182,1776,1389,160,1360,1099,141,Finisher,1000
Travis,Smith,Travis Smith,1366,M45-49,Male,MARQUETTE,MI,United States,US,1:27:13,6:05:29,5:13:24,0:08:28,0:04:07,12:58:41,5233,21929,18804,508,247,46721,1361,1100,102,1401,1076,94,1220,1007,93,1361,1100,102,Finisher,1000
Tanya ,Whysker,Tanya Whysker,557,F50-54,Female,Surrey,BC,Canada,CA,1:17:05,6:20:06,5:04:12,0:07:36,0:09:49,12:58:48,4625,22806,18252,456,589,46728,1362,262,29,632,133,12,1288,230,29,1362,262,29,Finisher,3550
Sofiane,Laliberte,Sofiane Laliberte,1732,F25-29,Female,Chambly,QC,Canada,CA,1:24:26,6:28:48,4:58:11,0:03:05,0:04:29,12:58:59,5066,23328,17891,185,269,46739,1363,263,63,1204,273,60,1463,288,60,1363,263,63,Finisher,2246
Katrina,Damiano,Katrina Damiano,525,F50-54,Female,Kanata,ON,Canada,CA,1:29:50,5:49:37,5:17:58,0:08:44,0:12:53,12:59:02,5390,20977,19078,524,773,46742,1364,264,30,1585,370,40,1008,152,17,1364,264,30,Finisher,3548
Spencer ,Martin,Spencer Martin,544,M30-34,Male,Pleasantville,Nova Scotia,Canada,CA,1:33:09,6:26:39,4:47:31,0:05:39,0:06:03,12:59:02,5589,23199,17251,339,363,46742,1365,1101,167,1764,1344,198,1594,1269,178,1365,1101,167,Finisher,1000
Deanna,Lavigne,Deanna Lavigne,892,F55-59,Female,Huntsville,ON,Canada,CA,1:23:18,6:17:20,5:01:30,0:09:11,0:07:51,12:59:10,4998,22640,18090,551,471,46750,1366,265,11,1096,249,13,1372,258,17,1366,265,11,Finisher,1000
Kevin,Lee,Kevin Lee,2547,M25-29,Male,HILLIARD,OH,United States,US,1:25:14,6:21:30,4:52:07,0:13:22,0:07:02,12:59:15,5114,22890,17527,802,422,46755,1367,1102,189,1273,985,170,1516,1218,199,1367,1102,189,Finisher,1000
Cherie,Hendrickson,Cherie Hendrickson,1406,F40-44,Female,Epping,US-NH,United States,US,1:36:09,6:01:59,5:12:22,0:05:01,0:03:44,12:59:16,5769,21719,18742,301,224,46756,1368,266,25,1909,459,50,1260,222,22,1368,266,25,Finisher,2921
Mark,Lavoie,Mark Lavoie,718,M60-64,Male,BERLIN,CT,United States,US,1:32:50,6:11:00,4:52:13,0:11:02,0:12:30,12:59:34,5570,22260,17533,662,750,46774,1369,1103,31,1748,1332,51,1439,1160,39,1369,1103,31,Finisher,1000
Nathaniel,Gordon,Nathaniel Gordon,1352,M30-34,Male,Ottawa,ON,Canada,CA,1:18:06,6:10:41,5:11:13,0:11:30,0:08:17,12:59:47,4686,22241,18673,690,497,46787,1370,1104,168,711,556,84,1206,996,143,1370,1104,168,Finisher,1000
Tyler ,Provost,Tyler Provost,640,M30-34,Male,Ottawa,ON,Canada,CA,1:13:33,5:48:02,5:41:26,0:10:17,0:06:28,12:59:47,4413,20882,20486,617,388,46787,1371,1105,169,410,326,53,745,660,95,1371,1105,169,Finisher,1000
Laurie,Hardage,Laurie Hardage,412,F65-69,Female,Ottawa,ON,Canada,CA,1:28:17,6:23:37,4:52:22,0:09:19,0:06:17,12:59:52,5297,23017,17542,559,377,46792,1372,267,1,1482,344,5,1537,304,3,1372,267,1,Finisher,5000
Hugo,Lemaire,Hugo Lemaire,2173,M50-54,Male,Sherbrooke,QC,Canada,CA,1:22:54,6:07:40,5:08:49,0:09:54,0:10:40,12:59:57,4974,22060,18529,594,640,46797,1373,1106,110,1060,819,82,1211,1000,104,1373,1106,110,Finisher,2316
Lee,Marchionna,Lee Marchionna,161,F50-54,Female,BEDFORD,MA,United States,US,1:39:42,6:00:07,4:37:41,0:33:00,0:09:41,13:00:11,5982,21607,16661,1980,581,46811,1374,268,31,2025,504,63,1677,352,47,1374,268,31,Finisher,3534
Colin,Winter,Colin Winter,2460,M35-39,Male,Little Britain,ON,Canada,CA,1:29:51,6:01:26,5:13:08,0:08:08,0:07:59,13:00:33,5391,21686,18788,488,479,46833,1375,1107,142,1586,1216,145,1194,990,127,1375,1107,142,Finisher,1000
Sylvain,Decary,Sylvain Decary,1449,M60-64,Male,BLAINVILLE,QC,Canada,CA,1:40:27,5:51:59,5:08:27,0:07:20,0:12:25,13:00:38,6027,21119,18507,440,745,46838,1376,1108,32,2046,1533,67,1200,992,31,1376,1108,32,Finisher,3021
Amy,Voorhees,Amy Voorhees,945,F55-59,Female,DRYDEN,NY,United States,US,1:14:38,5:56:34,5:32:27,0:09:07,0:08:00,13:00:47,4478,21394,19947,547,480,46847,1377,269,12,466,100,5,873,117,5,1377,269,12,Finisher,1000
Claude,Desroches,Claude Desroches,708,M60-64,Male,Blainville,QC,Canada,CA,1:31:22,6:10:36,4:50:36,0:13:49,0:14:46,13:01:09,5482,22236,17436,829,886,46869,1378,1109,33,1669,1276,49,1451,1168,40,1378,1109,33,Finisher,1000
Max,Nykanorov,Max Nykanorov,1256,M45-49,Male,Dollard-des-Ormeaux,QC,Canada,CA,1:16:53,5:56:52,5:27:46,0:10:35,0:09:28,13:01:34,4613,21412,19666,635,568,46894,1379,1110,103,609,483,35,944,808,73,1379,1110,103,Finisher,1000
Matthew,Vass,Matthew Vass,2493,M18-24,Male,Orangeville,ON,Canada,CA,1:28:16,6:39:09,4:40:58,0:07:03,0:06:20,13:01:47,5296,23949,16858,423,380,46907,1380,1111,143,1481,1138,148,1698,1340,159,1380,1111,143,Finisher,1000
Cobe,VanHouten,Cobe VanHouten,1568,M25-29,Male,Warsaw,Indiana,United States,US,1:18:54,6:01:49,5:25:29,0:06:43,0:08:54,13:01:49,4734,21709,19529,403,534,46909,1381,1112,190,771,603,109,992,847,149,1381,1112,190,Finisher,1000
Lyle,Brooks-Allemann,Lyle Brooks-Allemann,1461,M30-34,Male,Bolton-Est,Quebec,Canada,CA,1:06:18,5:58:32,5:35:26,0:08:32,0:13:03,13:01:51,3978,21512,20126,512,783,46911,1382,1113,170,108,84,14,773,680,99,1382,1113,170,Finisher,1897
Sarah,Power-Smith,Sarah Power-Smith,988,F50-54,Female,Toronto,ON,Canada,CA,1:27:43,6:30:47,4:42:58,0:09:43,0:10:44,13:01:54,5263,23447,16978,583,644,46914,1383,270,32,1445,334,37,1622,332,41,1383,270,32,Finisher,1000
Peter,Smith,Peter Smith,989,M45-49,Male,Toronto,ON,Canada,CA,1:25:39,5:53:49,5:15:12,0:13:16,0:14:01,13:01:58,5139,21229,18912,796,841,46918,1384,1114,104,1297,1004,89,1089,914,83,1384,1114,104,Finisher,1000
Geneviève,Guay,Geneviève Guay,820,F30-34,Female,Gatineau,QC,Canada,CA,1:19:39,6:18:38,5:10:09,0:08:06,0:05:28,13:02:00,4779,22718,18609,486,328,46920,1385,271,50,820,179,30,1317,235,40,1385,271,50,Finisher,1000
Jonathan,Caron,Jonathan Caron,1438,M25-29,Male,Rimouski,QC,Canada,CA,1:33:59,5:56:19,5:19:25,0:06:45,0:05:36,13:02:04,5639,21379,19165,405,336,46924,1386,1115,191,1811,1375,228,1157,964,159,1386,1115,191,Finisher,1835
jacob,matheson,jacob matheson,689,M18-24,Male,Ottawa,Ontario,Canada,CA,1:35:54,6:46:49,4:23:26,0:08:51,0:07:06,13:02:06,5754,24409,15806,531,426,46926,1387,1116,144,1899,1444,180,1869,1450,174,1387,1116,144,Finisher,1000
Matteo,Bozzo,Matteo Bozzo,1694,M18-24,Male,Montréal,QC,Canada,CA,1:16:47,5:54:10,5:34:06,0:07:33,0:09:40,13:02:16,4607,21250,20046,453,580,46936,1388,1117,145,603,478,75,845,736,93,1388,1117,145,Finisher,1695
Justin,Malott,Justin Malott,2373,M18-24,Male,Stratford,Ontario,Canada,CA,1:23:23,5:41:56,5:47:20,0:04:20,0:05:30,13:02:30,5003,20516,20840,260,330,46950,1389,1118,146,1106,855,123,710,631,79,1389,1118,146,Finisher,1000
Paul,Briggs,Paul Briggs,790,M55-59,Male,Kitchener,ON,Canada,CA,1:23:31,6:06:44,5:07:56,0:11:14,0:13:22,13:02:47,5011,22004,18476,674,802,46967,1390,1119,70,1122,868,53,1226,1012,72,1390,1119,70,Finisher,2336
Karen,Kircher,Karen Kircher,928,F50-54,Female,Penticton,BC,Canada,CA,1:15:23,6:28:51,5:05:23,0:06:23,0:07:00,13:03:00,4523,23331,18323,383,420,46980,1391,272,33,518,109,9,1385,264,33,1391,272,33,Finisher,1000
Ethan,Corenflos,Ethan Corenflos,1573,M25-29,Male,West Terre Haute,IN,United States,US,1:11:41,6:31:03,5:03:36,0:10:21,0:06:27,13:03:08,4301,23463,18216,621,387,46988,1392,1120,192,304,238,51,1418,1144,186,1392,1120,192,Finisher,1000
pascal,nault,pascal nault,1984,M45-49,Male,Victoriaville,QC,Canada,CA,1:34:02,6:14:14,4:50:05,0:13:19,0:11:29,13:03:10,5642,22454,17405,799,689,46990,1393,1121,105,1815,1378,127,1544,1239,123,1393,1121,105,Finisher,2230
Eric,Biklo,Eric Biklo,522,M65-69,Male,Ottawa,ON,Canada,CA,2:09:17,6:08:32,4:32:32,0:06:21,0:06:35,13:03:19,7757,22112,16352,381,395,46999,1394,1122,11,2285,1697,41,1795,1400,25,1394,1122,11,Finisher,3097
Melyna ,Fecteau,Melyna Fecteau,2205,F25-29,Female,Donnacona,QC,Canada,CA,1:35:01,6:19:08,4:48:34,0:08:20,0:12:21,13:03:24,5701,22748,17314,500,741,47004,1395,273,64,1870,447,86,1559,313,64,1395,273,64,Finisher,2193
William,Morrissette,William Morrissette,2542,M25-29,Male,St-Isidore-de-Laprairie,QUEBEC,Canada,CA,1:27:39,5:56:36,5:24:10,0:08:09,0:06:54,13:03:28,5259,21396,19450,489,414,47008,1396,1123,193,1437,1105,185,1085,910,157,1396,1123,193,Finisher,1000
Suzanne,House,Suzanne House,157,F55-59,Female,Outer Cove,NL,Canada,CA,1:27:09,6:10:21,5:08:47,0:09:44,0:07:39,13:03:40,5229,22221,18527,584,459,47020,1397,274,13,1393,323,18,1333,244,15,1397,274,13,Finisher,1000
Andrew,Krochmal,Andrew Krochmal,1435,M45-49,Male,ROCHESTER HILLS,MI,United States,US,1:24:11,5:41:13,5:40:59,0:07:02,0:10:40,13:04:05,5051,20473,20459,422,640,47045,1398,1124,106,1181,912,79,758,670,58,1398,1124,106,Finisher,2219
Jan,Prihoda,Jan Prihoda,967,M45-49,Male,Minnetonka,MN,United States,US,1:32:00,6:28:59,4:36:05,0:11:39,0:15:24,13:04:07,5520,23339,16565,699,924,47047,1399,1125,107,1701,1297,116,1674,1324,131,1399,1125,107,Finisher,1000
Alannah,Beres,Alannah Beres,82,F30-34,Female,Paris,CA-ON,Canada,CA,1:14:01,6:42:09,4:43:42,0:14:31,0:10:28,13:04:51,4441,24129,17022,871,628,47091,1400,275,51,435,88,14,1647,339,54,1400,275,51,Finisher,1000
Sophie,Duguay,Sophie Duguay,720,F25-29,Female,Vancouver,BC,Canada,CA,1:23:37,6:27:58,5:02:44,0:05:14,0:05:25,13:04:57,5017,23278,18164,314,325,47097,1401,276,65,1134,257,58,1473,291,61,1401,276,65,Finisher,2175
Drew,Scholl,Drew Scholl,1551,M45-49,Male,warsaw,IN,United States,US,1:13:53,5:59:34,5:35:12,0:08:47,0:07:41,13:05:06,4433,21574,20112,527,461,47106,1402,1126,108,427,341,24,899,776,68,1402,1126,108,Finisher,1000
Jeremy,Kelly,Jeremy Kelly,1021,M25-29,Male,Montréal,QC,Canada,CA,1:25:54,5:42:28,5:27:17,0:16:22,0:13:07,13:05:08,5154,20548,19637,982,787,47108,1403,1127,194,1311,1016,175,947,811,141,1403,1127,194,Finisher,1000
Gavin,Aitken,Gavin Aitken,423,M45-49,Male,Victoria,BC,Canada,CA,1:17:45,6:03:18,5:28:29,0:05:49,0:10:09,13:05:30,4665,21798,19709,349,609,47130,1404,1128,109,681,535,41,986,842,75,1404,1128,109,Finisher,1000
Sara,Reeves,Sara Reeves,1170,F40-44,Female,Kalamazoo,MI,United States,US,1:23:15,6:25:15,5:01:50,0:06:35,0:08:37,13:05:32,4995,23115,18110,395,517,47132,1405,277,26,1089,248,25,1440,280,28,1405,277,26,Finisher,2845
Karen,Guillemette,Karen Guillemette,2270,F50-54,Female,Quebec,QC,Canada,CA,1:23:45,6:10:40,5:16:04,0:07:45,0:07:19,13:05:32,5025,22240,18964,465,439,47132,1406,278,34,1146,262,27,1239,217,25,1406,278,34,Finisher,1000
Eric,Labrie,Eric Labrie,1318,M55-59,Male,Notre-Dame-Du-Mont-Carmel,Québec,Canada,CA,1:27:26,6:16:07,4:59:11,0:13:53,0:08:55,13:05:33,5246,22567,17951,833,535,47133,1407,1129,71,1428,1096,69,1482,1189,88,1407,1129,71,Finisher,1000
Scot,Brockbank,Scot Brockbank,835,M55-59,Male,Port Dover,ON,Canada,CA,1:13:22,5:59:26,5:27:29,0:14:44,0:10:42,13:05:44,4402,21566,19649,884,642,47144,1408,1130,72,399,317,17,995,848,51,1408,1130,72,Finisher,1000
Jonathan,Leroux,Jonathan Leroux,847,M40-44,Male,Kelowna,BC,Canada,CA,1:36:56,6:35:59,4:35:55,0:08:44,0:08:16,13:05:50,5816,23759,16555,524,496,47150,1409,1131,144,1945,1474,181,1779,1391,177,1409,1131,144,Finisher,1000
Sam,Pfotenhauer,Sam Pfotenhauer,2071,M18-24,Male,Canton,NEW YORK,Canada,CA,1:24:59,6:26:23,4:54:44,0:09:55,0:09:51,13:05:52,5099,23183,17684,595,591,47152,1410,1132,147,1249,968,133,1538,1234,147,1410,1132,147,Finisher,1000
William,Koski,William Koski,2057,M30-34,Male,Jersey City,NJ,United States,US,1:32:35,6:30:24,4:43:47,0:09:30,0:09:39,13:05:55,5555,23424,17027,570,579,47155,1411,1133,171,1735,1322,196,1669,1322,186,1411,1133,171,Finisher,1000
Zoe,Koski,Zoe Koski,1901,F30-34,Female,Jersey City,NJ,United States,US,1:14:49,6:46:40,4:43:44,0:11:04,0:09:42,13:06:00,4489,24400,17024,664,582,47160,1412,279,52,478,101,16,1672,349,56,1412,279,52,Finisher,1000
Finn,Aiston,Finn Aiston,1783,M40-44,Male,Yellowknife ,NT,Canada,CA,1:19:04,6:39:32,4:34:31,0:15:00,0:17:55,13:06:02,4744,23972,16471,900,1075,47162,1413,1134,145,780,611,67,1690,1334,168,1413,1134,145,Finisher,1000
Jerry,Bartolome,Jerry Bartolome,186,M50-54,Male,Mililani,US-HI,United States,US,2:18:18,5:56:42,4:36:53,0:07:15,0:06:56,13:06:05,8298,21402,16613,435,416,47165,1414,1135,111,2298,1705,192,1783,1394,149,1414,1135,111,Finisher,2243
William,Walton,William Walton,1267,M30-34,Male,Ottawa,Ontario,Canada,CA,1:24:33,6:24:10,4:58:19,0:08:28,0:10:50,13:06:19,5073,23050,17899,508,650,47179,1415,1136,172,1218,942,146,1477,1185,167,1415,1136,172,Finisher,1000
Erin,Visser,Erin Visser,1578,F45-49,Female,London,ON,Canada,CA,1:25:00,6:24:56,4:52:51,0:12:47,0:10:46,13:06:20,5100,23096,17571,767,646,47180,1416,280,40,1252,282,39,1565,315,45,1416,280,40,Finisher,1000
James,Shaw,James Shaw,358,M40-44,Male,Lethbridge ,AB,Canada,CA,1:30:26,6:16:41,5:02:00,0:10:29,0:07:28,13:07:04,5426,22601,18120,629,448,47224,1417,1137,146,1621,1243,141,1486,1193,154,1417,1137,146,Finisher,1000
Ali,Samhat,Ali Samhat,1077,M25-29,Male,Stittsville,Ontario,Lebanon,LB,1:31:56,6:03:34,5:17:15,0:07:39,0:06:50,13:07:13,5516,21814,19035,459,410,47233,1418,1138,195,1697,1295,219,1259,1038,168,1418,1138,195,Finisher,1000
Patrick,Cote,Patrick Cote,1828,M45-49,Male,Beloeil,QC,Canada,CA,1:32:06,6:03:10,5:18:09,0:07:47,0:06:17,13:07:29,5526,21790,19089,467,377,47249,1419,1139,110,1710,1305,118,1256,1035,97,1419,1139,110,Finisher,1000
Leonardo,Torres,Leonardo Torres,504,M55-59,Male,markham,on,Canada,CA,1:34:19,6:38:15,4:27:46,0:08:00,0:19:10,13:07:30,5659,23895,16066,480,1150,47250,1420,1140,73,1834,1391,100,1769,1383,108,1420,1140,73,Finisher,1000
Sherri,Mikita,Sherri Mikita,823,F50-54,Female,Seminole,US-FL,United States,US,1:33:22,6:01:16,5:19:45,0:06:13,0:07:02,13:07:37,5602,21676,19185,373,422,47257,1421,281,35,1771,421,48,1218,213,23,1421,281,35,Finisher,3445
Louis-David,Ouellet,Louis-David Ouellet,2203,M25-29,Male,Lévis,QC,Canada,CA,1:26:00,5:40:03,5:32:48,0:14:53,0:13:56,13:07:39,5160,20403,19968,893,836,47259,1422,1141,196,1321,1024,176,883,765,134,1422,1141,196,Finisher,1000
Benjamin,Hamilton,Benjamin Hamilton,1678,M25-29,Male,Regina,SK,Canada,CA,1:23:16,5:38:27,5:48:42,0:08:05,0:09:19,13:07:48,4996,20307,20922,485,559,47268,1423,1142,197,1090,842,143,713,633,113,1423,1142,197,Finisher,1766
Alain,Pederian,Alain Pederian,359,M30-34,Male,Laval,QC,Canada,CA,1:18:50,6:31:44,5:03:56,0:07:53,0:05:28,13:07:52,4730,23504,18236,473,328,47272,1424,1143,173,768,600,91,1500,1204,171,1424,1143,173,Finisher,1000
Emilie,Gourd,Emilie Gourd,362,F18-24,Female,Mont-Royal,QC,Canada,CA,1:27:01,6:22:06,5:01:30,0:08:01,0:09:20,13:07:58,5221,22926,18090,481,560,47278,1425,282,20,1386,320,29,1476,292,22,1425,282,20,Finisher,1000
German,Aragon,German Aragon,2087,M55-59,Male,Thornhill,ON,Colombia,CO,1:37:12,6:02:53,5:09:18,0:10:01,0:09:00,13:08:23,5832,21773,18558,601,540,47303,1426,1144,74,1953,1480,111,1376,1116,81,1426,1144,74,Finisher,2269
Guillaume,Paquin,Guillaume Paquin,2466,M35-39,Male,Chambly,QC,Canada,CA,1:20:58,6:26:36,4:57:26,0:12:07,0:11:28,13:08:35,4858,23196,17846,727,688,47315,1427,1145,143,907,714,92,1511,1213,145,1427,1145,143,Finisher,1000
Ian,Godfrey,Ian Godfrey,2131,M18-24,Male,Baie D'Urfe,QC,Canada,CA,1:07:23,6:22:51,5:17:57,0:07:15,0:13:26,13:08:51,4043,22971,19077,435,806,47331,1428,1146,148,136,104,16,1163,968,125,1428,1146,148,Finisher,1000
Ian,Godfrey,Ian Godfrey,2133,M55-59,Male,Baie D'Urfe,QC,Canada,CA,1:06:03,6:22:50,5:18:43,0:08:36,0:12:41,13:08:52,3963,22970,19123,516,761,47332,1429,1147,75,97,75,4,1166,971,64,1429,1147,75,Finisher,1000
Laurentiu,Radacina,Laurentiu Radacina,2528,M35-39,Male,North bay,ON,Canada,CA,1:30:10,6:47:49,4:28:15,0:11:01,0:11:40,13:08:55,5410,24469,16095,661,700,47335,1430,1148,144,1607,1231,147,1839,1430,163,1430,1148,144,Finisher,1000
Martin,Perrier,Martin Perrier,2440,M40-44,Male,Blainville,QC,Canada,CA,1:35:33,5:54:37,5:24:39,0:05:26,0:08:52,13:09:07,5733,21277,19479,326,532,47347,1431,1149,147,1889,1435,173,1135,948,127,1431,1149,147,Finisher,2094
Scott,Mclallen,Scott Mclallen,1238,M55-59,Male,Alexandria,VA,United States,US,1:06:09,6:21:18,5:26:58,0:06:01,0:08:43,13:09:08,3969,22878,19618,361,523,47348,1432,1150,76,102,79,5,1098,921,58,1432,1150,76,Finisher,2260
Jason,Profetto,Jason Profetto,2331,M40-44,Male,Stoney Creek,ON,Canada,CA,1:27:17,6:06:04,5:15:55,0:10:32,0:09:38,13:09:26,5237,21964,18955,632,578,47366,1433,1151,148,1414,1087,125,1274,1049,141,1433,1151,148,Finisher,1000
Dan,Valiquette,Dan Valiquette,73,M60-64,Male,Sault Ste Marie,Ontario,Canada,CA,1:16:12,5:46:03,5:54:39,0:05:14,0:07:19,13:09:27,4572,20763,21279,314,439,47367,1434,1152,34,568,450,12,688,615,19,1434,1152,34,Finisher,1000
Jennifer,Landero,Jennifer Landero,1576,F40-44,Female,Calgary,AB,Canada,CA,1:19:27,6:20:51,5:07:55,0:09:51,0:11:25,13:09:29,4767,22851,18475,591,685,47369,1435,283,27,804,176,19,1378,262,26,1435,283,27,Finisher,1000
Charles,Normand,Charles Normand,2138,M30-34,Male,Saint-Jérôme,QC,Canada,CA,1:32:17,6:02:11,5:21:46,0:07:12,0:06:15,13:09:41,5537,21731,19306,432,375,47381,1436,1153,174,1723,1314,194,1229,1015,147,1436,1153,174,Finisher,1803
Roby,Brisson,Roby Brisson,1818,M40-44,Male,Cumberland,ON,Canada,CA,1:27:15,5:46:40,5:39:56,0:07:03,0:09:17,13:10:11,5235,20800,20396,423,557,47411,1437,1154,149,1412,1085,124,884,766,105,1437,1154,149,Finisher,1000
Deneen,Mondejar,Deneen Mondejar,1822,F50-54,Female,Middleton,MA,United States,US,1:33:50,6:39:26,4:40:16,0:06:24,0:11:00,13:10:55,5630,23966,16816,384,660,47455,1438,284,36,1802,432,50,1752,380,56,1438,284,36,Finisher,1000
Perry,Cheung,Perry Cheung,2511,M40-44,Male,Toronto,ON,Canada,CA,1:31:50,6:35:41,4:38:57,0:10:32,0:14:01,13:11:02,5510,23741,16737,632,841,47462,1439,1155,150,1689,1289,151,1733,1360,175,1439,1155,150,Finisher,1000
Kaelan,HODGINS,Kaelan HODGINS,2392,M30-34,Male,Prince George,CA-BC,Canada,CA,1:08:56,6:28:32,5:11:33,0:10:57,0:11:14,13:11:13,4136,23312,18693,657,674,47473,1440,1156,175,195,148,25,1351,1100,159,1440,1156,175,Finisher,1000
Jean-Sebastien,Laberge,Jean-Sebastien Laberge,1619,M35-39,Male,St-urbain-premier,QC,Canada,CA,1:29:31,6:03:13,5:02:09,0:14:55,0:21:28,13:11:17,5371,21793,18129,895,1288,47477,1441,1157,145,1563,1199,142,1341,1094,135,1441,1157,145,Finisher,1000
Ally,Hurst,Ally Hurst,794,F25-29,Female,Beamsville,Ontario,Canada,CA,1:27:26,6:46:00,4:47:26,0:06:04,0:04:50,13:11:46,5246,24360,17246,364,290,47506,1442,285,66,1427,332,68,1751,379,74,1442,285,66,Finisher,1000
Robert,Labelle,Robert Labelle,2228,M60-64,Male,Orford,QC,Canada,CA,1:18:33,6:00:08,5:37:17,0:10:25,0:05:29,13:11:53,4713,21608,20237,625,329,47513,1443,1158,35,747,582,18,1028,869,25,1443,1158,35,Finisher,1000
Anthony,Blouin,Anthony Blouin,2455,M25-29,Male,Saint-Nicolas,QC,Canada,CA,1:25:14,6:09:07,5:13:14,0:11:23,0:12:59,13:11:57,5114,22147,18794,683,779,47517,1444,1159,198,1271,983,169,1305,1073,173,1444,1159,198,Finisher,1000
Michael,Gartner,Michael Gartner,801,M40-44,Male,Victoria,BC,Canada,CA,1:16:47,6:07:56,5:22:32,0:13:11,0:11:50,13:12:17,4607,22076,19352,791,710,47537,1445,1160,151,604,479,53,1174,975,131,1445,1160,151,Finisher,1000
Jordan,Stopciati,Jordan Stopciati,1044,M35-39,Male,Burlington,Ontario,Canada,CA,1:23:03,6:29:13,4:56:45,0:12:46,0:10:43,13:12:31,4983,23353,17805,766,643,47551,1446,1161,146,1071,829,106,1587,1264,149,1446,1161,146,Finisher,1733
Wade,Glasspoole,Wade Glasspoole,2630,M45-49,Male,Burlington,Ontario,Canada,CA,1:19:32,6:36:06,4:55:59,0:10:47,0:10:14,13:12:37,4772,23766,17759,647,614,47557,1447,1162,111,810,633,52,1608,1278,125,1447,1162,111,Finisher,1000
Greg,Steinberg,Greg Steinberg,1262,M50-54,Male,Westlake,OH,United States,US,1:20:16,6:00:34,5:32:17,0:11:22,0:08:17,13:12:46,4816,21634,19937,682,497,47566,1448,1163,112,853,668,64,1082,907,97,1448,1163,112,Finisher,1000
Shane,Latsky,Shane Latsky,2245,M18-24,Male,Toronto,ON,Canada,CA,1:15:04,7:01:33,4:30:13,0:14:25,0:11:40,13:12:54,4504,25293,16213,865,700,47574,1449,1164,149,498,392,62,1866,1448,173,1449,1164,149,Finisher,1000
Michael,Fournier,Michael Fournier,2334,M25-29,Male,Québec City,QC,Canada,CA,1:23:50,6:27:04,5:05:23,0:09:42,0:07:08,13:13:07,5030,23224,18323,582,428,47587,1450,1165,199,1158,893,153,1523,1222,201,1450,1165,199,Finisher,1000
Nicole,Delaney,Nicole Delaney,716,F45-49,Female,Ottawa,ON,Canada,CA,1:17:56,5:58:39,5:46:25,0:04:35,0:05:37,13:13:12,4676,21519,20785,275,337,47592,1451,286,41,696,151,21,886,119,19,1451,286,41,Finisher,1000
Amy,Nolan,Amy Nolan,491,F45-49,Female,Peterborough,ON,Canada,CA,1:30:07,6:38:08,4:47:49,0:08:48,0:08:34,13:13:27,5407,23888,17269,528,514,47607,1452,287,42,1604,375,47,1721,368,52,1452,287,42,Finisher,2589
Martin,Dugal,Martin Dugal,1881,M55-59,Male,Trois-Rivières,Quebec,Canada,CA,1:22:27,6:19:33,5:08:05,0:09:09,0:14:22,13:13:37,4947,22773,18485,549,862,47617,1453,1166,77,1023,794,50,1393,1126,82,1453,1166,77,Finisher,1000
Kyle,Irwin,Kyle Irwin,1385,M50-54,Male,CRYSTAL LAKE,IL,United States,US,1:25:00,6:22:59,5:04:17,0:10:39,0:10:42,13:13:38,5100,22979,18257,639,642,47618,1454,1167,113,1251,970,96,1503,1207,123,1454,1167,113,Finisher,1000
Mary,Pope,Mary Pope,1850,F50-54,Female,Mississauga,ON,Canada,CA,1:48:06,6:19:47,4:47:34,0:07:07,0:11:09,13:13:42,6486,22787,17254,427,669,47622,1455,288,37,2181,558,70,1705,361,51,1455,288,37,Finisher,3372
Andrew,Lin,Andrew Lin,1793,M55-59,Male,East York,ON,Canada,CA,1:33:44,6:02:15,4:59:53,0:15:45,0:22:13,13:13:51,5624,21735,17993,945,1333,47631,1456,1168,78,1795,1366,97,1405,1135,84,1456,1168,78,Finisher,1000
Ivar,Mclean,Ivar Mclean,2074,M50-54,Male,Victoria,BC,Canada,CA,1:23:24,5:54:33,5:39:56,0:08:20,0:07:42,13:13:55,5004,21273,20396,500,462,47635,1457,1169,114,1108,857,85,976,833,88,1457,1169,114,Finisher,1000
Charlotte,Dab,Charlotte Dab,2349,F30-34,Female,Montreal,QC,Canada,CA,1:27:03,6:54:19,4:32:10,0:11:53,0:08:39,13:14:05,5223,24859,16330,713,519,47645,1458,289,53,1389,321,50,1882,422,68,1458,289,53,Finisher,1000
Jeff,Szabo,Jeff Szabo,885,M45-49,Male,Whitby,ON,Canada,CA,1:23:20,7:04:02,4:29:12,0:10:07,0:07:35,13:14:16,5000,25442,16152,607,455,47656,1459,1170,112,1100,851,74,1925,1487,148,1459,1170,112,Finisher,1000
Shane,Wenzel,Shane Wenzel,380,M25-29,Male,Ajax,ON,Canada,CA,1:18:51,6:21:57,5:20:08,0:05:45,0:07:42,13:14:23,4731,22917,19208,345,462,47663,1460,1171,200,770,602,108,1323,1085,175,1460,1171,200,Finisher,1000
Michael,Van,Michael Van,844,M40-44,Male,Toronto,ON,Canada,CA,1:31:32,6:12:28,5:09:31,0:12:16,0:08:43,13:14:30,5492,22348,18571,736,523,47670,1461,1172,152,1679,1281,149,1459,1173,153,1461,1172,152,Finisher,1000
Charles,Horsey,Charles Horsey,1275,M25-29,Male,BOSTON,MA,United States,US,1:29:25,6:31:22,4:53:43,0:09:53,0:10:13,13:14:37,5365,23482,17623,593,613,47677,1462,1173,201,1554,1191,200,1646,1308,210,1462,1173,201,Finisher,1000
Ethan,Smith,Ethan Smith,1265,M25-29,Male,Boston,MA,United States,US,1:29:34,6:31:24,4:53:49,0:09:49,0:10:12,13:14:47,5374,23484,17629,589,612,47687,1463,1174,202,1566,1200,202,1648,1309,211,1463,1174,202,Finisher,1000
Arnav,Bangera,Arnav Bangera,2499,M25-29,Male,Vancouver,BC,India,IN,1:08:41,6:56:11,4:55:21,0:08:19,0:06:18,13:14:50,4121,24971,17721,499,378,47690,1464,1175,203,182,140,29,1683,1328,217,1464,1175,203,Finisher,1000
Jenny,Miron,Jenny Miron,468,F45-49,Female,Calgary,AB,Canada,CA,1:18:20,6:13:13,5:32:14,0:05:23,0:05:45,13:14:55,4700,22393,19934,323,345,47695,1465,290,43,725,160,22,1155,193,31,1465,290,43,Finisher,2571
Matthew,Walmsley,Matthew Walmsley,2187,M30-34,Male,Medford,MA,United States,US,1:32:06,6:47:46,4:33:17,0:14:09,0:07:41,13:14:59,5526,24466,16397,849,461,47699,1466,1176,176,1711,1306,193,1895,1469,203,1466,1176,176,Finisher,1000
Doug,Barrett,Doug Barrett,777,M55-59,Male,Rothesay,NB,Canada,CA,1:17:21,6:03:39,5:31:28,0:09:26,0:13:15,13:15:09,4641,21819,19888,566,795,47709,1467,1177,79,654,513,30,1052,888,54,1467,1177,79,Finisher,1000
Hannah,Furyk,Hannah Furyk,315,F25-29,Female,Thornton,Ontario,Canada,CA,1:18:09,6:10:49,5:28:31,0:08:39,0:09:11,13:15:18,4689,22249,19711,519,551,47718,1468,291,67,717,158,38,1168,196,43,1468,291,67,Finisher,1000
Thomas,Richer,Thomas Richer,1787,M25-29,Male,St-Jérôme,QC,Canada,CA,1:27:11,6:29:28,5:00:00,0:10:08,0:08:33,13:15:19,5231,23368,18000,608,513,47719,1469,1178,204,1397,1073,182,1612,1281,208,1469,1178,204,Finisher,1000
Juan,Mata,Juan Mata,496,M50-54,Male,Chicago,IL,Mexico,MX,2:09:57,5:43:08,4:59:30,0:12:12,0:10:35,13:15:21,7797,20588,17970,732,635,47721,1470,1179,115,2287,1698,189,1589,1265,134,1470,1179,115,Finisher,1000
Courtney,Lambert,Courtney Lambert,497,F40-44,Female,Gatineau,QC,Canada,CA,1:16:04,6:30:20,5:09:04,0:09:25,0:10:46,13:15:39,4564,23420,18544,565,646,47739,1471,292,28,562,117,13,1453,284,30,1471,292,28,Finisher,1000
Katie,Mitchell,Katie Mitchell,512,F40-44,Female,Gibsons,BC,Canada,CA,1:40:15,6:47:56,4:34:11,0:05:58,0:07:36,13:15:56,6015,24476,16451,358,456,47756,1472,293,29,2041,510,58,1896,427,43,1472,293,29,Finisher,1000
Clare,Jervis,Clare Jervis,427,F40-44,Female,Nepean,ON,Canada,CA,1:11:21,6:21:01,5:27:45,0:07:06,0:08:44,13:15:57,4281,22861,19665,426,524,47757,1473,294,30,287,64,6,1195,205,21,1473,294,30,Finisher,1000
Ahlam,Lahbyeb,Ahlam Lahbyeb,1138,F45-49,Female,Mississauga,ON,Morocco,MA,1:47:55,6:45:56,4:26:16,0:07:28,0:08:31,13:16:06,6475,24356,15976,448,511,47766,1474,295,44,2174,556,75,1964,452,64,1474,295,44,Finisher,1000
Ron,Kraynick,Ron Kraynick,1894,M60-64,Male,Marshall,NC,United States,US,1:33:32,6:19:29,4:53:37,0:15:59,0:13:54,13:16:32,5612,22769,17617,959,834,47792,1475,1180,36,1785,1359,54,1630,1297,50,1475,1180,36,Finisher,1000
Amy,Brown,Amy Brown,1452,F55-59,Female,Brockville,ON,Canada,CA,1:26:44,6:05:43,5:31:29,0:07:22,0:05:14,13:16:33,5204,21943,19889,442,314,47793,1476,296,14,1370,313,17,1201,209,11,1476,296,14,Finisher,1000
Karim,Abouzeid ,Karim Abouzeid,2433,M40-44,Male,Montréal,Quebec,Canada,CA,1:37:34,5:59:41,5:26:53,0:05:10,0:07:18,13:16:36,5854,21581,19613,310,438,47796,1477,1181,153,1973,1492,183,1246,1028,138,1477,1181,153,Finisher,2004
Erick,Decarie,Erick Decarie,2325,M50-54,Male,Laval,QC,Canada,CA,1:33:00,6:06:12,5:19:36,0:07:41,0:10:20,13:16:49,5580,21972,19176,461,620,47809,1478,1182,116,1755,1336,142,1328,1088,113,1478,1182,116,Finisher,1000
Cam,Della-Savia,Cam Della-Savia,2478,M30-34,Male,Sault Ste Marie,ON,Canada,CA,1:23:56,6:15:19,5:12:16,0:12:10,0:13:18,13:17:00,5036,22519,18736,730,798,47820,1479,1183,177,1161,895,138,1400,1131,164,1479,1183,177,Finisher,1000
Ian,Driver,Ian Driver,469,M65-69,Male,Kincardine,ON,Canada,CA,1:28:30,5:45:30,5:48:04,0:08:16,0:06:53,13:17:12,5310,20730,20884,496,413,47832,1480,1184,12,1497,1147,16,900,777,6,1480,1184,12,Finisher,2930
Felicia,Long,Felicia Long,1181,F55-59,Female,Brighton,ON,Ireland,IE,1:23:46,6:05:01,5:33:29,0:06:27,0:08:44,13:17:28,5026,21901,20009,387,524,47848,1481,297,15,1150,263,15,1130,186,9,1481,297,15,Finisher,1000
Tim,Odenweller,Tim Odenweller,1758,M45-49,Male,Perrysburg,OH,United States,US,1:34:11,6:07:08,5:27:39,0:04:55,0:03:59,13:17:52,5651,22028,19659,295,239,47872,1482,1185,113,1820,1383,129,1314,1080,103,1482,1185,113,Finisher,2053
Colleen,Horton,Colleen Horton,1518,F35-39,Female,Lewisville,NC,United States,US,1:23:23,6:36:42,4:55:10,0:11:47,0:11:05,13:18:07,5003,23802,17710,707,665,47887,1483,298,29,1104,251,34,1659,344,36,1483,298,29,Finisher,1000
Jesula,Drouillard ,Jesula Drouillard,438,F60-64,Female,Ottawa,Ontario,Canada,CA,1:40:33,6:56:08,4:30:11,0:06:01,0:05:21,13:18:15,6033,24968,16211,361,321,47895,1484,299,3,2051,517,24,1982,457,20,1484,299,3,Finisher,1000
Tamara,Paradis,Tamara Paradis,937,F50-54,Female,Kelowna,BC,Canada,CA,1:27:44,6:18:57,5:10:52,0:09:54,0:10:49,13:18:15,5264,22737,18652,594,649,47895,1484,299,38,1446,335,38,1468,289,35,1484,299,38,Finisher,3317
Matthew,Hall,Matthew Hall,325,M40-44,Male,Guelph,CA-ON,Canada,CA,1:27:14,6:04:32,5:21:44,0:09:51,0:14:56,13:18:17,5234,21872,19304,591,896,47897,1486,1186,154,1407,1080,121,1228,1014,136,1486,1186,154,Finisher,1000
Klaude,Dungca,Klaude Dungca,1617,M25-29,Male,Regina,SK,Philippines,PH,1:34:30,6:31:10,4:53:53,0:06:24,0:12:29,13:18:26,5670,23470,17633,384,749,47906,1487,1187,205,1845,1401,233,1662,1317,215,1487,1187,205,Finisher,1000
Jean,Lapointe,Jean Lapointe,577,M55-59,Male,Ottawa,ON,Canada,CA,1:36:57,6:40:37,4:40:17,0:08:54,0:11:43,13:18:28,5817,24037,16817,534,703,47908,1488,1188,80,1946,1475,110,1816,1414,111,1488,1188,80,Finisher,1000
Joe,Thompson,Joe Thompson,903,M35-39,Male,Arlington,US-VA,United States,US,1:34:49,6:26:40,4:59:22,0:09:19,0:08:20,13:18:29,5689,23200,17962,559,500,47909,1489,1189,147,1860,1415,161,1649,1310,153,1489,1189,147,Finisher,1661
Zacharie,Latour,Zacharie Latour,1691,M25-29,Male,Trois-Rivières,QC,Canada,CA,1:20:03,7:11:10,4:34:13,0:06:02,0:07:16,13:18:43,4803,25870,16453,362,436,47923,1490,1190,206,837,656,119,1920,1484,233,1490,1190,206,Finisher,1000
Chris,Dempsey,Chris Dempsey,509,M45-49,Male,Grimsby,ON,Canada,CA,1:46:10,5:57:28,5:18:36,0:09:46,0:06:44,13:18:44,6370,21448,19116,586,404,47924,1491,1191,114,2148,1602,152,1420,1146,112,1491,1191,114,Finisher,1000
Emilie,Roussel,Emilie Roussel,2282,F18-24,Female,Lévis,QC,Canada,CA,1:23:39,6:18:14,5:18:17,0:07:12,0:11:37,13:18:59,5019,22694,19097,432,697,47939,1492,301,21,1137,258,19,1363,255,18,1492,301,21,Finisher,1000
Ruben,Lujan Fleury,Ruben Lujan Fleury,1324,M18-24,Male,Oakville,ON,Canada,CA,1:15:07,6:13:32,5:33:07,0:08:49,0:08:29,13:19:05,4507,22412,19987,529,509,47945,1493,1192,150,502,395,63,1165,970,126,1493,1192,150,Finisher,1000
Marc,Roberts,Marc Roberts,806,M45-49,Male,Sarnia,Ontario,Canada,CA,1:22:48,6:20:54,5:13:38,0:10:08,0:11:49,13:19:17,4968,22854,18818,608,709,47957,1494,1193,115,1049,808,68,1423,1148,113,1494,1193,115,Finisher,2036
Aaron,Moxley,Aaron Moxley,2191,M50-54,Male,Hamilton,ONTARIO,Canada,CA,1:29:21,6:10:55,5:16:48,0:09:00,0:13:29,13:19:34,5361,22255,19008,540,809,47974,1495,1194,117,1552,1189,122,1366,1111,115,1495,1194,117,Finisher,1000
Tomás,Ibarra ,Tomás Ibarra,1146,M50-54,Male,Santiago,Santiago Metropolitan Region,Chile,CL,1:18:49,6:03:47,5:42:07,0:09:00,0:05:55,13:19:37,4729,21827,20527,540,355,47977,1496,1195,118,766,598,60,1072,902,95,1496,1195,118,Finisher,1000
Lawrence,Mak,Lawrence Mak,1369,M25-29,Male,Mississauga,Ontario,Canada,CA,1:29:30,6:26:38,5:06:29,0:09:50,0:07:11,13:19:38,5370,23198,18389,590,431,47978,1497,1196,207,1561,1197,201,1601,1274,207,1497,1196,207,Finisher,1000
Catherine,Miah,Catherine Miah,1336,F50-54,Female,CORNELIUS,NC,United Kingdom,GB,1:43:47,6:19:59,4:57:59,0:08:49,0:09:27,13:20:01,6227,22799,17879,529,567,48001,1498,302,39,2116,538,68,1673,350,46,1498,302,39,Finisher,3296
Matthew,Pike,Matthew Pike,1073,M35-39,Male,Paradise,NL,Canada,CA,1:22:56,6:20:45,5:11:56,0:12:36,0:11:51,13:20:03,4976,22845,18716,756,711,48003,1499,1197,148,1063,822,105,1460,1174,140,1499,1197,148,Finisher,1000
Luc,Milette,Luc Milette,1683,M60-64,Male,Montreal,QC,Canada,CA,1:33:31,6:14:00,5:12:56,0:10:14,0:09:31,13:20:12,5611,22440,18776,614,571,48012,1500,1198,37,1782,1358,53,1488,1195,42,1500,1198,37,Finisher,1000
Helen,Bitz,Helen Bitz,2550,F25-29,Female,Westmount,QC,Canada,CA,1:20:23,6:32:10,5:13:27,0:08:01,0:06:30,13:20:30,4823,23530,18807,481,390,48030,1501,303,68,866,189,49,1522,301,63,1501,303,68,Finisher,1000
Brigitte,O'Driscoll,Brigitte O'Driscoll,949,F30-34,Female,Les Cèdres,QC,Canada,CA,1:21:20,6:16:15,5:21:05,0:09:17,0:12:35,13:20:33,4880,22575,19265,557,755,48033,1502,304,54,936,204,35,1327,240,41,1502,304,54,Finisher,1000
Antoine,Lavigne,Antoine Lavigne,103,M18-24,Male,Sainte-Anne-Des-Lacs,Quebec,Canada,CA,1:41:15,6:13:13,5:01:49,0:10:50,0:13:30,13:20:37,6075,22393,18109,650,810,48037,1503,1199,151,2068,1546,194,1592,1267,152,1503,1199,151,Finisher,1000
Nathan,Allard,Nathan Allard,2476,M18-24,Male,Saint colomban,Quebec,Canada,CA,1:39:56,6:34:17,4:38:18,0:13:07,0:15:00,13:20:38,5996,23657,16698,787,900,48038,1504,1200,152,2028,1524,192,1827,1422,172,1504,1200,152,Finisher,1000
Gillian,Mills,Gillian Mills,1323,F40-44,Female,Langford,BC,Canada,CA,1:36:03,6:45:31,4:49:22,0:04:17,0:05:36,13:20:49,5763,24331,17362,257,336,48049,1505,305,31,1903,456,49,1811,399,40,1505,305,31,Finisher,2662
Daniel,Edgcumbe,Daniel Edgcumbe,965,M40-44,Male,Oakville ,ONTARIO,Canada,CA,1:14:55,6:20:46,5:18:55,0:13:24,0:12:56,13:20:55,4495,22846,19135,804,776,48055,1506,1201,155,484,382,41,1360,1106,145,1506,1201,155,Finisher,1000
Alexis,Loubert,Alexis Loubert,105,M18-24,Male,Saint-Lambert,Quebec,Canada,CA,1:30:26,6:05:45,5:32:15,0:05:39,0:06:56,13:21:01,5426,21945,19935,339,416,48061,1507,1202,153,1622,1244,161,1235,1020,130,1507,1202,153,Finisher,1000
Glady,Malvar,Glady Malvar,1328,M50-54,Male,Calgary,AB,Canada,CA,1:27:13,6:17:11,5:23:57,0:06:10,0:06:41,13:21:12,5233,22631,19437,370,401,48072,1508,1203,119,1402,1077,110,1384,1121,117,1508,1203,119,Finisher,1000
Anik,Bouchard,Anik Bouchard,1948,F40-44,Female,Sainte-Anne-des-Lacs,Quebec,Canada,CA,1:25:11,6:44:56,4:43:08,0:14:38,0:13:23,13:21:15,5111,24296,16988,878,803,48075,1509,306,32,1268,288,32,1803,398,39,1509,306,32,Finisher,1000
Kristen K.,Buck,Kristen K. Buck,717,F50-54,Female,Warminster,PA,United States,US,1:16:12,6:44:17,5:00:41,0:10:54,0:09:29,13:21:33,4572,24257,18041,654,569,48093,1510,307,40,569,119,10,1654,342,44,1510,307,40,Finisher,1000
Kirk,Johnson,Kirk Johnson,2360,M40-44,Male,Vancouver,BC,Canada,CA,1:35:59,6:18:51,5:12:52,0:05:53,0:08:20,13:21:55,5759,22731,18772,353,500,48115,1511,1204,156,1901,1446,174,1524,1223,158,1511,1204,156,Finisher,1000
Mike,White,Mike White,1514,M55-59,Male,Kitchener,ON,Canada,CA,1:24:11,6:05:17,5:35:21,0:07:34,0:09:32,13:21:55,5051,21917,20121,454,572,48115,1512,1205,81,1183,914,57,1156,963,63,1512,1205,81,Finisher,1000
Amy,Valentin,Amy Valentin,2399,F40-44,Female,London,GB-ENG,Belgium,BE,1:31:38,7:12:08,4:25:37,0:07:55,0:05:02,13:22:20,5498,25928,15937,475,302,48140,1513,308,33,1682,399,45,2061,491,53,1513,308,33,Finisher,1000
Béatrice,Morel,Béatrice Morel,363,F25-29,Female,Laval,Québec,Canada,CA,1:37:16,6:51:45,4:40:56,0:06:49,0:05:36,13:22:22,5836,24705,16856,409,336,48142,1514,309,69,1957,475,89,1902,430,80,1514,309,69,Finisher,1966
Julie,Dale,Julie Dale,1889,F60-64,Female,Ottawa,ON,Canada,CA,1:41:17,6:24:27,5:03:38,0:07:15,0:05:58,13:22:35,6077,23067,18218,435,358,48155,1515,310,4,2070,524,25,1681,355,13,1515,310,4,Finisher,3576
Sara,Mertz,Sara Mertz,1874,F30-34,Female,West Bloomfield,Michigan,United States,US,1:24:18,6:52:47,4:47:10,0:10:38,0:07:53,13:22:45,5058,24767,17230,638,473,48165,1516,311,55,1190,270,42,1830,406,64,1516,311,55,Finisher,1000
Jonah,Warner,Jonah Warner,950,M35-39,Male,Oranjestad,Flemish Brabant,Aruba,AW,1:23:57,6:23:36,5:02:00,0:19:10,0:14:43,13:23:26,5037,23016,18120,1150,883,48206,1517,1206,149,1162,896,109,1611,1280,150,1517,1206,149,Finisher,1000
Matthew,Smyth,Matthew Smyth,1133,M25-29,Male,Cincinnati,Ohio,United States,US,1:16:46,6:27:58,5:12:56,0:12:15,0:13:37,13:23:32,4606,23278,18776,735,817,48212,1518,1207,208,602,477,87,1474,1183,195,1518,1207,208,Finisher,1000
Jessica,HOLMES,Jessica HOLMES,1353,F30-34,Female,Toronot,CA-ON,Canada,CA,1:38:51,6:20:11,5:03:27,0:11:14,0:09:59,13:23:42,5931,22811,18207,674,599,48222,1519,312,56,2008,495,77,1641,338,53,1519,312,56,Finisher,1000
Karen,Hill,Karen Hill,863,F45-49,Female,Manotick,Ontario,Canada,CA,1:21:43,6:47:15,5:00:10,0:07:22,0:07:13,13:23:43,4903,24435,18010,442,433,48223,1520,313,45,965,214,29,1715,364,51,1520,313,45,Finisher,1000
Anna,Kornmuller,Anna Kornmuller,2289,F30-34,Female,Boston,MA,Canada,CA,1:31:06,6:21:28,5:14:08,0:08:17,0:08:44,13:23:44,5466,22888,18848,497,524,48224,1521,314,57,1655,386,61,1525,302,47,1521,314,57,Finisher,1000
Carl,Landry-Berthelot,Carl Landry-Berthelot,809,M25-29,Male,Toronto,ON,Canada,CA,1:13:37,6:38:48,5:24:29,0:03:30,0:03:25,13:23:48,4417,23928,19469,210,205,48228,1522,1208,209,415,331,61,1455,1170,191,1522,1208,209,Finisher,1574
Jorge,Ehlers,Jorge Ehlers,410,M35-39,Male,Ottawa,ONTARIO,Mexico,MX,1:21:51,6:16:45,5:31:36,0:08:26,0:05:20,13:23:58,4911,22605,19896,506,320,48238,1523,1209,150,978,761,98,1329,1089,134,1523,1209,150,Finisher,1000
Andres,Ariza,Andres Ariza,2627,M45-49,Male,Fort Myers,FL,Colombia,CO,1:33:57,6:09:56,5:27:38,0:05:47,0:06:49,13:24:06,5637,22196,19658,347,409,48246,1524,1210,116,1809,1374,125,1371,1114,109,1524,1210,116,Finisher,1979
Maho,Fukushima,Maho Fukushima,1423,F18-24,Female,"Musashimurayama-shi,Tokyo",Tokyo Prefecture,Japan,JP,1:09:34,6:24:23,5:37:51,0:06:28,0:05:53,13:24:09,4174,23063,20271,388,353,48249,1525,315,22,218,52,5,1209,211,15,1525,315,22,Finisher,3286
Florence,Leclerc,Florence Leclerc,2034,F35-39,Female,Trenton,Ontario,Canada,CA,1:09:03,6:15:02,5:47:18,0:06:00,0:06:47,13:24:10,4143,22502,20838,360,407,48250,1526,316,30,199,48,5,1046,164,20,1526,316,30,Finisher,2515
Jacob,Tanner,Jacob Tanner,2027,M25-29,Male,Ottawa,Ontario,Canada,CA,1:29:14,6:37:17,4:55:52,0:12:04,0:09:48,13:24:14,5354,23837,17752,724,588,48254,1527,1211,210,1544,1183,199,1742,1365,221,1527,1211,210,Finisher,1000
John,Walsh,John Walsh,1239,M50-54,Male,St. John's,NL,Canada,CA,1:47:55,6:40:01,4:37:44,0:10:11,0:08:25,13:24:16,6475,24001,16664,611,505,48256,1528,1212,120,2173,1618,178,1930,1491,166,1528,1212,120,Finisher,1000
Eric,Forrest,Eric Forrest,2009,M35-39,Male,Bowmanville ,ON,Canada,CA,1:38:31,6:16:00,5:12:57,0:10:13,0:06:54,13:24:34,5911,22560,18777,613,414,48274,1529,1213,151,2002,1511,172,1585,1262,148,1529,1213,151,Finisher,1000
Zach,Thompson,Zach Thompson,471,M25-29,Male,United Kingdom,foreigner,United Kingdom,GB,1:17:53,6:36:12,5:10:42,0:08:13,0:11:46,13:24:46,4673,23772,18642,493,706,48286,1530,1214,211,688,540,95,1556,1246,203,1530,1214,211,Finisher,1000
Catherine ,Tucker,Catherine Tucker,1251,F18-24,Female,Ottawa,Ontario,Canada,CA,1:21:25,6:34:53,4:59:59,0:17:45,0:10:46,13:24:48,4885,23693,17999,1065,646,48288,1531,317,23,942,207,14,1694,358,24,1531,317,23,Finisher,1000
Derek,Tucker,Derek Tucker,1252,M55-59,Male,Ottawa,ON,Canada,CA,1:21:28,6:34:51,4:59:58,0:17:46,0:10:47,13:24:50,4888,23691,17998,1066,647,48290,1532,1215,82,946,739,46,1695,1337,103,1532,1215,82,Finisher,1000
scott,gauthier,scott gauthier,573,M35-39,Male,greely,Ontario,Canada,CA,1:32:37,5:45:53,5:40:11,0:12:05,0:14:11,13:24:57,5557,20753,20411,725,851,48297,1533,1216,152,1738,1325,155,1055,891,112,1533,1216,152,Finisher,1584
Alex,Wasielewski,Alex Wasielewski,683,M60-64,Male,Edmonton,AB,Canada,CA,1:34:20,6:17:21,5:19:54,0:06:41,0:06:48,13:25:05,5660,22641,19194,401,408,48305,1534,1217,38,1835,1392,57,1497,1201,44,1534,1217,38,Finisher,1000
Luke,Jackson,Luke Jackson,2086,M40-44,Male,London,ON,Canada,CA,1:27:52,6:05:28,4:35:22,0:13:21,1:03:08,13:25:11,5272,21928,16522,801,3788,48311,1535,1218,157,1458,1120,129,1324,1086,144,1535,1218,157,Finisher,1000
Jennifer,El Sherif,Jennifer El Sherif,1672,F55-59,Female,SALEM,MA,United States,US,1:03:27,6:40:14,5:27:32,0:05:55,0:08:03,13:25:12,3807,24014,19652,355,483,48312,1536,318,16,53,12,1,1370,257,16,1536,318,16,Finisher,1000
Joseph,Gignac,Joseph Gignac,450,M65-69,Male,Carp,ON,Canada,CA,1:29:11,5:56:48,5:42:48,0:09:43,0:07:03,13:25:33,5351,21408,20568,583,423,48333,1537,1219,13,1542,1181,18,1137,950,10,1537,1219,13,Finisher,1000
Philippe,Bussière,Philippe Bussière,1961,M50-54,Male,Montreal,QC,Canada,CA,1:26:32,6:27:27,5:10:56,0:10:59,0:09:39,13:25:33,5192,23247,18656,659,579,48333,1538,1220,121,1355,1050,107,1586,1263,133,1538,1220,121,Finisher,1000
Hanjiu,Zhang,Hanjiu Zhang,2214,M50-54,Male,Mascouche,QC,China,CN,1:36:39,6:39:12,4:52:47,0:09:02,0:07:56,13:25:36,5799,23952,17567,542,476,48336,1539,1221,122,1935,1468,159,1804,1406,151,1539,1221,122,Finisher,1000
William,Turcotte,William Turcotte,367,M18-24,Male,Laval,Quebec,France,FR,1:13:22,6:32:58,5:20:09,0:09:28,0:09:39,13:25:36,4402,23578,19209,568,579,48336,1540,1222,154,398,316,53,1452,1169,144,1540,1222,154,Finisher,1000
Pierre,Adjoury,Pierre Adjoury,1436,M60-64,Male,Burnaby,BC,Canada,CA,1:21:43,5:53:55,5:54:47,0:07:44,0:07:32,13:25:41,4903,21235,21287,464,452,48341,1541,1223,39,963,750,27,923,792,22,1541,1223,39,Finisher,1000
Steve,Hiscox,Steve Hiscox,1811,M65-69,Male,Springwater,ON,Canada,CA,1:26:34,6:14:29,5:24:09,0:10:13,0:10:23,13:25:48,5194,22469,19449,613,623,48348,1542,1224,14,1357,1051,13,1396,1128,14,1542,1224,14,Finisher,1000
Ian,Labrosse,Ian Labrosse,2216,M45-49,Male,Dorval,QC,Canada,CA,1:22:44,7:03:13,4:32:56,0:12:28,0:14:32,13:25:53,4964,25393,16376,748,872,48353,1543,1225,117,1044,805,67,1936,1494,149,1543,1225,117,Finisher,1957
Brian,Lang,Brian Lang,306,M50-54,Male,HOBOKEN,NJ,United States,US,1:27:57,6:52:31,4:42:54,0:10:36,0:12:38,13:26:36,5277,24751,16974,636,758,48396,1544,1226,123,1465,1125,115,1867,1449,154,1544,1226,123,Finisher,1000
Kim,O'Callaghan,Kim O'Callaghan,1785,F60-64,Female,vineyard haven,MA,United States,US,1:27:53,6:17:15,5:20:48,0:10:28,0:10:13,13:26:37,5273,22635,19248,628,613,48397,1545,319,5,1460,339,8,1450,283,5,1545,319,5,Finisher,1000
Mark,Tanner,Mark Tanner,1306,M55-59,Male,Oshawa,ON,Canada,CA,1:23:06,6:09:23,5:35:51,0:08:51,0:09:58,13:27:09,4986,22163,20151,531,598,48429,1546,1227,83,1076,833,51,1223,1010,71,1546,1227,83,Finisher,1000
Kierstyn,Cassidy,Kierstyn Cassidy,1271,F25-29,Female,Boston,MA,United States,US,1:00:28,6:46:36,5:25:56,0:06:57,0:07:12,13:27:09,3628,24396,19556,417,432,48429,1547,320,70,21,3,2,1425,276,56,1547,320,70,Finisher,1908
Payam,Amirsayafi,Payam Amirsayafi,2232,M50-54,Male,McLean,VA,United States,US,2:01:58,5:57:27,5:04:12,0:11:07,0:12:38,13:27:22,7318,21447,18252,667,758,48442,1548,1228,124,2270,1690,188,1645,1307,138,1548,1228,124,Finisher,1987
Patrick,Cadieux,Patrick Cadieux,686,M50-54,Male,Gatineau,QC,Canada,CA,1:16:12,6:35:36,5:15:42,0:09:13,0:10:54,13:27:38,4572,23736,18942,553,654,48458,1549,1229,125,570,451,46,1529,1227,128,1549,1229,125,Finisher,1000
Jennifer,Baudoux,Jennifer Baudoux,182,F50-54,Female,Kenzieville,NS,Canada,CA,2:03:41,5:58:18,5:16:47,0:04:40,0:04:15,13:27:41,7421,21498,19007,280,255,48461,1550,321,41,2273,582,76,1610,331,40,1550,321,41,Finisher,3204
Philip,Hampton,Philip Hampton,721,M30-34,Male,Burlington,Ontario,Canada,CA,1:28:12,6:22:01,5:25:17,0:05:20,0:07:06,13:27:55,5292,22921,19517,320,426,48475,1551,1230,178,1475,1132,176,1448,1166,165,1551,1230,178,Finisher,1585
Leslie,Robertson,Leslie Robertson,1241,F50-54,Female,Bjorkdale,SASKATCHEWAN,Canada,CA,1:31:56,7:03:04,4:39:45,0:05:46,0:07:28,13:27:58,5516,25384,16785,346,448,48478,1552,322,42,1698,403,46,1956,451,68,1552,322,42,Finisher,1000
Isaac,Gonzalez Garcia,Isaac Gonzalez Garcia,926,M55-59,Male,Bruxelles,,Spain,ES,1:34:09,6:43:41,4:40:59,0:14:47,0:14:23,13:28:00,5649,24221,16859,887,863,48480,1553,1231,84,1819,1382,98,1877,1456,115,1553,1231,84,Finisher,1000
Carolina,Gonano,Carolina Gonano,2314,F30-34,Female,New York,New York,Italy,IT,1:46:17,6:33:16,4:52:18,0:09:16,0:07:03,13:28:09,6377,23596,17538,556,423,48489,1554,323,58,2151,549,83,1837,408,65,1554,323,58,Finisher,2457
Aditya,Joshi,Aditya Joshi,2402,M25-29,Male,South Lyon,MI,United States,US,1:19:03,6:25:42,5:27:47,0:07:05,0:08:33,13:28:11,4743,23142,19667,425,513,48491,1555,1232,212,777,608,111,1406,1136,183,1555,1232,212,Finisher,1000
Andrew,Coronas,Andrew Coronas,2435,M35-39,Male,Toronto,CA-ON,Canada,CA,1:22:51,6:26:02,5:22:34,0:08:59,0:07:50,13:28:16,4971,23162,19354,539,470,48496,1556,1233,153,1055,814,103,1490,1196,144,1556,1233,153,Finisher,1000
Richard,Lajoie,Richard Lajoie,1100,M60-64,Male,Saint-Jean-sur-Richelieu,QC,Canada,CA,1:20:35,6:37:00,5:13:53,0:09:02,0:07:47,13:28:17,4835,23820,18833,542,467,48497,1557,1234,40,884,693,22,1609,1279,49,1557,1234,40,Finisher,2690
Sharon,Johnson,Sharon Johnson,1482,F45-49,Female,Huntsville ,ON,Canada,CA,1:15:51,6:04:37,5:55:19,0:05:26,0:07:05,13:28:19,4551,21877,21319,326,425,48499,1558,324,46,545,116,17,969,141,25,1558,324,46,Finisher,1000
Ava,Schlesinger,Ava Schlesinger,867,F25-29,Female,Waltham,MA,United States,US,1:14:38,7:18:10,4:43:07,0:07:15,0:05:43,13:28:53,4478,26290,16987,435,343,48533,1559,325,71,465,99,25,1947,448,82,1559,325,71,Finisher,1000
Marc,Lavoie,Marc Lavoie,1184,M60-64,Male,Manotick,ON,Canada,CA,1:29:56,6:59:38,4:26:20,0:18:59,0:14:06,13:28:59,5396,25178,15980,1139,846,48539,1560,1235,41,1589,1218,47,2042,1559,69,1560,1235,41,Finisher,1000
Derek,Lai,Derek Lai,1522,M40-44,Male,Vancouver,BC,Canada,CA,1:32:36,6:27:26,4:58:58,0:15:17,0:14:45,13:29:02,5556,23246,17938,917,885,48542,1561,1236,158,1737,1324,155,1709,1348,171,1561,1236,158,Finisher,1000
Jean-Francois,Richard,Jean-Francois Richard,2291,M50-54,Male,Longueuil,QC,Canada,CA,1:55:08,6:06:40,4:45:47,0:22:39,0:18:52,13:29:05,6908,22000,17147,1359,1132,48545,1562,1237,126,2239,1666,186,1799,1402,150,1562,1237,126,Finisher,1000
Charles,Fiset-Ross,Charles Fiset-Ross,990,M30-34,Male,Québec,QC,Canada,CA,1:24:31,6:16:54,5:11:51,0:16:02,0:19:48,13:29:06,5071,22614,18711,962,1188,48546,1563,1238,179,1214,939,145,1483,1190,168,1563,1238,179,Finisher,1000
Lorie,Grooms,Lorie Grooms,556,F45-49,Female,Reston,VA,United States,US,1:30:53,6:48:46,4:50:35,0:10:06,0:08:46,13:29:06,5453,24526,17435,606,526,48546,1564,326,47,1642,383,48,1848,412,59,1564,326,47,Finisher,2401
Luis,Trauwitz,Luis Trauwitz,1843,M30-34,Male,Toronto,ON,Mexico,MX,2:14:35,6:03:07,4:43:13,0:09:54,0:18:19,13:29:07,8075,21787,16993,594,1099,48547,1565,1239,180,2294,1703,225,1829,1424,197,1565,1239,180,Finisher,1000
Karen,Sullivan,Karen Sullivan,235,F50-54,Female,Timberlea,NS,Canada,CA,1:17:55,6:16:50,5:38:43,0:09:28,0:06:18,13:29:14,4675,22610,20323,568,378,48554,1566,327,43,691,149,14,1279,226,26,1566,327,43,Finisher,3185
Lindsey,Reese,Lindsey Reese,1704,F50-54,Female,Carmel,IN,United States,US,1:26:11,6:40:43,5:03:27,0:08:44,0:10:26,13:29:31,5171,24043,18207,524,626,48571,1567,328,44,1328,299,32,1711,362,52,1567,328,44,Finisher,1000
Kareen,Bacinski,Kareen Bacinski,2043,F50-54,Female,FLEMINGTON,NJ,United States,US,1:16:44,5:48:06,6:04:39,0:07:21,0:12:50,13:29:40,4604,20886,21879,441,770,48580,1568,329,45,600,125,11,754,88,7,1568,329,45,Finisher,3180
Brian,Kelly,Brian Kelly,256,M70-74,Male,Edmonton,AB,Canada,CA,1:37:48,6:20:10,5:11:42,0:10:54,0:09:06,13:29:40,5868,22810,18702,654,546,48580,1569,1240,1,1980,1495,7,1628,1296,4,1569,1240,1,Finisher,5000
Yanni,Reklitis,Yanni Reklitis,1951,M30-34,Male,Ottawa,ON,Canada,CA,1:29:46,6:28:33,5:12:47,0:10:10,0:08:28,13:29:42,5386,23313,18767,610,508,48582,1570,1241,181,1579,1210,183,1623,1291,183,1570,1241,181,Finisher,1000
Oliver,Barber,Oliver Barber,2195,M35-39,Male,Toronto,ONTARIO,United Kingdom,GB,1:12:42,6:32:45,5:22:49,0:11:07,0:10:30,13:29:53,4362,23565,19369,667,630,48593,1571,1242,154,356,279,37,1469,1180,142,1571,1242,154,Finisher,1000
Micah,Hinely,Micah Hinely,1285,M18-24,Male,Sanford,FL,United States,US,1:21:22,6:15:26,5:38:51,0:06:22,0:08:08,13:30:08,4882,22526,20331,382,488,48608,1572,1243,155,938,733,106,1261,1039,132,1572,1243,155,Finisher,1361
Xiao,Wang,Xiao Wang,1971,F40-44,Female,Astoria,NY,United States,US,1:42:10,6:36:59,4:50:18,0:11:43,0:09:02,13:30:12,6130,23819,17418,703,542,48612,1573,330,34,2087,530,61,1864,417,42,1573,330,34,Finisher,1000
Joseph,Malloy,Joseph Malloy,109,M18-24,Male,Wilmette,Illinois,United States,US,1:48:10,5:58:01,5:29:41,0:07:41,0:06:39,13:30:12,6490,21481,19781,461,399,48612,1574,1244,156,2183,1624,197,1424,1149,140,1574,1244,156,Finisher,1360
Nicolas,Van Thielen,Nicolas Van Thielen,1933,M50-54,Male,La Hulpe,,Belgium,BE,1:47:21,6:19:23,4:59:18,0:11:46,0:12:27,13:30:16,6441,22763,17958,706,747,48616,1575,1245,127,2165,1612,176,1741,1364,142,1575,1245,127,Finisher,1000
Phong,Le,Phong Le,2394,M45-49,Male,CARLSBAD,CA,United States,US,1:39:30,6:11:11,5:25:55,0:07:29,0:06:14,13:30:20,5970,22271,19555,449,374,48620,1576,1246,118,2020,1519,142,1496,1200,119,1576,1246,118,Finisher,1000
Jonathon,Grooms,Jonathon Grooms,558,M45-49,Male,Reston,VA,United States,US,1:32:55,6:29:25,5:08:37,0:10:08,0:09:31,13:30:36,5575,23365,18517,608,571,48636,1577,1247,119,1749,1333,122,1667,1321,130,1577,1247,119,Finisher,1000
Ashley,Zahm,Ashley Zahm,1440,F40-44,Female,Berwyn,PA,United States,US,1:25:59,6:38:54,5:05:21,0:10:50,0:09:35,13:30:39,5159,23934,18321,650,575,48639,1578,331,35,1315,296,34,1712,363,36,1578,331,35,Finisher,2544
Sean,Leclair,Sean Leclair,392,M55-59,Male,Markham,ON,Canada,CA,1:18:20,5:41:35,6:05:58,0:13:28,0:11:27,13:30:47,4700,20495,21958,808,687,48647,1579,1248,85,724,565,35,774,681,40,1579,1248,85,Finisher,1000
Eric,Johnson,Eric Johnson,271,M70-74,Male,Seattle,WA,United States,US,1:32:12,6:04:32,5:36:00,0:08:31,0:09:36,13:30:51,5532,21872,20160,511,576,48651,1580,1249,2,1718,1311,6,1293,1062,1,1580,1249,2,Finisher,4985
Jacob ,Ventura ,Jacob Ventura,1716,M25-29,Male,Etobicoke,ON,Canada,CA,2:07:13,6:23:04,4:44:38,0:07:19,0:08:38,13:30:52,7633,22984,17078,439,518,48652,1581,1250,213,2282,1695,254,1926,1488,234,1581,1250,213,Finisher,1000
Frédéric,Fortin,Frédéric Fortin,1520,M45-49,Male,Deux-montagnes,QC,Canada,CA,1:26:38,6:11:41,5:38:57,0:07:18,0:06:24,13:30:57,5198,22301,20337,438,384,48657,1582,1251,120,1364,1054,91,1304,1072,100,1582,1251,120,Finisher,1896
Janet,Duga,Janet Duga,2317,F50-54,Female,Toronto,ON,Canada,CA,1:23:11,6:03:37,5:49:33,0:05:23,0:09:24,13:31:07,4991,21817,20973,323,564,48667,1583,332,46,1083,245,23,1080,175,21,1583,332,46,Finisher,3163
Kevin,Feely,Kevin Feely,559,M35-39,Male,Ottawa,Ontario,Canada,CA,1:26:51,6:48:55,4:53:20,0:09:25,0:12:42,13:31:11,5211,24535,17600,565,762,48671,1584,1252,155,1377,1062,129,1805,1407,161,1584,1252,155,Finisher,1000
Tara,Brossier,Tara Brossier,746,F45-49,Female,OTTAWA,ON,Canada,CA,1:12:12,6:27:51,5:29:33,0:08:34,0:13:06,13:31:17,4332,23271,19773,514,786,48677,1585,333,48,328,71,11,1354,252,40,1585,333,48,Finisher,1000
Elizabeth,Poeschl,Elizabeth Poeschl,65,F50-54,Female,Bloomington,MN,United States,US,1:08:52,6:05:38,6:01:43,0:08:07,0:07:15,13:31:35,4132,21938,21703,487,435,48695,1586,334,47,190,46,3,906,125,13,1586,334,47,Finisher,1000
Matt,Bruce,Matt Bruce,2626,M30-34,,Ottawa,ON,Canada,CA,1:26:21,6:48:35,4:55:55,0:10:25,0:10:21,13:31:36,5181,24515,17755,625,621,48696,1587,1253,182,1346,1044,165,1809,1411,194,1587,1253,182,Finisher,1000
Michele,Fuller,Michele Fuller,579,F60-64,Female,Paris,ON,Canada,CA,1:19:26,6:34:37,5:21:53,0:08:06,0:07:46,13:31:48,4766,23677,19313,486,466,48708,1588,335,6,801,175,2,1553,309,8,1588,335,6,Finisher,1000
Vern,Dinsmore,Vern Dinsmore,582,M65-69,Male,brantford,ON,Canada,CA,1:23:07,6:32:23,5:24:02,0:06:24,0:05:57,13:31:53,4987,23543,19442,384,357,48713,1589,1254,15,1077,834,8,1549,1242,17,1589,1254,15,Finisher,1000
Christine,DiGangi,Christine DiGangi,2323,F35-39,Female,Brooklyn,NY,United States,US,1:24:08,6:34:26,5:15:18,0:07:16,0:10:50,13:31:57,5048,23666,18918,436,650,48717,1590,336,31,1178,269,36,1598,326,35,1590,336,31,Finisher,2421
Rafael,Mejia,Rafael Mejia,2538,M40-44,Male,Yonkers,DO-01,Dominican Republic,DO,1:36:31,6:41:56,4:48:54,0:08:23,0:16:26,13:32:09,5791,24116,17334,503,986,48729,1591,1255,159,1926,1463,179,1823,1419,179,1591,1255,159,Finisher,1000
William,Saxon,William Saxon,695,M25-29,Male,Québec,QC,Canada,CA,1:29:12,6:31:00,5:11:31,0:12:54,0:07:44,13:32:21,5352,23460,18691,774,464,48741,1592,1256,214,1543,1182,198,1682,1327,216,1592,1256,214,Finisher,1471
Amber,Andrews,Amber Andrews,366,F50-54,Female,Fredericton,New Brunswick,Canada,CA,1:36:46,6:22:26,5:18:04,0:06:44,0:08:35,13:32:35,5806,22946,19084,404,515,48755,1593,337,48,1939,469,55,1599,327,38,1593,337,48,Finisher,1000
Sean,Dukelow,Sean Dukelow,212,M50-54,Male,Calgary,AB,Canada,CA,1:22:25,6:11:56,5:37:23,0:11:12,0:10:24,13:33:21,4945,22316,20243,672,624,48801,1594,1257,128,1019,791,77,1301,1070,111,1594,1257,128,Finisher,1000
Pieter,Severein,Pieter Severein,2085,M50-54,Male,Doncaster,ON,Canada,CA,1:09:58,6:57:15,5:05:14,0:08:47,0:12:09,13:33:23,4198,25035,18314,527,729,48803,1595,1258,129,231,176,19,1713,1350,141,1595,1258,129,Finisher,1000
Kourtney,Brunings,Kourtney Brunings,855,F25-29,Female,San Francisco,CA,United States,US,1:08:22,6:26:46,5:42:26,0:07:14,0:08:50,13:33:38,4102,23206,20546,434,530,48818,1596,338,72,166,37,12,1245,218,48,1596,338,72,Finisher,1831
Chris,Lincoln,Chris Lincoln,1263,M55-59,Male,HULL,MA,United States,US,1:27:59,5:49:12,5:56:39,0:11:12,0:09:07,13:34:09,5279,20952,21399,672,547,48849,1597,1259,86,1467,1126,76,1013,859,53,1597,1259,86,Finisher,1000
Cory,Plant,Cory Plant,807,M60-64,Male,Perth,ON,Canada,CA,1:21:04,6:01:45,5:54:33,0:07:12,0:09:37,13:34:11,4864,21705,21273,432,577,48851,1598,1260,42,914,721,25,1044,881,26,1598,1260,42,Finisher,1000
Stephen,Weiss,Stephen Weiss,1488,M55-59,Male,Greenwich,CT,United States,US,1:33:34,6:22:56,5:12:21,0:13:05,0:12:21,13:34:17,5614,22976,18741,785,741,48857,1599,1261,87,1787,1360,96,1635,1300,101,1599,1261,87,Finisher,1958
William,Farrell,William Farrell,2552,M25-29,Male,Laval,QC,Canada,CA,1:33:20,6:03:28,5:42:48,0:08:36,0:06:14,13:34:26,5600,21808,20568,516,374,48866,1600,1262,215,1770,1350,225,1297,1066,171,1600,1262,215,Finisher,1000
Elise,Loftin,Elise Loftin,538,F60-64,Female,Woodacre,CA,United States,US,1:43:26,6:02:31,5:36:19,0:06:08,0:06:04,13:34:27,6206,21751,20179,368,364,48867,1601,339,7,2109,535,26,1408,271,4,1601,339,7,Finisher,3434
François,Bossé,François Bossé,1831,M40-44,Male,Saint-Hilaire,NEW BRUNSWICK,Canada,CA,1:45:21,6:26:28,5:00:33,0:13:23,0:08:57,13:34:42,6321,23188,18033,803,537,48882,1602,1263,160,2136,1595,199,1806,1408,178,1602,1263,160,Finisher,1000
Monica,Tice,Monica Tice,609,F40-44,Female,Calgary,AB,Canada,CA,1:36:47,6:08:27,5:33:30,0:07:09,0:08:58,13:34:52,5807,22107,20010,429,538,48892,1603,340,36,1941,471,51,1410,273,27,1603,340,36,Finisher,2493
Tanisse,Epp,Tanisse Epp,1428,F30-34,Female,Ottawa,ON,Canada,CA,1:14:27,7:01:24,5:03:54,0:06:31,0:08:56,13:35:13,4467,25284,18234,391,536,48913,1604,341,59,452,94,15,1784,390,62,1604,341,59,Finisher,1000
Angel,Lizama,Angel Lizama,745,M40-44,Male,San Salvador,SV-SAN SALVADOR,El Salvador,SV,1:35:13,6:01:00,5:42:55,0:06:53,0:09:32,13:35:34,5713,21660,20575,413,572,48934,1605,1264,161,1876,1426,170,1258,1037,140,1605,1264,161,Finisher,1000
Sandra,Sukstorf,Sandra Sukstorf,994,F60-64,Female,Coquitlam,CA-BC,Canada,CA,1:40:28,6:17:07,5:28:58,0:04:48,0:04:34,13:35:55,6028,22627,19738,288,274,48955,1606,342,8,2049,515,23,1557,311,9,1606,342,8,Finisher,3416
Timothy,Wilson,Timothy Wilson,1115,M60-64,Male,Innisfil,ON,Canada,CA,1:49:07,5:56:52,5:22:15,0:12:02,0:15:57,13:36:13,6547,21412,19335,722,957,48973,1607,1265,43,2196,1632,75,1492,1198,43,1607,1265,43,Finisher,1000
Marie-Helene,Dastous,Marie-Helene Dastous,1804,F45-49,Female,Cap-Santé,QC,Canada,CA,1:37:08,6:03:24,5:39:26,0:05:54,0:10:29,13:36:20,5828,21804,20366,354,629,48980,1608,343,49,1950,473,64,1318,236,38,1608,343,49,Finisher,2314
Patrick,Morin,Patrick Morin,591,M50-54,Male,Toronto,ONTARIO,Canada,CA,1:23:27,6:33:30,5:25:09,0:07:09,0:07:14,13:36:28,5007,23610,19509,429,434,48988,1609,1266,130,1115,862,87,1575,1256,132,1609,1266,130,Finisher,1000
Naomie,hervieux,Naomie hervieux,2134,F18-24,Female,Repentigny,Quebec,Canada,CA,1:25:47,6:44:26,5:14:17,0:06:16,0:05:42,13:36:28,5147,24266,18857,376,342,48988,1610,344,24,1305,295,24,1717,366,25,1610,344,24,Finisher,1000
Amy,Yang,Amy Yang,2383,F18-24,Female,Boonton,NJ,United States,US,1:24:02,7:15:22,4:42:13,0:06:14,0:08:41,13:36:32,5042,26122,16933,374,521,48992,1611,345,25,1169,267,20,2016,473,31,1611,345,25,Finisher,3138
Stefanie,Heber,Stefanie Heber,1492,F50-54,Female,Amherstburg,ON,Canada,CA,1:30:47,5:32:43,6:15:57,0:07:23,0:09:42,13:36:32,5447,19963,22557,443,582,48992,1612,346,49,1633,381,41,736,84,6,1612,346,49,Finisher,3098
Blair,Weyersberg,Blair Weyersberg,2002,M30-34,Male,Bowmanville,ON,Canada,CA,1:20:00,7:01:24,4:58:54,0:07:48,0:08:30,13:36:36,4800,25284,17934,468,510,48996,1613,1267,183,835,654,97,1844,1434,198,1613,1267,183,Finisher,1000
Aliya,Curran,Aliya Curran,1293,F25-29,Female,Wilmington,DE,United States,US,1:08:28,6:51:48,5:17:22,0:10:48,0:09:00,13:37:27,4108,24708,19042,648,540,49047,1614,347,73,169,38,13,1653,341,68,1614,347,73,Finisher,1000
Scott,Lindsay,Scott Lindsay,550,M30-34,Male,Ottawa,ON,Canada,CA,1:15:22,6:33:36,5:25:38,0:12:04,0:10:57,13:37:37,4522,23616,19538,724,657,49057,1615,1268,184,517,409,62,1531,1229,174,1615,1268,184,Finisher,1000
Mark,Mcdonald,Mark Mcdonald,442,M40-44,Male,Pickering,ON,Canada,CA,1:38:08,6:29:25,5:15:15,0:07:39,0:07:11,13:37:37,5888,23365,18915,459,431,49057,1616,1269,162,1986,1500,185,1707,1346,170,1616,1269,162,Finisher,1000
Jean,Rompré,Jean Rompré,1199,M45-49,Male,Gatineau,QC,Canada,CA,1:37:48,6:03:38,5:29:18,0:15:06,0:11:51,13:37:40,5868,21818,19758,906,711,49060,1617,1270,121,1981,1496,141,1467,1179,117,1617,1270,121,Finisher,1000
Sara,Hiscoe,Sara Hiscoe,736,F45-49,Female,Stittsville,Ontario,Canada,CA,1:33:04,6:53:35,4:40:51,0:18:27,0:11:45,13:37:41,5584,24815,16851,1107,705,49061,1618,348,50,1760,420,56,2010,471,66,1618,348,50,Finisher,1000
Dali,Viscasillas,Dali Viscasillas,1043,M18-24,Male,Gatineau,Quebec,Canada,CA,1:37:33,6:22:58,5:15:08,0:12:01,0:10:04,13:37:44,5853,22978,18908,721,604,49064,1619,1271,157,1972,1491,188,1670,1323,158,1619,1271,157,Finisher,1000
Andrea,Robinson,Andrea Robinson,173,F50-54,Female,Calgary,AB,Canada,CA,1:40:53,5:58:27,5:42:37,0:08:59,0:06:50,13:37:45,6053,21507,20557,539,410,49065,1620,349,50,2055,518,65,1347,249,32,1620,349,50,Finisher,3083
Michelle,Campbell,Michelle Campbell,1104,F30-34,Female,Ottawa,ON,Canada,CA,1:16:32,6:56:48,5:11:10,0:06:27,0:06:54,13:37:51,4592,25008,18670,387,414,49071,1621,350,60,588,122,21,1756,381,60,1621,350,60,Finisher,2341
Boyd,Tomasetti,Boyd Tomasetti,1248,M55-59,Male,FALLS CHURCH,VA,United States,US,1:24:53,6:15:33,5:25:39,0:12:23,0:19:26,13:37:54,5093,22533,19539,743,1166,49074,1622,1272,88,1244,964,60,1414,1141,85,1622,1272,88,Finisher,1000
Tanya,Philp,Tanya Philp,599,F55-59,Female,Rockwood,ON,Canada,CA,1:14:55,5:38:27,6:33:05,0:06:41,0:04:48,13:37:56,4495,20307,23585,401,288,49076,1623,351,17,486,104,6,565,49,1,1623,351,17,Finisher,3380
Deven,Kennedy,Deven Kennedy,1890,M35-39,Male,Blockhouse,Nova Scotia,Canada,CA,1:37:09,6:24:12,5:16:36,0:12:08,0:08:14,13:38:20,5829,23052,18996,728,494,49100,1624,1273,156,1951,1478,168,1686,1331,155,1624,1273,156,Finisher,1000
Kreston,Woods,Kreston Woods,2372,M30-34,Male,Tempe,AZ,United States,US,1:32:19,6:58:15,4:53:35,0:08:18,0:06:09,13:38:36,5539,25095,17615,498,369,49116,1625,1274,185,1724,1315,195,1941,1497,205,1625,1274,185,Finisher,1000
Alex,Geisler,Alex Geisler,2409,M30-34,Male,Washington,DC,United States,US,1:21:10,6:31:40,5:30:18,0:09:09,0:06:20,13:38:37,4870,23500,19818,549,380,49117,1626,1275,186,920,724,113,1550,1243,176,1626,1275,186,Finisher,1000
Stephen,Black,Stephen Black,1056,M40-44,Male,Montreal,QC,Canada,CA,1:36:55,5:39:03,6:04:38,0:09:00,0:09:10,13:38:46,5815,20343,21878,540,550,49126,1627,1276,163,1944,1473,180,952,816,112,1627,1276,163,Finisher,1000
Luke,Knechtel,Luke Knechtel,2378,M30-34,Male,Prince George,BC,Canada,CA,1:26:10,6:42:43,5:07:05,0:11:45,0:11:19,13:39:02,5170,24163,18425,705,679,49142,1628,1277,187,1327,1029,164,1770,1384,192,1628,1277,187,Finisher,1000
Tijana,Panic,Tijana Panic,2324,F18-24,Female,Toronto,ON,Canada,CA,1:39:11,6:55:00,4:46:49,0:10:22,0:07:42,13:39:04,5951,24900,17209,622,462,49144,1629,352,26,2015,498,41,2005,468,29,1629,352,26,Finisher,1000
Mayra,Gonzalez,Mayra Gonzalez,1838,F45-49,Female,WESTLAKE,OH,Mexico,MX,1:18:27,6:20:38,5:44:34,0:08:00,0:07:31,13:39:09,4707,22838,20674,480,451,49149,1630,353,51,734,163,23,1331,242,39,1630,353,51,Finisher,1000
Bruno,Vaillancourt,Bruno Vaillancourt,2495,M50-54,Male,Sainte-Aurelie,QC,Canada,CA,1:31:26,6:20:58,5:30:13,0:08:45,0:08:00,13:39:22,5486,22858,19813,525,480,49162,1631,1278,131,1672,1277,135,1535,1232,129,1631,1278,131,Finisher,1000
Morgan,Mckay,Morgan Mckay,1606,F35-39,Female,Kanata,ON,Canada,CA,1:35:02,6:37:49,5:13:46,0:07:00,0:05:46,13:39:23,5702,23869,18826,420,346,49163,1632,354,32,1871,448,45,1758,383,38,1632,354,32,Finisher,1000
Haritha,Potluri,Haritha Potluri,1183,F50-54,Female,Belle Mead,NJ,United States,US,1:37:45,6:54:39,4:55:52,0:05:44,0:05:46,13:39:47,5865,24879,17752,344,346,49187,1633,355,51,1979,485,59,1931,440,66,1633,355,51,Finisher,1000
Wilmar,Quilingan,Wilmar Quilingan,2124,M40-44,Male,Hamilton,ON,Philippines,PH,1:33:24,6:18:30,5:26:37,0:09:41,0:11:55,13:40:07,5604,22710,19597,581,715,49207,1634,1279,164,1772,1351,160,1543,1238,160,1634,1279,164,Finisher,1000
Laurie,Svoboda,Laurie Svoboda,2508,F45-49,Female,ANN ARBOR,MI,United States,US,1:31:59,6:13:25,5:27:26,0:20:47,0:06:30,13:40:07,5519,22405,19646,1247,390,49207,1635,356,52,1700,404,51,1606,330,47,1635,356,52,Finisher,1000
Reynante,Razonable,Reynante Razonable,2148,M50-54,Male,Totonto,ON,Philippines,PH,1:23:04,6:29:16,5:27:18,0:06:31,0:14:00,13:40:08,4984,23356,19638,391,840,49208,1636,1280,132,1072,830,83,1506,1209,124,1636,1280,132,Finisher,1000
Sébastien,Beaulieu,Sébastien Beaulieu,1410,M50-54,Male,Ottawa,ON,Canada,CA,1:03:41,6:35:52,5:43:58,0:06:24,0:10:33,13:40:27,3821,23752,20638,384,633,49227,1637,1281,133,56,44,6,1309,1077,112,1637,1281,133,Finisher,1830
Vincent,Sivirine,Vincent Sivirine,1308,M55-59,Male,Alpharetta,GA,France,FR,1:29:48,5:53:56,6:00:04,0:09:11,0:07:51,13:40:50,5388,21236,21604,551,471,49250,1638,1282,89,1582,1213,86,1090,915,57,1638,1282,89,Finisher,1880
Daphne,Ducharme,Daphne Ducharme,1752,F30-34,Female,Saint-Connstant,QC,Canada,CA,1:39:58,6:29:31,5:09:06,0:10:57,0:11:43,13:41:16,5998,23371,18546,657,703,49276,1639,357,61,2031,507,78,1764,384,61,1639,357,61,Finisher,2300
Heather,Bullis-Cruz,Heather Bullis-Cruz,1383,F55-59,Female,PENN VALLEY,US-CA,United States,US,1:30:16,6:06:58,5:48:07,0:09:13,0:06:58,13:41:32,5416,22018,20887,553,418,49292,1640,358,18,1609,377,22,1319,237,13,1640,358,18,Finisher,3337
Chris ,Schmidt,Chris Schmidt,818,M40-44,Male,Edmonton,Alberta,Canada,CA,1:31:58,6:32:42,5:19:12,0:09:18,0:08:23,13:41:32,5518,23562,19152,558,503,49292,1641,1283,165,1699,1296,152,1692,1335,169,1641,1283,165,Finisher,1000
Patrick,Mackle,Patrick Mackle,2454,M25-29,Male,San Francisco,CA,United States,US,1:34:15,6:52:06,4:53:02,0:09:56,0:12:14,13:41:32,5655,24726,17582,596,734,49292,1642,1284,216,1830,1387,230,1908,1474,232,1642,1284,216,Finisher,1000
Camille,Champagne,Camille Champagne,2473,F25-29,Female,Lachine,QC,Canada,CA,1:21:46,6:19:42,5:42:38,0:08:06,0:09:25,13:41:37,4906,22782,20558,486,565,49297,1643,359,74,970,217,52,1368,256,54,1643,359,74,Finisher,1000
Maggie,Der Cola,Maggie Der Cola,92,F25-29,Female,Hurley,NY,United States,US,1:13:57,6:40:18,5:29:34,0:09:00,0:08:51,13:41:40,4437,24018,19774,540,531,49300,1644,360,75,431,87,21,1569,316,65,1644,360,75,Finisher,1000
Isabelle,Cyr,Isabelle Cyr,2139,F55-59,Female,Montreal,QC,Canada,CA,1:23:13,5:58:04,5:57:25,0:08:17,0:14:49,13:41:48,4993,21484,21445,497,889,49308,1645,361,19,1088,247,12,1038,162,8,1645,361,19,Finisher,1000
Daria,Ruginis,Daria Ruginis,1416,F30-34,Female,Cambridge,ON,Canada,CA,1:22:40,6:42:17,5:11:07,0:12:33,0:13:12,13:41:50,4960,24137,18667,753,792,49310,1646,362,62,1041,238,39,1726,370,58,1646,362,62,Finisher,1000
Fabian,Pat,Fabian Pat,2598,M40-44,Male,Saint-Eustache,QC,Colombia,CO,1:36:06,6:27:48,5:15:12,0:13:14,0:09:31,13:41:51,5766,23268,18912,794,571,49311,1647,1285,166,1905,1449,176,1722,1354,173,1647,1285,166,Finisher,1701
Nicholas,Vantfoort,Nicholas Vantfoort,1414,M30-34,Male,Cambridge,ON,Canada,CA,1:18:24,6:20:09,5:41:10,0:10:31,0:11:40,13:41:55,4704,22809,20470,631,700,49315,1648,1286,188,731,569,87,1361,1107,160,1648,1286,188,Finisher,1000
Mark,Plett,Mark Plett,1035,M50-54,Male,Rockville,US-MD,United States,US,1:11:34,6:12:04,5:51:36,0:12:54,0:13:47,13:41:55,4294,22324,21096,774,827,49315,1649,1287,134,298,232,22,1149,958,99,1649,1287,134,Finisher,1000
Laura,Mallory,Laura Mallory,2507,F35-39,Female,Innisfil,ON,Canada,CA,1:29:41,6:27:30,5:29:11,0:07:28,0:08:13,13:42:03,5381,23250,19751,448,493,49323,1650,363,33,1573,369,42,1584,323,33,1650,363,33,Finisher,2300
Walter E,Gilmore,Walter E Gilmore,2095,M65-69,Male,Brampton,ON,Canada,CA,1:27:26,6:08:44,5:40:45,0:12:45,0:12:27,13:42:07,5246,22124,20445,765,747,49327,1651,1288,16,1426,1095,15,1358,1105,12,1651,1288,16,Finisher,1000
Ya,Gao,Ya Gao,2212,F45-49,Female,Brossard,QC,Canada,CA,1:19:21,6:18:49,5:51:07,0:06:33,0:06:50,13:42:38,4761,22729,21067,393,410,49358,1652,364,53,795,173,24,1285,228,36,1652,364,53,Finisher,2239
Bruce,Dolan,Bruce Dolan,1555,M30-34,Male,Toronto,ON,Canada,CA,1:11:01,6:56:07,5:16:05,0:11:46,0:07:39,13:42:39,4261,24967,18965,706,459,49359,1653,1289,189,272,209,36,1747,1370,189,1653,1289,189,Finisher,1000
Laura,Calle,Laura Calle,1321,F35-39,Female,Ottawa,ON,Colombia,CO,1:26:36,6:03:33,5:58:05,0:07:00,0:07:37,13:42:51,5196,21813,21485,420,457,49371,1654,365,34,1363,310,38,1158,194,22,1654,365,34,Finisher,2290
Michael,Sutera,Michael Sutera,2066,M18-24,Male,Oak Ridge ,NJ,United States,US,1:26:21,6:37:28,5:25:38,0:07:02,0:06:32,13:43:01,5181,23848,19538,422,392,49381,1655,1290,158,1343,1042,142,1651,1312,157,1655,1290,158,Finisher,1206
David,Heger,David Heger,1496,M45-49,Male,Grand Haven,Michigan,United States,US,1:53:46,5:38:27,5:42:59,0:13:36,0:14:15,13:43:03,6826,20307,20579,816,855,49383,1656,1291,122,2229,1657,158,1307,1075,102,1656,1291,122,Finisher,1000
Chad,Aubin,Chad Aubin,1820,M45-49,Male,Eagle River,AK,United States,US,1:35:46,6:35:11,5:19:53,0:07:30,0:04:51,13:43:11,5746,23711,19193,450,291,49391,1657,1292,123,1895,1441,137,1738,1362,133,1657,1292,123,Finisher,1750
Michele,Symanski,Michele Symanski,1032,F50-54,Female,PT PLEASANT,NJ,United States,US,1:21:55,6:36:30,5:21:27,0:15:11,0:08:11,13:43:14,4915,23790,19287,911,491,49394,1658,366,52,984,220,21,1689,356,48,1658,366,52,Finisher,1000
Julianna,Falzon,Julianna Falzon,1533,F30-34,Female,BALDWIN,NY,United States,US,1:26:35,6:47:26,5:08:11,0:09:26,0:11:38,13:43:16,5195,24446,18491,566,698,49396,1659,367,63,1361,308,49,1789,392,63,1659,367,63,Finisher,2276
Francisco,Berrizbeitia,Francisco Berrizbeitia,979,M45-49,Male,Montreal,QC,Venezuela,VE,1:21:40,6:36:45,5:25:03,0:10:06,0:09:43,13:43:16,4900,23805,19503,606,583,49396,1660,1293,124,959,747,63,1624,1292,127,1660,1293,124,Finisher,1000
Robert,Comello,Robert Comello,1033,M55-59,Male,Bayville,NJ,United States,US,1:27:46,6:09:05,5:48:26,0:09:25,0:08:36,13:43:18,5266,22145,20906,565,516,49398,1661,1294,90,1448,1113,73,1315,1081,78,1661,1294,90,Finisher,1000
Chase,Johnson,Chase Johnson,1386,M18-24,Male,Worthington,MD,United States,US,1:37:29,6:43:15,5:11:10,0:06:07,0:05:23,13:43:25,5849,24195,18670,367,323,49405,1662,1295,159,1967,1488,187,1824,1420,171,1662,1295,159,Finisher,1201
Valéry,Magny,Valéry Magny,443,F40-44,Female,St-Sauveur,QC,Canada,CA,1:38:15,6:11:13,5:42:56,0:05:51,0:05:37,13:43:53,5895,22273,20576,351,337,49433,1663,368,37,1993,489,53,1443,281,29,1663,368,37,Finisher,1000
Hannah,Ludlow,Hannah Ludlow,1319,F30-34,Female,Ewing,NJ,United States,US,1:28:54,7:02:39,4:58:29,0:07:25,0:06:38,13:44:04,5334,25359,17909,445,398,49444,1664,369,64,1521,357,57,1942,445,72,1664,369,64,Finisher,2266
Matteo,Puga,Matteo Puga,1631,M18-24,Male,Burlington,Ontario,Canada,CA,1:32:31,7:07:43,4:51:20,0:05:35,0:07:00,13:44:08,5551,25663,17480,335,420,49448,1665,1296,160,1732,1319,166,2017,1544,185,1665,1296,160,Finisher,1193
Erin,Pittman,Erin Pittman,460,F45-49,Female,Carlisle,PA,United States,US,1:14:56,6:11:50,6:04:42,0:06:11,0:06:47,13:44:27,4496,22310,21882,371,407,49467,1666,370,54,489,105,16,1091,176,29,1666,370,54,Finisher,1000
Gordon,Mah,Gordon Mah,1348,M55-59,Male,North Bay,ON,Canada,CA,1:53:42,5:54:36,5:41:04,0:08:08,0:06:59,13:44:29,6822,21276,20464,488,419,49469,1667,1297,91,2227,1655,137,1466,1178,87,1667,1297,91,Finisher,1836
Jason,Massie,Jason Massie,34,M55-59,Male,Flowery Branch,US-GA,United States,US,1:29:29,6:30:32,5:31:56,0:05:18,0:07:22,13:44:38,5369,23432,19916,318,442,49478,1668,1298,92,1558,1195,85,1593,1268,98,1668,1298,92,Finisher,1834
Natalia,Sitnikov,Natalia Sitnikov,1504,F35-39,Female,Arlington,Virginia,United States,US,1:22:35,7:10:34,4:51:41,0:10:17,0:09:32,13:44:39,4955,25834,17501,617,572,49479,1669,371,35,1033,234,33,1992,462,44,1669,371,35,Finisher,1000
Joseph,King,Joseph King,1471,M55-59,Male,BETHLEHEM,PA,United States,US,1:45:17,6:11:20,5:30:58,0:09:20,0:07:59,13:44:55,6317,22280,19858,560,479,49495,1670,1299,93,2135,1594,124,1600,1273,99,1670,1299,93,Finisher,1831
Michael,Monks,Michael Monks,1062,M35-39,Male,Victoria,BC,Canada,CA,1:26:48,6:32:17,5:19:13,0:14:30,0:12:40,13:45:27,5208,23537,19153,870,760,49527,1671,1300,157,1374,1060,128,1688,1333,156,1671,1300,157,Finisher,1000
Simon,Dauphinais,Simon Dauphinais,685,M45-49,Male,Sainte-Sabine,Québec,Canada,CA,1:33:51,6:08:14,5:46:14,0:08:33,0:08:44,13:45:37,5631,22094,20774,513,524,49537,1672,1301,125,1804,1371,124,1386,1122,110,1672,1301,125,Finisher,1000
Christian,Zarif,Christian Zarif,2484,M35-39,Male,Montréal,Quebec,Canada,CA,1:26:14,7:14:45,4:32:41,0:16:03,0:16:01,13:45:43,5174,26085,16361,963,961,49543,1673,1302,158,1332,1033,126,2093,1587,177,1673,1302,158,Finisher,1000
Jared,Smigal,Jared Smigal,1207,M45-49,Male,INWOOD,WV,United States,US,1:40:05,6:02:35,5:39:45,0:11:46,0:11:38,13:45:49,6005,21755,20385,706,698,49549,1674,1303,126,2037,1528,143,1431,1153,114,1674,1303,126,Finisher,1000
Dennis,Kao,Dennis Kao,1206,M45-49,Male,Powhatan,VA,United States,US,1:36:37,5:59:07,5:53:48,0:07:48,0:08:45,13:46:05,5797,21547,21228,468,525,49565,1675,1304,127,1932,1466,139,1266,1044,98,1675,1304,127,Finisher,1000
Christopher,Brown,Christopher Brown,1541,M50-54,Male,Perth,ON,Canada,CA,1:24:28,6:27:42,5:34:20,0:11:19,0:08:34,13:46:24,5068,23262,20060,679,514,49584,1676,1305,135,1208,934,95,1571,1255,131,1676,1305,135,Finisher,1000
Patrick,Lajoie,Patrick Lajoie,1126,M55-59,Male,oka,QC,Canada,CA,1:34:40,5:46:43,6:12:01,0:06:38,0:06:28,13:46:30,5680,20803,22321,398,388,49590,1677,1306,94,1851,1407,101,1006,856,52,1677,1306,94,Finisher,1000
Antonina,Pianykh,Antonina Pianykh,2551,F35-39,Female,Burlington,Ontario,Canada,CA,1:21:28,7:02:06,5:06:31,0:08:10,0:08:16,13:46:31,4888,25326,18391,490,496,49591,1678,372,36,947,208,27,1870,420,42,1678,372,36,Finisher,1000
Loren,San Diego,Loren San Diego,1011,F45-49,Female,SECAUCUS,NJ,Philippines,PH,1:54:20,6:36:51,4:53:00,0:11:40,0:10:48,13:46:39,6860,23811,17580,700,648,49599,1679,373,55,2231,573,78,1983,458,65,1679,373,55,Finisher,1000
Isabelle,Raymond,Isabelle Raymond,2056,F40-44,Female,Lévis,QC,Canada,CA,1:34:48,6:27:26,5:20:43,0:10:42,0:13:01,13:46:39,5688,23246,19243,642,781,49599,1680,374,38,1857,445,48,1679,354,35,1680,374,38,Finisher,1000
Trisha,Slater,Trisha Slater,639,F60-64,Female,Kalamazoo,MI,United States,US,1:22:11,6:27:41,5:30:37,0:09:29,0:16:46,13:46:44,4931,23261,19837,569,1006,49604,1681,375,9,998,223,4,1509,298,6,1681,375,9,Finisher,1000
Mark,Allen,Mark Allen,350,M50-54,Male,Ottawa,ON,Canada,CA,1:35:53,6:01:37,5:54:06,0:07:08,0:08:27,13:47:11,5753,21697,21246,428,507,49631,1682,1307,136,1897,1442,156,1283,1057,109,1682,1307,136,Finisher,1000
Lindsay,Rycroft,Lindsay Rycroft,1177,F40-44,Female,London,ON,Canada,CA,1:18:47,6:49:55,5:19:18,0:07:58,0:11:17,13:47:14,4727,24595,19158,478,677,49634,1683,376,39,760,166,18,1719,367,37,1683,376,39,Finisher,1000
Collin,Shaw,Collin Shaw,1208,M45-49,Male,Ottawa,ON,Canada,CA,1:32:44,6:32:00,5:15:59,0:12:18,0:14:24,13:47:25,5564,23520,18959,738,864,49645,1684,1308,128,1744,1329,121,1720,1353,132,1684,1308,128,Finisher,1000
Dora,Tavel-Sanchez Luz,Dora Tavel-Sanchez Luz,984,F50-54,Female,Sudbury,MA,United States,US,1:34:59,6:31:41,5:29:07,0:05:48,0:05:52,13:47:27,5699,23501,19747,348,352,49647,1685,377,53,1869,446,52,1668,347,45,1685,377,53,Finisher,2967
Helen A.,Harmer,Helen A. Harmer,553,F40-44,Female,Winnipeg,Manitoba,Canada,CA,1:28:57,7:05:47,4:55:44,0:08:22,0:09:14,13:48:04,5337,25547,17744,502,554,49684,1686,378,40,1527,358,41,1987,460,48,1686,378,40,Finisher,1000
Matthew,Mcdevitt,Matthew Mcdevitt,110,M30-34,Male,LAUREL SPGS,NJ,United States,US,1:28:48,5:27:04,6:33:29,0:08:46,0:10:11,13:48:18,5328,19624,23609,526,611,49698,1687,1309,190,1514,1160,179,644,578,79,1687,1309,190,Finisher,1340
William,Stockwell,William Stockwell,1173,M55-59,Male,Macomb Township,MI,United States,US,1:53:39,6:18:57,5:04:52,0:13:53,0:16:59,13:48:19,6819,22737,18292,833,1019,49699,1688,1310,95,2226,1654,136,1817,1415,112,1688,1310,95,Finisher,1000
Louis,Laliberté ,Louis Laliberté,1644,M18-24,Male,Montréal,Quebec,Canada,CA,1:40:47,6:35:03,5:10:02,0:07:48,0:14:49,13:48:28,6047,23703,18602,468,889,49708,1689,1311,161,2054,1537,193,1791,1398,167,1689,1311,161,Finisher,1000
Guillaume,Rivest,Guillaume Rivest,2209,M25-29,Male,Coteau-du-Lac,QC,Canada,CA,1:28:24,6:34:15,5:24:26,0:11:32,0:10:22,13:48:59,5304,23655,19466,692,622,49739,1690,1312,217,1493,1145,192,1696,1338,219,1690,1312,217,Finisher,1000
Jeremy ,Chappell,Jeremy Chappell,1867,M50-54,Male,Weston-super-Mare,North Somerset,United Kingdom,GB,1:33:44,6:50:08,5:07:03,0:09:25,0:08:44,13:49:04,5624,24608,18423,565,524,49744,1691,1313,137,1796,1367,147,1883,1461,159,1691,1313,137,Finisher,1000
liza,french,liza french,1865,F45-49,Female,weston super mare,north somerest,United Kingdom,GB,1:22:37,6:40:54,5:27:37,0:09:02,0:08:56,13:49:06,4957,24054,19657,542,536,49746,1692,379,56,1037,236,33,1671,348,50,1692,379,56,Finisher,1000
Mike,Rogers,Mike Rogers,1630,M50-54,Male,Goulais River,ON,Canada,CA,1:21:25,6:29:06,5:33:24,0:10:53,0:14:28,13:49:18,4885,23346,20004,653,868,49758,1693,1314,138,940,734,71,1540,1235,130,1693,1314,138,Finisher,1000
Marie-Sophie,Jobin,Marie-Sophie Jobin,1585,F45-49,Female,Trois-Rivieres,QC,Canada,CA,1:36:35,6:31:08,5:20:31,0:10:46,0:10:29,13:49:28,5795,23468,19231,646,629,49768,1694,380,57,1931,466,63,1740,377,55,1694,380,57,Finisher,1000
Alexis,St-Amour,Alexis St-Amour,346,M25-29,Male,Gatineau,Quebec,Canada,CA,1:26:55,6:26:29,5:36:57,0:11:53,0:07:41,13:49:55,5215,23189,20217,713,461,49795,1695,1315,218,1382,1066,179,1590,1266,205,1695,1315,218,Finisher,1000
Chris,Kaczmar,Chris Kaczmar,1885,M55-59,Male,Akron,OH,United States,US,1:25:59,6:01:49,5:59:53,0:11:49,0:10:35,13:50:06,5159,21709,21593,709,635,49806,1696,1316,96,1316,1020,66,1197,991,67,1696,1316,96,Finisher,1000
Cassandra,Guelfi,Cassandra Guelfi,1228,F50-54,Female,WEST SUFFIELD,CT,United States,US,1:56:27,6:14:00,5:22:33,0:07:34,0:09:43,13:50:16,6987,22440,19353,454,583,49816,1697,381,54,2249,576,75,1731,373,53,1697,381,54,Finisher,1000
David,Nowak,David Nowak,1536,M40-44,Male,Waterloo,ON,Canada,CA,1:34:50,6:24:21,5:36:41,0:06:24,0:08:15,13:50:31,5690,23061,20201,384,495,49831,1698,1317,167,1862,1417,168,1596,1271,163,1698,1317,167,Finisher,1000
Jay,Weber,Jay Weber,648,M40-44,Male,Fort St John,BC,Canada,CA,1:22:55,6:17:43,5:52:37,0:10:36,0:06:49,13:50:41,4975,22663,21157,636,409,49841,1699,1318,168,1062,821,93,1394,1127,149,1699,1318,168,Finisher,1000
Stephanie ,Dunbar Cassese,Stephanie Dunbar Cassese,1273,F30-34,Female,Toronto,ON,Canada,CA,1:28:00,7:31:51,4:31:50,0:10:00,0:09:07,13:50:49,5280,27111,16310,600,547,49849,1700,382,65,1469,342,53,2158,529,79,1700,382,65,Finisher,1000
Felix,Rondeau,Felix Rondeau,1641,M30-34,Male,Mont-Saint-Grégoire,QC,Canada,CA,1:18:31,5:56:28,6:19:34,0:08:41,0:07:44,13:50:58,4711,21388,22774,521,464,49858,1701,1319,191,743,578,89,928,796,115,1701,1319,191,Finisher,1308
Bram,Navsaria,Bram Navsaria,1483,M18-24,Male,MADISON,WI,United States,US,1:36:51,5:40:46,6:19:21,0:07:24,0:06:36,13:50:58,5811,20446,22761,444,396,49858,1702,1320,162,1942,1471,182,955,818,105,1702,1320,162,Finisher,1111
Brian,Head,Brian Head,1360,M45-49,Male,Saint John,New Brunswick,Canada,CA,1:23:50,6:38:40,5:23:44,0:09:52,0:15:32,13:51:37,5030,23920,19424,592,932,49897,1703,1321,129,1155,891,77,1666,1320,129,1703,1321,129,Finisher,1000
Jonathan,Martin,Jonathan Martin,737,M50-54,Male,Chattanooga,Tennessee,United States,US,1:32:38,6:07:35,5:45:53,0:12:59,0:12:34,13:51:39,5558,22055,20753,779,754,49899,1704,1322,139,1739,1326,141,1419,1145,119,1704,1322,139,Finisher,1000
John,Dizon,John Dizon,1274,M45-49,Male,SKOKIE,US-IL,United States,US,1:20:10,6:17:22,5:39:28,0:17:58,0:16:44,13:51:42,4810,22642,20368,1078,1004,49902,1705,1323,130,845,663,56,1445,1164,116,1705,1323,130,Finisher,1000
Daniel,Hight,Daniel Hight,985,M45-49,Male,Burlington,ON,Canada,CA,1:22:55,6:50:08,5:02:44,0:17:40,0:18:18,13:51:45,4975,24608,18164,1060,1098,49905,1706,1324,131,1061,820,70,1863,1447,141,1706,1324,131,Finisher,1000
Christine,Tremblay,Christine Tremblay,322,F35-39,Female,Beloeil,Québec,Canada,CA,1:15:30,6:55:15,5:29:24,0:05:35,0:06:09,13:51:53,4530,24915,19764,335,369,49913,1707,383,37,527,110,17,1716,365,37,1707,383,37,Finisher,2182
Owen,Quick,Owen Quick,570,M18-24,Male,The Archipelago ,Ontario,Canada,CA,1:31:42,6:12:55,5:44:39,0:10:13,0:12:24,13:51:53,5502,22375,20679,613,744,49913,1708,1325,163,1685,1286,165,1436,1157,142,1708,1325,163,Finisher,1000
Dave,Wilson,Dave Wilson,75,M50-54,Male,Ottawa ,Ontario,Canada,CA,1:29:57,6:29:40,5:36:20,0:09:04,0:07:34,13:52:35,5397,23380,20180,544,454,49955,1709,1326,140,1590,1219,126,1625,1293,135,1709,1326,140,Finisher,1000
Taylor,Yanagidaira,Taylor Yanagidaira,1529,F18-24,Female,Peterborough,Ontario,Canada,CA,1:22:12,6:52:14,5:13:24,0:08:27,0:16:35,13:52:53,4932,24734,18804,507,995,49973,1710,384,27,1001,224,15,1786,391,26,1710,384,27,Finisher,2941
Ellen,Anderson,Ellen Anderson,649,F25-29,Female,Malden,MA,United States,US,1:27:51,7:09:50,5:04:32,0:05:33,0:05:08,13:52:54,5271,25790,18272,333,308,49974,1711,385,76,1457,338,69,1990,461,84,1711,385,76,Finisher,1000
Alexandre,Castonguay,Alexandre Castonguay,1976,M18-24,Male,saint bruno,QC,Canada,CA,1:34:39,7:00:20,5:02:51,0:06:45,0:08:45,13:53:20,5679,25220,18171,405,525,50000,1712,1327,164,1850,1406,177,1968,1515,181,1712,1327,164,Finisher,1000
Colt,Vanhouten,Colt Vanhouten,1560,M18-24,Male,Warsaw,Indiana,United States,US,1:13:24,6:39:49,5:41:19,0:09:41,0:09:12,13:53:24,4404,23989,20479,581,552,50004,1713,1328,165,400,318,54,1567,1252,150,1713,1328,165,Finisher,1000
Mark,Moeckel,Mark Moeckel,939,M40-44,Male,Ann Arbor,MI,United States,US,1:25:29,6:07:00,5:53:31,0:08:36,0:19:10,13:53:46,5129,22020,21211,516,1150,50026,1714,1329,169,1286,995,111,1219,1006,134,1714,1329,169,Finisher,1000
Jonah Belle,BURNS,Jonah Belle BURNS,1013,F50-54,Female,Porterville,US-CA,United States,US,1:48:19,6:32:27,5:09:07,0:10:16,0:13:53,13:54:01,6499,23547,18547,616,833,50041,1715,386,55,2186,561,72,1865,418,62,1715,386,55,Finisher,1000
Jack,Lacey,Jack Lacey,1389,M25-29,Male,Toronto,ON,Canada,CA,1:40:09,6:35:07,5:12:35,0:13:05,0:13:29,13:54:25,6009,23707,18755,785,809,50065,1716,1330,219,2039,1530,240,1833,1426,227,1716,1330,219,Finisher,1000
Luca,Rivera,Luca Rivera,2594,M18-24,Male,Montréal,QC,Canada,CA,1:22:33,6:45:31,5:30:26,0:08:14,0:07:43,13:54:28,4953,24331,19826,494,463,50068,1717,1331,166,1030,798,114,1714,1351,160,1717,1331,166,Finisher,1000
James,Napier,James Napier,2330,M18-24,Male,Liphook,England,United Kingdom,GB,1:38:44,7:02:41,4:47:02,0:15:33,0:10:30,13:54:31,5924,25361,17222,933,630,50071,1718,1332,167,2005,1513,191,2091,1585,189,1718,1332,167,Finisher,1000
Danielle,Hutcheson,Danielle Hutcheson,2240,F45-49,Female,Newmarket ,ONTARIO,Canada,CA,1:29:29,7:13:21,4:53:52,0:09:59,0:07:58,13:54:40,5369,26001,17632,599,478,50080,1719,387,58,1559,364,46,2068,497,70,1719,387,58,Finisher,1000
Karen,Hoch,Karen Hoch,1953,F55-59,Female,Salem,MA,United States,US,1:35:27,7:23:21,4:28:43,0:13:44,0:13:33,13:54:48,5727,26601,16123,824,813,50088,1720,388,20,1885,453,26,2170,538,31,1720,388,20,Finisher,1000
Kyle,Knudson,Kyle Knudson,2468,M25-29,Male,Archerwill,SK,Canada,CA,1:28:51,6:43:44,5:15:15,0:13:26,0:13:35,13:54:51,5331,24224,18915,806,815,50091,1721,1333,220,1517,1162,194,1813,1413,226,1721,1333,220,Finisher,1201
Matthew,Apostolakos,Matthew Apostolakos,2274,M25-29,Male,Brossard,QC,Canada,CA,1:20:25,6:15:10,5:56:02,0:09:50,0:13:31,13:54:59,4825,22510,21362,590,811,50099,1722,1334,221,869,680,123,1299,1068,172,1722,1334,221,Finisher,1000
Paul,Marek,Paul Marek,409,M55-59,Male,Traverse City,MI,United States,US,1:33:30,6:10:20,5:55:56,0:07:30,0:07:44,13:55:00,5610,22220,21356,450,464,50100,1723,1335,97,1778,1354,95,1398,1129,83,1723,1335,97,Finisher,1000
Loc,Pham,Loc Pham,1157,M45-49,Male,Ottawa,ON,Canada,CA,1:57:59,6:39:48,4:59:58,0:07:16,0:10:04,13:55:05,7079,23988,17998,436,604,50105,1724,1336,132,2258,1681,162,2007,1539,153,1724,1336,132,Finisher,1000
Nicole,Noonan,Nicole Noonan,1636,F50-54,Female,Fonthill,ON,Canada,CA,1:31:18,6:40:02,5:24:45,0:09:12,0:09:52,13:55:08,5478,24002,19485,552,592,50108,1725,389,56,1665,392,43,1766,386,57,1725,389,56,Finisher,1000
Abdalla,Omar,Abdalla Omar,1051,M18-24,Male,Ottawa,ON,Canada,CA,1:37:17,6:47:02,4:55:34,0:22:34,0:12:41,13:55:08,5837,24422,17734,1354,761,50108,1726,1337,168,1958,1483,184,2028,1551,186,1726,1337,168,Finisher,1000
Todd,Key,Todd Key,607,M55-59,Male,CONCORD,US-NC,United States,US,1:23:39,6:13:07,6:05:10,0:07:05,0:06:16,13:55:17,5019,22387,21910,425,376,50117,1727,1338,98,1135,878,55,1273,1048,74,1727,1338,98,Finisher,1000
Michelle,Dukowski,Michelle Dukowski,1920,F40-44,Female,Toronto,ON,Canada,CA,1:29:53,7:02:06,5:01:08,0:10:11,0:12:05,13:55:24,5393,25326,18068,611,725,50124,1728,390,41,1587,371,43,1975,455,46,1728,390,41,Finisher,1000
Wilson,Lee,Wilson Lee,1856,M45-49,Male,TORONTO,ON,Canada,CA,1:41:15,6:36:00,5:21:26,0:11:53,0:04:59,13:55:33,6075,23760,19286,713,299,50133,1729,1339,133,2067,1545,144,1841,1431,137,1729,1339,133,Finisher,1000
Jason,Herbaugh,Jason Herbaugh,1069,M40-44,Male,Washington,US-DC,United States,US,1:39:38,5:57:23,6:02:17,0:08:19,0:08:01,13:55:38,5978,21443,21737,499,481,50138,1730,1340,170,2024,1521,187,1295,1064,143,1730,1340,170,Finisher,1000
Jean-François,LeMay,Jean-François LeMay,419,M55-59,Male,Orléans,ON,Canada,CA,1:08:55,6:39:55,5:45:18,0:09:35,0:11:55,13:55:39,4135,23995,20718,575,715,50139,1731,1341,99,192,145,10,1499,1203,90,1731,1341,99,Finisher,1000
David,Schwartz,David Schwartz,129,M60-64,Male,HUNTINGTN BCH,CA,United States,US,1:42:53,6:21:32,5:28:24,0:09:09,0:13:49,13:55:48,6173,22892,19704,549,829,50148,1732,1342,44,2098,1566,69,1687,1332,52,1732,1342,44,Finisher,1000
David,Longfox,David Longfox,62,M60-64,Male,Seattle,Washington,United States,US,1:27:50,6:52:11,5:14:21,0:12:48,0:08:40,13:55:49,5270,24731,18861,768,520,50149,1733,1343,45,1455,1118,44,1880,1459,62,1733,1343,45,Finisher,1000
Ahmed,Madani,Ahmed Madani,755,M18-24,Male,Mississauga,Ontario,Canada,CA,1:35:24,6:38:23,5:31:27,0:04:25,0:06:11,13:55:50,5724,23903,19887,265,371,50150,1734,1344,169,1881,1429,179,1735,1361,163,1734,1344,169,Finisher,1000
Jonathan,Szeto,Jonathan Szeto,531,M40-44,Male,Calgary,AB,Canada,CA,1:47:26,6:59:09,4:45:40,0:12:09,0:11:36,13:55:59,6446,25149,17140,729,696,50159,1735,1345,171,2168,1614,201,2099,1592,196,1735,1345,171,Finisher,1000
Tim,Manning,Tim Manning,2271,M40-44,Male,Burlington,ON,Canada,CA,1:41:40,6:29:12,5:31:41,0:06:38,0:07:09,13:56:20,6100,23352,19901,398,429,50180,1736,1346,172,2077,1550,192,1727,1357,174,1736,1346,172,Finisher,1000
Brad,Mouser,Brad Mouser,115,M55-59,Male,INDIANAPOLIS,IN,United States,US,1:23:29,6:19:28,5:50:01,0:11:25,0:12:16,13:56:40,5009,22768,21001,685,736,50200,1737,1347,100,1119,866,52,1430,1152,86,1737,1347,100,Finisher,1000
John,Blood,John Blood,1958,M40-44,Male,Buffalo,NY,United States,US,1:12:49,6:10:26,6:08:20,0:06:52,0:18:19,13:56:45,4369,22226,22100,412,1099,50205,1738,1348,173,370,292,32,1047,883,121,1738,1348,173,Finisher,1000
Ryan,August,Ryan August,1652,M30-34,Male,East Windsor,NJ,United States,US,1:18:57,6:16:52,6:05:11,0:06:50,0:08:59,13:56:49,4737,22612,21911,410,539,50209,1739,1349,192,772,604,92,1250,1030,151,1739,1349,192,Finisher,1238
Elizabeth,Woodwell,Elizabeth Woodwell,1388,F25-29,Female,Cambridge,MA,United States,US,1:26:56,6:48:19,5:23:39,0:11:18,0:06:46,13:56:58,5216,24499,19419,678,406,50218,1740,391,77,1383,317,65,1818,403,77,1740,391,77,Finisher,1551
Krista,Power,Krista Power,434,F50-54,Female,St. John's,NL,Canada,CA,1:20:12,6:26:31,5:49:18,0:09:24,0:11:38,13:57:03,4812,23191,20958,564,698,50223,1741,392,57,848,184,18,1456,286,34,1741,392,57,Finisher,1000
Christian,Vitali,Christian Vitali,2604,M25-29,Male,Vaughan,ON,Canada,CA,1:41:45,6:22:50,5:24:39,0:14:42,0:13:26,13:57:23,6105,22970,19479,882,806,50243,1742,1350,222,2078,1551,242,1750,1372,222,1742,1350,222,Finisher,1000
Stuart,Ginn,Stuart Ginn,520,M50-54,Male,Nepean,ON,Canada,CA,1:22:51,6:14:02,6:07:16,0:06:40,0:06:36,13:57:26,4971,22442,22036,400,396,50246,1743,1351,141,1054,813,81,1267,1045,108,1743,1351,141,Finisher,1000
Bryan,Terrio,Bryan Terrio,1762,M50-54,Male,Barrie,ON,Canada,CA,1:51:28,7:00:09,4:39:24,0:12:30,0:13:55,13:57:26,6688,25209,16764,750,835,50246,1744,1352,142,2217,1647,185,2132,1613,184,1744,1352,142,Finisher,1000
Craig,Paterson,Craig Paterson,2060,M35-39,Male,West Lorne,ON,Canada,CA,1:33:01,6:59:57,5:07:55,0:08:21,0:08:29,13:57:44,5581,25197,18475,501,509,50264,1745,1353,159,1757,1338,157,1963,1512,169,1745,1353,159,Finisher,1000
Audrey,Belanger,Audrey Belanger,1002,F30-34,Female,Saint-Hubert,QC,Canada,CA,1:30:09,6:53:36,5:16:16,0:12:31,0:05:37,13:58:09,5409,24816,18976,751,337,50289,1746,393,66,1606,376,58,1907,434,69,1746,393,66,Finisher,1000
Robyn,Macdonald,Robyn Macdonald,1088,F50-54,Female,Montague,PE,Canada,CA,1:23:43,7:12:14,5:06:18,0:07:49,0:08:06,13:58:10,5023,25934,18378,469,486,50290,1747,394,58,1140,260,25,1999,464,69,1747,394,58,Finisher,1000
Brennen,Suni,Brennen Suni,664,M25-29,Male,Barrie,ON,Canada,CA,1:26:16,6:45:31,5:17:21,0:12:04,0:16:58,13:58:11,5176,24331,19041,724,1018,50291,1748,1354,223,1337,1038,177,1793,1399,225,1748,1354,223,Finisher,1161
Katie,Noah,Katie Noah,1047,F30-34,Female,Ottawa,ON,Canada,CA,1:16:09,7:10:10,5:07:56,0:11:51,0:12:08,13:58:14,4569,25810,18476,711,728,50294,1749,395,67,567,118,19,1933,441,71,1749,395,67,Finisher,1000
Jamison,Hanzal,Jamison Hanzal,966,M40-44,Male,Whitby,ON,Canada,CA,1:31:34,7:04:41,4:58:57,0:15:15,0:08:01,13:58:28,5494,25481,17937,915,481,50308,1750,1355,174,1681,1283,150,2059,1570,191,1750,1355,174,Finisher,1000
Laura,Wilson,Laura Wilson,1045,F35-39,Female,Ottawa,ON,Canada,CA,1:40:31,7:11:36,4:37:05,0:14:34,0:14:44,13:58:30,6031,25896,16625,874,884,50310,1751,396,38,2050,516,49,2142,521,49,1751,396,38,Finisher,2103
Kirby,Mcburney,Kirby Mcburney,935,M55-59,Male,Ottawa,ON,Canada,CA,1:27:47,6:35:00,5:31:53,0:12:06,0:11:58,13:58:43,5267,23700,19913,726,718,50323,1752,1356,101,1449,1114,74,1702,1343,104,1752,1356,101,Finisher,1000
Joe,MacDonald,Joe MacDonald,1862,M60-64,Male,Sandwich,MA,United States,US,1:23:23,6:47:16,5:26:50,0:12:24,0:08:51,13:58:44,5003,24436,19610,744,531,50324,1753,1357,46,1103,853,33,1787,1396,57,1753,1357,46,Finisher,1000
Erin,Mitchell,Erin Mitchell,2168,F18-24,Female,Kitchener,ON,Canada,CA,1:17:16,6:32:06,5:59:16,0:05:19,0:05:47,13:59:43,4636,23526,21556,319,347,50383,1754,397,28,644,138,8,1433,279,21,1754,397,28,Finisher,2859
Douglas,Killian,Douglas Killian,1910,M50-54,Male,Stanwood,MI,United States,US,1:34:47,6:28:32,5:36:36,0:09:38,0:10:24,13:59:57,5687,23312,20196,578,624,50397,1755,1358,143,1856,1412,151,1680,1326,140,1755,1358,143,Finisher,1000
Jody,Nickerson,Jody Nickerson,347,M50-54,Male,Halifax,Nova Scotia,Canada,CA,2:13:46,5:57:34,5:11:55,0:18:31,0:18:14,13:59:58,8026,21454,18715,1111,1094,50398,1756,1359,144,2292,1702,191,1851,1439,153,1756,1359,144,Finisher,1000
Frances,Sherratt,Frances Sherratt,1129,F25-29,Female,Ottawa,ON,Canada,CA,1:18:30,6:44:54,5:38:30,0:08:47,0:09:24,14:00:04,4710,24294,20310,527,564,50404,1757,398,78,741,165,40,1663,346,70,1757,398,78,Finisher,1000
Jennifer,Denomy,Jennifer Denomy,587,F55-59,Female,Cambridge,ON,Canada,CA,1:22:38,7:03:36,5:14:19,0:09:41,0:10:03,14:00:16,4958,25416,18859,581,603,50416,1758,399,21,1038,237,10,1903,431,23,1758,399,21,Finisher,1000
Mike,Tabet,Mike Tabet,788,M25-29,Male,St-Laurent,Quebec,Lebanon,LB,1:18:33,7:01:45,5:13:22,0:13:27,0:13:12,14:00:19,4713,25305,18802,807,792,50419,1759,1360,224,748,583,102,1890,1465,230,1759,1360,224,Finisher,1000
Molly,Venables,Molly Venables,1094,F25-29,Female,Ottawa,Ontario,Canada,CA,1:21:21,6:55:26,5:13:31,0:18:04,0:12:00,14:00:21,4881,24926,18811,1084,720,50421,1760,400,79,937,205,50,1901,429,79,1760,400,79,Finisher,1000
Quayce,Thomas,Quayce Thomas,899,M30-34,Male,Russell,Ontario,Canada,CA,1:33:10,6:43:37,5:23:31,0:09:58,0:10:14,14:00:30,5590,24217,19411,598,614,50430,1761,1361,193,1765,1345,199,1821,1417,195,1761,1361,193,Finisher,1000
Yevheniia ,Koval,Yevheniia Koval,1763,F25-29,Female,Montréal ,Quebec,Ukraine,UA,1:36:37,7:16:11,4:53:36,0:06:20,0:07:48,14:00:33,5797,26171,17616,380,468,50433,1762,401,80,1933,467,88,2104,509,88,1762,401,80,Finisher,1000
Mary,Konsolaki,Mary Konsolaki,199,F65-69,Female,Westfield,NJ,Greece,GR,1:37:32,6:24:55,5:26:44,0:18:13,0:13:44,14:01:08,5852,23095,19604,1093,824,50468,1763,402,2,1970,481,10,1771,387,5,1763,402,2,Finisher,4264
Josee,Adam,Josee Adam,670,F50-54,Female,Cumberland,ON,Canada,CA,1:31:15,6:48:14,5:23:46,0:09:35,0:08:18,14:01:09,5475,24494,19426,575,498,50469,1764,403,59,1661,391,42,1840,410,60,1764,403,59,Finisher,1000
Nicole,Grennier,Nicole Grennier,2343,F40-44,Female,Thunder Bay ,ON,Canada,CA,1:16:42,6:22:18,6:05:42,0:08:18,0:08:22,14:01:24,4602,22938,21942,498,502,50484,1765,404,42,598,124,15,1337,245,24,1765,404,42,Finisher,1000
Robert,Dargue,Robert Dargue,1993,M65-69,Male,New Liskeard,ON,Canada,CA,1:57:31,6:23:11,5:22:44,0:09:30,0:08:41,14:01:37,7051,22991,19364,570,521,50497,1766,1362,17,2255,1678,38,1854,1441,27,1766,1362,17,Finisher,1000
Marco,De Freitas,Marco De Freitas,2231,M50-54,Male,BRYN MAWR,Pennsylvania,Brazil,BR,1:33:12,6:46:06,5:18:49,0:13:20,0:10:52,14:02:18,5592,24366,19129,800,652,50538,1767,1363,145,1767,1347,143,1878,1457,158,1767,1363,145,Finisher,1000
Puneet,Batra,Puneet Batra,2407,M45-49,Male,faridabad,haryana,India,IN,1:35:14,6:40:19,5:15:28,0:14:48,0:16:55,14:02:45,5714,24019,18928,888,1015,50565,1768,1364,134,1877,1427,135,1857,1443,139,1768,1364,134,Finisher,1000
Petro,Giannarakis,Petro Giannarakis,1052,M25-29,Male,Montreal,North America,Canada,CA,1:16:53,6:38:05,5:39:44,0:15:51,0:12:32,14:03:05,4613,23885,20384,951,752,50585,1769,1365,225,607,481,89,1650,1311,212,1769,1365,225,Finisher,1000
Pierre ,Lamarche ,Pierre Lamarche,2129,M60-64,Male,St-jean-sur-richelieu,QC,Canada,CA,1:23:24,5:39:26,6:43:01,0:09:15,0:08:04,14:03:09,5004,20366,24181,555,484,50589,1770,1366,47,1110,859,34,749,662,20,1770,1366,47,Finisher,1000
Kyle,Kiffer,Kyle Kiffer,2425,M35-39,Male,Lakewood,OH,United States,US,1:17:38,6:26:42,5:54:52,0:11:59,0:12:14,14:03:24,4658,23202,21292,719,734,50604,1771,1367,160,673,528,73,1461,1175,141,1771,1367,160,Finisher,1122
Katelyn,Wilson,Katelyn Wilson,1633,F35-39,Female,Sarnia,ON,Canada,CA,1:21:54,6:20:48,6:04:07,0:07:53,0:09:05,14:03:46,4914,22848,21847,473,545,50626,1772,405,39,981,219,29,1383,263,28,1772,405,39,Finisher,2039
Renee,Alderman,Renee Alderman,799,F50-54,Female,Navarre,FL,United States,US,2:04:53,6:12:23,5:33:04,0:06:29,0:07:06,14:03:54,7493,22343,19984,389,426,50634,1773,406,60,2276,583,77,1792,394,58,1773,406,60,Finisher,2769
Geneviève,Méthot,Geneviève Méthot,330,F45-49,Female,St-Lin-Laurentides,QC,Canada,CA,1:32:27,6:42:35,5:31:43,0:06:44,0:10:30,14:03:59,5547,24155,19903,404,630,50639,1774,407,59,1729,412,53,1780,389,56,1774,407,59,Finisher,1000
Kris,Jacek,Kris Jacek,644,M45-49,Male,Edmonton,AB,Canada,CA,1:27:41,6:22:24,5:51:57,0:08:56,0:13:11,14:04:10,5261,22944,21117,536,791,50650,1775,1368,135,1441,1109,96,1507,1210,121,1775,1368,135,Finisher,1000
Julie,Willin,Julie Willin,1357,F40-44,Female,Seaford,DE,United States,US,1:22:16,6:55:47,5:31:16,0:08:16,0:07:33,14:05:08,4936,24947,19876,496,453,50708,1776,408,43,1004,225,23,1815,402,41,1776,408,43,Finisher,1000
Aliesha,Jeffery,Aliesha Jeffery,1054,F60-64,Female,London,ON,Canada,CA,1:35:09,6:07:00,6:10:20,0:06:43,0:06:13,14:05:25,5709,22020,22220,403,373,50725,1777,409,10,1875,450,17,1357,253,3,1777,409,10,Finisher,1000
Chris,Edwards,Chris Edwards,51,F35-39,Female,Carleton Place,CA-ON,Canada,CA,1:16:54,6:33:32,5:58:00,0:09:45,0:07:19,14:05:30,4614,23612,21480,585,439,50730,1778,410,40,610,127,20,1517,299,31,1778,410,40,Finisher,1000
Karli,Voskamp,Karli Voskamp,1766,F30-34,Female,Colborne,Ontario,Canada,CA,1:26:20,7:45:57,4:35:09,0:08:44,0:09:51,14:06:01,5180,27957,16509,524,591,50761,1779,411,68,1342,301,47,2203,550,80,1779,411,68,Finisher,1000
Laura,BERRY,Laura BERRY,1955,F18-24,Female,Halifax,CA-NS,Canada,CA,1:26:59,6:59:38,5:22:15,0:09:25,0:07:50,14:06:08,5219,25178,19335,565,470,50768,1780,412,29,1384,318,28,1904,432,27,1780,412,29,Finisher,1000
Alberto,Baladad,Alberto Baladad,546,M60-64,Male,Mississauga,ON,Philippines,PH,1:36:08,6:18:28,5:54:23,0:10:55,0:06:47,14:06:41,5768,22708,21263,655,407,50801,1781,1369,48,1906,1450,61,1595,1270,46,1781,1369,48,Finisher,1000
Benjamin,Fretz,Benjamin Fretz,2501,M18-24,Male,Kingston,Ontario,Canada,CA,1:23:08,5:53:59,6:21:10,0:13:44,0:15:07,14:07:08,4988,21239,22870,824,907,50828,1782,1370,170,1078,835,118,1059,894,114,1782,1370,170,Finisher,1000
Marc,Sibal,Marc Sibal,608,M30-34,Male,Montreal,QC,Canada,CA,1:40:59,6:16:01,5:41:15,0:10:41,0:18:14,14:07:09,6059,22561,20475,641,1094,50829,1783,1371,194,2056,1538,213,1618,1287,179,1783,1371,194,Finisher,1000
Brendan,Charles,Brendan Charles,2423,M40-44,Male,Toronto,ON,Canada,CA,1:46:53,6:57:54,5:04:06,0:09:16,0:09:05,14:07:14,6413,25074,18246,556,545,50834,1784,1372,175,2158,1607,200,2074,1576,192,1784,1372,175,Finisher,1000
Liam,Jackson,Liam Jackson,2395,M18-24,Male,Calgary,AB,Canada,CA,2:00:03,6:35:20,5:16:35,0:07:12,0:08:17,14:07:27,7203,23720,18995,432,497,50847,1785,1373,171,2265,1686,204,1980,1524,182,1785,1373,171,Finisher,1000
Lauren,Thies,Lauren Thies,1506,F25-29,Female,Regina,SK,Canada,CA,1:20:11,6:47:57,5:42:27,0:09:21,0:07:53,14:07:49,4811,24477,20547,561,473,50869,1786,413,81,846,183,47,1725,369,73,1786,413,81,Finisher,1420
Kyle,Higgins,Kyle Higgins,2439,M25-29,Male,Quincy,Massachusetts,United States,US,1:23:45,6:23:08,5:57:32,0:11:35,0:11:53,14:07:52,5025,22988,21452,695,713,50872,1787,1374,226,1147,885,151,1501,1205,197,1787,1374,226,Finisher,1000
My-An,Auprix,My-An Auprix,630,F30-34,Female,Ottawa,ON,Canada,CA,1:47:05,6:12:10,5:48:48,0:10:08,0:09:45,14:07:55,6425,22330,20928,608,585,50875,1788,414,69,2163,553,84,1633,335,52,1788,414,69,Finisher,1980
Caitlin,Williams,Caitlin Williams,690,F40-44,Female,Vancouver,British Columbia,Canada,CA,1:39:17,7:25:55,4:42:29,0:10:14,0:10:20,14:08:14,5957,26755,16949,614,620,50894,1789,415,44,2016,499,56,2180,542,61,1789,415,44,Finisher,2093
Tim,Poeschl,Tim Poeschl,66,M50-54,Male,Bloomington,MN,United States,US,1:29:30,5:49:24,6:25:06,0:12:23,0:11:51,14:08:15,5370,20964,23106,743,711,50895,1790,1375,146,1560,1196,124,1067,899,94,1790,1375,146,Finisher,1000
Thomas,Laidman,Thomas Laidman,1255,M45-49,Male,Chilliwack,BC,Canada,CA,1:20:08,6:06:43,6:17:45,0:10:51,0:12:51,14:08:18,4808,22003,22665,651,771,50898,1791,1376,136,844,662,55,1171,974,90,1791,1376,136,Finisher,1000
Niki,Fitzgerald,Niki Fitzgerald,1210,F50-54,Female,Toronto,ON,Canada,CA,1:37:59,7:00:18,5:04:02,0:12:05,0:13:54,14:08:18,5879,25218,18242,725,834,50898,1792,416,61,1983,486,60,2052,485,70,1792,416,61,Finisher,1000
Harshal,Vijapura,Harshal Vijapura,952,M30-34,Male,Carshalton,SRY,United Kingdom,GB,1:22:52,7:21:15,5:12:02,0:05:02,0:07:28,14:08:40,4972,26475,18722,302,448,50920,1793,1377,195,1056,815,125,2045,1561,212,1793,1377,195,Finisher,1096
Zach,McKeown,Zach McKeown,1845,M35-39,Male,Peterborough,ON,Canada,CA,1:20:27,7:01:06,5:19:26,0:11:34,0:16:44,14:09:15,4827,25266,19166,694,1004,50955,1794,1378,161,874,684,90,1881,1460,165,1794,1378,161,Finisher,1000
Alex,Ouellet,Alex Ouellet,2201,M18-24,Male,Lévis,QC,Canada,CA,1:24:26,6:26:45,5:44:23,0:16:19,0:17:47,14:09:40,5066,23205,20663,979,1067,50980,1795,1379,172,1202,930,129,1616,1285,154,1795,1379,172,Finisher,1000
Tracy,Fernandes,Tracy Fernandes,1412,F55-59,Female,Collingwood,ON,Canada,CA,1:36:33,6:52:56,5:20:02,0:11:06,0:09:16,14:09:53,5793,24776,19202,666,556,50993,1796,417,22,1929,465,27,1951,450,26,1796,417,22,Finisher,1000
Michel Alejandro,Cristerna Ruiz,Michel Alejandro Cristerna Ruiz,1244,M30-34,Male,Ottawa,Ontario,Mexico,MX,1:43:38,6:57:51,5:08:43,0:09:55,0:09:48,14:09:55,6218,25071,18523,595,588,50995,1797,1380,196,2112,1577,216,2057,1569,213,1797,1380,196,Finisher,1000
Wendy,Woods,Wendy Woods,181,F60-64,Female,Fox Brook,NS,Canada,CA,1:52:54,6:04:20,6:00:49,0:06:57,0:05:05,14:10:05,6774,21860,21649,417,305,51005,1798,418,11,2223,571,32,1578,321,11,1798,418,11,Finisher,3006
Dave,Howlett,Dave Howlett,59,M65-69,Male,Oakville,ON,Canada,CA,1:20:06,6:50:54,5:38:26,0:10:52,0:10:16,14:10:34,4806,24654,20306,652,616,51034,1799,1381,18,842,660,4,1781,1392,24,1799,1381,18,Finisher,1000
Jaekwang,Kim,Jaekwang Kim,1974,M40-44,Male,Barrie,ON,Canada,CA,1:23:23,6:30:14,5:57:51,0:10:35,0:08:34,14:10:37,5003,23414,21471,635,514,51037,1800,1382,176,1105,854,97,1579,1258,162,1800,1382,176,Finisher,1000
Jarret,Clark,Jarret Clark,1546,M35-39,Male,Germantown,MD,United States,US,1:22:19,7:02:39,5:20:56,0:12:37,0:12:05,14:10:37,4939,25359,19256,757,725,51037,1801,1383,162,1012,786,101,1927,1489,167,1801,1383,162,Finisher,1000
Sarah,Roberts ,Sarah Roberts,2410,F45-49,Female,Fredericton,New Brunswick,Canada,CA,1:19:26,6:42:55,5:48:44,0:07:51,0:11:43,14:10:39,4766,24175,20924,471,703,51039,1802,419,60,800,174,25,1640,337,49,1802,419,60,Finisher,1000
Jennifer,Urbaniak,Jennifer Urbaniak,514,F35-39,Female,Beecher,IL,United States,US,1:22:19,6:35:53,5:57:50,0:07:06,0:07:40,14:10:48,4939,23753,21470,426,460,51048,1803,420,41,1010,226,31,1591,325,34,1803,420,41,Finisher,1955
Catherine,Marsden,Catherine Marsden,1679,F60-64,Female,ARLINGTON HTS,IL,United States,US,1:38:58,6:49:12,5:23:55,0:10:10,0:08:58,14:11:13,5938,24552,19435,610,538,51073,1804,421,12,2010,497,22,1935,442,17,1804,421,12,Finisher,2993
Walter,Gannon,Walter Gannon,883,M55-59,Male,Mayfield,NEW YORK,United States,US,1:38:59,6:20:45,5:51:37,0:10:26,0:09:40,14:11:27,5939,22845,21097,626,580,51087,1805,1384,102,2011,1514,114,1639,1303,102,1805,1384,102,Finisher,1000
Nancy,Kaplan,Nancy Kaplan,223,F65-69,Female,New York,NY,United States,US,1:27:43,6:49:43,5:31:00,0:10:50,0:12:14,14:11:30,5263,24583,19860,650,734,51090,1806,422,3,1444,333,4,1832,407,6,1806,422,3,Finisher,4140
Mark,Trotter,Mark Trotter,1897,M50-54,Male,Mississauga,Ontario,Canada,CA,1:56:33,6:27:46,5:18:44,0:13:23,0:15:07,14:11:32,6993,23266,19124,803,907,51092,1807,1385,147,2250,1674,187,1929,1490,165,1807,1385,147,Finisher,1000
Quinleigh,Bond,Quinleigh Bond,470,F35-39,Female,Ottawa,Ontario,Canada,CA,1:28:18,7:04:58,5:12:23,0:11:47,0:14:12,14:11:39,5298,25498,18743,707,852,51099,1808,423,42,1485,346,39,2008,469,45,1808,423,42,Finisher,1945
Brady,Vincent,Brady Vincent,1982,M40-44,Male,Rothesay,NB,Canada,CA,1:28:14,6:19:31,5:57:57,0:10:48,0:15:24,14:11:54,5294,22771,21477,648,924,51114,1809,1386,177,1478,1135,132,1502,1206,155,1809,1386,177,Finisher,1000
Christine,Ondro,Christine Ondro,1443,F45-49,Female,Calgary,AB,Canada,CA,1:41:17,6:31:26,5:38:45,0:11:39,0:09:09,14:12:16,6077,23486,20325,699,549,51136,1810,424,61,2069,523,69,1798,397,57,1810,424,61,Finisher,1883
Michael,Liou,Michael Liou,638,M60-64,Male,Hillsborough,CA,United States,US,1:26:17,6:23:32,5:57:15,0:11:38,0:13:37,14:12:19,5177,23012,21435,698,817,51139,1811,1387,49,1339,1040,43,1541,1236,45,1811,1387,49,Finisher,1000
Caitlin,Preston,Caitlin Preston,1163,F35-39,Female,Ottawa,Ontario,Canada,CA,1:37:14,6:54:36,5:12:58,0:15:20,0:12:13,14:12:21,5834,24876,18778,920,733,51141,1812,425,43,1955,474,48,2032,480,46,1812,425,43,Finisher,1936
Anne-Marie,Hurteau,Anne-Marie Hurteau,1187,F40-44,Female,Candiac,QC,Canada,CA,1:32:01,7:00:29,5:14:59,0:14:12,0:10:42,14:12:24,5521,25229,18899,852,642,51144,1813,426,45,1705,405,46,2025,477,51,1813,426,45,Finisher,1000
Martin,Beaucage,Martin Beaucage,2534,M45-49,Male,Gatineau,QC,Canada,CA,1:28:39,6:23:51,5:55:40,0:08:39,0:15:54,14:12:44,5319,23031,21340,519,954,51164,1814,1388,137,1504,1153,100,1536,1233,122,1814,1388,137,Finisher,1000
Mathieu,Payette-Prévost,Mathieu Payette-Prévost,2535,M30-34,Male,Gatineau,QC,Canada,CA,1:21:25,6:41:07,5:46:16,0:11:59,0:11:59,14:12:46,4885,24067,20776,719,719,51166,1815,1389,197,941,735,115,1699,1341,187,1815,1389,197,Finisher,1000
Adam ,Proulx,Adam Proulx,483,M25-29,Male,Ottawa,ON,Canada,CA,1:18:33,7:12:03,5:21:35,0:10:59,0:10:16,14:13:26,4713,25923,19295,659,616,51206,1816,1390,227,746,581,101,1967,1514,235,1816,1390,227,Finisher,1000
Ian,Sutherland,Ian Sutherland,1542,M50-54,Male,Halifax,NS,Canada,CA,1:28:16,6:33:14,5:35:24,0:17:22,0:19:15,14:13:31,5296,23594,20124,1042,1155,51211,1817,1391,148,1480,1137,117,1745,1368,143,1817,1391,148,Finisher,1000
Eric,Patry,Eric Patry,425,M60-64,Male,Gatineau,QC,Canada,CA,1:25:59,6:23:26,5:43:48,0:20:07,0:20:31,14:13:51,5159,23006,20628,1207,1231,51231,1818,1392,50,1318,1022,40,1634,1299,51,1818,1392,50,Finisher,1000
David,Boyette,David Boyette,636,M60-64,Male,Sarasota,FL,United States,US,1:20:53,6:45:59,5:41:45,0:15:42,0:09:38,14:13:57,4853,24359,20505,942,578,51237,1819,1393,51,898,705,23,1785,1395,56,1819,1393,51,Finisher,1000
Andre,Lafreniere,Andre Lafreniere,942,M35-39,Male,Ottawa,ON,Canada,CA,1:46:54,6:44:27,5:17:34,0:11:22,0:13:47,14:14:04,6414,24267,19054,682,827,51244,1820,1394,163,2159,1608,178,1981,1525,170,1820,1394,163,Finisher,1000
Presley,Moyer Hall,Presley Moyer Hall,1377,M18-24,Male,Maple Ridge,BC,Canada,CA,1:20:48,7:05:03,5:33:01,0:08:07,0:08:09,14:15:09,4848,25503,19981,487,489,51309,1821,1395,173,893,700,102,1894,1468,176,1821,1395,173,Finisher,1000
Claude,Hamel,Claude Hamel,2143,M35-39,Male,St-Augustin-de-desmaures ,Quebec,Canada,CA,1:55:52,6:40:34,5:13:29,0:11:08,0:14:15,14:15:18,6952,24034,18809,668,855,51318,1822,1396,164,2246,1671,184,2035,1555,175,1822,1396,164,Finisher,1000
Clara,BALANDREAUD,Clara BALANDREAUD,2465,F30-34,Female,Montréal,Quebec,France,FR,1:17:50,7:33:26,5:04:21,0:11:40,0:08:07,14:15:25,4670,27206,18261,700,487,51325,1823,427,70,685,148,26,2128,517,76,1823,427,70,Finisher,1890
Jose,Gonzalez,Jose Gonzalez,1015,M50-54,Male,Porterville,CA,United States,US,1:44:29,6:38:56,5:31:45,0:09:02,0:11:33,14:15:44,6269,23936,19905,542,693,51344,1824,1397,149,2125,1586,170,1876,1455,157,1824,1397,149,Finisher,1000
Angelo,Ghantous,Angelo Ghantous,2480,M30-34,Male,Montréal,Quebec,Canada,CA,1:40:09,6:53:39,5:21:36,0:09:47,0:10:39,14:15:51,6009,24819,19296,587,639,51351,1825,1398,198,2040,1531,211,1994,1532,209,1825,1398,198,Finisher,1000
Mia,Sams,Mia Sams,2001,F25-29,Female,Thornhill,ON,Canada,CA,1:46:21,6:54:13,5:19:40,0:07:05,0:08:39,14:15:58,6381,24853,19180,425,519,51358,1826,428,82,2152,550,97,2036,481,85,1826,428,82,Finisher,1323
Cassiane,Goulet,Cassiane Goulet,1669,F18-24,Female,Gatineau,QC,Canada,CA,1:26:27,7:23:11,5:11:49,0:06:49,0:07:50,14:16:06,5187,26591,18709,409,470,51366,1827,429,30,1350,303,27,2088,505,35,1827,429,30,Finisher,1000
ernest,chuang,ernest chuang,326,M25-29,Male,Montréal,QC,Canada,CA,1:33:14,6:43:47,5:33:57,0:13:16,0:12:08,14:16:22,5594,24227,20037,796,728,51382,1828,1399,228,1769,1349,224,1856,1442,229,1828,1399,228,Finisher,1000
Mark,Terrado,Mark Terrado,2146,M50-54,Male,Brampton,ON,Philippines,PH,1:48:00,6:26:48,5:41:22,0:07:10,0:13:10,14:16:29,6480,23208,20482,430,790,51389,1829,1400,150,2176,1620,179,1782,1393,148,1829,1400,150,Finisher,1000
Laurent,Matic,Laurent Matic,1337,M50-54,Male,Montréal,QC,Canada,CA,1:29:27,6:48:38,5:34:12,0:16:32,0:08:02,14:16:51,5367,24518,20052,992,482,51411,1830,1401,151,1557,1194,123,1897,1470,160,1830,1401,151,Finisher,1000
Sean,Flynn,Sean Flynn,569,M50-54,Male,Ottawa,ON,Canada,CA,1:45:39,6:27:59,5:21:17,0:22:59,0:19:16,14:17:10,6339,23279,19277,1379,1156,51430,1831,1402,152,2140,1597,173,1911,1476,162,1831,1402,152,Finisher,1000
Héloïse,Paradis,Héloïse Paradis,627,F25-29,Female,Laval,QC,Canada,CA,1:32:30,7:16:21,5:09:32,0:10:30,0:08:25,14:17:17,5550,26181,18572,630,505,51437,1832,430,83,1731,413,80,2106,511,89,1832,430,83,Finisher,1000
Kristin,Zeidler,Kristin Zeidler,2142,F60-64,Female,Toronto,ON,Canada,CA,1:34:26,6:54:07,5:26:12,0:10:58,0:12:11,14:17:53,5666,24847,19572,658,731,51473,1833,431,13,1842,444,16,1944,447,18,1833,431,13,Finisher,1000
Jean-Philippe,Leblanc,Jean-Philippe Leblanc,148,M65-69,Male,Lachine,CA-QC,Canada,CA,1:23:02,6:41:00,5:54:27,0:09:20,0:10:07,14:17:55,4982,24060,21267,560,607,51475,1834,1403,19,1068,827,7,1685,1330,20,1834,1403,19,Finisher,1000
Carrera,Caldwell,Carrera Caldwell,396,F25-29,Female,North Vancouver,BC,Canada,CA,1:23:49,6:35:04,6:05:03,0:07:10,0:07:14,14:18:21,5029,23704,21903,430,434,51501,1835,432,84,1153,264,59,1604,329,67,1835,432,84,Finisher,1000
Thomas,Bourgault,Thomas Bourgault,84,M30-34,Male,Saint-Augustin-de-Desmaures,Quebec,Canada,CA,1:20:30,7:15:04,5:18:48,0:09:46,0:14:15,14:18:23,4830,26104,19128,586,855,51503,1836,1404,199,878,688,104,2013,1542,211,1836,1404,199,Finisher,1000
JEFFREY,GORDON,JEFFREY GORDON,1329,M40-44,Male,Ottawa,ON,Canada,CA,1:38:36,7:20:46,4:56:19,0:11:02,0:12:17,14:19:00,5916,26446,17779,662,737,51540,1837,1405,178,2003,1512,186,2159,1630,199,1837,1405,178,Finisher,1000
Daniel,Churchill,Daniel Churchill,917,M50-54,Male,OSGOODE,ON,Canada,CA,1:25:16,6:10:34,6:12:18,0:15:34,0:15:27,14:19:09,5116,22234,22338,934,927,51549,1838,1406,153,1275,986,100,1399,1130,118,1838,1406,153,Finisher,1000
Brian,Dunn,Brian Dunn,898,M50-54,Male,York,ME,United States,US,1:27:16,7:17:55,4:53:13,0:25:23,0:15:23,14:19:10,5236,26275,17593,1523,923,51550,1839,1407,154,1413,1086,111,2160,1631,186,1839,1407,154,Finisher,1000
Jonathan,Mcstay,Jonathan Mcstay,1127,M35-39,Male,Parksville,BC,United Kingdom,GB,1:41:13,7:00:38,5:21:34,0:07:22,0:09:00,14:19:46,6073,25238,19294,442,540,51586,1840,1408,165,2066,1544,174,2046,1562,176,1840,1408,165,Finisher,1000
John,Weiman,John Weiman,1582,M65-69,Male,montreal,QC,Canada,CA,1:32:17,6:55:23,5:26:01,0:14:26,0:12:12,14:20:20,5537,24923,19561,866,732,51620,1841,1409,20,1722,1313,22,1973,1519,30,1841,1409,20,Finisher,1000
Andrew,Shaw,Andrew Shaw,2082,M35-39,Male,Orangeville,Ontario,Canada,CA,1:51:07,6:57:34,5:12:14,0:09:41,0:09:54,14:20:29,6667,25054,18734,581,594,51629,1842,1410,166,2215,1645,180,2097,1590,178,1842,1410,166,Finisher,1000
Kaitlyn,Barlow,Kaitlyn Barlow,397,F25-29,Female,ILION,New York,United States,US,1:36:33,6:38:28,5:51:53,0:05:27,0:08:15,14:20:37,5793,23908,21113,327,495,51637,1843,433,85,1928,464,87,1765,385,75,1843,433,85,Finisher,1267
Jessie,Hall,Jessie Hall,969,F30-34,Female,Ottawa,ON,Canada,CA,1:24:22,6:40:29,5:58:33,0:08:47,0:09:07,14:21:18,5062,24029,21513,527,547,51678,1844,434,71,1196,272,43,1691,357,57,1844,434,71,Finisher,1000
Jeremy,Close,Jeremy Close,762,M18-24,Male,Ottawa,ON,Canada,CA,1:29:45,6:43:19,5:51:57,0:04:18,0:12:07,14:21:26,5385,24199,21117,258,727,51686,1845,1411,174,1578,1209,155,1723,1355,161,1845,1411,174,Finisher,1000
Brian,Wiersma,Brian Wiersma,430,M65-69,Male,Glenville,NY,United States,US,1:37:50,6:15:22,5:59:32,0:11:03,0:17:40,14:21:27,5870,22522,21572,663,1060,51687,1846,1412,21,1982,1497,27,1581,1260,19,1846,1412,21,Finisher,1000
Mike,Hanson,Mike Hanson,547,M55-59,Male,Aurora,CO,United States,US,1:22:05,6:02:07,6:33:20,0:10:34,0:13:34,14:21:40,4925,21727,23600,634,814,51700,1847,1413,103,994,772,48,1113,933,59,1847,1413,103,Finisher,1000
Kylee ,Hill,Kylee Hill,1297,F25-29,Female,Atlantic Beach ,North Carolina ,United States,US,1:34:13,7:20:10,5:02:31,0:13:14,0:11:38,14:21:46,5653,26410,18151,794,698,51706,1848,435,86,1825,440,84,2145,522,91,1848,435,86,Finisher,1000
Jill,Livingston,Jill Livingston,1724,F55-59,Female,West Hartford,CT,United States,US,1:12:22,7:03:53,5:45:37,0:07:56,0:12:01,14:21:49,4342,25433,20737,476,721,51709,1849,436,23,337,74,4,1794,395,21,1849,436,23,Finisher,1000
Jennifer,Levenick,Jennifer Levenick,1036,F50-54,Female,Burnaby,British Columbia,Canada,CA,1:36:58,6:48:51,5:29:57,0:13:35,0:12:30,14:21:51,5818,24531,19797,815,750,51711,1850,437,62,1947,472,56,1943,446,67,1850,437,62,Finisher,2554
Andre,Golemiec,Andre Golemiec,403,M65-69,Male,Kingston,ON,Canada,CA,1:05:59,6:10:36,6:53:27,0:05:55,0:05:56,14:21:54,3959,22236,24807,355,356,51714,1851,1414,22,95,73,1,905,781,7,1851,1414,22,Finisher,1000
Ryan,Antle,Ryan Antle,600,M35-39,Male,Conception Bay South,CA-NL,Canada,CA,1:12:52,7:01:09,5:53:25,0:05:39,0:09:09,14:22:14,4372,25269,21205,339,549,51734,1852,1415,167,373,295,40,1753,1373,159,1852,1415,167,Finisher,1000
Travis ,Cullen,Travis Cullen,972,M35-39,Male,Carleton Place ,ONTARIO,Canada,CA,1:28:22,6:51:19,5:34:53,0:13:45,0:14:10,14:22:29,5302,24679,20093,825,850,51749,1853,1416,168,1490,1142,138,1885,1462,166,1853,1416,168,Finisher,1000
Jackson,Gaffney,Jackson Gaffney,94,M25-29,Male,Wilmington,Delaware,United States,US,1:34:54,7:28:54,4:57:17,0:12:29,0:09:04,14:22:37,5694,26934,17837,749,544,51757,1854,1417,229,1864,1419,234,2183,1641,242,1854,1417,229,Finisher,1000
Krish,Patel,Krish Patel,1209,M18-24,Male,Saint-laurent,Quebec,Canada,CA,1:21:54,6:46:47,5:57:34,0:10:12,0:06:44,14:23:11,4914,24407,21454,612,404,51791,1855,1418,175,982,763,110,1746,1369,164,1855,1418,175,Finisher,1000
Grant,Thies,Grant Thies,1508,M55-59,Male,Regina,Saskatchewan,Canada,CA,1:28:44,6:47:25,5:40:07,0:13:34,0:13:24,14:23:14,5324,24445,20407,814,804,51794,1856,1419,104,1512,1159,81,1847,1436,114,1856,1419,104,Finisher,1371
Amanda,Domville,Amanda Domville,622,F30-34,Female,Clarence-Rockland,ONTARIO,Canada,CA,1:38:48,6:42:05,5:42:04,0:09:50,0:10:53,14:23:40,5928,24125,20524,590,653,51820,1857,438,72,2006,493,75,1862,416,67,1857,438,72,Finisher,1791
Joseph,Balbona,Joseph Balbona,1191,M50-54,Male,Stittsville,ON,Canada,CA,1:30:15,7:10:17,5:12:57,0:13:39,0:16:49,14:23:57,5415,25817,18777,819,1009,51837,1858,1420,155,1608,1232,127,2075,1577,178,1858,1420,155,Finisher,1000
Anthony,North,Anthony North,2563,M60-64,Male,Paris,ON,Canada,CA,1:37:15,6:58:52,5:25:04,0:11:12,0:11:43,14:24:06,5835,25132,19504,672,703,51846,1859,1421,52,1956,1482,63,2034,1554,68,1859,1421,52,Finisher,2020
Danny,Wong,Danny Wong,1661,M40-44,Male,Scarborough,ON,Canada,CA,1:32:46,7:26:39,4:52:39,0:14:26,0:18:02,14:24:32,5566,26799,17559,866,1082,51872,1860,1422,179,1746,1330,156,2175,1636,200,1860,1422,179,Finisher,1000
Bruno,Lafreniere,Bruno Lafreniere,141,M65-69,Male,Lasalle,ON,Canada,CA,2:13:43,6:52:03,5:05:20,0:06:48,0:06:39,14:24:33,8023,24723,18320,408,399,51873,1861,1423,23,2291,1701,42,2171,1633,38,1861,1423,23,Finisher,2122
Josh,Kral,Josh Kral,1025,M25-29,Male,Ottawa,Ontario,Canada,CA,1:49:29,7:21:52,4:35:46,0:14:13,0:23:20,14:24:40,6569,26512,16546,853,1400,51880,1862,1424,230,2200,1635,250,2227,1665,246,1862,1424,230,Finisher,1000
Brad,Ellis,Brad Ellis,724,M55-59,Male,Olympia,WA,United States,US,1:29:09,5:34:25,7:00:22,0:11:41,0:09:19,14:24:56,5349,20065,25222,701,559,51896,1863,1425,105,1539,1180,84,797,700,42,1863,1425,105,Finisher,1350
Jim,Erbland,Jim Erbland,2279,M40-44,Male,Spencerport,New York,United States,US,1:30:21,7:10:15,5:24:40,0:07:35,0:12:03,14:24:56,5421,25815,19480,455,723,51896,1864,1426,180,1616,1239,140,2040,1558,189,1864,1426,180,Finisher,1000
Chance,MacGregor,Chance MacGregor,1075,M25-29,Male,Kanata,On,Canada,CA,1:24:21,6:29:11,5:58:41,0:20:27,0:12:16,14:24:56,5061,23351,21521,1227,736,51896,1865,1427,231,1194,924,159,1693,1336,218,1865,1427,231,Finisher,1000
Jayden,Spencer,Jayden Spencer,1997,M18-24,Male,Smiths Falls,ON,Canada,CA,1:37:26,6:34:53,5:44:05,0:12:01,0:16:33,14:24:57,5846,23693,20645,721,993,51897,1866,1428,176,1964,1486,185,1797,1401,168,1866,1428,176,Finisher,1000
Ethan,Belo,Ethan Belo,81,M18-24,Male,Toronto,Ontario,Canada,CA,1:34:19,7:18:01,5:10:16,0:11:52,0:10:36,14:25:04,5659,26281,18616,712,636,51904,1867,1429,177,1833,1390,173,2133,1614,191,1867,1429,177,Finisher,1000
Marc,Denault,Marc Denault,1462,M18-24,Male,Ottawa,ON,Canada,CA,1:49:34,6:16:22,5:51:16,0:11:32,0:16:28,14:25:11,6574,22582,21076,692,988,51911,1868,1430,178,2201,1636,198,1724,1356,162,1868,1430,178,Finisher,1000
Rosby,Ablang,Rosby Ablang,1658,M45-49,Male,London,ON,Philippines,PH,1:48:02,7:04:23,5:17:46,0:07:57,0:07:27,14:25:36,6482,25463,19066,477,447,51936,1869,1431,138,2179,1623,155,2110,1597,159,1869,1431,138,Finisher,1000
Evan,Pero,Evan Pero,118,M18-24,Male,BIRMINGHAM,MI,United States,US,1:33:55,6:59:53,5:24:10,0:14:55,0:12:54,14:25:47,5635,25193,19450,895,774,51947,1870,1432,179,1808,1373,171,2043,1560,188,1870,1432,179,Finisher,1000
正己,稲岡,正己 稲岡,848,M75-79,Male,函館市杉並町2-19,JP-01,Japan,JP,1:41:18,6:17:26,5:59:10,0:15:34,0:12:25,14:25:53,6078,22646,21550,934,745,51953,1871,1433,1,2071,1547,2,1697,1339,1,1871,1433,1,Finisher,1000
John Phillip,Virgo,John Phillip Virgo,1851,M25-29,Male,Whitby,Ontario,Canada,CA,1:31:54,6:40:01,5:57:30,0:08:05,0:08:29,14:25:59,5514,24001,21450,485,509,51959,1872,1434,232,1695,1294,218,1759,1376,224,1872,1434,232,Finisher,1000
Sean,Welch,Sean Welch,594,M50-54,Male,Virginia Beach,VIRGINIA,United States,US,1:46:50,6:34:11,5:39:38,0:11:19,0:14:02,14:26:01,6410,23651,20378,679,842,51961,1873,1435,156,2157,1606,175,1875,1454,156,1873,1435,156,Finisher,1284
Chloé,Dionne,Chloé Dionne,729,F18-24,Female,Lachute,QC,Canada,CA,1:36:40,7:19:45,5:06:46,0:11:32,0:11:19,14:26:02,5800,26385,18406,692,679,51962,1874,439,31,1936,468,40,2147,523,37,1874,439,31,Finisher,1000
Bill,Fallisi,Bill Fallisi,1519,M60-64,Male,Salem,NH,United States,US,1:20:25,6:36:55,6:07:17,0:08:41,0:12:59,14:26:17,4825,23815,22037,521,779,51977,1875,1436,53,872,683,21,1603,1275,47,1875,1436,53,Finisher,1000
Zhuo Lin(Allen),Chen,Zhuo Lin(Allen) Chen,1663,M40-44,Male,Toronto,ON,Canada,CA,1:32:59,6:54:57,5:25:27,0:13:54,0:19:03,14:26:20,5579,24897,19527,834,1143,51980,1876,1437,181,1753,1335,158,1969,1516,186,1876,1437,181,Finisher,1000
Daniel,Clarke,Daniel Clarke,891,M25-29,Male,Sarnia,Ontario,Canada,CA,1:01:04,6:20:26,6:55:43,0:05:07,0:04:00,14:26:20,3664,22826,24943,307,240,51980,1877,1438,233,28,22,7,983,839,146,1877,1438,233,Finisher,1000
John,Boudreau,John Boudreau,1932,M40-44,Male,Sydney,NS,Canada,CA,1:23:46,6:42:09,6:01:17,0:09:28,0:09:41,14:26:21,5026,24129,21677,568,581,51981,1878,1439,182,1149,887,102,1710,1349,172,1878,1439,182,Finisher,1000
Mike,Hetherington,Mike Hetherington,1317,M50-54,Male,HALTON HILLS,ON,Canada,CA,1:51:16,7:01:26,5:17:54,0:09:07,0:06:42,14:26:26,6676,25286,19074,547,402,51986,1879,1440,157,2216,1646,184,2125,1609,183,1879,1440,157,Finisher,1000
Julia,Irwin,Julia Irwin,971,F30-34,Female,Ottawa,ON,Canada,CA,1:28:34,6:50:38,5:44:39,0:09:46,0:12:58,14:26:35,5314,24638,20679,586,778,51995,1880,440,73,1500,351,55,1838,409,66,1880,440,73,Finisher,1000
Mathis,Higgins,Mathis Higgins,2518,M18-24,Male,Levis,Québec,Canada,CA,1:57:50,6:33:50,5:41:44,0:05:34,0:07:39,14:26:37,7070,23630,20504,334,459,51997,1881,1441,180,2257,1680,202,1919,1483,178,1881,1441,180,Finisher,1000
Borris,Verdan,Borris Verdan,1132,M50-54,Male,Sewell,NEW JERSEY,Canada,CA,1:34:11,6:57:44,5:28:48,0:16:02,0:09:55,14:26:41,5651,25064,19728,962,595,52001,1882,1442,158,1822,1384,149,2039,1557,175,1882,1442,158,Finisher,1000
Sean,Thornton,Sean Thornton,1564,M30-34,Male,Sittsville,Ontario,Canada,CA,1:32:04,6:50:00,5:47:56,0:08:31,0:08:31,14:27:02,5524,24600,20876,511,511,52022,1883,1443,200,1708,1303,192,1861,1446,200,1883,1443,200,Finisher,1000
Derek,Bushey,Derek Bushey,234,M40-44,Male,East Granby,CT,United States,US,1:24:26,6:19:13,6:26:15,0:07:55,0:09:23,14:27:12,5066,22753,23175,475,563,52032,1884,1444,183,1203,931,106,1403,1134,150,1884,1444,183,Finisher,1157
Becca,Kim,Becca Kim,342,F25-29,Female,Waterloo,Ontario,Canada,CA,1:39:32,7:00:42,5:30:01,0:10:50,0:06:08,14:27:13,5972,25242,19801,650,368,52033,1885,441,87,2021,502,91,2056,488,86,1885,441,87,Finisher,1000
Andy,Comstock,Andy Comstock,843,M60-64,Male,"Sherwood Park,",AB,Canada,CA,1:22:33,6:25:08,6:17:28,0:09:05,0:13:20,14:27:35,4953,23108,22648,545,800,52055,1886,1445,54,1029,797,29,1472,1182,41,1886,1445,54,Finisher,1000
Emily,Dominey,Emily Dominey,914,F35-39,Female,Hamilton,Ontario,Canada,CA,1:29:14,7:11:38,5:24:00,0:09:52,0:12:57,14:27:41,5354,25898,19440,592,777,52061,1887,442,44,1545,362,41,2053,486,47,1887,442,44,Finisher,1000
Patricia,Clifford,Patricia Clifford,1632,F65-69,Female,Rockville,US-MD,United States,US,1:21:31,6:27:22,6:20:30,0:08:32,0:09:55,14:27:51,4891,23242,22830,512,595,52071,1888,443,4,954,211,3,1481,293,2,1888,443,4,Finisher,3944
Sung-Chi,Wu,Sung-Chi Wu,1659,M18-24,Male,Toronto,ON,Taiwan,TW,1:22:30,6:44:42,5:50:51,0:13:22,0:16:38,14:28:03,4950,24282,21051,802,998,52083,1889,1446,181,1026,795,113,1768,1382,165,1889,1446,181,Finisher,1000
James,Rolfe,James Rolfe,601,M50-54,Male,Leicester,LEICESTERSHIRE,United Kingdom,GB,1:27:22,6:02:57,6:42:37,0:07:05,0:08:16,14:28:17,5242,21777,24157,425,496,52097,1890,1447,159,1423,1092,113,1160,966,100,1890,1447,159,Finisher,1000
Steve,Ross,Steve Ross,1253,M55-59,Male,Ottawa,ON,Canada,CA,1:13:44,6:51:23,5:59:20,0:11:28,0:12:30,14:28:25,4424,24683,21560,688,750,52105,1891,1448,106,419,335,18,1718,1352,106,1891,1448,106,Finisher,1000
Elyse,Aucoin,Elyse Aucoin,369,F30-34,Female,Calgary,Alberta,Canada,CA,1:23:50,7:15:27,5:33:09,0:07:24,0:08:57,14:28:47,5030,26127,19989,444,537,52127,1892,444,74,1157,265,41,2024,476,74,1892,444,74,Finisher,1000
Stefan,Boron,Stefan Boron,1924,M30-34,Male,Toronto,Ontario,Canada,CA,1:16:04,6:45:50,6:06:38,0:13:07,0:07:28,14:29:06,4564,24350,21998,787,448,52146,1893,1449,201,561,445,68,1706,1345,188,1893,1449,201,Finisher,1000
Caitlin,TAM,Caitlin TAM,1166,F30-34,Female,Toronto,CA-ON,Canada,CA,1:40:04,7:37:19,4:54:35,0:07:38,0:09:33,14:29:08,6004,27439,17675,458,573,52148,1894,445,75,2036,509,80,2224,560,82,1894,445,75,Finisher,1000
Antonio ,Dias,Antonio Dias,1349,M45-49,Male,Cambridge,ON,Portugal,PT,1:28:44,6:57:13,5:34:02,0:11:30,0:18:12,14:29:41,5324,25033,20042,690,1092,52181,1895,1450,139,1511,1158,101,1924,1486,147,1895,1450,139,Finisher,1000
Matthew,Schuetz,Matthew Schuetz,2040,M25-29,Male,Cincinnati,Ohio,United States,US,1:10:21,6:28:24,6:22:09,0:16:45,0:12:01,14:29:41,4221,23304,22929,1005,721,52181,1896,1451,234,248,190,38,1446,1165,190,1896,1451,234,Finisher,1000
Hannah May,Schuetz,Hannah May Schuetz,2042,F25-29,Female,Cincinnati,OH,United States,US,1:10:21,6:28:24,6:22:10,0:16:46,0:12:00,14:29:41,4221,23304,22930,1006,720,52181,1897,446,88,249,59,18,1447,282,58,1897,446,88,Finisher,1158
Adel,Ratansi,Adel Ratansi,338,M35-39,Male,Markham,ON,Canada,CA,1:43:14,7:11:15,5:07:16,0:13:42,0:14:22,14:29:50,6194,25875,18436,822,862,52190,1898,1452,169,2104,1570,175,2148,1625,179,1898,1452,169,Finisher,1000
Jean-Philippe,Fortin,Jean-Philippe Fortin,1950,M45-49,Male,Lac Beauport,QC,Canada,CA,1:33:59,6:27:24,6:05:05,0:08:55,0:14:28,14:29:51,5639,23244,21905,535,868,52191,1899,1453,140,1812,1376,126,1643,1305,128,1899,1453,140,Finisher,1000
Emily ,Bruno,Emily Bruno,1212,F45-49,Female,KALAMAZOO,MI,United States,US,1:39:38,6:30:17,6:00:47,0:07:37,0:11:49,14:30:09,5978,23417,21647,457,709,52209,1900,447,62,2023,503,67,1728,371,53,1900,447,62,Finisher,1000
Barbara,Beller,Barbara Beller,49,F60-64,Female,Oakville,ON,Canada,CA,1:48:32,6:41:54,5:38:17,0:12:05,0:09:42,14:30:30,6512,24114,20297,725,582,52230,1901,448,14,2187,562,31,1979,456,19,1901,448,14,Finisher,2761
Scott,Daniels,Scott Daniels,1123,M50-54,Male,Nashville,MI,United States,US,1:31:17,6:14:12,6:32:15,0:04:57,0:08:20,14:31:00,5477,22452,23535,297,500,52260,1902,1454,160,1664,1273,134,1380,1118,116,1902,1454,160,Finisher,1224
Doug,Parmiter,Doug Parmiter,624,M35-39,Male,Winnipeg,MB,Canada,CA,1:17:33,6:01:31,6:52:07,0:07:47,0:12:06,14:31:05,4653,21691,24727,467,726,52265,1903,1455,170,670,527,72,985,841,105,1903,1455,170,Finisher,1000
Wendy,Galloway,Wendy Galloway,578,F45-49,Female,Paris,ON,Canada,CA,1:32:57,6:50:11,5:51:34,0:07:20,0:09:12,14:31:16,5577,24611,21094,440,552,52276,1904,449,63,1752,418,55,1859,415,61,1904,449,63,Finisher,1655
Allatt,Summers ,Allatt Summers,426,M30-34,Male,Stockport ,MANCHESTER,United Kingdom,GB,1:41:58,6:35:54,5:51:40,0:08:56,0:12:51,14:31:18,6118,23754,21100,536,771,52278,1905,1456,202,2081,1553,214,1822,1418,196,1905,1456,202,Finisher,1000
Marvin,Dancel,Marvin Dancel,1638,M45-49,Male,Riverside,CA,United States,US,1:27:50,6:51:18,5:51:17,0:08:12,0:12:47,14:31:24,5270,24678,21077,492,767,52284,1906,1457,141,1456,1119,97,1828,1423,136,1906,1457,141,Finisher,1000
Kosuke,Ito,Kosuke Ito,1621,M50-54,Male,Oradell,NJ,Japan,JP,1:22:08,6:41:01,6:00:51,0:17:13,0:10:44,14:31:57,4928,24061,21651,1033,644,52317,1907,1458,161,997,775,75,1762,1379,145,1907,1458,161,Finisher,1000
Pierre M,Lacoste,Pierre M Lacoste,1899,M65-69,Male,Vaudreuil-Dorioin,QC,Canada,CA,1:47:26,6:39:33,5:33:30,0:15:13,0:16:19,14:32:00,6446,23973,20010,913,979,52320,1908,1459,24,2167,1613,35,1976,1521,31,1908,1459,24,Finisher,1000
Jim,Malekos,Jim Malekos,1561,M70-74,Male,Kingston,ON,Canada,CA,1:20:07,6:20:44,6:33:12,0:10:09,0:07:55,14:32:07,4807,22844,23592,609,475,52327,1909,1460,3,843,661,1,1389,1124,2,1909,1460,3,Finisher,1000
Dave,Thouin,Dave Thouin,2049,M30-34,Male,Drummondville,QC,Canada,CA,1:38:13,6:50:11,5:35:51,0:11:42,0:16:11,14:32:08,5893,24611,20151,702,971,52328,1910,1461,203,1991,1504,207,1948,1500,207,1910,1461,203,Finisher,1000
John,Fregonas,John Fregonas,880,M55-59,Male,Richmond Hill,ON,Canada,CA,1:43:56,6:31:31,5:54:41,0:09:01,0:13:01,14:32:11,6236,23491,21281,541,781,52331,1911,1462,107,2118,1580,121,1800,1403,109,1911,1462,107,Finisher,1000
Tammie,Wright,Tammie Wright,1497,F55-59,Female,Eaton Rapids,MI,United States,US,2:16:44,6:26:29,5:25:58,0:11:15,0:12:21,14:32:47,8204,23189,19558,675,741,52367,1912,450,24,2297,593,32,2078,500,28,1912,450,24,Finisher,2722
Rafael,Arns Lessa,Rafael Arns Lessa,2421,M45-49,Male,Brampton,ON,Brazil,BR,1:42:31,6:34:30,5:56:53,0:10:15,0:08:58,14:33:07,6151,23670,21413,615,538,52387,1913,1463,142,2093,1562,146,1826,1421,135,1913,1463,142,Finisher,1000
Eric,Boucher,Eric Boucher,473,M50-54,Male,Kanata,ON,Canada,CA,1:34:56,6:54:58,5:24:57,0:22:05,0:16:38,14:33:34,5696,24898,19497,1325,998,52414,1914,1464,162,1866,1421,153,2062,1571,177,1914,1464,162,Finisher,1000
Benjamin,Weiman,Benjamin Weiman,2218,M18-24,Male,Syracuse,New York,United States,US,1:30:41,6:20:44,6:27:28,0:05:55,0:09:22,14:34:10,5441,22844,23248,355,562,52450,1915,1465,182,1628,1248,162,1480,1188,145,1915,1465,182,Finisher,1000
Julia,O'Loughlin,Julia O'Loughlin,345,F25-29,Female,Brookeville,MD,United States,US,1:29:11,7:49:36,4:54:38,0:10:51,0:10:01,14:34:16,5351,28176,17678,651,601,52456,1916,451,89,1541,361,71,2242,568,95,1916,451,89,Finisher,1000
Ariane,Lessard,Ariane Lessard,738,F35-39,Female,Gatineau,Quebec,Canada,CA,1:34:00,6:41:36,5:48:48,0:10:29,0:19:37,14:34:30,5640,24096,20928,629,1177,52470,1917,452,45,1814,437,44,1814,401,39,1917,452,45,Finisher,1671
Guilherme,Brondi,Guilherme Brondi,446,M40-44,Male,Kitchener,ON,Brazil,BR,1:26:23,6:59:30,5:44:11,0:11:22,0:13:19,14:34:46,5183,25170,20651,682,799,52486,1918,1466,184,1348,1046,115,1921,1485,184,1918,1466,184,Finisher,1000
Savannah,Ottley,Savannah Ottley,1375,F18-24,Female,Saratoga Springs,UT,United States,US,1:41:06,7:33:36,5:04:40,0:07:25,0:08:31,14:35:19,6066,27216,18280,445,511,52519,1919,453,32,2062,520,42,2209,554,42,1919,453,32,Finisher,2432
James,Cook,James Cook,566,M55-59,Male,long branch,NJ,United States,US,1:32:12,6:04:19,6:40:31,0:09:27,0:08:53,14:35:22,5532,21859,24031,567,533,52522,1920,1467,108,1717,1310,92,1310,1078,77,1920,1467,108,Finisher,1225
Jacob,Dugas,Jacob Dugas,533,M18-24,Male,Québec,Quebec,Canada,CA,1:24:42,6:53:24,5:55:16,0:07:28,0:14:35,14:35:26,5082,24804,21316,448,875,52526,1921,1468,183,1234,955,131,1810,1412,170,1921,1468,183,Finisher,1000
Mars,Nienhuis,Mars Nienhuis,1455,F30-34,Female,Ottawa,ON,Netherlands,NL,1:07:05,6:45:31,6:21:43,0:09:08,0:12:21,14:35:48,4025,24331,22903,548,741,52548,1922,454,76,126,27,6,1547,307,49,1922,454,76,Finisher,1000
Josh,Robins,Josh Robins,1789,M25-29,Male,Toronto,ONTARIO,Canada,CA,1:30:01,7:07:44,5:38:59,0:11:33,0:07:33,14:35:51,5401,25664,20339,693,453,52551,1923,1469,235,1597,1225,206,2047,1563,238,1923,1469,235,Finisher,1000
Danielle,Dube,Danielle Dube,527,F50-54,Female,Orleans,ON,Canada,CA,1:37:45,6:16:06,6:16:01,0:12:09,0:14:58,14:36:59,5865,22566,22561,729,898,52619,1924,455,63,1978,484,58,1602,328,39,1924,455,63,Finisher,2372
Austin,Seibert,Austin Seibert,2432,M30-34,Male,FREEDOM,PA,United States,US,1:21:29,6:46:40,6:08:09,0:11:59,0:08:50,14:37:08,4889,24400,22089,719,530,52628,1925,1470,204,948,740,116,1760,1377,190,1925,1470,204,Finisher,1000
Yosuke,Ishida,Yosuke Ishida,2312,M35-39,Male,Westfield,IN,Japan,JP,1:36:32,6:42:10,5:54:39,0:10:55,0:13:06,14:37:23,5792,24130,21279,655,786,52643,1926,1471,171,1927,1464,166,1846,1435,164,1926,1471,171,Finisher,1000
Nick,Gandotra,Nick Gandotra,1909,M30-34,Male,Toronto,Ontario,Canada,CA,1:34:50,7:08:05,5:14:52,0:21:28,0:18:19,14:37:34,5690,25685,18892,1288,1099,52654,1927,1472,205,1861,1416,202,2135,1616,215,1927,1472,205,Finisher,1000
Claude,Brisebois,Claude Brisebois,1677,M60-64,Male,Mascouche,QC,Canada,CA,1:44:51,6:36:21,5:53:31,0:10:55,0:12:36,14:38:15,6291,23781,21211,655,756,52695,1928,1473,55,2130,1590,71,1874,1453,61,1928,1473,55,Finisher,1000
Amy,Rosen,Amy Rosen,1670,F60-64,,Swampscott,MA,United States,US,1:13:02,6:39:40,6:24:40,0:09:45,0:11:26,14:38:32,4382,23980,23080,585,686,52712,1929,456,15,380,79,1,1558,312,10,1929,456,15,Finisher,1000
Richard,Ballance,Richard Ballance,1523,M65-69,Male,Carleton Place,Ontario,Canada,CA,1:49:00,6:35:27,5:43:05,0:12:15,0:18:49,14:38:36,6540,23727,20585,735,1129,52716,1930,1474,25,2194,1630,36,1912,1477,28,1930,1474,25,Finisher,1000
Andrew,Espiritu,Andrew Espiritu,2496,M50-54,Male,Niagara Falls,ON,Philippines,PH,1:50:31,6:50:07,5:44:38,0:06:11,0:07:09,14:38:37,6631,24607,20678,371,429,52717,1931,1475,163,2210,1643,183,2027,1550,174,1931,1475,163,Finisher,1000
Akiyo,Nonaka,Akiyo Nonaka,365,M50-54,Male,Meguro-ku,Tokyo Prefecture,Japan,JP,1:38:20,6:50:43,5:44:56,0:11:17,0:13:23,14:38:39,5900,24643,20696,677,803,52719,1932,1476,164,1997,1508,163,1950,1501,167,1932,1476,164,Finisher,1000
Alessandro,Mone,Alessandro Mone,1795,M50-54,Male,Montreal,QC,Canada,CA,1:44:50,6:33:22,5:46:45,0:16:28,0:17:15,14:38:41,6290,23602,20805,988,1035,52721,1933,1477,165,2129,1589,171,1898,1471,161,1933,1477,165,Finisher,1000
Natalie,Bradley,Natalie Bradley,1012,F40-44,Female,Little Britain,ON,Canada,CA,1:27:04,7:08:47,5:39:42,0:11:55,0:11:28,14:38:56,5224,25727,20382,715,688,52736,1934,457,46,1390,322,39,2038,482,52,1934,457,46,Finisher,1000
Adrian,Brett,Adrian Brett,619,M40-44,Male,Sidney,BC,Canada,CA,1:27:11,7:07:08,5:20:13,0:16:01,0:28:36,14:39:10,5231,25628,19213,961,1716,52750,1935,1478,185,1399,1074,120,2051,1567,190,1935,1478,185,Finisher,1000
Kim,Cauley,Kim Cauley,1877,F55-59,Female,Elizabethtown,Ontario,Canada,CA,1:26:21,6:23:43,6:32:42,0:06:36,0:10:15,14:39:37,5181,23023,23562,396,615,52777,1936,458,25,1345,302,16,1471,290,20,1936,458,25,Finisher,1000
Nicole,Wright,Nicole Wright,904,F45-49,Female,MAPLE VALLEY,WA,United States,US,1:28:28,7:20:56,5:26:31,0:11:30,0:12:30,14:39:54,5308,26456,19591,690,750,52794,1937,459,64,1496,350,45,2119,515,73,1937,459,64,Finisher,1000
Bryan,Garcia,Bryan Garcia,886,M40-44,Male,SEAFORD,NY,United States,US,1:32:47,6:45:32,5:49:47,0:12:15,0:19:58,14:40:17,5567,24332,20987,735,1198,52817,1938,1479,186,1747,1331,157,1860,1445,182,1938,1479,186,Finisher,1000
Luis,Rendon,Luis Rendon,1553,M30-34,Male,Laval,Quebec,Dominican Republic,DO,1:45:55,7:20:37,5:09:57,0:12:32,0:11:29,14:40:29,6355,26437,18597,752,689,52829,1939,1480,206,2144,1599,218,2195,1648,218,1939,1480,206,Finisher,1000
Hannah,Kallmeyer,Hannah Kallmeyer,535,F18-24,Female,Cleves,OHIO,United States,US,1:17:56,7:20:31,5:49:00,0:06:38,0:06:33,14:40:38,4676,26431,20940,398,393,52838,1940,460,33,693,150,11,2009,470,30,1940,460,33,Finisher,2368
Sandra,Hawryluk,Sandra Hawryluk,466,F60-64,Female,Calgary,AB,Canada,CA,1:37:29,6:28:49,6:25:00,0:04:47,0:04:48,14:40:52,5849,23329,23100,287,288,52852,1941,461,16,1966,479,20,1652,340,12,1941,461,16,Finisher,2637
Isabelle,Leclair,Isabelle Leclair,811,F40-44,Female,Laval,QC,Canada,CA,1:24:33,6:44:23,6:09:44,0:10:52,0:11:29,14:41:01,5073,24263,22184,652,689,52861,1942,462,47,1217,276,28,1757,382,38,1942,462,47,Finisher,1000
Ed,Castner,Ed Castner,45,M55-59,Male,Babcock Ranch,FL,United States,US,1:46:05,6:47:18,5:53:24,0:08:28,0:06:21,14:41:36,6365,24438,21204,508,381,52896,1943,1481,109,2146,1601,126,1970,1517,119,1943,1481,109,Finisher,1000
Justin,Schutmaat,Justin Schutmaat,1547,M40-44,Male,Saugatuck,MI,United States,US,1:34:57,6:30:10,6:21:32,0:07:40,0:07:18,14:41:37,5697,23410,22892,460,438,52897,1944,1482,187,1867,1422,169,1675,1325,167,1944,1482,187,Finisher,1000
Paul,Devlin,Paul Devlin,1634,M30-34,Male,Orleans,ON,Canada,CA,1:35:42,6:48:12,5:58:00,0:05:54,0:14:10,14:41:59,5742,24492,21480,354,850,52919,1945,1483,207,1893,1439,204,1850,1438,199,1945,1483,207,Finisher,1000
Annabelle,Mineault,Annabelle Mineault,418,F50-54,Female,Orléans,ON,Canada,CA,1:21:19,6:12:10,6:48:49,0:08:36,0:11:04,14:41:59,4879,22330,24529,516,664,52919,1946,463,64,935,203,19,1238,216,24,1946,463,64,Finisher,1000
Steve,Ingram,Steve Ingram,2184,M55-59,Male,Penetanguishene ,ON,Canada,CA,1:29:59,6:24:31,6:28:26,0:08:00,0:11:15,14:42:12,5399,23071,23306,480,675,52932,1947,1484,110,1595,1223,87,1560,1247,93,1947,1484,110,Finisher,1000
Peter,Uguccioni,Peter Uguccioni,1322,M60-64,Male,Ottawa,ON,Canada,CA,1:23:33,6:46:31,6:01:36,0:14:25,0:16:23,14:42:28,5013,24391,21696,865,983,52948,1948,1485,56,1123,869,35,1801,1404,58,1948,1485,56,Finisher,1000
Kathryn,Murphy,Kathryn Murphy,116,F35-39,Female,Worcester,MA,United States,US,1:16:16,7:05:19,6:12:05,0:05:01,0:03:49,14:42:31,4576,25519,22325,301,229,52951,1949,464,46,573,120,19,1820,404,40,1949,464,46,Finisher,1574
Ben,Shkwarok,Ben Shkwarok,1448,M25-29,Male,Kelowna ,Bc,Canada,CA,1:32:41,6:38:23,6:13:47,0:06:59,0:10:42,14:42:32,5561,23903,22427,419,642,52952,1950,1486,236,1740,1327,222,1732,1359,220,1950,1486,236,Finisher,1000
Andrea,Foster,Andrea Foster,394,F40-44,Female,Milton,ON,Canada,CA,1:26:28,7:02:52,5:54:37,0:09:19,0:09:35,14:42:51,5188,25372,21277,559,575,52971,1951,465,48,1351,304,35,1939,443,44,1951,465,48,Finisher,1000
Peng Nian,Li,Peng Nian Li,1401,M65-69,Male,NORTH VANCOUVER,BC,Canada,CA,2:01:55,6:40:29,5:39:37,0:10:51,0:10:05,14:42:58,7315,24029,20377,651,605,52978,1952,1487,26,2269,1689,40,2070,1573,35,1952,1487,26,Finisher,1000
Aaron,Horton,Aaron Horton,1475,M40-44,Male,Lewisville,NC,United States,US,1:24:14,7:05:34,5:45:33,0:16:58,0:10:40,14:43:00,5054,25534,20733,1018,640,52980,1953,1488,188,1187,918,104,2026,1549,188,1953,1488,188,Finisher,1000
Chris,Robertson,Chris Robertson,1665,M50-54,Male,Kitchener,ON,Canada,CA,1:33:43,6:59:35,5:48:51,0:08:58,0:11:54,14:43:01,5623,25175,20931,538,714,52981,1954,1489,166,1793,1365,146,1977,1522,171,1954,1489,166,Finisher,1000
Albert,Trowbridge,Albert Trowbridge,2140,M50-54,Male,Drayton,ON,Canada,CA,1:36:22,6:00:08,6:38:23,0:09:00,0:19:18,14:43:12,5782,21608,23903,540,1158,52992,1955,1490,167,1919,1458,157,1300,1069,110,1955,1490,167,Finisher,1000
Sasha,Holbrook,Sasha Holbrook,99,F18-24,Female,Victoria,British Columbia,Canada,CA,1:50:46,7:15:26,5:20:49,0:09:04,0:07:17,14:43:21,6646,26126,19249,544,437,53001,1956,466,34,2214,570,43,2178,541,39,1956,466,34,Finisher,1000
James,Maclean,James Maclean,1083,M55-59,Male,Barrie,ON,Canada,CA,1:42:10,5:58:20,6:36:48,0:09:04,0:17:07,14:43:29,6130,21500,23808,544,1027,53009,1957,1491,111,2086,1557,119,1369,1113,80,1957,1491,111,Finisher,1000
Jackie,King,Jackie King,2453,F25-29,Female,Toronto,ON,Canada,CA,1:27:11,7:30:21,5:26:10,0:11:37,0:08:13,14:43:31,5231,27021,19570,697,493,53011,1958,467,90,1398,325,66,2153,526,92,1958,467,90,Finisher,1000
Gihad,Abdelhamid,Gihad Abdelhamid,324,M45-49,Male,Oakville,ON,Canada,CA,1:34:49,7:11:43,5:37:23,0:09:33,0:10:04,14:43:31,5689,25903,20243,573,604,53011,1959,1492,143,1859,1414,134,2084,1581,157,1959,1492,143,Finisher,1000
Wendy,Rockafellow,Wendy Rockafellow,808,F65-69,Female,Windermere,BC,Canada,CA,1:20:37,6:46:26,6:16:14,0:10:53,0:09:24,14:43:33,4837,24386,22574,653,564,53013,1960,468,5,885,192,2,1730,372,4,1960,468,5,Finisher,1000
Richard,Trimon,Richard Trimon,1291,M40-44,Male,Oranjestad,Oranjestad,Aruba,AW,1:36:26,6:09:21,6:25:36,0:14:07,0:18:05,14:43:35,5786,22161,23136,847,1085,53015,1961,1493,189,1923,1460,178,1513,1215,157,1961,1493,189,Finisher,1000
Nancy,Fleming,Nancy Fleming,657,F65-69,Female,Kanata,ON,Canada,CA,1:33:51,6:50:39,5:52:55,0:11:41,0:14:31,14:43:36,5631,24639,21175,701,871,53016,1962,469,6,1803,433,8,1906,433,7,1962,469,6,Finisher,1000
Andrzej,Szurkowski,Andrzej Szurkowski,1119,M65-69,Male,Katowice,,Poland,PL,2:00:00,6:34:17,5:52:20,0:08:46,0:08:28,14:43:51,7200,23657,21140,526,508,53031,1963,1494,27,2264,1685,39,1985,1527,33,1963,1494,27,Finisher,1000
Hugo,Lavoie,Hugo Lavoie,789,M45-49,Male,Salaberry-de-Valleyfield ,QC,Canada,CA,1:31:05,6:48:35,5:58:20,0:13:51,0:12:17,14:44:08,5465,24515,21500,831,737,53048,1964,1495,144,1654,1269,115,1886,1463,142,1964,1495,144,Finisher,1000
Mike,Giles,Mike Giles,561,M65-69,Male,Ottawa,ON,Canada,CA,1:19:19,6:40:40,6:16:50,0:14:51,0:12:55,14:44:35,4759,24040,22610,891,775,53075,1965,1496,28,792,620,3,1701,1342,21,1965,1496,28,Finisher,1000
Sydney,Chinchana,Sydney Chinchana,1279,F40-44,Female,RICHFIELD,OH,United States,US,1:39:57,6:50:29,5:55:29,0:08:26,0:10:18,14:44:39,5997,24629,21329,506,618,53079,1966,470,49,2030,506,57,1940,444,45,1966,470,49,Finisher,1000
Benoit,Duchon,Benoit Duchon,1213,M45-49,Male,Toronto,ON,Canada,CA,1:25:33,7:08:13,5:37:04,0:17:07,0:17:25,14:45:23,5133,25693,20224,1027,1045,53123,1967,1497,145,1291,998,87,2055,1568,156,1967,1497,145,Finisher,1000
Paul,Rolanti,Paul Rolanti,742,M50-54,Male,Milford,NH,United States,US,1:32:00,6:52:35,5:52:38,0:12:26,0:17:21,14:47:00,5520,24755,21158,746,1041,53220,1968,1498,168,1703,1299,137,1917,1481,163,1968,1498,168,Finisher,1000
David,Taylor,David Taylor,1487,M55-59,Male,Scarborough,ON,Canada,CA,1:33:02,7:02:57,5:58:41,0:04:44,0:08:24,14:47:48,5582,25377,21521,284,504,53268,1969,1499,112,1759,1340,94,1955,1505,117,1969,1499,112,Finisher,1000
Evan,Knox,Evan Knox,826,M30-34,Male,Ottawa,ON,Canada,CA,1:34:44,6:52:27,5:52:01,0:14:56,0:13:40,14:47:48,5684,24747,21121,896,820,53268,1970,1500,208,1854,1410,201,1974,1520,208,1970,1500,208,Finisher,1000
Julia,Viola,Julia Viola,1972,F35-39,Female,Clearview,ON,Canada,CA,1:35:31,6:59:57,5:43:24,0:16:32,0:12:53,14:48:17,5731,25197,20604,992,773,53297,1971,471,47,1887,454,47,2063,492,48,1971,471,47,Finisher,1000
Andy,Garrow,Andy Garrow,793,M45-49,Male,Ottawa,ON,Canada,CA,1:54:52,6:37:01,5:57:49,0:09:25,0:09:11,14:48:18,6892,23821,21469,565,551,53298,1972,1501,146,2235,1662,159,1961,1510,150,1972,1501,146,Finisher,1000
Caitlin,Lazo,Caitlin Lazo,1390,F40-44,Female,HGHLNDS RANCH,CO,United States,US,1:15:49,7:20:10,5:57:31,0:07:38,0:07:26,14:48:35,4549,26410,21451,458,446,53315,1973,472,50,542,115,12,1995,463,49,1973,472,50,Finisher,1000
Rachel,Gallupe,Rachel Gallupe,1769,F45-49,Female,Whitby,ON,Canada,CA,1:45:30,6:43:32,6:03:23,0:08:13,0:08:21,14:48:59,6330,24212,21803,493,501,53339,1974,473,65,2138,543,72,1922,437,63,1974,473,65,Finisher,1000
Sarah,Ragbir,Sarah Ragbir,2522,F18-24,Female,guelph,ON,Canada,CA,2:15:14,7:32:29,4:50:08,0:06:10,0:04:58,14:48:59,8114,27149,17408,370,298,53339,1975,474,35,2295,592,44,2284,586,44,1975,474,35,Finisher,1000
Abbey,Kutyma,Abbey Kutyma,524,F18-24,Female,Ottawa,ON,Canada,CA,1:28:21,7:17:07,5:48:18,0:06:37,0:08:52,14:49:14,5301,26227,20898,397,532,53354,1976,475,36,1489,348,30,2065,494,34,1976,475,36,Finisher,2265
Taimur ,Ghaznavi,Taimur Ghaznavi,1117,M45-49,Male,Orléans,ON,Canada,CA,1:35:24,6:42:27,6:05:35,0:12:31,0:14:10,14:50:07,5724,24147,21935,751,850,53407,1977,1502,147,1883,1431,136,1858,1444,140,1977,1502,147,Finisher,1000
Angela,Arnold,Angela Arnold,1162,F55-59,Female,Regina,SK,Canada,CA,1:31:30,6:58:07,5:50:14,0:10:31,0:20:05,14:50:27,5490,25087,21014,631,1205,53427,1978,476,26,1676,396,24,1949,449,25,1978,476,26,Finisher,1000
Casey,Compton Labonte,Casey Compton Labonte,669,F50-54,Female,Edmonton,AB,Canada,CA,1:42:28,7:01:16,5:48:07,0:08:19,0:10:19,14:50:29,6148,25276,20887,499,619,53429,1979,477,65,2091,531,67,2064,493,71,1979,477,65,Finisher,1000
Bupa,Zhang,Bupa Zhang,1029,M18-24,Male,Ottawa,Ontario,Canada,CA,1:57:26,7:03:35,5:31:03,0:07:27,0:11:03,14:50:35,7046,25415,19863,447,663,53435,1980,1503,184,2254,1677,201,2149,1626,193,1980,1503,184,Finisher,1000
Edmund Seng Kee,Chan,Edmund Seng Kee Chan,1325,M45-49,Male,Kuala Lumpur,Kuala Lumpur,Malaysia,MY,1:34:26,6:47:31,5:58:48,0:14:39,0:15:55,14:51:18,5666,24451,21528,879,955,53478,1981,1504,148,1841,1398,131,1910,1475,145,1981,1504,148,Finisher,1000
Badamjunaa,Erdenetsetseg,Badamjunaa Erdenetsetseg,878,M25-29,Male,Burnaby,BC,Mongolia,MN,1:21:54,6:33:58,6:27:06,0:09:52,0:18:41,14:51:31,4914,23638,23226,592,1121,53491,1982,1505,237,983,764,135,1597,1272,206,1982,1505,237,Finisher,1000
Phil,Cousineau,Phil Cousineau,420,M45-49,Male,Ottawa,ON,Canada,CA,1:34:26,6:49:38,6:00:11,0:12:51,0:14:35,14:51:42,5666,24578,21611,771,875,53502,1983,1506,149,1843,1399,132,1915,1480,146,1983,1506,149,Finisher,1000
Michele,Younan,Michele Younan,681,F18-24,Female,Mount Royal,QC,Canada,CA,1:24:22,7:14:51,5:53:30,0:07:51,0:11:12,14:51:46,5062,26091,21210,471,672,53506,1984,478,37,1195,271,21,2030,478,32,1984,478,37,Finisher,1000
Ben,Etienne,Ben Etienne,2061,M30-34,Male,Waterloo,ON,Canada,CA,1:19:35,7:08:03,6:03:05,0:12:00,0:09:14,14:51:57,4775,25683,21785,720,554,53517,1985,1507,209,815,638,94,1945,1498,206,1985,1507,209,Finisher,1000
Sebastien,Paul-Hus,Sebastien Paul-Hus,2170,M45-49,Male,Sorel-tracy,QC,Canada,CA,1:28:55,6:19:51,6:44:26,0:08:27,0:11:11,14:52:50,5335,22791,24266,507,671,53570,1986,1508,150,1524,1167,103,1479,1187,118,1986,1508,150,Finisher,1000
Chance,Fox,Chance Fox,449,M55-59,Male,Glasgow,KY,United States,US,1:48:56,5:53:38,6:41:05,0:16:38,0:12:37,14:52:53,6536,21218,24065,998,757,53573,1987,1509,113,2193,1629,128,1508,1211,91,1987,1509,113,Finisher,1000
Sherri,Fox,Sherri Fox,448,F50-54,Female,Glasgow,KY,United States,US,1:35:18,6:17:01,6:41:58,0:11:27,0:07:12,14:52:56,5718,22621,24118,687,432,53576,1988,479,66,1879,451,53,1574,319,37,1988,479,66,Finisher,1000
Chloe,Graham,Chloe Graham,452,F25-29,Female,Ottawa,ON,Canada,CA,1:33:32,7:14:00,5:49:23,0:06:55,0:09:42,14:53:33,5612,26040,20963,415,582,53613,1989,480,91,1784,426,82,2077,499,87,1989,480,91,Finisher,1000
Philip,Bui,Philip Bui,2194,M25-29,Male,sherbrooke,QC,Canada,CA,1:28:54,7:17:19,5:35:25,0:14:14,0:17:47,14:53:38,5334,26239,20125,854,1067,53618,1990,1510,238,1520,1164,195,2112,1599,239,1990,1510,238,Finisher,1000
Nadim,Elfangary,Nadim Elfangary,2615,M30-34,Male,Montreal,QC,Canada,CA,1:29:49,6:33:14,6:16:49,0:17:05,0:16:41,14:53:38,5389,23594,22609,1025,1001,53618,1991,1511,210,1583,1214,184,1761,1378,191,1991,1511,210,Finisher,1000
Tatiana,Perez,Tatiana Perez,1305,F45-49,Female,Salvador,Bahia,Brazil,BR,1:35:48,7:01:26,6:02:23,0:08:13,0:06:30,14:54:19,5748,25286,21743,493,390,53659,1992,481,66,1896,455,62,2014,472,67,1992,481,66,Finisher,1000
Annabelle,Elliott,Annabelle Elliott,1219,F18-24,Female,Toronto,ON,Canada,CA,1:31:10,7:08:53,5:56:18,0:10:48,0:07:19,14:54:28,5470,25733,21378,648,439,53668,1993,482,38,1656,387,34,2054,487,33,1993,482,38,Finisher,1000
Ashley,Evans,Ashley Evans,52,F40-44,Female,Centennial,CO,United States,US,1:26:41,6:24:36,6:39:39,0:12:14,0:11:31,14:54:42,5201,23076,23979,734,691,53682,1994,483,51,1367,311,36,1572,317,34,1994,483,51,Finisher,1000
John-Charles,Cary,John-Charles Cary,1200,M45-49,Male,Lachine,QC,Canada,CA,1:32:32,7:28:55,5:13:21,0:16:02,0:23:54,14:54:43,5552,26935,18801,962,1434,53683,1995,1512,151,1734,1321,120,2190,1645,160,1995,1512,151,Finisher,1000
Mike,Baldesarra,Mike Baldesarra,357,M50-54,Male,King City,Ontario,Canada,CA,1:32:08,6:45:30,6:08:42,0:14:21,0:14:06,14:54:48,5528,24330,22122,861,846,53688,1996,1513,169,1715,1308,139,1873,1452,155,1996,1513,169,Finisher,1000
Leann,Parmenter,Leann Parmenter,2280,F60-64,Female,North East,PA,United States,US,1:45:27,6:59:00,5:43:25,0:11:56,0:15:01,14:54:48,6327,25140,20605,716,901,53688,1997,484,17,2137,542,29,2087,504,25,1997,484,17,Finisher,1000
William,Davis,William Davis,2505,M40-44,Male,Mississauga,ON,Canada,CA,1:42:21,7:08:46,5:25:47,0:18:16,0:19:48,14:54:58,6141,25726,19547,1096,1188,53698,1998,1514,190,2089,1559,194,2155,1628,198,1998,1514,190,Finisher,1000
Dong Yuan,Chen,Dong Yuan Chen,1959,M25-29,Male,Toronto,ON,Canada,CA,1:24:37,7:06:08,6:03:31,0:11:31,0:10:35,14:56:22,5077,25568,21811,691,635,53782,1999,1515,239,1225,947,164,1978,1523,237,1999,1515,239,Finisher,1000
Moussa,Tawakol,Moussa Tawakol,1040,M18-24,Male,Ottawa,Ontario,State of Palestine,PS,1:33:35,6:57:45,6:10:51,0:07:12,0:07:14,14:56:36,5615,25065,22251,432,434,53796,2000,1516,185,1788,1361,168,1938,1496,180,2000,1516,185,Finisher,1000
Chris,Carlson,Chris Carlson,2189,M40-44,Male,LIVONIA,MI,United States,US,1:24:24,7:05:44,6:05:10,0:10:31,0:11:01,14:56:50,5064,25544,21910,631,661,53810,2001,1517,191,1199,927,105,1953,1503,185,2001,1517,191,Finisher,1000
James,Carbone,James Carbone,1510,M18-24,Male,St. Albert,Alberta,Canada,CA,1:36:52,6:56:17,6:02:20,0:10:01,0:11:31,14:57:02,5812,24977,21740,601,691,53822,2002,1518,186,1943,1472,183,1988,1528,183,2002,1518,186,Finisher,1000
Andrei,Romanenco,Andrei Romanenco,319,M45-49,Male,North York,ON,Canada,CA,1:44:28,6:09:41,6:33:41,0:13:25,0:16:18,14:57:31,6268,22181,23621,805,978,53851,2003,1519,152,2124,1585,148,1617,1286,126,2003,1519,152,Finisher,1000
Cameron,Woo,Cameron Woo,2294,M25-29,Male,Toronto,Ontario,Canada,CA,1:43:00,8:01:17,4:58:52,0:08:33,0:06:02,14:57:44,6180,28877,17932,513,362,53864,2004,1520,240,2102,1569,244,2282,1697,253,2004,1520,240,Finisher,1000
Linda,Fischer,Linda Fischer,2248,F60-64,Female,Toronto,ON,Canada,CA,1:26:52,6:44:38,6:15:42,0:15:39,0:14:54,14:57:44,5212,24278,22542,939,894,53864,2005,485,18,1380,316,6,1825,405,15,2005,485,18,Finisher,1000
Jonathan,Tepper,Jonathan Tepper,2386,M55-59,Male,Toronto,ON,Canada,CA,1:20:44,6:28:52,6:35:14,0:14:59,0:17:56,14:57:47,4844,23332,23714,899,1076,53867,2006,1521,114,889,696,44,1583,1261,97,2006,1521,114,Finisher,1000
Amer,Juntado,Amer Juntado,907,M35-39,Male,Queens Village,NY,United States,US,1:15:03,6:41:45,6:42:28,0:05:52,0:12:57,14:58:05,4503,24105,24148,352,777,53885,2007,1522,172,496,390,53,1563,1249,147,2007,1522,172,Finisher,1000
Judah,Dal Cais,Judah Dal Cais,1420,M60-64,Male,Arlington,VA,United States,US,1:43:18,6:41:20,5:59:40,0:16:41,0:17:07,14:58:05,6198,24080,21580,1001,1027,53885,2008,1523,57,2105,1571,70,1962,1511,65,2008,1523,57,Finisher,1000
Kevyn,F Thouin,Kevyn F Thouin,2051,M35-39,Male,Drummondville,QC,Canada,CA,1:50:12,6:46:47,5:58:15,0:10:18,0:12:44,14:58:16,6612,24407,21495,618,764,53896,2009,1524,173,2207,1641,179,2033,1553,174,2009,1524,173,Finisher,1000
Louise,Marasco,Louise Marasco,2277,F55-59,Female,Portland,OR,United States,US,1:41:00,7:14:18,5:42:34,0:08:38,0:11:57,14:58:27,6060,26058,20554,518,717,53907,2010,486,27,2057,519,29,2131,519,30,2010,486,27,Finisher,2414
Sue,Watson,Sue Watson,422,F65-69,Female,Rothesay,NB,Canada,CA,1:13:28,6:15:48,7:06:48,0:11:20,0:11:42,14:59:05,4408,22548,25608,680,702,53945,2011,487,7,406,84,1,1215,212,1,2011,487,7,Finisher,1000
Charles,Drouin,Charles Drouin,2242,M40-44,Male,Saint-Jerome,QC,Canada,CA,1:31:00,6:50:32,6:18:46,0:08:24,0:10:57,14:59:39,5460,24632,22726,504,657,53979,2012,1525,192,1647,1263,147,1852,1440,181,2012,1525,192,Finisher,1000
Celine,Mitchell,Celine Mitchell,733,F30-34,Female,Nepean,ON,United Kingdom,GB,1:38:49,6:55:26,6:06:03,0:09:41,0:09:58,14:59:56,5929,24926,21963,581,598,53996,2013,488,77,2007,494,76,2000,465,73,2013,488,77,Finisher,1000
Marian,Tran,Marian Tran,1745,F18-24,Female,Ottawa,Ontario,Canada,CA,1:31:31,6:57:46,6:08:37,0:12:41,0:09:41,15:00:17,5491,25066,22117,761,581,54017,2014,489,39,1678,398,36,1972,454,28,2014,489,39,Finisher,1000
Nathan,Smith,Nathan Smith,2229,M25-29,Male,Kingston,Ontario,Canada,CA,1:42:33,7:39:30,5:21:59,0:08:09,0:08:09,15:00:19,6153,27570,19319,489,489,54019,2015,1526,241,2094,1563,243,2244,1676,248,2015,1526,241,Finisher,1000
Athena,Quitevis,Athena Quitevis,774,F60-64,Female,Ottawa,ON,Canada,CA,1:29:59,6:42:09,6:29:14,0:09:15,0:09:56,15:00:34,5399,24129,23354,555,596,54034,2016,490,19,1594,372,11,1777,388,14,2016,490,19,Finisher,1000
Ben,Berger,Ben Berger,2374,M30-34,,Oromocto,NS,Canada,CA,1:48:37,7:31:20,5:25:41,0:07:17,0:07:45,15:00:40,6517,27080,19541,437,465,54040,2017,1527,211,2190,1627,220,2232,1667,222,2017,1527,211,Finisher,1000
Matthew,Krieger,Matthew Krieger,1444,M18-24,Male,Durham,NC,United States,US,1:16:43,8:05:27,5:16:23,0:09:57,0:12:21,15:00:50,4603,29127,18983,597,741,54050,2018,1528,187,599,475,74,2249,1679,199,2018,1528,187,Finisher,1000
Craig,Ennis,Craig Ennis,432,M45-49,Male,Mt. Pearl,NL,Canada,CA,1:13:40,7:11:47,6:17:01,0:09:15,0:09:24,15:01:07,4420,25907,22621,555,564,54067,2019,1529,153,417,333,21,1899,1472,144,2019,1529,153,Finisher,1000
Renee,Noronha,Renee Noronha,837,F18-24,Female,London,SRY,India,IN,1:29:34,7:21:21,5:53:28,0:05:51,0:11:04,15:01:17,5374,26481,21208,351,664,54077,2020,491,40,1568,367,33,2089,506,36,2020,491,40,Finisher,2121
Ryan,Hudson,Ryan Hudson,484,M40-44,Male,Ottawa,ON,Canada,CA,1:44:18,7:01:49,5:53:45,0:12:00,0:09:34,15:01:26,6258,25309,21225,720,574,54086,2021,1530,193,2121,1583,198,2096,1589,195,2021,1530,193,Finisher,1000
Christian,Giroux,Christian Giroux,1060,M55-59,Male,Sherbrooke,QC,Canada,CA,1:22:07,7:09:45,5:57:47,0:17:48,0:14:19,15:01:46,4927,25785,21467,1068,859,54106,2022,1531,115,995,773,49,2049,1565,122,2022,1531,115,Finisher,1000
Serge,Dumoulin,Serge Dumoulin,996,M60-64,Male,Sherbrooke,QC,Canada,CA,1:29:58,7:09:13,5:57:38,0:10:39,0:14:19,15:01:47,5398,25753,21458,639,859,54107,2023,1532,58,1592,1221,48,2050,1566,70,2023,1532,58,Finisher,1000
Val,Romualdo,Val Romualdo,2157,M45-49,Male,Collingwood,ON,Philippines,PH,1:44:57,7:03:18,5:50:46,0:08:02,0:14:55,15:01:58,6297,25398,21046,482,895,54118,2024,1533,154,2131,1591,150,2086,1583,158,2024,1533,154,Finisher,1000
Alan,Mallory,Alan Mallory,2509,M40-44,Male,Midhurst,ON,Canada,CA,1:25:20,6:57:08,6:23:24,0:06:40,0:09:58,15:02:31,5120,25028,23004,400,598,54151,2025,1534,194,1278,989,109,1842,1432,180,2025,1534,194,Finisher,1000
Patty,Rawlings,Patty Rawlings,515,F60-64,Female,HEBRON,IN,United States,US,1:37:30,6:58:15,6:07:55,0:08:14,0:10:43,15:02:37,5850,25095,22075,494,643,54157,2026,492,20,1968,480,21,2001,466,21,2026,492,20,Finisher,1000
Dipak,Patel,Dipak Patel,1362,M50-54,Male,BOULDER,CO,United States,US,1:28:23,6:42:18,6:33:40,0:10:45,0:07:33,15:02:40,5303,24138,23620,645,453,54160,2027,1535,170,1492,1144,119,1778,1390,147,2027,1535,170,Finisher,1000
David,Kulik,David Kulik,1425,M60-64,Male,Bethesda,MD,United States,US,1:23:37,6:47:17,6:21:04,0:15:42,0:15:36,15:03:17,5017,24437,22864,942,936,54197,2028,1536,59,1132,876,36,1819,1416,59,2028,1536,59,Finisher,1000
Michi,Nagase,Michi Nagase,2573,M50-54,Male,Airdrie,AB,Japan,JP,1:23:05,7:24:41,5:55:30,0:10:18,0:10:35,15:04:09,4985,26681,21330,618,635,54249,2029,1537,171,1074,832,84,2095,1588,179,2029,1537,171,Finisher,1000
Hassan,Ali,Hassan Ali,696,M30-34,Male,Chelsea,Quebec,Canada,CA,1:27:56,7:32:49,5:24:45,0:13:00,0:25:46,15:04:16,5276,27169,19485,780,1546,54256,2030,1538,212,1464,1124,175,2173,1635,216,2030,1538,212,Finisher,1000
Cathy,Faulkner,Cathy Faulkner,1701,F50-54,Female,Mirabel,QC,Canada,CA,1:40:17,6:59:55,6:00:02,0:12:10,0:11:54,15:04:18,6017,25195,21602,730,714,54258,2031,493,67,2042,511,64,2067,496,73,2031,493,67,Finisher,1000
George,Melancon-Talboys,George Melancon-Talboys,1004,M35-39,Male,Reading,England,United Kingdom,GB,1:33:09,6:28:28,6:47:57,0:08:07,0:06:58,15:04:40,5589,23308,24477,487,418,54280,2032,1539,174,1763,1343,158,1637,1301,152,2032,1539,174,Finisher,1000
Jenneka,MacRae,Jenneka MacRae,431,F45-49,Female,Hope,BC,Canada,CA,1:48:36,6:29:23,6:24:26,0:11:57,0:10:28,15:04:50,6516,23363,23066,717,628,54290,2033,494,67,2189,563,76,1853,413,60,2033,494,67,Finisher,1252
Paul,Morel,Paul Morel,735,M65-69,Male,dolbeau-mistassini,QC,Canada,CA,1:27:17,6:30:48,6:42:03,0:17:08,0:07:37,15:04:54,5237,23448,24123,1028,457,54294,2034,1540,29,1415,1088,14,1708,1347,22,2034,1540,29,Finisher,1000
An,Tran,An Tran,915,M30-34,Male,Ottawa,Ontario,Canada,CA,1:50:37,7:22:10,5:32:48,0:07:59,0:11:24,15:04:58,6637,26530,19968,479,684,54298,2035,1541,213,2211,1644,221,2200,1652,219,2035,1541,213,Finisher,1000
William,Van Nostrand,William Van Nostrand,868,M65-69,Male,EXETER,RI,United States,US,1:09:57,6:30:43,7:01:18,0:10:18,0:13:36,15:05:52,4197,23443,25278,618,816,54352,2036,1542,30,230,175,2,1388,1123,13,2036,1542,30,Finisher,1000
Julie,Sanfaçon,Julie Sanfaçon,1807,F45-49,Female,Donnacona,QC,Canada,CA,1:40:27,7:24:02,5:40:03,0:12:52,0:08:47,15:06:12,6027,26642,20403,772,527,54372,2037,495,68,2047,514,68,2189,545,76,2037,495,68,Finisher,1236
Elizabeth ,Hobbs,Elizabeth Hobbs,676,F30-34,Female,Ottawa,Ontario,Canada,CA,1:28:20,7:31:51,5:48:40,0:09:14,0:08:59,15:07:04,5300,27111,20920,554,539,54424,2038,496,78,1488,347,54,2157,528,78,2038,496,78,Finisher,1270
Shelley,Wood,Shelley Wood,617,F50-54,Female,Rothesay,NB,Canada,CA,1:53:14,6:49:21,6:04:44,0:09:29,0:10:29,15:07:17,6794,24561,21884,569,629,54437,2039,497,68,2224,572,73,2066,495,72,2039,497,68,Finisher,1000
Eric,Mcdowell,Eric Mcdowell,111,M55-59,Male,Milton,PA,United States,US,1:51:43,6:01:00,6:54:08,0:10:32,0:09:55,15:07:17,6703,21660,24848,632,595,54437,2040,1543,116,2218,1648,132,1570,1254,95,2040,1543,116,Finisher,1000
Alistair,Ellis,Alistair Ellis,747,M55-59,Male,Gibsons,CA-BC,Canada,CA,2:15:38,6:26:56,5:46:26,0:18:48,0:19:30,15:07:18,8138,23216,20786,1128,1170,54438,2041,1544,117,2296,1704,144,2124,1608,133,2041,1544,117,Finisher,1000
J L Charles,Beaver,J L Charles Beaver,48,M60-64,Male,Halifax,NOVA SCOTIA,Canada,CA,1:12:39,6:38:09,6:43:00,0:15:21,0:18:14,15:07:24,4359,23889,24180,921,1094,54444,2042,1545,60,353,276,9,1605,1276,48,2042,1545,60,Finisher,1000
Dawson,Hinton,Dawson Hinton,2069,M25-29,Male,Oshawa,ON,Canada,CA,1:21:29,8:04:54,5:15:05,0:15:47,0:10:12,15:07:26,4889,29094,18905,947,612,54446,2043,1546,242,949,741,131,2270,1691,252,2043,1546,242,Finisher,1000
Patrick,Lou-Poy,Patrick Lou-Poy,615,M55-59,Male,Qualicum Beach,BC,Canada,CA,1:28:22,7:23:14,5:51:22,0:12:53,0:11:52,15:07:44,5302,26594,21082,773,712,54464,2044,1547,118,1491,1143,78,2137,1618,134,2044,1547,118,Finisher,1000
Pierre,Lafontaine,Pierre Lafontaine,2246,M55-59,Male,Salaberry De Valleyfield,QC,Canada,CA,1:55:53,6:36:42,6:12:54,0:08:27,0:13:52,15:07:47,6953,23802,22374,507,832,54467,2045,1548,119,2247,1672,138,1958,1507,118,2045,1548,119,Finisher,1000
Sarah,VanDoren,Sarah VanDoren,1160,F35-39,Female,Centreville,US-VA,United States,US,1:03:57,6:46:51,6:50:08,0:11:12,0:15:53,15:08:02,3837,24411,24608,672,953,54482,2046,498,48,61,16,3,1551,308,32,2046,498,48,Finisher,1000
Brian,Paquin,Brian Paquin,2475,M60-64,Male,Sydenham,ON,Canada,CA,1:47:59,7:01:37,5:43:40,0:13:31,0:21:18,15:08:04,6479,25297,20620,811,1278,54484,2047,1549,61,2175,1619,74,2129,1612,74,2047,1549,61,Finisher,1000
Andy,Danis,Andy Danis,1753,M18-24,Male,Dayton,Ohio,United States,US,1:25:43,7:09:00,6:05:09,0:10:48,0:17:28,15:08:08,5143,25740,21909,648,1048,54488,2048,1550,188,1301,1007,136,2015,1543,184,2048,1550,188,Finisher,1000
Jeffrey,Lenker,Jeffrey Lenker,1068,M50-54,Male,CARLISLE,PA,United States,US,1:38:10,7:28:44,5:42:10,0:13:55,0:05:13,15:08:11,5890,26924,20530,835,313,54491,2049,1551,172,1988,1502,162,2201,1653,189,2049,1551,172,Finisher,1000
Waldo,Jimenez,Waldo Jimenez,2284,M50-54,Male,Ancaster,ON,Canada,CA,1:42:39,6:56:18,6:13:39,0:10:35,0:05:14,15:08:25,6159,24978,22419,635,314,54505,2050,1552,173,2097,1565,168,2048,1564,176,2050,1552,173,Finisher,1000
Thomas,Clemmitt,Thomas Clemmitt,86,M18-24,Male,Oakton,VA,United States,US,1:34:24,7:30:52,5:45:52,0:10:27,0:07:06,15:08:40,5664,27052,20752,627,426,54520,2051,1553,189,1839,1396,175,2181,1639,195,2051,1553,189,Finisher,1000
Cailey,Shewchuk,Cailey Shewchuk,503,F25-29,Female,Ottawa,ON,Canada,CA,1:30:26,6:51:00,6:27:27,0:10:25,0:09:42,15:09:00,5426,24660,23247,625,582,54540,2052,499,92,1623,379,76,1871,421,78,2052,499,92,Finisher,1000
Olivier,Dallaire,Olivier Dallaire,2298,M18-24,Male,Kapuskasing,ON,Canada,CA,1:31:20,6:59:38,6:27:05,0:05:46,0:05:17,15:09:05,5480,25178,23225,346,317,54545,2053,1554,190,1668,1275,164,1913,1478,177,2053,1554,190,Finisher,1000
Tanner,Smith,Tanner Smith,123,M35-39,Male,Port Moody,BC,Canada,CA,1:36:13,6:35:30,6:25:42,0:16:30,0:15:13,15:09:08,5773,23730,23142,990,913,54548,2054,1555,175,1911,1452,165,1831,1425,162,2054,1555,175,Finisher,1000
Jackson,Buck Hatton,Jackson Buck Hatton,732,M18-24,Male,Kamloops,BC,Canada,CA,1:46:43,7:09:38,5:45:33,0:13:02,0:14:11,15:09:08,6403,25778,20733,782,851,54548,2055,1556,191,2156,1605,196,2156,1629,194,2055,1556,191,Finisher,1000
Sandra,Chong,Sandra Chong,977,F50-54,Female,Ottawa,Ontario,Canada,CA,1:18:48,7:03:18,6:19:06,0:15:11,0:13:22,15:09:45,4728,25398,22746,911,802,54585,2056,500,69,762,168,15,1923,438,65,2056,500,69,Finisher,1000
Alisa,Zabotka,Alisa Zabotka,1030,F60-64,Female,MANALAPAN,NJ,United States,US,1:44:33,7:10:20,5:55:11,0:09:42,0:10:25,15:10:12,6273,25820,21311,582,625,54612,2057,501,21,2126,540,27,2138,520,27,2057,501,21,Finisher,1000
Juan,Arias,Juan Arias,2625,M45-49,Male,Mississauga,ON,Venezuela,VE,1:26:44,7:06:30,6:21:42,0:08:09,0:07:19,15:10:24,5204,25590,22902,489,439,54624,2058,1557,155,1369,1057,92,1965,1513,151,2058,1557,155,Finisher,1000
Jennifer,Eckhardt,Jennifer Eckhardt,543,F50-54,Female,TINTON FALLS,NJ,United States,US,1:36:25,6:49:29,6:19:05,0:08:51,0:16:42,15:10:32,5785,24569,22745,531,1002,54632,2059,502,70,1922,463,54,1900,428,64,2059,502,70,Finisher,1970
Jean-Francois,Chagnon,Jean-Francois Chagnon,2127,M50-54,Male,Richelieu,QC,Canada,CA,1:45:05,6:03:51,6:58:43,0:11:07,0:12:31,15:11:17,6305,21831,25123,667,751,54677,2060,1558,174,2132,1592,172,1515,1217,126,2060,1558,174,Finisher,1000
Blaine,Warmer,Blaine Warmer,421,M60-64,Male,Saint John ,NB,Canada,CA,1:12:12,7:00:49,6:38:04,0:08:03,0:12:24,15:11:31,4332,25249,23884,483,744,54691,2061,1559,62,327,257,7,1774,1387,55,2061,1559,62,Finisher,1000
Léa Mei,Chicoine,Léa Mei Chicoine,836,F30-34,Female,Montréal,QC,Canada,CA,1:17:18,7:27:09,6:06:00,0:06:58,0:14:24,15:11:48,4638,26829,21960,418,864,54708,2062,503,79,649,140,24,2058,489,75,2062,503,79,Finisher,1213
Jean-michel,Boivin,Jean-michel Boivin,631,M40-44,Male,Longueuil,QC,Canada,CA,1:53:49,7:24:56,5:16:02,0:17:13,0:19:55,15:11:55,6829,26696,18962,1033,1195,54715,2063,1560,195,2230,1658,205,2256,1683,206,2063,1560,195,Finisher,1000
Marcy,Lampshire,Marcy Lampshire,1217,F45-49,Female,Edmonton,AB,Canada,CA,1:32:08,7:01:58,6:15:44,0:12:35,0:10:15,15:12:40,5528,25318,22544,755,615,54760,2064,504,69,1714,407,52,2023,475,68,2064,504,69,Finisher,1000
Sean,Gorendar,Sean Gorendar,764,M45-49,Male,Ottawa,ON,Canada,CA,1:21:50,7:11:57,6:16:02,0:11:24,0:11:34,15:12:47,4910,25917,22562,684,694,54767,2065,1561,156,975,758,64,2011,1540,154,2065,1561,156,Finisher,1000
Bernard,Merkley,Bernard Merkley,842,M65-69,Male,Carleton Place,Ontario,Canada,CA,1:35:05,6:37:33,6:35:17,0:12:37,0:12:39,15:13:11,5705,23853,23717,757,759,54791,2066,1562,31,1874,1425,25,1807,1409,26,2066,1562,31,Finisher,1000
Stuart Ratcliff,Ratcliff,Stuart Ratcliff Ratcliff,67,M50-54,Male,sutton coldfield,WMD,United Kingdom,GB,1:20:55,6:41:22,6:53:43,0:08:13,0:09:09,15:13:21,4855,24082,24823,493,549,54801,2067,1563,175,904,711,69,1644,1306,137,2067,1563,175,Finisher,1000
Dennis,Toquero,Dennis Toquero,2147,M50-54,Male,Toronto,ON,Canada,CA,1:37:10,7:00:29,6:11:49,0:08:40,0:15:43,15:13:51,5830,25229,22309,520,943,54831,2068,1564,176,1952,1479,160,2020,1546,173,2068,1564,176,Finisher,1000
Hendrik,Schuurmans,Hendrik Schuurmans,1618,M60-64,Male,Elmira,Central Bohemian Region,Canada,CA,1:34:13,6:39:36,6:47:15,0:06:43,0:06:26,15:14:13,5653,23976,24435,403,386,54853,2069,1565,63,1826,1386,56,1767,1381,54,2069,1565,63,Finisher,1000
Ali,Aboubih,Ali Aboubih,2443,M25-29,Male,Mississauga,Ontario ,Egypt,EG,2:07:07,7:18:07,5:26:40,0:12:58,0:10:24,15:15:15,7627,26287,19600,778,624,54915,2070,1566,243,2281,1694,253,2262,1687,251,2070,1566,243,Finisher,1000
Logan,Watson ,Logan Watson,1872,M30-34,Male,Tiny,Ontario,Canada,CA,1:38:59,7:36:56,5:32:01,0:13:05,0:14:17,15:15:19,5939,27416,19921,785,857,54919,2071,1567,214,2012,1515,208,2234,1668,223,2071,1567,214,Finisher,1000
Kait,PRIMROSE,Kait PRIMROSE,472,F30-34,Female,Gungahlin,AU-ACT,Australia,AU,1:48:43,7:28:53,5:41:41,0:07:36,0:08:36,15:15:29,6523,26933,20501,456,516,54929,2072,505,80,2191,564,86,2226,562,83,2072,505,80,Finisher,1000
Alexandre,Hagan,Alexandre Hagan,2297,M50-54,Male,Montréal,Quebec,Canada,CA,1:39:54,8:10:22,5:04:19,0:12:15,0:09:06,15:15:55,5994,29422,18259,735,546,54955,2073,1568,177,2027,1523,164,2286,1699,192,2073,1568,177,Finisher,1000
Tracy,Darmofal,Tracy Darmofal,1257,F45-49,Female,redding,CT,United States,US,1:28:02,7:16:08,6:12:31,0:10:18,0:08:57,15:15:56,5282,26168,22351,618,537,54956,2074,506,70,1470,343,44,2079,501,71,2074,506,70,Finisher,1000
Marie,Walker,Marie Walker,475,F18-24,Female,Calgary,AB,Canada,CA,1:21:12,7:48:14,5:47:02,0:06:52,0:13:31,15:16:51,4872,28094,20822,412,811,55011,2075,507,41,925,199,13,2185,544,40,2075,507,41,Finisher,1000
Delvin,Davies,Delvin Davies,1422,M18-24,Male,Toronto,ON,Canada,CA,1:36:10,7:16:10,6:11:52,0:06:31,0:06:56,15:17:40,5770,26170,22312,391,416,55060,2076,1569,192,1910,1451,181,2100,1593,190,2076,1569,192,Finisher,1000
Robert,Klinkhammer,Robert Klinkhammer,1465,M60-64,Male,N CHELMSFORD,MA,United States,US,1:50:15,6:26:46,6:37:55,0:12:46,0:10:02,15:17:45,6615,23206,23875,766,602,55065,2077,1570,64,2208,1642,76,1849,1437,60,2077,1570,64,Finisher,1000
Imran,Abdulla,Imran Abdulla,78,M40-44,Male,Toronto,ON,Canada,CA,1:57:41,7:07:46,5:43:45,0:10:26,0:18:08,15:17:45,7061,25666,20625,626,1088,55065,2078,1571,196,2256,1679,206,2182,1640,201,2078,1571,196,Finisher,1000
Isabel,Child,Isabel Child,684,F25-29,Female,Essex,ON,Canada,CA,1:17:58,7:33:33,6:09:35,0:08:56,0:08:00,15:18:03,4678,27213,22175,536,480,55083,2079,508,93,698,152,34,2113,514,90,2079,508,93,Finisher,1000
Richard,Cheng,Richard Cheng,2417,M25-29,Male,King City,Ontario,Canada,CA,1:31:52,7:49:40,5:38:09,0:07:38,0:10:47,15:18:06,5512,28180,20289,458,647,55086,2080,1572,244,1692,1292,216,2237,1671,247,2080,1572,244,Finisher,1000
Brian,Jung,Brian Jung,2249,M60-64,Male,Montreal,Quebec,Canada,CA,1:36:05,5:58:24,7:01:34,0:17:56,0:24:10,15:18:10,5765,21504,25294,1076,1450,55090,2081,1573,65,1904,1448,60,1413,1140,37,2081,1573,65,Finisher,1371
Colleen,Hoffman,Colleen Hoffman,1374,F60-64,Female,Canton,MI,United States,US,1:30:24,6:08:31,7:23:57,0:07:05,0:08:16,15:18:13,5424,22111,26637,425,496,55093,2082,509,22,1620,378,12,1311,233,2,2082,509,22,Finisher,2189
Guillermo,Ruelas,Guillermo Ruelas,2568,M40-44,Male,Toronto,Ontario,Mexico,MX,1:18:48,7:30:18,6:07:08,0:13:02,0:09:54,15:19:11,4728,27018,22028,782,594,55151,2083,1574,197,764,596,63,2126,1610,197,2083,1574,197,Finisher,1000
Verni,Chavarria,Verni Chavarria,2109,M60-64,Male,GARNERVILLE,NY,United States,US,1:35:54,7:01:43,6:09:23,0:15:55,0:16:28,15:19:22,5754,25303,22163,955,988,55162,2084,1575,66,1898,1443,59,2071,1574,71,2084,1575,66,Finisher,1000
Carolyn,Thieme,Carolyn Thieme,1314,F40-44,Female,Eaton,NY,United States,US,1:37:20,7:34:17,5:48:47,0:10:59,0:08:38,15:20:01,5840,27257,20927,659,518,55201,2085,510,52,1962,478,52,2214,556,63,2085,510,52,Finisher,1000
Brent,Wildman,Brent Wildman,1702,M70-74,Male,Winona Lake,IN,United States,US,1:22:19,6:22:07,7:15:47,0:10:24,0:09:36,15:20:13,4939,22927,26147,624,576,55213,2086,1576,4,1009,784,3,1437,1158,3,2086,1576,4,Finisher,1000
Ryan,Spriggs,Ryan Spriggs,576,M35-39,Male,Kemptville,ON,United Kingdom,GB,1:37:12,7:45:14,5:37:28,0:10:50,0:09:52,15:20:36,5832,27914,20248,650,592,55236,2087,1577,176,1954,1481,169,2252,1681,183,2087,1577,176,Finisher,1000
Evan,Caplan,Evan Caplan,2589,M18-24,Male,Dollard-des-Ormeaux,QC,Canada,CA,1:29:58,7:08:10,6:26:06,0:08:55,0:07:31,15:20:40,5398,25690,23166,535,451,55240,2088,1578,193,1593,1222,157,2029,1552,187,2088,1578,193,Finisher,1000
GLEN SCOTT,CROCKETT,GLEN SCOTT CROCKETT,461,M65-69,Male,Nanaimo,BC,Canada,CA,1:41:31,6:27:35,6:49:53,0:09:37,0:12:18,15:20:54,6091,23255,24593,577,738,55254,2089,1579,32,2073,1548,32,1743,1366,23,2089,1579,32,Finisher,1000
Kaushik,Nagaraj,Kaushik Nagaraj,1477,M35-39,Male,BROOKLYN,US-NY,India,IN,1:31:39,7:21:42,5:59:07,0:15:46,0:12:44,15:20:59,5499,26502,21547,946,764,55259,2090,1580,177,1684,1285,152,2152,1627,180,2090,1580,177,Finisher,1000
Martin Coulombe,Coulombe,Martin Coulombe Coulombe,1738,M40-44,Male,Québec,QC,Canada,CA,1:32:04,7:35:08,5:48:10,0:12:00,0:13:49,15:21:10,5524,27308,20890,720,829,55270,2091,1581,198,1706,1301,154,2196,1649,203,2091,1581,198,Finisher,1000
Noriaki,Yamamoto,Noriaki Yamamoto,437,M55-59,Male,YOKOTE,JP-05,Japan,JP,1:44:24,6:50:02,6:27:12,0:11:44,0:07:58,15:21:20,6264,24602,23232,704,478,55280,2092,1582,120,2122,1584,123,2019,1545,121,2092,1582,120,Finisher,1000
Logan,Castor,Logan Castor,884,M18-24,Male,Aiken,SOUTH CAROLINA,United States,US,1:11:39,6:50:47,7:06:24,0:06:15,0:06:29,15:21:34,4299,24647,25584,375,389,55294,2093,1583,194,301,235,37,1626,1294,155,2093,1583,194,Finisher,1000
Pascal,Smith,Pascal Smith,536,M25-29,Male,Vancouver,BRITISH COLUMBIA,Canada,CA,1:39:06,7:11:16,6:09:48,0:10:50,0:10:37,15:21:37,5946,25876,22188,650,637,55297,2094,1584,245,2014,1517,239,2123,1607,240,2094,1584,245,Finisher,1000
Mark,Mcfadden,Mark Mcfadden,508,M65-69,Male,Ottawa,ON,Canada,CA,1:40:21,7:23:45,5:55:08,0:10:23,0:12:04,15:21:41,6021,26625,21308,623,724,55301,2095,1585,33,2044,1532,31,2176,1637,39,2095,1585,33,Finisher,1000
Hélène,Proulx,Hélène Proulx,1588,F60-64,Female,Senneterre,QC,Canada,CA,1:45:13,7:01:52,6:10:11,0:12:30,0:11:59,15:21:45,6313,25312,22211,750,719,55305,2096,511,23,2133,541,28,2107,512,26,2096,511,23,Finisher,1000
Gilles,Duchesne,Gilles Duchesne,2303,M50-54,Male,Québec,QC,Canada,CA,1:17:17,7:08:55,6:24:16,0:15:01,0:16:50,15:22:20,4637,25735,23056,901,1010,55340,2097,1586,178,648,509,50,1959,1508,170,2097,1586,178,Finisher,1000
Gilles,Larivee,Gilles Larivee,795,M65-69,Male,Ottawa,ON,Canada,CA,1:49:36,7:12:20,5:42:26,0:19:47,0:18:41,15:22:49,6576,25940,20546,1187,1121,55369,2098,1587,34,2202,1637,37,2208,1655,40,2098,1587,34,Finisher,1000
Jonny,Atkinson,Jonny Atkinson,348,M45-49,Male,Mississauga,ON,Canada,CA,1:22:39,6:26:26,7:17:45,0:06:11,0:09:52,15:22:52,4959,23186,26265,371,592,55372,2099,1588,157,1039,802,65,1442,1162,115,2099,1588,157,Finisher,1000
Fauzia,Hm,Fauzia Hm,98,F40-44,Female,Toronto,ON,Pakistan,PK,1:45:46,7:07:07,6:11:05,0:07:28,0:12:09,15:23:35,6346,25627,22265,448,729,55415,2100,512,53,2141,544,62,2109,513,55,2100,512,53,Finisher,1000
Michael,Samson,Michael Samson,946,M55-59,Male,Montreal,QC,Canada,CA,2:02:07,6:48:01,6:02:18,0:10:39,0:21:13,15:24:17,7327,24481,21738,639,1273,55457,2101,1589,121,2271,1691,142,2117,1603,131,2101,1589,121,Finisher,1000
David,Heskett,David Heskett,869,M70-74,Male,KINGSTON,RI,United States,US,1:26:34,7:14:50,6:08:55,0:19:43,0:14:18,15:24:20,5194,26090,22135,1183,858,55460,2102,1590,5,1360,1053,4,2122,1606,7,2102,1590,5,Finisher,1000
Andrew,Leung,Andrew Leung,1415,M35-39,Male,Toronto,ON,Canada,CA,1:28:57,7:43:12,5:51:34,0:11:19,0:09:46,15:24:47,5337,27792,21094,679,586,55487,2103,1591,178,1529,1171,140,2218,1660,181,2103,1591,178,Finisher,1000
Craig,McCue,Craig McCue,1419,M40-44,Male,Wasaga Beach,Ontario,Canada,CA,1:28:33,6:15:55,7:25:38,0:06:32,0:08:12,15:24:50,5313,22555,26738,392,492,55490,2104,1592,199,1499,1149,133,1390,1125,148,2104,1592,199,Finisher,1000
Jason,Mach,Jason Mach,1767,M30-34,Male,New York,New York,United States,US,1:52:20,7:15:52,5:43:24,0:15:45,0:17:35,15:24:54,6740,26152,20604,945,1055,55494,2105,1593,215,2220,1650,222,2221,1663,221,2105,1593,215,Finisher,1000
Stephane,Bourcier,Stephane Bourcier,589,M40-44,Male,Limoges,ON,Canada,CA,1:41:06,7:22:33,5:52:17,0:14:21,0:14:48,15:25:05,6066,26553,21137,861,888,55505,2106,1594,200,2061,1542,191,2191,1646,202,2106,1594,200,Finisher,1000
Peyasu,Wuttunee,Peyasu Wuttunee,76,M60-64,Male,Maskwacis,AB,Canada,CA,1:36:45,7:08:21,5:57:59,0:27:12,0:14:55,15:25:12,5805,25701,21479,1632,895,55512,2107,1595,67,1938,1470,62,2168,1632,77,2107,1595,67,Finisher,1000
Mohammadreza ,Ebrahimi,Mohammadreza Ebrahimi,2113,M50-54,Male,thornhill,ON,Canada,CA,1:25:53,7:06:57,6:31:45,0:10:22,0:11:00,15:25:57,5153,25617,23505,622,660,55557,2108,1596,179,1310,1015,103,1989,1529,172,2108,1596,179,Finisher,1000
Diego,Calderon,Diego Calderon,2477,M60-64,Male,Darnestown,MD,United States,US,1:37:37,6:54:21,6:29:08,0:14:38,0:10:35,15:26:19,5857,24861,23348,878,635,55579,2109,1597,68,1975,1493,64,2022,1548,67,2109,1597,68,Finisher,1000
Edler,Flores,Edler Flores,1264,M30-34,Male,Hannon,ON,Canada,CA,1:29:57,6:56:20,6:23:14,0:10:28,0:26:30,15:26:28,5397,24980,22994,628,1590,55588,2110,1598,216,1591,1220,185,1914,1479,204,2110,1598,216,Finisher,1000
Patrick,Hage-Moussa,Patrick Hage-Moussa,510,M35-39,Male,Anmore,BC,Canada,CA,1:27:46,7:05:14,6:26:53,0:12:20,0:14:25,15:26:39,5266,25514,23213,740,865,55599,2111,1599,179,1447,1112,135,2012,1541,173,2111,1599,179,Finisher,1000
Joshua,Collins,Joshua Collins,612,M30-34,Male,Ottawa,ON,Canada,CA,1:40:33,7:28:17,5:40:45,0:20:45,0:16:27,15:26:47,6033,26897,20445,1245,987,55607,2112,1600,217,2052,1535,212,2240,1673,224,2112,1600,217,Finisher,1000
Nola,Steininger,Nola Steininger,853,F60-64,Female,Penticton,BC,Canada,CA,1:29:18,7:15:47,6:26:19,0:09:52,0:06:07,15:27:22,5358,26147,23179,592,367,55642,2113,513,24,1551,363,10,2083,503,24,2113,513,24,Finisher,1000
Erin,Toole,Erin Toole,768,F50-54,Female,Grand Bay-Westfield,NB,Canada,CA,1:26:35,6:52:09,6:37:35,0:12:47,0:18:30,15:27:37,5195,24729,23855,767,1110,55657,2114,514,71,1362,309,33,1868,419,63,2114,514,71,Finisher,1000
Andrew,Cooke,Andrew Cooke,766,M50-54,Male,Grandbay-Westfield,NB,Canada,CA,1:28:10,6:42:49,6:52:21,0:10:07,0:14:20,15:27:47,5290,24169,24741,607,860,55667,2115,1601,180,1472,1129,116,1775,1388,146,2115,1601,180,Finisher,1000
Melissa,Hogan,Melissa Hogan,1232,F40-44,Female,St. John’s,NL,Canada,CA,1:41:26,7:22:47,6:09:35,0:07:55,0:06:32,15:28:16,6086,26567,22175,475,392,55696,2116,515,54,2072,525,59,2166,535,59,2116,515,54,Finisher,1000
Jacob,Dumont,Jacob Dumont,2207,M25-29,Male,Lévis ,QC,Canada,CA,1:44:41,6:39:48,6:38:23,0:09:26,0:16:18,15:28:35,6281,23988,23903,566,978,55715,2117,1602,246,2128,1588,247,1893,1467,231,2117,1602,246,Finisher,1000
Tyler,Shkwarok,Tyler Shkwarok,889,M25-29,Male,Victoria,British Columbia,Canada,CA,1:21:54,7:07:44,6:28:31,0:12:15,0:19:20,15:29:44,4914,25664,23311,735,1160,55784,2118,1603,247,980,762,134,1971,1518,236,2118,1603,247,Finisher,1000
ARMAND ROBERT,SIMPORE,ARMAND ROBERT SIMPORE,1968,M30-34,Male,Montreal,Quebec,Burkina Faso,BF,2:04:26,7:04:33,5:49:59,0:09:52,0:21:12,15:30:01,7466,25473,20999,592,1272,55801,2119,1604,218,2275,1693,224,2194,1647,217,2119,1604,218,Finisher,1000
Rafael Angel,Reyna Hurtado,Rafael Angel Reyna Hurtado,1797,M55-59,Male,Campeche,Campeche,Mexico,MX,1:30:21,7:45:11,5:58:50,0:06:52,0:09:13,15:30:28,5421,27911,21530,412,553,55828,2120,1605,122,1617,1240,88,2210,1656,138,2120,1605,122,Finisher,1000
Lee-Anne,Clare,Lee-Anne Clare,526,F50-54,Female,Kanata,ON,Canada,CA,1:32:26,6:28:58,7:10:25,0:07:51,0:11:26,15:31:06,5546,23338,25825,471,686,55866,2121,516,72,1727,410,47,1631,334,43,2121,516,72,Finisher,1723
Troy,Dumville,Troy Dumville,424,M55-59,Male,Berry Mills,NB,Canada,CA,1:52:39,7:19:11,5:59:19,0:09:42,0:11:51,15:32:43,6759,26351,21559,582,711,55963,2122,1606,123,2222,1652,134,2207,1654,137,2122,1606,123,Finisher,1000
Tracey,West,Tracey West,765,M55-59,Male,ARGYLE,TX,United States,US,1:36:27,6:59:02,6:27:02,0:17:24,0:13:49,15:33:44,5787,25142,23222,1044,829,56024,2123,1607,124,1924,1461,109,2069,1572,123,2123,1607,124,Finisher,1000
Conrado,Szilard,Conrado Szilard,72,M40-44,Male,Burlington,ON,Canada,CA,1:48:44,6:51:58,6:18:29,0:15:24,0:19:20,15:33:55,6524,24718,22709,924,1160,56035,2124,1608,201,2192,1628,203,2085,1582,193,2124,1608,201,Finisher,1000
Ionel,Deac,Ionel Deac,1610,M55-59,Male,Lachine,QC,Romania,RO,1:37:33,7:09:39,6:09:30,0:12:58,0:24:20,15:34:00,5853,25779,22170,778,1460,56040,2125,1609,125,1971,1490,113,2108,1596,129,2125,1609,125,Finisher,1000
Nick,Jankowski,Nick Jankowski,1368,M50-54,Male,Ottawa,ON,Canada,CA,1:25:54,7:49:06,5:52:14,0:14:02,0:12:45,15:34:01,5154,28146,21134,842,765,56041,2126,1610,181,1313,1018,104,2236,1670,190,2126,1610,181,Finisher,1000
Kathleen,Fritz,Kathleen Fritz,906,F60-64,Female,Oak Park,IL,United States,US,2:01:01,7:20:22,5:56:01,0:07:46,0:08:54,15:34:06,7261,26422,21361,466,534,56046,2127,517,25,2267,580,34,2238,567,34,2127,517,25,Finisher,1998
Elizabeth,Gallacher,Elizabeth Gallacher,1830,F40-44,Female,WASHINGTON,DC,United States,US,1:33:24,7:19:58,6:19:22,0:10:32,0:11:30,15:34:45,5604,26398,22762,632,690,56085,2128,518,55,1773,422,47,2130,518,56,2128,518,55,Finisher,1055
daniel,PALACIOS,daniel PALACIOS,845,M65-69,Male,cdmx mexico,CIUDAD DE MEXICO,Mexico,MX,1:30:31,7:20:49,6:26:49,0:09:17,0:08:35,15:36:02,5431,26449,23209,557,515,56162,2129,1611,35,1625,1246,19,2116,1602,36,2129,1611,35,Finisher,1000
Mandy,Perl,Mandy Perl,1211,F45-49,Female,KALAMAZOO,MI,United States,US,1:26:50,6:51:54,6:59:04,0:07:10,0:11:10,15:36:08,5210,24714,25144,430,670,56168,2130,519,71,1376,315,41,1812,400,58,2130,519,71,Finisher,1000
Edward,Hernandez,Edward Hernandez,1000,M50-54,Male,BEL AIR,MD,United States,US,2:12:38,7:08:24,5:57:50,0:09:32,0:07:47,15:36:10,7958,25704,21470,572,467,56170,2131,1612,182,2288,1699,190,2246,1678,191,2131,1612,182,Finisher,1000
Tracy,Lempke,Tracy Lempke,457,F55-59,Female,JACKSONVILLE,US-NC,United States,US,1:47:21,7:03:37,6:20:14,0:08:02,0:16:59,15:36:13,6441,25417,22814,482,1019,56173,2132,520,28,2166,554,31,2102,508,29,2132,520,28,Finisher,1961
Kim,Garland,Kim Garland,864,M60-64,Male,COLUMBUS,OH,United States,US,1:55:19,7:23:13,5:41:46,0:23:01,0:13:28,15:36:47,6919,26593,20506,1381,808,56207,2133,1613,69,2243,1668,79,2268,1689,80,2133,1613,69,Finisher,1148
Daniel,Mossman,Daniel Mossman,2234,M50-54,Male,398 Horseshoe Cresent,ON,Canada,CA,1:43:24,6:44:03,6:48:56,0:09:42,0:11:03,15:37:09,6204,24243,24536,582,663,56229,2134,1614,183,2108,1574,169,1918,1482,164,2134,1614,183,Finisher,1000
Lilianne,Kho,Lilianne Kho,1095,F25-29,Female,Ottawa,ON,Canada,CA,1:32:45,7:22:24,6:05:28,0:17:10,0:19:31,15:37:19,5565,26544,21928,1030,1171,56239,2135,521,94,1745,416,81,2169,537,93,2135,521,94,Finisher,1000
Chris,Harris,Chris Harris,1365,M50-54,Male,ROCKY RIVER,OH,United States,US,1:25:19,6:29:57,7:10:39,0:13:34,0:17:52,15:37:21,5119,23397,25839,814,1072,56241,2136,1615,184,1276,987,101,1627,1295,136,2136,1615,184,Finisher,1000
Chris,Fortenberry,Chris Fortenberry,1620,F50-54,Female,Brookhaven,MS,United States,US,1:41:13,7:44:08,5:54:53,0:10:16,0:07:13,15:37:43,6073,27848,21293,616,433,56263,2137,522,73,2065,522,66,2255,573,78,2137,522,73,Finisher,1000
Petro,Lazurko,Petro Lazurko,1180,M18-24,Male,regina,SASKATCHEWAN,Canada,CA,1:34:40,7:55:01,5:54:36,0:07:28,0:06:09,15:37:53,5680,28501,21276,448,369,56273,2138,1616,195,1852,1408,178,2260,1685,200,2138,1616,195,Finisher,1000
Kim,Trethewey,Kim Trethewey,77,M70-74,Male,Grand-Barachois,NB,Canada,CA,1:20:49,7:20:13,6:29:54,0:13:23,0:13:51,15:38:11,4849,26413,23394,803,831,56291,2139,1617,6,895,702,2,2076,1578,6,2139,1617,6,Finisher,1000
John,O’Neil,John O’Neil,655,M55-59,Male,York,Ontario,Canada,CA,1:53:34,6:42:53,6:16:48,0:18:08,0:27:43,15:39:06,6814,24173,22608,1088,1663,56346,2140,1618,126,2225,1653,135,2081,1579,125,2140,1618,126,Finisher,1000
Carl,Olson,Carl Olson,1024,M50-54,Male,Winnipeg,MB,Canada,CA,1:10:09,7:20:35,6:42:54,0:10:09,0:15:21,15:39:08,4209,26435,24174,609,921,56348,2141,1619,185,236,179,20,1957,1506,169,2141,1619,185,Finisher,1000
John,Schultz,John Schultz,1084,M65-69,Male,Dunmore,PA,United States,US,1:34:58,7:41:23,5:52:32,0:15:51,0:14:48,15:39:32,5698,27683,21152,951,888,56372,2142,1620,36,1868,1423,24,2250,1680,41,2142,1620,36,Finisher,1000
Edwige,Duclos,Edwige Duclos,2442,F25-29,Female,Shannon,QC,Canada,CA,1:28:42,8:02:18,5:51:48,0:10:05,0:06:54,15:39:48,5322,28938,21108,605,414,56388,2143,523,95,1507,353,70,2267,579,98,2143,523,95,Finisher,1000
Geiner,Quintanilla,Geiner Quintanilla,1078,M40-44,Male,Escazú,SAN JOSE,Costa Rica,CR,1:33:05,6:58:57,6:34:46,0:14:24,0:19:07,15:40:19,5585,25137,23686,864,1147,56419,2144,1621,202,1762,1342,159,2021,1547,187,2144,1621,202,Finisher,1000
Emmett,Young,Emmett Young,846,M25-29,Male,Buckhorn,ON,Canada,CA,1:35:56,7:41:45,5:55:16,0:12:49,0:14:45,15:40:32,5756,27705,21316,769,885,56432,2145,1622,248,1900,1445,235,2245,1677,249,2145,1622,248,Finisher,1000
Shane,FITZGERALD,Shane FITZGERALD,1869,M60-64,Male,Toronto,ON,Canada,CA,1:55:50,7:10:11,6:02:52,0:16:33,0:15:38,15:41:03,6950,25811,21772,993,938,56463,2146,1623,70,2245,1670,80,2213,1658,79,2146,1623,70,Finisher,1000
Callen,Christman,Callen Christman,1476,M25-29,Male,FORT MYERS,FL,United States,US,1:47:50,7:10:29,6:23:53,0:07:27,0:11:41,15:41:20,6470,25829,23033,447,701,56480,2147,1624,249,2172,1617,248,2141,1621,241,2147,1624,249,Finisher,1000
Jordan,Keyser,Jordan Keyser,893,M40-44,Male,Leesburg,VA,United States,US,1:35:17,6:49:58,6:57:09,0:10:49,0:08:46,15:41:58,5717,24598,25029,649,526,56518,2148,1625,203,1878,1428,171,1905,1473,183,2148,1625,203,Finisher,1000
Judith,Wines,Judith Wines,2117,F45-49,Female,Albany,NY,United States,US,2:03:23,7:23:04,5:48:55,0:13:14,0:13:24,15:42:00,7403,26584,20935,794,804,56520,2149,524,72,2272,581,80,2265,577,79,2149,524,72,Finisher,1000
Rebecca,Bennett,Rebecca Bennett,1698,F60-64,Female,Halifax,NS,Canada,CA,1:36:08,7:27:40,5:51:34,0:18:38,0:28:28,15:42:28,5768,26860,21094,1118,1708,56548,2150,525,26,1907,457,18,2211,555,32,2150,525,26,Finisher,1000
Marius,Oancea,Marius Oancea,620,M55-59,Male,Ottawa,ON,Canada,CA,1:52:13,7:25:20,5:55:56,0:11:29,0:17:37,15:42:35,6733,26720,21356,689,1057,56555,2151,1626,127,2219,1649,133,2235,1669,141,2151,1626,127,Finisher,1000
Jason,Marshall,Jason Marshall,1387,M55-59,Male,MONKTON,MD,United States,US,1:42:39,6:49:05,6:55:57,0:06:25,0:08:30,15:42:36,6159,24545,24957,385,510,56556,2152,1627,128,2096,1564,120,1932,1492,116,2152,1627,128,Finisher,1000
Lianne,Dulsrud,Lianne Dulsrud,2063,F55-59,Female,Belleville,ON,Canada,CA,1:31:22,7:12:44,6:38:23,0:09:43,0:10:25,15:42:38,5482,25964,23903,583,625,56558,2153,526,29,1670,394,23,2073,498,27,2153,526,29,Finisher,1000
Geoff,Sieron,Geoff Sieron,68,M35-39,Male,Denver,CO,United States,US,1:55:19,7:39:56,5:46:13,0:10:23,0:10:53,15:42:43,6919,27596,20773,623,653,56563,2154,1628,180,2242,1667,183,2275,1693,184,2154,1628,180,Finisher,1000
Alexandre,Blais,Alexandre Blais,727,M55-59,Male,Ottawa,Ontario,Canada,CA,1:39:35,6:31:36,7:05:11,0:13:25,0:13:06,15:42:54,5975,23496,25511,805,786,56574,2155,1629,129,2022,1520,115,1802,1405,110,2155,1629,129,Finisher,1000
Rebekah,Lawrence,Rebekah Lawrence,1152,F45-49,Female,Norfolk,VA,United States,US,1:46:40,6:54:33,6:46:33,0:07:06,0:08:03,15:42:55,6400,24873,24393,426,483,56575,2156,527,73,2155,551,74,2041,483,69,2156,527,73,Finisher,1000
Angela,Lisowski,Angela Lisowski,1031,F60-64,Female,HOWELL,NJ,United States,US,2:06:23,7:03:13,6:11:01,0:11:09,0:11:17,15:43:02,7583,25393,22261,669,677,56582,2157,528,27,2279,586,35,2199,548,30,2157,528,27,Finisher,1891
Yvan,Bedard,Yvan Bedard,610,M55-59,Male,Grenville ,QC,Canada,CA,1:28:11,7:20:46,6:02:10,0:18:50,0:33:10,15:43:06,5291,26446,21730,1130,1990,56586,2158,1630,130,1474,1131,77,2146,1624,135,2158,1630,130,Finisher,1000
Victoria,Nerad,Victoria Nerad,64,F35-39,Female,Denver,COLORADO,United States,US,1:55:16,7:39:54,5:46:49,0:10:23,0:10:52,15:43:15,6916,27594,20809,623,652,56595,2159,529,49,2241,575,51,2272,581,51,2159,529,49,Finisher,1000
Swen-Joerg,Wechner,Swen-Joerg Wechner,715,M60-64,Male,Gatineau,QC,Germany,DE,1:17:57,6:04:24,7:41:07,0:18:12,0:21:39,15:43:19,4677,21864,27667,1092,1299,56599,2160,1631,71,697,546,17,1212,1001,33,2160,1631,71,Finisher,1000
Karine,Molleur,Karine Molleur,1272,F55-59,Female,St-Jean-sur-Richelieu (L'Acadie),QC,Canada,CA,1:23:33,7:01:34,6:55:10,0:11:13,0:13:34,15:45:04,5013,25294,24910,673,814,56704,2161,530,30,1124,255,14,1909,435,24,2161,530,30,Finisher,1000
Rowena,Mulholland,Rowena Mulholland,1022,F55-59,Female,Toronto,ON,Canada,CA,1:30:05,6:55:47,7:03:00,0:07:45,0:08:32,15:45:09,5405,24947,25380,465,512,56709,2162,531,31,1602,374,21,1887,424,22,2162,531,31,Finisher,1854
Steve,Deery,Steve Deery,2089,M30-34,Male,Toronto,Ontario,Canada,CA,1:25:32,7:43:40,6:11:52,0:13:21,0:11:07,15:45:32,5132,27820,22312,801,667,56732,2163,1632,219,1289,996,157,2212,1657,220,2163,1632,219,Finisher,1000
Joy,Irwin,Joy Irwin,1356,F50-54,Female,Crystal Lake,IL,United States,US,2:05:29,7:12:52,6:08:56,0:08:21,0:10:30,15:46:07,7529,25972,22136,501,630,56767,2164,532,74,2277,584,78,2229,564,76,2164,532,74,Finisher,1000
Jake,Hobson,Jake Hobson,2560,M40-44,Male,Fairchild Air Force Base,Washington,United States,US,1:42:30,7:05:06,6:40:27,0:09:17,0:09:09,15:46:28,6150,25506,24027,557,549,56788,2165,1633,204,2092,1561,195,2090,1584,194,2165,1633,204,Finisher,1000
Tricia,harrington,Tricia harrington,1884,F30-34,Female,Toronto,ON,Canada,CA,1:48:04,7:12:27,6:29:12,0:08:28,0:08:51,15:47:02,6484,25947,23352,508,531,56822,2166,533,81,2180,557,85,2151,525,77,2166,533,81,Finisher,1000
Paul,Broude,Paul Broude,1445,M45-49,Male,MEDWAY,MA,Canada,CA,1:42:59,6:44:33,6:50:58,0:16:44,0:12:09,15:47:23,6179,24273,24658,1004,729,56843,2167,1634,158,2101,1568,147,2004,1537,152,2167,1634,158,Finisher,1000
Joseph,Scheuring,Joseph Scheuring,519,M55-59,Male,Markham,ON,Canada,CA,1:37:20,7:30:20,6:00:53,0:15:56,0:23:35,15:48:04,5840,27020,21653,956,1415,56884,2168,1635,131,1963,1485,112,2219,1661,139,2168,1635,131,Finisher,1000
Tricia,Mainil,Tricia Mainil,108,F55-59,Female,Wake Forest,NC,Canada,CA,1:22:44,7:40:43,6:19:00,0:14:41,0:11:00,15:48:10,4964,27643,22740,881,660,56890,2169,534,32,1045,240,11,2192,546,32,2169,534,32,Finisher,1818
Neil,Vyas,Neil Vyas,2065,M35-39,Male,Mississauga,ON,Canada,CA,1:54:38,6:34:40,6:52:15,0:14:46,0:12:27,15:48:46,6878,23680,24735,886,747,56926,2170,1636,181,2232,1659,181,2002,1536,172,2170,1636,181,Finisher,1000
Raul,Larios Migoyo,Raul Larios Migoyo,2531,M30-34,Male,Austin,TX,Cuba,CU,1:27:31,6:56:10,7:08:50,0:10:02,0:06:42,15:49:14,5251,24970,25730,602,402,56954,2171,1637,220,1432,1100,172,1889,1464,202,2171,1637,220,Finisher,1000
Doug,Sylvester,Doug Sylvester,2007,M60-64,Male,North Battleford,SK,Canada,CA,1:23:49,7:08:45,6:48:37,0:10:56,0:17:47,15:49:54,5029,25725,24517,656,1067,56994,2172,1638,72,1152,889,37,1993,1531,66,2172,1638,72,Finisher,1000
Natalie,Hoffmann,Natalie Hoffmann,1709,F45-49,Female,Newtown Square,Pennsylvania,United States,US,1:34:15,7:29:15,6:22:24,0:12:48,0:11:21,15:50:02,5655,26955,22944,768,681,57002,2173,535,74,1829,443,60,2184,543,75,2173,535,74,Finisher,1000
Lisa,Raftis,Lisa Raftis,2219,F65-69,Female,Waterdown,Ontario,Canada,CA,1:46:58,7:31:31,6:05:16,0:12:32,0:13:48,15:50:06,6418,27091,21916,752,828,57006,2174,536,8,2161,552,13,2247,569,13,2174,536,8,Finisher,1000
Shane,Smith,Shane Smith,1158,M55-59,Male,Fairfax,US-VA,United States,US,1:27:53,7:15:15,6:31:08,0:17:20,0:18:53,15:50:29,5273,26115,23468,1040,1133,57029,2175,1639,132,1459,1121,75,2114,1600,130,2175,1639,132,Finisher,1000
Doug,Taylor,Doug Taylor,1404,M65-69,Male,Langley,BC,Canada,CA,1:43:22,6:41:20,6:47:30,0:18:17,0:20:07,15:50:35,6202,24080,24450,1097,1207,57035,2176,1640,37,2107,1573,33,1984,1526,32,2176,1640,37,Finisher,1000
Anne,Stevenson,Anne Stevenson,2062,F60-64,Female,Innisfil,ON,Canada,CA,1:33:31,7:01:00,6:50:21,0:12:37,0:13:08,15:50:38,5611,25260,24621,757,788,57038,2177,537,28,1783,425,13,2031,479,23,2177,537,28,Finisher,1000
Dhon,Gumban,Dhon Gumban,1178,M45-49,Male,Regina,SK,Canada,CA,1:46:26,6:45:01,6:43:21,0:16:12,0:19:42,15:50:44,6386,24301,24201,972,1182,57044,2178,1641,159,2153,1603,153,2037,1556,155,2178,1641,159,Finisher,1000
Brendan,Noonan,Brendan Noonan,2079,M40-44,Male,Ballston Lake,NY,United States,US,1:42:55,7:33:11,6:15:10,0:08:25,0:11:17,15:50:59,6175,27191,22510,505,677,57059,2179,1642,205,2100,1567,196,2222,1664,204,2179,1642,205,Finisher,1000
Nicole,White,Nicole White,1534,F45-49,Female,Pitt Meadows,BC,Canada,CA,1:33:25,7:26:51,6:29:55,0:08:57,0:12:14,15:51:22,5605,26811,23395,537,734,57082,2180,538,75,1774,423,57,2154,527,74,2180,538,75,Finisher,1000
Mike,Matthews,Mike Matthews,895,M35-39,Male,Smiths Falls,ON,Canada,CA,1:43:35,6:44:33,6:49:43,0:12:28,0:21:07,15:51:27,6215,24273,24583,748,1267,57087,2181,1643,182,2111,1576,177,1952,1502,168,2181,1643,182,Finisher,1000
Spencer,Bergstrom,Spencer Bergstrom,2013,M25-29,Male,Aurora,Ontario,Canada,CA,1:22:01,7:35:13,6:17:11,0:19:33,0:17:30,15:51:29,4921,27313,22631,1173,1050,57089,2182,1644,250,992,770,137,2188,1644,244,2182,1644,250,Finisher,1000
Robert,Stewart,Robert Stewart,802,M60-64,Male,Richmond Hill,ON,Canada,CA,1:47:38,7:14:15,6:25:58,0:13:26,0:11:15,15:52:32,6458,26055,23158,806,675,57152,2183,1645,73,2170,1616,73,2179,1638,78,2183,1645,73,Finisher,1000
Cynthia,O’Halloran,Cynthia O’Halloran,1581,F60-64,Female,Oakville,CA-ON,Canada,CA,1:59:18,7:09:53,6:16:08,0:11:52,0:15:27,15:52:38,7158,25793,22568,712,927,57158,2184,539,29,2262,579,33,2204,551,31,2184,539,29,Finisher,1000
Nicholas ,Krapf - Jones,Nicholas Krapf - Jones,1072,M35-39,Male,Toronto,Ontario,Canada,CA,1:41:05,7:36:04,6:09:35,0:12:27,0:13:42,15:52:53,6065,27364,22175,747,822,57173,2185,1646,183,2060,1541,173,2241,1674,182,2185,1646,183,Finisher,1000
Keith,Henry,Keith Henry,2179,M50-54,Male,Cambridge,Ontario,Canada,CA,1:49:27,6:39:53,7:02:17,0:11:23,0:09:58,15:52:57,6567,23993,25337,683,598,57177,2186,1647,186,2199,1634,181,1954,1504,168,2186,1647,186,Finisher,1000
Timothy,Lyons,Timothy Lyons,107,M60-64,Male,Santa Barbara,CA,United States,US,1:38:16,6:15:28,7:06:03,0:26:00,0:27:20,15:53:07,5896,22528,25563,1560,1640,57187,2187,1648,74,1994,1505,65,1754,1374,53,2187,1648,74,Finisher,1000
Danielle ,Dagounis,Danielle Dagounis,1063,F35-39,Female,Fanwood,NJ,United States,US,1:32:56,7:53:51,6:04:44,0:12:06,0:09:53,15:53:30,5576,28431,21884,726,593,57210,2188,540,50,1750,417,43,2264,576,50,2188,540,50,Finisher,1000
Leah,Weprich,Leah Weprich,1681,F35-39,,Carmel,Indiana,United States,US,1:21:07,6:57:39,7:12:48,0:10:33,0:11:22,15:53:30,4867,25059,25968,633,682,57210,2189,541,51,916,195,25,1845,411,41,2189,541,51,Finisher,1000
Shannon,Mannix,Shannon Mannix,444,F30-34,Female,Ludlow,MA,United States,US,1:37:39,7:49:07,6:08:38,0:09:25,0:08:54,15:53:42,5859,28147,22118,565,534,57222,2190,542,82,1977,483,73,2257,574,84,2190,542,82,Finisher,1000
Jessica,Dempsey,Jessica Dempsey,1137,F40-44,Female,Ottawa,ON,Canada,CA,1:48:07,6:57:35,6:46:56,0:08:49,0:12:48,15:54:15,6487,25055,24416,529,768,57255,2191,543,56,2182,559,64,2080,502,54,2191,543,56,Finisher,1000
Patrick,Cross,Patrick Cross,1934,M55-59,Male,Lachine,QC,Canada,CA,1:07:58,6:59:56,7:26:31,0:10:52,0:09:27,15:54:44,4078,25196,26791,652,567,57284,2192,1649,133,156,123,9,1744,1367,107,2192,1649,133,Finisher,1000
Melissa,Gagnon,Melissa Gagnon,2046,F40-44,Female,Ste-Catherine,QC,Canada,CA,1:50:21,7:11:33,6:36:18,0:08:51,0:07:47,15:54:50,6621,25893,23778,531,467,57290,2193,544,57,2209,567,65,2161,530,57,2193,544,57,Finisher,1000
Clint,Cadio,Clint Cadio,1312,M18-24,Male,Toronto,Ontario,Philippines,PH,1:55:06,7:10:35,5:53:57,0:23:45,0:32:21,15:55:44,6906,25835,21237,1425,1941,57344,2194,1650,196,2238,1665,200,2239,1672,198,2194,1650,196,Finisher,1000
Clayton,Schwab,Clayton Schwab,1490,M55-59,Male,Jonestown,TX,United States,US,1:27:28,7:34:22,6:31:33,0:11:52,0:10:37,15:55:52,5248,27262,23493,712,637,57352,2195,1651,134,1430,1098,70,2172,1634,136,2195,1651,134,Finisher,1000
Jean,Maarouf,Jean Maarouf,1649,F65-69,Female,Woodbridge,ON,Canada,CA,1:34:14,7:26:43,6:30:34,0:12:51,0:11:34,15:55:56,5654,26803,23434,771,694,57356,2196,545,9,1828,442,9,2174,539,12,2196,545,9,Finisher,2887
Alfred,Lam,Alfred Lam,1236,M60-64,Male,Scarborough,ON,Canada,CA,1:32:13,7:22:33,6:34:23,0:12:47,0:14:44,15:56:39,5533,26553,23663,767,884,57399,2197,1652,75,1720,1312,50,2144,1623,76,2197,1652,75,Finisher,1000
Stéphane,Lapointe,Stéphane Lapointe,2192,M55-59,Male,Roxton pond,QUEBEC,Canada,CA,1:26:11,7:25:18,6:38:08,0:09:24,0:17:49,15:56:50,5171,26718,23888,564,1069,57410,2198,1653,135,1329,1030,67,2118,1604,132,2198,1653,135,Finisher,1000
Minsan,Kwon,Minsan Kwon,2541,M18-24,Male,St. Catharines,Ontario,Canada,CA,1:23:24,7:48:48,6:15:49,0:14:37,0:15:32,15:58:10,5004,28128,22549,877,932,57490,2199,1654,197,1107,856,124,2230,1666,197,2199,1654,197,Finisher,1000
Isabelle,Lariviere,Isabelle Lariviere,998,F50-54,Female,Prevost,QC,Canada,CA,1:23:44,7:24:30,6:51:20,0:09:02,0:09:48,15:58:24,5024,26670,24680,542,588,57504,2200,546,75,1141,261,26,2094,507,74,2200,546,75,Finisher,1000
Christina,Kaufmann,Christina Kaufmann,1049,F60-64,Female,Wasaga Beach,ON,Canada,CA,1:36:23,6:50:20,7:17:03,0:06:35,0:08:49,15:59:11,5783,24620,26223,395,529,57551,2201,547,30,1920,462,19,1884,423,16,2201,547,30,Finisher,1697
Édouard,Lévesque,Édouard Lévesque,1841,M18-24,Male,Saint-Nicolas,Quebec,Canada,CA,1:54:53,7:42:59,6:02:40,0:09:05,0:10:23,16:00:00,6893,27779,21760,545,623,57600,2202,1655,198,2236,1663,199,2278,1694,201,2202,1655,198,Finisher,1000
Edwin,Siregar,Edwin Siregar,1333,M55-59,Male,Riverside,CA,United States,US,2:00:25,6:43:32,6:46:27,0:14:56,0:14:52,16:00:12,7225,24212,24387,896,892,57612,2203,1656,136,2266,1687,140,2101,1594,128,2203,1656,136,Finisher,1000
Michal,Cerny,Michal Cerny,981,M60-64,Male,Oakville,ON,Canada,CA,1:53:45,6:29:10,7:08:37,0:15:36,0:13:19,16:00:28,6825,23350,25717,936,799,57628,2204,1657,76,2228,1656,77,1937,1495,63,2204,1657,76,Finisher,1000
Elaine,Laroche,Elaine Laroche,827,F60-64,Female,Gatineau,QC,Canada,CA,2:09:13,7:28:26,5:44:43,0:21:41,0:16:38,16:00:41,7753,26906,20683,1301,998,57641,2205,548,31,2284,588,36,2285,587,35,2205,548,31,Finisher,1000
Linda,Beale,Linda Beale,1300,F60-64,Female,CAMAS,WA,United States,US,1:47:48,6:56:05,6:31:19,0:27:07,0:19:19,16:01:38,6468,24965,23479,1627,1159,57698,2206,549,32,2171,555,30,2162,531,28,2206,549,32,Finisher,1000
Lynette,Smith,Lynette Smith,2166,F40-44,Female,Beardstown,IL,United States,US,1:45:53,7:43:41,6:11:06,0:13:23,0:07:55,16:01:58,6353,27821,22266,803,475,57718,2207,550,58,2143,545,63,2271,580,66,2207,550,58,Finisher,1000
Bruce,McLaurin,Bruce McLaurin,1597,M70-74,Male,Ottawa,ON,Canada,CA,2:12:49,7:22:23,5:59:06,0:14:09,0:13:52,16:02:19,7969,26543,21546,849,832,57739,2208,1658,7,2289,1700,8,2279,1695,8,2208,1658,7,Finisher,1000
Jerome Aaron,Mejia,Jerome Aaron Mejia,1299,M35-39,Male,Hamilton,ON,Canada,CA,1:35:41,6:52:46,6:59:22,0:15:17,0:19:26,16:02:32,5741,24766,25162,917,1166,57752,2209,1659,184,1891,1437,163,1998,1535,171,2209,1659,184,Finisher,1000
Sarah,Powers,Sarah Powers,1398,F45-49,Female,Sarasota,FL,United States,US,2:06:14,7:12:19,6:29:25,0:07:15,0:09:11,16:04:24,7574,25939,23365,435,551,57864,2210,551,76,2278,585,81,2228,563,77,2210,551,76,Finisher,1000
Elizabeth,Mizikovsky,Elizabeth Mizikovsky,862,F18-24,Female,Ottawa,Ontario,Canada,CA,1:36:08,7:29:39,6:45:09,0:05:43,0:09:23,16:06:02,5768,26979,24309,343,563,57962,2211,552,42,1908,458,38,2164,533,38,2211,552,42,Finisher,1000
Elizabeth,Model,Elizabeth Model,197,F65-69,Female,Burnaby,BC,Canada,CA,1:31:13,7:09:04,7:07:47,0:08:50,0:09:16,16:06:09,5473,25744,25667,530,556,57969,2212,553,10,1659,389,7,2044,484,8,2212,553,10,Finisher,1000
Jody,Christopher,Jody Christopher,586,F60-64,Female,BURKE,VA,United States,US,1:27:47,7:41:46,6:38:24,0:09:06,0:09:42,16:06:45,5267,27706,23904,546,582,58005,2213,554,33,1451,336,7,2193,547,29,2213,554,33,Finisher,1000
Varun,Kawley,Varun Kawley,758,M18-24,Male,Mississauga,Ontario,Canada,CA,1:13:34,7:03:50,7:26:01,0:14:30,0:09:23,16:07:18,4414,25430,26761,870,563,58038,2214,1660,199,412,328,55,1872,1451,175,2214,1660,199,Finisher,1000
Francois,Duquette,Francois Duquette,1992,M50-54,Male,Montréal,QC,Canada,CA,1:48:00,7:04:13,6:42:31,0:12:03,0:20:45,16:07:32,6480,25453,24151,723,1245,58052,2215,1661,187,2177,1621,180,2134,1615,185,2215,1661,187,Finisher,1000
Devon,Sylvester,Devon Sylvester,2008,M30-34,Male,North Battleford,SK,Canada,CA,1:27:41,7:21:09,6:48:49,0:11:39,0:18:52,16:08:10,5261,26469,24529,699,1132,58090,2216,1662,221,1440,1108,174,2115,1601,214,2216,1662,221,Finisher,1000
Sarah,Verna,Sarah Verna,1330,F30-34,Female,Webster,NY,United States,US,1:37:36,6:53:28,7:25:46,0:05:57,0:05:27,16:08:14,5856,24808,26746,357,327,58094,2217,555,83,1974,482,72,1916,436,70,2217,555,83,Finisher,1000
Ciaran ,Allman,Ciaran Allman,492,M25-29,Male,Ottawa,Ontario,Canada,CA,1:30:21,7:33:22,6:34:26,0:13:04,0:17:38,16:08:51,5421,27202,23666,784,1058,58131,2218,1663,251,1614,1237,209,2187,1643,243,2218,1663,251,Finisher,1000
Harvard,Matt,Harvard Matt,1296,M18-24,Male,Ottawa,Ontario,Canada,CA,1:33:42,7:33:42,6:29:48,0:11:52,0:20:29,16:09:33,5622,27222,23388,712,1229,58173,2219,1664,200,1791,1363,169,2198,1651,196,2219,1664,200,Finisher,1000
Christa,Boudreau,Christa Boudreau,672,F40-44,Female,Fredericton,NB,Canada,CA,1:21:44,6:16:03,8:17:21,0:08:44,0:05:53,16:09:44,4904,22563,29841,524,353,58184,2220,556,59,966,215,22,1320,238,23,2220,556,59,Finisher,1000
Nancy,Elwess,Nancy Elwess,513,F70-74,Female,Dyer,IN,United States,US,1:32:44,7:17:10,6:57:49,0:11:01,0:11:45,16:10:30,5564,26230,25069,661,705,58230,2221,557,1,1743,415,1,2120,516,1,2221,557,1,Finisher,1000
Edward,Cruz,Edward Cruz,1384,M65-69,Male,PENN VALLEY,US-CA,United States,US,1:38:09,5:44:54,8:24:00,0:12:03,0:11:50,16:10:55,5889,20694,30240,723,710,58255,2222,1665,38,1987,1501,28,1126,943,9,2222,1665,38,Finisher,1000
Ali,Duke,Ali Duke,337,F50-54,Female,North Vancouver,BC,Canada,CA,1:48:13,7:25:10,6:32:03,0:15:23,0:10:09,16:10:58,6493,26710,23523,923,609,58258,2223,558,76,2184,560,71,2233,566,77,2223,558,76,Finisher,1244
Shannon,Rexrode,Shannon Rexrode,881,F45-49,Female,Baltimore,MD,United States,US,1:24:30,6:33:36,7:58:22,0:07:05,0:07:49,16:11:22,5070,23616,28702,425,469,58282,2224,559,77,1211,275,38,1588,324,46,2224,559,77,Finisher,1000
Timothy,Andrews,Timothy Andrews,1615,M60-64,Male,St Catharines,ON,Canada,CA,1:21:30,7:10:58,7:20:56,0:08:48,0:09:53,16:12:05,4890,25858,26456,528,593,58325,2225,1666,77,950,742,26,1960,1509,64,2225,1666,77,Finisher,1000
Kanako,Taguchi,Kanako Taguchi,783,F50-54,Female,Shibuya-ku Sendagaya ,JP-13,Japan,JP,1:31:53,7:30:46,6:46:36,0:09:34,0:14:33,16:13:21,5513,27046,24396,574,873,58401,2226,560,77,1693,401,45,2167,536,75,2226,560,77,Finisher,1000
Nate,Cooper,Nate Cooper,1966,M18-24,Male,Toronto,ON,Canada,CA,1:23:18,7:34:37,6:59:58,0:06:57,0:08:32,16:13:22,4998,27277,25198,417,512,58402,2227,1667,201,1094,846,122,2139,1619,192,2227,1667,201,Finisher,1000
Hannah,Traynor,Hannah Traynor,487,F25-29,Female,St. Catharines,ON,Canada,CA,1:39:57,7:45:21,6:34:10,0:06:20,0:07:57,16:13:44,5997,27921,23650,380,477,58424,2228,561,96,2029,505,92,2248,570,96,2228,561,96,Finisher,1000
David,Kennedy,David Kennedy,560,M50-54,Male,Ottawa,ON,Canada,CA,1:39:58,7:21:55,6:44:31,0:14:52,0:13:23,16:14:40,5998,26515,24271,892,803,58480,2229,1668,188,2031,1525,165,2186,1642,187,2229,1668,188,Finisher,1000
Pamela,Pettie,Pamela Pettie,900,F65-69,Female,Calgary,AB,Canada,CA,1:28:52,7:16:11,7:15:28,0:06:27,0:07:47,16:14:45,5332,26171,26128,387,467,58485,2230,562,11,1518,356,6,2060,490,9,2230,562,11,Finisher,1000
Ben,Lycklama,Ben Lycklama,2436,M45-49,Male,Calgary,AB,Canada,CA,1:28:56,6:53:50,7:36:00,0:06:22,0:09:38,16:14:46,5336,24830,27360,382,578,58486,2231,1669,160,1526,1169,104,1843,1433,138,2231,1669,160,Finisher,1000
Valerie,Weber,Valerie Weber,647,F40-44,Female,Fort St John,BC,Canada,CA,1:24:06,7:10:27,7:19:18,0:09:42,0:11:24,16:14:57,5046,25827,26358,582,684,58497,2232,563,60,1175,268,27,2003,467,50,2232,563,60,Finisher,1000
Edwin,Pabitu,Edwin Pabitu,1962,M60-64,Male,Toronto,ON,Philippines,PH,1:54:49,6:56:42,7:03:42,0:11:19,0:08:34,16:15:07,6889,25002,25422,679,514,58507,2233,1670,78,2234,1661,78,2127,1611,73,2233,1670,78,Finisher,1000
Steve,Putman,Steve Putman,634,M55-59,Male,Ottawa,ON,Canada,CA,1:31:47,8:00:07,6:24:42,0:10:11,0:09:39,16:16:27,5507,28807,23082,611,579,58587,2234,1671,137,1686,1287,91,2269,1690,143,2234,1671,137,Finisher,1000
Karine,Champagne,Karine Champagne,1587,F40-44,Female,repentigny,QC,Canada,CA,1:38:21,7:22:19,6:50:07,0:10:20,0:16:10,16:17:17,5901,26539,24607,620,970,58637,2235,564,61,1998,490,54,2163,532,58,2235,564,61,Finisher,1000
Daniel,Dufour,Daniel Dufour,2251,M55-59,Male,Elizabethtown,ON,Canada,CA,1:35:32,7:05:43,7:08:27,0:12:32,0:15:16,16:17:30,5732,25543,25707,752,916,58650,2236,1672,138,1888,1434,104,2072,1575,124,2236,1672,138,Finisher,1000
Craig,Clow,Craig Clow,1995,M70-74,Male,LaSalle,QC,Canada,CA,1:31:19,6:59:03,7:19:16,0:13:21,0:14:50,16:17:49,5479,25143,26356,801,890,58669,2237,1673,8,1667,1274,5,1997,1534,5,2237,1673,8,Finisher,1000
Grisel,Saez,Grisel Saez,229,F65-69,Female,NORFOLK,VA,United States,US,1:44:24,7:18:51,6:54:44,0:08:39,0:12:03,16:18:41,6264,26331,24884,519,723,58721,2238,565,12,2123,539,12,2165,534,11,2238,565,12,Finisher,2614
PHILLIP,CHONG,PHILLIP CHONG,2396,M55-59,Male,MARKHAM,Ontario,Canada,CA,1:49:05,7:39:52,6:04:44,0:23:03,0:22:05,16:18:49,6545,27592,21884,1383,1325,58729,2239,1674,139,2195,1631,129,2281,1696,144,2239,1674,139,Finisher,1000
John,Josey,John Josey,1064,M50-54,Male,Timberlea,NS,Canada,CA,1:27:43,7:15:57,6:45:50,0:15:28,0:34:06,16:19:04,5263,26157,24350,928,2046,58744,2240,1675,189,1443,1111,114,2103,1595,181,2240,1675,189,Finisher,1000
Kenzie,Lorraine,Kenzie Lorraine,791,F18-24,Female,Ottawa,ON,Canada,CA,1:26:17,7:41:25,6:44:27,0:17:21,0:10:27,16:19:58,5177,27685,24267,1041,627,58798,2241,566,43,1340,300,26,2225,561,43,2241,566,43,Finisher,1000
Virginia,Mech,Virginia Mech,919,F60-64,Female,OAKVILLE,ON,Canada,CA,1:25:03,7:46:57,6:43:26,0:13:01,0:11:32,16:19:58,5103,28017,24206,781,692,58798,2242,567,34,1255,284,5,2223,559,33,2242,567,34,Finisher,1000
Ben,O'Donnell,Ben O'Donnell,24,M45-49,Male,Moncton,NB,Canada,CA,1:45:50,7:50:56,6:29:35,0:08:48,0:06:03,16:21:11,6350,28256,23375,528,363,58871,2243,1676,161,2142,1598,151,2273,1692,161,2243,1676,161,Finisher,1000
Joanie,Gregoire,Joanie Gregoire,1122,F40-44,Female,Québec,Quebec,Canada,CA,1:29:10,7:02:40,7:26:04,0:11:15,0:12:13,16:21:21,5350,25360,26764,675,733,58881,2244,568,62,1540,360,42,1986,459,47,2244,568,62,Finisher,1000
Benoit,Leglise,Benoit Leglise,1358,M55-59,Male,Val-des-Monts,QC,Canada,CA,1:41:11,6:46:53,7:21:26,0:15:15,0:16:52,16:21:38,6071,24413,26486,915,1012,58898,2245,1677,140,2064,1543,117,1991,1530,120,2245,1677,140,Finisher,1000
Adam,Szkraba,Adam Szkraba,953,M30-34,Male,Ottawa,ON,Canada,CA,1:24:13,6:54:51,7:35:11,0:13:36,0:13:48,16:21:39,5053,24891,27311,816,828,58899,2246,1678,222,1185,916,143,1879,1458,201,2246,1678,222,Finisher,1000
Heather,Canali,Heather Canali,2398,F50-54,Female,Port Dover,Ontario,Canada,CA,2:06:55,7:24:11,6:25:06,0:15:09,0:11:11,16:22:32,7615,26651,23106,909,671,58952,2247,569,78,2280,587,79,2276,583,79,2247,569,78,Finisher,1000
Gael,Rayes-Dominguez,Gael Rayes-Dominguez,2566,M18-24,Male,Ottawa,ON,Canada,CA,1:59:18,8:20:25,5:47:33,0:07:56,0:08:13,16:23:25,7158,30025,20853,476,493,59005,2248,1679,202,2261,1683,203,2298,1705,205,2248,1679,202,Finisher,1000
Darren,Helderweirt,Darren Helderweirt,1935,M55-59,Male,Airdrie,AB,Canada,CA,1:44:18,6:56:09,7:06:56,0:14:10,0:22:07,16:23:40,6258,24969,25616,850,1327,59020,2249,1680,141,2120,1582,122,2082,1580,126,2249,1680,141,Finisher,1000
Sarah,Robertson,Sarah Robertson,1662,F45-49,Female,Kithener,ON,Canada,CA,1:42:06,7:39:40,6:53:14,0:05:26,0:04:48,16:25:14,6126,27580,24794,326,288,59114,2250,570,78,2083,529,70,2231,565,78,2250,570,78,Finisher,1000
Mark ,Turney ,Mark Turney,2316,M45-49,Male,Tara,ON,Canada,CA,1:55:32,7:54:06,6:08:33,0:13:34,0:13:36,16:25:20,6932,28446,22113,814,816,59120,2251,1681,162,2244,1669,160,2287,1700,162,2251,1681,162,Finisher,1000
Leah,Mccann,Leah Mccann,429,F45-49,Female,burlington,ON,Canada,CA,1:21:04,7:27:45,7:12:55,0:10:26,0:13:13,16:25:22,4864,26865,25975,626,793,59122,2252,571,79,915,194,27,2105,510,72,2252,571,79,Finisher,1000
Florian,Ménard,Florian Ménard,2401,M25-29,Male,Dupuy,QC,Canada,CA,1:43:59,8:29:50,5:58:39,0:08:38,0:04:17,16:25:24,6239,30590,21519,518,257,59124,2253,1682,252,2119,1581,246,2296,1704,254,2253,1682,252,Finisher,1000
Alison,Lavoie,Alison Lavoie,2529,F18-24,Female,Québec,Quebec,Canada,CA,1:33:53,7:35:41,6:57:33,0:11:31,0:06:48,16:25:27,5633,27341,25053,691,408,59127,2254,572,44,1806,434,37,2205,552,41,2254,572,44,Finisher,1000
Benjamin,Haithcock,Benjamin Haithcock,929,M55-59,Male,DURHAM,NC,United States,US,1:49:10,7:00:54,7:21:48,0:06:58,0:06:48,16:25:37,6550,25254,26508,418,408,59137,2255,1683,142,2197,1633,130,2092,1586,127,2255,1683,142,Finisher,1000
Wesley,Belanger,Wesley Belanger,796,M55-59,Male,Toronto,ON,Canada,CA,1:59:48,7:14:37,6:54:34,0:09:25,0:08:05,16:26:29,7188,26077,24874,565,485,59189,2256,1684,143,2263,1684,139,2220,1662,140,2256,1684,143,Finisher,1000
Alain,Dube,Alain Dube,433,M55-59,Male,Gatineau,QC,Canada,CA,1:42:08,7:41:20,6:35:18,0:14:49,0:14:11,16:27:46,6128,27680,23718,889,851,59266,2257,1685,144,2085,1556,118,2263,1688,142,2257,1685,144,Finisher,1000
Benoît,GAMACHE,Benoît GAMACHE,1552,M60-64,Male,Brossard,QC,Canada,CA,1:38:20,7:01:48,7:08:23,0:20:19,0:19:35,16:28:24,5900,25308,25703,1219,1175,59304,2258,1686,79,1996,1507,66,2111,1598,72,2258,1686,79,Finisher,1000
Peter,Smolik,Peter Smolik,70,M65-69,Male,Delta,BC,Canada,CA,1:33:04,6:55:49,7:29:37,0:14:49,0:15:44,16:29:04,5584,24949,26977,889,944,59344,2259,1687,39,1761,1341,23,1996,1533,34,2259,1687,39,Finisher,1000
Scott,Mcinnes,Scott Mcinnes,1517,M50-54,Male,Holstein,ON,Canada,CA,1:18:30,7:31:55,7:11:17,0:10:32,0:17:15,16:29:29,4710,27115,25877,632,1035,59369,2260,1688,190,739,575,57,2121,1605,182,2260,1688,190,Finisher,1000
ken,sidloski,ken sidloski,786,M50-54,Male,Winnipeg,Manitoba,Canada,CA,1:27:05,7:20:17,7:17:04,0:11:01,0:14:25,16:29:52,5225,26417,26224,661,865,59392,2261,1689,191,1391,1069,109,2098,1591,180,2261,1689,191,Finisher,1000
Trevor,Thieme,Trevor Thieme,1315,M40-44,Male,Eaton,NY,United States,US,1:42:20,7:36:10,6:39:59,0:16:05,0:15:20,16:29:54,6140,27370,23999,965,920,59394,2262,1690,206,2088,1558,193,2254,1682,205,2262,1690,206,Finisher,1000
Ron,Plichta,Ron Plichta,663,M65-69,Male,Fairfax,VA,United States,US,1:25:45,7:03:33,7:41:40,0:10:21,0:10:22,16:31:41,5145,25413,27700,621,622,59501,2263,1691,40,1304,1010,9,1946,1499,29,2263,1691,40,Finisher,1000
Melissa,Donahue,Melissa Donahue,439,F40-44,Female,WILLOWICK,OH,United States,US,1:56:40,7:09:26,7:03:02,0:09:05,0:14:04,16:32:17,7000,25766,25382,545,844,59537,2264,573,63,2251,577,67,2177,540,60,2264,573,63,Finisher,1000
Yousef,Hafez,Yousef Hafez,2619,M18-24,Male,London,Ontario,Egypt,EG,1:34:39,8:17:51,5:53:48,0:17:10,0:29:27,16:32:56,5679,29871,21228,1030,1767,59576,2265,1692,203,1849,1405,176,2290,1701,202,2265,1692,203,Finisher,1000
Maryann,Keith,Maryann Keith,1502,F45-49,Female,Reston,US-VA,United States,US,1:30:56,8:04:51,6:35:13,0:09:50,0:12:18,16:33:08,5456,29091,23713,590,738,59588,2266,574,80,1643,384,49,2274,582,81,2266,574,80,Finisher,1000
SONJA,ADCOCK,SONJA ADCOCK,494,F65-69,Female,Orléans,Ontario,Canada,CA,1:50:40,7:24:19,6:46:04,0:17:43,0:14:24,16:33:10,6640,26659,24364,1063,864,59590,2267,575,13,2213,569,14,2251,571,14,2267,575,13,Finisher,2440
Tiffani,Morgan,Tiffani Morgan,728,F30-34,Female,Clarence-Rockland,Ontario,Canada,CA,1:41:36,7:58:24,6:36:54,0:09:26,0:07:02,16:33:23,6096,28704,23814,566,422,59603,2268,576,84,2076,527,82,2280,585,85,2268,576,84,Finisher,1000
Adrien,Dellah,Adrien Dellah,2526,M25-29,Male,Winchester,Ontario,Canada,CA,1:56:52,7:31:50,6:34:33,0:09:18,0:20:54,16:33:28,7012,27110,23673,558,1254,59608,2269,1693,253,2252,1675,252,2261,1686,250,2269,1693,253,Finisher,1000
Dennis,Getz,Dennis Getz,691,M30-34,Male,Scheeßel,Lower Saxony,Germany,DE,1:46:32,6:46:50,7:34:27,0:11:15,0:14:40,16:33:44,6392,24410,27267,675,880,59624,2270,1694,223,2154,1604,219,2006,1538,210,2270,1694,223,Finisher,1000
Varun,Singh,Varun Singh,625,M30-34,Male,Greater Noida,UP,India,IN,1:37:38,7:41:05,6:48:59,0:10:56,0:15:08,16:33:46,5858,27665,24539,656,908,59626,2271,1695,224,1976,1494,205,2243,1675,225,2271,1695,224,Finisher,1000
Alexander,Kavadas,Alexander Kavadas,1105,M25-29,Male,Southington,CT,United States,US,1:23:58,7:42:58,6:59:13,0:16:10,0:11:28,16:33:48,5038,27778,25153,970,688,59628,2272,1696,254,1164,898,154,2216,1659,245,2272,1696,254,Finisher,1000
Alexander,Kavadas,Alexander Kavadas,1106,F30-34,Male,Southington,CT,United States,US,1:38:12,7:32:57,6:59:13,0:12:15,0:11:15,16:33:52,5892,27177,25153,735,675,59632,2273,577,85,1990,487,74,2217,558,81,2273,577,85,Finisher,1000
Leslie,Boerkamp,Leslie Boerkamp,1834,F45-49,Female,Atwood,ON,Canada,CA,2:12:56,7:18:00,6:47:09,0:09:45,0:09:56,16:37:46,7976,26280,24429,585,596,59866,2274,578,81,2290,590,82,2266,578,80,2274,578,81,Finisher,1000
Silvia,Chaves Madrigal,Silvia Chaves Madrigal,1074,F40-44,Female,Escazú,SAN JOSE,Costa Rica,CR,1:50:39,8:06:36,6:17:37,0:12:40,0:10:40,16:38:12,6639,29196,22657,760,640,59892,2275,579,64,2212,568,66,2291,590,67,2275,579,64,Finisher,1000
Annie ,Gagnon,Annie Gagnon,1584,F50-54,Female,Mascouche,QC,Canada,CA,1:33:44,6:30:20,8:07:12,0:10:36,0:17:31,16:39:23,5624,23420,29232,636,1051,59963,2276,580,79,1797,430,49,1700,359,49,2276,580,79,Finisher,1000
wilfred,Kimberley,wilfred Kimberley,2243,M50-54,Male,Stevensville,ON,Canada,CA,1:50:01,7:20:14,7:09:33,0:09:01,0:10:51,16:39:40,6601,26414,25773,541,651,59980,2277,1697,192,2205,1639,182,2197,1650,188,2277,1697,192,Finisher,1000
Hisayo,Tominaga,Hisayo Tominaga,805,F45-49,Female,Musashino-shi,JP-13,Japan,JP,1:58:18,7:27:50,6:29:07,0:20:16,0:25:21,16:40:51,7098,26870,23347,1216,1521,60051,2278,581,82,2259,578,79,2277,584,82,2278,581,82,Finisher,1000
Amanda,Harris,Amanda Harris,705,F40-44,Female,SAMMAMISH,WA,United States,US,1:28:17,7:44:27,6:52:36,0:21:00,0:16:28,16:42:49,5297,27867,24756,1260,988,60169,2279,582,65,1483,345,40,2253,572,65,2279,582,65,Finisher,1000
Pat,Buchik,Pat Buchik,743,F70-74,Female,Ottawa,Ontario,Canada,CA,1:43:43,8:19:15,6:10:10,0:18:17,0:12:01,16:43:25,6223,29955,22210,1097,721,60205,2280,583,2,2115,537,2,2295,592,2,2280,583,2,Finisher,1000
Michelle,Rumney,Michelle Rumney,2047,F60-64,Female,Barrie,ON,Canada,CA,1:33:57,7:00:49,7:41:02,0:11:09,0:17:25,16:44:21,5637,25249,27662,669,1045,60261,2281,584,35,1810,436,15,2018,474,22,2281,584,35,Finisher,1000
Daniel,Mallory,Daniel Mallory,1223,M75-79,Male,barrie,ON,Canada,CA,1:30:57,7:18:33,7:15:35,0:15:45,0:23:55,16:44:46,5457,26313,26135,945,1435,60286,2282,1698,2,1645,1261,1,2140,1620,2,2282,1698,2,Finisher,1000
Henrique,Moreira,Henrique Moreira,500,M18-24,Male,Montreal,Quebec,Brazil,BR,1:38:03,8:27:36,6:22:41,0:07:15,0:09:19,16:44:53,5883,30456,22961,435,559,60293,2283,1699,204,1985,1499,189,2292,1702,203,2283,1699,204,Finisher,1000
kevin,tonuzco,kevin tonuzco,726,M18-24,Male,Brossard,QC,Canada,CA,2:04:16,7:56:07,6:26:31,0:12:34,0:07:19,16:46:47,7456,28567,23191,754,439,60407,2284,1700,205,2274,1692,205,2293,1703,204,2284,1700,205,Finisher,1000
Megann,Wall,Megann Wall,2186,F25-29,Female,Ottawa,ON,Canada,CA,1:40:19,7:40:01,6:56:10,0:16:00,0:14:23,16:46:52,6019,27601,24970,960,863,60412,2285,585,97,2043,512,93,2258,575,97,2285,585,97,Finisher,1000
Kayla,Delpino,Kayla Delpino,707,F25-29,Female,Cleveland,Ohio,United States,US,1:39:27,7:32:06,7:19:51,0:09:17,0:06:46,16:47:27,5967,27126,26391,557,406,60447,2286,586,98,2019,501,90,2202,549,94,2286,586,98,Finisher,1000
Lisa,Stanton,Lisa Stanton,1893,F40-44,Female,Russell,PA,United States,US,1:17:03,7:50:25,7:12:08,0:15:30,0:13:03,16:48:09,4623,28225,25928,930,783,60489,2287,587,66,629,132,16,2215,557,64,2287,587,66,Finisher,1000
Blaise,Power,Blaise Power,1664,F35-39,Female,Trenton,Ontario,Canada,CA,2:13:53,7:45:43,6:23:03,0:16:07,0:09:59,16:48:45,8033,27943,22983,967,599,60525,2288,588,52,2293,591,52,2294,591,52,2288,588,52,Finisher,1000
Jeff,Roberts,Jeff Roberts,1111,M65-69,Male,Hamilton,ON,Canada,CA,1:35:29,7:15:17,7:27:41,0:16:01,0:14:40,16:49:09,5729,26117,26861,961,880,60549,2289,1701,41,1886,1433,26,2143,1622,37,2289,1701,41,Finisher,1000
Jessica,Gerdes,Jessica Gerdes,54,F40-44,Female,LITTLETON,CO,United States,US,1:38:27,7:31:09,7:15:29,0:11:30,0:12:36,16:49:11,5907,27069,26129,690,756,60551,2290,589,67,2001,491,55,2206,553,62,2290,589,67,Finisher,1000
Steve,Benoit,Steve Benoit,132,M60-64,Male,Otsego,MN,United States,US,1:45:17,7:04:21,7:34:03,0:14:49,0:11:32,16:50:02,6317,25461,27243,889,692,60602,2291,1702,80,2134,1593,72,2136,1617,75,2291,1702,80,Finisher,1000
Leslie,Smith,Leslie Smith,378,F30-34,Female,Malvern,PA,United States,US,1:21:08,8:39:15,6:37:04,0:06:04,0:07:59,16:51:29,4868,31155,23824,364,479,60689,2292,590,86,917,196,33,2288,588,86,2292,590,86,Finisher,1000
Guy,Prevost,Guy Prevost,992,M65-69,Male,St Lazare,QC,Canada,CA,1:39:00,7:46:19,6:51:14,0:11:49,0:23:44,16:52:06,5940,27979,24674,709,1424,60726,2293,1703,42,2013,1516,29,2259,1684,42,2293,1703,42,Finisher,1000
Candy,Giles,Candy Giles,55,F65-69,Female,DENVER,CO,United States,US,1:40:24,7:16:23,7:33:17,0:12:04,0:10:14,16:52:22,6024,26183,27197,724,614,60742,2294,591,14,2045,513,11,2150,524,10,2294,591,14,Finisher,1000
Nelson,Hernandez,Nelson Hernandez,2546,M30-34,Male,Waterloo,ON,Canada,CA,1:43:41,6:07:00,8:48:32,0:10:49,0:09:30,16:59:31,6221,22020,31712,649,570,61171,2295,1704,225,2114,1578,217,1542,1237,175,2295,1704,225,Finisher,1000
Kimberley,Ouellette,Kimberley Ouellette,1937,F40-44,Female,Bracebridge,ON,Canada,CA,2:09:29,8:06:54,6:44:13,0:06:41,0:05:49,17:13:06,7769,29214,24253,401,349,61986,2296,592,68,2286,589,68,2297,593,68,2296,592,68,Finisher,1000
Deborah,Vincent,Deborah Vincent,1143,F60-64,Female,Toronto,ON,Canada,CA,1:28:26,8:28:10,6:50:21,0:12:43,0:16:55,17:16:35,5306,30490,24621,763,1015,62195,2297,593,36,1494,349,9,2289,589,36,2297,593,36,Finisher,1000
Jean,Ste-Marie,Jean Ste-Marie,1823,M35-39,Male,Timmins,CA-QC,Canada,CA,1:36:39,8:10:22,7:36:52,0:06:33,0:05:08,17:35:34,5799,29422,27412,393,308,63334,2298,1705,185,1934,1467,167,2283,1698,185,2298,1705,185,Finisher,1000
Rob,Allen,Rob Allen,1697,M55-59,Male,Cornwall,ON,Canada,CA,1:08:42,,,0:04:06,0:00:00,,4122,0,0,246,0,0,99999,99999,99999,99999,99999,99999,99999,99999,99999,99999,99999,99999,DNF,0
Kaja,Neset,Kaja Neset,1650,F18-24,Female,St. Albert,Alberta,Canada,CA,1:49:19,8:38:01,6:25:54,0:08:24,0:04:19,17:05:57,6559,31081,23154,504,259,61557,99999,99999,99999,99999,99999,99999,99999,99999,99999,99999,99999,99999,Unofficial,0
Lamont,Hames,Lamont Hames,1815,M55-59,Male,FALLS CHURCH,US-VA,United States,US,2:35:26,,,0:00:00,0:00:00,,9326,0,0,0,0,0,99999,99999,99999,99999,99999,99999,99999,99999,99999,99999,99999,99999,DNF,0
Luc,Cournoyer,Luc Cournoyer,1706,M55-59,Male,Lac Sainte-Marie,QUEBEC,Canada,CA,,,,0:00:00,0:00:00,,0,0,0,0,0,0,99999,99999,99999,99999,99999,99999,99999,99999,99999,99999,99999,99999,DNS,0
Jessy,Wang,Jessy Wang,2624,F55-59,Female,Hillsboro,US-OR,United States,US,2:25:19,,,0:00:00,0:00:00,,8719,0,0,0,0,0,99999,99999,99999,99999,99999,99999,99999,99999,99999,99999,99999,99999,DNF,0
Yannick,Massicotte,Yannick Massicotte,203,M30-34,Male,Sainte adele,QC,Canada,CA,1:16:50,,,0:05:15,0:00:00,,4610,0,0,315,0,0,99999,99999,99999,99999,99999,99999,99999,99999,99999,99999,99999,99999,DNF,0
Marc,Thibault,Marc Thibault,1154,M70-74,Male,quebec,QC,Canada,CA,1:46:23,,,0:00:00,0:00:00,,6383,0,0,0,0,0,99999,99999,99999,99999,99999,99999,99999,99999,99999,99999,99999,99999,DNF,0
Frank,Brennan,Frank Brennan,1825,M75-79,Male,Toronto,ON,Canada,CA,2:47:16,7:27:07,,0:13:54,0:00:00,,10036,26827,0,834,0,0,99999,99999,99999,99999,99999,99999,99999,99999,99999,99999,99999,99999,DNF,0
Laurent,LEMONNIER,Laurent LEMONNIER,158,M40-44,Male,Beaurepaire,FR-85,France,FR,1:07:17,5:25:52,,0:04:14,0:11:28,,4037,19552,0,254,688,0,99999,99999,99999,99999,99999,99999,99999,99999,99999,99999,99999,99999,DNF,0
Grace,Pidduck,Grace Pidduck,671,F65-69,Female,Waterloo,ON,Canada,CA,2:28:39,,,0:10:05,0:00:00,,8919,0,0,605,0,0,99999,99999,99999,99999,99999,99999,99999,99999,99999,99999,99999,99999,DNF,0
Louis-Michel,Lavallee,Louis-Michel Lavallee,2377,M35-39,Male,gatineau,QC,Canada,CA,,,,0:00:00,0:00:00,,0,0,0,0,0,0,99999,99999,99999,99999,99999,99999,99999,99999,99999,99999,99999,99999,DNS,0
Wendy,Tokach,Wendy Tokach,787,F45-49,Female,Palmer,ALASKA,United States,US,1:28:44,,,0:12:43,0:00:00,,5324,0,0,763,0,0,99999,99999,99999,99999,99999,99999,99999,99999,99999,99999,99999,99999,DNF,0
Lawrence,Bautista,Lawrence Bautista,1781,M40-44,Male,London,ON,Philippines,PH,1:31:18,,,0:05:50,0:00:00,,5478,0,0,350,0,0,99999,99999,99999,99999,99999,99999,99999,99999,99999,99999,99999,99999,DNF,0
Timothy,Bracken,Timothy Bracken,2078,M50-54,Male,Montreal,QC,Canada,CA,,,,0:00:00,0:00:00,,0,0,0,0,0,0,99999,99999,99999,99999,99999,99999,99999,99999,99999,99999,99999,99999,DNS,0
Stephanie,Rivest,Stephanie Rivest,660,F50-54,Female,Penticton,BC,Canada,CA,1:23:33,7:24:50,,0:09:01,0:42:10,,5013,26690,0,541,2530,0,99999,99999,99999,99999,99999,99999,99999,99999,99999,99999,99999,99999,DNF,0
Jan,Beltran,Jan Beltran,2152,M18-24,Male,Vancouver,British Columbia,Philippines,PH,2:21:46,7:29:50,6:21:50,0:05:34,0:07:42,16:26:43,8506,26990,22910,334,462,59203,99999,99999,99999,99999,99999,99999,99999,99999,99999,99999,99999,99999,Unofficial,0
Lindsay,Craig,Lindsay Craig,2150,F40-44,Female,Hamilton,NJ,United States,US,2:24:02,8:19:27,,0:07:05,0:05:35,,8642,29967,0,425,335,0,99999,99999,99999,99999,99999,99999,99999,99999,99999,99999,99999,99999,DNF,0
Manon,Mercier,Manon Mercier,1134,F65-69,Female,quebec,QC,Canada,CA,1:44:08,,,0:07:32,0:00:00,,6248,0,0,452,0,0,99999,99999,99999,99999,99999,99999,99999,99999,99999,99999,99999,99999,DNF,0
Francois,Nantel,Francois Nantel,1202,M60-64,Male,Montreal,QC,Canada,CA,2:04:27,6:51:06,,0:05:40,0:06:49,,7467,24666,0,340,409,0,99999,99999,99999,99999,99999,99999,99999,99999,99999,99999,99999,99999,DNF,0
Jonathan,Mai,Jonathan Mai,2607,M35-39,Male,KISSIMMEE,FL,United States,US,2:42:13,,,0:00:00,0:00:00,,9733,0,0,0,0,0,99999,99999,99999,99999,99999,99999,99999,99999,99999,99999,99999,99999,DNF,0
brian,wall,brian wall,874,M60-64,Male,Stittsville,Ontario,Canada,CA,1:58:03,7:44:48,6:46:29,0:21:59,0:16:40,17:07:58,7083,27888,24389,1319,1000,61678,99999,99999,99999,99999,99999,99999,99999,99999,99999,99999,99999,99999,Unofficial,0
Laura,England,Laura England,2010,F25-29,Female,Whitby,ON,Canada,CA,1:12:04,,,0:11:46,0:00:00,,4324,0,0,706,0,0,99999,99999,99999,99999,99999,99999,99999,99999,99999,99999,99999,99999,DNF,0
Alexandra,Vaillancourt,Alexandra Vaillancourt,2530,F18-24,Female,Québec,QC,Canada,CA,1:48:27,8:39:56,6:53:18,0:09:39,0:07:12,17:38:32,6507,31196,24798,579,432,63512,99999,99999,99999,99999,99999,99999,99999,99999,99999,99999,99999,99999,Unofficial,0
Colleen,O'Brien,Colleen O'Brien,1474,F55-59,Female,St. John’s ,NL,Canada,CA,2:13:10,,,0:00:00,0:00:00,,7990,0,0,0,0,0,99999,99999,99999,99999,99999,99999,99999,99999,99999,99999,99999,99999,DNF,0
John,Mitchell,John Mitchell,822,M65-69,Male,KeMpTvILlE,ON,Canada,CA,1:38:55,,,0:07:59,0:00:00,,5935,0,0,479,0,0,99999,99999,99999,99999,99999,99999,99999,99999,99999,99999,99999,99999,DNF,0
Jonathan,Payne-adams,Jonathan Payne-adams,1431,M35-39,Male,Montréal,QC,Canada,CA,2:49:20,,,0:00:00,0:00:00,,10160,0,0,0,0,0,99999,99999,99999,99999,99999,99999,99999,99999,99999,99999,99999,99999,DNF,0
Beatrice,Van Horne,Beatrice Van Horne,74,F75-79,Female,Corvallis,OR,United States,US,1:42:25,7:07:04,,0:13:05,0:09:52,,6145,25624,0,785,592,0,99999,99999,99999,99999,99999,99999,99999,99999,99999,99999,99999,99999,DNF,0
Mackenzie,Wilson,Mackenzie Wilson,1113,F30-34,Female,Ottawa,ON,Canada,CA,1:28:30,,,0:06:23,0:00:00,,5310,0,0,383,0,0,99999,99999,99999,99999,99999,99999,99999,99999,99999,99999,99999,99999,DNF,0
Kassidy,Greulich,Kassidy Greulich,2197,F25-29,Female,Cambridge,ON,Canada,CA,1:22:22,6:44:42,,0:05:31,0:07:50,,4942,24282,0,331,470,0,99999,99999,99999,99999,99999,99999,99999,99999,99999,99999,99999,99999,DNF,0
Colum,McKinley,Colum McKinley,1467,M55-59,Male,Aurora,ON,Canada,CA,1:34:10,5:46:06,,0:12:06,0:08:33,,5650,20766,0,726,513,0,99999,99999,99999,99999,99999,99999,99999,99999,99999,99999,99999,99999,DNF,0
Marek,Dobrzycki,Marek Dobrzycki,206,M45-49,Male,Warszawa,PL-MZ,Poland,PL,1:06:29,,,0:03:35,0:00:00,,3989,0,0,215,0,0,99999,99999,99999,99999,99999,99999,99999,99999,99999,99999,99999,99999,DNF,0
Tyler,Murray,Tyler Murray,341,M25-29,Male,Aurora,Ontario,Canada,CA,1:11:23,,,0:00:00,0:00:00,,4283,0,0,0,0,0,99999,99999,99999,99999,99999,99999,99999,99999,99999,99999,99999,99999,DNF,0
Arie,Merrin,Arie Merrin,114,M60-64,Male,Langley,BC,Canada,CA,,,,0:00:00,0:00:00,,0,0,0,0,0,0,99999,99999,99999,99999,99999,99999,99999,99999,99999,99999,99999,99999,DNS,0
Jeff,Stoveld,Jeff Stoveld,1929,M40-44,Male,Oxford Station,ON,Canada,CA,,,,0:00:00,0:00:00,,0,0,0,0,0,0,99999,99999,99999,99999,99999,99999,99999,99999,99999,99999,99999,99999,DNS,0
Mélanie ,Levesque,Mélanie Levesque,400,F50-54,Female,st-damase,QC,Canada,CA,1:37:40,,,0:12:45,0:00:00,,5860,0,0,765,0,0,99999,99999,99999,99999,99999,99999,99999,99999,99999,99999,99999,99999,DNF,0
Erin,Mayo,Erin Mayo,901,F45-49,Female,Portugal Cove - St. Phillips,NL,Canada,CA,1:23:15,,,0:04:46,0:00:00,,4995,0,0,286,0,0,99999,99999,99999,99999,99999,99999,99999,99999,99999,99999,99999,99999,DNF,0
Troy,Hacke,Troy Hacke,1159,M25-29,Male,Guelph,Ontario,Canada,CA,1:50:57,7:53:23,6:57:27,0:10:48,0:13:36,17:06:12,6657,28403,25047,648,816,61572,99999,99999,99999,99999,99999,99999,99999,99999,99999,99999,99999,99999,Unofficial,0
Alejandra,Badillo-Taub,Alejandra Badillo-Taub,1276,F50-54,Female,Sleepy Hollow,New York,United States,US,1:16:40,,,0:15:35,0:00:00,,4600,0,0,935,0,0,99999,99999,99999,99999,99999,99999,99999,99999,99999,99999,99999,99999,DNF,0
Molly,English-Bowers,Molly English-Bowers,1739,F65-69,Female,Liverpool,NY,United States,US,1:47:48,,,0:07:51,0:00:00,,6468,0,0,471,0,0,99999,99999,99999,99999,99999,99999,99999,99999,99999,99999,99999,99999,DNF,0
Rick,Hein,Rick Hein,1227,M60-64,Male,Fonthill,ON,Canada,CA,2:28:08,,,0:00:00,0:00:00,,8888,0,0,0,0,0,99999,99999,99999,99999,99999,99999,99999,99999,99999,99999,99999,99999,DNF,0
Abraham ,Bollozos ,Abraham Bollozos,528,M60-64,Male,Eagle River,Alaska,United States,US,,,,0:00:00,0:00:00,,0,0,0,0,0,0,99999,99999,99999,99999,99999,99999,99999,99999,99999,99999,99999,99999,DNS,0
Thomas,Champagne,Thomas Champagne,451,M18-24,Male,Mirabel,Quebec,Canada,CA,,,,0:00:00,0:00:00,,0,0,0,0,0,0,99999,99999,99999,99999,99999,99999,99999,99999,99999,99999,99999,99999,DNS,0
Meera,Ruparelia,Meera Ruparelia,1903,F45-49,Female,Brockville,ON,Canada,CA,1:46:27,,,0:00:00,0:00:00,,6387,0,0,0,0,0,99999,99999,99999,99999,99999,99999,99999,99999,99999,99999,99999,99999,DNF,0
John,Wragg,John Wragg,597,M75-79,Male,mississauga,ON,Canada,CA,1:33:06,,,0:10:14,0:00:00,,5586,0,0,614,0,0,99999,99999,99999,99999,99999,99999,99999,99999,99999,99999,99999,99999,DNF,0
holly,hayball,holly hayball,632,F30-34,Female,Stittsville,Ontario,Canada,CA,2:13:13,,,0:00:00,0:00:00,,7993,0,0,0,0,0,99999,99999,99999,99999,99999,99999,99999,99999,99999,99999,99999,99999,DNF,0
Glen,Day,Glen Day,1454,M40-44,Male,Ottawa,ON,Canada,CA,,,,0:00:00,0:00:00,,0,0,0,0,0,0,99999,99999,99999,99999,99999,99999,99999,99999,99999,99999,99999,99999,DNS,0
Vayzel,Lee,Vayzel Lee,1696,M65-69,Male,Ottawa,ON,Canada,CA,1:33:31,7:38:36,,0:13:47,0:00:00,,5611,27516,0,827,0,0,99999,99999,99999,99999,99999,99999,99999,99999,99999,99999,99999,99999,DNF,0
Rengie,Muelle,Rengie Muelle,564,M40-44,Male,Gatineau,QC,Canada,CA,,,,0:00:00,0:00:00,,0,0,0,0,0,0,99999,99999,99999,99999,99999,99999,99999,99999,99999,99999,99999,99999,DNS,0
Michael,Pow,Michael Pow,289,M45-49,Male,Los Altos,US-CA,United States,US,,,,0:00:00,0:00:00,,0,0,0,0,0,0,99999,99999,99999,99999,99999,99999,99999,99999,99999,99999,99999,99999,DNS,0
Daniel,segura,Daniel segura,606,M55-59,Male,Gatineau,QC,Canada,CA,1:44:10,6:51:49,,0:18:10,0:12:16,,6250,24709,0,1090,736,0,99999,99999,99999,99999,99999,99999,99999,99999,99999,99999,99999,99999,DNF,0
David,Crone,David Crone,1569,M65-69,Male,North Vancouver,BC,Canada,CA,1:17:00,5:49:38,,0:06:22,0:04:27,,4620,20978,0,382,267,0,99999,99999,99999,99999,99999,99999,99999,99999,99999,99999,99999,99999,DNF,0
Leonardo,Moreira,Leonardo Moreira,501,M50-54,Male,Montreal,QC,Brazil,BR,1:05:03,5:58:47,,0:07:40,0:15:31,,3903,21527,0,460,931,0,99999,99999,99999,99999,99999,99999,99999,99999,99999,99999,99999,99999,DNF,0
Stephanie,Rice,Stephanie Rice,2611,F30-34,Female,Kingsville,Ontario,Canada,CA,2:36:52,,,0:00:00,0:00:00,,9412,0,0,0,0,0,99999,99999,99999,99999,99999,99999,99999,99999,99999,99999,99999,99999,DNF,0
tania,dean,tania dean,1216,F60-64,Female,Edmonton,alberta,Canada,CA,,,,0:00:00,0:00:00,,0,0,0,0,0,0,99999,99999,99999,99999,99999,99999,99999,99999,99999,99999,99999,99999,DNF,0
stephen,morris,stephen morris,588,M55-59,Male,Rothesay,NB,Canada,CA,,,,0:00:00,0:00:00,,0,0,0,0,0,0,99999,99999,99999,99999,99999,99999,99999,99999,99999,99999,99999,99999,DNS,0
Justin,Belzner,Justin Belzner,2549,M25-29,Male,Oshawa,Ontario,Canada,CA,1:50:35,7:27:35,,0:12:45,0:13:30,,6635,26855,0,765,810,0,99999,99999,99999,99999,99999,99999,99999,99999,99999,99999,99999,99999,DNF,0
Gigi,Jover,Gigi Jover,1205,F55-59,Female,Barrington,IL,Philippines,PH,2:18:25,7:53:17,,0:12:42,0:10:51,,8305,28397,0,762,651,0,99999,99999,99999,99999,99999,99999,99999,99999,99999,99999,99999,99999,DNF,0
Justin,Gingras,Justin Gingras,2221,M25-29,,Granby,QC,Canada,CA,,,,0:00:00,0:00:00,,0,0,0,0,0,0,99999,99999,99999,99999,99999,99999,99999,99999,99999,99999,99999,99999,DNS,0
Pierre,Plante,Pierre Plante,706,M60-64,Male,Ottawa,ON,Canada,CA,,,,0:00:00,0:00:00,,0,0,0,0,0,0,99999,99999,99999,99999,99999,99999,99999,99999,99999,99999,99999,99999,DNF,0
Joel,Koscielski,Joel Koscielski,2591,M35-39,Male,Carleton Place,ON,Canada,CA,,,,0:00:00,0:00:00,,0,0,0,0,0,0,99999,99999,99999,99999,99999,99999,99999,99999,99999,99999,99999,99999,DNS,0
Alireza,Hashemi,Alireza Hashemi,1624,M50-54,Male,Aurora,Ontario,Canada,CA,1:51:32,7:12:53,7:32:13,0:10:48,0:15:07,17:02:34,6692,25973,27133,648,907,61354,99999,99999,99999,99999,99999,99999,99999,99999,99999,99999,99999,99999,Unofficial,0
Stan,Large,Stan Large,2426,M45-49,Male,Cambridge,ON,Canada,CA,1:30:54,7:53:04,,0:14:46,0:14:57,,5454,28384,0,886,897,0,99999,99999,99999,99999,99999,99999,99999,99999,99999,99999,99999,99999,DNF,0
Steven,Tobin,Steven Tobin,2631,M55-59,Male,Ottawa,CA-ON,Canada,CA,,,,0:00:00,0:00:00,,0,0,0,0,0,0,99999,99999,99999,99999,99999,99999,99999,99999,99999,99999,99999,99999,DNS,0
Laury-Jade ,Mercier-Loyer ,Laury-Jade Mercier-Loyer,1607,F25-29,Female,ottawa,ONTARIO,Canada,CA,1:52:54,7:51:41,,0:07:16,0:06:57,,6774,28301,0,436,417,0,99999,99999,99999,99999,99999,99999,99999,99999,99999,99999,99999,99999,DNF,0
Faizel,Sunderji,Faizel Sunderji,2581,M50-54,Male,Calgary,AB,Canada,CA,,,,0:00:00,0:00:00,,0,0,0,0,0,0,99999,99999,99999,99999,99999,99999,99999,99999,99999,99999,99999,99999,DNF,0
Michael,Kilpatrick,Michael Kilpatrick,704,M70-74,Male,Toronto,ON,Canada,CA,2:59:59,6:16:28,,0:11:29,0:00:00,,10799,22588,0,689,0,0,99999,99999,99999,99999,99999,99999,99999,99999,99999,99999,99999,99999,DNF,0
Lesley ,Rasmussen ,Lesley Rasmussen,1550,F45-49,,Rockwood,ON,Canada,CA,1:11:30,,,0:00:00,0:00:00,,4290,0,0,0,0,0,99999,99999,99999,99999,99999,99999,99999,99999,99999,99999,99999,99999,DNF,0
Ken,de Jong,Ken de Jong,1019,M55-59,Male,Barrie,ON,Canada,CA,1:33:33,7:13:27,,0:11:51,0:14:21,,5613,26007,0,711,861,0,99999,99999,99999,99999,99999,99999,99999,99999,99999,99999,99999,99999,DNF,0
kris,plant,kris plant,2640,F60-64,Female,perth,CA-ON,Canada,CA,,,,0:00:00,0:00:00,,0,0,0,0,0,0,99999,99999,99999,99999,99999,99999,99999,99999,99999,99999,99999,99999,DNS,0
Perry,Lupyrypa,Perry Lupyrypa,383,F60-64,Female,Toronto,ON,Canada,CA,,,,0:00:00,0:00:00,,0,0,0,0,0,0,99999,99999,99999,99999,99999,99999,99999,99999,99999,99999,99999,99999,DNS,0
Rama Subramania Raja,Nanthial Alagesava Raja,Rama Subramania Raja Nanthial Alagesava Raja,2126,M45-49,Male,Maple Ridge,BC,Canada,CA,1:49:23,7:49:24,7:22:26,0:14:06,0:13:04,17:28:23,6563,28164,26546,846,784,62903,99999,99999,99999,99999,99999,99999,99999,99999,99999,99999,99999,99999,Unofficial,0
Kristine,Sultmanis,Kristine Sultmanis,1145,F30-34,Female,East York,CA-ON,Canada,CA,2:05:25,,,0:09:52,0:00:00,,7525,0,0,592,0,0,99999,99999,99999,99999,99999,99999,99999,99999,99999,99999,99999,99999,DNF,0
Raffaele,Corbisiero,Raffaele Corbisiero,89,M65-69,Male,millstone twsp,NJ,United States,US,2:29:31,6:48:33,5:30:12,0:10:04,0:10:02,15:08:23,8971,24513,19812,604,602,54503,99999,99999,99999,99999,99999,99999,99999,99999,99999,99999,99999,99999,Unofficial,0
Felipe,Castanho,Felipe Castanho,817,M18-24,Male,Boca Raton,Florida,United States,US,1:12:22,,,0:09:31,0:00:00,,4342,0,0,571,0,0,99999,99999,99999,99999,99999,99999,99999,99999,99999,99999,99999,99999,DNF,0
Philip,Deeter,Philip Deeter,767,M60-64,Male,Eagle,CO,United States,US,2:07:04,,,0:12:38,0:00:00,,7624,0,0,758,0,0,99999,99999,99999,99999,99999,99999,99999,99999,99999,99999,99999,99999,DNF,0
Erin,Malley,Erin Malley,933,F45-49,Female,Ottawa,Ontario,Canada,CA,1:42:43,7:32:18,,0:17:01,0:22:29,,6163,27138,0,1021,1349,0,99999,99999,99999,99999,99999,99999,99999,99999,99999,99999,99999,99999,DNF,0
Elizabeth,Van Heusden,Elizabeth Van Heusden,2582,F40-44,Female,Hancock,MI,United States,US,1:47:23,7:58:49,,0:08:33,0:00:00,,6443,28729,0,513,0,0,99999,99999,99999,99999,99999,99999,99999,99999,99999,99999,99999,99999,DNF,0
Kathleen,Mccullough,Kathleen Mccullough,1224,F60-64,Female,PENFIELD,NY,United States,US,1:30:41,,,0:13:52,0:00:00,,5441,0,0,832,0,0,99999,99999,99999,99999,99999,99999,99999,99999,99999,99999,99999,99999,DNF,0
Jason,Adams,Jason Adams,816,M45-49,Male,Ottawa,Ontario,Canada,CA,1:48:01,6:49:30,,0:10:35,0:00:00,,6481,24570,0,635,0,0,99999,99999,99999,99999,99999,99999,99999,99999,99999,99999,99999,99999,DNF,0
Emmett,Cook,Emmett Cook,88,M30-34,Male,Calgary,AB,Canada,CA,,,,0:00:00,0:00:00,,0,0,0,0,0,0,99999,99999,99999,99999,99999,99999,99999,99999,99999,99999,99999,99999,DNS,0
Erica,Castner,Erica Castner,44,F45-49,Female,Punta Gorda,FL,United States,US,1:54:36,7:42:47,,0:08:02,0:12:04,,6876,27767,0,482,724,0,99999,99999,99999,99999,99999,99999,99999,99999,99999,99999,99999,99999,DNF,0
Alex,Parker,Alex Parker,1690,M35-39,Male,Ottawa,ON,Canada,CA,,,,0:00:00,0:00:00,,0,0,0,0,0,0,99999,99999,99999,99999,99999,99999,99999,99999,99999,99999,99999,99999,DNS,0
America,Vergara,America Vergara,2487,F50-54,Female,WORTHINGTON,MN,United States,US,1:42:11,,,0:06:45,0:00:00,,6131,0,0,405,0,0,99999,99999,99999,99999,99999,99999,99999,99999,99999,99999,99999,99999,DNF,0
Paul,Mcneil,Paul Mcneil,1396,M40-44,Male,Glace Bay,NS,Canada,CA,1:14:37,,,0:09:30,0:00:00,,4477,0,0,570,0,0,99999,99999,99999,99999,99999,99999,99999,99999,99999,99999,99999,99999,DNF,0
Daniel,Heath,Daniel Heath,210,M50-54,Male,Chilliwack,BC,Canada,CA,1:33:54,,,0:03:55,0:00:00,,5634,0,0,235,0,0,99999,99999,99999,99999,99999,99999,99999,99999,99999,99999,99999,99999,DNF,0
Sophie,Pugh,Sophie Pugh,440,F50-54,Female,North Saanich,CA-BC,Canada,CA,,,,0:00:00,0:00:00,,0,0,0,0,0,0,99999,99999,99999,99999,99999,99999,99999,99999,99999,99999,99999,99999,DNF,0
Yves-Gabriel,Leboeuf,Yves-Gabriel Leboeuf,104,M35-39,Male,Saint-Lambert,QC,Canada,CA,,,,0:00:00,0:00:00,,0,0,0,0,0,0,99999,99999,99999,99999,99999,99999,99999,99999,99999,99999,99999,99999,DNS,0
Jean-Francois,Gagne,Jean-Francois Gagne,1507,M65-69,Male,Gatineau,QC,Canada,CA,,,,0:00:00,0:00:00,,0,0,0,0,0,0,99999,99999,99999,99999,99999,99999,99999,99999,99999,99999,99999,99999,DNS,0
Neil,Lang,Neil Lang,1990,M40-44,Male,Kitchener,ON,Canada,CA,1:36:43,,,0:18:31,0:00:00,,5803,0,0,1111,0,0,99999,99999,99999,99999,99999,99999,99999,99999,99999,99999,99999,99999,DNF,0
Kasia,Chichón,Kasia Chichón,1302,F50-54,Female,Mississauga,ON,Canada,CA,,,,0:00:00,0:00:00,,0,0,0,0,0,0,99999,99999,99999,99999,99999,99999,99999,99999,99999,99999,99999,99999,DNF,0
Christopher,Crespo,Christopher Crespo,2519,M35-39,Male,Alliston,ON,Canada,CA,,,,0:00:00,0:00:00,,0,0,0,0,0,0,99999,99999,99999,99999,99999,99999,99999,99999,99999,99999,99999,99999,DNS,0
Marc,Therrien,Marc Therrien,2579,M55-59,Male,Gatineau,QC,Canada,CA,,,,0:00:00,0:00:00,,0,0,0,0,0,0,99999,99999,99999,99999,99999,99999,99999,99999,99999,99999,99999,99999,DNS,0
Darcia,Kmet,Darcia Kmet,151,F55-59,Female,Mont Tremblant,QC,Canada,CA,3:14:44,,,0:00:00,0:00:00,,11684,0,0,0,0,0,99999,99999,99999,99999,99999,99999,99999,99999,99999,99999,99999,99999,DNF,0
Susan,Haag,Susan Haag,1311,F60-64,Female,JACKSONVILLE,FL,United States,US,1:59:37,,,0:16:01,0:00:00,,7177,0,0,961,0,0,99999,99999,99999,99999,99999,99999,99999,99999,99999,99999,99999,99999,DNF,0
Ronald,Lucien,Ronald Lucien,897,M40-44,Male,Gatineau,Quebec,Canada,CA,2:32:22,,,0:00:00,0:00:00,,9142,0,0,0,0,0,99999,99999,99999,99999,99999,99999,99999,99999,99999,99999,99999,99999,DNF,0
Cristina,St. Pierre,Cristina St. Pierre,1243,F55-59,Female,Mississauga,ON,Canada,CA,1:52:17,,,0:14:15,0:00:00,,6737,0,0,855,0,0,99999,99999,99999,99999,99999,99999,99999,99999,99999,99999,99999,99999,DNF,0
Nick,Cosman,Nick Cosman,2532,M45-49,Male,Kingston,CA-ON,Canada,CA,0:57:50,4:44:48,,0:04:05,0:04:53,,3470,17088,0,245,293,0,99999,99999,99999,99999,99999,99999,99999,99999,99999,99999,99999,99999,DNF,0
Julie,Leroux,Julie Leroux,2445,F18-24,Female,Saint-Jérôme,Quebec,Canada,CA,1:49:31,7:51:24,7:36:33,0:07:05,0:08:12,17:32:46,6571,28284,27393,425,492,63166,99999,99999,99999,99999,99999,99999,99999,99999,99999,99999,99999,99999,Unofficial,0
Dennis,Wright,Dennis Wright,134,M50-54,Male,BLOOMFIELD,KY,United States,US,1:35:07,7:11:51,,0:12:42,0:00:00,,5707,25911,0,762,0,0,99999,99999,99999,99999,99999,99999,99999,99999,99999,99999,99999,99999,DNF,0
Stan,Sinclair,Stan Sinclair,948,M60-64,Male,Prescott,ON,Canada,CA,3:00:59,,,0:19:46,0:00:00,,10859,0,0,1186,0,0,99999,99999,99999,99999,99999,99999,99999,99999,99999,99999,99999,99999,DNF,0
Marie-Hélène,Durivage,Marie-Hélène Durivage,2310,F40-44,Female,Montreal,QC,Canada,CA,1:33:10,,,0:09:20,0:00:00,,5590,0,0,560,0,0,99999,99999,99999,99999,99999,99999,99999,99999,99999,99999,99999,99999,DNF,0
Robert,Berke,Robert Berke,1645,M80-84,Male,Westfield,NY,United States,US,1:34:37,,,0:14:41,0:00:00,,5677,0,0,881,0,0,99999,99999,99999,99999,99999,99999,99999,99999,99999,99999,99999,99999,DNF,0
Sophia,Cai,Sophia Cai,2580,F25-29,Female,WASHINGTON,DC,United States,US,2:04:29,,,0:16:49,0:00:00,,7469,0,0,1009,0,0,99999,99999,99999,99999,99999,99999,99999,99999,99999,99999,99999,99999,DNF,0
Alejandro,Chequer,Alejandro Chequer,1876,M40-44,Male,Saint-Lazare,QC,Mexico,MX,,,,0:00:00,0:00:00,,0,0,0,0,0,0,99999,99999,99999,99999,99999,99999,99999,99999,99999,99999,99999,99999,DNS,0
Marjorie,Patrick,Marjorie Patrick,975,F55-59,Female,SAN DIEGO,CA,Canada,CA,,,,0:00:00,0:00:00,,0,0,0,0,0,0,99999,99999,99999,99999,99999,99999,99999,99999,99999,99999,99999,99999,DNS,0
Yasuhiro,Nakamura,Yasuhiro Nakamura,856,M45-49,Male,Yokohama,Kanagawa,Japan,JP,,,,0:00:00,0:00:00,,0,0,0,0,0,0,99999,99999,99999,99999,99999,99999,99999,99999,99999,99999,99999,99999,DNS,0
Karen,Arsenault,Karen Arsenault,650,F55-59,Female,Dunrobin ,ON,Canada,CA,1:30:53,8:07:16,,0:16:55,0:17:43,,5453,29236,0,1015,1063,0,99999,99999,99999,99999,99999,99999,99999,99999,99999,99999,99999,99999,DNF,0
Nolan,Hunder,Nolan Hunder,1247,M35-39,Male,Ottawa,ON,Canada,CA,1:44:48,8:35:27,6:00:30,0:10:35,0:03:12,16:34:31,6288,30927,21630,635,192,59671,99999,99999,99999,99999,99999,99999,99999,99999,99999,99999,99999,99999,Unofficial,0
Luann,Babiak,Luann Babiak,1457,F60-64,Female,Verona,ON,Canada,CA,1:44:15,8:06:00,,0:06:18,0:13:07,,6255,29160,0,378,787,0,99999,99999,99999,99999,99999,99999,99999,99999,99999,99999,99999,99999,DNF,0
Francois,Dionne,Francois Dionne,1411,M60-64,Male,Gatineau,QC,Canada,CA,1:04:44,5:23:19,,0:06:43,0:06:25,,3884,19399,0,403,385,0,99999,99999,99999,99999,99999,99999,99999,99999,99999,99999,99999,99999,DNF,0
Dawn,Koenig,Dawn Koenig,1034,F55-59,Female,Little Egg Harbor,NJ,United States,US,1:43:46,,,0:10:21,0:00:00,,6226,0,0,621,0,0,99999,99999,99999,99999,99999,99999,99999,99999,99999,99999,99999,99999,DNF,0
Richard,Mcdonald,Richard Mcdonald,756,M60-64,Male,Gatineau,QC,Canada,CA,1:01:38,6:37:18,,0:17:54,0:15:58,,3698,23838,0,1074,958,0,99999,99999,99999,99999,99999,99999,99999,99999,99999,99999,99999,99999,DNF,0
Hugo,Asselin,Hugo Asselin,824,M50-54,Male,Gatineau,QC,Canada,CA,,,,0:00:00,0:00:00,,0,0,0,0,0,0,99999,99999,99999,99999,99999,99999,99999,99999,99999,99999,99999,99999,DNS,0
Julia,MacPhee,Julia MacPhee,838,F18-24,Female,Ottawa,Ontario,Canada,CA,1:16:33,,,0:08:15,0:00:00,,4593,0,0,495,0,0,99999,99999,99999,99999,99999,99999,99999,99999,99999,99999,99999,99999,DNF,0
Sue-Ann,Campanelli,Sue-Ann Campanelli,991,F60-64,Female,Saint-Lazare,QC,Canada,CA,1:56:35,,,0:11:16,0:00:00,,6995,0,0,676,0,0,99999,99999,99999,99999,99999,99999,99999,99999,99999,99999,99999,99999,DNF,0
Michael,Kraskouskas,Michael Kraskouskas,2039,M55-59,Male,Marlborough,NH,United States,US,1:18:36,8:20:24,7:23:35,0:11:18,0:11:19,17:25:11,4716,30024,26615,678,679,62711,99999,99999,99999,99999,99999,99999,99999,99999,99999,99999,99999,99999,Unofficial,0
Torin,Blackstock,Torin Blackstock,2400,M18-24,Male,Port Hope,Ontario,Canada,CA,1:25:33,,,0:10:20,0:00:00,,5133,0,0,620,0,0,99999,99999,99999,99999,99999,99999,99999,99999,99999,99999,99999,99999,DNF,0
Nicole,Coulombe,Nicole Coulombe,1338,F50-54,Female,Montréal,QC,Canada,CA,1:51:06,,,0:19:06,0:00:00,,6666,0,0,1146,0,0,99999,99999,99999,99999,99999,99999,99999,99999,99999,99999,99999,99999,DNF,0
Treena,Bellamy,Treena Bellamy,1102,F55-59,Female,Wheatley River,PE,Canada,CA,1:36:29,7:19:22,,0:12:16,0:11:21,,5789,26362,0,736,681,0,99999,99999,99999,99999,99999,99999,99999,99999,99999,99999,99999,99999,DNF,0
Mario,Proulx,Mario Proulx,2533,M65-69,Male,Gatineau,QC,Canada,CA,1:41:42,,,0:14:00,0:00:00,,6102,0,0,840,0,0,99999,99999,99999,99999,99999,99999,99999,99999,99999,99999,99999,99999,DNF,0
Marie-Christine,Lalonde,Marie-Christine Lalonde,417,F45-49,Female,Clarence-Rockland,ON,Canada,CA,1:26:39,7:57:51,7:23:40,0:08:55,0:10:46,17:07:51,5199,28671,26620,535,646,61671,99999,99999,99999,99999,99999,99999,99999,99999,99999,99999,99999,99999,Unofficial,0
Isabelle,Carrier,Isabelle Carrier,804,F25-29,Female,Gatineau,QC,Canada,CA,1:24:03,6:55:23,,0:07:24,0:07:00,,5043,24923,0,444,420,0,99999,99999,99999,99999,99999,99999,99999,99999,99999,99999,99999,99999,DNF,0
Charles,Buisson,Charles Buisson,2539,M25-29,Male,Quebec city,QC,Canada,CA,1:29:29,5:10:16,,0:04:43,0:04:24,,5369,18616,0,283,264,0,99999,99999,99999,99999,99999,99999,99999,99999,99999,99999,99999,99999,DNF,0
Thuha,Tran,Thuha Tran,675,F45-49,Female,Central,Hong Kong,Canada,CA,1:50:14,,,0:11:00,0:00:00,,6614,0,0,660,0,0,99999,99999,99999,99999,99999,99999,99999,99999,99999,99999,99999,99999,DNF,0
Jenny,Lu,Jenny Lu,106,F30-34,Female,Toronto,ON,Canada,CA,1:50:39,,,0:07:22,0:00:00,,6639,0,0,442,0,0,99999,99999,99999,99999,99999,99999,99999,99999,99999,99999,99999,99999,DNF,0
Jianguo,Wu,Jianguo Wu,1007,M55-59,Male,Ottaw,Ontario,Canada,CA,2:28:05,7:07:49,5:53:02,0:08:47,0:15:19,15:53:02,8885,25669,21182,527,919,57182,99999,99999,99999,99999,99999,99999,99999,99999,99999,99999,99999,99999,Unofficial,0
Alex,Fraser,Alex Fraser,887,M60-64,Male,Ottawa,ON,Canada,CA,,,,0:00:00,0:00:00,,0,0,0,0,0,0,99999,99999,99999,99999,99999,99999,99999,99999,99999,99999,99999,99999,DNS,0
Emma,Lisson,Emma Lisson,1660,F35-39,Female,Calgary,AB,Canada,CA,1:40:50,8:17:47,,0:10:01,0:06:43,,6050,29867,0,601,403,0,99999,99999,99999,99999,99999,99999,99999,99999,99999,99999,99999,99999,DNF,0
Denise,Gagnon,Denise Gagnon,986,F45-49,Female,Burlington,ON,Canada,CA,1:40:02,9:02:00,6:27:28,0:12:23,0:05:34,17:27:26,6002,32520,23248,743,334,62846,99999,99999,99999,99999,99999,99999,99999,99999,99999,99999,99999,99999,Unofficial,0
Martin,Gamache,Martin Gamache,1776,M45-49,Male,Chicoutimi,QC,Canada,CA,1:33:46,,,0:07:47,0:00:00,,5626,0,0,467,0,0,99999,99999,99999,99999,99999,99999,99999,99999,99999,99999,99999,99999,DNF,0
John,Moler,John Moler,970,M55-59,Male,South Bend,WA,United States,US,1:28:39,,,0:05:57,0:00:00,,5319,0,0,357,0,0,99999,99999,99999,99999,99999,99999,99999,99999,99999,99999,99999,99999,DNF,0
Adrianna,Chang,Adrianna Chang,1093,F25-29,Female,Ottawa,ON,Canada,CA,,,,0:00:00,0:00:00,,0,0,0,0,0,0,99999,99999,99999,99999,99999,99999,99999,99999,99999,99999,99999,99999,DNS,0
Keegan,Stueck,Keegan Stueck,1888,M45-49,Male,Montréal,QC,Canada,CA,1:21:33,,,0:03:49,0:00:00,,4893,0,0,229,0,0,99999,99999,99999,99999,99999,99999,99999,99999,99999,99999,99999,99999,DNF,0
Michael,Frothingham,Michael Frothingham,268,M60-64,Male,SHAKER HTS,OH,United States,US,,,,0:00:00,0:00:00,,0,0,0,0,0,0,99999,99999,99999,99999,99999,99999,99999,99999,99999,99999,99999,99999,DNS,0
Jon,Tay,Jon Tay,962,M35-39,Male,Singapore,QC,Singapore,SG,1:29:27,6:02:12,4:27:25,0:20:04,0:10:19,12:29:28,5367,21732,16045,1204,619,44968,99999,99999,99999,99999,99999,99999,99999,99999,99999,99999,99999,99999,DNF,0
Lisa,Schefer,Lisa Schefer,119,F60-64,Female,Alpharetta,GA,United States,US,1:45:38,,,0:00:00,0:00:00,,6338,0,0,0,0,0,99999,99999,99999,99999,99999,99999,99999,99999,99999,99999,99999,99999,DNF,0
Paula,Pequegnat,Paula Pequegnat,2441,F40-44,Female,Port Elgin,ON,Canada,CA,1:20:31,8:28:17,,0:10:52,0:10:01,,4831,30497,0,652,601,0,99999,99999,99999,99999,99999,99999,99999,99999,99999,99999,99999,99999,DNF,0
Jonathan,Mcmillan,Jonathan Mcmillan,1495,M40-44,Male,Orillia,ON,Canada,CA,,,,0:00:00,0:00:00,,0,0,0,0,0,0,99999,99999,99999,99999,99999,99999,99999,99999,99999,99999,99999,99999,DNF,0
Jennifer,Rolfe,Jennifer Rolfe,602,F40-44,Female,Falmouth,CON,United Kingdom,GB,1:27:29,6:31:04,,0:10:31,0:05:54,,5249,23464,0,631,354,0,99999,99999,99999,99999,99999,99999,99999,99999,99999,99999,99999,99999,DNF,0
Steve,Greulich,Steve Greulich,2050,M55-59,Male,Cambridge,ON,Canada,CA,1:32:42,6:14:44,,0:06:49,0:06:43,,5562,22484,0,409,403,0,99999,99999,99999,99999,99999,99999,99999,99999,99999,99999,99999,99999,DNF,0
Romain,Coffinier,Romain Coffinier,960,M35-39,Male,Lévis,QC,France,FR,2:27:22,,,0:00:00,0:00:00,,8842,0,0,0,0,0,99999,99999,99999,99999,99999,99999,99999,99999,99999,99999,99999,99999,DNF,0
Ken,Livingston,Ken Livingston,1723,M55-59,Male,WEST HARTFORD,CT,United States,US,1:07:57,6:52:24,,0:06:14,0:09:34,,4077,24744,0,374,574,0,99999,99999,99999,99999,99999,99999,99999,99999,99999,99999,99999,99999,DNF,0
Christine,Meyer,Christine Meyer,1673,F40-44,Female,Brooklyn,NY,United States,US,,,,0:00:00,0:00:00,,0,0,0,0,0,0,99999,99999,99999,99999,99999,99999,99999,99999,99999,99999,99999,99999,DNF,0
Trish,Laliberte,Trish Laliberte,555,F50-54,Female,Duncan,BC,Canada,CA,1:27:11,5:59:31,,0:04:53,0:05:47,,5231,21571,0,293,347,0,99999,99999,99999,99999,99999,99999,99999,99999,99999,99999,99999,99999,DNF,0
Lauren,Holm,Lauren Holm,2467,F45-49,Female,Lawrenceville,NJ,United States,US,2:02:36,7:46:34,,0:11:00,0:10:23,,7356,27994,0,660,623,0,99999,99999,99999,99999,99999,99999,99999,99999,99999,99999,99999,99999,DNF,0
David,Kaplan,David Kaplan,1535,M50-54,Male,ALEXANDRIA,VA,United States,US,,,,0:00:00,0:00:00,,0,0,0,0,0,0,99999,99999,99999,99999,99999,99999,99999,99999,99999,99999,99999,99999,DNS,0
Gino,Granata,Gino Granata,441,M40-44,Male,Ottawa,Ontario,Canada,CA,2:13:09,,,0:12:01,0:00:00,,7989,0,0,721,0,0,99999,99999,99999,99999,99999,99999,99999,99999,99999,99999,99999,99999,DNF,0
Isabelle,Ethier,Isabelle Ethier,1098,F55-59,Female,St-Jean-sur-Richelieu,QC,Canada,CA,1:29:37,6:53:16,,0:19:52,0:16:44,,5377,24796,0,1192,1004,0,99999,99999,99999,99999,99999,99999,99999,99999,99999,99999,99999,99999,DNF,0
Skye,Kaiss,Skye Kaiss,1439,M45-49,Male,Calgary,AB,Canada,CA,1:50:27,,,0:00:00,0:00:00,,6627,0,0,0,0,0,99999,99999,99999,99999,99999,99999,99999,99999,99999,99999,99999,99999,DNF,0
Nassim,Ennabaoui,Nassim Ennabaoui,334,M30-34,Male,Pointe-Claire,CA-CA-QC,Canada,CA,1:07:21,4:30:22,,0:04:53,0:03:17,,4041,16222,0,293,197,0,99999,99999,99999,99999,99999,99999,99999,99999,99999,99999,99999,99999,DNF,0
Sergii,Nikitchyn,Sergii Nikitchyn,1301,M35-39,Male,Toronto,ON,Canada,CA,2:22:19,,,0:00:00,0:00:00,,8539,0,0,0,0,0,99999,99999,99999,99999,99999,99999,99999,99999,99999,99999,99999,99999,DNF,0
Pablo,Ayala,Pablo Ayala,1980,M25-29,Male,North York,Ontario,Ecuador,EC,2:37:34,,,0:00:00,0:00:00,,9454,0,0,0,0,0,99999,99999,99999,99999,99999,99999,99999,99999,99999,99999,99999,99999,DNF,0
Michael,Moroz,Michael Moroz,1782,M65-69,Male,Toms River,New Jersey,United States,US,1:28:40,6:30:17,,0:13:14,0:13:42,,5320,23417,0,794,822,0,99999,99999,99999,99999,99999,99999,99999,99999,99999,99999,99999,99999,DNF,0
Emma,Scotchmer,Emma Scotchmer,668,F40-44,Female,Manotick,ON,United Kingdom,GB,1:30:22,,,0:10:46,0:00:00,,5422,0,0,646,0,0,99999,99999,99999,99999,99999,99999,99999,99999,99999,99999,99999,99999,DNF,0
Eric,Nielsen,Eric Nielsen,1392,M40-44,Male,Williamstown,ON,Canada,CA,1:10:17,4:48:24,,0:03:17,0:04:41,,4217,17304,0,197,281,0,99999,99999,99999,99999,99999,99999,99999,99999,99999,99999,99999,99999,DNF,0
Warren,Chin,Warren Chin,22,M40-44,Male,Thornhill,ON,Canada,CA,,,,0:00:00,0:00:00,,0,0,0,0,0,0,99999,99999,99999,99999,99999,99999,99999,99999,99999,99999,99999,99999,DNS,0
Ana,Grajales Beltran,Ana Grajales Beltran,1863,F45-49,Female,Saint-Lazare,QC,Mexico,MX,,,,0:00:00,0:00:00,,0,0,0,0,0,0,99999,99999,99999,99999,99999,99999,99999,99999,99999,99999,99999,99999,DNS,0
Dana,Zmeureanu,Dana Zmeureanu,1882,F50-54,Female,Montreal,QC,Canada,CA,1:47:29,,,0:28:10,0:00:00,,6449,0,0,1690,0,0,99999,99999,99999,99999,99999,99999,99999,99999,99999,99999,99999,99999,DNF,0
Jared,Roddelt,Jared Roddelt,2188,M30-34,Male,Edmonton,AB,Canada,CA,1:42:03,7:43:58,,0:17:11,0:15:30,,6123,27838,0,1031,930,0,99999,99999,99999,99999,99999,99999,99999,99999,99999,99999,99999,99999,DNF,0
Julia,Christman,Julia Christman,1478,F60-64,Female,N FT MYERS,FL,United States,US,1:48:17,7:51:50,,0:10:09,0:10:00,,6497,28310,0,609,600,0,99999,99999,99999,99999,99999,99999,99999,99999,99999,99999,99999,99999,DNF,0
Jyl,Mcgunigal,Jyl Mcgunigal,113,F60-64,Female,Toronto,ON,Canada,CA,1:30:38,6:51:36,,0:14:09,0:16:27,,5438,24696,0,849,987,0,99999,99999,99999,99999,99999,99999,99999,99999,99999,99999,99999,99999,DNF,0
Benjamin,Douangphachanh ,Benjamin Douangphachanh,2523,M18-24,Male,Montréal,Quebec,Canada,CA,,,,0:00:00,0:00:00,,0,0,0,0,0,0,99999,99999,99999,99999,99999,99999,99999,99999,99999,99999,99999,99999,DNS,0
Gloria ,Cawthorn ,Gloria Cawthorn,711,F65-69,Female,Ottawa,Ontario,Canada,CA,2:36:50,,,0:00:00,0:00:00,,9410,0,0,0,0,0,99999,99999,99999,99999,99999,99999,99999,99999,99999,99999,99999,99999,DNF,0
Zhihong,Chen,Zhihong Chen,2215,F50-54,Female,Markham,ON,China,CN,,,,0:00:00,0:00:00,,0,0,0,0,0,0,99999,99999,99999,99999,99999,99999,99999,99999,99999,99999,99999,99999,DNS,0
Shannon,Lee,Shannon Lee,495,F55-59,Female,Wilsons Beach,NB,Canada,CA,1:37:16,,,0:11:50,0:00:00,,5836,0,0,710,0,0,99999,99999,99999,99999,99999,99999,99999,99999,99999,99999,99999,99999,DNF,0
James,Hollis,James Hollis,1524,M50-54,Male,DES MOINES,IA,United Kingdom,GB,1:36:43,,,0:00:00,0:00:00,,5803,0,0,0,0,0,99999,99999,99999,99999,99999,99999,99999,99999,99999,99999,99999,99999,DNF,0
Jesenia,Brown,Jesenia Brown,2181,F40-44,Female,Manville,NJ,United States,US,2:35:00,,,0:00:00,0:00:00,,9300,0,0,0,0,0,99999,99999,99999,99999,99999,99999,99999,99999,99999,99999,99999,99999,DNF,0
Bob,Jordan,Bob Jordan,31,M75-79,Male,LAKE OSWEGO,OR,United States,US,2:37:16,6:21:49,6:56:20,0:10:11,0:09:20,16:14:57,9436,22909,24980,611,560,58497,99999,99999,99999,99999,99999,99999,99999,99999,99999,99999,99999,99999,Unofficial,0
Laura,Stevenson,Laura Stevenson,1139,F55-59,Female,Lake Mary,FL,Canada,CA,1:53:43,,,0:25:21,0:00:00,,6823,0,0,1521,0,0,99999,99999,99999,99999,99999,99999,99999,99999,99999,99999,99999,99999,DNF,0
Dmitriy,Polushyn,Dmitriy Polushyn,1952,M45-49,Male,Brossard,QC,Canada,CA,1:55:02,5:42:35,,0:06:40,0:04:14,,6902,20555,0,400,254,0,99999,99999,99999,99999,99999,99999,99999,99999,99999,99999,99999,99999,DNF,0
Jerome,Reboul,Jerome Reboul,1821,M50-54,Male,Le Cailar,,France,FR,1:21:49,6:26:38,,0:09:48,0:08:51,,4909,23198,0,588,531,0,99999,99999,99999,99999,99999,99999,99999,99999,99999,99999,99999,99999,DNF,0
Julia,Borgan,Julia Borgan,902,F50-54,Female,Ottawa,ON,Canada,CA,2:17:06,,,0:12:49,0:00:00,,8226,0,0,769,0,0,99999,99999,99999,99999,99999,99999,99999,99999,99999,99999,99999,99999,DNF,0
Shauna,Lou-Poy,Shauna Lou-Poy,616,F50-54,Female,Qualicum Beach,BC,Canada,CA,,,,0:00:00,0:00:00,,0,0,0,0,0,0,99999,99999,99999,99999,99999,99999,99999,99999,99999,99999,99999,99999,DNF,0
Thomas,Karos,Thomas Karos,102,M35-39,Male,Hinckley,Ohio,United States,US,,,,0:00:00,0:00:00,,0,0,0,0,0,0,99999,99999,99999,99999,99999,99999,99999,99999,99999,99999,99999,99999,DNS,0
Hazal,Alenazi,Hazal Alenazi,46,M25-29,Male,Riyadh,Riyadh Province,Saudi Arabia,SA,2:09:16,,,0:10:38,0:00:00,,7756,0,0,638,0,0,99999,99999,99999,99999,99999,99999,99999,99999,99999,99999,99999,99999,DNF,0
Geordon,Rendle,Geordon Rendle,2032,M60-64,Male,Victoria,BC,Canada,CA,1:22:54,,,0:08:17,0:00:00,,4974,0,0,497,0,0,99999,99999,99999,99999,99999,99999,99999,99999,99999,99999,99999,99999,DNF,0
David,Burg,David Burg,21,M70-74,Male,Tampa,US-FL,United States,US,1:59:34,6:39:33,,0:09:50,0:10:08,,7174,23973,0,590,608,0,99999,99999,99999,99999,99999,99999,99999,99999,99999,99999,99999,99999,DNF,0
Manan Deep,Singh,Manan Deep Singh,1459,M18-24,Male,Calgary,CA-AB,Canada,CA,1:55:39,,,0:11:04,0:00:00,,6939,0,0,664,0,0,99999,99999,99999,99999,99999,99999,99999,99999,99999,99999,99999,99999,DNF,0
Taketoshi,Nishimura,Taketoshi Nishimura,784,M60-64,Male,Numabukuro Nakano,JP-13,Japan,JP,,,,0:00:00,0:00:00,,0,0,0,0,0,0,99999,99999,99999,99999,99999,99999,99999,99999,99999,99999,99999,99999,DNF,0
Sonya,Walker,Sonya Walker,1250,F45-49,Female,Toronto,ON,Canada,CA,1:46:48,7:25:33,,0:08:50,0:09:51,,6408,26733,0,530,591,0,99999,99999,99999,99999,99999,99999,99999,99999,99999,99999,99999,99999,DNF,0
Trevor,Finch,Trevor Finch,785,M50-54,Male,Winnipeg,MB,Canada,CA,,,,0:00:00,0:00:00,,0,0,0,0,0,0,99999,99999,99999,99999,99999,99999,99999,99999,99999,99999,99999,99999,DNS,0
Simon,Parenteau,Simon Parenteau,382,M18-24,Male,Mascouche,Quebec,Canada,CA,,,,0:00:00,0:00:00,,0,0,0,0,0,0,99999,99999,99999,99999,99999,99999,99999,99999,99999,99999,99999,99999,DNF,0
Kerry,Chancellor-Maddison.Com,Kerry Chancellor-Maddison.Com,1176,F65-69,Female,Hamilton,ON,Canada,CA,1:46:43,,,0:08:39,0:00:00,,6403,0,0,519,0,0,99999,99999,99999,99999,99999,99999,99999,99999,99999,99999,99999,99999,DNF,0
Scott,Jones,Scott Jones,23,F55-59,Male,monroe twp,NJ,United States,US,,,,0:00:00,0:00:00,,0,0,0,0,0,0,99999,99999,99999,99999,99999,99999,99999,99999,99999,99999,99999,99999,DNS,0
