FirstName,LastName,FullName,Bib,AgeGroup,Gender,City,State,Country,CountryISO,SwimTime,BikeTime,RunTime,T1Time,T2Time,FinishTime,SwimSeconds,BikeSeconds,RunSeconds,T1Seconds,T2Seconds,FinishSeconds,OverallRank,GenderRank,AgeGroupRank,SwimRankOverall,SwimRankGender,SwimRankGroup,BikeRankOverall,BikeRankGender,BikeRankGroup,RunRankOverall,RunRankGender,RunRankGroup,Status,Points
Fenghang,Wu,Fenghang Wu,12,M25-29,Male,Hangzhou,CN-ZJ,China,CN,1:08:11,4:26:38,3:07:01,0:03:32,0:01:37,8:47:00,4091,15998,11221,212,97,31620,1,1,1,26,24,4,2,2,2,1,1,1,Finisher,5000
Daniil,Ermakov,Daniil Ermakov,70,M25-29,Male,Moscow,RU-MOW,Unknown,,1:03:59,4:29:52,3:21:57,0:02:39,0:02:15,9:00:41,3839,16192,12117,159,135,32441,2,2,2,10,10,1,1,1,1,2,2,2,Finisher,4835
Fang Yu,Hoo,Fang Yu Hoo,11,M25-29,Male,Singapore,SG-01,Singapore,SG,1:05:45,4:36:10,3:17:45,0:02:54,0:01:42,9:04:16,3945,16570,11865,174,102,32656,3,3,3,17,17,3,3,3,3,3,3,3,Finisher,4792
Chen,Wei,Chen Wei,228,M30-34,Male,Beijing,CN-BJ,China,CN,0:56:29,4:46:26,3:18:18,0:03:22,0:02:36,9:07:11,3389,17186,11898,202,156,32831,4,4,1,1,1,1,4,4,1,4,4,1,Finisher,5000
BONGJUN,AN,BONGJUN AN,313,M35-39,Male,Seoul,KR-11,South Korea,KR,1:03:26,4:50:56,3:19:47,0:04:14,0:02:17,9:20:40,3806,17456,11987,254,137,33640,5,5,1,9,9,2,8,8,2,5,5,1,Finisher,5000
家杰,冯,家杰 冯,402,M35-39,Male,shanghai,CN-SH,China,CN,0:59:09,4:49:45,3:28:27,0:03:26,0:02:05,9:22:52,3549,17385,12507,206,125,33772,6,6,2,4,4,1,5,5,1,6,6,2,Finisher,4973
Stanislav,Stefanovskii,Stanislav Stefanovskii,536,M40-44,Male,Barcelona ,Catalonia,Spain,ES,1:15:01,4:43:38,3:20:44,0:02:54,0:01:38,9:23:55,4501,17018,12044,174,98,33835,7,7,1,77,72,17,13,13,3,7,7,1,Finisher,5000
PengHsin,Ko,PengHsin Ko,80,M35-39,Male,Taichung,TW-TXG,Taiwan,TW,1:09:04,4:48:11,3:26:41,0:02:48,0:02:20,9:29:04,4144,17291,12401,168,140,34144,8,8,3,31,28,7,11,11,4,8,8,3,Finisher,4899
Ines,Joelly,Ines Joelly,26,F35-39,Female,Shenyang,CN-21,Austria,AT,1:08:31,4:56:33,3:18:55,0:03:05,0:02:20,9:29:24,4111,17793,11935,185,140,34164,9,1,1,29,3,2,22,2,2,9,1,1,Finisher,5000
HAEHO,HA,HAEHO HA,625,M45-49,Male,경기도,KR-41,South Korea,KR,1:04:31,4:47:41,3:32:25,0:03:55,0:03:08,9:31:40,3871,17261,12745,235,188,34300,10,9,1,13,13,1,7,7,1,10,9,1,Finisher,5000
Jose,Mompo,Jose Mompo,23,M35-39,Male,Valencia,ES-VC,Spain,ES,1:05:05,4:51:29,3:28:33,0:03:54,0:02:45,9:31:46,3905,17489,12513,234,165,34306,11,10,4,16,16,4,12,12,5,11,10,4,Finisher,4866
Dongkyu,Kim,Dongkyu Kim,325,M35-39,Male,busan,yeonje-gu,South Korea,KR,1:11:44,4:50:21,3:22:31,0:05:18,0:03:00,9:32:54,4304,17421,12151,318,180,34374,12,11,5,40,36,9,20,20,8,12,11,5,Finisher,4853
Ingon,Park,Ingon Park,467,M40-44,Male,울산,KR-31,South Korea,KR,1:15:14,4:57:10,3:09:55,0:05:52,0:06:40,9:34:52,4514,17830,11395,352,400,34492,13,12,2,79,74,18,47,44,12,13,12,2,Finisher,4868
Jinhong,Park,Jinhong Park,485,M40-44,Male,울산광역시,Ulsan,South Korea,KR,1:11:30,4:36:40,3:34:36,0:06:32,0:07:42,9:37:00,4290,16600,12876,392,462,34620,14,13,3,39,35,6,6,6,1,14,13,3,Finisher,4843
Eduard,Moix,Eduard Moix,446,M40-44,Male,Singapore,,Spain,ES,1:08:16,4:50:16,3:36:31,0:03:29,0:02:47,9:41:19,4096,17416,12991,209,167,34879,15,14,4,27,25,5,14,14,4,15,14,4,Finisher,4791
Sang Ho,Lee,Sang Ho Lee,7,M35-39,Male,강남구,KR-11,South Korea,KR,1:15:55,4:55:00,3:28:13,0:01:59,0:01:19,9:42:26,4555,17700,12493,119,79,34946,16,15,6,95,89,19,25,23,9,16,15,6,Finisher,4738
Juo,Park,Juo Park,668,M45-49,Male,Songpa-gu,KR-11,South Korea,KR,1:15:34,4:43:26,3:35:54,0:03:48,0:04:01,9:42:43,4534,17006,12954,228,241,34963,17,16,2,87,82,13,15,15,2,17,16,2,Finisher,4867
Liyun,Chen,Liyun Chen,27,F35-39,Female,Hawaii,US-HI,Taiwan,TW,1:16:05,4:47:55,3:33:58,0:03:45,0:01:46,9:43:28,4565,17275,12838,225,106,35008,18,2,2,97,7,5,21,1,1,18,2,2,Finisher,4831
Yassine,Lajmi,Yassine Lajmi,127,M45-49,Male,Etoy,CH-VD,Tunisia,TN,1:13:43,4:56:16,3:28:20,0:04:02,0:02:28,9:44:48,4423,17776,12500,242,148,35088,19,17,3,56,51,7,29,27,5,19,17,3,Finisher,4842
Kangsuk,Lee,Kangsuk Lee,834,M50-54,Male,Goyang-si,KR-41,South Korea,KR,1:17:50,5:01:03,3:20:58,0:03:51,0:01:41,9:45:23,4670,18063,12058,231,101,35123,20,18,1,141,129,18,62,58,4,20,18,1,Finisher,5000
Seong,Junhyeok,Seong Junhyeok,5,M35-39,Male,의정부,KR-41,South Korea,KR,1:17:42,4:37:45,3:45:15,0:03:32,0:02:40,9:46:54,4662,16665,13515,212,160,35214,21,19,7,135,124,23,9,9,3,21,19,7,Finisher,4685
Ilia,Murlin,Ilia Murlin,336,M35-39,Male,St-Petersburg,RU-SPE,Unknown,,1:13:16,4:57:44,3:29:14,0:04:25,0:02:23,9:47:01,4396,17864,12554,265,143,35221,22,20,8,53,48,11,35,33,11,22,20,8,Finisher,4683
Yonghu,Lee,Yonghu Lee,398,M35-39,Male,서울,KR-11,South Korea,KR,1:07:16,4:55:10,3:40:29,0:02:36,0:02:17,9:47:49,4036,17710,13229,156,137,35269,23,21,9,20,20,6,16,16,6,23,21,9,Finisher,4674
Nicolas,Galmiche,Nicolas Galmiche,97,M40-44,Male,Suzhou,CN-JS,France,FR,1:07:03,4:54:47,3:42:42,0:03:15,0:02:13,9:50:00,4023,17687,13362,195,133,35400,24,22,5,19,19,3,17,17,5,24,22,5,Finisher,4687
Chaojun,Peng,Chaojun Peng,437,M40-44,Male,Blagnac,Occitania,China,CN,1:07:39,4:49:04,3:49:34,0:02:21,0:02:12,9:50:49,4059,17344,13774,141,132,35449,25,23,6,24,22,4,10,10,2,25,23,6,Finisher,4677
Do Hyun,Park,Do Hyun Park,38,M45-49,Male,Namdong-gu,KR-28,South Korea,KR,1:19:50,4:59:20,3:26:04,0:04:13,0:02:41,9:52:08,4790,17960,12364,253,161,35528,26,24,4,198,177,28,63,59,13,26,24,4,Finisher,4754
시훈,이,시훈 이,405,M35-39,Male,화성시,Gyeonggi-do,South Korea,KR,1:22:11,4:46:30,3:35:58,0:05:22,0:03:29,9:53:30,4931,17190,12958,322,209,35610,27,25,10,262,236,46,30,28,10,27,25,10,Finisher,4606
Shenhui,Li,Shenhui Li,99,M40-44,Male,Shanghai,CN-31,China,CN,1:18:49,5:02:35,3:26:55,0:02:41,0:02:56,9:53:56,4729,18155,12415,161,176,35636,28,26,7,173,154,33,71,67,19,28,26,7,Finisher,4639
Aleksandr,Starikov,Aleksandr Starikov,428,M40-44,Male,Moscow,,Unknown,,1:15:29,4:55:13,3:32:57,0:05:33,0:04:55,9:54:07,4529,17713,12777,333,295,35647,29,27,8,85,80,19,41,38,8,29,27,8,Finisher,4637
Teng Yu,Liang,Teng Yu Liang,101,M40-44,Male,桃園市,TW-TAO,Taiwan,TW,1:03:02,5:11:05,3:34:02,0:05:16,0:02:59,9:56:26,3782,18665,12842,316,179,35786,30,28,9,8,8,2,52,49,15,30,28,9,Finisher,4609
Jingjun,Zhou,Jingjun Zhou,482,M40-44,Male,北京市,Beijing,China,CN,1:13:22,4:58:56,3:37:32,0:04:31,0:03:01,9:57:22,4402,17936,13052,271,181,35842,31,29,10,54,49,12,43,40,10,31,29,10,Finisher,4598
Byung-Soo,Lee,Byung-Soo Lee,28,M40-44,Male,Seocho-gu,KR-11,South Korea,KR,1:17:42,5:01:13,3:33:04,0:03:01,0:02:49,9:57:49,4662,18073,12784,181,169,35869,32,30,11,137,125,28,60,56,17,32,30,11,Finisher,4593
Sangkook,Lee,Sangkook Lee,41,M45-49,Male,화성시,KR-41,South Korea,KR,1:13:16,5:01:14,3:36:56,0:03:57,0:02:29,9:57:52,4396,18074,13016,237,149,35872,33,31,5,52,47,5,50,47,10,33,31,5,Finisher,4685
Sookjin,Kang,Sookjin Kang,595,F40-44,Female,Bucheon-si,KR-41,South Korea,KR,1:17:42,5:03:35,3:30:57,0:04:18,0:02:44,9:59:17,4662,18215,12657,258,164,35957,34,3,1,136,12,3,75,5,1,34,3,1,Finisher,5000
ByungSoo,Koo,ByungSoo Koo,603,M45-49,Male,Seoul,KR-11,South Korea,KR,1:08:10,5:02:43,3:45:31,0:02:02,0:02:10,10:00:37,4090,18163,13531,122,130,36037,35,32,6,25,23,2,26,24,4,35,32,6,Finisher,4652
阳,李,阳 李,288,M30-34,Male,成都,四川,China,CN,1:29:47,5:11:36,3:05:18,0:10:34,0:03:28,10:00:43,5387,18696,11118,634,208,36043,36,33,2,467,418,39,178,163,14,36,33,2,Finisher,4357
Sungmin,Chae,Sungmin Chae,716,M45-49,Male,Seoul,Seoul,South Korea,KR,1:16:46,5:09:27,3:24:21,0:06:52,0:03:27,10:00:54,4606,18567,12261,412,207,36054,37,34,7,110,102,16,97,90,18,37,34,7,Finisher,4649
JAEHOON,LEE,JAEHOON LEE,819,M50-54,Male,Seoul,KR-11,South Korea,KR,1:20:59,4:55:21,3:39:20,0:04:27,0:02:57,10:03:04,4859,17721,13160,267,177,36184,38,35,2,222,197,29,59,55,3,38,35,2,Finisher,4787
LIN,XU,LIN XU,45,F45-49,Female,Shanghai,CN-31,China,CN,1:07:34,5:09:28,3:41:52,0:02:37,0:01:42,10:03:13,4054,18568,13312,157,102,36193,39,4,1,23,2,1,54,4,1,39,4,1,Finisher,5000
Jamie,Bubb,Jamie Bubb,73,M30-34,Male,Rugby,,United Kingdom,GB,1:08:59,4:56:18,3:51:58,0:03:33,0:02:35,10:03:23,4139,17778,13918,213,155,36203,40,36,3,30,27,6,23,21,3,40,36,3,Finisher,4325
동천,박,동천 박,129,M45-49,Male,Daejeon,KR-30,South Korea,KR,1:19:09,4:58:45,3:38:01,0:04:02,0:03:33,10:03:31,4749,17925,13081,242,213,36211,41,37,8,181,160,23,61,57,12,41,37,8,Finisher,4617
WEI,YIN,WEI YIN,546,M40-44,Male,Beijing,CN-BJ,China,CN,1:22:34,5:01:22,3:32:37,0:05:34,0:02:23,10:04:30,4954,18082,12757,334,143,36270,42,38,12,269,243,47,81,76,23,42,38,12,Finisher,4513
Byungeun,Lee,Byungeun Lee,2,M30-34,Male,Gwanak-gu,KR-11,South Korea,KR,1:20:50,4:54:59,3:42:47,0:03:51,0:02:34,10:05:00,4850,17699,13367,231,154,36300,43,39,4,221,196,23,55,51,6,43,39,4,Finisher,4306
Sojin,Park,Sojin Park,208,M25-29,Male,Songpa-gu,KR-11,South Korea,KR,1:12:12,5:01:50,3:45:32,0:03:56,0:02:02,10:05:33,4332,18110,13532,236,122,36333,44,40,4,43,38,6,45,42,6,44,40,4,Finisher,4057
MINHOE,GU,MINHOE GU,513,M40-44,Male,서울시,KR-11,South Korea,KR,1:14:27,5:05:59,3:39:16,0:03:06,0:03:13,10:06:00,4467,18359,13156,186,193,36360,45,41,13,67,62,15,65,61,18,45,41,13,Finisher,4495
Yongsik,Im,Yongsik Im,51,M50-54,Male,Yongin-si,KR-41,South Korea,KR,1:19:13,4:53:26,3:46:47,0:02:50,0:04:10,10:06:25,4753,17606,13607,170,250,36385,46,42,3,182,161,26,37,35,1,46,42,3,Finisher,4747
Chia Han,Chang,Chia Han Chang,108,M45-49,Male,林口區,TW-NWT,Taiwan,TW,1:21:19,5:01:21,3:37:58,0:04:20,0:02:53,10:07:51,4879,18081,13078,260,173,36471,47,43,9,236,211,34,79,74,16,47,43,9,Finisher,4565
Yeongrae,Lee,Yeongrae Lee,43,M45-49,Male,파주시,KR-41,South Korea,KR,1:14:52,4:57:21,3:50:37,0:03:37,0:02:18,10:08:45,4492,17841,13837,217,138,36525,48,44,10,73,68,10,39,37,7,48,44,10,Finisher,4555
Xinxiao,Gong ,Xinxiao Gong,397,M35-39,Male,Hefei,Anhui Province ,China,CN,1:15:58,4:46:04,3:59:35,0:04:20,0:03:23,10:09:20,4558,17164,14375,260,203,36560,49,45,11,96,90,20,19,19,7,49,45,11,Finisher,4416
Hyekyeong,Seo,Hyekyeong Seo,418,F35-39,Female,Seoul,Seoul,South Korea,KR,1:07:29,5:05:55,3:51:19,0:02:29,0:03:12,10:10:24,4049,18355,13879,149,192,36624,50,5,3,22,1,1,40,3,3,50,5,3,Finisher,4508
Pavel,Zhidelev,Pavel Zhidelev,861,M50-54,Male,Perm,RU-PER,Kazakhstan,KZ,1:32:01,5:09:32,3:19:45,0:05:36,0:04:51,10:11:44,5521,18572,11985,336,291,36704,51,46,4,551,495,97,150,137,19,51,46,4,Finisher,4683
동식,신,동식 신,733,M45-49,Male,강원특별자치도,삼척시,South Korea,KR,1:21:07,4:58:22,3:46:58,0:04:15,0:02:36,10:13:18,4867,17902,13618,255,156,36798,52,47,11,225,200,32,68,64,14,52,47,11,Finisher,4500
Alab,Adviento,Alab Adviento,221,M30-34,Male,SECOND DISTRICT - CITY OF MARIKI,PH-00,Philippines,PH,0:57:15,5:03:19,4:04:40,0:05:29,0:04:00,10:14:43,3435,18199,14680,329,240,36883,53,48,5,3,3,2,18,18,2,53,48,5,Finisher,4189
Bai,Meng,Bai Meng,579,F40-44,Female,Beijing,CN-11,China,CN,1:17:37,5:09:14,3:43:14,0:03:14,0:01:47,10:15:06,4657,18554,13394,194,107,36906,54,6,2,130,9,1,83,6,2,54,6,2,Finisher,4810
태일,전,태일 전,1053,M55-59,Male,안산시,Gyeonggi-do,South Korea,KR,1:11:05,5:19:51,3:38:50,0:03:37,0:02:25,10:15:49,4265,19191,13130,217,145,36949,55,49,1,36,32,1,107,98,2,55,49,1,Finisher,5000
Andrew,Shen,Andrew Shen,10,M25-29,Male,Jersey City,NJ,United States,US,1:17:18,4:54:23,3:58:01,0:03:16,0:03:10,10:16:08,4638,17663,14281,196,190,36968,56,50,5,123,115,11,33,31,5,56,50,5,Finisher,3930
Hyungbae,Chun,Hyungbae Chun,638,M45-49,Male,성남시,경기도,South Korea,KR,1:14:02,5:16:23,3:39:35,0:03:46,0:02:41,10:16:27,4442,18983,13175,226,161,36987,57,51,12,61,56,8,101,94,19,57,51,12,Finisher,4462
Jungwoo,Suh,Jungwoo Suh,94,M40-44,Male,Seoul (서울),KR-11,South Korea,KR,1:12:36,5:10:28,3:47:39,0:03:16,0:02:33,10:16:31,4356,18628,13659,196,153,36991,58,52,14,47,42,9,78,73,22,58,52,14,Finisher,4368
태진,김,태진 김,576,M40-44,Male,Yeonje-gu,Busan,South Korea,KR,1:17:51,4:58:35,3:54:07,0:03:16,0:03:15,10:17:04,4671,17915,14047,196,195,37024,59,53,15,142,130,29,56,52,16,59,53,15,Finisher,4362
chang jo,Kim,chang jo Kim,607,M45-49,Male,Mokpo,Jeollanam-do,South Korea,KR,1:19:13,4:56:39,3:57:12,0:02:17,0:01:47,10:17:08,4753,17799,14232,137,107,37028,60,54,13,183,162,24,46,43,8,60,54,13,Finisher,4454
taesung,kwon,taesung kwon,721,M45-49,Male,김포시,KR-41,South Korea,KR,1:23:02,5:10:24,3:36:48,0:04:28,0:02:37,10:17:20,4982,18624,13008,268,157,37040,61,55,14,280,253,43,117,107,21,61,55,14,Finisher,4452
Dong ho,Kim,Dong ho Kim,52,M50-54,Male,Incheon,KR-28,South Korea,KR,1:21:33,5:06:08,3:41:01,0:05:17,0:04:36,10:18:35,4893,18368,13261,317,276,37115,62,56,5,245,219,35,96,89,12,62,56,5,Finisher,4601
ERIC,ZHOU,ERIC ZHOU,920,M50-54,Male,北京,CN-BJ,China,CN,1:18:35,5:08:58,3:43:13,0:04:37,0:03:25,10:18:49,4715,18538,13393,277,205,37129,63,57,6,161,142,22,93,86,9,63,57,6,Finisher,4598
Roman,Girshfeld,Roman Girshfeld,693,M45-49,Male,Kharkiv,Kharkiv Oblast,Ukraine,UA,1:09:26,5:03:55,3:56:29,0:04:58,0:05:16,10:20:03,4166,18235,14189,298,316,37203,64,58,15,32,29,3,48,45,9,64,58,15,Finisher,4419
Jong Kyung,Kim,Jong Kyung Kim,118,M45-49,Male,창원,Gyeongsangnam-do,South Korea,KR,1:19:50,4:50:52,4:02:42,0:03:42,0:03:22,10:20:28,4790,17452,14562,222,202,37228,65,59,16,200,178,29,31,29,6,65,59,16,Finisher,4414
gyu,heo,gyu heo,29,M40-44,Male,Yangsan,KR-48,South Korea,KR,1:32:03,4:54:02,3:46:10,0:05:01,0:03:19,10:20:35,5523,17642,13570,301,199,37235,66,60,16,553,497,96,87,80,25,66,60,16,Finisher,4320
Jirí,Wallerer,Jirí Wallerer,3,M30-34,Male,Zdice,foreigner,Czech Republic,CZ,1:17:14,5:09:56,3:47:35,0:03:53,0:02:38,10:21:16,4634,18596,13655,233,158,37276,67,61,6,121,113,15,86,79,7,67,61,6,Finisher,4111
YISOO,KIM,YISOO KIM,18,M30-34,Male,Songpa-gu,KR-11,South Korea,KR,1:16:10,5:21:38,3:35:28,0:05:18,0:03:14,10:21:48,4570,19298,12928,318,194,37308,68,62,7,98,91,10,135,122,13,68,62,7,Finisher,4104
Wim,Verdeyen,Wim Verdeyen,899,M50-54,Male,Bonheiden,BE-VAN,Belgium,BE,1:04:49,5:07:47,4:04:48,0:02:57,0:03:31,10:23:52,3889,18467,14688,177,211,37432,69,63,7,15,15,2,38,36,2,69,63,7,Finisher,4538
WOOHYUN,ROH,WOOHYUN ROH,395,M35-39,Male,Seocho-gu,SEOUL-TEUKBYEOLSI,South Korea,KR,1:16:48,4:59:37,4:00:46,0:03:51,0:03:28,10:24:29,4608,17977,14446,231,208,37469,70,64,12,111,103,22,58,54,13,70,64,12,Finisher,4234
Seongbeom,Park,Seongbeom Park,8,M35-39,Male,Seoul,SEOUL-TEUKBYEOLSI,South Korea,KR,1:04:33,5:06:31,4:00:23,0:04:23,0:09:00,10:24:50,3873,18391,14423,263,540,37490,71,65,13,14,14,3,36,34,12,71,65,13,Finisher,4230
Hanlong,Zheng,Hanlong Zheng,22,M35-39,Male,北京市,CN-BJ,China,CN,1:23:09,5:06:35,3:48:41,0:04:13,0:03:38,10:26:16,4989,18395,13721,253,218,37576,72,66,14,283,256,47,99,92,19,72,66,14,Finisher,4212
Younghyoun,Kim,Younghyoun Kim,35,M40-44,Male,Seoul,KR-11,South Korea,KR,1:14:01,4:59:03,4:07:13,0:03:26,0:02:50,10:26:33,4441,17943,14833,206,170,37593,73,67,17,60,55,13,42,39,9,73,67,17,Finisher,4248
Nicolas,Lagier,Nicolas Lagier,517,M40-44,Male,Singapore,Singapore,France,FR,1:12:31,5:02:35,4:06:19,0:03:33,0:02:26,10:27:25,4351,18155,14779,213,146,37645,74,68,18,46,41,8,51,48,14,74,68,18,Finisher,4238
Youngchul,Kim,Youngchul Kim,34,M40-44,Male,부천,KR-41,South Korea,KR,1:17:03,5:02:58,3:57:13,0:06:14,0:04:00,10:27:28,4623,18178,14233,374,240,37648,75,69,19,116,108,24,77,72,21,75,69,19,Finisher,4237
Yeoji,Seong,Yeoji Seong,21,F30-34,Female,경기,KR-41,South Korea,KR,1:20:29,5:11:02,3:51:09,0:02:46,0:02:08,10:27:34,4829,18662,13869,166,128,37654,76,7,1,216,25,7,103,8,1,76,7,1,Finisher,5000
JONGBEOM,PARK,JONGBEOM PARK,350,M35-39,Male,SEOUL,KR-11,South Korea,KR,1:21:47,5:01:37,3:56:26,0:05:20,0:02:27,10:27:37,4907,18097,14186,320,147,37657,77,70,15,253,227,43,80,75,17,77,70,15,Finisher,4196
Anna,Balabaeva,Anna Balabaeva,578,F40-44,Female,Moscow,RU-MOW,Turkey,TR,1:19:50,5:08:54,3:50:15,0:05:35,0:03:05,10:27:40,4790,18534,13815,335,185,37660,78,8,3,199,22,5,105,9,3,78,8,3,Finisher,4659
成东,郭,成东 郭,567,M40-44,Male,杭州,浙江,China,CN,1:19:56,5:20:05,3:40:41,0:04:01,0:03:04,10:27:47,4796,19205,13241,241,184,37667,79,71,20,203,181,35,140,127,33,79,71,20,Finisher,4233
lingfeng,Guan,lingfeng Guan,363,M35-39,Male,Chengdu,CN-SICHUAN,China,CN,1:35:19,4:52:25,3:48:11,0:07:28,0:05:07,10:28:29,5719,17545,13691,448,307,37709,80,72,16,648,582,77,108,99,20,80,72,16,Finisher,4186
Fan,Feng,Fan Feng,327,M35-39,Male,Beijing,CN-BJ,China,CN,1:19:23,4:59:13,4:01:59,0:05:04,0:03:02,10:28:42,4763,17953,14519,304,182,37722,81,73,17,189,168,31,66,62,14,81,73,17,Finisher,4183
Jaturon,Jeenjitman,Jaturon Jeenjitman,74,M30-34,Male,SuanLuang,TH-10,Thailand,TH,0:59:17,5:12:23,4:10:15,0:03:36,0:03:18,10:28:49,3557,18743,15015,216,198,37729,82,74,8,5,5,3,34,32,4,82,74,8,Finisher,4020
Lei,Jiang,Lei Jiang,25,M35-39,Male,Yubei,CN-CQ,China,CN,1:18:40,5:03:03,4:02:06,0:02:55,0:02:49,10:29:32,4720,18183,14526,175,169,37772,83,75,18,164,145,27,73,69,16,83,75,18,Finisher,4173
Yunxiao,Wang,Yunxiao Wang,15,M25-29,Male,ShenZhen,CN-GD,China,CN,1:21:10,5:06:07,3:55:51,0:04:14,0:02:49,10:30:11,4870,18367,14151,254,169,37811,84,76,6,228,203,15,90,83,7,84,76,6,Finisher,3761
Nam,Jaehyun,Nam Jaehyun,820,M50-54,Male,대구광역시,DAEGU-GWANGYEOKSI,South Korea,KR,1:18:44,5:13:33,3:44:45,0:07:33,0:06:18,10:30:54,4724,18813,13485,453,378,37854,85,77,8,168,149,24,122,110,16,85,77,8,Finisher,4453
CHOI,Youngjin,CHOI Youngjin,914,M50-54,Male,Seoul,KR-11,South Korea,KR,1:21:01,5:06:35,3:57:23,0:04:32,0:01:48,10:31:19,4861,18395,14243,272,108,37879,86,78,9,223,198,30,92,85,8,86,78,9,Finisher,4448
성현,Park,성현 Park,44,M45-49,Male,창원시,KR-48,South Korea,KR,1:32:42,5:05:54,3:45:23,0:04:17,0:04:07,10:32:23,5562,18354,13523,257,247,37943,87,79,17,573,516,99,132,119,23,87,79,17,Finisher,4271
Wonseok,Choi,Wonseok Choi,548,M40-44,Male,"Uichang-gu,Changwon-si",KR-48,South Korea,KR,1:13:02,4:58:52,4:14:11,0:02:58,0:04:00,10:33:04,4382,17932,15251,178,240,37984,88,80,21,50,45,10,32,30,7,88,80,21,Finisher,4170
Dohyoung,Kim,Dohyoung Kim,109,M45-49,Male,용인시,KR-41,South Korea,KR,1:32:12,5:01:22,3:54:43,0:03:40,0:02:22,10:34:18,5532,18082,14083,220,142,38058,89,81,18,556,500,95,115,105,20,89,81,18,Finisher,4248
SEONG WOOK ,CHOI,SEONG WOOK CHOI,375,M35-39,Male," Guri-si,",Gyeonggi-do,South Korea,KR,1:12:53,5:06:51,4:07:21,0:04:08,0:03:22,10:34:36,4373,18411,14841,248,202,38076,90,82,19,48,43,10,70,66,15,90,82,19,Finisher,4112
Wonseok,Jeong,Wonseok Jeong,724,M45-49,Male,Ulsan,KR-31,South Korea,KR,1:22:24,4:57:26,4:07:04,0:03:56,0:04:44,10:35:33,4944,17846,14824,236,284,38133,91,83,19,267,241,41,69,65,15,91,83,19,Finisher,4233
Yiseul,Son,Yiseul Son,426,F35-39,Female,Hanam,GYEONGGI-DO,South Korea,KR,1:15:34,5:20:19,3:51:18,0:04:06,0:04:24,10:35:41,4534,19219,13878,246,264,38141,92,9,4,88,6,4,123,13,4,92,9,4,Finisher,4204
Runze,Zhang,Runze Zhang,14,M25-29,Male,Beijing,CN-11,China,CN,1:27:21,5:04:03,3:53:46,0:05:41,0:05:09,10:35:59,5241,18243,14026,341,309,38159,93,84,7,396,356,21,114,104,9,93,84,7,Finisher,3692
Yeongbok,Noh,Yeongbok Noh,904,M50-54,Male,전라남도,순천시,South Korea,KR,1:13:45,5:18:43,3:58:10,0:03:49,0:02:03,10:36:30,4425,19123,14290,229,123,38190,94,85,10,57,52,4,110,101,13,94,85,10,Finisher,4386
Cyril,Voillequin,Cyril Voillequin,56,M55-59,Male,Colombes,FR-92,France,FR,1:21:14,5:15:35,3:46:15,0:06:35,0:07:05,10:36:44,4874,18935,13575,395,425,38204,95,86,2,230,205,15,137,124,7,95,86,2,Finisher,4749
Leo Hoihang,Wong,Leo Hoihang Wong,17,M30-34,Male,Geumjeong-gu,BUSAN-GWANGYEOKSI,United Kingdom,GB,1:18:18,5:17:20,3:54:08,0:04:23,0:02:52,10:37:00,4698,19040,14048,263,172,38220,96,87,9,153,136,18,124,111,11,96,87,9,Finisher,3922
Nartay,Kaziyev,Nartay Kaziyev,180,M18-24,Male,Atyrau,foreigner,Kazakhstan,KZ,1:04:00,5:52:01,3:35:03,0:04:22,0:02:39,10:38:04,3840,21121,12903,262,159,38284,97,88,1,11,11,2,206,189,3,97,88,1,Finisher,5000
jinhee,kim,jinhee kim,484,M40-44,Male,jeju,jeju,South Korea,KR,1:20:04,4:56:37,4:07:11,0:09:24,0:06:25,10:39:41,4804,17797,14831,564,385,38381,98,89,22,211,188,38,76,71,20,98,89,22,Finisher,4090
Kang,kitae,Kang kitae,138,M50-54,Male,하남시,KR-41,South Korea,KR,1:16:41,5:04:00,4:14:38,0:02:49,0:02:47,10:40:54,4601,18240,15278,169,167,38454,99,90,11,107,99,11,64,60,5,99,90,11,Finisher,4333
SeongBong,Hwnag,SeongBong Hwnag,931,M50-54,Male,Suwon-si,KR-41,South Korea,KR,1:17:05,5:20:37,3:47:15,0:11:04,0:05:07,10:41:08,4625,19237,13635,664,307,38468,100,91,12,118,110,12,155,142,21,100,91,12,Finisher,4331
Jiho,Lee,Jiho Lee,479,M40-44,Male,Gangnam-gu,SEOUL-TEUKBYEOLSI,South Korea,KR,1:14:40,4:53:49,4:21:05,0:04:50,0:06:58,10:41:22,4480,17629,15665,290,418,38482,101,92,23,71,66,16,27,25,6,101,92,23,Finisher,4070
ZHIJING,Wu,ZHIJING Wu,219,F25-29,Female,Beijing,CN-11,China,CN,1:18:18,5:06:43,4:09:08,0:05:14,0:03:00,10:42:23,4698,18403,14948,314,180,38543,102,10,1,152,17,1,84,7,1,102,10,1,Finisher,5000
홍,해룡,홍 해룡,236,M30-34,Male,논산시,충청남도,South Korea,KR,1:17:45,5:12:38,4:02:35,0:04:56,0:04:36,10:42:31,4665,18758,14555,296,276,38551,103,93,10,138,126,17,109,100,10,103,93,10,Finisher,3856
Seongweon,Seo,Seongweon Seo,59,M55-59,Male,Seongnam,KR-41,South Korea,KR,1:22:41,5:10:28,4:01:26,0:05:26,0:03:46,10:43:47,4961,18628,14486,326,226,38627,104,94,3,272,246,18,118,108,4,104,94,3,Finisher,4664
Yonghee,An,Yonghee An,102,M40-44,Male,KOREA (KOR),KR-31,South Korea,KR,1:27:47,5:02:17,4:09:28,0:03:17,0:02:34,10:45:23,5267,18137,14968,197,154,38723,105,95,24,409,368,69,98,91,26,105,95,24,Finisher,4022
Lianqin,Yu,Lianqin Yu,140,M50-54,Male,成都,CN-SC,China,CN,1:27:54,5:17:00,3:51:40,0:05:48,0:03:13,10:45:35,5274,19020,13900,348,193,38735,106,96,13,417,375,71,166,153,23,106,96,13,Finisher,4277
Seonghun,Ji,Seonghun Ji,876,M50-54,Male,구미시,경상북도,South Korea,KR,1:15:20,5:15:59,4:03:04,0:08:07,0:03:20,10:45:49,4520,18959,14584,487,200,38749,107,97,14,82,77,9,120,109,15,107,97,14,Finisher,4274
JEONGWOO,SEO,JEONGWOO SEO,650,M45-49,Male,SEOUL,KR-11,South Korea,KR,1:25:41,5:15:36,3:56:40,0:04:28,0:03:40,10:46:05,5141,18936,14200,268,220,38765,108,98,20,339,304,55,145,132,25,108,98,20,Finisher,4107
Seunghan,Baek,Seunghan Baek,709,M45-49,Male,Nan-gu,KR-31,South Korea,KR,1:20:14,5:16:24,4:01:34,0:04:45,0:03:26,10:46:23,4814,18984,14494,285,206,38783,109,99,21,213,189,31,128,115,22,109,99,21,Finisher,4103
Sungmin,Cho,Sungmin Cho,142,M50-54,Male,Yeonsu-Gu,KR-28,South Korea,KR,1:24:55,5:22:03,3:51:15,0:03:58,0:04:12,10:46:23,5095,19323,13875,238,252,38783,110,100,15,322,289,55,169,156,25,110,100,15,Finisher,4268
Jieun,Lee,Jieun Lee,584,F40-44,Female,Incheon,KR-28,South Korea,KR,1:20:00,5:13:18,4:03:22,0:06:09,0:03:46,10:46:35,4800,18798,14602,369,226,38795,111,11,4,208,23,6,121,12,4,111,11,4,Finisher,4432
Kyunbum,Jung,Kyunbum Jung,508,M40-44,Male,경기도,화성시,South Korea,KR,1:25:30,5:28:17,3:43:30,0:06:27,0:03:10,10:46:54,5130,19697,13410,387,190,38814,112,101,25,336,301,56,203,186,47,112,101,25,Finisher,4004
Yidan,Xue,Yidan Xue,33,M40-44,Male,CHONGQING,CN-CN-CQ,China,CN,1:32:57,5:05:21,3:59:58,0:04:51,0:03:49,10:46:56,5577,18321,14398,291,229,38816,113,102,26,585,526,104,136,123,32,113,102,26,Finisher,4003
Jaewon,Kim,Jaewon Kim,471,M40-44,Male,jeju,jeju,South Korea,KR,0:57:06,5:17:16,4:23:31,0:03:12,0:06:09,10:47:14,3426,19036,15811,192,369,38834,114,103,27,2,2,1,44,41,11,114,103,27,Finisher,4000
Xueyan,Jiang,Xueyan Jiang,4,F30-34,Female,Wuxi,CN-JS,China,CN,1:21:21,5:14:06,4:07:09,0:03:11,0:01:48,10:47:34,4881,18846,14829,191,108,38854,115,12,2,239,26,8,119,11,2,115,12,2,Finisher,4760
Junghyun,Cho,Junghyun Cho,1088,M60-64,Male,changwon-si,KR-48,South Korea,KR,1:19:32,5:06:54,4:10:17,0:04:57,0:06:43,10:48:24,4772,18414,15017,297,403,38904,116,104,1,193,172,4,89,82,1,116,104,1,Finisher,5000
Yoongi,Jin,Yoongi Jin,128,M45-49,Male,청주시,KR-43,South Korea,KR,1:21:49,5:20:04,3:58:32,0:04:40,0:04:07,10:49:12,4909,19204,14312,280,247,38952,117,105,22,254,228,37,148,135,27,117,105,22,Finisher,4069
Vladimir,Rodionov,Vladimir Rodionov,390,M35-39,Male,URALSK,ZAPADNO-KAZAHSTANSKAJA OBLAST',South Korea,KR,1:26:00,5:35:42,3:39:13,0:06:23,0:02:23,10:49:41,5160,20142,13153,383,143,38981,118,106,20,353,315,51,247,227,36,118,106,20,Finisher,3931
Jiyoung,Kim,Jiyoung Kim,107,F40-44,Female,Ulsan,Buggu,South Korea,KR,1:18:01,5:36:17,3:46:54,0:04:43,0:04:14,10:50:09,4681,20177,13614,283,254,39009,119,13,5,147,15,4,198,17,5,119,13,5,Finisher,4389
SEONGWON,HONG,SEONGWON HONG,376,M35-39,Male,BUSAN,BUSAN,South Korea,KR,1:19:22,5:05:37,4:14:30,0:06:24,0:04:26,10:50:19,4762,18337,15270,384,266,39019,120,107,21,188,167,30,88,81,18,120,107,21,Finisher,3924
KiM,YOUNGCHUL,KiM YOUNGCHUL,159,M55-59,Male,102-402,KR-41,South Korea,KR,1:29:35,5:19:47,3:54:09,0:04:21,0:02:42,10:50:34,5375,19187,14049,261,162,39034,121,108,4,460,412,30,182,167,12,121,108,4,Finisher,4583
Junbum,Cho,Junbum Cho,93,M40-44,Male,서울특별시,KR-11,South Korea,KR,1:18:58,5:17:47,4:07:40,0:04:17,0:02:16,10:50:59,4738,19067,14860,257,136,39059,122,109,28,176,157,34,127,114,30,122,109,28,Finisher,3955
Sinyoung,Jeong,Sinyoung Jeong,82,M35-39,Male,"Daecheong-myeon, Ongjin-gun, ",KR-28,South Korea,KR,1:20:45,5:18:35,4:02:22,0:04:06,0:05:36,10:51:25,4845,19115,14542,246,336,39085,123,110,22,218,193,39,138,125,24,123,110,22,Finisher,3911
GYEWON,PARK,GYEWON PARK,452,M40-44,Male,BUSAN,BUSAN-GWANGYEOKSI,South Korea,KR,1:25:31,5:26:57,3:46:03,0:08:02,0:05:43,10:52:17,5131,19617,13563,482,343,39137,124,111,29,337,302,57,207,190,48,124,111,29,Finisher,3939
SANGHYUK,WON,SANGHYUK WON,525,M40-44,Male,Suwon-si,KR-41,South Korea,KR,1:34:15,5:21:18,3:47:07,0:06:55,0:03:13,10:52:47,5655,19278,13627,415,193,39167,125,112,30,614,551,106,223,204,52,125,112,30,Finisher,3933
haojie,yu,haojie yu,287,M30-34,Male,广东省江门市开平市,CN-GD,China,CN,1:19:08,5:08:55,4:18:14,0:03:37,0:03:40,10:53:35,4748,18535,15494,217,220,39215,126,113,11,179,159,20,91,84,8,126,113,11,Finisher,3723
Weiguo,Xin,Weiguo Xin,158,M55-59,Male,Douyingshi,CN-37,China,CN,1:21:08,5:12:58,4:14:29,0:03:20,0:01:55,10:53:50,4868,18778,15269,200,115,39230,127,114,5,227,202,14,116,106,3,127,114,5,Finisher,4543
Wang-Woo,Nam,Wang-Woo Nam,391,M35-39,Male,청주시,KR-43,South Korea,KR,1:19:19,5:18:41,4:00:54,0:08:45,0:06:22,10:54:02,4759,19121,14454,525,382,39242,128,115,23,186,165,29,149,136,25,128,115,23,Finisher,3879
Huaizhi,Li,Huaizhi Li,985,M55-59,Male,Tianjin,CN-TJ,China,CN,1:19:49,4:59:42,4:26:46,0:05:46,0:02:44,10:54:47,4789,17982,16006,346,164,39287,129,116,6,196,175,11,74,70,1,129,116,6,Finisher,4532
Jokyun,Jeong,Jokyun Jeong,58,M55-59,Male,Gangnam-gu,KR-11,South Korea,KR,1:35:40,5:10:46,4:00:07,0:04:54,0:03:49,10:55:16,5740,18646,14407,294,229,39316,130,117,7,656,586,49,174,160,11,130,117,7,Finisher,4526
Hyungkoo,Kim,Hyungkoo Kim,463,M40-44,Male,인천,서구,South Korea,KR,1:40:06,5:28:30,3:38:49,0:04:55,0:03:09,10:55:29,6006,19710,13129,295,189,39329,131,118,31,752,671,123,278,256,63,131,118,31,Finisher,3901
HOJEONG,CHA,HOJEONG CHA,79,M35-39,Male,Changwon-si,KR-48,South Korea,KR,1:40:40,5:05:50,4:01:16,0:03:41,0:04:21,10:55:49,6040,18350,14476,221,261,39349,132,119,24,764,681,92,162,149,26,132,119,24,Finisher,3858
Soongi,Cho,Soongi Cho,714,M45-49,Male,ulsan,KR-31,South Korea,KR,1:39:44,5:05:38,4:00:14,0:06:06,0:05:34,10:57:15,5984,18338,14414,366,334,39435,133,120,23,744,666,121,176,162,31,133,120,23,Finisher,3973
경근,김,경근 김,921,M50-54,Male,인천광역시,남동구,South Korea,KR,1:21:42,5:05:54,4:20:13,0:04:40,0:04:55,10:57:25,4902,18354,15613,280,295,39445,134,121,16,248,222,38,94,87,10,134,121,16,Finisher,4135
Hyo Min,Kim,Hyo Min Kim,90,M40-44,Male,Goyang-si,KR-41,South Korea,KR,1:12:05,5:03:17,4:36:01,0:02:58,0:03:17,10:57:38,4325,18197,16561,178,197,39458,135,122,32,42,37,7,49,46,13,135,122,32,Finisher,3875
준한,장,준한 장,1052,M55-59,Male,노원구 ,Seoul,South Korea,KR,1:15:19,5:17:49,4:13:36,0:07:12,0:03:49,10:57:45,4519,19069,15216,432,229,39465,136,123,8,81,76,3,126,113,5,136,123,8,Finisher,4496
EUNHYANG,SHIN,EUNHYANG SHIN,47,F45-49,Female,YONGINSI,KR-41,South Korea,KR,1:26:51,5:41:19,3:42:56,0:04:53,0:01:56,10:57:55,5211,20479,13376,293,116,39475,137,14,2,380,40,5,275,22,3,137,14,2,Finisher,4343
Yoonseok,Sim,Yoonseok Sim,554,M40-44,Male,Gimpo,Gyunggido,South Korea,KR,1:23:39,5:30:18,3:55:48,0:05:17,0:02:58,10:58:01,5019,19818,14148,317,178,39481,138,124,33,297,269,52,199,182,45,138,124,33,Finisher,3870
Kilwoo,Lim,Kilwoo Lim,563,M40-44,Male,평택시,Gyeonggi-do,South Korea,KR,1:31:40,5:31:35,3:42:48,0:07:40,0:04:47,10:58:30,5500,19895,13368,460,287,39510,139,125,34,533,479,88,264,243,60,139,125,34,Finisher,3865
Artem,Alekseev,Artem Alekseev,36,M40-44,Male,Belgorod,BELGORODSKAYA OBLAST',Unknown,,1:29:02,4:57:07,4:26:26,0:03:30,0:02:27,10:58:32,5342,17827,15986,210,147,39512,140,126,35,443,397,75,82,77,24,140,126,35,Finisher,3864
Minji,Song,Minji Song,423,F35-39,Female,Bupyeng-gu,KR-28,South Korea,KR,1:25:48,5:37:49,3:48:12,0:03:23,0:03:25,10:58:36,5148,20269,13692,203,205,39516,141,15,5,344,37,7,242,20,6,141,15,5,Finisher,3929
Azamat,Zhumagazin,Azamat Zhumagazin,311,M35-39,Male,Astana,Akmolinskaya,Kazakhstan,KZ,1:20:41,5:16:48,4:10:03,0:05:34,0:05:44,10:58:50,4841,19008,15003,334,344,39530,142,127,25,217,192,38,133,120,23,142,127,25,Finisher,3822
yu,taehoon,yu taehoon,720,M45-49,Male,paju,gyunggido,South Korea,KR,1:23:32,5:12:43,4:08:29,0:09:35,0:04:57,10:59:17,5012,18763,14909,575,297,39557,143,128,24,294,266,45,146,133,26,143,128,24,Finisher,3948
Nam,Do Hyun,Nam Do Hyun,173,M18-24,Male,서울시,Seoul,South Korea,KR,1:14:48,5:29:48,4:04:19,0:03:55,0:07:46,11:00:36,4488,19788,14659,235,466,39636,144,129,2,72,67,3,153,140,1,144,129,2,Finisher,4729
Inchul,Hwang,Inchul Hwang,813,M50-54,Male,군포시,KR-41,South Korea,KR,1:17:33,5:28:08,4:09:26,0:04:00,0:02:28,11:01:35,4653,19688,14966,240,148,39695,145,130,17,128,120,15,160,147,22,145,130,17,Finisher,4085
Hyoin,Park,Hyoin Park,633,M45-49,Male,울산광역시,북구,South Korea,KR,1:26:03,5:20:03,3:59:27,0:10:20,0:05:53,11:01:47,5163,19203,14367,620,353,39707,146,131,25,356,318,59,186,171,33,146,131,25,Finisher,3918
Juhyuk,Park,Juhyuk Park,659,M45-49,Male,Seo-gu,KR-28,South Korea,KR,1:31:40,4:51:12,4:26:10,0:08:05,0:05:53,11:03:00,5500,17472,15970,485,353,39780,147,132,26,532,478,92,85,78,17,147,132,26,Finisher,3904
sungyeon,hwang,sungyeon hwang,895,M50-54,Male,seoul,KR-11,South Korea,KR,1:28:04,5:29:52,3:46:25,0:10:12,0:08:47,11:03:21,5284,19792,13585,612,527,39801,148,133,18,424,381,73,249,229,43,148,133,18,Finisher,4064
Jianwei,Luo,Jianwei Luo,345,M35-39,Male,成都市,四川省,China,CN,1:25:07,5:07:14,4:18:59,0:07:45,0:04:25,11:03:31,5107,18434,15539,465,265,39811,149,134,26,326,293,50,125,112,21,149,134,26,Finisher,3765
seungyeol,cho,seungyeol cho,881,M50-54,Male,Andong-si,Gyeongsangbuk-do,South Korea,KR,1:26:27,5:37:06,3:49:27,0:06:52,0:04:21,11:04:13,5187,20226,13767,412,261,39853,150,135,19,367,329,61,262,241,46,150,135,19,Finisher,4054
Jungyun,Choi,Jungyun Choi,71,F25-29,Female,Eupeong-gu,KR-11,South Korea,KR,1:24:23,5:07:51,4:22:48,0:04:35,0:04:45,11:04:22,5063,18471,15768,275,285,39862,151,16,2,309,29,3,112,10,2,151,16,2,Finisher,4736
Karan,Rajpal,Karan Rajpal,358,M35-39,Male,SANGAMNER,Maharashtra,India,IN,1:19:15,5:35:48,3:59:16,0:05:35,0:04:28,11:04:23,4755,20148,14356,335,268,39863,152,136,27,184,163,28,209,191,30,152,136,27,Finisher,3755
QIJUN,XIA,QIJUN XIA,181,M18-24,Male,Chongqing,CN-50,China,CN,1:23:05,5:23:08,4:12:49,0:04:37,0:01:36,11:05:15,4985,19388,15169,277,96,39915,153,137,3,281,254,6,167,154,2,153,137,3,Finisher,4673
Younghwa,Kim,Younghwa Kim,1041,M55-59,Male,부산광역시,KR-26,South Korea,KR,1:19:57,5:39:34,3:45:57,0:09:52,0:10:45,11:06:06,4797,20374,13557,592,645,39966,154,138,9,204,182,12,257,236,18,154,138,9,Finisher,4396
Ippei,KANAZAWA,Ippei KANAZAWA,48,M50-54,Male,Izumo,JP-32,Japan,JP,1:23:06,5:26:39,4:07:22,0:05:28,0:03:47,11:06:22,4986,19599,14842,328,227,39982,155,139,20,282,255,44,184,169,26,155,139,20,Finisher,4028
hyunmo,YANG,hyunmo YANG,810,M50-54,Male,"Eunpyeong-gu,",KR-11,South Korea,KR,1:27:59,5:12:31,4:14:23,0:07:00,0:04:52,11:06:46,5279,18751,15263,420,292,40006,156,140,21,419,377,72,151,138,20,156,140,21,Finisher,4023
Wonseok,Lim,Wonseok Lim,549,M40-44,Male,Seoul,Seocho,South Korea,KR,1:36:15,5:16:50,4:03:51,0:05:54,0:04:56,11:07:46,5775,19010,14631,354,296,40066,157,141,36,669,597,115,197,181,44,157,141,36,Finisher,3753
Sangchul,Kim,Sangchul Kim,9,M45-49,Male,서울시,KR-11,South Korea,KR,1:16:37,4:58:03,4:43:51,0:05:22,0:04:07,11:07:59,4597,17883,17031,322,247,40079,158,142,27,104,97,15,57,53,11,158,142,27,Finisher,3844
Uihyeong,Jeong,Uihyeong Jeong,49,M50-54,Male,포항시,KR-47,South Korea,KR,1:11:19,5:20:42,4:28:47,0:04:59,0:02:58,11:08:46,4279,19242,16127,299,178,40126,159,143,22,38,34,3,113,103,14,159,143,22,Finisher,3999
Yoo,Youngjin,Yoo Youngjin,399,M35-39,Male,Seoul,KR-11,South Korea,KR,1:14:54,5:46:48,3:58:41,0:03:50,0:05:01,11:09:15,4494,20808,14321,230,301,40155,160,144,28,76,71,14,237,218,35,160,144,28,Finisher,3697
LEE,HEEYEON,LEE HEEYEON,95,M40-44,Male,cheongju-si,KR-43,South Korea,KR,1:28:29,5:26:15,4:06:49,0:04:10,0:03:42,11:09:26,5309,19575,14809,250,222,40166,161,145,37,435,391,73,196,180,43,161,145,37,Finisher,3733
Jingyi,Wu,Jingyi Wu,198,M25-29,Male,Haidian District,Beijing,China,CN,1:12:13,4:56:11,4:50:35,0:05:11,0:05:27,11:09:37,4333,17771,17435,311,327,40177,162,146,8,44,39,7,28,26,4,162,146,8,Finisher,3288
Olga,Dudar,Olga Dudar,957,F50-54,Female,Perm,Permskiy krai ,Unknown,,1:18:33,5:29:53,4:15:24,0:03:23,0:02:37,11:09:51,4713,19793,15324,203,157,40191,163,17,1,158,19,2,177,15,1,163,17,1,Finisher,5000
Jeon,Je Guy,Jeon Je Guy,162,M60-64,Male,남동구,인천,South Korea,KR,1:18:47,5:26:34,4:15:58,0:03:43,0:04:51,11:09:53,4727,19594,15358,223,291,40193,164,147,2,169,150,3,157,144,3,164,147,2,Finisher,4742
Eunchun,Sun,Eunchun Sun,980,M55-59,Male,서울시,KR-11,South Korea,KR,1:16:21,5:37:28,4:06:21,0:05:29,0:04:14,11:09:53,4581,20248,14781,329,254,40193,165,148,10,102,95,4,200,183,13,165,148,10,Finisher,4351
Sung Jun,Hwang,Sung Jun Hwang,890,M50-54,Male,구미시,경상북도,South Korea,KR,1:18:33,4:56:46,4:42:47,0:08:22,0:03:29,11:09:57,4713,17806,16967,502,209,40197,166,149,23,159,140,21,67,63,6,166,149,23,Finisher,3985
Eui Joo,Kim,Eui Joo Kim,448,M40-44,Male,오산,오산,South Korea,KR,1:21:42,5:06:31,4:33:33,0:06:18,0:03:09,11:11:14,4902,18391,16413,378,189,40274,167,150,38,249,223,42,106,97,29,167,150,38,Finisher,3712
ji hwan,kim,ji hwan kim,478,M40-44,Male,"19, Gwangan Beach-ro, Suyeong-gu",Busan,South Korea,KR,1:18:47,5:31:07,4:09:25,0:07:46,0:04:10,11:11:16,4727,19867,14965,466,250,40276,168,151,39,170,151,32,190,174,41,168,151,39,Finisher,3711
Jungwoo,Lee,Jungwoo Lee,587,M40-44,Female,Ulsan,Ulsan,South Korea,KR,1:25:42,5:19:36,4:17:08,0:05:22,0:04:19,11:12:07,5142,19176,15428,322,259,40327,169,152,40,340,305,59,165,152,37,169,152,40,Finisher,3701
Hoon,Kim,Hoon Kim,630,M45-49,Male,Seocho-gu,KR-11,South Korea,KR,1:49:28,5:01:36,4:07:22,0:07:23,0:06:39,11:12:27,6568,18096,14842,443,399,40347,170,153,28,885,783,144,192,176,35,170,153,28,Finisher,3790
SUNG MIN,YOO,SUNG MIN YOO,126,M45-49,Male,SEOUL,KR-11,South Korea,KR,1:36:11,5:29:58,3:54:24,0:07:31,0:04:37,11:12:42,5771,19798,14064,451,277,40362,171,154,29,668,596,111,281,259,45,171,154,29,Finisher,3787
KYOUNGHWAN,KIM,KYOUNGHWAN KIM,678,M45-49,Male,Jung-gu,KR-11,South Korea,KR,1:23:36,5:16:21,4:25:10,0:05:08,0:02:34,11:12:49,5016,18981,15910,308,154,40369,172,155,30,295,267,46,144,131,24,172,155,30,Finisher,3786
Liu,Maodi,Liu Maodi,96,M40-44,Male,Beijing,CN-11,Chile,CL,1:17:02,5:13:50,4:34:38,0:03:27,0:04:07,11:13:04,4622,18830,16478,207,247,40384,173,156,41,114,106,22,104,96,28,173,156,41,Finisher,3690
Inna,Alekseeva,Inna Alekseeva,760,F45-49,Female,Moscow,,Kazakhstan,KZ,1:24:32,5:49:48,3:52:04,0:04:31,0:02:30,11:13:25,5072,20988,13924,271,150,40405,174,18,3,312,32,4,328,29,5,174,18,3,Finisher,4157
Hyeonjong,You,Hyeonjong You,67,M65-69,Male,Sejong-si,KR-50,South Korea,KR,1:28:08,5:10:06,4:24:57,0:06:13,0:04:34,11:13:58,5288,18606,15897,373,274,40438,175,157,1,426,383,4,141,128,1,175,157,1,Finisher,5000
Chengxiang,Wang,Chengxiang Wang,88,M40-44,Male,成都市,CN-SC,China,CN,1:13:15,5:29:44,4:21:56,0:06:58,0:02:31,11:14:24,4395,19784,15716,418,151,40464,176,158,42,51,46,11,161,148,34,176,158,42,Finisher,3674
Soonyoung,Jeong,Soonyoung Jeong,46,F45-49,Female,전라북도,KR-45,South Korea,KR,1:19:05,5:45:14,4:02:55,0:04:23,0:02:50,11:14:26,4745,20714,14575,263,170,40466,177,19,4,178,20,2,251,21,2,177,19,4,Finisher,4145
jae il,Shin,jae il Shin,814,M50-54,Male,부평구,KR-28,South Korea,KR,1:32:44,5:22:59,4:08:44,0:06:10,0:04:52,11:15:29,5564,19379,14924,370,292,40529,178,159,24,574,517,103,217,199,31,178,159,24,Finisher,3918
Hyungwon,MOON,Hyungwon MOON,808,M50-54,Male,하남시,Gyeonggi-do,South Korea,KR,1:22:58,5:42:13,4:01:34,0:05:02,0:03:48,11:15:34,4978,20533,14494,302,228,40534,179,160,25,279,252,43,259,238,45,179,160,25,Finisher,3917
Younghan,Cheon,Younghan Cheon,912,M50-54,Male,구미시,경상북도,South Korea,KR,1:30:31,5:32:23,3:54:22,0:09:18,0:09:07,11:15:41,5431,19943,14062,558,547,40541,180,161,26,488,438,88,271,250,50,180,161,26,Finisher,3916
SUNG HO,HONG,SUNG HO HONG,537,M40-44,Male,Incheon,KR-28,South Korea,KR,1:35:49,5:11:16,4:23:17,0:03:19,0:02:25,11:16:06,5749,18676,15797,199,145,40566,181,162,43,662,591,113,164,151,36,181,162,43,Finisher,3653
Younggyo,Jo,Younggyo Jo,556,M40-44,Male,임실군,KR-45,South Korea,KR,1:21:21,5:26:00,4:19:22,0:03:59,0:05:49,11:16:31,4881,19560,15562,239,349,40591,182,163,44,240,214,41,175,161,38,182,163,44,Finisher,3648
Jung Mo,Kim,Jung Mo Kim,154,M55-59,Male,오산시,KR-41,South Korea,KR,1:34:30,5:36:31,3:53:14,0:08:19,0:04:06,11:16:40,5670,20191,13994,499,246,40600,183,164,11,622,558,45,334,303,20,183,164,11,Finisher,4269
JEKON,HONG,JEKON HONG,648,M45-49,Male,Seoul,Republic of Korea,South Korea,KR,1:25:01,5:15:20,4:21:45,0:08:22,0:06:48,11:17:16,5101,18920,15705,502,408,40636,184,165,31,324,291,52,154,141,29,184,165,31,Finisher,3732
weiwei,wang,weiwei wang,547,M40-44,Male,chengdu,Sichuan,China,CN,1:31:45,5:36:41,4:01:02,0:05:37,0:02:58,11:18:03,5505,20201,14462,337,178,40683,185,166,45,540,485,91,284,261,65,185,166,45,Finisher,3630
일,임,일 임,85,M35-39,Male,서구,KR-28,South Korea,KR,1:21:14,5:37:09,4:14:29,0:03:05,0:02:38,11:18:35,4874,20229,15269,185,158,40715,186,167,29,231,206,40,213,195,32,186,167,29,Finisher,3585
tae ho,song,tae ho song,386,M35-39,Male,Seoul Metropolitan City,mapo-gu,South Korea,KR,1:18:19,5:29:09,4:22:35,0:03:47,0:05:53,11:19:44,4699,19749,15755,227,353,40784,187,168,30,154,137,25,172,158,27,187,168,30,Finisher,3571
GANGJUN,LEE,GANGJUN LEE,234,M30-34,Male,안동시,GYEONGSANGBUK-DO,South Korea,KR,1:31:28,5:51:49,3:44:34,0:07:24,0:04:38,11:19:54,5488,21109,13474,444,278,40794,188,169,12,522,469,44,412,374,28,188,169,12,Finisher,3407
Yoshinori,Kikuchi,Yoshinori Kikuchi,1040,M55-59,Male,仲池上大田区,東京都,Japan,JP,1:17:51,5:27:40,4:28:34,0:03:16,0:02:36,11:19:58,4671,19660,16114,196,156,40798,189,170,12,143,131,6,156,143,8,189,170,12,Finisher,4230
Sujin,Jeon,Sujin Jeon,305,F30-34,Female,대구,대구,South Korea,KR,1:18:09,5:39:25,4:16:15,0:04:28,0:01:47,11:20:04,4689,20365,15375,268,107,40804,190,20,3,150,16,5,220,19,5,190,20,3,Finisher,4370
Alexey,Leonov,Alexey Leonov,429,M40-44,Male,Moskva,RU-MOW,Unknown,,1:22:48,5:04:59,4:40:52,0:06:26,0:05:04,11:20:09,4968,18299,16852,386,304,40809,191,171,46,274,248,48,102,95,27,191,171,46,Finisher,3605
Hye Rin,Hong,Hye Rin Hong,75,F30-34,Female,Hwaseong-si,KR-41,South Korea,KR,1:17:55,5:35:16,4:20:07,0:04:11,0:03:06,11:20:34,4675,20116,15607,251,186,40834,192,21,4,144,13,4,189,16,3,192,21,4,Finisher,4364
Wooey,Park,Wooey Park,76,F30-34,Female,영등포,KR-11,South Korea,KR,1:19:08,5:38:47,4:18:49,0:02:38,0:01:33,11:20:55,4748,20327,15529,158,93,40855,193,22,5,180,21,6,208,18,4,193,22,5,Finisher,4359
Kiseob,Han,Kiseob Han,251,M30-34,Male,수영구,BUSAN-GWANGYEOKSI,South Korea,KR,1:23:22,5:23:46,4:24:01,0:07:01,0:03:09,11:21:19,5002,19426,15841,421,189,40879,194,172,13,288,260,25,183,168,15,194,172,13,Finisher,3390
Yongwoo,Lee,Yongwoo Lee,911,M50-54,Male,Bucheon-si,KR-41,South Korea,KR,1:31:09,5:33:56,4:02:49,0:06:11,0:07:33,11:21:38,5469,20036,14569,371,453,40898,195,173,27,505,455,91,268,247,48,195,173,27,Finisher,3845
봉흠,백,봉흠 백,969,M55-59,Male,INCHEON,Incheon,South Korea,KR,1:22:54,5:29:26,4:17:28,0:07:44,0:04:39,11:22:11,4974,19766,15448,464,279,40931,196,174,13,277,251,19,202,185,14,196,174,13,Finisher,4203
Doojin,Yoon,Doojin Yoon,110,M45-49,Male,인천시,KR-28,South Korea,KR,1:35:02,5:30:51,4:08:44,0:04:28,0:03:19,11:22:24,5702,19851,14924,268,199,40944,197,175,32,640,576,106,261,240,40,197,175,32,Finisher,3671
자덕,구,자덕 구,572,M40-44,Male,대구광역시,대구광역시,South Korea,KR,1:26:41,5:36:41,4:06:02,0:07:45,0:05:38,11:22:47,5201,20201,14762,465,338,40967,198,176,47,372,334,63,265,244,61,198,176,47,Finisher,3573
Dokyoung,Choi,Dokyoung Choi,322,M35-39,Male,서울특별시,KR-11,South Korea,KR,1:32:39,5:22:00,4:17:38,0:07:07,0:03:51,11:23:15,5559,19320,15458,427,231,40995,199,177,31,571,514,70,215,197,33,199,177,31,Finisher,3529
Vitaly,Savin,Vitaly Savin,545,M40-44,Male,Miami-Beach,US-FL,United States,US,1:37:28,5:16:23,4:21:26,0:04:46,0:04:09,11:24:13,5848,18983,15686,286,249,41053,200,178,48,693,619,118,193,177,42,200,178,48,Finisher,3556
RYU,JINHO,RYU JINHO,91,M40-44,Male,Uijeongbu-si,KR-41,South Korea,KR,1:21:54,5:36:52,4:17:40,0:04:43,0:03:35,11:24:43,4914,20212,15460,283,215,41083,201,179,49,257,231,45,229,210,54,201,179,49,Finisher,3550
Jinwook,Choi,Jinwook Choi,348,M35-39,Male,대구,KR-27,South Korea,KR,1:17:49,5:47:38,4:08:42,0:05:16,0:05:52,11:25:17,4669,20858,14922,316,352,41117,202,180,32,140,128,24,263,242,38,202,180,32,Finisher,3504
Dongeun,Lee,Dongeun Lee,617,M45-49,Male,"Gyeonggi-do, ",GYEONGGI-DO,South Korea,KR,1:31:38,5:24:42,4:16:34,0:07:28,0:05:49,11:26:11,5498,19482,15394,448,349,41171,203,181,33,530,476,90,230,211,38,203,181,33,Finisher,3625
Aleksandr,Pak,Aleksandr Pak,87,M40-44,Male,MOSCOW,MOSKVA,Australia,AU,1:30:07,5:28:27,4:22:19,0:04:00,0:01:48,11:26:40,5407,19707,15739,240,108,41200,204,182,50,477,428,79,224,205,53,204,182,50,Finisher,3527
Kyungwon,Kang,Kyungwon Kang,847,M50-54,Male,하남시,경기도,South Korea,KR,1:21:21,5:30:09,4:24:54,0:07:13,0:03:05,11:26:41,4881,19809,15894,433,185,41201,205,183,28,237,212,33,194,178,28,205,183,28,Finisher,3784
Jun Shin,Park,Jun Shin Park,92,M40-44,Male,Yeonsu-gu,KR-28,South Korea,KR,1:31:23,5:32:11,4:14:15,0:05:12,0:03:51,11:26:52,5483,19931,15255,312,231,41212,206,184,51,515,463,86,252,231,58,206,184,51,Finisher,3524
KWANSU,KIM,KWANSU KIM,120,M45-49,Male,인천광역시,KR-28,South Korea,KR,1:31:22,5:31:12,4:12:25,0:07:41,0:04:57,11:27:37,5482,19872,15145,461,297,41257,207,185,34,514,462,88,260,239,39,207,185,34,Finisher,3608
Namsoo,Cho,Namsoo Cho,856,M50-54,Male,Daejeon,KR-30,South Korea,KR,1:15:11,5:28:56,4:30:34,0:06:44,0:06:54,11:28:20,4511,19736,16234,404,414,41300,208,186,29,78,73,8,168,155,24,208,186,29,Finisher,3764
Sukjai,Hong,Sukjai Hong,874,M50-54,Male,Dongdaemun-gu,Seoul,South Korea,KR,1:16:12,5:47:40,4:15:29,0:04:57,0:04:16,11:28:33,4572,20860,15329,297,256,41313,209,187,30,99,92,10,253,232,44,209,187,30,Finisher,3762
Seongho,Bae,Seongho Bae,63,M60-64,Male,울산,KR-31,South Korea,KR,1:28:16,5:36:20,4:06:29,0:10:32,0:07:24,11:29:02,5296,20180,14789,632,444,41342,210,188,3,428,385,15,295,271,7,210,188,3,Finisher,4512
Rustam,Kadersizov,Rustam Kadersizov,521,M40-44,Male,Астана,Казахстан,Kazakhstan,KZ,1:25:39,5:29:38,4:23:56,0:05:52,0:04:26,11:29:31,5139,19778,15836,352,266,41371,211,189,52,338,303,58,212,194,49,211,189,52,Finisher,3492
鼎超,杨,鼎超 杨,212,M25-29,Male,北京,CN-BJ,China,CN,1:25:56,5:13:55,4:38:42,0:04:44,0:06:56,11:30:14,5156,18835,16722,284,416,41414,212,190,9,351,313,17,143,130,10,212,190,9,Finisher,3041
지윤,박,지윤 박,410,M35-39,Male,서울,서울,South Korea,KR,1:06:03,5:32:59,4:41:35,0:03:21,0:07:08,11:31:06,3963,19979,16895,201,428,41466,213,191,33,18,18,5,130,117,22,213,191,33,Finisher,3434
JONH HYUN,LEE,JONH HYUN LEE,1086,M60-64,Male,서울,KR-11,South Korea,KR,1:31:58,5:28:32,4:15:16,0:07:35,0:08:34,11:31:55,5518,19712,15316,455,514,41515,214,192,4,550,494,22,248,228,5,214,192,4,Finisher,4477
Myeoun,DaeHyeoun,Myeoun DaeHyeoun,516,M40-44,Male,목포시,KR-46,South Korea,KR,1:20:00,5:34:42,4:28:43,0:04:57,0:03:38,11:31:59,4800,20082,16123,297,218,41519,215,193,53,207,185,36,201,184,46,215,193,53,Finisher,3463
chao,guo,chao guo,316,M35-39,Male,北京市,Beijing,China,CN,1:32:50,5:34:38,4:13:13,0:06:50,0:04:30,11:32:01,5570,20078,15193,410,270,41521,216,194,34,583,524,71,289,265,40,216,194,34,Finisher,3423
영재,이,영재 이,935,M50-54,Male,서울,KR-11,South Korea,KR,1:34:18,5:44:07,4:01:04,0:07:18,0:05:52,11:32:39,5658,20647,14464,438,352,41559,217,195,31,617,554,114,379,344,63,217,195,31,Finisher,3712
Chao,Gao,Chao Gao,436,M40-44,Male,Chongqing,CN-CN-CQ,China,CN,1:17:01,5:40:46,4:23:27,0:08:55,0:02:41,11:32:50,4621,20446,15807,535,161,41570,218,196,54,113,105,21,240,221,57,218,196,54,Finisher,3453
Kyungwook,Cho,Kyungwook Cho,254,M30-34,Male,Incheon,INCHEON-GWANGYEOKSI,South Korea,KR,1:18:37,5:38:13,4:22:42,0:06:57,0:06:37,11:33:07,4717,20293,15762,417,397,41587,219,197,14,163,144,19,231,212,17,219,197,14,Finisher,3248
Jaeo,Lee,Jaeo Lee,469,M40-44,Male,성동구,KR-11,South Korea,KR,1:32:30,5:27:38,4:24:51,0:04:45,0:03:57,11:33:41,5550,19658,15891,285,237,41621,220,198,55,564,508,99,236,217,55,220,198,55,Finisher,3442
Jongcheol,Sun,Jongcheol Sun,65,M60-64,Male,광주광역시,KR-29,South Korea,KR,1:21:03,5:52:35,4:11:04,0:05:40,0:03:38,11:34:00,4863,21155,15064,340,218,41640,221,199,5,224,199,5,333,302,9,221,199,5,Finisher,4452
Hee Soo,Choi,Hee Soo Choi,983,M55-59,Male,춘천시,강원도,South Korea,KR,1:27:15,5:49:37,4:03:18,0:05:16,0:08:54,11:34:19,5235,20977,14598,316,534,41659,222,200,14,392,352,26,358,326,22,222,200,14,Finisher,4058
Changyu,Kim,Changyu Kim,226,M30-34,Male,안산,Gyeonggi-do,South Korea,KR,1:08:30,5:30:16,4:50:43,0:02:42,0:02:25,11:34:35,4110,19816,17443,162,145,41675,223,201,15,28,26,5,129,116,12,223,201,15,Finisher,3231
Huan,Xia,Huan Xia,113,M45-49,Male,合肥,CN-AH,China,CN,1:12:53,5:41:28,4:33:03,0:03:49,0:03:24,11:34:36,4373,20488,16383,229,204,41676,224,202,35,49,44,4,191,175,34,224,202,35,Finisher,3524
MANIL,HAN,MANIL HAN,122,M45-49,Male,Incheon,KR-28,South Korea,KR,1:27:52,5:45:31,4:03:17,0:11:02,0:07:08,11:34:51,5272,20731,14597,662,428,41691,225,203,36,416,374,71,375,341,66,225,203,36,Finisher,3521
경훈,서,경훈 서,731,M45-49,Male,무안군,Jeollanam-do,South Korea,KR,1:50:08,5:22:06,4:05:26,0:08:49,0:08:36,11:35:04,6608,19326,14726,529,516,41704,226,204,37,895,790,146,345,314,58,226,204,37,Finisher,3519
Andrew,Walthern,Andrew Walthern,432,M40-44,Male,Tapuac District Dagupan City,Pangasinan,Philippines,PH,1:21:43,5:24:03,4:33:04,0:07:41,0:09:35,11:36:06,4903,19443,16384,461,575,41766,227,205,56,251,225,43,181,166,40,227,205,56,Finisher,3413
KIM,SEUNGHUN,KIM SEUNGHUN,378,M35-39,Male,Gwangju,Gwangju,South Korea,KR,1:15:42,5:47:37,4:25:37,0:05:21,0:02:22,11:36:40,4542,20857,15937,321,142,41800,228,206,35,91,85,17,250,230,37,228,206,35,Finisher,3368
Bohyun,Yoon,Bohyun Yoon,928,M50-54,Male,서울특별시,강동구,South Korea,KR,1:27:00,5:42:09,4:12:26,0:10:33,0:06:31,11:38:38,5220,20529,15146,633,391,41918,229,207,32,385,345,64,336,305,55,229,207,32,Finisher,3641
Keehyoung,Jung,Keehyoung Jung,836,M50-54,Male,수성구,대구광역시,South Korea,KR,1:19:18,5:40:36,4:31:23,0:03:28,0:03:53,11:38:39,4758,20436,16283,208,233,41919,230,208,33,185,164,27,228,209,35,230,208,33,Finisher,3640
Jaejin,Kim,Jaejin Kim,988,M55-59,Male,Gyeongju-si,KR-47,South Korea,KR,1:18:54,5:57:30,4:11:20,0:06:01,0:05:05,11:38:50,4734,21450,15080,361,305,41930,231,209,15,175,156,9,362,329,23,231,209,15,Finisher,4003
Sardar,Samidenov,Sardar Samidenov,269,M30-34,Male,Atyrau,Atyrau Region,Kazakhstan,KZ,1:16:16,5:53:46,4:17:18,0:06:18,0:05:14,11:38:53,4576,21226,15438,378,314,41933,232,210,16,100,93,11,306,281,20,232,210,16,Finisher,3179
BongGyun,Sin,BongGyun Sin,968,M55-59,Male,Geoje-si,KR-48,South Korea,KR,1:19:20,5:34:32,4:33:54,0:06:26,0:05:15,11:39:27,4760,20072,16434,386,315,41967,233,211,16,187,166,10,205,188,15,233,211,16,Finisher,3996
Ma,Zexi,Ma Zexi,299,F30-34,Female,北京,CN-BJ,China,CN,1:11:59,5:57:56,4:21:29,0:04:16,0:03:52,11:39:32,4319,21476,15689,256,232,41972,234,23,6,41,5,1,286,24,6,234,23,6,Finisher,4136
인선,최,인선 최,937,M50-54,Male,목포시,전라남도,South Korea,KR,1:44:57,5:30:52,4:04:52,0:14:09,0:05:50,11:40:41,6297,19852,14692,849,350,42041,235,212,34,827,737,152,406,369,71,235,212,34,Finisher,3616
Seung-Ha,Shin,Seung-Ha Shin,1103,M60-64,Male,경기도,KR-41,South Korea,KR,1:27:06,5:39:32,4:23:40,0:06:33,0:03:52,11:40:44,5226,20372,15820,393,232,42044,236,213,6,388,348,14,276,254,6,236,213,6,Finisher,4372
Kihong,Woo,Kihong Woo,838,M50-54,Male,동대문구,KR-11,South Korea,KR,1:21:11,5:36:22,4:31:21,0:05:45,0:06:09,11:40:47,4871,20182,16281,345,369,42047,237,214,35,229,204,31,227,208,34,237,214,35,Finisher,3615
SEOK JU,IM,SEOK JU IM,270,M30-34,Male,수원시,Gyeonggi-do,South Korea,KR,1:17:06,6:20:06,3:54:37,0:06:05,0:03:35,11:41:29,4626,22806,14077,365,215,42089,238,215,17,119,111,14,488,443,34,238,215,17,Finisher,3148
광민,안,광민 안,145,M50-54,Male,홍천군,강원도,South Korea,KR,1:14:32,5:06:09,5:14:01,0:03:54,0:03:18,11:41:54,4472,18369,18841,234,198,42114,239,216,36,69,64,7,72,68,7,239,216,36,Finisher,3601
Chungryeol,Shin,Chungryeol Shin,440,M40-44,Male,울산,남구,South Korea,KR,1:20:02,5:14:55,4:49:29,0:08:07,0:09:44,11:42:17,4802,18895,17369,487,584,42137,240,217,57,210,187,37,134,121,31,240,217,57,Finisher,3339
Konstantinos,Evangelides,Konstantinos Evangelides,200,M25-29,Male,Nicosia,LEFKOSIA,Cyprus,CY,1:04:13,6:29:38,3:55:16,0:07:57,0:05:24,11:42:27,3853,23378,14116,477,324,42147,241,218,10,12,12,2,480,435,21,241,218,10,Finisher,2894
Jung,Nam Kung,Jung Nam Kung,765,F45-49,Female,춘천시,KR-42,South Korea,KR,1:23:17,5:44:13,4:22:09,0:06:30,0:06:42,11:42:51,4997,20653,15729,390,402,42171,242,24,5,286,28,3,283,23,4,242,24,5,Finisher,3804
Kyu Chul,Nam,Kyu Chul Nam,845,M50-54,Male,구리,경기,South Korea,KR,1:14:10,5:36:45,4:41:28,0:05:22,0:05:52,11:43:37,4450,20205,16888,322,352,42217,243,219,37,64,59,6,185,170,27,243,219,37,Finisher,3581
Kim,kwon ho,Kim kwon ho,676,M45-49,Male,Gwangmyeong-si,GYEONGGI-DO,South Korea,KR,1:44:25,5:57:06,3:47:58,0:08:54,0:05:29,11:43:51,6265,21426,13678,534,329,42231,244,220,38,819,729,131,536,489,102,244,220,38,Finisher,3413
Derek,Chen,Derek Chen,614,M45-49,Male,Taipei,TW-TPE,Taiwan,TW,1:35:45,5:11:37,4:48:12,0:05:40,0:02:49,11:44:03,5745,18697,17292,340,169,42243,245,221,39,659,588,107,180,165,32,245,221,39,Finisher,3411
Su Ryung,Kang,Su Ryung Kang,100,M40-44,Male,부산,KR-26,South Korea,KR,1:14:06,5:31:40,4:45:46,0:06:55,0:05:41,11:44:07,4446,19900,17146,415,341,42247,246,222,58,63,58,14,179,164,39,246,222,58,Finisher,3317
Yeonghun,Yu,Yeonghun Yu,552,M40-44,Male,Seoul,Seoul,South Korea,KR,1:34:32,5:34:49,4:12:18,0:13:36,0:08:54,11:44:08,5672,20089,15138,816,534,42248,247,223,59,624,560,107,366,333,78,247,223,59,Finisher,3317
junho,park,junho park,666,M45-49,Male,seoul,KR-11,South Korea,KR,1:42:36,5:48:12,3:56:04,0:09:13,0:08:04,11:44:09,6156,20892,14164,553,484,42249,248,224,40,793,706,127,462,418,84,248,224,40,Finisher,3410
Aaron,Wang,Aaron Wang,169,M18-24,Male,East Walpiole,US-MA,United States,US,1:01:00,5:53:49,4:32:46,0:07:12,0:09:26,11:44:14,3660,21229,16366,432,566,42254,249,225,4,7,7,1,219,201,4,249,225,4,Finisher,4206
K,Ironmin,K Ironmin,357,M35-39,,예천군,KR-47,South Korea,KR,1:33:55,5:38:42,4:16:35,0:09:24,0:06:18,11:44:53,5635,20322,15395,564,378,42293,250,226,36,609,546,73,357,325,49,250,226,36,Finisher,3269
기문,최,기문 최,562,M40-44,Male,부천시,KR-41,South Korea,KR,1:32:49,5:31:24,4:24:10,0:09:57,0:06:57,11:45:17,5569,19884,15850,597,417,42317,251,227,60,582,523,103,285,262,66,251,227,60,Finisher,3303
Seungsun,Kim,Seungsun Kim,880,M50-54,Male,"Suji-gu, Yongin-si",Gyeonggi-do,South Korea,KR,1:21:18,6:21:33,3:50:53,0:06:06,0:05:35,11:45:25,4878,22893,13853,366,335,42325,252,228,38,235,210,32,529,482,92,252,228,38,Finisher,3559
정열,이,정열 이,743,M45-49,Male,대전광역시 중구 중앙로 23-17 드림스테이 1410 호,KR-30,South Korea,KR,1:15:42,5:52:18,4:24:19,0:07:00,0:06:13,11:45:31,4542,21138,15859,420,373,42331,253,229,41,90,84,14,293,269,47,253,229,41,Finisher,3393
Chanju,Jeong,Chanju Jeong,227,M30-34,Male,화성시,Gyeonggi-do,South Korea,KR,1:34:06,5:32:55,4:23:20,0:10:33,0:04:48,11:45:42,5646,19975,15800,633,288,42342,254,230,18,611,548,49,316,289,22,254,230,18,Finisher,3097
Kim,Sunmyung,Kim Sunmyung,209,M25-29,Male,Daejeon,Yuseong-gu,South Korea,KR,1:15:48,5:36:43,4:45:28,0:04:50,0:03:00,11:45:49,4548,20203,17128,290,180,42349,255,231,11,93,87,10,188,173,11,255,231,11,Finisher,2854
junho,choi,junho choi,831,M50-54,Male,"Sacheon-si, Kyungnam",Gyeongsangnam-do,South Korea,KR,1:25:26,5:26:51,4:40:41,0:06:38,0:06:27,11:46:03,5126,19611,16841,398,387,42363,256,232,39,333,298,58,195,179,29,256,232,39,Finisher,3552
Jong hun ,Park,Jong hun Park,655,M45-49,Male,제주시,Chungcheongnam-do,South Korea,KR,1:28:05,5:25:26,4:39:43,0:08:00,0:05:11,11:46:25,5285,19526,16783,480,311,42385,257,233,42,425,382,72,214,196,37,257,233,42,Finisher,3383
Wonki,Park,Wonki Park,901,M50-54,Male, Suyeong-gu,KR-26,South Korea,KR,1:25:04,5:32:19,4:39:06,0:04:32,0:06:07,11:47:08,5104,19939,16746,272,367,42428,258,234,40,325,292,57,218,200,32,258,234,40,Finisher,3539
Hochul,Kim,Hochul Kim,628,M45-49,Male,서울,중구,South Korea,KR,1:21:17,5:45:51,4:30:55,0:06:31,0:03:06,11:47:40,4877,20751,16255,391,186,42460,259,235,43,234,209,33,280,258,44,259,235,43,Finisher,3368
시우,문,시우 문,534,M40-44,Male,Namwon-si,Jeollabuk-do,South Korea,KR,1:26:02,5:30:15,4:40:01,0:06:02,0:05:28,11:47:48,5162,19815,16801,362,328,42468,260,236,61,354,316,62,222,203,51,260,236,61,Finisher,3273
Kyungjae,Han,Kyungjae Han,511,M40-44,Male,용인시,GYEONGGI-DO,South Korea,KR,1:22:15,5:44:34,4:23:35,0:10:47,0:06:47,11:47:58,4935,20674,15815,647,407,42478,261,237,62,263,237,46,317,290,70,261,237,62,Finisher,3271
GEUNUI,RYU,GEUNUI RYU,797,M50-54,Male,SEOUL,KR-11,South Korea,KR,1:26:50,5:44:14,4:14:37,0:10:28,0:11:53,11:48:02,5210,20654,15277,628,713,42482,262,238,41,379,340,62,352,320,59,262,238,41,Finisher,3528
Nigel,Young,Nigel Young,264,M30-34,Male,San roque marikina,PH-PH-00,Philippines,PH,1:32:59,5:38:05,4:22:47,0:08:29,0:06:03,11:48:22,5579,20285,15767,509,363,42502,263,239,19,586,527,47,335,304,23,263,239,19,Finisher,3065
JEONGHOON,KIM,JEONGHOON KIM,475,M40-44,Male,suwon,Gyeonggido,South Korea,KR,1:20:26,5:40:44,4:33:13,0:08:37,0:05:42,11:48:42,4826,20444,16393,517,342,42522,264,240,63,215,191,39,258,237,59,264,240,63,Finisher,3262
kim,yong tae,kim yong tae,907,M50-54,Male,하동읍,Gyeongsangnam-do,South Korea,KR,1:17:35,5:39:19,4:44:04,0:04:55,0:03:07,11:49:00,4655,20359,17044,295,187,42540,265,241,42,129,121,16,216,198,30,265,241,42,Finisher,3516
Hyoung Soon,Kim,Hyoung Soon Kim,151,M55-59,Male,구미시,KR-47,South Korea,KR,1:21:44,5:37:47,4:29:38,0:09:39,0:10:21,11:49:09,4904,20267,16178,579,621,42549,266,242,17,252,226,16,255,234,17,266,242,17,Finisher,3880
Dax,Halili,Dax Halili,320,M35-39,Male,Angeles City,Pampanga,Philippines,PH,1:28:19,5:36:55,4:27:22,0:09:42,0:07:07,11:49:25,5299,20215,16042,582,427,42565,267,243,37,429,386,59,292,268,42,267,243,37,Finisher,3215
wan sik,JUNG,wan sik JUNG,898,M50-54,Male,Yangchon-eup,KR-41,South Korea,KR,1:24:00,5:33:43,4:40:44,0:06:18,0:04:42,11:49:28,5040,20023,16844,378,282,42568,268,244,43,303,275,50,232,213,36,268,244,43,Finisher,3511
seong gu,kim,seong gu kim,1101,M60-64,Male,공주시,KR-44,South Korea,KR,1:22:15,5:52:28,4:22:21,0:06:21,0:06:13,11:49:38,4935,21148,15741,381,373,42578,269,245,7,264,238,7,346,315,10,269,245,7,Finisher,4265
妍,王,妍 王,425,F35-39,Female,上海,Taichung,China,CN,1:10:13,5:35:32,4:51:42,0:05:15,0:07:00,11:49:43,4213,20132,17502,315,420,42583,270,25,6,34,4,3,170,14,5,270,25,6,Finisher,3316
Justin,McGill,Justin McGill,249,M30-34,Male,Derry,DERRY AND STRABANE,Ireland,IE,1:20:48,6:02:35,4:12:27,0:07:09,0:07:03,11:50:02,4848,21755,15147,429,423,42602,271,246,20,220,195,22,410,372,27,271,246,20,Finisher,3045
JAE HO,LEE,JAE HO LEE,1081,M60-64,Male,서울시,KR-11,South Korea,KR,1:37:26,5:31:55,4:27:46,0:07:20,0:05:41,11:50:08,5846,19915,16066,440,341,42608,272,247,8,692,618,28,308,283,8,272,247,8,Finisher,4259
Hyungkon,Ryu,Hyungkon Ryu,334,M35-39,Male,Jeju-do,KR-49,South Korea,KR,1:52:45,5:28:18,4:19:20,0:06:33,0:03:16,11:50:12,6765,19698,15560,393,196,42612,273,248,38,915,806,104,390,354,51,273,248,38,Finisher,3205
Minsoo,Kim,Minsoo Kim,853,M50-54,Male,진주시,KR-48,South Korea,KR,1:38:10,5:40:38,4:17:00,0:07:57,0:06:46,11:50:31,5890,20438,15420,477,406,42631,274,249,44,705,631,133,384,348,64,274,249,44,Finisher,3498
Ilhwan,Oh,Ilhwan Oh,152,M55-59,Male,Ulsan,Jung-gu,South Korea,KR,1:16:44,5:22:54,4:54:57,0:09:37,0:06:20,11:50:32,4604,19374,17697,577,380,42632,275,250,18,109,101,5,159,146,9,275,250,18,Finisher,3863
Changmin,Choi,Changmin Choi,133,M50-54,Male,송파구,KR-11,South Korea,KR,1:31:24,5:36:36,4:30:37,0:06:59,0:05:00,11:50:37,5484,20196,16237,419,300,42637,276,251,45,516,464,92,294,270,53,276,251,45,Finisher,3497
Dong Hun,Ha,Dong Hun Ha,443,M40-44,Male,하남시,KR-41,South Korea,KR,1:29:35,5:44:03,4:24:30,0:07:52,0:05:12,11:51:12,5375,20643,15870,472,312,42672,277,252,64,458,411,78,351,319,75,277,252,64,Finisher,3232
Jihwang,Lee,Jihwang Lee,480,M40-44,Male,"Seocho-gu, Seoul",KR-11,South Korea,KR,1:22:50,5:21:28,4:56:45,0:06:01,0:04:15,11:51:19,4970,19288,17805,361,255,42679,278,253,65,276,250,49,163,150,35,278,253,65,Finisher,3231
Nam,Kangmin,Nam Kangmin,179,M18-24,Male,Gumi,Gyeongsangbuk-do,South Korea,KR,1:15:52,5:55:51,4:25:37,0:08:33,0:05:39,11:51:32,4552,21351,15937,513,339,42692,279,254,5,94,88,5,338,307,7,279,254,5,Finisher,4118
DAEHYUK,KIM,DAEHYUK KIM,786,M50-54,Male,SEOUL,Seoul,South Korea,KR,1:33:47,5:47:46,4:18:17,0:07:00,0:04:54,11:51:44,5627,20866,15497,420,294,42704,280,255,46,606,544,110,397,360,70,280,255,46,Finisher,3483
KYOUNGHYEON,SUN,KYOUNGHYEON SUN,253,M30-34,Male,MAPO-GU,Seoul,South Korea,KR,1:17:24,5:55:01,4:25:06,0:07:52,0:07:10,11:52:33,4644,21301,15906,472,430,42753,281,256,21,126,118,16,339,308,24,281,256,21,Finisher,3015
Keon,Hwang,Keon Hwang,32,M40-44,Male,Bucheon-Si,KR-KR-41,South Korea,KR,1:29:01,5:44:01,4:28:16,0:04:54,0:06:23,11:52:35,5341,20641,16096,294,383,42755,282,257,66,442,396,74,320,293,72,282,257,66,Finisher,3216
Kyuseok,Jin,Kyuseok Jin,255,M30-34,Male,Cheongju-si (청주시),Chungcheongbuk-do,South Korea,KR,1:21:16,6:12:03,4:08:16,0:05:58,0:05:07,11:52:39,4876,22323,14896,358,307,42759,283,258,22,233,208,24,459,415,31,283,258,22,Finisher,3014
Sumin,Kim,Sumin Kim,306,F30-34,Female,Seocho-gu,KR-11,South Korea,KR,1:25:44,6:01:11,4:11:52,0:04:21,0:09:46,11:52:53,5144,21671,15112,261,586,42773,284,26,7,341,36,9,415,40,11,284,26,7,Finisher,3976
Jungtaek,Song,Jungtaek Song,830,M50-54,Male,Jungrang gu,SEOUL-TEUKBYEOLSI,South Korea,KR,1:36:16,5:29:31,4:24:46,0:15:14,0:07:19,11:53:06,5776,19771,15886,914,439,42786,285,259,47,670,598,125,343,312,58,285,259,47,Finisher,3467
TAEYOON,KIM,TAEYOON KIM,388,M35-39,Male,Bupyeng-gu,KR-28,South Korea,KR,1:50:20,5:40:05,4:12:38,0:04:05,0:06:02,11:53:10,6620,20405,15158,245,362,42790,286,260,39,897,792,103,438,395,58,286,260,39,Finisher,3170
Chang,Lin,Chang Lin,608,M45-49,Male,北京,CN-BJ,China,CN,1:31:52,5:46:46,4:18:52,0:08:17,0:07:33,11:53:19,5512,20806,15532,497,453,42799,287,261,44,547,491,94,385,349,71,287,261,44,Finisher,3300
Dadong,Wang,Dadong Wang,229,M30-34,Male,Beijing,CN-BJ,China,CN,1:14:30,5:44:11,4:48:01,0:04:30,0:02:14,11:53:26,4470,20651,17281,270,134,42806,288,262,23,68,63,9,225,206,16,288,262,23,Finisher,3005
Gn Ok,Mo,Gn Ok Mo,111,M45-49,Male,Gwangju,KR-29,South Korea,KR,1:51:58,5:24:13,4:17:58,0:07:49,0:11:27,11:53:26,6718,19453,15478,469,687,42806,289,263,45,908,801,148,370,336,64,289,263,45,Finisher,3298
manhee,lee,manhee lee,1012,M55-59,Male,seoul,Seoul,South Korea,KR,1:26:57,5:57:14,4:14:19,0:09:05,0:05:53,11:53:28,5217,21434,15259,545,353,42808,290,264,19,383,343,25,430,388,29,290,264,19,Finisher,3828
JungKyu,Kim,JungKyu Kim,663,M45-49,Male,울산,구영리,South Korea,KR,1:41:36,5:29:36,4:25:03,0:11:26,0:05:49,11:53:30,6096,19776,15903,686,349,42810,291,265,46,776,691,124,364,331,62,291,265,46,Finisher,3298
François,de Neuville,François de Neuville,328,M35-39,Male,Ben-Ahin,Liege,Belgium,BE,1:20:01,6:12:52,4:11:44,0:06:06,0:02:50,11:53:33,4801,22372,15104,366,170,42813,292,266,40,209,186,36,457,413,61,292,266,40,Finisher,3165
SOO RYONG,KIM,SOO RYONG KIM,382,M35-39,Male,Haman-gun,Gyeongsangnam-do,South Korea,KR,1:30:17,5:37:48,4:32:05,0:08:08,0:05:39,11:53:57,5417,20268,16325,488,339,42837,293,267,41,482,432,62,305,280,45,293,267,41,Finisher,3160
Jeoung Ho,Baek,Jeoung Ho Baek,57,M55-59,Male,태백,KR-42,South Korea,KR,1:20:47,5:41:14,4:43:02,0:05:59,0:03:08,11:54:10,4847,20474,16982,359,188,42850,294,268,20,219,194,13,246,226,16,294,268,20,Finisher,3819
Youngdeuk,Cho,Youngdeuk Cho,1153,M65-69,Male,순천시,KR-46,South Korea,KR,1:28:04,5:13:47,4:59:30,0:07:19,0:05:51,11:54:32,5284,18827,17970,439,351,42872,295,269,2,423,380,3,158,145,2,295,269,2,Finisher,4513
준환,김,준환 김,409,M35-39,Male,파주시,경기도,South Korea,KR,1:19:49,5:32:23,4:46:45,0:08:45,0:06:53,11:54:35,4789,19943,17205,525,413,42875,296,270,42,197,176,34,211,193,31,296,270,42,Finisher,3153
Seunghyuk,Shin,Seunghyuk Shin,710,M45-49,Male,Seoul,KR-11,South Korea,KR,1:42:15,6:00:11,3:42:41,0:16:28,0:13:06,11:54:41,6135,21611,13361,988,786,42881,297,271,47,787,700,125,599,543,113,297,271,47,Finisher,3283
Boyoung,Kim,Boyoung Kim,582,F40-44,Female,용인시,KR-41,South Korea,KR,1:31:26,5:56:55,4:16:19,0:05:23,0:05:18,11:55:22,5486,21415,15379,323,318,42922,298,27,6,521,53,12,433,43,9,298,27,6,Finisher,3607
Bongho,Ko,Bongho Ko,775,M50-54,Male,서울,KR-11,South Korea,KR,1:32:26,5:51:19,4:17:57,0:08:00,0:05:46,11:55:29,5546,21079,15477,480,346,42929,299,272,48,562,506,102,418,378,72,299,272,48,Finisher,3438
Johnny,Lye,Johnny Lye,177,M18-24,Male,London,England,United Kingdom,GB,1:30:54,5:41:50,4:30:45,0:06:13,0:05:51,11:55:34,5454,20510,16245,373,351,42934,300,273,6,501,451,9,330,300,6,300,273,6,Finisher,4070
Xinlei,Zhang,Xinlei Zhang,596,F40-44,Female,Beijing ,CN-BJ,China,CN,1:17:39,6:02:48,4:22:06,0:07:31,0:05:42,11:55:46,4659,21768,15726,451,342,42946,301,28,7,132,11,2,394,37,8,301,28,7,Finisher,3602
TAEHO,KANG,TAEHO KANG,718,M45-49,Male,Gangbuk-gu,Seoul,South Korea,KR,1:44:19,5:44:21,4:12:04,0:09:02,0:06:08,11:55:54,6259,20661,15124,542,368,42954,302,274,48,818,728,130,451,408,82,302,274,48,Finisher,3269
Moonsik,Kang,Moonsik Kang,124,M45-49,Male,부산,KR-26,South Korea,KR,1:52:24,5:28:38,4:23:40,0:06:39,0:04:38,11:56:00,6744,19718,15820,399,278,42960,303,275,49,914,805,149,391,355,72,303,275,49,Finisher,3268
JAE HYEON,JEONG,JAE HYEON JEONG,421,F35-39,Female,Gwangju,Gwangju,South Korea,KR,1:17:56,5:50:28,4:33:49,0:08:25,0:05:24,11:56:03,4676,21028,16429,505,324,42963,304,29,7,145,14,6,311,26,7,304,29,7,Finisher,3240
손수환,손수환,손수환 손수환,933,M50-54,Male,성동구,Seoul,South Korea,KR,1:29:25,5:51:49,4:25:13,0:06:29,0:03:17,11:56:12,5365,21109,15913,389,197,42972,305,276,49,453,407,78,392,356,68,305,276,49,Finisher,3430
Hanho,Choi,Hanho Choi,802,M50-54,Male,Seoul,Songpa-gu,South Korea,KR,1:19:54,5:39:01,4:44:56,0:06:39,0:05:57,11:56:26,4794,20341,17096,399,357,42986,306,277,50,202,180,28,238,219,38,306,277,50,Finisher,3427
Seungki,Lee,Seungki Lee,141,M50-54,Male,Seoul,KR-11,South Korea,KR,1:31:36,5:28:06,4:46:02,0:07:23,0:03:54,11:57:01,5496,19686,17162,443,234,43021,307,278,51,528,474,95,243,223,40,307,278,51,Finisher,3420
Максим,Лебедев,Максим Лебедев,401,M35-39,Male,Москва,Central Federal District,Unknown,,1:26:27,6:02:54,4:18:57,0:04:50,0:04:01,11:57:09,5187,21774,15537,290,241,43029,308,279,43,368,330,54,436,393,57,308,279,43,Finisher,3122
Zhizhen,Huang,Zhizhen Huang,286,M30-34,Male,Shanghai,CN-SH,China,CN,1:26:19,5:35:52,4:43:30,0:06:58,0:04:31,11:57:09,5179,20152,17010,418,271,43029,309,280,24,360,322,28,254,233,18,309,280,24,Finisher,2960
Krzysztof,Piotrowicz,Krzysztof Piotrowicz,1006,M55-59,Male,Lublin,,Poland,PL,1:33:42,5:49:32,4:22:59,0:06:35,0:04:23,11:57:11,5622,20972,15779,395,263,43031,310,281,21,602,541,42,403,366,25,310,281,21,Finisher,3783
SEUNGJUN,LEE,SEUNGJUN LEE,379,M35-39,Male,HWASEONG-SI,GYEONGGI-DO,South Korea,KR,1:38:50,5:33:03,4:32:58,0:09:17,0:03:04,11:57:12,5930,19983,16378,557,184,43032,311,282,44,727,650,83,349,317,48,311,282,44,Finisher,3121
Jeonggyo,Seo,Jeonggyo Seo,991,M55-59,Male,울산시,경상남도,South Korea,KR,1:25:45,5:52:09,4:28:20,0:06:22,0:05:07,11:57:43,5145,21129,16100,382,307,43063,312,283,22,342,306,23,373,339,24,312,283,22,Finisher,3777
Jingyu,Maeng,Jingyu Maeng,30,M40-44,Male,화성시,KR-41,South Korea,KR,1:38:10,5:22:20,4:43:39,0:05:31,0:08:52,11:58:32,5890,19340,17019,331,532,43112,313,284,67,704,630,120,239,220,56,313,284,67,Finisher,3144
Ruqiang,Wang,Ruqiang Wang,371,M35-39,Male,chengdu,CN-SC,China,CN,1:22:01,5:37:33,4:47:23,0:05:15,0:07:08,11:59:20,4921,20253,17243,315,428,43160,314,285,45,259,233,44,235,216,34,314,285,45,Finisher,3096
Sanghyub,Lee,Sanghyub Lee,698,M45-49,Male,GUNPO ,KR-41,South Korea,KR,1:35:46,5:27:31,4:42:23,0:09:40,0:04:18,11:59:37,5746,19651,16943,580,258,43177,315,286,50,660,589,108,274,253,42,315,286,50,Finisher,3224
GYEONGHUN,JEON,GYEONGHUN JEON,235,M30-34,Male,광명시,Gyeonggi-do,South Korea,KR,1:19:58,6:10:27,4:14:31,0:07:39,0:07:11,11:59:46,4798,22227,15271,459,431,43186,316,287,25,205,183,21,454,410,30,316,287,25,Finisher,2929
Sehoon,Ban,Sehoon Ban,1022,M55-59,Male,SEOUL,KR-11,South Korea,KR,1:18:53,6:01:23,4:18:21,0:13:30,0:07:44,11:59:50,4733,21683,15501,810,464,43190,317,288,23,174,155,8,434,391,30,317,288,23,Finisher,3751
Je Hoon,Kim,Je Hoon Kim,646,M45-49,Male,대구광역시,KR-27,South Korea,KR,1:17:08,5:53:53,4:37:33,0:05:11,0:06:22,12:00:07,4628,21233,16653,311,382,43207,318,289,51,120,112,18,304,279,51,318,289,51,Finisher,3218
Dong Hyun,Lee,Dong Hyun Lee,618,M45-49,Male,Busan,Busan,South Korea,KR,1:26:22,5:40:26,4:37:06,0:09:47,0:06:40,12:00:20,5182,20426,16626,587,400,43220,319,290,52,363,325,61,307,282,52,319,290,52,Finisher,3216
Ui Jeong,Jeong,Ui Jeong Jeong,143,M50-54,Male,파주시,KR-41,South Korea,KR,1:27:24,5:07:56,5:11:50,0:08:36,0:04:39,12:00:24,5244,18476,18710,516,279,43224,320,291,52,398,358,67,139,126,17,320,291,52,Finisher,3379
Bator,Rabdanov,Bator Rabdanov,967,M55-59,Male,Ulan-Ude,"BURYATIYA, RESPUBLIKA",Unknown,,1:51:05,5:51:45,4:09:08,0:04:40,0:04:33,12:01:12,6665,21105,14948,280,273,43272,321,292,24,901,795,69,521,474,37,321,292,24,Finisher,3735
Junho,Shin,Junho Shin,575,M40-44,Male,부산,KR-26,South Korea,KR,1:32:10,5:40:55,4:38:23,0:04:50,0:05:09,12:01:26,5530,20455,16703,290,309,43286,322,293,68,554,498,97,319,292,71,322,293,68,Finisher,3109
준하,이,준하 이,106,M40-44,Male,경기도,KR-41,South Korea,KR,1:47:58,5:31:30,4:31:35,0:05:23,0:05:28,12:01:55,6478,19890,16295,323,328,43315,323,294,69,864,765,139,376,342,80,323,294,69,Finisher,3104
Kevin,Yi,Kevin Yi,199,M25-29,Male,New York,NY,United States,US,1:27:04,5:55:24,4:22:13,0:09:45,0:07:41,12:02:07,5224,21324,15733,585,461,43327,324,295,12,387,347,20,420,380,17,324,295,12,Finisher,2658
Kaiyuan,Gan,Kaiyuan Gan,137,M50-54,Male,新北市,TW-NWT,Taiwan,TW,1:28:32,5:40:29,4:41:49,0:05:15,0:06:07,12:02:11,5312,20429,16909,315,367,43331,325,296,53,436,392,74,287,263,52,325,296,53,Finisher,3358
bohye,choi,bohye choi,580,F40-44,Female,busan,busanjin-gu,South Korea,KR,1:32:59,5:37:18,4:34:27,0:12:00,0:06:08,12:02:51,5579,20238,16467,720,368,43371,326,30,8,587,60,13,360,33,7,326,30,8,Finisher,3517
任薇,段,任薇 段,307,F30-34,Female,成都,CN-SC,China,CN,1:33:45,5:44:59,4:30:33,0:06:26,0:07:37,12:03:20,5625,20699,16233,386,457,43400,327,31,8,604,62,16,377,35,10,327,31,8,Finisher,3850
무열,류,무열 류,564,M40-44,Male,부산,Pusan-Jikhalsi,South Korea,KR,1:38:01,5:53:01,4:16:06,0:09:15,0:07:29,12:03:52,5881,21181,15366,555,449,43432,328,297,70,703,629,119,465,421,92,328,297,70,Finisher,3080
YU,CHANG,YU CHANG,919,M50-54,Male,고양시 일산서구,경기도,South Korea,KR,1:37:35,5:33:13,4:37:14,0:11:09,0:05:12,12:04:22,5855,19993,16634,669,312,43462,329,298,54,695,621,132,355,323,60,329,298,54,Finisher,3332
Won Seob,Yang,Won Seob Yang,900,M50-54,Male,ANSAN,ANSAN,South Korea,KR,1:23:14,6:42:21,3:47:01,0:07:53,0:04:04,12:04:34,4994,24141,13621,473,244,43474,330,299,55,284,257,45,675,611,117,330,299,55,Finisher,3329
Jaehyung,Yang,Jaehyung Yang,341,M35-39,Male,"Haeundae-gu, Busan",KR-26,South Korea,KR,1:31:41,6:11:42,4:08:46,0:06:47,0:05:43,12:04:38,5501,22302,14926,407,343,43478,331,300,46,535,481,65,533,486,67,331,300,46,Finisher,3032
Minkyun,Jung,Minkyun Jung,735,M45-49,Male,부산광역시,KR-26,South Korea,KR,1:21:53,5:49:03,4:44:40,0:06:41,0:02:59,12:05:16,4913,20943,17080,401,179,43516,332,301,53,256,230,38,318,291,54,332,301,53,Finisher,3156
minseob,shin,minseob shin,685,M45-49,Male,Gimpo-si,KR-41,South Korea,KR,1:30:51,5:41:51,4:39:04,0:08:19,0:05:33,12:05:38,5451,20511,16744,499,333,43538,333,302,54,498,448,83,344,313,57,333,302,54,Finisher,3152
Hanjoo,Lee,Hanjoo Lee,135,M50-54,Male,서욽,KR-11,South Korea,KR,1:49:12,5:37:15,4:23:33,0:11:14,0:04:30,12:05:44,6552,20235,15813,674,270,43544,334,303,56,881,780,163,450,407,76,334,303,56,Finisher,3315
Kwanki,Kim,Kwanki Kim,504,M40-44,Male,서울시,SEOUL-TEUKBYEOLSI,South Korea,KR,1:30:54,5:37:17,4:45:12,0:08:48,0:04:00,12:06:10,5454,20237,17112,528,240,43570,335,304,71,500,450,84,312,286,69,335,304,71,Finisher,3053
seongwoo,baek,seongwoo baek,867,M50-54,Male,gimpo,Gyeonggi-do,South Korea,KR,1:38:44,5:40:14,4:35:44,0:08:03,0:03:49,12:06:34,5924,20414,16544,483,229,43594,336,305,57,723,646,136,387,351,66,336,305,57,Finisher,3305
SENYONG,YU,SENYONG YU,373,M35-39,Male,인천,Incheon,South Korea,KR,1:19:49,5:33:47,5:06:46,0:03:37,0:03:11,12:07:10,4789,20027,18406,217,191,43630,337,306,47,195,174,33,187,172,28,337,306,47,Finisher,3002
Kwang Soo,Choi,Kwang Soo Choi,673,M45-49,Male,Daegu,KR-27,South Korea,KR,1:21:59,5:48:26,4:46:01,0:04:29,0:06:16,12:07:11,4919,20906,17161,269,376,43631,338,307,55,258,232,39,291,267,46,338,307,55,Finisher,3133
minje,kim,minje kim,366,M35-39,Male,아산시,Chungcheongnam-do,South Korea,KR,1:16:43,5:50:28,4:44:54,0:06:21,0:10:00,12:08:26,4603,21028,17094,381,600,43706,339,308,48,108,100,21,279,257,39,339,308,48,Finisher,2986
KYOUNGPYO,KO,KYOUNGPYO KO,844,M50-54,Male,Gimpo-si,KR-41,South Korea,KR,1:32:10,5:35:57,4:37:40,0:11:55,0:10:45,12:08:27,5530,20157,16660,715,645,43707,340,309,58,555,499,98,337,306,56,340,309,58,Finisher,3283
Yuheng,Huang,Yuheng Huang,211,M25-29,Male,Fuzhou,FUJIAN,China,CN,1:26:35,5:39:05,4:49:33,0:06:54,0:06:26,12:08:33,5195,20345,17373,414,386,43713,341,310,13,370,332,19,273,252,12,341,310,13,Finisher,2581
Jong Chul,Park,Jong Chul Park,825,M50-54,Male,Ulsan Metropolitan City,Ulsan,South Korea,KR,1:30:50,5:18:45,4:56:13,0:13:40,0:09:27,12:08:55,5450,19125,17773,820,567,43735,342,311,59,495,445,89,226,207,33,342,311,59,Finisher,3277
Dongsoo,Seo,Dongsoo Seo,977,M55-59,Male,daejeon,KR-30,South Korea,KR,1:29:53,5:59:56,4:20:16,0:11:58,0:07:10,12:09:13,5393,21596,15616,718,430,43753,343,312,25,471,422,32,479,434,34,343,312,25,Finisher,3639
승윤,최,승윤 최,740,M45-49,Male,홍천군,Gangwon-do,South Korea,KR,1:18:42,5:21:35,5:14:53,0:07:25,0:07:01,12:09:36,4722,19295,18893,445,421,43776,344,313,56,166,147,21,152,139,28,344,313,56,Finisher,3104
Seo,Minkwan,Seo Minkwan,851,M50-54,Male,경기도,평택시 현촌3길21,South Korea,KR,1:21:36,5:38:30,4:58:11,0:07:16,0:04:03,12:09:36,4896,20310,17891,436,243,43776,345,314,60,247,221,37,244,224,41,345,314,60,Finisher,3269
Soungjin,Jeon,Soungjin Jeon,535,M40-44,Male,서울,KR-11,South Korea,KR,1:27:43,5:25:18,5:01:50,0:09:12,0:06:50,12:10:52,5263,19518,18110,552,410,43852,346,315,72,407,367,68,221,202,50,346,315,72,Finisher,2996
Taehun,Kim,Taehun Kim,413,M35-39,Male,Haeundae-gu,Busan,South Korea,KR,1:31:31,5:51:57,4:32:30,0:07:29,0:07:43,12:11:10,5491,21117,16350,449,463,43870,347,316,49,524,471,64,413,375,55,347,316,49,Finisher,2954
정오,권,정오 권,941,M50-54,Male,밀양시,KR-48,South Korea,KR,1:22:03,5:37:47,4:54:47,0:07:00,0:09:45,12:11:22,4923,20267,17687,420,585,43882,348,317,61,261,235,39,241,222,39,348,317,61,Finisher,3248
Byung-Ku,Kim,Byung-Ku Kim,736,M45-49,Male,경기도,화성시,South Korea,KR,1:26:52,5:58:39,4:32:15,0:08:07,0:05:30,12:11:22,5212,21519,16335,487,330,43882,349,318,57,381,341,66,432,390,79,349,318,57,Finisher,3083
Sunghun,Hwang,Sunghun Hwang,1104,M60-64,Male,서울시,노원구,South Korea,KR,1:18:22,6:08:12,4:31:42,0:06:52,0:06:20,12:11:28,4702,22092,16302,412,380,43888,350,319,9,155,138,2,431,389,12,350,319,9,Finisher,4003
Brian,Payne,Brian Payne,776,M50-54,Male,San Ramon,California,United States,US,0:59:56,5:40:35,5:18:54,0:05:59,0:06:20,12:11:44,3596,20435,19134,359,380,43904,351,320,62,6,6,1,147,134,18,351,320,62,Finisher,3243
Stepan,Ivanov,Stepan Ivanov,383,M35-39,Male,Якутск,"SAHA, RESPUBLIKA",Unknown,,1:44:33,5:58:58,4:16:19,0:04:54,0:07:08,12:11:52,6273,21538,15379,294,428,43912,352,321,50,823,733,97,526,479,66,352,321,50,Finisher,2945
창환,이,창환 이,131,M45-49,Male,인천시,KR-28,South Korea,KR,1:25:53,6:17:38,4:15:56,0:08:21,0:04:09,12:11:57,5153,22658,15356,501,249,43917,353,322,58,349,311,57,544,494,103,353,322,58,Finisher,3076
Tae Hyoung,Kim,Tae Hyoung Kim,42,M45-49,Male,Busan,KR-26,South Korea,KR,1:21:24,4:44:28,5:51:04,0:06:44,0:08:19,12:11:58,4884,17068,21064,404,499,43918,354,323,59,241,215,35,24,22,3,354,323,59,Finisher,3076
Kyung Soo,Kim,Kyung Soo Kim,681,M45-49,Male,INCHEON,INCHEON,South Korea,KR,1:48:42,5:30:21,4:37:42,0:10:16,0:05:08,12:12:10,6522,19821,16662,616,308,43930,355,324,60,874,774,140,399,362,74,355,324,60,Finisher,3074
Boris,Ivanov,Boris Ivanov,400,M35-39,,Yakutsk,Far Eastern Federal District,Unknown,,1:27:06,6:09:06,4:18:58,0:09:15,0:07:45,12:12:11,5226,22146,15538,555,465,43931,356,325,51,389,349,57,505,460,64,356,325,51,Finisher,2941
euiho,choi,euiho choi,979,M55-59,Male,안산시,Gyeonggi-do,South Korea,KR,1:33:01,5:49:49,4:36:42,0:08:31,0:04:08,12:12:11,5581,20989,16602,511,248,43931,357,326,26,590,530,39,416,376,27,357,326,26,Finisher,3603
Jong,Lee,Jong Lee,994,M55-59,Male,부산광역시,기장군,South Korea,KR,1:53:35,5:50:49,4:10:02,0:09:10,0:08:44,12:12:20,6815,21049,15002,550,524,43940,358,327,27,921,810,72,562,510,42,358,327,27,Finisher,3601
Yeon Soo,Shim,Yeon Soo Shim,726,M45-49,Male,Jeju-do,JEJU-TEUKBYEOLJACHIDO,South Korea,KR,1:37:57,6:29:52,3:49:20,0:07:18,0:08:09,12:12:36,5877,23392,13760,438,489,43956,359,328,61,701,627,117,680,614,124,359,328,61,Finisher,3068
Kyun-Sam,Kim,Kyun-Sam Kim,121,M45-49,Male,청주시,KR-43,South Korea,KR,1:20:00,5:49:11,4:55:24,0:04:14,0:04:06,12:12:55,4800,20951,17724,254,246,43975,360,329,62,206,184,30,277,255,43,360,329,62,Finisher,3065
Dai,zhiheng,Dai zhiheng,187,M25-29,Male,Chongqing,Chongqing,China,CN,1:30:34,5:51:31,4:42:06,0:05:29,0:03:23,12:13:01,5434,21091,16926,329,203,43981,361,330,14,489,439,22,389,353,15,361,330,14,Finisher,2527
SEUNGJOON,CHOI,SEUNGJOON CHOI,275,M30-34,Male,ULSAN,ULSAN-GWANGYEOKSI,South Korea,KR,1:27:32,5:31:47,4:55:33,0:10:03,0:08:21,12:13:14,5252,19907,17733,603,501,43994,362,331,26,401,361,33,256,235,19,362,331,26,Finisher,2767
Martial,Velia,Martial Velia,257,M30-34,Male,nice,FR-06,France,FR,1:14:24,5:14:40,5:35:51,0:05:02,0:03:29,12:13:25,4464,18880,20151,302,209,44005,363,332,27,66,61,8,100,93,9,363,332,27,Finisher,2765
규훈,이,규훈 이,1043,M55-59,Male,하남시,경기도,South Korea,KR,1:28:29,5:43:51,4:47:24,0:08:45,0:05:19,12:13:48,5309,20631,17244,525,319,44028,364,333,28,434,390,28,348,316,21,364,333,28,Finisher,3584
Hyeongseok,han,Hyeongseok han,331,M35-39,Male,Incheon,KR-28,South Korea,KR,1:22:01,5:48:29,4:53:09,0:05:35,0:04:55,12:14:09,4921,20909,17589,335,295,44049,365,334,52,260,234,45,302,277,44,365,334,52,Finisher,2918
Semen,Nil,Semen Nil,527,M40-44,Male,Yakutsk,Republic of Sakha (Yakutia) ,Unknown,,1:53:38,6:02:49,4:08:02,0:06:00,0:04:32,12:15:01,6818,21769,14882,360,272,44101,366,335,73,922,811,148,623,567,111,366,335,73,Finisher,2946
YUHUA,TAO,YUHUA TAO,66,F60-64,Female,Qingdao,CN-37,China,CN,1:38:24,5:55:25,4:34:27,0:04:12,0:02:36,12:15:05,5904,21325,16467,252,156,44105,367,32,1,714,77,4,453,44,2,367,32,1,Finisher,5000
Mariia,Mezentseva,Mariia Mezentseva,589,F40-44,Female,Ekaterinburg,,Unknown,,1:25:53,6:22:40,4:16:30,0:06:11,0:03:55,12:15:08,5153,22960,15390,371,235,44108,368,33,9,347,38,7,569,53,12,368,33,9,Finisher,3369
형준,이,형준 이,806,M50-54,Male,창원시,마산회원구,South Korea,KR,1:17:32,5:38:39,5:02:22,0:08:10,0:08:32,12:15:15,4652,20319,18142,490,512,44115,369,336,63,127,119,14,234,215,37,369,336,63,Finisher,3201
KIM,JUHYUN,KIM JUHYUN,178,M18-24,Male,3,SEOUL-TEUKBYEOLSI,South Korea,KR,1:15:38,5:52:07,4:51:46,0:10:22,0:05:38,12:15:30,4538,21127,17506,622,338,44130,370,337,7,89,83,4,322,295,5,370,337,7,Finisher,3830
Youngsoo,Yoo,Youngsoo Yoo,917,M50-54,Male,서울,SEOUL-TEUKBYEOLSI,South Korea,KR,1:36:44,6:06:46,4:18:17,0:08:49,0:04:55,12:15:31,5804,22006,15497,529,295,44131,371,338,64,678,606,128,550,499,96,371,338,64,Finisher,3198
Seung Hyun,Song,Seung Hyun Song,879,M50-54,Male,계룡시,KR-44,South Korea,KR,1:33:18,5:32:36,4:57:26,0:06:19,0:06:02,12:15:41,5598,19956,17846,379,362,44141,372,339,65,593,533,107,272,251,51,372,339,65,Finisher,3196
Je Sang,Yun,Je Sang Yun,647,M45-49,Male,부산,중구 부평동,South Korea,KR,1:27:38,5:41:30,4:53:32,0:06:53,0:06:11,12:15:44,5258,20490,17612,413,371,44144,373,340,63,403,363,69,301,276,49,373,340,63,Finisher,3031
Jonghyun,Lim,Jonghyun Lim,490,M40-44,Male,서울,서울,South Korea,KR,1:32:48,5:40:51,4:50:10,0:06:57,0:05:00,12:15:46,5568,20451,17410,417,300,44146,374,341,74,580,522,102,340,309,74,374,341,74,Finisher,2937
Min Cheol,Jeong,Min Cheol Jeong,1015,M55-59,Male,진주시,KR-48,South Korea,KR,1:34:51,5:46:58,4:35:31,0:10:20,0:08:10,12:15:50,5691,20818,16531,620,490,44150,375,342,29,632,568,48,419,379,28,375,342,29,Finisher,3559
Ilchan,Ahn,Ilchan Ahn,811,M50-54,Male,강남구(Gang-nam Gu),서울시(Seoul),South Korea,KR,1:35:38,5:48:28,4:29:58,0:14:37,0:07:15,12:15:57,5738,20908,16198,877,435,44157,376,343,66,654,584,122,456,412,77,376,343,66,Finisher,3193
Matthew,Yaquinto,Matthew Yaquinto,156,M55-59,Male,HOUSTON,TX,United States,US,1:25:28,5:19:07,5:20:54,0:06:44,0:03:50,12:16:02,5128,19147,19254,404,230,44162,377,344,30,334,299,22,173,159,10,377,344,30,Finisher,3557
지혜,최,지혜 최,308,F30-34,Female,인천시 서구,Incheon,South Korea,KR,1:27:43,5:41:38,4:54:16,0:07:46,0:04:44,12:16:07,5263,20498,17656,466,284,44167,378,34,9,408,41,10,314,27,7,378,34,9,Finisher,3697
jun hwan,pak,jun hwan pak,660,M45-49,Male,daejeon,KR-KR-30,South Korea,KR,1:31:14,5:42:05,4:48:11,0:08:33,0:06:26,12:16:29,5474,20525,17291,513,386,44189,379,345,64,511,459,86,354,322,60,379,345,64,Finisher,3022
KYEONG JIN,LEE,KYEONG JIN LEE,677,M45-49,Male,인천,INCHEON-GWANGYEOKSI,South Korea,KR,1:29:21,6:10:59,4:15:02,0:12:46,0:08:25,12:16:33,5361,22259,15302,766,505,44193,380,346,65,451,405,75,555,504,106,380,346,65,Finisher,3021
YOUNGJEH,CHO,YOUNGJEH CHO,568,M40-44,Male,NAMGU,KR-26,South Korea,KR,1:30:50,6:19:00,4:10:19,0:10:11,0:06:28,12:16:49,5450,22740,15019,611,388,44209,381,347,75,496,446,83,604,548,108,381,347,75,Finisher,2925
YEAJIN,KIM,YEAJIN KIM,597,F40-44,Female,성남시,경기도,South Korea,KR,1:26:46,5:49:38,4:51:13,0:04:41,0:04:34,12:16:52,5206,20978,17473,281,274,44212,382,35,10,376,39,8,347,32,6,382,35,10,Finisher,3349
Jaechoun,Kim,Jaechoun Kim,644,M45-49,Male,대전광역시,KR-KR-30,South Korea,KR,1:53:20,5:19:24,4:54:56,0:04:04,0:05:12,12:16:55,6800,19164,17696,244,312,44215,383,348,66,919,808,151,310,285,53,383,348,66,Finisher,3017
jung,bokyoung,jung bokyoung,600,M45-49,Male,미추홀구,Incheon,South Korea,KR,1:32:12,6:06:19,4:20:35,0:10:55,0:07:02,12:17:03,5532,21979,15635,655,422,44223,384,349,67,558,502,97,530,483,98,384,349,67,Finisher,3015
Yang,Hu,Yang Hu,283,M30-34,Male,上海,上海,China,CN,1:51:42,5:23:11,4:53:11,0:06:00,0:02:58,12:17:03,6702,19391,17591,360,178,44223,385,350,28,906,799,67,341,310,25,385,350,28,Finisher,2721
Byung Kyu,Jung,Byung Kyu Jung,149,M55-59,Male,Miryang-si,GYEONGSANGNAM-DO,South Korea,KR,1:18:08,5:17:57,5:29:24,0:06:29,0:05:53,12:17:51,4688,19077,19764,389,353,44271,386,351,31,149,134,7,131,118,6,386,351,31,Finisher,3535
Hui,Zhou,Hui Zhou,457,M40-44,Male,Beijing,CN-BJ,China,CN,1:40:13,5:40:36,4:44:18,0:09:04,0:03:50,12:18:00,6013,20436,17058,544,230,44280,387,352,76,753,672,124,404,367,83,387,352,76,Finisher,2911
병률,정,병률 정,104,M40-44,Male,밀양시,KR-48,South Korea,KR,1:18:33,5:44:34,4:58:31,0:08:13,0:08:11,12:18:01,4713,20674,17911,493,491,44281,388,353,77,156,139,31,269,248,62,388,353,77,Finisher,2910
Lee,Doyun,Lee Doyun,201,M25-29,Male,seo-gu,incheon,South Korea,KR,1:36:29,5:28:09,4:59:27,0:09:37,0:04:34,12:18:18,5789,19689,17967,577,274,44298,389,354,15,673,601,26,288,264,13,389,354,15,Finisher,2464
Sangwoon,Na,Sangwoon Na,204,M25-29,Male,Goyang-si,Gyeonggi-do,South Korea,KR,1:15:15,5:14:02,4:34:01,0:07:20,1:08:35,12:19:15,4515,18842,16441,440,4115,44355,390,355,16,80,75,9,111,102,8,390,355,16,Finisher,2453
Mun,Jinyoung,Mun Jinyoung,349,M35-39,Male,Busan,Busanjingu,South Korea,KR,1:20:14,5:34:40,5:13:55,0:05:20,0:05:21,12:19:31,4814,20080,18835,320,321,44371,391,356,53,214,190,37,204,187,29,391,356,53,Finisher,2853
Kweonsoo,Kim,Kweonsoo Kim,505,M40-44,Male,Seoul,KR-11,South Korea,KR,1:23:29,5:59:01,4:39:42,0:12:28,0:04:56,12:19:35,5009,21541,16782,748,296,44375,392,357,78,291,263,51,439,396,86,392,357,78,Finisher,2892
HYUNGJUN,KIM,HYUNGJUN KIM,115,M45-49,Male,북구,KR-26,South Korea,KR,1:26:25,6:22:48,4:22:14,0:05:41,0:02:28,12:19:36,5185,22968,15734,341,148,44376,393,358,68,366,328,63,572,519,108,393,358,68,Finisher,2984
Sungwon,Suh,Sungwon Suh,543,M40-44,Male,Gwanak-gu,Seoul,South Korea,KR,1:44:15,6:09:08,4:07:46,0:07:58,0:10:40,12:19:47,6255,22148,14866,478,640,44387,394,359,79,816,726,132,614,558,110,394,359,79,Finisher,2889
SUNGJIN,PARK,SUNGJIN PARK,894,M50-54,Male,Eunpyeong-gu,KR-11,South Korea,KR,1:21:28,5:54:33,4:33:05,0:10:55,0:19:48,12:19:48,4888,21273,16385,655,1188,44388,395,360,67,243,217,34,386,350,65,395,360,67,Finisher,3147
Minsun,Kim,Minsun Kim,1126,F60-64,Female,구리시,Gyeonggi-do,South Korea,KR,1:31:11,6:02:23,4:32:07,0:07:47,0:06:25,12:19:53,5471,21743,16327,467,385,44393,396,36,2,507,51,2,474,45,3,396,36,2,Finisher,4942
Li,Fengguo,Li Fengguo,512,M40-44,Male,Foshan,CN-GD,China,CN,1:45:07,5:55:56,4:24:09,0:10:39,0:04:27,12:20:18,6307,21356,15849,639,267,44418,397,361,80,829,739,134,542,493,101,397,361,80,Finisher,2883
Eunhee,Yoon,Eunhee Yoon,1124,F60-64,Female,달서구,Daegu,South Korea,KR,1:20:06,5:48:43,4:57:23,0:06:40,0:07:29,12:20:22,4806,20923,17843,400,449,44422,398,37,3,212,24,1,296,25,1,398,37,3,Finisher,4936
YOUNGWOO,KIM,YOUNGWOO KIM,918,M50-54,Male,중구,Ulsan,South Korea,KR,1:22:38,5:38:49,4:59:22,0:10:27,0:09:18,12:20:34,4958,20329,17962,627,558,44434,399,362,68,270,244,40,270,249,49,399,362,68,Finisher,3137
Keonwang,Lee,Keonwang Lee,501,M40-44,Male,수원시,세류동,South Korea,KR,1:42:38,5:38:32,4:37:35,0:11:43,0:10:34,12:21:01,6158,20312,16655,703,634,44461,400,363,81,794,707,129,425,383,84,400,363,81,Finisher,2874
dou june,seok,dou june seok,796,M50-54,Male,seoul,KR-11,South Korea,KR,1:31:03,6:05:20,4:23:58,0:13:59,0:06:51,12:21:11,5463,21920,15838,839,411,44471,401,364,69,502,452,90,535,488,93,401,364,69,Finisher,3130
Ju Seok,Lee,Ju Seok Lee,153,M55-59,Male,충청남도,KR-44,South Korea,KR,1:22:25,6:00:22,4:46:37,0:07:07,0:04:41,12:21:12,4945,21622,17197,427,281,44472,402,365,32,268,242,17,405,368,26,402,365,32,Finisher,3495
지안,정,지안 정,745,M45-49,Male,부산,BUSAN-GWANGYEOKSI,South Korea,KR,1:57:07,6:03:22,4:03:38,0:07:51,0:09:22,12:21:21,7027,21802,14618,471,562,44481,403,366,69,941,826,154,652,591,122,403,366,69,Finisher,2963
Fei,Zhu,Fei Zhu,214,F25-29,Female,hangzhou,CN-ZJ,China,CN,1:28:53,6:22:18,4:19:54,0:05:39,0:04:51,12:21:35,5333,22938,15594,339,291,44495,404,38,3,440,46,5,588,54,4,404,38,3,Finisher,3809
Jaeho,Kang,Jaeho Kang,62,M60-64,Male,경기 광주시,KR-41,South Korea,KR,1:22:21,5:16:19,5:34:45,0:05:49,0:02:55,12:22:09,4941,18979,20085,349,175,44529,405,367,10,266,240,8,142,129,2,405,367,10,Finisher,3875
Junhyung,Kim,Junhyung Kim,355,M35-39,Male,Busan,KR-26,South Korea,KR,1:33:00,5:47:39,4:43:22,0:11:57,0:06:20,12:22:18,5580,20859,17002,717,380,44538,406,368,54,589,529,72,422,382,56,406,368,54,Finisher,2820
Sangtae,Lee,Sangtae Lee,700,M45-49,Male,Gumi-si,GYEONGSANGBUK-DO,South Korea,KR,1:30:43,5:49:26,4:46:55,0:08:54,0:06:44,12:22:42,5443,20966,17215,534,404,44562,407,369,70,494,444,82,398,361,73,407,369,70,Finisher,2947
Hyejin ,park,Hyejin park,964,F50-54,Female,Goyang-si ,GYEONGGI-DO,South Korea,KR,1:17:39,5:56:03,4:50:14,0:05:26,0:13:23,12:22:45,4659,21363,17414,326,803,44565,408,39,2,131,10,1,331,31,2,408,39,2,Finisher,4125
Jinhwan,Kim,Jinhwan Kim,1083,M60-64,Male,Incheon,KR-28,South Korea,KR,1:28:23,6:02:00,4:34:52,0:11:09,0:06:26,12:22:49,5303,21720,16492,669,386,44569,409,370,11,432,388,16,478,433,13,409,370,11,Finisher,3867
Jaepil,Jung,Jaepil Jung,117,M45-49,Male,화성시,KR-41,South Korea,KR,1:19:25,5:27:12,5:27:30,0:04:36,0:04:26,12:23:09,4765,19632,19650,276,266,44589,410,371,71,190,169,25,171,157,30,410,371,71,Finisher,2942
Zhifneg,Wu,Zhifneg Wu,285,M30-34,Male,江门市,CN-GD,China,CN,1:09:53,5:02:44,6:00:03,0:07:02,0:04:36,12:24:18,4193,18164,21603,422,276,44658,411,372,29,33,30,7,53,50,5,411,372,29,Finisher,2634
Wookyeong,Jeong,Wookyeong Jeong,903,M50-54,Male,양산시,KR-48,South Korea,KR,1:34:36,5:42:37,4:56:03,0:06:51,0:04:18,12:24:24,5676,20557,17763,411,258,44664,412,373,70,627,563,116,372,338,62,412,373,70,Finisher,3091
Tae Joon,Lee,Tae Joon Lee,1105,M60-64,Male,Goyang-si,Geonggi-do,South Korea,KR,1:26:57,5:56:03,4:44:58,0:09:14,0:07:20,12:24:32,5217,21363,17098,554,440,44672,413,374,12,384,344,13,421,381,11,413,374,12,Finisher,3846
동환,홍,동환 홍,103,M40-44,Male,인천,KR-41,South Korea,KR,1:35:51,5:48:18,4:41:48,0:11:01,0:07:48,12:24:46,5751,20898,16908,661,468,44686,414,375,82,664,593,114,440,397,87,414,375,82,Finisher,2829
SEONGJAE,LIM,SEONGJAE LIM,271,M30-34,Male,SEOUL,GANGDONG-GU,South Korea,KR,2:02:52,5:30:42,4:36:19,0:07:52,0:07:24,12:25:09,7372,19842,16579,472,444,44709,415,376,30,961,844,71,476,431,32,415,376,30,Finisher,2624
SUNGJIN,HAN,SUNGJIN HAN,715,M45-49,Male,고양시,GYEONGGI-DO,South Korea,KR,1:25:51,6:07:55,4:36:33,0:08:34,0:06:21,12:25:14,5151,22075,16593,514,381,44714,416,377,72,345,308,56,485,440,90,416,377,72,Finisher,2917
Migyeong,Bae,Migyeong Bae,954,F50-54,Female,Jinju-si,"Gyeongsangnam-do, Republic of korea",South Korea,KR,1:24:55,6:01:27,4:47:09,0:06:21,0:05:24,12:25:16,5095,21687,17229,381,324,44716,417,40,3,320,33,5,423,41,6,417,40,3,Finisher,4095
Myeunghoon,Kang,Myeunghoon Kang,687,M45-49,Male,대구,KR-27,South Korea,KR,1:23:55,6:21:09,4:22:38,0:11:44,0:06:28,12:25:53,5035,22869,15758,704,388,44753,418,378,73,302,274,48,587,534,111,418,378,73,Finisher,2909
Hyeonseok,Jang,Hyeonseok Jang,632,M45-49,Male,인천,KR-28,South Korea,KR,1:32:31,5:56:17,4:34:09,0:15:46,0:07:10,12:25:54,5551,21377,16449,946,430,44754,419,379,74,566,510,98,498,453,93,419,379,74,Finisher,2909
Sanghwa,Jung,Sanghwa Jung,697,M45-49,Male,화성시,KR-41,South Korea,KR,1:36:59,5:35:55,5:02:57,0:05:48,0:04:27,12:26:05,5819,20155,18177,348,267,44765,420,380,75,686,612,115,327,299,56,420,380,75,Finisher,2907
KOTA,SUDA,KOTA SUDA,6,M35-39,Male,Kita-ku Takinogawa,JP-13,Japan,JP,1:13:46,5:57:13,5:05:44,0:04:30,0:05:19,12:26:33,4426,21433,18344,270,319,44793,421,381,55,58,53,12,297,272,43,421,381,55,Finisher,2769
우섭,유,우섭 유,570,M40-44,Male,하남시,KR-41,South Korea,KR,1:30:36,6:06:05,4:28:37,0:14:38,0:06:45,12:26:41,5436,21965,16117,878,405,44801,422,382,83,490,440,82,540,491,99,422,382,83,Finisher,2806
Seungyong,Na,Seungyong Na,276,M30-34,Male,BUSAN,"17-1, Yangji-ro 11beon-gil, Busanjin-gu, Busan, Re",South Korea,KR,1:16:40,6:08:04,4:46:06,0:08:16,0:07:36,12:26:43,4600,22084,17166,496,456,44803,423,383,31,106,98,13,427,385,29,423,383,31,Finisher,2605
명숙,범,명숙 범,1068,F55-59,Female,부산,서구,South Korea,KR,1:31:12,5:40:36,5:03:58,0:06:35,0:04:24,12:26:45,5472,20436,18238,395,264,44805,424,41,1,509,52,1,326,28,1,424,41,1,Finisher,5000
Kwangwoo,Son,Kwangwoo Son,675,M45-49,Male,부산,KR-26,South Korea,KR,1:25:10,5:45:24,5:05:32,0:05:14,0:05:52,12:27:12,5110,20724,18332,314,352,44832,425,384,76,328,295,53,299,274,48,425,384,76,Finisher,2893
Xi,Li,Xi Li,767,F45-49,Female,Beijing,CN-BJ,China,CN,1:35:13,5:33:56,5:03:33,0:09:48,0:05:07,12:27:37,5713,20036,18213,588,307,44857,426,42,6,644,65,6,329,30,6,426,42,6,Finisher,3267
kyu tae,ahn,kyu tae ahn,679,M45-49,Male,동구,ULSAN-GWANGYEOKSI,South Korea,KR,1:53:03,5:50:46,4:34:42,0:06:09,0:03:39,12:28:19,6783,21046,16482,369,219,44899,427,385,77,918,807,150,532,485,100,427,385,77,Finisher,2880
Deokyong,Kim,Deokyong Kim,190,M25-29,Male,수원시,KR-41,South Korea,KR,1:21:08,5:49:25,5:00:19,0:07:41,0:10:06,12:28:37,4868,20965,18019,461,606,44917,428,386,17,226,201,14,324,297,14,428,386,17,Finisher,2340
Jong Yeob,Shin,Jong Yeob Shin,995,M55-59,Male,춘천시,강원도,South Korea,KR,1:40:19,5:57:38,4:34:08,0:09:12,0:07:39,12:28:57,6019,21458,16448,552,459,44937,429,387,33,756,675,58,517,471,36,429,387,33,Finisher,3402
Seokhoon,Yoon,Seokhoon Yoon,873,M50-54,Male,서울,송파구,South Korea,KR,1:42:14,5:54:48,4:40:38,0:07:11,0:04:07,12:28:57,6134,21288,16838,431,247,44937,430,388,71,786,699,148,493,448,86,430,388,71,Finisher,3037
SANGBIN,PARK,SANGBIN PARK,695,M45-49,Male,청주시,KR-43,South Korea,KR,1:21:27,6:06:03,4:46:21,0:07:43,0:08:00,12:29:34,4887,21963,17181,463,480,44974,431,389,78,242,216,36,442,399,80,431,389,78,Finisher,2865
Kuo-Chih,Chen,Kuo-Chih Chen,139,M50-54,Male,台北市,TW-TPE,Taiwan,TW,1:32:46,5:42:51,5:00:36,0:06:42,0:06:47,12:29:43,5566,20571,18036,402,407,44983,432,390,72,577,520,105,361,328,61,432,390,72,Finisher,3028
영,장,영 장,962,F50-54,Female,경상남도 창원시,KR-48,South Korea,KR,1:32:33,5:47:01,4:53:29,0:10:57,0:05:47,12:29:47,5553,20821,17609,657,347,44987,433,43,4,568,57,10,409,38,4,433,43,4,Finisher,4040
SEOHAN,CHOI,SEOHAN CHOI,374,M35-39,Male, Hwaseong-si,Gyeonggi-do,South Korea,KR,1:19:52,6:17:44,4:38:04,0:05:54,0:08:33,12:30:07,4792,22664,16684,354,513,45007,434,391,56,201,179,35,490,445,62,434,391,56,Finisher,2726
주영,최,주영 최,943,M50-54,Male,서울시,KR-11,South Korea,KR,1:27:30,6:02:37,4:40:45,0:11:54,0:07:35,12:30:21,5250,21757,16845,714,455,45021,435,392,73,400,360,68,482,437,84,435,392,73,Finisher,3020
DongKyu,Lee,DongKyu Lee,444,M40-44,Male,korea,KR-31,South Korea,KR,1:31:48,6:14:51,4:32:21,0:06:29,0:04:53,12:30:21,5508,22491,16341,389,293,45021,436,393,84,544,488,94,556,505,103,436,393,84,Finisher,2762
Tsuyoshi,Ohtani,Tsuyoshi Ohtani,1033,M55-59,Male,横浜市神奈川区三ツ沢上町,神奈川県,Japan,JP,1:26:43,6:08:59,4:40:23,0:08:43,0:05:59,12:30:46,5203,22139,16823,523,359,45046,437,394,34,374,336,24,496,451,35,437,394,34,Finisher,3380
kim,seung il,kim seung il,377,M35-39,Male,busanjingu,busan,South Korea,KR,1:18:35,5:52:30,5:04:20,0:07:05,0:09:26,12:31:56,4715,21150,18260,425,566,45116,438,395,57,162,143,26,323,296,46,438,395,57,Finisher,2704
Jianan,Song,Jianan Song,344,M35-39,Male,北京,CN-BJ,China,CN,1:23:55,5:45:20,5:10:15,0:09:07,0:03:23,12:32:00,5035,20720,18615,547,203,45120,439,396,58,301,273,48,325,298,47,439,396,58,Finisher,2704
Hyun,Heo,Hyun Heo,114,M45-49,Male,Pohang-si,KR-47,South Korea,KR,1:13:23,5:54:34,5:06:02,0:08:15,0:09:47,12:32:01,4403,21274,18362,495,587,45121,440,397,79,55,50,6,303,278,50,440,397,79,Finisher,2835
hyunki,min,hyunki min,464,M40-44,Male,yeonsu-gu,INCHEON-GWANGYEOKSI,South Korea,KR,1:32:28,5:45:56,5:02:14,0:05:05,0:06:20,12:32:04,5548,20756,18134,305,380,45124,441,398,85,563,507,98,367,334,79,441,398,85,Finisher,2742
JINHOON,KIM,JINHOON KIM,347,M35-39,Male,SUWON-CITY,KR-41,South Korea,KR,1:28:23,5:53:41,4:58:42,0:05:41,0:05:44,12:32:10,5303,21221,17922,341,344,45130,442,399,59,431,387,60,393,357,52,442,399,59,Finisher,2702
지웅,정,지웅 정,746,M45-49,Male,인천,연수구,South Korea,KR,1:24:38,5:56:56,4:53:42,0:11:33,0:05:32,12:32:21,5078,21416,17622,693,332,45141,443,400,80,315,283,49,428,386,78,443,400,80,Finisher,2831
Roh,Hyoung Jun,Roh Hyoung Jun,634,M45-49,Male,안산시,Gyeonggi-do,South Korea,KR,1:18:41,6:00:52,4:56:50,0:06:57,0:09:29,12:32:48,4721,21652,17810,417,569,45168,444,401,81,165,146,20,383,347,70,444,401,81,Finisher,2826
경식,손,경식 손,922,M50-54,Male,인천광역시,계양구,South Korea,KR,1:18:42,6:25:36,4:30:15,0:09:46,0:08:37,12:32:56,4722,23136,16215,586,517,45176,445,402,74,167,148,23,565,513,100,445,402,74,Finisher,2989
정기,김,정기 김,408,M35-39,Male,경산시,KR-47,South Korea,KR,1:39:02,5:59:21,4:41:59,0:07:01,0:05:42,12:33:05,5942,21561,16919,421,342,45185,446,403,60,731,654,85,504,459,63,446,403,60,Finisher,2691
Park,Youngjin,Park Youngjin,210,M25-29,Male,창원,경상남도,South Korea,KR,1:26:20,5:55:42,4:52:25,0:08:28,0:10:31,12:33:26,5180,21342,17545,508,631,45206,447,404,18,362,324,18,408,371,16,447,404,18,Finisher,2282
sangwon,kang,sangwon kang,701,M45-49,Male,담양군,KR-46,South Korea,KR,1:27:26,6:02:34,4:50:40,0:07:22,0:05:31,12:33:33,5246,21754,17440,442,331,45213,448,405,82,399,359,68,448,405,81,448,405,82,Finisher,2817
Seung Jun,Lee,Seung Jun Lee,207,M25-29,Male,Busan South Korea,KR-26,South Korea,KR,1:10:21,6:54:51,4:21:46,0:04:05,0:02:35,12:33:37,4221,24891,15706,245,155,45217,449,406,19,35,31,5,657,594,25,449,406,19,Finisher,2280
Junseok,Lee,Junseok Lee,496,M40-44,Male,Haeundae,Busan,South Korea,KR,1:31:12,5:39:05,5:12:19,0:05:34,0:05:28,12:33:38,5472,20345,18739,334,328,45218,450,407,86,508,457,85,300,275,67,450,407,86,Finisher,2723
Juho,Lee,Juho Lee,246,M30-34,Male,서울,영등포구,South Korea,KR,1:24:09,5:42:30,5:04:32,0:10:50,0:11:44,12:33:45,5049,20550,18272,650,704,45225,451,408,32,305,277,26,315,288,21,451,408,32,Finisher,2521
Ahmi,Jeon,Ahmi Jeon,754,F45-49,Female,고양시,Gyeonggi-do,South Korea,KR,1:46:23,6:00:23,4:34:50,0:06:43,0:05:33,12:33:52,6383,21623,16490,403,333,45232,452,44,7,843,96,11,560,52,8,452,44,7,Finisher,3192
Moon,Sehyung,Moon Sehyung,702,M45-49,Male,Gaeryong,KR-44,South Korea,KR,1:29:15,6:21:03,4:27:05,0:11:29,0:05:18,12:34:10,5355,22863,16025,689,318,45250,453,409,83,449,403,74,617,561,115,453,409,83,Finisher,2810
Marat,Ashrapov,Marat Ashrapov,683,M45-49,Male,Moscow,Moscow,Unknown,,1:26:45,6:13:48,4:38:43,0:07:30,0:07:39,12:34:24,5205,22428,16723,450,459,45264,454,410,84,375,337,65,524,477,97,454,410,84,Finisher,2807
GIWOOK,NA,GIWOOK NA,329,M35-39,Male,Incheon,Incheon,South Korea,KR,1:26:04,6:12:35,4:38:14,0:09:37,0:07:57,12:34:27,5164,22355,16694,577,477,45267,455,411,61,357,319,52,525,478,65,455,411,61,Finisher,2674
Minkuk,Lee,Minkuk Lee,123,M45-49,Male,Daegu,KR-27,South Korea,KR,1:22:43,5:49:19,5:08:08,0:06:01,0:09:15,12:35:25,4963,20959,18488,361,555,45325,456,412,85,273,247,42,321,294,55,456,412,85,Finisher,2795
Kim,Taehoon,Kim Taehoon,1106,M60-64,Male,Goyang-si ,KR-41,South Korea,KR,1:50:14,6:07:25,4:21:05,0:11:15,0:05:47,12:35:46,6614,22045,15665,675,347,45346,457,413,13,896,791,40,656,593,27,457,413,13,Finisher,3711
byoungin ,Kwon,byoungin Kwon,926,M50-54,Male,창원시 진해구,GYEONGSANGNAM-DO,South Korea,KR,1:45:57,5:44:45,4:43:58,0:08:40,0:12:29,12:35:50,6357,20685,17038,520,749,45350,458,414,75,834,741,153,460,416,78,458,414,75,Finisher,2954
Sung-Hwon,Bae,Sung-Hwon Bae,893,M50-54,Male,부천시,KR-41,South Korea,KR,1:56:10,5:45:54,4:33:28,0:11:44,0:08:53,12:36:09,6970,20754,16408,704,533,45369,459,415,76,937,824,167,563,511,99,459,415,76,Finisher,2950
Khee Dong,Lee,Khee Dong Lee,670,M45-49,Male,남양주시,경기도,South Korea,KR,1:19:01,6:00:09,5:04:52,0:07:10,0:05:19,12:36:31,4741,21609,18292,430,319,45391,460,416,86,177,158,22,381,346,69,460,416,86,Finisher,2781
JEONG,MYEONG CHEOL,JEONG MYEONG CHEOL,514,M40-44,Male,ULSAN,ULSAN-GWANGYEOKSI,South Korea,KR,1:17:04,5:50:48,5:15:59,0:05:55,0:06:50,12:36:37,4624,21048,18959,355,410,45397,461,417,87,117,109,25,282,260,64,461,417,87,Finisher,2687
Turar,Abish,Turar Abish,1108,M60-64,Male,Atyrau,Atyrau,Kazakhstan,KZ,1:28:52,6:07:52,4:44:54,0:09:58,0:05:26,12:37:02,5332,22072,17094,598,326,45422,462,418,14,439,394,17,513,468,17,462,418,14,Finisher,3696
Taeho,Yun,Taeho Yun,719,M45-49,Male,Yongin-si,Gyeonggi-do,South Korea,KR,1:46:16,5:59:01,4:34:59,0:10:31,0:06:18,12:37:06,6376,21541,16499,631,378,45426,463,419,87,841,746,134,580,527,110,463,419,87,Finisher,2774
Eon Woo,Lee,Eon Woo Lee,192,M25-29,Male,Gijang-gun,Busan,South Korea,KR,1:31:37,6:02:08,4:51:31,0:06:55,0:04:56,12:37:07,5497,21728,17491,415,296,45427,464,420,20,529,475,25,469,425,20,464,420,20,Finisher,2238
Iurii,Spirov,Iurii Spirov,337,M35-39,,Yakutsk,Far Eastern Federal District,Unknown,,1:34:09,6:26:48,4:23:02,0:05:53,0:07:16,12:37:09,5649,23208,15782,353,436,45429,465,421,62,613,550,74,645,585,82,465,421,62,Finisher,2642
YUE,CHENG,YUE CHENG,598,F40-44,Female,Hefei,Anhui,China,CN,1:28:21,6:13:51,4:46:38,0:05:02,0:03:25,12:37:16,5301,22431,17198,302,205,45436,466,45,11,430,44,9,518,47,11,466,45,11,Finisher,3104
daehwan,kim,daehwan kim,318,M35-39,Male,창원,KR-48,South Korea,KR,1:39:55,5:50:35,4:54:04,0:06:59,0:06:06,12:37:39,5995,21035,17644,419,366,45459,467,422,63,750,669,89,449,406,60,467,422,63,Finisher,2636
Sujin,Kim,Sujin Kim,132,F45-49,Female,성남시,KR-41,South Korea,KR,1:35:18,6:09:05,4:43:07,0:06:14,0:04:06,12:37:49,5718,22145,16987,374,246,45469,468,46,8,647,66,7,538,49,7,468,46,8,Finisher,3144
SHOJI,MATSUMOTO,SHOJI MATSUMOTO,883,M50-54,Male,天草市栖本町馬場,JP-43,Japan,JP,1:22:39,6:12:02,4:53:59,0:06:10,0:04:35,12:39:25,4959,22322,17639,370,275,45565,469,423,77,271,245,41,471,427,81,469,423,77,Finisher,2911
CHANGMIN,MUN,CHANGMIN MUN,435,M40-44,Male,Dongnae-gu,KR-26,South Korea,KR,1:23:19,6:08:37,4:50:58,0:07:11,0:09:48,12:39:53,4999,22117,17458,431,588,45593,470,424,88,287,259,50,458,414,90,470,424,88,Finisher,2648
Jin Kyu,Shim,Jin Kyu Shim,651,M45-49,Male,서울시,서울시,South Korea,KR,1:34:07,5:48:16,5:01:03,0:09:02,0:07:25,12:39:55,5647,20896,18063,542,445,45595,471,425,88,612,549,104,417,377,77,471,425,88,Finisher,2741
Steven,Van Why,Steven Van Why,887,M50-54,Male,Daegu,KR-27,United States,US,1:32:17,6:49:09,4:10:30,0:05:42,0:02:45,12:40:23,5537,24549,15030,342,165,45623,472,426,78,560,504,100,733,659,129,472,426,78,Finisher,2900
Min U,Lee,Min U Lee,850,M50-54,Male,구리시,경기도,South Korea,KR,1:25:30,6:13:11,4:49:38,0:07:44,0:04:54,12:40:57,5130,22391,17378,464,294,45657,473,427,79,335,300,59,510,465,88,473,427,79,Finisher,2893
JIHOON,KIM,JIHOON KIM,346,M35-39,Male,Seoul,Baja California,South Korea,KR,1:40:49,7:00:44,3:46:07,0:08:03,0:05:43,12:41:26,6049,25244,13567,483,343,45686,474,428,64,766,683,93,839,745,97,474,428,64,Finisher,2590
Seung Hwan,Shin,Seung Hwan Shin,708,M45-49,Male,용산구,KR-11,South Korea,KR,1:29:54,5:45:40,5:15:50,0:05:51,0:04:12,12:41:27,5394,20740,18950,351,252,45687,475,429,89,472,423,78,350,318,59,475,429,89,Finisher,2722
덕룡,윤,덕룡 윤,924,M50-54,Male,인천,서구,South Korea,KR,1:33:13,6:16:05,4:34:11,0:10:31,0:07:31,12:41:31,5593,22565,16451,631,451,45691,476,430,80,591,531,106,603,547,105,476,430,80,Finisher,2886
Kyungjin,Oh,Kyungjin Oh,682,M45-49,Male,Changwon,KR-48,South Korea,KR,1:30:12,5:52:13,5:07:08,0:07:59,0:04:25,12:41:57,5412,21133,18428,479,265,45717,477,431,90,478,429,80,407,370,75,477,431,90,Finisher,2716
지아,최,지아 최,427,F35-39,Female,Jinju-si,KR-48,South Korea,KR,1:32:47,6:24:57,4:26:25,0:09:22,0:09:00,12:42:31,5567,23097,15985,562,540,45751,478,47,8,578,58,8,648,61,9,478,47,8,Finisher,2682
Gitak,Bok,Gitak Bok,798,M50-54,Male,Jungnang-gu,KR-11,South Korea,KR,1:24:45,5:36:37,5:23:45,0:09:48,0:07:44,12:42:38,5085,20197,19425,588,464,45758,479,432,81,317,285,53,266,245,47,479,432,81,Finisher,2873
Chang Geun,Lee,Chang Geun Lee,778,M50-54,Male,부천시,KR-41,South Korea,KR,1:26:55,6:04:12,4:56:35,0:05:57,0:09:52,12:43:31,5215,21852,17795,357,592,45811,480,433,82,382,342,63,447,404,75,480,433,82,Finisher,2862
Yujin,Ko,Yujin Ko,558,M40-44,Male,Incheon,Incheon,South Korea,KR,1:49:43,6:03:19,4:31:49,0:13:05,0:05:54,12:43:50,6583,21799,16309,785,354,45830,481,434,89,889,787,143,641,583,113,481,434,89,Finisher,2601
Wonsung,Kim,Wonsung Kim,1109,M60-64,Male,Shihung,GYEONGGI-DO,South Korea,KR,1:31:04,6:05:39,4:53:56,0:08:25,0:05:10,12:44:13,5464,21939,17636,505,310,45853,482,435,15,503,453,20,501,456,15,482,435,15,Finisher,3610
Hugues,Chocart,Hugues Chocart,195,M25-29,Male,Lachelle,FR-60,France,FR,1:18:34,6:12:32,5:01:13,0:05:31,0:06:25,12:44:15,4714,22352,18073,331,385,45855,483,436,21,160,141,12,446,403,19,483,436,21,Finisher,2153
WONJUN,JANG,WONJUN JANG,394,M35-39,Male,namgu,Busan,South Korea,KR,1:24:36,6:47:37,4:15:56,0:08:46,0:07:31,12:44:26,5076,24457,15356,526,451,45866,484,437,65,314,282,49,706,639,89,484,437,65,Finisher,2554
JEOGNBIN,YU,JEOGNBIN YU,242,M30-34,Male, Cheonan-si,CHUNGCHEONGNAM-DO,South Korea,KR,1:24:32,6:08:19,4:54:04,0:10:11,0:07:22,12:44:29,5072,22099,17644,611,442,45869,485,438,33,313,281,27,487,442,33,485,438,33,Finisher,2392
Sejin,Kim,Sejin Kim,703,M45-49,Male,제천시,충청북도,South Korea,KR,1:15:24,5:35:51,5:35:11,0:09:42,0:08:27,12:44:34,4524,20151,20111,582,507,45874,486,439,91,83,78,12,210,192,36,486,439,91,Finisher,2685
Sehyeok,Kang,Sehyeok Kang,1023,M55-59,Male,Seoul,South Korea,South Korea,KR,1:43:37,6:26:45,4:17:06,0:09:23,0:07:57,12:44:49,6217,23205,15426,563,477,45889,487,440,35,807,720,64,700,634,53,487,440,35,Finisher,3212
Yunsuck,Hong,Yunsuck Hong,144,M50-54,Male,경주시,KR-47,South Korea,KR,1:29:48,6:07:03,4:52:47,0:10:01,0:05:24,12:45:02,5388,22023,17567,601,324,45902,488,441,83,468,419,81,514,469,89,488,441,83,Finisher,2844
Sung Soo,Heo,Sung Soo Heo,891,M50-54,Male,서울특별시,KR-11,South Korea,KR,1:14:04,5:06:32,6:06:38,0:12:02,0:05:56,12:45:12,4444,18392,21998,722,356,45912,489,442,84,62,57,5,95,88,11,489,442,84,Finisher,2842
SEONGIL,PARK,SEONGIL PARK,530,M40-44,Male,화성시,KR-41,South Korea,KR,1:25:52,5:51:23,5:17:56,0:05:32,0:04:52,12:45:36,5152,21083,19076,332,292,45936,490,443,90,346,309,60,365,332,77,490,443,90,Finisher,2579
혜경,이,혜경 이,1132,F60-64,Female,서울시,Seoul,Antigua and Barbuda,AG,1:34:19,6:16:17,4:44:42,0:06:21,0:04:11,12:45:51,5659,22577,17082,381,251,45951,491,48,4,618,64,3,592,56,4,491,48,4,Finisher,4630
hyun ah,choi,hyun ah choi,420,F35-39,Female,부천시,Gyeonggi-do,South Korea,KR,1:35:25,5:46:25,5:06:09,0:10:57,0:07:11,12:46:07,5725,20785,18369,657,431,45967,492,49,9,651,69,9,424,42,8,492,49,9,Finisher,2639
병정,최,병정 최,1116,M60-64,Male,춘천시,KR-42,South Korea,KR,1:25:57,6:21:51,4:45:05,0:08:15,0:05:11,12:46:19,5157,22911,17105,495,311,45979,493,444,16,352,314,11,582,529,21,493,444,16,Finisher,3585
SangYoung,Nam,SangYoung Nam,372,M35-39,Male,goyangsi,GYEONGGI-DO,South Korea,KR,1:47:15,6:01:48,4:37:09,0:10:00,0:10:07,12:46:19,6435,21708,16629,600,607,45979,494,445,66,855,758,98,600,544,76,494,445,66,Finisher,2532
Myeongsik,Yun,Myeongsik Yun,515,M40-44,Male,Ulsan,Buk-gu,South Korea,KR,1:31:47,6:06:15,4:47:49,0:10:40,0:10:06,12:46:36,5507,21975,17269,640,606,45996,495,446,91,541,486,92,528,481,98,495,446,91,Finisher,2567
Youngjin,Paik,Youngjin Paik,913,M50-54,Male,광진구,KR-11,South Korea,KR,1:23:40,6:07:20,4:59:13,0:09:22,0:07:20,12:46:55,5020,22040,17953,562,440,46015,496,447,85,298,270,48,468,424,80,496,447,85,Finisher,2821
Dmitry,Lukyanov,Dmitry Lukyanov,788,M50-54,Male,深圳,CN-GD,Unknown,,1:32:20,6:12:53,4:48:45,0:08:52,0:04:12,12:47:02,5540,22373,17325,532,252,46022,497,448,86,561,505,101,566,514,101,497,448,86,Finisher,2820
HyunSung,Choi,HyunSung Choi,947,M50-54,Male,서울특별시 ,KR-11,South Korea,KR,1:47:04,6:06:58,4:34:43,0:15:54,0:02:35,12:47:15,6424,22018,16483,954,155,46035,498,449,87,851,754,159,660,597,114,498,449,87,Finisher,2817
Choi,Jintaek,Choi Jintaek,824,M50-54,Male,문경시,KR-47,South Korea,KR,1:23:31,5:50:33,5:18:26,0:06:53,0:07:52,12:47:15,5011,21033,19106,413,472,46035,499,450,88,293,265,47,342,311,57,499,450,88,Finisher,2817
Dong Sin,Lee,Dong Sin Lee,1138,M65-69,Male,Changwon,Gyeongsangnam-do,South Korea,KR,1:23:38,6:24:33,4:38:33,0:11:55,0:09:15,12:47:55,5018,23073,16713,715,555,46075,500,451,3,296,268,1,605,549,8,500,451,3,Finisher,3872
seongwoo,baek,seongwoo baek,878,M50-54,Male,gimpo,Gyeonggi-do,South Korea,KR,1:34:55,5:54:04,5:02:25,0:10:53,0:06:02,12:48:18,5695,21244,18145,653,362,46098,501,452,89,635,571,119,461,417,79,501,452,89,Finisher,2805
Hyunsoo,Um,Hyunsoo Um,641,M45-49,Male,파주시,KR-41,South Korea,KR,1:49:37,5:56:54,4:44:39,0:08:28,0:08:45,12:48:24,6577,21414,17079,508,525,46104,502,453,92,887,785,145,573,520,109,502,453,92,Finisher,2639
Ариан,Ыракыев,Ариан Ыракыев,224,M30-34,Male,Якутск,Республика Саха(ЯКУТИЯ),Unknown,,1:26:20,6:10:51,4:55:41,0:07:07,0:08:56,12:48:55,5180,22251,17741,427,536,46135,503,454,34,361,323,29,494,449,35,503,454,34,Finisher,2339
Munseok,Kim,Munseok Kim,1092,M60-64,Male,수원시,경기도,South Korea,KR,1:24:19,6:20:37,4:42:23,0:10:28,0:11:23,12:49:09,5059,22837,16943,628,683,46149,504,455,17,307,279,9,576,523,20,504,455,17,Finisher,3551
Kwangduck,Park,Kwangduck Park,1007,M55-59,Male,서울시,강서구공,South Korea,KR,1:31:51,5:39:26,5:26:49,0:05:44,0:05:21,12:49:11,5511,20366,19609,344,321,46151,505,456,36,546,490,37,313,287,19,505,456,36,Finisher,3159
Wing Yi,Cheng,Wing Yi Cheng,72,F25-29,Female,Olympic,CN-HK,Hong Kong,HK,1:18:33,6:26:31,4:53:09,0:05:27,0:05:41,12:49:21,4713,23191,17589,327,341,46161,506,50,4,157,18,2,537,48,3,506,50,4,Finisher,3476
玮,曹,玮 曹,392,M35-39,Male,北京,CN-BJ,China,CN,1:35:58,6:12:32,4:45:06,0:06:19,0:09:59,12:49:54,5758,22352,17106,379,599,46194,507,457,67,667,595,78,570,517,70,507,457,67,Finisher,2489
상달,이,상달 이,929,M50-54,Male,평택시,KR-41,South Korea,KR,1:33:27,5:52:39,5:08:26,0:06:54,0:08:33,12:49:59,5607,21159,18506,414,513,46199,508,458,90,599,538,108,426,384,73,508,458,90,Finisher,2784
Cheol,Baek,Cheol Baek,609,M45-49,Male,인천광역시,Incheon,South Korea,KR,1:16:58,5:46:50,5:35:41,0:07:22,0:03:59,12:50:50,4618,20810,20141,442,239,46250,509,459,93,112,104,17,267,246,41,509,459,93,Finisher,2610
Myung Sik,Choi,Myung Sik Choi,68,M65-69,Male,"Busan, South Korea",KR-KR-26,South Korea,KR,1:48:50,6:15:04,4:33:06,0:07:36,0:06:17,12:50:54,6530,22504,16386,456,377,46254,510,460,4,875,775,16,669,606,12,510,460,4,Finisher,3836
JungHo,Lee,JungHo Lee,828,M50-54,Male,Songpa-gu,Seoul,South Korea,KR,1:49:15,5:46:40,4:56:32,0:11:10,0:07:21,12:50:57,6555,20800,17792,670,441,46257,511,461,91,883,781,164,515,470,90,511,461,91,Finisher,2773
YUNPYO,LEE,YUNPYO LEE,559,M40-44,Male,CHEONG JU,KR-43,South Korea,KR,1:27:49,6:10:53,5:01:33,0:05:06,0:05:46,12:51:07,5269,22253,18093,306,346,46267,512,462,92,410,369,70,491,446,95,512,462,92,Finisher,2513
혜영,김,혜영 김,148,F50-54,Female,포항시,KR-47,South Korea,KR,1:33:48,6:26:10,4:39:05,0:06:41,0:05:42,12:51:26,5628,23170,16745,401,342,46286,513,51,5,607,63,11,644,60,7,513,51,5,Finisher,3781
Eri,Ogi,Eri Ogi,1057,F55-59,Female,Shinagawa-ku,JP-13,Japan,JP,1:40:25,6:19:34,4:38:14,0:06:18,0:07:19,12:51:50,6025,22774,16694,378,439,46310,514,52,2,759,82,6,643,59,4,514,52,2,Finisher,4699
PING,ZHENG,PING ZHENG,1062,F55-59,Female,Shanghai,CN-SH,China,CN,1:39:51,6:08:50,4:47:29,0:08:16,0:07:47,12:52:13,5991,22130,17249,496,467,46333,515,53,3,749,81,5,591,55,3,515,53,3,Finisher,4694
Jong Hwan,Lee,Jong Hwan Lee,1084,M60-64,Male,수원시,경기도,South Korea,KR,1:36:51,6:04:05,4:45:48,0:15:14,0:10:26,12:52:24,5811,21845,17148,914,626,46344,516,463,18,684,610,27,584,531,22,516,463,18,Finisher,3512
성훈,정,성훈 정,739,M45-49,Male,Seo-gu,Gwangju,South Korea,KR,1:14:53,6:01:32,5:20:49,0:08:57,0:06:30,12:52:41,4493,21692,19249,537,390,46361,517,464,94,75,70,11,378,343,67,517,464,94,Finisher,2587
Myungsoon,Seok,Myungsoon Seok,1094,M60-64,Male,달성군,대구광역시,South Korea,KR,1:41:48,6:19:59,4:32:32,0:10:57,0:07:25,12:52:41,6108,22799,16352,657,445,46361,518,465,19,780,694,34,672,608,28,518,465,19,Finisher,3508
병기,오,병기 오,1046,M55-59,Male,인천,연수구,South Korea,KR,1:43:48,5:55:51,4:57:25,0:08:49,0:06:49,12:52:43,6228,21351,17845,529,409,46363,519,466,37,811,722,65,527,480,39,519,466,37,Finisher,3117
sunkeun,lee,sunkeun lee,737,M45-49,Male,Dong-gu,KR-30,South Korea,KR,1:31:40,5:47:13,5:20:14,0:05:30,0:09:01,12:53:38,5500,20833,19214,330,541,46418,520,467,95,534,480,93,374,340,65,520,467,95,Finisher,2576
Shunrie,Geldore,Shunrie Geldore,533,M40-44,Male,Lemoore,CA,United States,US,1:39:03,5:42:52,5:21:38,0:06:21,0:04:16,12:54:11,5943,20572,19298,381,256,46451,521,468,93,736,659,122,396,359,81,521,468,93,Finisher,2476
Jongmin,Han,Jongmin Han,657,M45-49,Male,SEOUL,KR-11,South Korea,KR,1:14:11,6:20:37,5:03:41,0:05:54,0:09:52,12:54:14,4451,22837,18221,354,592,46454,522,469,96,65,60,9,470,426,86,522,469,96,Finisher,2569
Lee,Dohak,Lee Dohak,789,M50-54,Male,Yeongju-si,Gyeongsangbuk-do,South Korea,KR,1:30:25,6:12:08,4:57:31,0:09:41,0:05:07,12:54:53,5425,22328,17851,581,307,46493,523,470,92,484,434,86,548,498,94,523,470,92,Finisher,2726
HAEJAE,JUN,HAEJAE JUN,950,F50-54,Female,"Eunpyeong-gu,",Seoul,South Korea,KR,1:41:39,6:19:01,4:39:21,0:08:03,0:07:06,12:55:10,6099,22741,16761,483,426,46510,524,54,6,777,86,14,654,62,8,524,54,6,Finisher,3736
Aditya,Rathi,Aditya Rathi,309,M35-39,Male,Sangamner,Maharashtra,India,IN,1:26:49,6:25:18,4:47:53,0:09:27,0:05:49,12:55:16,5209,23118,17273,567,349,46516,525,471,68,378,339,56,616,560,79,525,471,68,Finisher,2424
Hakjae,Ro,Hakjae Ro,800,M50-54,Male,성남,KR-41,South Korea,KR,1:46:02,6:17:31,4:34:44,0:12:28,0:04:59,12:55:43,6362,22651,16484,748,299,46543,526,472,93,836,743,154,684,618,118,526,472,93,Finisher,2716
Grzegorz,Krupa,Grzegorz Krupa,451,M40-44,Male,Nowa Dęba,Subcarpathia,Poland,PL,1:50:05,5:37:04,5:13:01,0:08:03,0:07:38,12:55:51,6605,20224,18781,483,458,46551,527,473,94,894,789,145,441,398,88,527,473,94,Finisher,2456
Bernardo,Vegelio Jr,Bernardo Vegelio Jr,312,M35-39,Male,"Bugo, Cagayan de oro city",PH-MSR,Philippines,PH,1:38:55,6:12:09,4:54:25,0:05:00,0:05:26,12:55:54,5935,22329,17665,300,326,46554,528,474,69,729,652,84,583,530,71,528,474,69,Finisher,2417
Jiseok,Bu,Jiseok Bu,486,M40-44,Male," Jungnang-gu,",KR-11,South Korea,KR,1:35:00,6:26:36,4:40:45,0:07:54,0:05:40,12:55:55,5700,23196,16845,474,340,46555,529,475,95,639,575,111,659,596,115,529,475,95,Finisher,2456
Hyungju,Kim,Hyungju Kim,333,M35-39,Male,Chuncheon-si,KR-42,South Korea,KR,1:31:41,6:09:45,4:59:09,0:10:28,0:05:30,12:56:33,5501,22185,17949,628,330,46593,530,476,70,537,483,66,545,495,68,530,476,70,Finisher,2409
Moonhee,Lee,Moonhee Lee,300,F30-34,Female,인천광역시,KR-28,South Korea,KR,1:36:50,6:17:22,4:47:18,0:09:46,0:05:31,12:56:47,5810,22642,17238,586,331,46607,531,55,10,682,74,18,628,57,12,531,55,10,Finisher,3209
Seungyun,Baek,Seungyun Baek,277,M30-34,Male,Gwanak-gu,Seoul,South Korea,KR,1:27:42,6:23:25,4:46:04,0:10:02,0:09:41,12:56:53,5262,23005,17164,602,581,46613,532,477,35,406,366,34,612,556,44,532,477,35,Finisher,2243
재현,임,재현 임,340,M35-39,Male,광주광역시,광산구 비아동,South Korea,KR,1:48:13,6:37:09,4:13:31,0:09:27,0:08:57,12:57:18,6493,23829,15211,567,537,46638,533,478,71,868,769,101,774,694,95,533,478,71,Finisher,2400
youk taek,Shim,youk taek Shim,1114,M60-64,Male,대구시,Daegu,South Korea,KR,1:41:41,6:09:32,4:49:54,0:09:03,0:07:37,12:57:48,6101,22172,17394,543,457,46668,534,479,20,779,693,33,607,551,23,534,479,20,Finisher,3447
충기,이,충기 이,412,M35-39,Male,창원,경상남도,South Korea,KR,1:27:50,5:53:18,5:23:03,0:08:12,0:05:33,12:57:55,5270,21198,19383,492,333,46675,535,480,72,413,371,58,400,363,53,535,480,72,Finisher,2393
Haitao,Yang,Haitao Yang,626,M45-49,Male,云南大理市,云南省大理白族自治州大理市,China,CN,1:40:14,6:06:43,4:48:17,0:15:57,0:06:52,12:58:03,6014,22003,17297,957,412,46683,536,481,97,754,673,122,624,568,117,536,481,97,Finisher,2523
LEE,JOONHO,LEE JOONHO,351,M35-39,Male,대전광역시,KR-30,South Korea,KR,1:21:42,6:28:51,4:43:42,0:07:10,0:16:40,12:58:04,4902,23331,17022,430,1000,46684,537,482,73,250,224,42,596,540,75,537,482,73,Finisher,2391
Nikita,Mezentsev,Nikita Mezentsev,369,M35-39,Male,Ekaterinburg,SVERDLOVSKAYA OBLAST',Unknown,,1:47:44,6:00:51,4:52:52,0:08:17,0:08:43,12:58:26,6464,21651,17572,497,523,46706,538,483,74,861,763,99,589,535,74,538,483,74,Finisher,2386
Yeonggil,Kwon,Yeonggil Kwon,905,M50-54,Male,경상북도,영주시,South Korea,KR,1:34:32,7:13:55,3:55:55,0:09:13,0:04:52,12:58:26,5672,26035,14155,553,292,46706,539,484,94,623,559,115,864,765,154,539,484,94,Finisher,2683
Amar,Naikwadi,Amar Naikwadi,430,M40-44,Male,Sangamner,Maharashtra,India,IN,1:21:21,6:21:51,4:58:31,0:10:39,0:06:13,12:58:36,4881,22911,17911,639,373,46716,540,485,96,238,213,40,564,512,105,540,485,96,Finisher,2423
Jacques,Le Clech,Jacques Le Clech,196,M25-29,Male,Bourg-La-Reine,,France,FR,1:38:11,6:05:19,4:59:07,0:11:19,0:04:47,12:58:43,5891,21919,17947,679,287,46723,541,486,22,707,633,27,571,518,23,541,486,22,Finisher,1979
jaesun,Kim,jaesun Kim,240,M30-34,Male,대전시,서구 관저로84,South Korea,KR,1:38:24,6:27:03,4:41:01,0:08:09,0:04:27,12:59:05,5904,23223,16861,489,267,46745,542,487,36,713,637,52,677,612,46,542,487,36,Finisher,2217
Shan,Gao,Shan Gao,304,F30-34,Female,北京市,CN-BJ,China,CN,1:39:48,6:19:44,4:44:41,0:09:17,0:05:54,12:59:23,5988,22784,17081,557,354,46763,543,56,11,746,80,20,655,63,14,543,56,11,Finisher,3178
Myung Jin,Yoon,Myung Jin Yoon,1061,F55-59,Female,부산시,KR-26,South Korea,KR,1:33:21,6:10:45,5:03:54,0:07:45,0:03:47,12:59:32,5601,22245,18234,465,227,46772,544,57,4,595,61,2,543,50,2,544,57,4,Finisher,4606
JAEYEON,KIM,JAEYEON KIM,1082,M60-64,Male,Incheon,Inch'on-jikhalsi,South Korea,KR,1:17:14,6:20:12,5:05:51,0:08:24,0:08:07,12:59:49,4634,22812,18351,504,487,46789,545,488,21,122,114,1,507,462,16,545,488,21,Finisher,3423
전,원,전 원,742,M45-49,Male,Daegu,Daegu,South Korea,KR,1:31:10,6:00:20,5:16:12,0:06:20,0:05:52,12:59:55,5470,21620,18972,380,352,46795,546,489,98,506,456,85,452,409,83,546,489,98,Finisher,2501
Yong Hwa,Shin,Yong Hwa Shin,1039,M55-59,Male,창녕군,KR-48,South Korea,KR,1:33:25,5:51:45,5:18:14,0:11:20,0:05:55,13:00:40,5605,21105,19094,680,355,46840,547,490,38,597,536,41,445,402,31,547,490,38,Finisher,3021
kilho,Choi,kilho Choi,839,M50-54,Male,Gangdong-gu,SEOUL-TEUKBYEOLSI,South Korea,KR,1:27:06,6:07:11,5:13:22,0:07:15,0:05:47,13:00:41,5226,22031,18802,435,347,46841,548,491,95,391,351,65,477,432,83,548,491,95,Finisher,2656
Akihiko,Takata,Akihiko Takata,1133,M65-69,Male,TAKAMATSUSHI　,KAGAWA,Japan,JP,1:32:44,6:04:08,5:12:12,0:07:27,0:04:09,13:00:42,5564,21848,18732,447,249,46842,549,492,5,575,518,6,495,450,4,549,492,5,Finisher,3719
YONGHEE,PARK,YONGHEE PARK,910,M50-54,Male,Paju-si,KR-41,South Korea,KR,1:24:59,6:20:04,4:57:38,0:10:37,0:08:21,13:01:40,5099,22804,17858,637,501,46900,550,493,96,323,290,56,579,526,103,550,493,96,Finisher,2644
pilju,Kang,pilju Kang,669,M45-49,Male,원주시,Gangwon-do,South Korea,KR,1:35:49,6:23:56,4:48:49,0:06:28,0:08:02,13:03:04,5749,23036,17329,388,482,46984,551,494,99,663,592,110,642,584,121,551,494,99,Finisher,2463
JAE KWANG,SHIN,JAE KWANG SHIN,815,M50-54,Male,Sejong-si,SEJONG,South Korea,KR,1:41:57,5:50:00,5:18:16,0:09:26,0:03:59,13:03:39,6117,21000,19096,566,239,47019,552,495,97,781,695,147,475,430,82,552,495,97,Finisher,2620
Anthony,Bastien,Anthony Bastien,291,F30-34,Female,levens,Provence-Alpes-Côte D'Azur,France,FR,1:14:36,6:02:36,5:39:21,0:04:46,0:02:29,13:03:48,4476,21756,20361,286,149,47028,553,496,12,70,65,2,356,324,8,553,496,12,Finisher,3125
SHI YONG,TAN,SHI YONG TAN,882,M50-54,Male,Singapore,CENTRAL SINGAPORE,Singapore,SG,1:39:27,6:03:49,5:01:01,0:12:09,0:07:28,13:03:53,5967,21829,18061,729,448,47033,554,497,98,740,662,141,577,524,102,554,497,98,Finisher,2618
Tomoshige,Ikeda,Tomoshige Ikeda,1151,M65-69,Male,kitami,JP-01,Jordan,JO,1:28:02,6:11:03,5:12:31,0:07:25,0:05:00,13:04:02,5282,22263,18751,445,300,47042,555,498,6,421,379,2,512,467,5,555,498,6,Finisher,3679
HYUNSANG,LEE,HYUNSANG LEE,465,M40-44,Male,Incheon,인천광역시,South Korea,KR,1:32:33,6:02:25,5:10:04,0:11:03,0:08:13,13:04:19,5553,21745,18604,663,493,47059,556,499,97,567,511,100,508,463,97,556,499,97,Finisher,2355
Jae Sang,Yoon,Jae Sang Yoon,816,M50-54,Male,Apgujung-Dong,"Kangnam-Gu, Seoul",South Korea,KR,1:18:48,5:41:37,5:51:37,0:07:01,0:05:17,13:04:19,4728,20497,21097,421,317,47059,557,500,99,171,152,25,245,225,42,557,500,99,Finisher,2612
Caroline,Chartier,Caroline Chartier,292,F30-34,Female,Montréal,CA-QC,Canada,CA,1:16:39,5:59:18,5:31:20,0:08:00,0:09:07,13:04:25,4599,21558,19880,480,547,47065,558,58,13,105,8,3,369,34,9,558,58,13,Finisher,3117
Robert,Tuttle,Robert Tuttle,1020,M55-59,Male,Calgary,AB,Canada,CA,1:23:30,6:27:07,4:54:24,0:10:28,0:09:05,13:04:34,5010,23227,17664,628,545,47074,559,501,39,292,264,21,611,555,45,559,501,39,Finisher,2975
woojin,jung,woojin jung,725,M45-49,Male,Namdong-gu,Incheon,South Korea,KR,1:28:12,5:49:21,5:29:14,0:08:34,0:09:30,13:04:52,5292,20961,19754,514,570,47092,560,502,100,427,384,73,380,345,68,560,502,100,Finisher,2441
Hyeon Jin,Lee,Hyeon Jin Lee,330,M35-39,Male,창원시,KR-48,South Korea,KR,1:15:25,5:51:54,5:43:19,0:07:01,0:07:26,13:05:06,4525,21114,20599,421,446,47106,561,503,75,84,79,15,290,266,41,561,503,75,Finisher,2306
Tae-Shik,Kim,Tae-Shik Kim,1149,M65-69,Male,Seoul,Seoul,South Korea,KR,1:56:07,6:07:20,4:44:27,0:07:13,0:10:22,13:05:30,6967,22040,17067,433,622,47130,562,504,7,936,823,18,664,601,11,562,504,7,Finisher,3661
NAMYEOL,LEE,NAMYEOL LEE,1095,M60-64,Male,수원시,경기도,South Korea,KR,1:40:31,6:33:30,4:36:26,0:10:28,0:05:46,13:06:41,6031,23610,16586,628,346,47201,563,505,22,761,679,30,724,652,31,563,505,22,Finisher,3340
Amod,Karpe,Amod Karpe,431,M40-44,Male,Sangamner,Maharashtra,India,IN,1:38:29,6:26:34,4:44:44,0:09:21,0:07:39,13:06:48,5909,23194,17084,561,459,47208,564,506,98,716,639,121,678,613,119,564,506,98,Finisher,2325
Nowon,Park,Nowon Park,859,M50-54,Male,SEOUL,KR-11,South Korea,KR,1:35:15,6:21:41,4:58:35,0:07:06,0:04:11,13:06:48,5715,22901,17915,426,251,47208,565,507,100,645,580,121,629,572,111,565,507,100,Finisher,2583
SEONGIL,LEE,SEONGIL LEE,529,M40-44,Male,서구,인천광역시,South Korea,KR,1:30:25,5:53:15,5:25:35,0:10:10,0:07:36,13:07:01,5425,21195,19535,610,456,47221,566,508,99,483,433,80,435,392,85,566,508,99,Finisher,2322
Min Ho,Lee,Min Ho Lee,684,M45-49,Male,인천,KR-28,South Korea,KR,1:30:28,5:46:16,5:36:35,0:05:26,0:08:54,13:07:38,5428,20776,20195,326,534,47258,567,509,101,485,435,81,359,327,61,567,509,101,Finisher,2408
Kyunghan,Kim,Kyunghan Kim,509,M40-44,Male,포항시,KR-47,South Korea,KR,1:34:58,6:08:39,5:09:23,0:09:10,0:05:42,13:07:51,5698,22119,18563,550,342,47271,568,510,100,637,573,110,553,502,102,568,510,100,Finisher,2312
규인,장,규인 장,404,M35-39,Male,진주시,경상남도,South Korea,KR,1:38:40,6:03:33,5:07:29,0:11:06,0:07:05,13:07:53,5920,21813,18449,666,425,47273,569,511,76,720,643,82,559,508,69,569,511,76,Finisher,2273
Byunggi,Lim,Byunggi Lim,604,M45-49,Male,청주,KR-43,South Korea,KR,1:37:14,5:53:36,5:19:20,0:10:03,0:07:58,13:08:12,5834,21216,19160,603,478,47292,570,512,102,690,616,116,472,428,87,570,512,102,Finisher,2401
Kang,Myeong Gwan,Kang Myeong Gwan,260,M30-34,Male,서울시,송파구,South Korea,KR,1:37:56,6:22:30,4:47:09,0:09:43,0:11:30,13:08:48,5876,22950,17229,583,690,47328,571,513,37,699,625,51,661,598,45,571,513,37,Finisher,2100
태경,이,태경 이,945,M50-54,Male,안양,경기도,South Korea,KR,1:35:39,5:34:17,5:32:09,0:18:07,0:08:43,13:08:55,5739,20057,19929,1087,523,47335,572,514,101,655,585,123,395,358,69,572,514,101,Finisher,2557
김,민우,김 민우,565,M40-44,Male,Hongcheon-gun ,KR-42,South Korea,KR,1:31:47,5:35:52,5:34:52,0:09:02,0:17:25,13:08:59,5507,20152,20092,542,1045,47339,573,515,101,542,487,93,309,284,68,573,515,101,Finisher,2299
Andrew,Hyde ,Andrew Hyde,310,M35-39,Male,APO,AP,United Kingdom,GB,1:36:35,6:21:47,4:51:56,0:09:50,0:09:02,13:09:10,5795,22907,17516,590,542,47350,574,516,77,675,603,79,650,589,83,574,516,77,Finisher,2258
anmo,kim,anmo kim,222,M30-34,Male,양산시,Gyeongsangnam-do,South Korea,KR,1:29:48,6:09:35,5:17:40,0:07:04,0:05:15,13:09:22,5388,22175,19060,424,315,47362,575,517,38,469,420,40,511,466,37,575,517,38,Finisher,2093
Doogo,Choi,Doogo Choi,795,M50-54,Male,화성시,Gyeonggi-do,South Korea,KR,1:40:28,6:26:59,4:40:06,0:11:54,0:10:24,13:09:51,6028,23219,16806,714,624,47391,576,518,102,760,678,145,697,631,124,576,518,102,Finisher,2546
희수,장,희수 장,965,F50-54,Female,광주광역시,KR-29,South Korea,KR,1:24:26,7:01:48,4:31:36,0:07:09,0:04:54,13:09:53,5066,25308,16296,429,294,47393,577,59,7,311,31,4,767,78,14,577,59,7,Finisher,3559
Ki Jun,Kang,Ki Jun Kang,1002,M55-59,Male,서울,강서구,South Korea,KR,1:52:14,6:02:53,4:55:34,0:12:24,0:06:51,13:09:57,6734,21773,17734,744,411,47397,578,519,40,911,803,71,649,588,49,578,519,40,Finisher,2910
Hyungmin,Um,Hyungmin Um,640,M45-49,Male,구로구,서울특별시,South Korea,KR,1:47:29,6:24:55,4:35:40,0:10:52,0:11:02,13:09:58,6449,23095,16540,652,662,47398,579,520,103,856,759,136,717,647,129,579,520,103,Finisher,2380
HONGTAE,KIM,HONGTAE KIM,194,M25-29,Male,bongwa-eup,Gyeongsangbuk-do,South Korea,KR,1:13:54,6:47:40,4:47:38,0:10:25,0:10:27,13:10:05,4434,24460,17258,625,627,47405,580,521,23,59,54,8,670,607,26,580,521,23,Finisher,1843
PILWOO,KOO,PILWOO KOO,266,M30-34,Male,DAEGU,DAEGU,South Korea,KR,1:42:13,6:25:40,4:50:26,0:07:26,0:04:30,13:10:15,6133,23140,17426,446,270,47415,581,522,39,785,698,60,682,616,47,581,522,39,Finisher,2083
장,영근,장 영근,1049,M55-59,Male,안산시,경기도,South Korea,KR,1:30:40,6:27:11,4:58:37,0:07:45,0:06:18,13:10:31,5440,23231,17917,465,378,47431,582,523,41,492,442,35,639,581,48,582,523,41,Finisher,2903
JU,DAE GEON,JU DAE GEON,230,M30-34,Male,Republic of Korea,Incheon Metropolitan City,South Korea,KR,1:30:37,6:32:39,4:44:29,0:14:57,0:07:51,13:10:33,5437,23559,17069,897,471,47433,583,524,40,491,441,41,693,627,48,583,524,40,Finisher,2079
yong hun,HONG,yong hun HONG,727,M45-49,Male,고양시,Gyeonggi-do,South Korea,KR,2:07:37,6:08:37,4:37:01,0:09:43,0:07:49,13:10:46,7657,22117,16621,583,469,47446,584,525,104,973,854,162,729,655,131,584,525,104,Finisher,2370
일란,황,일란 황,759,F45-49,Female,남동구,인천광역시,South Korea,KR,1:40:51,6:51:48,4:19:23,0:12:59,0:05:53,13:10:53,6051,24708,15563,779,353,47453,585,60,9,767,84,9,822,92,13,585,60,9,Finisher,2748
wonchul,lee,wonchul lee,1035,M55-59,Male,bucheon-si,KR-41,South Korea,KR,1:29:18,6:07:48,5:11:33,0:10:48,0:11:46,13:11:12,5358,22068,18693,648,706,47472,586,526,42,450,404,29,522,475,38,586,526,42,Finisher,2895
Park,Dongin,Park Dongin,167,M65-69,Male,BUSAN,KR-26,South Korea,KR,1:39:38,5:51:04,5:26:43,0:09:35,0:04:31,13:11:32,5978,21064,19603,575,271,47492,587,527,8,743,665,11,464,420,3,587,527,8,Finisher,3589
Byeongwoo,Keum,Byeongwoo Keum,314,M35-39,Male,남동구,인천광역시,South Korea,KR,1:42:17,6:23:06,4:47:30,0:13:26,0:05:54,13:12:12,6137,22986,17250,806,354,47532,588,528,78,788,701,95,694,628,88,588,528,78,Finisher,2221
Park,Jungsoo,Park Jungsoo,353,M35-39,Male,Incheon,KR-28,South Korea,KR,1:15:32,6:41:47,4:56:49,0:06:32,0:11:55,13:12:35,4532,24107,17809,392,715,47555,589,529,79,86,81,16,627,571,80,589,529,79,Finisher,2217
Yuyeon,Hwang,Yuyeon Hwang,1121,M60-64,Male,서산시,충청남도,South Korea,KR,1:44:31,5:52:31,5:27:19,0:05:44,0:03:04,13:13:09,6271,21151,19639,344,184,47589,590,530,23,821,731,36,486,441,14,590,530,23,Finisher,3263
KYUNGMIN,KIM,KYUNGMIN KIM,491,M40-44,Male,Yeongdeungpo-gu,Seoul,South Korea,KR,1:27:49,6:32:44,4:57:23,0:10:09,0:05:15,13:13:20,5269,23564,17843,609,315,47600,591,531,102,411,370,71,665,602,116,591,531,102,Finisher,2247
도현,장,도현 장,732,M45-49,Male,강남구,서울특별시,South Korea,KR,1:22:17,6:15:41,5:13:21,0:12:23,0:10:15,13:13:56,4937,22541,18801,743,615,47636,592,532,105,265,239,40,534,487,101,592,532,105,Finisher,2332
Junwook,Lee,Junwook Lee,497,M40-44,Male,Changwon,Kyongsangnamdo,South Korea,KR,1:52:19,6:23:44,4:40:10,0:09:18,0:08:29,13:13:59,6739,23024,16810,558,509,47639,593,533,103,913,804,146,725,653,124,593,533,103,Finisher,2239
SIHA,LEE,SIHA LEE,278,M30-34,Male,SUNGBUK-KU,SEOUL,South Korea,KR,1:16:27,5:53:35,5:37:11,0:11:31,0:15:22,13:14:06,4587,21215,20231,691,922,47646,594,534,41,103,96,12,353,321,26,594,534,41,Finisher,2037
Youngkwan,Jung,Youngkwan Jung,934,M50-54,Male,진주시,경상남도,South Korea,KR,1:17:45,6:36:55,5:00:26,0:09:52,0:09:32,13:14:31,4665,23815,18026,592,572,47671,595,535,103,139,127,17,632,575,112,595,535,103,Finisher,2490
Alyssa,Song,Alyssa Song,415,F35-39,Female,Seoul,KR-11,Canada,CA,1:43:42,6:20:52,4:53:12,0:07:37,0:09:12,13:14:35,6222,22852,17592,457,552,47675,596,61,10,809,89,12,671,64,10,596,61,10,Finisher,2297
Andrea,Bruhin,Andrea Bruhin,948,F50-54,Female,Risch,CH-ZG,Switzerland,CH,1:40:32,5:38:27,5:44:04,0:07:24,0:04:36,13:15:02,6032,20307,20644,444,276,47702,597,62,8,762,83,13,382,36,3,597,62,8,Finisher,3497
youn pyo,choi,youn pyo choi,555,M40-44,Male,서구,Incheon,South Korea,KR,1:31:48,5:59:32,5:19:13,0:13:24,0:11:41,13:15:37,5508,21572,19153,804,701,47737,598,536,104,545,489,95,499,454,96,598,536,104,Finisher,2219
Kwang_Bo,Shim,Kwang_Bo Shim,841,M50-54,Male,Incheon,Namdong-gu,South Korea,KR,1:34:44,6:02:33,5:19:59,0:10:00,0:08:38,13:15:55,5684,21753,19199,600,518,47755,599,537,104,630,566,117,519,472,91,599,537,104,Finisher,2473
Namgyu,Park,Namgyu Park,689,M45-49,Male,Seo-gu,Incheon,South Korea,KR,1:26:24,5:52:07,5:36:12,0:12:06,0:09:15,13:16:03,5184,21127,20172,726,555,47763,600,538,106,364,326,62,411,373,76,600,538,106,Finisher,2307
chen,bai,chen bai,416,F35-39,Female,Beijing,Beijing,China,CN,1:38:19,6:51:24,4:34:17,0:08:04,0:04:15,13:16:19,5899,24684,16457,484,255,47779,601,63,11,710,75,10,789,84,12,601,63,11,Finisher,2277
Kin Ming Simon,Chan,Kin Ming Simon Chan,840,M50-54,Male,hong kong,Hong Kong,Hong Kong,HK,1:38:22,6:55:46,4:14:31,0:14:18,0:14:00,13:16:57,5902,24946,15271,858,840,47817,602,539,105,712,636,135,833,740,147,602,539,105,Finisher,2461
WOOSEOK,CHOI,WOOSEOK CHOI,551,M40-44,Male,충주시 ,Chungcheongbuk-do,South Korea,KR,1:21:50,5:56:14,5:47:34,0:04:23,0:06:58,13:16:58,4910,21374,20854,263,418,47818,603,540,105,255,229,44,363,330,76,603,540,105,Finisher,2203
Jisoo,Lee,Jisoo Lee,487,M40-44,Male,창원시,KR-48,South Korea,KR,1:34:53,6:35:38,4:47:38,0:11:21,0:07:49,13:17:20,5693,23738,17258,681,469,47840,604,541,106,633,569,109,709,641,122,604,541,106,Finisher,2199
Changgon,Kim,Changgon Kim,971,M55-59,Male,전라남도,KR-46,South Korea,KR,1:34:42,6:15:56,5:13:09,0:06:23,0:07:12,13:17:22,5682,22556,18789,383,432,47842,605,542,43,629,565,47,593,537,43,605,542,43,Finisher,2821
Kazuma,Tokizane,Kazuma Tokizane,835,M50-54,Male,Suginami-ku,JP-13,Japan,JP,1:30:05,6:24:07,5:05:20,0:08:05,0:10:03,13:17:39,5405,23047,18320,485,603,47859,606,543,106,475,426,83,622,566,109,606,543,106,Finisher,2452
Dongwook,Kim,Dongwook Kim,233,M30-34,Male,의왕시,KR-41,South Korea,KR,1:40:17,6:48:55,4:37:16,0:06:54,0:04:22,13:17:46,6017,24535,16636,414,262,47866,607,544,42,755,674,58,779,699,54,607,544,42,Finisher,1993
Chang-Eob,Cheon,Chang-Eob Cheon,779,M50-54,Male,서울,마포,South Korea,KR,1:38:46,6:21:51,5:03:45,0:10:16,0:03:48,13:18:25,5926,22911,18225,616,228,47905,608,545,107,724,647,137,666,603,115,608,545,107,Finisher,2443
HANEAL,LEE,HANEAL LEE,454,M40-44,Male,Suwon si,KR-41,South Korea,KR,1:17:40,6:14:27,5:31:44,0:08:03,0:06:32,13:18:25,4660,22467,19904,483,392,47905,609,546,107,134,123,27,463,419,91,609,546,107,Finisher,2186
Jungsoon,Park,Jungsoon Park,664,M45-49,Male,Suwon-si,KR-41,South Korea,KR,1:19:28,6:13:37,5:29:37,0:07:14,0:09:14,13:19:10,4768,22417,19777,434,554,47950,610,547,107,191,170,26,466,422,85,610,547,107,Finisher,2270
Xiaoguang,Zhang,Xiaoguang Zhang,396,M35-39,Male,成都,CN-SC,China,CN,1:32:34,6:19:23,5:07:32,0:09:04,0:11:15,13:19:49,5554,22763,18452,544,675,47989,611,548,80,569,512,69,610,554,77,611,548,80,Finisher,2130
Hyeonmin,Kwak,Hyeonmin Kwak,631,M45-49,Male,부산,동래구 사직동,South Korea,KR,1:48:51,6:24:12,4:51:32,0:08:46,0:06:57,13:20:18,6531,23052,17492,526,417,48018,612,549,108,877,777,142,708,640,128,612,549,108,Finisher,2256
주성,부,주성 부,942,M50-54,Male,제주시,Jeju-do,South Korea,KR,1:26:06,6:27:15,5:10:27,0:08:12,0:08:35,13:20:35,5166,23235,18627,492,515,48035,613,550,108,358,320,60,615,559,107,613,550,108,Finisher,2417
Kim,junhyeok,Kim junhyeok,247,M30-34,Male,bukgu,daegu,South Korea,KR,1:30:53,6:05:50,5:24:45,0:10:35,0:09:17,13:21:21,5453,21950,19485,635,557,48081,614,551,43,499,449,42,520,473,38,614,551,43,Finisher,1950
Ke,chen,Ke chen,500,M40-44,Male,Xian,Shannxi,China,CN,1:46:28,5:53:17,5:16:15,0:11:43,0:14:10,13:21:53,6388,21197,18975,703,850,48113,615,552,108,844,748,137,541,492,100,615,552,108,Finisher,2144
BORA,IM,BORA IM,581,F40-44,Female,Sokcho-si,Gangwon-do,South Korea,KR,1:28:38,6:44:04,4:54:15,0:08:05,0:08:17,13:23:20,5318,24244,17655,485,497,48200,616,64,12,438,45,10,705,67,13,616,64,12,Finisher,2551
Do-Hyeon,IM,Do-Hyeon IM,191,M25-29,Male,Yangsan-si,Gyeongsangnam-do,South Korea,KR,1:18:49,6:10:03,5:40:14,0:04:24,0:10:24,13:23:54,4729,22203,20414,264,624,48234,617,553,24,172,153,13,429,387,18,617,553,24,Finisher,1677
 Dmitrii,Nechaev,Dmitrii Nechaev,615,M45-49,Male,Пермь,Volga Federal District,Unknown,,1:45:31,5:52:01,5:29:02,0:10:22,0:07:21,13:24:16,6331,21121,19742,622,441,48256,618,554,109,830,740,133,523,476,96,618,554,109,Finisher,2208
SUNGWUK,JANG,SUNGWUK JANG,717,M45-49,Male,부산,KR-26,South Korea,KR,1:43:26,6:01:04,5:27:16,0:07:59,0:04:33,13:24:18,6206,21664,19636,479,273,48258,619,555,110,804,717,129,551,500,104,619,555,110,Finisher,2208
성범,박,성범 박,105,M40-44,Male,인천,KR-28,South Korea,KR,1:31:41,6:53:30,4:33:54,0:15:14,0:10:18,13:24:36,5501,24810,16434,914,618,48276,620,556,109,536,482,89,804,716,130,620,556,109,Finisher,2111
Gerrie,Calinawan,Gerrie Calinawan,450,M40-44,Male,Cebu,Cebu,Philippines,PH,1:17:03,5:54:52,5:58:01,0:07:22,0:07:24,13:24:42,4623,21292,21481,442,444,48282,621,557,110,115,107,23,332,301,73,621,557,110,Finisher,2110
김,현우,김 현우,1055,M55-59,Male,Jeongeup-si,KR-45,South Korea,KR,1:33:24,6:35:43,4:59:09,0:10:19,0:06:10,13:24:45,5604,23743,17949,619,370,48285,622,558,44,596,535,40,698,632,52,622,558,44,Finisher,2732
James,Pipoly,James Pipoly,473,M40-44,Male,Santa Rita,Guam,United States,US,1:24:10,6:10:19,5:30:01,0:08:57,0:11:26,13:24:52,5050,22219,19801,537,686,48292,623,559,111,306,278,54,489,444,94,623,559,111,Finisher,2108
Daniel,Maher,Daniel Maher,613,M45-49,Male,Nairne,SA,Australia,AU,1:47:36,5:53:53,5:29:12,0:08:14,0:06:32,13:25:28,6456,21233,19752,494,392,48328,624,560,111,858,760,137,531,484,99,624,560,111,Finisher,2194
SangSoon,Kang,SangSoon Kang,1160,M70-74,Male,Republic of Korea,"Jeju-si, Jeju-do",South Korea,KR,1:41:11,6:40:48,4:47:04,0:10:38,0:05:54,13:25:35,6071,24048,17224,638,354,48335,625,561,1,772,687,3,763,686,1,625,561,1,Finisher,5000
Seon il,Choi,Seon il Choi,424,F35-39,Female,Asan-si,Chungcheongnam-do,South Korea,KR,1:50:05,6:46:13,4:22:04,0:14:48,0:12:34,13:25:45,6605,24373,15724,888,754,48345,626,65,12,893,105,13,849,95,13,626,65,12,Finisher,2163
Seunghun,Oh,Seunghun Oh,81,M35-39,Male,Seocho-gu,KR-11,South Korea,KR,1:19:35,6:08:43,5:39:34,0:07:38,0:10:37,13:26:06,4775,22123,20374,458,637,48366,627,562,81,194,173,32,443,400,59,627,562,81,Finisher,2054
Kyubong,Jung,Kyubong Jung,361,M35-39,Male,거제시,경상남도,South Korea,KR,1:34:35,6:25:39,5:09:22,0:09:59,0:07:00,13:26:35,5675,23139,18562,599,420,48395,628,563,82,626,562,75,662,599,85,628,563,82,Finisher,2049
Lee,Joo hee,Lee Joo hee,586,F40-44,Female,Seo-gu,incheon,South Korea,KR,1:39:24,5:58:18,5:33:08,0:09:23,0:07:14,13:27:26,5964,21498,19988,563,434,48446,629,66,13,739,78,15,516,46,10,629,66,13,Finisher,2502
TAEHOON,KIM,TAEHOON KIM,896,M50-54,Male,BUCHEON CITY,KR-41,South Korea,KR,1:29:50,6:20:14,5:13:05,0:13:35,0:10:45,13:27:29,5390,22814,18785,815,645,48449,630,564,109,470,421,82,626,570,110,630,564,109,Finisher,2334
kim,joo hong,kim joo hong,997,M55-59,Male,인천,Incheon,South Korea,KR,1:37:46,6:04:47,5:14:14,0:19:42,0:11:07,13:27:36,5866,21887,18854,1182,667,48456,631,565,45,697,623,53,621,565,47,631,565,45,Finisher,2698
Yongchol,Lee,Yongchol Lee,909,M50-54,Male,경산시,KR-47,South Korea,KR,1:39:02,6:48:33,4:39:23,0:13:14,0:07:41,13:27:53,5942,24513,16763,794,461,48473,632,566,110,733,656,140,805,717,144,632,566,110,Finisher,2330
seongmin,cho,seongmin cho,706,M45-49,Male,Incheon,KR-28,South Korea,KR,1:36:42,6:00:44,5:36:10,0:07:03,0:07:28,13:28:07,5802,21644,20170,423,448,48487,633,567,112,677,605,114,497,452,92,633,567,112,Finisher,2162
Gyeongyong,Park,Gyeongyong Park,161,M60-64,Male,거제시,KR-48,South Korea,KR,1:43:48,6:28:31,5:04:28,0:07:01,0:04:27,13:28:16,6228,23311,18268,421,267,48496,634,568,24,812,723,35,696,630,30,634,568,24,Finisher,3081
JEONGHWAN,KIM,JEONGHWAN KIM,243,M30-34,Male,Seoul,Seoul,South Korea,KR,1:29:37,6:15:20,5:21:31,0:10:05,0:11:46,13:28:18,5377,22520,19291,605,706,48498,635,569,44,461,413,38,574,521,40,635,569,44,Finisher,1866
HyeonGeun,Lee,HyeonGeun Lee,237,M30-34,Male,Seoul,KR-11,South Korea,KR,1:32:40,6:18:07,5:18:50,0:08:06,0:11:17,13:29:00,5560,22687,19130,486,677,48540,636,570,45,572,515,45,598,542,43,636,570,45,Finisher,1858
순영,김,순영 김,961,F50-54,Female,제주시,Jeju-do,South Korea,KR,1:31:33,6:41:38,5:01:21,0:09:56,0:04:35,13:29:03,5493,24098,18081,596,275,48543,637,67,9,527,54,9,715,70,11,637,67,9,Finisher,3329
Yuha,Kim,Yuha Kim,599,F40-44,Female,Dongdaemun-gu,KR-11,South Korea,KR,1:35:56,6:42:49,4:58:40,0:04:51,0:06:48,13:29:04,5756,24169,17920,291,408,48544,638,68,14,666,72,14,718,71,14,638,68,14,Finisher,2482
SUNWOO,LEE,SUNWOO LEE,385,M35-39,Male,Seoul,KR-11,South Korea,KR,1:37:56,6:10:37,5:20:49,0:12:46,0:06:56,13:29:05,5876,22237,19249,766,416,48545,639,571,83,700,626,81,613,557,78,639,571,83,Finisher,2019
PARK,INSOO,PARK INSOO,642,M45-49,Male,서울시,KR-11,South Korea,KR,1:27:50,6:35:40,5:06:51,0:12:07,0:06:58,13:29:26,5270,23740,18411,727,418,48566,640,572,113,414,372,70,683,617,125,640,572,113,Finisher,2146
희정,김,희정 김,966,F50-54,Female,경기도,KR-41,South Korea,KR,1:45:49,6:20:36,5:06:59,0:08:15,0:08:07,13:29:47,6349,22836,18419,495,487,48587,641,69,10,831,91,16,679,66,9,641,69,10,Finisher,3320
백,병호,백 병호,927,M50-54,Male,성북구,SEOUL-TEUKBYEOLSI,South Korea,KR,1:27:51,6:00:15,5:28:50,0:18:05,0:15:27,13:30:27,5271,21615,19730,1085,927,48627,642,573,111,415,373,70,509,464,87,642,573,111,Finisher,2299
Juwan,Ha,Juwan Ha,944,M50-54,Male,괴산군,충청북도,South Korea,KR,1:30:13,6:14:11,5:30:51,0:08:16,0:07:09,13:30:40,5413,22451,19851,496,429,48640,643,574,112,479,430,85,552,501,97,643,574,112,Finisher,2296
MINA,CHO,MINA CHO,216,F25-29,Female,Jeju-si,Jeju-do,South Korea,KR,1:27:49,6:55:10,4:50:42,0:11:40,0:05:50,13:31:11,5269,24910,17442,700,350,48671,644,70,5,412,42,4,773,80,5,644,70,5,Finisher,2974
Minpyo,Oh,Minpyo Oh,367,M35-39,Male,Cheongju,Chungcheongbuk-do,South Korea,KR,1:42:03,7:12:01,4:23:43,0:08:05,0:05:20,13:31:12,6123,25921,15823,485,320,48672,645,575,84,782,696,94,881,779,99,645,575,84,Finisher,1993
Sangmin,Park,Sangmin Park,125,M45-49,Male,충청남도,DAEJEON-GWANGYEOKSI,South Korea,KR,1:48:59,6:09:17,5:16:29,0:06:46,0:10:14,13:31:46,6539,22157,18989,406,614,48706,646,576,114,879,778,143,635,577,119,646,576,114,Finisher,2118
Dong il,Kim,Dong il Kim,616,M45-49,Male,광주광역시,KR-29,South Korea,KR,1:31:18,6:06:06,5:41:47,0:08:17,0:04:23,13:31:51,5478,21966,20507,497,263,48711,647,577,115,513,461,87,506,461,95,647,577,115,Finisher,2117
Okhyun,Yoon,Okhyun Yoon,1018,M55-59,Male,서울,송파구 거여동,South Korea,KR,1:30:01,6:08:55,5:33:13,0:13:16,0:06:38,13:32:04,5401,22135,19993,796,398,48724,648,578,46,474,425,33,547,497,41,648,578,46,Finisher,2645
Jin Bae,Lee,Jin Bae Lee,652,M45-49,Male,남양주시,평내동,South Korea,KR,1:31:39,6:39:48,5:05:32,0:08:03,0:07:15,13:32:17,5499,23988,18332,483,435,48737,649,579,116,531,477,91,699,633,126,649,579,116,Finisher,2112
Byungkil,Kim,Byungkil Kim,606,M45-49,Male,대구광역시,달성군,South Korea,KR,1:29:58,6:19:56,5:28:58,0:07:51,0:06:03,13:32:45,5398,22796,19738,471,363,48765,650,580,117,473,424,79,597,541,112,650,580,117,Finisher,2107
Oh Jun,Kwon,Oh Jun Kwon,690,M45-49,Male,부산,KR-26,South Korea,KR,1:32:56,6:59:51,4:48:36,0:06:52,0:04:34,13:32:50,5576,25191,17316,412,274,48770,651,581,118,584,525,100,800,712,140,651,581,118,Finisher,2106
Chun Keung,Lee,Chun Keung Lee,973,M55-59,Male,Hong Kong,HK-Hong Kong,Hong Kong,HK,1:31:55,6:44:51,4:55:16,0:14:26,0:06:44,13:33:13,5515,24291,17716,866,404,48793,652,582,47,549,493,38,758,681,63,652,582,47,Finisher,2631
Michael,Hyde,Michael Hyde,258,M30-34,Male,Colorado Springs,Colorado,United States,US,1:28:29,6:11:30,5:31:28,0:13:10,0:10:03,13:34:39,5309,22290,19888,790,603,48879,653,583,46,433,389,35,557,506,39,653,583,46,Finisher,1790
Jeremy,Yang,Jeremy Yang,197,M25-29,Male,Seoul,Seoul,South Korea,KR,1:31:17,6:04:49,5:40:30,0:08:41,0:09:31,13:34:48,5477,21889,20430,521,571,48888,654,584,25,512,460,23,500,455,22,654,584,25,Finisher,1546
Jang,Hyun,Jang Hyun,462,M40-44,Male,Muan-gun,Jeollanam-do,South Korea,KR,1:31:45,5:44:00,5:52:49,0:13:45,0:12:41,13:34:59,5505,20640,21169,825,761,48899,655,585,112,539,484,90,401,364,82,655,585,112,Finisher,1987
Kwangjin,Kim,Kwangjin Kim,674,M45-49,Male,Hwaseong-si,Gyeonggi-do,South Korea,KR,1:25:14,6:07:23,5:38:26,0:12:36,0:11:52,13:35:30,5114,22043,20306,756,712,48930,656,586,119,329,296,54,502,457,94,656,586,119,Finisher,2074
慧菁,浦,慧菁 浦,296,F30-34,Female,上海,CN-SH,China,CN,1:38:21,6:18:36,5:26:23,0:07:45,0:04:34,13:35:40,5901,22716,19583,465,274,48940,657,71,14,711,76,19,634,58,13,657,71,14,Finisher,2742
seungyong,Ji,seungyong Ji,381,M35-39,Male,seo-gu,KR-30,South Korea,KR,1:39:03,6:39:38,4:54:57,0:10:19,0:11:50,13:35:46,5943,23978,17697,619,710,48946,658,587,85,734,657,86,745,670,92,658,587,85,Finisher,1938
Hyukdong,Kim,Hyukdong Kim,1139,M65-69,Male,서울특별시,서울특별시,South Korea,KR,1:30:41,6:15:26,5:37:55,0:08:01,0:03:49,13:35:52,5441,22526,20275,481,229,48952,659,588,9,493,443,5,567,515,6,659,588,9,Finisher,3297
Hyeji,Kang,Hyeji Kang,417,F35-39,Female,서울,KR-11,South Korea,KR,1:43:41,6:31:11,5:08:35,0:06:30,0:06:07,13:36:05,6221,23471,18515,390,367,48965,660,72,13,808,88,11,707,68,11,660,72,13,Finisher,2039
Soonkook,Kang,Soonkook Kang,886,M50-54,Male,진주,경상남도,South Korea,KR,1:36:41,6:22:04,5:19:37,0:12:42,0:05:52,13:36:57,5801,22924,19177,762,352,49017,661,589,113,676,604,127,668,605,116,661,589,113,Finisher,2221
Chung,Ho Yi,Chung Ho Yi,317,M35-39,Male,香港,HK,Hong Kong,HK,1:30:51,6:13:45,5:35:20,0:11:43,0:05:41,13:37:20,5451,22425,20120,703,341,49040,662,590,86,497,447,63,585,532,72,662,590,86,Finisher,1920
seongyong,moon,seongyong moon,932,M50-54,Male,Gwangmyeong-si,Gyeonggi-do,South Korea,KR,1:29:05,6:59:01,4:57:04,0:08:07,0:04:07,13:37:24,5345,25141,17824,487,247,49044,663,591,114,447,401,77,781,701,139,663,591,114,Finisher,2215
Kwon,Hyojune,Kwon Hyojune,332,M35-39,Male,Busan,Busan,South Korea,KR,1:39:31,6:10:12,5:37:30,0:06:41,0:04:36,13:38:29,5971,22212,20250,401,276,49109,664,592,87,741,663,88,586,533,73,664,592,87,Finisher,1906
junyup,kim,junyup kim,833,M50-54,Male,Jung-gu,KR-11,South Korea,KR,1:36:50,6:36:56,5:08:35,0:09:01,0:07:46,13:39:09,5810,23816,18515,541,466,49149,665,593,115,683,609,129,713,644,126,665,593,115,Finisher,2194
재홍,정,재홍 정,940,M50-54,Male,Gwang-ju,Gwangsan-gu,South Korea,KR,1:27:34,6:15:58,5:39:05,0:09:45,0:06:51,13:39:13,5254,22558,20345,585,411,49153,666,594,116,402,362,69,558,507,98,666,594,116,Finisher,2194
규현,황,규현 황,155,M55-59,Male,서울특별시,KR-11,South Korea,KR,1:42:28,6:31:24,5:01:44,0:10:00,0:13:37,13:39:13,6148,23484,18104,600,817,49153,667,595,48,792,705,61,722,651,57,667,595,48,Finisher,2559
Lee,Jongchan,Lee Jongchan,488,M40-44,Male,Seoul,Seoul,South Korea,KR,1:36:47,6:46:27,4:51:05,0:11:05,0:14:11,13:39:35,5807,24387,17465,665,851,49175,668,596,113,680,608,116,770,691,126,668,596,113,Finisher,1932
CHUN SIG,KIM,CHUN SIG KIM,1137,M65-69,Male,Incheon,KR-28,South Korea,KR,1:33:28,6:16:43,5:30:52,0:09:30,0:09:41,13:40:14,5608,22603,19852,570,581,49214,669,597,10,600,539,8,602,546,7,669,597,10,Finisher,3244
sumi,kang,sumi kang,61,F55-59,Female,부산,KR-26,South Korea,KR,1:50:54,6:37:52,4:58:56,0:07:53,0:04:53,13:40:28,6654,23872,17936,473,293,49228,670,73,5,899,106,9,782,81,6,670,73,5,Finisher,4115
Gyeongseop,Gwak,Gyeongseop Gwak,1075,M60-64,Male,Dalseong-gun,Daegu,South Korea,KR,1:25:08,5:31:42,6:29:09,0:07:19,0:07:11,13:40:29,5108,19902,23349,439,431,49229,671,598,25,327,294,10,233,214,4,671,598,25,Finisher,2935
병규(BYOUNGKUE),전(JEON),병규(BYOUNGKUE) 전(JEON),925,M50-54,Male,유성구,대전광역시,South Korea,KR,1:23:23,7:02:30,4:54:26,0:10:03,0:10:30,13:40:52,5003,25350,17666,603,630,49252,672,599,117,290,262,46,777,697,137,672,599,117,Finisher,2174
Joe,Gerdes,Joe Gerdes,352,M35-39,Male,APO,Hawai'i,United States,US,1:15:46,6:04:20,5:55:04,0:09:24,0:16:56,13:41:29,4546,21860,21304,564,1016,49289,673,600,88,92,86,18,402,365,54,673,600,88,Finisher,1870
Ho Chul,Lee,Ho Chul Lee,629,M45-49,Male,광주광역시,KR-29,South Korea,KR,1:24:44,5:52:59,6:12:19,0:06:06,0:05:24,13:41:31,5084,21179,22339,366,324,49291,674,601,120,316,284,50,368,335,63,674,601,120,Finisher,2001
지우,김,지우 김,585,F40-44,Female,Incheon,Incheon,South Korea,KR,1:47:35,6:25:56,5:12:11,0:10:24,0:05:39,13:41:45,6455,23156,18731,624,339,49305,675,74,15,857,98,16,723,72,15,675,74,15,Finisher,2330
Sang Myeong,Ko,Sang Myeong Ko,267,M30-34,Male,서산시,KR-44,South Korea,KR,1:43:32,6:58:07,4:45:46,0:08:53,0:05:29,13:41:47,6212,25087,17146,533,329,49307,676,602,47,806,719,62,841,747,60,676,602,47,Finisher,1704
Keum,Dong Kuk,Keum Dong Kuk,976,M55-59,Male,Dalseo-gu,Daegu,South Korea,KR,1:53:57,6:27:18,5:02:05,0:14:09,0:04:59,13:42:29,6837,23238,18125,849,299,49349,677,603,49,925,813,74,776,696,66,677,603,49,Finisher,2520
JinBong,Jung,JinBong Jung,823,M50-54,Male,전라남도,KR-46,South Korea,KR,1:47:00,6:27:24,5:15:08,0:07:59,0:05:11,13:42:42,6420,23244,18908,479,311,49362,678,604,118,850,753,158,711,642,125,678,604,118,Finisher,2152
Chia-Ching,Wu,Chia-Ching Wu,781,M50-54,Male,Taipei City,TW-TPE,Taiwan,TW,1:30:06,5:53:36,6:02:13,0:10:37,0:06:30,13:43:02,5406,21216,21733,637,390,49382,679,605,119,476,427,84,437,394,74,679,605,119,Finisher,2148
호경,한,호경 한,1056,M55-59,Male,남양주시,KR-41,South Korea,KR,1:57:30,6:25:09,4:57:41,0:13:20,0:09:24,13:43:03,7050,23109,17861,800,564,49383,680,606,50,944,828,79,778,698,67,680,606,50,Finisher,2513
youngae,Kim,youngae Kim,1065,F55-59,Female,안산시,Gyeonggi-do,South Korea,KR,1:36:48,6:45:51,5:02:38,0:11:19,0:06:33,13:43:09,5808,24351,18158,679,393,49389,681,75,6,681,73,4,768,79,5,681,75,6,Finisher,4083
Hoyoung,Lee,Hoyoung Lee,1077,M60-64,Male,경기도,서울시,South Korea,KR,1:21:32,6:27:28,5:43:48,0:06:04,0:04:21,13:43:13,4892,23248,20628,364,261,49393,682,607,26,244,218,6,575,522,19,682,607,26,Finisher,2902
Jaenam,Lee,Jaenam Lee,342,M35-39,Male,Bucheon,Gyung-gi-do,South Korea,KR,1:32:01,7:16:36,4:38:17,0:10:52,0:05:58,13:43:44,5521,26196,16697,652,358,49424,683,608,89,552,496,67,868,767,98,683,608,89,Finisher,1843
Hwang,Sungmo,Hwang Sungmo,542,M40-44,Male,Bucheon si,KR-41,South Korea,KR,1:42:22,6:40:43,4:56:57,0:14:53,0:08:57,13:43:53,6142,24043,17817,893,537,49433,684,609,114,790,703,128,792,708,127,684,609,114,Finisher,1880
dongwoo,kim,dongwoo kim,232,M30-34,Male,Gyeongsangnam-do,Gyeongsangnam-do,South Korea,KR,1:39:32,6:43:22,5:05:51,0:09:52,0:05:44,13:44:22,5972,24202,18351,592,344,49462,685,610,48,742,664,57,764,687,53,685,610,48,Finisher,1673
Dong-hoon,Kang,Dong-hoon Kang,792,M50-54,Male,Suwon,Gyeonggi-do,South Korea,KR,1:44:47,6:17:28,5:14:24,0:15:31,0:12:42,13:44:54,6287,22648,18864,931,762,49494,686,611,120,825,735,151,690,624,121,686,611,120,Finisher,2125
현석,김,현석 김,751,M45-49,Male,서울시,KR-11,South Korea,KR,1:32:12,6:21:38,5:37:39,0:08:17,0:05:36,13:45:22,5532,22898,20259,497,336,49522,687,612,121,557,501,96,620,564,116,687,612,121,Finisher,1955
영호,권,영호 권,569,M40-44,Male,논산시,Chungcheongnam-do,South Korea,KR,1:42:09,6:18:36,5:22:17,0:12:05,0:10:51,13:45:58,6129,22716,19337,725,651,49558,688,613,115,783,697,127,673,609,117,688,613,115,Finisher,1855
taewoo,kim,taewoo kim,1031,M55-59,Male,인천,Incheon,South Korea,KR,1:51:43,6:18:38,5:18:30,0:08:42,0:08:30,13:46:02,6703,22718,19110,522,510,49562,689,614,51,907,800,70,695,629,51,689,614,51,Finisher,2477
Chanhong,Han,Chanhong Han,972,M55-59,Male,안산시,경기도,South Korea,KR,2:05:41,6:21:34,5:05:24,0:07:46,0:05:53,13:46:17,7541,22894,18324,466,353,49577,690,615,52,966,849,82,775,695,65,690,615,52,Finisher,2474
dongyeop,shin,dongyeop shin,620,M45-49,Male,서산시,CHUNGCHEONGNAM-DO,South Korea,KR,1:59:53,7:01:36,4:27:48,0:09:28,0:08:00,13:46:45,7193,25296,16068,568,480,49605,691,616,122,950,833,156,908,802,153,691,616,122,Finisher,1939
Hansun,Choi,Hansun Choi,982,M55-59,Male,춘천시,KR-42,South Korea,KR,1:33:43,6:38:43,5:22:43,0:08:08,0:03:44,13:47:00,5623,23923,19363,488,224,49620,692,617,53,603,542,43,703,637,54,692,617,53,Finisher,2465
DAVID RICARDO,PEREZ RODRIGUEZ,DAVID RICARDO PEREZ RODRIGUEZ,319,M35-39,Male,Temple,Texas,Colombia,CO,1:26:42,5:51:14,6:17:05,0:06:07,0:05:56,13:47:04,5202,21074,22625,367,356,49624,693,618,90,373,335,55,371,337,50,693,618,90,Finisher,1803
KIM,SEOK-MIN,KIM SEOK-MIN,875,M50-54,Male,SIHEUNG-SI,Gyeonggi-do,South Korea,KR,1:34:54,6:43:12,5:11:56,0:09:29,0:08:07,13:47:38,5694,24192,18716,569,487,49658,694,619,121,634,570,118,737,663,130,694,619,121,Finisher,2093
Byungwon,Jin,Byungwon Jin,777,M50-54,Male,대전광역시,KR-30,South Korea,KR,1:41:39,6:49:39,4:48:30,0:19:19,0:08:33,13:47:41,6099,24579,17310,1159,513,49661,695,620,122,778,692,146,844,750,151,695,620,122,Finisher,2092
LIM,Munchae,LIM Munchae,1091,M60-64,Male,Jeonju-si Wansan-gu, Jeonbuk-do,South Korea,KR,1:29:33,6:21:09,5:30:43,0:15:07,0:11:35,13:48:07,5373,22869,19843,907,695,49687,696,621,27,457,410,19,640,582,24,696,621,27,Finisher,2843
Daeyoung,Park,Daeyoung Park,787,M50-54,Male,안산시,경기도,South Korea,KR,2:10:56,6:37:38,4:40:39,0:12:30,0:06:36,13:48:19,7856,23858,16839,750,396,49699,697,622,123,978,859,173,875,774,158,697,622,123,Finisher,2084
SANGHO,CHANG,SANGHO CHANG,866,M50-54,Male,세종,KR-50,South Korea,KR,1:21:34,6:56:33,5:09:09,0:09:38,0:11:30,13:48:24,4894,24993,18549,578,690,49704,698,623,124,246,220,36,739,665,132,698,623,124,Finisher,2083
Jaeseok,Hwang,Jaeseok Hwang,470,M40-44,Male,seoul,Republic of Korea,South Korea,KR,1:16:21,6:30:41,5:48:10,0:06:28,0:06:50,13:48:30,4581,23441,20890,388,410,49710,699,624,116,101,94,20,561,509,104,699,624,116,Finisher,1825
SEUNGGU,LEE,SEUNGGU LEE,531,M40-44,Male,Seoul,서울특별시,South Korea,KR,1:24:06,7:20:37,4:50:28,0:05:57,0:07:29,13:48:37,5046,26437,17428,357,449,49717,700,625,117,304,276,53,845,751,138,700,625,117,Finisher,1823
JINCHEOL,LEE,JINCHEOL LEE,481,M40-44,Male,Hwaseong-si,GYEONGGI-DO,South Korea,KR,1:29:31,6:03:24,5:57:53,0:08:01,0:09:53,13:48:42,5371,21804,21473,481,593,49722,701,626,118,456,409,77,473,429,93,701,626,118,Finisher,1822
SUNWOO,LEE,SUNWOO LEE,281,M30-34,Male,Seoul,Seoul,South Korea,KR,1:34:00,6:34:28,5:20:10,0:12:06,0:08:05,13:48:49,5640,23668,19210,726,485,49729,702,627,49,610,547,48,702,636,49,702,627,49,Finisher,1620
성진,송,성진 송,738,M45-49,Male,서울,KR-11,South Korea,KR,1:34:26,6:40:31,5:14:18,0:12:22,0:07:15,13:48:53,5666,24031,18858,742,435,49733,703,628,123,621,557,105,734,660,133,703,628,123,Finisher,1913
Dong Gi,Kim,Dong Gi Kim,134,M50-54,Male,경주시,KR-47,South Korea,KR,1:47:38,6:01:25,5:35:57,0:16:32,0:07:35,13:49:07,6458,21685,20157,992,455,49747,704,629,125,859,761,161,638,580,113,704,629,125,Finisher,2075
Cheolkyoung,Park,Cheolkyoung Park,150,M55-59,Male,수성구,KR-27,South Korea,KR,1:54:48,6:23:17,5:12:53,0:10:45,0:07:26,13:49:10,6888,22997,18773,645,446,49750,705,630,54,929,816,75,744,669,59,705,630,54,Finisher,2439
Junghwa,Baek,Junghwa Baek,952,F50-54,Female,Sungnamshi,KR-41,South Korea,KR,1:22:55,6:00:21,6:11:16,0:07:59,0:06:56,13:49:26,4975,21621,22276,479,416,49766,706,76,11,278,27,3,414,39,5,706,76,11,Finisher,3085
Jooshin,Park,Jooshin Park,826,M50-54,Male,거제시,KR-48,South Korea,KR,1:34:58,6:29:24,5:23:35,0:13:29,0:08:12,13:49:38,5698,23364,19415,809,492,49778,707,631,126,638,574,120,691,625,122,707,631,126,Finisher,2069
Jonghyuk,Lee,Jonghyuk Lee,489,M40-44,Male,incheon metropolitan city,KR-28,South Korea,KR,1:27:06,6:48:14,5:13:24,0:12:07,0:08:53,13:49:44,5226,24494,18804,727,533,49784,708,632,119,390,350,64,735,661,125,708,632,119,Finisher,1810
Mon,Dimalanta,Mon Dimalanta,520,M40-44,Male,Santa Barbara,PH-PAN,Philippines,PH,1:27:54,6:24:54,5:43:00,0:08:11,0:05:47,13:49:47,5274,23094,20580,491,347,49787,709,633,120,418,376,72,609,553,109,709,633,120,Finisher,1809
Youngkwan,Ahn,Youngkwan Ahn,915,M50-54,Male,Goyang-si,Gyeonggi-do,South Korea,KR,1:18:14,6:34:55,5:40:42,0:08:53,0:07:15,13:49:59,4694,23695,20442,533,435,49799,710,634,127,151,135,20,619,563,108,710,634,127,Finisher,2064
Sangphil,Cho,Sangphil Cho,868,M50-54,Male,성남시,KR-41,South Korea,KR,2:05:22,5:43:47,5:45:17,0:07:55,0:07:44,13:50:05,7522,20627,20717,475,464,49805,711,635,128,965,848,169,594,538,104,711,635,128,Finisher,2063
QINGTONG,XU,QINGTONG XU,302,F30-34,Female,BEIJING,Beijing,China,CN,1:52:14,6:28:14,5:12:40,0:08:09,0:08:54,13:50:11,6734,23294,18760,489,534,49811,712,77,15,910,108,21,742,75,15,712,77,15,Finisher,2568
CHUL HOI ,JEONG ,CHUL HOI JEONG,1070,M60-64,Male,BUSAN ,KR-26,South Korea,KR,1:41:09,6:22:39,5:26:21,0:11:23,0:08:42,13:50:14,6069,22959,19581,683,522,49814,713,636,28,771,686,31,681,615,29,713,636,28,Finisher,2818
jae wang,an,jae wang an,338,M35-39,Male,Chuncheon-si,"Chuncheon-si, Gangwon-do",South Korea,KR,1:39:24,6:43:19,5:17:40,0:05:41,0:05:19,13:51:23,5964,24199,19060,341,319,49883,714,637,91,738,661,87,741,667,91,714,637,91,Finisher,1751
현진,이,현진 이,414,M35-39,Male,남양주시 ,GYEONGGI-DO,South Korea,KR,1:40:24,6:31:43,5:22:35,0:11:36,0:05:27,13:51:45,6024,23503,19355,696,327,49905,715,638,92,758,677,90,719,648,90,715,638,92,Finisher,1747
Jeongmi,Moon,Jeongmi Moon,146,F50-54,Female,ULSAN,KR-31,South Korea,KR,1:29:31,7:29:42,4:41:47,0:07:12,0:03:58,13:52:10,5371,26982,16907,432,238,49930,716,78,12,455,47,7,898,105,18,716,78,12,Finisher,3052
종훈,박,종훈 박,656,M45-49,Male,울산,KR-31,South Korea,KR,1:43:14,6:01:37,5:49:44,0:08:01,0:09:52,13:52:28,6194,21697,20984,481,592,49948,717,639,124,802,715,128,554,503,105,717,639,124,Finisher,1870
Junghun,Lee,Junghun Lee,829,M50-54,Male,화성시,경기도,South Korea,KR,1:24:26,6:18:27,5:53:51,0:09:22,0:06:38,13:52:44,5066,22707,21231,562,398,49964,718,79,129,310,30,52,549,51,95,718,79,129,Finisher,2031
Byoung Hoi,Kim,Byoung Hoi Kim,970,M55-59,Male,성남시,KR-41,South Korea,KR,1:42:23,5:50:02,6:06:17,0:06:09,0:08:02,13:52:53,6143,21002,21977,369,482,49973,719,640,55,791,704,60,455,411,32,719,640,55,Finisher,2395
seolyeong,kim,seolyeong kim,303,F30-34,Female,Incheon,Incheon,South Korea,KR,1:32:48,6:46:03,5:07:04,0:18:27,0:08:33,13:52:56,5568,24363,18424,1107,513,49976,720,80,16,581,59,15,785,82,16,720,80,16,Finisher,2535
jaeho,pyo,jaeho pyo,339,M35-39,Male,평택시,경기도,South Korea,KR,1:14:53,6:50:13,5:34:00,0:06:05,0:08:17,13:53:29,4493,24613,20040,365,497,50009,721,641,93,74,69,13,667,604,86,721,641,93,Finisher,1726
Jea Hun,Lee,Jea Hun Lee,241,M30-34,Male,울산광역시,염포동,South Korea,KR,1:26:36,6:54:58,5:10:41,0:10:23,0:11:03,13:53:41,5196,24898,18641,623,663,50021,722,642,50,371,333,30,761,684,52,722,642,50,Finisher,1562
Myeongjin,Kang,Myeongjin Kang,261,M30-34,Male,Daegu,Bukgu,South Korea,KR,1:26:49,6:19:46,5:52:51,0:09:27,0:04:58,13:53:51,5209,22786,21171,567,298,50031,723,643,51,377,338,31,581,528,42,723,643,51,Finisher,1560
Donghoon,Lee,Donghoon Lee,324,M35-39,Male,부산,경상남도,South Korea,KR,1:26:24,6:43:59,5:27:11,0:07:17,0:09:27,13:54:18,5184,24239,19631,437,567,50058,724,644,94,365,327,53,688,622,87,724,644,94,Finisher,1716
Andy,Tai,Andy Tai,773,M50-54,Male,Mid Levels,HONG KONG,Hong Kong,HK,1:22:49,5:47:14,6:31:27,0:05:32,0:07:28,13:54:31,4969,20834,23487,332,448,50071,725,645,130,275,249,42,298,273,54,725,645,130,Finisher,2010
seok ju,lee,seok ju lee,1099,M60-64,Male,논산시,Chungcheongnam-do,South Korea,KR,1:44:33,6:58:52,4:49:07,0:15:00,0:07:07,13:54:40,6273,25132,17347,900,427,50080,726,646,29,824,734,37,865,766,39,726,646,29,Finisher,2764
Yongchae,Jeong,Yongchae Jeong,908,M50-54,Male,Daejeon,KR-30,South Korea,KR,1:31:26,7:05:59,4:56:53,0:11:22,0:10:26,13:56:05,5486,25559,17813,682,626,50165,727,647,131,519,467,93,836,742,148,727,647,131,Finisher,1991
byoungjong,kim,byoungjong kim,602,M45-49,Male,namdong-gu,Incheon-gwangyeoksi,South Korea,KR,1:26:28,6:52:23,5:16:09,0:09:52,0:11:42,13:56:34,5188,24743,18969,592,702,50194,728,648,125,369,331,64,743,668,134,728,648,125,Finisher,1821
Hing Lung,Tsang,Hing Lung Tsang,627,M45-49,Male,Hong kong,Hong Kong,Hong Kong,HK,1:55:02,6:57:44,4:47:50,0:08:45,0:07:34,13:56:55,6902,25064,17270,525,454,50215,729,649,126,930,817,153,880,778,147,729,649,126,Finisher,1817
수아,김,수아 김,768,F45-49,Female,제주시,Jeju-do,South Korea,KR,1:49:14,6:37:20,5:15:05,0:12:00,0:04:45,13:58:24,6554,23840,18905,720,285,50304,730,81,10,882,102,14,794,85,11,730,81,10,Finisher,2177
Eunmi ,Choi ,Eunmi Choi,949,F50-54,Female,Michuhol-gu ,Incheon,South Korea,KR,1:29:41,6:32:44,5:24:56,0:19:34,0:11:54,13:58:49,5381,23564,19496,1174,714,50329,731,82,13,464,49,8,710,69,10,731,82,13,Finisher,2972
lee,hae seong,lee hae seong,981,M55-59,Male," Gyeonggi-do, ","Gimpo-si,",South Korea,KR,1:27:42,6:01:54,5:55:59,0:21:10,0:12:43,13:59:28,5262,21714,21359,1270,763,50368,732,650,56,405,365,27,539,490,40,732,650,56,Finisher,2316
Yew Zhong,Wong,Yew Zhong Wong,172,M18-24,Male,Singapore,01,Singapore,SG,1:35:06,6:53:43,5:21:22,0:04:28,0:05:04,13:59:43,5706,24823,19282,268,304,50383,733,651,8,643,579,10,766,689,9,733,651,8,Finisher,2580
Seungwon,Ko,Seungwon Ko,380,M35-39,Male,Seoul,KR-11,South Korea,KR,1:11:15,6:53:02,5:38:23,0:05:11,0:11:56,13:59:48,4275,24782,20303,311,716,50388,734,652,95,37,33,8,658,595,84,734,652,95,Finisher,1650
na,namgyun,na namgyun,855,M50-54,Male,안산시,Gyeonggi-do,South Korea,KR,1:34:15,6:54:35,5:12:20,0:12:01,0:07:00,14:00:11,5655,24875,18740,721,420,50411,735,653,132,615,552,112,806,718,145,735,653,132,Finisher,1942
Hong Joo,Kang,Hong Joo Kang,803,M50-54,Male,진주시,경상남도,South Korea,KR,1:33:46,6:00:55,6:12:43,0:07:30,0:06:20,14:01:14,5626,21655,22363,450,380,50474,736,654,133,605,543,109,483,438,85,736,654,133,Finisher,1929
kyedong,kim,kyedong kim,506,M40-44,Male,진주시,Gyeongsangnam-do,South Korea,KR,1:41:24,6:45:37,5:11:27,0:12:18,0:10:39,14:01:26,6084,24337,18687,738,639,50486,737,655,121,774,689,126,799,711,129,737,655,121,Finisher,1669
Jinsoo,Ha,Jinsoo Ha,653,M45-49,Male,hwasung,KR-41,South Korea,KR,1:48:31,6:32:00,5:16:20,0:13:51,0:10:51,14:01:33,6511,23520,18980,831,651,50493,738,656,127,872,773,139,771,692,138,738,656,127,Finisher,1761
Kim,Yeongseok,Kim Yeongseok,906,M50-54,Male,오산시,KR-41,South Korea,KR,1:46:37,6:33:00,5:17:11,0:10:15,0:14:30,14:01:33,6397,23580,19031,615,870,50493,739,657,134,845,749,156,751,675,135,739,657,134,Finisher,1926
SEONGSOO,JIN,SEONGSOO JIN,1102,M60-64,Male,SEOUL,SEOUL-TEUKBYEOLSI,South Korea,KR,1:49:37,6:27:39,5:24:16,0:12:25,0:07:43,14:01:38,6577,23259,19456,745,463,50498,740,658,30,886,784,39,749,673,32,740,658,30,Finisher,2681
Kyeong Min,Cho,Kyeong Min Cho,252,M30-34,Male,Yangsan-si,Gyeongsangnam-do,South Korea,KR,1:40:21,6:57:01,5:12:20,0:06:52,0:05:10,14:01:45,6021,25021,18740,412,310,50505,741,659,52,757,676,59,817,727,57,741,659,52,Finisher,1465
SUNG JIN,YANG,SUNG JIN YANG,889,M50-54,Male,Seongdong-gu,Seoul,South Korea,KR,1:37:21,6:31:16,5:37:26,0:07:46,0:08:04,14:01:52,5841,23476,20246,466,484,50512,742,660,135,691,617,131,685,619,119,742,660,135,Finisher,1922
boram,Kim,boram Kim,433,M40-44,Male,Hwaseong-si,Sibiu,South Korea,KR,1:46:39,7:10:20,4:51:39,0:07:43,0:06:16,14:02:37,6399,25820,17499,463,376,50557,743,661,122,846,750,138,891,787,143,743,661,122,Finisher,1655
Nicholas,Park,Nicholas Park,858,M50-54,Male,Seoul,SEOUL-TEUKBYEOLSI,United States,US,2:02:58,6:09:08,5:26:22,0:11:43,0:12:48,14:02:58,7378,22148,19582,703,768,50578,744,662,136,963,846,168,721,650,127,744,662,136,Finisher,1909
SeongMin,Ko,SeongMin Ko,272,M30-34,Male,Seoul,Seoul,South Korea,KR,1:46:01,5:54:44,5:55:41,0:14:51,0:11:50,14:03:07,6361,21284,21341,891,710,50587,745,663,53,835,742,63,578,525,41,745,663,53,Finisher,1448
eunsoon,park,eunsoon park,1063,F55-59,Female,BUCHEON-SI,GYEONGGI-DO,South Korea,KR,1:35:21,7:01:10,5:04:47,0:14:37,0:07:29,14:03:25,5721,25270,18287,877,449,50605,746,83,7,650,68,3,850,96,7,746,83,7,Finisher,3840
Eunbyul,Koh,Eunbyul Koh,294,F30-34,Female,성동구,서울특별시,South Korea,KR,1:35:36,6:47:55,5:08:49,0:15:41,0:15:29,14:03:30,5736,24475,18529,941,929,50610,747,84,17,653,70,17,798,88,17,747,84,17,Finisher,2408
Kiyang,Heo,Kiyang Heo,1005,M55-59,Male,성북구,KR-11,South Korea,KR,1:34:35,6:30:29,5:39:17,0:11:51,0:07:18,14:03:31,5675,23429,20357,711,438,50611,748,664,57,625,561,46,686,620,50,748,664,57,Finisher,2267
daejin,kim,daejin kim,441,M40-44,Male,gumi-si,KR-47,South Korea,KR,1:25:53,6:34:32,5:42:40,0:12:37,0:07:53,14:03:36,5153,23672,20560,757,473,50616,749,665,123,348,310,61,674,610,118,749,665,123,Finisher,1643
Hoonsung,Lee,Hoonsung Lee,984,M55-59,Male,부천시,KR-41,South Korea,KR,1:55:44,6:17:02,5:31:18,0:11:00,0:08:44,14:03:48,6944,22622,19878,660,524,50628,750,666,58,933,820,77,720,649,56,750,666,58,Finisher,2264
상인,이,상인 이,699,M45-49,Male,파주시,KR-41,South Korea,KR,1:33:41,7:03:24,5:11:38,0:09:38,0:05:58,14:04:20,5621,25404,18698,578,358,50660,751,667,128,601,540,103,826,734,144,751,667,128,Finisher,1728
Myunghoon,Yoo,Myunghoon Yoo,688,M45-49,Male,Daegu,Dagu,South Korea,KR,1:33:13,6:53:15,5:12:18,0:13:27,0:12:21,14:04:33,5593,24795,18738,807,741,50673,752,668,129,592,532,101,801,713,141,752,668,129,Finisher,1725
Soon Gyoo,Ahn,Soon Gyoo Ahn,885,M50-54,Male,대전시,KR-30,South Korea,KR,1:38:49,7:05:47,4:56:46,0:15:02,0:08:27,14:04:51,5929,25547,17806,902,507,50691,753,669,137,726,649,138,869,768,155,753,669,137,Finisher,1886
Andrew,Hammond,Andrew Hammond,184,M25-29,Male,APO ,AP,United States,US,1:24:46,7:23:07,4:57:23,0:12:09,0:07:59,14:05:24,5086,26587,17843,729,479,50724,754,670,26,318,286,16,871,770,29,754,670,26,Finisher,1179
Hee Kyung,Kwak,Hee Kyung Kwak,960,F50-54,Female,울산광역시,울주군,South Korea,KR,1:48:56,6:41:20,5:16:04,0:11:39,0:07:27,14:05:26,6536,24080,18964,699,447,50726,755,85,14,878,101,18,807,89,16,755,85,14,Finisher,2893
Kim,Hyunwoo,Kim Hyunwoo,136,M50-54,Male,hanam si,KR-41,South Korea,KR,1:18:05,6:03:24,6:29:30,0:05:46,0:09:23,14:06:08,4685,21804,23370,346,563,50768,756,671,138,148,133,19,388,352,67,756,671,138,Finisher,1871
Eiji,Noguchi,Eiji Noguchi,978,M55-59,Male,高松市福岡町,香川県,Japan,JP,1:39:03,6:43:54,5:29:53,0:06:51,0:06:52,14:06:33,5943,24234,19793,411,412,50793,757,672,59,735,658,57,750,674,60,757,672,59,Finisher,2231
JINHAO,MA,JINHAO MA,483,M40-44,Male,dongying,Shandong,China,CN,1:46:07,6:28:27,5:38:33,0:08:38,0:05:20,14:07:05,6367,23307,20313,518,320,50825,758,673,124,838,745,135,716,646,123,758,673,124,Finisher,1602
Teaksang,Ryu,Teaksang Ryu,1150,M65-69,Male,강화군,KR-28,South Korea,KR,1:43:31,6:27:55,5:32:04,0:14:37,0:09:02,14:07:10,6211,23275,19924,877,542,50830,759,674,11,805,718,12,731,657,13,759,674,11,Finisher,2921
Marvin,Espino,Marvin Espino,1014,M55-59,Male,SAN JOSE,US-CA,United States,US,1:43:08,6:10:43,6:02:39,0:07:58,0:02:59,14:07:27,6188,22243,21759,478,179,50847,760,675,60,801,714,63,618,562,46,760,675,60,Finisher,2220
Tae Dong,Noh,Tae Dong Noh,1028,M55-59,Male,파주시,KR-41,South Korea,KR,1:38:40,6:38:58,5:16:14,0:16:23,0:17:37,14:07:53,5920,23938,18974,983,1057,50873,761,676,61,721,644,55,769,690,64,761,676,61,Finisher,2215
Seung Hwan,Kim,Seung Hwan Kim,1024,M55-59,Male,부산,해운대,South Korea,KR,2:11:32,6:27:53,5:15:47,0:08:00,0:04:59,14:08:11,7892,23273,18947,480,299,50891,762,677,62,979,860,84,830,737,70,762,677,62,Finisher,2211
Chihoon,Lee,Chihoon Lee,439,M40-44,Male,Pyeongtaek-si, Gyeonggi-do,South Korea,KR,1:27:41,6:21:24,6:02:35,0:07:49,0:08:52,14:08:22,5261,22884,21755,469,532,50902,763,678,125,404,364,67,590,536,106,763,678,125,Finisher,1586
Ki Han,Lee,Ki Han Lee,671,M45-49,Male,청주시 서원구,KR-43,South Korea,KR,1:31:04,6:17:48,5:58:58,0:10:25,0:10:21,14:08:36,5464,22668,21538,625,621,50916,764,679,130,504,454,84,601,545,114,764,679,130,Finisher,1676
Youngkyu,Kim,Youngkyu Kim,1042,M55-59,Male,서울,서울,South Korea,KR,1:34:25,6:42:05,5:27:09,0:14:34,0:10:26,14:08:39,5665,24125,19629,874,626,50919,765,680,63,620,556,44,755,678,61,765,680,63,Finisher,2206
Seok-Hoon,Kang,Seok-Hoon Kang,872,M50-54,Male,경상남도,진주시,South Korea,KR,1:32:15,6:48:03,5:23:57,0:10:46,0:13:53,14:08:54,5535,24483,19437,646,833,50934,766,681,139,559,503,99,756,679,136,766,681,139,Finisher,1837
Jurgen,Freier,Jurgen Freier,1089,M60-64,Male,Heidelberg,DE-BW,Germany,DE,1:36:47,6:21:29,5:52:09,0:08:38,0:10:08,14:09:10,5807,22889,21129,518,608,50950,767,682,31,679,607,26,646,586,25,767,682,31,Finisher,2590
CHIHUN,JO,CHIHUN JO,782,M50-54,Male,Gunsan-si,Jeollabuk-do,South Korea,KR,1:31:26,6:45:01,5:35:08,0:11:34,0:06:54,14:10:03,5486,24301,20108,694,414,51003,768,683,140,520,468,94,740,666,133,768,683,140,Finisher,1824
희범 ,이 ,희범 이,577,M40-44,Male,부천 ,Gyeonggi-do,South Korea,KR,1:27:17,7:29:23,4:52:50,0:12:35,0:09:52,14:11:58,5237,26963,17570,755,592,51118,769,684,126,393,353,65,903,798,145,769,684,126,Finisher,1543
JEONGHO,LEE,JEONGHO LEE,649,M45-49,Male,수성구,DAEGU-GWANGYEOKSI,South Korea,KR,1:23:46,6:09:59,6:20:39,0:08:15,0:09:44,14:12:24,5026,22199,22839,495,584,51144,770,685,131,300,272,47,481,436,88,770,685,131,Finisher,1631
yeonghwa,Cho,yeonghwa Cho,284,M30-34,Male,busan,KR-26,South Korea,KR,1:49:02,6:21:36,5:41:21,0:12:26,0:08:25,14:12:50,6542,22896,20481,746,505,51170,771,686,54,880,779,66,714,645,50,771,686,54,Finisher,1332
Sung-Hwan,Kwon,Sung-Hwan Kwon,1147,M65-69,Male,세종특별자치시,KR-50,South Korea,KR,1:33:00,6:21:02,5:58:36,0:14:14,0:06:08,14:12:59,5580,22862,21516,854,368,51179,772,687,12,588,528,7,651,590,10,772,687,12,Finisher,2851
효범,권,효범 권,1123,M60-64,Male,서울시,KR-11,South Korea,KR,1:51:29,6:06:34,6:00:24,0:09:00,0:05:56,14:13:22,6689,21994,21624,540,356,51202,773,688,32,905,798,43,647,587,26,773,688,32,Finisher,2540
Junho,Lee,Junho Lee,665,M45-49,Male,울산,울산,South Korea,KR,1:31:32,6:04:18,6:22:49,0:06:25,0:08:21,14:13:26,5492,21858,22969,385,501,51206,774,689,132,525,472,89,484,439,89,774,689,132,Finisher,1618
Sang Kyu,Jang,Sang Kyu Jang,865,M50-54,Male,서울특별시,KR-11,South Korea,KR,1:38:53,6:40:35,5:43:52,0:06:36,0:04:26,14:14:22,5933,24035,20632,396,266,51262,775,690,141,728,651,139,730,656,128,775,690,141,Finisher,1772
JONG BAE,PARK,JONG BAE PARK,993,M55-59,Male,Gwacheon-si,Gyeonggi-do,South Korea,KR,1:30:14,6:58:07,5:19:08,0:15:43,0:11:12,14:14:24,5414,25087,19148,943,672,51264,776,691,64,480,431,34,815,725,69,776,691,64,Finisher,2137
JAMIN,kim,JAMIN kim,573,M40-44,Male,Bucheon-si,GYEONGGI-DO,South Korea,KR,1:48:17,6:17:07,5:48:07,0:14:36,0:07:13,14:15:20,6497,22627,20887,876,433,51320,777,692,127,869,770,140,701,635,121,777,692,127,Finisher,1503
JUSEON,KIM,JUSEON KIM,1090,M60-64,Male,gimpo,gyunggi,South Korea,KR,1:35:03,6:50:46,5:27:12,0:11:27,0:11:07,14:15:35,5703,24646,19632,687,667,51335,778,693,33,641,577,24,784,703,34,778,693,33,Finisher,2513
성훈,유,성훈 유,1048,M55-59,Male,노원구,Seoul,South Korea,KR,1:48:29,7:04:16,5:05:57,0:09:36,0:07:21,14:15:40,6509,25456,18357,576,441,51340,779,694,65,871,772,68,883,781,73,779,694,65,Finisher,2121
Narkes,Bokhanov,Narkes Bokhanov,262,M30-34,Male,Атырау,ATYRAUSKAJA OBLAST',Kazakhstan,KZ,1:38:41,6:52:42,5:24:47,0:11:37,0:08:35,14:16:22,5921,24762,19487,697,515,51382,780,695,55,722,645,56,810,720,55,780,695,55,Finisher,1289
Richard,Evans,Richard Evans,862,M50-54,Male,Anseong,Gyeonggi,Australia,AU,1:42:46,7:10:34,5:10:49,0:08:01,0:04:52,14:17:02,6166,25834,18649,481,292,51422,781,696,142,796,709,149,878,776,160,781,696,142,Finisher,1740
JUNHA,SONG,JUNHA SONG,495,M40-44,Male,SEONGBUK-GU,Seoul,South Korea,KR,1:29:03,6:23:54,5:57:42,0:15:36,0:10:51,14:17:06,5343,23034,21462,936,651,51426,782,697,128,444,398,76,653,592,114,782,697,128,Finisher,1481
형진,강,형진 강,752,M45-49,Male,봉화군,Gyeongsangbuk-do,South Korea,KR,1:29:23,7:09:53,5:23:21,0:07:59,0:06:58,14:17:34,5363,25793,19401,479,418,51454,783,698,133,452,406,76,829,736,145,783,698,133,Finisher,1569
이,은희,이 은희,770,F45-49,Female,hongcheongun,KR-42,South Korea,KR,2:05:58,6:23:37,5:33:02,0:09:08,0:05:57,14:17:41,7558,23017,19982,548,357,51461,784,86,11,968,118,19,795,86,12,784,86,11,Finisher,1946
Seonghwan,Hwang,Seonghwan Hwang,1161,M70-74,Male,진천군,CHUNGCHEONGBUK-DO,South Korea,KR,1:40:53,7:05:18,5:13:43,0:10:40,0:07:23,14:17:57,6053,25518,18823,640,443,51477,785,699,2,769,684,2,862,763,3,785,699,2,Finisher,4371
Jong-Jin,Lee,Jong-Jin Lee,1085,M60-64,Male,대전광역시,대한민국,South Korea,KR,1:29:26,6:11:16,6:19:59,0:11:14,0:06:17,14:18:12,5366,22276,22799,674,377,51492,786,700,34,454,408,18,546,496,18,786,700,34,Finisher,2482
Seung Hun,Han,Seung Hun Han,532,M40-44,Male,Jinju,KR-48,South Korea,KR,1:31:30,6:23:50,6:10:04,0:09:01,0:04:46,14:19:11,5490,23030,22204,541,286,51551,787,701,129,523,470,87,631,574,112,787,701,129,Finisher,1456
Je seung,Lee,Je seung Lee,244,M30-34,Male,Donghae,강원도,South Korea,KR,1:47:08,7:29:27,4:39:27,0:13:43,0:09:38,14:19:23,6428,26967,16767,823,578,51563,788,702,56,853,756,64,948,833,67,788,702,56,Finisher,1253
Rodrigo,Bonggao,Rodrigo Bonggao,692,M45-49,Male,Naga,PH-CAS,Philippines,PH,1:39:02,6:39:47,5:48:24,0:07:34,0:05:05,14:19:53,5942,23987,20904,454,305,51593,789,703,134,732,655,120,732,658,132,789,703,134,Finisher,1541
Lawrence,Maliwat,Lawrence Maliwat,362,M35-39,Male,Pulung Maragul Angeles City,PH-PAM,Philippines,PH,1:37:53,6:43:52,5:38:39,0:12:47,0:06:49,14:20:00,5873,24232,20319,767,409,51600,790,704,96,698,624,80,772,693,94,790,704,96,Finisher,1408
Sang Myeong,Lee,Sang Myeong Lee,1021,M55-59,Male,홍천군,KR-42,South Korea,KR,1:55:30,6:24:32,5:42:55,0:07:31,0:11:13,14:21:42,6930,23072,20575,451,673,51702,791,705,66,932,819,76,736,662,58,791,705,66,Finisher,2049
Narendra,Avasthi,Narendra Avasthi,857,M50-54,Male,Kota,Rajasthan,India,IN,1:51:04,7:16:53,4:43:20,0:17:27,0:14:36,14:23:19,6664,26213,17000,1047,876,51799,792,706,143,900,794,165,935,824,168,792,706,143,Finisher,1664
Zhuangye,WANG,Zhuangye WANG,560,M40-44,Male,上海市,CN-SH,China,CN,1:30:29,5:56:16,6:36:30,0:09:36,0:10:31,14:23:21,5429,21376,23790,576,631,51801,793,707,130,486,436,81,444,401,89,793,707,130,Finisher,1406
SUNG SOO,KIM,SUNG SOO KIM,280,M30-34,Male,Goyang-si,Gyeonggi-do,South Korea,KR,1:07:19,6:27:39,6:25:06,0:10:26,0:12:56,14:23:25,4039,23259,23106,626,776,51805,794,708,57,21,21,4,503,458,36,794,708,57,Finisher,1205
희선,임,희선 임,1069,F55-59,Female,서울특별시,Seoul,South Korea,KR,1:45:54,7:23:00,4:45:56,0:20:23,0:08:44,14:23:57,6354,26580,17156,1223,524,51837,795,87,8,832,92,7,945,115,10,795,87,8,Finisher,3593
Han,Dongho,Han Dongho,791,M50-54,Male,Gyeongju-city,KR-47,South Korea,KR,1:30:30,6:44:38,5:37:13,0:14:21,0:17:16,14:23:58,5430,24278,20233,861,1036,51838,796,709,144,487,437,87,747,672,134,796,709,144,Finisher,1657
JaeHoon,Yoon,JaeHoon Yoon,238,M30-34,Male,Seogwipo-si,KR-49,South Korea,KR,1:59:53,6:16:32,5:47:30,0:12:59,0:07:18,14:24:13,7193,22592,20850,779,438,51853,797,710,58,952,835,69,746,671,51,797,710,58,Finisher,1195
미숙,이,미숙 이,147,F50-54,Female,경주시,KR-47,South Korea,KR,1:25:15,6:50:16,5:54:58,0:10:13,0:04:50,14:25:31,5115,24616,21298,613,290,51931,798,88,15,331,35,6,727,74,13,798,88,15,Finisher,2652
Eun Ju,Choi,Eun Ju Choi,756,F45-49,Female,Seoul,Seoul,South Korea,KR,1:54:18,6:58:17,5:17:25,0:08:45,0:07:09,14:25:54,6858,25097,19045,525,429,51954,799,89,12,927,113,17,877,102,16,799,89,12,Finisher,1847
Seungyoul,Yoo,Seungyoul Yoo,712,M45-49,Male,Gwacheon-si,KR-41,South Korea,KR,1:24:47,6:46:53,5:40:01,0:18:19,0:16:29,14:26:29,5087,24413,20401,1099,989,51989,800,711,135,319,287,51,752,676,135,800,711,135,Finisher,1462
Minkyung,Jeong,Minkyung Jeong,591,F40-44,Female,Seoul,SEOUL-TEUKBYEOLSI,South Korea,KR,1:30:16,6:47:00,5:40:02,0:12:54,0:16:23,14:26:36,5416,24420,20402,774,983,51996,801,90,16,481,50,11,754,77,16,801,90,16,Finisher,1792
zhu,haisheng,zhu haisheng,730,M45-49,Male,BEIJING,CN-BJ,China,CN,1:57:27,5:59:45,6:15:11,0:08:02,0:07:03,14:27:27,7047,21585,22511,482,423,52047,802,712,136,943,827,155,636,578,120,802,712,136,Finisher,1450
의수,송,의수 송,936,M50-54,Male,춘천시,KR-42,South Korea,KR,1:29:38,6:55:41,5:46:08,0:10:48,0:05:13,14:27:28,5378,24941,20768,648,313,52048,803,713,145,462,414,79,780,700,138,803,713,145,Finisher,1615
지호,서,지호 서,411,M35-39,Male,고성군 현내면,강원도,South Korea,KR,1:48:06,6:51:45,5:31:06,0:09:18,0:07:26,14:27:41,6486,24705,19866,558,446,52061,804,714,97,866,767,100,837,743,96,804,714,97,Finisher,1315
찬일,정,찬일 정,748,M45-49,Male,남구,KR-29,South Korea,KR,1:44:56,6:00:07,6:30:08,0:09:30,0:04:19,14:28:59,6296,21607,23408,570,259,52139,805,715,137,826,736,132,568,516,107,805,715,137,Finisher,1432
SeokHwan,Kim,SeokHwan Kim,206,M25-29,Male,Seoul-si,KR-11,South Korea,KR,1:39:20,6:16:42,6:17:38,0:07:15,0:08:18,14:29:13,5960,22602,22658,435,498,52153,806,716,27,737,660,28,625,569,24,806,716,27,Finisher,1000
금숙,황,금숙 황,959,F50-54,Female,달성군,KR-27,South Korea,KR,1:35:40,6:49:00,5:40:51,0:14:11,0:10:21,14:30:03,5740,24540,20451,851,621,52203,807,91,16,657,71,12,797,87,15,807,91,16,Finisher,2597
Yangho,Kim,Yangho Kim,1112,M60-64,Male,서울특별시,KR-11,South Korea,KR,1:51:26,6:31:58,5:41:09,0:16:42,0:08:56,14:30:11,6686,23518,20469,1002,536,52211,808,717,35,904,797,42,802,714,35,808,717,35,Finisher,2338
Doo Gon,Yu,Doo Gon Yu,621,M45-49,Male,대한민국,KR-26,South Korea,KR,2:00:40,6:04:30,6:03:34,0:15:27,0:06:41,14:30:52,7240,21870,21814,927,401,52252,809,718,138,955,838,158,704,638,127,809,718,138,Finisher,1409
Ayane,Jige,Ayane Jige,183,F18-24,Female,"Teine-ku, Sapporo-shi",Hokkaido,Japan,JP,1:25:14,7:02:47,5:35:04,0:16:52,0:12:10,14:32:07,5114,25367,20104,1012,730,52327,810,92,1,330,34,1,819,91,1,810,92,1,Finisher,5000
JAEYUN,KIM,JAEYUN KIM,171,M18-24,Male,Dong-gu,Daegu,South Korea,KR,1:38:01,6:46:16,5:51:03,0:08:49,0:08:06,14:32:15,5881,24376,21063,529,486,52335,811,719,9,702,628,11,765,688,8,811,719,9,Finisher,2189
jieun,lee,jieun lee,761,F45-49,Female,Paju-si,KR-41,South Korea,KR,1:49:50,7:14:35,5:12:22,0:10:15,0:05:41,14:32:43,6590,26075,18742,615,341,52363,812,93,13,891,104,15,914,107,17,812,93,13,Finisher,1766
Hanhee,Lee,Hanhee Lee,801,M50-54,Male,서대문구 ,서울시,North Korea,KP,1:29:00,6:40:08,5:54:55,0:09:04,0:20:18,14:33:27,5340,24008,21295,544,1218,52407,813,720,146,441,395,75,692,626,123,813,720,146,Finisher,1543
Chil Sung,Youn,Chil Sung Youn,783,M50-54,Male,Goyang si,Gyeonggi-do,South Korea,KR,1:38:18,7:11:05,5:27:46,0:11:19,0:05:14,14:33:42,5898,25865,19666,679,314,52422,814,721,147,709,635,134,873,772,157,814,721,147,Finisher,1540
Eonyong,Ryu,Eonyong Ryu,160,M60-64,Male,함평군,KR-46,South Korea,KR,1:38:39,6:58:20,5:29:29,0:14:31,0:13:08,14:34:06,5919,25100,19769,871,788,52446,815,722,36,719,642,29,851,755,38,815,722,36,Finisher,2291
Nicholas Kai Pong,Liu,Nicholas Kai Pong Liu,263,M30-34,Male,SUBANG JAYA,Selangor,Malaysia,MY,1:29:06,7:28:22,5:23:34,0:07:11,0:06:13,14:34:27,5346,26902,19414,431,373,52467,816,723,59,448,402,37,890,786,62,816,723,59,Finisher,1072
Jae Won,Lee,Jae Won Lee,468,M40-44,Male,Youngdeungpo-ku,Seoul,South Korea,KR,1:46:18,7:09:06,5:20:24,0:10:10,0:09:02,14:35:01,6378,25746,19224,610,542,52501,817,724,131,842,747,136,896,792,144,817,724,131,Finisher,1266
Junghwan,Lee,Junghwan Lee,494,M40-44,Male,Incheon,Inch'on-jikhalsi,South Korea,KR,1:58:53,6:50:20,5:30:10,0:11:42,0:05:07,14:36:13,7133,24620,19810,702,307,52573,818,725,132,948,832,149,874,773,140,818,725,132,Finisher,1252
Sinyoung,Hong,Sinyoung Hong,1026,M55-59,Male,Busan,Republic of Korea,South Korea,KR,1:56:38,7:14:02,5:14:06,0:06:58,0:04:44,14:36:30,6998,26042,18846,418,284,52590,819,726,67,939,825,78,921,813,79,819,726,67,Finisher,1871
Jinsuk,Heo,Jinsuk Heo,654,M45-49,Male,경기도 과천시,경기도 과천시,South Korea,KR,1:17:39,7:09:17,5:51:00,0:09:58,0:08:37,14:36:31,4659,25757,21060,598,517,52591,820,727,139,133,122,19,783,702,139,820,727,139,Finisher,1341
Sukhwan,Yun,Sukhwan Yun,279,M30-34,Male,Suwon-si,"Gyeonggi-do, Republic of Korea",South Korea,KR,1:38:33,6:56:53,5:35:39,0:15:24,0:11:17,14:37:45,5913,25013,20139,924,677,52665,821,728,60,718,641,55,846,752,61,821,728,60,Finisher,1033
Xingpeng,SONG,Xingpeng SONG,1037,M55-59,Male,惠州市,Guangdong,China,CN,1:59:53,6:58:52,5:16:42,0:12:07,0:11:03,14:38:37,7193,25132,19002,727,663,52717,822,729,68,951,834,80,907,801,74,822,729,68,Finisher,1846
Phil Sang,Jung,Phil Sang Jung,1019,M55-59,Male,Seoul City,KR-11,South Korea,KR,1:37:09,6:39:34,6:10:21,0:05:49,0:06:08,14:39:00,5829,23974,22221,349,368,52740,823,730,69,688,614,51,712,643,55,823,730,69,Finisher,1841
jeonghun,Lee,jeonghun Lee,992,M55-59,Male,포항시,KR-47,South Korea,KR,1:40:43,7:04:33,5:30:33,0:11:00,0:12:33,14:39:21,6043,25473,19833,660,753,52761,824,731,70,765,682,59,859,761,72,824,731,70,Finisher,1837
Jhongsu,Lee,Jhongsu Lee,822,M50-54,Male,서울,KR-11,South Korea,KR,1:37:07,6:53:40,5:54:31,0:07:01,0:07:27,14:39:47,5827,24820,21271,421,447,52787,825,732,148,687,613,130,790,706,141,825,732,148,Finisher,1467
임선,송,임선 송,1129,F60-64,Female,부산광역시,부산진구,South Korea,KR,1:40:52,7:13:52,5:28:44,0:09:35,0:06:54,14:39:57,6052,26032,19724,575,414,52797,826,94,5,768,85,5,885,103,5,826,94,5,Finisher,3261
jiayun,li,jiayun li,215,F25-29,Female,北京,CN-11,China,CN,1:39:46,6:51:08,5:47:47,0:11:58,0:09:23,14:40:02,5986,24668,20867,718,563,52802,827,95,6,745,79,6,809,90,6,827,95,6,Finisher,2148
Hana,Yoon,Hana Yoon,757,F45-49,Female,DONG-GU,KR-27,South Korea,KR,1:35:20,6:23:34,6:20:50,0:14:36,0:05:55,14:40:15,5720,23014,22850,876,355,52815,828,96,14,649,67,8,676,65,9,828,96,14,Finisher,1675
Jahye,Kim,Jahye Kim,583,F40-44,Female,Pusan,Busan,South Korea,KR,2:06:52,7:05:59,5:16:32,0:06:01,0:05:25,14:40:49,7612,25559,18992,361,325,52849,829,97,17,971,119,20,925,109,17,829,97,17,Finisher,1621
Ping Lun,Ng,Ping Lun Ng,691,M45-49,Male,hk,Sai Kung District 西貢區,Hong Kong,HK,1:36:31,7:17:26,5:09:29,0:23:20,0:14:14,14:41:01,5791,26246,18569,1400,854,52861,830,733,140,674,602,113,918,811,155,830,733,140,Finisher,1287
HYEOK,LEE,HYEOK LEE,805,M50-54,Male,용인시,Gyeonggi-do,South Korea,KR,1:39:49,7:50:26,4:55:42,0:09:33,0:05:47,14:41:17,5989,28226,17742,573,347,52877,831,734,149,747,667,142,963,847,172,831,734,149,Finisher,1449
Noah ,Burchardt,Noah Burchardt,202,M25-29,Male,Beaver Dam,Wisconsin,United States,US,1:43:02,7:05:05,5:32:35,0:11:45,0:08:56,14:41:23,6182,25505,19955,705,536,52883,832,735,28,799,712,29,870,769,28,832,735,28,Finisher,1000
wonjoon,lee,wonjoon lee,393,M35-39,Male,seoul,Republic of Korea,South Korea,KR,1:21:14,6:38:31,6:03:45,0:05:38,0:32:30,14:41:39,4874,23911,21825,338,1950,52899,833,736,98,232,207,41,637,579,81,833,736,98,Finisher,1148
JOONSHIK,LIM,JOONSHIK LIM,1087,M60-64,Male,경기도 성남시 분당구,Gyeonggi-do,South Korea,KR,1:52:03,7:26:18,5:01:14,0:14:37,0:07:40,14:41:53,6723,26778,18074,877,460,52913,834,737,37,909,802,44,952,837,44,834,737,37,Finisher,2198
Lee,Cheol,Lee Cheol,750,M45-49,Male,Incheon,KR-28,South Korea,KR,1:47:07,6:11:30,6:26:32,0:06:04,0:10:58,14:42:10,6427,22290,23192,364,658,52930,835,738,141,852,755,135,633,576,118,835,738,141,Finisher,1274
Yoon Moo,Jung,Yoon Moo Jung,553,M40-44,Male,영주시,KR-47,South Korea,KR,1:40:56,6:53:59,5:48:51,0:10:33,0:08:04,14:42:24,6056,24839,20931,633,484,52944,836,739,133,770,685,125,820,729,133,836,739,133,Finisher,1178
SEONGYUN,LEE,SEONGYUN LEE,273,M30-34,Male,Gongju-si,KR-44,South Korea,KR,1:38:28,7:12:45,5:16:19,0:22:48,0:12:09,14:42:30,5908,25965,18979,1368,729,52950,837,740,61,715,638,53,913,807,63,837,740,61,Finisher,1000
yun heui,ra,yun heui ra,1066,F55-59,Female,seoul,korea,South Korea,KR,1:51:24,7:25:48,5:06:42,0:09:09,0:10:06,14:43:09,6684,26748,18402,549,606,52989,838,98,9,903,107,10,941,112,9,838,98,9,Finisher,3363
DONGHYOK,KIM,DONGHYOK KIM,231,M30-34,Male,GIMPO,SOUTH KOREA,South Korea,KR,1:56:00,6:37:50,5:49:44,0:10:32,0:09:15,14:43:21,6960,23870,20984,632,555,53001,839,741,62,935,822,68,818,728,58,839,741,62,Finisher,1000
Hyunjik,Kim,Hyunjik Kim,809,M50-54,Male,Yeongju-si,Gyeongsangbuk-do,South Korea,KR,1:27:20,6:23:12,6:27:30,0:09:35,0:16:03,14:43:41,5240,22992,23250,575,963,53021,840,742,150,395,355,66,606,550,106,840,742,150,Finisher,1420
Nicole,Kim,Nicole Kim,301,F30-34,Female,San Francisco,CA,United States,US,1:53:38,7:07:13,5:21:44,0:09:59,0:12:13,14:44:47,6818,25633,19304,599,733,53087,841,99,18,923,112,22,906,106,21,841,99,18,Finisher,1913
MINJAE,YEO,MINJAE YEO,1158,M70-74,Male,ULSAN,Ulsan,South Korea,KR,1:37:32,7:05:08,5:45:04,0:08:10,0:08:54,14:44:48,5852,25508,20704,490,534,53088,842,743,3,694,620,1,847,753,2,842,743,3,Finisher,4049
순영,오,순영 오,1118,M60-64,Male,서울시,Seoul,South Korea,KR,1:51:20,7:28:35,5:06:55,0:10:59,0:07:29,14:45:18,6680,26915,18415,659,449,53118,843,744,38,902,796,41,949,834,43,843,744,38,Finisher,2157
Junbyeong,Park,Junbyeong Park,492,M40-44,Male,부산,남구,South Korea,KR,1:33:26,7:05:50,5:46:30,0:09:29,0:10:51,14:46:04,5606,25550,20790,569,651,53164,844,745,134,598,537,105,835,741,137,844,745,134,Finisher,1134
Ok Ryong,Hwang,Ok Ryong Hwang,1017,M55-59,Male,Gangseo-gu,Seoul,South Korea,KR,2:03:43,6:57:29,5:22:28,0:13:30,0:10:50,14:47:59,7423,25049,19348,810,650,53279,845,746,71,964,847,81,915,808,77,845,746,71,Finisher,1734
Hyeonjeong,Lee,Hyeonjeong Lee,419,F35-39,Female,서울,강서구,South Korea,KR,1:52:54,6:56:54,5:41:07,0:09:32,0:07:46,14:48:13,6774,25014,20467,572,466,53293,846,100,14,916,110,14,866,100,15,846,100,14,Finisher,1174
Chi Tang Jacky,Kam,Chi Tang Jacky Kam,610,M45-49,Male,Hong Kong,HONG KONG,Hong Kong,HK,1:54:27,7:36:11,4:51:38,0:14:12,0:11:48,14:48:17,6867,27371,17498,852,708,53297,847,747,142,928,815,152,969,852,161,847,747,142,Finisher,1200
Jong Joo ,Kim,Jong Joo Kim,1140,M65-69,Male,안산시,Gyeonggi-do,South Korea,KR,1:47:59,6:54:21,5:43:21,0:14:17,0:08:42,14:48:40,6479,24861,20601,857,522,53320,848,748,13,865,766,15,861,762,17,848,748,13,Finisher,2423
Taeyoung,Lee,Taeyoung Lee,544,M40-44,Male,Anyang-si,GYEONGGI-DO,South Korea,KR,1:17:18,7:45:53,5:23:55,0:11:58,0:09:53,14:48:58,4638,27953,19435,718,593,53338,849,749,135,124,116,26,916,809,146,849,749,135,Finisher,1099
동하,이,동하 이,1154,M65-69,Male,서울시,Seoul,South Korea,KR,1:55:50,6:46:45,5:52:14,0:07:59,0:06:13,14:49:02,6950,24405,21134,479,373,53342,850,750,14,934,821,17,843,749,14,850,750,14,Finisher,2419
승언,임,승언 임,274,M30-34,Male,서울특별시,KR-11,South Korea,KR,1:38:32,7:47:45,5:07:09,0:10:11,0:06:39,14:50:16,5912,28065,18429,611,399,53416,851,751,63,717,640,54,956,840,69,851,751,63,Finisher,1000
JungPyo,Lee,JungPyo Lee,1000,M55-59,Male,화성시,KR-42,South Korea,KR,1:35:56,6:45:51,6:12:50,0:09:25,0:06:25,14:50:26,5756,24351,22370,565,385,53426,852,752,72,665,594,50,757,680,62,852,752,72,Finisher,1704
Kyu Baek,Lee,Kyu Baek Lee,507,M40-44,Male,Bucheon-si,Gyeonggi-do,South Korea,KR,1:43:21,6:52:57,5:56:32,0:10:19,0:07:26,14:50:36,6201,24777,21392,619,446,53436,853,753,136,803,716,131,825,733,134,853,753,136,Finisher,1079
Damian,Olmo,Damian Olmo,188,M25-29,Male,Lakewood,Washington,United States,US,1:44:19,7:09:39,5:38:48,0:11:02,0:07:14,14:51:02,6259,25779,20328,662,434,53462,854,754,29,817,727,30,894,790,30,854,754,29,Finisher,1000
Yeonsoo,Shin,Yeonsoo Shin,1038,M55-59,Male,"Seo-gu, Gwangju",KR-29,South Korea,KR,1:12:13,6:38:29,6:43:38,0:09:48,0:07:14,14:51:22,4333,23909,24218,588,434,53482,855,755,73,45,40,2,608,552,44,855,755,73,Finisher,1693
Sangmyeong,Kang,Sangmyeong Kang,1145,M65-69,Male,제주특별자치도,KR-49,South Korea,KR,1:34:20,6:22:11,6:37:53,0:07:51,0:10:03,14:52:18,5660,22931,23873,471,603,53538,856,756,15,619,555,9,630,573,9,856,756,15,Finisher,2380
Kyung Hyun,Moon,Kyung Hyun Moon,680,M45-49,Male,Gangdong-gu,Seoul,South Korea,KR,1:38:10,6:43:00,6:10:43,0:11:08,0:10:12,14:53:14,5890,24180,22243,668,612,53594,857,757,143,706,632,118,762,685,137,857,757,143,Finisher,1141
Jongkyu,Song,Jongkyu Song,744,M45-49,Male,seoul,KR-11,South Korea,KR,2:01:07,6:14:29,6:14:53,0:10:12,0:12:41,14:53:21,7267,22469,22493,612,761,53601,858,758,144,957,840,159,728,654,130,858,758,144,Finisher,1139
현모,진,현모 진,459,M40-44,Male,광주광역시,KR-29,South Korea,KR,1:36:55,6:31:52,6:31:40,0:08:30,0:04:25,14:53:22,5815,23512,23500,510,265,53602,859,759,137,685,611,117,687,621,120,859,759,137,Finisher,1046
BOMOON,JUNG,BOMOON JUNG,601,M45-49,Male,서울,KR-11,South Korea,KR,1:27:23,7:16:37,5:46:53,0:12:01,0:10:37,14:53:31,5243,26197,20813,721,637,53611,860,760,145,397,357,67,858,760,146,860,760,145,Finisher,1137
Jihyeon,Mun,Jihyeon Mun,762,F45-49,Female,창원시,KR-48,South Korea,KR,1:46:14,6:34:39,6:17:34,0:08:46,0:06:46,14:53:59,6374,23679,22654,526,406,53639,861,101,15,840,95,10,748,76,10,861,101,15,Finisher,1510
Kevin,Chu,Kevin Chu,360,M35-39,Male,Santa Monica,CA,United States,US,1:32:30,6:51:17,6:17:51,0:07:34,0:06:18,14:55:30,5550,24677,22671,454,378,53730,862,761,99,565,509,68,759,682,93,862,761,99,Finisher,1000
ILNAM,YANG,ILNAM YANG,987,M55-59,Male,Pohang-Si,GYEONGSANGBUK-DO,South Korea,KR,1:44:00,7:15:24,5:24:23,0:17:31,0:14:50,14:56:08,6240,26124,19463,1051,890,53768,863,762,74,813,724,66,917,810,78,863,762,74,Finisher,1636
DOOUP,KIM,DOOUP KIM,1073,M60-64,Male,해운대구,Busan,South Korea,KR,2:00:06,7:25:40,5:08:25,0:14:39,0:07:30,14:56:21,7206,26740,18505,879,450,53781,864,763,39,954,837,47,964,848,45,864,763,39,Finisher,2024
Sanjay,Vikhe,Sanjay Vikhe,870,M50-54,Male,Sangamner,Maharashtra,India,IN,2:10:25,6:44:19,5:40:20,0:09:54,0:11:36,14:56:34,7825,24259,20420,594,696,53794,865,764,151,977,858,172,889,785,162,865,764,151,Finisher,1265
동현,정,동현 정,734,M45-49,Male,춘천시,강원특별자치도,South Korea,KR,1:23:15,7:08:32,6:05:21,0:10:09,0:10:19,14:57:36,4995,25712,21921,609,619,53856,866,765,146,285,258,44,808,719,142,866,765,146,Finisher,1088
David,Sjoeberg,David Sjoeberg,189,M25-29,Male,Nacka,Stockholm ,Sweden,SE,1:31:33,6:59:36,6:11:26,0:07:08,0:08:01,14:57:44,5493,25176,22286,428,481,53864,867,766,30,526,473,24,793,709,27,867,766,30,Finisher,1000
Kazuaki,Kobari,Kazuaki Kobari,359,M35-39,Male,Yokohama,Kanagawa,Japan,JP,1:34:55,7:21:50,5:32:38,0:21:14,0:09:33,15:00:09,5695,26510,19958,1274,573,54009,868,767,100,636,572,76,922,814,102,868,767,100,Finisher,1000
Ha,Song,Ha Song,295,F30-34,Female,Seoul,Seoul,South Korea,KR,1:31:43,7:24:48,5:35:22,0:21:02,0:07:59,15:00:54,5503,26688,20122,1262,479,54054,869,102,19,538,55,13,920,108,22,869,102,19,Finisher,1720
Min Ho,Yeom,Min Ho Yeom,849,M50-54,Male,경기도 고양시,KR-41,South Korea,KR,1:29:41,7:05:31,6:04:07,0:15:49,0:07:27,15:02:36,5381,25531,21847,949,447,54156,870,768,152,463,415,80,848,754,152,870,768,152,Finisher,1193
Mija,Lee,Mija Lee,956,F50-54,Female,Jeju-si,JEJU-TEUKBYEOLJACHIDO,South Korea,KR,1:42:12,6:27:07,6:22:45,0:16:12,0:14:35,15:02:51,6132,23227,22965,972,875,54171,871,103,17,784,87,15,726,73,12,871,103,17,Finisher,2204
Jinho,Hong,Jinho Hong,176,M18-24,Male,Los Angeles,CA,South Korea,KR,1:28:00,7:05:31,6:06:00,0:13:02,0:10:37,15:03:09,5280,25531,21960,782,637,54189,872,769,10,420,378,8,824,732,11,872,769,10,Finisher,1819
JUNG ,JIYEON ,JUNG JIYEON,1059,F55-59,Female,경기도,KR-41,South Korea,KR,1:46:58,7:21:27,5:37:01,0:10:52,0:07:17,15:03:34,6418,26487,20221,652,437,54214,873,104,10,849,97,8,926,110,8,873,104,10,Finisher,3118
Chandae ,JUNG ,Chandae JUNG,434,M40-44,Male,Gwangsan-gu,Gwangju,South Korea,KR,1:27:18,6:56:31,6:19:01,0:15:00,0:07:40,15:05:30,5238,24991,22741,900,460,54330,874,770,138,394,354,66,796,710,128,874,770,138,Finisher,1000
Chunja,Jung,Chunja Jung,1156,F65-69,Female,Jeju-si,KR-49,South Korea,KR,1:44:06,6:43:55,6:20:42,0:09:30,0:07:34,15:05:48,6246,24235,22842,570,454,54348,875,105,1,814,90,1,786,83,1,875,105,1,Finisher,5000
현근,박,현근 박,946,M50-54,Male,수성구,KR-27,South Korea,KR,1:39:50,7:07:43,5:52:36,0:14:44,0:11:02,15:05:56,5990,25663,21156,884,662,54356,876,771,153,748,668,143,882,780,161,876,771,153,Finisher,1153
Woo Young,Jeon,Woo Young Jeon,1036,M55-59,Male,Yeongju City,Gyeongsangbuk-do,South Korea,KR,1:42:40,7:00:12,6:02:43,0:09:04,0:11:33,15:06:10,6160,25212,21763,544,693,54370,877,772,75,795,708,62,852,756,71,877,772,75,Finisher,1515
Lee,Jung Rog,Lee Jung Rog,661,M45-49,Male,Gwang ju,AP,South Korea,KR,1:42:21,7:14:00,5:53:37,0:12:16,0:04:53,15:07:06,6141,26040,21217,736,293,54426,878,773,147,789,702,126,901,796,151,878,773,147,Finisher,1000
Cheon,in jae,Cheon in jae,812,M50-54,Male,노원구,SEOUL-TEUKBYEOLSI,South Korea,KR,1:34:17,6:29:39,6:37:47,0:13:46,0:12:28,15:07:57,5657,23379,23867,826,748,54477,879,774,154,616,553,113,689,623,120,879,774,154,Finisher,1129
CHOONGOK,CHUNG,CHOONGOK CHUNG,1136,M65-69,Male,Joongnang-gu,Seoul,South Korea,KR,1:43:47,7:00:53,6:03:36,0:09:17,0:11:01,15:08:34,6227,25253,21816,557,661,54514,880,775,16,810,721,13,856,758,15,880,775,16,Finisher,2184
Chang Ho,Eom,Chang Ho Eom,1135,M65-69,Male,수원시,경기도,South Korea,KR,2:07:26,6:45:15,5:58:55,0:11:39,0:06:04,15:09:19,7646,24315,21535,699,364,54559,881,776,17,972,853,20,886,783,18,881,776,17,Finisher,2175
HYELYUN,PARK,HYELYUN PARK,758,F45-49,Female,Bucheon,Gyeonggi-do,South Korea,KR,1:48:38,7:22:44,5:29:50,0:15:46,0:12:41,15:09:38,6518,26564,19790,946,761,54578,882,106,16,873,100,13,944,114,18,882,106,16,Finisher,1323
Hyun Seok,Choi,Hyun Seok Choi,807,M50-54,Male,대전,KR-30,South Korea,KR,1:23:46,7:31:48,5:50:20,0:12:10,0:13:04,15:11:08,5026,27108,21020,730,784,54668,883,777,155,299,271,49,900,795,165,883,777,155,Finisher,1091
우성,위,우성 위,902,M50-54,Male,강원도,Kangwon,South Korea,KR,1:46:04,6:55:52,6:14:53,0:08:37,0:06:08,15:11:35,6364,24952,22493,517,368,54695,884,778,156,837,744,155,842,748,150,884,778,156,Finisher,1085
Man Yin,Cheung,Man Yin Cheung,588,F40-44,Female,Sai Wan Ho,Hong Kong,Hong Kong,HK,1:52:55,7:39:52,5:22:57,0:10:00,0:06:18,15:12:02,6775,27592,19377,600,378,54722,885,107,18,917,111,18,968,117,18,885,107,18,Finisher,1247
dahee,kim,dahee kim,293,F30-34,Female,시흥시,Gyeonggi-do,South Korea,KR,1:29:35,7:14:30,6:04:50,0:09:24,0:14:42,15:13:00,5375,26070,21890,564,882,54780,886,108,20,459,48,12,853,97,18,886,108,20,Finisher,1574
Sangwoo,Lim,Sangwoo Lim,869,M50-54,Male,서울,종로구,South Korea,KR,1:47:43,6:49:09,6:15:42,0:10:52,0:09:38,15:13:05,6463,24549,22542,652,578,54785,887,779,157,860,762,162,831,738,146,887,779,157,Finisher,1067
sunghwan,yoon,sunghwan yoon,539,M40-44,Male,Seoul,Gangdong-gu,South Korea,KR,1:35:04,6:59:39,6:15:44,0:13:14,0:09:25,15:13:06,5704,25179,22544,794,565,54786,888,780,139,642,578,112,832,739,136,888,780,139,Finisher,1000
Lira,Choi,Lira Choi,764,F45-49,Female,Ulsan city,KR-31,South Korea,KR,1:52:18,6:48:25,6:20:44,0:07:54,0:04:00,15:13:21,6738,24505,22844,474,240,54801,889,109,17,912,109,16,834,94,14,889,109,17,Finisher,1278
Ji Hun,Kim,Ji Hun Kim,477,M40-44,Male,Gwangju,KR-29,South Korea,KR,1:17:57,6:24:41,7:11:52,0:14:43,0:04:08,15:13:21,4677,23081,25912,883,248,54801,890,781,140,146,132,30,595,539,107,890,781,140,Finisher,1000
Chia-Ching,Lin,Chia-Ching Lin,780,M50-54,Male,Luzhu Dist.,TW-TAO,Taiwan,TW,2:13:11,6:44:05,5:56:23,0:13:58,0:06:19,15:13:56,7991,24245,21383,838,379,54836,891,782,158,981,861,174,909,803,167,891,782,158,Finisher,1057
Sajia Sultana,Happi,Sajia Sultana Happi,593,F40-44,Female,Dhaka,Dhaka,Bangladesh,BD,1:49:44,8:19:57,4:50:39,0:08:43,0:07:31,15:16:34,6584,29997,17439,523,451,54994,892,110,19,890,103,17,989,122,20,892,110,19,Finisher,1192
Yang,Youngnam,Yang Youngnam,54,F50-54,Female,Mapogu,KR-11,South Korea,KR,1:46:12,6:49:55,6:21:18,0:10:55,0:10:23,15:18:44,6372,24595,22878,655,623,55124,893,111,18,839,94,17,828,93,17,893,111,18,Finisher,2013
Kang,SinJae,Kang SinJae,713,M45-49,Male,Incheon,Incheon,South Korea,KR,1:48:13,7:57:33,5:15:03,0:09:47,0:08:16,15:18:53,6493,28653,18903,587,496,55133,894,783,148,867,768,138,976,856,164,894,783,148,Finisher,1000
Wai Man,Cheng,Wai Man Cheng,1034,M55-59,Male,hong kong,Hong Kong,Hong Kong,HK,2:06:12,7:42:02,5:11:36,0:12:32,0:06:34,15:18:57,7572,27722,18696,752,394,55137,895,784,76,970,852,83,980,859,84,895,784,76,Finisher,1362
Danilo,Zapanta,Danilo Zapanta,975,M55-59,Male,Taguig,PH-00,Philippines,PH,1:38:47,6:46:23,6:24:07,0:12:25,0:17:17,15:18:58,5927,24383,23047,745,1037,55138,896,785,77,725,648,56,787,704,68,896,785,77,Finisher,1362
형근,윤,형근 윤,289,M30-34,Male,서울,Mpumalanga,South Korea,KR,1:32:47,7:32:43,5:47:52,0:14:16,0:11:48,15:19:27,5567,27163,20872,856,708,55167,897,786,64,579,521,46,927,817,64,897,786,64,Finisher,1000
승렬,임,승렬 임,1119,M60-64,Male,안산시,Gyeonggi-do,South Korea,KR,1:41:26,7:12:49,6:01:01,0:12:01,0:12:19,15:19:35,6086,25969,21661,721,739,55175,898,787,40,775,690,32,897,793,40,898,787,40,Finisher,1745
Kyoosang,Song,Kyoosang Song,842,M50-54,Male,대구,KR-27,South Korea,KR,1:46:57,7:00:31,6:14:41,0:12:40,0:05:46,15:20:35,6417,25231,22481,760,346,55235,899,788,159,848,752,157,872,771,156,899,788,159,Finisher,1000
Mahesh,Zawar,Mahesh Zawar,364,M35-39,Male,Sangamner,Maharashtra,India,IN,1:42:57,7:17:01,5:56:17,0:17:32,0:06:52,15:20:38,6177,26221,21377,1052,412,55238,900,789,101,798,711,96,919,812,101,900,789,101,Finisher,1000
Bae,Hyoungjin,Bae Hyoungjin,635,M45-49,Male,화성시,Gyeonggi-do,South Korea,KR,2:01:14,6:20:11,6:40:22,0:08:46,0:10:46,15:21:20,7274,22811,24022,526,646,55280,901,790,149,958,841,160,753,677,136,901,790,149,Finisher,1000
sunghyun,jeon,sunghyun jeon,540,M40-44,Male,osan ,Gyeonggi-do,South Korea,KR,1:34:41,7:32:09,5:50:27,0:14:52,0:09:14,15:21:23,5681,27129,21027,892,554,55283,902,791,141,628,564,108,929,819,148,902,791,141,Finisher,1000
Youngkwang,Jang,Youngkwang Jang,916,M50-54,Male,Seoul,Seoul,South Korea,KR,1:36:21,6:50:48,6:33:14,0:13:11,0:08:16,15:21:49,5781,24648,23594,791,496,55309,903,792,160,672,600,126,803,715,143,903,792,160,Finisher,1000
철,박,철 박,749,M45-49,Male,제주시,제주도,South Korea,KR,1:19:32,6:18:11,7:37:46,0:06:13,0:00:50,15:22:33,4772,22691,27466,373,50,55353,904,793,150,192,171,27,492,447,91,904,793,150,Finisher,1000
SEONGIN,LEE,SEONGIN LEE,877,M50-54,Male,홍천군,KR-42,South Korea,KR,1:24:20,6:47:40,6:45:50,0:15:43,0:09:21,15:22:54,5060,24460,24350,943,561,55374,905,794,161,308,280,51,738,664,131,905,794,161,Finisher,1000
HYEON SU,HAN,HYEON SU HAN,986,M55-59,Male,Incheon,Incheon,South Korea,KR,2:19:12,6:55:23,5:50:12,0:09:25,0:09:03,15:23:14,8352,24923,21012,565,543,55394,906,795,78,989,867,86,934,823,81,906,795,78,Finisher,1311
Sangho,Cho,Sangho Cho,524,M40-44,Male,부산,KR-26,South Korea,KR,1:32:38,6:59:04,6:34:07,0:11:36,0:06:56,15:24:21,5558,25144,23647,696,416,55461,907,796,142,570,513,101,812,722,131,907,796,142,Finisher,1000
진수,김,진수 김,747,M45-49,Male,울산,KR-31,South Korea,KR,1:25:55,6:34:55,6:53:04,0:09:33,0:21:09,15:24:36,5155,23695,24784,573,1269,55476,908,797,151,350,312,58,663,600,123,908,797,151,Finisher,1000
Suk Young,Lee,Suk Young Lee,218,F25-29,Female,Jinju,Gyeongsangnam-do,South Korea,KR,1:56:23,7:18:25,5:47:34,0:12:08,0:10:58,15:25:27,6983,26305,20854,728,658,55527,909,112,7,938,114,7,943,113,7,909,112,7,Finisher,1603
靖,王,靖 王,771,F45-49,Female,天津,TIANJIN,China,CN,1:47:53,7:00:09,6:19:17,0:08:34,0:09:47,15:25:40,6473,25209,22757,514,587,55540,910,113,18,862,99,12,860,99,15,910,113,18,Finisher,1130
KYUNGHWAN,HWANG,KYUNGHWAN HWANG,510,M40-44,Male,Icheon-si,Gyeonggi-do,South Korea,KR,1:49:40,7:19:53,6:01:08,0:09:12,0:06:01,15:25:54,6580,26393,21668,552,361,55554,911,798,143,888,786,142,924,816,147,911,798,143,Finisher,1000
SEOK,SONG,SEOK SONG,704,M45-49,Male,Gwangju,Rondônia,South Korea,KR,1:50:49,7:07:46,6:05:26,0:14:57,0:08:15,15:27:13,6649,25666,21926,897,495,55633,912,799,152,898,793,147,911,805,154,912,799,152,Finisher,1000
IL,JUNG,IL JUNG,335,M35-39,Male,용인시,KR-41,South Korea,KR,1:49:20,7:20:00,5:45:55,0:16:12,0:16:08,15:27:36,6560,26400,20755,972,968,55656,913,800,102,884,782,102,936,825,103,913,800,102,Finisher,1000
JIAWEN,GE,JIAWEN GE,422,F35-39,Female,Shanghai,New Taipei City,China,CN,2:12:13,6:36:02,6:30:00,0:05:28,0:04:46,15:28:28,7933,23762,23400,328,286,55708,914,114,15,980,120,15,854,98,14,914,114,15,Finisher,1000
Jaegon,Shim,Jaegon Shim,818,M50-54,Male,안산시,경기도,South Korea,KR,2:05:45,6:40:19,6:29:27,0:07:43,0:05:33,15:28:46,7545,24019,23367,463,333,55726,915,801,162,967,850,170,855,757,153,915,801,162,Finisher,1000
Junghun,shin,Junghun shin,493,M40-44,Male,Seoul,Seoul,South Korea,KR,1:43:05,6:49:51,6:33:46,0:10:44,0:12:15,15:29:41,6185,24591,23626,644,735,55781,916,802,144,800,713,130,813,723,132,916,802,144,Finisher,1000
Jeonghyeon,Kim,Jeonghyeon Kim,297,F30-34,Female,용인시,KR-41,South Korea,KR,1:31:47,7:21:31,6:21:29,0:11:08,0:03:50,15:29:45,5507,26491,22889,668,230,55785,917,115,21,543,56,14,887,104,20,917,115,21,Finisher,1373
Kaitlyn,Cavera,Kaitlyn Cavera,298,F30-34,Female,Colorado Springs,Colorado,United States,US,1:28:02,7:19:32,6:22:38,0:11:54,0:07:39,15:29:45,5282,26372,22958,714,459,55785,918,116,22,422,43,11,867,101,19,918,116,22,Finisher,1373
Hyung-Gil,Kim,Hyung-Gil Kim,1079,M60-64,Male,일산,경기도,South Korea,KR,1:26:02,7:06:32,6:41:29,0:11:39,0:07:22,15:33:04,5162,25592,24089,699,442,55984,919,803,41,355,317,12,816,726,37,919,803,41,Finisher,1584
Kang min,Lee,Kang min Lee,1001,M55-59,Male,창원시,Gyeongsangnam-do,South Korea,KR,1:45:02,7:39:28,5:48:11,0:11:55,0:08:47,15:33:23,6302,27568,20891,715,527,56003,920,804,79,828,738,67,955,839,82,920,804,79,Finisher,1189
Raul,Larios Migoyo,Raul Larios Migoyo,256,M30-34,Male,Austin,TX,Cuba,CU,1:31:14,7:07:47,6:36:59,0:10:42,0:07:19,15:34:01,5474,25667,23819,642,439,56041,921,805,65,510,458,43,840,746,59,921,805,65,Finisher,1000
ryu,sung ho,ryu sung ho,888,M50-54,Male,Busan,KR-26,South Korea,KR,1:29:04,7:24:45,6:10:05,0:15:09,0:15:52,15:34:55,5344,26685,22205,909,952,56095,922,806,163,445,399,76,902,797,166,922,806,163,Finisher,1000
Yun,Yu,Yun Yu,958,F50-54,Female,HeFei,CN-AH,China,CN,2:17:57,7:18:36,5:44:16,0:08:43,0:05:43,15:35:15,8277,26316,20656,523,343,56115,923,117,19,987,122,20,970,118,19,923,117,19,Finisher,1815
HEEDO,JUNG,HEEDO JUNG,455,M40-44,Male,북구,Daegu-gwangyeoksi,South Korea,KR,1:25:25,7:12:54,6:22:00,0:19:07,0:18:04,15:37:30,5125,25974,22920,1147,1084,56250,924,807,145,332,297,55,863,764,139,924,807,145,Finisher,1000
TAEHWAN,KIM,TAEHWAN KIM,387,M35-39,Male,Yuseong-gu,Daejeon,South Korea,KR,1:28:37,7:30:51,6:16:15,0:10:43,0:11:07,15:37:32,5317,27051,22575,643,667,56252,925,808,103,437,393,61,905,800,100,925,808,103,Finisher,1000
Kye soo,Kang,Kye soo Kang,1009,M55-59,Male,Seoul,Seoul,South Korea,KR,1:38:18,7:11:15,6:11:56,0:24:00,0:13:45,15:39:13,5898,25875,22316,1440,825,56353,926,809,80,708,634,54,912,806,76,926,809,80,Finisher,1119
Daesun,Han,Daesun Han,612,M45-49,Male,중랑구 면목동 150-30,Seoul,South Korea,KR,1:33:18,7:28:42,6:18:30,0:07:46,0:11:19,15:39:35,5598,26922,22710,466,679,56375,927,810,153,594,534,102,904,799,152,927,810,153,Finisher,1000
Minseok,Shin,Minseok Shin,852,M50-54,Male,BUSAN,KR-26,South Korea,KR,1:32:46,7:58:30,5:53:33,0:09:51,0:04:58,15:39:39,5566,28710,21213,591,298,56379,928,811,164,576,519,104,966,850,173,928,811,164,Finisher,1000
Woo Sik,Kim,Woo Sik Kim,1110,M60-64,Male,경기도,KR-41,South Korea,KR,1:31:25,6:46:49,7:00:47,0:13:22,0:07:48,15:40:11,5485,24409,25247,802,468,56411,929,812,42,518,466,21,760,683,33,929,812,42,Finisher,1498
Jaehyun,Lee,Jaehyun Lee,239,M30-34,Male,Donghae-si,Gangwon-do,South Korea,KR,1:27:03,7:56:48,5:49:34,0:11:58,0:15:12,15:40:35,5223,28608,20974,718,912,56435,930,813,66,386,346,32,953,838,68,930,813,66,Finisher,1000
aola,hansen,aola hansen,223,M30-34,Male,beijing,Beijing,China,CN,1:29:05,7:06:14,6:49:53,0:08:27,0:07:11,15:40:50,5345,25574,24593,507,431,56450,931,814,67,446,400,36,814,724,56,931,814,67,Finisher,1000
Hyekyung,Kim,Hyekyung Kim,951,F50-54,Female,인천광역시,KR-28,South Korea,KR,2:14:42,7:30:35,5:36:31,0:08:53,0:10:12,15:40:53,8082,27035,20191,533,612,56453,932,118,20,984,121,19,975,120,20,932,118,20,Finisher,1747
ki yeon,Kim,ki yeon Kim,837,M50-54,Male,Ansan-si,Sangnok-gu,South Korea,KR,2:09:07,7:45:46,5:28:05,0:10:17,0:07:45,15:40:59,7747,27946,19685,617,465,56459,933,815,165,974,855,171,985,864,174,933,815,165,Finisher,1000
Youn Gi,Park,Youn Gi Park,1115,M60-64,Male,서울시,양천구 ,South Korea,KR,1:46:50,6:45:21,6:45:06,0:11:05,0:12:46,15:41:07,6410,24321,24306,665,766,56467,934,816,43,847,751,38,811,721,36,934,816,43,Finisher,1487
jeun,myeongil,jeun myeongil,821,M50-54,Male,seoul,Seoul,South Korea,KR,1:54:16,7:18:48,6:06:23,0:13:09,0:09:18,15:41:53,6856,26328,21983,789,558,56513,935,817,166,926,814,166,940,829,170,935,817,166,Finisher,1000
King Lam,Lau,King Lam Lau,502,M40-44,Male,hong kong,Hong Kong,Hong Kong,HK,1:44:31,7:23:23,6:09:20,0:14:52,0:09:57,15:42:02,6271,26603,22160,892,597,56522,936,818,146,822,732,133,931,821,149,936,818,146,Finisher,1000
Myungjong,Kim,Myungjong Kim,1016,M55-59,Male,경주시,KR-47,South Korea,KR,1:29:44,5:52:50,7:47:51,0:17:45,0:14:43,15:42:53,5384,21170,28071,1065,883,56573,937,819,81,465,416,31,467,423,33,937,819,81,Finisher,1075
Jungyoon,Kim,Jungyoon Kim,354,M35-39,Male,Seoul,KR-11,South Korea,KR,2:00:45,7:50:55,5:36:06,0:09:48,0:05:34,15:43:07,7245,28255,20166,588,334,56587,938,820,104,956,839,105,981,860,105,938,820,104,Finisher,1000
DONGKYU,BACK,DONGKYU BACK,619,M45-49,Male,Ulsan,Republic of Korea,South Korea,KR,1:41:13,7:38:15,6:00:57,0:12:32,0:11:39,15:44:34,6073,27495,21657,752,699,56674,939,821,154,773,688,123,951,836,159,939,821,154,Finisher,1000
Junki,Bae,Junki Bae,667,M45-49,Male,구례,Jeollanam-do,South Korea,KR,1:38:57,6:53:30,6:51:21,0:13:09,0:07:46,15:44:43,5937,24810,24681,789,466,56683,940,822,155,730,653,119,821,730,143,940,822,155,Finisher,1000
SEUNGYEON,YEOM,SEUNGYEON YEOM,711,M45-49,Male,충주시,KR-43,South Korea,KR,2:09:31,6:54:05,5:58:34,0:35:58,0:07:06,15:45:13,7771,24845,21514,2158,426,56713,941,823,156,975,856,163,962,846,160,941,823,156,Finisher,1000
Leslie Er Loong,Lim,Leslie Er Loong Lim,848,M50-54,Male,Singapore,Singapore,Singapore,SG,1:47:10,6:39:32,7:01:34,0:11:16,0:06:27,15:45:58,6430,23972,25294,676,387,56758,942,824,167,854,757,160,791,707,142,942,824,167,Finisher,1000
KYE JIN ,JUNG ,KYE JIN JUNG,1143,M65-69,Male,부천시,Gyeonggi-do,South Korea,KR,2:13:20,7:09:27,5:56:25,0:14:35,0:12:18,15:46:05,8000,25767,21385,875,738,56765,943,825,18,982,862,21,957,841,20,943,825,18,Finisher,1734
Eungyu,Choi,Eungyu Choi,449,M40-44,Male,고양시 덕양구,KR-41,South Korea,KR,2:19:05,6:19:14,6:49:13,0:08:37,0:10:10,15:46:18,8345,22754,24553,517,610,56778,944,826,147,988,866,151,827,735,135,944,826,147,Finisher,1000
wonjong,Lee,wonjong Lee,723,M45-49,Male,서울특별시,SEOUL-TEUKBYEOLSI,South Korea,KR,2:00:02,7:44:33,5:50:01,0:06:40,0:05:37,15:46:53,7202,27873,21001,400,337,56813,945,827,157,953,836,157,973,855,163,945,827,157,Finisher,1000
Po Ling,Tang,Po Ling Tang,592,F40-44,Female,Hong Kong,Hong Kong,Hong Kong,HK,1:59:01,7:44:41,5:44:24,0:14:27,0:07:46,15:50:19,7141,27881,20664,867,466,57019,946,119,20,949,117,19,978,121,19,946,119,20,Finisher,1000
우빈,지,우빈 지,550,M40-44,Male,고양시,KR-41,South Korea,KR,2:09:36,6:41:33,6:36:37,0:12:18,0:10:46,15:50:49,7776,24093,23797,738,646,57049,947,828,148,976,857,150,884,782,142,947,828,148,Finisher,1000
Duyeon,Kim,Duyeon Kim,445,M40-44,Male,Hwaseong-si ,KR-41,South Korea,KR,1:53:34,6:53:16,6:40:34,0:14:33,0:10:51,15:52:47,6814,24796,24034,873,651,57167,948,829,149,920,809,147,879,777,141,948,829,149,Finisher,1000
Simon,Lee,Simon Lee,884,M50-54,Male,Hong Kong,HK-Hong Kong,Hong Kong,HK,1:17:24,7:09:43,7:07:16,0:10:39,0:07:57,15:52:57,4644,25783,25636,639,477,57177,949,830,168,125,117,13,788,705,140,949,830,168,Finisher,1000
Minsu,Park,Minsu Park,259,M30-34,Male,인천,Incheon,South Korea,KR,1:47:56,7:19:29,6:22:18,0:12:47,0:11:52,15:54:22,6476,26369,22938,767,712,57262,950,831,68,863,764,65,928,818,65,950,831,68,Finisher,1000
대현,김,대현 김,923,M50-54,Male,경상북도,Gyeongsangbuk-do,South Korea,KR,1:24:55,7:27:52,6:46:18,0:08:26,0:07:01,15:54:32,5095,26872,24378,506,421,57272,951,832,169,321,288,54,876,775,159,951,832,169,Finisher,1000
Hyoungjin,Kim,Hyoungjin Kim,461,M40-44,Male,seoul ,KR-11,South Korea,KR,1:48:22,7:40:47,6:03:51,0:12:39,0:09:05,15:54:45,6502,27647,21831,759,545,57285,952,833,150,870,771,141,967,851,151,952,833,150,Finisher,1000
이,은희,이 은희,769,F45-49,Female,광주시,경기도,South Korea,KR,1:56:39,7:28:31,6:09:20,0:11:14,0:09:57,15:55:40,6999,26911,22160,674,597,57340,953,120,19,940,115,18,954,116,19,953,120,19,Finisher,1000
Heon,Cho,Heon Cho,174,M18-24,Male,Seoul,Seoul,South Korea,KR,1:25:47,7:08:16,6:59:40,0:12:04,0:10:05,15:55:52,5147,25696,25180,724,605,57352,954,834,11,343,307,7,823,731,10,954,834,11,Finisher,1186
Changgeun,Jeon,Changgeun Jeon,186,M25-29,Male,서울특별시,KR-11,South Korea,KR,2:06:08,7:34:06,6:03:01,0:07:49,0:06:29,15:57:33,7568,27246,21781,469,389,57453,955,835,31,969,851,31,972,854,31,955,835,31,Finisher,1000
Jose Raphael,Zapata,Jose Raphael Zapata,658,M45-49,Male,Angeles City,PH-PAM,Philippines,PH,1:36:16,7:31:12,6:19:11,0:18:28,0:12:53,15:57:59,5776,27072,22751,1108,773,57479,956,836,158,671,599,112,938,827,156,956,836,158,Finisher,1000
Sungjae,Lee,Sungjae Lee,182,M18-24,Male,Sibley,IA,South Korea,KR,1:55:08,7:32:21,6:13:40,0:11:28,0:05:30,15:58:08,6908,27141,22420,688,330,57488,957,837,12,931,818,12,960,844,12,957,837,12,Finisher,1159
JUNSEOK,DAN,JUNSEOK DAN,248,M30-34,Male,Jungnang-gu,Seoul,South Korea,KR,1:42:52,7:32:34,6:21:30,0:10:46,0:11:39,15:59:21,6172,27154,22890,646,699,57561,958,838,69,797,710,61,939,828,66,958,838,69,Finisher,1000
Seokki,Youn,Seokki Youn,1100,M60-64,Male,제주시,Jeju-do,South Korea,KR,2:16:23,7:33:46,5:56:54,0:07:03,0:05:34,15:59:39,8183,27226,21414,423,334,57579,959,839,44,985,864,48,977,857,46,959,839,44,Finisher,1265
Kwangyoul,Park,Kwangyoul Park,1008,M55-59,Male,안양시,Gyeonggi-do,South Korea,KR,1:37:45,7:27:11,6:33:09,0:13:42,0:09:39,16:01:26,5865,26831,23589,822,579,57686,960,840,82,696,622,52,923,815,80,960,840,82,Finisher,1000
jun-hyeok,park,jun-hyeok park,832,M50-54,Male,경기도 ,김포시,South Korea,KR,1:44:25,7:41:31,6:10:52,0:12:31,0:12:11,16:01:30,6265,27691,22252,751,731,57690,961,841,170,820,730,150,958,842,171,961,841,170,Finisher,1000
양중,김,양중 김,1120,M60-64,Male,부산광역시,동래구,South Korea,KR,1:58:32,7:13:32,6:34:15,0:10:31,0:05:36,16:02:25,7112,26012,23655,631,336,57745,962,842,45,947,831,46,930,820,41,962,842,45,Finisher,1231
JAEHO,WEE,JAEHO WEE,645,M45-49,Male,Naju-si,Jeollanam-do,South Korea,KR,1:48:51,7:27:52,6:24:55,0:14:56,0:07:15,16:03:48,6531,26872,23095,896,435,57828,963,843,159,876,776,141,950,835,158,963,843,159,Finisher,1000
Gyunggeun,Ji,Gyunggeun Ji,624,M45-49,Male,Namyangju-si,Gyeonggi-do,South Korea,KR,2:13:55,7:06:29,6:29:51,0:09:17,0:06:03,16:05:35,8035,25589,23391,557,363,57935,964,844,160,983,863,164,946,831,157,964,844,160,Finisher,1000
Inyoung,Chung,Inyoung Chung,643,M45-49,Male,Songpa-gu,SEOUL,South Korea,KR,1:26:15,7:28:43,6:53:33,0:11:30,0:06:41,16:06:42,5175,26923,24813,690,401,58002,965,845,161,359,321,60,899,794,150,965,845,161,Finisher,1000
Joonhyung,Kim,Joonhyung Kim,999,M55-59,Male,동대문구,KR-11,South Korea,KR,1:53:43,7:53:27,5:57:22,0:14:39,0:07:49,16:07:01,6823,28407,21442,879,469,58021,966,846,83,924,812,73,982,861,85,966,846,83,Finisher,1000
IK SOO,CHOI,IK SOO CHOI,1080,M60-64,Male,서울특별시,KR-11,South Korea,KR,1:35:16,7:37:37,6:35:08,0:09:53,0:13:36,16:11:30,5716,27457,23708,593,816,58290,967,847,46,646,581,25,932,822,42,967,847,46,Finisher,1122
Kyounghoon,Han,Kyounghoon Han,843,M50-54,Male,서울,KR-11,South Korea,KR,1:31:53,7:06:41,7:14:16,0:10:52,0:08:46,16:12:28,5513,25601,26056,652,526,58348,968,848,171,548,492,96,838,744,149,968,848,171,Finisher,1000
Jung-Lee,Seo,Jung-Lee Seo,1157,F65-69,Female,보은,충북,South Korea,KR,1:45:55,7:29:33,6:37:20,0:07:48,0:11:53,16:12:29,6355,26973,23840,468,713,58349,969,121,2,833,93,2,933,111,2,969,121,2,Finisher,4199
Gyung Moo,Baek,Gyung Moo Baek,799,M50-54,Male,전라남도,KR-46,South Korea,KR,1:40:01,7:14:59,6:50:30,0:10:01,0:17:54,16:13:25,6001,26099,24630,601,1074,58405,970,849,172,751,670,144,895,791,164,970,849,172,Finisher,1000
Seongil,Bae,Seongil Bae,707,M45-49,Male,"Jangan-gu, Suwon-si",KR-41,South Korea,KR,1:29:46,7:16:50,6:57:48,0:18:14,0:11:17,16:13:55,5386,26210,25068,1094,677,58435,971,850,162,466,417,77,893,789,149,971,850,162,Finisher,1000
영래,주,영래 주,729,M45-49,Male,춘천시,KR-42,South Korea,KR,1:35:47,7:16:38,6:58:06,0:12:07,0:11:18,16:13:56,5747,26198,25086,727,678,58436,972,851,163,661,590,109,888,784,148,972,851,163,Finisher,1000
Donghuy,Park,Donghuy Park,793,M50-54,Male,고양시,KR-41,South Korea,KR,1:33:54,7:16:56,6:57:58,0:13:54,0:11:20,16:14:03,5634,26216,25078,834,680,58443,973,852,173,608,545,111,892,788,163,973,852,173,Finisher,1000
YeongSik,Han,YeongSik Han,1152,M65-69,Male,서울,KR-11,South Korea,KR,2:02:20,7:44:32,6:04:57,0:15:10,0:07:32,16:14:32,7340,27872,21897,910,452,58472,974,853,19,960,843,19,983,862,21,974,853,19,Finisher,1393
Vilas Krushnarao,Patil,Vilas Krushnarao Patil,722,M45-49,Male,Akola,Maharashtra,India,IN,2:02:56,7:30:49,6:26:12,0:13:15,0:09:53,16:23:05,7376,27049,23172,795,593,58985,975,854,164,962,845,161,971,853,162,975,854,164,Finisher,1000
UNJAE,BAEK,UNJAE BAEK,389,M35-39,Male,진주시,Gyeongsangnam-do,South Korea,KR,1:40:32,7:36:50,6:38:42,0:12:24,0:15:37,16:24:06,6032,27410,23922,744,937,59046,976,855,105,763,680,91,947,832,104,976,855,105,Finisher,1000
Pengqiu,Xu,Pengqiu Xu,265,M30-34,Male,北京市,Beijing,China,CN,2:02:11,7:24:29,6:39:29,0:11:59,0:07:29,16:25:36,7331,26669,23969,719,449,59136,977,856,70,959,842,70,959,843,70,977,856,70,Finisher,1000
SEOK MIN,YOON,SEOK MIN YOON,871,M50-54,Male,제주시,Jeju-do,South Korea,KR,1:35:42,7:31:22,6:49:25,0:18:40,0:12:24,16:27:34,5742,27082,24565,1120,744,59254,978,857,174,658,587,124,937,826,169,978,857,174,Finisher,1000
Hey Jung,Park,Hey Jung Park,1125,F60-64,Female,인천광역시,서구,South Korea,KR,1:57:19,7:44:16,6:28:01,0:10:47,0:08:48,16:29:10,7039,27856,23281,647,528,59350,979,122,6,942,116,6,974,119,6,979,122,6,Finisher,1951
Sanghyeon,Park,Sanghyeon Park,268,M30-34,Male,구미시,Gyeongsangbuk-do,South Korea,KR,1:35:31,7:56:02,6:21:29,0:26:49,0:09:30,16:29:22,5731,28562,22889,1609,570,59362,980,858,71,652,583,50,979,858,71,980,858,71,Finisher,1000
Daehag,Kim,Daehag Kim,974,M55-59,Male,Wonju-si,Ganwon-do,South Korea,KR,1:23:23,8:07:57,6:39:50,0:09:06,0:09:15,16:29:32,5003,29277,23990,546,555,59372,981,859,84,289,261,20,965,849,83,981,859,84,Finisher,1000
Sangin,Nam,Sangin Nam,1159,M70-74,Male,수원시,Gyeonggi-do,South Korea,KR,1:58:27,7:56:50,6:15:18,0:13:42,0:08:32,16:32:48,7107,28610,22518,822,512,59568,982,860,4,946,830,4,986,865,4,982,860,4,Finisher,2753
동길,김,동길 김,1044,M55-59,Male,인천,KR-28,South Korea,KR,1:31:24,7:30:46,7:16:28,0:10:37,0:09:18,16:38:33,5484,27046,26188,637,558,59913,983,861,85,517,465,36,910,804,75,983,861,85,Finisher,1000
Hag Soo,Kim,Hag Soo Kim,1076,M60-64,Male,제주시 ,JEJU-TEUKBYEOLJACHIDO,South Korea,KR,1:58:17,7:58:55,6:24:54,0:11:52,0:07:19,16:41:18,7097,28735,23094,712,439,60078,984,862,47,945,829,45,987,866,48,984,862,47,Finisher,1000
Sungyong,Choi,Sungyong Choi,1148,M65-69,Male,서울,관악구,South Korea,KR,1:37:10,7:04:54,7:40:08,0:12:52,0:06:29,16:41:32,5830,25494,27608,772,389,60092,985,863,20,689,615,10,857,759,16,985,863,20,Finisher,1069
sungjin,an,sungjin an,541,M40-44,Male,Cheongju-si,Chungcheongbuk-do,South Korea,KR,1:49:50,7:39:45,6:58:59,0:09:43,0:07:41,16:45:58,6590,27585,25139,583,461,60358,986,864,151,892,788,144,961,845,150,986,864,151,Finisher,1000
Chang Gyu,Hwang,Chang Gyu Hwang,1134,M65-69,Male,서울,KR-11,South Korea,KR,1:44:11,7:26:27,7:24:45,0:15:43,0:05:12,16:56:18,6251,26787,26685,943,312,60978,987,865,21,815,725,14,942,830,19,987,865,21,Finisher,1000
Kilnyung,Cha,Kilnyung Cha,1004,M55-59,Male,대구광역시,달서구,South Korea,KR,2:16:34,7:38:15,6:39:20,0:14:50,0:07:20,16:56:20,8194,27495,23960,890,440,60980,988,866,86,986,865,85,988,867,86,988,866,86,Finisher,1000
석완,주,석완 주,1117,M60-64,Male,고양시,Gyeonggi-do,South Korea,KR,1:34:49,8:18:01,6:46:30,0:10:33,0:08:47,16:58:40,5689,29881,24390,633,527,61120,989,867,48,631,567,23,984,863,47,989,867,48,Finisher,1000
Kin Tak,Law,Kin Tak Law,672,M45-49,Male,香港,Hong Kong,Hong Kong,HK,1:54:36,,,0:22:14,0:00:00,,6876,0,0,1334,0,0,99999,99999,99999,99999,99999,99999,99999,99999,99999,99999,99999,99999,DNF,0
Jang,Kyung Il,Jang Kyung Il,846,M50-54,Male,부천시,KR-41,South Korea,KR,,,,0:00:00,0:00:00,,0,0,0,0,0,0,99999,99999,99999,99999,99999,99999,99999,99999,99999,99999,99999,99999,DNS,0
정식,임,정식 임,1051,M55-59,Male,아산시,Chungcheongnam-do,South Korea,KR,,,,0:00:00,0:00:00,,0,0,0,0,0,0,99999,99999,99999,99999,99999,99999,99999,99999,99999,99999,99999,99999,DQ,0
Inseon,Chung,Inseon Chung,86,F35-39,Female,Jongno-gu,KR-11,South Korea,KR,,,,0:00:00,0:00:00,,0,0,0,0,0,0,99999,99999,99999,99999,99999,99999,99999,99999,99999,99999,99999,99999,DNS,0
Young Rae,Jung,Young Rae Jung,64,M60-64,Male,강동구,KR-11,South Korea,KR,1:20:07,,,0:05:41,0:00:00,,4807,0,0,341,0,0,99999,99999,99999,99999,99999,99999,99999,99999,99999,99999,99999,99999,DNF,0
Kyoung Moon,Kang,Kyoung Moon Kang,1011,M55-59,Male,전라남도,목포시,South Korea,KR,,,,0:00:00,0:00:00,,0,0,0,0,0,0,99999,99999,99999,99999,99999,99999,99999,99999,99999,99999,99999,99999,DNS,0
kim,junghee,kim junghee,827,M50-54,Male,donggu,gwangju,South Korea,KR,,,,0:00:00,0:00:00,,0,0,0,0,0,0,99999,99999,99999,99999,99999,99999,99999,99999,99999,99999,99999,99999,DNS,0
Soyul,Kim,Soyul Kim,20,F30-34,Female,Seoul,KR-11,South Korea,KR,,,,0:00:00,0:00:00,,0,0,0,0,0,0,99999,99999,99999,99999,99999,99999,99999,99999,99999,99999,99999,99999,DNS,0
석원,강,석원 강,566,M40-44,Male,서울,KR-11,South Korea,KR,,,,0:00:00,0:00:00,,0,0,0,0,0,0,99999,99999,99999,99999,99999,99999,99999,99999,99999,99999,99999,99999,DQ,0
Kihyun,Chung,Kihyun Chung,1003,M55-59,Male,SeoCho Gu,KR-11,South Korea,KR,,,,0:00:00,0:00:00,,0,0,0,0,0,0,99999,99999,99999,99999,99999,99999,99999,99999,99999,99999,99999,99999,DNS,0
Deayoung,Kim,Deayoung Kim,1032,M55-59,Male,서울시,SEOUL-TEUKBYEOLSI,South Korea,KR,1:17:26,4:58:01,,0:05:25,0:03:13,,4646,17881,0,325,193,0,99999,99999,99999,99999,99999,99999,99999,99999,99999,99999,99999,99999,DNF,0
황,재규,황 재규,939,M50-54,Male,파주시,경기도,South Korea,KR,1:34:53,,,0:11:54,0:00:00,,5693,0,0,714,0,0,99999,99999,99999,99999,99999,99999,99999,99999,99999,99999,99999,99999,DNF,0
HYUNG CHUL,PARK,HYUNG CHUL PARK,637,M45-49,Male,고양시,Gyeonggi-do,South Korea,KR,0:58:49,,,0:00:00,0:00:00,,3529,0,0,0,0,0,99999,99999,99999,99999,99999,99999,99999,99999,99999,99999,99999,99999,DNF,0
JAEMAN,SONG,JAEMAN SONG,989,M55-59,Male,화성시,KR-41,South Korea,KR,,,,0:00:00,0:00:00,,0,0,0,0,0,0,99999,99999,99999,99999,99999,99999,99999,99999,99999,99999,99999,99999,DNS,0
JOUNG,SHINWOOK,JOUNG SHINWOOK,1025,M55-59,Male,SEOUL,Seoul,South Korea,KR,,,,0:00:00,0:00:00,,0,0,0,0,0,0,99999,99999,99999,99999,99999,99999,99999,99999,99999,99999,99999,99999,DNS,0
Hyunseok,Bae,Hyunseok Bae,40,M45-49,Male,수영구,BUSAN-GWANGYEOKSI,South Korea,KR,,,,0:00:00,0:00:00,,0,0,0,0,0,0,99999,99999,99999,99999,99999,99999,99999,99999,99999,99999,99999,99999,DNS,0
Trevor,Pratt,Trevor Pratt,282,M30-34,Male,Tuscon,ARIZONA,United States,US,,,,0:00:00,0:00:00,,0,0,0,0,0,0,99999,99999,99999,99999,99999,99999,99999,99999,99999,99999,99999,99999,DNS,0
용래,조,용래 조,84,M35-39,Male,인천,KR-28,South Korea,KR,1:21:25,5:07:53,,0:04:25,0:05:53,,4885,18473,0,265,353,0,99999,99999,99999,99999,99999,99999,99999,99999,99999,99999,99999,99999,DNF,0
Sungdo,Jang,Sungdo Jang,892,M50-54,Male, Haeundae,KR-26,South Korea,KR,1:47:43,8:02:22,,0:11:53,0:09:35,,6463,28942,0,713,575,0,99999,99999,99999,99999,99999,99999,99999,99999,99999,99999,99999,99999,DNF,0
주경,배,주경 배,772,F45-49,Female,경산,경상북도,South Korea,KR,0:10:38,,,0:00:00,0:00:00,,638,0,0,0,0,0,99999,99999,99999,99999,99999,99999,99999,99999,99999,99999,99999,99999,DNF,0
Yongmin,Kim,Yongmin Kim,83,M35-39,Male,Seoul,KR-11,South Korea,KR,,,,0:00:00,0:00:00,,0,0,0,0,0,0,99999,99999,99999,99999,99999,99999,99999,99999,99999,99999,99999,99999,DNS,0
Sangsu,Jang,Sangsu Jang,1098,M60-64,Male,경주시,KR-47,South Korea,KR,1:48:10,6:54:22,,0:12:54,0:08:25,,6490,24862,0,774,505,0,99999,99999,99999,99999,99999,99999,99999,99999,99999,99999,99999,99999,DNF,0
용묵,최,용묵 최,1050,M55-59,Male,강서구,KR-11,South Korea,KR,,,,0:00:00,0:00:00,,0,0,0,0,0,0,99999,99999,99999,99999,99999,99999,99999,99999,99999,99999,99999,99999,DNS,0
Shigeki,Sakamoto,Shigeki Sakamoto,1162,M70-74,Male,FujitzukaTakasaki,JP-10,Japan,JP,1:50:54,8:12:53,,0:10:57,0:08:15,,6654,29573,0,657,495,0,99999,99999,99999,99999,99999,99999,99999,99999,99999,99999,99999,99999,DNF,0
석기,이,석기 이,1047,M55-59,Male,울산,울주군,South Korea,KR,,,,0:00:00,0:00:00,,0,0,0,0,0,0,99999,99999,99999,99999,99999,99999,99999,99999,99999,99999,99999,99999,DNS,0
Seokwoo,Joh,Seokwoo Joh,528,M40-44,Male,용인시,KR-41,South Korea,KR,,,,0:00:00,0:00:00,,0,0,0,0,0,0,99999,99999,99999,99999,99999,99999,99999,99999,99999,99999,99999,99999,DNS,0
Namgwan,Jeong,Namgwan Jeong,854,M50-54,Male,광주광역시,광산구,South Korea,KR,,,,0:00:00,0:00:00,,0,0,0,0,0,0,99999,99999,99999,99999,99999,99999,99999,99999,99999,99999,99999,99999,DQ,0
Junghun,Lee,Junghun Lee,662,M45-49,Male,Seoul,Songpa-gu,South Korea,KR,,,,0:00:00,0:00:00,,0,0,0,0,0,0,99999,99999,99999,99999,99999,99999,99999,99999,99999,99999,99999,99999,DNS,0
Yerkin,Kurmanov,Yerkin Kurmanov,50,M50-54,Male,Atyrau,Atyrau Region,Kazakhstan,KZ,,,,0:00:00,0:00:00,,0,0,0,0,0,0,99999,99999,99999,99999,99999,99999,99999,99999,99999,99999,99999,99999,DNS,0
Tomohiro,Ishida,Tomohiro Ishida,1107,M60-64,Male,TOKYO,JP-JP-13,Japan,JP,,,,0:00:00,0:00:00,,0,0,0,0,0,0,99999,99999,99999,99999,99999,99999,99999,99999,99999,99999,99999,99999,DNS,0
JONGKEUN,LEE,JONGKEUN LEE,996,M55-59,Male,Busan,Busan,South Korea,KR,2:10:21,7:27:48,,0:19:09,0:00:00,,7821,26868,0,1149,0,0,99999,99999,99999,99999,99999,99999,99999,99999,99999,99999,99999,99999,DNF,0
Daehyeon,Kim,Daehyeon Kim,442,M40-44,Male,천안시,충청남도,South Korea,KR,,,,0:00:00,0:00:00,,0,0,0,0,0,0,99999,99999,99999,99999,99999,99999,99999,99999,99999,99999,99999,99999,DNS,0
Haocheng,Liu,Haocheng Liu,13,M25-29,Male,重庆市,CN-CQ,China,CN,,,,0:00:00,0:00:00,,0,0,0,0,0,0,99999,99999,99999,99999,99999,99999,99999,99999,99999,99999,99999,99999,DQ,0
HyoungHoon,Lee,HyoungHoon Lee,460,M40-44,Male,대전광역시,DAEJEON-GWANGYEOKSI,South Korea,KR,,,,0:00:00,0:00:00,,0,0,0,0,0,0,99999,99999,99999,99999,99999,99999,99999,99999,99999,99999,99999,99999,DNS,0
Steven,Han,Steven Han,384,M35-39,Male,Irvine,California,United States,US,2:34:14,,,0:00:00,0:00:00,,9254,0,0,0,0,0,99999,99999,99999,99999,99999,99999,99999,99999,99999,99999,99999,99999,DNF,0
A Qiang,Mao,A Qiang Mao,16,M30-34,Male,金堂县,CN-SC,China,CN,,,,0:00:00,0:00:00,,0,0,0,0,0,0,99999,99999,99999,99999,99999,99999,99999,99999,99999,99999,99999,99999,DNS,0
시중,김,시중 김,741,M45-49,Male,서울,Seoul,South Korea,KR,0:49:04,,,0:00:00,0:00:00,,2944,0,0,0,0,0,99999,99999,99999,99999,99999,99999,99999,99999,99999,99999,99999,99999,DNF,0
Sangcheole,Lee,Sangcheole Lee,696,M45-49,Male,창원시,KR-48,South Korea,KR,,,,0:00:00,0:00:00,,0,0,0,0,0,0,99999,99999,99999,99999,99999,99999,99999,99999,99999,99999,99999,99999,DQ,0
Kevin Kyunghyun,Kim,Kevin Kyunghyun Kim,250,M30-34,Male,Ermington,AU-AU-NSW,Australia,AU,1:17:07,5:48:25,,0:04:50,0:06:54,,4627,20905,0,290,414,0,99999,99999,99999,99999,99999,99999,99999,99999,99999,99999,99999,99999,DNF,0
Kyeongchun,Min,Kyeongchun Min,1010,M55-59,Male,광주광역시,광산구,South Korea,KR,1:56:45,8:03:36,,0:09:16,0:08:25,,7005,29016,0,556,505,0,99999,99999,99999,99999,99999,99999,99999,99999,99999,99999,99999,99999,DNF,0
Ajaipaul,Grewal,Ajaipaul Grewal,220,M30-34,Male,Brampton,ON,Canada,CA,,,,0:00:00,0:00:00,,0,0,0,0,0,0,99999,99999,99999,99999,99999,99999,99999,99999,99999,99999,99999,99999,DQ,0
Geunbae,Yoo,Geunbae Yoo,1074,M60-64,Male,전남,KR-46,South Korea,KR,1:51:37,8:08:07,6:56:46,0:09:40,0:05:45,17:11:55,6697,29287,25006,580,345,61915,99999,99999,99999,99999,99999,99999,99999,99999,99999,99999,99999,99999,Unofficial,0
Han Kwon,Yoo,Han Kwon Yoo,112,M45-49,Male,고양시,KR-41,South Korea,KR,1:53:34,,,0:07:39,0:00:00,,6814,0,0,459,0,0,99999,99999,99999,99999,99999,99999,99999,99999,99999,99999,99999,99999,DNF,0
Hungi,Lee,Hungi Lee,1078,M60-64,Male,김포,경기도,South Korea,KR,,,,0:00:00,0:00:00,,0,0,0,0,0,0,99999,99999,99999,99999,99999,99999,99999,99999,99999,99999,99999,99999,DNS,0
상석 (Sang Soak),안 (Ahn),상석 (Sang Soak) 안 (Ahn),130,M45-49,Male,부산,KR-26,South Korea,KR,,,,0:00:00,0:00:00,,0,0,0,0,0,0,99999,99999,99999,99999,99999,99999,99999,99999,99999,99999,99999,99999,DNS,0
Masao,Kikuoka,Masao Kikuoka,69,M70-74,Male,Toyonaka-shi,JP-27,Japan,JP,1:18:45,,,0:00:00,0:00:00,,4725,0,0,0,0,0,99999,99999,99999,99999,99999,99999,99999,99999,99999,99999,99999,99999,DNF,0
Jie,Shao,Jie Shao,245,M30-34,Male,Nantong,CN-JS,China,CN,,,,0:00:00,0:00:00,,0,0,0,0,0,0,99999,99999,99999,99999,99999,99999,99999,99999,99999,99999,99999,99999,DNS,0
Samsul Bahari,Adnan,Samsul Bahari Adnan,864,M50-54,Male,AMPANG,MY-10,Malaysia,MY,,,,0:00:00,0:00:00,,0,0,0,0,0,0,99999,99999,99999,99999,99999,99999,99999,99999,99999,99999,99999,99999,DNS,0
Myeong gyu,Han,Myeong gyu Han,368,M35-39,Male,연수구,Incheon,South Korea,KR,1:33:07,,,0:12:50,0:00:00,,5587,0,0,770,0,0,99999,99999,99999,99999,99999,99999,99999,99999,99999,99999,99999,99999,DNF,0
EUNCHUL,JUNG,EUNCHUL JUNG,326,M35-39,Male,Uiwang-si,Gyeonggi-do,South Korea,KR,1:34:45,,,0:07:45,0:00:00,,5685,0,0,465,0,0,99999,99999,99999,99999,99999,99999,99999,99999,99999,99999,99999,99999,DNF,0
Jung Dong,Kim,Jung Dong Kim,119,M45-49,Male,대구,KR-27,South Korea,KR,1:29:01,,,0:03:44,0:00:00,,5341,0,0,224,0,0,99999,99999,99999,99999,99999,99999,99999,99999,99999,99999,99999,99999,DNF,0
Seongsu,Kim,Seongsu Kim,60,M55-59,Male,JEONJU,KR-45,South Korea,KR,1:23:16,5:19:22,,0:03:36,0:06:48,,4996,19162,0,216,408,0,99999,99999,99999,99999,99999,99999,99999,99999,99999,99999,99999,99999,DNF,0
은식,장,은식 장,19,M30-34,Male,Sokcho-si,KR-42,South Korea,KR,1:21:22,,,0:02:54,0:00:00,,4882,0,0,174,0,0,99999,99999,99999,99999,99999,99999,99999,99999,99999,99999,99999,99999,DNF,0
Chulsun,Yoo,Chulsun Yoo,785,M50-54,Male,Dapsip-Ri,Dongdaemun-Gu,South Korea,KR,,,,0:00:00,0:00:00,,0,0,0,0,0,0,99999,99999,99999,99999,99999,99999,99999,99999,99999,99999,99999,99999,DNS,0
Chu Lin,Hsiao,Chu Lin Hsiao,784,M50-54,Male,桃園市,Taoyuan City,Taiwan,TW,,,,0:00:00,0:00:00,,0,0,0,0,0,0,99999,99999,99999,99999,99999,99999,99999,99999,99999,99999,99999,99999,DNS,0
JAESOO ,NAM ,JAESOO NAM,990,M55-59,Male,영등포구 ,KR-11,South Korea,KR,,,,0:00:00,0:00:00,,0,0,0,0,0,0,99999,99999,99999,99999,99999,99999,99999,99999,99999,99999,99999,99999,DNF,0
Patrick,Guinet,Patrick Guinet,860,M50-54,Male,ROLEYSTONE,WA,France,FR,,,,0:00:00,0:00:00,,0,0,0,0,0,0,99999,99999,99999,99999,99999,99999,99999,99999,99999,99999,99999,99999,DNS,0
JUNMOK,JO,JUNMOK JO,356,M35-39,Male,Daegu,서구,South Korea,KR,,,,0:00:00,0:00:00,,0,0,0,0,0,0,99999,99999,99999,99999,99999,99999,99999,99999,99999,99999,99999,99999,DNS,0
JONG WON,SHON,JONG WON SHON,1141,M65-69,Male,Osan-si,KR-41,United States,US,,,,0:00:00,0:00:00,,0,0,0,0,0,0,99999,99999,99999,99999,99999,99999,99999,99999,99999,99999,99999,99999,DNS,0
SEHOON,KIM,SEHOON KIM,526,M40-44,Male,Busan,Busan,South Korea,KR,1:29:40,6:39:53,,0:08:20,0:07:34,,5380,23993,0,500,454,0,99999,99999,99999,99999,99999,99999,99999,99999,99999,99999,99999,99999,DNF,0
Ryan,Devlin,Ryan Devlin,203,M25-29,Male,Banbridge,Northern Ireland,United Kingdom,GB,,,,0:00:00,0:00:00,,0,0,0,0,0,0,99999,99999,99999,99999,99999,99999,99999,99999,99999,99999,99999,99999,DNS,0
Dong,Yan,Dong Yan,323,M35-39,Male,Beijing,Beijing,China,CN,,,,0:00:00,0:00:00,,0,0,0,0,0,0,99999,99999,99999,99999,99999,99999,99999,99999,99999,99999,99999,99999,DNS,0
Vincent,Cremers,Vincent Cremers,897,M50-54,Male,Seoul,KR-11,Belgium,BE,,,,0:00:00,0:00:00,,0,0,0,0,0,0,99999,99999,99999,99999,99999,99999,99999,99999,99999,99999,99999,99999,DNS,0
한신,정,한신 정,1054,M55-59,Male,강동구,Seoul,South Korea,KR,,,,0:00:00,0:00:00,,0,0,0,0,0,0,99999,99999,99999,99999,99999,99999,99999,99999,99999,99999,99999,99999,DNS,0
기영,이,기영 이,77,F30-34,Female,전주시,KR-49,South Korea,KR,1:21:07,,,0:06:25,0:00:00,,4867,0,0,385,0,0,99999,99999,99999,99999,99999,99999,99999,99999,99999,99999,99999,99999,DNF,0
yoonduk,chang,yoonduk chang,728,M45-49,Male,jeju,jeju,South Korea,KR,,,,0:00:00,0:00:00,,0,0,0,0,0,0,99999,99999,99999,99999,99999,99999,99999,99999,99999,99999,99999,99999,DNS,0
Seoksoon,Yim,Seoksoon Yim,705,M45-49,Male,Iksan-si,Jeollabuk-do,South Korea,KR,,,,0:00:00,0:00:00,,0,0,0,0,0,0,99999,99999,99999,99999,99999,99999,99999,99999,99999,99999,99999,99999,DNS,0
Kapil,Chandak,Kapil Chandak,499,M40-44,Male,Sangamner,Maharashtra,India,IN,,,,0:00:00,0:00:00,,0,0,0,0,0,0,99999,99999,99999,99999,99999,99999,99999,99999,99999,99999,99999,99999,DNS,0
Min Keun,Lee,Min Keun Lee,1045,M55-59,Male,BUSAN,GIJANGGUN,South Korea,KR,1:49:10,7:25:07,7:39:02,0:13:37,0:04:37,17:11:33,6550,26707,27542,817,277,61893,99999,99999,99999,99999,99999,99999,99999,99999,99999,99999,99999,99999,Unofficial,0
Yunsun,Lee,Yunsun Lee,1067,F55-59,Female,서울,KR-11,South Korea,KR,,,,0:00:00,0:00:00,,0,0,0,0,0,0,99999,99999,99999,99999,99999,99999,99999,99999,99999,99999,99999,99999,DNS,0
NISHANT,BHARDWAJ,NISHANT BHARDWAJ,370,M35-39,Male,NAVI MUMBAI,IN-MH,India,IN,,,,0:00:00,0:00:00,,0,0,0,0,0,0,99999,99999,99999,99999,99999,99999,99999,99999,99999,99999,99999,99999,DNS,0
경수,윤,경수 윤,623,M45-49,Male,강원도,KR-42,South Korea,KR,,,,0:00:00,0:00:00,,0,0,0,0,0,0,99999,99999,99999,99999,99999,99999,99999,99999,99999,99999,99999,99999,DNS,0
Dongwoo,Kim,Dongwoo Kim,794,M50-54,Male,경기도,화성시,South Korea,KR,1:14:51,5:31:49,,0:06:35,0:06:13,,4491,19909,0,395,373,0,99999,99999,99999,99999,99999,99999,99999,99999,99999,99999,99999,99999,DNF,0
은하,이,은하 이,406,M35-39,Male,대구,수성구,South Korea,KR,,,,0:00:00,0:00:00,,0,0,0,0,0,0,99999,99999,99999,99999,99999,99999,99999,99999,99999,99999,99999,99999,DNS,0
Junyan,He,Junyan He,498,M40-44,Male,Zhuhai,GUANGDONG,China,CN,2:25:33,,,0:00:00,0:00:00,,8733,0,0,0,0,0,99999,99999,99999,99999,99999,99999,99999,99999,99999,99999,99999,99999,DNF,0
Ryosuke,Iwasaki,Ryosuke Iwasaki,863,M50-54,Male,京都市中京区,JP-26,Japan,JP,,,,0:00:00,0:00:00,,0,0,0,0,0,0,99999,99999,99999,99999,99999,99999,99999,99999,99999,99999,99999,99999,DNS,0
Nils,Koblitz,Nils Koblitz,518,M40-44,Male,Singapore,SG-01,Germany,DE,1:14:35,,,0:06:32,0:00:00,,4475,0,0,392,0,0,99999,99999,99999,99999,99999,99999,99999,99999,99999,99999,99999,99999,DNF,0
Sergey,Pozdniakov,Sergey Pozdniakov,561,M40-44,Male,Saint-Petersburg,"Saint-Petersburg
Saint-Petersburg",Romania,RO,1:52:08,,,0:00:00,0:00:00,,6728,0,0,0,0,0,99999,99999,99999,99999,99999,99999,99999,99999,99999,99999,99999,99999,DNF,0
Kanat,Zhanatov,Kanat Zhanatov,31,M40-44,Male,Astana,KZ-AST,Kazakhstan,KZ,,,,0:00:00,0:00:00,,0,0,0,0,0,0,99999,99999,99999,99999,99999,99999,99999,99999,99999,99999,99999,99999,DNS,0
Yangsu,Park,Yangsu Park,1163,M70-74,Male,구례,구례,South Korea,KR,,,,0:00:00,0:00:00,,0,0,0,0,0,0,99999,99999,99999,99999,99999,99999,99999,99999,99999,99999,99999,99999,DNS,0
hyunwoo,lee,hyunwoo lee,466,M40-44,,서울시,KR-11,South Korea,KR,,,,0:00:00,0:00:00,,0,0,0,0,0,0,99999,99999,99999,99999,99999,99999,99999,99999,99999,99999,99999,99999,DNS,0
Chen,Jing,Chen Jing,755,F45-49,Female,Haikou,CN-HI,China,CN,,,,0:00:00,0:00:00,,0,0,0,0,0,0,99999,99999,99999,99999,99999,99999,99999,99999,99999,99999,99999,99999,DNF,0
달곤,김,달곤 김,1071,M60-64,Male,대구광역시,수성구 수성로 71,South Korea,KR,1:47:35,7:44:24,,0:17:40,0:12:55,,6455,27864,0,1060,775,0,99999,99999,99999,99999,99999,99999,99999,99999,99999,99999,99999,99999,DNF,0
Yang,Chanhee,Yang Chanhee,315,M35-39,Male,Seogu,Incheon,South Korea,KR,,,,0:00:00,0:00:00,,0,0,0,0,0,0,99999,99999,99999,99999,99999,99999,99999,99999,99999,99999,99999,99999,DNS,0
Brandon,Roux,Brandon Roux,185,M25-29,Male,Worcester,Massachusetts,United States,US,,,,0:00:00,0:00:00,,0,0,0,0,0,0,99999,99999,99999,99999,99999,99999,99999,99999,99999,99999,99999,99999,DNS,0
MYUNG CHUN,JO,MYUNG CHUN JO,1144,M65-69,Male,"44, Jungchon-ro 28beon-gil, Jung-gu",KR-30,South Korea,KR,,,,0:00:00,0:00:00,,0,0,0,0,0,0,99999,99999,99999,99999,99999,99999,99999,99999,99999,99999,99999,99999,DNS,0
Rupesh,S,Rupesh S,694,M45-49,Male,ALAPPUZHA,IN-KL,India,IN,,,,0:00:00,0:00:00,,0,0,0,0,0,0,99999,99999,99999,99999,99999,99999,99999,99999,99999,99999,99999,99999,DNS,0
Hyemin,Yoo,Hyemin Yoo,458,M40-44,Male,인천,Incheon,South Korea,KR,,,,0:00:00,0:00:00,,0,0,0,0,0,0,99999,99999,99999,99999,99999,99999,99999,99999,99999,99999,99999,99999,DNS,0
중돈,최,중돈 최,1164,M70-74,Male,군산시,전북,South Korea,KR,1:52:17,7:46:41,,0:11:26,0:08:53,,6737,28001,0,686,533,0,99999,99999,99999,99999,99999,99999,99999,99999,99999,99999,99999,99999,DNF,0
정이,이,정이 이,1131,F60-64,Female,서울시,KR-11,South Korea,KR,,,,0:00:00,0:00:00,,0,0,0,0,0,0,99999,99999,99999,99999,99999,99999,99999,99999,99999,99999,99999,99999,DNS,0
Young Hoon,Kim,Young Hoon Kim,166,M60-64,Male,경기도 의정부시,KR-41,South Korea,KR,,,,0:00:00,0:00:00,,0,0,0,0,0,0,99999,99999,99999,99999,99999,99999,99999,99999,99999,99999,99999,99999,DNS,0
Rahul,Tambe,Rahul Tambe,519,M40-44,Male,PUNE,MAHARASHTRA,India,IN,2:29:00,,,0:00:00,0:00:00,,8940,0,0,0,0,0,99999,99999,99999,99999,99999,99999,99999,99999,99999,99999,99999,99999,DNF,0
Kiran,Shahu,Kiran Shahu,503,M40-44,Male,sangli,Maharashtra,India,IN,,,,0:00:00,0:00:00,,0,0,0,0,0,0,99999,99999,99999,99999,99999,99999,99999,99999,99999,99999,99999,99999,DNS,0
Joonho,Cha,Joonho Cha,998,M55-59,Male,Gwangmyeong-si,Gwangmyeong -si,South Korea,KR,,,,0:00:00,0:00:00,,0,0,0,0,0,0,99999,99999,99999,99999,99999,99999,99999,99999,99999,99999,99999,99999,DNS,0
Jarim,Shin,Jarim Shin,474,M40-44,Male,Ulsan,Ulsan,South Korea,KR,,,,0:00:00,0:00:00,,0,0,0,0,0,0,99999,99999,99999,99999,99999,99999,99999,99999,99999,99999,99999,99999,DNS,0
Woonjae,Jeong,Woonjae Jeong,1111,M60-64,Male,남구,Ulsan,South Korea,KR,2:00:04,7:44:47,,0:20:41,0:00:00,,7204,27887,0,1241,0,0,99999,99999,99999,99999,99999,99999,99999,99999,99999,99999,99999,99999,DNF,0
Kumar,Kishlay Rai,Kumar Kishlay Rai,24,M35-39,Male,New Delhi,,India,IN,,,,0:00:00,0:00:00,,0,0,0,0,0,0,99999,99999,99999,99999,99999,99999,99999,99999,99999,99999,99999,99999,DNS,0
현원,임,현원 임,116,M45-49,Male,서울,Kerala,South Korea,KR,,,,0:00:00,0:00:00,,0,0,0,0,0,0,99999,99999,99999,99999,99999,99999,99999,99999,99999,99999,99999,99999,DNS,0
HOJUN,LEE,HOJUN LEE,456,M40-44,Male,Incheon,INCHEON-GWANGYEOKSI,South Korea,KR,,,,0:00:00,0:00:00,,0,0,0,0,0,0,99999,99999,99999,99999,99999,99999,99999,99999,99999,99999,99999,99999,DNS,0
Seok Hee,Hwang,Seok Hee Hwang,1,M25-29,Male,송파구,KR-11,South Korea,KR,1:02:54,4:45:40,,0:02:38,0:01:33,,3774,17140,0,158,93,0,99999,99999,99999,99999,99999,99999,99999,99999,99999,99999,99999,99999,DNF,0
경남,김,경남 김,403,M35-39,Male,부천시,KR-41,South Korea,KR,0:25:35,,,0:00:00,0:00:00,,1535,0,0,0,0,0,99999,99999,99999,99999,99999,99999,99999,99999,99999,99999,99999,99999,DNF,0
Kylie,Lloyd,Kylie Lloyd,37,F40-44,Female,Northcote,AU-VIC,Australia,AU,,,,0:00:00,0:00:00,,0,0,0,0,0,0,99999,99999,99999,99999,99999,99999,99999,99999,99999,99999,99999,99999,DNS,0
Cheonseok,Lee,Cheonseok Lee,438,M40-44,Male,Cheongju-si,KR-43,South Korea,KR,,,,0:00:00,0:00:00,,0,0,0,0,0,0,99999,99999,99999,99999,99999,99999,99999,99999,99999,99999,99999,99999,DNS,0
Soyeon ,Jun,Soyeon Jun,766,F45-49,Female,"704-1103,36, Hwasin-ro, Deogyang-gu, Goyang-si",GYEONGGI-DO,South Korea,KR,2:25:21,,,0:00:00,0:00:00,,8721,0,0,0,0,0,99999,99999,99999,99999,99999,99999,99999,99999,99999,99999,99999,99999,DNF,0
Dohyeon,Kim,Dohyeon Kim,170,M18-24,Male,서울,Seoul-Jikhalsi,South Korea,KR,,,,0:00:00,0:00:00,,0,0,0,0,0,0,99999,99999,99999,99999,99999,99999,99999,99999,99999,99999,99999,99999,DNS,0
samel,choi,samel choi,522,M40-44,Male,Gangnam-gu,Seoul,South Korea,KR,,,,0:00:00,0:00:00,,0,0,0,0,0,0,99999,99999,99999,99999,99999,99999,99999,99999,99999,99999,99999,99999,DNS,0
환진,김,환진 김,290,M30-34,Male,중구,KR-28,South Korea,KR,,,,0:00:00,0:00:00,,0,0,0,0,0,0,99999,99999,99999,99999,99999,99999,99999,99999,99999,99999,99999,99999,DNS,0
Sanghoon,Oh,Sanghoon Oh,1097,M60-64,Male,서울,강서구,South Korea,KR,,,,0:00:00,0:00:00,,0,0,0,0,0,0,99999,99999,99999,99999,99999,99999,99999,99999,99999,99999,99999,99999,DNS,0
Ka Pik,Chan,Ka Pik Chan,953,F50-54,Female,Kowloon,Hong Kong,Hong Kong,HK,2:27:43,,,0:00:00,0:00:00,,8863,0,0,0,0,0,99999,99999,99999,99999,99999,99999,99999,99999,99999,99999,99999,99999,DNF,0
Sureshkumar Krishnarao,Bhusange,Sureshkumar Krishnarao Bhusange,1027,M55-59,Male,Yavatmal,Maharashtra,India,IN,0:56:12,,,0:00:00,0:00:00,,3372,0,0,0,0,0,99999,99999,99999,99999,99999,99999,99999,99999,99999,99999,99999,99999,DNF,0
Lee,Mijeong,Lee Mijeong,590,F40-44,Female,Changwonsi,Masanhappogu,South Korea,KR,,,,0:00:00,0:00:00,,0,0,0,0,0,0,99999,99999,99999,99999,99999,99999,99999,99999,99999,99999,99999,99999,DNS,0
myungsik,hong,myungsik hong,1093,M60-64,Male,Sokcho City,KR-42,South Korea,KR,1:17:01,,,0:06:14,0:00:00,,4621,0,0,374,0,0,99999,99999,99999,99999,99999,99999,99999,99999,99999,99999,99999,99999,DNF,0
성범,변,성범 변,930,M50-54,Male,제주시,KR-49,South Korea,KR,1:22:12,6:39:43,,0:13:06,0:07:04,,4932,23983,0,786,424,0,99999,99999,99999,99999,99999,99999,99999,99999,99999,99999,99999,99999,DNF,0
LEE,JEWON,LEE JEWON,476,M40-44,Male,Cheonan,Chungcheongnam-do,South Korea,KR,2:04:22,7:44:36,,0:07:46,0:00:00,,7462,27876,0,466,0,0,99999,99999,99999,99999,99999,99999,99999,99999,99999,99999,99999,99999,DNF,0
Есеней,Кочеганов,Есеней Кочеганов,447,M40-44,Male,Moscow,MOSKOVSKAYA OBLAST',Kazakhstan,KZ,,,,0:00:00,0:00:00,,0,0,0,0,0,0,99999,99999,99999,99999,99999,99999,99999,99999,99999,99999,99999,99999,DNS,0
향수,허,향수 허,1128,F60-64,Female,서울,Seoul,South Korea,KR,,,,0:00:00,0:00:00,,0,0,0,0,0,0,99999,99999,99999,99999,99999,99999,99999,99999,99999,99999,99999,99999,DQ,0
kim,taegyun,kim taegyun,157,M55-59,Male,gwangmyung,KR-41,South Korea,KR,0:57:12,,,0:00:00,0:00:00,,3432,0,0,0,0,0,99999,99999,99999,99999,99999,99999,99999,99999,99999,99999,99999,99999,DNF,0
Uiin,Kim,Uiin Kim,165,M60-64,Male,진주,KR-48,South Korea,KR,,,,0:00:00,0:00:00,,0,0,0,0,0,0,99999,99999,99999,99999,99999,99999,99999,99999,99999,99999,99999,99999,DNS,0
Santino,Crespo,Santino Crespo,205,M25-29,,Olympia,WA,United States,US,,,,0:00:00,0:00:00,,0,0,0,0,0,0,99999,99999,99999,99999,99999,99999,99999,99999,99999,99999,99999,99999,DNS,0
Choong Hon,Kim,Choong Hon Kim,55,M55-59,Male,서울시,KR-11,South Korea,KR,,,,0:00:00,0:00:00,,0,0,0,0,0,0,99999,99999,99999,99999,99999,99999,99999,99999,99999,99999,99999,99999,DNS,0
Jaisung,Yang,Jaisung Yang,1122,M60-64,Male,경상북도,문경시,South Korea,KR,0:26:54,,,0:00:00,0:00:00,,1614,0,0,0,0,0,99999,99999,99999,99999,99999,99999,99999,99999,99999,99999,99999,99999,DNF,0
Sung Do,Lee,Sung Do Lee,1146,M65-69,Male,인천,KR-28,South Korea,KR,,,,0:00:00,0:00:00,,0,0,0,0,0,0,99999,99999,99999,99999,99999,99999,99999,99999,99999,99999,99999,99999,DNS,0
Taehoon,Kim,Taehoon Kim,1030,M55-59,Male,ulsan,korea,South Korea,KR,1:24:02,,,0:11:22,0:00:00,,5042,0,0,682,0,0,99999,99999,99999,99999,99999,99999,99999,99999,99999,99999,99999,99999,DNF,0
Myeongsu,Kim,Myeongsu Kim,686,M45-49,Male,울산,북구,South Korea,KR,1:24:30,5:04:01,,0:10:00,0:05:27,,5070,18241,0,600,327,0,99999,99999,99999,99999,99999,99999,99999,99999,99999,99999,99999,99999,DNF,0
Kugcheol,Lee,Kugcheol Lee,1142,M65-69,Male,goyangsi,KR-41,South Korea,KR,1:40:24,5:56:57,,0:10:30,0:11:30,,6024,21417,0,630,690,0,99999,99999,99999,99999,99999,99999,99999,99999,99999,99999,99999,99999,DNF,0
외용,김,외용 김,168,M65-69,Male,성남시,KR-41,South Korea,KR,1:46:18,6:04:16,,0:08:59,0:06:41,,6378,21856,0,539,401,0,99999,99999,99999,99999,99999,99999,99999,99999,99999,99999,99999,99999,DNF,0
Valentina,Kukrus,Valentina Kukrus,53,F50-54,Female,Moskow,RU-MOW,Kyrgyzstan,KG,,,,0:00:00,0:00:00,,0,0,0,0,0,0,99999,99999,99999,99999,99999,99999,99999,99999,99999,99999,99999,99999,DNS,0
DAQING,MAO,DAQING MAO,1013,M55-59,Male,Beijing,CN-11,China,CN,,,,0:00:00,0:00:00,,0,0,0,0,0,0,99999,99999,99999,99999,99999,99999,99999,99999,99999,99999,99999,99999,DNS,0
You Sook,Lee,You Sook Lee,1127,F60-64,Female,Seoul,KR-11,South Korea,KR,,,,0:00:00,0:00:00,,0,0,0,0,0,0,99999,99999,99999,99999,99999,99999,99999,99999,99999,99999,99999,99999,DNS,0
Park,Byunghoon,Park Byunghoon,605,M45-49,Male,Icheon-si,KR-41,South Korea,KR,,,,0:00:00,0:00:00,,0,0,0,0,0,0,99999,99999,99999,99999,99999,99999,99999,99999,99999,99999,99999,99999,DNS,0
KIM,DONGMYOUNG,KIM DONGMYOUNG,39,M45-49,Male,Cheongju-si,KR-43,South Korea,KR,,,,0:00:00,0:00:00,,0,0,0,0,0,0,99999,99999,99999,99999,99999,99999,99999,99999,99999,99999,99999,99999,DNS,0
Francis,Liwas,Francis Liwas,78,M35-39,Male,OAKLEY,US-CA,United States,US,0:27:20,,,0:00:00,0:00:00,,1640,0,0,0,0,0,99999,99999,99999,99999,99999,99999,99999,99999,99999,99999,99999,99999,DNF,0
Insoo,Kim,Insoo Kim,571,M40-44,Male,Mapo-gu,KR-11,South Korea,KR,,,,0:00:00,0:00:00,,0,0,0,0,0,0,99999,99999,99999,99999,99999,99999,99999,99999,99999,99999,99999,99999,DNS,0
Mihye,Park,Mihye Park,955,F50-54,Female,용인시,Gyeonggi-do,South Korea,KR,2:07:19,4:33:29,,0:12:35,0:09:03,,7639,16409,0,755,543,0,99999,99999,99999,99999,99999,99999,99999,99999,99999,99999,99999,99999,DNF,0
Seung chul,Hyun,Seung chul Hyun,98,M40-44,Male,서울,Seoul,South Korea,KR,1:33:11,,,0:05:20,0:00:00,,5591,0,0,320,0,0,99999,99999,99999,99999,99999,99999,99999,99999,99999,99999,99999,99999,DNF,0
재혁,김,재혁 김,574,M40-44,Male,부산광역시,기장군,South Korea,KR,2:35:38,,,0:00:00,0:00:00,,9338,0,0,0,0,0,99999,99999,99999,99999,99999,99999,99999,99999,99999,99999,99999,99999,DNF,0
Yangim,Jeong,Yangim Jeong,1064,F55-59,Female,서울,KR-11,South Korea,KR,,,,0:00:00,0:00:00,,0,0,0,0,0,0,99999,99999,99999,99999,99999,99999,99999,99999,99999,99999,99999,99999,DNS,0
Hyungjun,Park,Hyungjun Park,639,M45-49,Male,"Gwangsan-gu, Gwangju",AP,South Korea,KR,2:20:29,7:19:56,6:39:39,0:11:59,0:07:06,16:39:09,8429,26396,23979,719,426,59949,99999,99999,99999,99999,99999,99999,99999,99999,99999,99999,99999,99999,Unofficial,0
Jie,Yin,Jie Yin,1060,F55-59,Female,Yin Chuan,CN-NX,Cuba,CU,,,,0:00:00,0:00:00,,0,0,0,0,0,0,99999,99999,99999,99999,99999,99999,99999,99999,99999,99999,99999,99999,DQ,0
Keumja,Lee,Keumja Lee,763,F45-49,Female,김포시,Gyeonggi-do,South Korea,KR,,,,0:00:00,0:00:00,,0,0,0,0,0,0,99999,99999,99999,99999,99999,99999,99999,99999,99999,99999,99999,99999,DNS,0
Hong Jun,Kim,Hong Jun Kim,804,M50-54,Male,Jinju-si,KR-48,South Korea,KR,,,,0:00:00,0:00:00,,0,0,0,0,0,0,99999,99999,99999,99999,99999,99999,99999,99999,99999,99999,99999,99999,DNS,0
Seong Chan,Cheong,Seong Chan Cheong,1155,M65-69,Male,제주,제주시,South Korea,KR,,,,0:00:00,0:00:00,,0,0,0,0,0,0,99999,99999,99999,99999,99999,99999,99999,99999,99999,99999,99999,99999,DQ,0
HONGYIN,TANG,HONGYIN TANG,175,M18-24,Male,shenzhen,guangdong,China,CN,,,,0:00:00,0:00:00,,0,0,0,0,0,0,99999,99999,99999,99999,99999,99999,99999,99999,99999,99999,99999,99999,DNS,0
DONGJAE,YOO,DONGJAE YOO,1072,M60-64,Male,성남시,KR-41,South Korea,KR,,,,0:00:00,0:00:00,,0,0,0,0,0,0,99999,99999,99999,99999,99999,99999,99999,99999,99999,99999,99999,99999,DNS,0
Taegeun,O,Taegeun O,1029,M55-59,Male,서울,동작구,South Korea,KR,,,,0:00:00,0:00:00,,0,0,0,0,0,0,99999,99999,99999,99999,99999,99999,99999,99999,99999,99999,99999,99999,DNS,0
향수,허,향수 허,963,F50-54,Female,서울,Seoul,South Korea,KR,1:57:01,,,0:10:23,0:00:00,,7021,0,0,623,0,0,99999,99999,99999,99999,99999,99999,99999,99999,99999,99999,99999,99999,DNF,0
Bokhun,Lee,Bokhun Lee,774,M50-54,Male,"deogyang-gu, goyang-si",gyeonggi-do,South Korea,KR,,,,0:00:00,0:00:00,,0,0,0,0,0,0,99999,99999,99999,99999,99999,99999,99999,99999,99999,99999,99999,99999,DNS,0
Sang Woo,Joo,Sang Woo Joo,523,M40-44,Male,서울,KR-11,South Korea,KR,2:11:01,8:11:51,5:38:34,0:10:29,0:03:17,16:15:12,7861,29511,20314,629,197,58512,99999,99999,99999,99999,99999,99999,99999,99999,99999,99999,99999,99999,DNF,0
BYUNG JUN,KWAK,BYUNG JUN KWAK,225,M30-34,Male,Seo-gu,KR-28,South Korea,KR,1:31:22,5:47:43,,0:04:41,0:04:55,,5482,20863,0,281,295,0,99999,99999,99999,99999,99999,99999,99999,99999,99999,99999,99999,99999,DNF,0
DOO HWAN,HWANG,DOO HWAN HWANG,622,M45-49,Male,Jochiwon-eup,KR-50,South Korea,KR,,,,0:00:00,0:00:00,,0,0,0,0,0,0,99999,99999,99999,99999,99999,99999,99999,99999,99999,99999,99999,99999,DNS,0
하동,성,하동 성,453,M40-44,Male,인천,서구,South Korea,KR,1:53:47,7:56:14,,0:10:46,0:00:00,,6827,28574,0,646,0,0,99999,99999,99999,99999,99999,99999,99999,99999,99999,99999,99999,99999,DNF,0
태준,이,태준 이,213,M25-29,Male,강원도,칠전동,South Korea,KR,,,,0:00:00,0:00:00,,0,0,0,0,0,0,99999,99999,99999,99999,99999,99999,99999,99999,99999,99999,99999,99999,DNS,0
Paul,Brown-Kenyon,Paul Brown-Kenyon,163,M60-64,Male,Bangsar,MY-14,Malaysia,MY,,,,0:00:00,0:00:00,,0,0,0,0,0,0,99999,99999,99999,99999,99999,99999,99999,99999,99999,99999,99999,99999,DNS,0
JEONGGU,NA,JEONGGU NA,343,M35-39,Male,Changwon-si,Gyeongsangnam-do,South Korea,KR,,,,0:00:00,0:00:00,,0,0,0,0,0,0,99999,99999,99999,99999,99999,99999,99999,99999,99999,99999,99999,99999,DNS,0
Youngki,Noh,Youngki Noh,557,M40-44,Male,화성시,KR-41,South Korea,KR,,,,0:00:00,0:00:00,,0,0,0,0,0,0,99999,99999,99999,99999,99999,99999,99999,99999,99999,99999,99999,99999,DNS,0
dogil,lee,dogil lee,321,M35-39,Male,Daejeon,Daejeon,South Korea,KR,,,,0:00:00,0:00:00,,0,0,0,0,0,0,99999,99999,99999,99999,99999,99999,99999,99999,99999,99999,99999,99999,DNS,0
Lim,Ayung,Lim Ayung,753,F45-49,Female,광주광역시,Kwangju-Jikhalsi,South Korea,KR,,,,0:00:00,0:00:00,,0,0,0,0,0,0,99999,99999,99999,99999,99999,99999,99999,99999,99999,99999,99999,99999,DQ,0
Dong Hyun,Lim,Dong Hyun Lim,790,M50-54,Male,seoul,KR-11,South Korea,KR,,,,0:00:00,0:00:00,,0,0,0,0,0,0,99999,99999,99999,99999,99999,99999,99999,99999,99999,99999,99999,99999,DNS,0
Seung Soo,Choi,Seung Soo Choi,164,M60-64,Male,Seoul,KR-11,South Korea,KR,,,,0:00:00,0:00:00,,0,0,0,0,0,0,99999,99999,99999,99999,99999,99999,99999,99999,99999,99999,99999,99999,DNS,0
