FirstName,LastName,FullName,Bib,AgeGroup,Gender,City,State,Country,CountryISO,SwimTime,BikeTime,RunTime,T1Time,T2Time,FinishTime,SwimSeconds,BikeSeconds,RunSeconds,T1Seconds,T2Seconds,FinishSeconds,OverallRank,GenderRank,AgeGroupRank,SwimRankOverall,SwimRankGender,SwimRankGroup,BikeRankOverall,BikeRankGender,BikeRankGroup,RunRankOverall,RunRankGender,RunRankGroup,Status,Points
Jason,West,Jason West,3,MPRO,Male,Longmont,CO,United States,US,0:26:21,2:02:07,1:08:49,0:01:11,0:00:56,3:39:23,1581,7327,4129,71,56,13163,1,1,1,3,3,3,3,3,3,1,1,1,Finisher,3500
Jackson,Laundry,Jackson Laundry,5,MPRO,Male,Kitchener ,ON,Canada,CA,0:26:36,1:58:27,1:13:41,0:01:21,0:01:09,3:41:13,1596,7107,4421,81,69,13273,2,2,2,9,9,9,1,1,1,2,2,2,Finisher,3467
Sam,Long,Sam Long,1,MPRO,Male,Tucson,AZ,United States,US,0:28:42,2:00:32,1:12:30,0:01:01,0:01:04,3:43:50,1722,7232,4350,61,64,13430,3,3,3,17,17,17,4,4,4,3,3,3,Finisher,3419
Lionel,Sanders,Lionel Sanders,2,MPRO,Male,Oro Valley,AZ,Canada,CA,0:28:44,2:00:26,1:13:51,0:01:09,0:01:26,3:45:35,1724,7226,4431,69,86,13535,4,4,4,18,18,18,5,5,5,4,4,4,Finisher,3388
Luke,Tasker,Luke Tasker,10,MPRO,Male,Squamish,BC,Canada,CA,0:28:09,2:03:25,1:13:48,0:01:33,0:01:13,3:48:08,1689,7405,4428,93,73,13688,5,5,5,11,11,11,6,6,6,5,5,5,Finisher,3342
Greg,Harper,Greg Harper,15,MPRO,Male,West Harrison,NY,United States,US,0:25:41,2:08:24,1:11:42,0:01:31,0:01:00,3:48:18,1541,7704,4302,91,60,13698,6,6,6,1,1,1,9,9,9,6,6,6,Finisher,3339
Ben,Randall,Ben Randall,12,MPRO,Male,FORT COLLINS,CO,United States,US,0:33:13,2:05:28,1:07:10,0:01:26,0:01:32,3:48:48,1993,7528,4030,86,92,13728,7,7,7,43,37,22,15,15,15,7,7,7,Finisher,3330
Colin,Szuch,Colin Szuch,38,MPRO,Male,Evergreen,foreigner,United States,US,0:28:41,2:04:47,1:13:18,0:01:29,0:01:16,3:49:31,1721,7487,4398,89,76,13771,8,8,8,16,16,16,8,8,8,8,8,8,Finisher,3317
Nicholas,Chase,Nicholas Chase,14,MPRO,Male,washington,UT,United States,US,0:28:12,2:05:15,1:15:50,0:01:13,0:01:18,3:51:49,1692,7515,4550,73,78,13909,9,9,9,12,12,12,7,7,7,9,9,9,Finisher,3276
Connor,Weaver,Connor Weaver,7,MPRO,Male,LEWISVILLE,TX,United States,US,0:28:14,2:10:44,1:11:33,0:01:21,0:01:12,3:53:04,1694,7844,4293,81,72,13984,10,10,10,14,14,14,16,16,16,10,10,10,Finisher,3253
Tommy,Doubleday,Tommy Doubleday,17,MPRO,Male,PARK RIDGE,IL,United States,US,0:26:30,2:11:27,1:15:54,0:01:15,0:01:13,3:56:18,1590,7887,4554,75,73,14178,11,11,11,7,7,7,13,13,13,11,11,11,Finisher,3195
Blake,Selm,Blake Selm,19,MPRO,Male,INDIANAPOLIS,IN,United States,US,0:30:22,2:08:31,1:15:19,0:01:43,0:01:16,3:57:11,1822,7711,4519,103,76,14231,12,12,12,26,24,21,17,17,17,12,12,12,Finisher,3179
Andre,Lopes,Andre Lopes,9,MPRO,Male,Longmont,CO,Brazil,BR,0:26:37,2:07:55,1:20:26,0:01:06,0:01:10,3:57:14,1597,7675,4826,66,70,14234,13,13,13,10,10,10,10,10,10,13,13,13,Finisher,3178
Mark,Romano,Mark Romano,13,MPRO,Male,Bristow,VA,United States,US,0:26:21,2:14:46,1:14:51,0:01:13,0:01:26,3:58:37,1581,8086,4491,73,86,14317,14,14,14,4,4,4,20,20,19,14,14,14,Finisher,3153
Benjamin,Capozzi,Benjamin Capozzi,37,MPRO,Male,Cranberry Township,Pennsylvania,United States,US,0:26:25,2:08:14,1:21:47,0:01:18,0:01:20,3:59:05,1585,7694,4907,78,80,14345,15,15,15,6,6,6,12,12,12,15,15,15,Finisher,3145
Bryce,Morison,Bryce Morison,169,M25-29,Male,SANTA BARBARA,US-CA,United States,US,0:31:28,2:07:18,1:17:18,0:02:13,0:01:43,3:59:59,1888,7638,4638,133,103,14399,16,16,1,27,25,3,19,19,1,16,16,1,Finisher,3500
Cole,Kynoch,Cole Kynoch,22,MPRO,Male,FALLS CHURCH,VA,United States,US,0:28:16,2:11:06,1:20:05,0:01:26,0:01:23,4:02:15,1696,7866,4805,86,83,14535,17,17,16,15,15,15,18,18,18,17,17,16,Finisher,3088
Evan,Price,Evan Price,26,MPRO,Male,VANCOUVER,WA,United States,US,0:33:32,2:10:31,1:16:31,0:01:52,0:01:15,4:03:41,2012,7831,4591,112,75,14621,18,18,17,44,38,23,22,22,21,18,18,17,Finisher,3062
Jeremy,Maclean,Jeremy Maclean,4,MPRO,Male,CHARLOTTE,NC,United States,US,0:26:23,2:00:52,1:34:31,0:01:10,0:01:21,4:04:17,1583,7252,5671,70,81,14657,19,19,18,5,5,5,2,2,2,19,19,18,Finisher,3051
Jamie,Hayes,Jamie Hayes,33,MPRO,Male,FAIRFAX,VA,United States,US,0:28:13,2:06:08,1:28:24,0:01:19,0:01:28,4:05:32,1693,7568,5304,79,88,14732,20,20,19,13,13,13,11,11,11,20,20,19,Finisher,3029
Avraham,Mana,Avraham Mana,25,MPRO,Male,Allentown,PA,Israel,IL,0:26:33,2:11:14,1:25:46,0:01:29,0:01:35,4:06:36,1593,7874,5146,89,95,14796,21,21,20,8,8,8,14,14,14,21,21,20,Finisher,3010
Simon,Shi,Simon Shi,23,MPRO,Male,Santa Ana,CA,United States,US,0:26:18,2:16:17,1:21:54,0:01:15,0:01:10,4:06:53,1578,8177,4914,75,70,14813,22,22,21,2,2,2,21,21,20,22,22,21,Finisher,3005
Jordan,Bendura,Jordan Bendura,28,MPRO,Male,Glen Allen,VA,United States,US,0:36:27,2:16:23,1:10:32,0:01:48,0:01:48,4:06:59,2187,8183,4232,108,108,14819,23,23,22,88,75,28,37,37,26,23,23,22,Finisher,3003
Fernando,Maluf,Fernando Maluf,255,M30-34,Male,São Paulo,BR-SP,Brazil,BR,0:32:17,2:13:22,1:18:40,0:01:22,0:01:31,4:07:12,1937,8002,4720,82,91,14832,24,24,1,37,32,2,24,24,1,24,24,1,Finisher,3500
Zach,Aldrich,Zach Aldrich,31,MPRO,Male,Austin,TX,United States,US,0:33:50,2:15:11,1:16:03,0:01:57,0:01:14,4:08:15,2030,8111,4563,117,74,14895,25,25,23,48,42,25,25,25,23,25,25,23,Finisher,2980
Noah,Shlesinger,Noah Shlesinger,34,MPRO,Male,EUGENE,OR,United States,US,0:28:51,2:15:20,1:24:10,0:01:46,0:01:18,4:11:26,1731,8120,5050,106,78,15086,26,26,24,20,20,20,23,23,22,26,26,24,Finisher,2923
Luke ,Davis,Luke Davis,30,MPRO,Male,BOULDER,CO,United States,US,0:33:45,2:16:32,1:20:16,0:01:32,0:01:30,4:13:37,2025,8192,4816,92,90,15217,27,27,25,45,39,24,27,27,24,27,27,25,Finisher,2883
Trevor,Spence,Trevor Spence,1180,M25-29,Male,San Francisco,US-CA,United States,US,0:36:10,2:15:02,1:19:07,0:02:30,0:01:39,4:14:27,2170,8102,4747,150,99,15267,28,28,2,83,70,13,33,33,3,28,28,2,Finisher,3239
Brian,Reynolds,Brian Reynolds,32,MPRO,Male,RICHLAND,MI,United States,US,0:35:26,2:17:20,1:19:47,0:01:45,0:01:31,4:15:50,2126,8240,4787,105,91,15350,29,29,26,72,61,27,36,36,25,29,29,26,Finisher,2843
Caio,Carvalho Ellero,Caio Carvalho Ellero,164,M30-34,Male,Barling,US-AR,Brazil,BR,0:31:31,2:19:03,1:21:30,0:02:33,0:01:28,4:16:05,1891,8343,4890,153,88,15365,30,30,2,30,27,1,31,31,3,30,30,2,Finisher,3340
Spencer,Thibideau,Spencer Thibideau,990,M30-34,Male,Aliso Viejo,CA,United States,US,0:35:11,2:16:57,1:20:10,0:02:14,0:01:44,4:16:16,2111,8217,4810,134,104,15376,31,31,3,69,58,8,35,35,4,31,31,3,Finisher,3336
Brennen,Field,Brennen Field,156,M25-29,Male,Boulder,CO,United States,US,0:31:50,2:17:47,1:24:15,0:02:00,0:01:15,4:17:06,1910,8267,5055,120,75,15426,32,32,3,32,28,5,26,26,2,32,32,3,Finisher,3191
Eric,Frorenza-Hubbard,Eric Frorenza-Hubbard,1270,M30-34,Male,RENO,US-NV,United States,US,0:35:39,2:19:10,1:20:40,0:02:37,0:01:36,4:19:43,2139,8350,4840,157,96,15583,33,33,4,76,64,9,43,43,6,33,33,4,Finisher,3274
Jordan,Nichols,Jordan Nichols,262,M45-49,Male,GLENDORA,CA,United States,US,0:32:37,2:18:10,1:26:05,0:02:15,0:01:30,4:20:36,1957,8290,5165,135,90,15636,34,34,1,38,33,1,30,30,2,34,34,1,Finisher,3500
Adam,SUCZEWSKI,Adam SUCZEWSKI,264,M30-34,Male,Berkeley,US-CA,United States,US,0:34:30,2:15:44,1:26:17,0:02:14,0:01:54,4:20:40,2070,8144,5177,134,114,15640,35,35,5,57,49,7,28,28,2,35,35,5,Finisher,3257
Blaine,Egan,Blaine Egan,991,M45-49,Male,Sacramento,US-CA,United States,US,0:34:28,2:15:37,1:26:28,0:02:54,0:02:21,4:21:49,2068,8137,5188,174,141,15709,36,36,2,56,48,2,29,29,1,36,36,2,Finisher,3478
Jimmy,Sosinski,Jimmy Sosinski,604,M40-44,Male,Haymarket,US-VA,United States,US,0:38:30,2:16:25,1:22:56,0:02:37,0:02:00,4:22:27,2310,8185,4976,157,120,15747,37,37,1,122,102,7,44,44,2,37,37,1,Finisher,3500
Seth,Hill,Seth Hill,178,M30-34,Male,Redding,CA,United States,US,0:33:12,2:19:19,1:29:28,0:02:27,0:01:55,4:26:21,1992,8359,5368,147,115,15981,38,38,6,42,36,4,40,40,5,38,38,6,Finisher,3155
Alex,Sharp,Alex Sharp,463,M35-39,Male,San Francisco,US-CA,United States,US,0:38:16,2:14:50,1:28:50,0:02:40,0:02:44,4:27:21,2296,8090,5330,160,164,16041,39,39,1,115,97,9,41,41,3,39,39,1,Finisher,3500
Kyleigh,Spearing,Kyleigh Spearing,209,F25-29,Female,Louisville,Colorado,United States,US,0:29:59,2:25:41,1:28:28,0:02:06,0:01:12,4:27:25,1799,8741,5308,126,72,16045,40,1,1,25,2,2,45,1,1,40,1,1,Finisher,3500
Stephen,Gould,Stephen Gould,237,M25-29,Male,Corte Madera,US-CA,United States,US,0:43:17,2:16:09,1:23:52,0:02:28,0:02:06,4:27:52,2597,8169,5032,148,126,16072,41,40,4,274,217,39,52,51,5,41,40,4,Finisher,2998
David,Morin,David Morin,199,M45-49,Male,Outremont,CA-QC,Canada,CA,0:36:19,2:20:37,1:27:48,0:02:11,0:01:28,4:28:23,2179,8437,5268,131,88,16103,42,41,3,85,72,5,47,46,3,42,41,3,Finisher,3359
Brian,Folts,Brian Folts,36,MPRO,Male,Englewood,CO,United States,US,0:35:06,2:22:03,1:28:28,0:01:30,0:01:45,4:28:52,2106,8523,5308,90,105,16132,43,42,27,64,54,26,46,45,28,43,42,27,Finisher,2609
Mario,Garibaldi,Mario Garibaldi,254,M40-44,Male,Carmichael,US-CA,United States,US,0:37:50,2:20:33,1:27:53,0:02:25,0:02:01,4:30:41,2270,8433,5273,145,121,16241,44,43,2,108,91,5,49,48,3,44,43,2,Finisher,3351
Dominic ,Lopez,Dominic Lopez,230,M30-34,Male,DUBLIN,CA,United States,US,0:36:27,2:23:10,1:24:14,0:04:22,0:03:20,4:31:34,2187,8590,5054,262,200,16294,45,44,7,89,76,11,59,57,7,45,44,7,Finisher,3061
Will,Kelsey,Will Kelsey,972,M30-34,Male,Mountain View,US-CA,United Kingdom,GB,0:39:57,2:24:30,1:22:08,0:02:33,0:02:43,4:31:51,2397,8670,4928,153,163,16311,46,45,8,162,134,21,65,62,10,46,45,8,Finisher,3056
Jorge Alberto,Solis Macias,Jorge Alberto Solis Macias,212,M35-39,Male,San Diego,US-CA,Mexico,MX,0:41:22,2:18:54,1:27:16,0:02:45,0:01:57,4:32:13,2482,8334,5236,165,117,16333,47,46,2,205,169,25,56,54,6,47,46,2,Finisher,3412
Lindsay,Nickel,Lindsay Nickel,240,F35-39,Female,San Francisco,US-CA,United States,US,0:39:44,2:24:47,1:25:31,0:02:14,0:01:48,4:34:03,2384,8687,5131,134,108,16443,48,2,1,153,27,3,63,3,1,48,2,1,Finisher,3500
Daniel,Klauer,Daniel Klauer,1074,M40-44,Male,Truckee,US-CA,United States,US,0:32:00,2:19:53,1:37:57,0:02:24,0:02:18,4:34:32,1920,8393,5877,144,138,16472,49,47,3,34,30,1,34,34,1,49,47,3,Finisher,3282
Tom,Garrett,Tom Garrett,239,M35-39,Male,Leyburn,GB-NYK,United Kingdom,GB,0:34:18,2:16:58,1:38:15,0:02:06,0:02:56,4:34:33,2058,8218,5895,126,176,16473,50,48,3,52,45,2,32,32,1,50,48,3,Finisher,3370
Ciaran,Byrne,Ciaran Byrne,558,M50-54,Male,Campbell,CA,Ireland,IE,0:35:09,2:25:50,1:30:02,0:02:14,0:01:30,4:34:45,2109,8750,5402,134,90,16485,51,49,1,67,56,3,57,55,2,51,49,1,Finisher,3500
Emma,Macdonald,Emma Macdonald,349,F25-29,Female,Tacoma,WASHINGTON,United States,US,0:32:04,2:34:48,1:24:35,0:02:13,0:01:44,4:35:24,1924,9288,5075,133,104,16524,52,3,2,35,5,4,73,5,3,52,3,2,Finisher,3356
Tyler,Bingham,Tyler Bingham,1005,M30-34,Male,MESA,AZ,United States,US,0:37:57,2:26:47,1:26:44,0:02:07,0:02:02,4:35:38,2277,8807,5204,127,122,16538,53,50,9,111,93,15,64,61,9,53,50,9,Finisher,2988
Connor,Robinson,Connor Robinson,394,M25-29,Male,Morgan Hill,US-CA,United States,US,0:34:40,2:20:22,1:36:43,0:02:21,0:01:43,4:35:48,2080,8422,5803,141,103,16548,54,51,5,59,51,8,42,42,4,54,51,5,Finisher,2855
Trevor,Morgan,Trevor Morgan,162,M40-44,Male,Chico,CA,United States,US,0:36:00,2:22:47,1:32:23,0:03:04,0:01:48,4:36:02,2160,8567,5543,184,108,16562,55,52,4,81,68,3,51,50,4,55,52,4,Finisher,3255
Jeremy,Keirn,Jeremy Keirn,533,M25-29,Male,Kaneohe,HAWAII,United States,US,0:36:26,2:38:02,1:18:18,0:02:58,0:01:09,4:36:54,2186,9482,4698,178,69,16614,56,53,6,87,74,14,102,97,17,56,53,6,Finisher,2835
Josh,Hanley,Josh Hanley,973,M35-39,Male,San Jose,US-CA,United States,US,0:35:02,2:23:34,1:35:07,0:02:00,0:01:24,4:37:06,2102,8614,5707,120,84,16626,57,54,4,62,53,3,48,47,4,57,54,4,Finisher,3324
Bryan,Rocha,Bryan Rocha,203,M35-39,Male,chino hills,CA,United States,US,0:35:10,2:16:35,1:41:14,0:02:58,0:01:43,4:37:40,2110,8195,6074,178,103,16660,58,55,5,68,57,4,38,38,2,58,55,5,Finisher,3314
Natalie,Mitchell,Natalie Mitchell,477,F25-29,Female,McKinleyville,CA,New Zealand,NZ,0:31:30,2:29:40,1:33:44,0:01:24,0:01:48,4:38:05,1890,8980,5624,84,108,16685,59,4,3,28,3,3,54,2,2,59,4,3,Finisher,3308
Thomas,Chamberlain,Thomas Chamberlain,699,M35-39,Male,Soda springs,US-CA,United States,US,0:43:19,2:22:02,1:28:20,0:02:20,0:02:28,4:38:29,2599,8522,5300,140,148,16709,60,56,6,278,220,32,67,64,7,60,56,6,Finisher,3299
Mark,Odonnell,Mark Odonnell,201,M18-24,Male,LEAWOOD,US-KS,United States,US,0:43:36,2:23:56,1:27:23,0:02:27,0:01:43,4:39:05,2616,8636,5243,147,103,16745,61,57,1,290,227,25,76,71,2,61,57,1,Finisher,3500
Nicolas,Perez,Nicolas Perez,1256,M25-29,Male,Sao Paulo,SP,Brazil,BR,0:35:31,2:27:18,1:32:03,0:02:59,0:02:01,4:39:51,2131,8838,5523,179,121,16791,62,58,7,74,63,11,61,59,7,62,58,7,Finisher,2782
Rodrigo,Alvarez Manzo,Rodrigo Alvarez Manzo,35,MPRO,Male,Jardines del Pedregal,MX-CMX,Mexico,MX,0:28:49,2:24:28,1:44:17,0:01:37,0:01:28,4:40:38,1729,8668,6257,97,88,16838,63,59,28,19,19,19,39,39,27,63,59,28,Finisher,2397
Joshua,Sheikh,Joshua Sheikh,473,M18-24,Male,Laguna Hills,US-CA,United States,US,0:37:25,2:21:06,1:38:32,0:02:53,0:01:45,4:41:41,2245,8466,5912,173,105,16901,64,60,2,99,85,7,50,49,1,64,60,2,Finisher,3453
Keegan,Worcester,Keegan Worcester,359,M25-29,Male,Sacramento,CA,United States,US,0:37:00,2:24:28,1:36:51,0:02:31,0:01:50,4:42:41,2220,8668,5811,151,110,16961,65,61,8,93,80,17,58,56,6,65,61,8,Finisher,2731
Reinaldo,Freitas,Reinaldo Freitas,172,M40-44,Male,Walnut Creek,US-CA,United States,US,0:39:25,2:28:59,1:29:20,0:03:19,0:02:07,4:43:10,2365,8939,5360,199,127,16990,66,62,5,143,118,9,79,74,6,66,62,5,Finisher,3127
Chris,Rodriguez,Chris Rodriguez,136,M30-34,Male,SANTA ANA,US-CA,United States,US,0:39:26,2:24:49,1:33:28,0:03:18,0:02:28,4:43:29,2366,8689,5608,198,148,17009,67,63,10,144,119,18,66,63,11,67,63,10,Finisher,2846
Nicola,Varsi,Nicola Varsi,1085,M30-34,Male,Ciudad de Mexico,Ciudad de México,Peru,PE,0:34:22,2:31:19,1:33:30,0:02:26,0:02:21,4:43:59,2062,9079,5610,146,141,17039,68,64,11,54,46,6,70,67,12,68,64,11,Finisher,2837
John,Craft,John Craft,668,M50-54,Male,BEND,OR,United States,US,0:38:29,2:24:36,1:37:31,0:01:52,0:01:49,4:44:18,2309,8676,5851,112,109,17058,69,65,2,121,101,6,60,58,3,69,65,2,Finisher,3328
Mihail,Amiorkov,Mihail Amiorkov,288,M25-29,Male,San Francisco,CA,Bulgaria,BG,0:29:47,2:38:31,1:32:28,0:01:58,0:01:36,4:44:20,1787,9511,5548,118,96,17060,70,66,9,24,23,2,77,72,8,70,66,9,Finisher,2701
Donald,Sherwood,Donald Sherwood,934,M30-34,Male,Anaheim,US-CA,United States,US,0:33:12,2:30:43,1:36:45,0:02:20,0:01:54,4:44:54,1992,9043,5805,140,114,17094,71,67,12,41,35,3,62,60,8,71,67,12,Finisher,2821
Darren,Mounts,Darren Mounts,268,M50-54,Male,Fair Oaks,CA,United States,US,0:31:56,2:25:58,1:39:36,0:04:52,0:03:13,4:45:35,1916,8758,5976,292,193,17135,72,68,3,33,29,1,55,53,1,72,68,3,Finisher,3305
Robert,Hannah,Robert Hannah,445,M35-39,Male,Burbank,CA,United States,US,0:33:49,2:24:55,1:41:20,0:03:30,0:03:22,4:46:56,2029,8695,6080,210,202,17216,73,69,7,46,40,1,53,52,5,73,69,7,Finisher,3147
MARK,SCAIFE,MARK SCAIFE,997,M40-44,Male,Eugene,US-OR,United States,US,0:44:43,2:21:11,1:39:12,0:02:02,0:01:59,4:49:07,2683,8471,5952,122,119,17347,74,70,6,325,252,20,68,65,5,74,70,6,Finisher,3020
Ryan,Smith,Ryan Smith,1112,M45-49,Male,Fair Oaks,CA,United States,US,0:45:51,2:32:48,1:25:54,0:03:16,0:01:40,4:49:28,2751,9168,5154,196,100,17368,75,71,4,371,289,24,130,119,10,75,71,4,Finisher,2980
Will,Clemens,Will Clemens,879,M18-24,Male,Petaluma,CA,United States,US,0:37:44,2:34:57,1:33:06,0:02:51,0:01:36,4:50:14,2264,9297,5586,171,96,17414,76,72,3,105,89,8,91,86,3,76,72,3,Finisher,3299
Timothy,Sah,Timothy Sah,238,M25-29,Male,San Diego,CA,United States,US,0:47:08,2:24:36,1:33:16,0:03:24,0:01:53,4:50:16,2828,8676,5596,204,113,17416,77,73,10,424,326,61,87,82,12,77,73,10,Finisher,2594
Austin,Ray,Austin Ray,200,M35-39,Male,HUNTINGTN BCH,CA,United States,US,0:40:04,2:29:56,1:34:18,0:03:17,0:02:58,4:50:33,2404,8996,5658,197,178,17433,78,74,8,169,140,19,82,77,9,78,74,8,Finisher,3082
Brendan,Lane,Brendan Lane,779,M35-39,Male,Napa,CA,United States,US,0:38:10,2:26:47,1:38:44,0:04:15,0:03:37,4:51:35,2290,8807,5924,255,217,17495,79,75,9,113,95,8,74,69,8,79,75,9,Finisher,3063
Eric,Wilkens,Eric Wilkens,695,M25-29,Male,PIONEER,TN,United States,US,0:36:54,2:32:25,1:39:28,0:02:10,0:01:46,4:52:43,2214,9145,5968,130,106,17563,80,76,11,92,79,16,78,73,9,80,76,11,Finisher,2550
Joseph,Davi,Joseph Davi,222,M35-39,Male,MONTEREY,CA,United States,US,0:41:43,2:32:33,1:34:38,0:02:19,0:01:47,4:53:00,2503,9153,5678,139,107,17580,81,77,10,211,173,26,95,90,14,81,77,10,Finisher,3038
Donatas,Ereminas,Donatas Ereminas,992,M40-44,Male,Truckee,CA,Lithuania,LT,0:39:53,2:35:34,1:33:42,0:02:32,0:02:08,4:53:50,2393,9334,5622,152,128,17630,82,78,7,160,132,11,105,99,9,82,78,7,Finisher,2935
Will,Fitzsimmons,Will Fitzsimmons,398,M30-34,Male,Eugene,OR,United States,US,0:39:07,2:42:53,1:28:35,0:01:51,0:01:42,4:54:08,2347,9773,5315,111,102,17648,83,79,13,136,112,16,137,126,19,83,79,13,Finisher,2655
Mateo,Mondragon,Mateo Mondragon,270,M25-29,Male,Arvada,CO,United States,US,0:38:14,2:36:21,1:35:12,0:02:20,0:02:40,4:54:46,2294,9381,5712,140,160,17686,84,80,12,114,96,19,100,95,16,84,80,12,Finisher,2513
RYAN,UTNEHMER,RYAN UTNEHMER,380,M35-39,Male,Chico,California,United States,US,0:39:05,2:33:45,1:37:53,0:02:42,0:01:37,4:55:03,2345,9225,5873,162,97,17703,85,81,11,133,110,14,92,87,13,85,81,11,Finisher,3001
David,Welby,David Welby,888,M40-44,Male,SANTA MONICA,CA,United States,US,0:39:21,2:33:27,1:34:01,0:03:56,0:04:18,4:55:04,2361,9207,5641,236,258,17704,86,82,8,142,117,8,96,91,7,86,82,8,Finisher,2912
Scott,Lutz,Scott Lutz,148,M45-49,Male,Fullerton,US-CA,United States,US,0:36:08,2:29:13,1:44:54,0:02:42,0:02:55,4:55:51,2168,8953,6294,162,175,17751,87,83,5,82,69,4,69,66,4,87,83,5,Finisher,2865
charles,perry,charles perry,171,M55-59,Male,Sacramento,US-CA,United States,US,0:42:03,2:28:51,1:39:53,0:01:52,0:03:34,4:56:13,2523,8931,5993,112,214,17773,88,84,1,222,180,7,80,75,1,88,84,1,Finisher,3500
Ellie,Garrett,Ellie Garrett,241,F30-34,Female,Leyburn,GB-NYK,United Kingdom,GB,0:38:20,2:27:55,1:42:54,0:02:27,0:04:57,4:56:33,2300,8875,6174,147,297,17793,89,5,1,118,19,5,71,4,1,89,5,1,Finisher,3500
Luke,Ackerman,Luke Ackerman,228,M25-29,,Hanford,CA,United States,US,0:43:17,2:32:49,1:35:06,0:03:06,0:02:21,4:56:39,2597,9169,5706,186,141,17799,90,85,13,275,218,40,114,106,19,90,85,13,Finisher,2480
Matt,Gervais,Matt Gervais,696,M45-49,Male,Windsor,CA-ON,Canada,CA,0:35:28,2:43:26,1:31:34,0:03:41,0:02:54,4:57:03,2128,9806,5494,221,174,17823,91,86,6,73,62,3,131,120,11,91,86,6,Finisher,2843
Kristen,Radtke,Kristen Radtke,175,F35-39,Female,FITCHBURG,WI,United States,US,0:39:34,2:35:28,1:37:57,0:03:18,0:02:01,4:58:18,2374,9328,5877,198,121,17898,92,6,2,147,26,2,107,7,2,92,6,2,Finisher,3063
Brady,Morgan,Brady Morgan,559,M25-29,Male,Calgary,AB,Canada,CA,0:41:12,2:36:04,1:36:26,0:02:41,0:01:57,4:58:20,2472,9364,5786,161,117,17900,93,87,14,195,161,29,116,107,20,93,87,14,Finisher,2449
Steven,Reeves,Steven Reeves,716,M30-34,Male,San Jose,CA,United States,US,0:41:27,2:22:23,1:45:17,0:04:56,0:04:30,4:58:33,2487,8543,6317,296,270,17913,94,88,14,206,170,26,72,68,13,94,88,14,Finisher,2575
Daniel,Pierce,Daniel Pierce,185,M35-39,Male,San Francisco,CA,United States,US,0:40:03,2:33:36,1:38:50,0:03:08,0:03:35,4:59:11,2403,9216,5930,188,215,17951,95,89,12,167,138,18,97,92,15,95,89,12,Finisher,2927
Josh,Bendura,Josh Bendura,819,M18-24,Male,Glen Allen,Virginia,United States,US,0:44:40,2:36:42,1:30:38,0:04:40,0:03:13,4:59:54,2680,9402,5438,280,193,17994,96,90,4,324,251,33,146,134,9,96,90,4,Finisher,3125
Robert,Weaver,Robert Weaver,252,M35-39,Male,FAIRBANKS,AK,United States,US,0:49:56,2:27:30,1:36:51,0:03:12,0:02:52,5:00:21,2996,8850,5811,192,172,18021,97,91,13,541,422,58,121,112,17,97,91,13,Finisher,2906
Joe,Petty,Joe Petty,1141,M25-29,Male,Boise,ID,United States,US,0:48:17,2:33:38,1:33:03,0:03:33,0:02:07,5:00:39,2897,9218,5583,213,127,18039,98,92,15,471,363,70,143,131,23,98,92,15,Finisher,2408
Christian,Mercill,Christian Mercill,920,M35-39,Male,Redding,California,United States,US,0:37:53,2:34:43,1:43:53,0:02:20,0:02:10,5:00:58,2273,9283,6233,140,130,18058,99,93,14,110,92,7,86,81,12,99,93,14,Finisher,2894
Morgan,Wilder,Morgan Wilder,555,M35-39,Male,LOS GATOS,US-CA,United States,US,0:45:41,2:34:25,1:36:52,0:03:18,0:02:20,5:02:37,2741,9265,5812,198,140,18157,100,94,15,367,285,40,133,122,21,100,94,15,Finisher,2865
Elliott,Kujat,Elliott Kujat,168,M45-49,Male,KAILUA,HI,United States,US,0:41:04,2:36:30,1:39:05,0:03:19,0:02:52,5:02:51,2464,9390,5945,199,172,18171,101,95,7,191,157,12,122,113,8,101,95,7,Finisher,2739
Amir,Green,Amir Green,866,M18-24,Male,Los Altos,California,Israel,IL,0:44:25,2:39:24,1:29:35,0:05:21,0:04:08,5:02:52,2665,9564,5375,321,248,18172,102,96,5,314,244,31,169,152,13,102,96,5,Finisher,3071
Trevor,Minahan,Trevor Minahan,1110,M18-24,Male,CORONA,CA,United States,US,0:36:33,2:38:20,1:43:27,0:02:31,0:02:21,5:03:11,2193,9500,6207,151,141,18191,103,97,6,91,78,6,101,96,5,103,97,6,Finisher,3066
Brandon,Squibb,Brandon Squibb,1013,M18-24,Male,North Bend,OR,United States,US,0:33:50,2:41:07,1:42:17,0:03:41,0:02:19,5:03:13,2030,9667,6137,221,139,18193,104,98,7,49,43,2,109,102,6,104,98,7,Finisher,3065
Matthew,Levenson,Matthew Levenson,1282,M25-29,Male,San Francisco,California,United States,US,0:40:23,2:32:29,1:45:10,0:03:13,0:02:01,5:03:16,2423,9149,6310,193,121,18196,105,99,16,178,146,27,94,89,14,105,99,16,Finisher,2360
Justin,Pegram,Justin Pegram,161,M35-39,Male,Aptos,CA,United States,US,0:43:00,2:32:30,1:43:30,0:02:40,0:02:12,5:03:52,2580,9150,6210,160,132,18232,106,100,16,255,206,31,106,100,16,106,100,16,Finisher,2842
Jessica,Levey,Jessica Levey,183,F30-34,Female,Cary,US-NC,United States,US,0:34:01,2:44:15,1:40:57,0:02:38,0:02:05,5:03:56,2041,9855,6057,158,125,18236,107,7,2,51,7,2,123,10,3,107,7,2,Finisher,3367
Kari,Bartlett,Kari Bartlett,628,F40-44,Female,Sacramento,US-CA,United States,US,0:35:44,2:40:59,1:40:44,0:02:51,0:03:50,5:04:09,2144,9659,6044,171,230,18249,108,8,1,78,13,1,115,9,2,108,8,1,Finisher,3500
Nicolas,Czorny,Nicolas Czorny,166,M45-49,Male,AIX EN PROVENCE,FR-13,France,FR,0:39:31,2:26:55,1:50:28,0:03:28,0:04:11,5:04:34,2371,8815,6628,208,251,18274,109,101,8,146,121,8,75,70,5,109,101,8,Finisher,2708
Gary,Phelps,Gary Phelps,315,M35-39,Male,Walnut Creek,CA,United States,US,0:43:48,2:39:44,1:36:58,0:02:58,0:01:30,5:04:58,2628,9584,5818,178,90,18298,110,102,17,298,232,35,150,137,24,110,102,17,Finisher,2822
Scott,Merrill,Scott Merrill,667,M40-44,Male,Sacramento,CA,United States,US,0:37:59,2:35:32,1:44:21,0:03:57,0:03:19,5:05:08,2279,9332,6261,237,199,18308,111,103,9,112,94,6,103,98,8,111,103,9,Finisher,2731
Landon,Rice,Landon Rice,155,M25-29,Male,Harrison,ID,United States,US,0:43:19,2:37:25,1:39:31,0:02:43,0:02:29,5:05:28,2599,9445,5971,163,149,18328,112,104,17,279,221,41,134,123,22,112,104,17,Finisher,2321
Jackson ,Black,Jackson Black,727,M25-29,Male,San Clemente,California,United States,US,0:29:35,2:41:38,1:51:09,0:01:43,0:02:15,5:06:20,1775,9698,6669,103,135,18380,113,105,18,22,22,1,81,76,10,113,105,18,Finisher,2305
Chad,Quintana,Chad Quintana,1166,M35-39,Male,SAN PEDRO,CA,United States,US,0:38:17,2:32:16,1:49:10,0:03:46,0:03:12,5:06:41,2297,9136,6550,226,192,18401,114,106,18,116,98,10,84,79,10,114,106,18,Finisher,2792
Eliza,Dawson,Eliza Dawson,1002,F30-34,Female,Portola Valley,US-CA,United States,US,0:35:03,2:39:28,1:46:55,0:03:06,0:02:11,5:06:42,2103,9568,6415,186,131,18402,115,9,3,63,10,3,104,6,2,115,9,3,Finisher,3317
camilo,garcia,camilo garcia,154,M50-54,Male,mission,Texas,United States,US,0:37:02,2:38:30,1:45:48,0:03:05,0:02:58,5:07:23,2222,9510,6348,185,178,18443,116,107,4,94,81,4,108,101,4,116,107,4,Finisher,2912
Luis Joaquin,Parada,Luis Joaquin Parada,210,M25-29,Male,Sandiego,US-CA,Mexico,MX,0:48:39,2:30:53,1:42:20,0:03:08,0:02:32,5:07:33,2919,9053,6140,188,152,18453,117,108,19,487,378,73,132,121,21,117,108,19,Finisher,2283
Ethan,Mcmahan,Ethan Mcmahan,829,M45-49,Male,Salem,OR,United States,US,0:48:49,2:31:02,1:38:47,0:03:47,0:05:17,5:07:42,2929,9062,5927,227,317,18462,118,109,9,495,384,33,136,125,12,118,109,9,Finisher,2652
Mitchell,Belford,Mitchell Belford,312,M30-34,Male,San Francisco,CA,Canada,CA,0:47:56,2:42:56,1:31:03,0:02:35,0:03:49,5:08:20,2876,9776,5463,155,229,18500,119,110,15,460,353,48,194,174,24,119,110,15,Finisher,2399
Mirko,Krebs,Mirko Krebs,634,M30-34,Male,Charlotte,North Carolina,Germany,DE,0:45:01,2:46:34,1:30:06,0:04:50,0:01:51,5:08:22,2701,9994,5406,290,111,18502,120,111,16,339,262,40,214,191,26,120,111,16,Finisher,2399
Shane,Buzza,Shane Buzza,265,M60-64,Male,Mountain View,CALIFORNIA,United States,US,0:39:36,2:39:27,1:43:50,0:02:26,0:03:15,5:08:33,2376,9567,6230,146,195,18513,121,112,1,148,122,1,127,116,1,121,112,1,Finisher,3500
Ian,Petersen,Ian Petersen,261,M35-39,Male,Santa Rosa,US-CA,United States,US,0:42:26,2:36:45,1:45:00,0:02:42,0:02:12,5:09:06,2546,9405,6300,162,132,18546,122,113,19,238,194,27,129,118,20,122,113,19,Finisher,2748
Jason,Ma,Jason Ma,259,M25-29,Male,South San Francisco,CA,United States,US,0:38:52,2:37:31,1:47:54,0:02:37,0:02:47,5:09:41,2332,9451,6474,157,167,18581,123,114,20,130,107,21,112,104,18,123,114,20,Finisher,2245
Randall,Perkins,Randall Perkins,591,M35-39,Male,Coronado,CALIFORNIA,United States,US,0:40:32,2:41:46,1:43:17,0:02:42,0:01:48,5:10:05,2432,9706,6197,162,108,18605,124,115,20,181,149,21,140,128,23,124,115,20,Finisher,2730
Jennifer,Bentley,Jennifer Bentley,808,F40-44,Female,Bend,OR,United States,US,0:37:44,2:38:03,1:49:07,0:03:09,0:02:24,5:10:27,2264,9483,6547,189,144,18627,125,10,2,106,17,2,111,8,1,125,10,2,Finisher,3386
Ido,Green,Ido Green,867,M50-54,Male,Los Altos,CA,Israel,IL,0:39:53,2:36:54,1:48:28,0:03:29,0:02:06,5:10:49,2393,9414,6508,209,126,18649,126,116,5,159,131,7,119,110,5,126,116,5,Finisher,2850
Andrew,Huber,Andrew Huber,927,M25-29,Male,Denver,Colorado,United States,US,0:39:07,2:43:14,1:40:10,0:05:20,0:03:03,5:10:53,2347,9794,6010,320,183,18653,127,117,21,137,113,23,157,143,25,127,117,21,Finisher,700
Jedrzej,Baranczak,Jedrzej Baranczak,189,M35-39,Male,OAKLAND,CA,Poland,PL,0:38:44,2:33:00,1:56:06,0:03:07,0:01:51,5:12:49,2324,9180,6966,187,111,18769,128,118,21,125,105,12,85,80,11,128,118,21,Finisher,2681
Daryl,Smith,Daryl Smith,719,M60-64,Male,LAHAINA,HI,United States,US,0:42:24,2:39:54,1:42:57,0:03:51,0:03:43,5:12:49,2544,9594,6177,231,223,18769,129,119,2,233,190,7,148,135,2,129,119,2,Finisher,3423
Ted,Debonis,Ted Debonis,266,M50-54,Male,Oakland,CA,United States,US,0:41:55,2:34:13,1:49:18,0:04:18,0:03:31,5:13:15,2515,9253,6558,258,211,18795,130,120,6,215,176,9,120,111,6,130,120,6,Finisher,2807
Daniel,Arciniegas,Daniel Arciniegas,208,M35-39,Male,LOS ANGELES,CA,United States,US,0:42:34,2:35:38,1:49:43,0:02:47,0:02:45,5:13:28,2554,9338,6583,167,165,18808,131,121,22,241,197,28,124,114,18,131,121,22,Finisher,2669
Paul,Hunter,Paul Hunter,1172,M55-59,Male,Redwood City,CA,United Kingdom,GB,0:56:15,2:34:19,1:34:01,0:04:10,0:04:46,5:13:31,3375,9259,5641,250,286,18811,132,122,2,746,581,34,205,183,8,132,122,2,Finisher,700
Alexander,Kutner,Alexander Kutner,1237,M25-29,Male,San Francisco,CA,United States,US,0:48:00,2:33:42,1:40:27,0:07:20,0:04:04,5:13:33,2880,9222,6027,440,244,18813,133,123,22,461,354,65,166,150,26,133,123,22,Finisher,2175
Ben,McAdams,Ben McAdams,353,M30-34,Male,San Francisco,CA,United States,US,0:40:03,2:47:28,1:39:56,0:03:07,0:03:27,5:14:02,2403,10048,5996,187,207,18842,134,124,17,168,139,22,179,161,22,134,124,17,Finisher,2297
Zachary,Barry,Zachary Barry,665,M30-34,Male,Kailua,US-Hawai'i,United States,US,0:37:04,2:37:54,1:51:38,0:03:56,0:03:32,5:14:03,2224,9474,6698,236,212,18843,135,125,18,95,82,12,110,103,15,135,125,18,Finisher,2296
Bennett,Huber,Bennett Huber,926,M25-29,Male,WINNETKA,IL,United States,US,0:44:22,2:42:13,1:41:51,0:03:41,0:02:00,5:14:06,2662,9733,6111,221,120,18846,136,126,23,308,238,47,175,157,27,136,126,23,Finisher,2165
Carlos,Casco,Carlos Casco,762,M40-44,Male,San Pedro Sula,HN-CR,Honduras,HN,0:46:56,2:37:18,1:42:55,0:04:21,0:02:43,5:14:12,2816,9438,6175,261,163,18852,137,127,10,415,319,25,162,146,14,137,127,10,Finisher,2568
Mary,Poltrack,Mary Poltrack,1232,F25-29,Female,Pacific Grove,US-CA,United States,US,0:35:00,2:47:23,1:47:52,0:02:02,0:01:56,5:14:13,2100,10043,6472,122,116,18853,138,11,4,61,9,6,138,12,4,138,11,4,Finisher,2657
Glenn,Hecox,Glenn Hecox,491,M25-29,Male,Orangevale,California,United States,US,0:57:01,2:29:17,1:40:34,0:03:59,0:03:28,5:14:19,3421,8957,6034,239,208,18859,139,128,24,764,595,103,176,158,28,139,128,24,Finisher,2162
Cameron,Mercer,Cameron Mercer,853,M25-29,Male,Santa Clara,California,United States,US,0:36:29,2:53:40,1:38:34,0:03:56,0:01:46,5:14:26,2189,10420,5914,236,106,18866,140,129,25,90,77,15,198,177,31,140,129,25,Finisher,2159
Dimitrijus,Sazinas,Dimitrijus Sazinas,143,M45-49,Male,Charlotte,US-NC,United States,US,0:44:46,2:28:12,1:56:19,0:02:22,0:02:47,5:14:26,2686,8892,6979,142,167,18866,141,130,10,327,253,20,89,84,7,141,130,10,Finisher,2531
Matias,Vega Bastias,Matias Vega Bastias,1191,M25-29,Male,Las Condes,Santiago Metropolitan Region,Chile,CL,0:46:29,2:39:30,1:41:51,0:04:33,0:02:35,5:14:58,2789,9570,6111,273,155,18898,142,131,26,394,303,57,178,160,29,142,131,26,Finisher,2150
Tyler,Hopper,Tyler Hopper,1034,M18-24,Male,Reno,Nevada,United States,US,0:40:11,2:53:42,1:35:20,0:03:14,0:02:37,5:15:03,2411,10422,5720,194,157,18903,143,132,8,173,141,11,218,194,18,143,132,8,Finisher,2852
Miles,Hunt,Miles Hunt,922,M18-24,Male,Garretson,South Dakota,United States,US,0:47:55,2:34:09,1:45:54,0:03:52,0:03:25,5:15:15,2875,9249,6354,232,205,18915,144,133,9,459,352,51,145,133,8,144,133,9,Finisher,2849
Jonah,White,Jonah White,225,M30-34,Male,EUGENE,OR,United States,US,0:39:36,2:33:11,1:56:29,0:02:34,0:03:31,5:15:21,2376,9191,6989,154,211,18921,145,134,19,149,123,19,90,85,14,145,134,19,Finisher,2273
Joshua,Cagney,Joshua Cagney,275,M25-29,Male,Folsom,CA,United States,US,0:34:26,2:33:09,1:57:31,0:06:03,0:04:15,5:15:24,2066,9189,7051,363,255,18924,146,135,27,55,47,7,83,78,11,146,135,27,Finisher,2142
Kylie,Freiburger,Kylie Freiburger,865,F25-29,Female,Beaverton,OREGON,United States,US,0:43:39,2:46:17,1:39:17,0:02:54,0:03:30,5:15:36,2619,9977,5957,174,210,18936,147,12,5,291,64,16,191,20,7,147,12,5,Finisher,2632
Dominic ,Hill,Dominic Hill,804,M25-29,Male,Folsom,California,United States,US,0:41:22,2:30:01,1:54:49,0:04:31,0:05:19,5:16:02,2482,9001,6889,271,319,18962,148,136,28,204,168,30,93,88,13,148,136,28,Finisher,2131
Kyle,Shipman,Kyle Shipman,902,M35-39,Male,Portland,OR,United States,US,0:40:11,2:45:26,1:43:03,0:03:36,0:03:48,5:16:04,2411,9926,6183,216,228,18964,149,137,23,174,142,20,170,153,27,149,137,23,Finisher,2623
Monica,Folts,Monica Folts,152,F40-44,Female,Centennial,US-CO,United States,US,0:40:05,2:51:26,1:39:17,0:02:19,0:03:13,5:16:19,2405,10286,5957,139,193,18979,150,13,3,170,30,3,197,21,3,150,13,3,Finisher,3281
Koskani,Montoya,Koskani Montoya,601,M18-24,Male,Las Vegas,NV,Mexico,MX,0:43:31,2:49:12,1:39:54,0:02:16,0:01:30,5:16:24,2611,10152,5994,136,90,18984,151,138,10,286,224,24,208,186,16,151,138,10,Finisher,2828
Brian,Mcadams,Brian Mcadams,347,M35-39,Male,san francisco,CA,United States,US,0:44:26,2:32:54,1:49:58,0:03:48,0:05:22,5:16:28,2666,9174,6598,228,322,18988,152,139,24,316,245,37,125,115,19,152,139,24,Finisher,2615
Lucas,Warwar,Lucas Warwar,243,M25-29,Male,STANFORD,CA,Brazil,BR,0:37:49,2:52:16,1:37:09,0:04:13,0:05:20,5:16:47,2269,10336,5829,253,320,19007,153,140,29,107,90,18,200,178,32,153,140,29,Finisher,2117
Holly,Beavers,Holly Beavers,576,F45-49,Female,BELLEVILLE,KS,United States,US,0:39:19,2:43:59,1:47:59,0:02:46,0:02:59,5:17:02,2359,9839,6479,166,179,19022,154,14,1,141,25,1,147,13,2,154,14,1,Finisher,3500
Christopher,Sakacs,Christopher Sakacs,204,M35-39,Male,FULLERTON,CA,United States,US,0:35:51,2:44:58,1:47:52,0:04:10,0:04:18,5:17:08,2151,9898,6472,250,258,19028,155,141,25,79,66,5,139,127,22,155,141,25,Finisher,2603
Charles,Elliott,Charles Elliott,173,M45-49,Male,SACRAMENTO,CA,United States,US,0:45:20,2:42:24,1:43:24,0:04:00,0:02:08,5:17:16,2720,9744,6204,240,128,19036,156,142,11,348,270,23,183,165,15,156,142,11,Finisher,2480
Ben,Keck,Ben Keck,734,M40-44,Male,Redding,California,United States,US,0:51:36,2:50:36,1:28:14,0:03:59,0:03:10,5:17:36,3096,10236,5294,239,190,19056,157,143,11,605,470,41,297,262,28,157,143,11,Finisher,2507
Rebekah,Walker,Rebekah Walker,147,F45-49,Female,LAKEWOOD,CA,United States,US,0:47:28,2:43:36,1:40:54,0:03:09,0:03:07,5:18:14,2848,9816,6054,189,187,19094,158,15,2,437,103,7,199,22,4,158,15,2,Finisher,3478
Samantha,Ramadan,Samantha Ramadan,430,F25-29,Female,Sacramento,US-CA,United States,US,0:34:22,2:50:27,1:48:10,0:03:05,0:02:15,5:18:19,2062,10227,6490,185,135,19099,159,16,6,53,8,5,159,15,6,159,16,6,Finisher,2583
Michael,Paine,Michael Paine,738,M45-49,Male,Palo Cedro,California,United States,US,1:00:30,2:35:27,1:36:28,0:03:52,0:02:03,5:18:19,3630,9327,5788,232,123,19099,160,144,12,835,647,59,240,216,20,160,144,12,Finisher,2461
Jonathan,Saviet,Jonathan Saviet,466,M40-44,Male,Bellevue,WA,United States,US,0:47:10,2:43:29,1:40:40,0:04:44,0:02:34,5:18:37,2830,9809,6040,284,154,19117,161,145,12,425,327,26,209,187,21,161,145,12,Finisher,2489
Fabio,Fanni,Fabio Fanni,1064,M40-44,Male,MENLO PARK,CA,Italy,IT,0:45:25,2:44:12,1:41:53,0:05:03,0:02:11,5:18:43,2725,9852,6113,303,131,19123,162,146,13,351,273,22,203,181,19,162,146,13,Finisher,2487
Jeff,Lam,Jeff Lam,181,M45-49,Male,MILLBRAE,CA,United States,US,0:52:28,2:37:46,1:43:33,0:02:44,0:02:22,5:18:53,3148,9466,6213,164,142,19133,163,147,13,635,497,46,193,173,17,163,147,13,Finisher,2450
Adair,Payan,Adair Payan,211,M30-34,Male,Spring Valley,US-CA,Mexico,MX,0:50:44,2:40:01,1:42:03,0:03:53,0:02:27,5:19:08,3044,9601,6123,233,147,19148,164,148,20,574,447,58,202,180,25,164,148,20,Finisher,2205
Albert,Rodriguez,Albert Rodriguez,218,M25-29,Male,Rohnert Park,CALIFORNIA,United States,US,0:45:27,2:49:28,1:38:51,0:02:51,0:02:40,5:19:17,2727,10168,5931,171,160,19157,165,149,30,354,276,52,222,198,35,165,149,30,Finisher,2072
Blaire,Kniaziew Gervais,Blaire Kniaziew Gervais,697,F50-54,Female,Windsor,CA-ON,Canada,CA,0:35:33,2:53:23,1:45:05,0:02:52,0:02:46,5:19:38,2133,10403,6305,172,166,19178,166,17,1,75,12,1,184,19,1,166,17,1,Finisher,3500
Howard,Evans,Howard Evans,1160,M25-29,Male,Redding,California,United States,US,0:31:31,2:42:32,2:00:43,0:02:51,0:02:26,5:20:03,1891,9752,7243,171,146,19203,167,150,31,29,26,4,99,94,15,167,150,31,Finisher,2058
Gregor,Barney,Gregor Barney,197,M30-34,Male,SALT LAKE CTY,US-UT,United States,US,0:42:42,2:39:38,1:52:05,0:02:46,0:02:56,5:20:07,2562,9578,6725,166,176,19207,168,151,21,244,199,31,141,129,20,168,151,21,Finisher,2187
Sebastian,Perez,Sebastian Perez,370,M18-24,Male,Paris,FR-IDF,France,FR,0:40:28,2:35:43,1:58:15,0:03:56,0:02:07,5:20:29,2428,9343,7095,236,127,19229,169,152,11,180,148,12,118,109,7,169,152,11,Finisher,2754
Matthew,Gertsch,Matthew Gertsch,138,M40-44,Male,ST GEORGE,US-UT,United States,US,0:50:21,2:33:17,1:50:38,0:03:50,0:02:27,5:20:33,3021,9197,6638,230,147,19233,170,153,14,561,437,39,155,141,12,170,153,14,Finisher,2454
Nick,Cantor,Nick Cantor,1029,M18-24,Male,Saratoga,California,United States,US,0:45:37,2:29:00,2:01:18,0:02:13,0:02:25,5:20:33,2737,8940,7278,133,145,19233,171,154,12,363,282,39,98,93,4,171,154,12,Finisher,2753
Alexis,Perez Angel,Alexis Perez Angel,1047,M25-29,Male,Salinas,US-CA,United States,US,0:53:22,2:41:07,1:38:12,0:04:23,0:03:42,5:20:45,3202,9667,5892,263,222,19245,172,155,32,664,518,94,230,206,38,172,155,32,Finisher,2046
Jesse,Whitaker,Jesse Whitaker,151,F45-49,Female,Portland,OR,United States,US,0:41:01,2:37:02,1:56:27,0:03:05,0:03:14,5:20:50,2461,9422,6987,185,194,19250,173,18,3,190,34,2,126,11,1,173,18,3,Finisher,3431
Gregory,Snarr,Gregory Snarr,246,M45-49,Male,Riverside,CA,United States,US,1:04:40,2:39:40,1:28:16,0:05:36,0:02:51,5:21:03,3880,9580,5296,336,171,19263,174,156,14,898,695,68,332,293,26,174,156,14,Finisher,2411
Jackson,Ross,Jackson Ross,207,M35-39,Male,Scottsdale,Arizona,United States,US,0:43:43,2:41:10,1:50:18,0:04:03,0:02:07,5:21:21,2623,9670,6618,243,127,19281,175,157,26,294,229,34,165,149,26,175,157,26,Finisher,2528
FRIEDERIKE,Edelmann,FRIEDERIKE Edelmann,177,F55-59,Female,Oakland,US-CA,Germany,DE,0:37:33,2:48:33,1:50:01,0:03:20,0:02:21,5:21:48,2253,10113,6601,200,141,19308,176,19,1,102,15,2,173,18,1,176,19,1,Finisher,3500
Alex,Nikolaev,Alex Nikolaev,1000,M25-29,Male,Somerville,Massachusetts,United States,US,0:32:08,2:56:55,1:48:15,0:02:25,0:02:28,5:22:11,1928,10615,6495,145,148,19331,177,158,33,36,31,6,182,164,30,177,158,33,Finisher,2020
Chad,Brownfield,Chad Brownfield,253,M40-44,Male,Santa Cruz,CA,United States,US,0:39:40,2:50:08,1:45:57,0:02:41,0:04:09,5:22:35,2380,10208,6357,161,249,19355,178,159,15,151,125,10,189,170,17,178,159,15,Finisher,2417
Brandon,Perkins,Brandon Perkins,1204,M35-39,Male,Beaverton,OR,United States,US,0:40:55,2:54:31,1:39:49,0:04:07,0:03:12,5:22:36,2455,10471,5989,247,192,19356,179,160,27,188,155,23,238,214,33,179,160,27,Finisher,2505
Brock,Zamanian,Brock Zamanian,1207,M18-24,Male,Orinda,California,United States,US,0:29:25,2:53:01,1:52:15,0:03:48,0:04:13,5:22:42,1765,10381,6735,228,253,19362,180,161,13,21,21,1,149,136,10,180,161,13,Finisher,2714
Greg,Papakiriazis,Greg Papakiriazis,488,M18-24,Male,"Belleville, ON, Canada",Ontario,Canada,CA,0:44:56,2:42:24,1:49:16,0:03:47,0:02:36,5:22:59,2696,9744,6556,227,156,19379,181,162,14,337,261,34,181,163,15,181,162,14,Finisher,2709
Seth,Nordell,Seth Nordell,1039,M30-34,Male,Reedley,California,United States,US,0:37:18,2:38:05,1:59:59,0:04:43,0:03:47,5:23:51,2238,9485,7199,283,227,19431,182,163,22,97,83,13,117,108,17,182,163,22,Finisher,2120
Angel,Gallego,Angel Gallego,625,M30-34,Male,San Diego,CA,Mexico,MX,0:50:56,2:48:49,1:40:20,0:02:21,0:02:06,5:24:32,3056,10129,6020,141,126,19472,183,164,23,585,456,60,255,229,32,183,164,23,Finisher,2108
Mikhail,Alkaev,Mikhail Alkaev,698,M18-24,Male,King City,US-Oregon,United States,US,0:36:18,2:47:42,1:53:52,0:03:45,0:02:58,5:24:34,2178,10062,6832,225,178,19474,184,165,15,84,71,5,158,144,11,184,165,15,Finisher,2681
Maggie,Dawson,Maggie Dawson,1181,F25-29,Female,Denver,CO,United States,US,0:37:17,3:05:04,1:35:15,0:03:14,0:03:47,5:24:37,2237,11104,5715,194,227,19477,185,20,7,96,14,7,288,34,10,185,20,7,Finisher,2470
Luis,Gonzalez Noriega,Luis Gonzalez Noriega,621,M30-34,Male,Hermosillo,MX-SON,Mexico,MX,0:50:47,2:50:29,1:36:25,0:03:27,0:03:35,5:24:43,3047,10229,5785,207,215,19483,186,166,24,576,449,59,279,248,35,186,166,24,Finisher,2104
Gavin,Fujitani,Gavin Fujitani,457,M40-44,Male,Honolulu,HI,United States,US,0:46:48,2:49:32,1:42:40,0:03:47,0:01:58,5:24:45,2808,10172,6160,227,118,19485,187,167,16,411,315,24,244,219,25,187,167,16,Finisher,2378
Filipe,Ferreira,Filipe Ferreira,1027,M35-39,Male,San Francisco,CA,Portugal,PT,0:47:51,2:42:45,1:47:42,0:03:46,0:02:59,5:25:03,2871,9765,6462,226,179,19503,188,168,28,452,346,51,201,179,29,188,168,28,Finisher,700
Orlando,Lopez,Orlando Lopez,935,M40-44,Male,FREMONT,CA,Mexico,MX,0:51:49,2:44:14,1:43:07,0:03:25,0:02:29,5:25:04,3109,9854,6187,205,149,19504,189,169,17,613,478,42,236,212,24,189,169,17,Finisher,2372
Jason,Philbin,Jason Philbin,158,M55-59,Male,Charlotte,US-NC,United States,US,0:52:45,2:36:13,1:49:14,0:03:47,0:03:31,5:25:30,3165,9373,6554,227,211,19530,190,170,3,644,504,29,190,171,7,190,170,3,Finisher,2972
Matthew,O'Connor,Matthew O'Connor,113,M18-24,Male,Los Angeles,California,United States,US,0:34:53,2:48:27,1:52:59,0:05:20,0:04:22,5:26:00,2093,10107,6779,320,262,19560,191,171,16,60,52,3,163,147,12,191,171,16,Finisher,700
Steven,Sievert,Steven Sievert,731,M35-39,Male,Los Angeles,CA,United States,US,0:46:01,2:40:53,1:56:23,0:01:46,0:02:07,5:27:11,2761,9653,6983,106,127,19631,192,172,29,377,294,42,164,148,25,192,172,29,Finisher,2423
James,Carr,James Carr,792,M35-39,Male,Encinitas,CA,United States,US,0:44:28,2:43:19,1:49:49,0:05:11,0:04:34,5:27:20,2668,9799,6589,311,274,19640,193,173,30,317,246,38,192,172,28,193,173,30,Finisher,2420
Ricky,Gutierrez,Ricky Gutierrez,971,M30-34,Male,Gilbert,US-AZ,United States,US,0:53:59,2:42:31,1:44:22,0:03:58,0:02:37,5:27:27,3239,9751,6262,238,157,19647,194,174,25,687,536,70,245,220,30,194,174,25,Finisher,2055
Scott,Gresham,Scott Gresham,618,M45-49,,Calgary ,AB,Canada,CA,0:40:18,2:31:45,2:08:46,0:03:15,0:03:30,5:27:34,2418,9105,7726,195,210,19654,195,175,15,176,144,10,88,83,6,195,175,15,Finisher,2294
Andrew,Scagliola,Andrew Scagliola,1102,M45-49,Male,Redwood City,CA,United States,US,0:41:35,2:48:08,1:50:14,0:05:09,0:02:47,5:27:53,2495,10088,6614,309,167,19673,196,176,16,209,172,14,206,184,18,196,176,16,Finisher,700
Alexandra,Porter,Alexandra Porter,273,F30-34,Female,Mountain View,CA,United States,US,0:40:36,2:44:14,1:56:06,0:03:40,0:04:40,5:29:16,2436,9854,6966,220,280,19756,197,21,4,183,33,6,161,16,4,197,21,4,Finisher,2911
Louis,Evans,Louis Evans,295,M25-29,Male,London,England,New Zealand,NZ,0:35:41,2:45:47,2:01:23,0:04:13,0:02:34,5:29:38,2141,9947,7283,253,154,19778,198,177,34,77,65,12,144,132,24,198,177,34,Finisher,1886
Joseph,Tirona,Joseph Tirona,219,M35-39,Male,Pasadena,CA,United States,US,0:51:41,2:47:52,1:43:08,0:04:45,0:02:51,5:30:16,3101,10072,6188,285,171,19816,199,178,31,606,471,65,275,245,39,199,178,31,Finisher,2367
Madison,Rysdon,Madison Rysdon,236,F25-29,Female,Charlotte,NC,United States,US,0:43:17,2:54:04,1:46:56,0:03:14,0:03:01,5:30:32,2597,10444,6416,194,181,19832,200,22,8,273,57,14,246,26,8,200,22,8,Finisher,2363
Marcelo,Camberos,Marcelo Camberos,709,M50-54,Male,Barcelona,ES-B,Argentina,AR,0:52:27,2:52:43,1:35:19,0:07:25,0:02:59,5:30:54,3147,10363,5719,445,179,19854,201,179,7,634,496,28,362,315,18,201,179,7,Finisher,2489
Mirella,Niskala,Mirella Niskala,206,F45-49,Female,San Francisco,US-CA,United States,US,0:42:25,2:42:48,1:58:01,0:03:56,0:04:04,5:31:14,2545,9768,7081,236,244,19874,202,23,4,236,44,4,168,17,3,202,23,4,Finisher,3244
Liz,Spears,Liz Spears,184,F25-29,Female,CHANDLER,US-AZ,United States,US,0:29:42,2:53:43,2:01:16,0:03:30,0:03:07,5:31:18,1782,10423,7276,210,187,19878,203,24,9,23,1,1,152,14,5,203,24,9,Finisher,2350
Micah,Parker,Micah Parker,605,M25-29,Male,Colorado Springs,Colorado,United States,US,0:35:14,3:03:10,1:45:03,0:04:09,0:04:12,5:31:49,2114,10990,6303,249,252,19909,204,180,35,70,59,10,260,234,42,204,180,35,Finisher,1847
Audrey,Bollinger,Audrey Bollinger,167,F60-64,Female,Carmichael,CA,United States,US,0:47:25,2:45:13,1:52:53,0:03:59,0:02:46,5:32:15,2845,9913,6773,239,166,19935,205,25,1,434,102,6,215,24,1,205,25,1,Finisher,3500
herman,solano,herman solano,205,M30-34,Male,Santa Rosa,CA,United States,US,0:54:02,2:42:22,1:46:33,0:06:45,0:02:48,5:32:30,3242,9742,6393,405,168,19950,206,181,26,691,539,71,267,240,34,206,181,26,Finisher,1964
Jake,Steen,Jake Steen,708,M50-54,Male,anaheim,CA,United States,US,0:49:57,2:41:19,1:52:27,0:03:42,0:05:50,5:33:15,2997,9679,6747,222,350,19995,207,182,8,544,424,23,207,185,8,207,182,8,Finisher,2447
Jeff,Lundin,Jeff Lundin,1177,M40-44,Male,BEND,OR,United States,US,0:42:55,2:40:41,2:03:25,0:03:36,0:02:44,5:33:22,2575,9641,7405,216,164,20002,208,183,18,252,204,16,154,140,11,208,183,18,Finisher,2223
Brendon,Gibson,Brendon Gibson,508,M55-59,Male,Honolulu,US-HI,United States,US,0:42:53,2:51:28,1:49:52,0:04:57,0:04:11,5:33:22,2573,10288,6592,297,251,20002,209,184,4,250,202,8,234,210,10,209,184,4,Finisher,2831
Toby,Crawford,Toby Crawford,811,M45-49,Male,Redding,California,United States,US,0:43:07,2:50:03,1:50:34,0:04:44,0:04:56,5:33:23,2587,10203,6634,284,296,20003,210,185,17,262,210,17,223,199,19,210,185,17,Finisher,2189
Katie,Colasurdo,Katie Colasurdo,1116,F35-39,Female,Portland,OR,United States,US,0:38:22,2:58:00,1:49:59,0:03:27,0:03:40,5:33:28,2302,10680,6599,207,220,20008,211,26,3,119,20,1,241,25,3,211,26,3,Finisher,700
Rylan,Edwards,Rylan Edwards,772,M25-29,Male,Rohnert Park,California,United States,US,1:01:13,2:47:34,1:34:58,0:06:59,0:02:45,5:33:29,3673,10054,5698,419,165,20009,212,186,36,846,655,113,401,347,63,212,186,36,Finisher,1817
John,Drury,John Drury,388,M65-69,Male,Folsom,CA,United States,US,0:53:00,2:39:53,1:51:16,0:05:24,0:04:00,5:33:33,3180,9593,6676,324,240,20013,213,187,1,655,512,10,225,201,1,213,187,1,Finisher,3500
Louis,HOLLAND,Louis HOLLAND,518,M18-24,Male,Redding,US-CA,United States,US,0:51:48,2:54:15,1:41:29,0:03:02,0:03:06,5:33:40,3108,10455,6089,182,186,20020,214,188,17,611,476,72,323,285,26,214,188,17,Finisher,2517
Matthew,Wall,Matthew Wall,739,M35-39,Male,Redding,CA,United States,US,0:57:31,2:51:45,1:38:48,0:02:52,0:03:17,5:34:14,3451,10305,5928,172,197,20054,215,189,32,779,607,79,356,311,47,215,189,32,Finisher,2296
Devin,Harris,Devin Harris,487,M40-44,Male,Arbuckle,CA,United States,US,0:56:52,2:52:42,1:37:29,0:03:52,0:03:23,5:34:17,3412,10362,5849,232,203,20057,216,190,19,755,589,56,373,324,34,216,190,19,Finisher,2207
Benjamin,Goodpasture,Benjamin Goodpasture,737,M40-44,Male,Redding,CA,United States,US,0:42:49,2:48:46,1:53:19,0:05:31,0:04:11,5:34:36,2569,10126,6799,331,251,20076,217,191,20,248,201,15,217,193,22,217,191,20,Finisher,2201
Pablo,Vazquez,Pablo Vazquez,900,M35-39,Male,Red Bluff,California,United States,US,0:40:59,2:55:53,1:50:29,0:03:55,0:03:30,5:34:46,2459,10553,6629,235,210,20086,218,192,33,189,156,24,248,222,35,218,192,33,Finisher,2286
Adam,Hornick,Adam Hornick,444,M40-44,Male,CAPTAIN COOK,HI,United States,US,0:40:24,2:50:20,1:58:07,0:03:57,0:02:09,5:34:58,2424,10220,7087,237,129,20098,219,193,21,179,147,13,204,182,20,219,193,21,Finisher,2194
Anthony,LONGO,Anthony LONGO,1209,M25-29,Male,Boulder,US-CO,United States,US,0:45:22,2:58:15,1:40:21,0:05:54,0:05:09,5:35:00,2722,10695,6021,354,309,20100,220,194,37,350,272,51,328,290,52,220,194,37,Finisher,700
Steven,Mills,Steven Mills,877,M30-34,Male,Redding,California,United States,US,0:44:54,3:03:04,1:41:06,0:03:04,0:02:56,5:35:03,2694,10984,6066,184,176,20103,221,195,27,335,259,39,337,297,41,221,195,27,Finisher,1918
Rodrigo,Miranda,Rodrigo Miranda,220,M45-49,Male,San bernardo,CL-RM,Chile,CL,0:46:55,2:56:21,1:47:47,0:02:03,0:02:20,5:35:25,2815,10581,6467,123,140,20125,222,196,18,413,317,27,287,254,22,222,196,18,Finisher,2153
Matthew,Lear,Matthew Lear,195,M30-34,Male,Lodi,CA,United States,US,0:43:15,2:36:10,2:08:42,0:04:05,0:03:43,5:35:54,2595,9370,7722,245,223,20154,223,197,28,270,214,33,135,124,18,223,197,28,Finisher,1903
Troy,Forjone,Troy Forjone,631,M45-49,Male,Woodland Hills,CA,United States,US,0:49:10,2:40:26,2:01:38,0:02:14,0:02:36,5:36:04,2950,9626,7298,134,156,20164,224,198,19,506,393,35,185,166,16,224,198,19,Finisher,2141
Daniel,Pearson,Daniel Pearson,251,M60-64,Male,Escalon,CA,United States,US,0:43:35,2:57:41,1:48:54,0:03:12,0:03:08,5:36:31,2615,10661,6534,192,188,20191,225,199,3,289,226,8,276,246,3,225,199,3,Finisher,2996
Christopher,Wegner,Christopher Wegner,149,M55-59,Male,ROCKLIN,CA,United States,US,0:45:08,2:39:28,2:03:04,0:04:31,0:04:35,5:36:45,2708,9568,7384,271,275,20205,226,200,5,344,266,11,167,151,3,226,200,5,Finisher,2770
Jack,Guedj,Jack Guedj,549,M65-69,Male,LOS ALTOS HLS,US-CA,France,FR,0:38:29,2:56:26,1:52:02,0:04:39,0:05:16,5:36:52,2309,10586,6722,279,316,20212,227,201,2,120,100,1,237,213,2,227,201,2,Finisher,3440
Alessandro,Kamikawa,Alessandro Kamikawa,294,M55-59,Male,San Francisco,CA,Brazil,BR,0:38:39,2:48:29,2:02:22,0:03:39,0:03:44,5:36:53,2319,10109,7342,219,224,20213,228,202,6,124,104,2,180,162,6,228,202,6,Finisher,2768
Toby,Simpson,Toby Simpson,1197,M30-34,Male,DARLINGTON,,United Kingdom,GB,0:45:27,2:53:24,1:52:19,0:03:34,0:02:22,5:37:06,2727,10404,6739,214,142,20226,229,203,29,355,277,42,257,231,33,229,203,29,Finisher,1881
Daniel,Flynn,Daniel Flynn,431,M35-39,Male,Los Alamitos,CA,United States,US,0:47:42,2:52:04,1:51:17,0:03:19,0:02:55,5:37:17,2862,10324,6677,199,175,20237,230,204,34,445,341,49,265,238,38,230,204,34,Finisher,2241
Lev,Teiblum,Lev Teiblum,1072,M18-24,Male,Berkeley,US-CA,United States,US,0:43:03,3:00:27,1:44:07,0:05:24,0:04:26,5:37:25,2583,10827,6247,324,266,20245,231,205,18,258,207,20,320,282,25,231,205,18,Finisher,2450
Nyle,James,Nyle James,485,M30-34,Male,Phoenix,Arizona,United States,US,0:49:28,2:57:19,1:39:50,0:06:26,0:04:29,5:37:32,2968,10639,5990,386,269,20252,232,206,30,519,404,51,370,322,42,232,206,30,Finisher,1874
Jay,Miller,Jay Miller,610,M50-54,Female,HONOLULU,HI,United States,US,0:50:16,2:50:47,1:46:18,0:05:48,0:04:28,5:37:38,3016,10247,6378,348,268,20258,233,207,9,560,436,25,301,266,14,233,207,9,Finisher,2368
Jesus,Rodriguez,Jesus Rodriguez,961,M55-59,Male,Fresno,CA,United States,US,0:48:26,2:58:59,1:41:25,0:04:24,0:04:27,5:37:41,2906,10739,6085,264,267,20261,234,208,7,479,370,19,352,309,21,234,208,7,Finisher,2753
Ian,Walsh,Ian Walsh,272,M40-44,Male,FOREST GROVE,OR,United States,US,0:40:19,2:48:22,2:02:35,0:03:24,0:03:07,5:37:47,2419,10102,7355,204,187,20267,235,209,22,177,145,12,187,168,15,235,209,22,Finisher,2144
Katie,Batchelor,Katie Batchelor,701,F30-34,Female,Lake Elsinore,US-CA,United States,US,0:37:41,2:54:15,2:01:19,0:03:27,0:02:17,5:38:59,2261,10455,7279,207,137,20339,236,27,5,104,16,4,210,23,5,236,27,5,Finisher,2736
Nick,Gomez,Nick Gomez,499,M45-49,Male,Sunnyvale,US-CA,United States,US,0:36:22,2:42:44,2:15:15,0:02:24,0:02:16,5:39:01,2182,9764,8115,144,136,20341,237,210,20,86,73,6,128,117,9,237,210,20,Finisher,2088
Owen,Park,Owen Park,745,M18-24,Male,Sandy,Utah,United States,US,0:41:48,2:51:01,1:59:08,0:03:50,0:03:25,5:39:12,2508,10261,7148,230,205,20352,238,211,19,212,174,15,216,192,17,238,211,19,Finisher,2417
Adrian,Landa,Adrian Landa,373,M40-44,Male,LONG BEACH,CA,United States,US,0:44:36,2:39:28,2:08:49,0:02:43,0:03:37,5:39:12,2676,9568,7729,163,217,20352,239,212,23,322,249,19,151,138,10,239,212,23,Finisher,2118
Benjamin,Kirsh,Benjamin Kirsh,684,M18-24,Male,Toronto,Ontario,Canada,CA,0:47:54,2:45:09,1:58:50,0:04:28,0:02:52,5:39:13,2874,9909,7130,268,172,20353,240,213,20,456,350,49,219,195,19,240,213,20,Finisher,2417
Juan,Hidalgo,Juan Hidalgo,358,M35-39,Male,Santa Rosa,CA,United States,US,0:44:14,2:51:14,1:56:57,0:03:41,0:03:11,5:39:16,2654,10274,7017,221,191,20356,241,214,35,304,235,36,231,207,32,241,214,35,Finisher,2205
Luigi,Franciosi,Luigi Franciosi,832,M35-39,Male,South Lyon,MI,United States,US,0:42:35,2:53:14,1:58:12,0:02:44,0:02:47,5:39:31,2555,10394,7092,164,167,20371,242,215,36,243,198,29,227,203,31,242,215,36,Finisher,2201
Keith,Hedlund,Keith Hedlund,1164,M60-64,Male,salinas,CA,United States,US,0:48:27,2:55:31,1:46:52,0:04:18,0:04:32,5:39:40,2907,10531,6412,258,272,20380,243,216,4,481,372,13,310,273,6,243,216,4,Finisher,2939
Devin,Whatley,Devin Whatley,1121,M55-59,Male,Lafayette,CA,United States,US,0:33:08,2:47:28,2:11:09,0:04:52,0:03:26,5:40:02,1988,10048,7869,292,206,20402,244,217,8,40,34,1,142,130,2,244,217,8,Finisher,2711
Mark,Lukehart,Mark Lukehart,245,M45-49,Male,Danville,CA,United States,US,0:49:50,2:43:08,1:48:11,0:10:47,0:08:08,5:40:03,2990,9788,6491,647,488,20403,245,218,21,537,418,36,269,241,21,245,218,21,Finisher,2069
Chris,Magnusen,Chris Magnusen,1243,M45-49,Male,LOS ANGELES,CA,United States,US,0:45:04,2:59:18,1:46:39,0:04:21,0:04:44,5:40:06,2704,10758,6399,261,284,20406,246,219,22,341,264,22,316,278,25,246,219,22,Finisher,2069
Caden,Johnson,Caden Johnson,599,M25-29,Male,Colorado Springs,Colorado,United States,US,0:43:45,2:56:22,1:53:33,0:03:45,0:03:04,5:40:30,2625,10582,6813,225,184,20430,247,220,38,295,230,44,271,242,44,247,220,38,Finisher,1690
Le,Yu,Le Yu,1081,M45-49,Male,Orinda,CA,United States,US,0:56:10,2:58:37,1:39:27,0:03:21,0:03:00,5:40:35,3370,10717,5967,201,180,20435,248,221,23,743,578,51,420,360,30,248,221,23,Finisher,2060
Niko,Dellamaggiore ,Niko Dellamaggiore,1241,M30-34,Male,Gilroy,California,United States,US,0:44:33,2:51:58,1:56:15,0:04:12,0:03:41,5:40:39,2673,10318,6975,252,221,20439,249,222,31,320,248,37,247,221,31,249,222,31,Finisher,1817
Lianne,Vicchio,Lianne Vicchio,577,F35-39,Female,Carmichael,US-CA,United States,US,0:43:58,3:01:20,1:51:42,0:02:12,0:02:17,5:41:29,2638,10880,6702,132,137,20489,250,28,4,300,68,8,306,37,4,250,28,4,Finisher,2286
Parker,Napier,Parker Napier,1073,M25-29,Male,Encinitas,California,United States,US,0:38:38,2:55:13,2:00:53,0:04:19,0:02:38,5:41:42,2318,10513,7253,259,158,20502,251,223,39,123,103,20,224,200,36,251,223,39,Finisher,1669
Tim,MacLean,Tim MacLean,742,M55-59,Male,Redding,CA,United States,US,0:46:46,2:49:29,1:54:43,0:05:07,0:06:20,5:42:24,2806,10169,6883,307,380,20544,252,224,9,408,313,16,251,225,11,252,224,9,Finisher,2668
Kevin,Proszek,Kevin Proszek,905,M45-49,Male,Spokane,WA,Germany,DE,0:40:13,2:43:03,2:10:23,0:03:41,0:05:07,5:42:27,2413,9783,7823,221,307,20547,253,225,24,175,143,9,153,139,13,253,225,24,Finisher,2026
Ted,Schultz,Ted Schultz,263,M55-59,Male,EL CAJON,CA,United States,US,0:50:38,2:33:37,2:08:19,0:05:14,0:04:41,5:42:29,3038,9217,7699,314,281,20549,254,226,10,571,444,22,174,156,5,254,226,10,Finisher,2667
Brian,Torum,Brian Torum,504,M40-44,Male,Redding,CA,United States,US,0:44:23,2:48:55,2:01:11,0:04:18,0:03:55,5:42:41,2663,10135,7271,258,235,20561,255,227,24,312,242,18,220,196,23,255,227,24,Finisher,2055
Marek,Skoczen,Marek Skoczen,470,M55-59,Male,Thousand oaks,CA,Poland,PL,0:56:07,2:46:10,1:54:19,0:03:57,0:03:05,5:43:38,3367,9970,6859,237,185,20618,256,228,11,742,577,33,299,264,16,256,228,11,Finisher,2646
Jessica,Lukasik,Jessica Lukasik,1163,F30-34,Male,Alexandria,VA,United States,US,0:41:55,2:58:14,1:56:53,0:03:33,0:03:45,5:44:21,2515,10694,7013,213,225,20661,257,29,6,216,40,8,268,28,6,257,29,6,Finisher,2639
Jason,Bishop,Jason Bishop,229,M40-44,Male,Auburn,WA,United States,US,0:37:34,2:51:53,2:09:02,0:04:17,0:02:15,5:45:02,2254,10313,7742,257,135,20702,258,229,25,103,88,4,196,176,18,258,229,25,Finisher,2013
Joseph,Padavath,Joseph Padavath,1076,M25-29,Male,Mountain View,California,India,IN,0:35:08,3:06:53,1:55:38,0:04:03,0:03:33,5:45:16,2108,11213,6938,243,213,20716,259,230,40,65,55,9,294,259,49,259,230,40,Finisher,1604
Michael,Fitzsimmons,Michael Fitzsimmons,335,M65-69,Male,Ashland,OR,United States,US,0:46:47,3:03:43,1:46:13,0:04:55,0:04:17,5:45:55,2807,11023,6373,295,257,20755,260,231,3,410,314,4,398,344,4,260,231,3,Finisher,3277
Anthony,Coussa,Anthony Coussa,1274,M40-44,Male,Roseville,CA,United States,US,0:47:53,2:49:08,2:01:09,0:04:16,0:03:32,5:45:57,2873,10148,7269,256,212,20757,261,232,26,453,347,29,250,224,26,261,232,26,Finisher,1997
Kei Hsu Albert,Chien,Kei Hsu Albert Chien,296,M25-29,Male,San Francisco,California,Hong Kong,HK,0:43:35,2:48:43,2:07:44,0:03:10,0:02:47,5:45:59,2615,10123,7664,190,167,20759,262,233,41,288,225,43,211,188,33,262,233,41,Finisher,1592
Chris,Johnson,Chris Johnson,850,M30-34,Male,Newbury Park,California,Germany,DE,0:33:49,2:51:56,2:12:30,0:04:43,0:03:23,5:46:20,2029,10316,7950,283,203,20780,263,234,32,47,41,5,177,159,21,263,234,32,Finisher,1715
Roberto,Berlini,Roberto Berlini,755,M35-39,Male,São Lourenço,BR-MG,Brazil,BR,0:39:43,2:59:55,1:55:50,0:05:26,0:05:30,5:46:24,2383,10795,6950,326,330,20784,264,235,37,152,126,16,283,252,40,264,235,37,Finisher,700
Luca,Fasoli,Luca Fasoli,235,M55-59,Male,Campbell,US-CA,Italy,IT,0:53:27,2:49:20,1:56:59,0:03:27,0:03:19,5:46:32,3207,10160,7019,207,199,20792,265,236,12,666,520,30,298,263,15,265,236,12,Finisher,2594
Drake,Wilson,Drake Wilson,450,M18-24,Male,Peoria,Arizona,United States,US,0:44:23,2:59:03,1:57:47,0:02:45,0:02:37,5:46:34,2663,10743,7067,165,157,20794,266,237,21,311,241,30,296,261,24,266,237,21,Finisher,700
Robert,Haynes,Robert Haynes,257,M55-59,Male,Elk Grove,US-CA,United States,US,0:51:07,2:51:11,1:57:34,0:03:41,0:03:04,5:46:36,3067,10271,7054,221,184,20796,267,238,13,591,462,24,292,257,14,267,238,13,Finisher,2593
Ben,Boardway,Ben Boardway,720,M30-34,Male,Cameron Park,CA,United States,US,0:44:48,2:58:20,1:58:43,0:02:38,0:02:14,5:46:42,2688,10700,7123,158,134,20802,268,239,33,328,254,38,290,255,36,268,239,33,Finisher,1709
Donald,Mcdonald,Donald Mcdonald,242,M60-64,Male,Somis,CA,United States,US,0:42:03,3:06:07,1:48:43,0:04:46,0:05:09,5:46:49,2523,11167,6523,286,309,20809,269,240,5,223,181,6,366,318,9,269,240,5,Finisher,2811
Grant,Bergfeld,Grant Bergfeld,679,M35-39,Male,SAN CLEMENTE,CA,United States,US,0:38:59,2:51:14,2:05:06,0:05:14,0:06:26,5:47:01,2339,10274,7506,314,386,20821,270,241,38,132,109,13,212,189,30,270,241,38,Finisher,2066
Robbie,Large,Robbie Large,352,M30-34,Male,El Sobrante,CA,United States,US,0:41:56,3:06:33,1:49:28,0:05:46,0:03:30,5:47:12,2516,11193,6568,346,210,20832,271,242,34,217,177,28,385,334,46,271,242,34,Finisher,1700
Jef,Haagen,Jef Haagen,723,M30-34,Male,Chicago,Illinois,Belgium,BE,0:48:36,2:59:31,1:49:28,0:06:09,0:03:43,5:47:27,2916,10771,6568,369,223,20847,272,243,35,485,376,49,386,335,47,272,243,35,Finisher,1695
Matthew,Whitman,Matthew Whitman,1272,M30-34,Male,PORTLAND,OR,United States,US,0:41:15,2:34:31,2:25:31,0:03:23,0:02:47,5:47:27,2475,9271,8731,203,167,20847,273,244,36,197,162,25,113,105,16,273,244,36,Finisher,1695
Cory,Hott,Cory Hott,1173,M30-34,Male,Denver,CO,United States,US,0:47:04,2:48:39,2:05:07,0:03:31,0:03:07,5:47:29,2824,10119,7507,211,187,20849,274,245,37,420,323,46,233,209,28,274,245,37,Finisher,700
Ian,Murray,Ian Murray,1212,M55-59,Male,Ashland,OR,United States,US,0:39:14,2:48:18,2:15:31,0:01:48,0:02:43,5:47:34,2354,10098,8131,108,163,20854,275,246,14,139,115,4,171,154,4,275,246,14,Finisher,2575
Tomas,Icaza,Tomas Icaza,931,M35-39,Male,El Segundo,CA,Chile,CL,0:45:21,2:59:20,1:54:49,0:04:24,0:03:43,5:47:37,2721,10760,6889,264,223,20857,276,247,39,349,271,39,322,284,43,276,247,39,Finisher,700
Trevor,Colby,Trevor Colby,1123,M30-34,Male,San Francisco,California,United States,US,0:45:26,2:48:28,2:04:19,0:04:51,0:04:40,5:47:44,2726,10108,7459,291,280,20864,277,248,38,353,275,41,229,205,27,277,248,38,Finisher,700
Jordan,Machle,Jordan Machle,313,M18-24,Male,San Francisco,CA,United States,US,0:48:31,2:48:36,2:01:51,0:04:46,0:04:15,5:47:58,2911,10116,7311,286,255,20878,278,249,22,482,373,54,253,227,21,278,249,22,Finisher,700
Alexandre,Remy,Alexandre Remy,340,M40-44,Male,Napa,CA,United States,US,0:44:49,3:02:08,1:53:10,0:04:38,0:03:18,5:48:04,2689,10928,6790,278,198,20884,279,250,27,329,255,21,345,303,32,279,250,27,Finisher,700
Sam,Wiseman,Sam Wiseman,775,M25-29,Male,Redding,California,United States,US,0:39:37,2:52:00,2:05:23,0:06:55,0:04:34,5:48:28,2377,10320,7523,415,274,20908,280,251,42,150,124,24,226,202,37,280,251,42,Finisher,700
Trevor,Smith,Trevor Smith,835,M25-29,Male,Redding,CA,United States,US,0:44:07,2:44:55,2:10:14,0:06:47,0:02:29,5:48:32,2647,9895,7814,407,149,20912,281,252,43,302,234,46,213,190,34,281,252,43,Finisher,1546
Bradley,Blackshire,Bradley Blackshire,326,M30-34,Male,SAN FRANCISCO,CA,United States,US,0:43:17,3:00:02,1:54:51,0:04:59,0:05:30,5:48:39,2597,10802,6891,299,330,20919,282,253,39,272,216,35,311,274,38,282,253,39,Finisher,700
Bailey,Sulzer,Bailey Sulzer,512,M25-29,Male,Anna,Texas,United States,US,0:41:57,2:55:13,2:05:26,0:03:48,0:02:32,5:48:55,2517,10513,7526,228,152,20935,283,254,44,218,178,32,249,223,41,283,254,44,Finisher,700
Enrique,Perafan,Enrique Perafan,933,M25-29,Male,San Luis Potosi,San Luis Potosí ,Mexico,MX,0:45:16,3:00:59,1:51:59,0:05:34,0:05:09,5:48:56,2716,10859,6719,334,309,20936,284,255,45,347,269,50,351,308,57,284,255,45,Finisher,1538
Andres,Bustamante,Andres Bustamante,598,M25-29,Male,San Leandro,CA,Mexico,MX,0:44:54,3:00:58,1:58:00,0:02:15,0:02:53,5:49:00,2694,10858,7080,135,173,20940,285,256,46,336,260,49,308,271,50,285,256,46,Finisher,1537
Geoff,Melrose,Geoff Melrose,435,M60-64,Male,Seattle,WA,United States,US,0:56:11,2:51:06,1:53:06,0:05:54,0:03:05,5:49:22,3371,10266,6786,354,185,20962,286,257,6,744,579,25,367,319,10,286,257,6,Finisher,2765
Sergio,Bedolla Martinez,Sergio Bedolla Martinez,741,M25-29,Male,San Luis Potosí,San Luis Potosí,Mexico,MX,0:49:27,2:57:36,1:52:50,0:04:34,0:05:14,5:49:42,2967,10656,6770,274,314,20982,287,258,47,518,403,79,346,304,54,287,258,47,Finisher,1525
Karlis,Treijs,Karlis Treijs,1230,M30-34,Male,Los Gatos,CALIFORNIA,Latvia,LV,0:49:41,2:58:53,1:54:27,0:04:54,0:02:18,5:50:14,2981,10733,6867,294,138,21014,288,259,40,531,412,52,375,325,44,288,259,40,Finisher,700
Max,Ruffcorn,Max Ruffcorn,153,M40-44,Male,Redding,CALIFORNIA,United States,US,0:34:35,2:50:04,2:20:08,0:02:50,0:02:58,5:50:34,2075,10204,8408,170,178,21034,289,260,28,58,50,2,156,142,13,289,260,28,Finisher,1913
Beverley,Anderson-Abbs,Beverley Anderson-Abbs,561,F60-64,Female,Sacramento,US-CA,United States,US,1:02:35,2:54:59,1:42:21,0:05:33,0:05:15,5:50:42,3755,10499,6141,333,315,21042,290,30,2,876,200,13,476,74,5,290,30,2,Finisher,700
Karl,Studer,Karl Studer,1068,M45-49,Male,Rupert,Idaho,United States,US,0:47:02,2:57:20,2:00:55,0:02:32,0:03:05,5:50:53,2822,10640,7255,152,185,21053,291,261,25,417,321,28,302,267,23,291,261,25,Finisher,1874
Phil,Miller,Phil Miller,1044,M35-39,Male,Los Angeles,California,Germany,DE,0:43:39,2:54:03,2:03:50,0:04:16,0:05:45,5:51:32,2619,10443,7430,256,345,21092,292,262,40,292,228,33,254,228,36,292,262,40,Finisher,700
Dustin,Ansley,Dustin Ansley,1155,M35-39,Male,PORTLAND,OR,United States,US,0:49:49,3:04:07,1:48:29,0:05:11,0:04:14,5:51:51,2989,11047,6509,311,254,21111,293,263,41,536,417,57,426,366,56,293,263,41,Finisher,1979
Jeanette,Mucha,Jeanette Mucha,187,F55-59,Female,San Carlos,US-CA,United States,US,0:43:00,3:00:41,2:01:37,0:03:36,0:03:39,5:52:33,2580,10841,7297,216,219,21153,294,31,2,256,50,6,304,36,5,294,31,2,Finisher,2946
Trenton,Steele,Trenton Steele,271,M25-29,Male,Littleton,CO,United States,US,0:51:51,2:57:11,1:56:31,0:02:42,0:04:37,5:52:52,3111,10631,6991,162,277,21172,295,264,48,617,482,85,347,305,55,295,264,48,Finisher,1468
Kristine,Dye,Kristine Dye,822,F30-34,Female,Port Orange,Florida,United States,US,0:43:01,2:59:43,2:04:56,0:02:55,0:02:17,5:52:52,2581,10783,7496,175,137,21172,296,32,7,257,51,11,289,35,7,296,32,7,Finisher,2486
Noah,Ferguson,Noah Ferguson,863,M25-29,Male,Anderson,CA,United States,US,0:42:17,2:59:13,2:05:39,0:03:19,0:02:28,5:52:57,2537,10753,7539,199,148,21177,297,265,49,229,186,35,281,250,46,297,265,49,Finisher,1466
Noah,Laudolff,Noah Laudolff,1103,M25-29,Male,Lynnwood,WA,United States,US,0:51:20,2:47:08,2:06:59,0:04:37,0:03:04,5:53:08,3080,10028,7619,277,184,21188,298,266,50,597,465,84,264,237,43,298,266,50,Finisher,1463
Adrian,Silva,Adrian Silva,753,M30-34,Male,Anderson,California,United States,US,0:42:20,3:08:24,1:56:27,0:02:41,0:03:27,5:53:17,2540,11304,6987,161,207,21197,299,267,41,231,188,30,371,323,43,299,267,41,Finisher,1590
Anna,Sykes,Anna Sykes,1196,F25-29,Female,HAYLING ISLAND,,United Kingdom,GB,0:46:42,3:12:10,1:45:35,0:04:05,0:04:52,5:53:24,2802,11530,6335,245,292,21204,300,33,10,405,95,22,474,73,17,300,33,10,Finisher,1952
James,Heth,James Heth,733,M40-44,Male,Redding,California,United States,US,0:49:46,2:49:53,2:03:24,0:06:31,0:03:50,5:53:25,2986,10193,7404,391,230,21205,301,268,29,535,416,36,295,260,27,301,268,29,Finisher,700
Manuel,Cortez,Manuel Cortez,644,M18-24,Male,Beaverton,OR,United States,US,0:49:45,3:05:12,1:51:09,0:04:39,0:02:42,5:53:27,2985,11112,6669,279,162,21207,302,269,23,533,414,62,432,371,37,302,269,23,Finisher,2161
Stephanie,Brereton,Stephanie Brereton,910,F30-34,Female,Sparks,NV,United States,US,0:31:49,3:20:31,1:55:12,0:03:33,0:02:23,5:53:29,1909,12031,6912,213,143,21209,303,34,8,31,4,1,404,55,9,303,34,8,Finisher,2475
Leonardo,Yousefpor,Leonardo Yousefpor,1022,M18-24,Male,San Jose,CA,United States,US,0:35:15,2:49:18,2:19:02,0:04:50,0:05:24,5:53:49,2115,10158,8342,290,324,21229,304,270,24,71,60,4,172,155,14,304,270,24,Finisher,2154
Lucas,Azevedo,Lucas Azevedo,1176,M40-44,Male,San Francisco,CA,Brazil,BR,0:57:03,2:29:28,2:15:25,0:05:52,0:06:21,5:54:10,3423,8968,8125,352,381,21250,305,271,30,766,597,59,188,169,16,305,271,30,Finisher,1849
Sean,Johnson,Sean Johnson,1203,M55-59,Male,Eureka,CA,United States,US,0:46:31,2:47:20,2:12:12,0:03:47,0:04:32,5:54:23,2791,10040,7932,227,272,21263,306,272,15,397,306,15,221,197,9,306,272,15,Finisher,2453
Damon,Szymanowski,Damon Szymanowski,1188,M50-54,Male,Carmichael,CA,United States,US,0:34:00,2:53:55,2:16:41,0:05:44,0:04:06,5:54:24,2040,10435,8201,344,246,21264,307,273,10,50,44,2,195,175,7,307,273,10,Finisher,2066
Jose,Morales,Jose Morales,361,M18-24,Male,Mountain View,California,Mexico,MX,0:57:41,3:01:07,1:47:34,0:03:59,0:04:21,5:54:43,3461,10867,6454,239,261,21283,308,274,25,787,614,87,470,398,45,308,274,25,Finisher,2138
Ethan,Niemeyer,Ethan Niemeyer,640,M18-24,Male,Medford,OR,United States,US,0:43:04,3:12:03,1:52:52,0:03:57,0:03:05,5:55:01,2584,11523,6772,237,185,21301,309,275,26,260,208,21,425,365,36,309,275,26,Finisher,2133
John,Mueller,John Mueller,281,M18-24,Male,Pasadena,California,United States,US,0:41:17,3:04:40,2:02:31,0:04:11,0:02:23,5:55:03,2477,11080,7351,251,143,21303,310,276,27,200,165,14,333,294,28,310,276,27,Finisher,700
Luis Bernardo,Garcia Magaña,Luis Bernardo Garcia Magaña,887,M18-24,Male,Jacona de Plancarte,MX-MIC,Mexico,MX,0:50:52,2:56:43,1:59:03,0:04:47,0:03:42,5:55:07,3052,10603,7143,287,222,21307,311,277,28,580,451,68,359,313,31,311,277,28,Finisher,2131
Alexis,Rockenbach,Alexis Rockenbach,258,M50-54,Male,Porto Alegre,RIO GRANDE DO SUL,Brazil,BR,0:49:16,2:50:45,2:08:05,0:04:06,0:02:56,5:55:08,2956,10245,7685,246,176,21308,312,278,11,514,399,21,273,243,13,312,278,11,Finisher,2053
Jared,Smith,Jared Smith,728,M18-24,Male,Murrieta,California,United States,US,0:42:17,3:04:46,2:00:41,0:04:29,0:03:23,5:55:36,2537,11086,7241,269,203,21336,313,279,29,230,187,17,344,302,30,313,279,29,Finisher,2122
Kevin,Stemple,Kevin Stemple,831,M50-54,Male,Redding,California,United States,US,0:45:14,2:54:40,2:10:29,0:02:48,0:02:46,5:55:57,2714,10480,7829,168,166,21357,314,280,12,346,268,11,261,235,11,314,280,12,Finisher,2038
Matt,Belli,Matt Belli,783,M35-39,Male,Vacaville,California,United States,US,0:42:47,3:08:18,1:54:38,0:06:09,0:04:06,5:55:58,2567,11298,6878,369,246,21358,315,281,42,245,200,30,413,355,51,315,281,42,Finisher,700
Javier,Sifuentes,Javier Sifuentes,812,M35-39,Male,Heartland,TX,United States,US,0:51:25,3:03:42,1:55:01,0:03:31,0:02:38,5:56:17,3085,11022,6901,211,158,21377,316,282,43,598,466,63,424,364,55,316,282,43,Finisher,1899
Sam,Delaney,Sam Delaney,1165,M30-34,Male,La Mesa,CA,United States,US,0:35:55,2:50:58,2:20:47,0:05:04,0:03:50,5:56:34,2155,10258,8447,304,230,21394,317,283,42,80,67,10,186,167,23,317,283,42,Finisher,1531
Kendall,Rusnak,Kendall Rusnak,1028,M25-29,Male,Union,NJ,United States,US,0:59:17,2:41:26,2:07:40,0:04:26,0:03:48,5:56:38,3557,9686,7660,266,228,21398,318,284,51,817,634,111,285,253,48,318,284,51,Finisher,1400
Mason,Vance,Mason Vance,958,M18-24,Male,Los Angeles,California,United States,US,0:44:22,3:00:16,2:04:59,0:04:30,0:02:36,5:56:43,2662,10816,7499,270,156,21403,319,285,30,310,240,29,324,286,27,319,285,30,Finisher,2102
Leroy,Howard Ii,Leroy Howard Ii,1159,M35-39,Male,Potomac,MD,United States,US,0:37:33,3:00:41,2:11:29,0:04:16,0:02:51,5:56:51,2253,10841,7889,256,171,21411,320,286,44,101,87,6,258,232,37,320,286,44,Finisher,1889
Josh,Ritter,Josh Ritter,569,M45-49,Male,Redding,CA,United States,US,0:40:45,2:44:34,2:23:21,0:03:10,0:05:01,5:56:52,2445,9874,8601,190,301,21412,321,287,26,184,151,11,160,145,14,321,287,26,Finisher,1767
Amit,Paz,Amit Paz,391,M50-54,Male,Del Mar,US-CA,United States,US,0:52:50,2:56:12,1:59:20,0:04:39,0:03:53,5:56:54,3170,10572,7160,279,233,21414,322,288,13,650,507,30,378,327,19,322,288,13,Finisher,700
Sean,FITZPATRICK,Sean FITZPATRICK,244,M50-54,Male,Santa Rosa,US-CA,United States,US,0:46:01,2:49:04,2:12:37,0:05:02,0:04:25,5:57:09,2761,10144,7957,302,265,21429,323,289,14,376,293,12,243,218,10,323,289,14,Finisher,2016
Alexander,Davis,Alexander Davis,520,M70-74,Male,Modesto,US-CA,United States,US,0:48:22,2:58:26,2:00:22,0:07:04,0:03:00,5:57:14,2902,10706,7222,424,180,21434,324,290,1,476,367,3,380,329,3,324,290,1,Finisher,3500
Camille,Soloaga,Camille Soloaga,802,F25-29,Female,vacaville,CA,United States,US,0:43:14,3:05:00,1:59:27,0:05:11,0:04:37,5:57:29,2594,11100,7167,311,277,21449,325,35,11,268,56,13,372,49,11,325,35,11,Finisher,1878
Ryan,Dawkins,Ryan Dawkins,643,M50-54,Male,Oakland,CA,United States,US,0:47:38,2:47:51,2:15:48,0:03:09,0:03:15,5:57:42,2858,10071,8148,189,195,21462,326,291,15,442,338,18,228,204,9,326,291,15,Finisher,2006
Brian,Ormson,Brian Ormson,290,M55-59,Male,Granite Bay,CA,United States,US,1:02:22,2:38:09,2:08:47,0:03:46,0:04:39,5:57:42,3742,9489,7727,226,279,21462,327,292,16,869,670,41,274,244,13,327,292,16,Finisher,2393
Austin,Dolan,Austin Dolan,1158,M35-39,Male,San Diego,California,United States,US,0:38:20,3:14:19,1:56:19,0:04:40,0:04:30,5:58:08,2300,11659,6979,280,270,21488,328,293,45,117,99,11,414,356,52,328,293,45,Finisher,1865
Taylor,Pryor,Taylor Pryor,274,M30-34,Male,Sacramento,US-CA,United States,US,0:39:46,2:57:15,2:15:54,0:02:19,0:02:57,5:58:10,2386,10635,8154,139,177,21490,329,294,43,155,128,20,235,211,29,329,294,43,Finisher,1502
Mark,Hurwitz,Mark Hurwitz,957,M70-74,Male,Newport Beach,US-CA,United States,US,0:40:02,2:59:23,2:12:49,0:03:29,0:02:30,5:58:14,2402,10763,7969,209,150,21494,330,295,2,166,137,1,262,236,1,330,295,2,Finisher,3482
Sammantha,Teuscher,Sammantha Teuscher,223,F50-54,Female,Mexico city,CDMX,Mexico,MX,0:47:55,2:57:09,2:07:44,0:03:16,0:02:26,5:58:29,2875,10629,7664,196,146,21509,331,36,2,458,107,12,312,38,3,331,36,2,Finisher,2800
Louis,Harvey,Louis Harvey,390,M25-29,Male,San Francisco,CA,United States,US,0:41:29,3:04:36,2:06:12,0:03:44,0:02:53,5:58:54,2489,11076,7572,224,173,21534,332,296,52,208,171,31,330,292,53,332,296,52,Finisher,1359
Steven,Szabo,Steven Szabo,1140,M18-24,Male,Phoenix ,AZ,United States,US,0:46:30,2:51:14,2:13:54,0:03:57,0:03:36,5:59:11,2790,10274,8034,237,216,21551,333,297,31,396,305,43,252,226,20,333,297,31,Finisher,2058
Claire,Redman,Claire Redman,714,F25-29,Female,Madison,WI,United States,US,0:41:38,2:58:53,2:10:03,0:04:44,0:04:00,5:59:18,2498,10733,7803,284,240,21558,334,37,12,210,38,11,286,33,9,334,37,12,Finisher,1846
Justin,Turner,Justin Turner,484,M35-39,Male,Logandale,Nevada,United States,US,1:01:17,3:02:04,1:46:45,0:05:06,0:04:09,5:59:20,3677,10924,6405,306,249,21560,335,298,46,847,656,89,534,447,63,335,298,46,Finisher,1844
Christine,Desrochers,Christine Desrochers,157,F55-59,Female,RAMONA,US-CA,United States,US,0:50:26,2:57:38,2:04:52,0:03:45,0:02:49,5:59:31,3026,10658,7492,225,169,21571,336,38,3,564,126,10,353,44,6,336,38,3,Finisher,2821
Kevin,Low,Kevin Low,901,M30-34,Male,Pittsburgh,Pennsylvania,United States,US,0:39:12,3:02:51,2:10:28,0:03:54,0:03:26,5:59:51,2352,10971,7828,234,206,21591,337,299,44,138,114,17,291,256,37,337,299,44,Finisher,1472
Molly,Dawson,Molly Dawson,1183,F25-29,Female,Columbus,OH,United States,US,0:39:50,3:14:26,1:56:22,0:05:23,0:03:57,5:59:59,2390,11666,6982,323,237,21599,338,39,13,158,28,9,434,62,14,338,39,13,Finisher,1833
Karen,Rayle,Karen Rayle,176,F55-59,Female,Eugene,US-OR,United States,US,0:46:46,3:06:20,1:58:47,0:04:44,0:03:38,6:00:16,2806,11180,7127,284,218,21616,339,40,4,409,96,7,418,60,8,339,40,4,Finisher,2807
William,Watkins,William Watkins,763,M18-24,Male,Los Angeles,California,United States,US,0:43:22,3:02:06,2:03:38,0:05:56,0:05:15,6:00:17,2602,10926,7418,356,315,21617,340,300,32,281,222,23,340,298,29,340,300,32,Finisher,700
Colby,Malkovich,Colby Malkovich,955,M18-24,Male,Reno,Nevada,Spain,ES,0:42:16,3:14:01,1:54:01,0:05:41,0:04:22,6:00:21,2536,11641,6841,341,262,21621,341,301,33,227,184,16,461,392,43,341,301,33,Finisher,700
Colin,Janes,Colin Janes,950,M18-24,Male,Santa Ynez,California,United States,US,0:50:09,3:06:11,1:56:05,0:03:48,0:04:13,6:00:26,3009,11171,6965,228,253,21626,342,302,34,555,433,64,445,381,40,342,302,34,Finisher,2035
Zoee,Paras,Zoee Paras,651,F25-29,Female,Logan,UT,United States,US,0:57:23,3:00:44,1:54:36,0:03:26,0:04:34,6:00:42,3443,10844,6876,206,274,21642,343,41,14,776,170,35,458,68,15,343,41,14,Finisher,1820
Marcelo,Gaete,Marcelo Gaete,406,M60-64,Male,Valencia,CA,Chile,CL,0:51:47,2:56:11,1:57:27,0:11:39,0:03:54,6:00:59,3107,10571,7047,699,234,21659,344,303,7,610,475,16,433,372,14,344,303,7,Finisher,700
Ernesto ,Raya Gonzalez ,Ernesto Raya Gonzalez,1263,M30-34,Male,Fremont,CA,Mexico,MX,0:52:53,2:55:44,2:00:16,0:05:52,0:06:39,6:01:24,3173,10544,7216,352,399,21684,345,304,45,651,508,66,388,337,48,345,304,45,Finisher,700
John,HAMPTON,John HAMPTON,760,M60-64,Male,Reno,US-NV,United States,US,0:53:42,2:52:52,2:06:28,0:04:54,0:03:54,6:01:49,3222,10372,7588,294,234,21709,346,305,8,678,527,19,341,299,7,346,305,8,Finisher,2541
Joanne,Gilchrist,Joanne Gilchrist,1016,F55-59,Female,Chico,US-CA,United States,US,0:40:06,3:01:04,2:15:33,0:02:40,0:02:27,6:01:49,2406,10864,8133,160,147,21709,347,42,5,171,31,5,270,29,3,347,42,5,Finisher,2779
Taylor,Becker,Taylor Becker,704,F35-39,Female,Reno,US-NV,United States,US,0:45:39,3:11:12,1:57:32,0:04:15,0:03:12,6:01:50,2739,11472,7052,255,192,21710,348,43,5,364,82,10,451,66,8,348,43,5,Finisher,1919
Elijah,Mimlitsch,Elijah Mimlitsch,341,M18-24,Male,waddell,Arizona,United States,US,0:49:13,3:02:33,2:04:45,0:02:34,0:02:53,6:01:58,2953,10953,7485,154,173,21718,349,306,35,511,396,59,387,336,33,349,306,35,Finisher,2008
Rachel,Bates,Rachel Bates,749,F30-34,Female,Irvine,California,United States,US,0:43:25,3:04:54,2:03:10,0:04:03,0:06:27,6:01:58,2605,11094,7390,243,387,21718,350,44,9,283,60,13,357,46,8,350,44,9,Finisher,2322
Brian,Krautler,Brian Krautler,327,M50-54,Male,ALAMEDA,CA,United States,US,0:49:10,2:52:31,2:08:21,0:07:07,0:04:53,6:02:01,2950,10351,7701,427,293,21721,351,307,16,508,395,19,319,281,16,351,307,16,Finisher,1929
Ksenia,Vasileva ,Ksenia Vasileva,1019,F25-29,Female,Lake Oswego ,Oregon,United States,US,0:42:34,3:21:36,1:52:31,0:03:08,0:02:38,6:02:27,2554,12096,6751,188,158,21747,352,45,15,242,45,12,521,84,20,352,45,15,Finisher,1789
Lauren,Roe,Lauren Roe,389,F25-29,Female,Colorado Springs,CO,United States,US,0:41:28,3:12:19,2:01:55,0:02:49,0:04:09,6:02:40,2488,11539,7315,169,249,21760,353,46,16,207,37,10,409,57,13,353,46,16,Finisher,1785
Oscar,Zhang,Oscar Zhang,375,M18-24,Male,Allston,US-MA,China,CN,0:46:30,3:23:51,1:41:01,0:05:22,0:06:26,6:03:10,2790,12231,6061,322,386,21790,354,308,36,395,304,42,611,506,56,354,308,36,Finisher,1986
Hannah,Stockwell,Hannah Stockwell,516,F18-24,Female,Folsom,CA,United States,US,0:46:07,3:06:47,2:05:36,0:02:29,0:02:13,6:03:12,2767,11207,7536,149,133,21792,355,47,1,383,86,6,397,54,2,355,47,1,Finisher,3500
Jen,Roost,Jen Roost,363,F50-54,Female,Menlo Park,US-CA,United States,US,0:38:51,3:00:41,2:16:47,0:04:21,0:02:45,6:03:25,2331,10841,8207,261,165,21805,356,48,3,129,23,3,272,30,2,356,48,3,Finisher,2711
Thomas,Thorpe,Thomas Thorpe,602,M18-24,Male,Willows,California,United States,US,0:48:07,3:09:15,1:55:35,0:04:47,0:05:41,6:03:26,2887,11355,6935,287,341,21806,357,309,37,465,358,53,462,393,44,357,309,37,Finisher,1981
Ana,Quinzaños,Ana Quinzaños,224,F18-24,Female,Ciudad de México,MX-CMX,Mexico,MX,0:43:12,3:03:46,2:11:02,0:02:55,0:02:39,6:03:34,2592,11026,7862,175,159,21814,358,49,2,266,54,3,331,39,1,358,49,2,Finisher,3493
Tim,Dugan,Tim Dugan,418,M55-59,Male,San Francisco,CA,United States,US,0:47:49,3:01:06,2:04:56,0:05:01,0:04:59,6:03:51,2869,10866,7496,301,299,21831,359,310,17,449,343,17,382,331,23,359,310,17,Finisher,2282
Lynne,Speckmann,Lynne Speckmann,192,F60-64,Female,Seattle,US-WA,United States,US,0:48:21,2:52:38,2:16:24,0:04:10,0:02:22,6:03:54,2901,10358,8184,250,142,21834,360,50,3,475,109,7,284,32,2,360,50,3,Finisher,2930
Brittany,Thomas,Brittany Thomas,490,F35-39,Female,Redding,California,United States,US,0:53:05,3:10:37,1:53:49,0:03:14,0:03:14,6:03:58,3185,11437,6829,194,194,21838,361,51,6,657,144,14,515,83,11,361,51,6,Finisher,1881
Kathryn,Koehler,Kathryn Koehler,855,F50-54,Female,Palo Alto,CA,United States,US,0:43:03,3:13:07,1:59:27,0:05:40,0:02:54,6:04:11,2583,11587,7167,340,174,21851,362,52,4,259,52,4,460,69,9,362,52,4,Finisher,700
Rebecca,Schmidt,Rebecca Schmidt,165,F50-54,Female,Davis,US-CA,United States,US,0:44:59,3:03:46,2:07:04,0:04:41,0:03:41,6:04:12,2699,11026,7624,281,221,21852,363,53,5,338,77,7,374,50,7,363,53,5,Finisher,2697
Carlos,Caro,Carlos Caro,267,M35-39,Male,SAN DIEGO,CA,United States,US,0:51:30,3:01:52,2:02:26,0:04:30,0:04:13,6:04:31,3090,10912,7346,270,253,21871,364,311,47,601,467,64,419,359,54,364,311,47,Finisher,1751
Juan,Garcia,Juan Garcia,937,M40-44,Male,STOCKTON,CA,United States,US,0:53:29,3:00:49,1:59:53,0:06:45,0:03:51,6:04:47,3209,10849,7193,405,231,21887,365,312,31,668,522,49,450,385,39,365,312,31,Finisher,700
Corey,Busta,Corey Busta,1224,M25-29,Male,Corning,CA,United States,US,0:49:30,2:51:06,2:15:46,0:04:27,0:04:09,6:04:58,2970,10266,8146,267,249,21898,366,313,53,520,405,80,282,251,47,366,313,53,Finisher,1250
Nicole,Sarafolean,Nicole Sarafolean,232,F55-59,Female,Reno,NV,United States,US,0:35:08,3:17:59,2:01:18,0:06:17,0:04:35,6:05:18,2108,11879,7278,377,275,21918,367,54,6,66,11,1,431,61,9,367,54,6,Finisher,2717
Graeme,Palmersheim,Graeme Palmersheim,384,M25-29,Male,Vancouver,WA,United States,US,0:42:17,3:06:14,2:05:59,0:06:24,0:04:41,6:05:35,2537,11174,7559,384,281,21935,368,314,54,228,185,34,393,340,61,368,314,54,Finisher,700
Scott,Tomlinson,Scott Tomlinson,1276,M50-54,Male,Sacramento,CA,United States,US,0:49:33,2:53:57,2:05:43,0:07:57,0:08:24,6:05:35,2973,10437,7543,477,504,21935,369,315,17,523,408,22,342,300,17,369,315,17,Finisher,700
Albert,Barillas,Albert Barillas,401,M18-24,Male,Lincoln ,California,United States,US,0:50:56,3:13:46,1:50:47,0:03:35,0:06:39,6:05:44,3056,11626,6647,215,399,21944,370,316,38,583,454,70,532,445,49,370,316,38,Finisher,1940
Erica,Knauff,Erica Knauff,190,F45-49,Female,Folsom,US-CA,United States,US,0:43:11,3:05:33,2:12:10,0:02:31,0:02:19,6:05:44,2591,11133,7930,151,139,21944,371,55,5,264,53,5,338,41,5,371,55,5,Finisher,2623
Walter,Harden,Walter Harden,436,M35-39,Male,Redding,CA,United States,US,0:49:41,2:55:17,2:09:02,0:04:30,0:07:16,6:05:45,2981,10517,7742,270,436,21945,372,317,48,530,411,55,327,289,44,372,317,48,Finisher,1728
Zach,Beevor,Zach Beevor,1217,M18-24,Male,Truckee,California,United States,US,0:52:44,3:03:22,2:02:10,0:03:55,0:03:36,6:05:46,3164,11002,7330,235,216,21946,373,318,39,643,503,76,440,376,39,373,318,39,Finisher,700
Krystina,Wei,Krystina Wei,304,F35-39,Female,Fullerton,CA,United States,US,0:43:29,3:04:50,2:12:24,0:02:57,0:02:27,6:06:07,2609,11090,7944,177,147,21967,374,56,7,284,61,6,339,42,5,374,56,7,Finisher,1842
Kris,Bitten,Kris Bitten,645,M45-49,Male,North Vancouver,BC,Canada,CA,0:46:05,3:02:41,2:08:41,0:04:27,0:04:18,6:06:12,2765,10961,7721,267,258,21972,375,319,27,381,296,26,369,321,28,375,319,27,Finisher,1599
Dan,Okeefe,Dan Okeefe,683,M65-69,Male,Leesburg,US-VA,United States,US,0:52:50,2:57:10,2:05:53,0:06:06,0:04:18,6:06:16,3170,10630,7553,366,258,21976,376,320,4,648,505,9,405,350,5,376,320,4,Finisher,2911
Maria Fernanda,Acosta,Maria Fernanda Acosta,292,F35-39,Female,San Jose,CA,Mexico,MX,0:50:10,3:17:52,1:44:07,0:08:03,0:06:12,6:06:25,3010,11872,6247,483,372,21985,377,57,8,557,123,12,618,107,15,377,57,8,Finisher,700
Lucia,Junco,Lucia Junco,291,F30-34,Female,San Jose,CA,Mexico,MX,0:50:05,3:17:49,1:44:10,0:08:09,0:06:14,6:06:27,3005,11869,6250,489,374,21987,378,58,10,551,122,26,616,106,18,378,58,10,Finisher,700
Stan ,Mischler,Stan Mischler,1153,M18-24,Male,Paris,Île-de-France,France,FR,0:50:49,3:03:15,1:53:48,0:09:07,0:09:32,6:06:30,3049,10995,6828,547,572,21990,379,321,40,577,450,67,477,403,46,379,321,40,Finisher,1926
Ricardo,Federico,Ricardo Federico,337,M40-44,Male,Napa,CA,United States,US,1:07:28,2:44:32,2:04:19,0:06:08,0:04:03,6:06:30,4048,9872,7459,368,243,21990,380,322,32,921,715,76,421,361,36,380,322,32,Finisher,1627
Hannah ,Overton,Hannah Overton,1038,F35-39,Female,Cottonwood,California,United States,US,0:43:18,3:12:57,2:02:10,0:03:42,0:04:45,6:06:51,2598,11577,7330,222,285,22011,381,59,9,276,58,5,439,64,6,381,59,9,Finisher,1829
Emilio,Novales,Emilio Novales,317,M50-54,Male,KEY BISCAYNE,Florida,Guatemala,GT,0:44:50,2:59:17,2:12:54,0:03:41,0:06:11,6:06:52,2690,10757,7974,221,371,22012,382,323,18,333,258,10,307,270,15,382,323,18,Finisher,1841
Katerina,Parmele,Katerina Parmele,649,F55-59,Female,Edgewater,MD,United States,US,0:47:44,3:12:53,1:59:35,0:03:37,0:03:12,6:07:01,2864,11573,7175,217,192,22021,383,60,7,447,105,8,485,77,10,383,60,7,Finisher,2686
J. Warren,Coulam,J. Warren Coulam,249,M55-59,Male,Orangevale,CA,United States,US,0:55:38,3:06:57,1:59:14,0:03:02,0:02:37,6:07:28,3338,11217,7154,182,157,22048,384,324,18,725,564,32,500,419,28,384,324,18,Finisher,2217
Jason,Martyn,Jason Martyn,1055,M35-39,Male,chino hills,US-CA,United States,US,0:46:05,3:03:44,2:04:03,0:07:57,0:05:46,6:07:34,2765,11024,7443,477,346,22054,385,325,49,382,297,43,417,358,53,385,325,49,Finisher,700
Ian,Loper,Ian Loper,1043,M45-49,Male,SAN CLEMENTE,CA,United States,US,0:39:26,3:21:50,1:54:04,0:05:53,0:06:28,6:07:42,2366,12110,6844,353,388,22062,386,326,28,145,120,7,520,437,43,386,326,28,Finisher,700
Dylan,Sillero,Dylan Sillero,814,M25-29,Male,Rowlett,Texas,United States,US,0:48:10,3:04:37,2:07:15,0:04:20,0:03:22,6:07:43,2890,11077,7635,260,202,22063,387,327,55,466,359,68,411,354,65,387,327,55,Finisher,1200
Gene,De Haan,Gene De Haan,513,F40-44,Female,Portland,OR,United States,US,0:44:46,3:00:49,2:07:38,0:07:14,0:08:12,6:08:38,2686,10849,7658,434,492,22118,388,61,4,326,74,7,364,48,5,388,61,4,Finisher,700
Gustavo,Casanova ,Gustavo Casanova,624,M25-29,Male,Tijuana,MX-BCN,Mexico,MX,1:05:30,2:42:47,2:11:03,0:05:16,0:04:03,6:08:40,3930,9767,7863,316,243,22120,389,328,56,903,699,120,377,326,59,389,328,56,Finisher,1183
James,Arguelles,James Arguelles,1253,M60-64,Male,Carmichael,CA,Colombia,CO,0:54:48,2:46:07,2:14:58,0:05:49,0:06:58,6:08:40,3288,9967,8098,349,418,22120,390,329,9,708,551,22,300,265,4,390,329,9,Finisher,2417
Rob,Hallowell,Rob Hallowell,331,M35-39,Male,Reno,NV,United States,US,0:47:22,2:55:11,2:13:16,0:08:12,0:04:47,6:08:47,2842,10511,7996,492,287,22127,391,330,50,432,332,46,336,296,45,391,330,50,Finisher,700
Christian,Bingley,Christian Bingley,860,M18-24,Male,West River,Maryland,United States,US,0:48:01,3:05:26,1:58:00,0:07:30,0:10:01,6:08:57,2881,11126,7080,450,601,22137,392,331,41,462,355,52,449,384,42,392,331,41,Finisher,1882
Tana,Jackson,Tana Jackson,180,F55-59,Female,Sunnyvale,US-CA,United States,US,0:49:41,2:50:50,2:18:48,0:04:07,0:05:39,6:09:05,2981,10250,8328,247,339,22145,393,62,8,529,119,9,278,31,4,393,62,8,Finisher,2648
Alexander,Pinto,Alexander Pinto,289,M25-29,Male,Sacramento,CA,United States,US,0:47:18,3:13:54,1:54:17,0:04:40,0:09:01,6:09:09,2838,11634,6857,280,541,22149,394,332,57,430,331,63,503,422,78,394,332,57,Finisher,1175
Kyle,Gunsauls,Kyle Gunsauls,1067,M40-44,Male,Red Bluff,California,United States,US,0:57:40,3:08:50,1:58:23,0:02:43,0:01:34,6:09:10,3460,11330,7103,163,94,22150,395,333,33,785,612,61,539,451,45,395,333,33,Finisher,1579
Nate,Reymer,Nate Reymer,1097,M45-49,Male,Kaysville,UT,Unknown,,0:48:15,3:09:53,1:57:36,0:06:13,0:07:22,6:09:18,2895,11393,7056,373,442,22158,396,334,29,469,362,30,486,409,35,396,334,29,Finisher,700
Janine,Peacock,Janine Peacock,160,F40-44,Female,Seattle,WA,United States,US,0:54:51,2:52:43,2:14:14,0:04:11,0:03:27,6:09:26,3291,10363,8054,251,207,22166,397,63,5,710,158,14,348,43,4,397,63,5,Finisher,2324
Brian,Stockbrugger,Brian Stockbrugger,664,M55-59,Male,LADERA RANCH,CA,United States,US,0:46:05,2:51:56,2:22:27,0:04:30,0:05:00,6:09:58,2765,10316,8547,270,300,22198,398,335,19,380,295,14,259,233,12,398,335,19,Finisher,2172
Dale,Jackson,Dale Jackson,182,M65-69,Male,SUNNYVALE,CA,United States,US,0:51:51,2:49:28,2:18:51,0:03:27,0:06:29,6:10:06,3111,10168,8331,207,389,22206,399,336,5,618,483,8,280,249,3,399,336,5,Finisher,2842
Amanda,Kennedy,Amanda Kennedy,894,F35-39,Female,Reno,NV,United States,US,0:59:00,3:04:45,1:54:31,0:07:51,0:04:42,6:10:49,3540,11085,6871,471,282,22249,400,64,10,812,183,18,558,92,12,400,64,10,Finisher,1758
Rebecca,Marsh,Rebecca Marsh,594,F30-34,Female,Erie,CO,United States,US,0:49:40,3:03:48,2:11:25,0:03:44,0:02:19,6:10:57,2980,11028,7885,224,139,22257,401,65,11,528,118,25,412,58,10,401,65,11,Finisher,2160
Alex ,Yoshon ,Alex Yoshon,1014,M25-29,Male,Rohnert Park,CALIFORNIA,Guatemala,GT,0:57:38,3:05:49,2:00:06,0:04:03,0:03:22,6:10:57,3458,11149,7206,243,202,22257,402,337,58,783,610,107,526,440,80,402,337,58,Finisher,1142
Danny ,Roque,Danny Roque,1060,M25-29,Male,Fairfield,CA,El Salvador,SV,0:55:52,2:59:01,2:06:38,0:05:09,0:04:28,6:11:08,3352,10741,7598,309,268,22268,403,338,59,731,568,101,442,378,68,403,338,59,Finisher,1139
Jonathan,Hayes,Jonathan Hayes,282,M35-39,Male,Sacramento,California,United States,US,0:49:34,3:09:54,1:55:45,0:06:36,0:09:50,6:11:39,2974,11394,6945,396,590,22299,404,339,51,525,409,54,507,425,60,404,339,51,Finisher,1622
Audrey,Williams,Audrey Williams,1260,F25-29,Female,Thousand Oaks,CA,United States,US,0:52:23,2:58:52,2:13:33,0:03:20,0:03:39,6:11:46,3143,10732,8013,200,219,22306,405,66,17,632,138,27,390,52,12,405,66,17,Finisher,1621
Bradley,Hoover,Bradley Hoover,872,M35-39,Male,Redding,California,United States,US,0:55:13,2:56:58,1:55:08,0:08:58,0:15:49,6:12:06,3313,10618,6908,538,949,22326,406,340,52,720,559,76,452,386,57,406,340,52,Finisher,1614
Jacob,Wagner,Jacob Wagner,730,M18-24,Male,Boise,ID,United States,US,0:52:58,3:05:12,2:07:08,0:05:07,0:02:00,6:12:25,3178,11112,7628,307,120,22345,407,341,42,654,511,77,478,404,47,407,341,42,Finisher,1820
Raul,Cardenas,Raul Cardenas,423,M55-59,Male,Costa Mesa,CA,United States,US,0:51:49,2:56:06,2:14:26,0:05:46,0:04:19,6:12:26,3109,10566,8066,346,259,22346,408,342,20,614,479,27,379,328,22,408,342,20,Finisher,2128
Ana,Call,Ana Call,988,F50-54,Female,PLEASANT GRV,US-UT,United States,US,0:52:49,3:04:26,2:09:06,0:04:01,0:02:04,6:12:26,3169,11066,7746,241,124,22346,409,67,6,647,143,17,453,67,8,409,67,6,Finisher,2549
Aditya,Gupta,Aditya Gupta,1018,M35-39,Male,San Francisco,US-CA,India,IN,0:47:27,3:01:46,2:12:25,0:06:35,0:04:15,6:12:29,2847,10906,7945,395,255,22349,410,343,53,436,334,47,402,348,50,410,343,53,Finisher,1607
Daniel,Anderson,Daniel Anderson,815,M25-29,Male,Cottonwood,California,United States,US,0:39:55,3:18:58,2:06:42,0:03:27,0:03:28,6:12:30,2395,11938,7602,207,208,22350,411,344,60,161,133,25,465,396,73,411,344,60,Finisher,1114
John,Hannon,John Hannon,170,M60-64,Male,ROSEVILLE,CA,United States,US,0:39:47,3:03:47,2:20:57,0:03:32,0:04:32,6:12:34,2387,11027,8457,212,272,22354,412,345,10,156,129,2,303,268,5,412,345,10,Finisher,2347
JEFF,ROBINSON,JEFF ROBINSON,851,M45-49,Male,Sacramento,California,United States,US,0:47:34,3:09:29,2:02:15,0:06:27,0:06:54,6:12:40,2854,11369,7335,387,414,22360,413,346,30,438,335,29,482,406,34,413,346,30,Finisher,1482
Maya,Ramirez,Maya Ramirez,694,F25-29,Female,Arlington,VA,United States,US,0:54:45,3:10:29,1:55:36,0:07:15,0:04:50,6:12:55,3285,11429,6936,435,290,22375,414,68,18,706,157,31,572,94,22,414,68,18,Finisher,700
Anthony Daniel,Munoz,Anthony Daniel Munoz,298,M35-39,Male,Riverbank,CALIFORNIA,United States,US,1:00:39,3:07:31,1:54:58,0:05:35,0:04:33,6:13:16,3639,11251,6898,335,273,22396,415,347,54,838,650,87,584,486,67,415,347,54,Finisher,700
Zach,Rauch,Zach Rauch,921,M30-34,Male,Chanhassen,Minnesota,United States,US,0:41:53,3:02:47,2:20:12,0:04:41,0:03:47,6:13:20,2513,10967,8412,281,227,22400,416,348,46,214,175,27,326,288,40,416,348,46,Finisher,1229
Nicholas,Struys,Nicholas Struys,1222,M25-29,Male,New York City,NEW YORK,Belgium,BE,0:45:37,3:10:51,2:09:57,0:03:41,0:03:20,6:13:25,2737,11451,7797,221,200,22405,417,349,61,362,281,53,444,380,70,417,349,61,Finisher,700
Jerry,Evans,Jerry Evans,880,M55-59,Male,New Orleans,LA,United States,US,0:43:04,3:04:09,2:18:15,0:04:32,0:03:42,6:13:42,2584,11049,8295,272,222,22422,418,350,21,261,209,9,349,306,20,418,350,21,Finisher,2105
Douglas,Gettel,Douglas Gettel,1273,M40-44,Male,WALNUT CREEK,CA,United States,US,0:47:43,3:13:05,2:04:37,0:04:41,0:03:46,6:13:51,2863,11585,7477,281,226,22431,419,351,34,446,342,28,499,418,42,419,351,34,Finisher,1494
Leo,Stockham,Leo Stockham,770,M18-24,Male,Holladay,Utah,United States,US,0:52:38,3:00:33,2:16:18,0:02:59,0:01:54,6:14:21,3158,10833,8178,179,114,22461,420,352,43,640,501,75,406,351,34,420,352,43,Finisher,1785
Zinnur,Saifullin,Zinnur Saifullin,1046,M45-49,Male,RESEDA,CA,Uzbekistan,UZ,0:49:07,3:09:15,2:02:15,0:06:49,0:06:57,6:14:23,2947,11355,7335,409,417,22463,421,353,31,502,390,34,494,414,36,421,353,31,Finisher,700
Ahmed,Erakat,Ahmed Erakat,1033,M40-44,Male,San Francisco,CA,United States,US,0:48:25,3:14:07,1:53:52,0:09:50,0:08:09,6:14:24,2905,11647,6832,590,489,22464,422,354,35,478,369,31,570,477,48,422,354,35,Finisher,1484
Megan,Overland,Megan Overland,590,F40-44,Female,Austin,TX,United States,US,0:46:09,3:04:54,2:16:37,0:03:51,0:03:08,6:14:38,2769,11094,8197,231,188,22478,423,69,6,386,87,9,392,53,6,423,69,6,Finisher,2231
Bryan,Cooke,Bryan Cooke,980,M40-44,Male,Redding,California,United States,US,0:49:09,3:10:36,2:04:05,0:06:22,0:04:42,6:14:55,2949,11436,7445,382,282,22495,424,355,36,505,392,34,508,426,43,424,355,36,Finisher,1475
Abraham,Flota,Abraham Flota,587,M35-39,Male,Redding,CA,United States,US,0:54:02,2:58:16,2:13:57,0:03:01,0:05:39,6:14:55,3242,10696,8037,181,339,22495,425,356,55,689,537,73,395,342,48,425,356,55,Finisher,1563
William,Allen,William Allen,194,M55-59,Male,PALO ALTO,CA,United States,US,0:41:20,2:59:52,2:20:58,0:06:07,0:06:43,6:15:00,2480,10792,8458,367,403,22500,426,357,22,203,167,6,305,269,17,426,357,22,Finisher,2081
Victor,Wong,Victor Wong,546,M35-39,Male,Richmond,British Columbia,Canada,CA,0:48:20,3:14:59,2:03:38,0:04:24,0:03:50,6:15:10,2900,11699,7418,264,230,22510,427,358,56,473,365,52,528,442,62,427,358,56,Finisher,700
Dmitriy,Bloshenko,Dmitriy Bloshenko,1086,M35-39,Male,Lincoln,California,United States,US,0:52:21,2:57:34,2:16:36,0:05:27,0:03:12,6:15:10,3141,10654,8196,327,192,22510,428,359,57,631,494,67,396,343,49,428,359,57,Finisher,700
Ryan,Berger,Ryan Berger,522,M50-54,Male,Richmond,BC,Canada,CA,0:37:31,3:00:33,2:27:59,0:05:05,0:04:06,6:15:14,2251,10833,8879,305,246,22514,429,360,19,100,86,5,266,239,12,429,360,19,Finisher,1691
Nathan,Tindell,Nathan Tindell,469,M45-49,Male,Shasta Lake ,California,United States,US,0:53:32,3:06:43,2:04:17,0:05:25,0:05:18,6:15:14,3212,11203,7457,325,318,22514,430,361,32,671,523,47,501,420,38,430,361,32,Finisher,1436
Hermine,Tranie ,Hermine Tranie,1147,F25-29,Female,San Francisco,California,France,FR,0:50:52,3:04:38,2:02:24,0:07:52,0:09:29,6:15:15,3052,11078,7344,472,569,22515,431,70,19,579,129,25,480,75,18,431,70,19,Finisher,1559
Basel,Karim,Basel Karim,280,M25-29,Male,Mountain View,California,United States,US,0:47:00,3:06:38,2:10:29,0:05:30,0:05:39,6:15:16,2820,11198,7829,330,339,22516,432,362,62,416,320,58,427,367,67,432,362,62,Finisher,1064
Amy,WELDON,Amy WELDON,1125,F30-34,Female,Concord,US-CA,United States,US,0:43:47,3:20:06,1:58:16,0:09:17,0:03:58,6:15:24,2627,12006,7096,557,238,22524,433,71,12,297,66,14,577,96,15,433,71,12,Finisher,2080
Jose,Samayoa,Jose Samayoa,951,M60-64,Male,Antiguo Cuscatlan,SV-LA LIBERTAD,El Salvador,SV,0:41:16,3:08:47,2:14:30,0:04:40,0:06:19,6:15:32,2476,11327,8070,280,379,22532,434,363,11,198,163,3,391,339,11,434,363,11,Finisher,2294
Brook,Jones,Brook Jones,256,F30-34,,Susanville,California,United States,US,0:47:36,3:11:53,2:06:35,0:06:26,0:03:23,6:15:53,2856,11513,7595,386,203,22553,435,72,13,440,104,23,505,82,11,435,72,13,Finisher,2072
Jose,Morales,Jose Morales,362,M25-29,Male,Mountain View,California,United States,US,0:58:10,3:14:16,1:52:13,0:05:46,0:05:37,6:16:01,3490,11656,6733,346,337,22561,436,364,63,796,620,109,639,528,94,436,364,63,Finisher,1051
Carrie,Epton,Carrie Epton,670,F50-54,Female,BEAVERTON,OR,United States,US,0:38:47,3:10:29,2:18:24,0:03:09,0:05:29,6:16:18,2327,11429,8304,189,329,22578,437,73,7,127,21,2,360,47,6,437,73,7,Finisher,2480
Cody,wheeler,Cody wheeler,392,M25-29,Male,gilbert,AZ,United States,US,0:52:41,3:06:39,2:08:16,0:05:03,0:03:42,6:16:22,3161,11199,7696,303,222,22582,438,365,64,642,502,92,487,410,76,438,365,64,Finisher,1045
Chris,Palmer,Chris Palmer,735,M35-39,Male,Indianapolis,IN,United States,US,0:47:49,2:47:23,2:27:03,0:04:33,0:09:49,6:16:37,2869,10043,8823,273,589,22597,439,366,58,450,344,50,239,215,34,439,366,58,Finisher,1533
Katherine,Van Camp,Katherine Van Camp,531,F35-39,Female,Fair Oaks,CA,United States,US,0:42:49,3:14:15,2:06:53,0:06:22,0:06:17,6:16:37,2569,11655,7613,382,377,22597,440,74,11,247,47,4,481,76,9,440,74,11,Finisher,1653
Kobe,Fujimoto,Kobe Fujimoto,1254,M25-29,Male,Alameda,CA,United States,US,0:41:07,3:13:56,2:11:08,0:05:00,0:05:28,6:16:38,2467,11636,7868,300,328,22598,441,367,65,193,159,28,443,379,69,441,367,65,Finisher,1040
Sena,Minshew,Sena Minshew,1050,F50-54,Female,MARYSVILLE,CA,United States,US,0:47:02,2:56:30,2:19:29,0:06:49,0:07:10,6:17:01,2822,10590,8369,409,430,22621,442,75,8,418,97,10,334,40,4,442,75,8,Finisher,2467
Sergey,Chayka,Sergey Chayka,1094,M40-44,Male,shingle springs,California,Ukraine,UA,0:58:07,2:46:48,2:24:23,0:04:37,0:03:25,6:17:20,3487,10008,8663,277,205,22640,443,368,37,795,619,64,329,291,30,443,368,37,Finisher,700
Christian,Latonio,Christian Latonio,346,M25-29,Male,San Diego,CA,United States,US,0:57:42,2:38:27,2:34:25,0:03:57,0:03:39,6:18:10,3462,9507,9265,237,219,22690,444,369,66,788,615,108,242,217,40,444,369,66,Finisher,1012
Matthew,Scarpinato,Matthew Scarpinato,578,M30-34,Male,Lake Geneva,WI,United States,US,0:51:05,3:07:35,2:09:41,0:05:59,0:03:49,6:18:10,3065,11255,7781,359,229,22690,445,370,47,589,460,62,490,412,54,445,370,47,Finisher,1142
Linda,Johnson,Linda Johnson,439,F60-64,Female,Rainier,US-WA,United States,US,0:44:28,3:10:40,2:14:19,0:04:40,0:04:08,6:18:14,2668,11440,8059,280,248,22694,446,76,4,318,72,5,436,63,4,446,76,4,Finisher,2672
Blythe,Turner,Blythe Turner,483,F35-39,Female,Logandale,Nevada,United States,US,0:52:46,3:13:29,2:02:28,0:07:08,0:02:31,6:18:23,3166,11609,7348,428,151,22703,447,77,12,646,142,13,579,97,13,447,77,12,Finisher,1622
Reece,Archer,Reece Archer,662,M30-34,Male,Salford,GB-England,United Kingdom,GB,1:00:08,3:15:40,1:51:51,0:06:01,0:04:59,6:18:39,3608,11740,6711,361,299,22719,448,371,48,827,640,77,666,548,67,448,371,48,Finisher,700
Katherine,Sjoberg,Katherine Sjoberg,686,F30-34,Female,REDDING,CA,United States,US,0:45:05,3:20:22,2:08:26,0:02:50,0:02:04,6:18:47,2705,12022,7706,170,124,22727,449,78,14,342,78,16,531,87,13,449,78,14,Finisher,2019
Willem,Miret,Willem Miret,338,M18-24,Male,San Francisco,California,United States,US,0:43:18,2:54:46,2:32:48,0:04:03,0:03:57,6:18:51,2598,10486,9168,243,237,22731,450,372,44,277,219,22,256,230,22,450,372,44,Finisher,1704
Sam,Siegel,Sam Siegel,1120,M25-29,Male,San Francisco,California,United States,US,0:43:46,3:02:28,2:17:38,0:06:26,0:08:34,6:18:52,2626,10948,8258,386,514,22732,451,373,67,296,231,45,363,316,58,451,373,67,Finisher,1000
Suzanne,Hurrey,Suzanne Hurrey,1268,F45-49,Female,San Ramon,CA,United States,US,0:46:02,3:13:00,2:12:50,0:03:21,0:03:41,6:18:54,2762,11580,7970,201,221,22734,452,79,6,379,85,6,467,70,7,452,79,6,Finisher,2386
Sean,Tennant,Sean Tennant,536,M40-44,Male,Chilliwack,British Columbia,Canada,CA,0:54:41,2:58:00,2:17:01,0:05:27,0:03:57,6:19:06,3281,10680,8221,327,237,22746,453,374,38,705,549,52,422,362,37,453,374,38,Finisher,1400
Meghan,Albrittain,Meghan Albrittain,378,F30-34,Female,Steamboat Springs,CO,United States,US,0:47:19,3:14:24,2:06:02,0:05:36,0:06:09,6:19:30,2839,11664,7562,336,369,22770,454,80,15,431,100,22,522,85,12,454,80,15,Finisher,2006
Elyse,Hight,Elyse Hight,438,F30-34,Female,BEAVERTON,OR,United States,US,0:45:32,3:19:16,2:07:27,0:03:57,0:03:27,6:19:40,2732,11956,7647,237,207,22780,455,81,16,360,80,18,537,88,14,455,81,16,Finisher,2003
Brian,Finegan,Brian Finegan,781,M45-49,Male,Clovis,CA,United States,US,0:51:07,2:55:09,2:22:18,0:05:12,0:06:00,6:19:46,3067,10509,8538,312,360,22786,456,375,33,592,463,44,343,301,27,456,375,33,Finisher,1355
Carson,Barnhart,Carson Barnhart,411,M30-34,Male,Bonita,US-CA,United States,US,0:47:07,2:56:57,2:27:35,0:04:41,0:03:27,6:19:47,2827,10617,8855,281,207,22787,457,376,49,423,325,47,317,279,39,457,376,49,Finisher,1113
Chase,Ceccato,Chase Ceccato,983,M30-34,Male,Chico,CA,United States,US,0:46:34,3:12:50,2:12:04,0:05:02,0:03:21,6:19:51,2794,11570,7924,302,201,22791,458,377,50,399,307,45,488,411,53,458,377,50,Finisher,1112
Andrea,Leber,Andrea Leber,159,F60-64,Female,VIRGINIA BCH,VA,United States,US,0:49:09,2:59:27,2:23:16,0:04:54,0:03:33,6:20:19,2949,10767,8596,294,213,22819,459,82,5,503,113,8,376,51,3,459,82,5,Finisher,2634
Ana Teresa,Rodriguez Gonzalez,Ana Teresa Rodriguez Gonzalez,1108,F35-39,Female,Menlo Park,CA,Mexico,MX,0:44:19,3:13:46,2:16:38,0:02:24,0:03:15,6:20:22,2659,11626,8198,144,195,22822,460,83,13,306,70,9,447,65,7,460,83,13,Finisher,1586
Kevin,Mccormick,Kevin Mccormick,1052,M60-64,Male,Placerville,CA,United States,US,0:54:49,2:58:13,2:15:36,0:06:19,0:05:26,6:20:23,3289,10693,8136,379,326,22823,461,378,12,709,552,23,429,369,13,461,378,12,Finisher,700
Jonathan,Cruz-Martinez,Jonathan Cruz-Martinez,481,M25-29,Male,Redding,CA,United States,US,0:48:46,3:15:53,2:05:26,0:06:25,0:04:17,6:20:47,2926,11753,7526,385,257,22847,462,379,68,492,382,74,553,462,85,462,379,68,Finisher,700
Brice,Tranie,Brice Tranie,1148,M35-39,Male,Neuilly sur seine,,France,FR,0:50:47,3:04:18,2:08:11,0:07:51,0:09:51,6:20:58,3047,11058,7691,471,591,22858,463,380,59,575,448,60,472,400,59,463,380,59,Finisher,1454
Nicole,Ridgeway,Nicole Ridgeway,1053,F55-59,Female,Shingle springs,US-CA,United States,US,0:57:34,3:08:13,2:07:42,0:04:23,0:03:08,6:21:00,3454,11293,7662,263,188,22860,464,84,9,781,173,14,548,90,11,464,84,9,Finisher,2434
Jordan,Petrie,Jordan Petrie,1178,M30-34,Male,Costa Mesa,California,United States,US,0:56:12,3:00:09,2:17:16,0:04:56,0:03:05,6:21:38,3372,10809,8236,296,185,22898,465,381,51,745,580,76,454,387,50,465,381,51,Finisher,1080
Brandon,Dobbs,Brandon Dobbs,221,M18-24,Male,Redding,California,United States,US,0:42:23,3:00:35,2:32:49,0:03:05,0:02:48,6:21:39,2543,10835,9169,185,168,22899,466,382,45,232,189,18,293,258,23,466,382,45,Finisher,1653
Kirill,Chayka,Kirill Chayka,1093,M35-39,Male,Rancho Cordova,California,United States,US,0:54:21,2:52:32,2:26:51,0:05:01,0:03:04,6:21:48,3261,10352,8811,301,184,22908,467,383,60,696,544,74,354,310,46,467,383,60,Finisher,700
Paul,D'Angelo,Paul D'Angelo,963,M35-39,Male,Woodbridge,ON,Canada,CA,0:49:57,2:53:40,2:27:26,0:04:52,0:06:00,6:21:55,2997,10420,8846,292,360,22915,468,384,61,543,423,59,315,277,42,468,384,61,Finisher,700
Jason,Mitchell,Jason Mitchell,1080,M40-44,Male,Mesa,Arizona,United States,US,0:52:50,3:10:03,2:11:08,0:03:43,0:04:39,6:22:23,3170,11403,7868,223,279,22943,469,385,39,649,506,45,512,430,44,469,385,39,Finisher,700
Nicklas,Gardner,Nicklas Gardner,1075,M30-34,Male,Alameda,CA,United States,US,0:51:04,2:58:05,2:23:45,0:04:43,0:04:52,6:22:28,3064,10685,8625,283,292,22948,470,386,52,588,459,61,381,330,45,470,386,52,Finisher,1065
Todd,Royse,Todd Royse,567,M55-59,Male,REDDING,CA,United States,US,0:38:53,3:06:29,2:29:34,0:03:52,0:03:46,6:22:34,2333,11189,8974,232,226,22954,471,387,23,131,108,3,325,287,19,471,387,23,Finisher,1945
Eduard,Komnatskiy,Eduard Komnatskiy,1095,M35-39,Male,Mooresville,North Carolina,United States,US,0:53:32,3:11:06,2:09:26,0:05:37,0:02:53,6:22:34,3212,11466,7766,337,173,22954,472,388,62,672,524,70,549,459,64,472,388,62,Finisher,700
Leishia,Woolwine,Leishia Woolwine,142,F55-59,Female,San Francisco,US-CA,United States,US,0:37:50,3:00:40,2:34:51,0:04:24,0:05:15,6:23:00,2270,10840,9291,264,315,22980,473,85,10,109,18,3,263,27,2,473,85,10,Finisher,2398
Jamie,Talayman,Jamie Talayman,502,M25-29,Male,Scottsdale,US-AZ,United States,US,0:50:07,2:57:00,2:26:52,0:04:40,0:04:33,6:23:12,3007,10620,8812,280,273,22992,474,389,69,554,432,82,350,307,56,474,389,69,Finisher,922
Edgar,Rincon Estrella,Edgar Rincon Estrella,984,M30-34,Male,Sacramento,California,United States,US,1:00:45,3:10:46,2:01:48,0:07:54,0:02:54,6:24:07,3645,11446,7308,474,174,23047,475,390,53,842,653,80,646,534,66,475,390,53,Finisher,700
Amir,Cackovic,Amir Cackovic,1242,M50-54,Male,Fair Oaks,CA,Bosnia and Herzegovina,BA,0:57:11,2:59:21,2:17:12,0:06:31,0:03:54,6:24:09,3431,10761,8232,391,234,23049,476,391,20,770,601,35,475,402,22,476,391,20,Finisher,1530
Sydney,Tervort,Sydney Tervort,847,F70-74,Female,Salt lake city,US-UT,United States,US,0:52:29,3:15:04,2:04:31,0:06:52,0:05:24,6:24:19,3149,11704,7471,412,324,23059,477,86,1,636,139,1,596,103,1,477,86,1,Finisher,3500
Felix,Majewski,Felix Majewski,1213,M25-29,Male,Santa Clara,California,Germany,DE,1:03:28,3:01:49,2:03:49,0:08:14,0:07:01,6:24:22,3808,10909,7429,494,421,23062,478,392,70,883,681,118,580,483,89,478,392,70,Finisher,901
Damandeep,Randhawa,Damandeep Randhawa,227,M18-24,Male,Redding,California,United States,US,0:50:12,3:04:55,2:22:25,0:05:30,0:02:24,6:25:26,3012,11095,8545,330,144,23126,479,393,46,558,435,65,448,383,41,479,393,46,Finisher,1585
Zachary,Hurd,Zachary Hurd,650,M18-24,Male,Houston,TEXAS,United States,US,0:45:27,3:04:27,2:28:29,0:03:18,0:03:51,6:25:32,2727,11067,8909,198,231,23132,480,394,47,358,279,38,368,320,32,480,394,47,Finisher,1583
Mathew,Hill,Mathew Hill,515,M40-44,Male,Vancouver,Washington,United States,US,0:57:44,3:09:39,2:06:00,0:07:12,0:05:36,6:26:11,3464,11379,7560,432,336,23171,481,395,40,789,616,62,599,496,50,481,395,40,Finisher,700
Enrique,Mancilla,Enrique Mancilla,626,M45-49,Male,Chula Vista,CA,Mexico,MX,1:06:24,2:55:09,2:15:50,0:03:43,0:05:15,6:26:21,3984,10509,8150,223,315,23181,482,396,34,912,706,70,496,415,37,482,396,34,Finisher,1236
Eric,Yeung,Eric Yeung,952,M45-49,Male,fremont,CA,United States,US,1:02:51,2:55:04,2:20:59,0:04:18,0:03:27,6:26:40,3771,10504,8459,258,207,23200,483,397,35,878,678,66,463,394,32,483,397,35,Finisher,1230
Scott,Edwards,Scott Edwards,541,M55-59,Male,Redding,CA,United States,US,0:45:52,3:08:11,2:18:29,0:07:17,0:06:53,6:26:41,2752,11291,8309,437,413,23201,484,398,24,372,290,13,455,388,27,484,398,24,Finisher,1871
Lincoln,Janopaul,Lincoln Janopaul,1105,M18-24,Male,Lafayette,California,United States,US,0:48:46,3:15:24,2:11:33,0:05:24,0:05:39,6:26:47,2926,11724,7893,324,339,23207,485,399,48,493,383,55,541,453,50,485,399,48,Finisher,700
Fernan,Francisco,Fernan Francisco,710,M45-49,Male,Los Gatos,US-CA,Philippines,PH,1:04:32,3:06:13,2:08:03,0:03:26,0:04:43,6:26:58,3872,11173,7683,206,283,23218,486,400,36,895,693,67,592,492,52,486,400,36,Finisher,700
Ryan,Davis,Ryan Davis,692,M45-49,Male,BURBANK,CA,United States,US,0:42:27,3:20:16,2:13:43,0:06:25,0:04:38,6:27:29,2547,12016,8023,385,278,23249,487,401,37,239,195,15,538,450,46,487,401,37,Finisher,700
Megan,Gumm,Megan Gumm,514,F25-29,Female,Redding,California,United States,US,0:44:51,3:13:52,2:19:24,0:04:02,0:05:39,6:27:49,2691,11632,8364,242,339,23269,488,87,20,334,76,18,469,72,16,488,87,20,Finisher,700
Evan ,Fankhanel,Evan Fankhanel,542,M25-29,Male,Rancho Cordova,CA,United States,US,0:46:18,3:13:49,2:13:44,0:07:24,0:06:35,6:27:50,2778,11629,8024,444,395,23270,489,402,71,390,300,56,527,441,81,489,402,71,Finisher,700
dalton,gavriloff,dalton gavriloff,1143,M25-29,Male,rohnert park,California,United States,US,0:49:27,2:51:15,2:35:19,0:08:03,0:03:57,6:28:02,2967,10275,9319,483,237,23282,490,403,72,517,402,78,318,280,51,490,403,72,Finisher,835
Julie,Royal,Julie Royal,422,F55-59,Female,Tustin,US-CA,United States,US,0:40:02,3:13:10,2:28:23,0:02:58,0:03:33,6:28:06,2402,11590,8903,178,213,23286,491,88,11,165,29,4,407,56,7,491,88,11,Finisher,2306
Drayton,Piper,Drayton Piper,1066,M25-29,Male,Daytona Beach,Florida,United States,US,0:43:11,3:12:43,2:21:34,0:05:30,0:05:14,6:28:13,2591,11563,8494,330,314,23293,492,404,73,265,212,38,456,389,71,492,404,73,Finisher,831
Jeremy,Poggionovo,Jeremy Poggionovo,965,M35-39,Male,Sacramento,California,United States,US,0:48:20,3:20:47,2:06:16,0:06:33,0:06:28,6:28:24,2900,12047,7576,393,388,23304,493,405,63,474,366,53,610,505,70,493,405,63,Finisher,700
Bryan,Jones,Bryan Jones,429,M40-44,Male,Anderson,CA,United States,US,0:52:37,3:22:30,1:58:40,0:09:04,0:05:43,6:28:35,3157,12150,7120,544,343,23315,494,406,41,638,499,44,686,563,60,494,406,41,Finisher,700
Scott,Newell,Scott Newell,785,M55-59,Male,Aldie,VA,United States,US,0:48:58,3:17:33,2:12:33,0:05:45,0:03:47,6:28:36,2938,11853,7953,345,227,23316,495,407,25,498,386,21,568,475,33,495,407,25,Finisher,1837
Liam,Conboy,Liam Conboy,538,M18-24,Male,CA,California,United States,US,0:50:06,2:58:05,2:23:22,0:08:14,0:09:07,6:28:54,3006,10685,8602,494,547,23334,496,408,49,553,431,63,408,352,35,496,408,49,Finisher,1523
Deirdre,Murphy,Deirdre Murphy,1023,F30-34,Female,San Francisco,CALIFORNIA,Ireland,IE,0:43:13,3:25:06,2:11:04,0:05:24,0:04:08,6:28:56,2593,12306,7864,324,248,23336,497,89,17,267,55,12,582,98,16,497,89,17,Finisher,1837
Chad,Pitcher,Chad Pitcher,1124,M35-39,Male,Redding,California,United States,US,0:52:37,3:02:55,2:20:55,0:06:50,0:05:41,6:28:58,3157,10975,8455,410,341,23338,498,409,64,637,498,68,466,397,58,498,409,64,Finisher,700
Tommy,Hoptry,Tommy Hoptry,500,M18-24,Male,Brentwood,California,United States,US,0:44:22,3:22:05,2:11:52,0:05:51,0:04:51,6:29:00,2662,12125,7912,351,291,23340,499,410,50,309,239,28,569,476,54,499,410,50,Finisher,700
Tony,Luu,Tony Luu,437,M55-59,Male,San Jose,CA,United States,US,0:58:55,3:15:20,1:57:23,0:08:42,0:08:59,6:29:18,3535,11720,7043,522,539,23358,500,411,26,811,629,40,676,554,37,500,411,26,Finisher,700
Nathan,Maki,Nathan Maki,454,M35-39,Male,Redding,California,United States,US,0:46:24,3:23:32,2:13:07,0:03:55,0:02:47,6:29:44,2784,12212,7987,235,167,23384,501,412,65,391,301,44,585,487,68,501,412,65,Finisher,1297
Keith,Thomas,Keith Thomas,202,M35-39,Male,Tampa,US-FL,United States,US,0:59:19,3:05:51,2:11:47,0:06:43,0:06:10,6:29:50,3559,11151,7907,403,370,23390,502,413,66,818,635,84,560,468,65,502,413,66,Finisher,700
Jim,Claflin,Jim Claflin,269,M70-74,Male,Chico,CA,United States,US,0:53:49,3:10:05,2:10:41,0:08:35,0:06:42,6:29:52,3229,11405,7841,515,402,23392,503,414,3,684,533,4,571,478,4,503,414,3,Finisher,2912
Jennifer,Smith,Jennifer Smith,677,F50-54,Female,Roseville,CA,United States,US,0:46:13,3:02:32,2:33:51,0:03:18,0:03:58,6:29:53,2773,10952,9231,198,238,23393,504,90,9,387,88,8,355,45,5,504,90,9,Finisher,2235
Denise,Crouch,Denise Crouch,528,F50-54,Female,Redding,California,United States,US,0:51:14,3:19:14,2:12:05,0:03:51,0:03:30,6:29:55,3074,11954,7925,231,210,23395,505,91,10,593,130,16,595,102,12,505,91,10,Finisher,2234
Charles,Finn,Charles Finn,1234,M50-54,Male,Renton,US-WA,United States,US,0:47:11,3:18:38,2:10:58,0:08:18,0:04:57,6:30:03,2831,11918,7858,498,297,23403,506,415,21,427,329,15,590,490,30,506,415,21,Finisher,700
Michael,Poon,Michael Poon,761,M50-54,Male,Sacramento,CA,United States,US,1:02:50,2:59:19,2:18:39,0:05:39,0:03:38,6:30:06,3770,10759,8319,339,218,23406,507,416,22,877,677,40,529,443,27,507,416,22,Finisher,700
Ricardo,Del Rio,Ricardo Del Rio,1149,M25-29,Male,Redmond,WA,Mexico,MX,0:51:52,3:06:29,2:21:45,0:03:16,0:06:50,6:30:12,3112,11189,8505,196,410,23412,508,417,74,619,484,86,459,391,72,508,417,74,Finisher,700
Calvin,Atkins,Calvin Atkins,966,M25-29,Male,Danville,California,United States,US,0:45:41,3:03:01,2:29:14,0:06:35,0:06:15,6:30:46,2741,10981,8954,395,375,23446,509,418,75,366,284,54,394,341,62,509,418,75,Finisher,785
Matthew,Cuneo,Matthew Cuneo,978,M45-49,Male,Grand Junction,CO,United States,US,0:48:40,3:12:06,2:19:46,0:05:06,0:05:19,6:30:58,2920,11526,8386,306,319,23458,510,419,38,489,379,31,504,423,39,510,419,38,Finisher,1153
Stephen ,Thompson,Stephen Thompson,539,M25-29,Male,San Clemente,California,United States,US,0:44:49,2:55:24,2:38:54,0:04:19,0:08:03,6:31:29,2689,10524,9534,259,483,23489,511,420,76,331,257,48,277,247,45,511,420,76,Finisher,773
Florian,Schimzack,Florian Schimzack,1062,M45-49,Male,Bremen,DE-HB,Malaysia,MY,0:51:00,3:09:46,2:20:44,0:05:13,0:04:54,6:31:37,3060,11386,8444,313,294,23497,512,421,39,587,458,43,506,424,40,512,421,39,Finisher,1141
Claire,Brown,Claire Brown,1171,F25-29,,Seattle,WA,United States,US,0:47:14,3:25:00,2:03:35,0:08:44,0:07:26,6:31:59,2834,12300,7415,524,446,23519,513,92,21,429,99,23,660,116,24,513,92,21,Finisher,1257
John,Remus Iii,John Remus Iii,451,M40-44,Male,Anaheim,CA,United States,US,0:48:44,2:55:43,2:37:17,0:06:03,0:04:38,6:32:25,2924,10543,9437,363,278,23545,514,422,42,491,381,33,335,295,31,514,422,42,Finisher,1160
Michael,Toland,Michael Toland,1199,M70-74,Male,Bakersfield,CA,United States,US,0:46:07,3:02:19,2:35:34,0:04:24,0:05:24,6:33:50,2767,10939,9334,264,324,23630,515,423,4,384,298,2,365,317,2,515,423,4,Finisher,2841
Chih Hung,Chou,Chih Hung Chou,293,M35-39,Male,PHOENIX,Arizona,Taiwan,TW,0:57:37,3:18:18,2:03:47,0:07:21,0:06:58,6:34:01,3457,11898,7427,441,418,23641,516,424,67,782,609,80,678,556,77,516,424,67,Finisher,700
Alyssa,Devine,Alyssa Devine,1255,F30-34,Female,San Rafael,California,United States,US,0:46:02,3:36:39,1:56:51,0:06:59,0:07:32,6:34:04,2762,12999,7011,419,452,23644,517,93,18,378,84,20,734,137,26,517,93,18,Finisher,1744
Seth,Gunsauls,Seth Gunsauls,1042,M40-44,Male,Red Bluff,CA,United States,US,0:48:33,3:08:08,2:27:08,0:04:49,0:05:30,6:34:07,2913,11288,8828,289,330,23647,518,425,43,483,374,32,457,390,40,518,425,43,Finisher,1130
Calvin,Chan,Calvin Chan,899,M30-34,Male,Redwood City,California,United States,US,0:40:36,3:24:39,2:19:35,0:04:43,0:04:41,6:34:14,2436,12279,8375,283,281,23654,519,426,54,182,150,23,547,458,59,519,426,54,Finisher,853
Vincent,Lam,Vincent Lam,824,M18-24,Male,San Jose,California,United States,US,0:52:13,3:24:45,2:08:56,0:05:18,0:03:20,6:34:31,3133,12285,7736,318,200,23671,520,427,51,624,489,74,671,551,68,520,427,51,Finisher,700
Jeremias,Balgos,Jeremias Balgos,467,M55-59,Male,Cupertino,CA,United States,US,0:47:53,3:16:13,2:17:10,0:07:23,0:05:52,6:34:32,2873,11773,8230,443,352,23672,521,428,27,454,348,18,555,464,30,521,428,27,Finisher,700
Gabriel,Botero,Gabriel Botero,967,M25-29,Male,San Francisco,CA,United States,US,0:48:13,3:23:45,2:13:38,0:06:12,0:02:44,6:34:33,2893,12225,8018,372,164,23673,522,429,77,468,361,69,638,527,93,522,429,77,Finisher,717
andrew,barros,andrew barros,1036,M25-29,Male,Lincoln,CA,United States,US,0:47:04,2:47:47,2:50:16,0:04:21,0:05:12,6:34:39,2824,10067,10216,261,312,23679,523,430,78,419,322,59,232,208,39,523,430,78,Finisher,716
Krissy,Rossi,Krissy Rossi,908,F25-29,Female,Hidden Valley Lake,CA,United States,US,0:55:45,3:09:59,2:22:45,0:03:52,0:02:46,6:35:06,3345,11399,8565,232,166,23706,524,94,22,729,163,32,542,89,21,524,94,22,Finisher,1201
Justice,Bennett,Justice Bennett,328,F30-34,Female,Santa Clarita,California,United States,US,1:01:59,3:21:39,1:55:44,0:06:40,0:09:08,6:35:10,3719,12099,6944,400,548,23710,525,95,19,864,196,34,738,139,27,525,95,19,Finisher,1724
Paul,Kommer,Paul Kommer,869,M60-64,Male,Walnut Creek,CA,United States,US,0:46:56,3:10:21,2:20:41,0:10:10,0:07:05,6:35:13,2816,11421,8441,610,425,23713,526,431,13,414,318,10,524,439,17,526,431,13,Finisher,700
Matt,McGarry,Matt McGarry,489,M40-44,Male,Redding,California,United States,US,0:54:26,3:02:22,2:32:26,0:03:24,0:02:44,6:35:21,3266,10942,9146,204,164,23721,527,432,44,700,546,51,446,382,38,527,432,44,Finisher,1107
sawyer,seth,sawyer seth,884,M25-29,Male,Redding,CA,United States,US,0:49:05,3:10:22,2:28:05,0:03:27,0:04:27,6:35:27,2945,11422,8885,207,267,23727,528,433,79,501,389,75,471,399,74,528,433,79,Finisher,701
Trenton,Manasse,Trenton Manasse,784,M45-49,Male,Pomona,California,United States,US,0:58:51,3:03:22,2:22:20,0:05:08,0:06:09,6:35:50,3531,11002,8540,308,369,23750,529,434,40,808,627,56,523,438,44,529,434,40,Finisher,1065
Yona,Berger,Yona Berger,523,F18-24,Female,Richmond,British Columbia,Canada,CA,0:39:06,3:40:36,2:06:55,0:03:47,0:05:28,6:35:51,2346,13236,7615,227,328,23751,530,96,3,134,24,2,681,123,4,530,96,3,Finisher,2912
Michael,Sarafolean,Michael Sarafolean,233,M55-59,Male,RENO,NV,United States,US,0:48:38,2:58:51,2:29:36,0:10:43,0:08:10,6:35:59,2918,10731,8976,643,490,23759,531,435,28,486,377,20,423,363,24,531,435,28,Finisher,1704
Samuel,Seifert,Samuel Seifert,1118,M25-29,Male,Las Vegas,Nevada,United States,US,0:47:07,3:19:18,2:17:48,0:04:19,0:07:27,6:36:00,2827,11958,8268,259,447,23760,532,436,80,421,324,60,551,460,83,532,436,80,Finisher,700
Ruoyang,Hong,Ruoyang Hong,336,M18-24,Male,Santa Clara,CA,China,CN,1:03:49,3:08:11,2:14:41,0:04:58,0:04:54,6:36:33,3829,11291,8081,298,294,23793,533,437,52,888,686,95,627,519,58,533,437,52,Finisher,1385
Addison,Gillam,Addison Gillam,196,M30-34,Male,Redding,CA,United States,US,0:50:00,3:11:21,2:24:24,0:04:27,0:06:24,6:36:37,3000,11481,8664,267,384,23797,534,438,55,548,427,55,502,421,55,534,438,55,Finisher,700
Ryan,Olsen,Ryan Olsen,1083,M30-34,Male,Beaverton,Oregon,United States,US,0:53:46,3:15:18,2:17:59,0:05:47,0:03:50,6:36:40,3226,11718,8279,347,230,23800,535,439,56,682,531,69,602,499,61,535,439,56,Finisher,809
Brian,Sussman,Brian Sussman,1127,M25-29,Male,San Francisco,California,United States,US,0:42:05,3:19:19,2:27:55,0:03:58,0:03:27,6:36:44,2525,11959,8875,238,207,23804,536,440,81,224,182,33,498,417,77,536,440,81,Finisher,700
Andre,Acia,Andre Acia,673,M45-49,Male,Roseville,CA,United States,US,0:50:10,3:04:13,2:30:19,0:07:54,0:04:09,6:36:44,3010,11053,9019,474,249,23804,537,441,41,556,434,39,464,395,33,537,441,41,Finisher,1049
Michael,Kramer,Michael Kramer,1206,M30-34,Male,Vail,US-AZ,United States,US,0:52:15,3:17:05,2:18:21,0:04:34,0:04:31,6:36:46,3135,11825,8301,274,271,23806,538,442,57,627,492,65,586,488,60,538,442,57,Finisher,807
Ryan,Gilbert,Ryan Gilbert,747,M45-49,Male,Tucson,Arizona,United States,US,0:45:55,3:17:26,2:25:16,0:03:41,0:04:45,6:37:02,2755,11846,8716,221,285,23822,539,443,42,374,291,25,517,434,42,539,443,42,Finisher,1044
Alexander,Kaz,Alexander Kaz,339,M40-44,Male,San Francisco,CA,United States,US,0:50:28,2:59:05,2:35:48,0:06:10,0:05:45,6:37:17,3028,10745,9348,370,345,23837,540,444,45,565,439,40,400,346,35,540,444,45,Finisher,1073
Alejandro,Brambila Bernal,Alejandro Brambila Bernal,981,M35-39,Male,Sacramento,California,United States,US,1:00:09,3:21:31,2:03:45,0:08:25,0:03:39,6:37:28,3609,12091,7425,505,219,23848,541,445,68,828,641,86,737,599,85,541,445,68,Finisher,700
Coleman,Hufham,Coleman Hufham,843,M55-59,Male,Pike Road,AL,United States,US,0:56:58,3:09:16,2:18:46,0:05:44,0:06:44,6:37:29,3418,11356,8326,344,404,23849,542,446,29,760,592,37,562,470,31,542,446,29,Finisher,700
Adam,Naftalin-Kelman,Adam Naftalin-Kelman,570,M50-54,Male,Berkeley,CA,United States,US,0:57:13,,2:24:43,0:00:00,0:06:23,6:37:48,3433,0,8683,0,383,23868,543,447,23,772,603,36,513,431,26,543,447,23,Finisher,700
Matthew,Dudziak,Matthew Dudziak,456,M55-59,Male,RCH CUCAMONGA,CA,United States,US,0:44:23,2:59:10,2:43:16,0:05:30,0:06:02,6:38:22,2663,10750,9796,330,362,23902,544,448,30,313,243,10,321,283,18,544,448,30,Finisher,1661
Kyla,Baxley,Kyla Baxley,387,F40-44,Female,Ferndale,California,United States,US,0:52:46,3:30:24,2:03:17,0:06:35,0:05:25,6:38:28,3166,12624,7397,395,325,23908,545,97,7,645,141,12,736,138,10,545,97,7,Finisher,700
Gage,Solberg,Gage Solberg,873,M30-34,Male,Clovis,California,United States,US,0:42:14,3:47:02,2:01:18,0:03:35,0:04:28,6:38:37,2534,13622,7278,215,268,23917,546,449,58,226,183,29,756,613,75,546,449,58,Finisher,774
Maximilian,Machle,Maximilian Machle,310,M18-24,Male,San Francisco,California,United States,US,0:49:00,3:20:02,2:20:24,0:05:05,0:04:09,6:38:40,2940,12002,8424,305,249,23920,547,450,53,500,388,57,591,491,55,547,450,53,Finisher,700
Emily,Pasillas,Emily Pasillas,1190,F25-29,Female,reno,NV,United States,US,0:46:16,3:27:24,2:12:36,0:07:09,0:05:18,6:38:43,2776,12444,7956,429,318,23923,548,98,23,388,89,19,659,115,23,548,98,23,Finisher,700
Terry,Adair,Terry Adair,1169,M65-69,Male,Roseville,CA,United States,US,0:53:36,3:19:09,2:20:14,0:04:00,0:02:06,6:39:06,3216,11949,8414,240,126,23946,549,451,6,674,525,11,625,517,8,549,451,6,Finisher,2320
Yumi,Scotzniovsky,Yumi Scotzniovsky,787,F55-59,Female,San Jose,US-CA,United States,US,0:57:00,3:17:29,2:11:20,0:07:53,0:05:32,6:39:15,3420,11849,7880,473,332,23955,550,99,12,762,169,13,674,122,15,550,99,12,Finisher,2105
Daniel,Huber,Daniel Huber,928,M60-64,Male,Winnetka,IL,United States,US,0:46:00,3:14:36,2:27:22,0:06:11,0:05:07,6:39:15,2760,11676,8842,371,307,23955,551,452,14,375,292,9,514,432,15,551,452,14,Finisher,700
Sherrie,Linville,Sherrie Linville,629,F60-64,Female,Roseville,US-CA,United States,US,1:01:34,3:00:51,2:12:32,0:12:52,0:11:56,6:39:44,3694,10851,7952,772,716,23984,552,100,6,856,194,12,606,104,7,552,100,6,Finisher,2285
Rolf,Schindler,Rolf Schindler,827,M65-69,Male,CHARLOTTE,NC,United States,US,0:47:54,3:04:54,2:39:11,0:03:54,0:03:54,6:39:47,2874,11094,9551,234,234,23987,553,453,7,455,349,5,410,353,6,553,453,7,Finisher,2307
Cesar,Armas,Cesar Armas,623,M35-39,Male,San Diego,US-CA,Mexico,MX,1:00:07,3:12:48,2:17:07,0:05:40,0:04:26,6:40:08,3607,11568,8227,340,266,24008,554,454,69,826,639,85,641,530,73,554,454,69,Finisher,700
david,braund,david braund,1122,M45-49,Male,cottonwood,ca,United States,US,1:02:24,2:46:58,2:40:50,0:05:11,0:04:48,6:40:10,3744,10018,9650,311,288,24010,555,455,43,871,672,65,389,338,29,555,455,43,Finisher,700
Kyle,Cox,Kyle Cox,663,M18-24,Male,Weaverville,California,United States,US,0:45:25,3:08:08,2:33:47,0:06:20,0:07:00,6:40:40,2725,11288,9227,380,420,24040,556,456,54,352,274,36,438,375,38,556,456,54,Finisher,1311
Robert,Sandell,Robert Sandell,1104,M30-34,Male,Redwood City,California,United States,US,0:55:11,3:16:02,2:19:16,0:05:35,0:04:51,6:40:55,3311,11762,8356,335,291,24055,557,457,59,719,558,73,626,518,64,557,457,59,Finisher,700
Matthew,Nethers,Matthew Nethers,344,M45-49,Male,Brea,California,United States,US,1:02:18,3:06:02,2:19:43,0:05:24,0:07:30,6:40:57,3738,11162,8383,324,450,24057,558,458,44,867,669,64,583,485,51,558,458,44,Finisher,973
Alex,Anstead,Alex Anstead,630,M35-39,Male,Redwood City,California,United States,US,0:46:44,2:54:50,2:46:41,0:06:51,0:05:51,6:40:57,2804,10490,10001,411,351,24057,559,459,70,407,312,45,314,276,41,559,459,70,Finisher,1095
Owen,Dutton,Owen Dutton,1138,M18-24,Male,Redding,CA,United States,US,0:38:44,3:35:09,2:19:25,0:03:12,0:04:34,6:41:04,2324,12909,8365,192,274,24064,560,460,55,126,106,9,628,520,59,560,460,55,Finisher,1304
Bianca,Lopez,Bianca Lopez,309,F30-34,Female,San Francisco,California,United States,US,0:53:30,3:15:10,2:19:26,0:05:16,0:07:46,6:41:07,3210,11710,8366,316,466,24067,561,101,20,669,147,29,587,99,17,561,101,20,Finisher,1617
Tommy,Costello,Tommy Costello,1195,M25-29,Male,Simi Valley,California,United States,US,0:49:23,3:09:26,2:26:01,0:08:18,0:07:59,6:41:08,2963,11366,8761,498,479,24068,562,461,82,515,400,76,518,435,79,562,461,82,Finisher,700
Oskar ,Hepworth,Oskar Hepworth,678,M18-24,Male,Hayden Lake,Idaho,United States,US,0:54:26,3:16:33,2:18:44,0:06:34,0:04:52,6:41:09,3266,11793,8324,394,292,24069,563,462,56,701,547,79,632,522,60,563,462,56,Finisher,1302
Mylo,Gallego,Mylo Gallego,1271,M18-24,Male,tucson,arizona,United States,US,1:07:42,3:22:43,2:03:39,0:03:00,0:04:10,6:41:14,4062,12163,7419,180,250,24074,564,463,57,923,716,100,760,617,76,564,463,57,Finisher,1301
Mark,Scheurer,Mark Scheurer,283,M50-54,Male,charleston,SC,United States,US,0:51:51,3:13:19,2:22:42,0:06:25,0:07:28,6:41:45,3111,11599,8562,385,448,24105,565,464,24,616,481,27,557,466,28,565,464,24,Finisher,700
Dylan,De Leon,Dylan De Leon,1098,M30-34,Male,Redding,California,United States,US,0:56:06,2:58:34,2:36:30,0:04:35,0:06:01,6:41:46,3366,10714,9390,275,361,24106,566,465,60,741,576,75,428,368,49,566,465,60,Finisher,717
Amy,Nadeau,Amy Nadeau,1219,F50-54,Female,CLAYTON,CA,United States,US,1:01:59,3:15:41,2:12:42,0:06:38,0:04:58,6:41:58,3719,11741,7962,398,298,24118,567,102,11,865,197,21,690,124,15,567,102,11,Finisher,2018
Nicolas,Dupont,Nicolas Dupont,1279,M45-49,Male,OAKLAND,CA,France,FR,0:50:31,3:08:50,2:27:37,0:09:00,0:06:01,6:41:59,3031,11330,8857,540,361,24119,568,466,45,566,440,40,533,446,45,568,466,45,Finisher,700
Scott,Lee,Scott Lee,1250,M45-49,Male,San Ramon,California,United States,US,0:55:43,3:11:05,2:20:01,0:04:42,0:10:30,6:42:02,3343,11465,8401,282,630,24122,569,467,46,727,565,50,556,465,48,569,467,46,Finisher,954
Fidel,Sauceda Banda,Fidel Sauceda Banda,446,M18-24,Male,Chico,CALIFORNIA,United States,US,0:46:41,3:28:04,2:13:58,0:07:23,0:06:00,6:42:06,2801,12484,8038,443,360,24126,570,468,58,404,310,45,669,550,67,570,468,58,Finisher,700
Robert,Cardiff,Robert Cardiff,369,M35-39,Male,CAREFREE,AZ,United States,US,0:51:50,3:20:52,2:17:01,0:06:17,0:06:13,6:42:13,3110,12052,8221,377,373,24133,571,469,71,615,480,66,642,531,74,571,469,71,Finisher,700
Michael,Kuhne,Michael Kuhne,372,M45-49,Male,CHICO,CA,United States,US,0:50:03,3:05:28,2:39:06,0:04:32,0:03:05,6:42:14,3003,11128,9546,272,185,24134,572,470,47,550,429,38,441,377,31,572,470,47,Finisher,950
Andre,Rosacia,Andre Rosacia,654,M30-34,Male,Tulare,US-CA,United States,US,0:50:34,3:14:18,2:29:45,0:03:50,0:04:03,6:42:31,3034,11658,8985,230,243,24151,573,471,61,568,441,56,536,449,56,573,471,61,Finisher,700
Nahel,Ali,Nahel Ali,345,M25-29,Male,Fresno,California,State of Palestine,PS,0:46:07,3:42:44,1:54:21,0:08:58,0:10:24,6:42:34,2767,13364,6861,538,624,24154,574,472,83,385,299,55,794,638,105,574,472,83,Finisher,700
Isabel,Simonis,Isabel Simonis,1154,F25-29,Female,Oak Run,CA,United States,US,0:46:34,3:28:34,2:15:22,0:06:47,0:05:20,6:42:37,2794,12514,8122,407,320,24157,575,103,24,398,92,21,668,119,25,575,103,24,Finisher,1066
Jami,Callahan-Brill,Jami Callahan-Brill,198,F60-64,Female,Williamsburg,US-VA,United States,US,0:41:59,3:25:34,2:26:54,0:04:27,0:03:55,6:42:49,2519,12334,8814,267,235,24169,576,104,7,219,41,1,565,93,6,576,104,7,Finisher,2229
Jesse,Walker,Jesse Walker,1218,M35-39,Male,Holladay,Utah,United States,US,0:39:17,3:26:49,2:19:55,0:09:22,0:08:00,6:43:24,2357,12409,8395,562,480,24204,577,473,72,140,116,15,608,503,69,577,473,72,Finisher,700
Adriel ,Orozco,Adriel Orozco,573,M18-24,Male,Chandler,Arizona,United States,US,0:56:00,3:45:43,1:53:22,0:04:04,0:04:22,6:43:31,3360,13543,6802,244,262,24211,578,474,59,737,574,83,842,668,90,578,474,59,Finisher,1260
Piotr,Bielaczyc,Piotr Bielaczyc,1228,M40-44,Male,San Jose,US-CA,Poland,PL,1:08:55,2:59:53,2:25:36,0:06:21,0:02:49,6:43:33,4135,10793,8736,381,169,24213,579,475,46,928,721,77,603,500,51,579,475,46,Finisher,700
Nick,Syrrist,Nick Syrrist,864,M40-44,Male,Redding,CA,United States,US,0:55:45,3:19:05,2:19:19,0:05:22,0:04:12,6:43:43,3345,11945,8359,322,252,24223,580,476,47,730,567,54,653,540,57,580,476,47,Finisher,957
Slaten,Van Saun,Slaten Van Saun,544,M60-64,Male,FRESNO,CA,United States,US,0:54:17,3:20:25,2:14:27,0:07:37,0:07:21,6:44:07,3257,12025,8067,457,441,24247,581,477,15,692,540,20,673,552,21,581,477,15,Finisher,1779
George,Ramirez,George Ramirez,421,M55-59,Male,Santa Ana,CA,United States,US,0:51:17,3:11:31,2:29:20,0:07:04,0:05:17,6:44:29,3077,11491,8960,424,317,24269,582,478,31,595,464,25,545,456,29,582,478,31,Finisher,1551
Samantha,Brooker,Samantha Brooker,1235,F25-29,Female,Pacific Grove,CALIFORNIA,United States,US,0:53:18,3:08:57,2:36:32,0:02:56,0:02:56,6:44:39,3198,11337,9392,176,176,24279,583,105,25,660,145,28,493,80,19,583,105,25,Finisher,1029
Armen,Tahanian,Armen Tahanian,1020,M35-39,Male,Studio City,California,United States,US,1:05:46,3:24:11,2:05:51,0:04:27,0:04:25,6:44:40,3946,12251,7551,267,265,24280,584,479,73,906,702,94,765,620,89,584,479,73,Finisher,1028
Suzanne,Perin,Suzanne Perin,923,F45-49,Female,TWISP,WA,United States,US,0:41:49,3:11:29,2:44:00,0:04:01,0:04:03,6:45:22,2509,11489,9840,241,243,24322,585,106,7,213,39,3,415,59,6,585,106,7,Finisher,1910
Ievgen,Agapov,Ievgen Agapov,1030,M18-24,Male,Antelope,California,United States,US,0:46:40,3:19:28,2:25:10,0:05:47,0:08:28,6:45:33,2800,11968,8710,347,508,24333,586,480,60,403,309,44,561,469,53,586,480,60,Finisher,1223
Steven,Kotar,Steven Kotar,639,M65-69,Male,WEATHERFORD,TX,United States,US,1:00:18,3:16:24,2:07:30,0:14:25,0:06:58,6:45:35,3618,11784,7650,865,418,24335,587,481,8,831,644,14,746,606,12,587,481,8,Finisher,2203
Robert,Moore,Robert Moore,1025,M35-39,Male,SAN FRANCISCO,CA,Ireland,IE,1:04:38,3:18:32,2:12:49,0:04:34,0:05:05,6:45:38,3878,11912,7969,274,305,24338,588,482,74,897,694,93,717,588,84,588,482,74,Finisher,1010
Heidi,Slomer,Heidi Slomer,676,F60-64,Female,Kenmore,WA,United States,US,0:59:31,3:13:51,2:20:56,0:06:00,0:05:37,6:45:55,3571,11631,8456,360,337,24355,589,107,8,820,184,11,645,112,8,589,107,8,Finisher,2174
Alexander,Parmele,Alexander Parmele,655,M25-29,Male,Emeryville,California,United States,US,0:39:58,3:40:09,2:14:10,0:04:27,0:07:23,6:46:07,2398,13209,8050,267,443,24367,590,483,84,163,135,26,692,567,98,590,483,84,Finisher,700
Page,Hiner,Page Hiner,314,M40-44,Male,Redding,CA,United States,US,0:49:31,3:19:11,2:23:15,0:07:22,0:06:50,6:46:09,2971,11951,8595,442,410,24369,591,484,48,521,406,35,617,511,53,591,484,48,Finisher,913
Brandon,Zorner,Brandon Zorner,1048,M35-39,Male,Mill Valley,CA,United States,US,0:57:00,3:03:20,2:22:12,0:13:03,0:10:46,6:46:21,3420,11000,8532,783,646,24381,592,485,75,763,594,77,578,482,66,592,485,75,Finisher,998
John,Crouch,John Crouch,529,M60-64,Male,Redding,CA,United States,US,0:59:27,3:22:49,2:15:01,0:05:33,0:03:48,6:46:38,3567,12169,8101,333,228,24398,593,486,16,819,636,29,719,590,27,593,486,16,Finisher,1734
Ray,Leske,Ray Leske,729,M60-64,Male,Tacoma,WA,United States,US,0:48:56,2:58:17,2:49:35,0:05:17,0:04:49,6:46:54,2936,10697,10175,317,289,24414,594,487,17,497,385,14,361,314,8,594,487,17,Finisher,1729
Brandon,Juergens,Brandon Juergens,868,M40-44,Male,ORANGE,CA,United States,US,0:47:41,3:15:26,2:27:28,0:08:52,0:07:29,6:46:55,2861,11726,8848,532,449,24415,595,488,49,444,340,27,563,471,46,595,488,49,Finisher,700
Marcus,Boone,Marcus Boone,510,M40-44,Male,Meridian,ID,United States,US,0:58:05,3:10:11,2:30:37,0:03:54,0:04:15,6:47:01,3485,11411,9037,234,255,24421,596,489,50,793,617,63,566,473,47,596,489,50,Finisher,700
Andrew,Kurgan,Andrew Kurgan,968,M18-24,Male,Santa Monica,CA,United States,US,0:47:13,3:28:57,2:21:56,0:05:13,0:03:49,6:47:07,2833,12537,8516,313,229,24427,597,490,61,428,330,47,664,547,65,597,490,61,Finisher,700
Edward,Ellsworth,Edward Ellsworth,909,M45-49,Male,Tigard,OR,United States,US,1:01:04,3:21:47,2:15:04,0:04:16,0:05:03,6:47:14,3664,12107,8104,256,303,24434,598,491,48,844,654,61,714,585,56,598,491,48,Finisher,860
Charlie,Harrison,Charlie Harrison,1194,M55-59,Male,ROSEVILLE,CA,United States,US,0:50:39,3:15:20,2:31:28,0:06:12,0:03:45,6:47:24,3039,11720,9088,372,225,24444,599,492,32,572,445,23,567,474,32,599,492,32,Finisher,700
Mitchell,Mccullough,Mitchell Mccullough,790,M25-29,Male,New York,NY,United States,US,0:50:26,3:22:45,2:20:02,0:07:36,0:06:36,6:47:26,3026,12165,8402,456,396,24446,600,493,85,563,438,83,658,544,97,600,493,85,Finisher,700
Jason,Smith,Jason Smith,810,M50-54,Male,Redding,CA,United States,US,0:53:49,2:59:48,2:44:11,0:05:46,0:03:52,6:47:27,3229,10788,9851,346,232,24447,601,494,25,685,534,32,430,370,21,601,494,25,Finisher,1111
Barrett,Nelson,Barrett Nelson,1236,M50-54,Male,Paradise,UT,United States,US,0:46:37,3:02:08,2:46:17,0:05:14,0:07:12,6:47:28,2797,10928,9977,314,432,24448,602,495,26,401,308,13,383,332,20,602,495,26,Finisher,1111
Allison,Petrie,Allison Petrie,1182,F30-34,Female,Costa Mesa,CA,United States,US,0:46:36,3:24:26,2:26:39,0:05:30,0:04:28,6:47:38,2796,12266,8799,330,268,24458,603,108,21,400,93,21,623,108,19,603,108,21,Finisher,700
Jackson,Sisneros,Jackson Sisneros,834,M25-29,Male,Bella Vista,California,United States,US,0:48:34,3:19:44,2:30:26,0:04:51,0:04:16,6:47:51,2914,11984,9026,291,256,24471,604,496,86,484,375,72,576,481,88,604,496,86,Finisher,700
Bruce,Tidrick,Bruce Tidrick,715,M60-64,Male,Modesto,US-CA,United States,US,0:57:12,3:15:05,2:21:11,0:07:42,0:06:54,6:48:03,3432,11705,8471,462,414,24483,605,497,18,771,602,26,649,537,20,605,497,18,Finisher,1709
Nicholas,Cole,Nicholas Cole,809,M40-44,Male,Redding,California,United States,US,0:53:16,3:23:19,2:22:22,0:04:26,0:04:44,6:48:07,3196,12199,8542,266,284,24487,606,498,51,659,515,47,661,545,58,606,498,51,Finisher,700
Noah,Stephens,Noah Stephens,765,M45-49,Male,Redding,California,United States,US,0:50:38,3:11:47,2:29:49,0:09:04,0:07:02,6:48:19,3038,11507,8989,544,422,24499,607,499,49,570,443,41,554,463,47,607,499,49,Finisher,841
Paul,Brown,Paul Brown,455,M55-59,Male,Campbell ,CA,United Kingdom,GB,0:39:49,3:15:19,2:42:52,0:04:37,0:05:45,6:48:22,2389,11719,9772,277,345,24502,608,500,33,157,130,5,435,373,25,608,500,33,Finisher,1481
Alexandre,Barros,Alexandre Barros,944,M55-59,Male,San Francisco,CA,Brazil,BR,0:45:11,3:10:51,2:42:24,0:03:49,0:06:30,6:48:46,2711,11451,9744,229,390,24526,609,501,34,345,267,12,437,374,26,609,501,34,Finisher,1474
David,Presleigh,David Presleigh,706,M40-44,Male,Redding,CA,United States,US,0:57:09,3:07:42,2:26:00,0:10:57,0:07:03,6:48:51,3429,11262,8760,657,423,24531,610,502,52,768,599,60,612,507,52,610,502,52,Finisher,864
Michael,Oliver,Michael Oliver,432,M25-29,Male,Redding,US-CA,United States,US,0:42:25,3:25:06,2:34:15,0:04:28,0:03:08,6:49:21,2545,12306,9255,268,188,24561,611,503,87,237,193,36,564,472,86,611,503,87,Finisher,700
May,Duldulao,May Duldulao,407,F55-59,Female,Valencia,CA,United States,US,0:54:01,3:10:49,2:28:51,0:08:06,0:08:06,6:49:53,3241,11449,8931,486,486,24593,612,109,13,688,152,12,574,95,12,612,109,13,Finisher,700
Xavier,Ibanez,Xavier Ibanez,622,M25-29,Male,Chula Vista,MX-BCN,Mexico,MX,0:53:43,3:05:42,2:42:44,0:04:41,0:03:04,6:49:54,3223,11142,9764,281,184,24594,613,504,88,680,529,95,484,408,75,613,504,88,Finisher,700
Thomas,Harris,Thomas Harris,581,M50-54,Male,Roseville,California,United States,US,0:53:46,3:16:31,2:28:17,0:04:29,0:06:51,6:49:54,3226,11791,8897,269,411,24594,614,505,27,683,532,31,601,498,31,614,505,27,Finisher,1067
Zachary,Kleinfeld,Zachary Kleinfeld,705,M18-24,Male,Santa Rosa,California,United States,US,0:48:59,3:32:52,2:14:28,0:07:17,0:06:36,6:50:11,2939,12772,8068,437,396,24611,615,506,62,499,387,56,729,596,74,615,506,62,Finisher,1140
Micaiah,Wiens,Micaiah Wiens,434,M18-24,Male,Redding,California,United States,US,0:44:01,3:28:03,2:28:18,0:04:26,0:05:37,6:50:25,2641,12483,8898,266,337,24625,616,507,63,301,233,26,622,515,57,616,507,63,Finisher,1136
Antonia,Mueller,Antonia Mueller,1077,F45-49,Female,PORTLAND,OR,United States,US,0:49:34,3:21:55,2:26:40,0:05:39,0:06:41,6:50:29,2974,12115,8800,339,401,24629,617,110,8,524,116,9,629,109,9,617,110,8,Finisher,1817
Jason,Jarosch,Jason Jarosch,891,M35-39,Male,Summit,WI,United States,US,0:59:00,3:19:53,2:19:40,0:04:33,0:07:28,6:50:34,3540,11993,8380,273,448,24634,618,508,76,813,630,83,680,558,78,618,508,76,Finisher,922
Brent,Blough,Brent Blough,495,M55-59,Male,lakewood,US-CA,United States,US,0:57:04,3:09:30,2:29:18,0:07:54,0:06:47,6:50:34,3424,11370,8958,474,407,24634,619,509,35,767,598,38,598,495,34,619,509,35,Finisher,1441
Lisa,May,Lisa May,798,F40-44,Female,W SACRAMENTO,CA,United States,US,0:53:39,3:06:24,2:37:46,0:04:52,0:08:03,6:50:43,3219,11184,9466,292,483,24643,620,111,8,677,151,13,492,79,7,620,111,8,Finisher,1581
Brindin,Hethcoat,Brindin Hethcoat,492,M25-29,Male,Red Bluff,CA,United States,US,0:55:58,3:16:52,2:22:48,0:07:30,0:07:38,6:50:46,3358,11812,8568,450,458,24646,621,510,89,734,571,102,656,543,96,621,510,89,Finisher,700
Vincent,Jones,Vincent Jones,797,M50-54,Male,Sacramento,CA,United States,US,0:55:00,3:05:40,2:39:23,0:05:47,0:04:59,6:50:48,3300,11140,9563,347,299,24648,622,511,28,714,555,33,511,429,25,622,511,28,Finisher,1051
Saul,Weiss,Saul Weiss,1130,M45-49,Male,Parker,CO,United States,US,0:55:36,3:23:52,2:21:48,0:04:46,0:04:48,6:50:50,3336,12232,8508,286,288,24650,623,512,50,724,563,49,687,564,55,623,512,50,Finisher,795
Nate ,McClung,Nate McClung,1026,M18-24,Male,Redding,California,United States,US,0:45:05,3:49:50,2:08:34,0:04:07,0:03:16,6:50:53,2705,13790,7714,247,196,24653,624,513,64,343,265,35,807,646,83,624,513,64,Finisher,1127
Yutang,Lin,Yutang Lin,383,M18-24,Male,Davis,CA,China,CN,1:01:46,3:19:39,2:21:15,0:04:35,0:04:06,6:51:22,3706,11979,8475,275,246,24682,625,514,65,857,663,90,702,575,72,625,514,65,Finisher,1118
Holly,Buschhorn,Holly Buschhorn,979,F50-54,Female,GRAND JCT,CO,United States,US,0:44:33,3:17:26,2:36:36,0:05:30,0:07:25,6:51:30,2673,11846,9396,330,445,24690,626,112,12,321,73,6,525,86,11,626,112,12,Finisher,700
Breon,Darensburg,Breon Darensburg,999,M18-24,Male,Brentwood,California,United States,US,0:58:12,3:20:44,2:24:53,0:04:24,0:03:20,6:51:34,3492,12044,8693,264,200,24694,627,515,66,797,621,88,679,557,69,627,515,66,Finisher,1115
Austin,Arends,Austin Arends,308,M25-29,Male,Danville,California,United States,US,0:57:22,3:12:05,2:30:14,0:05:43,0:06:11,6:51:35,3442,11525,9014,343,371,24695,628,516,90,774,605,105,604,501,91,628,516,90,Finisher,700
Wyatt,Labbe,Wyatt Labbe,379,M25-29,Male,San Francisco,California,United States,US,0:39:06,3:10:20,2:53:14,0:04:48,0:04:10,6:51:38,2346,11420,10394,288,250,24698,629,517,91,135,111,22,384,333,60,629,517,91,Finisher,700
Elvia,Romero,Elvia Romero,693,F30-34,Female,LOS CABOS,MX-BCS,Mexico,MX,0:54:40,3:25:32,2:22:06,0:04:17,0:05:16,6:51:50,3280,12332,8526,257,316,24710,630,113,22,704,156,30,691,125,22,630,113,22,Finisher,1424
Joseph,Tona,Joseph Tona,540,M40-44,Male,Redding,US-CA,United States,US,0:42:24,3:01:42,2:59:18,0:04:05,0:04:24,6:51:54,2544,10902,10758,245,264,24714,631,518,53,234,191,14,309,272,29,631,518,53,Finisher,809
Erik,Zedler,Erik Zedler,1179,M25-29,Male,Denver,Colorado,United States,US,0:53:00,3:12:55,2:19:50,0:04:58,0:21:14,6:51:58,3180,11575,8390,298,1274,24718,632,519,92,656,513,93,552,461,84,632,519,92,Finisher,700
Maya,Ciminello,Maya Ciminello,746,F18-24,Female,Saddle River,US-NJ,United States,US,0:44:10,3:44:41,2:12:50,0:05:39,0:04:45,6:52:06,2650,13481,7970,339,285,24726,633,114,4,303,69,5,768,146,6,633,114,4,Finisher,2619
Kyler,De Lapp,Kyler De Lapp,773,M25-29,Male,Orangevale,CA,United States,US,0:42:59,3:09:38,2:47:57,0:04:54,0:06:40,6:52:09,2579,11378,10077,294,400,24729,634,520,93,254,205,37,416,357,66,634,520,93,Finisher,700
Christian,Speer,Christian Speer,1151,M60-64,Male,AURORA,OR,United States,US,0:58:05,3:20:45,2:21:15,0:07:59,0:04:21,6:52:25,3485,12045,8475,479,261,24745,635,521,19,794,618,27,708,579,26,635,521,19,Finisher,700
Timmy,Lin,Timmy Lin,321,M30-34,Male,Mountain View,California,United States,US,0:53:27,3:23:05,2:20:34,0:06:36,0:08:53,6:52:37,3207,12185,8434,396,533,24757,636,522,62,667,521,67,677,555,68,636,522,62,Finisher,700
Kieran,Vrklan,Kieran Vrklan,1170,M25-29,Male,Seattle,WASHINGTON,United States,US,0:54:46,3:24:51,2:22:45,0:05:34,0:05:29,6:53:25,3286,12291,8565,334,329,24805,637,523,94,707,550,98,695,568,99,637,523,94,Finisher,700
Leon,Stepan,Leon Stepan,974,M40-44,Male,San Mateo,CA,Australia,AU,0:50:02,3:24:47,2:29:27,0:05:18,0:03:55,6:53:29,3002,12287,8967,318,235,24809,638,524,54,549,428,38,652,539,56,638,524,54,Finisher,781
Peter,Smolenski,Peter Smolenski,875,M18-24,Male,Anderson,CA,United States,US,0:45:27,3:27:49,2:30:32,0:05:15,0:04:32,6:53:35,2727,12469,9032,315,272,24815,639,525,67,356,278,37,640,529,62,639,525,67,Finisher,1079
Vasileios,Syrgkanis,Vasileios Syrgkanis,844,M40-44,Male,Stanford,California,Greece,GR,1:04:31,3:21:38,2:14:59,0:06:36,0:06:03,6:53:46,3871,12098,8099,396,363,24826,640,526,55,894,692,74,755,612,64,640,526,55,Finisher,776
Tilden,McDonald jr,Tilden McDonald jr,949,M40-44,Male,Portland,OR,United States,US,0:55:09,3:47:43,2:03:01,0:04:18,0:03:46,6:53:57,3309,13663,7381,258,226,24837,641,527,56,717,557,53,849,673,73,641,527,56,Finisher,773
Avantika,Willy,Avantika Willy,1221,F18-24,Female,Dallas,TX,United States,US,0:47:22,3:33:14,2:22:06,0:05:49,0:05:35,6:54:06,2842,12794,8526,349,335,24846,642,115,5,433,101,8,706,129,5,642,115,5,Finisher,700
Toshitada,Tanaka,Toshitada Tanaka,1003,M45-49,Male,FREMONT,CA,Japan,JP,0:50:56,3:18:37,2:27:44,0:06:55,0:09:59,6:54:10,3056,11917,8864,415,599,24850,643,528,51,584,455,42,621,514,54,643,528,51,Finisher,735
Matthew,Hooker,Matthew Hooker,250,M25-29,Male,Sacramento,California,United States,US,0:47:10,3:14:13,2:40:44,0:06:32,0:05:36,6:54:16,2830,11653,9644,392,336,24856,644,529,95,426,328,62,530,444,82,644,529,95,Finisher,700
Omar,Naguib,Omar Naguib,906,M30-34,Male,Turlock,CA,United States,US,1:00:41,2:59:11,2:47:34,0:03:30,0:03:21,6:54:16,3641,10751,10054,210,201,24856,645,530,63,839,651,79,479,405,52,645,530,63,Finisher,700
Faith ,Barrett,Faith Barrett,825,F30-34,Female,Shasta Lake,California,United States,US,0:45:53,3:28:06,2:29:16,0:06:00,0:05:29,6:54:45,2753,12486,8956,360,329,24885,646,116,23,373,83,19,650,113,20,646,116,23,Finisher,700
Bianca,Kelos,Bianca Kelos,914,F35-39,Female,Thunder Bay,Ontario,Canada,CA,0:48:40,3:20:21,2:35:14,0:05:15,0:05:15,6:54:45,2920,12021,9314,315,315,24885,647,117,14,488,110,11,594,101,14,647,117,14,Finisher,700
Tj,Olsen,Tj Olsen,287,M30-34,Male,Inglewood,California,New Zealand,NZ,0:37:24,3:31:25,2:28:44,0:07:10,0:10:48,6:55:30,2244,12685,8924,430,648,24930,648,531,64,98,84,14,614,509,62,648,531,64,Finisher,700
Joe,Gong,Joe Gong,563,M50-54,Male,oakland,CA,United States,US,0:51:46,3:24:00,2:24:21,0:08:15,0:07:24,6:55:46,3106,12240,8661,495,444,24946,649,532,29,609,474,26,685,562,35,649,532,29,Finisher,700
Derek,FUENTES,Derek FUENTES,977,M35-39,Male,Stockton,US-CA,United States,US,1:03:48,3:30:08,2:03:31,0:07:54,0:10:25,6:55:46,3828,12608,7411,474,625,24946,650,533,77,887,685,92,821,656,92,650,533,77,Finisher,828
charlie,Vanness,charlie Vanness,842,M18-24,Male,Granite Bay,California,United States,US,0:44:20,3:36:24,2:25:47,0:05:07,0:04:12,6:55:51,2660,12984,8747,307,252,24951,651,534,68,307,237,27,699,572,71,651,534,68,Finisher,1038
Steven,Filter,Steven Filter,356,M30-34,Male,Live Oak,CA,United States,US,0:49:45,3:23:00,2:37:13,0:03:15,0:03:08,6:56:20,2985,12180,9433,195,188,24980,652,535,65,534,415,53,615,510,63,652,535,65,Finisher,700
Dena,Kucinski,Dena Kucinski,897,F50-54,Female,San Antonio,TX,United States,US,0:43:20,3:13:42,2:50:11,0:05:43,0:03:40,6:56:36,2600,11622,10211,343,220,24996,653,118,13,280,59,5,468,71,10,653,118,13,Finisher,700
Rami,Maita,Rami Maita,374,M18-24,Male,Sacramento,California,United States,US,1:01:56,3:30:27,2:07:13,0:08:16,0:09:15,6:57:08,3716,12627,7633,496,555,25028,654,536,69,860,666,92,815,652,85,654,536,69,Finisher,1015
Cody,Weishaar,Cody Weishaar,585,M30-34,Male,Lindale,Texas,United States,US,0:55:04,3:27:18,2:26:56,0:05:08,0:02:54,6:57:18,3304,12438,8816,308,174,25038,655,537,66,716,556,72,716,587,70,655,537,66,Finisher,700
Daniel,Weld,Daniel Weld,366,M35-39,Male,Roseville,CA,United States,US,0:53:45,3:09:00,2:44:34,0:03:37,0:06:38,6:57:34,3225,11340,9874,217,398,25054,656,538,78,681,530,72,510,428,61,656,538,78,Finisher,796
Tanay,Ubale,Tanay Ubale,1126,M18-24,Male,Saratoga,California,United States,US,0:40:50,3:37:38,2:31:26,0:03:25,0:04:22,6:57:41,2450,13058,9086,205,262,25061,657,539,70,186,153,13,667,549,66,657,539,70,Finisher,1005
Aryaman,Arora,Aryaman Arora,612,M18-24,Male,Durham,NC,United Arab Emirates,AE,0:49:15,3:15:15,2:41:23,0:05:09,0:06:49,6:57:51,2955,11715,9683,309,409,25071,658,540,71,513,398,60,543,454,51,658,540,71,Finisher,700
Thomas,Goforth,Thomas Goforth,465,M55-59,Male,Yakima,NY,United States,US,1:05:32,3:24:21,2:12:24,0:07:45,0:08:00,6:58:02,3932,12261,7944,465,480,25082,659,541,36,904,700,43,791,636,40,659,541,36,Finisher,1307
Brooke,Ambrose,Brooke Ambrose,1198,F45-49,Female,Bakersfield,CA,United States,US,0:49:10,3:12:03,2:49:51,0:03:25,0:03:54,6:58:23,2950,11523,10191,205,234,25103,660,119,9,509,114,8,489,78,8,660,119,9,Finisher,700
Andrew,McFadden,Andrew McFadden,534,M40-44,Male,Redding,California,United States,US,0:56:21,3:24:56,2:27:20,0:05:46,0:04:51,6:59:14,3381,12296,8840,346,291,25154,661,542,57,748,582,55,713,584,61,661,542,57,Finisher,700
Andrew,Morrell,Andrew Morrell,412,M55-59,Male,Aurora,CO,United States,US,1:05:43,3:08:21,2:34:16,0:05:13,0:05:42,6:59:15,3943,11301,9256,313,342,25155,662,543,37,905,701,44,644,533,36,662,543,37,Finisher,1285
Mark,Spurlock,Mark Spurlock,638,M65-69,Male,Southlake,TX,United States,US,0:55:54,3:14:00,2:32:32,0:07:28,0:09:38,6:59:32,3354,11640,9152,448,578,25172,663,544,9,732,569,12,631,521,9,663,544,9,Finisher,1952
Keeley,Wrabetz,Keeley Wrabetz,766,F30-34,Female,Erie,CO,United States,US,0:51:19,3:30:35,2:27:38,0:05:58,0:04:03,6:59:33,3079,12635,8858,358,243,25173,664,120,24,596,132,27,720,130,24,664,120,24,Finisher,1286
Amy,Hovik,Amy Hovik,778,F40-44,Female,rocklin ,CA,United States,US,0:40:09,3:49:19,2:15:24,0:06:20,0:09:07,7:00:18,2409,13759,8124,380,547,25218,665,121,9,172,32,4,778,150,11,665,121,9,Finisher,1409
Ty,Cottle,Ty Cottle,1114,M18-24,Male,Highland,UT,United States,US,0:49:10,3:13:37,2:43:12,0:07:03,0:07:40,7:00:41,2950,11617,9792,423,460,25241,666,545,72,507,394,58,544,455,52,666,545,72,Finisher,700
Tammy,Bouchard,Tammy Bouchard,703,F40-44,Female,Barton,NY,United States,US,0:45:35,3:24:49,2:39:52,0:04:59,0:05:25,7:00:41,2735,12289,9592,299,325,25241,667,122,10,361,81,8,607,105,8,667,122,10,Finisher,1402
Carly,Gilleland,Carly Gilleland,1009,F35-39,Female,Phoenix,AZ,United States,US,0:53:32,3:28:40,2:20:24,0:06:18,0:12:02,7:00:56,3212,12520,8424,378,722,25256,668,123,15,670,148,15,723,131,16,668,123,15,Finisher,856
Andrew,Yagjian,Andrew Yagjian,350,M35-39,Male,Walnut Creek,California,United States,US,0:47:40,3:25:04,2:34:32,0:07:34,0:06:11,7:01:00,2860,12304,9272,454,371,25260,669,546,79,443,339,48,655,542,75,669,546,79,Finisher,700
Zak,Gilleland,Zak Gilleland,1010,M30-34,Male,Colorado springs,Colorado,United States,US,0:53:38,3:28:47,2:20:24,0:06:18,0:11:56,7:01:03,3218,12527,8424,378,716,25263,670,547,67,676,526,68,725,594,72,670,547,67,Finisher,700
Joshua,Straits,Joshua Straits,1226,M35-39,Male,San Francisco,CA,United States,US,1:07:09,3:18:30,2:16:21,0:08:49,0:10:24,7:01:12,4029,11910,8181,529,624,25272,671,548,80,918,712,95,766,621,90,671,548,80,Finisher,730
Michael,Steinman,Michael Steinman,565,M55-59,Male,Albany,California,United States,US,0:51:45,3:23:05,2:29:09,0:09:25,0:08:00,7:01:23,3105,12185,8949,565,480,25283,672,549,38,608,473,26,688,565,38,672,549,38,Finisher,700
Jeremy,Winkelman,Jeremy Winkelman,506,M45-49,Male,Cottonwood,California,United States,US,0:58:34,3:10:30,2:41:38,0:04:30,0:06:22,7:01:34,3514,11430,9698,270,382,25294,673,550,52,801,623,55,581,484,50,673,550,52,Finisher,700
James,Burke,James Burke,736,M40-44,Male,Redding,California,United States,US,0:45:40,3:22:16,2:43:19,0:06:18,0:04:21,7:01:54,2740,12136,9799,378,261,25314,674,551,58,365,283,23,593,493,49,674,551,58,Finisher,700
Danielle,Birmingham ,Danielle Birmingham,606,F40-44,Female,Northborough,MA,United States,US,0:42:50,3:30:45,2:40:15,0:03:43,0:04:21,7:01:55,2570,12645,9615,223,261,25315,675,124,11,249,48,6,630,110,9,675,124,11,Finisher,1380
Katelyn,Randal,Katelyn Randal,1245,F25-29,Female,Stanford,CA,United States,US,0:53:32,3:31:06,2:25:21,0:04:42,0:07:19,7:01:59,3212,12666,8721,282,439,25319,676,125,26,673,149,29,733,136,29,676,125,26,Finisher,717
Anthony,Annunziata,Anthony Annunziata,1128,M18-24,Male,Huntington,New York,United States,US,0:47:38,3:40:56,2:17:11,0:07:45,0:08:30,7:02:00,2858,13256,8231,465,510,25320,677,552,73,441,337,48,781,631,79,677,552,73,Finisher,927
Foley,Kappel,Foley Kappel,1202,M30-34,Male,Campbell River,British Columbia,Canada,CA,0:49:09,3:14:13,2:46:57,0:05:56,0:05:51,7:02:06,2949,11653,10017,356,351,25326,678,553,68,504,391,50,540,452,57,678,553,68,Finisher,700
Dave,Hansen,Dave Hansen,717,M40-44,Male,San Rafael,California,United States,US,1:02:27,3:09:25,2:40:25,0:05:56,0:04:16,7:02:29,3747,11365,9625,356,256,25349,679,554,59,873,674,70,633,523,55,679,554,59,Finisher,700
Paul,Wiens,Paul Wiens,433,M45-49,Male,Redding,California,United States,US,0:43:15,3:45:22,2:23:50,0:06:05,0:04:04,7:02:36,2595,13522,8630,365,244,25356,680,555,53,269,213,18,771,623,60,680,555,53,Finisher,700
Bhavin,Juthani,Bhavin Juthani,1006,M50-54,Male,FOLSOM,CA,United States,US,0:49:14,3:20:02,2:40:34,0:07:21,0:05:27,7:02:37,2954,12002,9634,441,327,25357,681,556,30,512,397,20,624,516,32,681,556,30,Finisher,700
Courtney,Cheatham,Courtney Cheatham,1106,F25-29,Female,Redding,CA,United States,US,0:46:27,3:38:17,2:31:18,0:04:02,0:02:37,7:02:41,2787,13097,9078,242,157,25361,682,126,27,393,91,20,727,133,27,682,126,27,Finisher,705
Michelle,Miller,Michelle Miller,611,F45-49,Female,Honolulu,HI,United States,US,0:51:29,3:28:14,2:32:22,0:04:54,0:06:03,7:03:02,3089,12494,9142,294,363,25382,683,127,10,600,134,11,693,126,10,683,127,10,Finisher,1592
Zachary,Brown,Zachary Brown,447,M30-34,Male,La Crescenta-Montrose,CA,United States,US,0:50:42,3:33:42,2:31:00,0:04:01,0:03:40,7:03:06,3042,12822,9060,241,220,25386,684,557,69,573,446,57,722,592,71,684,557,69,Finisher,700
Mark,Hernandez,Mark Hernandez,885,M40-44,Male,PORTLAND,OR,United States,US,0:48:12,3:22:18,2:42:06,0:05:57,0:05:06,7:03:39,2892,12138,9726,357,306,25419,685,558,60,467,360,30,620,513,54,685,558,60,Finisher,700
Alex,Carrell,Alex Carrell,551,M25-29,Male,Redding,CA,United States,US,1:08:16,3:17:59,2:23:58,0:06:54,0:06:42,7:03:49,4096,11879,8638,414,402,25429,686,559,96,925,718,121,758,615,103,686,559,96,Finisher,700
Rose,Thompson,Rose Thompson,553,F25-29,Female,Redding,California,United States,US,0:51:17,3:36:45,2:19:30,0:10:36,0:05:47,7:03:55,3077,13005,8370,636,347,25435,687,128,28,594,131,26,801,160,31,687,128,28,Finisher,700
Mitchell,Rasmussen,Mitchell Rasmussen,503,M18-24,Male,Chandler,US-AZ,United States,US,0:50:37,3:26:22,2:38:03,0:04:05,0:04:49,7:03:56,3037,12382,9483,245,289,25436,688,560,74,569,442,66,662,546,64,688,560,74,Finisher,892
Alyssa,Caldwell,Alyssa Caldwell,986,F35-39,Female,Chico,California,United States,US,0:54:57,3:04:28,2:51:29,0:05:51,0:07:17,7:04:01,3297,11068,10289,351,437,25441,689,129,16,712,159,16,495,81,10,689,129,16,Finisher,800
Sebastian,Muñoz,Sebastian Muñoz,382,M35-39,Male,Rancho Cordova,CA,United States,US,1:07:22,3:12:31,2:34:16,0:05:24,0:05:23,7:04:56,4042,11551,9256,324,323,25496,690,561,81,920,714,97,696,569,80,690,561,81,Finisher,700
Andrew,Grover,Andrew Grover,1129,M18-24,Male,Palo Alto,California,United States,US,0:57:10,3:45:30,2:07:24,0:10:30,0:04:25,7:04:58,3430,13530,7644,630,265,25498,691,562,75,769,600,86,880,693,94,691,562,75,Finisher,874
Kyle,Kendall,Kyle Kendall,1175,M18-24,Male,Marysville,California,United States,US,0:55:59,3:27:46,2:33:04,0:03:05,0:05:06,7:04:59,3359,12466,9184,185,306,25499,692,563,76,735,572,81,709,580,73,692,563,76,Finisher,873
Gavin,Gilbert,Gavin Gilbert,748,M18-24,Male,Tucson,Arizona,United States,US,0:50:55,3:20:32,2:40:16,0:06:27,0:07:07,7:05:17,3055,12032,9616,387,427,25517,693,564,77,582,453,69,634,524,61,693,564,77,Finisher,868
Brett,Strauss,Brett Strauss,405,M45-49,Male,Apple Valley,CA,United States,US,0:42:29,3:01:55,3:12:13,0:03:59,0:04:41,7:05:18,2549,10915,11533,239,281,25518,694,565,54,240,196,16,313,275,24,694,565,54,Finisher,700
Sarahann,Whitbeck,Sarahann Whitbeck,882,F40-44,Female,SALT LAKE CTY,UT,United States,US,1:01:32,3:25:52,2:22:34,0:09:20,0:06:31,7:05:49,3692,12352,8554,560,391,25549,695,130,12,855,193,18,786,152,13,695,130,12,Finisher,700
Katie,Watkins,Katie Watkins,554,M45-49,Male,Redding,US-CA,United States,US,1:00:31,3:32:26,2:21:43,0:03:33,0:07:49,7:06:02,3631,12746,8503,213,469,25562,696,566,55,837,649,60,783,632,63,696,566,55,Finisher,700
Molly,WELKER,Molly WELKER,234,F55-59,Female,Brentwood,US-CA,United States,US,1:07:32,3:08:38,2:37:54,0:04:54,0:07:22,7:06:20,4052,11318,9474,294,442,25580,697,131,14,922,207,22,663,117,14,697,131,14,Finisher,1618
Ian,Espinoza,Ian Espinoza,636,M40-44,Male,Redding,California,United States,US,0:54:18,3:07:10,2:56:28,0:03:54,0:04:35,7:06:25,3258,11230,10588,234,275,25585,698,567,61,694,542,50,497,416,41,698,567,61,Finisher,700
Mitchell,Harrell,Mitchell Harrell,420,M60-64,Male,Chico,CA,United States,US,0:54:17,3:23:59,2:37:24,0:06:01,0:04:49,7:06:29,3257,12239,9444,361,289,25589,699,568,20,693,541,21,689,566,22,699,568,20,Finisher,700
Laleeta,Pal,Laleeta Pal,807,F18-24,Female,Peoria,Arizona,United States,US,0:32:58,4:00:54,2:25:56,0:03:56,0:04:08,7:07:53,1978,14454,8756,236,248,25673,700,132,6,39,6,1,793,156,7,700,132,6,Finisher,2335
Robert,Brown,Robert Brown,617,M50-54,Male,Chico,California,United States,US,1:00:30,3:11:50,2:41:20,0:05:41,0:08:39,7:08:00,3630,11510,9680,341,519,25680,701,569,31,836,648,39,636,525,33,701,569,31,Finisher,741
Peter,Rodgers,Peter Rodgers,688,M35-39,Male,Redding,CA,United States,US,0:58:40,3:25:24,2:29:17,0:07:22,0:07:20,7:08:03,3520,12324,8957,442,440,25683,702,570,82,803,625,81,747,607,87,702,570,82,Finisher,700
Jeff,Lambeth,Jeff Lambeth,941,M45-49,Male,Escalon,CA,United States,US,0:56:29,3:10:34,2:51:20,0:04:49,0:05:33,7:08:45,3389,11434,10280,289,333,25725,703,571,56,750,584,53,559,467,49,703,571,56,Finisher,700
Jasper,Mebane,Jasper Mebane,348,M18-24,Male,Westport,Connecticut,United States,US,0:49:32,3:48:46,2:13:53,0:06:16,0:10:28,7:08:54,2972,13726,8033,376,628,25734,704,572,78,522,407,61,836,666,89,704,572,78,Finisher,700
Conner ,Close,Conner Close,911,M35-39,Male,Pleasanton ,California,New Zealand,NZ,0:50:54,3:29:47,2:37:14,0:06:36,0:05:08,7:09:39,3054,12587,9434,396,308,25779,705,573,83,581,452,61,715,586,83,705,573,83,Finisher,700
Gabriel,Marquez,Gabriel Marquez,1238,M25-29,Male,Sacramento,CA,United States,US,0:54:56,2:55:57,3:10:34,0:05:00,0:03:15,7:09:41,3296,10557,11434,300,195,25781,706,574,97,711,553,99,403,349,64,706,574,97,Finisher,700
Stephanie,Scheid,Stephanie Scheid,1231,F30-34,Female,London,CA,United States,US,0:45:27,3:26:16,2:40:43,0:08:43,0:08:42,7:09:51,2727,12376,9643,523,522,25791,707,133,25,357,79,17,657,114,21,707,133,25,Finisher,700
Sal,Biundo,Sal Biundo,687,M50-54,Male,Sycamore,IL,Italy,IT,0:47:25,3:14:52,2:50:54,0:10:14,0:06:41,7:10:07,2845,11692,10254,614,401,25807,708,575,32,435,333,16,573,479,29,708,575,32,Finisher,703
Tyler,Demetral,Tyler Demetral,1162,M35-39,Male,SAN FRANCISCO,CA,United States,US,0:51:06,4:11:30,1:55:05,0:08:29,0:04:03,7:10:13,3066,15090,6905,509,243,25813,709,576,84,590,461,62,928,726,99,709,576,84,Finisher,700
John,Sorenson,John Sorenson,1037,M35-39,Male,Los Gatos,California,United States,US,0:58:52,3:25:01,2:31:58,0:08:23,0:06:03,7:10:17,3532,12301,9118,503,363,25817,710,577,85,809,628,82,754,611,88,710,577,85,Finisher,700
Brad,Alexander,Brad Alexander,1247,M40-44,Male,RESCUE,CA,United States,US,0:43:09,4:05:45,2:10:03,0:07:09,0:04:14,7:10:21,2589,14745,7803,429,254,25821,711,578,62,263,211,17,893,700,76,711,578,62,Finisher,700
Scott,Besemann,Scott Besemann,669,M50-54,Male,Beaverton,OR,United States,US,0:47:35,3:13:25,2:59:40,0:03:49,0:05:58,7:10:26,2855,11605,10780,229,358,25826,712,579,33,439,336,17,491,413,24,712,579,33,Finisher,700
Santiago,Pindter,Santiago Pindter,360,M18-24,Male,San Diego,US-California,Mexico,MX,0:54:35,3:06:25,2:58:29,0:06:09,0:04:51,7:10:28,3275,11185,10709,369,291,25828,713,580,79,703,548,80,519,436,48,713,580,79,Finisher,775
Colton,Murrison,Colton Murrison,1267,M30-34,Male,SHASTA,California,United States,US,0:43:17,3:11:49,3:03:55,0:07:51,0:03:44,7:10:36,2597,11509,11035,471,224,25836,714,581,70,271,215,34,473,401,51,714,581,70,Finisher,700
Alvin,Daluyaya,Alvin Daluyaya,712,M45-49,Male,Concord,CA,United States,US,0:56:25,3:12:08,2:50:29,0:05:55,0:05:46,7:10:42,3385,11528,10229,355,346,25842,715,582,57,749,583,52,597,494,53,715,582,57,Finisher,700
Colin,Fritz,Colin Fritz,1032,M30-34,Male,Austin,Texas,United States,US,0:49:55,3:35:35,2:34:15,0:04:51,0:06:13,7:10:49,2995,12935,9255,291,373,25849,716,583,71,540,421,54,739,600,73,716,583,71,Finisher,700
Gianluca,Beltrocco,Gianluca Beltrocco,886,M25-29,Male,Downey,CA,United States,US,0:54:19,3:49:04,2:18:58,0:04:31,0:04:00,7:10:52,3259,13744,8338,271,240,25852,717,584,98,695,543,97,855,675,111,717,584,98,Finisher,700
Nick,Call,Nick Call,987,M18-24,Male,Pleasant Grove,Utah,United States,US,1:04:00,3:34:10,2:26:21,0:03:44,0:02:54,7:11:09,3840,12850,8781,224,174,25869,718,585,80,889,687,96,822,657,87,718,585,80,Finisher,762
LiLi,Finch,LiLi Finch,861,F18-24,Female,seattle,Washington,United States,US,0:49:12,3:24:08,2:50:24,0:04:39,0:03:10,7:11:33,2952,12248,10224,279,190,25893,719,134,7,510,115,11,635,111,3,719,134,7,Finisher,700
Ryland,Hethcoat,Ryland Hethcoat,497,M18-24,Male,Red Bluff,CA,United States,US,0:55:59,3:41:10,2:24:33,0:06:07,0:04:04,7:11:54,3359,13270,8673,367,244,25914,720,586,81,736,573,82,827,661,88,720,586,81,Finisher,749
Jayson,Bashor,Jayson Bashor,838,M45-49,Male,Gold River,CA,United States,US,0:44:49,3:12:17,2:58:16,0:09:07,0:07:25,7:11:55,2689,11537,10696,547,445,25915,721,587,58,330,256,21,509,427,41,721,587,58,Finisher,700
Danny,Silva,Danny Silva,371,M25-29,Male,San Francisco,CA,Colombia,CO,0:47:50,3:37:21,2:32:37,0:05:46,0:08:23,7:11:57,2870,13041,9157,346,503,25917,722,588,99,451,345,64,744,604,102,722,588,99,Finisher,700
MARVIE,BACONAWA,MARVIE BACONAWA,681,F30-34,Female,Rancho Cordova,California,United States,US,0:58:48,3:22:04,2:36:51,0:05:31,0:09:07,7:12:21,3528,12124,9411,331,547,25941,723,135,26,807,181,33,705,128,23,723,135,26,Finisher,700
Faith,Mato,Faith Mato,1096,F25-29,Female,Rochester,MN,United States,US,0:44:25,3:47:26,2:25:20,0:05:24,0:09:51,7:12:25,2665,13646,8720,324,591,25945,724,136,29,315,71,17,789,154,30,724,136,29,Finisher,700
Armina,Stepanyan,Armina Stepanyan,658,F35-39,Female,Sacramento,California,United States,US,1:00:43,3:41:18,2:18:12,0:07:24,0:05:00,7:12:37,3643,13278,8292,444,300,25957,725,137,17,841,189,20,865,184,21,725,137,17,Finisher,700
Anais,Sumnicht,Anais Sumnicht,674,F40-44,Female,Aurora,CO,United States,US,0:57:27,3:45:49,2:17:06,0:06:21,0:06:08,7:12:50,3447,13549,8226,381,368,25970,726,138,13,777,171,16,867,185,17,726,138,13,Finisher,700
Rafael,Rodriguez,Rafael Rodriguez,724,M35-39,Male,oakland,CA,Venezuela,VE,0:53:20,3:27:45,2:40:39,0:05:05,0:06:24,7:13:13,3200,12465,9639,305,384,25993,727,589,86,663,517,69,704,577,82,727,589,86,Finisher,700
Maeve,Bader,Maeve Bader,1084,F25-29,Female,Santa Rosa,CA,United States,US,0:50:51,3:28:57,2:43:15,0:04:58,0:05:13,7:13:14,3051,12537,9795,298,313,25994,728,139,30,578,128,24,694,127,26,728,139,30,Finisher,700
Andy,Baker,Andy Baker,818,M60-64,Male,Gobles,MI,United States,US,0:55:35,3:02:49,2:59:42,0:08:34,0:06:41,7:13:21,3335,10969,10782,514,401,26001,729,590,21,723,562,24,516,433,16,729,590,21,Finisher,1253
Gary,Hartmann,Gary Hartmann,752,M60-64,Male,Carmichael,CA,United States,US,0:41:17,3:09:57,3:11:27,0:04:22,0:06:18,7:13:21,2477,11397,11487,262,378,26001,730,591,22,199,164,4,399,345,12,730,591,22,Finisher,700
Andrew,Steele,Andrew Steele,789,M35-39,Male,Redding,CA,United States,US,0:40:45,3:30:31,2:52:32,0:04:32,0:05:03,7:13:24,2445,12631,10352,272,303,26004,731,592,87,185,152,22,613,508,71,731,592,87,Finisher,700
Izaeyah,De La Cerda,Izaeyah De La Cerda,396,M18-24,Male,Oakland,California,United States,US,1:09:08,3:21:25,2:32:46,0:06:07,0:04:37,7:14:03,4148,12085,9166,367,277,26043,732,593,82,930,723,101,784,633,80,732,593,82,Finisher,710
Cabrina,Flanagan,Cabrina Flanagan,440,F45-49,Female,Redding,CA,United States,US,0:52:19,3:34:11,2:34:52,0:07:05,0:05:42,7:14:09,3139,12851,9292,425,342,26049,733,140,11,630,137,14,761,144,11,733,140,11,Finisher,700
Ana Paula,Soriano,Ana Paula Soriano,364,F30-34,Female,Sacramento,CA,United States,US,0:42:57,3:37:37,2:37:16,0:08:11,0:08:09,7:14:10,2577,13057,9436,491,489,26050,734,141,27,253,49,10,726,132,25,734,141,27,Finisher,700
Peyton,Morse,Peyton Morse,453,M25-29,Male,Sacramento,CA,United States,US,0:52:09,3:19:56,2:47:33,0:06:56,0:07:39,7:14:13,3129,11996,10053,416,459,26053,735,594,100,623,488,89,643,532,95,735,594,100,Finisher,700
Lindsay,Brown,Lindsay Brown,948,F50-54,Female,Chino Hills,CA,United States,US,0:47:07,3:56:13,2:17:03,0:09:35,0:04:42,7:14:40,2827,14173,8223,575,282,26080,736,142,14,422,98,11,879,187,20,736,142,14,Finisher,1429
Michael,Carreon,Michael Carreon,1054,M18-24,Male,Foresthill,California,United States,US,0:45:48,3:54:55,2:19:56,0:07:46,0:06:31,7:14:55,2748,14095,8396,466,391,26095,737,595,83,370,288,41,857,677,91,737,595,83,Finisher,700
Pat,Ketcham,Pat Ketcham,193,F65-69,Female,Salem,US-OR,United States,US,0:49:58,3:14:20,3:00:12,0:06:15,0:04:33,7:15:18,2998,11660,10812,375,273,26118,738,143,1,546,121,2,550,91,1,738,143,1,Finisher,3500
Ryan,Loerzel,Ryan Loerzel,680,M45-49,Male,Redding,California,United States,US,0:49:51,3:46:49,2:26:10,0:07:20,0:05:16,7:15:27,2991,13609,8770,440,316,26127,739,596,59,538,419,37,831,662,65,739,596,59,Finisher,700
Wendi (Allen),Wu,Wendi (Allen) Wu,1186,M25-29,Male,Rancho Cucamonga,US-CA,China,CN,0:49:55,3:32:11,2:41:29,0:04:33,0:07:40,7:15:47,2995,12731,9689,273,460,26147,740,597,101,539,420,81,707,578,100,740,597,101,Finisher,700
Sergio Jose,Sanabria Martin,Sergio Jose Sanabria Martin,1258,M40-44,Male,STANFORD,CA,Spain,ES,1:03:30,3:16:33,2:27:47,0:16:15,0:12:43,7:16:47,3810,11793,8867,975,763,26207,741,598,63,885,683,72,780,630,66,741,598,63,Finisher,700
Sanjay,Konda,Sanjay Konda,323,M40-44,Male,Odessa,FL,India,IN,0:53:20,3:22:33,2:46:32,0:08:03,0:06:28,7:16:56,3200,12153,9992,483,388,26216,742,599,64,662,516,48,684,561,59,742,599,64,Finisher,700
Joseph,Bassani,Joseph Bassani,188,M60-64,Male,Pacific Grove,CA,United States,US,1:07:01,3:11:37,2:39:40,0:11:05,0:08:00,7:17:24,4021,11497,9580,665,480,26244,743,600,23,916,710,31,735,598,29,743,600,23,Finisher,1180
Missy,LeStrange,Missy LeStrange,191,F70-74,Female,VISALIA,US-CA,United States,US,0:54:25,3:27:48,2:42:45,0:06:59,0:05:27,7:17:24,3265,12468,9765,419,327,26244,744,144,2,699,154,2,730,134,2,744,144,2,Finisher,2544
James,Manriquez,James Manriquez,1161,M30-34,Male,Santa Monica,CA,United States,US,1:06:01,3:32:09,2:28:27,0:06:37,0:04:12,7:17:26,3961,12729,8907,397,252,26246,745,601,72,909,704,84,837,667,80,745,601,72,Finisher,700
Brenton,Bader,Brenton Bader,1277,M30-34,Male,Laguna Niguel,California,United States,US,0:44:18,3:38:21,2:40:31,0:08:59,0:05:22,7:17:31,2658,13101,9631,539,322,26251,746,602,73,305,236,36,748,608,74,746,602,73,Finisher,700
Esaam,Zaman,Esaam Zaman,800,M18-24,Male,Bellaire,TX,United States,US,1:00:28,3:54:57,2:06:47,0:08:41,0:06:53,7:17:46,3628,14097,7607,521,413,26266,747,603,84,834,646,89,920,720,99,747,603,84,Finisher,700
Luke,Runyon,Luke Runyon,849,M25-29,Male,SHREVEPORT,Louisiana,United States,US,1:00:07,3:45:26,2:25:48,0:03:52,0:03:32,7:18:46,3607,13526,8748,232,212,26326,748,604,102,825,638,112,866,682,113,748,604,102,Finisher,700
Alex,Andrei,Alex Andrei,1146,M25-29,Male,San Francisco,CA,United States,US,0:48:07,3:16:47,2:55:29,0:09:08,0:09:23,7:18:55,2887,11807,10529,548,563,26335,749,605,103,464,357,67,589,489,90,749,605,103,Finisher,700
Grant,Handloser,Grant Handloser,1139,M25-29,Male,Chicago,IL,United States,US,0:57:15,3:09:42,3:01:19,0:06:10,0:05:04,7:19:29,3435,11382,10879,370,304,26369,750,606,104,773,604,104,575,480,87,750,606,104,Finisher,700
Carol,Earles,Carol Earles,395,F55-59,Female,RAVENDEN SPGS,AR,United States,US,0:57:47,3:07:21,2:57:59,0:08:50,0:07:39,7:19:36,3467,11241,10679,530,459,26376,751,145,15,790,174,15,588,100,13,751,145,15,Finisher,1379
Anthony,Pesce,Anthony Pesce,588,M35-39,Male,Chico,CALIFORNIA,United States,US,0:54:58,3:44:22,2:30:21,0:05:04,0:05:12,7:19:56,3298,13462,9021,304,312,26396,752,607,88,713,554,75,835,665,94,752,607,88,Finisher,700
Daisuke,Hashimoto,Daisuke Hashimoto,985,M45-49,Male,Minato-kuKanto,Tokyo,Japan,JP,1:05:19,3:18:36,2:43:31,0:07:01,0:05:58,7:20:26,3919,11916,9811,421,358,26426,753,608,60,902,698,69,743,603,59,753,608,60,Finisher,700
Lorna,Ferrell,Lorna Ferrell,493,F60-64,Female,RCHO STA MARG,CA,United States,US,0:58:44,3:27:11,2:44:50,0:05:50,0:03:56,7:20:30,3524,12431,9890,350,236,26430,754,146,9,804,179,10,749,141,10,754,146,9,Finisher,1551
Michael,Jones,Michael Jones,675,M60-64,Male,AURORA,CO,United States,US,1:08:35,3:07:21,2:47:56,0:09:56,0:07:13,7:21:01,4115,11241,10076,596,433,26461,755,609,24,927,720,33,701,574,25,755,609,24,Finisher,1115
Juan,Chavez,Juan Chavez,924,M45-49,Male,Sacramento,California,United States,US,0:59:53,3:46:24,2:19:16,0:09:04,0:06:30,7:21:07,3593,13584,8356,544,390,26467,756,610,61,824,637,57,890,698,68,756,610,61,Finisher,700
Robert,Bush,Robert Bush,414,F40-44,Male,Redding,CA,United States,US,1:09:57,3:19:56,2:30:48,0:06:29,0:13:59,7:21:08,4197,11996,9048,389,839,26468,757,147,14,935,208,20,782,151,12,757,147,14,Finisher,700
Debbie,Shiffer,Debbie Shiffer,552,F60-64,Female,SHASTA,CA,United States,US,0:42:08,3:36:02,2:53:32,0:04:06,0:05:50,7:21:38,2528,12962,10412,246,350,26498,758,148,10,225,43,2,672,121,9,758,148,10,Finisher,700
Johnny,Nguyen,Johnny Nguyen,726,M30-34,Male,Las Vegas,US-NV,United States,US,1:04:03,3:00:01,3:03:10,0:05:48,0:08:46,7:21:48,3843,10801,10990,348,526,26508,759,611,74,891,689,82,546,457,58,759,611,74,Finisher,700
Al,Masterson,Al Masterson,564,M65-69,Male,Redding,CALIFORNIA,United States,US,0:45:03,3:16:27,3:06:28,0:07:09,0:06:49,7:21:56,2703,11787,11188,429,409,26516,760,612,10,340,263,3,535,448,7,760,612,10,Finisher,1549
Purav,Vaghela,Purav Vaghela,1214,M18-24,Male,San Jose,California,India,IN,1:01:57,3:24:20,2:40:21,0:09:30,0:05:50,7:21:58,3717,12260,9621,570,350,26518,761,613,85,861,667,93,777,628,78,761,613,85,Finisher,700
Edward,Thometz,Edward Thometz,494,M60-64,Male,NEWARK,CA,United States,US,0:59:10,3:28:54,2:43:33,0:05:17,0:05:08,7:22:04,3550,12534,9813,317,308,26524,762,614,25,814,631,28,759,616,30,762,614,25,Finisher,700
Joshua,Davis,Joshua Davis,1244,M30-34,Male,Frisco,TX,United States,US,1:02:35,3:29:06,2:40:33,0:06:04,0:03:53,7:22:11,3755,12546,9633,364,233,26531,763,615,75,875,676,81,792,637,77,763,615,75,Finisher,700
Chris,Spells,Chris Spells,1215,M35-39,Male,Santa Cruz,CA,United States,US,1:00:42,3:29:39,2:34:17,0:10:59,0:07:16,7:22:53,3642,12579,9257,659,436,26573,764,616,89,840,652,88,817,654,91,764,616,89,Finisher,700
Mark,Stevens,Mark Stevens,413,M65-69,Male,Alpine,CA,United States,US,1:01:47,3:17:07,2:46:21,0:09:36,0:08:03,7:22:54,3707,11827,9981,576,483,26574,765,617,11,858,664,15,724,593,10,765,617,11,Finisher,1531
Macy,Juhola,Macy Juhola,823,F45-49,Female,petaluma,CA,United States,US,0:55:10,3:40:08,2:35:20,0:04:03,0:08:14,7:22:56,3310,13208,9320,243,494,26576,766,149,12,718,161,15,808,162,16,766,149,12,Finisher,1233
Juliet,Bannerot,Juliet Bannerot,862,F30-34,Female,Campbell,California,United States,US,0:49:39,3:38:00,2:42:24,0:06:06,0:06:50,7:22:59,2979,13080,9744,366,410,26579,767,150,28,527,117,24,762,145,28,767,150,28,Finisher,700
Maurissa,Bell,Maurissa Bell,915,F35-39,Female,Toronto,ON,Canada,CA,1:01:57,3:42:36,2:30:40,0:04:10,0:03:42,7:23:04,3717,13356,9040,250,222,26584,768,151,18,862,195,21,860,181,20,768,151,18,Finisher,700
Ryan,Davies,Ryan Davies,1229,M30-34,Male,London,CA,United States,US,0:51:36,3:39:36,2:37:51,0:08:28,0:05:43,7:23:15,3096,13176,9471,508,343,26595,769,618,76,604,469,63,812,650,79,769,618,76,Finisher,700
Leah,Roadrunner,Leah Roadrunner,660,F45-49,Female,Redding,California,United States,US,0:50:25,3:38:51,2:41:27,0:08:01,0:04:49,7:23:33,3025,13131,9687,481,289,26613,770,152,13,562,125,10,790,155,15,770,152,13,Finisher,700
Monica,Acord,Monica Acord,459,F25-29,Female,Redding ,CA,United States,US,0:58:02,3:44:00,2:28:26,0:05:17,0:08:33,7:24:17,3482,13440,8906,317,513,26657,771,153,31,792,176,36,851,177,33,771,153,31,Finisher,700
Benjamin,Gwaltney,Benjamin Gwaltney,707,M40-44,Male,Woodstock,ILLINOIS,United States,US,1:03:29,3:28:44,2:38:24,0:07:11,0:06:40,7:24:28,3809,12524,9504,431,400,26668,772,619,65,884,682,71,809,647,67,772,619,65,Finisher,700
Jonathan,Hall,Jonathan Hall,907,M25-29,Male,Bella Vista,CA,United States,US,0:43:23,3:23:26,3:02:36,0:08:43,0:06:39,7:24:47,2603,12206,10956,523,399,26687,773,620,105,282,223,42,609,504,92,773,620,105,Finisher,700
Joel,Giordano,Joel Giordano,820,M25-29,Male,Chico,California,United States,US,1:02:25,3:38:54,2:23:16,0:10:40,0:10:03,7:25:19,3745,13134,8596,640,603,26719,774,621,106,872,673,116,876,690,118,774,621,106,Finisher,700
Tyler,Wellington,Tyler Wellington,482,M30-34,Male,Deltona,US-Florida,United States,US,0:45:31,3:29:09,3:04:11,0:03:28,0:03:16,7:25:35,2731,12549,11051,208,196,26735,775,622,77,359,280,43,637,526,65,775,622,77,Finisher,700
William,Smith,William Smith,532,M30-34,Male,Battle Ground,Wa,United States,US,1:08:20,3:39:23,2:30:49,0:04:02,0:03:22,7:25:57,4100,13163,9049,242,202,26757,776,623,78,926,719,86,874,688,81,776,623,78,Finisher,700
Tova,Wolinsky,Tova Wolinsky,524,F50-54,Female,Richmond,BC,Canada,CA,0:50:32,3:24:39,2:57:08,0:07:00,0:06:45,7:26:03,3032,12279,10628,420,405,26763,777,154,15,567,127,15,670,120,14,777,154,15,Finisher,700
William,Nichols,William Nichols,1021,M50-54,Male,Vacaville,US-CA,Canada,CA,0:41:17,3:52:35,2:42:59,0:04:32,0:04:45,7:26:09,2477,13955,9779,272,285,26769,778,624,34,202,166,8,798,641,38,778,624,34,Finisher,700
Marianne,Baker,Marianne Baker,817,F55-59,Female,Gobles,MI,United States,US,1:03:19,3:26:34,2:40:50,0:08:42,0:06:44,7:26:09,3799,12394,9650,522,404,26769,779,155,16,880,202,21,800,159,16,779,155,16,Finisher,1261
Logan,Mcmichael,Logan Mcmichael,427,M35-39,Male,San Antonio,TX,United States,US,0:49:42,3:27:07,2:58:12,0:05:50,0:05:28,7:26:19,2982,12427,10692,350,328,26779,780,625,90,532,413,56,675,553,76,780,625,90,Finisher,700
Brian,Wrabetz,Brian Wrabetz,768,M50-54,Male,Erie,CO,United States,US,0:50:06,3:06:47,3:18:08,0:07:02,0:04:24,7:26:25,3006,11207,11888,422,264,26785,781,626,35,552,430,24,483,407,23,781,626,35,Finisher,700
Rusty,Ranada,Rusty Ranada,711,M40-44,Male,San jose,CA,Philippines,PH,0:56:56,3:28:00,2:51:33,0:05:57,0:04:29,7:26:54,3416,12480,10293,357,269,26814,782,627,66,757,591,58,742,602,62,782,627,66,Finisher,700
Christopher,LaRue,Christopher LaRue,1051,M40-44,Male,YUBA CITY,US-CA,United States,US,0:52:18,3:45:06,2:37:14,0:04:59,0:07:19,7:26:55,3138,13506,9434,299,439,26815,783,628,67,629,493,43,823,658,70,783,628,67,Finisher,700
Victor,De La Torre ,Victor De La Torre,691,M18-24,Male,Garden Grove,California,United States,US,0:39:59,3:55:57,2:39:36,0:05:25,0:06:12,7:27:09,2399,14157,9576,325,372,26829,784,629,86,164,136,10,818,655,86,784,629,86,Finisher,700
Garrett,Louis,Garrett Louis,1040,M30-34,Male,Chico,California,United States,US,0:51:43,3:25:50,2:52:57,0:09:27,0:07:23,7:27:21,3103,12350,10377,567,443,26841,785,630,79,607,472,64,712,583,69,785,630,79,Finisher,700
Wade,Burlingame,Wade Burlingame,299,M18-24,Male,Tacoma,Washington,United States,US,0:42:25,4:13:00,2:19:54,0:06:13,0:06:03,7:27:35,2545,15180,8394,373,363,26855,786,631,87,235,192,19,911,712,97,786,631,87,Finisher,700
Drew,Gilberti,Drew Gilberti,1078,M35-39,Male,Chico,California,United States,US,1:01:59,3:23:37,2:50:22,0:05:26,0:06:36,7:27:59,3719,12217,10222,326,396,26879,787,632,91,863,668,91,745,605,86,787,632,91,Finisher,700
Karolina,Burke,Karolina Burke,1208,F25-29,Female,Milford,Pennsylvania,United States,US,0:38:49,3:45:38,2:53:22,0:04:51,0:05:22,7:28:02,2329,13538,10402,291,322,26882,788,156,32,128,22,8,732,135,28,788,156,32,Finisher,700
Atun,Cawker,Atun Cawker,1031,M25-29,Male,Redding,CA,United States,US,1:09:26,3:35:04,2:32:45,0:06:13,0:04:42,7:28:10,4166,12904,9165,373,282,26890,789,633,107,932,725,122,870,685,115,789,633,107,Finisher,700
Bryan,Adams,Bryan Adams,501,M30-34,Male,Wahiawa,HI,United States,US,1:00:26,3:50:17,2:26:51,0:05:34,0:05:15,7:28:23,3626,13817,8811,334,315,26903,790,634,80,833,645,78,894,701,84,790,634,80,Finisher,700
Ron,Beilstein,Ron Beilstein,311,M75-79,Male,Portland,OR,United States,US,0:55:30,3:17:03,3:01:31,0:07:34,0:06:49,7:28:26,3330,11823,10891,454,409,26906,791,635,1,721,560,1,651,538,1,791,635,1,Finisher,700
Elizabeth,Ayers,Elizabeth Ayers,568,F60-64,Female,Vancouver,BC,Canada,CA,0:43:34,3:53:34,2:35:50,0:08:09,0:07:21,7:28:27,2614,14014,9350,489,441,26907,792,157,11,287,63,4,838,171,11,792,157,11,Finisher,700
William,Mcpherson,William Mcpherson,672,M65-69,Male,HAMPTON COVE,AL,United States,US,0:50:56,3:30:24,2:48:41,0:07:31,0:10:55,7:28:27,3056,12624,10121,451,655,26907,793,636,12,586,457,7,728,595,11,793,636,12,Finisher,1431
Leilani,Castro,Leilani Castro,700,F45-49,Female,OAKLAND,CA,United States,US,1:03:03,3:27:14,2:47:21,0:04:24,0:06:35,7:28:37,3783,12434,10041,264,395,26917,794,158,14,879,201,17,770,148,13,794,158,14,Finisher,1131
Adam,Nichols,Adam Nichols,642,M25-29,Male,Redding,California,United States,US,0:52:26,4:11:29,2:08:29,0:03:00,0:13:22,7:28:45,3146,15089,7709,180,802,26925,795,637,108,633,495,91,925,724,122,795,637,108,Finisher,700
Ethan,Koopmans,Ethan Koopmans,1265,M30-34,Male,Seattle,WA,South Africa,ZA,0:41:08,3:47:48,2:44:20,0:09:07,0:06:25,7:28:49,2468,13668,9860,547,385,26929,796,638,81,194,160,24,795,639,78,796,638,81,Finisher,700
Karalee,Eriks,Karalee Eriks,1266,F30-34,Female,Seattle,WASHINGTON,United States,US,0:44:50,3:47:55,2:44:20,0:05:31,0:06:20,7:28:55,2690,13675,9860,331,380,26935,797,159,29,332,75,15,796,157,29,797,159,29,Finisher,757
Richia ,Castro-Larsen,Richia Castro-Larsen,1059,F35-39,Female,Fall River Mills,CA,United States,US,0:43:40,3:42:41,2:52:14,0:05:28,0:04:55,7:28:58,2620,13361,10334,328,295,26938,798,160,19,293,65,7,750,142,17,798,160,19,Finisher,700
Jose,Rocha,Jose Rocha,690,M40-44,Male,CHATSWORTH,CA,United States,US,1:09:02,3:16:36,2:48:51,0:06:17,0:08:26,7:29:11,4142,11796,10131,377,506,26951,799,639,68,929,722,78,751,609,63,799,639,68,Finisher,700
Emma,Borders,Emma Borders,579,F40-44,Female,RMV,CA,United States,US,1:04:33,3:32:13,2:39:22,0:06:46,0:06:30,7:29:24,3873,12733,9562,406,390,26964,800,161,15,896,203,19,828,167,15,800,161,15,Finisher,700
Dustin,Harrell,Dustin Harrell,607,M50-54,Male,Chico,CA,United States,US,0:52:37,3:39:47,2:44:54,0:06:36,0:05:40,7:29:34,3157,13187,9894,396,340,26974,801,640,36,639,500,29,806,645,39,801,640,36,Finisher,700
Ronald ,Hafey,Ronald Hafey,498,M45-49,Male,Red Bluff,CA,United States,US,0:51:49,3:34:08,2:51:07,0:04:47,0:07:55,7:29:46,3109,12848,10267,287,475,26986,802,641,62,612,477,45,741,601,58,802,641,62,Finisher,700
John,Mick,John Mick,919,M55-59,Male,Klamath Falls,Oregon,United States,US,0:56:39,3:31:46,2:42:51,0:10:13,0:08:19,7:29:49,3399,12706,9771,613,499,26989,803,642,39,751,585,35,803,642,42,803,642,39,Finisher,700
Brock,Schiller,Brock Schiller,329,M18-24,Male,Spanish Fork,UT,United States,US,0:53:25,3:25:46,2:30:18,0:13:52,0:26:35,7:29:56,3205,12346,9018,832,1595,26996,804,643,88,665,519,78,757,614,75,804,643,88,Finisher,700
Jason,Manners,Jason Manners,284,M35-39,Male,Davis,CA,United States,US,0:45:47,3:33:22,3:02:18,0:04:24,0:04:09,7:30:00,2747,12802,10938,264,249,27000,805,644,92,369,287,41,682,559,79,805,644,92,Finisher,700
Steve,Bannerot,Steve Bannerot,938,M60-64,Male,enumclaw,WA,United States,US,0:42:02,3:37:52,2:49:16,0:13:52,0:07:19,7:30:21,2522,13072,10156,832,439,27021,806,645,26,221,179,5,763,618,31,806,645,26,Finisher,700
Halle,Buffington,Halle Buffington,509,F18-24,Female,Tucson,AZ,United States,US,0:47:45,4:10:44,2:24:10,0:03:05,0:04:40,7:30:23,2865,15044,8650,185,280,27023,807,162,8,448,106,9,910,199,10,807,162,8,Finisher,1930
Jeff,Winterich,Jeff Winterich,464,M55-59,Male,Melbourne,US-FL,United States,US,0:54:21,3:12:37,3:03:46,0:07:44,0:11:57,7:30:25,3261,11557,11026,464,717,27025,808,646,40,697,545,31,600,497,35,808,646,40,Finisher,700
Rotem,Zucker,Rotem Zucker,215,M45-49,Male,Redmond,WA,United States,US,1:00:13,3:19:52,2:54:21,0:09:12,0:06:48,7:30:26,3613,11992,10461,552,408,27026,809,647,63,830,643,58,731,597,57,809,647,63,Finisher,700
Allison,Nail,Allison Nail,848,F18-24,Female,Anderson,California,United States,US,0:48:51,3:53:31,2:37:49,0:05:15,0:05:37,7:31:04,2931,14011,9469,315,337,27064,810,163,9,496,112,10,854,180,9,810,163,9,Finisher,1918
Heather,Carter,Heather Carter,758,F50-54,Female,LAS VEGAS,NV,United States,US,0:48:17,3:26:24,3:03:19,0:06:52,0:06:15,7:31:07,2897,12384,10999,412,375,27067,811,164,16,470,108,13,665,118,13,811,164,16,Finisher,1133
Whitney,Lincoln,Whitney Lincoln,277,F25-29,Female,Oakland,California,United States,US,0:56:04,3:51:34,2:30:33,0:05:43,0:07:25,7:31:19,3364,13894,9033,343,445,27079,812,165,33,738,164,33,882,189,34,812,165,33,Finisher,700
Leslie,Burgess,Leslie Burgess,566,F60-64,Female,Richmond ,BC,Canada,CA,0:42:48,3:53:34,2:38:54,0:08:54,0:07:21,7:31:31,2568,14014,9534,534,441,27091,813,166,12,246,46,3,839,172,12,813,166,12,Finisher,700
Jessica,Duke,Jessica Duke,301,F40-44,Female,Redding,CA,United States,US,1:01:28,3:30:32,2:43:41,0:06:32,0:09:27,7:31:41,3688,12632,9821,392,567,27101,814,167,16,853,192,17,799,158,14,814,167,16,Finisher,844
Thomas,Bey,Thomas Bey,801,M60-64,Male,Ashland,OR,United States,US,0:52:55,3:22:35,2:56:01,0:10:17,0:10:02,7:31:50,3175,12155,10561,617,602,27110,815,648,27,652,509,17,698,571,23,815,648,27,Finisher,700
Rene,Velasquez,Rene Velasquez,813,M25-29,Male,san marcos,Texas ,United States,US,0:49:25,3:40:25,2:54:29,0:04:00,0:04:05,7:32:24,2965,13225,10469,240,245,27144,816,649,109,516,401,77,764,619,104,816,649,109,Finisher,700
Pattie,Wallner,Pattie Wallner,415,F65-69,Female,Lincoln,CA,United States,US,0:53:18,3:31:03,2:54:17,0:06:19,0:07:34,7:32:31,3198,12663,10457,379,454,27151,817,168,2,661,146,3,740,140,2,817,168,2,Finisher,3190
Vera,Burakouskaya,Vera Burakouskaya,584,F35-39,Female,PLAYA VISTA,CA,United States,US,1:04:58,3:25:21,2:51:51,0:04:39,0:06:06,7:32:55,3898,12321,10311,279,366,27175,818,169,20,900,204,22,773,149,18,818,169,20,Finisher,700
Gyre,Renwick,Gyre Renwick,964,M45-49,Male,PLEASANTON,CA,United States,US,1:06:34,3:48:52,2:18:09,0:10:03,0:10:07,7:33:44,3994,13732,8289,603,607,27224,819,650,64,914,708,72,922,722,72,819,650,64,Finisher,700
Jace,Darcangelo,Jace Darcangelo,685,M35-39,Male,Redding,California,United States,US,1:01:23,3:16:27,2:57:31,0:08:13,0:10:18,7:33:51,3683,11787,10651,493,618,27231,820,651,93,848,657,90,703,576,81,820,651,93,Finisher,700
Canaan,Teska,Canaan Teska,1201,M18-24,Male,Vacaville,California,United States,US,0:47:54,3:40:28,2:48:43,0:08:18,0:08:45,7:34:08,2874,13228,10123,498,525,27248,821,652,89,457,351,50,785,634,81,821,652,89,Finisher,700
Luke,Cohen,Luke Cohen,1281,M25-29,Male,San Francisco,California,United States,US,0:53:55,3:50:51,2:38:44,0:06:30,0:04:25,7:34:24,3235,13851,9524,390,265,27264,822,653,110,686,535,96,873,687,117,822,653,110,Finisher,700
Zie,Baron,Zie Baron,1092,M35-39,Male,Roseville,California,United States,US,1:07:18,3:31:03,2:44:37,0:05:50,0:05:54,7:34:43,4038,12663,9877,350,354,27283,823,654,94,919,713,96,834,664,93,823,654,94,Finisher,700
Mathieu,Perkins,Mathieu Perkins,903,M18-24,Male,Tucson,Arizona,United States,US,0:51:33,3:23:40,3:05:23,0:04:15,0:09:54,7:34:44,3093,12220,11123,255,594,27284,824,655,90,603,468,71,647,535,63,824,655,90,Finisher,700
Dave,Heater,Dave Heater,1134,M60-64,Male,San Francisco,WA,United States,US,1:07:43,3:43:22,2:32:05,0:06:09,0:05:36,7:34:55,4063,13402,9125,369,336,27295,825,656,28,924,717,32,897,703,32,825,656,28,Finisher,865
Ruslan,Hanenko,Ruslan Hanenko,1017,M30-34,Male,Boiling Springs,SC,Ukraine,UA,1:06:46,3:50:28,2:28:13,0:05:44,0:04:14,7:35:25,4006,13828,8893,344,254,27325,826,657,82,915,709,85,914,714,85,826,657,82,Finisher,700
Jeremy,Sears,Jeremy Sears,1061,M40-44,Male,SANDPOINT,ID,United States,US,0:50:00,2:54:39,3:34:30,0:07:44,0:09:16,7:36:07,3000,10479,12870,464,556,27367,827,658,69,547,426,37,358,312,33,827,658,69,Finisher,700
Brady,Smith,Brady Smith,1205,M25-29,Male,Modesto,California,United States,US,0:57:32,3:37:02,2:49:08,0:06:37,0:06:03,7:36:20,3452,13022,10148,397,363,27380,828,659,111,780,608,106,816,653,107,828,659,111,Finisher,700
Chelsea,Martinez,Chelsea Martinez,213,F50-54,Female,Redding,California,United States,US,0:49:57,3:52:27,2:41:22,0:05:08,0:07:41,7:36:35,2997,13947,9682,308,461,27395,829,170,17,542,120,14,853,179,17,829,170,17,Finisher,700
Dean,Thomas,Dean Thomas,216,M18-24,Male,Houston,Texas,United States,US,0:44:40,4:06:42,2:35:16,0:04:28,0:05:33,7:36:40,2680,14802,9316,268,333,27400,830,660,91,323,250,32,892,699,95,830,660,91,Finisher,700
Kolbe,Flood,Kolbe Flood,1184,M25-29,Male,Willington,Connecticut,United States,US,0:58:37,3:35:05,2:52:11,0:05:17,0:05:36,7:36:47,3517,12905,10331,317,336,27407,831,661,112,802,624,110,805,644,106,831,661,112,Finisher,700
Barbara,Grooms,Barbara Grooms,130,F50-54,Female,Gainesville,FL,United States,US,0:46:17,3:38:39,2:56:17,0:07:12,0:08:46,7:37:11,2777,13119,10577,432,526,27431,832,171,18,389,90,9,752,143,16,832,171,18,Finisher,1024
Joseph,Hedayattzadeh,Joseph Hedayattzadeh,409,M45-49,Male,Palo Cedro,CA,United States,US,1:06:25,3:26:56,2:50:23,0:05:34,0:07:56,7:37:14,3985,12416,10223,334,476,27434,833,662,65,913,707,71,804,643,64,833,662,65,Finisher,700
Janea,Schuler,Janea Schuler,840,F30-34,Female,Redding,California,United States,US,0:51:26,3:47:52,2:44:08,0:03:45,0:10:07,7:37:18,3086,13672,9848,225,607,27438,834,172,30,599,133,28,826,166,30,834,172,30,Finisher,700
Kimberley,Walker,Kimberley Walker,525,F55-59,Female,Oakville,ON,Canada,CA,1:02:08,3:34:28,2:45:23,0:08:53,0:06:59,7:37:51,3728,12868,9923,533,419,27471,835,173,17,866,198,19,840,173,18,835,173,17,Finisher,700
Peter,Monev,Peter Monev,385,M18-24,Male,Los Angeles,CA,United States,US,0:51:56,3:25:40,3:08:49,0:06:11,0:05:32,7:38:08,3116,12340,11329,371,332,27488,836,663,92,621,486,73,683,560,70,836,663,92,Finisher,700
Nathan,Baxley,Nathan Baxley,386,M45-49,Male,Ferndale,CA,United States,US,0:41:05,3:46:33,2:55:10,0:07:38,0:08:14,7:38:40,2465,13593,10510,458,494,27520,837,664,66,192,158,13,774,625,61,837,664,66,Finisher,700
Maison,Nunes,Maison Nunes,1264,M18-24,Male,Morgan Hill,California,United States,US,0:56:45,3:35:34,2:55:40,0:04:44,0:06:14,7:38:56,3405,12934,10540,284,374,27536,838,665,93,754,588,84,788,635,82,838,665,93,Finisher,700
Tim,Wells,Tim Wells,486,M70-74,Male,ALTA,WY,United States,US,0:58:46,3:26:57,2:59:19,0:06:30,0:07:33,7:39:04,3526,12417,10759,390,453,27544,839,666,5,806,626,6,753,610,5,839,666,5,Finisher,700
Keil,Brendel,Keil Brendel,870,M35-39,Male,Seal beach,CA,United States,US,0:39:44,3:28:09,3:14:08,0:08:13,0:09:28,7:39:43,2384,12489,11648,493,568,27583,840,667,95,154,127,17,619,512,72,840,667,95,Finisher,700
Micah,Perrault,Micah Perrault,377,M25-29,Male,Los Angeles,CA,United States,US,0:51:55,3:27:56,3:08:12,0:07:05,0:04:54,7:40:02,3115,12476,11292,425,294,27602,841,668,113,620,485,87,710,581,101,841,668,113,Finisher,700
Alessandro,Macias,Alessandro Macias,615,M25-29,Male,Eastvale,CA,United States,US,1:05:12,3:35:36,2:49:39,0:05:42,0:04:35,7:40:44,3912,12936,10179,342,275,27644,842,669,114,901,697,119,845,670,109,842,669,114,Finisher,700
Daniel,Pimentel,Daniel Pimentel,656,M25-29,Male,Suisun,CA,United States,US,1:01:32,3:41:41,2:46:26,0:06:06,0:05:00,7:40:45,3692,13301,9986,366,300,27645,843,670,115,854,662,115,863,681,112,843,670,115,Finisher,700
shane,radin,shane radin,123,M18-24,Male,northridge,California,United States,US,1:04:52,3:39:52,2:42:50,0:07:54,0:05:37,7:41:04,3892,13192,9770,474,337,27664,844,671,94,899,696,97,878,692,93,844,671,94,Finisher,700
Rocco,Marinucci,Rocco Marinucci,1015,M18-24,Male,Rocklin,California,United States,US,0:46:43,3:48:53,2:56:27,0:04:03,0:05:09,7:41:15,2803,13733,10587,243,309,27675,845,672,95,406,311,46,811,649,84,845,672,95,Finisher,700
Glen,Stevens,Glen Stevens,355,M60-64,Male,Las Vegas,NV,United States,US,0:49:57,3:23:41,3:05:23,0:12:14,0:10:03,7:41:18,2997,12221,11123,734,603,27678,846,673,29,545,425,15,700,573,24,846,673,29,Finisher,700
Leo Matthew,Duggan IV,Leo Matthew Duggan IV,1257,M18-24,Male,Long Beach,California,United States,US,0:45:41,3:44:53,3:01:25,0:04:22,0:05:16,7:41:38,2741,13493,10885,262,316,27698,847,674,96,368,286,40,772,624,77,847,674,96,Finisher,700
Alexander,To,Alexander To,403,M25-29,Male,Chino Hills,California,United States,US,0:48:27,3:53:25,2:44:17,0:08:45,0:06:50,7:41:44,2907,14005,9857,525,410,27704,848,675,116,480,371,71,869,684,114,848,675,116,Finisher,700
Josephine,Avery,Josephine Avery,402,M30-34,Female,SCOTTSDALE,AZ,United States,US,1:04:27,3:43:41,2:41:14,0:05:26,0:07:26,7:42:14,3867,13421,9674,326,446,27734,849,676,83,893,691,83,885,695,83,849,676,83,Finisher,700
Alfredo,Martin,Alfredo Martin,1079,M30-34,Male,Seattle,Washington,United States,US,0:55:45,3:34:33,2:59:25,0:04:59,0:07:33,7:42:15,3345,12873,10765,299,453,27735,850,677,84,728,566,74,775,626,76,850,677,84,Finisher,700
Doug,Christ,Doug Christ,479,M45-49,Male,Palo Cedro ,CALIFORNIA,United States,US,0:44:32,3:47:23,3:02:53,0:03:25,0:04:46,7:42:59,2672,13643,10973,205,286,27779,851,678,67,319,247,19,776,627,62,851,678,67,Finisher,700
Holly,Wishard,Holly Wishard,982,F45-49,Female,Redding,CA,United States,US,0:51:31,3:48:51,2:54:50,0:05:16,0:02:46,7:43:14,3091,13731,10490,316,166,27794,852,174,15,602,135,12,841,174,17,852,174,15,Finisher,868
Ning,Tang,Ning Tang,1249,F35-39,Female,Bend,OR,United States,US,0:59:45,3:38:57,2:54:20,0:05:13,0:05:50,7:44:06,3585,13137,10460,313,350,27846,853,175,21,821,185,19,830,169,19,853,175,21,Finisher,700
Chris,Thomas,Chris Thomas,460,M60-64,Male,GRAND JCT,CO,United States,US,0:53:12,3:16:59,3:21:06,0:05:01,0:07:53,7:44:10,3192,11819,12066,301,473,27850,854,679,30,658,514,18,605,502,18,854,679,30,Finisher,700
Matthew,Buckalew,Matthew Buckalew,1168,M25-29,Male,Birmingham,Alabama,United States,US,0:55:33,3:56:42,2:42:46,0:05:36,0:03:35,7:44:13,3333,14202,9766,336,215,27853,855,680,117,722,561,100,898,704,120,855,680,117,Finisher,700
Holly,Deschenes,Holly Deschenes,837,F45-49,Female,Oregon,WI,United States,US,1:05:48,3:25:50,3:00:40,0:05:12,0:07:06,7:44:36,3948,12350,10840,312,426,27876,856,176,16,908,205,18,787,153,14,856,176,16,Finisher,843
Rebecca,Chapman,Rebecca Chapman,932,F55-59,Female,Fortuna,CA,United States,US,0:53:36,3:41:42,2:59:51,0:04:54,0:04:37,7:44:41,3216,13302,10791,294,277,27881,857,177,18,675,150,11,813,163,17,857,177,18,Finisher,928
Michael,Milford,Michael Milford,150,M70-74,Male,RCH CUCAMONGA,CA,United States,US,0:57:23,3:45:37,2:52:22,0:05:35,0:03:51,7:44:48,3443,13537,10342,335,231,27888,858,681,6,775,606,5,859,679,6,858,681,6,Finisher,1563
Stephen,Louis,Stephen Louis,1041,M65-69,Male,ANTIOCH,CA,United States,US,0:40:54,3:43:07,3:04:00,0:10:28,0:07:18,7:45:47,2454,13387,11040,628,438,27947,859,682,13,187,154,2,767,622,13,859,682,13,Finisher,700
Leobardo,Espinoza,Leobardo Espinoza,857,M18-24,Male,Gerber,California,Mexico,MX,1:03:47,3:47:46,2:44:34,0:04:46,0:05:23,7:46:15,3827,13666,9874,286,323,27975,860,683,97,886,684,94,895,702,96,860,683,97,Finisher,700
Sharon,Mcnary,Sharon Mcnary,426,F65-69,Female,PASADENA,CA,United States,US,0:54:23,3:40:32,2:56:15,0:09:14,0:06:34,7:46:59,3263,13232,10575,554,394,28019,861,178,3,698,153,4,833,170,4,861,178,3,Finisher,2929
Leo,Reyes,Leo Reyes,137,M40-44,Male,Hayward,US-CA,Philippines,PH,1:02:22,3:29:49,3:00:00,0:08:20,0:06:44,7:47:14,3742,12589,10800,500,404,28034,862,684,70,870,671,69,814,651,69,862,684,70,Finisher,700
James,Anderson,James Anderson,893,M65-69,Male,Corona,CA,United States,US,0:55:57,3:50:13,2:47:43,0:07:20,0:06:04,7:47:17,3357,13813,10063,440,364,28037,863,685,14,733,570,13,883,694,16,863,685,14,Finisher,1092
Hayley,Helton,Hayley Helton,661,F30-34,Female,San Diego,CA,United States,US,0:55:39,3:46:04,2:56:19,0:05:49,0:04:10,7:48:02,3339,13564,10579,349,250,28082,864,179,31,726,162,32,852,178,32,864,179,31,Finisher,700
Matthew,Heidel,Matthew Heidel,946,M40-44,Male,Monterey,CA,United States,US,1:00:10,3:30:49,2:57:39,0:11:26,0:07:58,7:48:02,3610,12649,10659,686,478,28082,865,686,71,829,642,67,824,659,71,865,686,71,Finisher,700
Austin,Chen,Austin Chen,1049,M30-34,Male,San Francisco,California,United States,US,0:42:53,4:08:59,2:35:12,0:11:41,0:09:47,7:48:32,2573,14939,9312,701,587,28112,866,687,85,251,203,32,917,717,86,866,687,85,Finisher,700
Jay,Templeton,Jay Templeton,904,M60-64,Male,ROCKLIN,CA,United States,US,0:48:19,3:25:33,3:24:07,0:05:43,0:04:57,7:48:39,2899,12333,12247,343,297,28119,867,688,31,472,364,11,648,536,19,867,688,31,Finisher,700
James,Epishin,James Epishin,1001,M25-29,Male,Sacramento,CA,United States,US,0:48:06,3:40:50,2:49:54,0:13:44,0:16:50,7:49:24,2886,13250,10194,824,1010,28164,868,689,118,463,356,66,825,660,108,868,689,118,Finisher,700
Ricardo,Palafox,Ricardo Palafox,930,M35-39,Male,Guadalajara,Jalisco,Mexico,MX,0:57:03,3:45:03,2:54:41,0:05:53,0:06:59,7:49:38,3423,13503,10481,353,419,28178,869,690,96,765,596,78,856,676,95,869,690,96,Finisher,700
Francois,Lariviere,Francois Lariviere,320,M65-69,Male,SAN FRANCISCO,CA,United States,US,1:02:27,3:34:48,2:53:43,0:08:56,0:09:48,7:49:42,3747,12888,10423,536,588,28182,870,691,15,874,675,16,844,669,14,870,691,15,Finisher,1049
Justin,Renaudin,Justin Renaudin,1278,M45-49,Male,Tiburon,CA,United States,US,0:48:41,3:58:16,2:52:38,0:05:00,0:05:49,7:50:24,2921,14296,10358,300,349,28224,871,692,68,490,380,32,875,689,67,871,692,68,Finisher,700
John,Waters,John Waters,442,M50-54,Male,Fresno,California,United States,US,0:59:15,3:45:19,2:51:59,0:05:10,0:10:33,7:52:16,3555,13519,10319,310,633,28336,872,693,37,816,633,38,868,683,40,872,693,37,Finisher,700
Dave,Markert,Dave Markert,248,M35-39,Male,Snellville,GA,United States,US,1:09:39,3:41:09,2:44:24,0:09:13,0:08:44,7:53:09,4179,13269,9864,553,524,28389,873,694,97,934,727,99,905,708,97,873,694,97,Finisher,700
Ovanes,Arakelyan,Ovanes Arakelyan,1174,M40-44,Male,Northridge,California,United States,US,1:01:25,3:26:40,3:10:54,0:07:48,0:06:28,7:53:15,3685,12400,11454,468,388,28395,874,695,72,851,660,68,779,629,65,874,695,72,Finisher,700
Will,Dunford,Will Dunford,247,M35-39,Male,Kirkland,Washington,United States,US,1:09:21,3:41:09,2:44:47,0:09:23,0:08:42,7:53:21,4161,13269,9887,563,522,28401,875,696,98,931,724,98,903,706,96,875,696,98,Finisher,700
Christine,Ramirez,Christine Ramirez,759,F55-59,Female,Hesperia,CA,United States,US,0:58:44,3:52:18,2:42:54,0:08:48,0:10:56,7:53:41,3524,13938,9774,528,656,28421,876,180,19,805,180,17,902,197,21,876,180,19,Finisher,766
Crissy,Ray,Crissy Ray,732,F35-39,Female,Georgetown,TX,United States,US,0:58:55,3:58:51,2:46:06,0:04:16,0:05:48,7:53:56,3535,14331,9966,256,348,28436,877,181,22,810,182,17,913,200,22,877,181,22,Finisher,700
Malise,Hurte,Malise Hurte,616,F30-34,Female,Cottonwood,CA,United States,US,0:55:03,3:44:52,3:05:29,0:03:40,0:05:00,7:54:04,3303,13492,11129,220,300,28444,878,182,32,715,160,31,829,168,31,878,182,32,Finisher,700
Jeremy,Kight,Jeremy Kight,1156,M30-34,Male,Henderson,US-NV,United States,US,0:46:26,3:55:53,2:56:39,0:10:18,0:05:11,7:54:27,2786,14153,10599,618,311,28467,879,697,86,392,302,44,877,691,82,879,697,86,Finisher,700
Nathan,Grassman,Nathan Grassman,376,M40-44,Male,Sunnyvale,CA,United States,US,1:04:14,3:21:23,3:00:57,0:13:56,0:14:18,7:54:48,3854,12083,10857,836,858,28488,880,698,73,892,690,73,810,648,68,880,698,73,Finisher,700
Melody,Roset,Melody Roset,342,F60-64,Female,Westchester,CA,United States,US,0:57:48,3:57:22,2:47:52,0:04:59,0:06:59,7:55:00,3468,14242,10072,299,419,28500,881,183,13,791,175,9,906,198,13,881,183,13,Finisher,930
Jeremy,Santos,Jeremy Santos,657,M40-44,Male,Suisun City,CA,United States,US,1:07:03,3:49:34,2:47:36,0:06:22,0:05:27,7:56:03,4023,13774,10056,382,327,28563,882,699,74,917,711,75,915,715,78,882,699,74,Finisher,700
Jessica,Taylor,Jessica Taylor,635,F40-44,Female,Redding,CA,United States,US,0:52:41,3:51:21,2:58:56,0:04:55,0:09:01,7:56:54,3161,13881,10736,295,541,28614,883,184,17,641,140,11,861,182,16,883,184,17,Finisher,700
Michael,Bower,Michael Bower,307,M50-54,Male,GEORGETOWN,TX,United States,US,1:09:34,3:42:54,2:49:17,0:08:23,0:06:58,7:57:07,4174,13374,10157,503,418,28627,884,700,38,933,726,41,909,711,41,884,700,38,Finisher,700
Aaron,Miller,Aaron Miller,1210,M50-54,Male,FAIR OAKS,California,United States,US,0:46:54,3:34:01,3:20:49,0:06:50,0:08:46,7:57:21,2814,12841,12049,410,526,28641,885,701,39,412,316,14,718,589,37,885,701,39,Finisher,700
Sara,Clark,Sara Clark,112,F45-49,Female,Shasta Lake,CA,United States,US,0:57:28,3:47:39,2:59:05,0:08:08,0:06:07,7:58:27,3448,13659,10745,488,367,28707,886,185,17,778,172,16,881,188,18,886,185,17,Finisher,700
Jorge,Alba,Jorge Alba,332,M25-29,Male,pittsburg,CA,United States,US,1:01:24,3:45:00,2:58:48,0:08:17,0:05:35,7:59:04,3684,13500,10728,497,335,28744,887,702,119,849,658,114,889,697,119,887,702,119,Finisher,700
Tamara,Yoshida,Tamara Yoshida,596,F50-54,Female,Redding,CA,United States,US,0:56:56,3:57:11,2:54:01,0:04:25,0:06:35,7:59:08,3416,14231,10441,265,395,28748,888,186,19,758,167,18,899,195,21,888,186,19,Finisher,700
Matt,Sidener,Matt Sidener,600,M60-64,Male,Palo Cedro,CA,United States,US,0:48:22,3:34:55,3:20:23,0:05:02,0:10:36,7:59:18,2902,12895,12023,302,636,28758,889,703,32,477,368,12,721,591,28,889,703,32,Finisher,700
Connor,Kim,Connor Kim,1069,M18-24,Male,Fullerton,CA,United States,US,0:56:59,3:47:08,3:05:46,0:04:28,0:05:11,7:59:31,3419,13628,11146,268,311,28771,890,704,98,761,593,85,858,678,92,890,704,98,Finisher,700
Nicolas,Villa,Nicolas Villa,592,M45-49,Male,Indio,CA,United States,US,0:54:02,3:43:44,3:08:00,0:06:18,0:07:45,7:59:49,3242,13424,11280,378,465,28789,891,705,69,690,538,48,832,663,66,891,705,69,Finisher,700
Polina,Tsurikova,Polina Tsurikova,871,F25-29,Female,Framingham,Massachusetts,United States,US,1:01:03,3:45:36,3:01:11,0:06:53,0:06:01,8:00:44,3663,13536,10871,413,361,28844,892,187,34,843,190,38,884,190,35,892,187,34,Finisher,700
Eduardo,Barajas,Eduardo Barajas,845,M45-49,Male,Long Beach,CA,Mexico,MX,1:01:25,3:47:43,2:53:58,0:11:11,0:07:20,8:01:37,3685,13663,10438,671,440,28897,893,706,70,850,659,62,907,709,69,893,706,70,Finisher,700
Sandy,Larsen,Sandy Larsen,970,F65-69,Female,Las Vegas,US-NV,United States,US,1:01:12,3:38:32,3:07:25,0:07:24,0:07:10,8:01:44,3672,13112,11245,444,430,28904,894,188,4,845,191,5,848,176,5,894,188,4,Finisher,2664
Arturo,Martinez,Arturo Martinez,828,M55-59,Male,Long Beach,CA,United States,US,0:56:41,3:51:45,2:54:10,0:10:36,0:08:40,8:01:51,3401,13905,10450,636,520,28911,895,707,41,753,587,36,900,705,43,895,707,41,Finisher,700
Marco,Gomez Navarro,Marco Gomez Navarro,1007,M18-24,Male,Suisun City,CA,United States,US,1:06:17,3:51:14,2:52:09,0:05:59,0:07:11,8:02:50,3977,13874,10329,359,431,28970,896,708,99,910,705,99,916,716,98,896,708,99,Finisher,700
James,Goodnight,James Goodnight,424,M50-54,Male,Anaheim,CA,United States,US,0:56:04,3:19:19,3:33:27,0:04:53,0:10:10,8:03:53,3364,11959,12807,293,610,29033,897,709,40,739,575,34,654,541,34,897,709,40,Finisher,700
Malinda,Sweat,Malinda Sweat,846,F55-59,Female,TAYLORSVILLE,UT,United States,US,1:02:18,3:38:13,3:12:04,0:05:28,0:06:19,8:04:23,3738,13093,11524,328,379,29063,898,189,20,868,199,20,843,175,19,898,189,20,Finisher,700
Ketki,Joshi,Ketki Joshi,1012,F25-29,Female,Hayward,California,India,IN,0:56:57,3:50:27,3:04:48,0:06:31,0:06:11,8:04:54,3417,13827,11088,391,371,29094,899,190,35,759,168,34,886,191,36,899,190,35,Finisher,700
Alejandro ,Iglesias,Alejandro Iglesias,334,M40-44,Male,CONCORD,California,United States,US,0:58:22,3:42:53,3:06:19,0:05:51,0:11:59,8:05:23,3502,13373,11179,351,719,29123,900,710,75,799,622,65,847,672,72,900,710,75,Finisher,700
Ian,Brooks,Ian Brooks,740,M40-44,Male,Grants Pass,OR,United States,US,0:52:56,3:50:31,3:05:34,0:10:49,0:05:50,8:05:41,3176,13831,11134,649,350,29141,901,711,76,653,510,46,888,696,75,901,711,76,Finisher,700
Maddison,Sundermier,Maddison Sundermier,1240,F18-24,Female,Folsom,California,United States,US,0:46:38,3:49:55,3:17:44,0:05:00,0:06:55,8:06:12,2798,13795,11864,300,415,29172,902,191,10,402,94,7,820,165,8,902,191,10,Finisher,1286
Rene,Rodriguez,Rene Rodriguez,1101,M45-49,Male,HAYWARD,CA,Mexico,MX,1:01:28,3:58:36,2:51:05,0:05:24,0:09:45,8:06:17,3688,14316,10265,324,585,29177,903,712,71,852,661,63,921,721,71,903,712,71,Finisher,700
Luis,Araiza,Luis Araiza,381,M25-29,Male,Castro Valley,California,United States,US,0:52:13,4:07:50,2:54:16,0:06:44,0:05:30,8:06:32,3133,14870,10456,404,330,29192,904,713,120,625,490,90,924,723,121,904,713,120,Finisher,700
Saumya,Jain,Saumya Jain,393,F18-24,Female,San Francisco,California,United States,US,0:56:17,4:09:17,2:47:36,0:06:48,0:07:09,8:07:07,3377,14957,10056,408,429,29227,905,192,11,747,166,12,930,204,12,905,192,11,Finisher,700
Lucas,Guerra,Lucas Guerra,830,M40-44,Male,Shasta Lake,US-CA,Brazil,BR,0:59:13,3:44:12,3:12:04,0:05:53,0:06:19,8:07:41,3553,13452,11524,353,379,29261,906,714,77,815,632,66,862,680,74,906,714,77,Finisher,700
Brenda,Bettencourt,Brenda Bettencourt,452,F65-69,Female,Kailua-kona,US-HI,United States,US,0:48:48,3:46:30,3:17:54,0:06:09,0:09:35,8:08:55,2928,13590,11874,369,575,29335,907,193,5,494,111,1,819,164,3,907,193,5,Finisher,2534
Douglas,Miller,Douglas Miller,507,M45-49,Male,San Jose,California,United States,US,0:56:40,,2:55:55,0:00:00,0:09:07,8:09:01,3400,0,10555,0,547,29341,908,715,72,752,586,54,919,719,70,908,715,72,Finisher,700
AJ,McClennen,AJ McClennen,557,M18-24,Male,Redding,CA,United States,US,1:01:49,3:59:43,2:56:08,0:07:04,0:04:56,8:09:39,3709,14383,10568,424,296,29379,909,716,100,859,665,91,927,725,100,909,716,100,Finisher,700
Leah,Flannery,Leah Flannery,1107,F30-34,Female,Oakland,CA,United States,US,0:41:13,4:23:59,2:54:50,0:06:00,0:03:47,8:09:48,2473,15839,10490,360,227,29388,910,194,33,196,35,7,929,203,34,910,194,33,Finisher,700
John,Scala,John Scala,890,M40-44,Male,Redding,CA,United States,US,0:56:55,3:54:22,3:03:21,0:10:34,0:04:51,8:10:03,3415,14062,11001,634,291,29403,911,717,78,756,590,57,912,713,77,911,717,78,Finisher,700
Guy,de Bruyn,Guy de Bruyn,771,M55-59,Male,Foster City,CA,United States,US,1:04:01,3:51:20,3:01:41,0:08:23,0:04:54,8:10:18,3841,13880,10901,503,294,29418,912,718,42,890,688,42,918,718,44,912,718,42,Finisher,700
Jeannine,Araiza,Jeannine Araiza,1132,F55-59,Female,BENICIA,CA,United States,US,0:58:16,4:13:15,2:45:15,0:08:12,0:05:20,8:10:19,3496,15195,9915,492,320,29419,913,195,21,798,177,16,934,207,22,913,195,21,Finisher,700
Adel,Muursepp,Adel Muursepp,1262,F25-29,Female,Toronto,Ontario,Estonia,EE,0:54:34,4:08:10,2:59:49,0:04:22,0:03:29,8:10:24,3274,14890,10789,262,209,29424,914,196,36,702,155,30,926,202,38,914,196,36,Finisher,700
Claire,Pfeiffer,Claire Pfeiffer,854,F30-34,Female,San Jose,CA,United States,US,0:42:01,4:10:55,3:07:40,0:04:06,0:06:06,8:10:47,2521,15055,11260,246,366,29447,915,197,34,220,42,9,896,194,33,915,197,34,Finisher,700
Zentaro,Ohashi,Zentaro Ohashi,786,M60-64,Male,NOVATO,CA,United States,US,1:03:22,3:46:37,3:01:30,0:09:56,0:10:16,8:11:41,3802,13597,10890,596,616,29501,916,719,33,882,680,30,904,707,33,916,719,33,Finisher,700
John,Shepherd,John Shepherd,519,M55-59,Male,CHICO,CA,United States,US,0:57:40,3:26:07,3:27:08,0:14:32,0:07:01,8:12:28,3460,12367,12428,872,421,29548,917,720,43,786,613,39,797,640,41,917,720,43,Finisher,700
Larry,Durham,Larry Durham,913,M55-59,Male,Modesto,CA,United States,US,0:52:13,3:29:57,3:42:27,0:03:26,0:07:28,8:15:32,3133,12597,13347,206,448,29732,918,721,44,626,491,28,697,570,39,918,721,44,Finisher,700
Timothy,Woolery,Timothy Woolery,496,M50-54,Male,Artesia,CA,United States,US,0:57:39,3:18:27,3:42:06,0:10:53,0:07:35,8:16:40,3459,11907,13326,653,455,29800,919,722,41,784,611,37,711,582,36,919,722,41,Finisher,700
Sathvik,Ramireddy,Sathvik Ramireddy,333,M25-29,Male,Elk Grove,California,United States,US,0:52:06,3:51:30,3:21:44,0:07:11,0:04:15,8:16:46,3126,13890,12104,431,255,29806,920,723,121,622,487,88,871,686,116,920,723,121,Finisher,700
NATHANIEL,TRAN,NATHANIEL TRAN,404,M25-29,Male,Diamond Bar,California,United States,US,1:03:22,3:37:34,3:22:55,0:06:21,0:07:01,8:17:14,3802,13054,12175,381,421,29834,921,724,122,881,679,117,850,674,110,921,724,122,Finisher,700
Edgar,Cuadros,Edgar Cuadros,597,M18-24,Male,Sacramento,CA,Mexico,MX,1:05:47,4:08:26,2:56:11,0:04:27,0:02:35,8:17:26,3947,14906,10571,267,155,29846,922,725,101,907,703,98,932,727,101,922,725,101,Finisher,700
Naomi,Harri,Naomi Harri,776,F55-59,Female,Redding,CA,United States,US,0:59:53,3:49:16,3:18:21,0:06:32,0:05:23,8:19:24,3593,13756,11901,392,323,29964,923,198,22,822,186,18,891,193,20,923,198,22,Finisher,700
Angela,Brainard,Angela Brainard,1087,F50-54,Female,Burleson,TX,United States,US,1:00:23,3:45:16,3:21:52,0:05:22,0:08:46,8:21:39,3623,13516,12112,322,526,30099,924,199,20,832,188,20,872,186,19,924,199,20,Finisher,700
Tamara,Radevic,Tamara Radevic,517,F40-44,Female,San Jose,California,United States,US,0:41:17,4:21:50,2:55:56,0:15:56,0:06:43,8:21:42,2477,15710,10556,956,403,30102,925,200,18,201,36,5,933,206,20,925,200,18,Finisher,700
Marlyn,RADEVIC,Marlyn RADEVIC,1088,F40-44,Female,Carmichael,US-CA,United States,US,0:50:14,4:18:57,2:55:56,0:07:04,0:09:32,8:21:42,3014,15537,10556,424,572,30102,926,201,19,559,124,10,931,205,19,926,201,19,Finisher,700
Brielle,Thomas,Brielle Thomas,462,F25-29,Female,Grand Junction,CO,United States,US,0:43:30,3:50:42,3:41:26,0:04:26,0:05:26,8:25:30,2610,13842,13286,266,326,30330,927,202,37,285,62,15,802,161,32,927,202,37,Finisher,700
Sidney,Pompa,Sidney Pompa,892,F25-29,Female,Yuma,Arizona,United States,US,0:59:53,3:48:16,3:23:24,0:06:06,0:08:01,8:25:39,3593,13696,12204,366,481,30339,928,203,38,823,187,37,887,192,37,928,203,38,Finisher,700
Lauren,Davis,Lauren Davis,816,F18-24,Female,Redding,California,United States,US,0:43:49,4:17:26,3:12:01,0:05:07,0:08:35,8:26:58,2629,15446,11521,307,515,30418,929,204,12,299,67,4,923,201,11,929,204,12,Finisher,912
John,Hutchinson,John Hutchinson,537,M65-69,Male,Pleasant Hill,CA,United States,US,0:49:34,3:49:49,3:33:55,0:07:16,0:06:33,8:27:08,2974,13789,12835,436,393,30428,930,726,16,526,410,6,846,671,15,930,726,16,Finisher,700
Kelly,Riddell,Kelly Riddell,788,F45-49,Female,Parker,CO,United States,US,0:52:16,3:37:27,3:46:57,0:04:52,0:05:58,8:27:29,3136,13047,13617,292,358,30449,931,205,18,628,136,13,769,147,12,931,205,18,Finisher,700
Sebastian,Carrizosa,Sebastian Carrizosa,351,M35-39,Male,RICHMOND,CA,United States Minor Outlying Islands,UM,0:53:42,3:57:47,3:19:33,0:08:59,0:07:28,8:27:30,3222,14267,11973,539,448,30450,932,727,99,679,528,71,908,710,98,932,727,99,Finisher,700
Dana,Joyce,Dana Joyce,1192,F50-54,Female,Ventura,CA,United States,US,0:58:23,4:14:33,3:01:01,0:09:20,0:05:07,8:28:24,3503,15273,10861,560,307,30504,933,206,21,800,178,19,935,208,22,933,206,21,Finisher,700
Tommye,Lane,Tommye Lane,449,F50-54,Female,Kailua Kona,US-HI,United States,US,1:06:18,3:37:06,3:32:43,0:05:59,0:06:21,8:28:28,3978,13026,12763,359,381,30508,934,207,22,911,206,22,864,183,18,934,207,22,Finisher,700
Dana,Crews,Dana Crews,646,F40-44,Female,Fernley,US-NV,United States,US,0:56:05,3:55:50,3:23:35,0:07:08,0:06:28,8:29:06,3365,14150,12215,428,388,30546,935,208,20,740,165,15,901,196,18,935,208,20,Finisher,700
Mercedes,Patee,Mercedes Patee,756,F45-49,Female,Redding,California,United States,US,1:03:18,4:34:50,3:44:43,0:05:10,0:05:20,9:33:21,3798,16490,13483,310,320,34401,99999,99999,99999,99999,99999,99999,99999,99999,99999,99999,99999,99999,Unofficial,0
James,Stevens,James Stevens,603,M50-54,Male,Redding,California,United States,US,1:10:06,3:55:19,3:29:10,0:06:54,0:04:38,8:46:06,4206,14119,12550,414,278,31566,99999,99999,99999,99999,99999,99999,99999,99999,99999,99999,99999,99999,Unofficial,0
Myndi,Paras,Myndi Paras,653,F50-54,Female,Hurricane,UTAH,United States,US,,,,0:00:00,0:00:00,,0,0,0,0,0,0,99999,99999,99999,99999,99999,99999,99999,99999,99999,99999,99999,99999,DNS,0
Andres,De La Cruz,Andres De La Cruz,767,M50-54,Male,Tracy,CA,United States,US,0:58:48,3:55:43,,0:06:34,0:15:00,,3528,14143,0,394,900,0,99999,99999,99999,99999,99999,99999,99999,99999,99999,99999,99999,99999,DNF,0
Caroline,Carter,Caroline Carter,1150,F18-24,Female,Dallas,TX,United States,US,1:12:34,4:43:54,,0:04:53,0:00:00,,4354,17034,0,293,0,0,99999,99999,99999,99999,99999,99999,99999,99999,99999,99999,99999,99999,DNF,0
Maxwell,Witherspoon,Maxwell Witherspoon,419,M30-34,Male,Arcata,CALIFORNIA,United States,US,1:35:29,,,0:00:00,0:00:00,,5729,0,0,0,0,0,99999,99999,99999,99999,99999,99999,99999,99999,99999,99999,99999,99999,DNF,0
Roberta,Friar,Roberta Friar,793,F55-59,Female,COTTONWOOD,California,United States,US,1:01:06,4:12:00,3:05:11,0:07:22,0:08:58,8:34:38,3666,15120,11111,442,538,30878,99999,99999,99999,99999,99999,99999,99999,99999,99999,99999,99999,99999,Unofficial,0
Mei,Nickles,Mei Nickles,852,F40-44,Female,PASADENA,CA,United States,US,1:22:52,4:02:14,3:08:38,0:04:49,0:06:56,8:45:29,4972,14534,11318,289,416,31529,99999,99999,99999,99999,99999,99999,99999,99999,99999,99999,99999,99999,Unofficial,0
Aren Rey,Normal,Aren Rey Normal,993,M40-44,Male,Reno,NV,Philippines,PH,1:19:58,,,0:00:00,0:00:00,,4798,0,0,0,0,0,99999,99999,99999,99999,99999,99999,99999,99999,99999,99999,99999,99999,DNF,0
Rudy,Estrada,Rudy Estrada,1136,F50-54,Male,Elk Grove,CA,United States,US,,,,0:00:00,0:00:00,,0,0,0,0,0,0,99999,99999,99999,99999,99999,99999,99999,99999,99999,99999,99999,99999,DNS,0
Carlo,Ramirez,Carlo Ramirez,682,M50-54,Male,Corona,CA,United States,US,1:15:46,3:59:54,3:27:04,0:07:32,0:06:40,8:56:57,4546,14394,12424,452,400,32217,99999,99999,99999,99999,99999,99999,99999,99999,99999,99999,99999,99999,Unofficial,0
Darian,Search,Darian Search,562,F25-29,Female,Pasco,WA,United States,US,1:00:50,4:12:19,3:21:48,0:06:56,0:04:36,8:46:30,3650,15139,12108,416,276,31590,99999,99999,99999,99999,99999,99999,99999,99999,99999,99999,99999,99999,Unofficial,0
Anayeli,Cordova,Anayeli Cordova,895,F30-34,Female,Tillamook,Oregon,United States,US,1:17:56,,,0:04:49,0:00:00,,4676,0,0,289,0,0,99999,99999,99999,99999,99999,99999,99999,99999,99999,99999,99999,99999,DNF,0
Giovanni,Aponte,Giovanni Aponte,976,M35-39,Male,Elk Grove,ca,United States,US,1:14:30,,,0:00:00,0:00:00,,4470,0,0,0,0,0,99999,99999,99999,99999,99999,99999,99999,99999,99999,99999,99999,99999,DNF,0
Napoleon,Erazo,Napoleon Erazo,595,M40-44,Male,Redding,CA,United States,US,1:10:56,,,0:07:28,0:00:00,,4256,0,0,448,0,0,99999,99999,99999,99999,99999,99999,99999,99999,99999,99999,99999,99999,DNF,0
Melissa,Gruhler,Melissa Gruhler,613,F55-59,Female,Redding,Ca,United States,US,1:10:41,,,0:07:02,0:00:00,,4241,0,0,422,0,0,99999,99999,99999,99999,99999,99999,99999,99999,99999,99999,99999,99999,DNF,0
Jeremiah Jacob,Esparza,Jeremiah Jacob Esparza,586,M40-44,Male,Redding ,California,United States,US,1:19:18,,,0:00:00,0:00:00,,4758,0,0,0,0,0,99999,99999,99999,99999,99999,99999,99999,99999,99999,99999,99999,99999,DNF,0
Fiel,Baguinguito,Fiel Baguinguito,1058,M50-54,Male,Vacaville,CA,United States,US,,,,0:00:00,0:00:00,,0,0,0,0,0,0,99999,99999,99999,99999,99999,99999,99999,99999,99999,99999,99999,99999,DNF,0
John,Chelonis,John Chelonis,571,M55-59,Male,Redding,CA,United States,US,,,,0:00:00,0:00:00,,0,0,0,0,0,0,99999,99999,99999,99999,99999,99999,99999,99999,99999,99999,99999,99999,DNS,0
AURELIEN,NOLF,AURELIEN NOLF,1065,M45-49,Male,Redwood city,US-CA,United States,US,,,,0:00:00,0:00:00,,0,0,0,0,0,0,99999,99999,99999,99999,99999,99999,99999,99999,99999,99999,99999,99999,DNS,0
Scott,Feder,Scott Feder,721,M60-64,Male,Torrance,CALIFORNIA,United States,US,0:45:29,3:34:48,,0:03:37,0:03:56,,2729,12888,0,217,236,0,99999,99999,99999,99999,99999,99999,99999,99999,99999,99999,99999,99999,DNF,0
Jessie,Melendres,Jessie Melendres,1056,M50-54,Male,Vacaville,CA,United States,US,1:18:59,,,0:00:00,0:00:00,,4739,0,0,0,0,0,99999,99999,99999,99999,99999,99999,99999,99999,99999,99999,99999,99999,DNF,0
Elena,Luna,Elena Luna,826,F50-54,Female,Chico,California,United States,US,1:20:22,,,0:06:23,0:00:00,,4822,0,0,383,0,0,99999,99999,99999,99999,99999,99999,99999,99999,99999,99999,99999,99999,DNF,0
Jermaine ,Lewis,Jermaine Lewis,795,M25-29,Male,Charlotte,North Carolina,United States,US,1:11:46,3:46:57,2:32:59,0:05:21,0:04:59,7:42:03,4306,13617,9179,321,299,27723,99999,99999,99999,99999,99999,99999,99999,99999,99999,99999,99999,99999,Unofficial,0
Thomas,Lachance,Thomas Lachance,397,M35-39,Male,San Francisco,California,Canada,CA,0:45:04,3:06:21,,0:05:59,0:05:20,,2704,11181,0,359,320,0,99999,99999,99999,99999,99999,99999,99999,99999,99999,99999,99999,99999,DNF,0
Heidi,Christensen,Heidi Christensen,939,F35-39,Female,Lehi,UT,United States,US,1:13:17,3:52:05,3:04:31,0:06:20,0:07:15,8:23:27,4397,13925,11071,380,435,30207,99999,99999,99999,99999,99999,99999,99999,99999,99999,99999,99999,99999,Unofficial,0
Ruben,Resendez,Ruben Resendez,1115,M40-44,Male,San Jose,California,United States,US,1:14:30,3:27:22,2:54:47,0:09:42,0:10:49,7:57:11,4470,12442,10487,582,649,28631,99999,99999,99999,99999,99999,99999,99999,99999,99999,99999,99999,99999,Unofficial,0
Ashley,Masen,Ashley Masen,316,M45-49,Male,Concord,CA,United States,US,,,,0:00:00,0:00:00,,0,0,0,0,0,0,99999,99999,99999,99999,99999,99999,99999,99999,99999,99999,99999,99999,DNS,0
Alex,Begg,Alex Begg,883,M60-64,Male,Belmont,CA,Saint Barthelemy,BL,0:39:13,3:25:09,,0:05:05,0:06:41,,2353,12309,0,305,401,0,99999,99999,99999,99999,99999,99999,99999,99999,99999,99999,99999,99999,DNF,0
Evelyn,Gomez,Evelyn Gomez,896,F25-29,Female,Colorado Springs,Colorado,United States,US,1:26:58,4:05:20,3:04:57,0:05:55,0:05:05,8:48:15,5218,14720,11097,355,305,31695,99999,99999,99999,99999,99999,99999,99999,99999,99999,99999,99999,99999,Unofficial,0
Rick,Casarez,Rick Casarez,962,M50-54,Male,Tracy,CA,United States,US,1:10:11,3:52:08,,0:10:32,0:07:53,,4211,13928,0,632,473,0,99999,99999,99999,99999,99999,99999,99999,99999,99999,99999,99999,99999,DNF,0
Cristian,Lince,Cristian Lince,1225,M25-29,Male,Corning,California,United States,US,1:04:29,4:24:05,,0:07:01,0:00:00,,3869,15845,0,421,0,0,99999,99999,99999,99999,99999,99999,99999,99999,99999,99999,99999,99999,DNF,0
Yair,Naftalin-Kelman,Yair Naftalin-Kelman,575,M18-24,Male,Berkeley,California,United States,US,,,,0:00:00,0:00:00,,0,0,0,0,0,0,99999,99999,99999,99999,99999,99999,99999,99999,99999,99999,99999,99999,DNS,0
Ramy,Hindiyeh,Ramy Hindiyeh,947,M40-44,Male,ELK GROVE,CA,United States,US,1:02:10,3:37:37,,0:10:12,0:09:21,,3730,13057,0,612,561,0,99999,99999,99999,99999,99999,99999,99999,99999,99999,99999,99999,99999,DNF,0
Brandon,Molder,Brandon Molder,417,M30-34,Male,Chico,California,United States,US,1:20:26,3:18:13,2:16:04,0:05:40,0:06:26,7:06:49,4826,11893,8164,340,386,25609,99999,99999,99999,99999,99999,99999,99999,99999,99999,99999,99999,99999,Unofficial,0
shaun,noll,shaun noll,122,M45-49,Male,san francisco,California,United States,US,,,,0:00:00,0:00:00,,0,0,0,0,0,0,99999,99999,99999,99999,99999,99999,99999,99999,99999,99999,99999,99999,DNS,0
Daniel,Novales,Daniel Novales,318,M25-29,Male,Austin,TX,Guatemala,GT,0:41:26,3:01:23,,0:04:58,0:06:07,,2486,10883,0,298,367,0,99999,99999,99999,99999,99999,99999,99999,99999,99999,99999,99999,99999,DNF,0
Laura,Johns,Laura Johns,836,F30-34,Female,Middleton,WI,United States,US,,,,0:00:00,0:00:00,,0,0,0,0,0,0,99999,99999,99999,99999,99999,99999,99999,99999,99999,99999,99999,99999,DNF,0
Jason,Paine,Jason Paine,1142,M45-49,Male,Palo Cedro,California,United States,US,,,,0:00:00,0:00:00,,0,0,0,0,0,0,99999,99999,99999,99999,99999,99999,99999,99999,99999,99999,99999,99999,DNS,0
Matt,Spence,Matt Spence,260,M40-44,Male,Windsor,US-CA,United States,US,0:38:17,3:41:27,,0:02:19,0:07:47,,2297,13287,0,139,467,0,99999,99999,99999,99999,99999,99999,99999,99999,99999,99999,99999,99999,DNF,0
Adrian,Dano,Adrian Dano,545,M25-29,Male,Winnipeg,Manitoba,Canada,CA,1:12:35,4:00:40,2:56:40,0:07:18,0:04:34,8:21:47,4355,14440,10600,438,274,30107,99999,99999,99999,99999,99999,99999,99999,99999,99999,99999,99999,99999,Unofficial,0
Ben,Goldman,Ben Goldman,146,M45-49,Male,Monte Sereno,CA,United States,US,0:36:15,2:20:53,,0:02:31,0:01:34,,2175,8453,0,151,94,0,99999,99999,99999,99999,99999,99999,99999,99999,99999,99999,99999,99999,DNF,0
Bodie,Shepherd,Bodie Shepherd,1233,M50-54,Male,Chico,CA,United States,US,1:11:37,,,0:00:00,0:00:00,,4297,0,0,0,0,0,99999,99999,99999,99999,99999,99999,99999,99999,99999,99999,99999,99999,DNF,0
Julien,Villanueva,Julien Villanueva,641,M18-24,Male,Lakewood,California,United States,US,0:58:19,,,0:06:13,0:00:00,,3499,0,0,373,0,0,99999,99999,99999,99999,99999,99999,99999,99999,99999,99999,99999,99999,DNF,0
Connor,Readman,Connor Readman,27,MPRO,Male,Southern Shores,NC,United States,US,,,,0:00:00,0:00:00,,0,0,0,0,0,0,99999,99999,99999,99999,99999,99999,99999,99999,99999,99999,99999,99999,DNS,0
Angelina,Faulkner,Angelina Faulkner,121,F40-44,Female,North Hollywood,CA,United States,US,0:47:10,4:03:35,3:41:28,0:07:37,0:05:35,8:45:25,2830,14615,13288,457,335,31525,99999,99999,99999,99999,99999,99999,99999,99999,99999,99999,99999,99999,Unofficial,0
Rakshith,Aralimatti,Rakshith Aralimatti,925,M35-39,Male,Fremont,California,United States,US,1:20:34,3:41:09,2:43:50,0:10:03,0:07:57,8:03:33,4834,13269,9830,603,477,29013,99999,99999,99999,99999,99999,99999,99999,99999,99999,99999,99999,99999,Unofficial,0
Mike,Andrade,Mike Andrade,1152,M25-29,Male,Antioch,CA,United States,US,,,,0:00:00,0:00:00,,0,0,0,0,0,0,99999,99999,99999,99999,99999,99999,99999,99999,99999,99999,99999,99999,DNF,0
Patrick,Mikesell,Patrick Mikesell,1145,M70-74,Male,Salina,KS,United States,US,1:05:35,4:02:16,3:39:13,0:08:38,0:11:44,9:07:26,3935,14536,13153,518,704,32846,99999,99999,99999,99999,99999,99999,99999,99999,99999,99999,99999,99999,Unofficial,0
Jonathan,Hsu,Jonathan Hsu,1185,M25-29,Male,Pasadena,California,United States,US,1:00:41,4:02:20,3:15:23,0:06:47,0:07:12,8:32:23,3641,14540,11723,407,432,30743,99999,99999,99999,99999,99999,99999,99999,99999,99999,99999,99999,99999,Unofficial,0
William,Chesney,William Chesney,998,M18-24,Male,Brentwood,CA,United States,US,1:20:12,,,0:00:00,0:00:00,,4812,0,0,0,0,0,99999,99999,99999,99999,99999,99999,99999,99999,99999,99999,99999,99999,DNF,0
Jackson,Ehrlich,Jackson Ehrlich,297,M18-24,Male,Palo Alto,California,United States,US,1:11:28,3:47:01,2:44:48,0:07:16,0:08:42,7:59:15,4288,13621,9888,436,522,28755,99999,99999,99999,99999,99999,99999,99999,99999,99999,99999,99999,99999,Unofficial,0
Alexander,sosa,Alexander sosa,127,M25-29,Male,Cerritos,California,United States,US,,,,0:00:00,0:00:00,,0,0,0,0,0,0,99999,99999,99999,99999,99999,99999,99999,99999,99999,99999,99999,99999,DNS,0
Brandon,Vest,Brandon Vest,940,M45-49,Male,Walnut Creek,CA,United States,US,0:46:20,2:31:24,,0:06:50,0:04:44,,2780,9084,0,410,284,0,99999,99999,99999,99999,99999,99999,99999,99999,99999,99999,99999,99999,DNF,0
Kallie,Gibbons,Kallie Gibbons,754,F18-24,Female,Mason City,Iowa,United States,US,1:17:35,3:37:14,2:49:08,0:04:47,0:06:59,7:55:43,4655,13034,10148,287,419,28543,99999,99999,99999,99999,99999,99999,99999,99999,99999,99999,99999,99999,Unofficial,0
Ged Joshua,Noval,Ged Joshua Noval,476,M18-24,Male,Elk Grove,CA,United States,US,1:28:50,,,0:00:00,0:00:00,,5330,0,0,0,0,0,99999,99999,99999,99999,99999,99999,99999,99999,99999,99999,99999,99999,DNF,0
Heather,Hibbetts,Heather Hibbetts,878,F40-44,Female,Albuquerque,NM,United States,US,0:57:50,3:44:50,3:54:05,0:07:24,0:06:56,8:51:04,3470,13490,14045,444,416,31864,99999,99999,99999,99999,99999,99999,99999,99999,99999,99999,99999,99999,Unofficial,0
Aditya,Chikkala,Aditya Chikkala,322,M40-44,Male,Castro Vallet,CA,United States,US,1:35:28,3:07:14,2:19:28,0:08:14,0:06:22,7:16:45,5728,11234,8368,494,382,26205,99999,99999,99999,99999,99999,99999,99999,99999,99999,99999,99999,99999,Unofficial,0
Tim,Smith,Tim Smith,796,M55-59,Male,OWENS X RDS,US-AL,United States,US,1:10:25,3:23:04,3:01:07,0:08:15,0:10:33,7:53:23,4225,12184,10867,495,633,28403,99999,99999,99999,99999,99999,99999,99999,99999,99999,99999,99999,99999,Unofficial,0
Erin,Grieb,Erin Grieb,718,F45-49,Female,San Carlos,CA,United States,US,1:00:03,,,0:06:03,0:00:00,,3603,0,0,363,0,0,99999,99999,99999,99999,99999,99999,99999,99999,99999,99999,99999,99999,DNF,0
Shashank,Giridhara,Shashank Giridhara,1227,M25-29,Male,San Jose,CA,India,IN,1:25:40,,,0:00:00,0:00:00,,5140,0,0,0,0,0,99999,99999,99999,99999,99999,99999,99999,99999,99999,99999,99999,99999,DNF,0
Sandra,PEDROZA-HETTICK,Sandra PEDROZA-HETTICK,303,F55-59,Female,Carlsbad,US-CA,United States,US,1:31:07,,,0:00:00,0:00:00,,5467,0,0,0,0,0,99999,99999,99999,99999,99999,99999,99999,99999,99999,99999,99999,99999,DNF,0
Victor,De La Torre ,Victor De La Torre,689,M35-39,Male,Garden Grove,California,United States,US,1:22:18,3:35:09,2:58:15,0:06:38,0:06:42,8:09:02,4938,12909,10695,398,402,29342,99999,99999,99999,99999,99999,99999,99999,99999,99999,99999,99999,99999,Unofficial,0
Hunter,Blackburn,Hunter Blackburn,480,M25-29,Male,Rexburg,Idaho,United States,US,1:12:08,4:06:11,3:17:31,0:07:24,0:11:12,8:54:26,4328,14771,11851,444,672,32066,99999,99999,99999,99999,99999,99999,99999,99999,99999,99999,99999,99999,Unofficial,0
Christopher,Crews,Christopher Crews,652,M45-49,Male,Fernley,US-NV,United States,US,1:11:28,3:15:39,2:52:01,0:05:12,0:05:39,7:30:00,4288,11739,10321,312,339,27000,99999,99999,99999,99999,99999,99999,99999,99999,99999,99999,99999,99999,Unofficial,0
Marcelo,Mena,Marcelo Mena,1113,M30-34,Male,Sherman oaks,California,Chile,CL,,,,0:00:00,0:00:00,,0,0,0,0,0,0,99999,99999,99999,99999,99999,99999,99999,99999,99999,99999,99999,99999,DNS,0
Colton,Gruhler,Colton Gruhler,1223,M25-29,Male,San Francisco,California,United States,US,0:56:54,,3:08:36,0:00:00,0:02:48,8:54:09,3414,0,11316,0,168,32049,99999,99999,99999,99999,99999,99999,99999,99999,99999,99999,99999,99999,Unofficial,0
Bryce ,Tomlinson,Bryce Tomlinson,186,M40-44,Male,Redding,California,United States,US,,,,0:00:00,0:00:00,,0,0,0,0,0,0,99999,99999,99999,99999,99999,99999,99999,99999,99999,99999,99999,99999,DNF,0
Jonathan,Araiza,Jonathan Araiza,1133,M45-49,Male,Concord,California,United States,US,1:09:30,,,0:08:12,0:00:00,,4170,0,0,492,0,0,99999,99999,99999,99999,99999,99999,99999,99999,99999,99999,99999,99999,DNF,0
Scott,Ludford,Scott Ludford,18,MPRO,Male,SALEM,OR,United States,US,0:28:22,2:16:45,,0:01:15,0:00:00,,1702,8205,0,75,0,0,99999,99999,99999,99999,99999,99999,99999,99999,99999,99999,99999,99999,DNF,0
Kevin,Edwards,Kevin Edwards,580,M60-64,Male,LOS ALTOS HLS,CA,United States,US,1:22:45,3:38:37,,0:07:58,0:08:07,,4965,13117,0,478,487,0,99999,99999,99999,99999,99999,99999,99999,99999,99999,99999,99999,99999,DNF,0
Hudson,Kuykendall,Hudson Kuykendall,1157,M18-24,Male,Reno ,Nevada,United States,US,1:13:39,,,0:00:00,0:00:00,,4419,0,0,0,0,0,99999,99999,99999,99999,99999,99999,99999,99999,99999,99999,99999,99999,DNF,0
Alan,Dionson,Alan Dionson,1035,M55-59,Male,Covina,CA,Philippines,PH,1:20:09,3:48:48,2:58:53,0:07:59,0:06:53,8:22:41,4809,13728,10733,479,413,30161,99999,99999,99999,99999,99999,99999,99999,99999,99999,99999,99999,99999,Unofficial,0
Kris,Matteri,Kris Matteri,1119,M60-64,Male,Healdsburg,US-CA,United States,US,0:43:30,3:04:18,,0:04:40,0:04:36,,2610,11058,0,280,276,0,99999,99999,99999,99999,99999,99999,99999,99999,99999,99999,99999,99999,DNF,0
Raylouis,Martinez,Raylouis Martinez,589,M30-34,Male,Buena Park,California,United States,US,1:08:31,4:02:52,,0:05:30,0:06:58,,4111,14572,0,330,418,0,99999,99999,99999,99999,99999,99999,99999,99999,99999,99999,99999,99999,DNF,0
Marilyn,Watson,Marilyn Watson,1220,F65-69,Female,San Jose,US-CA,United States,US,,,,0:00:00,0:00:00,,0,0,0,0,0,0,99999,99999,99999,99999,99999,99999,99999,99999,99999,99999,99999,99999,DNS,0
Lucy,Bustos Charondo,Lucy Bustos Charondo,543,F55-59,Female,Alameda,CA,United States,US,0:56:08,,,0:07:09,0:00:00,,3368,0,0,429,0,0,99999,99999,99999,99999,99999,99999,99999,99999,99999,99999,99999,99999,DNF,0
Robbie,Deckard,Robbie Deckard,16,MPRO,Male,Boulder,CO,United States,US,,,,0:00:00,0:00:00,,0,0,0,0,0,0,99999,99999,99999,99999,99999,99999,99999,99999,99999,99999,99999,99999,DNS,0
Sean,Carter,Sean Carter,1109,M25-29,Male,Minneapolis,Minnesota,United States,US,0:49:40,3:52:42,3:33:59,0:08:53,0:05:56,8:31:11,2980,13962,12839,533,356,30671,99999,99999,99999,99999,99999,99999,99999,99999,99999,99999,99999,99999,Unofficial,0
Ryan,Mongan,Ryan Mongan,633,M60-64,Male,Orange,CA,United States,US,0:44:51,2:40:26,,0:03:28,0:02:15,,2691,9626,0,208,135,0,99999,99999,99999,99999,99999,99999,99999,99999,99999,99999,99999,99999,DNF,0
Sergey,Kohan,Sergey Kohan,583,M40-44,Male,PLAYA VISTA,CA,United States,US,1:24:48,3:17:32,2:29:51,0:04:55,0:06:34,7:23:39,5088,11852,8991,295,394,26619,99999,99999,99999,99999,99999,99999,99999,99999,99999,99999,99999,99999,Unofficial,0
Patrick ,Corbett,Patrick Corbett,535,M40-44,Male,Redding,California,United States,US,1:03:59,4:10:00,3:41:42,0:09:12,0:10:04,9:14:56,3839,15000,13302,552,604,33296,99999,99999,99999,99999,99999,99999,99999,99999,99999,99999,99999,99999,Unofficial,0
Will,Blackhurst,Will Blackhurst,330,M18-24,Male,Mapleton,Utah,United States,US,1:24:24,3:52:18,2:43:35,0:08:56,0:17:23,8:26:36,5064,13938,9815,536,1043,30396,99999,99999,99999,99999,99999,99999,99999,99999,99999,99999,99999,99999,Unofficial,0
Andres,Garcia,Andres Garcia,936,M40-44,Male,Stockton,CA,Mexico,MX,1:18:37,,,0:00:00,0:00:00,,4717,0,0,0,0,0,99999,99999,99999,99999,99999,99999,99999,99999,99999,99999,99999,99999,DNF,0
Thomas,Inigo,Thomas Inigo,24,MPRO,Male,LONGMONT,CO,United States,US,,,,0:00:00,0:00:00,,0,0,0,0,0,0,99999,99999,99999,99999,99999,99999,99999,99999,99999,99999,99999,99999,DNS,0
Luis,Mayor,Luis Mayor,841,M50-54,Male,SAN YSIDRO,CA,Mexico,MX,1:06:48,,,0:05:53,0:00:00,,4008,0,0,353,0,0,99999,99999,99999,99999,99999,99999,99999,99999,99999,99999,99999,99999,DNF,0
Taylor,Enders,Taylor Enders,560,F30-34,Female,Pasco,Washington,United States,US,1:09:12,4:11:06,3:24:23,0:05:11,0:03:49,8:53:42,4152,15066,12263,311,229,32022,99999,99999,99999,99999,99999,99999,99999,99999,99999,99999,99999,99999,Unofficial,0
Stephanie,Chavez,Stephanie Chavez,918,F35-39,Female,COSTA MESA,CA,United States,US,1:17:24,,,0:00:00,0:00:00,,4644,0,0,0,0,0,99999,99999,99999,99999,99999,99999,99999,99999,99999,99999,99999,99999,DNF,0
Tatiana,Morrell,Tatiana Morrell,416,F55-59,Female,Aurora,CO,United States,US,,,,0:00:00,0:00:00,,0,0,0,0,0,0,99999,99999,99999,99999,99999,99999,99999,99999,99999,99999,99999,99999,DNS,0
Stefano,Vedovati,Stefano Vedovati,647,M40-44,Male,Nembro,BG,Italy,IT,0:36:35,,,0:02:50,0:00:00,,2195,0,0,170,0,0,99999,99999,99999,99999,99999,99999,99999,99999,99999,99999,99999,99999,DNF,0
Magdy,Hussein,Magdy Hussein,1200,M35-39,Male,Sacramento,California,United States,US,1:17:51,4:20:07,,0:09:35,0:00:00,,4671,15607,0,575,0,0,99999,99999,99999,99999,99999,99999,99999,99999,99999,99999,99999,99999,DNF,0
Dani,VanDoorn,Dani VanDoorn,1269,F35-39,Female,Redding,CA,United States,US,,,,0:00:00,0:00:00,,0,0,0,0,0,0,99999,99999,99999,99999,99999,99999,99999,99999,99999,99999,99999,99999,DNF,0
Asher,Vance,Asher Vance,471,M50-54,Male,Anderson,Ca,United States,US,1:14:28,3:58:36,3:16:16,0:12:00,0:10:13,8:51:33,4468,14316,11776,720,613,31893,99999,99999,99999,99999,99999,99999,99999,99999,99999,99999,99999,99999,Unofficial,0
Marie,Wulff,Marie Wulff,1189,F25-29,Female,San Francisco,California,United States,US,1:10:41,3:53:55,3:16:09,0:09:30,0:04:45,8:35:00,4241,14035,11769,570,285,30900,99999,99999,99999,99999,99999,99999,99999,99999,99999,99999,99999,99999,Unofficial,0
Rudy,Estrada,Rudy Estrada,1137,M50-54,Male,Elk Grove,CA,United States,US,,,,0:00:00,0:00:00,,0,0,0,0,0,0,99999,99999,99999,99999,99999,99999,99999,99999,99999,99999,99999,99999,DNS,0
Cassidy,Bertsch,Cassidy Bertsch,368,M35-39,Male,Roseville,CA,United States,US,0:42:20,4:05:52,,0:03:59,0:09:31,,2540,14752,0,239,571,0,99999,99999,99999,99999,99999,99999,99999,99999,99999,99999,99999,99999,DNF,0
Dustin,Soe,Dustin Soe,1135,M25-29,Male,Fort Wayne,US-IN,Myanmar,MM,1:17:26,,,0:00:00,0:00:00,,4646,0,0,0,0,0,99999,99999,99999,99999,99999,99999,99999,99999,99999,99999,99999,99999,DNF,0
Uriel,Garcia,Uriel Garcia,128,M45-49,Male,Redding,CA,United States,US,1:06:53,4:18:02,3:25:29,0:06:40,0:04:28,9:01:33,4013,15482,12329,400,268,32493,99999,99999,99999,99999,99999,99999,99999,99999,99999,99999,99999,99999,Unofficial,0
Josephine,Avery,Josephine Avery,408,F25-29,Female,SCOTTSDALE,AZ,United States,US,0:50:40,,,0:07:06,0:00:00,,3040,0,0,426,0,0,99999,99999,99999,99999,99999,99999,99999,99999,99999,99999,99999,99999,DNF,0
Liz,Friedman,Liz Friedman,574,F75-79,Female,Prineville,OREGON,United States,US,,,,0:00:00,0:00:00,,0,0,0,0,0,0,99999,99999,99999,99999,99999,99999,99999,99999,99999,99999,99999,99999,DNS,0
Diego,Fontan,Diego Fontan,874,M45-49,Male,OAKLAND,CA,United States,US,1:11:59,,,0:00:00,0:00:00,,4319,0,0,0,0,0,99999,99999,99999,99999,99999,99999,99999,99999,99999,99999,99999,99999,DNF,0
Riley,Arntz,Riley Arntz,305,M35-39,Male,Santa Barbara,CA,United States,US,0:46:49,3:04:19,,0:06:14,0:00:00,,2809,11059,0,374,0,0,99999,99999,99999,99999,99999,99999,99999,99999,99999,99999,99999,99999,DNF,0
Michelle,Bandur,Michelle Bandur,803,F60-64,Female,Sacramento,CA,United States,US,,,,0:00:00,0:00:00,,0,0,0,0,0,0,99999,99999,99999,99999,99999,99999,99999,99999,99999,99999,99999,99999,DNS,0
Michael ,Larkin,Michael Larkin,367,M18-24,Male,San Luis Obispo,California,United States,US,1:21:10,,,0:05:19,0:00:00,,4870,0,0,319,0,0,99999,99999,99999,99999,99999,99999,99999,99999,99999,99999,99999,99999,DNF,0
Alan,Abbs,Alan Abbs,163,M55-59,Male,Sacramento,US-CA,United States,US,1:28:43,2:45:34,1:53:33,0:03:19,0:04:21,6:15:30,5323,9934,6813,199,261,22530,99999,99999,99999,99999,99999,99999,99999,99999,99999,99999,99999,99999,Unofficial,0
Sean,Havens,Sean Havens,956,M25-29,Male,Las Vegas,US-NV,United States,US,1:12:51,,,0:00:00,0:00:00,,4371,0,0,0,0,0,99999,99999,99999,99999,99999,99999,99999,99999,99999,99999,99999,99999,DNF,0
Deidre,Mooney,Deidre Mooney,782,F55-59,Female,Jenks,Oklahoma,United States,US,1:16:58,3:50:15,2:55:27,0:06:49,0:07:27,8:16:56,4618,13815,10527,409,447,29816,99999,99999,99999,99999,99999,99999,99999,99999,99999,99999,99999,99999,Unofficial,0
Anthony,Jimenez,Anthony Jimenez,1045,M40-44,Male,Castaic,CA,United States,US,1:24:41,4:40:41,,0:06:58,0:00:00,,5081,16841,0,418,0,0,99999,99999,99999,99999,99999,99999,99999,99999,99999,99999,99999,99999,DNF,0
Kirsten,McGarvey,Kirsten McGarvey,582,F25-29,Female,San Diego,California,United States,US,0:50:52,,,0:05:00,0:00:00,,3052,0,0,300,0,0,99999,99999,99999,99999,99999,99999,99999,99999,99999,99999,99999,99999,DNF,0
Rodrigo,Simoni,Rodrigo Simoni,306,M35-39,Male,Palo Cedro,California,Brazil,BR,1:11:20,3:13:46,2:37:15,0:05:55,0:05:36,7:13:52,4280,11626,9435,355,336,26032,99999,99999,99999,99999,99999,99999,99999,99999,99999,99999,99999,99999,Unofficial,0
Allen,Patee,Allen Patee,757,M45-49,Male,Redding,CA,United States,US,0:52:18,4:04:12,3:27:51,0:06:00,0:08:22,8:38:43,3138,14652,12471,360,502,31123,99999,99999,99999,99999,99999,99999,99999,99999,99999,99999,99999,99999,Unofficial,0
Brandy,Ramirez,Brandy Ramirez,969,F50-54,Female,KINGMAN,Arizona,United States,US,0:58:01,,,0:05:27,0:00:00,,3481,0,0,327,0,0,99999,99999,99999,99999,99999,99999,99999,99999,99999,99999,99999,99999,DNF,0
Catherine,Yewell,Catherine Yewell,131,M60-64,Male,Diablo,US-CA,United States,US,1:13:49,3:26:32,2:46:24,0:10:35,0:10:51,7:48:11,4429,12392,9984,635,651,28091,99999,99999,99999,99999,99999,99999,99999,99999,99999,99999,99999,99999,Unofficial,0
Diego,De La Cruz,Diego De La Cruz,769,M18-24,Male,Tracy,CA,United States,US,0:58:28,3:58:29,,0:06:06,0:08:21,,3508,14309,0,366,501,0,99999,99999,99999,99999,99999,99999,99999,99999,99999,99999,99999,99999,DNF,0
Brennen,Smith,Brennen Smith,21,MPRO,Male,Victoria,BC,Canada,CA,0:25:44,2:08:47,,0:01:16,0:01:27,,1544,7727,0,76,87,0,99999,99999,99999,99999,99999,99999,99999,99999,99999,99999,99999,99999,DNF,0
Duane,Oser,Duane Oser,511,M60-64,Male,LAKE OSWEGO,US-OR,United States,US,1:19:31,4:00:54,,0:08:23,0:00:00,,4771,14454,0,503,0,0,99999,99999,99999,99999,99999,99999,99999,99999,99999,99999,99999,99999,DNF,0
Krismahaal,Geralde,Krismahaal Geralde,526,M35-39,Male,Lancaster,CA,United States,US,1:08:42,,,0:10:11,0:00:00,,4122,0,0,611,0,0,99999,99999,99999,99999,99999,99999,99999,99999,99999,99999,99999,99999,DNF,0
Ingrid,Linn,Ingrid Linn,129,F50-54,Female,Los Altos,California,Germany,DE,,,,0:00:00,0:00:00,,0,0,0,0,0,0,99999,99999,99999,99999,99999,99999,99999,99999,99999,99999,99999,99999,DNS,0
Sean,Mueller,Sean Mueller,702,M18-24,Male,San Francisco,California,United States,US,1:19:28,2:52:24,2:35:02,0:05:38,0:07:09,6:59:39,4768,10344,9302,338,429,25179,99999,99999,99999,99999,99999,99999,99999,99999,99999,99999,99999,99999,Unofficial,0
Carlos,Gomez,Carlos Gomez,343,M55-59,Male,La Habra,California,United States,US,1:14:40,3:20:35,2:41:25,0:07:30,0:05:40,7:29:50,4480,12035,9685,450,340,26990,99999,99999,99999,99999,99999,99999,99999,99999,99999,99999,99999,99999,Unofficial,0
Leea,Haarz,Leea Haarz,943,F55-59,Female,Phoenix,AZ,United States,US,1:19:13,,,0:06:36,0:00:00,,4753,0,0,396,0,0,99999,99999,99999,99999,99999,99999,99999,99999,99999,99999,99999,99999,DNF,0
Jody,Sanchez,Jody Sanchez,859,F50-54,Female,REDDING,CA,United States,US,1:15:25,,,0:00:00,0:00:00,,4525,0,0,0,0,0,99999,99999,99999,99999,99999,99999,99999,99999,99999,99999,99999,99999,DNF,0
Jacob,Tropets,Jacob Tropets,806,M18-24,Male,Oregon City,Oregon,United States,US,1:28:44,,,0:00:00,0:00:00,,5324,0,0,0,0,0,99999,99999,99999,99999,99999,99999,99999,99999,99999,99999,99999,99999,DNF,0
Aris,Cabrera,Aris Cabrera,1057,M50-54,Male,Fairfield,CA,Philippines,PH,1:16:57,3:16:34,2:17:34,0:05:20,0:04:57,7:01:22,4617,11794,8254,320,297,25282,99999,99999,99999,99999,99999,99999,99999,99999,99999,99999,99999,99999,Unofficial,0
John,Cusi,John Cusi,996,M45-49,Male,Torrance,CA,United States,US,0:59:50,,,0:10:55,0:00:00,,3590,0,0,655,0,0,99999,99999,99999,99999,99999,99999,99999,99999,99999,99999,99999,99999,DNF,0
Philip,Decker,Philip Decker,774,M65-69,Male,San Jose,CA,United States,US,,,,0:00:00,0:00:00,,0,0,0,0,0,0,99999,99999,99999,99999,99999,99999,99999,99999,99999,99999,99999,99999,DNF,0
Phillip,Cardona,Phillip Cardona,1216,M35-39,Male,La Habra,CA,United States,US,1:14:14,3:58:15,,0:06:12,0:04:54,,4454,14295,0,372,294,0,99999,99999,99999,99999,99999,99999,99999,99999,99999,99999,99999,99999,DNF,0
David,Cunningham,David Cunningham,671,M55-59,Male,Cottonwood,CA,United States,US,0:44:39,,,0:05:40,0:00:00,,2679,0,0,340,0,0,99999,99999,99999,99999,99999,99999,99999,99999,99999,99999,99999,99999,DNF,0
Kimberly,Magnuson,Kimberly Magnuson,942,F50-54,Female,ACAMPO,CA,United States,US,1:16:09,,,0:00:00,0:00:00,,4569,0,0,0,0,0,99999,99999,99999,99999,99999,99999,99999,99999,99999,99999,99999,99999,DNF,0
Andres,Meave,Andres Meave,286,M30-34,Male,Los Angeles,CA,United States,US,1:10:28,3:35:47,2:33:37,0:06:49,0:06:27,7:33:08,4228,12947,9217,409,387,27188,99999,99999,99999,99999,99999,99999,99999,99999,99999,99999,99999,99999,Unofficial,0
Janelle,Nicolay,Janelle Nicolay,777,F40-44,Female,Jenks,Oklahoma,United States,US,,,,0:00:00,0:00:00,,0,0,0,0,0,0,99999,99999,99999,99999,99999,99999,99999,99999,99999,99999,99999,99999,DNF,0
Gilberto,Hernandez,Gilberto Hernandez,410,M50-54,Male,Vacaville,US-CA,United States,US,1:06:23,3:42:10,,0:06:09,0:00:00,,3983,13330,0,369,0,0,99999,99999,99999,99999,99999,99999,99999,99999,99999,99999,99999,99999,DNF,0
Isabella,Lee,Isabella Lee,876,F30-34,Female,Dublin,California,United States,US,1:08:21,,,0:06:05,0:00:00,,4101,0,0,365,0,0,99999,99999,99999,99999,99999,99999,99999,99999,99999,99999,99999,99999,DNF,0
Salvador,Estril,Salvador Estril,425,M50-54,Male,ANAHEIM,US-CA,United States,US,0:59:28,3:41:01,,0:06:48,0:11:37,,3568,13261,0,408,697,0,99999,99999,99999,99999,99999,99999,99999,99999,99999,99999,99999,99999,DNF,0
Reggie,Cutliff,Reggie Cutliff,751,M30-34,Male,CHINO HILLS,CA,United States,US,1:19:06,4:18:57,,0:08:48,0:00:00,,4746,15537,0,528,0,0,99999,99999,99999,99999,99999,99999,99999,99999,99999,99999,99999,99999,DNF,0
Carl,Cortez,Carl Cortez,357,M50-54,Male,SAINT HELENA,CA,United States,US,0:54:38,3:37:00,,0:07:13,0:10:19,,3278,13020,0,433,619,0,99999,99999,99999,99999,99999,99999,99999,99999,99999,99999,99999,99999,DNF,0
Aigulia,Shamyrkanova,Aigulia Shamyrkanova,989,F40-44,Female,PLEASANTON,California,United States,US,1:16:14,,,0:00:00,0:00:00,,4574,0,0,0,0,0,99999,99999,99999,99999,99999,99999,99999,99999,99999,99999,99999,99999,DNF,0
Anthony,Florez,Anthony Florez,799,M45-49,Male,Napa,US-CA,United States,US,1:06:33,,,0:05:10,0:00:00,,3993,0,0,310,0,0,99999,99999,99999,99999,99999,99999,99999,99999,99999,99999,99999,99999,DNF,0
Jason,Duong,Jason Duong,620,M25-29,Male,Hawthorne,California,United States,US,,,,0:00:00,0:00:00,,0,0,0,0,0,0,99999,99999,99999,99999,99999,99999,99999,99999,99999,99999,99999,99999,DNF,0
Ben,Hamilton,Ben Hamilton,8,MPRO,Male,St Johns,AUK,New Zealand,NZ,0:28:14,2:16:02,,0:01:27,0:00:00,,1694,8162,0,87,0,0,99999,99999,99999,99999,99999,99999,99999,99999,99999,99999,99999,99999,DNF,0
Allen,Leibovitch,Allen Leibovitch,614,M55-59,Male,San Jose,US-CA,United States,US,1:21:05,3:37:25,3:31:51,0:06:02,0:08:32,8:44:55,4865,13045,12711,362,512,31495,99999,99999,99999,99999,99999,99999,99999,99999,99999,99999,99999,99999,Unofficial,0
Benjamin,Cregier,Benjamin Cregier,1239,M18-24,Male,Salem,MA,United States,US,,,,0:00:00,0:00:00,,0,0,0,0,0,0,99999,99999,99999,99999,99999,99999,99999,99999,99999,99999,99999,99999,DNS,0
Alexandra,Dahnke,Alexandra Dahnke,1131,F30-34,Female,Redding,CA,United States,US,0:52:42,4:13:25,3:27:55,0:06:39,0:07:02,8:47:43,3162,15205,12475,399,422,31663,99999,99999,99999,99999,99999,99999,99999,99999,99999,99999,99999,99999,Unofficial,0
Oe,Cabanag,Oe Cabanag,912,M60-64,Male,Sonora,CA,United States,US,,,,0:00:00,0:00:00,,0,0,0,0,0,0,99999,99999,99999,99999,99999,99999,99999,99999,99999,99999,99999,99999,DNS,0
Carlos,Arellanes,Carlos Arellanes,448,M70-74,Male,Pomona,CA,United States,US,1:10:40,3:38:56,3:12:56,0:06:31,0:06:21,8:15:24,4240,13136,11576,391,381,29724,99999,99999,99999,99999,99999,99999,99999,99999,99999,99999,99999,99999,Unofficial,0
Sanjaya,Kodagoda,Sanjaya Kodagoda,764,M50-54,Male,Thousand Oaks,US-CA,Sri Lanka,LK,1:15:40,,,0:09:00,0:00:00,,4540,0,0,540,0,0,99999,99999,99999,99999,99999,99999,99999,99999,99999,99999,99999,99999,DNF,0
Jackie,Nunes,Jackie Nunes,443,F65-69,Female,Littleton,US-CO,United States,US,1:04:54,4:20:13,,0:08:13,0:00:00,,3894,15613,0,493,0,0,99999,99999,99999,99999,99999,99999,99999,99999,99999,99999,99999,99999,DNF,0
Robert,Souliere,Robert Souliere,1261,M50-54,Male,Elk Grove,CA,United States,US,0:56:12,3:20:05,,0:11:22,0:13:03,,3372,12005,0,682,783,0,99999,99999,99999,99999,99999,99999,99999,99999,99999,99999,99999,99999,DNF,0
Denise,Smith,Denise Smith,302,F55-59,Female,Lathrop,CA,United States,US,,,,0:00:00,0:00:00,,0,0,0,0,0,0,99999,99999,99999,99999,99999,99999,99999,99999,99999,99999,99999,99999,DNS,0
Marques,Garcia,Marques Garcia,461,M65-69,Male,KIRKLAND,US-WA,United States,US,1:31:01,3:18:07,2:48:56,0:02:44,0:05:01,7:45:50,5461,11887,10136,164,301,27950,99999,99999,99999,99999,99999,99999,99999,99999,99999,99999,99999,99999,Unofficial,0
Aurimas,Sabulis,Aurimas Sabulis,174,M40-44,Male,New york,US-NY,United States,US,0:34:26,,,0:02:48,0:00:00,,2066,0,0,168,0,0,99999,99999,99999,99999,99999,99999,99999,99999,99999,99999,99999,99999,DNF,0
Zach,Stroud,Zach Stroud,133,M45-49,Male,Cary,US-NC,United States,US,,,,0:00:00,0:00:00,,0,0,0,0,0,0,99999,99999,99999,99999,99999,99999,99999,99999,99999,99999,99999,99999,DNS,0
Richard,Downer,Richard Downer,722,M55-59,Male,Redondo Beach,CA,United States,US,1:10:52,4:16:52,,0:07:31,0:00:00,,4252,15412,0,451,0,0,99999,99999,99999,99999,99999,99999,99999,99999,99999,99999,99999,99999,DNF,0
Tariq,Bright,Tariq Bright,975,M40-44,Male,El Dorado Hills,US-CA,United States,US,0:41:55,2:51:26,,0:04:44,0:05:23,,2515,10286,0,284,323,0,99999,99999,99999,99999,99999,99999,99999,99999,99999,99999,99999,99999,DNF,0
Todd,Soito,Todd Soito,637,M55-59,Male,Redding,CA,United States,US,1:33:32,,,0:00:00,0:00:00,,5612,0,0,0,0,0,99999,99999,99999,99999,99999,99999,99999,99999,99999,99999,99999,99999,DNF,0
Matt,Crow,Matt Crow,226,M40-44,Male,Golden,CO,United States,US,0:42:55,2:46:52,,0:05:41,0:00:00,,2575,10012,0,341,0,0,99999,99999,99999,99999,99999,99999,99999,99999,99999,99999,99999,99999,DNF,0
Jose,Rodriguez,Jose Rodriguez,1071,M25-29,Male,Tempe,AZ,Mexico,MX,,,,0:00:00,0:00:00,,0,0,0,0,0,0,99999,99999,99999,99999,99999,99999,99999,99999,99999,99999,99999,99999,DNF,0
Howard,Nemetz,Howard Nemetz,632,M70-74,Male,LOS ANGELES,CA,Canada,CA,1:14:21,3:08:30,3:07:38,0:06:28,0:04:36,7:41:33,4461,11310,11258,388,276,27693,99999,99999,99999,99999,99999,99999,99999,99999,99999,99999,99999,99999,Unofficial,0
Nickey,Watson,Nickey Watson,521,F40-44,Female,Redding,ca,United States,US,1:15:58,4:07:38,3:10:50,0:10:32,0:06:23,8:51:21,4558,14858,11450,632,383,31881,99999,99999,99999,99999,99999,99999,99999,99999,99999,99999,99999,99999,Unofficial,0
