FirstName,LastName,FullName,Bib,AgeGroup,Gender,City,State,Country,CountryISO,SwimTime,BikeTime,RunTime,T1Time,T2Time,FinishTime,SwimSeconds,BikeSeconds,RunSeconds,T1Seconds,T2Seconds,FinishSeconds,OverallRank,GenderRank,AgeGroupRank,SwimRankOverall,SwimRankGender,SwimRankGroup,BikeRankOverall,BikeRankGender,BikeRankGroup,RunRankOverall,RunRankGender,RunRankGroup,Status,Points
Cedric,Osterholt,Cedric Osterholt,32,MPRO,Male,SAABRÜCKEN,SL,Germany,DE,0:23:02,2:07:56,1:13:26,0:01:05,0:02:15,3:47:44,1382,7676,4406,65,135,13664,1,1,1,3,3,3,2,2,2,1,1,1,Finisher,3500
Joran,Driesen,Joran Driesen,55,MPRO,Male,Heverlee,foreigner,Belgium,BE,0:24:52,2:09:03,1:11:15,0:01:11,0:02:27,3:48:47,1492,7743,4275,71,147,13727,2,2,2,28,27,17,5,5,5,2,2,2,Finisher,3481
Janne,Büttel,Janne Büttel,27,MPRO,Male,Saarbrücken,Saarland,Germany,DE,0:23:14,2:07:29,1:15:34,0:01:03,0:02:19,3:49:39,1394,7649,4534,63,139,13779,3,3,3,6,6,6,1,1,1,3,3,3,Finisher,3465
Dorian,Muller,Dorian Muller,34,MPRO,Male,Strasbourg,Grand Est,France,FR,0:26:55,2:05:45,1:14:18,0:01:08,0:02:21,3:50:26,1615,7545,4458,68,141,13826,4,4,4,76,70,30,4,4,4,4,4,4,Finisher,3451
Sven,Thalmann,Sven Thalmann,42,MPRO,Male,Aarau,foreigner,Switzerland,CH,0:23:13,2:12:26,1:12:26,0:01:01,0:02:32,3:51:39,1393,7946,4346,61,152,13899,5,5,5,5,5,5,14,14,13,5,5,5,Finisher,3429
Rémi,Delagarde,Rémi Delagarde,48,MPRO,Male,Fontaine-le-Comte,Nouvelle-Aquitaine,France,FR,0:24:58,2:10:42,1:13:28,0:01:12,0:02:31,3:52:49,1498,7842,4408,72,151,13969,6,6,6,38,37,24,15,15,14,6,6,6,Finisher,3408
Paul,Schuster,Paul Schuster,13,MPRO,Male,Muehltal,HE,Germany,DE,0:24:48,2:11:36,1:12:32,0:01:18,0:02:47,3:53:01,1488,7896,4352,78,167,13981,7,7,7,21,20,11,16,16,15,7,7,7,Finisher,3404
Lennart,Sievers,Lennart Sievers,43,MPRO,Male,Kiel,,Germany,DE,0:23:33,2:11:15,1:14:33,0:01:16,0:02:52,3:53:28,1413,7875,4473,76,172,14008,8,8,8,8,8,8,9,9,9,8,8,8,Finisher,3396
Valentin,Rouvier,Valentin Rouvier,46,MPRO,Male,Les Moussières,,France,FR,0:24:49,2:09:01,1:16:11,0:01:18,0:02:35,3:53:55,1489,7741,4571,78,155,14035,9,9,9,25,24,14,6,6,6,9,9,9,Finisher,3388
Tom,Hug,Tom Hug,11,MPRO,Male,Dietramszell,BY,Germany,DE,0:24:54,2:10:10,1:16:02,0:01:24,0:02:29,3:54:59,1494,7810,4562,84,149,14099,10,10,10,33,32,21,12,12,11,10,10,10,Finisher,3369
Felix,Forissier ,Felix Forissier,28,MPRO,Male,Grenoble,Isère ,France,FR,0:24:49,2:09:52,1:17:31,0:01:05,0:02:17,3:55:35,1489,7792,4651,65,137,14135,11,11,11,24,23,13,8,8,8,11,11,11,Finisher,3358
Erwan,Jacobi,Erwan Jacobi,33,MPRO,Male,AIX-EN-PROVENCE,,France,FR,0:24:53,2:09:01,1:18:26,0:01:24,0:02:27,3:56:11,1493,7741,4706,84,147,14171,12,12,12,30,29,19,7,7,7,12,12,12,Finisher,3347
Fabian,Meeusen,Fabian Meeusen,10,MPRO,Male,Horgen,,Switzerland,CH,0:23:02,2:13:36,1:16:10,0:01:06,0:02:40,3:56:35,1382,8016,4570,66,160,14195,13,13,13,2,2,2,17,17,16,13,13,13,Finisher,3340
Neilan,Kempmann,Neilan Kempmann,23,MPRO,Male,Nuremberg,foreigner,Germany,DE,0:23:31,2:13:09,1:16:19,0:01:07,0:02:35,3:56:41,1411,7989,4579,67,155,14201,14,14,14,7,7,7,18,18,17,14,14,14,Finisher,3338
Brecht,Van Vooren,Brecht Van Vooren,56,MPRO,Male,Denderhoutem,Flemish Region,Belgium,BE,0:24:52,2:10:09,1:17:49,0:01:22,0:02:38,3:56:49,1492,7809,4669,82,158,14209,15,15,15,27,26,16,10,10,10,15,15,15,Finisher,3336
Florent,Lefebvre,Florent Lefebvre,62,MPRO,Male,saint omer capelle,Hauts-de-France,France,FR,0:26:53,2:11:45,1:14:55,0:01:16,0:02:29,3:57:18,1613,7905,4495,76,149,14238,16,16,16,74,68,28,24,24,23,16,16,16,Finisher,3327
Thorben,Scholl,Thorben Scholl,1380,M18-24,Male,Schwäbisch Hall,Baden-Württemberg,Germany,DE,0:24:48,2:09:22,1:18:02,0:02:17,0:02:57,3:57:27,1488,7762,4682,137,177,14247,17,17,1,22,21,3,11,11,1,17,17,1,Finisher,3500
Finn,Sattler,Finn Sattler,40,MPRO,Male,Kempten,,Germany,DE,0:24:52,2:15:21,1:15:00,0:01:13,0:02:28,3:58:54,1492,8121,4500,73,148,14334,18,18,17,29,28,18,27,27,26,18,18,17,Finisher,3299
Justus,Töpper,Justus Töpper,49,MPRO,Male,Markkleeberg,Saxony,Germany,DE,0:23:05,2:14:41,1:17:41,0:01:07,0:02:38,3:59:12,1385,8081,4661,67,158,14352,19,19,18,4,4,4,22,22,21,19,19,18,Finisher,3293
Nils,Huckschlag,Nils Huckschlag,58,MPRO,Male,Darmstadt,foreigner,Germany,DE,0:24:55,2:12:07,1:19:09,0:01:10,0:02:37,3:59:59,1495,7927,4749,70,157,14399,20,20,19,36,35,23,19,19,18,20,20,19,Finisher,3279
Thomas,Ott,Thomas Ott,54,MPRO,Male,Langenselbold,Hesse,Germany,DE,0:24:44,2:10:39,1:21:36,0:01:12,0:02:30,4:00:41,1484,7839,4896,72,150,14441,21,21,20,17,16,9,13,13,12,21,21,20,Finisher,3266
Sam,Steltenpool,Sam Steltenpool,181,M18-24,Male,Amsterdam,NH,Netherlands,NL,0:24:59,2:15:42,1:15:20,0:02:01,0:02:45,4:00:47,1499,8142,4520,121,165,14447,22,22,2,39,38,4,29,29,2,22,22,2,Finisher,3440
Lars,Van Eesbeeck,Lars Van Eesbeeck,25,MPRO,Male,Bertem,,Belgium,BE,0:24:53,2:12:38,1:19:48,0:01:18,0:02:35,4:01:12,1493,7958,4788,78,155,14472,23,23,21,31,30,20,21,21,20,23,23,21,Finisher,3257
Samuel,Studer,Samuel Studer,51,MPRO,Male,Meilen,ZURICH,Switzerland,CH,0:24:45,2:13:36,1:19:23,0:01:09,0:02:27,4:01:20,1485,8016,4763,69,147,14480,24,24,22,18,17,10,23,23,22,24,24,22,Finisher,3255
Pierre,Stieremans,Pierre Stieremans,45,MPRO,Male,Chéreng,,France,FR,0:27:49,2:12:12,1:17:20,0:01:14,0:03:10,4:01:46,1669,7932,4640,74,190,14506,25,25,23,102,92,35,26,26,25,25,25,23,Finisher,3247
Julian Phillip,Becker,Julian Phillip Becker,21,MPRO,Male,Groß-Bieberau,HE,Germany,DE,0:24:49,2:17:35,1:17:42,0:01:10,0:02:56,4:04:11,1489,8255,4662,70,176,14651,26,26,24,23,22,12,33,33,30,26,26,24,Finisher,3203
Thomas,Cremers,Thomas Cremers,60,MPRO,Male,Elst,,Netherlands,NL,1:00:01,,,0:00:00,0:00:00,4:04:56,3601,0,0,0,0,14696,27,27,25,2251,1750,39,99999,99999,99999,27,27,25,Finisher,3190
Manuel,Lessing,Manuel Lessing,30,MPRO,Male,Würzburg,BY,Germany,DE,0:24:55,2:11:57,1:24:10,0:01:25,0:02:38,4:05:05,1495,7917,5050,85,158,14705,28,28,26,35,34,22,20,20,19,28,28,26,Finisher,3187
Devlin,Derudder,Devlin Derudder,29,MPRO,Male,Tielt,Vlaams Gewest,Belgium,BE,0:27:17,2:17:56,1:16:40,0:01:39,0:03:15,4:06:47,1637,8276,4600,99,195,14807,29,29,27,83,77,33,43,43,33,29,29,27,Finisher,3157
Felix,Schiller,Felix Schiller,197,M25-29,Male,Herrsching,BY,Germany,DE,0:24:47,2:20:16,1:17:20,0:02:15,0:02:29,4:07:07,1487,8416,4640,135,149,14827,30,30,1,19,18,4,45,45,3,30,30,1,Finisher,3500
Laurin,Wehrle,Laurin Wehrle,35,MPRO,Male,Löffingen,BADEN-WURTTEMBERG,Germany,DE,0:25:23,2:14:17,1:23:32,0:01:26,0:02:53,4:07:31,1523,8057,5012,86,173,14851,31,31,28,45,44,26,25,25,24,31,31,28,Finisher,3143
Florian,Richard,Florian Richard,252,M30-34,Male,Baillet en France,,France,FR,0:25:10,2:16:05,1:21:58,0:01:46,0:02:57,4:07:56,1510,8165,4918,106,177,14876,32,32,1,41,40,4,30,30,1,32,32,1,Finisher,3500
Marc,Eggeling,Marc Eggeling,20,MPRO,Male,Lahnstein,Rhineland-Palatinate,Germany,DE,0:24:59,2:16:12,1:23:08,0:01:14,0:02:53,4:08:26,1499,8172,4988,74,173,14906,33,33,29,40,39,25,28,28,27,33,33,29,Finisher,3127
Grégoire,Lemaire,Grégoire Lemaire,22,MPRO,Male,Bruxelles,,Belgium,BE,0:27:51,2:13:50,1:22:00,0:01:52,0:03:34,4:09:06,1671,8030,4920,112,214,14946,34,34,30,106,95,37,32,32,29,34,34,30,Finisher,3115
Samuel,Salis,Samuel Salis,325,M30-34,Male,Rapperswil-Jona,,Switzerland,CH,0:29:08,2:14:46,1:19:41,0:02:03,0:03:53,4:09:32,1748,8086,4781,123,233,14972,35,35,2,184,158,26,39,39,3,35,35,2,Finisher,3471
Jakob,Breinlinger,Jakob Breinlinger,41,MPRO,Male,Heidelberg,Baden-Württemberg,Germany,DE,0:24:50,2:17:16,1:24:22,0:01:20,0:03:19,4:11:08,1490,8236,5062,80,199,15068,36,36,31,26,25,15,31,31,28,36,36,31,Finisher,3078
Antoine,Mechin,Antoine Mechin,2142,M35-39,Male,LES MATHES,,France,FR,0:25:23,2:20:56,1:20:07,0:02:00,0:02:56,4:11:23,1523,8456,4807,120,176,15083,37,37,1,44,43,3,49,49,1,37,37,1,Finisher,3500
Samuel,Möhler,Samuel Möhler,2101,M30-34,Male,Karlsruhe,,Germany,DE,0:25:56,2:16:36,1:24:30,0:01:46,0:02:47,4:11:35,1556,8196,5070,106,167,15095,38,38,3,54,52,6,34,34,2,38,38,3,Finisher,3434
Jean,Berthoud,Jean Berthoud,820,M25-29,Male,Lausanne,VD,France,FR,0:24:56,2:20:41,1:21:37,0:02:00,0:03:07,4:12:21,1496,8441,4897,120,187,15141,39,39,2,37,36,5,47,47,4,39,39,2,Finisher,3405
Ruben,Best,Ruben Best,708,M35-39,Male,Hamburg,HH,Germany,DE,0:27:25,2:20:40,1:20:44,0:01:59,0:02:47,4:13:35,1645,8440,4844,119,167,15215,40,40,2,87,79,10,55,55,2,40,40,2,Finisher,3460
Tom,Guillamin,Tom Guillamin,149,M18-24,Male,Fréjus,,France,FR,0:23:57,2:19:04,1:26:04,0:02:05,0:03:14,4:14:25,1437,8344,5164,125,194,15265,41,41,3,10,10,1,38,38,4,41,41,3,Finisher,3194
Nicolas,Brunet,Nicolas Brunet,1150,M25-29,Male,Seynod,,France,FR,0:24:42,2:22:29,1:22:05,0:02:16,0:03:02,4:14:34,1482,8549,4925,136,182,15274,42,42,3,15,14,2,53,53,7,42,42,3,Finisher,3365
Jakob,Heeß,Jakob Heeß,53,MPRO,Male,Weinstadt,Baden-Württemberg,Germany,DE,0:26:53,2:21:52,1:22:08,0:02:06,0:02:12,4:15:11,1613,8512,4928,126,132,15311,43,43,32,75,69,29,63,63,34,43,43,32,Finisher,3005
Philipp,Dressel-Putz,Philipp Dressel-Putz,1181,M25-29,Male,Leipzig,,Germany,DE,0:23:56,2:22:57,1:23:10,0:01:44,0:03:25,4:15:13,1436,8577,4990,104,205,15313,44,44,4,9,9,1,50,50,5,44,44,4,Finisher,3354
Tim,Rieder,Tim Rieder,1493,M18-24,Male,Böblingen,,Germany,DE,0:25:29,2:17:22,1:27:34,0:01:56,0:03:03,4:15:23,1529,8242,5254,116,183,15323,45,45,4,47,46,6,36,36,3,45,45,4,Finisher,3177
Laurent,Lambert,Laurent Lambert,1334,M50-54,Male,Issy Les Moulineaux,,France,FR,0:24:35,2:20:40,1:25:23,0:02:05,0:02:59,4:15:42,1475,8440,5123,125,179,15342,46,46,1,13,13,1,46,46,1,46,46,1,Finisher,3500
Holger,Körner,Holger Körner,224,M30-34,Male,Karlsruhe,,Germany,DE,0:29:32,2:24:09,1:17:10,0:02:06,0:02:49,4:15:46,1772,8649,4630,126,169,15346,47,47,4,209,181,33,95,94,16,47,47,4,Finisher,3359
Jaryd,De Mooij,Jaryd De Mooij,119,M40-44,Male,borchtlombeek,,Belgium,BE,0:28:13,2:18:23,1:22:42,0:03:03,0:03:29,4:15:50,1693,8303,4962,183,209,15350,48,48,1,124,110,1,54,54,1,48,48,1,Finisher,3500
Max,Mahoney,Max Mahoney,36,MPRO,Male,San Francisco,CA,United Kingdom,GB,0:27:36,2:17:12,1:26:40,0:01:26,0:02:58,4:15:52,1656,8232,5200,86,178,15352,49,49,33,95,86,34,41,41,32,49,49,33,Finisher,2993
Arthur,Soler,Arthur Soler,123,M25-29,Male,bourg en bresse,,France,FR,0:27:52,2:19:16,1:21:59,0:02:57,0:03:52,4:15:56,1672,8356,4919,177,232,15356,50,50,5,107,96,15,56,56,8,50,50,5,Finisher,3341
Thomas,Van Looy,Thomas Van Looy,480,M30-34,Male,Antwerpen,,Belgium,BE,0:29:21,2:20:21,1:19:38,0:03:15,0:03:24,4:15:59,1761,8421,4778,195,204,15359,51,51,5,197,171,30,80,79,10,51,51,5,Finisher,3355
Marcel,Ottiger,Marcel Ottiger,554,M30-34,Male,Langenbach,SACHSEN,Germany,DE,0:29:30,2:19:45,1:20:57,0:02:32,0:03:17,4:16:00,1770,8385,4857,152,197,15360,52,52,6,208,180,32,72,72,9,52,52,6,Finisher,3354
Raidt,Jan,Raidt Jan,2067,M30-34,,,,Germany,DE,0:27:40,2:21:30,1:22:01,0:02:03,0:02:49,4:16:03,1660,8490,4921,123,169,15363,53,53,7,96,87,13,67,67,7,53,53,7,Finisher,3353
Raoul,Metcalfe,Raoul Metcalfe,991,M25-29,Male,London,ESS,United Kingdom,GB,0:26:38,2:17:34,1:25:58,0:02:18,0:03:53,4:16:21,1598,8254,5158,138,233,15381,54,54,6,67,61,8,42,42,2,54,54,6,Finisher,3333
Max ,Fetzer,Max Fetzer,1620,M30-34,Male,Frankfurt,,Germany,DE,0:24:26,2:24:36,1:23:12,0:01:54,0:02:18,4:16:27,1466,8676,4992,114,138,15387,55,55,8,11,11,1,65,65,6,55,55,8,Finisher,3346
Nils,Klein,Nils Klein,2039,M35-39,Male,Pirmasens,,Germany,DE,0:30:57,2:16:47,1:22:49,0:02:55,0:03:30,4:16:58,1857,8207,4969,175,210,15418,56,56,3,322,268,48,59,59,3,56,56,3,Finisher,3399
Tobias,Hallebach,Tobias Hallebach,186,M25-29,Male,Essen,,Germany,DE,0:27:51,2:21:17,1:22:25,0:02:24,0:03:23,4:17:19,1671,8477,4945,144,203,15439,57,57,7,105,94,14,70,70,11,57,57,7,Finisher,3316
Simon ,Klis ,Simon Klis,1412,M18-24,Male,Neufchef,MOSELLE,France,FR,0:25:11,2:28:41,1:19:03,0:02:19,0:02:52,4:18:05,1511,8921,4743,139,172,15485,58,58,5,42,41,5,100,99,14,58,58,5,Finisher,3128
Daniela,Kleiser,Daniela Kleiser,5006,FPRO,Female,Sauerlach,BY,Germany,DE,0:31:41,2:25:48,1:16:13,0:01:24,0:02:59,4:18:06,1901,8748,4573,84,179,15486,59,1,1,392,66,12,131,5,5,59,1,1,Finisher,3500
Philipp,Widmann,Philipp Widmann,803,M35-39,Male,Meiningen,THURINGEN,Germany,DE,0:26:42,2:21:32,1:23:57,0:02:37,0:03:29,4:18:17,1602,8492,5037,157,209,15497,60,59,4,68,62,5,64,64,5,60,59,4,Finisher,3375
Moritz,Bickel,Moritz Bickel,2503,M30-34,Male,Eberstadt,,Germany,DE,0:26:49,2:22:14,1:23:47,0:02:14,0:03:14,4:18:17,1609,8534,5027,134,194,15497,61,60,9,70,64,10,69,69,8,61,60,9,Finisher,3313
Lukas,Koser,Lukas Koser,37,MPRO,Male,Freiburg im Breisgau,Baden-Württemberg,Germany,DE,0:25:25,2:18:23,1:30:20,0:01:14,0:02:58,4:18:20,1525,8303,5420,74,178,15500,62,61,34,46,45,27,37,37,31,62,61,34,Finisher,2949
Elias,Schwarze,Elias Schwarze,2289,M18-24,Male,73540,Baden-Württemberg,Germany,DE,0:28:04,2:17:35,1:28:48,0:02:21,0:02:27,4:19:15,1684,8255,5328,141,147,15555,63,62,6,119,105,14,48,48,7,63,62,6,Finisher,3107
Manuel ,Gayer,Manuel Gayer,1116,M25-29,Male,Vaihingen an der Enz,BADEN-WURTTEMBERG,Germany,DE,0:28:39,2:19:31,1:25:29,0:02:35,0:03:31,4:19:46,1719,8371,5129,155,211,15586,64,63,8,145,130,19,62,62,9,64,63,8,Finisher,3272
Daniel,Hahn,Daniel Hahn,39,MPRO,Male,Buxtehude,,Germany,DE,0:27:50,2:25:26,1:22:09,0:01:43,0:02:45,4:19:53,1670,8726,4929,103,165,15593,65,64,35,104,93,36,89,88,35,65,64,35,Finisher,2921
Emil,Skræm,Emil Skræm,114,M18-24,Male,Odense,SYDDANMARK,Denmark,DK,0:29:08,2:20:13,1:24:11,0:03:22,0:03:16,4:20:11,1748,8413,5051,202,196,15611,66,65,7,185,159,18,78,77,11,66,65,7,Finisher,3090
Matthias,Sprenger,Matthias Sprenger,174,M35-39,Male,Hombrechtikon,,Switzerland,CH,0:26:57,2:21:25,1:26:46,0:02:17,0:03:07,4:20:33,1617,8485,5206,137,187,15633,67,66,5,77,71,7,60,60,4,67,66,5,Finisher,3335
Tyler,Smuda,Tyler Smuda,1091,M18-24,Male,Bottrop,North Rhine-Westphalia,Germany,DE,0:25:45,2:22:48,1:27:23,0:02:01,0:02:38,4:20:36,1545,8568,5243,121,158,15636,68,67,8,50,48,7,58,58,8,68,67,8,Finisher,3083
Jasper,Püschel,Jasper Püschel,822,M30-34,Male,München,Bavaria,Germany,DE,0:29:30,2:22:32,1:23:17,0:02:12,0:03:05,4:20:36,1770,8552,4997,132,185,15636,69,68,10,206,178,31,86,85,14,69,68,10,Finisher,3272
Loanne,Duvoisin,Loanne Duvoisin,5014,FPRO,Female,Sursee,LUZERN,Switzerland,CH,0:28:58,2:28:38,1:19:07,0:01:11,0:02:44,4:20:38,1738,8918,4747,71,164,15638,70,2,2,167,22,3,129,4,4,70,2,2,Finisher,3454
Luis,Lorenz,Luis Lorenz,1120,M25-29,Male,Bruchsal,BW,Germany,DE,0:24:42,2:17:59,1:32:55,0:01:44,0:03:24,4:20:44,1482,8279,5575,104,204,15644,71,69,9,16,15,3,35,35,1,71,69,9,Finisher,3254
Florian,Martin,Florian Martin,1770,M30-34,Male,Paris,Île-de-France,France,FR,0:30:01,2:23:32,1:21:41,0:02:52,0:02:56,4:21:01,1801,8612,4901,172,176,15661,72,70,11,247,206,37,102,101,18,72,70,11,Finisher,3264
Lena,Meißner,Lena Meißner,5005,FPRO,Female,Saarbrücken,SL,Germany,DE,0:25:39,2:25:54,1:25:39,0:01:09,0:02:54,4:21:15,1539,8754,5139,69,174,15675,73,3,3,49,2,1,77,1,1,73,3,3,Finisher,3443
Christopher,Holtz,Christopher Holtz,687,M25-29,Male,Göttingen,,Germany,DE,0:30:15,2:22:24,1:22:38,0:02:35,0:03:26,4:21:17,1815,8544,4958,155,206,15677,74,71,10,262,218,35,90,89,15,74,71,10,Finisher,3245
Dominik,Hartl,Dominik Hartl,2358,M30-34,Male,München,BY,Germany,DE,0:29:52,2:24:26,1:22:05,0:02:08,0:02:48,4:21:20,1792,8666,4925,128,168,15680,75,72,12,234,198,36,103,102,19,75,72,12,Finisher,3258
Pierre,VALENTIN,Pierre VALENTIN,1425,M25-29,Male,Yutz,Grand Est,France,FR,0:30:30,2:22:27,1:22:56,0:03:20,0:02:17,4:21:28,1830,8547,4976,200,137,15688,76,73,11,280,229,37,101,100,16,76,73,11,Finisher,3241
Stefan,Ging,Stefan Ging,1004,M35-39,Male,Zofingen,,Switzerland,CH,0:27:47,2:23:03,1:24:57,0:02:22,0:03:25,4:21:33,1667,8583,5097,142,205,15693,77,74,6,99,89,13,82,81,8,77,74,6,Finisher,3317
Yannik,Weber,Yannik Weber,1127,M30-34,Male,Karlsruhe,BADEN-WURTTEMBERG,Germany,DE,0:30:52,2:24:42,1:21:15,0:02:44,0:02:32,4:22:05,1852,8682,4875,164,152,15725,78,75,13,316,262,44,125,122,24,78,75,13,Finisher,3245
Marius,Overdick,Marius Overdick,277,M30-34,Male,Hofheim,,Germany,DE,0:26:37,2:20:55,1:28:58,0:03:02,0:02:54,4:22:26,1597,8455,5338,182,174,15746,79,76,14,66,60,9,57,57,5,79,76,14,Finisher,3239
Victor,Soler,Victor Soler,122,M18-24,Male,Bourg en Bresse,,France,FR,0:28:55,2:15:52,1:32:10,0:02:30,0:03:22,4:22:49,1735,8152,5530,150,202,15769,80,77,9,164,144,17,44,44,6,80,77,9,Finisher,3043
Philipp,Neumeister,Philipp Neumeister,2519,M30-34,Male,Wien,,Germany,DE,0:32:33,2:23:51,1:20:38,0:03:00,0:03:09,4:23:12,1953,8631,4838,180,189,15792,81,78,15,494,403,66,141,135,28,81,78,15,Finisher,3225
Jens,Müller,Jens Müller,291,M45-49,Male,Künzelsau,BADEN-WURTTEMBERG,Germany,DE,0:28:30,2:25:22,1:23:24,0:02:49,0:03:15,4:23:20,1710,8722,5004,169,195,15800,82,79,1,140,125,8,106,105,3,82,79,1,Finisher,3500
Urs,Müller,Urs Müller,2054,M40-44,Male,Stallikon,,Switzerland,CH,0:28:23,2:19:38,1:28:55,0:02:43,0:03:42,4:23:21,1703,8378,5335,163,222,15801,83,80,2,132,118,2,61,61,2,83,80,2,Finisher,3364
Sönke,Droska,Sönke Droska,57,MPRO,Male,Neumünster,Schleswigholstein,Germany,DE,0:27:02,2:27:23,1:24:25,0:01:32,0:03:06,4:23:29,1622,8843,5065,92,186,15809,84,81,36,79,73,31,98,97,38,84,81,36,Finisher,2856
Daniela,Bleymehl,Daniela Bleymehl,5004,FPRO,Female,Darmstadt,,Germany,DE,0:29:06,2:26:01,1:24:01,0:01:46,0:02:48,4:23:43,1746,8761,5041,106,168,15823,85,4,4,182,26,6,107,2,2,85,4,4,Finisher,3398
Marc,Weiler,Marc Weiler,806,M30-34,Male,Erlangen,Bayern,Germany,DE,0:28:56,2:26:22,1:22:35,0:03:07,0:02:59,4:23:59,1736,8782,4955,187,179,15839,86,82,16,165,145,23,126,123,25,86,82,16,Finisher,3211
Tobias,Kron,Tobias Kron,160,M25-29,Male,Ettingen,,Switzerland,CH,0:25:54,2:23:25,1:30:00,0:01:57,0:02:47,4:24:02,1554,8605,5400,117,167,15842,87,83,12,51,49,6,68,68,10,87,83,12,Finisher,3195
Daniel,Benkert,Daniel Benkert,193,M30-34,Male,Langenzenn,BAYERN,Germany,DE,0:30:43,2:24:16,1:24:20,0:02:00,0:03:00,4:24:18,1843,8656,5060,120,180,15858,88,84,17,303,250,40,109,107,21,88,84,17,Finisher,3205
Ralf,Preissl,Ralf Preissl,111,M50-54,Male,Regenstauf,BAYERN,Germany,DE,0:28:24,2:20:53,1:30:15,0:02:20,0:02:52,4:24:43,1704,8453,5415,140,172,15883,89,85,2,133,119,6,71,71,2,89,85,2,Finisher,3337
Blazej,Manczak,Blazej Manczak,211,M25-29,Male,Gdynia,pomorskie,Poland,PL,0:27:49,2:26:51,1:23:30,0:03:20,0:03:16,4:24:46,1669,8811,5010,200,196,15886,90,86,13,100,90,12,120,117,19,90,86,13,Finisher,3182
Tim,Kramer,Tim Kramer,298,M25-29,Male,Maria Alm,,Netherlands,NL,0:29:01,2:19:59,1:28:57,0:02:59,0:03:57,4:24:53,1741,8399,5337,179,237,15893,91,87,14,172,149,22,73,73,12,91,87,14,Finisher,3180
Florian,Schedlbauer,Florian Schedlbauer,1190,M45-49,Male,Metten,,Germany,DE,0:28:00,2:26:03,1:24:12,0:03:21,0:03:24,4:25:01,1680,8763,5052,201,204,15901,92,88,2,117,103,3,113,110,5,92,88,2,Finisher,3469
Maximilian,Wechner,Maximilian Wechner,2344,M30-34,Male,Planegg,Bavaria,Germany,DE,0:28:25,2:29:11,1:23:10,0:01:52,0:02:33,4:25:11,1705,8951,4990,112,153,15911,93,89,18,134,120,16,142,136,29,93,89,18,Finisher,3189
Kenzie,Lenaerts,Kenzie Lenaerts,1034,M30-34,Male,Mechelen,ANTWERPEN,Belgium,BE,0:27:20,2:26:39,1:26:40,0:01:58,0:02:36,4:25:14,1640,8799,5200,118,156,15914,94,90,19,85,78,11,99,98,17,94,90,19,Finisher,3188
Johannes,Pfaff,Johannes Pfaff,601,M30-34,Male,Zell am See,,Germany,DE,0:28:40,2:24:47,1:25:12,0:03:04,0:03:39,4:25:22,1720,8687,5112,184,219,15922,95,91,20,147,132,19,105,104,20,95,91,20,Finisher,3186
Ali,Oubihi,Ali Oubihi,1481,M35-39,Male,Gex,,Morocco,MA,0:30:19,2:27:44,1:20:36,0:03:25,0:03:26,4:25:30,1819,8864,4836,205,206,15930,96,92,7,268,221,36,174,163,25,96,92,7,Finisher,3245
Merle,Brunnée,Merle Brunnée,5012,FPRO,Female,Heidelberg,BW,Germany,DE,0:33:59,2:24:48,1:22:08,0:02:05,0:02:44,4:25:44,2039,8688,4928,125,164,15944,97,5,5,645,113,15,162,8,7,97,5,5,Finisher,3362
Saskia,Haug,Saskia Haug,5023,FPRO,Female,Karlsruhe,,Germany,DE,0:29:06,2:30:44,1:22:09,0:01:13,0:02:50,4:26:01,1746,9044,4929,73,170,15961,98,6,6,179,25,5,168,10,9,98,6,6,Finisher,3357
Charlene,Clavel,Charlene Clavel,5008,FPRO,Female,VICHY,,France,FR,0:29:57,2:25:51,1:26:12,0:01:33,0:02:47,4:26:20,1797,8751,5172,93,167,15980,99,7,7,240,39,8,112,3,3,99,7,7,Finisher,3351
Alexander,Scharkosi,Alexander Scharkosi,167,M35-39,Male,Vienna,,Austria,AT,0:28:49,2:27:58,1:24:07,0:02:37,0:03:00,4:26:31,1729,8878,5047,157,180,15991,100,93,8,157,139,22,140,134,18,100,93,8,Finisher,3227
Marek,Jaskolka,Marek Jaskolka,2456,M50-54,Male,Ritterhude,Other,Poland,PL,0:25:55,2:31:54,1:23:02,0:02:30,0:03:10,4:26:32,1555,9114,4982,150,190,15992,101,94,3,53,51,2,150,143,4,101,94,3,Finisher,3305
Thibault,Bollen,Thibault Bollen,268,M25-29,Male,Kortrijk,,Belgium,BE,0:28:06,2:31:01,1:21:26,0:03:34,0:02:42,4:26:49,1686,9061,4886,214,162,16009,102,95,15,120,106,17,196,184,26,102,95,15,Finisher,3145
Raphael,Junghans,Raphael Junghans,15,MPRO,Male,Nürnberg,Bavaria,Germany,DE,0:28:28,2:25:53,1:27:45,0:01:24,0:03:19,4:26:50,1708,8753,5265,84,199,16010,103,96,37,136,121,38,94,93,36,103,96,37,Finisher,2796
Thomas,Müller,Thomas Müller,2399,M35-39,Male,Hamburg ,HAMBURG,Germany,DE,0:29:27,2:25:21,1:26:04,0:02:57,0:03:08,4:26:57,1767,8721,5164,177,188,16017,104,97,9,202,174,29,117,114,12,104,97,9,Finisher,3219
Michael,Krahn,Michael Krahn,1191,M35-39,Male,Fürth,,Germany,DE,0:29:04,2:21:06,1:30:48,0:02:52,0:03:22,4:27:11,1744,8466,5448,172,202,16031,105,98,10,175,152,23,81,80,7,105,98,10,Finisher,3215
Heiko,Eberhardt,Heiko Eberhardt,807,M40-44,Male,Puch bei Hallein,Salzburg,Germany,DE,0:29:56,2:25:26,1:26:04,0:02:49,0:03:22,4:27:37,1796,8726,5164,169,202,16057,106,99,3,239,201,8,121,118,4,106,99,3,Finisher,3287
Erik,Schartmann,Erik Schartmann,1163,M30-34,Male,Köln,,Germany,DE,0:27:33,2:23:54,1:31:33,0:01:56,0:02:53,4:27:49,1653,8634,5493,116,173,16069,107,100,21,93,84,12,83,82,11,107,100,21,Finisher,3142
Reif,Armin,Reif Armin,1924,M35-39,Male,Zwiesel,,Germany,DE,0:31:18,2:27:31,1:22:26,0:03:25,0:03:29,4:28:09,1878,8851,4946,205,209,16089,108,101,11,358,297,54,189,177,28,108,101,11,Finisher,3198
Emile,Lampens,Emile Lampens,272,M25-29,Male,Gent,OOST-VLAANDEREN,Belgium,BE,0:32:44,2:25:02,1:24:54,0:02:50,0:02:48,4:28:18,1964,8702,5094,170,168,16098,109,102,16,511,414,56,158,151,22,109,102,16,Finisher,3118
Ralph,Zirkler,Ralph Zirkler,213,M30-34,Male,Regensburg,foreigner,Germany,DE,0:30:45,2:30:21,1:19:58,0:03:08,0:04:22,4:28:33,1845,9021,4798,188,262,16113,110,103,22,307,254,41,218,205,39,110,103,22,Finisher,3128
Stijn,Veldeman,Stijn Veldeman,1056,M45-49,Male,Dendermonde,,Belgium,BE,0:28:23,2:31:17,1:22:53,0:02:41,0:03:36,4:28:50,1703,9077,4973,161,216,16130,111,104,3,131,117,7,192,180,16,111,104,3,Finisher,3401
Daniel,Ripke,Daniel Ripke,481,M45-49,Male,Ludwigshafen am Rhein,,Germany,DE,0:37:38,2:23:09,1:21:39,0:03:14,0:03:14,4:28:53,2258,8589,4899,194,194,16133,112,105,4,1181,958,95,210,198,18,112,105,4,Finisher,3400
Rene,Feldgen,Rene Feldgen,127,M45-49,Male,Nörvenich,NW,Germany,DE,0:33:33,2:18:35,1:30:02,0:02:49,0:03:56,4:28:54,2013,8315,5402,169,236,16134,113,106,5,598,490,44,88,87,1,113,106,5,Finisher,3399
Hella,Haak,Hella Haak,155,F25-29,Female,Freiburg im Breisgau,,Germany,DE,0:30:37,2:28:08,1:25:12,0:02:25,0:02:39,4:29:01,1837,8888,5112,145,159,16141,114,8,1,294,53,16,170,11,2,114,8,1,Finisher,3500
Florian,MAGUERRE,Florian MAGUERRE,1894,M25-29,,,,France,FR,0:25:54,2:28:04,1:28:13,0:02:58,0:03:54,4:29:04,1554,8884,5293,178,234,16144,115,107,17,52,50,7,108,106,17,115,107,17,Finisher,3104
Joona,Lehtonen,Joona Lehtonen,47,MPRO,Male,Tampere,,Finland,FI,0:27:06,2:27:07,1:30:01,0:01:39,0:03:20,4:29:13,1626,8827,5401,99,200,16153,116,108,38,80,74,32,97,96,37,116,108,38,Finisher,2753
Alexandre,FLORIMOND,Alexandre FLORIMOND,2402,M45-49,Male,CHARMES LA COTE,,France,FR,0:29:35,2:25:52,1:27:08,0:03:15,0:03:27,4:29:17,1775,8752,5228,195,207,16157,117,109,6,212,183,13,128,125,8,117,109,6,Finisher,3392
Fabian,Permentier,Fabian Permentier,113,M30-34,Male,Berchem,,Belgium,BE,0:30:19,2:28:39,1:23:22,0:03:39,0:03:28,4:29:28,1819,8919,5002,219,208,16168,118,110,23,269,222,39,195,183,37,118,110,23,Finisher,3112
Darian,Rau,Darian Rau,1206,M18-24,Male,Herrenberg,Baden-Württemberg,Germany,DE,0:33:59,2:22:39,1:26:58,0:02:36,0:03:18,4:29:30,2039,8559,5218,156,198,16170,119,111,10,646,533,50,138,132,17,119,111,10,Finisher,2923
Noah,Radziej,Noah Radziej,2412,M18-24,Male,Neubeuern,Bavaria,Germany,DE,0:30:15,2:23:22,1:30:49,0:02:05,0:03:04,4:29:36,1815,8602,5449,125,184,16176,120,112,11,263,219,20,93,92,13,120,112,11,Finisher,2921
Jörn,Basel,Jörn Basel,2390,M45-49,Male,Zürich,ZH,Germany,DE,0:30:38,2:25:38,1:25:06,0:04:37,0:03:42,4:29:40,1838,8738,5106,277,222,16180,121,113,7,296,243,18,163,155,11,121,113,7,Finisher,3386
Marius,Lindemann,Marius Lindemann,161,M35-39,Male,Unna,,Germany,DE,0:25:16,2:28:04,1:31:00,0:02:07,0:03:21,4:29:48,1516,8884,5460,127,201,16188,122,114,12,43,42,2,92,91,9,122,114,12,Finisher,3168
Louison,Gallet,Louison Gallet,1000,M25-29,Male,Buigny St Maclou,,France,FR,0:29:27,2:26:23,1:28:55,0:01:56,0:03:10,4:29:50,1767,8783,5335,116,190,16190,123,115,18,201,173,26,118,115,18,123,115,18,Finisher,3091
Alban,Bofelli,Alban Bofelli,173,M25-29,Male,BOURG ST ANDEOL,,France,FR,0:26:52,2:23:45,1:34:33,0:01:59,0:02:44,4:29:53,1612,8625,5673,119,164,16193,124,116,19,73,67,10,76,76,14,124,116,19,Finisher,3090
Jan,Talaszka,Jan Talaszka,2197,M40-44,Male,Altshausen,BADEN-WURTTEMBERG,Germany,DE,0:31:37,2:31:08,1:21:04,0:03:00,0:03:26,4:30:16,1897,9068,4864,180,206,16216,125,117,4,385,323,25,238,224,15,125,117,4,Finisher,3240
Alexandre,Delaure,Alexandre Delaure,1248,M30-34,Male,Lyon,RHONE,France,FR,0:27:55,2:27:40,1:27:32,0:03:29,0:04:10,4:30:45,1675,8860,5252,209,250,16245,126,118,24,110,98,14,134,128,26,126,118,24,Finisher,3089
Sebastian,Häge,Sebastian Häge,125,M40-44,Male,Zaisenhausen,Baden-Württemberg,Germany,DE,0:33:06,2:24:03,1:25:53,0:03:54,0:03:52,4:30:48,1986,8643,5153,234,232,16248,127,119,5,562,456,43,167,158,7,127,119,5,Finisher,3230
Bent,Estler,Bent Estler,2471,M30-34,Male,Tübingen,,Germany,DE,0:25:33,2:26:01,1:33:42,0:02:38,0:03:17,4:31:12,1533,8761,5622,158,197,16272,128,120,25,48,47,5,85,84,13,128,120,25,Finisher,3081
Dominik,Link,Dominik Link,107,M30-34,Male,Oberstaufen,BAYERN,Germany,DE,0:29:21,2:26:18,1:29:46,0:02:36,0:03:11,4:31:12,1761,8778,5386,156,191,16272,129,121,26,196,170,29,123,120,23,129,121,26,Finisher,3081
Giuseppe,Gavotti,Giuseppe Gavotti,153,M50-54,Male,Howald,,Italy,IT,0:30:35,2:26:42,1:27:35,0:02:34,0:04:25,4:31:50,1835,8802,5255,154,265,16310,130,122,4,290,239,16,146,140,3,130,122,4,Finisher,3209
Jan Luca,Oechler,Jan Luca Oechler,362,M25-29,Male,Frankfurt am Main,Hessen,Germany,DE,0:32:12,2:25:32,1:26:09,0:03:40,0:04:27,4:32:00,1932,8732,5169,220,267,16320,131,123,20,448,368,51,173,162,23,131,123,20,Finisher,3052
Tino,Poletti,Tino Poletti,283,M30-34,Male,Hergiswil,,Switzerland,CH,0:26:18,2:25:18,1:34:24,0:02:45,0:03:18,4:32:02,1578,8718,5664,165,198,16322,132,124,27,63,58,8,87,86,15,132,124,27,Finisher,3066
Nicolas,Poletti,Nicolas Poletti,285,M30-34,Male,Allschwil,,Switzerland,CH,0:24:54,2:22:12,1:39:29,0:02:16,0:03:17,4:32:08,1494,8532,5969,136,197,16328,133,125,28,32,31,2,52,52,4,133,125,28,Finisher,3064
Ursula,Trützschler,Ursula Trützschler,1623,F25-29,Female,Frankfurt,,Germany,DE,0:26:29,2:31:41,1:27:11,0:02:06,0:04:44,4:32:11,1589,9101,5231,126,284,16331,134,9,2,64,6,3,147,7,1,134,9,2,Finisher,3443
Enrico,Polini,Enrico Polini,129,M35-39,Male,Zurich,ZURICH,Italy,IT,0:29:17,2:30:01,1:26:17,0:02:48,0:03:50,4:32:13,1757,9001,5177,168,230,16333,135,126,13,192,166,27,187,175,27,135,126,13,Finisher,3125
Aron,Huc,Aron Huc,1161,M35-39,Male,Katowice,śląskie,Poland,PL,0:35:48,2:29:18,1:20:21,0:03:12,0:03:48,4:32:27,2148,8958,4821,192,228,16347,136,127,14,889,730,121,278,256,40,136,127,14,Finisher,3120
Simon,Van Herreweghe ,Simon Van Herreweghe,550,M40-44,Male,Eppegem ,Flemish Region,Belgium,BE,0:36:03,2:21:06,1:28:38,0:03:37,0:03:08,4:32:31,2163,8466,5318,217,188,16351,137,128,6,935,769,85,161,154,6,137,128,6,Finisher,3199
Georg,Weiler,Georg Weiler,937,M45-49,Male,Lahnstein,,Germany,DE,0:28:16,2:26:00,1:32:28,0:02:15,0:03:49,4:32:47,1696,8760,5548,135,229,16367,138,129,8,128,114,5,104,103,2,138,129,8,Finisher,3329
JOHANNES,SARTOR,JOHANNES SARTOR,1930,M35-39,Male,Nördlingen ,BAYERN,Germany,DE,0:31:16,2:25:48,1:28:45,0:03:30,0:03:32,4:32:51,1876,8748,5325,210,212,16371,139,130,15,355,294,53,157,150,22,139,130,15,Finisher,3113
Niklas,Farnleitner,Niklas Farnleitner,1372,M18-24,Male,Naas,Styria,Austria,AT,0:28:52,2:23:15,1:34:56,0:03:06,0:02:44,4:32:54,1732,8595,5696,186,164,16374,140,131,12,160,141,16,91,90,12,140,131,12,Finisher,2861
Jonas Sebastian,Neumann,Jonas Sebastian Neumann,138,M18-24,Male,Liederbach am Taunus,HESSEN,Germany,DE,0:26:15,2:29:02,1:31:37,0:02:21,0:03:40,4:32:55,1575,8942,5497,141,220,16375,141,132,13,59,55,9,116,113,16,141,132,13,Finisher,2861
Philipp,Heinz,Philipp Heinz,1349,M35-39,Male,Witterda,foreigner,Germany,DE,0:30:44,2:27:30,1:28:02,0:02:31,0:04:09,4:32:56,1844,8850,5282,151,249,16376,142,133,16,306,253,46,160,153,23,142,133,16,Finisher,3112
Jannik,Dickemann,Jannik Dickemann,890,M18-24,Male,Bretten,,Germany,DE,0:30:33,2:26:59,1:28:17,0:03:31,0:03:39,4:32:59,1833,8819,5297,211,219,16379,143,134,14,286,235,21,169,159,18,143,134,14,Finisher,2860
Nils,Hümmer,Nils Hümmer,284,M30-34,Male,Eltmann,,Germany,DE,0:29:38,2:30:39,1:27:45,0:02:07,0:02:52,4:33:01,1778,9039,5265,127,172,16381,144,135,29,217,188,34,193,181,36,144,135,29,Finisher,3048
Laurent,Urrutia,Laurent Urrutia,2201,M50-54,Male,Voisins le Bretonneux,,France,FR,0:34:41,2:22:25,1:27:50,0:03:26,0:04:40,4:33:02,2081,8545,5270,206,280,16382,145,136,5,727,596,58,154,147,5,145,136,5,Finisher,3188
Daniel,Klinkhammer,Daniel Klinkhammer,178,M40-44,Male,Köln,NORDRHEIN-WESTFALEN,Germany,DE,0:33:24,2:22:02,1:30:32,0:03:33,0:03:37,4:33:09,2004,8522,5432,213,217,16389,146,137,7,584,476,50,133,127,5,146,137,7,Finisher,3188
Maarten,Vermeulen,Maarten Vermeulen,840,M40-44,Male,Messelbroek,,Belgium,BE,0:30:07,2:31:24,1:26:16,0:02:42,0:02:52,4:33:22,1807,9084,5176,162,172,16402,147,138,8,253,211,12,219,206,12,147,138,8,Finisher,3184
Tim,Von Der Stein,Tim Von Der Stein,1365,M30-34,Male,Köln,NORDRHEIN-WESTFALEN,Germany,DE,0:28:39,2:28:24,1:31:08,0:02:15,0:03:03,4:33:29,1719,8904,5468,135,183,16409,148,139,30,146,131,18,139,133,27,148,139,30,Finisher,3040
Martin,Schneider,Martin Schneider,299,M18-24,Male,Stadtbergen,BY,Germany,DE,0:24:31,2:19:08,1:43:53,0:02:21,0:03:41,4:33:34,1471,8348,6233,141,221,16414,149,140,15,12,12,2,40,40,5,149,140,15,Finisher,2849
Arnaud,Einsetler,Arnaud Einsetler,1414,M30-34,Male,Yutz,,France,FR,0:28:34,2:28:25,1:30:34,0:02:46,0:03:22,4:33:40,1714,8905,5434,166,202,16420,150,141,31,143,128,17,144,138,30,150,141,31,Finisher,3036
Max,Ehrl,Max Ehrl,929,M30-34,Male,Regensburg,Bavaria,Germany,DE,0:32:10,2:27:13,1:26:36,0:04:50,0:03:01,4:33:49,1930,8833,5196,290,181,16429,151,142,32,443,364,62,217,204,38,151,142,32,Finisher,3034
Dominic,Elm,Dominic Elm,234,M35-39,Male,Stephanskirchen,,Germany,DE,0:27:11,2:28:05,1:31:04,0:03:34,0:03:57,4:33:51,1631,8885,5464,214,237,16431,152,143,17,82,76,9,130,126,14,152,143,17,Finisher,3095
Maarten,Van Wesemael,Maarten Van Wesemael,1275,M30-34,Male,Erwetegem,OOST-VLAANDEREN,Belgium,BE,0:33:01,2:21:55,1:32:22,0:03:17,0:03:23,4:33:58,1981,8515,5542,197,203,16438,153,144,33,548,443,74,122,119,22,153,144,33,Finisher,3031
Matthias,Fischer,Matthias Fischer,2103,M30-34,Male,Ulm,,Germany,DE,0:28:54,2:28:17,1:30:43,0:03:22,0:02:48,4:34:04,1734,8897,5443,202,168,16444,154,145,34,162,142,22,156,149,32,154,145,34,Finisher,3029
Rob,Kwaaitaal,Rob Kwaaitaal,1407,M55-59,Male,Nijmegen,Gelderland,Netherlands,NL,0:26:16,2:33:07,1:29:37,0:02:20,0:03:15,4:34:35,1576,9187,5377,140,195,16475,155,146,1,60,56,1,180,168,2,155,146,1,Finisher,3500
Fabian,Mottl,Fabian Mottl,2278,M45-49,Male,Kolbermoor,,Germany,DE,0:30:13,2:27:34,1:28:53,0:04:00,0:03:59,4:34:39,1813,8854,5333,240,239,16479,156,147,9,260,216,16,182,170,13,156,147,9,Finisher,3296
Simon,Collard,Simon Collard,907,M40-44,Male,waremme,LIEGE,Belgium,BE,0:33:33,2:19:26,1:35:36,0:02:48,0:03:30,4:34:54,2013,8366,5736,168,210,16494,157,148,9,597,489,52,96,95,3,157,148,9,Finisher,3156
Jose,Lozano,Jose Lozano,1060,M30-34,Male,Ámsterdam,,Spain,ES,0:28:48,2:28:55,1:30:26,0:03:14,0:03:50,4:35:13,1728,8935,5426,194,230,16513,158,149,35,156,138,21,165,157,33,158,149,35,Finisher,3008
Pascal,Deubel,Pascal Deubel,413,M35-39,Male,Lampertheim,Hessen,Germany,DE,0:27:59,2:27:43,1:32:40,0:02:36,0:04:28,4:35:25,1679,8863,5560,156,268,16525,159,150,18,116,102,15,124,121,13,159,150,18,Finisher,3067
Matthias,Fischer,Matthias Fischer,682,M35-39,Male,Geisenheim,,Germany,DE,0:31:08,2:25:32,1:32:51,0:02:33,0:03:23,4:35:28,1868,8732,5571,153,203,16528,160,151,19,342,284,49,137,131,17,160,151,19,Finisher,3066
Selim,Cevik,Selim Cevik,933,M45-49,Male,Zurich,Zurich,Turkey,TR,0:28:30,2:29:24,1:32:13,0:02:25,0:03:32,4:36:04,1710,8964,5533,145,212,16564,161,152,10,141,126,9,149,142,10,161,152,10,Finisher,3270
Jannes ,Wolf,Jannes Wolf,548,M18-24,Male,Sauzin,MV,Germany,DE,0:30:54,2:27:29,1:30:16,0:03:29,0:03:56,4:36:05,1854,8849,5416,209,236,16565,162,153,16,319,265,24,185,173,21,162,153,16,Finisher,2804
Thomas,Schneider,Thomas Schneider,1348,M35-39,Male,Buchenberg,,Germany,DE,0:27:41,2:28:58,1:32:35,0:02:28,0:04:24,4:36:07,1661,8938,5555,148,264,16567,163,154,20,97,88,12,136,130,16,163,154,20,Finisher,3054
Alexandre,Goeller,Alexandre Goeller,1712,M35-39,Male,Lisboa,,France,FR,0:32:16,2:24:09,1:33:46,0:02:41,0:03:18,4:36:10,1936,8649,5626,161,198,16570,164,155,21,459,375,68,135,129,15,164,155,21,Finisher,3053
Vincent,Schipperges,Vincent Schipperges,1852,M30-34,Male,Freiburg i. Br.,,Germany,DE,0:26:17,2:24:57,1:38:54,0:02:29,0:03:40,4:36:17,1577,8697,5934,149,220,16577,165,156,36,62,57,7,84,83,12,165,156,36,Finisher,2989
Katharina,Krüger,Katharina Krüger,5007,FPRO,Female,Schwerte,foreigner,Germany,DE,0:27:55,2:31:50,1:32:10,0:01:15,0:03:10,4:36:20,1675,9110,5530,75,190,16580,166,10,8,111,13,2,166,9,8,166,10,8,Finisher,3171
Finn ,Voh,Finn Voh,2520,M18-24,Male,Althütte,Baden-Württemberg,Germany,DE,0:32:44,2:27:59,1:29:08,0:03:15,0:03:15,4:36:21,1964,8879,5348,195,195,16581,167,157,17,514,416,39,208,196,23,167,157,17,Finisher,2799
Julian,Pinnen,Julian Pinnen,1104,M35-39,Male,Windhagen,Rhineland-Palatinate,Germany,DE,0:28:16,2:26:43,1:36:21,0:02:17,0:03:05,4:36:42,1696,8803,5781,137,185,16602,168,158,22,127,113,16,111,109,10,168,158,22,Finisher,3044
Thomas,Fritsch,Thomas Fritsch,1988,M55-59,Male,Illingen,BADEN-WURTTEMBERG,Germany,DE,0:32:44,2:25:32,1:32:14,0:02:39,0:03:43,4:36:51,1964,8732,5534,159,223,16611,169,159,2,515,417,12,164,156,1,169,159,2,Finisher,3459
Nicolaj,Gregersen,Nicolaj Gregersen,188,M35-39,Male,danish,foreigner,Denmark,DK,0:27:26,2:21:57,1:41:11,0:03:28,0:02:55,4:36:57,1646,8517,6071,208,175,16617,170,160,23,88,80,11,79,78,6,170,160,23,Finisher,3039
Christine,Verdonck,Christine Verdonck,5013,FPRO,Female,Brecht,Flemish Region,Belgium,BE,0:29:54,2:30:15,1:31:56,0:01:25,0:03:29,4:36:59,1794,9015,5516,85,209,16619,171,11,9,236,37,7,175,12,10,171,11,9,Finisher,3160
Jasha,Rexer,Jasha Rexer,177,M25-29,Male,Pforzheim,BADEN-WURTTEMBERG,Germany,DE,0:30:13,2:32:02,1:29:16,0:02:41,0:03:10,4:37:22,1813,9122,5356,161,190,16642,172,161,21,258,215,34,225,212,33,172,161,21,Finisher,2955
Robert,Moeller,Robert Moeller,209,M45-49,Male,Halberstadt,,Germany,DE,0:31:55,2:27:11,1:32:45,0:02:34,0:03:05,4:37:30,1915,8831,5565,154,185,16650,173,162,11,423,351,37,178,166,12,173,162,11,Finisher,3245
Amaury,THEARD,Amaury THEARD,2529,M25-29,Male,OBERNAI (67210),Grand Est,France,FR,0:28:13,2:18:26,1:45:21,0:02:36,0:02:56,4:37:32,1693,8306,6321,156,176,16652,174,163,22,125,111,18,51,51,6,174,163,22,Finisher,2952
Timo,Schreieck,Timo Schreieck,488,M35-39,Male,67067,RHEINLAND-PFALZ,Germany,DE,0:31:57,2:32:12,1:23:57,0:04:36,0:05:13,4:37:55,1917,9132,5037,276,313,16675,175,164,24,427,355,65,286,262,42,175,164,24,Finisher,3022
Marco ,Bradshaw,Marco Bradshaw,1308,M45-49,Male,Regensburg ,Bavaria,Germany,DE,0:30:41,2:32:55,1:28:09,0:02:39,0:03:38,4:38:01,1841,9175,5289,159,218,16681,176,165,12,300,247,20,248,233,23,176,165,12,Finisher,3235
Hannes,Fenchel,Hannes Fenchel,1962,M40-44,Male,Schriesheim,,Germany,DE,0:31:08,2:28:46,1:31:36,0:02:19,0:04:14,4:38:04,1868,8926,5496,139,254,16684,177,166,10,339,283,21,188,176,9,177,166,10,Finisher,3099
Eric,Gonderinger,Eric Gonderinger,1386,M35-39,Male,Frisange,,Luxembourg,LU,0:29:30,2:30:40,1:30:50,0:03:26,0:03:41,4:38:06,1770,9040,5450,206,221,16686,178,167,25,207,179,31,207,195,30,178,167,25,Finisher,3019
Dennis,Rother,Dennis Rother,2314,M35-39,Male,Darmstadt,,Germany,DE,0:29:06,2:34:36,1:24:54,0:04:48,0:04:43,4:38:07,1746,9276,5094,288,283,16687,179,168,26,181,156,25,281,259,41,179,168,26,Finisher,3018
Maxime,Rosin,Maxime Rosin,2514,M30-34,Male,Strasbourg,,France,FR,0:28:47,2:27:25,1:35:06,0:03:37,0:03:22,4:38:17,1727,8845,5706,217,202,16697,180,169,37,154,136,20,145,139,31,180,169,37,Finisher,2953
Marc,Kustermann,Marc Kustermann,397,M25-29,Male,Sindelfingen,BADEN-WURTTEMBERG,Germany,DE,0:30:50,2:32:52,1:27:37,0:03:14,0:03:55,4:38:27,1850,9172,5257,194,235,16707,181,170,23,313,260,42,262,244,38,181,170,23,Finisher,2936
Thibaut,Creton,Thibaut Creton,141,M40-44,Male,MONDORFF,foreigner,Luxembourg,LU,0:32:51,2:27:38,1:31:20,0:03:02,0:04:08,4:38:59,1971,8858,5480,182,248,16739,182,171,11,525,426,40,206,194,11,182,171,11,Finisher,3083
Lukas,Neubert,Lukas Neubert,1642,M25-29,Male,Mainz,RP,Germany,DE,0:29:14,2:28:35,1:32:41,0:04:55,0:03:38,4:39:02,1754,8915,5561,295,218,16742,183,172,24,189,163,23,198,186,27,183,172,24,Finisher,2925
John,Dalton-Morgan,John Dalton-Morgan,208,M25-29,Male,Cullompton,Devon,United Kingdom,GB,0:35:32,2:23:09,1:32:45,0:03:03,0:04:44,4:39:14,2132,8589,5565,183,284,16754,184,173,25,841,690,98,181,169,24,184,173,25,Finisher,2921
Thomas,Bisval,Thomas Bisval,2249,M25-29,Male,Bettborn,,France,FR,0:29:22,2:27:59,1:35:41,0:03:00,0:03:18,4:39:19,1762,8879,5741,180,198,16759,185,174,26,199,172,25,152,145,21,185,174,26,Finisher,2920
Philipp,Rogler,Philipp Rogler,1612,M45-49,Male,Wiernsheim,,Germany,DE,0:28:47,2:25:26,1:38:38,0:02:54,0:03:39,4:39:24,1727,8726,5918,174,219,16764,186,175,13,155,137,10,110,108,4,186,175,13,Finisher,3210
Oliver,RUTSCHI,Oliver RUTSCHI,2297,M40-44,Male,Liebefeld,Bern,Switzerland,CH,0:33:19,2:32:41,1:23:11,0:05:01,0:05:19,4:39:32,1999,9161,4991,301,319,16772,187,176,12,576,469,48,328,299,23,187,176,12,Finisher,3073
Lucas,Weber,Lucas Weber,264,M18-24,Male,Osthofen,,Germany,DE,0:34:59,2:23:07,1:31:11,0:05:57,0:04:21,4:39:35,2099,8587,5471,357,261,16775,188,177,18,772,631,62,212,200,24,188,177,18,Finisher,2741
Eddi ,Wider,Eddi Wider,1532,M18-24,Male,Frankfurt am Main,,Germany,DE,0:26:49,2:21:09,1:43:23,0:03:07,0:05:12,4:39:40,1609,8469,6203,187,312,16780,189,178,19,71,65,11,66,66,9,189,178,19,Finisher,2740
Desirée,Knecht,Desirée Knecht,5020,FPRO,Female,Thun,Bern,Switzerland,CH,0:29:58,2:36:30,1:29:18,0:01:13,0:02:50,4:39:49,1798,9390,5358,73,170,16789,190,12,10,244,40,9,273,20,12,190,12,10,Finisher,3109
Oliver,Pfisterer,Oliver Pfisterer,1062,M45-49,Male,Aichwald,,Germany,DE,0:31:33,2:23:44,1:37:45,0:03:13,0:03:37,4:39:51,1893,8624,5865,193,217,16791,191,179,14,376,314,31,127,124,7,191,179,14,Finisher,3202
Giulio,Vanni,Giulio Vanni,134,M35-39,Male,Berlin,BE,Italy,IT,0:29:12,2:32:33,1:31:52,0:02:22,0:04:00,4:39:57,1752,9153,5512,142,240,16797,192,180,27,187,161,26,213,201,31,192,180,27,Finisher,2985
Tim,Veith,Tim Veith,1745,M18-24,Male,Wittmund,Lower Saxony,Germany,DE,0:32:11,2:40:37,1:18:21,0:04:40,0:04:09,4:39:58,1931,9637,4701,280,249,16798,193,181,20,446,367,34,488,435,43,193,181,20,Finisher,2734
Tim,Weiskat,Tim Weiskat,139,M50-54,Male,Schwetzingen,,Germany,DE,0:27:36,2:33:03,1:33:13,0:02:27,0:03:41,4:40:00,1656,9183,5593,147,221,16800,194,182,6,94,85,3,199,187,7,194,182,6,Finisher,3062
Michael,Krijnen,Michael Krijnen,1213,M55-59,Male,SPANBROEK,NOORD-HOLLAND,Netherlands,NL,0:28:06,2:32:34,1:33:13,0:02:26,0:03:59,4:40:18,1686,9154,5593,146,239,16818,195,183,3,121,107,3,200,188,3,195,183,3,Finisher,3397
Marco,Köhler,Marco Köhler,2014,M35-39,Male,Sindelfingen,,Germany,DE,0:32:14,2:29:03,1:31:49,0:03:36,0:03:54,4:40:37,1934,8943,5509,216,234,16837,196,184,28,453,372,67,223,210,33,196,184,28,Finisher,2973
Petra,Eggenschwiler,Petra Eggenschwiler,5016,FPRO,Female,4515,Solothurn,Switzerland,CH,0:35:31,2:32:15,1:26:42,0:02:10,0:04:05,4:40:41,2131,9135,5202,130,245,16841,197,13,11,836,150,17,305,27,13,197,13,11,Finisher,3093
Marcus,Neumann,Marcus Neumann,2481,M35-39,Male,Bad Langensalza,,Germany,DE,0:37:07,2:23:31,1:29:44,0:05:19,0:05:06,4:40:47,2227,8611,5384,319,306,16847,198,185,29,1103,898,149,244,230,37,198,185,29,Finisher,2970
Cindy,Pennaforte,Cindy Pennaforte,1003,F30-34,Female,Zürich,,Switzerland,CH,0:32:04,2:30:54,1:31:06,0:03:32,0:03:13,4:40:48,1924,9054,5466,212,193,16848,199,14,1,437,76,15,254,17,2,199,14,1,Finisher,3500
Tobias,Buchacker,Tobias Buchacker,1617,M35-39,Male,Hannover,,Germany,DE,0:32:55,2:27:30,1:32:55,0:03:41,0:03:52,4:40:53,1975,8850,5575,221,232,16853,200,186,30,534,434,75,214,202,32,200,186,30,Finisher,2969
Bennet Mathis,Schröder,Bennet Mathis Schröder,303,M40-44,Male,Königstein im Taunus,,Germany,DE,0:29:28,2:34:07,1:30:33,0:02:54,0:03:53,4:40:55,1768,9247,5433,174,233,16855,201,187,13,203,175,6,252,236,18,201,187,13,Finisher,3048
Bettina,Iseli,Bettina Iseli,2090,F30-34,Female,Zürich,,Switzerland,CH,0:28:52,2:34:18,1:30:11,0:03:29,0:04:17,4:41:06,1732,9258,5411,209,257,16866,202,15,2,159,19,3,257,18,3,202,15,2,Finisher,3494
Stefan,Bürge,Stefan Bürge,1350,M40-44,Male,Erfurt,,Germany,DE,0:32:24,2:30:47,1:31:38,0:02:49,0:03:28,4:41:06,1944,9047,5498,169,208,16866,203,188,14,476,388,34,245,231,16,203,188,14,Finisher,3045
Daniel,Schubert,Daniel Schubert,182,M40-44,Male,Zuzenhausen,BADEN-WURTTEMBERG,Germany,DE,0:30:07,2:29:50,1:33:07,0:03:29,0:04:36,4:41:09,1807,8990,5587,209,276,16869,204,189,15,252,210,11,204,192,10,204,189,15,Finisher,3044
Bastian,Albers,Bastian Albers,1449,M35-39,Male,Finnentrop,NRW,Germany,DE,0:33:03,2:25:16,1:34:56,0:04:22,0:03:39,4:41:17,1983,8716,5696,262,219,16877,205,190,31,553,447,80,197,185,29,205,190,31,Finisher,2961
Markus,Roggen,Markus Roggen,1955,M40-44,Male,Vancouver,BC,Germany,DE,0:32:55,2:31:06,1:30:28,0:02:26,0:04:30,4:41:24,1975,9066,5428,146,270,16884,206,191,16,533,433,41,251,235,17,206,191,16,Finisher,3039
Francisco,Yzusqui Burkard,Francisco Yzusqui Burkard,276,M30-34,Male,Frankfurt,HESSEN,Peru,PE,0:29:11,2:32:29,1:32:05,0:04:16,0:03:27,4:41:27,1751,9149,5525,256,207,16887,207,192,38,186,160,27,243,229,41,207,192,38,Finisher,2896
Hans,Roth,Hans Roth,536,M25-29,Male,Dorfen,Bavaria,Germany,DE,0:32:45,2:26:46,1:34:25,0:03:38,0:04:01,4:41:36,1965,8806,5665,218,241,16896,208,193,27,519,421,59,201,189,28,208,193,27,Finisher,2879
Tim,Sievers,Tim Sievers,1286,M18-24,Male,Münster,,Germany,DE,0:26:31,2:27:00,1:40:13,0:04:02,0:03:50,4:41:36,1591,8820,6013,242,230,16896,209,194,21,65,59,10,115,112,15,209,194,21,Finisher,2705
Max,Froesch,Max Froesch,229,M35-39,Male,Schwaebisch Gmuend,,Germany,DE,0:31:36,2:26:19,1:36:48,0:03:55,0:03:03,4:41:40,1896,8779,5808,235,183,16900,210,195,32,382,320,60,184,172,26,210,195,32,Finisher,2954
Christian,Anwander,Christian Anwander,1788,M25-29,Male,Isny im Allgäu,,Germany,DE,0:34:09,2:28:43,1:31:15,0:04:11,0:03:39,4:41:56,2049,8923,5475,251,219,16916,211,196,28,667,549,75,263,245,39,211,196,28,Finisher,2873
Juerg,Sigrist,Juerg Sigrist,216,M45-49,Male,Meggen,,Switzerland,CH,0:29:06,2:30:40,1:36:06,0:02:34,0:03:35,4:42:00,1746,9040,5766,154,215,16920,212,197,15,178,154,11,190,178,15,212,197,15,Finisher,3164
Sebastian,Schreiber,Sebastian Schreiber,638,M45-49,Male,Hamburg,,Germany,DE,0:34:55,2:33:55,1:27:15,0:02:51,0:03:11,4:42:08,2095,9235,5235,171,191,16928,213,198,16,765,624,57,333,303,32,213,198,16,Finisher,3161
Fabian,Rausch,Fabian Rausch,1059,M40-44,Male,Bonn,,Germany,DE,0:33:29,2:35:35,1:24:58,0:04:07,0:03:58,4:42:08,2009,9335,5098,247,238,16928,214,199,17,592,484,51,371,333,28,214,199,17,Finisher,3026
Julian,Prölß,Julian Prölß,1165,M45-49,Male,Bremen,Bremen,Germany,DE,0:32:46,2:29:29,1:32:35,0:02:52,0:04:31,4:42:13,1966,8969,5555,172,271,16933,215,200,17,521,422,41,227,214,20,215,200,17,Finisher,3160
Kirill,Chernyshev,Kirill Chernyshev,1076,M35-39,Male,Amsterdam,,Netherlands,NL,0:33:02,2:31:19,1:31:09,0:02:48,0:03:54,4:42:13,1982,9079,5469,168,234,16933,216,201,33,552,446,79,266,248,39,216,201,33,Finisher,2945
Elia,Silvestri,Elia Silvestri,1590,M18-24,Male,Innsbruck,TIROL,Austria,AT,0:32:01,2:30:06,1:30:58,0:04:59,0:04:40,4:42:44,1921,9006,5458,299,280,16964,217,202,22,433,359,31,265,247,25,217,202,22,Finisher,2684
Michael,Kirch,Michael Kirch,462,M55-59,Male,RAEREN,,Belgium,BE,0:34:15,2:32:58,1:27:54,0:03:29,0:04:10,4:42:46,2055,9178,5274,209,250,16966,218,203,4,682,562,19,316,288,6,218,203,4,Finisher,3352
Max,Valk,Max Valk,256,M25-29,Male,Oostburg,,Netherlands,NL,0:29:28,2:36:29,1:27:49,0:04:47,0:04:19,4:42:53,1768,9389,5269,287,259,16973,219,204,29,204,176,27,317,289,48,219,204,29,Finisher,2856
Theresa,Körner,Theresa Körner,1088,F35-39,Female,Karlsruhe,,Germany,DE,0:27:50,2:36:13,1:32:59,0:02:14,0:03:44,4:42:59,1670,9373,5579,134,224,16979,220,16,1,103,11,2,249,16,1,220,16,1,Finisher,3500
Frank,Horlacher,Frank Horlacher,1328,M55-59,Male,Dielheim,BW,Germany,DE,0:29:44,2:32:56,1:33:34,0:03:15,0:03:36,4:43:06,1784,9176,5614,195,216,16986,221,205,5,223,192,6,242,228,5,221,205,5,Finisher,3346
Lasse,Desor,Lasse Desor,2539,M30-34,Male,Bad Homburg,Hesse,Germany,DE,0:31:58,2:31:34,1:32:18,0:03:44,0:03:34,4:43:08,1918,9094,5538,224,214,16988,222,206,39,429,357,61,269,251,45,222,206,39,Finisher,2866
Ruud,Bongers,Ruud Bongers,1333,M45-49,Male,HEYTHUYSEN,,Netherlands,NL,0:31:23,2:23:33,1:41:34,0:02:57,0:03:42,4:43:10,1883,8613,6094,177,222,16990,223,207,18,361,300,28,119,116,6,223,207,18,Finisher,3143
Markus,Freund,Markus Freund,2010,M45-49,Male,Oberursel,,Germany,DE,0:31:32,2:25:58,1:39:33,0:02:48,0:03:42,4:43:33,1892,8758,5973,168,222,17013,224,208,19,375,313,30,148,141,9,224,208,19,Finisher,3136
Aita,Kaufmann,Aita Kaufmann,1427,F25-29,Female,Ftan,Graubünden,Switzerland,CH,0:31:14,2:33:45,1:32:27,0:02:48,0:03:28,4:43:41,1874,9225,5547,168,208,17021,225,17,3,351,61,18,276,21,5,225,17,3,Finisher,3236
Beat,Müller,Beat Müller,116,M45-49,Male,Füllinsdorf,,Switzerland,CH,0:29:48,2:34:12,1:33:37,0:02:31,0:03:41,4:43:49,1788,9252,5617,151,221,17029,226,209,20,227,195,14,255,238,24,226,209,20,Finisher,3131
Jamie,Besse,Jamie Besse,5021,FPRO,Female,Zurich,Zurich,Switzerland,CH,0:33:57,2:35:25,1:29:53,0:01:24,0:03:11,4:43:50,2037,9325,5393,84,191,17030,227,18,12,640,112,14,318,29,14,227,18,12,Finisher,3036
Amber,Lacompte,Amber Lacompte,5018,FPRO,Female,Ronse,Oost-Vlaanderen,Belgium,BE,0:34:01,2:32:06,1:33:07,0:01:27,0:03:09,4:43:50,2041,9126,5587,87,189,17030,228,19,13,648,114,16,272,19,11,228,19,13,Finisher,3036
Adrian,Caruso,Adrian Caruso,1460,M30-34,Male,Nürnberg ,Bayern,Germany,DE,0:36:21,2:30:55,1:26:09,0:05:49,0:04:41,4:43:55,2181,9055,5169,349,281,17035,229,210,40,976,800,129,366,329,52,229,210,40,Finisher,2852
Mathieu ,Marchand,Mathieu Marchand,2282,M40-44,Male,Beaurepaire,Normandy,France,FR,0:29:14,2:29:02,1:38:16,0:03:23,0:04:10,4:44:06,1754,8942,5896,203,250,17046,230,211,18,190,164,5,177,165,8,230,211,18,Finisher,2991
Christian,Dyla,Christian Dyla,247,M35-39,Male,Monheim,NW,Germany,DE,0:31:50,2:24:51,1:40:29,0:03:40,0:03:25,4:44:14,1910,8691,6029,220,205,17054,231,212,34,410,341,62,151,144,19,231,212,34,Finisher,2908
Jonas,Kiefer,Jonas Kiefer,1872,M40-44,Male,Rehlingen,,Germany,DE,0:31:15,2:34:08,1:31:59,0:03:47,0:03:07,4:44:16,1875,9248,5519,227,187,17056,232,213,19,354,293,22,292,267,20,232,213,19,Finisher,2988
Manuel,Harter,Manuel Harter,2108,M40-44,Male,Berghaupten,,Germany,DE,0:39:34,2:28:08,1:28:19,0:04:21,0:03:57,4:44:18,2374,8888,5299,261,237,17058,233,214,20,1481,1187,148,337,307,25,233,214,20,Finisher,2987
Viktor,Ophoven,Viktor Ophoven,151,M30-34,Male,Frankfurt am Main,,Germany,DE,0:31:10,2:32:25,1:33:50,0:03:19,0:03:39,4:44:22,1870,9145,5630,199,219,17062,234,215,41,344,286,47,261,243,43,234,215,41,Finisher,2844
Rasmus,Iversen,Rasmus Iversen,238,M35-39,Male,Vamdrup,,Denmark,DK,0:29:51,2:36:06,1:30:38,0:03:56,0:04:08,4:44:40,1791,9366,5438,236,248,17080,235,216,35,233,197,32,304,278,48,235,216,35,Finisher,2900
Arnaud,Riviere,Arnaud Riviere,1149,M45-49,Male,La Fare-les-Oliviers,,France,FR,0:29:59,2:34:44,1:34:57,0:02:01,0:03:22,4:45:04,1799,9284,5697,121,202,17104,236,217,21,245,205,15,259,241,26,236,217,21,Finisher,3108
Jan,Streblow,Jan Streblow,2464,M35-39,Male,Heidelberg,,Germany,DE,0:31:34,2:31:29,1:32:37,0:05:46,0:03:42,4:45:08,1894,9089,5557,346,222,17108,237,218,36,377,315,59,288,263,43,237,218,36,Finisher,2892
Vanessa,Aberham,Vanessa Aberham,941,F25-29,Female,Roth,Bavaria,Germany,DE,0:34:34,2:38:59,1:25:40,0:02:34,0:03:45,4:45:33,2074,9539,5140,154,225,17133,238,20,4,716,128,37,450,49,15,238,20,4,Finisher,3202
Stephan,Mertins,Stephan Mertins,2524,M50-54,Male,Michelstadt,,Germany,DE,0:28:12,2:33:03,1:38:25,0:02:47,0:03:09,4:45:36,1692,9183,5905,167,189,17136,239,219,7,123,109,5,211,199,8,239,219,7,Finisher,2961
Katharina,Link,Katharina Link,1144,F25-29,Female,Bretten,,Germany,DE,0:28:46,2:36:34,1:33:22,0:02:39,0:04:24,4:45:45,1726,9394,5602,159,264,17145,240,21,5,153,18,9,277,22,6,240,21,5,Finisher,3198
Guillaume,Leblanc,Guillaume Leblanc,1416,M25-29,Male,Yutz,,France,FR,0:30:32,2:30:52,1:38:57,0:03:02,0:02:42,4:46:05,1832,9052,5937,182,162,17165,241,220,30,285,234,39,221,208,32,241,220,30,Finisher,2798
Daniel,Schaller,Daniel Schaller,1162,M50-54,Male,Embd,,Switzerland,CH,0:34:12,2:31:56,1:32:32,0:03:40,0:04:10,4:46:30,2052,9116,5552,220,250,17190,242,221,8,679,560,55,303,277,16,242,221,8,Finisher,2945
Paul,Stein,Paul Stein,1048,M25-29,Male,Mannheim,,Germany,DE,0:32:23,2:33:19,1:32:42,0:04:42,0:04:04,4:47:09,1943,9199,5562,282,244,17229,243,222,31,472,384,53,310,282,45,243,222,31,Finisher,2779
Gaël,Hittinger,Gaël Hittinger,1413,M45-49,Male,ROUSSY LE VILLAGE,,France,FR,0:31:53,2:27:20,1:41:21,0:02:48,0:03:49,4:47:11,1913,8840,6081,168,229,17231,244,223,22,417,346,36,186,174,14,244,223,22,Finisher,3070
Yves,Koch,Yves Koch,1411,M40-44,Male,Luxembourg ,,Luxembourg,LU,0:33:41,2:37:09,1:28:33,0:03:33,0:04:22,4:47:19,2021,9429,5313,213,262,17239,245,224,21,613,503,53,406,362,30,245,224,21,Finisher,2933
Daniel,Lentzsch,Daniel Lentzsch,2294,M30-34,Male,Schwerzenbach,,Germany,DE,0:31:37,2:31:58,1:36:28,0:02:50,0:04:26,4:47:19,1897,9118,5788,170,266,17239,246,225,42,384,322,53,250,234,42,246,225,42,Finisher,2791
Niklas,Obergfell,Niklas Obergfell,398,M35-39,Male,Siegburg,NORDRHEIN-WESTFALEN,Germany,DE,0:29:29,2:31:06,1:36:18,0:06:09,0:04:19,4:47:21,1769,9066,5778,369,259,17241,247,226,37,205,177,30,258,240,38,247,226,37,Finisher,2852
Marcel,Maier,Marcel Maier,2274,M35-39,Male,München,BAYERN,Germany,DE,0:31:27,2:25:57,1:41:48,0:03:08,0:05:03,4:47:24,1887,8757,6108,188,303,17244,248,227,38,365,304,58,155,148,21,248,227,38,Finisher,2851
Andreas,Specker,Andreas Specker,1177,M30-34,Male,Karlsruhe,,Germany,DE,0:34:51,2:35:24,1:29:26,0:04:04,0:03:40,4:47:26,2091,9324,5366,244,220,17246,249,228,43,753,617,97,405,361,62,249,228,43,Finisher,2789
Toine,Groot,Toine Groot,2238,M50-54,Male,hem,,Netherlands,NL,0:33:37,2:33:11,1:31:17,0:04:10,0:05:14,4:47:29,2017,9191,5477,250,314,17249,250,229,9,606,497,43,326,297,18,250,229,9,Finisher,2927
Knut,Seibel,Knut Seibel,131,M45-49,Male,Altenstadt,HESSEN,Germany,DE,0:33:47,2:37:05,1:29:05,0:03:10,0:04:22,4:47:29,2027,9425,5345,190,262,17249,251,230,23,622,512,48,397,353,41,251,230,23,Finisher,3065
Dirk,Hoffmann,Dirk Hoffmann,2383,M30-34,Male,Niedernhausen,HE,Germany,DE,0:32:43,2:37:14,1:29:28,0:04:14,0:03:55,4:47:34,1963,9434,5368,254,235,17254,252,231,44,508,412,69,401,357,59,252,231,44,Finisher,2786
Kristina,Grieger,Kristina Grieger,5025,FPRO,Female,Bayreuth,Bayern,Germany,DE,0:32:15,2:38:39,1:31:06,0:02:22,0:03:16,4:47:39,1935,9519,5466,142,196,17259,253,22,14,457,84,13,375,39,16,253,22,14,Finisher,2968
Ilona,Eversdijk,Ilona Eversdijk,1767,F30-34,Female,Almere,,Netherlands,NL,0:27:31,2:35:28,1:38:11,0:02:14,0:04:19,4:47:43,1651,9328,5891,134,259,17263,254,23,3,91,9,2,228,14,1,254,23,3,Finisher,3375
Christian,Frankenbach,Christian Frankenbach,226,M45-49,Male,Frankfurt,,Germany,DE,0:35:04,2:30:54,1:34:31,0:03:36,0:03:39,4:47:45,2104,9054,5671,216,219,17265,255,232,24,786,643,58,298,273,29,255,232,24,Finisher,3060
Jiri,Pospisil,Jiri Pospisil,133,M45-49,Male,Prague,PRAHA 1,Czech Republic,CZ,0:30:49,2:31:38,1:38:12,0:02:47,0:04:21,4:47:47,1849,9098,5892,167,261,17267,256,233,25,312,259,23,229,215,21,256,233,25,Finisher,3059
Simon,Marenne,Simon Marenne,2493,M18-24,Male,Battice,LIEGE,Belgium,BE,0:34:19,2:22:18,1:41:53,0:05:03,0:04:20,4:47:54,2059,8538,6113,303,260,17274,257,234,23,693,570,54,179,167,20,257,234,23,Finisher,2591
Thomas,Sievers,Thomas Sievers,236,M50-54,Male,Münster,NORDRHEIN-WESTFALEN,Germany,DE,0:33:39,2:36:21,1:31:34,0:03:11,0:03:13,4:47:58,2019,9381,5494,191,193,17278,258,235,10,611,501,45,370,332,23,258,235,10,Finisher,2919
Benjamin,Mayr,Benjamin Mayr,1554,M35-39,Male,Mietingen,Baden-Württemberg,Germany,DE,0:31:53,2:35:16,1:33:30,0:03:47,0:03:38,4:48:03,1913,9316,5610,227,218,17283,259,236,39,416,345,63,325,296,50,259,236,39,Finisher,2840
Michael,Koch,Michael Koch,2322,M35-39,Male,Korntal-Münchingen,,Germany,DE,0:34:04,2:38:09,1:28:35,0:03:24,0:03:53,4:48:05,2044,9489,5315,204,233,17285,260,237,40,655,540,92,433,387,65,260,237,40,Finisher,2839
Christoph,Rau,Christoph Rau,1007,M35-39,Male,Gresaubach,SAARLAND,Germany,DE,0:34:11,2:34:14,1:31:04,0:03:54,0:04:46,4:48:09,2051,9254,5464,234,286,17289,261,238,41,677,558,98,348,317,54,261,238,41,Finisher,2838
Linda,Achtel,Linda Achtel,842,F35-39,Female,Erlinsbach,,Germany,DE,0:31:54,2:37:27,1:31:32,0:03:07,0:04:11,4:48:11,1914,9447,5492,187,251,17291,262,24,2,418,72,8,350,32,3,262,24,2,Finisher,3406
David,Prunier,David Prunier,333,M45-49,Male,ARC SUR TILLE,COTE-D'OR,France,FR,0:30:39,2:34:46,1:34:07,0:04:14,0:04:26,4:48:12,1839,9286,5647,254,266,17292,263,239,26,298,245,19,299,274,30,263,239,26,Finisher,3052
Nicolas,Greitzke,Nicolas Greitzke,2446,M35-39,Male,Freiburg,Baden-Württemberg,Germany,DE,0:32:44,2:28:24,1:38:05,0:04:19,0:04:50,4:48:21,1964,8904,5885,259,290,17301,264,240,42,516,418,73,231,217,36,264,240,42,Finisher,2834
Andreas,Huizinga,Andreas Huizinga,433,M45-49,Male,Winterthur,,Switzerland,CH,0:35:13,2:35:22,1:31:05,0:03:14,0:03:34,4:48:28,2113,9322,5465,194,214,17308,265,241,27,810,667,61,392,349,40,265,241,27,Finisher,3047
Maik,Biermann,Maik Biermann,1537,M35-39,Male,Salzgitter,,Germany,DE,0:26:52,2:29:54,1:42:19,0:04:31,0:05:05,4:48:40,1612,8994,6139,271,305,17320,266,242,43,72,66,6,171,160,24,266,242,43,Finisher,2828
Folkert,Behrends,Folkert Behrends,451,M60-64,Male,Altmünster,OBEROSTERREICH,Germany,DE,0:31:06,2:36:48,1:34:44,0:02:28,0:03:34,4:48:40,1866,9408,5684,148,214,17320,267,243,1,335,280,5,309,281,3,267,243,1,Finisher,3500
Evgeny,Bakunov,Evgeny Bakunov,159,M40-44,Male,Grasbrunn,foreigner,Germany,DE,0:32:03,2:41:15,1:27:42,0:04:00,0:03:43,4:48:43,1923,9675,5262,240,223,17323,268,244,22,436,361,32,481,428,39,268,244,22,Finisher,2908
Jana,Grimm,Jana Grimm,1946,F25-29,Female,Fellbach,,Germany,DE,0:31:52,2:39:14,1:31:32,0:02:13,0:03:53,4:48:44,1912,9554,5492,133,233,17324,269,25,6,415,71,22,377,41,11,269,25,6,Finisher,3145
Kevin,Kalt,Kevin Kalt,1329,M35-39,Male,Saffig,,Germany,DE,0:28:29,2:26:22,1:47:58,0:02:36,0:03:23,4:48:47,1709,8782,6478,156,203,17327,270,245,44,139,124,19,114,111,11,270,245,44,Finisher,2826
Hanna,Pfannes,Hanna Pfannes,2040,F18-24,Female,Neufahrn,Bavaria,Germany,DE,0:26:07,2:44:43,1:32:38,0:02:14,0:03:19,4:49:01,1567,9883,5558,134,199,17341,271,26,1,57,3,1,365,37,3,271,26,1,Finisher,3500
Chris,Sturm,Chris Sturm,1997,M45-49,Male,Gießen,,Germany,DE,0:31:06,2:31:15,1:38:26,0:04:16,0:04:07,4:49:10,1866,9075,5906,256,247,17350,272,246,28,333,278,25,256,239,25,272,246,28,Finisher,3035
Christophe,Brzustowski,Christophe Brzustowski,2093,M25-29,Male,Neu-Ulm,,Germany,DE,0:32:11,2:28:06,1:41:29,0:03:11,0:04:24,4:49:21,1931,8886,6089,191,264,17361,273,247,32,445,366,50,205,193,30,273,247,32,Finisher,2739
Pius,Stucki,Pius Stucki,2325,M50-54,Male,Jonen,,Switzerland,CH,0:32:27,2:30:51,1:39:51,0:03:12,0:03:16,4:49:36,1947,9051,5991,192,196,17376,274,248,11,483,394,33,253,237,12,274,248,11,Finisher,2889
Reto,Wick,Reto Wick,1832,M40-44,Male,Zug,,Switzerland,CH,0:32:24,2:29:32,1:37:39,0:05:23,0:04:45,4:49:43,1944,8972,5859,323,285,17383,275,249,23,477,389,35,270,252,19,275,249,23,Finisher,2890
Sina,Ziegler,Sina Ziegler,5022,FPRO,Female,Kaltbrunn,foreigner,Switzerland,CH,0:30:20,2:40:40,1:34:19,0:01:17,0:03:07,4:49:43,1820,9640,5659,77,187,17383,276,27,15,270,48,10,347,31,15,276,27,15,Finisher,2930
NICOLAS,BERGER,NICOLAS BERGER,142,M35-39,Male,Bergrheinfeld,,Germany,DE,0:26:05,2:36:00,1:41:18,0:02:53,0:03:32,4:49:48,1565,9360,6078,173,212,17388,277,250,45,56,54,4,226,213,35,277,250,45,Finisher,2808
Frederik,Van Vaerenbergh,Frederik Van Vaerenbergh,261,M25-29,Male,Lede,,Belgium,BE,0:27:32,2:33:06,1:41:29,0:03:34,0:04:09,4:49:49,1652,9186,6089,214,249,17389,278,251,33,92,83,11,216,203,31,278,251,33,Finisher,2731
Christian,Autenrieth,Christian Autenrieth,2088,M40-44,Male,Esslingen,,Germany,DE,0:30:48,2:37:27,1:35:21,0:02:40,0:03:34,4:49:50,1848,9447,5721,160,214,17390,279,252,24,310,257,18,324,295,22,279,252,24,Finisher,2888
Christian,Faessler,Christian Faessler,1836,M45-49,Male,Aeugst am Albis,,Switzerland,CH,0:27:28,2:37:59,1:37:02,0:03:07,0:04:18,4:49:53,1648,9479,5822,187,258,17393,280,253,29,90,82,1,283,260,27,280,253,29,Finisher,3022
Jan,De Clercq,Jan De Clercq,1054,M45-49,Male,Hamme,OOST-VLAANDEREN,Belgium,BE,0:28:22,2:33:19,1:40:42,0:02:18,0:05:14,4:49:54,1702,9199,6042,138,314,17394,281,254,30,130,116,6,209,197,17,281,254,30,Finisher,3021
Inès,Mommen,Inès Mommen,1295,F25-29,Female,5300 - Namêche,Walloon Region,Belgium,BE,0:28:56,2:34:45,1:39:17,0:02:24,0:04:47,4:50:09,1736,9285,5957,144,287,17409,282,28,7,166,21,11,246,15,4,282,28,7,Finisher,3119
Wesley,Boer,Wesley Boer,104,M40-44,Male,Tilburg,,Unknown,,0:32:21,2:36:04,1:34:29,0:03:36,0:03:40,4:50:10,1941,9364,5669,216,220,17410,283,255,25,468,381,33,336,306,24,283,255,25,Finisher,2882
Jeremie,Riviere,Jeremie Riviere,262,M30-34,Male,Metz,,France,FR,0:33:19,2:32:08,1:37:24,0:03:23,0:04:04,4:50:17,1999,9128,5844,203,244,17417,284,256,45,575,468,79,289,264,46,284,256,45,Finisher,2737
David,Bueno Diez,David Bueno Diez,592,M35-39,Male,Barcelona,BARCELONA [BARCELONA],Spain,ES,0:38:11,2:30:05,1:34:25,0:04:19,0:03:17,4:50:18,2291,9005,5665,259,197,17418,285,257,46,1276,1038,167,352,319,55,285,257,46,Finisher,2799
Michael,Geiß,Michael Geiß,416,M45-49,Male,Marbach,,Germany,DE,0:39:13,2:32:41,1:28:34,0:04:38,0:05:14,4:50:20,2353,9161,5314,278,314,17420,286,258,31,1437,1159,118,459,409,48,286,258,31,Finisher,3014
Alexander,Mackert,Alexander Mackert,1837,M50-54,Male,Karlsbad,,Germany,DE,0:31:46,2:40:02,1:31:12,0:03:04,0:04:18,4:50:22,1906,9602,5472,184,258,17422,287,259,12,401,333,25,415,370,30,287,259,12,Finisher,2876
Alexeja,Kleiter,Alexeja Kleiter,2424,F25-29,Female,innsbruck,,Austria,AT,0:32:13,2:38:25,1:33:18,0:03:00,0:03:38,4:50:34,1933,9505,5598,180,218,17434,288,29,8,450,81,26,384,43,12,288,29,8,Finisher,3112
Tobias,Schanne,Tobias Schanne,245,M50-54,Male,Aulendorf,BADEN-WURTTEMBERG,Germany,DE,0:31:39,2:38:29,1:34:24,0:02:55,0:03:10,4:50:37,1899,9509,5664,175,190,17437,289,260,13,389,325,24,364,328,22,289,260,13,Finisher,2871
Hans,Gallmeier,Hans Gallmeier,115,M50-54,Male,Bavaria,foreigner,Germany,DE,0:46:02,2:28:20,1:28:32,0:03:08,0:04:36,4:50:38,2762,8900,5312,188,276,17438,290,261,14,2067,1617,129,490,437,36,290,261,14,Finisher,2871
Daniel,Fackler,Daniel Fackler,275,M18-24,Male,München,BY,Germany,DE,0:28:33,2:36:13,1:38:12,0:03:44,0:04:01,4:50:42,1713,9373,5892,224,241,17442,291,262,24,142,127,15,280,258,27,291,262,24,Finisher,2541
Paul,Althans,Paul Althans,1323,M30-34,Male,Frankfurt,HE,Germany,DE,0:38:20,2:28:45,1:29:48,0:06:21,0:07:30,4:50:45,2300,8925,5388,381,450,17445,292,263,46,1302,1057,178,379,338,54,292,263,46,Finisher,2729
Zbysek,Jaros,Zbysek Jaros,619,M50-54,Male,Praha 9,Praha,Czech Republic,CZ,0:29:34,2:34:13,1:41:11,0:02:26,0:03:21,4:50:46,1774,9253,6071,146,201,17446,293,264,15,210,182,10,247,232,11,293,264,15,Finisher,2868
Micha,Kneubühl,Micha Kneubühl,871,M25-29,Male,Fraubrunnen,,Switzerland,CH,0:28:54,2:38:21,1:37:08,0:03:21,0:03:07,4:50:51,1734,9501,5828,201,187,17451,294,265,34,163,143,21,314,286,47,294,265,34,Finisher,2712
Moritz,Mertsch,Moritz Mertsch,1772,M25-29,Male,München,BY,Germany,DE,0:31:46,2:31:15,1:40:09,0:03:48,0:03:57,4:50:54,1906,9075,6009,228,237,17454,295,266,35,404,335,47,260,242,37,295,266,35,Finisher,2711
Uwe,Roepstorf,Uwe Roepstorf,101,M60-64,Male,Moers,,Germany,DE,0:32:40,2:34:46,1:36:55,0:03:00,0:03:35,4:50:56,1960,9286,5815,180,215,17456,296,267,2,504,410,12,311,283,4,296,267,2,Finisher,3459
Stephan,Lengfelder,Stephan Lengfelder,301,M40-44,Male,Luxembourg,,Germany,DE,0:33:42,2:35:39,1:32:53,0:04:06,0:04:39,4:51:00,2022,9339,5573,246,279,17460,297,268,26,614,504,54,380,339,29,297,268,26,Finisher,2867
Markus,Heger,Markus Heger,515,M45-49,Male,Eggenstein,BADEN-WURTTEMBERG,Germany,DE,0:38:28,2:27:40,1:34:20,0:06:14,0:04:26,4:51:07,2308,8860,5660,374,266,17467,298,269,32,1321,1072,106,349,318,35,298,269,32,Finisher,2999
Anselm,Groda,Anselm Groda,143,M60-64,Male,Scharmassing,BY,Germany,DE,0:30:05,2:28:42,1:43:21,0:04:26,0:04:34,4:51:08,1805,8922,6201,266,274,17468,299,270,3,250,208,2,202,190,1,299,270,3,Finisher,3455
Alexey,Savelyev,Alexey Savelyev,1542,M40-44,Male,Bussum,,Netherlands,NL,0:31:40,2:38:43,1:34:54,0:02:45,0:03:12,4:51:14,1900,9523,5694,165,192,17474,300,271,27,391,326,26,369,331,27,300,271,27,Finisher,2862
Bernhard,Teller,Bernhard Teller,1440,M30-34,Male,Nürnberg,,Germany,DE,0:31:32,2:31:54,1:39:51,0:03:48,0:04:12,4:51:16,1892,9114,5991,228,252,17476,301,272,47,373,311,52,268,250,44,301,272,47,Finisher,2720
Moritz,Petri,Moritz Petri,300,M25-29,Male,Limburg an der Lahn,HE,Germany,DE,0:31:12,2:35:31,1:36:22,0:04:05,0:04:09,4:51:18,1872,9331,5782,245,249,17478,302,273,36,347,289,45,319,290,49,302,273,36,Finisher,2704
Bence,Bejczy,Bence Bejczy,412,M25-29,Male,Copenhagen,HOVEDSTADEN,Hungary,HU,0:29:37,2:38:57,1:37:03,0:02:25,0:03:20,4:51:22,1777,9537,5823,145,200,17482,303,274,37,215,186,29,327,298,50,303,274,37,Finisher,2703
Jana,Kümmerlin,Jana Kümmerlin,1011,F25-29,Female,Singen,BADEN-WURTTEMBERG,Germany,DE,0:32:16,2:41:06,1:31:51,0:02:39,0:03:33,4:51:26,1936,9666,5511,159,213,17486,304,30,9,461,85,27,445,48,14,304,30,9,Finisher,3096
Alexander,Trautmann,Alexander Trautmann,2510,M45-49,Male,Reichelsheim,,Germany,DE,0:33:06,2:30:18,1:42:12,0:02:24,0:03:26,4:51:26,1986,9018,6132,144,206,17486,305,275,33,558,452,42,239,225,22,305,275,33,Finisher,2994
Raffael,Iengo,Raffael Iengo,1579,M30-34,Male,Donaueschingen,BADEN-WURTTEMBERG,Germany,DE,0:35:38,2:35:04,1:29:48,0:05:39,0:05:17,4:51:26,2138,9304,5388,339,317,17486,306,276,48,859,705,108,457,407,71,306,276,48,Finisher,2717
Maya,Siebert,Maya Siebert,152,F18-24,Female,Mülheim-Kärlich,,Germany,DE,0:26:17,2:40:06,1:38:46,0:02:22,0:03:58,4:51:30,1577,9606,5926,142,238,17490,307,31,2,61,5,2,287,25,1,307,31,2,Finisher,3455
Wilm,Schneider,Wilm Schneider,145,M40-44,Male,Oberursel,,Germany,DE,0:28:28,2:33:05,1:42:44,0:03:17,0:03:58,4:51:32,1708,9185,6164,197,238,17492,308,277,28,137,122,3,222,209,13,308,277,28,Finisher,2857
Theresa,Müller,Theresa Müller,721,F18-24,Female,Moers,NW,Germany,DE,0:29:24,2:39:32,1:37:11,0:02:35,0:02:56,4:51:37,1764,9572,5831,155,176,17497,309,32,3,200,28,3,332,30,2,309,32,3,Finisher,3453
Camilla,Zaage,Camilla Zaage,187,F35-39,Female,Bremen,,Germany,DE,0:32:59,2:42:11,1:29:38,0:03:04,0:03:49,4:51:40,1979,9731,5378,184,229,17500,310,33,3,542,104,13,512,56,7,310,33,3,Finisher,3343
Jochen,Ubbelohde,Jochen Ubbelohde,2256,M50-54,Male,Radebeul,foreigner,Germany,DE,0:27:58,2:35:00,1:42:29,0:02:26,0:04:01,4:51:54,1678,9300,6149,146,241,17514,311,278,16,114,100,4,230,216,9,311,278,16,Finisher,2848
Filippo,Galbo,Filippo Galbo,1137,M35-39,Male,Duisburg,NW,Germany,DE,0:41:34,2:31:57,1:30:10,0:03:31,0:04:50,4:52:02,2494,9117,5410,211,290,17522,312,279,47,1725,1360,206,472,419,74,312,279,47,Finisher,2768
Ron,Buchholz,Ron Buchholz,1222,M25-29,Male,Eppelheim,,Germany,DE,0:36:07,2:32:47,1:33:50,0:04:56,0:04:28,4:52:09,2167,9167,5630,296,268,17529,313,280,38,945,777,105,393,350,53,313,280,38,Finisher,2689
Jens,Gebler,Jens Gebler,469,M40-44,Male,Großröhrsdorf,SN,Germany,DE,0:38:14,2:24:51,1:42:51,0:02:34,0:03:43,4:52:13,2294,8691,6171,154,223,17533,314,281,29,1282,1042,129,235,221,14,314,281,29,Finisher,2845
Bjarne,Bluth,Bjarne Bluth,790,M25-29,Male,Brokstedt,,Germany,DE,0:31:46,2:38:42,1:33:43,0:04:18,0:03:51,4:52:19,1906,9522,5623,258,231,17539,315,282,39,402,334,46,413,368,55,315,282,39,Finisher,2686
Erik,Struppler,Erik Struppler,853,M45-49,Male,Steinweiler,RHEINLAND-PFALZ,Germany,DE,0:30:36,2:41:23,1:33:03,0:04:00,0:03:26,4:52:28,1836,9683,5583,240,206,17548,316,283,34,292,241,17,444,397,45,316,283,34,Finisher,2975
Philipp,Beudt,Philipp Beudt,279,M30-34,Male,Wiesbaden,,Germany,DE,0:36:13,2:37:45,1:32:43,0:03:06,0:02:45,4:52:32,2173,9465,5563,186,165,17552,317,284,49,962,790,128,474,421,72,317,284,49,Finisher,2697
Kaito,Niwa,Kaito Niwa,255,M25-29,Male,Diekirch,,Japan,JP,0:35:12,2:41:06,1:30:31,0:02:27,0:03:18,4:52:34,2112,9666,5431,147,198,17554,318,285,40,805,662,97,528,472,65,318,285,40,Finisher,2681
Dirk,Dewald,Dirk Dewald,1668,M55-59,Male,Viernheim,,Germany,DE,0:31:58,2:39:03,1:33:25,0:04:27,0:03:45,4:52:38,1918,9543,5605,267,225,17558,319,286,6,428,356,9,429,383,9,319,286,6,Finisher,3175
Evert,Vandromme,Evert Vandromme,2267,M30-34,Male,Riemst,,Belgium,BE,0:31:52,2:25:56,1:45:45,0:04:01,0:05:05,4:52:40,1912,8756,6345,241,305,17560,320,287,50,412,342,58,183,171,35,320,287,50,Finisher,2694
Sophia,Lange,Sophia Lange,1457,F25-29,Female,Kaarst,,Germany,DE,0:31:13,2:37:50,1:36:16,0:03:26,0:03:54,4:52:40,1873,9470,5776,206,234,17560,321,34,10,348,59,17,351,33,9,321,34,10,Finisher,3074
Timo,Matussek,Timo Matussek,2094,M30-34,Male,Berlin,Berlin,Germany,DE,0:32:35,2:37:53,1:33:18,0:04:54,0:04:06,4:52:46,1955,9473,5598,294,246,17566,322,288,51,499,406,68,426,380,69,322,288,51,Finisher,2693
Markus,Seitz,Markus Seitz,1572,M40-44,Male,Sennfeld,,Germany,DE,0:31:55,2:39:14,1:32:46,0:04:19,0:04:40,4:52:54,1915,9554,5566,259,280,17574,323,289,30,421,349,29,430,384,33,323,289,30,Finisher,2832
Dani,Ortigosa Claveria,Dani Ortigosa Claveria,606,M35-39,Male,Gavà,Barcelona,Spain,ES,0:30:56,2:40:24,1:32:41,0:04:36,0:04:21,4:52:59,1856,9624,5561,276,261,17579,324,290,48,321,267,47,441,394,67,324,290,48,Finisher,2751
Amelie,Ingenbleek,Amelie Ingenbleek,271,F30-34,Female,Koblenz,,Germany,DE,0:32:35,2:36:56,1:36:44,0:03:06,0:03:49,4:53:09,1955,9416,5804,186,229,17589,325,35,4,498,93,18,353,34,5,325,35,4,Finisher,3277
Dany,Pinard,Dany Pinard,2348,M50-54,Male,Paris,,France,FR,0:29:37,2:39:40,1:36:33,0:03:23,0:04:01,4:53:15,1777,9580,5793,203,241,17595,326,291,17,216,187,12,356,322,20,326,291,17,Finisher,2824
Christian,Dembowski,Christian Dembowski,124,M50-54,Male,Frankfurt am Main,HESSEN,Germany,DE,0:33:02,2:30:32,1:41:49,0:03:39,0:04:20,4:53:22,1982,9032,6109,219,260,17602,327,292,18,549,444,38,267,249,14,327,292,18,Finisher,2822
Mathilde,Cartier,Mathilde Cartier,5024,FPRO,Female,Plan-les-Ouates,Genève,Switzerland,CH,0:30:29,2:41:35,1:36:41,0:01:15,0:03:26,4:53:25,1829,9695,5801,75,206,17605,328,36,16,278,51,11,376,40,17,328,36,16,Finisher,2864
Silya,Lüscher,Silya Lüscher,282,F25-29,Female,Basel,BASEL-STADT,Switzerland,CH,0:32:01,2:42:06,1:33:42,0:02:35,0:03:03,4:53:27,1921,9726,5622,155,183,17607,329,37,11,432,74,23,462,51,16,329,37,11,Finisher,3060
Christiane,Steger,Christiane Steger,120,F35-39,Female,Langquaid,,Germany,DE,0:32:33,2:40:25,1:33:55,0:02:52,0:03:51,4:53:36,1953,9625,5635,172,231,17616,330,38,4,496,92,11,437,47,6,330,38,4,Finisher,3308
Florian,Jost,Florian Jost,388,M35-39,Male,Leimen,BADEN-WURTTEMBERG,Germany,DE,0:36:27,2:36:14,1:33:58,0:03:28,0:03:31,4:53:38,2187,9374,5638,208,211,17618,331,293,49,999,819,137,452,403,69,331,293,49,Finisher,2739
Günther,Greck,Günther Greck,195,M45-49,Male,Røyken,,Austria,AT,0:36:12,2:36:04,1:32:51,0:04:09,0:04:27,4:53:43,2172,9364,5571,249,267,17623,332,294,35,959,788,75,458,408,47,332,294,35,Finisher,2953
Julia,Arnegger,Julia Arnegger,1169,F30-34,Female,Bad Waldsee,BW,Germany,DE,0:29:55,2:37:24,1:39:41,0:02:37,0:04:09,4:53:46,1795,9444,5981,157,249,17626,333,39,5,238,38,6,306,28,4,333,39,5,Finisher,3266
Leonard,Weishaupt,Leonard Weishaupt,2356,M18-24,Male,München,Bavaria,Germany,DE,0:33:52,2:37:43,1:35:08,0:03:41,0:03:24,4:53:49,2032,9463,5708,221,204,17629,334,295,25,633,522,49,423,378,36,334,295,25,Finisher,2485
Volker,Harbrecht,Volker Harbrecht,337,M45-49,Male,Berlin,,Germany,DE,0:36:05,2:37:52,1:31:08,0:04:48,0:04:00,4:53:52,2165,9472,5468,288,240,17632,335,296,36,941,774,74,527,471,51,335,296,36,Finisher,2950
Tim,Wölker,Tim Wölker,191,M35-39,Male,Bünde,NORDRHEIN-WESTFALEN,Germany,DE,0:34:01,2:33:24,1:38:31,0:04:23,0:03:40,4:53:58,2041,9204,5911,263,220,17638,336,297,50,647,534,91,335,305,51,336,297,50,Finisher,2733
Yannick,Röcker,Yannick Röcker,1184,M35-39,Male,Mössingen,Baden-Württemberg,Germany,DE,0:33:08,2:42:01,1:28:48,0:04:07,0:06:06,4:54:10,1988,9721,5328,247,366,17650,337,298,51,566,459,82,547,489,85,337,298,51,Finisher,2729
Meike,Fleck,Meike Fleck,971,F30-34,Female,Heidelberg,Baden-Württemberg,Germany,DE,0:34:08,2:35:10,1:38:11,0:03:26,0:03:24,4:54:19,2048,9310,5891,206,204,17659,338,40,6,663,118,21,357,35,6,338,40,6,Finisher,3256
Marcus,Löhnert,Marcus Löhnert,223,M30-34,Male,Walldorf,Baden-Württemberg,Germany,DE,0:31:42,2:36:21,1:40:15,0:02:52,0:03:14,4:54:24,1902,9381,6015,172,194,17664,339,299,52,394,328,54,322,293,48,339,299,52,Finisher,2663
Hannes,Zipplies,Hannes Zipplies,222,M25-29,Male,Eppingen,,Germany,DE,0:30:33,2:34:35,1:40:48,0:03:26,0:05:03,4:54:24,1833,9275,6048,206,303,17664,340,300,41,287,236,40,284,261,42,340,300,41,Finisher,2648
David,Wolf,David Wolf,2386,M30-34,Male,Wiesbaden,,Germany,DE,0:37:11,2:28:32,1:40:06,0:03:37,0:04:59,4:54:25,2231,8912,6006,217,299,17665,341,301,53,1116,910,149,295,270,47,341,301,53,Finisher,2663
Stephan,Schuldt,Stephan Schuldt,887,M40-44,Male,Markkleeberg,,Germany,DE,0:30:22,2:41:32,1:35:46,0:03:24,0:03:24,4:54:27,1822,9692,5746,204,204,17667,342,302,31,273,224,14,424,379,32,342,302,31,Finisher,2804
Daniel,Van Hinsbergh,Daniel Van Hinsbergh,784,M25-29,Male,Birchington,Kent,United Kingdom,GB,0:30:18,2:34:50,1:41:32,0:04:05,0:03:42,4:54:27,1818,9290,6092,245,222,17667,343,303,42,266,220,36,293,268,43,343,303,42,Finisher,2648
Nicola,Innocenti,Nicola Innocenti,1857,M35-39,Male,Luxembourg,,Italy,IT,0:34:11,2:39:58,1:32:40,0:03:28,0:04:11,4:54:28,2051,9598,5560,208,251,17668,344,304,52,674,555,95,496,443,77,344,304,52,Finisher,2724
Uroš,Kepic,Uroš Kepic,761,M55-59,Male,Ljubljana,foreigner,Slovenia,SI,0:32:25,2:35:31,1:40:03,0:02:58,0:03:31,4:54:28,1945,9331,6003,178,211,17668,345,305,7,480,391,11,323,294,7,345,305,7,Finisher,3142
Charlotte,Lang,Charlotte Lang,148,F25-29,Female,Zürich,,Germany,DE,0:28:42,2:46:17,1:31:35,0:04:29,0:03:31,4:54:33,1722,9977,5495,269,211,17673,346,41,12,149,16,7,553,63,20,346,41,12,Finisher,3040
Rainer,Eberling,Rainer Eberling,517,M45-49,Male,Bad Dürkheim,,Germany,DE,0:35:10,2:35:27,1:37:11,0:03:01,0:03:50,4:54:38,2110,9327,5831,181,230,17678,347,306,37,801,658,59,385,342,38,347,306,37,Finisher,2936
Marc,Reifferscheid,Marc Reifferscheid,2127,M50-54,Male,Freiburg im Breisgau,Baden-Württemberg,Germany,DE,0:33:54,2:22:53,1:49:50,0:03:50,0:04:23,4:54:49,2034,8573,6590,230,263,17689,348,307,19,636,525,50,159,152,6,348,307,19,Finisher,2795
Philipp,Schenk,Philipp Schenk,1680,M35-39,Male,Neu-Ulm,Bavaria,Germany,DE,0:34:54,2:39:35,1:32:03,0:04:10,0:04:08,4:54:51,2094,9575,5523,250,248,17691,349,308,53,760,620,107,526,470,82,349,308,53,Finisher,2717
Lara,Schmidt,Lara Schmidt,786,F25-29,Female,Hemhofen,,Germany,DE,0:36:03,2:40:54,1:30:10,0:03:17,0:04:27,4:54:51,2163,9654,5410,197,267,17691,350,42,13,937,167,41,581,69,23,350,42,13,Finisher,3035
Sven,Pöschke,Sven Pöschke,1643,M45-49,Male,Frankfurt am Main,HESSEN,Germany,DE,0:33:08,2:37:45,1:34:27,0:05:03,0:04:28,4:54:52,1988,9465,5667,303,268,17692,351,309,38,564,457,43,440,393,44,351,309,38,Finisher,2932
Sahin,Kaplan,Sahin Kaplan,1185,M30-34,Male,Göttingen,Lower Saxony,Germany,DE,0:34:16,2:40:31,1:33:27,0:02:56,0:03:43,4:54:52,2056,9631,5607,176,223,17692,352,310,54,683,563,91,498,445,78,352,310,54,Finisher,2655
Anders Broe,Nielsen,Anders Broe Nielsen,2074,M35-39,Male,Støvring,NORDJYLLAND,Denmark,DK,0:38:19,2:33:27,1:36:15,0:04:12,0:02:53,4:55:05,2299,9207,5775,252,173,17705,353,311,54,1297,1052,169,443,396,68,353,311,54,Finisher,2713
Léa,Marchal,Léa Marchal,190,F25-29,Female,Le Gratteris,,France,FR,0:24:35,2:37:02,1:48:05,0:02:29,0:02:57,4:55:08,1475,9422,6485,149,177,17708,354,43,14,14,1,1,215,13,3,354,43,14,Finisher,3029
Nicolas,Finck,Nicolas Finck,137,M45-49,Male,Lauterbourg,AE,France,FR,0:34:55,2:36:11,1:35:21,0:03:43,0:05:04,4:55:14,2095,9371,5721,223,304,17714,355,312,39,764,623,56,414,369,43,355,312,39,Finisher,2925
Andreas,Hettinger,Andreas Hettinger,1317,M40-44,Male,Mönchberg,Bavaria,Germany,DE,0:33:22,2:45:17,1:28:43,0:03:47,0:04:05,4:55:14,2002,9917,5323,227,245,17714,356,313,32,580,473,49,650,576,66,356,313,32,Finisher,2790
Matthias,Hinsken,Matthias Hinsken,693,M30-34,Male,Tübingen ,BADEN-WURTTEMBERG,Germany,DE,0:30:57,2:40:08,1:36:45,0:03:21,0:04:18,4:55:28,1857,9608,5805,201,258,17728,357,314,55,323,269,46,407,363,63,357,314,55,Finisher,2644
Fr. Sebastian,König,Fr. Sebastian König,1063,M30-34,Male,Röhrmoos,Bavaria,Germany,DE,0:34:49,2:38:47,1:34:32,0:03:40,0:03:41,4:55:29,2089,9527,5672,220,221,17729,358,315,56,747,611,96,479,426,74,358,315,56,Finisher,2644
Aaron,Himmighöfer,Aaron Himmighöfer,584,M35-39,Male,München,BAYERN,Germany,DE,0:29:19,2:36:19,1:43:26,0:03:26,0:03:00,4:55:30,1759,9379,6206,206,180,17730,359,316,55,194,168,28,291,266,45,359,316,55,Finisher,2705
Sascha,Wenzel-Hillesheim,Sascha Wenzel-Hillesheim,1610,M40-44,Male,Oberwil-Lieli,Aargau,Germany,DE,0:29:57,2:36:48,1:41:14,0:04:08,0:03:28,4:55:35,1797,9408,6074,248,208,17735,360,317,33,242,203,9,321,292,21,360,317,33,Finisher,2784
Adem,Asci,Adem Asci,344,M45-49,Male,Nové Město,Prague,Denmark,DK,0:38:24,2:28:09,1:41:11,0:03:02,0:04:59,4:55:44,2304,8889,6071,182,299,17744,361,318,40,1312,1065,104,297,272,28,361,318,40,Finisher,2916
Bas,Harenslak,Bas Harenslak,1041,M35-39,Male,Leidschendam,South Holland,Netherlands,NL,0:33:00,2:31:51,1:42:14,0:04:12,0:04:30,4:55:46,1980,9111,6134,252,270,17746,362,319,56,544,440,77,290,265,44,362,319,56,Finisher,2701
Max,Reuter,Max Reuter,185,M25-29,Male,Warken,DIEKIRCH,Luxembourg,LU,0:35:12,2:43:53,1:29:49,0:03:47,0:03:06,4:55:47,2112,9833,5389,227,186,17747,363,320,43,804,661,96,662,587,83,363,320,43,Finisher,2624
Silvia,Weishaeupl,Silvia Weishaeupl,611,F45-49,Female,Regenstauf,,Germany,DE,0:31:08,2:39:47,1:37:45,0:02:35,0:04:33,4:55:47,1868,9587,5865,155,273,17747,364,44,1,341,58,3,381,42,1,364,44,1,Finisher,3500
Christian,Tschäbunin,Christian Tschäbunin,2000,M35-39,Male,Wiesbaden,HE,Germany,DE,0:33:23,2:36:37,1:35:57,0:04:34,0:05:22,4:55:52,2003,9397,5757,274,322,17752,365,321,57,581,474,85,410,365,61,365,321,57,Finisher,2699
Jaillet,Antoine,Jaillet Antoine,1212,M30-34,Male,Monistrol-sur-Loire,Auvergne-Rhône-Alpes,France,FR,0:37:51,2:36:18,1:34:00,0:03:18,0:04:29,4:55:57,2271,9378,5640,198,269,17757,366,322,57,1223,993,159,487,434,76,366,322,57,Finisher,2635
Svatopluk,Danek,Svatopluk Danek,1024,M30-34,Male,London,KEN,Czech Republic,CZ,0:36:41,2:42:24,1:28:32,0:04:28,0:03:58,4:56:03,2201,9744,5312,268,238,17763,367,323,58,1025,838,134,684,605,101,367,323,58,Finisher,2633
Philipp,Jung,Philipp Jung,2035,M30-34,Male,Dieblich,Rheinland-Pfalz,Germany,DE,0:35:17,2:39:20,1:31:46,0:05:14,0:04:25,4:56:03,2117,9560,5506,314,265,17763,368,324,59,818,674,101,568,502,84,368,324,59,Finisher,2633
Torsten,Jungbluth,Torsten Jungbluth,1156,M50-54,Male,Bedburg,,Germany,DE,0:32:30,2:37:41,1:38:36,0:03:04,0:04:15,4:56:06,1950,9461,5916,184,255,17766,369,325,20,487,398,35,374,336,25,369,325,20,Finisher,2772
Claude,Kaiser,Claude Kaiser,1303,M50-54,Male,Esch-Alzette,Esch-sur-Alzette,Luxembourg,LU,0:32:09,2:31:29,1:43:38,0:03:25,0:05:27,4:56:08,1929,9089,6218,205,327,17768,370,326,21,441,363,26,264,246,13,370,326,21,Finisher,2772
Christopher,Weigel,Christopher Weigel,441,M30-34,Male,Bretzfeld,BW,Germany,DE,0:31:54,2:38:49,1:36:52,0:04:13,0:04:23,4:56:11,1914,9529,5812,253,263,17771,371,327,60,419,347,60,417,372,65,371,327,60,Finisher,2631
Jan,Ripperger,Jan Ripperger,1342,M35-39,Male,Friedberg,,Germany,DE,0:35:59,2:32:19,1:40:39,0:03:45,0:03:37,4:56:20,2159,9139,6039,225,217,17780,372,328,58,925,762,127,338,308,52,372,328,58,Finisher,2690
Quirin,Ruland,Quirin Ruland,1302,M25-29,Male,Köln,,Germany,DE,0:29:57,2:31:34,1:47:12,0:04:11,0:03:28,4:56:22,1797,9094,6432,251,208,17782,373,329,44,241,202,33,236,222,35,373,329,44,Finisher,2613
Bettina,Steiger,Bettina Steiger,112,F50-54,Female,Maisprach,,Switzerland,CH,0:32:41,2:42:45,1:34:04,0:02:41,0:04:20,4:56:31,1961,9765,5644,161,260,17791,374,45,1,506,95,2,508,55,1,374,45,1,Finisher,3500
Jochen,Diederichs,Jochen Diederichs,2341,M50-54,Male,Mainz,,Germany,DE,0:33:47,2:36:35,1:38:23,0:03:56,0:03:55,4:56:36,2027,9395,5903,236,235,17796,375,330,22,624,514,47,404,360,29,375,330,22,Finisher,2763
Tim,Ziegler,Tim Ziegler,140,M25-29,Male,Esslingen am Neckar,foreigner,Germany,DE,0:35:06,2:29:49,1:45:41,0:02:26,0:03:35,4:56:37,2106,8989,6341,146,215,17797,376,331,45,791,648,93,271,253,40,376,331,45,Finisher,2609
Robert,Huber,Robert Huber,524,M45-49,Male,Zurich,,Switzerland,CH,0:31:06,2:38:11,1:40:20,0:02:47,0:04:12,4:56:37,1866,9491,6020,167,252,17797,377,332,41,336,281,26,340,310,33,377,332,41,Finisher,2900
Benjamin,Schmidt,Benjamin Schmidt,1330,M40-44,Male,Potsdam,,Germany,DE,0:30:03,2:42:33,1:36:52,0:03:01,0:04:08,4:56:37,1803,9753,5812,181,248,17797,378,333,34,249,207,10,432,386,34,378,333,34,Finisher,2765
Nico,Freund,Nico Freund,203,M45-49,Male,Leipzig,SACHSEN,Germany,DE,0:32:38,2:37:48,1:38:49,0:03:13,0:04:20,4:56:47,1958,9468,5929,193,260,17807,379,334,42,502,408,39,386,343,39,379,334,42,Finisher,2897
Laura,Schön,Laura Schön,503,F25-29,Female,Heidelberg,BW,Germany,DE,0:26:09,2:39:53,1:45:32,0:02:36,0:02:47,4:56:56,1569,9593,6332,156,167,17816,380,46,15,58,4,2,285,24,8,380,46,15,Finisher,2997
Andrew,Sinclair,Andrew Sinclair,165,M35-39,Male,Reinach,,United Kingdom,GB,0:31:36,2:41:52,1:33:29,0:05:04,0:05:01,4:57:01,1896,9712,5609,304,301,17821,381,335,59,383,321,61,521,465,81,381,335,59,Finisher,2678
Felix,Roth,Felix Roth,558,M30-34,Male,München,,Germany,DE,0:30:55,2:35:52,1:41:02,0:05:17,0:04:10,4:57:16,1855,9352,6062,317,250,17836,382,336,61,320,266,45,339,309,49,382,336,61,Finisher,2612
Jannik,Zahn,Jannik Zahn,2455,M30-34,Male,Frankfurt ,HESSEN,Germany,DE,0:30:06,2:42:06,1:38:56,0:02:49,0:03:27,4:57:24,1806,9726,5936,169,207,17844,383,337,62,251,209,38,419,374,67,383,337,62,Finisher,2609
Meg,Potter,Meg Potter,1219,F25-29,Female,Heidelberg,Baden-Württemberg,Germany,DE,0:27:43,2:42:11,1:39:50,0:03:07,0:04:40,4:57:32,1663,9731,5990,187,280,17852,384,47,16,98,10,4,363,36,10,384,47,16,Finisher,2986
Manuel,Enderle,Manuel Enderle,1923,M35-39,Male,Argenbühl,,Germany,DE,0:33:26,2:42:32,1:36:14,0:02:21,0:03:05,4:57:38,2006,9752,5774,141,185,17858,385,338,60,587,479,86,514,458,79,385,338,60,Finisher,2667
Milica,Lekovic,Milica Lekovic,130,F40-44,Female,London,,United Kingdom,GB,0:31:39,2:42:13,1:37:17,0:03:09,0:03:29,4:57:47,1899,9733,5837,189,209,17867,386,48,1,390,65,7,471,53,1,386,48,1,Finisher,3500
Lars,Lensdorf,Lars Lensdorf,417,M55-59,Male,Erlensee,HE,Germany,DE,0:32:13,2:38:24,1:40:02,0:03:04,0:04:06,4:57:49,1933,9504,6002,184,246,17869,387,339,8,451,370,10,387,344,8,387,339,8,Finisher,3081
Moritz,Münch,Moritz Münch,2388,M30-34,Male,Berlin,,Germany,DE,0:32:56,2:37:21,1:40:41,0:02:55,0:03:56,4:57:50,1976,9441,6041,175,236,17870,388,340,63,537,436,73,372,334,53,388,340,63,Finisher,2601
Julien,Perderiset,Julien Perderiset,2292,M45-49,Male,Conflans sainte honorine,,France,FR,0:31:43,2:37:58,1:40:37,0:02:37,0:05:05,4:57:59,1903,9478,6037,157,305,17879,389,341,43,398,331,34,346,316,34,389,341,43,Finisher,2876
Alain,Kieffer,Alain Kieffer,201,M60-64,Male,Keispelt,,Luxembourg,LU,0:30:38,2:43:15,1:36:55,0:03:11,0:04:03,4:58:03,1838,9795,5815,191,243,17883,390,342,4,297,244,4,476,423,6,390,342,4,Finisher,3331
Tom,De Malsche,Tom De Malsche,241,M50-54,Male,Hamme,,Belgium,BE,0:32:23,2:38:56,1:39:46,0:02:50,0:04:08,4:58:03,1943,9536,5986,170,248,17883,391,343,23,474,386,31,400,356,28,391,343,23,Finisher,2737
Niklas,Wittler,Niklas Wittler,787,M25-29,Male,Hiddenhausen,Nordrhein-Westfalen,Germany,DE,0:33:59,2:38:02,1:36:51,0:04:47,0:04:30,4:58:09,2039,9482,5811,287,270,17889,392,344,46,643,531,71,464,413,59,392,344,46,Finisher,2581
Charel,Defrang,Charel Defrang,641,M18-24,Male,Moutfort,Luxembourg ,Luxembourg,LU,0:32:25,2:45:28,1:33:08,0:03:25,0:03:44,4:58:10,1945,9928,5588,205,224,17890,393,345,26,481,392,38,615,544,53,393,345,26,Finisher,2407
Marc,Hageman,Marc Hageman,1083,M30-34,Male,Zegveld,Utrecht,Netherlands,NL,0:38:22,2:42:28,1:28:45,0:04:41,0:03:57,4:58:12,2302,9748,5325,281,237,17892,394,346,64,1306,1060,179,739,652,109,394,346,64,Finisher,2595
Andriy,Bolbat,Andriy Bolbat,1240,M35-39,Male,St.Leon-Rot,BW,Germany,DE,0:45:49,2:42:58,1:19:30,0:05:33,0:04:23,4:58:13,2749,9778,4770,333,263,17893,395,347,61,2054,1609,246,1008,876,146,395,347,61,Finisher,2657
Amaël,Liechti,Amaël Liechti,1276,M25-29,Male,Tavannes,,Switzerland,CH,0:38:30,2:34:36,1:35:30,0:04:14,0:05:26,4:58:16,2310,9276,5730,254,326,17896,396,348,47,1332,1078,145,482,429,60,396,348,47,Finisher,2579
Matthias ,Klimpel ,Matthias Klimpel,1650,M25-29,Male,Dübendorf ,ZH,Germany,DE,0:32:53,2:31:45,1:47:16,0:03:04,0:03:17,4:58:16,1973,9105,6436,184,197,17896,397,349,48,531,431,62,275,255,41,397,349,48,Finisher,2579
Philipp,Gramlich,Philipp Gramlich,567,M35-39,Male,Bruchsal,BW,Germany,DE,0:31:20,2:30:45,1:49:12,0:02:49,0:04:13,4:58:18,1880,9045,6552,169,253,17898,398,350,62,359,298,55,224,211,34,398,350,62,Finisher,2655
Rowan,Vorster,Rowan Vorster,1031,M45-49,Male,Luzern,,South Africa,ZA,0:28:08,2:31:30,1:49:54,0:04:47,0:03:59,4:58:19,1688,9090,6594,287,239,17899,399,351,44,122,108,4,220,207,19,399,351,44,Finisher,2870
Henrik,Mack,Henrik Mack,882,M25-29,Male,Berlin,,Germany,DE,0:34:10,2:43:23,1:34:28,0:02:34,0:03:45,4:58:19,2050,9803,5668,154,225,17899,400,352,49,669,551,76,575,508,74,400,352,49,Finisher,2578
Nicolas,Siegel,Nicolas Siegel,1543,M25-29,Male,Strasbourg,Grand Est,France,FR,0:31:02,2:41:07,1:38:30,0:03:29,0:04:16,4:58:24,1862,9667,5910,209,256,17904,401,353,50,329,274,44,434,388,57,401,353,50,Finisher,2576
Dani,Zurfluh,Dani Zurfluh,1734,M45-49,Male,Erstfeld,,Switzerland,CH,0:31:38,2:35:19,1:43:43,0:04:11,0:03:33,4:58:24,1898,9319,6223,251,213,17904,401,353,45,387,324,33,331,302,31,401,353,45,Finisher,2868
Henno,Reisinger,Henno Reisinger,1132,M50-54,Male,Mechernich,North Rhine-Westphalia,Germany,DE,0:36:27,2:40:50,1:33:12,0:04:22,0:03:38,4:58:29,2187,9650,5592,262,218,17909,403,355,24,1000,820,81,626,553,42,403,355,24,Finisher,2729
Tobias,Hoffmann,Tobias Hoffmann,1148,M35-39,Male,Philippsburg,BADEN-WURTTEMBERG,Germany,DE,0:34:07,2:32:37,1:43:15,0:03:48,0:04:50,4:58:37,2047,9157,6195,228,290,17917,404,356,63,662,545,93,313,285,49,404,356,63,Finisher,2649
Martin,Janker,Martin Janker,103,M40-44,Male,Pentling,,Germany,DE,0:34:09,2:39:39,1:38:02,0:02:46,0:04:07,4:58:44,2049,9579,5882,166,247,17924,405,357,35,668,550,57,460,410,36,405,357,35,Finisher,2727
Josef,Ostner,Josef Ostner,663,M40-44,Male,Hausham,Bavaria,Germany,DE,0:35:06,2:44:47,1:32:32,0:03:32,0:02:59,4:58:56,2106,9887,5552,212,179,17936,406,358,36,792,649,68,680,602,71,406,358,36,Finisher,2724
Tim,Synovzik,Tim Synovzik,574,M30-34,Male,Ubstadt-Weiher,Baden-Württemberg,Germany,DE,0:31:52,2:37:36,1:41:13,0:04:15,0:04:02,4:58:57,1912,9456,6073,255,242,17937,407,359,65,413,343,59,389,346,56,407,359,65,Finisher,2581
Jules,Soler,Jules Soler,1049,M25-29,Male,bourg en bresse,,France,FR,0:31:57,2:30:54,1:48:26,0:02:42,0:05:04,4:59:04,1917,9054,6506,162,304,17944,408,360,51,426,354,49,234,220,34,408,360,51,Finisher,2564
Laura,Beer,Laura Beer,492,F25-29,Female,Lustenau,,Austria,AT,0:32:09,2:41:11,1:38:08,0:03:39,0:03:58,4:59:04,1929,9671,5888,219,238,17944,409,49,17,440,78,25,467,52,17,409,49,17,Finisher,2959
Leonel,Santos,Leonel Santos,259,M40-44,Male,Clarens,VAUD,Portugal,PT,0:40:43,2:29:57,1:40:45,0:04:14,0:03:28,4:59:07,2443,8997,6045,254,208,17947,410,361,37,1624,1281,165,416,371,31,410,361,37,Finisher,2720
Jens,Bartkowiak,Jens Bartkowiak,1803,M50-54,Male,Essen,,Germany,DE,0:31:00,2:33:44,1:47:02,0:03:39,0:03:45,4:59:11,1860,9224,6422,219,225,17951,411,362,25,328,273,18,279,257,15,411,362,25,Finisher,2717
Matthias,Lupfer,Matthias Lupfer,2316,M40-44,Male,München,,Germany,DE,0:41:06,2:33:31,1:34:07,0:04:54,0:05:37,4:59:15,2466,9211,5647,294,337,17955,412,363,38,1661,1305,170,555,491,52,412,363,38,Finisher,2718
Werner,Torau,Werner Torau,709,M50-54,Male,Ernsthofen,,Austria,AT,0:29:58,2:39:26,1:42:22,0:03:15,0:04:14,4:59:15,1798,9566,6142,195,254,17955,413,364,26,243,204,13,354,320,19,413,364,26,Finisher,2716
Tom,Göhler,Tom Göhler,880,M30-34,Male,Ilvesheim,BADEN-WURTTEMBERG,Germany,DE,0:35:37,2:34:50,1:42:04,0:03:15,0:03:30,4:59:16,2137,9290,6124,195,210,17956,414,365,66,854,701,107,388,345,55,414,365,66,Finisher,2576
Jana,Binninger,Jana Binninger,2205,F35-39,Female,Worms,,Germany,DE,0:30:57,2:36:20,1:46:25,0:02:22,0:03:15,4:59:19,1857,9380,6385,142,195,17959,415,50,5,324,55,7,300,26,2,415,50,5,Finisher,3206
Tim,van den Noort,Tim van den Noort,267,M18-24,Male,Ruurlo,GELDERLAND,Netherlands,NL,0:30:58,2:33:11,1:48:37,0:03:33,0:03:12,4:59:31,1858,9191,6517,213,192,17971,416,366,27,325,270,25,274,254,26,416,366,27,Finisher,2382
Sven,Massing,Sven Massing,136,M35-39,Male,Neunkirchen,SL,Germany,DE,0:37:07,2:33:42,1:40:39,0:02:58,0:05:08,4:59:33,2227,9222,6039,178,308,17973,417,367,64,1101,896,147,391,348,59,417,367,64,Finisher,2633
Noah,Valtner,Noah Valtner,1364,M18-24,Male,Nettetal,North Rhine-Westphalia,Germany,DE,0:32:19,2:41:15,1:38:23,0:03:59,0:03:43,4:59:39,1939,9675,5903,239,223,17979,418,368,28,465,378,37,493,440,45,418,368,28,Finisher,2380
Stef,Wuyts,Stef Wuyts,521,M25-29,Male,Hoogstraten,ANTWERPEN,Belgium,BE,0:37:39,2:38:58,1:36:32,0:03:32,0:03:00,4:59:41,2259,9538,5792,212,180,17981,419,369,52,1184,960,133,580,512,75,419,369,52,Finisher,2553
Marco,Neumann,Marco Neumann,1784,M18-24,Male,Weingarten,BADEN-WURTTEMBERG,Germany,DE,0:38:16,2:30:14,1:42:52,0:04:37,0:03:44,4:59:43,2296,9014,6172,277,224,17983,420,370,29,1288,1047,101,367,330,34,420,370,29,Finisher,2379
Just,Nicolaij,Just Nicolaij,930,M18-24,Male,Zwolle,,Netherlands,NL,0:33:06,2:40:38,1:40:15,0:02:53,0:03:01,4:59:54,1986,9638,6015,173,181,17994,421,371,30,560,454,44,461,411,40,421,371,30,Finisher,2375
Philippine,Ducrocq,Philippine Ducrocq,1002,F25-29,Female,AIRAINES,,France,FR,0:31:51,2:45:00,1:37:37,0:02:36,0:02:54,4:59:58,1911,9900,5857,156,174,17998,422,51,18,411,70,21,552,62,19,422,51,18,Finisher,2942
Steve,Williams,Steve Williams,102,M50-54,Male,Bourne,LINCOLNSHIRE,United Kingdom,GB,0:32:23,2:38:23,1:42:11,0:03:11,0:03:49,4:59:58,1943,9503,6131,191,229,17998,423,372,27,475,387,32,394,351,27,423,372,27,Finisher,2703
Patrick,Tewordt,Patrick Tewordt,496,M40-44,Male,Wiesbaden,,Germany,DE,0:36:02,2:40:42,1:36:01,0:03:54,0:03:22,5:00:02,2162,9642,5761,234,202,18002,424,373,39,931,767,84,587,517,54,424,373,39,Finisher,2704
Janina,Edenhofner,Janina Edenhofner,841,F30-34,Female,Kaufungen,,Germany,DE,0:34:47,2:45:23,1:32:29,0:03:03,0:04:24,5:00:04,2087,9923,5549,183,264,18004,425,52,7,741,135,24,673,77,15,425,52,7,Finisher,3153
Benedikt,Kitzinger,Benedikt Kitzinger,530,M35-39,Male,Jettingen-Scheppach,,Germany,DE,0:32:00,2:38:37,1:42:28,0:03:26,0:03:39,5:00:11,1920,9517,6148,206,219,18011,426,374,65,431,358,66,399,355,60,426,374,65,Finisher,2621
Christian,Bröring,Christian Bröring,1469,M40-44,Male,Dinklage,Lower Saxony,Germany,DE,0:35:04,2:37:19,1:37:36,0:05:34,0:04:39,5:00:12,2104,9439,5856,334,279,18012,427,375,40,785,642,66,505,451,46,427,375,40,Finisher,2701
Michel Angelo,Ramunno,Michel Angelo Ramunno,154,M40-44,Male,Erlangen,foreigner,Italy,IT,0:31:56,2:46:25,1:33:23,0:03:08,0:05:21,5:00:14,1916,9985,5603,188,321,18014,428,376,41,424,352,30,620,548,59,428,376,41,Finisher,2700
Christoph,Dümmler,Christoph Dümmler,1754,M35-39,Male,Leutershausen,Bavaria,Germany,DE,0:35:39,2:44:51,1:30:33,0:03:35,0:05:39,5:00:17,2139,9891,5433,215,339,18017,429,377,66,860,706,117,702,620,111,429,377,66,Finisher,2619
Jonathan,Dollen,Jonathan Dollen,1424,M35-39,Male,bertrange,,France,FR,0:36:07,2:43:57,1:32:10,0:04:13,0:03:52,5:00:18,2167,9837,5530,253,232,18018,430,378,67,946,778,131,707,624,112,430,378,67,Finisher,2619
Markus,Gilleßen,Markus Gilleßen,108,M40-44,Male,Alsdorf,,Germany,DE,0:35:38,2:43:32,1:31:47,0:04:46,0:04:35,5:00:18,2138,9812,5507,286,275,18018,431,379,42,858,704,77,698,618,75,431,379,42,Finisher,2699
Meike,Farber,Meike Farber,2203,F30-34,Female,St. Gallen,,Germany,DE,0:31:08,2:45:31,1:37:11,0:02:42,0:03:49,5:00:21,1868,9931,5831,162,229,18021,432,53,8,340,57,11,550,60,11,432,53,8,Finisher,3148
Mika,Hahn,Mika Hahn,2357,M18-24,Male,Aichwald,BADEN-WURTTEMBERG,Germany,DE,0:35:30,2:36:46,1:40:32,0:03:10,0:04:26,5:00:23,2130,9406,6032,190,266,18023,433,380,31,835,686,67,428,382,37,433,380,31,Finisher,2367
Matthias,Jarr,Matthias Jarr,482,M50-54,Male,Trier,RP,Germany,DE,0:32:18,2:42:03,1:39:53,0:02:39,0:03:32,5:00:24,1938,9723,5993,159,212,18024,434,381,28,463,377,28,469,417,34,434,381,28,Finisher,2695
Ralph,Bourckel,Ralph Bourckel,2458,M25-29,Male,Nocher,Wolz,Luxembourg,LU,0:32:54,2:42:19,1:37:22,0:03:50,0:04:08,5:00:33,1974,9739,5842,230,248,18033,435,382,53,532,432,63,538,482,67,435,382,53,Finisher,2538
Tom,Demeyer,Tom Demeyer,710,M35-39,Male,Schepdaal,VLAAMS-BRABANT,Belgium,BE,0:34:08,2:39:29,1:33:40,0:07:04,0:06:12,5:00:33,2048,9569,5620,424,372,18033,436,383,68,664,546,94,588,518,92,436,383,68,Finisher,2615
Maxime,Mancosu,Maxime Mancosu,996,M35-39,Male,Unterhaching,Bavaria,France,FR,0:30:41,2:34:30,1:47:20,0:04:32,0:03:35,5:00:38,1841,9270,6440,272,215,18038,437,384,69,301,248,44,302,276,47,437,384,69,Finisher,2613
Stephan,Nolte,Stephan Nolte,2441,M55-59,Male,Erlensee,,Germany,DE,0:35:46,2:37:10,1:40:19,0:03:10,0:04:17,5:00:42,2146,9430,6019,190,257,18042,438,385,9,887,728,27,448,400,12,438,385,9,Finisher,3029
Dennis,Schmidt,Dennis Schmidt,204,M40-44,Male,Heddesheim,BADEN-WURTTEMBERG,Germany,DE,0:33:15,2:40:38,1:39:37,0:02:50,0:04:24,5:00:45,1995,9638,5977,170,264,18045,439,386,43,570,463,45,463,412,37,439,386,43,Finisher,2691
Jonas,Moser,Jonas Moser,2152,M25-29,Male,Konstanz,Baden-Württemberg,Germany,DE,0:31:48,2:24:57,1:51:40,0:05:52,0:06:30,5:00:46,1908,8697,6700,352,390,18046,440,387,54,409,340,48,194,182,25,440,387,54,Finisher,2534
Philipp,Schneider,Philipp Schneider,1761,M25-29,Male,Mannheim,,Germany,DE,0:34:58,2:23:45,1:48:27,0:07:09,0:06:30,5:00:48,2098,8625,6507,429,390,18048,441,388,55,771,630,88,241,227,36,441,388,55,Finisher,2533
Jan,Werner,Jan Werner,2047,M35-39,Male,Wetzlar,HE,Germany,DE,0:30:44,2:43:02,1:35:12,0:06:23,0:05:32,5:00:52,1844,9782,5712,383,332,18052,442,389,70,304,251,45,578,510,90,442,389,70,Finisher,2609
Daniela,Wiefhoff,Daniela Wiefhoff,109,F30-34,Female,Düsseldorf,,Germany,DE,0:31:27,2:40:52,1:42:47,0:02:10,0:03:43,5:01:01,1887,9652,6167,130,223,18061,443,54,9,366,62,12,408,45,7,443,54,9,Finisher,3136
Bram,Van Montfort,Bram Van Montfort,755,M35-39,Male,Berlin,foreigner,Netherlands,NL,0:37:42,2:32:43,1:44:02,0:02:57,0:03:36,5:01:01,2262,9163,6242,177,216,18061,444,390,71,1195,969,161,378,337,58,444,390,71,Finisher,2606
Yves,Martele,Yves Martele,294,M50-54,Male,Gent,,Belgium,BE,0:31:18,2:37:55,1:43:41,0:04:02,0:04:16,5:01:11,1878,9475,6221,242,256,18071,445,391,29,357,296,23,373,335,24,445,391,29,Finisher,2681
Jorg,Brassel,Jorg Brassel,1290,M45-49,Male,Tübach,,Switzerland,CH,0:36:14,2:38:52,1:38:44,0:02:57,0:04:24,5:01:11,2174,9532,5924,177,264,18071,446,392,46,968,795,77,507,453,49,446,392,46,Finisher,2818
Kathrin,Halter,Kathrin Halter,2507,F25-29,Female,Zuzenhausen,BW,Germany,DE,0:27:57,2:38:48,1:49:03,0:01:45,0:03:38,5:01:11,1677,9528,6543,105,218,18071,447,55,19,113,14,5,282,23,7,447,55,19,Finisher,2921
Paul,Becker,Paul Becker,1243,M18-24,Male,Mannheim,BW,Germany,DE,0:35:05,2:31:57,1:46:33,0:03:46,0:03:56,5:01:17,2105,9117,6393,226,236,18077,448,393,32,790,647,64,320,291,30,448,393,32,Finisher,2351
Quentin,Grutman,Quentin Grutman,2334,M50-54,Male,Wavre,BRABANT WALLON,Belgium,BE,0:28:37,2:45:07,1:39:21,0:03:09,0:05:05,5:01:19,1717,9907,5961,189,305,18079,449,394,30,144,129,7,466,415,33,449,394,30,Finisher,2678
Ines,Bradshaw,Ines Bradshaw,1307,F35-39,Female,Regensburg,,Germany,DE,0:29:48,2:47:02,1:38:35,0:02:19,0:03:37,5:01:21,1788,10022,5915,139,217,18081,450,56,6,229,34,4,543,57,8,450,56,6,Finisher,3169
Arved Risto,Thunig,Arved Risto Thunig,2337,M35-39,Male,Hamburg,,Germany,DE,0:30:29,2:39:03,1:44:34,0:03:15,0:04:01,5:01:21,1829,9543,6274,195,241,18081,451,395,72,279,228,40,359,324,57,451,395,72,Finisher,2600
Jannis,Jütting ,Jannis Jütting,2030,M35-39,Male,Stuttgart,Baden-Württemberg,Germany,DE,0:33:21,2:38:18,1:41:50,0:03:53,0:04:19,5:01:41,2001,9498,6110,233,259,18101,452,396,73,579,472,84,431,385,64,452,396,73,Finisher,2594
Yoann,Le Nenan,Yoann Le Nenan,289,M30-34,Male,Metz,Grand Est,France,FR,0:31:47,2:42:24,1:38:54,0:03:25,0:05:12,5:01:42,1907,9744,5934,205,312,18102,453,397,67,407,338,57,495,442,77,453,397,67,Finisher,2532
Janis,Frangart,Janis Frangart,1739,M30-34,Male,Ulm,Baden-Württemberg,Germany,DE,0:44:21,2:35:37,1:29:46,0:06:52,0:05:07,5:01:43,2661,9337,5386,412,307,18103,454,398,68,1961,1539,266,782,689,119,454,398,68,Finisher,2531
Emanuel,Burger,Emanuel Burger,546,M40-44,Male,Kilchberg,ZURICH,Switzerland,CH,0:35:47,2:36:55,1:37:46,0:04:55,0:06:32,5:01:55,2147,9415,5866,295,392,18115,455,399,44,888,729,79,497,444,42,455,399,44,Finisher,2670
Joerg,Fischer,Joerg Fischer,1819,M45-49,Male,Baierbrunn,,Germany,DE,0:35:24,2:46:07,1:31:23,0:04:04,0:05:03,5:02:02,2124,9967,5483,244,303,18122,456,400,47,825,679,64,742,654,72,456,400,47,Finisher,2803
Frank,Groß,Frank Groß,2258,M55-59,Male,Offenburg,,Germany,DE,0:38:09,2:34:23,1:40:19,0:04:58,0:04:13,5:02:02,2289,9263,6019,298,253,18122,457,401,10,1266,1029,47,489,436,14,457,401,10,Finisher,3005
Teresa,Stürzenhofäcker,Teresa Stürzenhofäcker,1324,F25-29,Female,Erlangen,,Germany,DE,0:35:59,2:40:22,1:38:31,0:03:18,0:03:55,5:02:05,2159,9622,5911,198,235,18125,458,57,20,923,162,40,559,65,21,458,57,20,Finisher,2904
Guillaume,Boisgontier,Guillaume Boisgontier,1189,M50-54,Male,Cherbourg En Cotentin,MANCHE,France,FR,0:35:27,2:32:53,1:43:58,0:05:16,0:04:31,5:02:05,2127,9173,6238,316,271,18125,459,402,31,832,683,67,383,341,26,459,402,31,Finisher,2665
David,Van De Vijver,David Van De Vijver,1777,M35-39,Male,Kluisbergen,OOST-VLAANDEREN,Belgium,BE,0:34:16,2:38:05,1:40:11,0:04:38,0:05:04,5:02:15,2056,9485,6011,278,304,18135,460,403,74,685,565,99,468,416,72,460,403,74,Finisher,2584
Steffen,Urbansky,Steffen Urbansky,257,M40-44,Male,Jena,foreigner,Germany,DE,0:34:43,2:47:04,1:31:56,0:04:11,0:04:21,5:02:15,2083,10024,5516,251,261,18135,461,404,45,734,601,62,750,661,80,461,404,45,Finisher,2664
Thomas,Beiersdoerfer,Thomas Beiersdoerfer,121,M60-64,Male,Hochstadt/Pfalz,,Germany,DE,0:32:29,2:43:19,1:38:29,0:03:12,0:04:46,5:02:15,1949,9799,5909,192,286,18135,462,405,5,485,396,10,536,480,7,462,405,5,Finisher,3255
Marian,Busse,Marian Busse,1549,M30-34,Male,Hannover,,Germany,DE,0:35:49,2:43:10,1:34:30,0:04:40,0:04:10,5:02:19,2149,9790,5670,280,250,18139,463,406,69,895,735,118,690,611,104,463,406,69,Finisher,2521
Andreas,Devos,Andreas Devos,1154,M30-34,Male,Wevelgem,WEST-VLAANDEREN,Belgium,BE,0:32:26,2:39:47,1:38:38,0:05:54,0:05:39,5:02:24,1946,9587,5918,354,339,18144,464,407,70,482,393,65,510,455,80,464,407,70,Finisher,2519
Emma,Dörr,Emma Dörr,280,F25-29,Female,Darmstadt,HE,Germany,DE,0:32:18,2:45:42,1:37:17,0:02:56,0:04:13,5:02:25,1938,9942,5837,176,253,18145,465,58,21,464,87,28,598,71,25,465,58,21,Finisher,2898
Romain,Geron,Romain Geron,2490,M30-34,Male,CHARNEUX,Walloon Region,Belgium,BE,0:24:54,2:46:04,1:43:16,0:03:32,0:04:46,5:02:32,1494,9964,6196,212,286,18152,466,408,71,34,33,3,409,364,64,466,408,71,Finisher,2517
Johanna,Hänsel,Johanna Hänsel,1236,F25-29,Female,Rastede,NI,Germany,DE,0:28:53,2:42:06,1:44:50,0:02:59,0:03:47,5:02:35,1733,9726,6290,179,227,18155,467,59,22,161,20,10,395,44,13,467,59,22,Finisher,2895
Dennis,Otte,Dennis Otte,432,M30-34,Male,Rimbach,HE,Germany,DE,0:35:19,2:41:24,1:38:20,0:03:59,0:03:37,5:02:38,2119,9684,5900,239,217,18158,468,409,72,821,676,102,591,521,89,468,409,72,Finisher,2515
Augustin,Peyratout,Augustin Peyratout,158,M40-44,Male,COLOMIERS,AS,France,FR,0:35:43,2:41:21,1:37:31,0:04:00,0:04:05,5:02:40,2143,9681,5851,240,245,18160,469,410,46,870,712,78,603,532,56,469,410,46,Finisher,2657
Kay,Schindler,Kay Schindler,415,M50-54,Male,Mainz,,Germany,DE,0:30:12,2:36:45,1:46:49,0:03:22,0:05:34,5:02:42,1812,9405,6409,202,334,18162,470,411,32,257,214,14,308,280,17,470,411,32,Finisher,2654
Steffen,Schneider,Steffen Schneider,1753,M25-29,Male,Baden-Baden,,Germany,DE,0:39:42,2:26:45,1:47:56,0:04:39,0:03:41,5:02:43,2382,8805,6476,279,221,18163,471,412,56,1505,1202,174,330,301,51,471,412,56,Finisher,2499
Carsten,Heinz,Carsten Heinz,1167,M45-49,Male,St. Leon-Rot,,Germany,DE,0:33:46,2:39:58,1:40:48,0:04:53,0:03:26,5:02:50,2026,9598,6048,293,206,18170,472,413,48,620,510,47,523,467,50,472,413,48,Finisher,2789
Oliver,Mehlkop,Oliver Mehlkop,1511,M30-34,Male,Baesweiler,,Germany,DE,0:38:43,2:42:02,1:27:30,0:07:52,0:06:47,5:02:54,2323,9722,5250,472,407,18174,473,414,73,1366,1105,189,837,737,128,473,414,73,Finisher,2510
Frank,Van Enckevort,Frank Van Enckevort,556,M35-39,Male,Sevenum,,Netherlands,NL,0:36:21,2:35:43,1:43:14,0:03:34,0:04:04,5:02:57,2181,9343,6194,214,244,18177,474,415,75,977,801,134,435,389,66,474,415,75,Finisher,2571
Patrick,Fratczak,Patrick Fratczak,1284,M35-39,Male,Hannover,,Germany,DE,0:34:56,2:40:44,1:36:53,0:05:07,0:05:22,5:03:01,2096,9644,5813,307,322,18181,475,416,76,766,625,109,595,525,93,475,416,76,Finisher,2570
Marwin,Rieker,Marwin Rieker,547,M18-24,Male,Ittlingen,,Germany,DE,0:30:54,2:49:20,1:36:34,0:02:52,0:03:22,5:03:02,1854,10160,5794,172,202,18182,476,417,33,318,264,23,669,593,57,476,417,33,Finisher,2319
Lukas,Altnöder,Lukas Altnöder,1593,M25-29,Male,Mitterteich,BAYERN,Germany,DE,0:37:44,2:36:59,1:37:55,0:05:59,0:04:27,5:03:04,2264,9419,5875,359,267,18184,477,418,57,1201,975,136,590,520,76,477,418,57,Finisher,2492
Andreas,Wittmann,Andreas Wittmann,1291,M45-49,Male,Niederscheyern,Bavaria,Germany,DE,0:37:44,2:35:46,1:38:56,0:05:33,0:05:13,5:03:12,2264,9346,5936,333,313,18192,478,419,49,1204,978,97,537,481,53,478,419,49,Finisher,2782
Carlos,Forero,Carlos Forero,1735,M45-49,Male,Cham,,Peru,PE,0:39:50,2:39:11,1:35:17,0:04:19,0:04:35,5:03:13,2390,9551,5717,259,275,18193,479,420,50,1519,1210,123,677,600,65,479,420,50,Finisher,2782
Martin,Ehrenberger,Martin Ehrenberger,1919,M50-54,Male,České Budějovice,Czech Republic,Czech Republic,CZ,0:33:35,2:40:18,1:40:51,0:03:19,0:05:11,5:03:14,2015,9618,6051,199,311,18194,480,421,33,603,495,42,478,425,35,480,421,33,Finisher,2644
Ruben,Heim,Ruben Heim,1234,M25-29,Male,München,BY,Germany,DE,0:30:32,2:44:48,1:39:32,0:03:27,0:04:58,5:03:18,1832,9888,5972,207,298,18198,481,422,58,284,233,38,530,474,66,481,422,58,Finisher,2488
Manuel,Büchele,Manuel Büchele,2339,M40-44,Male,Niederdorfelden,HESSEN,Germany,DE,0:31:35,2:40:46,1:42:18,0:03:46,0:05:00,5:03:25,1895,9646,6138,226,300,18205,482,423,47,381,319,24,449,401,35,482,423,47,Finisher,2643
Wolfgang,Schmatz,Wolfgang Schmatz,975,M60-64,Male,Schwandof,,Germany,DE,0:31:35,2:37:12,1:47:23,0:03:26,0:03:52,5:03:28,1895,9432,6443,206,232,18208,483,424,6,380,318,7,345,315,5,483,424,6,Finisher,3233
Stefan,Diederich,Stefan Diederich,884,M45-49,Male,Kassel,,Germany,DE,0:38:55,2:35:52,1:39:17,0:04:11,0:05:14,5:03:30,2335,9352,5957,251,314,18210,484,425,51,1393,1123,112,534,478,52,484,425,51,Finisher,2777
Sebastian,Blatt,Sebastian Blatt,1030,M35-39,Male,Mainz ,,Germany,DE,0:36:03,2:39:49,1:37:49,0:03:41,0:06:07,5:03:30,2163,9589,5869,221,367,18210,485,426,77,938,771,130,557,493,87,485,426,77,Finisher,2561
Fabienne,Maia,Fabienne Maia,1662,F35-39,Female,Zurich,ZURICH,Switzerland,CH,0:35:04,2:44:55,1:35:31,0:03:01,0:05:05,5:03:36,2104,9895,5731,181,305,18216,486,60,7,783,143,18,666,76,12,486,60,7,Finisher,3128
Magdalena,Glotzer,Magdalena Glotzer,1916,F30-34,Female,Chicago,foreigner,United States,US,0:30:13,2:44:52,1:41:55,0:02:46,0:03:58,5:03:44,1813,9892,6115,166,238,18224,487,61,10,259,44,7,501,54,9,487,61,10,Finisher,3087
Fabian,Knauft,Fabian Knauft,2393,M40-44,Male,Neu Isenburg,HESSEN,Germany,DE,0:34:04,2:40:53,1:42:26,0:02:58,0:03:46,5:04:06,2044,9653,6146,178,226,18246,488,427,48,653,538,56,503,449,44,488,427,48,Finisher,2631
Thomas,Buchmueller,Thomas Buchmueller,147,M55-59,Male,Burggen,foreigner,Germany,DE,0:36:22,2:39:31,1:38:59,0:04:12,0:05:03,5:04:06,2182,9571,5939,252,303,18246,489,428,11,980,803,33,573,506,17,489,428,11,Finisher,2968
Raphaela,Gessele,Raphaela Gessele,1678,F35-39,Female,Neu-Ulm,BAYERN,Germany,DE,0:30:03,2:46:07,1:40:43,0:03:10,0:04:06,5:04:09,1803,9967,6043,190,246,18249,490,62,8,248,42,6,549,59,9,490,62,8,Finisher,3119
Jeroen,Beltman,Jeroen Beltman,1143,M45-49,Male,Amsterdam,,Netherlands,NL,0:33:33,2:41:08,1:39:32,0:04:25,0:05:34,5:04:11,2013,9668,5972,265,334,18251,491,429,52,599,491,45,540,484,54,491,429,52,Finisher,2764
Lukas ,Schran,Lukas Schran,2109,M18-24,Male,Pforzheim,BW,Germany,DE,0:38:44,2:32:55,1:43:12,0:04:16,0:05:07,5:04:14,2324,9175,6192,256,307,18254,492,430,34,1367,1106,105,439,392,38,492,430,34,Finisher,2297
Jan-Frederik,Meisel,Jan-Frederik Meisel,1255,M30-34,Male,Pfullingen,Baden-Württemberg,Germany,DE,0:32:16,2:37:19,1:45:29,0:04:25,0:04:45,5:04:15,1936,9439,6329,265,285,18255,493,431,74,460,376,63,396,352,58,493,431,74,Finisher,2486
Jiri,Guttek,Jiri Guttek,2527,M50-54,Male,Ohain,,Czech Republic,CZ,0:31:07,2:37:23,1:47:13,0:04:23,0:04:12,5:04:17,1867,9443,6433,263,252,18257,494,432,34,338,282,20,362,327,21,494,432,34,Finisher,2625
Claudius,Winterstein,Claudius Winterstein,1322,M30-34,Male,Frankfurt am Main,HE,Germany,DE,0:33:09,2:42:53,1:36:28,0:05:07,0:06:44,5:04:21,1989,9773,5788,307,404,18261,495,433,75,568,461,75,608,537,92,495,433,75,Finisher,2484
Robin,Bates,Robin Bates,2410,M30-34,Male,Bruchsal,BW,Germany,DE,0:37:08,2:35:10,1:46:30,0:02:39,0:02:55,5:04:22,2228,9310,6390,159,175,18262,496,434,76,1105,900,147,418,373,66,496,434,76,Finisher,2484
Erik,Doesburg,Erik Doesburg,1578,M45-49,Male,Netherland,,Netherlands,NL,0:31:17,2:36:53,1:45:26,0:04:40,0:06:10,5:04:26,1877,9413,6326,280,370,18266,497,435,53,356,295,27,361,326,37,497,435,53,Finisher,2760
Matthias,Zimmermann,Matthias Zimmermann,1830,M40-44,Male,Selzen,RHEINLAND-PFALZ,Germany,DE,0:32:30,2:44:54,1:37:37,0:04:44,0:04:44,5:04:30,1950,9894,5857,284,284,18270,498,436,49,488,399,36,640,567,63,498,436,49,Finisher,2624
Davide,Colombo,Davide Colombo,2376,M50-54,Male,Seregno,,Italy,IT,0:40:16,2:46:21,1:29:06,0:05:03,0:03:44,5:04:30,2416,9981,5346,303,224,18270,499,437,35,1572,1249,107,937,820,71,499,437,35,Finisher,2621
Heiko,Logisch,Heiko Logisch,1486,M45-49,Male,Stuttgart,Baden-Württemberg,Germany,DE,0:31:34,2:47:37,1:36:40,0:03:46,0:04:54,5:04:31,1894,10057,5800,226,294,18271,500,438,54,379,317,32,665,590,64,500,438,54,Finisher,2758
Rafael,Lombardi,Rafael Lombardi,287,M35-39,Male,Babenhausen,,Brazil,BR,0:33:04,2:43:16,1:41:44,0:02:48,0:03:42,5:04:33,1984,9796,6104,168,222,18273,501,439,78,554,448,81,542,486,84,501,439,78,Finisher,2543
Jouk,Vermeeren,Jouk Vermeeren,525,M25-29,Male,Hoogstraten,Antwerpen,Belgium,BE,0:36:23,2:47:00,1:33:35,0:03:21,0:04:21,5:04:40,2183,10020,5615,201,261,18280,502,440,59,985,808,108,780,687,94,502,440,59,Finisher,2464
Yannic,Granzer,Yannic Granzer,237,M35-39,Male,Frankfurt am Main,,Germany,DE,0:34:42,2:37:28,1:42:47,0:04:43,0:05:02,5:04:42,2082,9448,6167,283,302,18282,503,441,79,730,599,103,465,414,71,503,441,79,Finisher,2540
Jean-Philippe,Dechristé,Jean-Philippe Dechristé,1253,M50-54,Male,Strasbourg,,France,FR,0:29:36,2:33:01,1:53:41,0:03:12,0:05:13,5:04:43,1776,9181,6821,192,313,18283,504,442,36,214,185,11,240,226,10,504,442,36,Finisher,2617
Victor,Dupont-Gaudin,Victor Dupont-Gaudin,1781,M35-39,Male,Reims,MARNE,France,FR,0:28:43,2:43:11,1:45:13,0:03:20,0:04:21,5:04:48,1723,9791,6313,200,261,18288,505,443,80,152,135,21,421,376,63,505,443,80,Finisher,2538
Maximilian,Klöhn,Maximilian Klöhn,200,M30-34,Male,Hemhofen,BAYERN,Germany,DE,0:32:51,2:43:42,1:40:26,0:04:15,0:03:47,5:05:02,1971,9822,6026,255,227,18302,506,444,77,527,428,71,596,526,90,506,444,77,Finisher,2472
Philipp,Rappold,Philipp Rappold,425,M45-49,Male,Bad Herrenalb,BW,Germany,DE,0:46:24,2:42:06,1:26:46,0:05:51,0:04:03,5:05:10,2784,9726,5206,351,243,18310,507,445,55,2083,1628,155,1009,877,91,507,445,55,Finisher,2747
Piotr,Kazmierczak,Piotr Kazmierczak,278,M50-54,Male,Berlin,Berlin,Poland,PL,0:36:20,2:42:20,1:39:52,0:02:30,0:04:08,5:05:11,2180,9740,5992,150,248,18311,508,446,37,972,797,77,609,538,41,508,446,37,Finisher,2609
Philippe,Simon,Philippe Simon,168,M55-59,Male,METZ,,France,FR,0:36:28,2:39:05,1:37:44,0:05:30,0:06:25,5:05:12,2188,9545,5864,330,385,18312,509,447,12,1004,823,35,602,531,18,509,447,12,Finisher,2948
Silas,Deplazes,Silas Deplazes,1625,M30-34,Male,Chur,Graubünden,Switzerland,CH,0:38:33,2:31:01,1:41:41,0:07:34,0:06:28,5:05:18,2313,9061,6101,454,388,18318,510,448,78,1342,1088,187,477,424,73,510,448,78,Finisher,2467
Benjamin Oliver,Schaeuffele,Benjamin Oliver Schaeuffele,2140,M25-29,Male,Pfalzgrafenweiler,,Germany,DE,0:32:15,2:35:08,1:51:14,0:03:09,0:03:34,5:05:20,1935,9308,6674,189,214,18320,511,449,60,456,373,52,312,284,46,511,449,60,Finisher,2452
Devid,Castioni,Devid Castioni,1174,M35-39,Male,Ora,Trentino-South Tyrol,Italy,IT,0:34:39,2:36:25,1:46:31,0:03:38,0:04:09,5:05:22,2079,9385,6391,218,249,18322,512,450,81,720,591,101,412,367,62,512,450,81,Finisher,2528
Gregor,Dördelmann,Gregor Dördelmann,2223,M40-44,Male,Haan,,Germany,DE,0:34:29,2:43:42,1:37:48,0:03:34,0:05:55,5:05:27,2069,9822,5868,214,355,18327,513,451,50,710,584,60,632,559,62,513,451,50,Finisher,2606
Thomas,Möller,Thomas Möller,1665,M50-54,Male,Laubach,,Germany,DE,0:30:59,2:41:36,1:43:33,0:03:37,0:05:43,5:05:28,1859,9696,6213,217,343,18328,514,452,38,326,271,17,454,405,32,514,452,38,Finisher,2604
Noah,Bartuli,Noah Bartuli,2178,M18-24,Male,Laichingen,Baden-Württemberg,Germany,DE,0:35:58,2:51:40,1:29:40,0:03:56,0:04:15,5:05:30,2158,10300,5380,236,255,18330,515,453,35,917,756,75,933,816,75,515,453,35,Finisher,2275
Stijn,Robijns,Stijn Robijns,1844,M40-44,Male,Aarschot,,Belgium,BE,0:33:08,2:40:33,1:45:11,0:03:22,0:03:24,5:05:38,1988,9633,6311,202,204,18338,516,454,51,564,457,44,473,420,38,516,454,51,Finisher,2603
Norman,Rahmel,Norman Rahmel,1382,M25-29,Male,Schwabach,,Germany,DE,0:33:06,2:39:47,1:45:00,0:03:04,0:04:41,5:05:39,1986,9587,6300,184,281,18339,517,455,61,561,455,64,442,395,58,517,455,61,Finisher,2446
Anna,Minges,Anna Minges,175,F35-39,Female,Landau,,Germany,DE,0:32:53,2:49:08,1:36:32,0:03:26,0:03:40,5:05:39,1973,10148,5792,206,220,18339,518,63,9,530,100,12,736,86,14,518,63,9,Finisher,3092
Nienke,Vlak,Nienke Vlak,1887,F45-49,Female,Eelde,,Netherlands,NL,0:32:30,2:46:17,1:40:57,0:02:48,0:03:12,5:05:45,1950,9977,6057,168,192,18345,519,64,2,489,90,5,624,73,2,519,64,2,Finisher,3320
Christoph,Baumann,Christoph Baumann,1022,M35-39,Male,Seftigen,,Switzerland,CH,0:33:29,2:43:19,1:39:36,0:04:54,0:04:28,5:05:46,2009,9799,5976,294,268,18346,520,456,82,590,482,87,627,554,98,520,456,82,Finisher,2521
Andreas,Edenhart,Andreas Edenhart,1019,M35-39,Male,Burglengenfeld,,Germany,DE,0:29:55,2:45:23,1:42:26,0:03:59,0:04:07,5:05:49,1795,9923,6146,239,247,18349,521,457,83,237,200,34,548,490,86,521,457,83,Finisher,2520
Sven,Steuerwald,Sven Steuerwald,673,M18-24,Male,Ludwigshafen am Rhein,RP,Germany,DE,0:32:02,2:47:40,1:36:51,0:05:10,0:04:07,5:05:50,1922,10060,5811,310,247,18350,522,458,36,435,360,32,721,637,60,522,458,36,Finisher,2269
Thomas,Röske,Thomas Röske,2260,M50-54,Male,Potsdam,Brandenburg,Germany,DE,0:31:11,2:43:24,1:43:18,0:04:02,0:04:01,5:05:56,1871,9804,6198,242,241,18356,523,459,39,345,287,21,524,468,38,523,459,39,Finisher,2595
Simon,Devos,Simon Devos,1155,M35-39,Male,Menen,,Belgium,BE,0:28:28,2:40:30,1:49:08,0:03:07,0:04:46,5:06:00,1708,9630,6548,187,286,18360,524,460,84,138,123,18,341,311,53,524,460,84,Finisher,2516
Torsten,Salm,Torsten Salm,2513,M30-34,Male,Tholey,,Germany,DE,0:33:34,2:43:53,1:39:35,0:04:39,0:04:19,5:06:00,2014,9833,5975,279,259,18360,525,461,79,600,492,81,638,565,97,525,461,79,Finisher,2454
Laurine,Chandet,Laurine Chandet,1347,F30-34,Female,Boulogne-Billancourt,Île-de-France,France,FR,0:29:04,2:44:09,1:45:40,0:03:01,0:04:09,5:06:03,1744,9849,6340,181,249,18363,526,65,11,176,24,4,456,50,8,526,65,11,Finisher,3045
Maximilian,Lange,Maximilian Lange,1687,M18-24,Male,Duderstadt,Lower Saxony,Germany,DE,0:38:58,2:33:53,1:43:42,0:04:37,0:04:56,5:06:05,2338,9233,6222,277,296,18365,527,462,37,1400,1129,108,486,433,42,527,462,37,Finisher,2264
Fabian,Rupp,Fabian Rupp,172,M40-44,Male,Frankfurt,,Germany,DE,0:36:51,2:37:30,1:44:35,0:03:23,0:03:52,5:06:09,2211,9450,6275,203,232,18369,528,463,52,1055,860,97,499,446,43,528,463,52,Finisher,2594
Jeroen ,van der Vlist,Jeroen van der Vlist,1884,M45-49,Male,Eelde,Drenthe,Netherlands,NL,0:31:28,2:46:41,1:41:04,0:03:30,0:03:28,5:06:10,1888,10001,6064,210,208,18370,529,464,56,368,306,29,625,552,60,529,464,56,Finisher,2729
Fabian,Pretz,Fabian Pretz,753,M30-34,Male,Luzern,,Germany,DE,0:32:33,2:39:07,1:45:30,0:03:59,0:05:07,5:06:17,1953,9547,6330,239,307,18377,530,465,80,495,404,67,436,390,70,530,465,80,Finisher,2449
Paul,Lacorne,Paul Lacorne,1267,M30-34,Male,Miribel,,France,FR,0:35:57,2:40:42,1:40:54,0:04:03,0:04:42,5:06:17,2157,9642,6054,243,282,18377,531,466,81,913,752,123,589,519,88,531,466,81,Finisher,2449
oliver,Scheiring,oliver Scheiring,339,M55-59,,,,Germany,DE,0:34:24,2:42:37,1:40:05,0:04:03,0:05:15,5:06:24,2064,9757,6005,243,315,18384,532,467,13,698,573,21,604,533,19,532,467,13,Finisher,2927
Johannes,Franke,Johannes Franke,770,M25-29,Male,Fröndenberg,,Germany,DE,0:29:47,2:27:28,2:02:58,0:02:24,0:03:51,5:06:28,1787,8848,7378,144,231,18388,533,468,62,225,194,32,143,137,20,533,468,62,Finisher,2431
Daan,Germs,Daan Germs,683,M30-34,Male,Tubbergen,,Netherlands,NL,0:31:42,2:41:44,1:43:43,0:03:51,0:05:32,5:06:31,1902,9704,6223,231,332,18391,534,469,82,396,330,55,480,427,75,534,469,82,Finisher,2445
Joshua,Szobries,Joshua Szobries,2092,M30-34,Male,Frankfurt am Main,Hesse,Germany,DE,0:36:33,2:38:50,1:43:16,0:03:42,0:04:19,5:06:39,2193,9530,6196,222,259,18399,535,470,83,1012,830,132,539,483,82,535,470,83,Finisher,2443
Phillipp,Memmel,Phillipp Memmel,916,M30-34,Male,Frankfurt am Main,Hessen,Germany,DE,0:38:14,2:37:31,1:39:19,0:04:21,0:07:22,5:06:46,2294,9451,5959,261,442,18406,536,471,84,1286,1046,176,574,507,85,536,471,84,Finisher,2441
Frederik,Rocksien,Frederik Rocksien,2130,M25-29,Male,Hamburg,HAMBURG,Germany,DE,0:32:47,2:40:08,1:44:36,0:05:27,0:03:49,5:06:46,1967,9608,6276,327,229,18406,537,472,63,523,424,60,517,461,62,537,472,63,Finisher,2426
Jens,Dürer,Jens Dürer,2500,M45-49,Male,Aßlar,HE,Germany,DE,0:30:45,2:39:02,1:47:04,0:04:50,0:05:15,5:06:56,1845,9542,6424,290,315,18416,538,473,57,308,255,22,411,366,42,538,473,57,Finisher,2715
Jan,König,Jan König,1587,M30-34,Male,Erlangen,,Germany,DE,0:33:54,2:36:56,1:46:53,0:03:22,0:05:59,5:07:03,2034,9416,6413,202,359,18423,539,474,85,638,527,88,402,358,60,539,474,85,Finisher,2435
Jan Peter,Schaik,Jan Peter Schaik,263,M55-59,Male,Barneveld,GELDERLAND,Netherlands,NL,0:36:51,2:42:58,1:38:15,0:04:25,0:04:36,5:07:04,2211,9778,5895,265,276,18424,540,475,14,1054,859,36,706,623,23,540,475,14,Finisher,2915
Manuel,Hohlwegler,Manuel Hohlwegler,1021,M25-29,Male,Engen,BW,Germany,DE,0:32:33,2:46:09,1:40:15,0:03:52,0:04:22,5:07:10,1953,9969,6015,232,262,18430,541,476,64,493,402,54,652,577,82,541,476,64,Finisher,2419
Johannes-Daniel,Schlecht,Johannes-Daniel Schlecht,2083,M35-39,Male,Schwerin,MECKLENBURG-VORPOMMERN,Germany,DE,0:34:11,2:42:42,1:41:33,0:04:27,0:04:26,5:07:19,2051,9762,6093,267,266,18439,542,477,85,675,556,96,616,545,96,542,477,85,Finisher,2493
Lluis,Amat Garcia,Lluis Amat Garcia,1341,M35-39,Male,,,Spain,ES,0:38:10,2:51:16,1:28:49,0:05:00,0:04:04,5:07:19,2290,10276,5329,300,244,18439,543,478,86,1267,1030,165,1012,880,148,543,478,86,Finisher,2493
Claude,Berg,Claude Berg,1485,M45-49,Male,Differdange,,Luxembourg,LU,0:36:30,2:38:55,1:43:24,0:04:10,0:04:23,5:07:23,2190,9535,6204,250,263,18443,544,479,58,1006,825,79,558,494,55,544,479,58,Finisher,2707
Fabian,Barth,Fabian Barth,355,M30-34,Male,Kulmbach,BAYERN,Germany,DE,0:35:04,2:43:33,1:38:48,0:04:42,0:05:16,5:07:24,2104,9813,5928,282,316,18444,545,480,86,787,644,98,675,598,100,545,480,86,Finisher,2429
Matthias,Benkert,Matthias Benkert,1528,M40-44,Male,,,Germany,DE,0:38:04,2:46:21,1:33:59,0:04:50,0:04:14,5:07:27,2284,9981,5639,290,254,18447,546,481,53,1253,1020,124,851,748,93,546,481,53,Finisher,2570
Chloé,Cazier,Chloé Cazier,1576,F25-29,Female,Beauvais,,France,FR,0:28:43,2:48:31,1:42:59,0:03:25,0:03:50,5:07:28,1723,10111,6179,205,230,18448,547,66,23,151,17,8,586,70,24,547,66,23,Finisher,2807
Hugo,Lundvall,Hugo Lundvall,1279,M18-24,Male,Stockholm,STOCKHOLMS LAN [SE-01],Sweden,SE,0:30:42,2:45:27,1:41:38,0:04:48,0:04:57,5:07:32,1842,9927,6098,288,297,18452,548,482,38,302,249,22,599,528,51,548,482,38,Finisher,2238
Hanna,Blank,Hanna Blank,2149,F25-29,Female,Konstanz,Baden-Württemberg,Germany,DE,0:29:21,2:50:35,1:40:17,0:03:25,0:03:53,5:07:33,1761,10235,6017,205,233,18453,549,67,24,198,27,12,678,78,27,549,67,24,Finisher,2806
Marc,Schmid,Marc Schmid,2461,M30-34,Male,Ammerbuch,Baden-Württemberg,Germany,DE,0:35:46,2:40:48,1:41:58,0:04:37,0:04:24,5:07:33,2146,9648,6118,277,264,18453,550,483,87,886,727,116,610,539,93,550,483,87,Finisher,2426
Ruud,Roemersma,Ruud Roemersma,231,M40-44,Male,Heerhugowaard,,Netherlands,NL,0:37:47,2:40:57,1:37:51,0:05:55,0:05:07,5:07:38,2267,9657,5871,355,307,18458,551,484,54,1212,984,118,715,632,78,551,484,54,Finisher,2567
Tom,Gygax,Tom Gygax,198,M55-59,Male,Aarwangen,,Switzerland,CH,0:33:30,2:39:20,1:46:06,0:04:14,0:04:28,5:07:38,2010,9560,6366,254,268,18458,552,485,15,593,485,16,475,422,13,552,485,15,Finisher,2905
James,Ratter,James Ratter,2327,M18-24,Male,Newton Mearns,Scotland,United Kingdom,GB,0:34:25,2:41:22,1:45:44,0:02:48,0:03:20,5:07:39,2065,9682,6344,168,200,18459,553,486,39,702,576,56,522,466,47,553,486,39,Finisher,2236
Hans,Von Wirth,Hans Von Wirth,949,M40-44,Male,Stuttgart,,Germany,DE,0:31:45,2:44:59,1:41:30,0:04:47,0:04:41,5:07:42,1905,9899,6090,287,281,18462,554,487,55,399,332,27,622,550,60,554,487,55,Finisher,2566
Andreas,Gengler,Andreas Gengler,1557,M35-39,Male,Neunkirchen am Brand,Bavaria,Germany,DE,0:26:57,2:46:52,1:43:55,0:03:32,0:06:31,5:07:48,1617,10012,6235,212,391,18468,555,488,87,78,72,8,483,430,75,555,488,87,Finisher,2484
Scott,Berg,Scott Berg,575,M18-24,Male,"Kelowna,BC",BC,Canada,CA,0:32:13,2:42:32,1:45:19,0:04:13,0:03:32,5:07:50,1933,9752,6319,253,212,18470,556,489,40,452,371,35,535,479,48,556,489,40,Finisher,2233
Julian,Grüber,Julian Grüber,1635,M18-24,Male,Dortmund,North Rhine-Westphalia,Germany,DE,0:34:05,2:42:14,1:41:04,0:04:38,0:05:53,5:07:54,2045,9734,6064,278,353,18474,557,490,41,656,541,51,600,529,52,557,490,41,Finisher,2231
David,Mayer,David Mayer,1140,M18-24,Male,Karlsruhe,Baden-Württemberg,Germany,DE,0:34:16,2:42:32,1:43:15,0:04:04,0:03:56,5:08:03,2056,9752,6195,244,236,18483,558,491,42,687,566,53,597,527,50,558,491,42,Finisher,2229
Jan,Ludvík,Jan Ludvík,1925,M50-54,Male,České Budějovice,South Bohemia,Czech Republic,CZ,0:37:08,2:44:23,1:39:30,0:02:39,0:04:26,5:08:05,2228,9863,5970,159,266,18485,559,492,40,1107,902,84,704,622,49,559,492,40,Finisher,2557
Daniel,Huemmerich,Daniel Huemmerich,1465,M50-54,Male,Frankenthal,RP,Germany,DE,0:32:22,2:52:17,1:36:15,0:02:49,0:04:26,5:08:09,1942,10337,5775,169,266,18489,560,493,41,470,382,29,800,705,58,560,493,41,Finisher,2555
Florian,Haedicke,Florian Haedicke,1585,M40-44,Male,Braunschweig,Lower Saxony,Germany,DE,0:35:12,2:47:52,1:36:22,0:04:12,0:04:34,5:08:11,2112,10072,5782,252,274,18491,561,494,56,807,664,71,792,698,86,561,494,56,Finisher,2557
Leonhard,Bürkner,Leonhard Bürkner,809,M25-29,Male,Bavaria,foreigner,Germany,DE,0:33:49,2:44:45,1:41:59,0:03:47,0:03:53,5:08:13,2029,9885,6119,227,233,18493,562,495,65,628,517,68,647,573,81,562,495,65,Finisher,2400
Marcel,Haussner,Marcel Haussner,2308,M40-44,Male,50374,North Rhine-Westphalia,Germany,DE,0:35:09,2:35:29,1:44:10,0:07:19,0:06:16,5:08:22,2109,9329,6250,439,376,18502,563,496,57,796,653,70,504,450,45,563,496,57,Finisher,2554
Felix,Leitenberger,Felix Leitenberger,1209,M30-34,Male,Karlsruhe,Baden-Württemberg,Germany,DE,0:40:07,2:33:34,1:45:31,0:04:43,0:04:32,5:08:26,2407,9214,6331,283,272,18506,564,497,88,1548,1230,207,519,463,81,564,497,88,Finisher,2411
Ali,Yassine,Ali Yassine,2338,M50-54,Male,Böblingen,BW,Lebanon,LB,0:32:29,2:47:08,1:40:31,0:04:06,0:04:18,5:08:31,1949,10028,6031,246,258,18511,565,498,42,486,397,34,691,612,48,565,498,42,Finisher,2549
Manuela,Lüthi-Zurschmiede,Manuela Lüthi-Zurschmiede,1525,F35-39,Female,Wilderswil,,Switzerland,CH,0:39:59,2:44:56,1:34:20,0:03:47,0:05:30,5:08:33,2399,9896,5660,227,330,18513,566,68,10,1536,315,40,841,102,16,566,68,10,Finisher,3039
Pascal,Schneider,Pascal Schneider,292,M30-34,Male,Kriens,,Switzerland,CH,0:40:08,2:43:39,1:36:36,0:04:08,0:04:05,5:08:35,2408,9819,5796,248,245,18515,567,499,89,1552,1234,208,813,716,126,567,499,89,Finisher,2408
Dorien,Heylen,Dorien Heylen,839,F35-39,Female,Messelbroek,,Belgium,BE,0:32:14,2:45:56,1:42:37,0:03:13,0:04:37,5:08:37,1934,9956,6157,193,277,18517,568,69,11,454,82,10,617,72,11,568,69,11,Finisher,3038
Moritz,Golke,Moritz Golke,978,M45-49,Male,Karlsruhe,BADEN-WURTTEMBERG,Germany,DE,0:32:41,2:49:51,1:36:32,0:05:07,0:04:36,5:08:47,1961,10191,5792,307,276,18527,569,500,59,505,411,40,807,710,74,569,500,59,Finisher,2681
Jasper,Gerlof,Jasper Gerlof,1261,M18-24,Male,Leiden,ZUID-HOLLAND,Netherlands,NL,0:31:23,2:35:31,1:53:10,0:04:12,0:04:30,5:08:47,1883,9331,6790,252,270,18527,570,501,43,362,301,27,329,300,31,570,501,43,Finisher,2216
Raphael,Mosimann,Raphael Mosimann,1708,M35-39,Male,Zürich,,Switzerland,CH,0:32:52,2:42:28,1:43:01,0:05:16,0:05:12,5:08:49,1972,9748,6181,316,312,18529,571,502,88,528,429,74,585,516,91,571,502,88,Finisher,2466
Yannick,De Santis,Yannick De Santis,533,M30-34,Male,Berlin,BERLIN,Germany,DE,0:37:42,2:47:09,1:34:52,0:04:18,0:04:49,5:08:50,2262,10029,5692,258,289,18530,572,503,90,1196,970,155,849,746,133,572,503,90,Finisher,2403
Salome,Wagner,Salome Wagner,1684,F18-24,Female,Ingelheim,RHEINLAND-PFALZ,Germany,DE,0:35:37,2:44:49,1:41:24,0:03:31,0:03:30,5:08:51,2137,9889,6084,211,210,18531,573,70,4,853,153,13,699,81,4,573,70,4,Finisher,3143
Mario,Aubart,Mario Aubart,2319,M55-59,Male,Bitburg,,Germany,DE,0:36:05,2:41:14,1:42:02,0:04:24,0:05:05,5:08:51,2165,9674,6122,264,305,18531,574,504,16,942,775,32,631,558,21,574,504,16,Finisher,2883
Patrick,Scholl,Patrick Scholl,1561,M50-54,Male,Frankfurt am Main,Hesse,Germany,DE,0:36:24,2:41:58,1:41:07,0:04:35,0:04:49,5:08:52,2184,9718,6067,275,289,18532,575,505,43,989,810,79,664,589,44,575,505,43,Finisher,2543
Jan,Baan,Jan Baan,170,M30-34,Male,Zierikzee,ZEELAND,Netherlands,NL,0:35:45,2:50:11,1:35:20,0:03:01,0:04:43,5:09:00,2145,10211,5720,181,283,18540,576,506,91,879,720,114,844,741,131,576,506,91,Finisher,2400
Roberto,Briffa,Roberto Briffa,2415,M30-34,Male,Balzan,Malta,Malta,MT,0:31:12,2:27:20,2:04:10,0:02:49,0:03:35,5:09:05,1872,8840,7450,169,215,18545,577,507,92,346,288,48,172,161,34,577,507,92,Finisher,2399
Jan-Willem,Smit,Jan-Willem Smit,2214,M40-44,Male,Wervershoof,,Netherlands,NL,0:36:13,2:38:17,1:45:57,0:03:51,0:04:49,5:09:07,2173,9497,6357,231,289,18547,578,508,58,963,791,89,518,462,49,578,508,58,Finisher,2540
Marcel,Bierbrauer,Marcel Bierbrauer,1080,M45-49,Male,75031,Baden-Württemberg,Germany,DE,0:35:19,2:47:16,1:38:45,0:03:01,0:04:47,5:09:07,2119,10036,5925,181,287,18547,579,509,60,822,677,63,741,653,71,579,509,60,Finisher,2675
Marcel,Klohs,Marcel Klohs,157,M45-49,Male,Kilchberg,ZURICH,Germany,DE,0:44:24,2:32:51,1:42:29,0:03:14,0:06:11,5:09:09,2664,9171,6149,194,371,18549,580,510,61,1965,1542,148,584,515,58,580,510,61,Finisher,2675
Daniel,Schlatter,Daniel Schlatter,1715,M35-39,Male,Zürich,,Switzerland,CH,0:37:39,2:41:56,1:39:22,0:05:21,0:04:56,5:09:13,2259,9716,5962,321,296,18553,581,511,89,1182,959,158,722,638,115,581,511,89,Finisher,2459
Cloé,Bourlet,Cloé Bourlet,1565,F30-34,Female,Bresles,,France,FR,0:35:41,2:46:21,1:40:26,0:03:05,0:03:48,5:09:20,2141,9981,6026,185,228,18560,582,71,12,866,157,32,728,85,17,582,71,12,Finisher,2986
Benjamin,Posch,Benjamin Posch,664,M35-39,Male,Pogier,STEIERMARK,Austria,AT,0:35:56,2:50:37,1:34:46,0:04:04,0:04:04,5:09:27,2156,10237,5686,244,244,18567,583,512,90,910,750,123,902,790,133,583,512,90,Finisher,2454
Ruben,Coenen,Ruben Coenen,1794,M30-34,Male,Antwerp,,Belgium,BE,0:35:57,2:37:11,1:47:49,0:04:44,0:03:51,5:09:33,2157,9431,6469,284,231,18573,584,513,93,915,754,125,502,448,79,584,513,93,Finisher,2390
Fabian,Rack,Fabian Rack,1053,M25-29,Male,Filderstadt,Baden-Württemberg,Germany,DE,0:29:35,2:43:13,1:50:22,0:02:34,0:03:51,5:09:35,1775,9793,6622,154,231,18575,585,514,66,213,184,28,427,381,56,585,514,66,Finisher,2375
Niels,Moens,Niels Moens,1310,M35-39,Male,Borgloon,LIMBURG,Belgium,BE,0:37:29,2:42:12,1:41:51,0:03:52,0:04:13,5:09:38,2249,9732,6111,232,253,18578,586,515,91,1163,946,155,685,606,109,586,515,91,Finisher,2451
Tom,Engeser,Tom Engeser,1506,M18-24,Male,Stetten,Baden-Württemberg,Germany,DE,0:31:42,2:39:21,1:50:53,0:04:14,0:03:31,5:09:40,1902,9561,6653,254,211,18580,587,516,44,393,327,29,422,377,35,587,516,44,Finisher,2200
Thomas,Müthing,Thomas Müthing,756,M40-44,Male,Oberhausen,,Germany,DE,0:30:33,2:44:37,1:48:31,0:02:15,0:03:55,5:09:50,1833,9877,6511,135,235,18590,588,517,59,289,238,17,484,431,40,588,517,59,Finisher,2528
Erik,Borms,Erik Borms,1035,M55-59,Male,Heindonk,,Belgium,BE,0:35:54,2:45:21,1:41:39,0:03:05,0:03:52,5:09:51,2154,9921,6099,185,232,18591,589,518,17,907,747,30,709,626,24,589,518,17,Finisher,2865
Florian,Winke,Florian Winke,2405,M40-44,Male,Waiblingen,Baden-Württemberg,Germany,DE,0:36:14,2:39:08,1:44:29,0:04:37,0:05:25,5:09:52,2174,9548,6269,277,325,18592,590,519,60,966,794,90,571,504,53,590,519,60,Finisher,2527
Alexandra,Rudl,Alexandra Rudl,1052,F40-44,Female,Esslingen,,Germany,DE,0:29:48,2:53:52,1:39:41,0:02:39,0:03:54,5:09:54,1788,10432,5981,159,234,18594,591,72,2,228,33,2,765,91,6,591,72,2,Finisher,3281
Paul,Käser,Paul Käser,1103,M25-29,Male,Köln,North Rhine-Westphalia,Germany,DE,0:34:44,2:42:26,1:44:24,0:04:37,0:03:45,5:09:56,2084,9746,6264,277,225,18596,592,520,67,736,602,83,633,560,79,592,520,67,Finisher,2369
Marcel,Seidel,Marcel Seidel,359,M40-44,Male,Kehl,Baden-Württemberg,Germany,DE,0:40:14,2:41:04,1:34:09,0:09:07,0:05:33,5:10:08,2414,9664,5649,547,333,18608,593,521,61,1562,1242,159,894,782,97,593,521,61,Finisher,2522
Benjamin,Lauf,Benjamin Lauf,439,M18-24,Male,Lahr,Baden-Württemberg ,Germany,DE,0:38:05,2:50:15,1:29:55,0:06:43,0:05:13,5:10:10,2285,10215,5395,403,313,18610,594,522,45,1255,1021,97,1035,896,83,594,522,45,Finisher,2191
Kim Peter,Wabersich,Kim Peter Wabersich,2505,M35-39,Male,Schwäbisch Gmünd,,Germany,DE,0:34:50,2:39:00,1:46:48,0:04:30,0:05:07,5:10:15,2090,9540,6408,270,307,18615,595,523,92,750,614,106,515,459,80,595,523,92,Finisher,2440
Klaus,Enengl,Klaus Enengl,324,M60-64,Male,Zwettl,,Austria,AT,0:36:46,2:41:00,1:41:29,0:04:39,0:06:22,5:10:15,2206,9660,6089,279,382,18615,596,524,7,1040,848,33,649,575,10,596,524,7,Finisher,3111
Scott,Hennig,Scott Hennig,427,M18-24,Male,Eisenhüttenstadt,BB,Germany,DE,0:31:47,2:37:12,1:54:36,0:02:44,0:03:58,5:10:17,1907,9432,6876,164,238,18617,597,525,46,406,337,30,334,304,32,597,525,46,Finisher,2189
Tobias,Meyer,Tobias Meyer,454,M18-24,Male,Cloppenburg,NIEDERSACHSEN,Germany,DE,0:33:05,2:38:19,1:48:32,0:04:50,0:05:32,5:10:18,1985,9499,6512,290,332,18618,598,526,47,557,451,43,455,406,39,598,526,47,Finisher,2188
Dominik,Blessing,Dominik Blessing,2139,M25-29,Male,Kirchberg an der Jagst,,Germany,DE,0:35:09,2:45:28,1:40:32,0:04:23,0:05:01,5:10:33,2109,9928,6032,263,301,18633,599,527,68,798,655,95,726,642,87,599,527,68,Finisher,2358
Anna,Happ,Anna Happ,2095,F25-29,,,,Germany,DE,0:36:07,2:41:11,1:46:04,0:02:49,0:04:25,5:10:36,2167,9671,6364,169,265,18636,600,73,25,948,169,42,576,68,22,600,73,25,Finisher,2751
Daniel,Richardson,Daniel Richardson,2226,M40-44,Male,Bremen,Bremen,United Kingdom,GB,0:35:51,2:50:26,1:35:24,0:05:07,0:03:49,5:10:38,2151,10226,5724,307,229,18638,601,528,62,897,737,80,926,810,100,601,528,62,Finisher,2513
Nico,Dahlmanns,Nico Dahlmanns,1932,M30-34,Male,Erkelenz,North Rhine-Westphalia,Germany,DE,0:40:38,2:48:14,1:31:16,0:05:20,0:05:12,5:10:41,2438,10094,5476,320,312,18641,602,529,94,1613,1271,214,1006,874,155,602,529,94,Finisher,2370
Leon,Bingnet,Leon Bingnet,2150,M18-24,Male,Erzhausen,HE,Germany,DE,0:37:59,2:44:53,1:38:52,0:04:54,0:04:04,5:10:42,2279,9893,5932,294,244,18642,603,530,48,1239,1009,94,810,713,65,603,530,48,Finisher,2181
Philipp,Parche,Philipp Parche,1153,M30-34,Male,Karlsruhe,Baden-Württemberg,Germany,DE,0:34:42,2:47:47,1:39:33,0:04:22,0:04:18,5:10:42,2082,10067,5973,262,258,18642,604,531,95,732,600,95,783,690,120,604,531,95,Finisher,2370
Maximilian,Schörner,Maximilian Schörner,2368,M30-34,Male,Gefrees,,Germany,DE,0:29:01,2:50:36,1:44:09,0:02:43,0:04:19,5:10:48,1741,10236,6249,163,259,18648,605,532,96,173,150,25,646,572,98,605,532,96,Finisher,2368
Martina,Baumert,Martina Baumert,1727,F30-34,Female,München,,Germany,DE,0:30:21,2:48:18,1:44:19,0:03:38,0:04:17,5:10:52,1821,10098,6259,218,257,18652,606,74,13,271,49,9,645,74,14,606,74,13,Finisher,2958
Marcel,Jones,Marcel Jones,2330,M40-44,Male,Niederstetten,Baden-Württemberg,Germany,DE,0:39:08,2:45:33,1:36:31,0:03:52,0:05:51,5:10:56,2348,9933,5791,232,351,18656,607,533,63,1431,1154,144,834,734,91,607,533,63,Finisher,2508
Isabel,Schweizer,Isabel Schweizer,230,F25-29,Female,Hergatz,,Germany,DE,0:30:00,2:50:22,1:45:28,0:02:11,0:02:55,5:10:56,1800,10222,6328,131,175,18656,608,75,26,246,41,14,651,75,26,608,75,26,Finisher,2745
Tine,Hausmann,Tine Hausmann,2043,F40-44,Female,Trier,,Germany,DE,0:38:28,2:48:19,1:33:16,0:03:52,0:07:01,5:10:57,2308,10099,5596,232,421,18657,609,76,3,1324,250,26,905,113,9,609,76,3,Finisher,3263
Stefan,Freitag,Stefan Freitag,1121,M30-34,Male,Bruchsal,Baden-Württemberg,Germany,DE,0:36:01,2:49:48,1:34:47,0:05:02,0:05:22,5:11:00,2161,10188,5687,302,322,18660,610,534,97,930,766,126,910,796,147,610,534,97,Finisher,2364
Viktor Lukas,Mischke,Viktor Lukas Mischke,615,M25-29,Male,Schloß Holte-Stukenbrock,NW,Germany,DE,0:34:17,2:41:10,1:48:11,0:03:43,0:03:41,5:11:02,2057,9670,6491,223,221,18662,611,535,69,688,567,77,544,487,69,611,535,69,Finisher,2349
Luca,Rolauer,Luca Rolauer,215,M30-34,Male,Düsseldorf,,Germany,DE,0:29:46,2:39:18,1:54:35,0:03:44,0:03:43,5:11:05,1786,9558,6875,224,223,18665,612,536,98,224,193,35,360,325,51,612,536,98,Finisher,2363
Maximilian,Kruskop,Maximilian Kruskop,2219,M30-34,Male,Windesheim,RP,Germany,DE,0:37:14,2:40:10,1:42:51,0:06:27,0:04:30,5:11:12,2234,9610,6171,387,270,18672,613,537,99,1127,919,150,695,616,105,613,537,99,Finisher,2361
Sven,Baumann,Sven Baumann,192,M35-39,Male,Trebur,Hessen,Germany,DE,0:38:59,2:37:31,1:45:41,0:03:21,0:05:44,5:11:16,2339,9451,6341,201,344,18676,614,538,93,1401,1130,176,566,500,89,614,538,93,Finisher,2422
Kevin,Bardin,Kevin Bardin,1456,M30-34,Male,Chantilly,,France,FR,0:33:17,2:49:20,1:41:15,0:03:38,0:03:48,5:11:19,1997,10160,6075,218,228,18679,615,539,100,573,466,78,760,670,113,615,539,100,Finisher,2359
Anika,Hain,Anika Hain,2326,F40-44,Female,Langenfeld,NW,Germany,DE,0:35:31,2:49:25,1:38:49,0:03:18,0:04:19,5:11:22,2131,10165,5929,198,259,18682,616,77,4,837,151,14,821,99,7,616,77,4,Finisher,3255
Felipe,Garcia Fons,Felipe Garcia Fons,899,M50-54,Male,Gent,,Belgium,BE,0:37:49,2:38:43,1:46:17,0:04:13,0:04:28,5:11:31,2269,9523,6377,253,268,18691,617,540,44,1217,989,88,593,523,40,617,540,44,Finisher,2495
Moritz,Micus,Moritz Micus,826,M40-44,Male,Wuppertal,,Germany,DE,0:37:36,2:46:40,1:38:00,0:04:10,0:05:10,5:11:36,2256,10000,5880,250,310,18696,618,541,64,1177,957,114,828,729,90,618,541,64,Finisher,2496
Caroline,Fey,Caroline Fey,2509,F35-39,Female,Birkenau,,Germany,DE,0:27:21,2:45:44,1:52:11,0:02:15,0:04:05,5:11:36,1641,9944,6731,135,245,18696,619,78,12,86,8,1,425,46,5,619,78,12,Finisher,2984
Julia,Carus,Julia Carus,207,F18-24,Female,Bremen,foreigner,Germany,DE,0:36:20,2:44:51,1:42:50,0:04:21,0:03:16,5:11:39,2180,9891,6170,261,196,18699,620,79,5,973,176,15,740,88,5,620,79,5,Finisher,3092
Sven,Van Der Vegt,Sven Van Der Vegt,932,M25-29,Male,Zwolle,,Netherlands,NL,0:39:02,2:38:09,1:44:26,0:06:49,0:03:21,5:11:47,2342,9489,6266,409,201,18707,621,542,70,1409,1136,160,700,619,85,621,542,70,Finisher,2336
Jean-Florent,Stumpf,Jean-Florent Stumpf,470,M45-49,Male,STRASBOURG,,France,FR,0:31:47,2:39:24,1:51:17,0:04:53,0:04:28,5:11:49,1907,9564,6677,293,268,18709,622,543,62,408,339,35,446,398,46,622,543,62,Finisher,2627
Felix,Deubert,Felix Deubert,1749,M30-34,Male,München,Bavaria,Germany,DE,0:36:56,2:41:36,1:43:23,0:05:05,0:04:51,5:11:51,2216,9696,6203,305,291,18711,623,544,101,1069,871,141,688,609,102,623,544,101,Finisher,2349
Thaale,Neubauer,Thaale Neubauer,1198,M18-24,Male,Plauen,SN,Germany,DE,0:36:26,2:36:38,1:45:59,0:04:28,0:08:20,5:11:52,2186,9398,6359,268,500,18712,624,545,49,997,817,81,492,439,44,624,545,49,Finisher,2160
Robin,Pieper,Robin Pieper,1473,M30-34,Male,Köln,,Germany,DE,0:37:49,2:44:42,1:40:59,0:04:58,0:03:29,5:11:57,2269,9882,6059,298,209,18717,625,546,102,1215,987,158,801,706,124,625,546,102,Finisher,2347
Leo,Bauta,Leo Bauta,2283,M30-34,Male,Metz,Grand Est,France,FR,0:40:10,2:43:25,1:41:22,0:03:01,0:03:59,5:11:57,2410,9805,6082,181,239,18717,626,547,103,1556,1237,209,772,680,117,626,547,103,Finisher,2347
Jannik,Laufer,Jannik Laufer,1850,M30-34,Male,Schweinfurt,foreigner,Germany,DE,0:31:28,2:37:36,1:51:40,0:05:13,0:06:04,5:12:00,1888,9456,6700,313,364,18720,627,548,104,367,305,49,403,359,61,627,548,104,Finisher,2346
Jürgen,Tobisch,Jürgen Tobisch,1301,M50-54,Male,Mommenheim,,Germany,DE,0:37:25,2:41:41,1:44:39,0:04:06,0:04:09,5:12:00,2245,9701,6279,246,249,18720,628,549,45,1149,936,86,671,595,45,628,549,45,Finisher,2486
Seraina,Kaufmann,Seraina Kaufmann,248,F25-29,Female,Buttikon,,Switzerland,CH,0:36:44,2:50:04,1:38:37,0:03:17,0:03:22,5:12:03,2204,10204,5917,197,202,18723,629,80,27,1034,190,47,880,110,31,629,80,27,Finisher,2725
Aleksandar,Otovic,Aleksandar Otovic,180,M40-44,Male,Wollerau,,Serbia,RS,0:34:40,2:44:08,1:45:37,0:03:26,0:04:15,5:12:06,2080,9848,6337,206,255,18726,630,550,65,724,594,61,642,569,64,630,550,65,Finisher,2487
Hermann,Scheiring,Hermann Scheiring,2259,M65-69,Male,Deggingen,,Germany,DE,0:32:10,2:46:09,1:45:43,0:03:51,0:04:16,5:12:08,1930,9969,6343,231,256,18728,631,551,1,444,365,3,641,568,1,631,551,1,Finisher,3500
Henning,Schlottmann,Henning Schlottmann,1254,M50-54,Male,Hamburg,,Germany,DE,0:35:28,2:45:51,1:41:49,0:03:36,0:05:25,5:12:09,2128,9951,6109,216,325,18729,632,552,46,834,685,68,723,639,51,632,552,46,Finisher,2483
Carla,Barthelmes,Carla Barthelmes,983,F25-29,Female,Schweinfurt,BAYERN,Germany,DE,0:31:43,2:43:43,1:48:49,0:03:56,0:03:58,5:12:09,1903,9823,6529,236,238,18729,633,81,28,397,67,19,551,61,18,633,81,28,Finisher,2723
Andrea,Mairani,Andrea Mairani,1294,M45-49,Male,Heidelberg,BADEN-WURTTEMBERG,Italy,IT,0:34:47,2:49:13,1:40:21,0:04:11,0:03:47,5:12:19,2087,10153,6021,251,227,18739,634,553,63,742,607,55,818,720,75,634,553,63,Finisher,2618
Alfi,Caprez,Alfi Caprez,321,M70-74,Male,Bubikon,Zurich,Switzerland,CH,0:29:07,2:37:51,1:56:57,0:03:41,0:04:44,5:12:20,1747,9471,7017,221,284,18740,635,554,1,183,157,1,315,287,1,635,554,1,Finisher,3500
Georg,Koch,Georg Koch,1521,M45-49,Male,Mutterstadt,,Germany,DE,0:37:35,2:42:50,1:43:30,0:04:50,0:03:37,5:12:23,2255,9770,6210,290,217,18743,636,555,64,1174,954,93,732,647,69,636,555,64,Finisher,2617
Frederik,Scheibel,Frederik Scheibel,1911,M25-29,Male,Pleinfeld,BY,Germany,DE,0:39:14,2:41:35,1:42:35,0:04:35,0:04:24,5:12:24,2354,9695,6155,275,264,18744,637,556,71,1442,1164,166,733,648,88,637,556,71,Finisher,2324
Michael,Chromik,Michael Chromik,1976,M40-44,Male,Mainz,,Germany,DE,0:40:01,2:46:05,1:33:55,0:05:41,0:06:42,5:12:25,2401,9965,5635,341,402,18745,638,557,66,1538,1223,156,940,822,102,638,557,66,Finisher,2481
Nico,Eppert,Nico Eppert,372,M25-29,Male,Frankfurt am Main,,Germany,DE,0:35:00,2:46:36,1:42:41,0:03:49,0:04:23,5:12:29,2100,9996,6161,229,263,18749,639,558,72,776,635,90,735,650,89,639,558,72,Finisher,2323
Richard,Birkett,Richard Birkett,671,M30-34,Male,Clevedon,SOM,United Kingdom,GB,0:35:28,2:49:27,1:40:43,0:03:34,0:03:19,5:12:32,2128,10167,6043,214,199,18752,640,559,105,833,684,103,830,731,127,640,559,105,Finisher,2337
Claus,Müller,Claus Müller,117,M55-59,Male,Rodgau,,Germany,DE,0:37:13,2:41:35,1:43:31,0:05:00,0:05:20,5:12:39,2233,9695,6211,300,320,18759,641,560,18,1121,914,40,694,615,22,641,560,18,Finisher,2814
Maximilian,Rusam,Maximilian Rusam,2066,M25-29,Male,Mühltal,,Germany,DE,0:39:19,2:42:52,1:39:57,0:05:10,0:05:25,5:12:42,2359,9772,5997,310,325,18762,642,561,73,1456,1173,168,794,700,97,642,561,73,Finisher,2319
Diego,Agüero Wadephul,Diego Agüero Wadephul,1510,M18-24,Male,Grenzach-Wyhlen,Baden-Württemberg,Germany,DE,0:36:49,2:49:51,1:36:05,0:05:15,0:04:48,5:12:49,2209,10191,5765,315,288,18769,643,562,50,1048,855,84,944,826,76,643,562,50,Finisher,2143
Tobias,Primke,Tobias Primke,1826,M40-44,Male,Selzen,,Germany,DE,0:34:26,2:43:22,1:45:58,0:04:27,0:04:45,5:12:58,2066,9802,6358,267,285,18778,644,563,67,704,578,59,644,571,65,644,563,67,Finisher,2471
Stefan,Holl,Stefan Holl,1817,M55-59,Male,Jüchen,,Germany,DE,0:31:05,2:40:48,1:52:12,0:04:12,0:04:45,5:13:02,1865,9648,6732,252,285,18782,645,564,19,331,276,7,447,399,11,645,564,19,Finisher,2807
Anselm,Schüle,Anselm Schüle,2246,M40-44,Male,Darmstadt,Hessen,Germany,DE,0:30:52,2:43:33,1:50:48,0:03:42,0:04:09,5:13:04,1852,9813,6648,222,249,18784,646,565,68,315,261,19,509,454,48,646,565,68,Finisher,2469
Maxime,Melzer,Maxime Melzer,1746,M18-24,Male,Mothern,BAS-RHIN,France,FR,0:31:05,2:44:32,1:49:10,0:04:50,0:03:31,5:13:08,1865,9872,6550,290,211,18788,647,566,51,332,277,26,583,514,49,647,566,51,Finisher,2137
Elodie,Passoni,Elodie Passoni,288,F40-44,Female,Cailloux-sur-Fontaines,,France,FR,0:36:02,2:51:31,1:38:04,0:04:11,0:03:39,5:13:28,2162,10291,5884,251,219,18808,648,82,5,934,166,18,939,118,10,648,82,5,Finisher,3217
Sascha,Lienerth,Sascha Lienerth,1358,M45-49,Male,Arzberg,BAYERN,Germany,DE,0:37:10,2:39:25,1:48:56,0:03:06,0:04:55,5:13:32,2230,9565,6536,186,295,18812,649,567,65,1113,907,87,562,496,57,649,567,65,Finisher,2596
Steven,Geelan,Steven Geelan,457,M45-49,Male,Berlin,foreigner,United Kingdom,GB,0:33:55,2:48:46,1:42:22,0:04:13,0:04:19,5:13:35,2035,10126,6142,253,259,18815,650,568,66,639,528,49,786,692,73,650,568,66,Finisher,2595
Ramon,Renner,Ramon Renner,2321,M55-59,Male,Korntal-Münchingen,BW,Germany,DE,0:40:06,2:47:30,1:38:46,0:02:17,0:04:58,5:13:36,2406,10050,5926,137,298,18816,651,569,20,1547,1229,56,872,765,28,651,569,20,Finisher,2797
Steven,Wauters,Steven Wauters,1283,M40-44,Male,Zele,,Belgium,BE,0:41:35,2:48:41,1:34:40,0:04:04,0:04:46,5:13:45,2495,10121,5680,244,286,18825,652,570,69,1726,1361,175,1007,875,110,652,570,69,Finisher,2457
Paul,Napetschnig,Paul Napetschnig,1632,M18-24,Male,Hohenems,VORARLBERG,Austria,AT,0:42:48,2:42:20,1:40:26,0:03:24,0:04:47,5:13:45,2568,9740,6026,204,287,18825,653,571,52,1835,1444,139,833,733,69,653,571,52,Finisher,2126
Florian,Herzog,Florian Herzog,189,M45-49,Male,Regensburg,,Germany,DE,0:30:44,2:47:38,1:47:43,0:02:43,0:04:58,5:13:45,1844,10058,6463,163,298,18825,654,572,67,305,252,21,605,534,59,654,572,67,Finisher,2592
Marina,Hensel,Marina Hensel,2287,F35-39,Female,Freiburg,,Germany,DE,0:34:22,2:45:36,1:46:12,0:03:57,0:03:52,5:13:59,2062,9936,6372,237,232,18839,655,83,13,695,124,16,697,80,13,655,83,13,Finisher,2942
Gabriel,Sardain,Gabriel Sardain,466,M30-34,Male,Irrel,RHEINLAND-PFALZ,Luxembourg,LU,0:29:01,2:49:52,1:48:34,0:02:36,0:04:05,5:14:08,1741,10192,6514,156,245,18848,656,573,106,170,147,24,619,547,94,656,573,106,Finisher,2308
Björn,Buchold,Björn Buchold,898,M30-34,Male,Dossenheim,Baden-Württemberg,Germany,DE,0:35:43,2:40:36,1:46:29,0:05:11,0:06:10,5:14:10,2143,9636,6389,311,370,18850,657,574,107,872,714,112,621,549,95,657,574,107,Finisher,2307
Steve,Meister,Steve Meister,1544,M25-29,Male,Winterthur,ZURICH,Switzerland,CH,0:34:17,2:49:08,1:41:41,0:04:47,0:04:17,5:14:11,2057,10148,6101,287,257,18851,658,575,74,689,568,78,820,722,99,658,575,74,Finisher,2292
Anja,Stimpfle,Anja Stimpfle,1937,F30-34,Female,München,,Germany,DE,0:32:22,2:50:23,1:42:20,0:03:50,0:05:16,5:14:11,1942,10223,6140,230,316,18851,659,84,14,469,88,17,770,92,18,659,84,14,Finisher,2899
Nicolas,VAN DEN NOORTGAETE,Nicolas VAN DEN NOORTGAETE,2467,M35-39,Male,Hoenheim,BAS-RHIN,France,FR,0:32:20,2:45:56,1:48:32,0:03:27,0:04:00,5:14:15,1940,9956,6512,207,240,18855,660,576,94,466,379,69,630,557,99,660,576,94,Finisher,2368
Jana,Schütt,Jana Schütt,171,F45-49,Female,Marburg,,Germany,DE,0:32:24,2:56:26,1:37:10,0:04:09,0:04:09,5:14:19,1944,10586,5830,249,249,18859,661,85,3,478,89,4,976,125,5,661,85,3,Finisher,3166
Stephanie,Bahr,Stephanie Bahr,1252,F30-34,Female,Adelberg,,Germany,DE,0:34:51,2:51:10,1:41:22,0:02:29,0:04:29,5:14:21,2091,10270,6082,149,269,18861,662,86,15,754,137,25,831,100,20,662,86,15,Finisher,2896
Ingo,Fischer,Ingo Fischer,1214,M40-44,Male,Nürnberg,Bavaria,Germany,DE,0:37:03,2:42:26,1:43:03,0:07:01,0:04:48,5:14:21,2223,9746,6183,421,288,18861,663,577,70,1088,884,105,767,676,83,663,577,70,Finisher,2446
Christoph,Bolz,Christoph Bolz,666,M40-44,Male,Schliersee,Bavaria,Germany,DE,0:37:55,2:37:31,1:52:05,0:03:26,0:03:28,5:14:25,2275,9451,6725,206,208,18865,664,578,71,1228,998,121,533,477,51,664,578,71,Finisher,2445
Dave,Van Hunsel,Dave Van Hunsel,1472,M45-49,Male,Weert,LIMBURG,Netherlands,NL,0:29:19,2:39:50,1:56:41,0:03:37,0:04:59,5:14:26,1759,9590,7001,217,299,18866,665,579,68,195,169,12,358,323,36,665,579,68,Finisher,2580
Frederik,Waller,Frederik Waller,1005,M30-34,Male,Gottenheim,,Germany,DE,0:31:30,2:49:50,1:44:19,0:04:44,0:04:06,5:14:28,1890,10190,6259,284,246,18868,666,580,108,372,310,51,753,664,111,666,580,108,Finisher,2302
Philip,Mayer,Philip Mayer,2233,M30-34,Male,Kürnbach,Baden-Württemberg,Germany,DE,0:33:59,2:47:57,1:42:58,0:04:47,0:04:47,5:14:29,2039,10077,6178,287,287,18869,667,581,109,643,531,90,778,685,118,667,581,109,Finisher,2302
Christoffer,Bäcker,Christoffer Bäcker,379,M35-39,Male,Frankfurt am Main,,Germany,DE,0:36:10,2:42:10,1:45:34,0:06:08,0:04:30,5:14:31,2170,9730,6334,368,270,18871,668,582,95,954,784,132,713,630,114,668,582,95,Finisher,2363
Stefan,Große Budde,Stefan Große Budde,304,M35-39,Male,Köln,,Germany,DE,0:29:53,2:38:46,1:56:26,0:04:01,0:05:25,5:14:32,1793,9526,6986,241,325,18872,669,583,96,235,199,33,355,321,56,669,583,96,Finisher,2363
Jonathan,Peinhopf,Jonathan Peinhopf,270,M18-24,Male,Premstätten,,Austria,AT,0:33:02,2:34:59,2:01:13,0:02:14,0:03:05,5:14:32,1982,9299,7273,134,185,18872,670,584,53,551,445,41,307,279,29,670,584,53,Finisher,2112
Eliano,Hoppe,Eliano Hoppe,431,M18-24,Male,Eppingen,,Germany,DE,0:27:10,2:31:35,2:09:37,0:02:54,0:03:16,5:14:32,1630,9095,7777,174,196,18872,671,585,54,81,75,12,176,164,19,671,585,54,Finisher,2112
Katrin,Staudigel,Katrin Staudigel,1226,F30-34,Female,Hoechstadt,BY,Germany,DE,0:31:59,2:44:25,1:48:55,0:03:29,0:05:46,5:14:35,1919,9865,6535,209,346,18875,672,87,16,430,73,14,569,67,13,672,87,16,Finisher,2891
Liv,Schulte,Liv Schulte,1452,F18-24,Female,Schwäbisch Gmünd,BW,Germany,DE,0:34:48,2:51:43,1:41:12,0:03:30,0:03:22,5:14:37,2088,10303,6072,210,202,18877,673,88,6,743,136,10,878,109,7,673,88,6,Finisher,3039
David,'t Hart,David 't Hart,1910,M18-24,Male,Amsterdam ,Noord-Holland,Netherlands,NL,0:36:26,2:42:07,1:48:43,0:03:41,0:03:40,5:14:37,2186,9727,6523,221,220,18877,674,586,55,996,816,80,643,570,54,674,586,55,Finisher,2111
Philipp,Schurig,Philipp Schurig,1228,M40-44,Male,Weinstadt,foreigner,Germany,DE,0:39:03,2:44:48,1:40:55,0:05:06,0:04:45,5:14:37,2343,9888,6055,306,285,18877,675,587,72,1412,1139,142,845,742,92,675,587,72,Finisher,2441
Jessica,Götzfried,Jessica Götzfried,2028,F30-34,Female,Bad Abbach,Bayern,Germany,DE,0:29:50,2:50:49,1:46:55,0:03:21,0:03:48,5:14:43,1790,10249,6415,201,228,18883,676,89,17,232,36,5,701,82,16,676,89,17,Finisher,2889
Mario,Van Gasse,Mario Van Gasse,848,M50-54,Male,Temse,,Belgium,BE,0:38:51,2:42:47,1:43:59,0:04:17,0:04:53,5:14:45,2331,9767,6239,257,293,18885,677,588,47,1383,1116,95,747,659,54,677,588,47,Finisher,2437
Yannick,Wachter,Yannick Wachter,2175,M40-44,Male,Mainz,,Germany,DE,0:32:39,2:45:54,1:47:51,0:04:34,0:03:54,5:14:52,1959,9954,6471,274,234,18892,678,589,73,503,409,38,670,594,70,678,589,73,Finisher,2437
Christiane,Wolf,Christiane Wolf,897,F40-44,Female,Kirchheim unter Teck,BADEN-WURTTEMBERG,Germany,DE,0:37:45,2:51:35,1:37:30,0:04:13,0:03:53,5:14:55,2265,10295,5850,253,233,18895,679,90,6,1205,227,24,987,126,14,679,90,6,Finisher,3191
Léon,Jahn,Léon Jahn,1691,M25-29,Male,Frankfurt am Main,HE,Germany,DE,0:34:29,2:39:25,1:51:46,0:04:20,0:04:56,5:14:57,2069,9565,6706,260,296,18897,680,590,75,707,581,79,513,457,61,680,590,75,Finisher,2279
Jill,Wanten,Jill Wanten,1482,F18-24,Female,Beesel,,Netherlands,NL,0:35:18,2:48:32,1:43:00,0:03:42,0:04:29,5:15:00,2118,10112,6180,222,269,18900,681,91,7,819,145,11,803,96,6,681,91,7,Finisher,3032
Matthias,Pelster,Matthias Pelster,979,M40-44,Male,Duisburg,,Germany,DE,0:31:52,2:46:50,1:45:00,0:02:32,0:08:47,5:15:01,1912,10010,6300,152,527,18901,682,591,74,414,344,28,614,543,58,682,591,74,Finisher,2434
Sascha,Prehn,Sascha Prehn,2222,M50-54,Male,Egelsbach,,Germany,DE,0:33:39,2:46:41,1:46:36,0:03:05,0:05:04,5:15:04,2019,10001,6396,185,304,18904,683,592,48,609,500,44,679,601,46,683,592,48,Finisher,2431
Matthieu,Daniel,Matthieu Daniel,2531,M35-39,Male,Antony,,France,FR,0:37:49,2:49:08,1:40:29,0:03:50,0:03:51,5:15:07,2269,10148,6029,230,231,18907,684,593,97,1218,990,163,907,793,134,684,593,97,Finisher,2352
Katja,Schneider,Katja Schneider,156,F35-39,Female,Friedrichsdorf,HE,Germany,DE,0:29:49,2:47:11,1:51:03,0:02:30,0:04:42,5:15:15,1789,10031,6663,150,282,18915,685,92,14,230,35,5,554,64,10,685,92,14,Finisher,2919
Manuel,Großkopf,Manuel Großkopf,2122,M30-34,Male,Mannheim,,Germany,DE,0:33:12,2:36:23,1:58:22,0:02:33,0:04:45,5:15:15,1992,9383,7102,153,285,18915,686,594,110,569,462,76,344,314,50,686,594,110,Finisher,2288
Torben,Tepe,Torben Tepe,698,M18-24,Male,Kieselbronn,BW,Germany,DE,0:31:24,2:37:58,1:59:37,0:02:46,0:03:35,5:15:20,1884,9478,7177,166,215,18920,687,595,56,364,303,28,343,313,33,687,595,56,Finisher,2098
Jonatan,Keel,Jonatan Keel,1442,M35-39,Male,Oberwil-Lieli,AARGAU,Switzerland,CH,0:31:15,2:43:55,1:53:50,0:02:34,0:03:46,5:15:20,1875,9835,6830,154,226,18920,688,596,98,353,292,52,500,447,78,688,596,98,Finisher,2348
Nico,Hoßfeld,Nico Hoßfeld,832,M25-29,Male,Boxberg,Baden-Württemberg,Germany,DE,0:36:26,2:47:10,1:44:22,0:03:37,0:03:54,5:15:28,2186,10030,6262,217,234,18928,689,597,76,994,814,110,791,697,96,689,597,76,Finisher,2269
Sebastian,Lindner,Sebastian Lindner,2120,M45-49,Male,München,BY,Germany,DE,0:33:38,2:41:08,1:49:25,0:04:54,0:06:28,5:15:33,2018,9668,6565,294,388,18933,690,598,69,608,499,46,560,495,56,690,598,69,Finisher,2560
Katharina,Brosch,Katharina Brosch,1991,F40-44,Female,Offenbach,,Germany,DE,0:32:02,2:49:04,1:47:35,0:03:05,0:03:50,5:15:37,1922,10144,6455,185,230,18937,691,93,7,434,75,8,705,83,3,691,93,7,Finisher,3179
Johann Valentin,Weishaupt,Johann Valentin Weishaupt,164,M25-29,Male,Frankfurt am Main,HE,Germany,DE,0:28:51,2:41:36,1:57:26,0:03:08,0:04:36,5:15:38,1731,9696,7046,188,276,18938,692,599,77,158,140,20,382,340,52,692,599,77,Finisher,2266
Matthias,Eisele,Matthias Eisele,1676,M40-44,Male,Wißgoldingen,BADEN-WURTTEMBERG,Germany,DE,0:30:33,2:45:08,1:53:39,0:02:18,0:04:04,5:15:42,1833,9908,6819,138,244,18942,693,600,75,288,237,16,506,452,47,693,600,75,Finisher,2422
Alexander,Veidt,Alexander Veidt,409,M50-54,Male,Neunkirchen,,Germany,DE,0:31:06,2:44:59,1:50:21,0:04:10,0:05:12,5:15:48,1866,9899,6621,250,312,18948,694,601,49,334,279,19,582,513,39,694,601,49,Finisher,2418
Ben,Neuner,Ben Neuner,2008,M18-24,Male,Altlußheim,BW,Germany,DE,0:25:59,2:48:12,1:53:35,0:04:04,0:04:02,5:15:51,1559,10092,6815,244,242,18951,695,602,57,55,53,8,511,456,46,695,602,57,Finisher,2088
Karsten,Barth,Karsten Barth,701,M45-49,Male,Erfurt,,Germany,DE,0:36:13,2:51:07,1:41:38,0:02:51,0:04:05,5:15:54,2173,10267,6098,171,245,18954,696,603,70,960,789,76,886,774,80,696,603,70,Finisher,2553
Moritz,Cornel,Moritz Cornel,950,M30-34,Male,Stuttgart,Baden-Württemberg,Germany,DE,0:32:23,2:43:02,1:49:18,0:04:08,0:07:09,5:16:01,1943,9782,6558,248,429,18961,697,604,111,473,385,64,556,492,83,697,604,111,Finisher,2274
Philippe,Jacoby,Philippe Jacoby,206,M40-44,Male,Weiler-la-Tour,LETZEBUERG,Luxembourg,LU,0:35:33,2:49:23,1:40:30,0:04:36,0:05:58,5:16:01,2133,10163,6030,276,358,18961,698,605,76,842,691,76,859,756,95,698,605,76,Finisher,2416
Baudouin,MULLIEZ,Baudouin MULLIEZ,2409,M18-24,Male,Walferdange,Luxembourg,France,FR,0:35:45,2:51:05,1:40:31,0:04:35,0:04:06,5:16:01,2145,10265,6031,275,246,18961,699,606,58,880,721,73,927,811,74,699,606,58,Finisher,2085
Ingo,Schultz,Ingo Schultz,1967,M55-59,Male,Hannover,,Germany,DE,0:37:02,2:48:08,1:40:56,0:05:38,0:04:25,5:16:09,2222,10088,6056,338,265,18969,700,607,21,1087,883,37,908,794,29,700,607,21,Finisher,2751
Etienne,Espenner,Etienne Espenner,435,M35-39,Male,Weisenheim am Berg,RP,Germany,DE,0:36:24,2:44:18,1:46:26,0:04:58,0:04:08,5:16:14,2184,9858,6386,298,248,18974,701,608,99,990,811,135,744,656,118,701,608,99,Finisher,2332
Philipp,Grossenbacher,Philipp Grossenbacher,1503,M50-54,Male,Dornach,SOLOTHURN,Switzerland,CH,0:35:32,2:44:30,1:44:14,0:06:12,0:05:49,5:16:18,2132,9870,6254,372,349,18978,702,609,50,840,689,69,759,669,55,702,609,50,Finisher,2409
Heiko,Grimme,Heiko Grimme,395,M60-64,Male,Stuttgart,,Germany,DE,0:40:40,2:41:05,1:45:38,0:04:21,0:04:41,5:16:24,2440,9665,6338,261,281,18984,703,610,8,1615,1273,51,756,666,12,703,610,8,Finisher,3000
Sino-Maurice,Meyerdrees,Sino-Maurice Meyerdrees,665,M25-29,Male,Bünde,NW,Germany,DE,0:37:42,2:46:59,1:41:32,0:06:16,0:04:07,5:16:36,2262,10019,6092,376,247,18996,704,611,78,1192,967,134,914,800,108,704,611,78,Finisher,2249
Joren,Diels,Joren Diels,519,M25-29,Male,Hoogstraten,Flemish Region,Belgium,BE,0:41:05,2:33:40,1:53:08,0:05:05,0:03:41,5:16:39,2465,9220,6788,305,221,18999,705,612,79,1660,1304,193,565,499,71,705,612,79,Finisher,2248
Thomas,Henn,Thomas Henn,1839,M35-39,Male,München,,Germany,DE,0:36:11,2:35:53,1:54:57,0:04:56,0:04:43,5:16:40,2171,9353,6897,296,283,19000,706,613,100,955,785,133,470,418,73,706,613,100,Finisher,2324
Patrick,Rommelmann,Patrick Rommelmann,2484,M35-39,Male,Spenge,,Germany,DE,0:45:43,2:50:09,1:29:22,0:06:58,0:04:31,5:16:43,2743,10209,5362,418,271,19003,707,614,101,2046,1603,245,1268,1085,177,707,614,101,Finisher,2324
Peter,Schulteis,Peter Schulteis,2532,M60-64,Male,Alsbach-Hähnlein,HE,Germany,DE,0:31:32,2:48:32,1:47:35,0:04:04,0:05:05,5:16:47,1892,10112,6455,244,305,19007,708,615,9,374,312,6,703,621,11,708,615,9,Finisher,2993
Torsten,Witzke,Torsten Witzke,945,M50-54,Male,Bad Homburg,,Germany,DE,0:30:30,2:49:31,1:46:38,0:05:07,0:05:02,5:16:48,1830,10171,6398,307,302,19008,709,616,51,281,230,15,730,645,52,709,616,51,Finisher,2400
Julius,Schnabel,Julius Schnabel,2439,M40-44,Male,Bensheim,,Germany,DE,0:37:17,2:37:21,1:45:12,0:12:11,0:04:47,5:16:48,2237,9441,6312,731,287,19008,710,617,77,1133,922,108,781,688,85,710,617,77,Finisher,2402
Peter,Dornseifer,Peter Dornseifer,1313,M55-59,Male,Wenden,,Germany,DE,0:35:51,2:40:40,1:52:07,0:03:25,0:04:45,5:16:49,2151,9640,6727,205,285,19009,711,618,22,899,739,29,570,503,16,711,618,22,Finisher,2739
Sergio,Santiago Garcia,Sergio Santiago Garcia,597,M35-39,Male,Gavà,Catalonia,Spain,ES,0:33:21,2:50:18,1:43:01,0:04:53,0:05:19,5:16:52,2001,10218,6181,293,319,19012,712,619,102,578,471,83,832,732,126,712,619,102,Finisher,2321
Pascal,Ribac,Pascal Ribac,118,M50-54,Male,Rieseby,Schleswig-Holstein,Germany,DE,0:34:53,2:50:13,1:43:30,0:03:13,0:05:04,5:16:53,2093,10213,6210,193,304,19013,713,620,52,759,619,60,825,726,62,713,620,52,Finisher,2398
Bastian,Rother,Bastian Rother,1717,M18-24,Male,Tirschenreuth,Bayern,Germany,DE,0:41:09,2:43:40,1:43:58,0:04:17,0:03:50,5:16:53,2469,9820,6238,257,230,19013,714,621,59,1670,1313,125,848,745,72,714,621,59,Finisher,2070
Hannes,Gobisch,Hannes Gobisch,1629,M18-24,Male,Mönkeberg,,Germany,DE,0:33:31,2:43:56,1:49:15,0:05:17,0:04:57,5:16:56,2011,9836,6555,317,297,19016,715,622,60,594,486,45,659,584,56,715,622,60,Finisher,2069
Lutz,Mittermüller,Lutz Mittermüller,2051,M25-29,Male,Baunatal,Hessen,Germany,DE,0:36:39,2:45:32,1:47:20,0:03:43,0:03:52,5:17:06,2199,9932,6440,223,232,19026,716,623,80,1020,835,113,748,660,91,716,623,80,Finisher,2240
Martin,Schilling,Martin Schilling,1550,M30-34,Male,Stuttgart,,Germany,DE,0:35:36,2:33:08,1:57:51,0:05:00,0:05:38,5:17:13,2136,9188,7071,300,338,19033,717,624,112,850,698,106,390,347,57,717,624,112,Finisher,2252
Anke,Werner,Anke Werner,251,F50-54,Female,Darmstadt,,Germany,DE,0:34:43,2:50:07,1:44:59,0:03:11,0:04:19,5:17:19,2083,10207,6299,191,259,19039,718,94,2,735,134,8,815,98,2,718,94,2,Finisher,3125
Holger,Büchele,Holger Büchele,393,M50-54,Male,Weissach,,Germany,DE,0:34:57,2:46:48,1:45:57,0:04:33,0:05:08,5:17:24,2097,10008,6357,273,308,19044,719,625,53,769,628,61,764,674,56,719,625,53,Finisher,2389
Marcello,Mächerle,Marcello Mächerle,680,M25-29,Male,Heidelberg,BW,Germany,DE,0:32:43,2:42:02,1:53:48,0:04:21,0:04:33,5:17:27,1963,9722,6828,261,273,19047,720,626,81,510,413,55,541,485,68,720,626,81,Finisher,2234
Arkadius,Michalak,Arkadius Michalak,1856,M50-54,Male,Mainz,,Germany,DE,0:32:23,2:55:14,1:42:03,0:03:38,0:04:12,5:17:30,1943,10514,6123,218,252,19050,721,627,54,471,383,30,923,807,69,721,627,54,Finisher,2387
Thomas,Kaemmerer,Thomas Kaemmerer,1124,M35-39,Male,Kriftel,HE,Germany,DE,0:33:53,2:50:20,1:44:25,0:04:24,0:04:27,5:17:30,2033,10220,6265,264,267,19050,722,628,103,634,523,89,838,738,127,722,628,103,Finisher,2309
Erik, Backes,Erik Backes,1938,M35-39,Male,Wegberg,NORDRHEIN-WESTFALEN,Germany,DE,0:38:00,2:41:46,1:49:22,0:03:26,0:04:57,5:17:30,2280,9706,6562,206,297,19050,723,629,104,1242,1012,164,672,596,107,723,629,104,Finisher,2309
Bastian,Reusch,Bastian Reusch,2157,M30-34,Male,Werneck,Bavaria,Germany,DE,0:36:53,2:38:50,1:53:39,0:04:26,0:03:43,5:17:31,2213,9530,6819,266,223,19051,724,630,113,1060,864,138,579,511,87,724,630,113,Finisher,2247
Julia Magdalena,Kotte,Julia Magdalena Kotte,895,F30-34,Female,Recklinghausen,,Germany,DE,0:31:46,2:57:36,1:39:50,0:03:02,0:05:18,5:17:33,1906,10656,5990,182,318,19053,725,95,18,400,68,13,957,120,23,725,95,18,Finisher,2838
Lars,Thomas,Lars Thomas,2159,M55-59,Male,Karlsruhe,,Germany,DE,0:31:34,2:44:37,1:54:16,0:02:39,0:04:36,5:17:42,1894,9877,6856,159,276,19062,726,631,23,378,316,8,532,476,15,726,631,23,Finisher,2723
Jan,Peerdeman,Jan Peerdeman,2220,M40-44,Male,Hauwert,,Netherlands,NL,0:38:29,2:40:42,1:48:24,0:04:36,0:05:31,5:17:42,2309,9642,6504,276,331,19062,727,632,78,1326,1076,134,692,613,73,727,632,78,Finisher,2386
Hans,Gruber,Hans Gruber,792,M50-54,Male,Hamburg,,Italy,IT,0:33:28,2:47:18,1:49:05,0:02:50,0:05:02,5:17:43,2008,10038,6545,170,302,19063,728,633,55,589,481,41,687,608,47,728,633,55,Finisher,2383
Lukas,Schneider,Lukas Schneider,1688,M25-29,Male,Lahr/Schwarzwald,Baden-Württemberg,Germany,DE,0:35:44,2:37:18,1:53:32,0:05:37,0:05:33,5:17:43,2144,9438,6812,337,333,19063,729,634,82,874,715,100,525,469,64,729,634,82,Finisher,2229
Heiko,Braun,Heiko Braun,2198,M50-54,Male,Wiesbaden,,Germany,DE,0:35:55,2:49:04,1:44:10,0:05:06,0:03:31,5:17:47,2155,10144,6250,306,211,19067,730,635,56,909,749,73,881,771,66,730,635,56,Finisher,2382
Melissa,Krauß,Melissa Krauß,1396,F35-39,Female,Frankfurt am Main,HE,Germany,DE,0:39:08,2:49:52,1:40:28,0:03:51,0:04:32,5:17:50,2348,10192,6028,231,272,19070,731,96,15,1429,277,36,970,124,19,731,96,15,Finisher,2872
Victor,Tomas,Victor Tomas,1278,M35-39,Male,Zürich,Zurich,Spain,ES,0:30:23,2:45:21,1:51:01,0:05:29,0:05:42,5:17:55,1823,9921,6661,329,342,19075,732,636,105,275,226,39,612,541,94,732,636,105,Finisher,2302
Roland,Vogt,Roland Vogt,2340,M35-39,Male,Ruppertsberg,RHEINLAND-PFALZ,Germany,DE,0:35:12,2:46:19,1:45:32,0:05:08,0:05:44,5:17:55,2112,9979,6332,308,344,19075,733,637,106,808,665,114,774,682,120,733,637,106,Finisher,2302
Daniel,Koppenhöfer,Daniel Koppenhöfer,1679,M40-44,Male,Worms,,Germany,DE,0:29:41,2:45:34,1:54:47,0:03:34,0:04:26,5:18:01,1781,9934,6887,214,266,19081,734,638,79,220,191,7,531,475,50,734,638,79,Finisher,2380
Sabine,Volz,Sabine Volz,2370,F35-39,Female,Schirrhoffen,Grand Est,Germany,DE,0:37:23,2:48:23,1:40:48,0:04:58,0:06:31,5:18:03,2243,10103,6048,298,391,19083,735,97,16,1145,213,26,906,114,18,735,97,16,Finisher,2868
Veronika,Krieghoff,Veronika Krieghoff,836,F45-49,Female,Leipzig,Saxony,Germany,DE,0:33:35,2:57:28,1:39:30,0:02:55,0:04:37,5:18:05,2015,10648,5970,175,277,19085,736,98,4,604,109,6,1001,131,6,736,98,4,Finisher,3098
Frederic,Rommelmann,Frederic Rommelmann,2482,M30-34,Male,Köln,,Germany,DE,0:35:15,2:48:06,1:46:59,0:04:22,0:03:24,5:18:05,2115,10086,6419,262,204,19085,737,639,114,815,671,100,808,711,125,737,639,114,Finisher,2237
Martin,Gatarski,Martin Gatarski,1061,M35-39,Male,Munich,foreigner,Germany,DE,0:36:33,2:40:37,1:50:35,0:04:57,0:05:25,5:18:07,2193,9637,6635,297,325,19087,738,640,107,1011,829,139,639,566,100,738,640,107,Finisher,2298
Mariska,Breyne,Mariska Breyne,576,F40-44,Female,Roeselare,,Belgium,BE,0:38:29,2:40:09,1:46:29,0:04:52,0:08:11,5:18:09,2309,9609,6389,292,491,19089,739,99,8,1328,252,27,683,79,2,739,99,8,Finisher,3133
Martin,Lindner,Martin Lindner,1918,M40-44,Male,Darmstadt,,Germany,DE,0:31:57,2:47:08,1:47:17,0:04:21,0:07:28,5:18:12,1917,10028,6437,261,448,19092,740,641,80,425,353,31,682,604,72,740,641,80,Finisher,2377
Luca Orlando ,Nappa,Luca Orlando Nappa,2512,M40-44,Male,Rülzheim,Rhineland-Palatinate,Germany,DE,0:40:42,2:36:53,1:47:39,0:05:13,0:07:47,5:18:13,2442,9413,6459,313,467,19093,741,642,81,1620,1277,164,660,585,69,741,642,81,Finisher,2377
Vitaly,Kasyanov,Vitaly Kasyanov,1408,M45-49,Male,Den Haag,,Netherlands,NL,0:35:49,2:46:39,1:48:53,0:02:40,0:04:14,5:18:15,2149,9999,6533,160,254,19095,742,643,71,894,734,70,729,644,68,742,643,71,Finisher,2511
Sebastien,Delaure,Sebastien Delaure,1245,M25-29,Male,THIONVILLE,,France,FR,0:32:45,2:49:31,1:42:46,0:05:44,0:07:32,5:18:19,1965,10171,6166,344,452,19099,743,644,83,518,420,58,814,717,98,743,644,83,Finisher,2218
Lukas,Dippel,Lukas Dippel,2115,M25-29,Male,Mainz,Rhineland-Palatinate,Germany,DE,0:38:21,2:45:57,1:41:30,0:06:17,0:06:14,5:18:19,2301,9957,6090,377,374,19099,744,645,84,1305,1059,144,901,789,105,744,645,84,Finisher,2218
Lea,Ruof,Lea Ruof,1982,F25-29,Female,Oberriexingen,Baden-Württemberg,Germany,DE,0:40:55,2:45:19,1:44:45,0:03:52,0:03:34,5:18:27,2455,9919,6285,232,214,19107,745,100,29,1645,351,78,883,112,32,745,100,29,Finisher,2610
Marc ,Irmler,Marc Irmler,1863,M30-34,Male,Frankfurt am Main,Hesse,Germany,DE,0:35:48,2:39:57,1:54:25,0:04:21,0:03:56,5:18:28,2148,9597,6865,261,236,19108,746,646,115,891,732,117,577,509,86,746,646,115,Finisher,2230
Julius,Krauch,Julius Krauch,2475,M25-29,Male,Heidelberg,Baden-Württemberg,Germany,DE,0:34:09,2:45:02,1:50:45,0:04:03,0:04:37,5:18:35,2049,9902,6645,243,277,19115,747,647,85,665,547,73,674,597,84,747,647,85,Finisher,2213
Nikolaus,Loder,Nikolaus Loder,860,M60-64,Male,Blumberg,BW,Germany,DE,0:32:31,2:54:06,1:44:52,0:02:44,0:04:25,5:18:38,1951,10446,6292,164,265,19118,748,648,10,491,400,11,853,750,17,748,648,10,Finisher,2960
Ben,Simon,Ben Simon,323,M18-24,Male,Hannover,Lower Saxony,Germany,DE,0:37:33,2:35:39,1:57:20,0:04:14,0:03:54,5:18:39,2253,9339,7040,254,234,19119,749,649,61,1167,950,90,485,432,41,749,649,61,Finisher,2038
Timo,Seifermann,Timo Seifermann,1494,M18-24,Male,Lauf,,Germany,DE,0:30:14,2:35:46,2:04:32,0:03:42,0:04:26,5:18:39,1814,9346,7472,222,266,19119,750,650,62,261,217,19,301,275,28,750,650,62,Finisher,2038
Patricia,Breu,Patricia Breu,2328,F40-44,Female,Appenzell,,Eswatini,SZ,0:31:38,2:49:23,1:48:34,0:04:56,0:04:13,5:18:44,1898,10163,6514,296,253,19124,751,101,9,388,64,6,749,89,5,751,101,9,Finisher,3122
Sarah,Wendland-Zachewicz,Sarah Wendland-Zachewicz,218,F30-34,Female,Burgwedel,,Germany,DE,0:32:14,2:44:04,1:54:54,0:03:22,0:04:11,5:18:45,1934,9844,6894,202,251,19125,752,102,19,455,83,16,561,66,12,752,102,19,Finisher,2816
Christian,Junglas,Christian Junglas,2234,M30-34,Male,Dünfus,,Germany,DE,0:34:16,2:45:43,1:48:38,0:04:47,0:05:21,5:18:45,2056,9943,6518,287,321,19125,753,651,116,684,564,92,717,634,106,753,651,116,Finisher,2225
Anton,Dauwalter,Anton Dauwalter,1229,M40-44,Male,Hamburg,,Germany,DE,0:37:21,2:43:29,1:49:54,0:03:42,0:04:19,5:18:46,2241,9809,6594,222,259,19126,754,652,82,1142,930,110,714,631,77,754,652,82,Finisher,2367
Dorian,Piret,Dorian Piret,2016,M25-29,Male,Zürich,Zurich,Belgium,BE,0:27:59,2:49:12,1:52:24,0:04:44,0:04:32,5:18:50,1679,10152,6744,284,272,19130,755,653,86,115,101,16,636,563,80,755,653,86,Finisher,2209
Pierre,Beuzon,Pierre Beuzon,2279,M35-39,Male,Farges Les Chalon,,France,FR,0:32:36,2:41:44,1:56:13,0:03:11,0:05:06,5:18:51,1956,9704,6973,191,306,19131,756,654,108,501,407,72,491,438,76,756,654,108,Finisher,2285
Scott,Wagner,Scott Wagner,1686,M35-39,Male,Nürnberg,BY,Germany,DE,0:40:38,2:47:02,1:41:08,0:05:08,0:04:59,5:18:56,2438,10022,6068,308,299,19136,757,655,109,1612,1270,194,968,845,143,757,655,109,Finisher,2284
Dirk,Littig,Dirk Littig,2398,M55-59,Male,Seeheim-Jugenheim,,Germany,DE,0:33:54,2:48:07,1:46:42,0:04:54,0:05:21,5:18:57,2034,10087,6402,294,321,19137,758,656,24,635,524,18,787,693,25,758,656,24,Finisher,2701
Jan-Philip,Bokeloh,Jan-Philip Bokeloh,1714,M30-34,Male,Extertal,North Rhine-Westphalia,Germany,DE,0:37:53,2:47:16,1:44:22,0:05:11,0:04:18,5:19:00,2273,10036,6262,311,258,19140,759,657,117,1224,994,160,889,777,142,759,657,117,Finisher,2220
Andreas,Schoenherr,Andreas Schoenherr,132,M50-54,Male,Rüschlikon,ZH,Switzerland,CH,0:29:01,2:49:24,1:53:41,0:03:24,0:03:38,5:19:07,1741,10164,6821,204,218,19147,760,658,57,171,148,8,635,562,43,760,658,57,Finisher,2358
Jonathan,Palmer,Jonathan Palmer,1808,M35-39,Male,Mosbach,Baden-Württemberg,Germany,DE,0:41:23,2:46:38,1:42:07,0:04:18,0:04:51,5:19:18,2483,9998,6127,258,291,19158,761,659,110,1697,1335,200,953,834,139,761,659,110,Finisher,2277
Max,Fischer,Max Fischer,585,M18-24,Male,Bensheim,HESSEN,Germany,DE,0:35:59,2:44:27,1:49:42,0:04:14,0:04:58,5:19:21,2159,9867,6582,254,298,19161,762,660,63,922,761,76,716,633,59,762,660,63,Finisher,2025
Sebastiaan ,Proost ,Sebastiaan Proost,866,M45-49,Male,Brasschaat ,ANTWERPEN,Belgium,BE,0:32:32,2:45:46,1:53:04,0:04:05,0:04:06,5:19:32,1952,9946,6784,245,246,19172,763,661,72,492,401,38,648,574,63,763,661,72,Finisher,2488
Alexander,Kahl,Alexander Kahl,365,M35-39,Male,Frankfurt,HE,Germany,DE,0:38:30,2:57:27,1:32:39,0:05:39,0:05:20,5:19:35,2310,10647,5559,339,320,19175,764,662,111,1333,1079,172,1230,1055,170,764,662,111,Finisher,2272
Markus,Glas,Markus Glas,1966,M35-39,Male,Nürnberg,BY,Germany,DE,0:35:58,2:50:05,1:44:53,0:04:08,0:04:35,5:19:39,2158,10205,6293,248,275,19179,765,663,112,918,757,124,885,773,131,765,663,112,Finisher,2271
Alexander,Fink,Alexander Fink,2229,M40-44,Male,Ostfildern,,Germany,DE,0:34:50,2:43:52,1:52:36,0:03:52,0:04:30,5:19:40,2090,9832,6756,232,270,19180,766,664,83,748,612,64,653,578,67,766,664,83,Finisher,2351
Jan David,Beck,Jan David Beck,2310,M35-39,Male,Basel,BS,Switzerland,CH,0:37:13,2:45:03,1:49:18,0:03:46,0:04:20,5:19:41,2233,9903,6558,226,260,19181,767,665,113,1120,913,151,752,663,119,767,665,113,Finisher,2270
Philipp ,Mackert ,Philipp Mackert,1833,M25-29,Male,Karlsbad,BW,Germany,DE,0:39:17,2:53:24,1:38:21,0:03:52,0:04:46,5:19:41,2357,10404,5901,232,286,19181,768,666,87,1451,1169,167,1078,933,125,768,666,87,Finisher,2193
Dennis,Weu,Dennis Weu,1119,M35-39,Male,Rostock,MV,Germany,DE,0:27:52,2:46:06,2:00:11,0:02:13,0:03:19,5:19:41,1672,9966,7211,133,199,19181,769,667,114,108,97,14,453,404,70,769,667,114,Finisher,2270
Lothar,Von Tiele-Winckler,Lothar Von Tiele-Winckler,199,M55-59,Male,Rosengarten,,Germany,DE,0:38:51,2:47:47,1:43:14,0:04:59,0:04:56,5:19:46,2331,10067,6194,299,296,19186,770,668,25,1384,1117,50,935,818,33,770,668,25,Finisher,2686
Carolin,Hoffmann,Carolin Hoffmann,957,F30-34,Female,Tägerwilen,,Germany,DE,0:39:45,2:50:50,1:40:45,0:04:05,0:04:22,5:19:47,2385,10250,6045,245,262,19187,771,103,20,1511,306,61,1021,134,25,771,103,20,Finisher,2798
Julian,Finkenbusch,Julian Finkenbusch,1225,M35-39,Male,Neuwied,,Germany,DE,0:33:59,2:46:47,1:46:10,0:06:45,0:06:07,5:19:48,2039,10007,6370,405,367,19188,772,669,115,642,530,90,802,707,124,772,669,115,Finisher,2268
Peter,Fisch,Peter Fisch,977,M45-49,Male,Regensburg,,Germany,DE,0:34:10,2:44:40,1:52:13,0:03:04,0:05:44,5:19:52,2050,9880,6733,184,344,19192,773,670,73,671,552,50,637,564,62,773,670,73,Finisher,2482
Lieven,Verpoorten,Lieven Verpoorten,1900,M45-49,Male,Herk-de-Stad,,Belgium,BE,0:37:27,2:46:01,1:41:42,0:07:42,0:06:59,5:19:52,2247,9961,6102,462,419,19192,774,671,74,1155,940,90,921,805,82,774,671,74,Finisher,2482
Carl-Johan,Andren,Carl-Johan Andren,516,M60-64,Male,Åre,,Sweden,SE,0:36:36,2:50:49,1:44:29,0:03:00,0:04:59,5:19:54,2196,10249,6269,180,299,19194,775,672,11,1016,833,31,895,783,19,775,672,11,Finisher,2937
Till,Wanser,Till Wanser,2162,M18-24,Male,Hamburg,Hamburg,Germany,DE,0:40:43,2:43:24,1:46:19,0:04:10,0:05:21,5:19:58,2443,9804,6379,250,321,19198,776,673,64,1623,1280,120,824,725,68,776,673,64,Finisher,2014
Adrian,Schaal,Adrian Schaal,1114,M30-34,Male,Stockach,Baden-Württemberg,Germany,DE,0:38:19,2:52:31,1:36:44,0:07:16,0:05:14,5:20:04,2299,10351,5804,436,314,19204,777,674,118,1301,1056,177,1125,972,170,777,674,118,Finisher,2201
Andreas,Scheithauer,Andreas Scheithauer,400,M40-44,Male,Ilmenau,THURINGEN,Germany,DE,0:46:46,2:39:28,1:44:12,0:05:13,0:04:28,5:20:06,2806,9568,6252,313,268,19206,778,675,84,2093,1634,205,929,813,101,778,675,84,Finisher,2343
Harald,Mechler,Harald Mechler,411,M60-64,Male,Wiesbaden,,Germany,DE,0:34:42,2:49:24,1:48:20,0:02:59,0:04:41,5:20:06,2082,10164,6500,179,281,19206,779,676,12,729,598,22,789,695,15,779,676,12,Finisher,2934
Luisa,Hoffmann,Luisa Hoffmann,196,F25-29,Female,Karlsruhe,,Germany,DE,0:32:57,2:50:42,1:48:24,0:03:55,0:04:12,5:20:10,1977,10242,6504,235,252,19210,780,104,30,539,102,31,806,97,29,780,104,30,Finisher,2579
Oliver,Schmidt,Oliver Schmidt,2180,M18-24,Male,Sindelfingen,,Germany,DE,0:35:34,2:45:39,1:52:24,0:03:09,0:03:27,5:20:12,2134,9939,6744,189,207,19212,781,677,65,844,693,69,710,627,58,781,677,65,Finisher,2010
Sylvain,Mendez,Sylvain Mendez,976,M45-49,Male,Saint-Étienne,Auvergne-Rhône-Alpes,France,FR,0:38:48,2:49:23,1:42:43,0:04:43,0:04:46,5:20:24,2328,10163,6163,283,286,19224,782,678,75,1378,1111,110,971,847,87,782,678,75,Finisher,2472
Paul Leonard,Kottmann,Paul Leonard Kottmann,1203,M18-24,Male,German,foreigner,Germany,DE,0:37:13,2:56:50,1:37:51,0:04:05,0:04:24,5:20:24,2233,10610,5871,245,264,19224,783,679,66,1123,915,88,1128,975,91,783,679,66,Finisher,2006
Kieran,O'Donoghue,Kieran O'Donoghue,1878,M45-49,Male,Killarney,KERRY,Ireland,IE,0:37:28,2:50:32,1:43:31,0:04:18,0:04:47,5:20:35,2248,10232,6211,258,287,19235,784,680,76,1159,943,91,952,833,85,784,680,76,Finisher,2469
Christopher,Derr,Christopher Derr,1807,M30-34,Male,Berlin,,Germany,DE,0:31:46,2:40:45,2:00:50,0:02:36,0:04:45,5:20:41,1906,9645,7250,156,285,19241,785,681,119,405,336,56,420,375,68,785,681,119,Finisher,2190
Hélios,BOQUET,Hélios BOQUET,2068,M40-44,Male,Servaville Salmonville,,France,FR,0:37:46,2:47:41,1:45:28,0:04:32,0:05:15,5:20:42,2266,10061,6328,272,315,19242,786,682,85,1208,980,117,876,769,96,786,682,85,Finisher,2332
Amelie,Galdo,Amelie Galdo,2091,F40-44,Female,CHAUMONT,,France,FR,0:31:14,2:58:06,1:44:34,0:03:16,0:03:32,5:20:42,1874,10686,6274,196,212,19242,787,105,10,350,60,4,962,121,12,787,105,10,Finisher,3087
Marc,Behring,Marc Behring,1645,M50-54,Male,Gelsenkirchen,,Germany,DE,0:39:35,2:45:20,1:48:00,0:02:38,0:05:11,5:20:45,2375,9920,6480,158,311,19245,788,683,58,1485,1191,100,804,708,59,788,683,58,Finisher,2329
Dirk,Meier,Dirk Meier,2483,M40-44,Male,Bensheim,,Germany,DE,0:40:52,2:41:37,1:48:13,0:05:21,0:04:42,5:20:46,2452,9697,6493,321,282,19246,789,684,86,1642,1292,167,811,714,88,789,684,86,Finisher,2331
Jasper,Jetzt,Jasper Jetzt,1073,M18-24,Male,Schondorf,Bavaria,Germany,DE,0:34:59,2:45:34,1:48:53,0:05:59,0:05:23,5:20:49,2099,9934,6533,359,323,19249,790,685,67,774,633,63,769,678,62,790,685,67,Finisher,1999
Marei,Müller,Marei Müller,250,F25-29,Female,Rheine,,Germany,DE,0:33:07,2:54:28,1:45:19,0:03:54,0:04:02,5:20:49,1987,10468,6319,234,242,19249,791,106,31,563,107,32,930,117,34,791,106,31,Finisher,2567
Philipp ,Kuntz ,Philipp Kuntz,476,M18-24,Male,Eppingen,Baden-Württemberg,Germany,DE,0:33:37,2:44:21,1:53:33,0:04:37,0:04:45,5:20:53,2017,9861,6813,277,285,19253,792,686,68,607,498,47,656,581,55,792,686,68,Finisher,1998
Johannes,von Eichel-Streiber,Johannes von Eichel-Streiber,1321,M30-34,Male,Koblenz,RP,Germany,DE,0:28:13,2:58:10,1:46:44,0:03:27,0:04:21,5:20:54,1693,10690,6404,207,261,19254,793,687,120,126,112,15,870,764,139,793,687,120,Finisher,2186
Ferdinand,Bauer,Ferdinand Bauer,700,M30-34,Male,Niederstetten,BW,Germany,DE,0:35:42,2:48:07,1:48:37,0:03:36,0:04:54,5:20:56,2142,10087,6517,216,294,19256,794,688,121,869,711,111,799,704,123,794,688,121,Finisher,2186
Florian,Stolz,Florian Stolz,2387,M50-54,Male,Taunusstein,,Germany,DE,0:34:12,2:44:23,1:52:14,0:06:14,0:03:55,5:20:58,2052,9863,6734,374,235,19258,795,689,59,678,559,54,720,636,50,795,689,59,Finisher,2325
Jörn,Krebs,Jörn Krebs,563,M35-39,Male,Heidelberg,Baden-Württemberg,Germany,DE,0:40:57,2:42:54,1:47:11,0:05:53,0:04:03,5:20:59,2457,9774,6431,353,243,19259,796,690,116,1646,1295,195,865,761,129,796,690,116,Finisher,2247
Dorothea,Lehmann,Dorothea Lehmann,2117,F30-34,Female,Heidelberg,Baden-Württemberg,Germany,DE,0:42:36,2:52:07,1:38:16,0:04:17,0:03:53,5:21:09,2556,10327,5896,257,233,19269,797,107,21,1820,390,77,1151,164,29,797,107,21,Finisher,2773
Gregor,Ehrath,Gregor Ehrath,1106,M25-29,Male,Staufen,BW,Germany,DE,0:37:15,2:38:55,1:56:38,0:03:02,0:05:21,5:21:11,2235,9535,6998,182,321,19271,798,691,88,1130,921,126,545,488,70,798,691,88,Finisher,2166
Marius ,Kalow,Marius Kalow,2311,M35-39,Male,Wiesbaden,,Germany,DE,0:31:09,2:48:15,1:53:16,0:03:24,0:05:13,5:21:17,1869,10095,6796,204,313,19277,799,692,117,343,285,50,661,586,103,799,692,117,Finisher,2241
Florian,Biedermann,Florian Biedermann,507,M50-54,Male,Eschweiler,,Germany,DE,0:32:12,2:40:38,2:00:17,0:03:18,0:04:55,5:21:19,1932,9638,7217,198,295,19279,800,693,60,449,369,27,451,402,31,800,693,60,Finisher,2318
Arthur,Bauer,Arthur Bauer,1786,M30-34,Male,Neu-Ulm,BY,Germany,DE,0:46:09,2:51:14,1:31:52,0:06:48,0:05:21,5:21:24,2769,10274,5512,408,321,19284,801,694,122,2070,1620,284,1307,1113,197,801,694,122,Finisher,2177
Matthias,Friedrich,Matthias Friedrich,865,M50-54,Male,Magdeburg ,Saxony-Anhalt,Germany,DE,0:29:06,2:54:27,1:48:06,0:04:18,0:05:29,5:21:25,1746,10467,6486,258,329,19285,802,695,61,180,155,9,812,715,60,802,695,61,Finisher,2317
Christopher,Reese,Christopher Reese,782,M18-24,Male,Heidelberg,Baden-Württemberg,Germany,DE,0:34:50,2:46:39,1:49:12,0:05:07,0:05:42,5:21:30,2090,9999,6552,307,342,19290,803,696,69,749,613,61,771,679,63,803,696,69,Finisher,1987
Alexandre,Uyttenhoven,Alexandre Uyttenhoven,2372,M30-34,Male,München,,Germany,DE,0:38:22,2:57:24,1:35:12,0:05:38,0:04:56,5:21:32,2302,10644,5712,338,296,19292,804,697,123,1307,1061,180,1225,1050,186,804,697,123,Finisher,2175
Patrick,Denninger,Patrick Denninger,1974,M35-39,Male,Backnang,BW,Germany,DE,0:30:31,2:49:08,1:54:54,0:03:12,0:03:46,5:21:32,1831,10148,6894,192,226,19292,805,698,118,283,232,41,663,588,104,805,698,118,Finisher,2237
Olivier,Somers,Olivier Somers,896,M30-34,Male,Rotterdam,ZUID-HOLLAND,Netherlands,NL,0:35:39,2:43:28,1:52:32,0:04:31,0:05:23,5:21:32,2139,9808,6752,271,323,19292,806,699,124,861,707,109,689,610,103,806,699,124,Finisher,2175
Joshua,Cole,Joshua Cole,318,M30-34,Male,London,England,Australia,AU,0:38:14,2:43:52,1:45:14,0:07:17,0:06:56,5:21:33,2294,9832,6314,437,416,19293,807,700,125,1283,1043,173,854,751,134,807,700,125,Finisher,2174
Jörg,Schäfer,Jörg Schäfer,162,M50-54,Male,Frankfurt am Main,HESSEN,Germany,DE,0:40:40,2:39:19,1:50:27,0:05:13,0:05:59,5:21:37,2440,9559,6627,313,359,19297,808,701,62,1617,1274,111,731,646,53,808,701,62,Finisher,2313
David,Puhlmann,David Puhlmann,2118,M25-29,Male,Ravensburg,foreigner,Germany,DE,0:41:43,2:46:52,1:34:20,0:11:38,0:07:06,5:21:39,2503,10012,5660,698,426,19299,809,702,89,1745,1374,209,1183,1012,143,809,702,89,Finisher,2158
Andreas ,Rackl,Andreas Rackl,613,M35-39,Male,Berg bei Neumarkt in der Oberpfalz,Bavaria,Germany,DE,0:31:23,2:34:21,2:08:40,0:03:31,0:03:44,5:21:39,1883,9261,7720,211,224,19299,810,703,119,363,302,57,294,269,46,810,703,119,Finisher,2235
karl,huts,karl huts,534,M45-49,Male,boortmeerbeek,,Belgium,BE,0:38:16,2:49:22,1:46:30,0:03:37,0:04:07,5:21:53,2296,10162,6390,217,247,19313,811,704,77,1289,1048,102,924,808,83,811,704,77,Finisher,2446
Christian ,Wonschik,Christian Wonschik,1961,M30-34,Male,Miltenberg,BY,Germany,DE,0:45:13,2:43:26,1:43:23,0:04:19,0:05:34,5:21:54,2713,9806,6203,259,334,19314,812,705,126,2010,1577,276,974,850,151,812,705,126,Finisher,2168
Fabio,Stöcker,Fabio Stöcker,1361,M30-34,Male,Basel,,Germany,DE,0:36:23,2:44:56,1:51:55,0:04:57,0:03:46,5:21:58,2183,9896,6715,297,226,19318,813,706,127,982,805,130,762,672,114,813,706,127,Finisher,2167
Matthias,Thoma,Matthias Thoma,2102,M35-39,Male,Stuttgart,,Germany,DE,0:29:05,2:49:37,1:55:08,0:03:55,0:04:16,5:22:01,1745,10177,6908,235,256,19321,814,707,120,177,153,24,658,583,102,814,707,120,Finisher,2228
Mika ,Wiemeler,Mika Wiemeler,1972,M25-29,Male,Frankfurt am Main ,Hesse,Germany,DE,0:36:32,2:44:13,1:51:18,0:04:56,0:05:02,5:22:01,2192,9853,6678,296,302,19321,815,708,90,1007,826,111,745,657,90,815,708,90,Finisher,2151
Markus,Volk,Markus Volk,2106,M35-39,Male,Mülheim-Kärlich,,Germany,DE,0:37:20,2:37:24,1:58:13,0:05:06,0:04:00,5:22:03,2240,9444,7093,306,240,19323,816,709,121,1141,929,152,564,498,88,816,709,121,Finisher,2228
Frank ,Michels,Frank Michels,2206,M30-34,Male,Frankfurt am Main,Hesse,Luxembourg,LU,0:37:56,2:47:17,1:40:56,0:08:26,0:07:28,5:22:03,2276,10037,6056,506,448,19323,817,710,128,1230,1000,162,989,863,153,817,710,128,Finisher,2165
Lukas,BATES,Lukas BATES,2411,M25-29,Male,Wülfrath,NRW,Germany,DE,0:35:55,2:45:53,1:54:35,0:02:40,0:03:15,5:22:18,2155,9953,6875,160,195,19338,818,711,91,908,748,102,712,629,86,818,711,91,Finisher,2146
Gavin,Witlox,Gavin Witlox,891,M30-34,Male,Rotterdam,,Netherlands,NL,0:37:19,2:53:12,1:40:45,0:06:11,0:04:51,5:22:18,2239,10392,6045,371,291,19338,819,712,129,1137,925,153,1081,935,166,819,712,129,Finisher,2161
Julian,Kernich,Julian Kernich,430,M18-24,Male,Stutensee,BW,Germany,DE,0:45:30,2:46:34,1:43:03,0:03:45,0:03:26,5:22:19,2730,9994,6183,225,206,19339,820,713,70,2032,1593,155,1056,916,86,820,713,70,Finisher,1972
Andi,Weber,Andi Weber,2396,M35-39,Male,Olching,Bavaria,Germany,DE,0:37:04,2:54:38,1:42:33,0:04:04,0:04:02,5:22:22,2224,10478,6153,244,242,19342,821,714,122,1090,886,144,1052,912,155,821,714,122,Finisher,2222
Daniel,Haase,Daniel Haase,1606,M40-44,Male,Hildesheim,,Germany,DE,0:36:59,2:45:52,1:50:23,0:03:26,0:05:43,5:22:22,2219,9952,6623,206,343,19342,822,715,87,1078,877,102,763,673,82,822,715,87,Finisher,2302
Jakub,Manczak,Jakub Manczak,212,M55-59,Male,GDYNIA,pomorskie,Poland,PL,0:29:13,2:41:55,2:01:17,0:04:44,0:05:14,5:22:23,1753,9715,7277,284,314,19343,823,716,26,188,162,5,438,391,10,823,716,26,Finisher,2639
Yves,Klein,Yves Klein,1971,M35-39,Male,Rollingen,,Luxembourg,LU,0:37:06,2:49:06,1:44:28,0:06:09,0:05:37,5:22:25,2226,10146,6268,369,337,19345,824,717,123,1096,892,146,954,835,140,824,717,123,Finisher,2221
Valentin,Schmeller,Valentin Schmeller,1716,M25-29,Male,Waldsassen,Bavaria,Germany,DE,0:43:33,2:44:45,1:41:19,0:08:06,0:04:53,5:22:35,2613,9885,6079,486,293,19355,825,718,92,1901,1492,236,1067,924,124,825,718,92,Finisher,2141
Andrin,Floess,Andrin Floess,990,M50-54,Male,Jona,,Switzerland,CH,0:34:06,2:40:16,1:58:14,0:03:59,0:06:04,5:22:38,2046,9616,7094,239,364,19358,826,719,63,657,542,52,516,460,37,826,719,63,Finisher,2295
Merlin ,Milis,Merlin Milis,2240,M18-24,Male,Beersel,Flemish Region,Belgium,BE,0:36:04,2:51:56,1:46:00,0:04:54,0:03:46,5:22:40,2164,10316,6360,294,226,19360,827,720,71,940,773,77,972,848,77,827,720,71,Finisher,1966
Matt,Redford,Matt Redford,350,M50-54,Male,MASALA,,Finland,FI,0:36:07,2:57:06,1:38:45,0:04:21,0:06:24,5:22:43,2167,10626,5925,261,384,19363,828,721,64,947,779,75,1111,958,85,828,721,64,Finisher,2293
Julia,Dittrich,Julia Dittrich,2379,F30-34,Female,Offenbach am Main,HE,Germany,DE,0:35:36,2:55:46,1:42:03,0:04:46,0:04:36,5:22:47,2136,10546,6123,286,276,19367,829,108,22,848,152,29,1063,142,27,829,108,22,Finisher,2744
Christian,Oelve,Christian Oelve,1670,M45-49,Male,Hildesheim,Lower Saxony,Germany,DE,0:27:55,2:51:34,1:57:29,0:02:13,0:03:37,5:22:48,1675,10294,7049,133,217,19368,830,722,78,112,99,2,629,556,61,830,722,78,Finisher,2429
Alexander,Bröhl,Alexander Bröhl,2359,M45-49,Male,Wachenheim,,Germany,DE,0:35:45,2:51:54,1:42:33,0:06:18,0:06:19,5:22:49,2145,10314,6153,378,379,19369,831,723,79,882,723,68,1000,870,90,831,723,79,Finisher,2429
Katharina,Kern,Katharina Kern,2365,F35-39,Female,Erlangen,,Germany,DE,0:29:42,2:56:03,1:50:36,0:02:55,0:03:34,5:22:51,1782,10563,6636,175,214,19371,832,109,17,222,31,3,840,101,15,832,109,17,Finisher,2782
Tobias,Winkler,Tobias Winkler,381,M40-44,Male,Karben,,Germany,DE,0:39:05,2:44:24,1:50:25,0:04:04,0:04:57,5:22:56,2345,9864,6625,244,297,19376,833,724,88,1421,1146,143,805,709,87,833,724,88,Finisher,2292
Sven,Feldmann,Sven Feldmann,2048,M50-54,Male,Amstetten,,Germany,DE,0:38:50,2:47:47,1:46:46,0:05:31,0:04:09,5:23:03,2330,10067,6406,331,249,19383,834,725,65,1381,1114,94,948,829,76,834,725,65,Finisher,2287
Alexander,Sommer,Alexander Sommer,1581,M40-44,Male,Winnenden,BW,Germany,DE,0:36:52,2:49:15,1:48:31,0:04:43,0:03:48,5:23:09,2212,10155,6511,283,228,19389,835,726,89,1057,862,99,909,795,99,835,726,89,Finisher,2288
Jan,Wilkening,Jan Wilkening,1922,M45-49,Male,Würzburg,,Germany,DE,0:39:07,3:00:48,1:34:21,0:04:32,0:04:23,5:23:10,2347,10848,5661,272,263,19390,836,727,80,1427,1151,117,1316,1119,105,836,727,80,Finisher,2423
Guy,Mertens,Guy Mertens,1158,M45-49,Male,Wilrijk,,Belgium,BE,0:37:41,2:49:03,1:45:51,0:05:19,0:05:18,5:23:12,2261,10143,6351,319,318,19392,837,728,81,1191,966,96,946,827,84,837,728,81,Finisher,2422
Christian,Lahm,Christian Lahm,468,M55-59,Male,Zweibrücken,RHEINLAND-PFALZ,Germany,DE,0:36:28,2:48:48,1:46:07,0:05:54,0:05:56,5:23:13,2188,10128,6367,354,356,19393,838,729,27,1002,822,34,920,804,31,838,729,27,Finisher,2624
Tom,Vetters,Tom Vetters,928,M25-29,Male,Eschenbach,Baden-Württemberg,Germany,DE,0:37:06,2:54:18,1:45:14,0:03:13,0:03:38,5:23:30,2226,10458,6314,193,218,19410,839,730,93,1099,895,120,1019,886,118,839,730,93,Finisher,2125
Benjamin,Klöckner,Benjamin Klöckner,2497,M40-44,Male,Hirtscheid,,Germany,DE,0:40:28,2:48:23,1:45:17,0:04:46,0:04:45,5:23:39,2428,10103,6317,286,285,19419,840,731,90,1590,1257,163,988,862,107,840,731,90,Finisher,2279
Heinrich,Becker,Heinrich Becker,254,M60-64,Male,Ober-Ramstadt,,Germany,DE,0:36:49,2:51:19,1:46:27,0:04:08,0:05:01,5:23:44,2209,10279,6387,248,301,19424,841,732,13,1045,853,34,950,831,21,841,732,13,Finisher,2868
Jens,Schmidt,Jens Schmidt,260,M40-44,Male,Schweich,RP,Germany,DE,0:35:08,2:47:05,1:53:29,0:04:23,0:04:10,5:24:15,2108,10025,6809,263,250,19455,842,733,91,795,652,69,773,681,84,842,733,91,Finisher,2268
Melanie,Witzke,Melanie Witzke,169,F40-44,Female,Köln,,Germany,DE,0:31:37,2:57:03,1:45:59,0:05:01,0:04:36,5:24:17,1897,10623,6359,301,276,19457,843,110,11,386,63,5,992,128,15,843,110,11,Finisher,3023
Nathalie,Moor-Berclaz,Nathalie Moor-Berclaz,1935,F45-49,Female,Venthône,,Switzerland,CH,0:40:30,2:52:41,1:40:32,0:05:38,0:04:59,5:24:20,2430,10361,6032,338,299,19460,844,111,5,1595,336,30,1144,159,9,844,111,5,Finisher,2986
Sonja,Kleinlogel-van Wyk,Sonja Kleinlogel-van Wyk,338,F50-54,Female,Hinterkappelen,,Switzerland,CH,0:34:43,2:55:27,1:46:58,0:03:32,0:03:52,5:24:31,2083,10527,6418,212,232,19471,845,112,3,733,133,7,994,129,4,845,112,3,Finisher,2996
Andreas,Collienne,Andreas Collienne,1441,M45-49,Male,Burg Reuland,,Belgium,BE,0:35:12,2:47:29,1:52:37,0:02:44,0:06:29,5:24:31,2112,10049,6757,164,389,19471,846,734,82,803,660,60,734,649,70,846,734,82,Finisher,2398
Christian,Ledig,Christian Ledig,793,M40-44,Male,Bad Schönborn,,Germany,DE,0:34:01,2:51:07,1:50:32,0:04:18,0:04:37,5:24:36,2041,10267,6632,258,277,19476,847,735,92,649,535,55,856,753,94,847,735,92,Finisher,2262
Frederik,Mönnig,Frederik Mönnig,1706,M30-34,Male,Emmerthal,Lower Saxony,Germany,DE,0:42:41,2:39:27,1:53:58,0:04:05,0:04:29,5:24:40,2561,9567,6838,245,269,19480,848,736,130,1827,1436,247,758,668,112,848,736,130,Finisher,2118
Michael,Mohr,Michael Mohr,918,M60-64,Male,Duisburg,,Germany,DE,0:35:43,2:41:00,1:56:46,0:04:51,0:06:25,5:24:46,2143,9660,7006,291,385,19486,849,737,14,871,713,26,623,551,9,849,737,14,Finisher,2850
Marcus,Aberl,Marcus Aberl,150,M55-59,Male,Gauting,DE-BY,Germany,DE,0:42:53,2:47:10,1:46:18,0:04:26,0:04:01,5:24:48,2573,10030,6378,266,241,19488,850,738,28,1844,1451,61,1015,883,36,850,738,28,Finisher,2596
Philipp,Wise,Philipp Wise,2460,M30-34,Male,Bürstadt,HE,Ireland,IE,0:33:42,2:52:33,1:49:33,0:04:10,0:04:56,5:24:53,2022,10353,6573,250,296,19493,851,739,131,615,505,82,893,781,144,851,739,131,Finisher,2114
Marion,Sünkel,Marion Sünkel,643,F55-59,Female,Zirndorf,,Germany,DE,0:33:23,2:49:04,1:54:22,0:04:27,0:03:38,5:24:54,2003,10144,6862,267,218,19494,852,113,1,583,108,4,785,94,1,852,113,1,Finisher,3500
Sebastian,Böhm,Sebastian Böhm,2190,M45-49,Male,Mainz,DE,Germany,DE,0:39:17,2:43:11,1:50:11,0:07:28,0:04:53,5:24:59,2357,9791,6611,448,293,19499,853,740,83,1452,1170,120,873,766,79,853,740,83,Finisher,2390
Sjoerd,Dijkstra,Sjoerd Dijkstra,1444,M35-39,Male,Haarlem,Noord Holland,Netherlands,NL,0:41:01,2:51:27,1:41:41,0:05:38,0:05:12,5:24:59,2461,10287,6101,338,312,19499,854,741,124,1652,1300,196,1126,973,161,854,741,124,Finisher,2175
leon,besch,leon besch,1136,M18-24,Male,Gomaringen,Baden-Wurttemberg,Germany,DE,0:38:00,2:43:43,1:52:28,0:06:27,0:04:31,5:25:11,2280,9823,6748,387,271,19511,855,742,72,1245,1015,96,817,719,67,855,742,72,Finisher,1920
Jacqueline,Baumberger,Jacqueline Baumberger,315,F50-54,Female,Schoeftland,,Switzerland,CH,0:48:14,2:49:53,1:38:02,0:04:36,0:04:31,5:25:17,2894,10193,5882,276,271,19517,856,114,4,2134,468,35,1263,183,13,856,114,4,Finisher,2982
Simon,Riehm,Simon Riehm,2389,M35-39,Male,Bad Friedrichshall,Baden-Württemberg,Germany,DE,0:39:22,2:51:09,1:44:47,0:05:01,0:04:59,5:25:17,2362,10269,6287,301,299,19517,857,743,125,1463,1178,183,1048,908,154,857,743,125,Finisher,2169
David,Schenck,David Schenck,1517,M30-34,Male,München,,Germany,DE,0:37:47,2:41:41,1:54:51,0:05:18,0:05:41,5:25:19,2267,9701,6891,318,341,19519,858,744,132,1211,983,156,718,635,107,858,744,132,Finisher,2107
Katharina,Ritter,Katharina Ritter,461,F40-44,Female,Scheeßel,,Germany,DE,0:36:43,2:46:16,1:56:54,0:02:30,0:02:58,5:25:21,2203,9976,7014,150,178,19521,859,115,12,1031,189,21,738,87,4,859,115,12,Finisher,3003
Andreas,Hügerich,Andreas Hügerich,543,M40-44,Male,Lichtenfels,BY,Germany,DE,0:38:51,2:51:33,1:45:13,0:05:06,0:04:40,5:25:22,2331,10293,6313,306,280,19522,860,745,93,1382,1115,140,1047,907,112,860,745,93,Finisher,2248
Sven,Hirt,Sven Hirt,342,M30-34,Male,Lörrach,BW,Germany,DE,0:41:48,2:58:14,1:37:05,0:04:00,0:04:17,5:25:23,2508,10694,5825,240,257,19523,861,746,133,1752,1380,231,1305,1111,195,861,746,133,Finisher,2105
Martin,Blessing,Martin Blessing,2143,M55-59,Male,Kirchberg,Baden-Württemberg,Germany,DE,0:33:08,2:58:47,1:42:25,0:06:25,0:04:40,5:25:24,1988,10727,6145,385,280,19524,862,747,29,567,460,14,1131,977,42,862,747,29,Finisher,2585
Thomas,Deckert,Thomas Deckert,1224,M55-59,Male,Hamburg,HH,Germany,DE,0:34:20,2:55:11,1:48:11,0:03:47,0:04:00,5:25:29,2060,10511,6491,227,240,19529,863,748,30,694,571,20,981,856,35,863,748,30,Finisher,2583
Jaqueline,Brenzel,Jaqueline Brenzel,1216,F30-34,Female,Mannheim,Baden-Württemberg,Germany,DE,0:35:37,2:46:55,1:50:26,0:07:07,0:05:26,5:25:30,2137,10015,6626,427,326,19530,864,116,23,855,154,30,862,104,21,864,116,23,Finisher,2695
Carl,Campbell,Carl Campbell,2280,M45-49,Male,Trier,,South Africa,ZA,0:30:53,2:49:15,1:57:30,0:03:18,0:04:35,5:25:31,1853,10155,7050,198,275,19531,865,749,84,317,263,24,681,603,66,865,749,84,Finisher,2380
ian,Vernimmen,ian Vernimmen,1568,M35-39,Male,Willebroek,Flemish Region,Belgium,BE,0:36:41,2:51:16,1:41:43,0:08:31,0:07:33,5:25:44,2201,10276,6103,511,453,19544,866,750,126,1023,837,141,1071,928,157,866,750,126,Finisher,2161
David,Leykauf,David Leykauf,1559,M40-44,Male,Schöntal,BW,Germany,DE,0:38:36,2:47:49,1:48:06,0:05:47,0:05:27,5:25:45,2316,10069,6486,347,327,19545,867,751,94,1348,1093,137,949,830,103,867,751,94,Finisher,2241
Wiebe,Bakker,Wiebe Bakker,1569,M30-34,Male,Bornem,Flemish Region,Belgium,BE,0:36:57,2:51:17,1:42:24,0:08:16,0:06:52,5:25:45,2217,10277,6144,496,412,19545,868,752,134,1072,874,142,1074,930,165,868,752,134,Finisher,2099
Henrik,Jung,Henrik Jung,1779,M25-29,Male,Mannheim,BADEN-WURTTEMBERG,Germany,DE,0:37:23,2:53:37,1:42:38,0:06:52,0:05:17,5:25:47,2243,10417,6158,412,317,19547,869,753,94,1146,933,129,1118,965,134,869,753,94,Finisher,2084
Gesa,Heers,Gesa Heers,2523,F50-54,Female,Michelstadt,,Germany,DE,0:37:27,2:54:19,1:47:08,0:03:06,0:03:49,5:25:49,2247,10459,6428,186,229,19549,870,117,5,1154,215,16,1027,136,6,870,117,5,Finisher,2972
Kirsten,Wieditz,Kirsten Wieditz,512,F55-59,Female,Wiesloch,BW,Germany,DE,0:38:02,2:54:40,1:42:59,0:04:00,0:06:09,5:25:51,2282,10480,6179,240,369,19551,871,118,2,1249,231,9,1080,146,3,871,118,2,Finisher,3482
Maurice,Dzillack,Maurice Dzillack,1135,M30-34,Male,Köln,NORDRHEIN-WESTFALEN,Germany,DE,0:34:26,2:43:04,2:00:00,0:03:37,0:04:49,5:25:54,2066,9784,7200,217,289,19554,872,754,135,703,577,93,607,536,91,872,754,135,Finisher,2096
David,Scholz,David Scholz,1765,M18-24,Male,Zürich,ZH,Germany,DE,0:39:08,2:55:46,1:41:50,0:03:34,0:05:36,5:25:55,2348,10546,6110,214,336,19555,873,755,73,1428,1152,110,1133,978,93,873,755,73,Finisher,1907
Julian,Lemties,Julian Lemties,2470,M30-34,Male,Köln,North Rhine-Westphalia,Germany,DE,0:43:19,2:46:26,1:48:02,0:03:58,0:04:11,5:25:56,2599,9986,6482,238,251,19556,874,756,136,1886,1480,253,995,866,154,874,756,136,Finisher,2096
Frederik,Starke,Frederik Starke,1633,M25-29,Male,Butzbach,Hesse,Germany,DE,0:37:43,2:47:37,1:50:49,0:05:17,0:04:35,5:26:00,2263,10057,6649,317,275,19560,875,757,95,1198,972,135,903,791,106,875,757,95,Finisher,2080
Alvaro,Garcia Arias,Alvaro Garcia Arias,621,M25-29,Male,Hamburg,HAMBURG,Spain,ES,0:36:47,3:03:27,1:34:09,0:06:07,0:05:42,5:26:12,2207,11007,5649,367,342,19572,876,758,96,1042,850,116,1367,1161,174,876,758,96,Finisher,2076
Jonas,Benz,Jonas Benz,1744,M30-34,Male,Frankfurt am Main,Hesse,Germany,DE,0:42:56,2:54:32,1:33:11,0:08:51,0:06:44,5:26:13,2576,10472,5591,531,404,19573,877,759,137,1849,1453,250,1366,1160,208,877,759,137,Finisher,2090
Johannes,Anleitner,Johannes Anleitner,874,M40-44,Male,Bad Kötzting,Bayern,Germany,DE,0:36:32,2:45:17,1:55:11,0:04:16,0:04:58,5:26:15,2192,9917,6911,256,298,19575,878,760,95,1009,827,94,755,665,81,878,760,95,Finisher,2232
Maxime,Vasserot,Maxime Vasserot,2044,M25-29,Male,,,France,FR,0:36:04,2:50:53,1:50:52,0:03:42,0:04:52,5:26:22,2164,10253,6652,222,292,19582,879,761,97,939,772,104,904,792,107,879,761,97,Finisher,2073
Dominik,Ackermann,Dominik Ackermann,2440,M30-34,Male,Basel,Basel-City,Switzerland,CH,0:33:43,2:51:58,1:49:53,0:03:59,0:06:58,5:26:31,2023,10318,6593,239,418,19591,880,762,138,617,507,83,863,759,137,880,762,138,Finisher,2085
Michael,Rippens,Michael Rippens,2228,M40-44,Male,Blokker,,Netherlands,NL,0:36:55,2:56:03,1:43:30,0:04:29,0:05:34,5:26:32,2215,10563,6210,269,334,19592,881,763,96,1067,870,100,1106,956,118,881,763,96,Finisher,2227
Sebastian,Schiffmann,Sebastian Schiffmann,1026,M40-44,Male,Kronau,,Germany,DE,0:30:11,2:47:11,2:00:55,0:03:50,0:04:27,5:26:33,1811,10031,7255,230,267,19593,882,764,97,256,213,13,611,540,57,882,764,97,Finisher,2227
Daniel,Back,Daniel Back,1134,M35-39,Male,Heidelberg,,Germany,DE,0:31:20,2:50:11,1:57:28,0:03:31,0:04:05,5:26:36,1880,10211,7048,211,245,19596,883,765,127,360,299,56,727,643,117,883,765,127,Finisher,2146
Lotte,Huberts-Van Trigt,Lotte Huberts-Van Trigt,528,F35-39,Female,Barendrecht,,Netherlands,NL,0:36:52,2:52:36,1:46:10,0:04:13,0:06:54,5:26:45,2212,10356,6370,253,414,19605,884,119,18,1059,196,21,991,127,20,884,119,18,Finisher,2712
Michael,Van Voorden,Michael Van Voorden,870,M45-49,Male,Utrecht,Utrecht,Netherlands,NL,0:35:35,2:48:07,1:53:10,0:04:42,0:05:17,5:26:51,2135,10087,6790,282,317,19611,885,766,85,846,695,67,826,727,76,885,766,85,Finisher,2356
Jona,Motta,Jona Motta,849,M30-34,Male,Genève,GENEVE,Italy,IT,0:33:49,2:51:50,1:49:14,0:04:52,0:07:07,5:26:51,2029,10310,6554,292,427,19611,886,767,139,629,518,87,896,784,145,886,767,139,Finisher,2079
Felix,Walter,Felix Walter,2299,M45-49,Male,Leonberg,BW,Germany,DE,0:37:35,2:51:12,1:47:26,0:05:04,0:05:36,5:26:52,2255,10272,6446,304,336,19612,887,768,86,1175,955,94,998,868,89,887,768,86,Finisher,2356
Christopher,Lee,Christopher Lee,1548,M35-39,Male,Friedrichsthal,Saarland,Germany,DE,0:35:39,2:52:50,1:46:41,0:05:59,0:05:48,5:26:57,2139,10370,6401,359,348,19617,888,769,128,862,708,118,1014,882,149,888,769,128,Finisher,2139
Bruno,De Decker,Bruno De Decker,1262,M60-64,Male,Gent,OOST-VLAANDEREN,Belgium,BE,0:31:55,2:29:36,2:16:31,0:04:00,0:04:55,5:26:58,1915,8976,8191,240,295,19618,889,770,15,422,350,9,233,219,2,889,770,15,Finisher,2810
Richard,Jurecko,Richard Jurecko,2526,M30-34,Male,Karlsruhe,BW,Germany,DE,0:29:19,2:33:12,2:16:11,0:03:14,0:05:02,5:26:59,1759,9192,8171,194,302,19619,890,771,140,193,167,28,237,223,40,890,771,140,Finisher,2077
Matthias,Brust,Matthias Brust,2437,M45-49,Male,Herdecke,,Germany,DE,0:42:11,2:43:31,1:44:19,0:10:37,0:06:26,5:27:04,2531,9811,6259,637,386,19624,891,772,87,1782,1404,137,1066,923,93,891,772,87,Finisher,2352
André,Schweizer,André Schweizer,2374,M35-39,Male,Stuttgart,BW,Germany,DE,0:36:44,2:43:20,1:57:15,0:04:15,0:05:30,5:27:05,2204,9800,7035,255,330,19625,892,773,129,1035,845,143,708,625,113,892,773,129,Finisher,2137
Sara,Brunati,Sara Brunati,1029,F45-49,Female,Luzern,,Switzerland,CH,0:30:29,2:50:32,1:57:35,0:03:48,0:04:45,5:27:08,1829,10232,7055,228,285,19628,893,120,6,277,50,2,719,84,3,893,120,6,Finisher,2935
Ole,Zipfel,Ole Zipfel,904,M25-29,Male,Kirchzarten,BW,Germany,DE,0:34:59,3:00:35,1:39:54,0:06:17,0:05:24,5:27:09,2099,10835,5994,377,324,19629,894,774,98,773,632,89,1236,1061,153,894,774,98,Finisher,2059
Lena,Manger,Lena Manger,1447,F25-29,Female,Stuttgart,,Germany,DE,0:28:26,2:54:41,1:56:45,0:03:33,0:03:45,5:27:10,1706,10481,7005,213,225,19630,895,121,32,135,15,6,775,93,28,895,121,32,Finisher,2453
Judith ,Gijsbers,Judith Gijsbers,1476,F40-44,Female,Weert,Limburg,Netherlands,NL,0:39:54,2:57:31,1:39:44,0:05:31,0:04:31,5:27:13,2394,10651,5984,331,271,19633,896,122,13,1526,312,35,1271,185,20,896,122,13,Finisher,2970
Fredrik,Harrysson,Fredrik Harrysson,1373,M35-39,Male,Bunkeflostrand,SKANE LAN [SE-12],Sweden,SE,0:37:07,2:53:37,1:46:55,0:04:20,0:05:18,5:27:17,2227,10417,6415,260,318,19637,897,775,130,1102,897,148,1036,897,151,897,775,130,Finisher,2133
Christian,Stefanitsch,Christian Stefanitsch,1046,M35-39,Male,Mannheim,,Germany,DE,0:35:44,2:52:22,1:48:47,0:05:35,0:05:00,5:27:28,2144,10342,6527,335,300,19648,898,776,131,875,716,119,993,865,144,898,776,131,Finisher,2130
Victoria,Halt,Victoria Halt,731,F30-34,Female,Ulm,BW,Germany,DE,0:35:39,3:03:47,1:40:10,0:03:44,0:04:10,5:27:30,2139,11027,6010,224,250,19650,899,123,24,863,155,31,1280,189,37,899,123,24,Finisher,2659
Bart,Coone,Bart Coone,1247,M60-64,Male,DEINZE,,Belgium,BE,0:38:21,2:51:54,1:46:16,0:05:08,0:05:56,5:27:35,2301,10314,6376,308,356,19655,900,777,16,1304,1058,43,1043,903,27,900,777,16,Finisher,2799
Christoph ,Groth,Christoph Groth,873,M30-34,Male,Odenthal ,NRW,Germany,DE,0:50:13,2:48:20,1:36:25,0:05:32,0:07:07,5:27:37,3013,10100,5785,332,427,19657,901,778,141,2188,1703,299,1306,1112,196,901,778,141,Finisher,2065
Tamara,Reiter,Tamara Reiter,1439,F25-29,Female,Bad Aibling,Bavaria,Germany,DE,0:34:16,2:52:37,1:54:02,0:02:55,0:03:49,5:27:40,2056,10357,6842,175,229,19660,902,124,33,686,121,36,869,106,30,902,124,33,Finisher,2444
Alexander,Bizer,Alexander Bizer,1994,M30-34,Male,Freiburg im Breisgau,BADEN-WURTTEMBERG,Germany,DE,0:37:55,2:45:30,1:51:47,0:05:32,0:07:01,5:27:46,2275,9930,6707,332,421,19666,903,779,142,1229,999,161,846,743,132,903,779,142,Finisher,2063
Yannick,Merz,Yannick Merz,2085,M30-34,Male,Neuhausen,BW,Germany,DE,0:42:24,2:38:25,1:55:32,0:05:41,0:05:44,5:27:46,2544,9505,6932,341,344,19666,904,780,143,1806,1422,244,768,677,116,904,780,143,Finisher,2063
Rens,van Berkesteijn,Rens van Berkesteijn,1448,M25-29,Male,Gouda,South Holland,Netherlands,NL,0:37:44,2:46:58,1:51:33,0:05:53,0:05:43,5:27:51,2264,10018,6693,353,343,19671,905,781,99,1202,976,137,899,787,103,905,781,99,Finisher,2046
Peter,Burkard,Peter Burkard,1773,M60-64,Male,Ludwigshafen ,Rheinland-Pfalz ,Germany,DE,0:36:50,2:43:50,1:50:21,0:07:56,0:08:55,5:27:52,2210,9830,6621,476,535,19672,906,782,17,1049,856,35,835,735,16,906,782,17,Finisher,2794
Marius,Menge,Marius Menge,657,M18-24,Male,Neubiberg,BY,Germany,DE,0:41:30,2:43:20,1:53:22,0:03:19,0:06:23,5:27:53,2490,9800,6802,199,383,19673,907,783,74,1713,1348,130,816,718,66,907,783,74,Finisher,1872
Armelle,Bilard-Campion,Armelle Bilard-Campion,253,F55-59,Female,St-Légier,,Switzerland,CH,0:32:12,2:54:16,1:52:57,0:03:24,0:05:07,5:27:56,1932,10456,6777,204,307,19676,908,125,3,447,80,1,871,107,2,908,125,3,Finisher,3445
Thomas,Schmidle,Thomas Schmidle,862,M25-29,Male,Satteins,Vorarlberg,Austria,AT,0:41:48,2:49:46,1:43:57,0:06:32,0:05:54,5:27:57,2508,10186,6237,392,354,19677,909,784,100,1754,1381,211,1127,974,136,909,784,100,Finisher,2045
Quentin,Arnaud,Quentin Arnaud,2423,M40-44,Male,London,ENG,France,FR,0:37:01,2:48:26,1:52:49,0:05:05,0:04:41,5:28:02,2221,10106,6769,305,281,19682,910,785,98,1082,879,104,898,786,98,910,785,98,Finisher,2200
Eric,Hübsch,Eric Hübsch,1912,M45-49,Male,Medingen,,Luxembourg,LU,0:38:00,2:47:31,1:49:50,0:05:25,0:07:21,5:28:07,2280,10051,6590,325,441,19687,911,786,88,1246,1016,101,913,799,81,911,786,88,Finisher,2333
Alexander,Wachter,Alexander Wachter,450,M40-44,Male,Kempten,Bavaria,Germany,DE,0:42:33,2:46:56,1:45:14,0:07:24,0:06:00,5:28:08,2553,10016,6314,444,360,19688,912,787,99,1817,1429,182,1088,941,116,912,787,99,Finisher,2198
Marius,Peters,Marius Peters,1025,M35-39,Male,Bingen am Rhein,Rhineland-Palatinate,Germany,DE,0:34:46,2:48:16,1:55:28,0:04:41,0:05:01,5:28:11,2086,10096,6928,281,301,19691,913,788,132,740,606,104,809,712,125,913,788,132,Finisher,2117
Holger,Ludwig,Holger Ludwig,219,M55-59,Male,Göttingen,NI,Germany,DE,0:27:27,3:10:40,1:42:13,0:03:06,0:04:52,5:28:17,1647,11440,6133,186,292,19697,914,789,31,89,81,2,1217,1042,48,914,789,31,Finisher,2533
Marc,Bastiansen,Marc Bastiansen,1695,M25-29,Male,Murrhardt,BW,Germany,DE,0:37:26,2:48:59,1:51:38,0:04:43,0:05:34,5:28:19,2246,10139,6698,283,334,19699,915,790,101,1152,938,131,919,803,109,915,790,101,Finisher,2038
Jean-Pierre,Hubach,Jean-Pierre Hubach,1232,M25-29,Male,Hannover,Lower Saxony,Germany,DE,0:37:47,2:44:11,1:58:07,0:04:45,0:03:32,5:28:22,2267,9851,7087,285,212,19702,916,791,102,1210,982,138,779,686,93,916,791,102,Finisher,2037
Hilke,Wach,Hilke Wach,2528,F50-54,Female,braunschweig,,Germany,DE,0:35:56,2:56:44,1:45:40,0:04:27,0:05:36,5:28:23,2156,10604,6340,267,336,19703,917,126,6,911,161,10,1095,149,8,917,126,6,Finisher,2926
Sandra,Smeets,Sandra Smeets,242,F45-49,Female,Heythuysen,LIMBURG,Netherlands,NL,0:34:06,3:05:07,1:39:41,0:03:55,0:05:35,5:28:24,2046,11107,5981,235,335,19704,918,127,7,659,116,7,1279,188,15,918,127,7,Finisher,2912
Benedikt,Schenk,Benedikt Schenk,805,M25-29,Male,Mainz,RP,Germany,DE,0:33:45,2:58:33,1:44:18,0:06:23,0:05:26,5:28:25,2025,10713,6258,383,326,19705,919,792,103,619,509,67,1139,982,138,919,792,103,Finisher,2036
Jens,Höckele,Jens Höckele,735,M35-39,Male,Pforzheim,BW,Germany,DE,0:28:19,2:52:05,2:01:06,0:02:56,0:04:03,5:28:28,1699,10325,7266,176,243,19708,920,793,133,129,115,17,676,599,108,920,793,133,Finisher,2112
Stefan,Ohm,Stefan Ohm,2469,M65-69,Male,Landau,,Germany,DE,0:36:24,2:55:03,1:48:11,0:03:29,0:05:21,5:28:28,2184,10503,6491,209,321,19708,921,794,2,991,812,6,1031,894,3,921,794,2,Finisher,3206
Sebastian,Sehnert,Sebastian Sehnert,1586,M40-44,Male,Düsseldorf,,Germany,DE,0:31:03,2:47:52,1:58:24,0:05:32,0:05:41,5:28:33,1863,10072,7104,332,341,19713,922,795,100,330,275,20,711,628,76,922,795,100,Finisher,2191
Guido ,Friebel ,Guido Friebel,926,M40-44,Male,Landau an der Isar,Bavaria,Germany,DE,0:40:57,2:51:56,1:44:06,0:06:45,0:04:52,5:28:37,2457,10316,6246,405,292,19717,923,796,101,1647,1296,168,1170,1001,124,923,796,101,Finisher,2189
Christopher,Schmahl,Christopher Schmahl,426,M30-34,Male,Deesen,,Germany,DE,0:42:21,2:54:19,1:43:25,0:03:57,0:04:36,5:28:38,2541,10459,6205,237,276,19718,924,797,144,1802,1421,243,1197,1024,180,924,797,144,Finisher,2047
Boris,Plumeyer-Köhler,Boris Plumeyer-Köhler,763,M40-44,Male,Paderborn,NW,Germany,DE,0:43:39,2:51:31,1:44:26,0:03:58,0:05:11,5:28:44,2619,10291,6266,238,311,19724,925,798,102,1905,1495,188,1154,990,122,925,798,102,Finisher,2187
Michael,Skerwiderski,Michael Skerwiderski,389,M55-59,Male,Puchheim,BY,Germany,DE,0:37:06,2:51:26,1:51:18,0:03:52,0:05:08,5:28:50,2226,10286,6678,232,308,19730,926,799,32,1097,893,38,956,837,34,926,799,32,Finisher,2523
Robin,Karsch,Robin Karsch,1820,M25-29,Male,Obrigheim,RHEINLAND-PFALZ,Germany,DE,0:26:48,2:56:05,1:57:58,0:03:23,0:04:39,5:28:53,1608,10565,7078,203,279,19733,927,800,104,69,63,9,761,671,92,927,800,104,Finisher,2028
Ole,Baumgarten,Ole Baumgarten,1199,M30-34,Male,Schwerin,,Germany,DE,0:41:33,2:53:37,1:46:16,0:03:38,0:03:54,5:28:57,2493,10417,6376,218,234,19737,928,801,145,1722,1357,226,1143,985,171,928,801,145,Finisher,2041
Anke,Teodorovic,Anke Teodorovic,221,F40-44,Female,Seßlach,,Germany,DE,0:29:41,2:59:22,1:52:52,0:02:54,0:04:11,5:29:01,1781,10762,6772,174,251,19741,929,128,14,221,30,1,945,119,11,929,128,14,Finisher,2937
Thomas,Buntenbroich,Thomas Buntenbroich,1611,M50-54,Male,Neuss,,Germany,DE,0:33:26,2:56:10,1:48:41,0:05:14,0:05:35,5:29:06,2006,10570,6521,314,335,19746,930,802,66,586,478,40,1025,891,79,930,802,66,Finisher,2178
Toni,Vispetri,Toni Vispetri,2434,M45-49,Male,Wetzikon,,Italy,IT,0:35:14,2:51:43,1:49:59,0:05:34,0:06:39,5:29:10,2114,10303,6599,334,399,19750,931,803,89,812,669,62,961,841,86,931,803,89,Finisher,2315
Alexander,Mischke,Alexander Mischke,1239,M30-34,Male,Heidelberg,Baden-Württemberg,Germany,DE,0:41:45,2:50:12,1:46:05,0:04:31,0:06:38,5:29:12,2505,10212,6365,271,398,19752,932,804,146,1749,1377,229,1072,929,164,932,804,146,Finisher,2037
Lea,Seifried,Lea Seifried,2237,F25-29,Female,Aalen,Baden-Württemberg,Germany,DE,0:37:16,2:52:52,1:51:29,0:04:00,0:03:40,5:29:17,2236,10372,6689,240,220,19757,933,129,34,1132,211,50,1004,132,36,933,129,34,Finisher,2415
Jens,Engler,Jens Engler,1757,M40-44,Male,Schopfheim,,Germany,DE,0:33:16,2:49:12,1:54:44,0:05:45,0:06:28,5:29:25,1996,10152,6884,345,388,19765,934,805,103,571,464,46,822,723,89,934,805,103,Finisher,2175
Mark Fabian,Bettels,Mark Fabian Bettels,2518,M35-39,Male,London,London,Germany,DE,0:41:26,2:54:40,1:38:31,0:08:37,0:06:15,5:29:28,2486,10480,5911,517,375,19768,935,806,134,1702,1340,201,1322,1124,182,935,806,134,Finisher,2094
André,Hinkel,André Hinkel,1522,M25-29,Male,Bad Dürkheim,RP,Germany,DE,0:34:30,2:55:23,1:49:53,0:04:48,0:04:54,5:29:29,2070,10523,6593,288,294,19769,936,807,105,712,586,80,1022,888,119,936,807,105,Finisher,2017
Wibke,Weber,Wibke Weber,1129,F50-54,Female,München,Bavaria,Germany,DE,0:41:30,2:49:11,1:49:57,0:04:09,0:04:47,5:29:33,2490,10151,6597,249,287,19773,937,130,7,1712,365,28,1026,135,5,937,130,7,Finisher,2905
Martijn,Meijer,Martijn Meijer,1853,M25-29,Male,Amsterdam,North Holland,Netherlands,NL,0:33:23,2:58:08,1:48:49,0:04:22,0:04:54,5:29:36,2003,10688,6529,262,294,19776,938,808,106,582,475,65,1057,917,122,938,808,106,Finisher,2015
Tim,Berg,Tim Berg,2181,M40-44,Male,Budenheim,,Germany,DE,0:36:48,2:52:16,1:50:08,0:03:59,0:06:32,5:29:42,2208,10336,6608,239,392,19782,939,809,104,1043,851,95,978,853,104,939,809,104,Finisher,2170
Fabian,Oberhänsli,Fabian Oberhänsli,1340,M35-39,Male,Märstetten,Thurgau,Switzerland,CH,0:42:06,2:43:18,1:50:32,0:07:06,0:06:44,5:29:44,2526,9798,6632,426,404,19784,940,810,135,1777,1400,210,960,840,142,940,810,135,Finisher,2089
Sarah,Kreicker,Sarah Kreicker,2216,F40-44,Female,Neu-Isenburg,Hesse,Germany,DE,0:36:00,2:58:52,1:47:23,0:03:38,0:04:06,5:30:00,2160,10732,6443,218,246,19800,941,131,15,928,164,16,1136,156,19,941,131,15,Finisher,2920
Maya,Scheuerer,Maya Scheuerer,2496,F25-29,Female,Oberding,Bavaria,Germany,DE,0:41:12,2:48:15,1:53:02,0:03:18,0:04:14,5:30:01,2472,10095,6782,198,254,19801,942,132,35,1679,359,80,967,123,35,942,132,35,Finisher,2402
Marco,Anselmann,Marco Anselmann,1879,M30-34,Male,Heidelberg,BW,Germany,DE,0:35:54,2:53:42,1:48:15,0:06:21,0:05:52,5:30:04,2154,10422,6495,381,352,19804,943,811,147,906,746,122,1059,919,162,943,811,147,Finisher,2021
Matthias,Jäger,Matthias Jäger,2417,M50-54,Male,Hanau,,Germany,DE,0:41:36,2:58:25,1:40:07,0:03:29,0:06:33,5:30:08,2496,10705,6007,209,393,19808,944,812,67,1730,1364,116,1286,1094,93,944,812,67,Finisher,2160
Holger,Fuhr,Holger Fuhr,923,M50-54,Male,Karlsbad,BADEN-WURTTEMBERG,Germany,DE,0:34:24,2:51:43,1:54:07,0:04:44,0:05:10,5:30:08,2064,10303,6847,284,310,19808,945,813,68,699,574,56,911,797,68,945,813,68,Finisher,2160
Simon,Zeidler,Simon Zeidler,818,M25-29,Male,Hockenheim,Baden-Württemberg,Germany,DE,0:40:11,2:55:04,1:43:29,0:05:54,0:05:34,5:30:12,2411,10504,6209,354,334,19812,946,814,107,1557,1238,178,1215,1040,148,946,814,107,Finisher,2004
Claudia,Volz,Claudia Volz,2177,F35-39,Female,Heidelberg,BW,Germany,DE,0:38:57,2:56:48,1:44:39,0:04:59,0:05:00,5:30:23,2337,10608,6279,299,300,19823,947,133,19,1398,271,35,1199,174,22,947,133,19,Finisher,2646
Benjamin,Chmeliczek,Benjamin Chmeliczek,1331,M40-44,Male,Wiesent,foreigner,Germany,DE,0:36:51,2:57:59,1:42:48,0:03:55,0:08:56,5:30:29,2211,10679,6168,235,536,19829,948,815,105,1056,861,98,1142,984,121,948,815,105,Finisher,2156
Katja,Leis,Katja Leis,447,F50-54,Female,Föhren,,Germany,DE,0:36:50,2:57:32,1:46:00,0:04:29,0:05:38,5:30:30,2210,10652,6360,269,338,19830,949,134,8,1051,194,14,1145,160,9,949,134,8,Finisher,2888
Adrian,Schmidt,Adrian Schmidt,1995,M30-34,Male,Karlsruhe,BW,Germany,DE,0:46:47,2:58:17,1:36:21,0:04:13,0:04:53,5:30:31,2807,10697,5781,253,293,19831,950,816,148,2094,1635,285,1460,1234,217,950,816,148,Finisher,2013
Marco,Fucarino,Marco Fucarino,1180,M25-29,Male,Casorate Sempione,LOMBARDIA,Italy,IT,0:31:00,2:55:10,1:56:30,0:03:18,0:04:36,5:30:33,1860,10510,6990,198,276,19833,951,817,108,327,272,43,857,754,101,951,817,108,Finisher,1998
Julian,Wittmann,Julian Wittmann,688,M18-24,Male,Großbeeren,Brandenburg,Germany,DE,0:35:16,2:44:53,1:58:07,0:06:44,0:05:44,5:30:43,2116,9893,7087,404,344,19843,952,818,75,816,672,65,784,691,64,952,818,75,Finisher,1821
Christoph,Kolly,Christoph Kolly,2013,M35-39,Male,Liestal,,Switzerland,CH,0:42:44,2:59:18,1:33:29,0:08:34,0:06:40,5:30:44,2564,10758,5609,514,400,19844,953,819,136,1829,1438,217,1502,1265,201,953,819,136,Finisher,2071
Daniel,Damiani,Daniel Damiani,1405,M25-29,Male,Loffenau,BW,Germany,DE,0:36:08,2:50:28,1:55:05,0:04:00,0:05:06,5:30:46,2168,10228,6905,240,306,19846,954,820,109,949,780,106,900,788,104,954,820,109,Finisher,1994
Johanna,De Greeuw,Johanna De Greeuw,348,F40-44,Female,Amsterdam,NOORD-HOLLAND,New Zealand,NZ,0:36:02,2:49:18,1:57:49,0:03:25,0:04:14,5:30:48,2162,10158,7069,205,254,19848,955,135,16,933,165,17,842,103,8,955,135,16,Finisher,2905
Wouter,De Neve,Wouter De Neve,1159,M50-54,Male,Merchtem,,Belgium,BE,0:34:40,2:49:40,1:52:12,0:07:25,0:06:57,5:30:53,2080,10180,6732,445,417,19853,956,821,69,722,592,57,938,821,72,956,821,69,Finisher,2146
Philip,Steuer,Philip Steuer,2536,M35-39,Male,Blaubach,Rheinland-Pfalz,Germany,DE,0:35:51,2:46:11,1:54:22,0:07:11,0:07:21,5:30:55,2151,9971,6862,431,441,19855,957,822,137,896,736,122,850,747,128,957,822,137,Finisher,2068
Tobias ,Vogt,Tobias Vogt,1117,M30-34,Male,Karlsruhe,Baden-Württemberg,Germany,DE,0:35:41,2:48:29,1:55:12,0:05:13,0:06:22,5:30:57,2141,10109,6912,313,382,19857,958,823,149,867,710,110,855,752,135,958,823,149,Finisher,2005
Chris,Gerber,Chris Gerber,773,M55-59,Male,Zug,ZUG,Switzerland,CH,0:33:32,3:01:54,1:44:26,0:05:39,0:05:33,5:31:04,2012,10914,6266,339,333,19864,959,824,33,596,488,17,1212,1037,47,959,824,33,Finisher,2483
Elodie,Coutin,Elodie Coutin,1415,F30-34,Female,Thionville,MOSELLE,France,FR,0:36:50,3:00:41,1:43:58,0:04:55,0:04:43,5:31:07,2210,10841,6238,295,283,19867,960,136,25,1052,195,42,1256,180,36,960,136,25,Finisher,2594
Sven,Vercammen,Sven Vercammen,1682,M45-49,Male,Wuustwezel,,Belgium,BE,0:34:41,2:58:47,1:43:12,0:07:17,0:07:13,5:31:10,2081,10727,6192,437,433,19870,961,825,90,728,597,54,1201,1027,102,961,825,90,Finisher,2279
Marie-Christin,Severin,Marie-Christin Severin,768,F30-34,Female,Fröndenberg /Ruhr,,Germany,DE,0:47:27,2:51:26,1:45:11,0:03:24,0:03:46,5:31:15,2847,10286,6311,204,226,19875,962,137,26,2114,464,93,1249,177,34,962,137,26,Finisher,2591
Christian,Frei,Christian Frei,1940,M50-54,Male,Lachen,SCHWYZ,Switzerland,CH,0:35:10,2:50:12,1:56:10,0:05:57,0:03:47,5:31:15,2110,10212,6970,357,227,19875,963,826,70,800,657,65,925,809,70,963,826,70,Finisher,2140
Safwan,Patel,Safwan Patel,2075,M18-24,Male,Southport,SEFTON,United Kingdom,GB,0:47:47,3:00:50,1:31:29,0:05:53,0:05:17,5:31:16,2867,10850,5489,353,317,19876,964,827,76,2123,1659,160,1608,1341,125,964,827,76,Finisher,1811
Chris,Schönfeld,Chris Schönfeld,745,M30-34,Male,Witzenhausen,,Germany,DE,0:38:42,2:38:22,2:05:23,0:04:43,0:04:06,5:31:16,2322,9502,7523,283,246,19876,965,828,150,1362,1102,188,634,561,96,965,828,150,Finisher,2000
Simon,Rauer,Simon Rauer,1998,M25-29,Male,Freiburg,,Germany,DE,0:37:48,2:47:29,1:51:53,0:07:21,0:06:48,5:31:18,2268,10049,6713,441,408,19878,966,829,110,1213,985,139,963,842,111,966,829,110,Finisher,1984
Matteo,Di Benedetto,Matteo Di Benedetto,2466,M30-34,Male,Thalwil,,Italy,IT,0:38:07,2:42:37,2:01:02,0:04:54,0:04:39,5:31:19,2287,9757,7262,294,279,19879,967,830,151,1260,1024,168,743,655,110,967,830,151,Finisher,1999
Nathan,Bruynoghe,Nathan Bruynoghe,2351,M25-29,Male,Gent,Flemish Region,Belgium,BE,0:38:59,2:58:28,1:43:50,0:05:34,0:04:32,5:31:24,2339,10708,6230,334,272,19884,968,831,111,1403,1131,158,1275,1090,160,968,831,111,Finisher,1982
Denis,Pozzo Di Borgo,Denis Pozzo Di Borgo,183,M60-64,Male,Bordeaux,,France,FR,0:32:56,2:59:25,1:49:47,0:03:07,0:06:13,5:31:28,1976,10765,6587,187,373,19888,969,832,18,538,437,13,1046,906,28,969,832,18,Finisher,2729
Dagmar,Krijnen,Dagmar Krijnen,1208,F50-54,Female,Spanbroek,North Holland,Netherlands,NL,0:34:24,2:53:56,1:55:46,0:02:47,0:04:39,5:31:31,2064,10436,6946,167,279,19891,970,138,9,697,125,4,918,116,3,970,138,9,Finisher,2870
Michaela,Krieger,Michaela Krieger,414,F45-49,Female,Usingen,,Germany,DE,0:27:53,2:54:37,2:01:21,0:03:35,0:04:05,5:31:31,1673,10477,7281,215,245,19891,971,139,8,109,12,1,754,90,4,971,139,8,Finisher,2856
Simon,Scheer,Simon Scheer,676,M18-24,Male,Heidelberg,Baden-Württemberg,Germany,DE,0:37:59,2:45:51,1:57:14,0:05:15,0:05:15,5:31:34,2279,9951,7034,315,315,19894,972,833,77,1240,1010,95,847,744,71,972,833,77,Finisher,1805
Martin,Baltes,Martin Baltes,376,M50-54,Male,Frankfurt,,Germany,DE,0:36:08,2:46:56,1:58:09,0:05:11,0:05:17,5:31:40,2168,10016,7089,311,317,19900,973,834,71,950,781,76,823,724,61,973,834,71,Finisher,2132
Ronny,Boldt,Ronny Boldt,582,M50-54,Male,Berlin,,Germany,DE,0:41:11,2:50:23,1:47:59,0:05:07,0:07:02,5:31:42,2471,10223,6479,307,422,19902,974,835,72,1676,1318,113,1079,934,81,974,835,72,Finisher,2132
Lennart,Pape,Lennart Pape,1098,M18-24,Male,Hannover,Lower Saxony,Germany,DE,0:45:47,2:43:22,1:54:27,0:04:23,0:03:46,5:31:44,2747,9802,6867,263,226,19904,975,836,78,2050,1606,156,986,861,81,975,836,78,Finisher,1802
Ralf,Szymanski,Ralf Szymanski,837,M50-54,Male,Kronau,,Germany,DE,0:40:30,2:47:17,1:54:39,0:04:07,0:05:16,5:31:49,2430,10037,6879,247,316,19909,976,837,73,1596,1260,109,943,825,74,976,837,73,Finisher,2129
Thomas,Köppl,Thomas Köppl,2183,M35-39,Male,Wiggensbach,,Germany,DE,0:36:00,2:40:42,2:05:33,0:04:30,0:05:04,5:31:50,2160,9642,7533,270,304,19910,977,838,138,929,765,128,613,542,95,977,838,138,Finisher,2051
Matthias ,Steinheber ,Matthias Steinheber,2435,M50-54,Male,Aalen ,Baden-Württemberg,Germany,DE,0:35:37,2:53:59,1:51:49,0:05:12,0:05:14,5:31:51,2137,10439,6709,312,314,19911,978,839,74,856,702,71,1024,890,78,978,839,74,Finisher,2129
Jan,Never,Jan Never,631,M40-44,Male,Hochheim am Main,Hesse,Germany,DE,0:34:51,2:56:51,1:47:51,0:06:59,0:05:19,5:31:52,2091,10611,6471,419,319,19912,979,840,106,752,616,65,1140,983,120,979,840,106,Finisher,2131
Peter,Wassmer,Peter Wassmer,511,M60-64,Male,Zell im Wiesental,Baden-Württemberg,Germany,DE,0:36:46,2:50:05,1:53:13,0:05:37,0:06:11,5:31:52,2206,10205,6793,337,371,19912,980,841,19,1038,847,32,959,839,22,980,841,19,Finisher,2722
Daniela,Sprenger,Daniela Sprenger,748,F45-49,Female,Häfelfingen,,Switzerland,CH,0:38:46,2:54:58,1:51:55,0:02:45,0:03:35,5:31:58,2326,10498,6715,165,215,19918,981,140,9,1373,264,19,1073,144,7,981,140,9,Finisher,2848
Philipp,Pöter,Philipp Pöter,2232,M40-44,Male,Köln,,Germany,DE,0:36:00,2:42:57,2:05:12,0:02:45,0:05:09,5:32:03,2160,9777,7512,165,309,19923,982,842,107,926,763,83,628,555,61,982,842,107,Finisher,2128
Batuhan,Hasancaoglu,Batuhan Hasancaoglu,1192,M35-39,Male,İzmir,Buca,Turkey,TR,0:39:56,2:48:27,1:53:42,0:03:53,0:06:12,5:32:10,2396,10107,6822,233,372,19930,983,843,139,1533,1220,189,951,832,138,983,843,139,Finisher,2045
Sebastian,Hecht,Sebastian Hecht,1536,M35-39,Male,Rheinfelden,,Germany,DE,0:31:14,2:51:42,1:57:43,0:04:23,0:07:09,5:32:11,1874,10302,7063,263,429,19931,984,844,140,352,291,51,793,699,122,984,844,140,Finisher,2045
Benjamin,Hribersek,Benjamin Hribersek,244,M40-44,Male,Calw,,Germany,DE,0:37:00,3:00:00,1:42:57,0:07:22,0:04:54,5:32:13,2220,10800,6177,442,294,19933,985,845,108,1079,878,103,1313,1117,141,985,845,108,Finisher,2125
Leander,Körber,Leander Körber,1622,M18-24,Male,Wöllstadt,Hessen,Germany,DE,0:39:21,2:44:59,1:59:47,0:04:15,0:03:50,5:32:13,2361,9899,7187,255,230,19933,986,846,79,1460,1175,113,836,736,70,986,846,79,Finisher,1794
Tim,Engelmann,Tim Engelmann,375,M35-39,Male,Frankfurt,HE,Germany,DE,0:40:02,2:57:38,1:41:17,0:07:14,0:06:06,5:32:17,2402,10658,6077,434,366,19937,987,847,141,1540,1225,190,1329,1129,183,987,847,141,Finisher,2043
Christian,Matt,Christian Matt,1914,M35-39,Male,Heidelberg,,Germany,DE,0:35:31,2:51:57,1:51:34,0:06:54,0:06:22,5:32:18,2131,10317,6694,414,382,19938,988,848,142,838,687,115,1010,878,147,988,848,142,Finisher,2043
Lars,Baert,Lars Baert,2346,M25-29,Male,Gent,,Belgium,BE,0:44:04,2:50:33,1:44:26,0:08:11,0:05:06,5:32:20,2644,10233,6266,491,306,19940,989,849,112,1940,1522,238,1266,1083,156,989,849,112,Finisher,1966
Valentin,Kursawe,Valentin Kursawe,760,M25-29,Male,München,Bavaria,Germany,DE,0:42:48,2:43:24,1:52:47,0:06:33,0:07:03,5:32:35,2568,9804,6767,393,423,19955,990,850,113,1836,1445,222,966,844,112,990,850,113,Finisher,1961
Olivier,Warnik,Olivier Warnik,2100,M30-34,Male,Rotterdam,,Netherlands,NL,0:39:54,2:59:35,1:42:49,0:05:25,0:04:53,5:32:36,2394,10775,6169,325,293,19956,991,851,152,1527,1215,203,1328,1128,201,991,851,152,Finisher,1976
Corina,Lucke,Corina Lucke,249,F50-54,Female,Frankfurt am Main,HESSEN,Germany,DE,0:32:42,3:02:51,1:48:47,0:03:55,0:04:21,5:32:36,1962,10971,6527,235,261,19956,992,141,10,507,96,3,1164,167,12,992,141,10,Finisher,2850
Gabriel,Weber,Gabriel Weber,1072,M35-39,Male,Ditzingen,BW,Germany,DE,0:35:35,2:45:39,1:59:58,0:05:28,0:05:57,5:32:37,2135,9939,7198,328,357,19957,993,852,143,847,696,116,776,683,121,993,852,143,Finisher,2037
Daniele,Del Sale,Daniele Del Sale,981,M30-34,Male,Baden,Aargau,Italy,IT,0:36:33,2:58:51,1:46:03,0:05:38,0:05:44,5:32:49,2193,10731,6363,338,344,19969,994,853,153,1014,831,133,1211,1036,183,994,853,153,Finisher,1972
Eva,Geil,Eva Geil,573,F25-29,Female,Ubstadt-Weiher ,BADEN-WURTTEMBERG,Germany,DE,0:36:33,2:56:53,1:50:22,0:03:52,0:05:08,5:32:49,2193,10613,6622,232,308,19969,995,142,36,1013,183,45,1098,150,39,995,142,36,Finisher,2351
Geoffrey-alain,Bertholee,Geoffrey-alain Bertholee,571,M30-34,Male,IJmuiden,North Holland,Netherlands,NL,0:38:44,2:59:27,1:43:45,0:05:49,0:05:05,5:32:50,2324,10767,6225,349,305,19970,996,854,154,1368,1107,190,1304,1110,194,996,854,154,Finisher,1971
Tobias,Brandl,Tobias Brandl,859,M25-29,Male,Arrach,,Germany,DE,0:37:09,2:49:46,1:53:06,0:07:29,0:05:28,5:32:58,2229,10186,6786,449,328,19978,997,855,114,1108,903,122,1011,879,117,997,855,114,Finisher,1954
Florian,Fuchs,Florian Fuchs,205,M30-34,Male,Schwabenheim,,Germany,DE,0:39:35,2:46:42,1:55:46,0:05:20,0:05:40,5:33:02,2375,10002,6946,320,340,19982,998,856,155,1484,1190,201,934,817,148,998,856,155,Finisher,1968
Marco,Fromm,Marco Fromm,830,M35-39,Male,Bad Herrenalb,BW,Germany,DE,0:35:45,3:00:45,1:45:23,0:06:15,0:05:03,5:33:11,2145,10845,6323,375,303,19991,999,857,144,881,722,120,1264,1081,176,999,857,144,Finisher,2027
David,Palme,David Palme,2350,M35-39,Male,Nidda,Hesse,Germany,DE,0:37:35,2:58:01,1:46:47,0:05:49,0:05:00,5:33:12,2255,10681,6407,349,300,19992,1000,858,145,1171,952,157,1226,1051,169,1000,858,145,Finisher,2027
Johannes,Woerz,Johannes Woerz,1886,M60-64,Male,Marbach,,Germany,DE,0:33:29,2:52:10,1:55:44,0:05:54,0:05:55,5:33:12,2009,10330,6944,354,355,19992,1001,859,20,591,483,14,932,815,20,1001,859,20,Finisher,2698
Oliver,Maunz,Oliver Maunz,1928,M35-39,Male,Ulm,Baden-Württemberg,Germany,DE,0:41:37,2:54:11,1:46:07,0:06:08,0:05:11,5:33:14,2497,10451,6367,368,311,19994,1002,860,146,1736,1367,207,1239,1064,172,1002,860,146,Finisher,2026
Laurenz,Mönnig,Laurenz Mönnig,377,M40-44,Male,Bad Vilbel,DE,Germany,DE,0:37:32,2:52:22,1:47:02,0:07:11,0:09:09,5:33:16,2252,10342,6422,431,549,19996,1003,861,109,1165,948,113,1094,946,117,1003,861,109,Finisher,2106
Marcel,Diemer,Marcel Diemer,1867,M30-34,Male,München,BY,Germany,DE,0:37:48,2:49:22,1:52:10,0:07:27,0:06:33,5:33:20,2268,10162,6730,447,393,20000,1004,862,156,1214,986,157,1018,885,157,1004,862,156,Finisher,1962
Oliver,Gabel,Oliver Gabel,1892,M50-54,Male,Klein-Winternheim,,Germany,DE,0:42:58,2:52:35,1:49:36,0:04:36,0:03:45,5:33:29,2578,10355,6576,276,225,20009,1005,863,75,1854,1457,119,1181,1010,87,1005,863,75,Finisher,2099
Sandra,Vitorino,Sandra Vitorino,2530,F35-39,Female,Antony,,France,FR,0:38:06,3:00:37,1:46:15,0:03:47,0:04:46,5:33:30,2286,10837,6375,227,286,20010,1006,143,20,1256,235,30,1257,181,24,1006,143,20,Finisher,2590
Marcel,Egger,Marcel Egger,210,M55-59,Male,Birr,,Switzerland,CH,0:37:47,2:52:58,1:53:03,0:04:11,0:05:34,5:33:32,2267,10378,6783,251,334,20012,1007,864,34,1209,981,45,1030,893,37,1007,864,34,Finisher,2438
Katja,Kower,Katja Kower,110,F45-49,Female,Mülheim a. d. Ruhr,,Germany,DE,0:35:42,3:00:30,1:49:32,0:03:28,0:04:22,5:33:33,2142,10830,6572,208,262,20013,1008,144,10,868,158,10,1171,170,11,1008,144,10,Finisher,2820
Daniel,May,Daniel May,527,M35-39,Male,Benningen am Neckar,BADEN-WURTTEMBERG,Germany,DE,0:35:02,2:57:41,1:49:22,0:04:41,0:06:58,5:33:43,2102,10661,6562,281,418,20023,1009,865,147,780,638,113,1101,951,159,1009,865,147,Finisher,2018
Charlotte,Hell,Charlotte Hell,1009,F30-34,Female,Illingen,,Germany,DE,0:36:59,2:58:13,1:49:12,0:05:21,0:04:00,5:33:44,2219,10693,6552,321,240,20024,1010,145,27,1077,201,43,1192,173,33,1010,145,27,Finisher,2547
Maximilian,Maile,Maximilian Maile,2003,M25-29,Male,Ellwangen,BADEN-WURTTEMBERG,Germany,DE,0:49:13,2:43:21,1:54:00,0:02:49,0:04:23,5:33:45,2953,9801,6840,169,263,20025,1011,866,115,2159,1682,259,1041,902,120,1011,866,115,Finisher,1940
Nicolas,Hauptmann,Nicolas Hauptmann,2089,M35-39,Male,Foulain,Grand Est,France,FR,0:36:40,2:56:44,1:50:36,0:04:34,0:05:16,5:33:49,2200,10604,6636,274,316,20029,1012,867,148,1022,836,140,1123,970,160,1012,867,148,Finisher,2016
Emma,Harridge,Emma Harridge,1345,F25-29,Female,København SV,NORDJYLLAND,United Kingdom,GB,0:31:46,3:00:33,1:52:30,0:04:41,0:04:20,5:33:50,1906,10833,6750,281,260,20030,1013,146,37,403,69,20,1091,148,38,1013,146,37,Finisher,2333
Thomas,Kastenhuber,Thomas Kastenhuber,577,M25-29,Male,Eggenfelden,Bayern,Germany,DE,0:39:00,3:00:37,1:44:34,0:05:00,0:04:40,5:33:51,2340,10837,6274,300,280,20031,1014,868,116,1406,1134,159,1319,1121,165,1014,868,116,Finisher,1938
Carsten,Klöhn,Carsten Klöhn,184,M55-59,Male,Weisendorf,BAYERN,Germany,DE,0:34:56,2:48:16,1:56:30,0:06:34,0:07:36,5:33:52,2096,10096,6990,394,456,20032,1015,869,35,767,626,23,867,763,27,1015,869,35,Finisher,2432
Andrea,Greck,Andrea Greck,194,F40-44,Female,Røyken,AKERSHUS,Switzerland,CH,0:32:43,2:56:15,1:53:15,0:03:47,0:07:54,5:33:54,1963,10575,6795,227,474,20034,1016,147,17,509,97,10,965,122,13,1016,147,17,Finisher,2849
Dennis,Bauer,Dennis Bauer,1487,M30-34,Male,Wildenberg,BAYERN,Germany,DE,0:45:48,2:48:37,1:50:17,0:04:39,0:04:38,5:33:59,2748,10117,6617,279,278,20039,1017,870,157,2052,1608,280,1153,989,173,1017,870,157,Finisher,1951
Tristan,Brandt,Tristan Brandt,988,M25-29,Male,Keltern,,Germany,DE,0:33:27,2:41:28,2:09:19,0:04:56,0:04:50,5:33:59,2007,9688,7759,296,290,20039,1018,871,117,588,480,66,567,501,72,1018,871,117,Finisher,1936
Fabian ,Weis,Fabian Weis,2508,M30-34,Male,Weinheim,Baden-Württemberg,Germany,DE,0:39:24,3:06:17,1:36:30,0:06:14,0:05:39,5:34:03,2364,11177,5790,374,339,20043,1019,872,158,1470,1180,198,1538,1289,225,1019,872,158,Finisher,1949
Valerie,Dirren,Valerie Dirren,1259,F35-39,Female,Vex,,Switzerland,CH,0:33:39,3:02:05,1:51:33,0:02:59,0:03:48,5:34:04,2019,10925,6693,179,228,20044,1020,148,21,610,110,14,1141,158,21,1020,148,21,Finisher,2580
Magnus,Hornstein,Magnus Hornstein,542,M18-24,Male,Tübingen,,Germany,DE,0:37:56,2:52:25,1:55:16,0:04:20,0:04:07,5:34:05,2276,10345,6916,260,247,20045,1021,873,80,1231,1001,93,1023,889,82,1021,873,80,Finisher,1760
Caroline,Weingärtner,Caroline Weingärtner,2261,F25-29,Female,Neuenstadt am Kocher,Baden-Württemberg,Germany,DE,0:29:35,2:58:44,1:59:47,0:02:40,0:03:21,5:34:06,1775,10724,7187,160,201,20046,1022,149,38,211,29,13,916,115,33,1022,149,38,Finisher,2328
Andy ,Keane,Andy Keane,1560,M25-29,Male,Amsterdam,North Holland,Ireland,IE,0:36:49,3:00:38,1:45:17,0:06:09,0:05:17,5:34:11,2209,10838,6317,369,317,20051,1023,874,118,1047,854,118,1289,1097,162,1023,874,118,Finisher,1932
Patrick,Thumm,Patrick Thumm,1037,M30-34,Male,Neckartailfingen,,Germany,DE,0:34:29,2:47:20,2:03:32,0:04:39,0:04:20,5:34:21,2069,10040,7412,279,260,20061,1024,875,159,708,582,94,766,675,115,1024,875,159,Finisher,1944
Sidd,Chopde,Sidd Chopde,1027,M30-34,Male,Cambridge,CAM,India,IN,0:38:14,3:01:45,1:44:13,0:05:00,0:05:09,5:34:21,2294,10905,6253,300,309,20061,1025,876,160,1285,1045,175,1332,1131,202,1025,876,160,Finisher,1944
Jörn Patrick,Szepat,Jörn Patrick Szepat,235,M45-49,Male,Hochspeyer,,Germany,DE,0:37:53,2:51:55,1:54:07,0:05:40,0:04:52,5:34:28,2273,10315,6847,340,292,20068,1026,877,91,1226,996,98,1045,905,92,1026,877,91,Finisher,2219
Henry,Macildowie,Henry Macildowie,2413,M25-29,Male,London,England,United Kingdom,GB,0:35:08,3:05:58,1:44:31,0:04:03,0:04:52,5:34:33,2108,11158,6271,243,292,20073,1027,878,119,794,651,94,1336,1135,168,1027,878,119,Finisher,1926
Tjarda,Grimbergen,Tjarda Grimbergen,717,F55-59,Female,Bergen,,Netherlands,NL,0:37:50,2:53:49,1:52:00,0:05:11,0:05:44,5:34:35,2270,10429,6720,311,344,20075,1028,150,4,1222,230,8,1085,147,4,1028,150,4,Finisher,3325
Marcel,Zwetsch,Marcel Zwetsch,1681,M30-34,Male,Haßloch,RHEINLAND-PFALZ,Germany,DE,0:36:45,2:50:12,1:56:47,0:03:24,0:07:27,5:34:36,2205,10212,7007,204,447,20076,1029,879,161,1037,846,136,892,780,143,1029,879,161,Finisher,1940
Leonie,Bernauer,Leonie Bernauer,2215,F30-34,Female,Konstanz,Baden-Württemberg,Germany,DE,0:36:49,3:00:41,1:44:21,0:06:57,0:05:49,5:34:37,2209,10841,6261,417,349,20077,1030,151,28,1046,193,41,1317,198,40,1030,151,28,Finisher,2531
Sarah,Van Gucht,Sarah Van Gucht,625,F50-54,Female,Eysins,,Switzerland,CH,0:37:36,2:56:11,1:50:50,0:05:27,0:04:35,5:34:39,2256,10571,6650,327,275,20079,1031,152,11,1179,222,18,1156,166,11,1031,152,11,Finisher,2813
Volker,Sutor,Volker Sutor,1889,M55-59,Male,Cleebronn,,Germany,DE,0:48:20,2:42:31,1:50:48,0:05:39,0:07:20,5:34:39,2900,9751,6648,339,440,20079,1032,880,36,2138,1669,77,1076,931,38,1032,880,36,Finisher,2418
Patricia,Popp,Patricia Popp,1389,F45-49,Female,Scheyern,Bavaria,Germany,DE,0:41:35,3:00:36,1:45:46,0:03:20,0:03:25,5:34:42,2495,10836,6346,200,205,20082,1033,153,11,1729,366,31,1348,204,16,1033,153,11,Finisher,2799
Dusty,Lenke,Dusty Lenke,1017,M40-44,Male,Wolfsburg,,Germany,DE,0:40:24,3:02:28,1:38:03,0:06:55,0:06:53,5:34:43,2424,10948,5883,415,413,20083,1034,881,110,1583,1253,161,1473,1246,159,1034,881,110,Finisher,2080
Dirk,Lenz,Dirk Lenz,373,M50-54,Male,Frankfurt,,Germany,DE,0:45:47,2:53:44,1:42:38,0:07:32,0:05:04,5:34:46,2747,10424,6158,452,304,20086,1035,882,76,2051,1607,128,1388,1177,100,1035,882,76,Finisher,2076
René,Jordan-Bahl,René Jordan-Bahl,783,M35-39,Male,Türkheim,Bayern,Germany,DE,0:31:54,2:46:46,2:06:07,0:04:22,0:05:38,5:34:46,1914,10006,7567,262,338,20086,1036,883,149,420,348,64,667,591,105,1036,883,149,Finisher,1999
Michelle,Kasperlik,Michelle Kasperlik,764,F30-34,Female,Stutensee,,Germany,DE,0:36:24,2:54:27,1:55:33,0:03:45,0:04:38,5:34:48,2184,10467,6933,225,278,20088,1037,154,29,992,180,36,1016,133,24,1037,154,29,Finisher,2528
Rune,De Baere,Rune De Baere,227,M18-24,Male,Waasmunster,,Belgium,BE,0:37:53,2:53:07,1:54:53,0:05:00,0:03:57,5:34:49,2273,10387,6893,300,237,20089,1038,884,81,1225,995,92,1060,920,87,1038,884,81,Finisher,1747
Valentin,Wiest,Valentin Wiest,2478,M18-24,Male,Ladenburg,Baden-Württemberg,Germany,DE,0:32:15,2:56:33,1:52:38,0:06:59,0:06:24,5:34:50,1935,10593,6758,419,384,20090,1039,885,82,458,374,36,1055,915,85,1039,885,82,Finisher,1747
Felix,Pöhland,Felix Pöhland,2254,M30-34,Male,Limburg,HE,Germany,DE,0:39:39,2:52:37,1:54:27,0:04:08,0:04:00,5:34:50,2379,10357,6867,248,240,20090,1040,886,162,1495,1196,202,1068,925,163,1040,886,162,Finisher,1935
Martin,Poletti,Martin Poletti,678,M60-64,Male,Hergiswil,,Switzerland,CH,0:29:03,2:46:31,2:09:50,0:04:07,0:05:20,5:34:52,1743,9991,7790,247,320,20092,1041,887,21,174,151,1,563,497,8,1041,887,21,Finisher,2668
Luca,Stringer,Luca Stringer,274,M18-24,Male,Horsham,SXW,France,FR,0:34:14,2:46:21,2:01:51,0:05:23,0:07:08,5:34:57,2054,9981,7311,323,428,20097,1042,888,83,681,561,52,751,662,61,1042,888,83,Finisher,1745
Julian,Steiner,Julian Steiner,1490,M25-29,Male,Frankfurt am Main,HE,Germany,DE,0:35:36,2:59:38,1:49:58,0:05:00,0:04:48,5:35:01,2136,10778,6598,300,288,20101,1043,889,120,852,700,99,1185,1014,144,1043,889,120,Finisher,1917
Magnus,Gohn,Magnus Gohn,824,M40-44,Male,Steinen,Baden-Württemberg,Germany,DE,0:31:29,2:43:02,2:07:51,0:06:16,0:06:27,5:35:05,1889,9782,7671,376,387,20105,1044,890,111,369,307,23,594,524,55,1044,890,111,Finisher,2073
Maximilian,Müller,Maximilian Müller,1064,M30-34,Male,Frankfurt am Main,HE,Germany,DE,0:37:28,2:58:16,1:46:01,0:06:26,0:07:00,5:35:11,2248,10696,6361,386,420,20111,1045,891,163,1160,944,154,1244,1068,188,1045,891,163,Finisher,1929
Tommas,Jensen,Tommas Jensen,539,M50-54,Male,Dyssegård,84,Denmark,DK,0:39:40,2:52:34,1:51:59,0:04:50,0:06:10,5:35:14,2380,10354,6719,290,370,20114,1046,892,77,1498,1199,102,1093,945,82,1046,892,77,Finisher,2068
Sebastian,Faehling,Sebastian Faehling,2427,M25-29,Male,Heidelberg,BW,Germany,DE,0:37:19,3:01:45,1:45:45,0:04:42,0:05:54,5:35:26,2239,10905,6345,282,354,20126,1047,893,121,1136,924,127,1297,1104,163,1047,893,121,Finisher,1910
Hanneke,Rus,Hanneke Rus,1881,F40-44,Female,Harkstede,,Netherlands,NL,0:36:19,2:57:44,1:53:47,0:03:29,0:04:17,5:35:36,2179,10664,6827,209,257,20136,1048,155,18,971,175,20,1110,153,18,1048,155,18,Finisher,2819
Nicole,Dietz,Nicole Dietz,1484,F50-54,Female,Korschenbroich,,Germany,DE,0:29:47,3:01:24,1:56:37,0:03:44,0:04:06,5:35:38,1787,10884,6997,224,246,20138,1049,156,12,226,32,1,1028,137,7,1049,156,12,Finisher,2795
Gordon,Atkinson,Gordon Atkinson,1327,M50-54,Male,Rohrdorf,BW,United Kingdom,GB,0:36:56,2:50:29,1:59:10,0:04:40,0:04:27,5:35:43,2216,10229,7150,280,267,20143,1050,894,78,1071,873,82,947,828,75,1050,894,78,Finisher,2059
Tobias,Mechel,Tobias Mechel,1318,M35-39,Male,Immenstadt im Allgäu,,Germany,DE,0:30:22,2:44:37,2:12:03,0:03:46,0:04:55,5:35:44,1822,9877,7923,226,295,20144,1051,895,150,274,225,38,529,473,83,1051,895,150,Finisher,1981
Maximilian,Göckel,Maximilian Göckel,509,M40-44,Male,Bruchsal,BW,Germany,DE,0:35:24,2:44:52,2:05:52,0:03:39,0:05:58,5:35:46,2124,9892,7552,219,358,20146,1052,896,112,824,678,75,696,617,74,1052,896,112,Finisher,2061
Levent Matteo,Benzes,Levent Matteo Benzes,1529,M45-49,Male,Bologna,EMILIA-ROMAGNA,Italy,IT,0:34:23,2:58:35,1:53:11,0:04:26,0:05:13,5:35:49,2063,10715,6791,266,313,20149,1053,897,92,696,572,51,1102,952,95,1053,897,92,Finisher,2195
Barbara,Diesel Costa,Barbara Diesel Costa,2191,F35-39,Female,München,,Brazil,BR,0:40:19,2:55:54,1:50:13,0:04:49,0:04:35,5:35:49,2419,10554,6613,289,275,20149,1054,157,22,1574,325,41,1208,175,23,1054,157,22,Finisher,2549
Caroline,Bosch,Caroline Bosch,369,F40-44,Female,Bad Homburg,HESSEN,Germany,DE,0:39:15,2:50:35,1:58:21,0:03:57,0:03:47,5:35:55,2355,10235,7101,237,227,20155,1055,158,19,1445,279,31,997,130,16,1055,158,19,Finisher,2813
Patrick,Fischer,Patrick Fischer,2167,M40-44,Male,Erfurt,,Germany,DE,0:43:53,2:49:27,1:49:00,0:07:04,0:06:33,5:35:57,2633,10167,6540,424,393,20157,1056,898,113,1926,1512,190,1188,1017,127,1056,898,113,Finisher,2057
Christian,Werner,Christian Werner,438,M40-44,Male,Graben-Neudorf,,Germany,DE,0:37:49,2:49:04,1:56:47,0:06:29,0:05:50,5:35:59,2269,10144,7007,389,350,20159,1057,899,114,1216,988,119,982,857,106,1057,899,114,Finisher,2057
Alexander,Mudra,Alexander Mudra,1362,M35-39,Male,Marktheidenfeld,BY,Germany,DE,0:41:31,2:46:10,1:54:25,0:07:32,0:06:23,5:36:02,2491,9970,6865,452,383,20162,1058,900,151,1719,1354,203,1037,898,152,1058,900,151,Finisher,1976
Rainer,Hoffmann,Rainer Hoffmann,705,M40-44,Male,Karlsruhe,,Germany,DE,0:42:56,2:53:48,1:47:47,0:06:44,0:04:47,5:36:02,2576,10428,6467,404,287,20162,1059,901,115,1851,1455,185,1284,1093,136,1059,901,115,Finisher,2056
Maja,Walter,Maja Walter,1778,F18-24,Female,Pommern,Rhineland-Palatinate,Germany,DE,0:32:46,3:06:14,1:49:12,0:03:57,0:03:57,5:36:06,1966,11174,6552,237,237,20166,1060,159,8,520,99,7,1270,184,12,1060,159,8,Finisher,2652
Mees,van Tielraden,Mees van Tielraden,1990,M18-24,Male,Zwolle,Overijssel,Netherlands,NL,0:35:26,3:03:31,1:43:52,0:06:50,0:06:31,5:36:10,2126,11011,6232,410,391,20170,1061,902,84,830,681,66,1357,1152,102,1061,902,84,Finisher,1723
Udo,Haberland,Udo Haberland,2382,M55-59,Male,Holzgerlingen,,Germany,DE,0:37:19,2:58:10,1:50:20,0:04:12,0:06:14,5:36:15,2239,10690,6620,252,374,20175,1062,903,37,1138,926,41,1173,1003,43,1062,903,37,Finisher,2390
Marc,Bielik,Marc Bielik,2465,M45-49,Male,Stallikon,ZURICH,Switzerland,CH,0:36:41,2:50:01,1:56:39,0:06:57,0:06:02,5:36:21,2201,10201,6999,417,362,20181,1063,904,93,1026,839,80,990,864,88,1063,904,93,Finisher,2185
Bruno,Carbonne,Bruno Carbonne,2436,M60-64,Male,Monaco,JARDIN EXOTIQUE,Monaco,MC,0:36:27,2:59:18,1:50:44,0:04:27,0:05:26,5:36:22,2187,10758,6644,267,326,20182,1064,905,22,998,818,29,1182,1011,34,1064,905,22,Finisher,2641
Sarah,Hermeking,Sarah Hermeking,494,F18-24,Female,München,Bavaria,Germany,DE,0:30:08,2:55:29,2:00:34,0:04:30,0:05:43,5:36:23,1808,10529,7234,270,343,20183,1065,160,9,254,43,4,882,111,8,1065,160,9,Finisher,2647
Tom,Speller,Tom Speller,228,M35-39,Male,Ayl,RHEINLAND-PFALZ,Luxembourg,LU,0:34:11,2:41:14,2:07:56,0:06:01,0:07:01,5:36:24,2051,9674,7676,361,421,20184,1066,906,152,676,557,97,618,546,97,1066,906,152,Finisher,1969
Stephane,Octeau,Stephane Octeau,225,M60-64,Male,SAINT ROMAIN DE BENET,foreigner,France,FR,0:36:17,2:56:09,1:56:11,0:03:42,0:04:10,5:36:28,2177,10569,6971,222,250,20188,1067,907,23,970,796,28,1062,921,29,1067,907,23,Finisher,2639
Pascal,Sosnowski,Pascal Sosnowski,1949,M30-34,Male,Fellbach,BADEN-WURTTEMBERG,Germany,DE,0:38:10,2:56:13,1:52:12,0:04:55,0:04:59,5:36:28,2290,10573,6732,295,299,20188,1068,908,164,1269,1032,170,1160,994,175,1068,908,164,Finisher,1906
Sebastian,Kittlitz,Sebastian Kittlitz,797,M40-44,Male,Kronau,,Germany,DE,0:32:44,2:44:00,2:08:29,0:05:51,0:05:24,5:36:29,1964,9840,7709,351,324,20189,1069,909,116,513,415,39,655,580,68,1069,909,116,Finisher,2048
Tim,Letzner,Tim Letzner,2421,M30-34,Male,München,Bavaria,Germany,DE,0:38:28,2:48:07,2:01:28,0:03:56,0:04:33,5:36:31,2308,10087,7288,236,273,20191,1070,910,165,1322,1073,184,897,785,146,1070,910,165,Finisher,1905
Bastian,Fleischer,Bastian Fleischer,1044,M40-44,Male,Waghäusel,,Germany,DE,0:36:21,2:45:37,2:05:40,0:03:49,0:05:09,5:36:36,2181,9937,7540,229,309,20196,1071,911,117,979,802,92,746,658,79,1071,911,117,Finisher,2046
Emil,Schwarz,Emil Schwarz,2345,M25-29,Male,Darmstadt,HE,Germany,DE,0:39:38,2:55:54,1:52:12,0:04:19,0:04:38,5:36:42,2378,10554,6732,259,278,20202,1072,912,122,1489,1193,171,1176,1005,142,1072,912,122,Finisher,1887
Ralph,Van Ochten,Ralph Van Ochten,1600,M40-44,Male,Maastricht,,Netherlands,NL,0:38:55,2:57:26,1:49:54,0:05:51,0:04:43,5:36:49,2335,10646,6594,351,283,20209,1073,913,118,1392,1122,141,1245,1069,133,1073,913,118,Finisher,2042
Pim,Veeger,Pim Veeger,794,M65-69,Male,amsterdam,,Netherlands,NL,0:38:23,2:47:11,2:03:42,0:02:51,0:04:47,5:36:54,2303,10031,7422,171,287,20214,1074,914,3,1310,1064,10,827,728,2,1074,914,3,Finisher,3054
Coralie,Bos,Coralie Bos,1605,F30-34,Female,Metz,,France,FR,0:36:41,2:48:42,2:01:10,0:04:38,0:05:46,5:36:57,2201,10122,7270,278,346,20217,1075,161,30,1024,187,39,877,108,22,1075,161,30,Finisher,2489
Robin,Schulte,Robin Schulte,1474,M35-39,Male,Ennigerloh,North Rhine-Westphalia,Germany,DE,0:33:43,2:46:25,2:06:51,0:04:49,0:05:15,5:37:02,2023,9985,7611,289,315,20222,1076,915,153,616,506,88,725,641,116,1076,915,153,Finisher,1958
Mark,Witters,Mark Witters,1195,M50-54,Male,ETTEN-LEUR,NOORD-BRABANT,Netherlands,NL,0:35:07,2:50:09,2:00:56,0:04:57,0:06:03,5:37:12,2107,10209,7256,297,363,20232,1077,916,79,793,650,63,887,775,67,1077,916,79,Finisher,2033
Roy,van Doorn,Roy van Doorn,1637,M25-29,Male,EINDHOVEN,North Brabant,Netherlands,NL,0:37:13,2:50:03,2:01:05,0:04:32,0:04:20,5:37:14,2233,10203,7265,272,260,20234,1078,917,123,1125,917,125,941,823,110,1078,917,123,Finisher,1877
Eva,Klemisch ,Eva Klemisch,2401,F25-29,Female,München,Bavaria,Germany,DE,0:41:03,2:51:49,1:54:23,0:04:37,0:05:24,5:37:16,2463,10309,6863,277,324,20236,1079,162,39,1656,355,79,1109,152,41,1079,162,39,Finisher,2271
Colin,Schikora,Colin Schikora,931,M25-29,Male,Langenbernsdorf OT Trünzig,śląskie,Germany,DE,0:37:13,2:56:17,1:56:13,0:03:23,0:04:13,5:37:18,2233,10577,6973,203,253,20238,1080,918,124,1119,912,123,1087,940,128,1080,918,124,Finisher,1876
Sebastian,Schulte,Sebastian Schulte,772,M50-54,Male,Mülheim,North Rhine-Westphalia,Germany,DE,0:42:41,2:54:57,1:50:33,0:04:53,0:04:20,5:37:24,2561,10497,6633,293,260,20244,1081,919,80,1828,1437,117,1258,1077,92,1081,919,80,Finisher,2029
Noah,Kern,Noah Kern,440,M18-24,Male,Heidelberg,BADEN-WURTTEMBERG,Germany,DE,0:43:07,2:47:23,1:57:33,0:05:12,0:04:09,5:37:25,2587,10043,7053,312,249,20245,1082,920,85,1870,1470,144,1050,910,84,1082,920,85,Finisher,1700
Michael,Schmohl,Michael Schmohl,1855,M45-49,Male,Kelkheim am Taunus,HE,Germany,DE,0:36:00,2:58:54,1:50:23,0:06:20,0:05:52,5:37:29,2160,10734,6623,380,352,20249,1083,921,94,927,764,73,1219,1044,103,1083,921,94,Finisher,2165
Viktor,Schell,Viktor Schell,1370,M40-44,Male,Steißlingen,Baden-Württemberg,Germany,DE,0:39:44,2:57:24,1:51:32,0:04:07,0:04:48,5:37:35,2384,10644,6692,247,288,20255,1084,922,119,1509,1205,151,1223,1048,131,1084,922,119,Finisher,2028
Wolf-Hendrik,Kaps,Wolf-Hendrik Kaps,686,M60-64,Male,STEINHEIM AN DER MURR,,Germany,DE,0:38:10,2:51:56,1:57:16,0:04:50,0:05:27,5:37:38,2290,10316,7036,290,327,20258,1085,923,24,1270,1033,41,1029,892,25,1085,923,24,Finisher,2618
Daniel,Riegler,Daniel Riegler,943,M18-24,Male,Freistadt,Oberösterreich,Austria,AT,0:34:45,2:59:36,1:50:10,0:05:53,0:07:15,5:37:39,2085,10776,6610,353,435,20259,1086,924,86,738,604,60,1184,1013,95,1086,924,86,Finisher,1696
Melchior,Schäfer,Melchior Schäfer,2099,M30-34,Male,Frankfurt am Main,Hessen,Germany,DE,0:33:32,2:52:54,1:56:59,0:08:36,0:05:38,5:37:39,2012,10374,7019,516,338,20259,1087,925,166,595,487,80,1034,895,158,1087,925,166,Finisher,1885
Dajana,Holtzhausen,Dajana Holtzhausen,2403,F45-49,Female,Elsau,,Eswatini,SZ,0:39:23,2:58:33,1:51:45,0:04:02,0:03:59,5:37:41,2363,10713,6705,242,239,20261,1088,163,12,1469,290,23,1242,176,12,1088,163,12,Finisher,2745
Lukas,Iberle,Lukas Iberle,1818,M30-34,Male,Mühlhausen,,Germany,DE,0:42:09,2:36:40,2:11:14,0:03:46,0:03:57,5:37:45,2529,9400,7874,226,237,20265,1089,926,167,1780,1402,237,657,582,99,1089,926,167,Finisher,1883
Jasmin,Wühle,Jasmin Wühle,1227,F25-29,Female,Berlin,BERLIN,Germany,DE,0:32:44,3:02:39,1:55:35,0:02:49,0:03:59,5:37:46,1964,10959,6935,169,239,20266,1090,164,40,512,98,30,1129,154,42,1090,164,40,Finisher,2262
Jelle,Haers,Jelle Haers,747,M35-39,Male,Philippine,ZEELAND,Netherlands,NL,0:38:23,2:56:00,1:51:12,0:06:30,0:05:44,5:37:49,2303,10560,6672,390,344,20269,1091,927,154,1309,1063,170,1205,1031,167,1091,927,154,Finisher,1944
Christopher,Schmidt-Knatz,Christopher Schmidt-Knatz,2451,M30-34,Male,Frankfurt am Main,,Germany,DE,0:41:16,2:46:31,1:54:46,0:05:42,0:09:35,5:37:50,2476,9991,6886,342,575,20270,1092,928,168,1685,1326,221,985,860,152,1092,928,168,Finisher,1881
Jorge,Alvarez Diez,Jorge Alvarez Diez,2031,M30-34,Male,Frankfurt am Main,Hessen,Spain,ES,0:38:09,2:57:19,1:51:52,0:05:17,0:05:14,5:37:51,2289,10639,6712,317,314,20271,1093,929,169,1265,1028,169,1200,1026,181,1093,929,169,Finisher,1881
Dumitru-Razvan,Grigoras,Dumitru-Razvan Grigoras,602,M25-29,Male,Toplița,Harghita,Romania,RO,0:44:17,2:58:30,1:44:06,0:05:24,0:05:38,5:37:54,2657,10710,6246,324,338,20274,1094,930,125,1957,1535,241,1425,1206,183,1094,930,125,Finisher,1865
Olivier,Roggeman,Olivier Roggeman,589,M35-39,Male,Grosbous,REDANGE,Luxembourg,LU,0:37:39,2:57:15,1:49:53,0:07:04,0:06:05,5:37:56,2259,10635,6593,424,365,20276,1095,931,155,1186,962,160,1241,1066,174,1095,931,155,Finisher,1942
Thomas,Tiekemeier,Thomas Tiekemeier,636,M55-59,Male,Bielefeld,Nordrhein-Westfalen,Germany,DE,0:47:06,2:52:47,1:45:16,0:05:42,0:07:10,5:38:01,2826,10367,6316,342,430,20281,1096,932,38,2103,1643,76,1351,1146,52,1096,932,38,Finisher,2358
Marcos ,Silva ,Marcos Silva,243,M45-49,Male,Valongo,Portugal Continental,Brazil,BR,0:40:14,3:00:11,1:46:16,0:05:48,0:05:33,5:38:02,2414,10811,6376,348,333,20282,1097,933,95,1563,1243,127,1363,1157,109,1097,933,95,Finisher,2155
GUILLAUME,HENNER,GUILLAUME HENNER,1378,M30-34,Male,Metz,Grand Est,France,FR,0:37:01,3:03:29,1:43:01,0:08:18,0:06:17,5:38:06,2221,11009,6181,498,377,20286,1098,934,170,1085,881,143,1446,1223,215,1098,934,170,Finisher,1877
Catherine,Lorang,Catherine Lorang,1904,F45-49,Female,Bertrange,,Luxembourg,LU,0:38:18,2:56:51,1:53:47,0:03:50,0:05:22,5:38:08,2298,10611,6827,230,322,20288,1099,165,13,1296,245,17,1150,163,10,1099,165,13,Finisher,2737
Patrick,Antusch,Patrick Antusch,1566,M35-39,Male,Baden-Baden,BW,Germany,DE,0:37:29,2:56:46,1:52:52,0:06:35,0:04:29,5:38:10,2249,10606,6772,395,269,20290,1100,935,156,1161,945,154,1202,1028,166,1100,935,156,Finisher,1937
Igor,Kuzniar,Igor Kuzniar,2163,M45-49,Male,Zug,,Switzerland,CH,0:38:37,3:00:29,1:45:55,0:07:45,0:05:34,5:38:19,2317,10829,6355,465,334,20299,1101,936,96,1350,1095,108,1382,1171,111,1101,936,96,Finisher,2150
Tilo,Ernesti,Tilo Ernesti,436,M35-39,Male,Wiesloch,BADEN-WURTTEMBERG,Germany,DE,0:37:39,2:49:25,2:02:48,0:03:59,0:04:33,5:38:23,2259,10165,7368,239,273,20303,1102,937,157,1185,961,159,917,802,135,1102,937,157,Finisher,1934
Alexander,Schwarze,Alexander Schwarze,2285,M45-49,Male,Heubach,,Germany,DE,0:39:57,3:02:57,1:44:18,0:06:11,0:05:00,5:38:23,2397,10977,6258,371,300,20303,1103,938,97,1535,1221,125,1455,1229,119,1103,938,97,Finisher,2149
Joshy,Stephan,Joshy Stephan,961,M30-34,Male,Werbach,BW,Germany,DE,0:40:37,3:00:42,1:48:36,0:03:55,0:04:33,5:38:24,2437,10842,6516,235,273,20304,1104,939,171,1611,1269,213,1340,1138,204,1104,939,171,Finisher,1871
Matthias,Sellerberg,Matthias Sellerberg,1375,M35-39,Male,Paderborn ,NW,Germany,DE,0:34:19,2:47:41,2:03:25,0:05:21,0:07:42,5:38:28,2059,10061,7405,321,462,20308,1105,940,158,691,569,100,795,701,123,1105,940,158,Finisher,1932
Dominik,Christel,Dominik Christel,580,M18-24,Male,Burgebrach,Bavaria,Germany,DE,0:43:09,2:51:09,1:55:28,0:04:36,0:04:11,5:38:32,2589,10269,6928,276,251,20312,1106,941,87,1871,1471,145,1147,986,94,1106,941,87,Finisher,1680
Florian ,Dietrich,Florian Dietrich,1296,M30-34,Male,Sankt Ingbert,Saarland,Germany,DE,0:33:17,3:03:58,1:53:02,0:03:47,0:04:30,5:38:34,1997,11038,6782,227,270,20314,1107,942,172,572,465,77,1210,1035,182,1107,942,172,Finisher,1868
Annalena,Poglitsch,Annalena Poglitsch,1387,F25-29,Female,Schwandorf,Bavaria,Germany,DE,0:38:43,2:59:47,1:52:18,0:04:09,0:03:41,5:38:38,2323,10787,6738,249,221,20318,1108,166,41,1364,261,63,1261,182,44,1108,166,41,Finisher,2246
Philipp,Rittgen,Philipp Rittgen,1166,M25-29,Male,München,BY,Germany,DE,0:38:41,2:36:34,2:12:32,0:05:29,0:05:23,5:38:40,2321,9394,7952,329,323,20320,1109,943,126,1359,1101,153,592,522,77,1109,943,126,Finisher,1852
Franziska,Völk,Franziska Völk,1677,F30-34,Female,Nürnberg,BY,Germany,DE,0:40:29,3:07:17,1:40:28,0:04:52,0:05:36,5:38:42,2429,11237,6028,292,336,20322,1110,167,31,1592,335,64,1559,259,51,1110,167,31,Finisher,2457
Sebastian,Klaßen,Sebastian Klaßen,604,M40-44,Male,Moers,,Germany,DE,0:41:25,2:57:57,1:49:32,0:04:19,0:05:29,5:38:42,2485,10677,6572,259,329,20322,1111,944,120,1698,1336,172,1294,1101,139,1111,944,120,Finisher,2008
Tim,Hansen,Tim Hansen,791,M18-24,Male,Volendam,NOORD-HOLLAND,Netherlands,NL,0:41:26,2:54:52,1:52:33,0:04:47,0:05:06,5:38:44,2486,10492,6753,287,306,20324,1112,945,88,1701,1339,129,1213,1038,97,1112,945,88,Finisher,1676
Marcel,Stegmann,Marcel Stegmann,834,M30-34,Male,Sailauf,Bavaria,Germany,DE,0:36:53,2:58:24,1:54:14,0:03:41,0:05:32,5:38:44,2213,10704,6854,221,332,20324,1113,946,173,1061,865,139,1149,987,172,1113,946,173,Finisher,1865
Sebastian,Rauch,Sebastian Rauch,491,M35-39,Male,Lauben,BAYERN,Germany,DE,0:47:28,2:41:33,1:58:13,0:05:35,0:05:55,5:38:45,2848,9693,7093,335,355,20325,1114,947,159,2115,1651,251,1017,884,150,1114,947,159,Finisher,1927
Robert,Keydel,Robert Keydel,1699,M40-44,Male,ettlingen,BW,Germany,DE,0:43:05,2:45:58,1:57:06,0:07:29,0:05:19,5:38:57,2585,9958,7026,449,319,20337,1115,948,121,1868,1468,186,1077,932,114,1115,948,121,Finisher,2003
Jasmin ,Pierau,Jasmin Pierau,1738,F25-29,Female,Frankfurt am Main,Hesse,Germany,DE,0:38:26,2:57:08,1:49:02,0:09:11,0:05:10,5:38:58,2306,10628,6542,551,310,20338,1116,168,42,1316,248,58,1323,199,47,1116,168,42,Finisher,2240
Philip,Onischke,Philip Onischke,535,M30-34,Male,Cologne,NRW,Germany,DE,0:36:55,2:45:51,2:06:47,0:04:39,0:04:54,5:39:06,2215,9951,7607,279,294,20346,1117,949,174,1065,868,140,798,703,122,1117,949,174,Finisher,1859
Marcel,Groß,Marcel Groß,540,M30-34,Male,Köln,North Rhine-Westphalia,Germany,DE,0:33:48,2:50:10,2:07:25,0:03:25,0:04:18,5:39:07,2028,10210,7645,205,258,20347,1118,950,175,627,516,86,797,702,121,1118,950,175,Finisher,1858
Marco,Hahn,Marco Hahn,2361,M25-29,Male,Esslingen am Neckar,BADEN-WURTTEMBERG,Germany,DE,0:36:42,2:53:38,2:00:41,0:03:35,0:04:34,5:39:09,2202,10418,7241,215,274,20349,1119,951,127,1030,842,114,999,869,115,1119,951,127,Finisher,1843
Jan-Luca,Wessels,Jan-Luca Wessels,1097,M25-29,Male,Hamburg,Hamburg,Germany,DE,0:39:54,2:49:23,1:58:15,0:07:31,0:04:11,5:39:14,2394,10163,7095,451,251,20354,1120,952,128,1525,1214,175,1083,937,126,1120,952,128,Finisher,1841
Nicola,Schweikhart,Nicola Schweikhart,1298,F60-64,Female,Essen,,Germany,DE,0:40:16,3:02:29,1:45:28,0:06:05,0:04:57,5:39:17,2416,10949,6328,365,297,20357,1121,169,1,1571,323,3,1448,224,2,1121,169,1,Finisher,3500
Dagmar,Pfadenhauer,Dagmar Pfadenhauer,861,F50-54,Female,Langenlois,,Austria,AT,0:37:34,3:06:28,1:44:55,0:03:49,0:06:35,5:39:21,2254,11188,6295,229,395,20361,1122,170,13,1170,219,17,1410,215,17,1122,170,13,Finisher,2729
Thomas,Steininger,Thomas Steininger,2168,M30-34,Male,München,Bavaria,Germany,DE,0:38:02,2:49:35,1:59:19,0:06:49,0:05:39,5:39:24,2282,10175,7159,409,339,20364,1123,953,176,1248,1018,167,1013,881,156,1123,953,176,Finisher,1853
Stephan,Hofmann,Stephan Hofmann,2161,M35-39,Male,Unterschleissheim,NY,Germany,DE,0:39:50,2:52:45,1:58:31,0:04:14,0:04:04,5:39:24,2390,10365,7111,254,244,20364,1124,954,160,1518,1209,187,1084,938,158,1124,954,160,Finisher,1915
Ermin,Mehmedinovic,Ermin Mehmedinovic,1766,M25-29,Male,Frankfurt am Main,Hesse,Bosnia and Herzegovina,BA,0:46:30,2:59:37,1:43:18,0:04:20,0:05:40,5:39:25,2790,10777,6198,260,340,20365,1125,955,129,2086,1630,254,1498,1262,187,1125,955,129,Finisher,1838
Tristan,Arnaud,Tristan Arnaud,2420,M40-44,Male,Zurich,,France,FR,0:34:45,2:54:10,2:02:00,0:04:10,0:04:25,5:39:30,2085,10450,7320,250,265,20370,1126,956,122,737,603,63,979,854,105,1126,956,122,Finisher,1994
Xavier,Voilquin,Xavier Voilquin,239,M55-59,Male,Strasbourg,,France,FR,0:39:46,2:55:01,1:54:00,0:06:14,0:04:28,5:39:30,2386,10501,6840,374,268,20370,1127,957,39,1512,1206,55,1209,1034,46,1127,957,39,Finisher,2331
Mona,Schaubmair,Mona Schaubmair,639,F30-34,Female,Marktoberdorf,Bavaria,Germany,DE,0:37:36,2:55:32,1:53:54,0:05:17,0:07:12,5:39:31,2256,10532,6834,317,432,20371,1128,171,32,1178,221,47,1132,155,28,1128,171,32,Finisher,2443
Andrew ,Pryke,Andrew Pryke,694,M65-69,Male,Leighton Buzzard,Buckinghamshire,United Kingdom,GB,0:35:19,2:57:18,1:56:25,0:04:39,0:05:51,5:39:32,2119,10638,6985,279,351,20372,1129,958,4,820,675,5,1096,947,4,1129,958,4,Finisher,3006
Paula,Klatt,Paula Klatt,1595,F25-29,Female,Karlsruhe,Baden-Württemberg,Germany,DE,0:37:16,2:56:43,1:55:53,0:05:09,0:04:34,5:39:36,2236,10603,6953,309,274,20376,1130,172,43,1131,210,49,1155,165,43,1130,172,43,Finisher,2229
Hilmar,Demant,Hilmar Demant,838,M50-54,Male,Karlsdorf,,Germany,DE,0:32:46,2:56:51,2:00:03,0:03:48,0:06:09,5:39:37,1966,10611,7203,228,369,20377,1131,959,81,522,423,36,983,858,77,1131,959,81,Finisher,1989
Stephanie,Tepho,Stephanie Tepho,1287,F30-34,Female,München,,Germany,DE,0:40:32,2:52:50,1:53:31,0:06:12,0:06:38,5:39:44,2432,10370,6811,372,398,20384,1132,173,33,1603,340,65,1167,169,30,1132,173,33,Finisher,2439
Fabian,Göpel,Fabian Göpel,1512,M30-34,Male,Coburg,Bavaria,Germany,DE,0:40:45,2:53:09,1:58:35,0:03:22,0:03:59,5:39:49,2445,10389,7115,202,239,20389,1133,960,177,1629,1284,216,1097,948,168,1133,960,177,Finisher,1846
Johannes,Bukow,Johannes Bukow,877,M50-54,Male,Hirschberg,,Germany,DE,0:38:32,2:56:19,1:51:38,0:06:59,0:06:22,5:39:50,2312,10579,6698,419,382,20390,1134,961,82,1336,1082,93,1235,1060,89,1134,961,82,Finisher,1985
Sacha,Klein,Sacha Klein,2502,M25-29,Male,Floreffe,Walloon Region,Belgium,BE,0:34:34,2:49:33,2:05:42,0:05:10,0:05:00,5:40:00,2074,10173,7542,310,300,20400,1135,962,130,717,589,81,852,749,100,1135,962,130,Finisher,1828
Felix,Niederer Santos,Felix Niederer Santos,1479,M30-34,Male,Waldshut,,Switzerland,CH,0:40:27,2:54:13,1:55:22,0:05:00,0:05:01,5:40:02,2427,10453,6922,300,301,20402,1136,963,178,1589,1256,210,1172,1002,177,1136,963,178,Finisher,1842
Fabian,Schaum,Fabian Schaum,885,M25-29,Male,Philippsburg,Baden-Württemberg,Germany,DE,0:43:27,2:57:31,1:49:14,0:05:20,0:04:31,5:40:03,2607,10651,6554,320,271,20403,1137,964,131,1893,1485,233,1365,1159,173,1137,964,131,Finisher,1827
Louis,Keim,Louis Keim,1562,M25-29,Male,Kempten (Allgäu),Bavaria,Germany,DE,0:37:25,2:48:48,2:00:40,0:07:56,0:05:16,5:40:04,2245,10128,7240,476,316,20404,1138,965,132,1148,935,130,1005,873,116,1138,965,132,Finisher,1826
Sebastian ,Leber,Sebastian Leber,336,M35-39,Male,,,Germany,DE,0:41:11,2:57:01,1:52:50,0:05:32,0:03:35,5:40:09,2471,10621,6770,332,215,20409,1139,966,161,1677,1319,198,1295,1102,179,1139,966,161,Finisher,1902
Karin,Bordihn,Karin Bordihn,1692,F60-64,Female,Grassau,Bavaria,Germany,DE,0:35:19,2:56:12,1:57:21,0:04:45,0:06:35,5:40:11,2119,10572,7041,285,395,20411,1140,174,2,823,146,1,1064,143,1,1140,174,2,Finisher,3483
Nicole,Blameuser,Nicole Blameuser,1944,F35-39,Female,Uelversheim,RP,Germany,DE,0:37:14,3:09:22,1:42:20,0:05:24,0:05:53,5:40:13,2234,11362,6140,324,353,20413,1141,175,23,1128,209,25,1542,251,30,1141,175,23,Finisher,2469
Lysander,Schmidt,Lysander Schmidt,2001,M30-34,Male,Hamburg,Hamburg,Germany,DE,0:32:56,3:02:51,1:51:46,0:07:02,0:05:40,5:40:15,1976,10971,6706,422,340,20415,1142,967,179,536,435,72,1267,1084,191,1142,967,179,Finisher,1838
Barthold,Hooft Graafland,Barthold Hooft Graafland,1848,M25-29,Male,Amsterdam,North Holland,Netherlands,NL,0:40:59,2:59:39,1:47:53,0:06:33,0:05:12,5:40:16,2459,10779,6473,393,312,20416,1143,968,133,1648,1297,190,1390,1179,179,1143,968,133,Finisher,1823
Sven,Siemsen,Sven Siemsen,394,M50-54,Male,Hamburg,HAMBURG,Germany,DE,0:33:40,2:48:49,2:05:50,0:04:41,0:07:18,5:40:18,2020,10129,7550,281,438,20418,1144,969,83,612,502,46,790,696,57,1144,969,83,Finisher,1977
Tobias,Engelmann,Tobias Engelmann,1653,M45-49,Male,Munich,,Germany,DE,0:42:14,2:58:37,1:42:54,0:08:15,0:08:19,5:40:18,2534,10717,6174,495,499,20418,1145,970,98,1788,1409,138,1456,1230,120,1145,970,98,Finisher,2114
Claus,Hensel,Claus Hensel,166,M60-64,Male,Mainz,,Germany,DE,0:33:52,2:59:53,1:55:38,0:04:18,0:06:42,5:40:24,2032,10793,6938,258,402,20424,1146,971,25,632,521,17,1124,971,32,1146,971,25,Finisher,2568
Martin,Weidner,Martin Weidner,502,M35-39,Male,Kronau,BW,Germany,DE,0:39:06,3:07:28,1:42:53,0:05:26,0:05:32,5:40:25,2346,11248,6173,326,332,20425,1147,972,162,1423,1148,178,1541,1291,206,1147,972,162,Finisher,1897
Ira,Dürrschmidt ,Ira Dürrschmidt,1538,F18-24,Female,Leupoldsgrün,Bavaria,Germany,DE,0:41:37,3:00:20,1:48:26,0:04:44,0:05:23,5:40:30,2497,10820,6506,284,323,20430,1148,176,10,1735,369,32,1377,210,14,1148,176,10,Finisher,2573
Anton,Wächter,Anton Wächter,1300,M40-44,Male,Karben,HE,Germany,DE,0:37:14,2:56:44,1:57:18,0:04:32,0:04:42,5:40:30,2234,10604,7038,272,282,20430,1149,973,123,1126,918,107,1134,979,119,1149,973,123,Finisher,1976
Chiara,Weber,Chiara Weber,986,F18-24,Female,Frohburg,SN,Germany,DE,0:43:33,3:03:20,1:47:41,0:02:35,0:03:23,5:40:32,2613,11000,6461,155,203,20432,1150,177,11,1902,410,36,1465,227,15,1150,177,11,Finisher,2572
Dima,Gutkin,Dima Gutkin,1093,M40-44,Male,Oberderdingen,BADEN-WURTTEMBERG,Germany,DE,0:37:22,2:51:12,2:01:35,0:05:09,0:05:13,5:40:32,2242,10272,7295,309,313,20432,1151,974,124,1144,932,111,996,867,108,1151,974,124,Finisher,1975
Wolfgang,Greß,Wolfgang Greß,1470,M25-29,Male,Frankfurt am Main,Hesse,Germany,DE,0:36:23,2:52:16,2:02:27,0:04:22,0:05:04,5:40:33,2183,10336,7347,262,304,20433,1152,975,134,986,809,109,977,852,114,1152,975,134,Finisher,1818
Mareike,Guhl,Mareike Guhl,5015,FPRO,Female,Erlangen,Bavaria,Germany,DE,0:36:58,2:57:33,1:52:16,0:01:32,0:12:16,5:40:35,2218,10653,6736,92,736,20435,1153,178,17,1076,200,18,1061,141,18,1153,178,17,Finisher,2015
David,Apfelthaler,David Apfelthaler,1945,M45-49,Male,Bürstadt,Hesse,Germany,DE,0:35:56,2:56:20,1:58:15,0:05:39,0:04:26,5:40:36,2156,10580,7095,339,266,20436,1154,976,99,912,751,72,1119,966,96,1154,976,99,Finisher,2109
Alicia,Brözel,Alicia Brözel,2186,F25-29,Female,Heidelberg,Baden-Württemberg,Germany,DE,0:41:27,2:57:12,1:49:31,0:06:43,0:05:45,5:40:37,2487,10632,6571,403,345,20437,1155,179,44,1704,363,82,1344,203,48,1155,179,44,Finisher,2211
Jasper,Mellema,Jasper Mellema,749,M30-34,Male,Amsterdam,North Holland,Netherlands,NL,0:36:28,2:54:55,2:00:13,0:04:33,0:04:33,5:40:42,2188,10495,7213,273,273,20442,1156,977,180,1001,821,131,1058,918,161,1156,977,180,Finisher,1830
Jannik,Schindelarz,Jannik Schindelarz,2137,M18-24,Male,Leinfelden-Echterdingen,Baden-Württemberg,Germany,DE,0:34:24,3:08:33,1:46:33,0:06:17,0:04:55,5:40:42,2064,11313,6393,377,295,20442,1157,978,89,700,575,55,1459,1233,113,1157,978,89,Finisher,1641
Linda,Rehmann,Linda Rehmann,997,F18-24,Female,Kieselbronn,BW,Germany,DE,0:34:30,2:56:51,2:01:12,0:03:41,0:04:31,5:40:45,2070,10611,7272,221,271,20445,1158,180,12,713,127,9,1033,139,9,1158,180,12,Finisher,2568
Nathan,Wale,Nathan Wale,490,M50-54,Male,Karlsruhe,BADEN-WURTTEMBERG,Australia,AU,0:34:02,2:57:01,1:56:56,0:06:20,0:06:29,5:40:48,2042,10621,7016,380,389,20448,1159,979,84,651,536,51,1100,950,84,1159,979,84,Finisher,1968
Ursina,Collenberg,Ursina Collenberg,1118,F30-34,Female,Dübendorf,,Switzerland,CH,0:39:22,2:55:26,1:55:22,0:04:56,0:05:43,5:40:49,2362,10526,6922,296,343,20449,1160,181,34,1464,286,57,1174,171,31,1160,181,34,Finisher,2419
Daniel,Erben,Daniel Erben,1861,M35-39,Male,Buseck,Hessen,Germany,DE,0:44:35,2:56:38,1:48:53,0:06:15,0:04:34,5:40:53,2675,10598,6533,375,274,20453,1161,980,163,1976,1550,237,1399,1185,188,1161,980,163,Finisher,1889
Maxime,Castermans,Maxime Castermans,273,M35-39,Male,Luxembourg,,Luxembourg,LU,0:42:30,2:55:01,1:52:27,0:06:01,0:05:10,5:41:09,2550,10501,6747,361,310,20469,1162,981,164,1810,1425,214,1287,1095,178,1162,981,164,Finisher,1884
Lukas,Krick,Lukas Krick,901,M25-29,Male,Hagen,NRW,Germany,DE,0:38:33,2:54:30,1:59:40,0:03:57,0:04:41,5:41:20,2313,10470,7180,237,281,20480,1163,982,135,1341,1087,148,1090,943,129,1163,982,135,Finisher,1804
Koen,Steur,Koen Steur,788,M18-24,Male,Volendam,NOORD-HOLLAND,Netherlands,NL,0:35:44,3:04:50,1:49:17,0:06:22,0:05:10,5:41:23,2144,11090,6557,382,310,20483,1164,983,90,878,719,72,1385,1174,104,1164,983,90,Finisher,1629
Heiko,Stieb,Heiko Stieb,1750,M60-64,Male,Hüffelsheim,,Germany,DE,0:45:31,2:40:23,2:03:17,0:06:47,0:05:26,5:41:25,2731,9623,7397,407,326,20485,1165,984,26,2035,1595,60,964,843,23,1165,984,26,Finisher,2550
Maxime,Baillet,Maxime Baillet,2418,M25-29,Male,Marlenheim,Grand Est,France,FR,0:35:05,2:59:52,1:54:32,0:06:17,0:05:40,5:41:27,2105,10792,6872,377,340,20487,1166,985,136,789,646,92,1220,1045,149,1166,985,136,Finisher,1802
Christian,Künstner,Christian Künstner,779,M35-39,Male,Singen (Hohentwiel),BW,Germany,DE,0:40:10,2:56:35,1:55:50,0:04:14,0:04:40,5:41:28,2410,10595,6950,254,280,20488,1167,986,165,1554,1235,191,1207,1033,168,1167,986,165,Finisher,1878
Louis,Gerber,Louis Gerber,812,M25-29,Male,Möhnesee,NW,Germany,DE,0:52:00,2:39:54,1:54:15,0:09:21,0:06:00,5:41:31,3120,9594,6855,561,360,20491,1168,987,137,2210,1719,263,1222,1047,150,1168,987,137,Finisher,1800
Moritz,Mattern,Moritz Mattern,1648,M35-39,Male,Darmstadt,HE,Germany,DE,0:32:20,2:51:48,2:05:09,0:06:12,0:06:02,5:41:31,1940,10308,7509,372,362,20491,1169,988,166,467,380,70,890,778,132,1169,988,166,Finisher,1877
Claudi,Kohler ,Claudi Kohler,2011,F45-49,Female,Ehningen,BW,Germany,DE,0:34:42,2:59:38,1:56:14,0:04:16,0:06:41,5:41:31,2082,10778,6974,256,401,20491,1170,182,14,731,132,9,1138,157,8,1170,182,14,Finisher,2676
Tobias,Bäumler,Tobias Bäumler,1369,M35-39,Male,Wendelstein,BAYERN,Germany,DE,0:28:41,3:02:00,1:59:39,0:05:07,0:06:07,5:41:32,1721,10920,7179,307,367,20492,1171,989,167,148,133,20,1053,913,156,1171,989,167,Finisher,1877
Joergen,Brandett,Joergen Brandett,1865,M60-64,Male,Wuerenlingen,,Switzerland,CH,0:34:27,2:49:22,2:05:11,0:06:31,0:06:03,5:41:35,2067,10162,7511,391,363,20495,1172,990,27,706,580,20,891,779,18,1172,990,27,Finisher,2547
Heinrich,Foerster,Heinrich Foerster,2018,M55-59,Male,Koeln,,Germany,DE,0:48:41,2:50:04,1:52:48,0:04:52,0:05:15,5:41:39,2921,10204,6768,292,315,20499,1173,991,40,2147,1677,78,1290,1098,50,1173,991,40,Finisher,2292
Ferran,Giones,Ferran Giones,1432,M45-49,Male,Stuttgart,Baden-Württemberg,Spain,ES,0:36:43,3:06:18,1:49:08,0:04:31,0:05:02,5:41:42,2203,11178,6548,271,302,20502,1174,992,100,1032,843,81,1401,1187,113,1174,992,100,Finisher,2089
Finn,Salamon,Finn Salamon,912,M25-29,Male,Cologne,Nordhreinwestfalen,Germany,DE,0:35:03,3:04:39,1:50:05,0:05:12,0:06:44,5:41:43,2103,11079,6605,312,404,20503,1175,993,138,782,640,91,1330,1130,167,1175,993,138,Finisher,1797
Alexander,Ohrt,Alexander Ohrt,714,M25-29,Male,Malsch,Baden-Württemberg,Germany,DE,0:36:13,2:56:48,1:55:50,0:04:57,0:07:56,5:41:44,2173,10608,6950,297,476,20504,1176,994,139,965,793,107,1122,969,135,1176,994,139,Finisher,1796
Michael,Schenk,Michael Schenk,674,M55-59,Male,Eitorf,,Netherlands,NL,0:35:38,2:50:19,2:04:03,0:05:01,0:06:46,5:41:46,2138,10219,7443,301,406,20506,1177,995,41,857,703,26,915,801,30,1177,995,41,Finisher,2290
Florian ,Fritz,Florian Fritz,2371,M30-34,Male,Schwäbisch Hall,Baden-Württemberg,Germany,DE,0:40:06,2:53:33,1:55:28,0:05:36,0:07:16,5:41:59,2406,10413,6928,336,436,20519,1178,996,181,1546,1228,206,1158,992,174,1178,996,181,Finisher,1807
Matthias,Schlindwein,Matthias Schlindwein,886,M30-34,Male,Herzogenaurach,,Germany,DE,0:35:31,2:54:59,2:00:33,0:05:18,0:05:40,5:42:02,2131,10499,7233,318,340,20522,1179,997,182,839,688,104,1054,914,160,1179,997,182,Finisher,1806
Lukas,Kocis,Lukas Kocis,1574,M40-44,Male,Sigmaringen,Baden-Württemberg,Germany,DE,0:38:03,2:58:29,1:56:09,0:05:08,0:04:18,5:42:07,2283,10709,6969,308,258,20527,1180,998,125,1252,1019,123,1233,1058,132,1180,998,125,Finisher,1946
Joffrey,Tronci,Joffrey Tronci,1582,M35-39,Male,Stuttgart,Baden-Württemberg,France,FR,0:38:36,3:00:20,1:53:26,0:04:54,0:04:51,5:42:07,2316,10820,6806,294,291,20527,1181,999,168,1347,1092,174,1298,1105,180,1181,999,168,Finisher,1866
Vic,Speller,Vic Speller,1145,M30-34,Male,BERDORF,,Luxembourg,LU,0:38:02,2:55:58,1:54:22,0:06:34,0:07:13,5:42:09,2282,10558,6862,394,433,20529,1182,1000,183,1247,1017,166,1193,1020,179,1182,1000,183,Finisher,1804
Patrick,Durst,Patrick Durst,2123,M25-29,Male,Mainz,Rhineland-Palatinate,Germany,DE,0:44:24,2:56:10,1:45:02,0:09:45,0:06:53,5:42:14,2664,10570,6302,585,413,20534,1183,1001,140,1964,1541,242,1492,1257,186,1183,1001,140,Finisher,1787
Moritz,Thiel,Moritz Thiel,927,M25-29,Male,Stuttgart,BW,Germany,DE,0:34:57,3:00:39,1:57:20,0:04:58,0:04:21,5:42:15,2097,10839,7040,298,261,20535,1184,1002,141,770,629,87,1195,1022,145,1184,1002,141,Finisher,1787
Felicia,Blessing,Felicia Blessing,2141,F25-29,Female,Stuttgart,BW,Germany,DE,0:48:16,2:59:19,1:45:07,0:04:39,0:04:56,5:42:17,2896,10759,6307,279,296,20537,1185,183,45,2135,469,103,1547,253,56,1185,183,45,Finisher,2181
Levent,Özkarayel,Levent Özkarayel,814,M35-39,Male,Ankara,foreigner,Turkey,TR,0:43:17,3:04:09,1:45:58,0:03:33,0:05:21,5:42:18,2597,11049,6358,213,321,20538,1186,1003,169,1883,1478,223,1519,1277,204,1186,1003,169,Finisher,1863
Amelie,Frikell,Amelie Frikell,2494,F18-24,Female,Riemerling,Bavaria,Germany,DE,0:38:07,2:57:16,1:59:44,0:03:32,0:03:41,5:42:21,2287,10636,7184,212,221,20541,1187,184,13,1263,237,21,1148,162,10,1187,184,13,Finisher,2540
Maximilian,Martin,Maximilian Martin,1771,M30-34,Male,London,England,United Kingdom,GB,0:38:22,2:59:32,1:52:03,0:06:02,0:06:24,5:42:23,2302,10772,6723,362,384,20543,1188,1004,184,1308,1062,181,1300,1107,192,1188,1004,184,Finisher,1799
Nick,Eversdijk,Nick Eversdijk,1780,M35-39,Male,Dronten,,Netherlands,NL,0:30:38,3:04:53,1:58:20,0:03:44,0:04:50,5:42:24,1838,11093,7100,224,290,20544,1189,1005,170,295,242,43,1157,991,162,1189,1005,170,Finisher,1861
Caner,Da Silva Chaparro,Caner Da Silva Chaparro,1016,M18-24,Male,Frankfurt am Main,HE,Germany,DE,0:38:38,3:02:48,1:47:07,0:06:53,0:07:02,5:42:27,2318,10968,6427,413,422,20547,1190,1006,91,1353,1096,103,1428,1209,108,1190,1006,91,Finisher,1610
Nico,Hirsch,Nico Hirsch,2021,M50-54,Male,Würzburg,BAYERN,Germany,DE,0:37:24,3:06:17,1:46:06,0:06:23,0:06:23,5:42:33,2244,11177,6366,383,383,20553,1191,1007,85,1147,934,85,1486,1253,105,1191,1007,85,Finisher,1936
Stefan,Ripperger,Stefan Ripperger,703,M55-59,Male,Dillstädt,,Germany,DE,0:39:15,2:55:45,1:55:43,0:06:51,0:05:00,5:42:33,2355,10545,6943,411,300,20553,1192,1008,42,1446,1167,53,1237,1062,49,1192,1008,42,Finisher,2276
Antoine,Chevalier,Antoine Chevalier,740,M18-24,Male,Allouagne,PAS-DE-CALAIS,France,FR,0:39:03,2:53:26,2:00:02,0:05:45,0:04:18,5:42:34,2343,10406,7202,345,258,20554,1193,1009,92,1414,1141,109,1130,976,92,1193,1009,92,Finisher,1607
Reinhard,Dirren,Reinhard Dirren,2255,M60-64,Male,Raron,VALAIS,Switzerland,CH,0:35:44,2:45:58,2:09:56,0:05:01,0:05:56,5:42:35,2144,9958,7796,301,356,20555,1194,1010,28,876,717,27,777,684,14,1194,1010,28,Finisher,2529
Frédérique,Léonard,Frédérique Léonard,1909,F40-44,Female,Luxembourg,,Luxembourg,LU,0:40:44,2:57:01,1:54:57,0:05:17,0:04:47,5:42:46,2444,10621,6897,317,287,20566,1195,185,20,1626,345,40,1276,186,21,1195,185,20,Finisher,2690
Tobias,Schaich,Tobias Schaich,1039,M30-34,Male,Altdorf,,Germany,DE,0:44:16,2:59:40,1:47:27,0:05:29,0:05:55,5:42:46,2656,10780,6447,329,355,20566,1196,1011,185,1955,1533,265,1464,1238,218,1196,1011,185,Finisher,1793
Christian,Bean,Christian Bean,2059,M50-54,Male,Heidelberg,,Germany,DE,0:35:59,2:56:55,2:00:52,0:04:27,0:04:36,5:42:48,2159,10615,7252,267,276,20568,1197,1012,86,920,759,74,1099,949,83,1197,1012,86,Finisher,1932
Lena,Jacobsen,Lena Jacobsen,2209,F30-34,Female,Köln,North Rhine-Westphalia,Germany,DE,0:38:46,2:59:28,1:55:49,0:04:06,0:04:40,5:42:49,2326,10768,6949,246,280,20569,1198,186,35,1371,263,51,1252,179,35,1198,186,35,Finisher,2383
Sabrina,Szymczak,Sabrina Szymczak,1068,F30-34,Female,München,Bavaria,Germany,DE,0:39:26,2:59:59,1:52:43,0:05:20,0:05:26,5:42:54,2366,10799,6763,320,326,20574,1199,187,36,1476,292,58,1324,200,41,1199,187,36,Finisher,2382
Michael,Derbort,Michael Derbort,2521,M50-54,Male,Essen,NORDRHEIN-WESTFALEN,Germany,DE,0:32:52,3:07:35,1:49:58,0:06:27,0:06:04,5:42:56,1972,11255,6598,387,364,20576,1200,1013,87,529,430,37,1383,1172,99,1200,1013,87,Finisher,1929
Leo,Triebskorn,Leo Triebskorn,1588,M25-29,Male,Karlsruhe,Baden-Württemberg ,Germany,DE,0:40:03,3:04:46,1:44:35,0:08:00,0:05:33,5:42:57,2403,11086,6275,480,333,20577,1201,1014,142,1541,1226,176,1561,1302,194,1201,1014,142,Finisher,1775
Raphael,Leyder,Raphael Leyder,1354,M40-44,Male,Wahlbach,HAUT-RHIN,France,FR,0:39:40,3:01:35,1:50:51,0:05:33,0:05:17,5:42:57,2380,10895,6651,333,317,20577,1202,1015,126,1497,1198,149,1380,1170,147,1202,1015,126,Finisher,1931
Robert Mihai,Mehi,Robert Mihai Mehi,1265,M25-29,Male,Timisoara,TIMIS,Romania,RO,0:40:35,2:53:11,1:57:20,0:05:16,0:06:35,5:42:57,2435,10391,7040,316,395,20577,1203,1016,143,1605,1265,183,1152,988,139,1203,1016,143,Finisher,1775
Max,Nanzka,Max Nanzka,2204,M25-29,Male,Dresden,SN,Germany,DE,0:41:47,2:53:35,1:54:20,0:07:16,0:06:03,5:43:02,2507,10415,6860,436,363,20582,1204,1017,144,1750,1378,210,1260,1079,155,1204,1017,144,Finisher,1773
Benjamin,Göhmann,Benjamin Göhmann,1775,M35-39,Male,Pirmasens,RHEINLAND-PFALZ,Germany,DE,0:36:42,3:08:18,1:47:39,0:05:35,0:04:49,5:43:02,2202,11298,6459,335,289,20582,1205,1018,171,1027,840,142,1501,1264,200,1205,1018,171,Finisher,1850
Lennard,Freund,Lennard Freund,2050,M25-29,Male,Würzburg,BAYERN,Germany,DE,0:41:08,3:05:20,1:43:30,0:06:54,0:06:18,5:43:10,2468,11120,6210,414,378,20590,1206,1019,145,1668,1311,196,1579,1317,197,1206,1019,145,Finisher,1771
Johanna,Urban,Johanna Urban,1783,F25-29,Female,Balingen,Baden-Württemberg,Germany,DE,0:38:10,3:09:21,1:45:51,0:05:05,0:04:50,5:43:17,2290,11361,6351,305,290,20597,1207,188,46,1271,238,54,1556,257,57,1207,188,46,Finisher,2163
Lars-Erik,Bietz,Lars-Erik Bietz,711,M35-39,Male,Vechta,Lower Saxony,Germany,DE,0:34:48,3:02:59,1:55:32,0:04:26,0:05:34,5:43:18,2088,10979,6932,266,334,20598,1208,1020,172,744,608,105,1246,1070,175,1208,1020,172,Finisher,1845
Christian,Siegel,Christian Siegel,1335,M45-49,Male,Hautcharage,,Luxembourg,LU,0:43:45,2:57:44,1:46:59,0:07:07,0:07:45,5:43:20,2625,10664,6419,427,465,20600,1209,1021,101,1916,1505,145,1438,1216,117,1209,1021,101,Finisher,2060
Tobias,Gromes,Tobias Gromes,738,M25-29,Male,Karlsruhe,Baden-Württemberg,Germany,DE,0:37:08,2:53:25,2:02:24,0:05:44,0:04:44,5:43:24,2228,10405,7344,344,284,20604,1210,1022,146,1106,901,121,1065,922,123,1210,1022,146,Finisher,1766
Mike,Martins,Mike Martins,1147,M30-34,Male,Wormeldange,GREIVEMAACHER,Luxembourg,LU,0:37:05,2:59:26,1:55:00,0:04:44,0:07:12,5:43:27,2225,10766,6900,284,432,20607,1211,1023,186,1093,889,145,1221,1046,185,1211,1023,186,Finisher,1780
Johann Daniel,Schmidt,Johann Daniel Schmidt,2381,F30-34,Male,Langen,HE,Germany,DE,0:37:26,2:53:51,2:02:27,0:03:41,0:06:07,5:43:32,2246,10431,7347,221,367,20612,1212,189,37,1151,214,46,1032,138,26,1212,189,37,Finisher,2370
Lucas,Büttner,Lucas Büttner,1993,M30-34,Male,Hamburg,Hamburg,Germany,DE,0:37:05,2:52:27,2:02:01,0:05:42,0:06:18,5:43:32,2225,10347,7321,342,378,20612,1213,1024,187,1092,888,144,1038,899,159,1213,1024,187,Finisher,1779
Jochen,Bräuer,Jochen Bräuer,568,M55-59,Male,Neckargemünd,,Germany,DE,0:35:51,2:56:46,2:01:57,0:04:51,0:04:15,5:43:40,2151,10606,7317,291,255,20620,1214,1025,43,898,738,28,1107,957,40,1214,1025,43,Finisher,2256
Brombacher,Ralf,Brombacher Ralf,1384,M35-39,Male,Rheinmünster,BADEN-WURTTEMBERG,Germany,DE,0:39:07,3:04:48,1:47:44,0:05:29,0:06:34,5:43:42,2347,11088,6464,329,394,20622,1215,1026,173,1426,1150,180,1463,1237,193,1215,1026,173,Finisher,1838
Kristine,Sievering,Kristine Sievering,1292,F45-49,Female,Essen,,Germany,DE,0:36:46,3:04:09,1:52:17,0:05:14,0:05:18,5:43:43,2206,11049,6737,314,318,20623,1216,190,15,1039,192,11,1362,206,17,1216,190,15,Finisher,2637
Calvin,Kraus,Calvin Kraus,1599,M25-29,Male,Ulm,Baden-Württemberg,Germany,DE,0:38:56,2:49:45,2:06:42,0:04:17,0:04:03,5:43:43,2336,10185,7602,257,243,20623,1217,1027,147,1395,1125,156,975,851,113,1217,1027,147,Finisher,1761
Lennart,von der Linde,Lennart von der Linde,1711,M18-24,Male,Geldern,Nordrhein-Westfalen,Germany,DE,0:34:30,2:51:23,2:02:22,0:07:34,0:08:03,5:43:52,2070,10283,7342,454,483,20632,1218,1028,93,714,587,58,984,859,80,1218,1028,93,Finisher,1584
Dennis,Pieper,Dennis Pieper,1475,M30-34,Male,Lohne,Lower Saxony,Germany,DE,0:47:33,3:04:16,1:40:21,0:07:22,0:04:33,5:44:04,2853,11056,6021,442,273,20644,1219,1029,188,2119,1655,287,1707,1406,252,1219,1029,188,Finisher,1769
Gertrud,Wiedemann,Gertrud Wiedemann,401,F45-49,Female,Zuchwil,SOLOTHURN,Germany,DE,0:37:37,3:05:35,1:50:29,0:04:50,0:05:56,5:44:27,2257,11135,6629,290,356,20667,1220,191,16,1180,223,13,1420,218,18,1220,191,16,Finisher,2624
Julia,Schmid,Julia Schmid,2444,F30-34,Female,Winterthur,ZURICH,Switzerland,CH,0:36:16,3:01:09,2:00:02,0:03:06,0:03:54,5:44:27,2176,10869,7202,186,234,20667,1221,192,38,969,174,34,1191,172,32,1221,192,38,Finisher,2354
Andreas,Büttner,Andreas Büttner,716,M65-69,Male,Ottobrunn,,Germany,DE,0:31:29,3:05:28,1:58:27,0:04:34,0:04:28,5:44:27,1889,11128,7107,274,268,20667,1222,1030,5,371,309,2,1228,1053,5,1222,1030,5,Finisher,2918
Paul,Uerlings,Paul Uerlings,706,M30-34,Male,Stuttgart,BADEN-WURTTEMBERG,Germany,DE,0:42:48,2:56:46,1:50:41,0:08:18,0:05:56,5:44:30,2568,10606,6641,498,356,20670,1223,1031,189,1834,1443,249,1414,1198,210,1223,1031,189,Finisher,1761
Maximilian ,Dietz,Maximilian Dietz,2480,M18-24,Male,Ladenburg,BADEN-WURTTEMBERG,Germany,DE,0:38:43,2:51:59,2:01:03,0:06:45,0:06:03,5:44:33,2323,10319,7263,405,363,20673,1224,1032,94,1365,1104,104,1105,955,88,1224,1032,94,Finisher,1572
Sebastian,Graß,Sebastian Graß,566,M40-44,Male,Lorgues,,Germany,DE,0:35:52,3:00:07,1:56:37,0:06:26,0:05:34,5:44:36,2152,10807,6997,386,334,20676,1225,1033,127,901,741,81,1255,1076,134,1225,1033,127,Finisher,1902
Simon,Müller,Simon Müller,2397,M55-59,Male,Langen,,Germany,DE,0:37:09,2:58:27,1:48:45,0:09:58,0:10:18,5:44:37,2229,10707,6525,598,618,20677,1226,1034,44,1109,904,39,1350,1145,51,1226,1034,44,Finisher,2239
Robert,Bauer,Robert Bauer,737,M35-39,Male,Kempten,BY,Germany,DE,0:39:08,2:57:28,1:50:56,0:09:24,0:07:46,5:44:42,2348,10648,6656,564,466,20682,1227,1035,174,1430,1153,181,1360,1155,186,1227,1035,174,Finisher,1820
Jens,Kleinau,Jens Kleinau,1871,M65-69,Male,Düsseldorf ,NORDRHEIN-WESTFALEN,Germany,DE,0:32:25,3:06:13,1:55:15,0:05:42,0:05:09,5:44:44,1945,11173,6915,342,309,20684,1228,1036,6,479,390,4,1312,1116,7,1228,1036,6,Finisher,2913
Joe,Demtröder,Joe Demtröder,2242,M25-29,Male,Dortmund,North Rhine-Westphalia,Germany,DE,0:43:16,2:42:16,2:02:28,0:10:01,0:06:44,5:44:44,2596,9736,7348,601,404,20684,1229,1037,148,1879,1475,231,1049,909,121,1229,1037,148,Finisher,1742
Viki,Malcherek,Viki Malcherek,1110,F30-34,Female,Knutwil,LU,Germany,DE,0:39:17,2:59:22,1:53:33,0:04:44,0:07:50,5:44:47,2357,10762,6813,284,470,20687,1230,193,39,1450,282,55,1283,191,38,1230,193,39,Finisher,2348
Laurenz,Karrais,Laurenz Karrais,396,M18-24,Male,Friedrichshafen,,Germany,DE,0:44:42,2:56:48,1:50:53,0:06:22,0:06:04,5:44:49,2682,10608,6653,382,364,20689,1231,1038,95,1980,1554,150,1413,1197,105,1231,1038,95,Finisher,1567
Hannah,Frühwirth,Hannah Frühwirth,428,F18-24,Female,Kreßberg,,Germany,DE,0:36:37,2:57:18,1:59:49,0:05:35,0:05:32,5:44:51,2197,10638,7189,335,332,20691,1232,194,14,1017,184,17,1165,168,11,1232,194,14,Finisher,2495
Dennis,Maier,Dennis Maier,1934,M30-34,Male,Laupheim,Baden-Württemberg,Germany,DE,0:46:05,3:01:53,1:43:20,0:07:46,0:05:47,5:44:53,2765,10913,6200,466,347,20693,1233,1039,190,2068,1618,283,1640,1364,244,1233,1039,190,Finisher,1754
Jasper,Beerling,Jasper Beerling,475,M30-34,Male,Huisseling,NOORD-BRABANT,Netherlands,NL,0:35:09,3:02:04,1:57:45,0:05:08,0:04:51,5:44:57,2109,10924,7065,308,291,20697,1234,1040,191,797,654,99,1253,1074,190,1234,1040,191,Finisher,1753
Paula,Volkers,Paula Volkers,1207,F40-44,Female,Heerhugowaard,,Netherlands,NL,0:37:42,3:06:34,1:50:20,0:04:37,0:05:48,5:45:01,2262,11194,6620,277,348,20701,1235,195,21,1193,226,23,1450,226,24,1235,195,21,Finisher,2649
Otto,Giesder,Otto Giesder,2454,M18-24,Male,Kaufbeuren,BY,Germany,DE,0:32:59,2:53:52,2:10:14,0:04:01,0:03:58,5:45:04,1979,10432,7814,241,238,20704,1236,1041,96,543,439,40,912,798,73,1236,1041,96,Finisher,1562
Uwe,Neumeyer,Uwe Neumeyer,1959,M60-64,Male,Hanau,,Germany,DE,0:41:21,2:52:42,1:57:33,0:06:49,0:06:41,5:45:06,2481,10362,7053,409,401,20706,1237,1042,29,1692,1331,53,1204,1030,35,1237,1042,29,Finisher,2484
Fabio,Heinzler,Fabio Heinzler,1592,M30-34,Male,Nürnberg,Bavaria,Germany,DE,0:35:57,2:47:23,2:10:01,0:05:35,0:06:17,5:45:13,2157,10043,7801,335,377,20713,1238,1043,192,914,753,124,843,740,130,1238,1043,192,Finisher,1748
Lukas,Brennscheidt,Lukas Brennscheidt,1769,M30-34,Male,Münster,NW,Germany,DE,0:33:47,2:49:51,2:11:55,0:05:03,0:04:40,5:45:16,2027,10191,7915,303,280,20716,1239,1044,193,623,513,85,839,739,129,1239,1044,193,Finisher,1748
Carlos,Costa,Carlos Costa,785,M35-39,Male,Differdange,,Portugal,PT,0:39:14,2:54:19,1:58:34,0:05:47,0:07:25,5:45:20,2354,10459,7114,347,445,20720,1240,1045,175,1441,1163,182,1161,995,163,1240,1045,175,Finisher,1808
Jakub ,Krumrey ,Jakub Krumrey,2485,M40-44,Male,Frankfurt am Main,Hesse,Germany,DE,0:35:17,3:10:38,1:46:44,0:06:10,0:06:39,5:45:28,2117,11438,6404,370,399,20728,1241,1046,128,817,673,74,1543,1292,167,1241,1046,128,Finisher,1886
Leopold,Dankic,Leopold Dankic,2438,M18-24,Male,Frankfurt am Main,HE,Costa Rica,CR,0:32:08,2:57:12,2:07:05,0:03:56,0:05:07,5:45:29,1928,10632,7625,236,307,20729,1242,1047,97,439,362,33,980,855,79,1242,1047,97,Finisher,1555
Alexander,Beer,Alexander Beer,217,M50-54,Male,Baienfurt,,Germany,DE,0:38:07,2:45:59,2:12:02,0:04:21,0:05:01,5:45:30,2287,9959,7922,261,301,20730,1243,1048,88,1259,1023,91,829,730,63,1243,1048,88,Finisher,1883
MINON,Nicolas,MINON Nicolas,1787,M35-39,Male,Reims,Grand Est,France,FR,0:42:47,2:52:12,1:57:58,0:05:00,0:07:38,5:45:34,2567,10332,7078,300,458,20734,1244,1049,176,1833,1442,218,1179,1008,164,1244,1049,176,Finisher,1804
Dirk,Zimmermann,Dirk Zimmermann,1014,M45-49,Male,Brühl,,Germany,DE,0:39:37,2:55:17,2:02:18,0:03:36,0:04:53,5:45:42,2377,10517,7338,216,293,20742,1245,1050,102,1488,1192,122,1135,980,98,1245,1050,102,Finisher,2017
Jan Heinrich,Robens,Jan Heinrich Robens,1211,M30-34,Male,Karlsruhe,Baden-Württemberg,Germany,DE,0:37:15,,2:08:07,0:00:00,0:00:00,5:45:43,2235,0,7687,0,0,20743,1246,1051,194,1129,920,151,99999,99999,99999,1246,1051,194,Finisher,1739
Fabrice,Ducrocq,Fabrice Ducrocq,999,M55-59,Male,Airaines,,France,FR,0:43:44,3:00:31,1:49:46,0:04:04,0:07:39,5:45:44,2624,10831,6586,244,459,20744,1247,1052,45,1914,1503,66,1429,1210,56,1247,1052,45,Finisher,2219
Robert ,Andrews,Robert Andrews,1756,M18-24,Male,NEWTON ABBOT,England,United Kingdom,GB,0:37:27,3:05:50,1:48:55,0:06:59,0:06:37,5:45:50,2247,11150,6535,419,397,20750,1248,1053,98,1157,941,89,1491,1256,115,1248,1053,98,Finisher,1549
Carlo,Zanocco,Carlo Zanocco,1201,M50-54,Male,Santa Margherita di Staffora,Lombardy,Italy,IT,0:37:04,3:00:39,1:58:18,0:04:42,0:05:07,5:45:50,2224,10839,7098,282,307,20750,1249,1054,89,1089,885,83,1254,1075,91,1249,1054,89,Finisher,1877
Florian,Wessolly,Florian Wessolly,1730,M35-39,Male,Aschaffenburg,Bayern,Germany,DE,0:49:03,2:55:14,1:51:38,0:05:12,0:04:45,5:45:51,2943,10514,6698,312,285,20751,1250,1055,177,2156,1681,256,1466,1239,194,1250,1055,177,Finisher,1799
Tim,Killing,Tim Killing,1032,M30-34,Male,Remscheid,NORDRHEIN-WESTFALEN,Germany,DE,0:37:09,3:01:36,1:54:50,0:06:03,0:06:13,5:45:51,2229,10896,6890,363,373,20751,1251,1056,195,1110,905,148,1325,1125,200,1251,1056,195,Finisher,1737
Marvin,Wernig,Marvin Wernig,532,M25-29,Male,Röllbach,BY,Germany,DE,0:39:04,3:01:41,1:53:35,0:07:06,0:04:25,5:45:51,2344,10901,6815,426,265,20751,1252,1057,149,1417,1143,162,1411,1196,181,1252,1057,149,Finisher,1722
Lukas,Bunzeck,Lukas Bunzeck,1575,M30-34,Male,Duisburg,North Rhine-Westphalia,Germany,DE,0:42:30,2:55:49,1:51:31,0:07:35,0:08:28,5:45:53,2550,10549,6691,455,508,20753,1253,1058,196,1809,1424,245,1359,1154,207,1253,1058,196,Finisher,1736
Christian,Rafn,Christian Rafn,1043,M25-29,,Aarhus,Central Jutland,Denmark,DK,0:41:07,3:01:18,1:48:42,0:08:20,0:06:28,5:45:54,2467,10878,6522,500,388,20754,1254,1059,150,1664,1307,194,1508,1268,189,1254,1059,150,Finisher,1721
Bernhard,Rehle,Bernhard Rehle,1172,M60-64,Male,Immenstadt,,Germany,DE,0:37:41,2:52:46,2:00:58,0:07:21,0:07:10,5:45:56,2261,10366,7258,441,430,20756,1255,1060,30,1190,965,39,1116,963,31,1255,1060,30,Finisher,2469
Marcus,Winke,Marcus Winke,2407,M60-64,Male,Waldstetten,,Germany,DE,0:34:30,2:55:58,2:03:27,0:04:48,0:07:17,5:45:59,2070,10558,7407,288,437,20759,1256,1061,31,711,585,21,1039,900,26,1256,1061,31,Finisher,2468
Steffi,Hübner,Steffi Hübner,845,F40-44,Female,Stuttgart,BW,Germany,DE,0:39:02,3:12:55,1:44:57,0:04:32,0:04:35,5:46:01,2342,11575,6297,272,275,20761,1257,196,22,1408,273,28,1656,284,34,1257,196,22,Finisher,2631
Claudio,Liotta,Claudio Liotta,464,M40-44,Male,Bad Schönborn,BADEN-WURTTEMBERG,Italy,IT,0:38:16,2:53:37,2:03:52,0:04:52,0:05:28,5:46:05,2296,10417,7432,292,328,20765,1258,1062,129,1290,1049,130,1082,936,115,1258,1062,129,Finisher,1875
Kim,De Beule,Kim De Beule,286,M40-44,Male,Beauvechain,,Belgium,BE,0:36:06,3:02:53,1:56:00,0:05:24,0:05:43,5:46:06,2166,10973,6960,324,343,20766,1259,1063,130,944,776,86,1314,1118,142,1259,1063,130,Finisher,1875
Rodolphe,Von Berg,Rodolphe Von Berg,624,M70-74,Male,grasse,,Belgium,BE,0:33:20,2:46:19,2:18:17,0:03:57,0:04:24,5:46:17,2000,9979,8297,237,264,20777,1260,1064,2,577,470,2,686,607,2,1260,1064,2,Finisher,2888
Jan,Stecher,Jan Stecher,909,M30-34,Male,Pforzheim,BW,Germany,DE,0:43:02,3:02:47,1:44:59,0:08:20,0:07:15,5:46:23,2582,10967,6299,500,435,20783,1261,1065,197,1863,1464,252,1598,1331,235,1261,1065,197,Finisher,1727
Sina,Kühn,Sina Kühn,2069,F30-34,Female,Pforzheim,Baden-Württemberg,Germany,DE,0:40:37,3:00:55,1:53:08,0:05:17,0:06:26,5:46:23,2437,10855,6788,317,386,20783,1262,197,40,1610,342,66,1381,211,43,1262,197,40,Finisher,2319
Florian,Völkner,Florian Völkner,1721,M30-34,Male,Hanover,Niedersachsen,Germany,DE,0:45:00,2:58:24,1:50:56,0:04:36,0:07:29,5:46:24,2700,10704,6656,276,449,20784,1263,1066,198,1997,1566,272,1418,1201,211,1263,1066,198,Finisher,1727
Achim,Spannagel,Achim Spannagel,699,M55-59,Male,Sinsheim,,Germany,DE,0:37:43,2:48:21,2:09:26,0:05:23,0:05:33,5:46:27,2263,10101,7766,323,333,20787,1264,1067,46,1199,973,43,928,812,32,1264,1067,46,Finisher,2206
Ute,Beutel,Ute Beutel,2426,F25-29,Female,Heidelberg,BW,Germany,DE,0:40:15,3:05:37,1:49:27,0:05:59,0:05:13,5:46:30,2415,11137,6567,359,313,20790,1265,198,47,1566,322,73,1536,249,55,1265,198,47,Finisher,2105
Philipp,Kern,Philipp Kern,2077,M30-34,Male,Stuttgart,BADEN-WURTTEMBERG,Germany,DE,0:38:27,3:00:28,1:56:50,0:06:16,0:04:29,5:46:31,2307,10828,7010,376,269,20791,1266,1068,199,1320,1071,183,1339,1137,203,1266,1068,199,Finisher,1725
Ortwin,De Witte,Ortwin De Witte,281,M50-54,Male,Schilde,,Belgium,BE,0:40:36,2:52:10,2:00:33,0:08:34,0:04:48,5:46:42,2436,10330,7233,514,288,20802,1267,1069,90,1607,1267,110,1224,1049,88,1267,1069,90,Finisher,1862
Nicolas,Nozeran,Nicolas Nozeran,1462,M45-49,Male,Tegernheim,BY,France,FR,0:45:45,2:58:21,1:53:19,0:04:39,0:04:41,5:46:46,2745,10701,6799,279,281,20806,1268,1070,103,2048,1605,152,1442,1220,118,1268,1070,103,Finisher,1998
Tom,Koenig,Tom Koenig,1970,M35-39,Male,Niederpallen,,Luxembourg,LU,0:39:06,3:03:09,1:49:55,0:08:15,0:06:21,5:46:48,2346,10989,6595,495,381,20808,1269,1071,178,1425,1149,179,1500,1263,199,1269,1071,178,Finisher,1782
olivier,lesage,olivier lesage,1082,M40-44,Male,Marchin,Walloon Region,Belgium,BE,0:38:30,3:02:21,1:52:18,0:06:51,0:06:49,5:46:49,2310,10941,6738,411,409,20809,1270,1072,131,1330,1077,135,1406,1192,151,1270,1072,131,Finisher,1862
Marvin,Zeschky,Marvin Zeschky,765,M35-39,Male,Düsseldorf,NORDRHEIN-WESTFALEN,Germany,DE,0:34:56,3:06:36,1:55:59,0:03:57,0:05:23,5:46:51,2096,11196,6959,237,323,20811,1271,1073,179,768,627,110,1346,1143,184,1271,1073,179,Finisher,1781
Lea,Kofmel,Lea Kofmel,2170,F30-34,Female,Zürich,Zurich,Eswatini,SZ,0:42:33,3:05:44,1:48:22,0:04:53,0:05:20,5:46:52,2553,11144,6502,293,320,20812,1272,199,41,1814,387,76,1570,261,52,1272,199,41,Finisher,2310
Maximilian,Schwarz,Maximilian Schwarz,2537,M25-29,Male,Heidelberg,BW,Germany,DE,0:40:59,2:51:50,2:03:06,0:05:44,0:05:18,5:46:57,2459,10310,7386,344,318,20817,1273,1074,151,1650,1299,191,1137,981,137,1273,1074,151,Finisher,1703
Johannes,Klerner,Johannes Klerner,2195,M25-29,Male,Dresden,SN,Germany,DE,0:37:13,3:02:58,1:50:27,0:08:54,0:07:29,5:47:01,2233,10978,6627,534,449,20821,1274,1075,152,1124,916,124,1453,1227,184,1274,1075,152,Finisher,1701
Roeline,Ham,Roeline Ham,972,F50-54,Female,Dilbeek,VLAAMS-BRABANT,Belgium,BE,0:39:50,2:59:49,1:56:29,0:05:17,0:05:36,5:47:02,2390,10789,6989,317,336,20822,1275,200,14,1517,309,25,1331,201,16,1275,200,14,Finisher,2590
Torben,Loritz,Torben Loritz,695,M25-29,Male,Kraichtal,,Germany,DE,0:41:30,2:52:00,2:05:10,0:03:56,0:04:30,5:47:06,2490,10320,7510,236,270,20826,1276,1076,153,1714,1349,202,1104,954,130,1276,1076,153,Finisher,1700
Matthias,Elwart,Matthias Elwart,962,M60-64,Male,Seevetal,foreigner,Germany,DE,0:40:41,3:00:13,1:56:30,0:04:42,0:05:02,5:47:08,2441,10813,6990,282,302,20828,1277,1077,32,1618,1275,52,1352,1147,40,1277,1077,32,Finisher,2447
Timo,Spehl,Timo Spehl,2243,M40-44,Male,Schutterwald,Baden-Württemberg,Germany,DE,0:32:34,3:05:41,1:57:39,0:05:23,0:05:53,5:47:10,1954,11141,7059,323,353,20830,1278,1078,132,497,405,37,1292,1099,137,1278,1078,132,Finisher,1856
Ludger,Roehm,Ludger Roehm,1915,M30-34,Male,Bannewitz,SN,Germany,DE,0:35:51,2:40:00,2:16:36,0:09:36,0:05:14,5:47:17,2151,9600,8196,576,314,20837,1279,1079,200,900,740,119,737,651,108,1279,1079,200,Finisher,1711
Patrick,Lakotta,Patrick Lakotta,1443,M35-39,Male,Bad Abbach,,Germany,DE,0:35:00,2:51:13,2:10:22,0:04:59,0:05:46,5:47:19,2100,10273,7822,299,346,20839,1280,1080,180,778,636,111,922,806,136,1280,1080,180,Finisher,1773
Andrea,Mathys,Andrea Mathys,964,F35-39,Female,Stetten (Aargau),Aargau,Switzerland,CH,0:43:15,3:03:15,1:49:58,0:04:47,0:06:05,5:47:20,2595,10995,6598,287,365,20840,1281,201,24,1878,404,54,1525,245,29,1281,201,24,Finisher,2341
Thomas,Bakker,Thomas Bakker,1694,M18-24,Male,Brielle,Brielle,Netherlands,NL,0:45:18,3:04:00,1:48:03,0:05:09,0:04:54,5:47:24,2718,11040,6483,309,294,20844,1282,1081,99,2016,1582,153,1607,1340,124,1282,1081,99,Finisher,1520
Florian,Grohmann,Florian Grohmann,399,M40-44,Male,Friedberg,,Germany,DE,0:38:08,3:08:35,1:48:17,0:06:30,0:05:57,5:47:26,2288,11315,6497,390,357,20846,1283,1082,133,1264,1027,126,1573,1311,170,1283,1082,133,Finisher,1851
Joana,Sartorius,Joana Sartorius,2495,F30-34,Female,Stuttgart,Baden-Württemberg,Germany,DE,0:44:31,2:39:18,2:15:35,0:03:33,0:04:30,5:47:27,2671,9558,8135,213,270,20847,1284,202,42,1972,425,80,796,95,19,1284,202,42,Finisher,2300
Benedikt,Zott,Benedikt Zott,2511,M30-34,Male,Innsbruck,Tyrol,Germany,DE,0:38:51,3:06:43,1:49:14,0:07:59,0:04:55,5:47:42,2331,11203,6554,479,295,20862,1285,1083,201,1385,1118,191,1587,1322,232,1285,1083,201,Finisher,1704
Stephan,Happel,Stephan Happel,728,M40-44,Male,Mülheim an der Ruhr,,Germany,DE,0:39:53,2:56:22,2:00:07,0:06:44,0:04:37,5:47:43,2393,10582,7207,404,277,20863,1286,1084,134,1522,1212,154,1274,1089,135,1286,1084,134,Finisher,1846
Sam,De Winter,Sam De Winter,2207,M30-34,Male,Herentals,,Belgium,BE,0:42:44,2:47:39,2:05:34,0:06:32,0:05:19,5:47:48,2564,10059,7534,392,319,20868,1287,1085,202,1830,1439,248,1089,942,167,1287,1085,202,Finisher,1702
Chiara,Poletti,Chiara Poletti,672,F25-29,Female,Rheinfelden,Aargau,Switzerland,CH,0:34:10,2:58:25,2:07:14,0:03:55,0:04:07,5:47:50,2050,10705,7634,235,247,20870,1288,203,48,670,119,34,1075,145,37,1288,203,48,Finisher,2081
Klaus,Röttger,Klaus Röttger,302,M55-59,Male,Essen,,Germany,DE,0:37:44,2:59:14,2:00:02,0:03:56,0:06:55,5:47:51,2264,10754,7202,236,415,20871,1289,1086,47,1203,977,44,1206,1032,45,1289,1086,47,Finisher,2181
Sandra,Schwally,Sandra Schwally,732,F55-59,Female,Ulm,,Germany,DE,0:33:02,3:08:55,1:53:14,0:05:56,0:06:49,5:47:55,1982,11335,6794,356,409,20875,1290,204,5,550,106,3,1412,216,8,1290,204,5,Finisher,3085
Sebastian,Seiffarth,Sebastian Seiffarth,1639,M45-49,Male,Neuenhagen bei Berlin,BB,Germany,DE,0:40:29,3:01:30,1:55:45,0:04:33,0:05:44,5:48:01,2429,10890,6945,273,344,20881,1291,1087,104,1594,1259,128,1372,1165,110,1291,1087,104,Finisher,1975
Markus,Schröder,Markus Schröder,1669,M50-54,Male,Düsseldorf,,Germany,DE,0:36:26,3:09:02,1:52:40,0:04:25,0:05:34,5:48:05,2186,11342,6760,265,334,20885,1292,1088,91,995,815,80,1478,1248,104,1292,1088,91,Finisher,1837
Christian,Muck,Christian Muck,634,M40-44,Male,Stutensee,,Germany,DE,0:35:53,3:08:52,1:49:56,0:05:34,0:07:57,5:48:13,2153,11332,6596,334,477,20893,1293,1089,135,902,742,82,1493,1258,161,1293,1089,135,Finisher,1837
Silke,Pieper,Silke Pieper,2271,F55-59,Female,14469,Brandenburg,Germany,DE,0:38:59,3:01:27,1:56:30,0:06:11,0:05:07,5:48:13,2339,10887,6990,371,307,20893,1294,205,6,1402,272,10,1375,208,7,1294,205,6,Finisher,3080
Felix,Gramlich,Felix Gramlich,1810,M35-39,Male,Limbach,Baden-Württemberg,Germany,DE,0:43:49,2:57:35,1:53:10,0:08:19,0:05:23,5:48:17,2629,10655,6790,499,323,20897,1295,1090,181,1923,1509,227,1471,1244,196,1295,1090,181,Finisher,1755
Enrico,Heinicke,Enrico Heinicke,2244,M45-49,Male,Hennigsdorf,,Germany,DE,0:37:35,2:56:27,2:01:34,0:06:32,0:06:10,5:48:18,2255,10587,7294,392,370,20898,1296,1091,105,1173,953,92,1194,1021,100,1296,1091,105,Finisher,1970
Tobias,Geiß,Tobias Geiß,2169,M35-39,Male,Waltenhofen,Bavaria,Germany,DE,0:37:05,3:07:43,1:52:58,0:04:56,0:05:38,5:48:20,2225,11263,6778,296,338,20900,1297,1092,182,1094,890,145,1472,1245,197,1297,1092,182,Finisher,1754
Béla,Becker,Béla Becker,1398,M18-24,Male,Sellin,Mecklenburg-West Pomerania,Germany,DE,0:43:04,2:59:31,1:54:38,0:05:54,0:05:20,5:48:27,2584,10771,6878,354,320,20907,1298,1093,100,1866,1467,143,1433,1213,111,1298,1093,100,Finisher,1502
Doris,Aigner,Doris Aigner,995,F30-34,Female,Muenchen,BY,Germany,DE,0:39:19,3:03:29,1:53:28,0:05:41,0:06:31,5:48:28,2359,11009,6808,341,391,20908,1299,206,43,1457,284,56,1434,221,45,1299,206,43,Finisher,2282
Thomas,Scherer,Thomas Scherer,2005,M25-29,Male,Bensheim,Hesse,Germany,DE,0:42:16,2:55:25,1:58:34,0:06:19,0:05:57,5:48:30,2536,10525,7114,379,357,20910,1300,1094,154,1792,1412,218,1303,1109,164,1300,1094,154,Finisher,1675
Maximilian,Wörlein,Maximilian Wörlein,2522,M25-29,Male,Sankt Gallen,,Germany,DE,0:42:05,3:02:24,1:51:09,0:06:19,0:06:33,5:48:31,2525,10944,6669,379,393,20911,1301,1095,155,1776,1399,214,1512,1271,190,1301,1095,155,Finisher,1674
Michel,Bienert,Michel Bienert,2061,M30-34,Male,Wolfsburg,NIEDERSACHSEN,Germany,DE,0:39:27,2:55:23,1:58:55,0:06:49,0:07:58,5:48:31,2367,10523,7135,409,478,20911,1302,1096,203,1477,1185,200,1231,1056,187,1302,1096,203,Finisher,1689
Scott,Tipping,Scott Tipping,1627,M40-44,Male,Killcare Heights,AU-NSW,Australia,AU,0:41:55,2:59:38,1:55:38,0:05:55,0:05:31,5:48:36,2515,10778,6938,355,331,20916,1303,1097,136,1763,1387,178,1398,1184,149,1303,1097,136,Finisher,1830
Manuel,Krippl,Manuel Krippl,1701,M30-34,Male,Langdorf,Bayern,Germany,DE,0:48:12,3:02:41,1:43:25,0:06:37,0:07:44,5:48:40,2892,10961,6205,397,464,20920,1304,1098,204,2133,1666,292,1669,1380,248,1304,1098,204,Finisher,1686
Tim,Maurer,Tim Maurer,2121,M40-44,Male,Öhringen,BW,Germany,DE,0:40:08,3:00:49,1:54:26,0:06:04,0:07:20,5:48:47,2408,10849,6866,364,440,20927,1305,1099,137,1551,1233,157,1387,1176,148,1305,1099,137,Finisher,1826
SHIRIN,EISSA,SHIRIN EISSA,2125,F25-29,Female,Öhringen,BW,Germany,DE,0:40:19,3:11:36,1:46:02,0:06:02,0:04:52,5:48:51,2419,11496,6362,362,292,20931,1306,207,49,1576,326,74,1683,293,66,1306,207,49,Finisher,2063
Eric,Bilard,Eric Bilard,1464,M55-59,Male,St Légier-la Chiesaz,,Switzerland,CH,0:33:25,2:50:38,2:15:18,0:04:08,0:05:22,5:48:52,2005,10238,8118,248,322,20932,1307,1100,48,585,477,15,819,721,26,1307,1100,48,Finisher,2162
Rose,Johnston,Rose Johnston,1989,F25-29,Female,Orpington,KEN,United Kingdom,GB,0:33:48,3:09:34,1:55:08,0:04:34,0:05:50,5:48:54,2028,11374,6908,274,350,20934,1308,208,50,625,111,33,1415,217,51,1308,208,50,Finisher,2062
Sandro,Guenther,Sandro Guenther,1845,M45-49,Male,Berlin,Berlin,Germany,DE,0:35:26,2:56:04,2:05:48,0:04:55,0:06:41,5:48:54,2126,10564,7548,295,401,20934,1309,1101,106,829,680,65,1070,927,94,1309,1101,106,Finisher,1959
Alexander,Staab,Alexander Staab,864,M55-59,Male,Darmstadt,,Germany,DE,0:40:54,2:52:42,2:06:36,0:03:29,0:05:16,5:48:56,2454,10362,7596,209,316,20936,1310,1102,49,1643,1293,58,1092,944,39,1310,1102,49,Finisher,2161
Clotilde,Rozier,Clotilde Rozier,1420,F35-39,Female,Thionville,,France,FR,0:43:49,2:59:35,1:56:56,0:04:41,0:03:58,5:49:00,2629,10775,7016,281,238,20940,1311,209,25,1922,414,57,1423,219,26,1311,209,25,Finisher,2311
Manfred,Aber,Manfred Aber,951,M30-34,Male,Würzburg,BY,Germany,DE,0:39:22,3:03:30,1:52:02,0:05:55,0:08:12,5:49:00,2362,11010,6722,355,492,20940,1312,1103,205,1462,1177,197,1443,1221,214,1312,1103,205,Finisher,1680
Ignas,Lukauskis,Ignas Lukauskis,1282,M25-29,Male,Kaunas,Kaunas,Lithuania,LT,0:40:12,3:00:35,1:55:37,0:06:53,0:05:47,5:49:03,2412,10835,6937,413,347,20943,1313,1104,156,1559,1240,179,1405,1191,180,1313,1104,156,Finisher,1665
Katharina,Horsch-Littig,Katharina Horsch-Littig,296,F55-59,Female,Seeheim-Jugenheim,HESSEN,Germany,DE,0:37:01,3:08:48,1:54:19,0:04:01,0:04:56,5:49:05,2221,11328,6859,241,296,20945,1314,210,7,1083,204,7,1475,229,9,1314,210,7,Finisher,3064
Fabian,Renno,Fabian Renno,920,M30-34,Male,Frankfurt am Main,Frankfurt am Main,Germany,DE,0:36:12,3:07:30,1:51:05,0:07:47,0:06:33,5:49:06,2172,11250,6665,467,393,20946,1315,1105,206,957,786,127,1529,1282,224,1315,1105,206,Finisher,1679
Samuel ,Bier ,Samuel Bier,2429,M18-24,Male,Kronweiler,Rhineland-Palatinate,Germany,DE,0:36:13,2:59:13,2:00:24,0:06:51,0:06:27,5:49:08,2173,10753,7224,411,387,20948,1316,1106,101,964,792,79,1248,1072,99,1316,1106,101,Finisher,1489
Johannes,Schultz,Johannes Schultz,1580,M40-44,Male,Ulm,,Germany,DE,0:40:46,3:03:10,1:49:47,0:08:32,0:06:54,5:49:09,2446,10990,6587,512,414,20949,1317,1107,138,1631,1286,166,1549,1296,168,1317,1107,138,Finisher,1820
Björn,Vielberth,Björn Vielberth,1956,M45-49,Male,Bempflingen,,Germany,DE,0:35:54,2:58:29,2:06:05,0:03:33,0:05:16,5:49:17,2154,10709,7565,213,316,20957,1318,1108,107,905,745,71,1120,967,97,1318,1108,107,Finisher,1952
Katharina,Rausch,Katharina Rausch,1390,F40-44,Female,Saarbrücken,SL,Germany,DE,0:30:51,3:15:18,1:55:04,0:03:50,0:04:15,5:49:19,1851,11718,6904,230,255,20959,1319,211,23,314,54,3,1483,231,25,1319,211,23,Finisher,2572
Maria,Gris Trillo,Maria Gris Trillo,1188,F30-34,Female,Hamburg,Hamburg,Spain,ES,0:38:46,3:13:26,1:43:45,0:07:18,0:06:11,5:49:26,2326,11606,6225,438,371,20966,1320,212,44,1375,266,53,1712,305,61,1320,212,44,Finisher,2264
Marvin,Kälberer,Marvin Kälberer,1395,M30-34,Male,Stuttgart,,Germany,DE,0:44:08,3:01:41,1:53:52,0:04:31,0:05:15,5:49:27,2648,10901,6832,271,315,20967,1321,1109,207,1946,1527,264,1494,1259,220,1321,1109,207,Finisher,1672
Birgit,Bachmann-Goetzer,Birgit Bachmann-Goetzer,146,F55-59,Female,Burggen,foreigner,Germany,DE,0:45:39,2:53:53,1:58:12,0:04:53,0:06:50,5:49:27,2739,10433,7092,293,410,20967,1322,213,8,2045,443,14,1315,197,5,1322,213,8,Finisher,3058
Moritz,Scholz,Moritz Scholz,1045,M30-34,Male,Kelheim,Bavaria,Germany,DE,0:45:12,2:42:20,2:12:46,0:04:06,0:05:04,5:49:28,2712,9740,7966,246,304,20968,1323,1110,208,2009,1576,275,936,819,149,1323,1110,208,Finisher,1672
Johanna,Graf,Johanna Graf,1564,F18-24,Female,Passau,BY,Germany,DE,0:38:37,3:08:45,1:51:04,0:06:05,0:05:01,5:49:33,2317,11325,6664,365,301,20973,1324,214,15,1352,257,23,1582,265,17,1324,214,15,Finisher,2410
Marcus,Süßner,Marcus Süßner,2038,M50-54,Male,Lampertheim,HESSEN,Germany,DE,0:42:46,3:06:33,1:47:48,0:06:24,0:06:03,5:49:34,2566,11193,6468,384,363,20974,1325,1111,92,1832,1441,118,1637,1362,111,1325,1111,92,Finisher,1810
Jan,Fischbach,Jan Fischbach,1936,M18-24,Male,München,Bavaria,Germany,DE,0:41:06,2:59:59,1:52:49,0:08:47,0:06:54,5:49:35,2466,10799,6769,527,414,20975,1326,1112,102,1663,1306,123,1479,1249,114,1326,1112,102,Finisher,1481
Elli,Campbell,Elli Campbell,514,F18-24,Female,Hemsbach,BW,United Kingdom,GB,0:36:24,3:03:17,1:59:42,0:03:58,0:06:15,5:49:35,2184,10997,7182,238,375,20975,1327,215,16,987,178,16,1291,193,13,1327,215,16,Finisher,2409
Petra,Marton,Petra Marton,176,F55-59,Female,Forst,,Germany,DE,0:32:31,3:13:39,1:54:18,0:04:06,0:05:05,5:49:39,1951,11619,6858,246,305,20979,1328,216,9,490,91,2,1490,235,10,1328,216,9,Finisher,3054
Florian,Bell,Florian Bell,632,M35-39,Male,76131,Baden-Württemberg,Germany,DE,0:35:59,2:58:45,2:01:35,0:06:59,0:06:23,5:49:41,2159,10725,7295,419,383,20981,1329,1113,183,921,760,126,1234,1059,171,1329,1113,183,Finisher,1730
Tobias,Mengler,Tobias Mengler,1123,M45-49,Male,Bingen am Rhein,Rhineland-Palatinate,Germany,DE,0:42:33,3:02:46,1:53:35,0:05:51,0:04:56,5:49:41,2553,10966,6815,351,296,20981,1330,1114,108,1816,1428,140,1523,1280,125,1330,1114,108,Finisher,1945
Marvin,Cless,Marvin Cless,1849,M25-29,Male,Mering,BY,Germany,DE,0:38:39,3:09:12,1:50:30,0:05:24,0:05:56,5:49:42,2319,11352,6630,324,356,20982,1331,1115,157,1356,1099,151,1576,1314,196,1331,1115,157,Finisher,1653
Nassim,Naouli,Nassim Naouli,1431,M25-29,Male,Rotterdam,Zuid-Holland,Netherlands,NL,0:43:01,2:57:56,1:52:01,0:10:13,0:06:35,5:49:45,2581,10676,6721,613,395,20985,1332,1116,158,1858,1459,225,1522,1279,191,1332,1116,158,Finisher,1652
Jenny,Cresswell,Jenny Cresswell,628,F40-44,Female,Geneva,,United Kingdom,GB,0:32:17,3:15:27,1:52:22,0:04:48,0:04:51,5:49:47,1937,11727,6742,288,291,20987,1333,217,24,462,86,9,1553,255,31,1333,217,24,Finisher,2564
Amandine,Gastaldi,Amandine Gastaldi,2293,F35-39,Female,Choëx,,Switzerland,CH,0:35:40,3:14:46,1:44:48,0:05:43,0:08:57,5:49:54,2140,11686,6288,343,537,20994,1334,218,26,865,156,19,1646,279,34,1334,218,26,Finisher,2295
Lorenz,Sailer,Lorenz Sailer,2432,M18-24,Male,Frankfurt am Main,Hesse,Germany,DE,0:41:10,3:17:46,1:37:01,0:07:27,0:06:28,5:49:54,2470,11866,5821,447,388,20994,1335,1117,103,1673,1316,126,1860,1508,142,1335,1117,103,Finisher,1475
Marius,Helbig,Marius Helbig,1751,M30-34,Male,München,Bavaria,Germany,DE,0:40:05,3:02:07,1:52:11,0:08:37,0:06:57,5:49:58,2405,10927,6731,517,417,20998,1336,1118,209,1545,1227,205,1513,1272,222,1336,1118,209,Finisher,1663
Manuel ,Spöri ,Manuel Spöri,1942,M30-34,Male,Freiburg im Breisgau,BADEN-WURTTEMBERG,Germany,DE,0:35:54,3:11:16,1:49:15,0:06:47,0:06:47,5:49:59,2154,11476,6555,407,407,20999,1337,1119,210,904,744,121,1595,1328,234,1337,1119,210,Finisher,1663
Nicolai,Stillner,Nicolai Stillner,2179,M18-24,Male,Stuttgart,Baden-Württemberg,Germany,DE,0:41:07,3:01:24,1:54:41,0:06:14,0:06:32,5:49:59,2467,10884,6881,374,392,20999,1338,1120,104,1666,1309,124,1444,1222,112,1338,1120,104,Finisher,1474
Luis,Lopez Fernandez ,Luis Lopez Fernandez,1514,M35-39,Male,Lüchingen ,Saint Gallen,Spain,ES,0:40:37,3:05:25,1:49:52,0:07:11,0:06:54,5:49:59,2437,11125,6592,431,414,20999,1339,1121,184,1608,1268,193,1575,1313,209,1339,1121,184,Finisher,1725
Felix,Erben,Felix Erben,1854,M30-34,Male,Buseck,Hesse,Germany,DE,0:38:32,2:55:31,2:04:49,0:06:05,0:05:06,5:50:03,2312,10531,7489,365,306,21003,1340,1122,211,1337,1083,185,1180,1009,178,1340,1122,211,Finisher,1661
Tomas,Albuquerque,Tomas Albuquerque,2006,M30-34,Male,Egkomi Lefkosias,Lefkosia,Portugal,PT,0:36:50,3:13:38,1:48:18,0:05:09,0:06:09,5:50:04,2210,11618,6498,309,369,21004,1341,1123,212,1053,858,137,1634,1359,242,1341,1123,212,Finisher,1661
Ed,Witlox,Ed Witlox,892,M55-59,Male,Rotterdam,ZUID-HOLLAND,Netherlands,NL,0:37:20,3:10:19,1:50:03,0:06:16,0:06:10,5:50:08,2240,11419,6603,376,370,21008,1342,1124,50,1139,927,42,1594,1327,58,1342,1124,50,Finisher,2140
Frank,Schiwy,Frank Schiwy,1130,M55-59,Male,Zornheim,,Germany,DE,0:33:00,3:01:50,2:03:08,0:04:56,0:07:14,5:50:08,1980,10910,7388,296,434,21008,1343,1125,51,545,441,13,1175,1004,44,1343,1125,51,Finisher,2140
Gijs,Kuipers,Gijs Kuipers,685,M30-34,Male,Tubbergen,Overijssel,Netherlands,NL,0:42:19,2:59:21,1:55:09,0:07:19,0:06:02,5:50:11,2539,10761,6909,439,362,21011,1344,1126,213,1798,1418,241,1452,1226,216,1344,1126,213,Finisher,1659
Maximilian,Fett,Maximilian Fett,2369,M30-34,Male,Münzenberg,HE,Germany,DE,0:36:43,3:00:53,2:02:10,0:04:40,0:05:50,5:50:17,2203,10853,7330,280,350,21017,1345,1127,214,1033,844,135,1247,1071,189,1345,1127,214,Finisher,1657
Michele,Pinotti,Michele Pinotti,2375,M45-49,Male,Seregno,MB,Italy,IT,0:41:55,2:58:55,1:59:10,0:04:16,0:06:03,5:50:20,2515,10735,7150,256,363,21020,1346,1128,109,1765,1389,136,1334,1133,107,1346,1128,109,Finisher,1934
Björn,Schnizler,Björn Schnizler,1743,M50-54,Male,Untergrombach,,Germany,DE,0:35:36,2:55:06,2:09:57,0:04:42,0:04:58,5:50:20,2136,10506,7797,282,298,21020,1347,1129,93,851,699,70,1044,904,80,1347,1129,93,Finisher,1796
Stefanie,Nauert,Stefanie Nauert,1186,F35-39,Female,Karlsruhe,,Germany,DE,0:38:23,3:03:03,2:00:32,0:04:06,0:04:15,5:50:20,2303,10983,7232,246,255,21020,1348,219,27,1311,247,31,1349,205,25,1348,219,27,Finisher,2287
Emilio,Löffler,Emilio Löffler,2113,M18-24,Male,Stuttgart ,Echterdingen ,Germany,DE,0:38:13,2:55:36,2:00:52,0:08:06,0:07:38,5:50:25,2293,10536,7252,486,458,21025,1349,1130,105,1281,1041,100,1238,1063,98,1349,1130,105,Finisher,1466
Fabian,Koroll,Fabian Koroll,1563,M25-29,Male,Stuttgart,BW,Germany,DE,0:46:14,2:50:25,2:01:58,0:04:53,0:06:54,5:50:25,2774,10225,7318,293,414,21025,1350,1131,159,2074,1623,252,1229,1054,152,1350,1131,159,Finisher,1640
Armin,ZACHER,Armin ZACHER,944,M45-49,Male,Ingolstadt,,Germany,DE,0:38:48,3:07:06,1:47:30,0:08:17,0:08:50,5:50:31,2328,11226,6450,497,530,21031,1351,1132,110,1377,1110,109,1600,1333,130,1351,1132,110,Finisher,1930
Jort,Kuilboer,Jort Kuilboer,1903,M25-29,Male,Nijmegen,Gelderland,Netherlands,NL,0:38:16,2:59:14,2:02:19,0:06:02,0:04:46,5:50:38,2296,10754,7339,362,286,21038,1352,1133,160,1291,1050,143,1288,1096,161,1352,1133,160,Finisher,1636
Frederik,Hinniger,Frederik Hinniger,553,M18-24,Male,Sittensen,Lower Saxony,Germany,DE,0:42:50,3:01:49,1:57:06,0:03:50,0:05:04,5:50:39,2570,10909,7026,230,304,21039,1353,1134,106,1841,1448,141,1432,1212,110,1353,1134,106,Finisher,1462
Conrad,Stofft,Conrad Stofft,1453,M18-24,Male,Mainz,RHEINLAND-PFALZ,Germany,DE,0:49:50,3:04:39,1:42:09,0:07:58,0:06:04,5:50:39,2990,11079,6129,478,364,21039,1354,1135,107,2178,1696,163,1779,1448,136,1354,1135,107,Finisher,1462
Daniel,Linder,Daniel Linder,1862,M25-29,Male,Roßhaupten,BY,Germany,DE,0:40:50,3:05:23,1:54:43,0:04:26,0:05:26,5:50:47,2450,11123,6883,266,326,21047,1355,1136,161,1638,1291,189,1503,1266,188,1355,1136,161,Finisher,1634
Raphaela ,Niemz,Raphaela Niemz,953,F25-29,Female,Stuttgart,Baden-Württemberg,Germany,DE,0:45:28,3:06:41,1:44:29,0:08:17,0:06:01,5:50:55,2728,11201,6269,497,361,21055,1356,220,51,2029,438,97,1742,317,71,1356,220,51,Finisher,2025
Katharina,Hustert,Katharina Hustert,1238,F25-29,Female,Hambrücken,BW,Germany,DE,0:30:18,3:07:07,2:02:08,0:06:03,0:05:19,5:50:56,1818,11227,7328,363,319,21056,1357,221,52,267,47,15,1285,192,45,1357,221,52,Finisher,2025
Niklas ,Schröter,Niklas Schröter,1394,M18-24,Male,Böhl-Iggelheim,RHEINLAND-PFALZ,Germany,DE,0:33:36,3:09:40,1:57:51,0:04:57,0:04:56,5:51:00,2016,11380,7071,297,296,21060,1358,1137,108,605,496,46,1426,1207,107,1358,1137,108,Finisher,1456
Boris,Lakic,Boris Lakic,1762,M40-44,Male,Frankfurt am Main,HE,Croatia,HR,0:37:49,2:57:52,2:03:35,0:04:46,0:07:06,5:51:08,2269,10672,7415,286,426,21068,1359,1138,139,1220,992,120,1190,1019,128,1359,1138,139,Finisher,1784
Frederik,Hermann,Frederik Hermann,723,M18-24,Male,Mühlhausen,BW,Germany,DE,0:41:54,3:04:33,1:50:52,0:07:16,0:06:47,5:51:22,2514,11073,6652,436,407,21082,1360,1139,109,1759,1384,133,1592,1326,122,1360,1139,109,Finisher,1449
Jasmin,Stahl,Jasmin Stahl,2270,F30-34,Female,Sindelfingen,BW,Germany,DE,0:41:17,2:59:35,1:58:41,0:05:45,0:06:06,5:51:23,2477,10775,7121,345,366,21083,1361,222,45,1686,360,73,1376,209,42,1361,222,45,Finisher,2229
Denise,Marek,Denise Marek,1655,F40-44,Female,Büdingen,,Germany,DE,0:39:18,3:04:41,1:54:12,0:06:49,0:06:25,5:51:25,2358,11081,6852,409,385,21085,1362,223,25,1454,283,32,1510,241,28,1362,223,25,Finisher,2534
Barbara,Lemtis,Barbara Lemtis,474,F45-49,Female,Emmering,,Austria,AT,0:38:17,2:59:15,2:04:23,0:04:47,0:04:47,5:51:31,2297,10755,7463,287,287,21091,1363,224,17,1294,244,16,1251,178,13,1363,224,17,Finisher,2496
Franziska,Straßburger,Franziska Straßburger,1263,F25-29,Female,65193,HE,Germany,DE,0:38:42,3:07:17,1:53:20,0:05:16,0:06:58,5:51:34,2322,11237,6800,316,418,21094,1364,225,53,1361,260,62,1524,244,54,1364,225,53,Finisher,2014
Florian,Pelzer,Florian Pelzer,1065,M25-29,Male,Oldenburg,,Germany,DE,0:37:58,3:01:47,2:01:25,0:05:32,0:04:54,5:51:36,2278,10907,7285,332,294,21096,1365,1140,162,1236,1006,141,1341,1139,169,1365,1140,162,Finisher,1619
Mychal,Rogers,Mychal Rogers,804,M40-44,Male,APO,AE,United States,US,0:45:25,3:07:46,1:45:23,0:05:52,0:07:16,5:51:42,2725,11266,6323,352,436,21102,1366,1141,140,2027,1591,201,1705,1404,180,1366,1141,140,Finisher,1774
Niklas,Bürkner,Niklas Bürkner,811,M18-24,Male,Oftersheim,BW,Germany,DE,0:35:45,3:12:55,1:52:32,0:05:37,0:04:56,5:51:45,2145,11575,6752,337,296,21105,1367,1142,110,883,724,74,1601,1334,123,1367,1142,110,Finisher,1442
Thomas,Kerpen,Thomas Kerpen,2498,M45-49,Male,Köln,North Rhine-Westphalia,Germany,DE,0:39:54,3:02:37,1:56:39,0:06:00,0:06:48,5:51:58,2394,10957,6999,360,408,21118,1368,1143,111,1524,1213,124,1437,1215,116,1368,1143,111,Finisher,1904
Marco,Taufer,Marco Taufer,410,M40-44,Male,Hanau,,Germany,DE,0:36:20,2:54:15,2:11:54,0:05:07,0:04:23,5:51:59,2180,10455,7914,307,263,21119,1369,1144,141,975,799,91,1051,911,113,1369,1144,141,Finisher,1769
Perrine,Quentin,Perrine Quentin,1459,F30-34,Female,Thury Sous Clermont,,France,FR,0:36:28,3:11:26,1:54:56,0:03:36,0:05:36,5:52:02,2188,11486,6896,216,336,21122,1370,226,46,1003,181,37,1530,248,49,1370,226,46,Finisher,2217
Janine,Bohlinger,Janine Bohlinger,1410,F35-39,Female,Pforzheim,,Germany,DE,0:37:13,3:06:22,1:57:51,0:04:55,0:05:44,5:52:05,2233,11182,7071,295,344,21125,1371,227,28,1121,208,24,1435,222,27,1371,227,28,Finisher,2256
Martin,Halm,Martin Halm,2377,M50-54,Male,Pforzheim,BW,Germany,DE,0:34:52,3:07:28,2:01:33,0:04:26,0:03:46,5:52:06,2092,11248,7293,266,226,21126,1372,1145,94,756,618,59,1379,1169,98,1372,1145,94,Finisher,1764
Frank,Samsel,Frank Samsel,1594,M55-59,Male,Saarbrücken,,Germany,DE,0:41:22,2:52:18,2:08:38,0:03:55,0:05:59,5:52:12,2482,10338,7718,235,359,21132,1373,1146,52,1695,1333,59,1112,959,41,1373,1146,52,Finisher,2102
Lucas,Cecati,Lucas Cecati,1363,M25-29,Male,Kehl,Baden-Württemberg,Germany,DE,0:36:46,2:59:11,2:04:19,0:05:33,0:06:29,5:52:18,2206,10751,7459,333,389,21138,1374,1147,163,1041,849,115,1227,1052,151,1374,1147,163,Finisher,1606
Benjamin,Gütt,Benjamin Gütt,335,M30-34,Male,Bern,,Switzerland,CH,0:40:59,2:42:38,2:17:57,0:06:09,0:04:47,5:52:29,2459,9758,8277,369,287,21149,1375,1148,215,1649,1298,218,866,762,138,1375,1148,215,Finisher,1618
Jan-Niklas,Klecker,Jan-Niklas Klecker,875,M35-39,Male,Östringen,Baden-Württemberg,Germany,DE,0:33:01,2:56:16,2:13:24,0:04:46,0:05:04,5:52:30,1981,10576,8004,286,304,21150,1376,1149,185,547,442,78,1002,871,145,1376,1149,185,Finisher,1679
Joel,Busch,Joel Busch,2058,M30-34,Male,Wolfsburg,NIEDERSACHSEN,Germany,DE,0:40:29,2:59:40,2:01:46,0:05:30,0:05:06,5:52:31,2429,10780,7306,330,306,21151,1377,1150,216,1593,1258,211,1353,1148,205,1377,1150,216,Finisher,1617
Angel,Bolaños,Angel Bolaños,1338,M35-39,Male,Hamburg,Hamburg,Guatemala,GT,0:41:34,3:13:04,1:41:06,0:08:27,0:08:21,5:52:32,2494,11584,6066,507,501,21152,1378,1151,186,1724,1359,205,1795,1461,225,1378,1151,186,Finisher,1679
Franziska ,Ott,Franziska Ott,2362,F25-29,Female,Blaubeuren,Baden-Württemberg,Germany,DE,0:36:54,3:10:16,1:53:50,0:06:13,0:05:20,5:52:33,2214,11416,6830,373,320,21153,1379,228,54,1062,197,48,1580,263,58,1379,228,54,Finisher,1996
Christian,Bach,Christian Bach,913,M45-49,Male,Erfurt,THURINGEN,Germany,DE,0:39:21,2:38:47,2:20:29,0:06:48,0:07:10,5:52:35,2361,9527,8429,408,430,21155,1380,1152,112,1461,1176,121,724,640,67,1380,1152,112,Finisher,1893
Tonio,Isenschmid,Tonio Isenschmid,1948,M18-24,Male,Berlin,Berlin,Eswatini,SZ,0:36:54,2:55:11,2:08:14,0:05:38,0:06:44,5:52:41,2214,10511,7694,338,404,21161,1381,1153,111,1063,866,85,1115,962,89,1381,1153,111,Finisher,1425
Luca,Simon,Luca Simon,331,M25-29,Male,Lindenberg,Rhineland-Palatinate,Germany,DE,0:38:43,3:02:22,2:01:50,0:04:14,0:05:40,5:52:50,2323,10942,7310,254,340,21170,1382,1154,164,1363,1103,154,1343,1141,170,1382,1154,164,Finisher,1597
Willy,Dierks,Willy Dierks,510,M25-29,Male,Berlin,BE,Germany,DE,0:38:56,3:01:54,2:01:12,0:06:07,0:04:45,5:52:54,2336,10914,7272,367,285,21174,1383,1155,165,1396,1126,157,1386,1175,178,1383,1155,165,Finisher,1595
David,Jelin,David Jelin,2154,M25-29,Male,Weinheim,,Germany,DE,0:33:54,2:49:51,2:18:46,0:03:10,0:07:15,5:52:56,2034,10191,8326,190,435,21176,1384,1156,166,637,526,70,788,694,95,1384,1156,166,Finisher,1595
Jan,Donnecker,Jan Donnecker,383,M50-54,Male,Hamburg,HH,Germany,DE,0:46:32,3:06:38,1:45:09,0:09:05,0:05:34,5:52:57,2792,11198,6309,545,334,21177,1385,1157,95,2088,1631,130,1772,1443,114,1385,1157,95,Finisher,1749
Florian,Pohle,Florian Pohle,1926,M30-34,Male,Köln,NW,Germany,DE,0:41:54,2:55:04,2:06:14,0:04:14,0:05:31,5:52:58,2514,10504,7574,254,331,21178,1386,1158,217,1761,1385,232,1218,1043,184,1386,1158,217,Finisher,1609
Anna,Kropp,Anna Kropp,1977,F25-29,,Ulm,BW,Germany,DE,0:38:29,3:09:59,1:52:20,0:06:34,0:05:42,5:53:04,2309,11399,6740,394,342,21184,1387,229,55,1327,251,59,1622,274,61,1387,229,55,Finisher,1987
Lena,Höschen,Lena Höschen,290,F25-29,Female,Leinfelden-Echterdingen,,Germany,DE,0:42:54,3:06:19,1:52:40,0:04:39,0:06:32,5:53:04,2574,11179,6760,279,392,21184,1388,230,56,1846,395,92,1593,267,59,1388,230,56,Finisher,1987
Delphine,Walter,Delphine Walter,1434,F50-54,Female,Hettange Grande,,France,FR,0:36:44,3:06:49,1:58:41,0:04:54,0:06:01,5:53:09,2204,11209,7121,294,361,21189,1389,231,15,1036,191,13,1431,220,18,1389,231,15,Finisher,2480
Lucas,Frasch,Lucas Frasch,2200,M35-39,Male,Erbach,BW,Germany,DE,0:39:55,3:02:09,2:00:05,0:05:40,0:05:21,5:53:10,2395,10929,7205,340,321,21190,1390,1159,187,1529,1217,188,1409,1195,189,1390,1159,187,Finisher,1667
Amal,Yassine,Amal Yassine,2342,F50-54,Female,Böblingen ,Baden-Württemberg,Lebanon,LB,0:39:39,3:06:58,1:55:58,0:04:31,0:06:04,5:53:10,2379,11218,6958,271,364,21190,1391,232,16,1493,299,22,1521,243,20,1391,232,16,Finisher,2480
Lorenzo,Yaacoub,Lorenzo Yaacoub,2416,M30-34,Male,Lipsheim,,France,FR,0:33:43,2:52:01,2:15:02,0:04:33,0:08:00,5:53:19,2023,10321,8102,273,480,21199,1392,1160,218,618,508,84,888,776,141,1392,1160,218,Finisher,1603
Ulrike,Ubbelohde,Ulrike Ubbelohde,2257,F55-59,Female,Sachsen,foreigner,Germany,DE,0:36:58,3:06:08,2:02:31,0:03:17,0:04:27,5:53:21,2218,11168,7351,197,267,21201,1393,233,10,1074,199,6,1368,207,6,1393,233,10,Finisher,2987
Gina,Ulmann,Gina Ulmann,776,F40-44,Female,Baden,,Switzerland,CH,0:44:27,3:01:43,1:56:27,0:04:11,0:06:34,5:53:22,2667,10903,6987,251,394,21202,1394,234,26,1967,424,44,1495,236,27,1394,234,26,Finisher,2499
Johanna,Weidling,Johanna Weidling,1723,F25-29,Female,Aschaffenburg,Bavaria,Germany,DE,0:39:38,3:13:19,1:50:01,0:04:32,0:05:52,5:53:23,2378,11599,6601,272,352,21203,1395,235,57,1491,297,68,1667,289,65,1395,235,57,Finisher,1981
Michael,Angerer,Michael Angerer,1831,M25-29,Male,Schierling,Bavaria,Germany,DE,0:36:38,3:03:13,2:01:14,0:06:45,0:05:36,5:53:27,2198,10993,7274,405,336,21207,1396,1161,167,1019,834,112,1374,1167,176,1396,1161,167,Finisher,1586
Ulrich,Zerhusen,Ulrich Zerhusen,1299,M40-44,Male,Lohne,Lower Saxony,Germany,DE,0:35:05,3:06:05,1:57:27,0:07:49,0:07:02,5:53:28,2105,11165,7047,469,422,21208,1397,1162,142,788,645,67,1451,1225,157,1397,1162,142,Finisher,1742
Paula,Franz,Paula Franz,2273,F18-24,Female,Höheischweiler,RP,Germany,DE,0:37:39,3:17:19,1:48:09,0:05:12,0:05:12,5:53:30,2259,11839,6489,312,312,21210,1398,236,17,1183,224,19,1737,314,23,1398,236,17,Finisher,2339
Hedwig,Zuberer,Hedwig Zuberer,2263,F35-39,Female,Schliengen,Baden-Württemberg,Germany,DE,0:42:23,3:06:45,1:49:59,0:07:02,0:07:22,5:53:32,2543,11205,6599,422,442,21212,1399,237,29,1805,384,50,1647,280,35,1399,237,29,Finisher,2230
Emma,Becker,Emma Becker,513,F25-29,Female,Witzenhausen,HE,Germany,DE,0:38:03,3:13:51,1:53:23,0:04:15,0:04:01,5:53:33,2283,11631,6803,255,241,21213,1400,238,58,1250,232,53,1645,278,63,1400,238,58,Finisher,1978
Dominik,Krämer,Dominik Krämer,1388,M40-44,Male,Kraichtal,BADEN-WURTTEMBERG,Germany,DE,0:42:33,2:53:48,2:03:49,0:07:20,0:06:08,5:53:38,2553,10428,7429,440,368,21218,1401,1163,143,1813,1427,181,1293,1100,138,1401,1163,143,Finisher,1739
Christine,Ober,Christine Ober,504,F40-44,Female,Grünstadt,Rhineland-Palatinate,Germany,DE,0:43:19,3:06:10,1:53:57,0:05:32,0:04:42,5:53:39,2599,11170,6837,332,282,21219,1402,239,27,1885,406,43,1621,273,33,1402,239,27,Finisher,2494
Sophie,Timmermann,Sophie Timmermann,1242,F30-34,Female,Hamburg,,Germany,DE,0:35:24,3:14:05,1:54:16,0:05:20,0:04:34,5:53:40,2124,11645,6856,320,274,21220,1403,240,47,826,147,28,1615,271,53,1403,240,47,Finisher,2188
Peter,Kottenhahn,Peter Kottenhahn,351,M55-59,Male,München,BY,Germany,DE,0:44:59,2:59:41,1:56:11,0:07:00,0:05:50,5:53:42,2699,10781,6971,420,350,21222,1404,1164,53,1994,1564,71,1532,1284,57,1404,1164,53,Finisher,2075
Adrian,Klenner,Adrian Klenner,505,M25-29,Male,Höxter,Nordrhein-Westfalen ,Germany,DE,0:42:14,2:57:12,2:00:29,0:07:30,0:06:19,5:53:43,2534,10632,7229,450,379,21223,1405,1165,168,1785,1406,216,1384,1173,177,1405,1165,168,Finisher,1581
Natalie,Gaudron,Natalie Gaudron,1737,F25-29,Female,Frankfurt am Main,HE,Germany,DE,0:41:27,3:10:26,1:47:59,0:08:10,0:05:43,5:53:44,2487,11426,6479,490,343,21224,1406,241,59,1705,364,83,1730,311,69,1406,241,59,Finisher,1975
Maren,Maierhöfer,Maren Maierhöfer,1085,F30-34,Female,Heilbronn,Baden-Württemberg,Germany,DE,0:40:26,3:05:53,1:59:02,0:03:42,0:04:44,5:53:46,2426,11153,7142,222,284,21226,1407,242,48,1586,332,63,1484,232,47,1407,242,48,Finisher,2186
Thorsten,Faltermeier,Thorsten Faltermeier,609,M45-49,Male,Regensburg,,Germany,DE,0:38:36,2:57:58,2:06:31,0:04:05,0:06:51,5:54:01,2316,10678,7591,245,411,21241,1408,1166,113,1346,1091,107,1198,1025,101,1408,1166,113,Finisher,1867
Anne,Heintz,Anne Heintz,1608,F35-39,Female,Zittig,--,Luxembourg,LU,0:32:09,2:53:39,2:19:58,0:03:58,0:04:24,5:54:09,1929,10419,8398,238,264,21249,1409,243,30,442,79,9,868,105,17,1409,243,30,Finisher,2219
Simone,Noll,Simone Noll,2295,M50-54,Female,Waldaschaff,,Germany,DE,0:41:28,3:02:57,1:53:48,0:08:24,0:07:36,5:54:14,2488,10977,6828,504,456,21254,1410,1167,96,1711,1347,115,1562,1303,108,1410,1167,96,Finisher,1726
Tobias,Schmidt,Tobias Schmidt,1418,M30-34,Male,Kerpen,North Rhine-Westphalia,Germany,DE,0:45:54,3:01:35,1:56:48,0:04:40,0:05:19,5:54:16,2754,10895,7008,280,319,21256,1411,1168,219,2060,1612,282,1545,1294,226,1411,1168,219,Finisher,1586
Michael,Schweikert,Michael Schweikert,868,M25-29,Male,Bad Schönborn ,BW,Germany,DE,0:36:52,3:01:03,2:05:27,0:04:57,0:05:58,5:54:17,2212,10863,7527,297,358,21257,1412,1169,169,1058,863,119,1269,1086,157,1412,1169,169,Finisher,1571
Robert,Berghoff,Robert Berghoff,2098,M35-39,Male,Stuttgart,BW,Germany,DE,0:30:22,3:08:15,2:01:12,0:07:07,0:07:22,5:54:19,1822,11295,7272,427,442,21259,1413,1170,188,272,223,37,1356,1151,185,1413,1170,188,Finisher,1647
Stijn,Neirynck,Stijn Neirynck,2084,M30-34,Male,Leuven,Flemish Region,Belgium,BE,0:37:57,3:06:45,1:55:32,0:08:22,0:05:43,5:54:20,2277,11205,6932,502,343,21260,1414,1171,220,1235,1005,164,1567,1308,229,1414,1171,220,Finisher,1584
Christopher,Weirauch,Christopher Weirauch,906,M25-29,Male,Hagen,North Rhine-Westphalia,Germany,DE,0:46:36,3:10:12,1:45:53,0:05:44,0:06:00,5:54:26,2796,11412,6353,344,360,21266,1415,1172,170,2090,1633,255,1783,1451,220,1415,1172,170,Finisher,1568
Thibaud,Kremer,Thibaud Kremer,2107,M30-34,Male,thionville,,France,FR,0:41:30,3:02:20,1:57:44,0:06:23,0:06:28,5:54:26,2490,10940,7064,383,388,21266,1416,1173,221,1716,1351,225,1489,1255,219,1416,1173,221,Finisher,1583
Svea,Scholtholt,Svea Scholtholt,729,F30-34,Female,Annecy,,Germany,DE,0:35:59,3:11:15,1:55:55,0:05:19,0:06:07,5:54:35,2159,11475,6955,319,367,21275,1417,244,49,924,163,33,1554,256,50,1417,244,49,Finisher,2171
Maurice,Peche,Maurice Peche,900,M30-34,Male,Horb am Neckar,BW,Germany,DE,0:41:56,3:03:21,1:58:22,0:05:34,0:05:24,5:54:38,2516,11001,7102,334,324,21278,1418,1174,222,1766,1390,234,1515,1274,223,1418,1174,222,Finisher,1579
Stefanie,Ehmann,Stefanie Ehmann,2147,F25-29,Female,Konstanz,Baden-Württemberg,Germany,DE,0:32:07,3:09:33,1:55:45,0:08:47,0:08:26,5:54:39,1927,11373,6945,527,506,21279,1419,245,60,438,77,24,1499,237,53,1419,245,60,Finisher,1958
Ragne,Kuhlow,Ragne Kuhlow,2378,F25-29,Female,Köln,NW,Germany,DE,0:35:00,2:57:59,2:12:46,0:04:29,0:04:32,5:54:46,2100,10679,7966,269,272,21286,1420,246,61,777,142,38,1108,151,40,1420,246,61,Finisher,1956
Lukas,Reissig,Lukas Reissig,1326,M30-34,Male,Alesheim,Bavaria,Germany,DE,0:30:47,2:55:36,2:15:57,0:06:03,0:06:27,5:54:50,1847,10536,8157,363,387,21290,1421,1175,223,309,256,42,958,838,150,1421,1175,223,Finisher,1575
Michael,Dutzi,Michael Dutzi,1042,M40-44,Male,Odenheim,,Germany,DE,0:35:14,3:07:55,2:01:58,0:04:28,0:05:14,5:54:50,2114,11275,7318,268,314,21290,1422,1176,144,811,668,72,1404,1190,150,1422,1176,144,Finisher,1718
Florian,Kanngießer,Florian Kanngießer,752,M35-39,Male,Böblingen,BADEN-WURTTEMBERG,Germany,DE,0:38:29,3:05:36,1:59:44,0:06:20,0:04:45,5:54:53,2309,11136,7184,380,285,21293,1423,1177,189,1325,1075,171,1497,1261,198,1423,1177,189,Finisher,1637
Max,Espen,Max Espen,587,M30-34,Male,Mertert,,Luxembourg,LU,0:41:37,3:05:59,1:53:11,0:07:39,0:06:31,5:54:57,2497,11159,6791,459,391,21297,1424,1178,224,1734,1366,227,1626,1352,239,1424,1178,224,Finisher,1573
Decroisson ,Nicolas,Decroisson Nicolas,1306,M30-34,Male,Hélécine ,Brabant wallon,Belgium,BE,0:42:15,3:04:51,1:55:34,0:06:33,0:05:46,5:54:59,2535,11091,6934,393,346,21299,1425,1179,225,1791,1411,240,1591,1325,233,1425,1179,225,Finisher,1573
Yann,Hoffmann,Yann Hoffmann,2453,M45-49,Male,BASCHARAGE,LU-CAPELLEN,Luxembourg,LU,0:43:57,2:57:51,2:04:59,0:03:19,0:04:55,5:55:01,2637,10671,7499,199,295,21301,1426,1180,114,1932,1517,146,1335,1134,108,1426,1180,114,Finisher,1849
Sven,Leiß,Sven Leiß,691,M35-39,Male,Magdeburg,SACHSEN-ANHALT,Germany,DE,0:45:57,3:12:01,1:45:35,0:05:56,0:05:32,5:55:02,2757,11521,6335,356,332,21302,1427,1181,190,2062,1614,247,1815,1477,227,1427,1181,190,Finisher,1634
vincent,jahn,vincent jahn,2160,M18-24,Male,Darmstadt,Hesse,Germany,DE,0:35:39,3:05:45,2:02:10,0:05:09,0:06:19,5:55:03,2139,11145,7330,309,379,21303,1428,1182,112,864,709,71,1373,1166,103,1428,1182,112,Finisher,1383
Elisa Maria ,Horlacher,Elisa Maria Horlacher,2290,F25-29,Female,Dielheim,Baden-Württemberg,Germany,DE,0:42:22,2:58:22,2:05:50,0:03:14,0:05:18,5:55:06,2542,10702,7550,194,318,21306,1429,247,62,1803,382,88,1302,194,46,1429,247,62,Finisher,1950
Winsley,Von Spee,Winsley Von Spee,2533,M40-44,Male,Düsseldorf,,Germany,DE,0:39:49,2:57:05,2:10:35,0:03:58,0:03:41,5:55:08,2389,10625,7835,238,221,21308,1430,1183,145,1514,1207,152,1203,1029,129,1430,1183,145,Finisher,1712
Denise,Beutelt,Denise Beutelt,1663,F40-44,Female,Moers,NW,Germany,DE,0:37:10,3:06:06,1:59:59,0:05:36,0:06:23,5:55:14,2230,11166,7199,336,383,21314,1431,248,28,1112,206,22,1449,225,23,1431,248,28,Finisher,2465
Christoph,Ache,Christoph Ache,1366,M35-39,Male,Dortmund,North Rhine-Westphalia,Germany,DE,0:42:03,3:12:28,1:52:09,0:04:19,0:04:18,5:55:17,2523,11548,6729,259,258,21317,1432,1184,191,1771,1395,209,1699,1401,215,1432,1184,191,Finisher,1629
Dmitrii,Litvinov,Dmitrii Litvinov,876,M40-44,Male,Wiesloch,,Germany,DE,0:36:09,3:06:40,1:59:40,0:05:50,0:06:58,5:55:17,2169,11200,7180,350,418,21317,1433,1185,146,952,782,87,1441,1219,156,1433,1185,146,Finisher,1709
Christian,Rochlitz,Christian Rochlitz,269,M40-44,Male,Stuttgart,Baden-Württemberg,Germany,DE,0:47:54,2:58:37,1:51:59,0:07:47,0:09:01,5:55:18,2874,10717,6719,467,541,21318,1434,1186,147,2126,1661,207,1603,1336,173,1434,1186,147,Finisher,1709
Emilio,Gimenez Serantes,Emilio Gimenez Serantes,588,M45-49,Male,Castelldefels,BARCELONA [BARCELONA],Argentina,AR,0:37:26,3:07:00,2:01:58,0:04:56,0:03:58,5:55:19,2246,11220,7318,296,238,21319,1435,1187,115,1150,937,89,1462,1236,121,1435,1187,115,Finisher,1844
Thomas,Zimmermann,Thomas Zimmermann,1360,M35-39,Male,Adelsheim,Baden-Württemberg,Germany,DE,0:32:58,2:44:05,2:25:08,0:06:44,0:06:24,5:55:20,1978,9845,8708,404,384,21320,1436,1188,192,541,438,76,693,614,110,1436,1188,192,Finisher,1628
Jochen,Huygen,Jochen Huygen,1960,M25-29,Male,Hoogstraten,Flemish Region,Belgium,BE,0:32:50,2:52:35,2:16:18,0:04:40,0:08:57,5:55:20,1970,10355,8178,280,537,21320,1437,1189,171,524,425,61,879,770,102,1437,1189,171,Finisher,1552
Jörg,Zech,Jörg Zech,2462,M60-64,Male,Mainz,,Germany,DE,0:31:42,2:59:41,2:13:45,0:05:02,0:05:17,5:55:27,1902,10781,8025,302,317,21327,1438,1190,33,395,329,8,1069,926,30,1438,1190,33,Finisher,2297
Sarah,Duurloo,Sarah Duurloo,653,F35-39,Female,Berchem,,Belgium,BE,0:37:01,3:11:45,1:56:39,0:04:26,0:05:38,5:55:29,2221,11505,6999,266,338,21329,1439,249,31,1080,202,23,1572,262,31,1439,249,31,Finisher,2195
Katrin,Maiwald,Katrin Maiwald,1231,F45-49,Female,Gelnhausen,Hesse,Germany,DE,0:34:18,3:12:20,2:00:11,0:04:02,0:04:38,5:55:29,2058,11540,7211,242,278,21329,1440,250,18,690,122,8,1504,238,20,1440,250,18,Finisher,2425
Svenja,Schlindwein,Svenja Schlindwein,1138,F40-44,Female,Östringen,BADEN-WURTTEMBERG,Germany,DE,0:35:25,3:05:39,2:05:13,0:04:05,0:05:08,5:55:31,2125,11139,7513,245,308,21331,1441,251,29,828,149,13,1338,202,22,1441,251,29,Finisher,2460
Johannes,Sänger,Johannes Sänger,1210,M30-34,Male,Karlsruhe,Baden-Württemberg,Germany,DE,0:33:58,2:50:49,2:18:47,0:05:22,0:06:35,5:55:32,2038,10249,8327,322,395,21332,1442,1191,226,641,529,89,884,772,140,1442,1191,226,Finisher,1563
Thiemo,Soboll ,Thiemo Soboll,863,M35-39,Male,Essen,North Rhine-Westphalia,Germany,DE,0:34:40,2:51:17,2:17:41,0:05:36,0:06:21,5:55:35,2080,10277,8261,336,381,21335,1443,1192,193,723,593,102,931,814,137,1443,1192,193,Finisher,1624
Nina,Arnold,Nina Arnold,1921,F45-49,Female,Mannheim,Baden-Württemberg,Germany,DE,0:45:23,3:02:05,1:57:59,0:05:01,0:05:15,5:55:43,2723,10925,7079,301,315,21343,1444,252,19,2019,435,37,1551,254,23,1444,252,19,Finisher,2421
Enzo,Hilzinger,Enzo Hilzinger,549,M25-29,Male,Sandhausen,,Germany,DE,0:38:50,2:53:33,2:08:04,0:07:15,0:08:01,5:55:43,2330,10413,7684,435,481,21343,1445,1193,172,1380,1113,155,1169,1000,141,1445,1193,172,Finisher,1545
Lorenz,Krabatsch,Lorenz Krabatsch,2155,M18-24,Male,Karlsruhe,Baden-Württemberg,Germany,DE,0:43:02,2:50:26,2:10:24,0:06:52,0:05:00,5:55:44,2582,10226,7824,412,300,21344,1446,1194,113,1861,1462,142,1187,1016,96,1446,1194,113,Finisher,1370
Vanessa,Mächtel,Vanessa Mächtel,544,F25-29,Female,Düsseldorf,North Rhine-Westphalia,Germany,DE,0:41:21,3:08:29,1:52:03,0:05:39,0:08:25,5:55:57,2481,11309,6723,339,505,21357,1447,253,63,1693,362,81,1631,275,62,1447,253,63,Finisher,1935
Gabriel,Cremers,Gabriel Cremers,1703,M40-44,Male,Marxzell,,Germany,DE,0:41:27,3:01:32,2:00:37,0:06:39,0:05:44,5:55:59,2487,10892,7237,399,344,21359,1448,1195,148,1707,1343,173,1468,1241,158,1448,1195,148,Finisher,1697
Marco,Grimaldi,Marco Grimaldi,2373,M50-54,Male,Seregno,,Italy,IT,0:40:15,3:02:33,2:02:15,0:05:11,0:05:48,5:56:02,2415,10953,7335,311,348,21362,1449,1196,97,1567,1245,106,1417,1200,102,1449,1196,97,Finisher,1694
Lisa,Aunkofer,Lisa Aunkofer,1010,F30-34,Female,Köln,North Rhine-Westphalia,Germany,DE,0:37:06,3:13:37,1:52:40,0:07:05,0:05:40,5:56:08,2226,11617,6760,425,340,21368,1450,254,50,1100,205,44,1680,292,56,1450,254,50,Finisher,2144
Judith,Steiner,Judith Steiner,1651,F45-49,Female,Wallisellen,,Switzerland,CH,0:42:58,3:05:49,1:56:47,0:04:48,0:05:49,5:56:11,2578,11149,7007,288,349,21371,1451,255,20,1855,398,34,1588,266,25,1451,255,20,Finisher,2412
Luca,Banca,Luca Banca,1256,M25-29,Male,Casorate Sempione,Lombardy,Italy,IT,0:39:26,2:53:44,2:03:39,0:09:48,0:09:35,5:56:12,2366,10424,7419,588,575,21372,1452,1197,173,1475,1184,169,1272,1087,158,1452,1197,173,Finisher,1536
Nils,Grimmelykhuizen,Nils Grimmelykhuizen,390,M40-44,Male,München,BAYERN,Germany,DE,0:39:42,3:03:42,1:57:27,0:07:36,0:07:46,5:56:13,2382,11022,7047,456,466,21373,1453,1198,149,1506,1203,150,1520,1278,164,1453,1198,149,Finisher,1693
Andreas,Hilgenbrink,Andreas Hilgenbrink,465,M40-44,Male,Münster,NW,Germany,DE,0:39:16,3:02:37,2:00:28,0:08:28,0:05:29,5:56:18,2356,10957,7228,508,329,21378,1454,1199,150,1448,1168,145,1496,1260,162,1454,1199,150,Finisher,1691
David,Lempke,David Lempke,2060,M30-34,Male,Wolfsburg,,Germany,DE,0:42:03,3:05:25,1:57:41,0:05:34,0:05:36,5:56:18,2523,11125,7061,334,336,21378,1455,1200,227,1774,1398,236,1564,1305,228,1455,1200,227,Finisher,1549
Moritz,Kleinau,Moritz Kleinau,1876,M18-24,Male,Düsseldorf,NW,Germany,DE,0:40:27,3:05:05,1:59:41,0:06:28,0:04:39,5:56:20,2427,11105,7181,388,279,21380,1456,1201,114,1588,1255,117,1540,1290,118,1456,1201,114,Finisher,1360
Sven,Braun,Sven Braun,1901,M35-39,Male,Steinmauern ,BW,Germany,DE,0:38:35,2:45:40,2:21:27,0:05:43,0:04:58,5:56:24,2315,9940,8487,343,298,21384,1457,1202,194,1344,1089,173,875,768,130,1457,1202,194,Finisher,1609
Jakob,Mentzingen,Jakob Mentzingen,1304,M30-34,Male,Frankfurt am Main,,Germany,DE,0:41:44,3:08:41,1:51:12,0:07:16,0:07:31,5:56:24,2504,11321,6672,436,451,21384,1458,1203,228,1748,1376,228,1674,1384,249,1458,1203,228,Finisher,1547
Dominik,Kies,Dominik Kies,917,M35-39,Male,Karlsbad,Baden-Württemberg,Germany,DE,0:47:17,2:59:13,1:58:19,0:06:34,0:05:04,5:56:27,2837,10753,7099,394,304,21387,1459,1204,195,2107,1646,250,1565,1306,207,1459,1204,195,Finisher,1608
Jürgen,Müller,Jürgen Müller,1050,M60-64,Male,Vellmar,HE,Germany,DE,0:43:44,3:15:23,1:47:39,0:04:32,0:05:09,5:56:27,2624,11723,6459,272,309,21387,1460,1205,34,1913,1502,56,1808,1471,55,1460,1205,34,Finisher,2279
Aleksandr ,Kim,Aleksandr Kim,713,M55-59,Male,Тоshkent,TOSHKENT,Uzbekistan,UZ,0:43:32,3:09:44,1:51:32,0:06:09,0:05:31,5:56:28,2612,11384,6692,369,331,21388,1461,1206,54,1900,1491,65,1710,1407,64,1461,1206,54,Finisher,2026
Anne,von Wolff,Anne von Wolff,662,F18-24,Female,Neubiberg,Bavaria,Germany,DE,0:40:04,3:08:52,1:57:03,0:05:48,0:04:43,5:56:30,2404,11332,7023,348,283,21390,1462,256,18,1542,316,29,1613,269,18,1462,256,18,Finisher,2285
Denis,Zoz,Denis Zoz,704,M35-39,Male,Bretten,Baden-Württemberg,Germany,DE,0:40:31,3:15:10,1:49:00,0:05:40,0:06:11,5:56:31,2431,11710,6540,340,371,21391,1463,1207,196,1597,1261,192,1758,1435,222,1463,1207,196,Finisher,1607
Marc,Ostendorf,Marc Ostendorf,2171,M45-49,Male,Rhede,,Germany,DE,0:46:22,2:50:51,2:08:23,0:05:30,0:05:33,5:56:38,2782,10251,7703,330,333,21398,1464,1208,116,2081,1627,154,1262,1080,104,1464,1208,116,Finisher,1820
Marcel,Salein,Marcel Salein,498,M40-44,Male,Grünstadt,,Germany,DE,0:37:58,3:02:35,2:06:29,0:03:23,0:06:28,5:56:54,2278,10955,7589,203,388,21414,1465,1209,151,1237,1007,122,1299,1106,140,1465,1209,151,Finisher,1680
Melanie,Ludwig,Melanie Ludwig,1742,F50-54,Female,Bad Soden am Taunus,Hesse,Germany,DE,0:37:01,3:01:14,2:06:09,0:05:04,0:07:29,5:56:56,2221,10874,7569,304,449,21416,1466,257,17,1081,203,15,1281,190,14,1466,257,17,Finisher,2412
Martin,Haag,Martin Haag,1882,M35-39,Male,Essenheim,Rhineland-Palatinate,Germany,DE,0:36:29,3:23:33,1:42:19,0:08:30,0:06:11,5:57:03,2189,12213,6139,510,371,21423,1467,1210,197,1005,824,138,1898,1536,238,1467,1210,197,Finisher,1598
Robin,Kies,Robin Kies,908,M30-34,Male,Ettlingen,BADEN-WURTTEMBERG,Germany,DE,0:44:01,2:55:47,2:08:34,0:04:25,0:04:17,5:57:04,2641,10547,7714,265,257,21424,1468,1211,229,1937,1520,262,1308,1114,198,1468,1211,229,Finisher,1535
Pascal,Noack,Pascal Noack,2189,M30-34,Male,Bockenheim an der Weinstraße ,Rheinland Pfalz ,Germany,DE,0:47:53,3:00:17,1:56:39,0:05:08,0:07:09,5:57:05,2873,10817,6999,308,429,21425,1469,1212,230,2125,1660,289,1578,1316,230,1469,1212,230,Finisher,1535
Alberto,Gariboldi,Alberto Gariboldi,679,M40-44,Male,Paderno Dugnano,AB,Italy,IT,0:38:10,2:56:00,2:09:05,0:05:12,0:08:40,5:57:07,2290,10560,7745,312,520,21427,1470,1213,152,1272,1034,128,1163,997,123,1470,1213,152,Finisher,1676
Mauricio,Plegt,Mauricio Plegt,684,M30-34,Male,Tubbergen,Overijssel,Netherlands,NL,0:39:25,3:03:58,1:55:18,0:10:54,0:07:34,5:57:10,2365,11038,6918,654,454,21430,1471,1214,231,1473,1182,199,1602,1335,236,1471,1214,231,Finisher,1533
Achim,Hößle,Achim Hößle,565,M65-69,Male,Bruchsal,Baden-Württemberg,Germany,DE,0:40:48,3:02:22,1:59:30,0:06:03,0:08:32,5:57:14,2448,10942,7170,363,512,21434,1472,1215,7,1633,1288,12,1458,1232,9,1472,1215,7,Finisher,2688
Jean-Christophe,OBID,Jean-Christophe OBID,2354,M35-39,Male,Rouhling,Grand Est,France,FR,0:36:25,3:01:04,2:10:57,0:04:28,0:04:29,5:57:23,2185,10864,7857,268,269,21443,1473,1216,198,993,813,136,1240,1065,173,1473,1216,198,Finisher,1592
Iris,Hensel,Iris Hensel,293,F45-49,Female,Mainz,,Germany,DE,0:39:30,2:59:26,2:08:49,0:04:07,0:05:36,5:57:28,2370,10766,7729,247,336,21448,1474,258,21,1479,294,24,1277,187,14,1474,258,21,Finisher,2389
Roman,Hesse,Roman Hesse,2128,M25-29,Male,München,,Germany,DE,0:35:48,2:57:28,2:15:05,0:04:24,0:04:51,5:57:35,2148,10648,8105,264,291,21455,1475,1217,174,890,731,101,1114,961,132,1475,1217,174,Finisher,1511
Basil,Bachmann,Basil Bachmann,1141,M30-34,Male,Olten,Solothurn,Switzerland,CH,0:35:46,2:55:09,2:11:49,0:06:29,0:08:32,5:57:46,2146,10509,7909,389,512,21466,1476,1218,232,885,726,115,1103,953,169,1476,1218,232,Finisher,1523
Henrik,Franke,Henrik Franke,1215,M30-34,Male,Mannheim ,Baden-Württemberg,Germany,DE,0:40:36,2:58:18,2:06:26,0:05:04,0:07:25,5:57:48,2436,10698,7586,304,445,21468,1477,1219,233,1606,1266,212,1301,1108,193,1477,1219,233,Finisher,1522
Andreas,Herrmann,Andreas Herrmann,2173,M60-64,Male,Winnenden ,,Germany,DE,0:30:24,2:56:55,2:17:11,0:05:30,0:07:53,5:57:53,1824,10615,8231,330,473,21473,1478,1220,35,276,227,3,969,846,24,1478,1220,35,Finisher,2254
Hendrik,Schauerte,Hendrik Schauerte,1893,M40-44,Male,Pulheim,North Rhine-Westphalia,Germany,DE,0:37:20,3:04:09,2:05:54,0:04:55,0:05:38,5:57:55,2240,11049,7554,295,338,21475,1479,1221,153,1140,928,109,1370,1163,146,1479,1221,153,Finisher,1662
Thomas F.,Stadler,Thomas F. Stadler,233,M50-54,Male,Penzberg,BAYERN,Germany,DE,0:33:06,2:51:36,2:21:01,0:05:14,0:07:00,5:57:57,1986,10296,8461,314,420,21477,1480,1222,98,559,453,39,874,767,65,1480,1222,98,Finisher,1659
Maurice,Didion,Maurice Didion,467,M35-39,Male,Dortmund,Nordrhein-Westfalen,Germany,DE,0:42:53,3:02:58,2:00:28,0:05:03,0:06:39,5:58:01,2573,10978,7228,303,399,21481,1481,1223,199,1843,1450,220,1516,1275,203,1481,1223,199,Finisher,1580
Anna,Ebsen,Anna Ebsen,349,F30-34,Female,Frankfurt am Main,Hesse,Germany,DE,0:39:39,3:17:56,1:51:16,0:04:17,0:04:53,5:58:01,2379,11876,6676,257,293,21481,1482,259,51,1492,298,59,1767,328,67,1482,259,51,Finisher,2110
Gordian,Häseler,Gordian Häseler,2253,M40-44,Male,Mühltal,HE,Germany,DE,0:36:50,2:59:28,2:12:46,0:03:57,0:05:04,5:58:05,2210,10768,7966,237,304,21485,1483,1224,154,1050,857,96,1186,1015,126,1483,1224,154,Finisher,1659
Trevor,Foemmel,Trevor Foemmel,1352,M18-24,Male,Marshfield,Wisconsin,United States,US,0:52:15,3:06:59,1:50:27,0:04:07,0:04:19,5:58:06,3135,11219,6627,247,259,21486,1484,1225,115,2212,1720,167,1797,1463,137,1484,1225,115,Finisher,1328
Fabian,Laube,Fabian Laube,1069,M25-29,Male,Hilchenbach,,Germany,DE,0:34:46,2:59:25,2:17:21,0:02:41,0:04:11,5:58:24,2086,10765,8241,161,251,21504,1485,1226,175,739,605,84,1086,939,127,1485,1226,175,Finisher,1496
Paula,Bejnarowicz,Paula Bejnarowicz,648,F35-39,Female,Grays,ESS,Poland,PL,0:36:55,3:14:50,1:57:50,0:04:33,0:04:17,5:58:26,2215,11690,7070,273,257,21506,1486,260,32,1068,198,22,1653,282,36,1486,260,32,Finisher,2141
Jan,Horstkoetter,Jan Horstkoetter,2323,M30-34,Male,Köln,North Rhine-Westphalia,Germany,DE,0:44:32,3:03:00,1:53:35,0:07:57,0:09:26,5:58:29,2672,10980,6815,477,566,21509,1487,1227,234,1973,1548,268,1630,1356,241,1487,1227,234,Finisher,1510
Chica,Bijwaard,Chica Bijwaard,2221,F40-44,Female,Wervershoof,,Netherlands,NL,0:45:46,2:59:55,1:55:18,0:06:30,0:11:03,5:58:34,2746,10795,6918,390,663,21514,1488,261,30,2049,444,46,1546,252,30,1488,261,30,Finisher,2405
Jannes,Bonin,Jannes Bonin,1421,M18-24,Male,Mainz,Rhineland-Palatinate,Germany,DE,0:40:43,3:12:04,1:53:57,0:05:20,0:06:31,5:58:35,2443,11524,6837,320,391,21515,1489,1228,116,1622,1279,119,1686,1393,132,1489,1228,116,Finisher,1319
Manuel,Huber,Manuel Huber,1146,M40-44,Male,Heimsheim,,Germany,DE,0:35:15,3:03:26,2:07:50,0:06:37,0:05:30,5:58:38,2115,11006,7670,397,330,21518,1490,1229,155,813,670,73,1342,1140,145,1490,1229,155,Finisher,1649
Neele,Rheinländer ,Neele Rheinländer,1288,F25-29,Female,Hannover,Lower Saxony,Germany,DE,0:38:52,3:17:10,1:52:28,0:04:04,0:06:13,5:58:48,2332,11830,6748,244,373,21528,1491,262,64,1387,268,64,1736,313,70,1491,262,64,Finisher,1883
Kevin,Dickgiesser,Kevin Dickgiesser,1084,M40-44,Male,Bad Schönborn,Baden Württemberg,Germany,DE,0:38:46,2:51:26,2:18:10,0:04:26,0:06:00,5:58:48,2326,10286,8290,266,360,21528,1492,1230,156,1372,1109,139,1020,887,111,1492,1230,156,Finisher,1646
Tom,Wyns,Tom Wyns,980,M45-49,Male,Ternat,,Belgium,BE,0:41:18,3:03:47,1:57:41,0:08:07,0:07:56,5:58:49,2478,11027,7061,487,476,21529,1493,1231,117,1689,1328,131,1571,1310,128,1493,1231,117,Finisher,1781
Vitus,Schindera,Vitus Schindera,1028,M18-24,Male,München,BAYERN,Germany,DE,0:36:34,3:05:47,2:06:04,0:06:06,0:04:25,5:58:56,2194,11147,7564,366,265,21536,1494,1232,117,1015,832,82,1430,1211,109,1494,1232,117,Finisher,1313
Marie-Christin,Schulz,Marie-Christin Schulz,391,F30-34,Female,München,Bayern,Germany,DE,0:36:42,3:03:18,2:03:09,0:07:20,0:08:29,5:58:58,2202,10998,7389,440,509,21538,1495,263,52,1028,188,40,1394,212,44,1495,263,52,Finisher,2093
Max,Weipert,Max Weipert,1399,M25-29,Male,Mainz,Rhineland-Palatinate,Germany,DE,0:40:43,3:00:00,2:06:57,0:05:40,0:05:38,5:58:58,2443,10800,7617,340,338,21538,1496,1233,176,1621,1278,185,1369,1162,175,1496,1233,176,Finisher,1486
Felix,Koßwig,Felix Koßwig,1785,M25-29,Male,Mannheim,Baden-Württemberg,Germany,DE,0:38:32,3:17:49,1:46:32,0:07:58,0:08:08,5:58:58,2312,11869,6392,478,488,21538,1497,1234,177,1335,1081,147,1823,1483,224,1497,1234,177,Finisher,1486
Christian,Lage,Christian Lage,1843,M40-44,Male,Heusenstamm,Hesse,Germany,DE,0:41:05,2:57:54,2:04:35,0:09:01,0:06:33,5:59:07,2465,10674,7475,541,393,21547,1498,1235,157,1659,1303,169,1419,1202,153,1498,1235,157,Finisher,1640
Raphael,Künzi,Raphael Künzi,1498,M35-39,Male,Münchenbuchsee,,Switzerland,CH,0:38:11,3:04:09,2:03:37,0:06:58,0:06:15,5:59:10,2291,11049,7417,418,375,21550,1499,1236,200,1277,1039,168,1461,1235,192,1499,1236,200,Finisher,1559
Pascal,Diemer,Pascal Diemer,1858,M25-29,Male,München,Bavaria,Germany,DE,0:40:39,3:04:52,2:00:14,0:07:04,0:06:23,5:59:12,2439,11092,7214,424,383,21552,1500,1237,178,1614,1272,184,1555,1299,192,1500,1237,178,Finisher,1482
Tim,Graever,Tim Graever,1597,M18-24,Male,Hannover,Lower Saxony,Germany,DE,0:37:35,3:07:10,1:58:55,0:07:06,0:08:32,5:59:19,2255,11230,7135,426,512,21559,1501,1238,118,1176,956,91,1537,1288,117,1501,1238,118,Finisher,1306
Daniel,Kopprasch,Daniel Kopprasch,659,M30-34,Male,Waghäusel-Wiesental,BW,Germany,DE,0:37:17,3:05:22,2:06:06,0:05:03,0:05:36,5:59:24,2237,11122,7566,303,336,21564,1502,1239,235,1134,923,152,1408,1194,209,1502,1239,235,Finisher,1493
Mark,Van der Horst,Mark Van der Horst,1221,M40-44,Male,Heerhugowaard,,Netherlands,NL,0:36:12,3:09:14,2:05:05,0:04:26,0:04:31,5:59:28,2172,11354,7505,266,271,21568,1503,1240,158,958,787,88,1477,1247,160,1503,1240,158,Finisher,1634
Michael,Quirke,Michael Quirke,1869,M45-49,Male,Milltown,"Kerry, Cork",Ireland,IE,0:38:59,3:03:17,2:05:25,0:05:26,0:06:23,5:59:29,2339,10997,7525,326,383,21569,1504,1241,118,1404,1132,114,1407,1193,115,1504,1241,118,Finisher,1769
Pascal,Nguyen,Pascal Nguyen,501,M30-34,Male,Cologne,North Rhine-Westphalia,Germany,DE,0:43:45,3:13:15,1:47:31,0:06:29,0:08:34,5:59:34,2625,11595,6451,389,514,21574,1505,1242,236,1917,1506,259,1803,1468,264,1505,1242,236,Finisher,1490
Alexander,Gold,Alexander Gold,2400,M25-29,Male,Taufkirchen,Bavaria,Germany,DE,0:43:01,2:53:39,2:00:13,0:11:28,0:11:14,5:59:35,2581,10419,7213,688,674,21575,1506,1243,179,1859,1460,226,1424,1205,182,1506,1243,179,Finisher,1475
Stephan,Huhn,Stephan Huhn,370,M55-59,Male,Wiesbaden,HESSEN,Germany,DE,0:36:02,3:14:25,1:57:31,0:05:12,0:06:26,5:59:36,2162,11665,7051,312,386,21576,1507,1244,55,932,768,31,1635,1360,60,1507,1244,55,Finisher,1969
Marcus,de Minckwitz,Marcus de Minckwitz,317,M35-39,Male,London,England,United Kingdom,GB,0:38:10,3:28:03,1:42:30,0:05:30,0:05:23,5:59:36,2290,12483,6150,330,323,21576,1508,1245,201,1274,1036,166,1952,1571,245,1508,1245,201,Finisher,1552
Thorben,Sieber,Thorben Sieber,1251,M25-29,Male,Wiesloch,Baden-Württemberg,Germany,DE,0:39:40,3:14:16,1:43:59,0:12:06,0:09:37,5:59:37,2380,11656,6239,726,577,21577,1509,1246,180,1496,1197,172,1852,1501,228,1509,1246,180,Finisher,1475
Felix,Kammler,Felix Kammler,1489,M25-29,Male,Ingolstadt,BY,Germany,DE,0:41:05,3:03:49,2:00:56,0:07:54,0:05:55,5:59:39,2465,11029,7256,474,355,21579,1510,1247,181,1658,1302,192,1560,1301,193,1510,1247,181,Finisher,1474
Julian,Rundio,Julian Rundio,1700,M35-39,Male,Karlsruhe,BW,Germany,DE,0:43:35,3:10:58,1:54:33,0:05:31,0:05:19,5:59:55,2615,11458,6873,331,319,21595,1511,1248,202,1904,1494,225,1733,1421,219,1511,1248,202,Finisher,1546
Ruben,Hartwig,Ruben Hartwig,327,M45-49,Male,Düsseldorf,NORDRHEIN-WESTFALEN,Germany,DE,0:44:53,3:02:08,2:00:51,0:05:29,0:06:37,5:59:57,2693,10928,7251,329,397,21597,1512,1249,119,1989,1560,149,1552,1298,127,1512,1249,119,Finisher,1760
Michael,Koehler,Michael Koehler,2318,M45-49,Male,Flonheim,Rhineland-Palatinate,Germany,DE,0:38:00,3:15:17,1:56:15,0:05:28,0:05:00,6:00:00,2280,11717,6975,328,300,21600,1513,1250,120,1244,1014,100,1695,1398,135,1513,1250,120,Finisher,1760
Julia ,Uffelmann,Julia Uffelmann,2235,F40-44,Female,Gelnhausen,Hesse,Germany,DE,0:36:06,2:55:47,2:19:22,0:03:30,0:05:24,6:00:09,2166,10547,8362,210,324,21609,1514,264,31,943,168,19,1042,140,17,1514,264,31,Finisher,2377
Delphine,Wentzo,Delphine Wentzo,2202,F45-49,Female,METZ,,France,FR,0:42:57,3:05:05,1:59:55,0:04:35,0:07:39,6:00:11,2577,11105,7195,275,459,21611,1515,265,22,1853,397,33,1558,258,24,1515,265,22,Finisher,2340
Peter,Schopphoven,Peter Schopphoven,2046,M35-39,Male,Juechen,,Germany,DE,0:44:24,3:09:47,1:55:06,0:05:52,0:05:17,6:00:26,2664,11387,6906,352,317,21626,1516,1251,203,1963,1540,234,1732,1420,218,1516,1251,203,Finisher,1537
Martin,Simon,Martin Simon,579,M60-64,Male,Duisburg,,Germany,DE,0:35:12,3:09:21,2:03:11,0:05:35,0:07:24,6:00:43,2112,11361,7391,335,444,21643,1517,1252,36,806,663,25,1487,1254,46,1517,1252,36,Finisher,2203
Pascal,Brockerhoff,Pascal Brockerhoff,382,M40-44,Male,Frankfurt am Main,,Germany,DE,0:45:01,2:56:35,2:06:54,0:06:54,0:05:22,6:00:47,2701,10595,7614,414,322,21647,1518,1253,159,1999,1567,198,1436,1214,154,1518,1253,159,Finisher,1610
Matthieu,Barrere,Matthieu Barrere,499,M18-24,Male,Heidelberg,Baden-Württemberg,Germany,DE,0:39:51,3:07:19,1:57:26,0:08:34,0:07:42,6:00:51,2391,11239,7046,514,462,21651,1519,1254,119,1520,1211,114,1638,1363,128,1519,1254,119,Finisher,1278
Werner,Beitz,Werner Beitz,2404,M60-64,Male,Rüdesheim,,Germany,DE,0:36:33,3:02:22,2:09:00,0:05:37,0:07:30,6:01:01,2193,10942,7740,337,450,21661,1520,1255,37,1010,828,30,1318,1120,39,1520,1255,37,Finisher,2197
Norbert,Deen,Norbert Deen,2105,M50-54,Male,Maastricht,,Netherlands,NL,0:36:23,2:58:57,2:12:26,0:04:36,0:08:42,6:01:04,2183,10737,7946,276,522,21664,1521,1256,99,984,807,78,1178,1007,86,1521,1256,99,Finisher,1603
Markus,Dietz,Markus Dietz,1006,M55-59,Male,Ladenburg,BADEN-WURTTEMBERG,Germany,DE,0:39:05,3:02:27,2:07:28,0:05:11,0:07:00,6:01:10,2345,10947,7648,311,420,21670,1522,1257,56,1419,1145,51,1378,1168,53,1522,1257,56,Finisher,1941
Susanne,Neumann,Susanne Neumann,421,F50-54,Female,Welver,,Germany,DE,0:48:43,3:15:33,1:45:34,0:05:20,0:06:09,6:01:19,2923,11733,6334,320,369,21679,1523,266,18,2149,471,36,1916,369,26,1523,266,18,Finisher,2333
Marvin,Seemaier,Marvin Seemaier,987,M25-29,Male,Calw,Baden-Württemberg,Germany,DE,0:44:11,3:06:57,1:56:58,0:07:26,0:06:02,6:01:34,2651,11217,7018,446,362,21694,1524,1258,182,1947,1528,239,1694,1397,211,1524,1258,182,Finisher,1439
Tim,Obert,Tim Obert,1508,M25-29,Male,Bötzingen,BW,Germany,DE,0:35:57,3:04:25,2:10:24,0:05:51,0:05:08,6:01:46,2157,11065,7824,351,308,21706,1525,1259,183,916,755,103,1364,1158,172,1525,1259,183,Finisher,1436
Nicole,Müther,Nicole Müther,1383,F50-54,Female,Gütersloh,,Germany,DE,0:39:27,3:08:11,1:56:54,0:08:05,0:09:17,6:01:54,2367,11291,7014,485,557,21714,1526,267,19,1478,293,21,1639,276,21,1526,267,19,Finisher,2323
Stephanie,Lhomme,Stephanie Lhomme,449,F50-54,Female,Luxembourg,,France,FR,0:41:44,3:12:38,1:50:43,0:07:26,0:09:33,6:02:02,2504,11558,6643,446,573,21722,1527,268,20,1746,372,30,1766,327,22,1527,268,20,Finisher,2320
emanuel,Schaffer,emanuel Schaffer,1698,M35-39,Male,Luzern,,Austria,AT,0:42:12,3:13:50,1:57:25,0:03:54,0:04:42,6:02:03,2532,11630,7045,234,282,21723,1528,1260,204,1783,1405,211,1727,1417,217,1528,1260,204,Finisher,1508
Lea,Herper,Lea Herper,934,F25-29,Female,Mühltal,HE,Germany,DE,0:39:50,3:15:54,1:56:39,0:05:02,0:04:40,6:02:04,2390,11754,6999,302,280,21724,1529,269,65,1516,308,70,1746,320,72,1529,269,65,Finisher,1825
Marcel,Schmalz,Marcel Schmalz,1847,M25-29,Male,Augsburg,Bavaria,Germany,DE,0:41:50,3:10:37,1:59:05,0:05:16,0:05:19,6:02:07,2510,11437,7145,316,319,21727,1530,1261,184,1757,1383,212,1676,1385,209,1530,1261,184,Finisher,1430
Joel,Zehnder,Joel Zehnder,2227,M25-29,Male,Affoltern am Albis,Zurich,Switzerland,CH,0:43:01,2:59:18,2:05:25,0:07:35,0:06:53,6:02:12,2581,10758,7525,455,413,21732,1531,1262,185,1860,1461,227,1480,1250,185,1531,1262,185,Finisher,1428
Moritz,Nadler,Moritz Nadler,1859,M18-24,Male,Küstriner Vorland,,Germany,DE,0:39:19,2:47:43,2:23:11,0:05:56,0:06:04,6:02:13,2359,10063,8591,356,364,21733,1532,1263,120,1455,1172,112,973,849,78,1532,1263,120,Finisher,1254
Moritz,Allmendinger,Moritz Allmendinger,2146,M25-29,Male,Pfedelbach,Baden-Württemberg,Germany,DE,0:29:16,2:46:54,2:38:30,0:03:51,0:03:49,6:02:18,1756,10014,9510,231,229,21738,1533,1264,186,191,165,24,572,505,73,1533,1264,186,Finisher,1426
Katharina,Roth,Katharina Roth,725,F30-34,Female,Goldbach,,Germany,DE,0:36:21,3:18:02,1:57:46,0:04:23,0:06:00,6:02:33,2181,11882,7066,263,360,21753,1534,270,53,978,177,35,1697,298,58,1534,270,53,Finisher,2028
Raphaela,Raih,Raphaela Raih,2275,F30-34,Female,Ettlingen,Baden-Württemberg,Germany,DE,0:40:50,3:12:56,1:53:12,0:07:08,0:08:26,6:02:33,2450,11576,6792,428,506,21753,1535,271,54,1639,348,68,1749,321,66,1535,271,54,Finisher,2028
Agnes,Bognar,Agnes Bognar,406,F45-49,Female,Frankfurt am Main,,Hungary,HU,0:39:05,3:15:49,1:56:45,0:05:08,0:05:46,6:02:33,2345,11749,7005,308,346,21753,1536,272,23,1420,275,21,1731,312,30,1536,272,23,Finisher,2298
Anna,Steinebach,Anna Steinebach,363,F18-24,Female,Frankfurt am Main,HESSEN,Germany,DE,0:38:17,3:11:14,2:03:39,0:03:35,0:05:49,6:02:33,2297,11474,7419,215,349,21753,1537,273,19,1293,243,22,1568,260,16,1537,273,19,Finisher,2176
Ulrike,Eisold,Ulrike Eisold,946,F45-49,Female,München,,Germany,DE,0:37:46,3:10:43,1:57:35,0:08:45,0:07:47,6:02:35,2266,11443,7055,525,467,21755,1538,274,24,1207,228,14,1663,287,27,1538,274,24,Finisher,2297
Michala,Wardell,Michala Wardell,719,F50-54,Female,Didcot,ENG,United Kingdom,GB,0:39:45,2:54:39,2:19:20,0:04:29,0:04:27,6:02:39,2385,10479,8360,269,267,21759,1539,275,21,1510,305,24,1146,161,10,1539,275,21,Finisher,2309
Tim,Böhlen,Tim Böhlen,998,M18-24,Male,Thun,Bern,Switzerland,CH,0:42:16,3:19:11,1:48:27,0:06:38,0:06:08,6:02:40,2536,11951,6507,398,368,21760,1540,1265,121,1793,1413,137,1891,1533,146,1540,1265,121,Finisher,1246
Sebastian,Best,Sebastian Best,2245,M40-44,Male,Kriftel,,Germany,DE,0:43:10,3:00:18,2:07:44,0:05:10,0:06:21,6:02:43,2590,10818,7664,310,381,21763,1541,1266,160,1872,1472,187,1440,1218,155,1541,1266,160,Finisher,1576
Alina,Schneider,Alina Schneider,2199,F30-34,Female,Aidlingen,BW,Germany,DE,0:41:00,3:15:19,1:53:03,0:06:36,0:06:46,6:02:44,2460,11719,6783,396,406,21764,1542,276,55,1651,352,70,1791,333,68,1542,276,55,Finisher,2025
Kevin,Alfano,Kevin Alfano,1758,M35-39,Male,Bad Saeckingen,BW,Germany,DE,0:44:04,3:09:03,1:53:12,0:07:31,0:08:55,6:02:45,2644,11343,6792,451,535,21765,1543,1267,205,1939,1521,230,1745,1426,221,1543,1267,205,Finisher,1495
Marc,Rauch,Marc Rauch,2385,M60-64,Male,Hamburg,,Germany,DE,0:36:56,3:01:15,2:11:00,0:07:30,0:06:04,6:02:45,2216,10875,7860,450,364,21765,1544,1268,38,1070,872,37,1354,1149,41,1544,1268,38,Finisher,2166
Gianluca,Liotta,Gianluca Liotta,477,M35-39,Male,Östringen,,Germany,DE,0:35:01,3:18:34,1:59:11,0:04:04,0:05:55,6:02:45,2101,11914,7151,244,355,21765,1545,1269,206,779,637,112,1672,1382,213,1545,1269,206,Finisher,1495
Jeroen,Van Lammeren,Jeroen Van Lammeren,2023,M25-29,Male,Lelystad,,Netherlands,NL,0:39:13,2:59:19,2:12:40,0:06:05,0:05:41,6:02:59,2353,10759,7960,365,341,21779,1546,1270,187,1439,1161,165,1320,1122,166,1546,1270,187,Finisher,1414
Laura,Nickel,Laura Nickel,800,F30-34,Female,Potsdam,,Germany,DE,0:34:06,3:22:07,1:58:07,0:04:17,0:04:42,6:03:20,2046,12127,7087,257,282,21800,1547,277,56,660,117,20,1743,318,65,1547,277,56,Finisher,2014
Oldair,Barbosa,Oldair Barbosa,2022,M50-54,Male,Berlin,BE,Brazil,BR,0:43:44,3:18:07,1:51:20,0:05:03,0:05:21,6:03:35,2624,11887,6680,303,321,21815,1548,1271,100,1912,1501,120,1875,1520,117,1548,1271,100,Finisher,1558
Annette,Kernich,Annette Kernich,424,F50-54,Female,Stutensee,BW,Germany,DE,0:46:44,3:17:20,1:48:33,0:04:58,0:06:02,6:03:37,2804,11840,6513,298,362,21817,1549,278,22,2091,458,34,1909,366,25,1549,278,22,Finisher,2292
Jakob,Wolf,Jakob Wolf,487,M25-29,Male,Ulm,BADEN-WURTTEMBERG,Germany,DE,0:46:54,3:06:25,1:59:29,0:06:12,0:04:39,6:03:39,2814,11185,7169,372,279,21819,1550,1272,188,2097,1638,257,1714,1409,212,1550,1272,188,Finisher,1402
Stephanie,Roderburg,Stephanie Roderburg,974,F35-39,Female,Nyon,VAUD,Belgium,BE,0:36:24,3:09:08,2:07:48,0:04:40,0:05:42,6:03:41,2184,11348,7668,280,342,21821,1551,279,33,988,179,20,1488,234,28,1551,279,33,Finisher,2047
Steffen,Kühn,Steffen Kühn,1835,M35-39,Male,Heusenstamm,,Germany,DE,0:47:09,3:10:48,1:54:15,0:05:57,0:05:34,6:03:43,2829,11448,6855,357,334,21823,1552,1273,207,2104,1644,249,1814,1476,226,1552,1273,207,Finisher,1478
Julia,Siebel-Frösch,Julia Siebel-Frösch,1187,F35-39,Female,Schwäbisch Gmünd,,Germany,DE,0:37:40,3:17:31,1:58:21,0:04:43,0:05:37,6:03:51,2260,11851,7101,283,337,21831,1553,280,34,1187,225,28,1726,310,41,1553,280,34,Finisher,2044
Jerome,Baux,Jerome Baux,360,M35-39,Male,Frankfurt am Main,,France,FR,0:36:03,3:02:58,2:12:48,0:05:15,0:07:02,6:04:06,2163,10978,7968,315,422,21846,1554,1274,208,936,770,129,1311,1115,181,1554,1274,208,Finisher,1471
Nadine,Diwersi,Nadine Diwersi,989,F45-49,Female,Sachseln,,Switzerland,CH,0:40:04,3:11:56,2:00:06,0:06:14,0:05:55,6:04:15,2404,11516,7206,374,355,21855,1555,281,25,1543,317,27,1688,295,28,1555,281,25,Finisher,2267
Benedikt,Gresch,Benedikt Gresch,1890,M30-34,Male,Appenheim,RHEINLAND-PFALZ,Germany,DE,0:37:57,3:06:34,2:07:41,0:06:10,0:05:57,6:04:20,2277,11194,7661,370,357,21860,1556,1275,237,1234,1004,163,1505,1267,221,1556,1275,237,Finisher,1404
Sven,Stefani,Sven Stefani,444,M35-39,Male,Wurmberg,Baden-Württemberg,Germany,DE,0:39:43,3:05:06,2:07:33,0:05:56,0:06:05,6:04:23,2383,11106,7653,356,365,21863,1557,1276,209,1508,1204,186,1509,1269,202,1557,1276,209,Finisher,1466
Miriam,Wolf,Miriam Wolf,2305,F35-39,Female,Frankfurt,,Germany,DE,0:40:37,3:18:06,1:55:14,0:05:00,0:05:26,6:04:23,2437,11886,6914,300,326,21863,1558,282,35,1609,341,45,1809,338,45,1558,282,35,Finisher,2034
Sophie,Bufton,Sophie Bufton,2428,F30-34,Female,Monaco,,United Kingdom,GB,0:40:40,3:22:00,1:50:17,0:04:09,0:07:18,6:04:24,2440,12120,6617,249,438,21864,1559,283,57,1616,343,67,1872,355,72,1559,283,57,Finisher,1995
Martin,Hackenbroich,Martin Hackenbroich,817,M40-44,Male,Köln,,Germany,DE,0:37:26,3:08:28,2:04:29,0:07:44,0:06:24,6:04:31,2246,11308,7469,464,384,21871,1560,1277,161,1153,939,112,1590,1324,172,1560,1277,161,Finisher,1543
Gian Andri,Bearth,Gian Andri Bearth,1624,M30-34,Male,Chur,Graubünden,Switzerland,CH,0:54:16,3:02:02,1:54:03,0:07:35,0:06:38,6:04:34,3256,10922,6843,455,398,21874,1561,1278,238,2229,1732,303,1813,1475,265,1561,1278,238,Finisher,1400
Tim Yannik,Wehrs,Tim Yannik Wehrs,1371,M35-39,Male,Westerstede,NI,Germany,DE,0:37:28,3:03:48,2:06:34,0:07:54,0:08:51,6:04:35,2248,11028,7594,474,531,21875,1562,1279,210,1158,942,153,1457,1231,191,1562,1279,210,Finisher,1462
Michael,Hafner,Michael Hafner,2165,M40-44,Male,Ravensburg,BW,Germany,DE,0:38:10,3:10:04,2:04:31,0:05:20,0:06:31,6:04:35,2290,11404,7471,320,391,21875,1563,1280,162,1268,1031,127,1586,1321,171,1563,1280,162,Finisher,1542
Sven,Hofmeister,Sven Hofmeister,295,M60-64,Male,Karlsruhe,,Germany,DE,0:34:54,3:07:39,2:09:10,0:07:23,0:05:29,6:04:36,2094,11259,7750,443,329,21876,1564,1281,39,763,622,23,1481,1251,45,1564,1281,39,Finisher,2133
Nico,Ruse,Nico Ruse,1732,M50-54,Male,Ditzingen,,Germany,DE,0:37:33,3:03:03,2:10:21,0:08:29,0:05:28,6:04:54,2253,10983,7821,509,328,21894,1565,1282,101,1168,951,87,1454,1228,103,1565,1282,101,Finisher,1534
Patrick,Strehl,Patrick Strehl,559,M40-44,Male,München,Bayern,Germany,DE,0:45:07,3:07:33,1:57:32,0:07:13,0:07:32,6:04:57,2707,11253,7052,433,452,21897,1566,1283,163,2004,1572,199,1725,1416,181,1566,1283,163,Finisher,1535
Anna,Wegener,Anna Wegener,2236,F25-29,Female,Erfurt,Thuringia,Germany,DE,0:38:21,3:12:59,2:04:46,0:03:38,0:05:14,6:04:58,2301,11579,7486,218,314,21898,1567,284,66,1303,246,57,1620,272,60,1567,284,66,Finisher,1772
Romain,Mousel,Romain Mousel,1458,M50-54,Male,Schuttrange,,Luxembourg,LU,0:35:02,2:51:14,2:29:36,0:03:25,0:05:47,6:05:04,2102,10274,8976,205,347,21904,1568,1284,102,781,639,62,864,760,64,1568,1284,102,Finisher,1531
Alexander,Schwenck,Alexander Schwenck,346,M50-54,Male,München,,Germany,DE,0:35:10,3:02:33,2:10:46,0:08:05,0:08:38,6:05:12,2110,10953,7846,485,518,21912,1569,1285,103,802,659,66,1358,1153,97,1569,1285,103,Finisher,1529
Monja,Werner,Monja Werner,2352,F30-34,Female,Frankfurt,,Germany,DE,0:36:32,3:19:28,1:58:41,0:04:23,0:06:10,6:05:13,2192,11968,7121,263,370,21913,1570,285,58,1008,182,38,1741,316,64,1570,285,58,Finisher,1980
Ralf,Geßner,Ralf Geßner,541,M65-69,Male,Schweich,foreigner,Germany,DE,0:54:56,3:13:28,1:40:32,0:07:37,0:08:42,6:05:15,3296,11608,6032,457,522,21915,1571,1286,8,2234,1735,24,2007,1603,21,1571,1286,8,Finisher,2543
Michael,Krah,Michael Krah,799,F60-64,Male,Potsdam,,Germany,DE,0:43:31,3:12:31,1:59:44,0:05:15,0:04:33,6:05:35,2611,11551,7184,315,273,21935,1572,286,3,1899,409,5,1757,323,4,1572,286,3,Finisher,3026
Matthias Walter,Eser,Matthias Walter Eser,1984,M25-29,Male,Farchant,,Germany,DE,0:48:40,2:59:09,2:04:15,0:06:16,0:07:16,6:05:35,2920,10749,7455,376,436,21935,1573,1287,189,2146,1676,258,1597,1330,199,1573,1287,189,Finisher,1367
Kevin,Houdenaert,Kevin Houdenaert,985,M45-49,Male,Reet,,Belgium,BE,0:35:49,3:14:05,2:04:01,0:05:21,0:06:24,6:05:39,2149,11645,7441,321,384,21939,1574,1288,121,893,733,69,1625,1351,132,1574,1288,121,Finisher,1658
Thomas,Andersen,Thomas Andersen,1346,M50-54,Male,Haslev,,Denmark,DK,0:41:02,3:06:28,2:04:42,0:07:52,0:05:41,6:05:44,2462,11188,7482,472,341,21944,1575,1289,104,1654,1301,112,1628,1354,110,1575,1289,104,Finisher,1519
Heiko,Koeble,Heiko Koeble,939,M50-54,Male,Pfungstadt,,Germany,DE,0:38:25,3:12:14,2:03:35,0:06:51,0:04:41,6:05:46,2305,11534,7415,411,281,21946,1576,1290,105,1315,1068,92,1668,1379,112,1576,1290,105,Finisher,1518
Sven,Bernau,Sven Bernau,1051,M45-49,Male,Witten,,Germany,DE,0:37:01,3:08:21,2:08:44,0:04:18,0:07:24,6:05:48,2221,11301,7724,258,444,21948,1577,1291,122,1084,880,84,1470,1243,122,1577,1291,122,Finisher,1655
Marcel,Ebeling,Marcel Ebeling,1888,M35-39,Male,Ulm,BW,Germany,DE,0:41:32,3:20:15,1:47:19,0:09:48,0:06:58,6:05:52,2492,12015,6439,588,418,21952,1578,1292,211,1721,1356,204,1948,1568,244,1578,1292,211,Finisher,1439
Michael,Wiese,Michael Wiese,1419,M65-69,Male,Hamburg,,Germany,DE,0:48:23,3:00:46,2:07:20,0:03:56,0:05:28,6:05:52,2903,10846,7640,236,328,21952,1579,1293,9,2140,1671,22,1566,1307,11,1579,1293,9,Finisher,2532
Jan,Ritter,Jan Ritter,1547,M18-24,Male,Chur,Graubünden,Switzerland,CH,0:38:11,3:05:51,2:05:24,0:06:52,0:09:36,6:05:53,2291,11151,7524,412,576,21953,1580,1294,122,1275,1037,99,1517,1276,116,1580,1294,122,Finisher,1188
Felix,Werth,Felix Werth,1693,M35-39,Male,Ilsfeld,Baden-Württemberg,Germany,DE,0:43:30,2:55:26,2:08:40,0:08:08,0:10:09,6:05:54,2610,10526,7720,488,609,21954,1581,1295,212,1898,1490,224,1389,1178,187,1581,1295,212,Finisher,1438
Laurin,Schulze,Laurin Schulze,1237,M25-29,Male,Ismaning,BY,Germany,DE,0:45:25,3:03:29,2:05:27,0:05:59,0:05:38,6:05:58,2725,11009,7527,359,338,21958,1582,1296,190,2024,1588,249,1619,1348,202,1582,1296,190,Finisher,1360
Arjan,van der Kooij,Arjan van der Kooij,1101,M40-44,Male,Roelofarendsveen,South Holland,Netherlands,NL,0:38:18,3:11:12,2:01:28,0:06:54,0:08:14,6:06:06,2298,11472,7288,414,494,21966,1583,1297,164,1295,1051,131,1654,1372,178,1583,1297,164,Finisher,1515
Judith,Poynton,Judith Poynton,1067,F50-54,Female,Co. Dublin,Dublin,Ireland,IE,0:34:39,3:28:15,1:46:47,0:07:46,0:08:41,6:06:08,2079,12495,6407,466,521,21968,1584,287,23,721,130,5,1935,376,28,1584,287,23,Finisher,2246
Julian,Stadler,Julian Stadler,1200,M30-34,Male,Markt Schwaben,BAYERN,Germany,DE,0:32:51,2:51:31,2:32:15,0:05:09,0:04:25,6:06:12,1971,10291,9135,309,265,21972,1585,1298,239,526,427,70,858,755,136,1585,1298,239,Finisher,1371
Oliver,Bürger,Oliver Bürger,2306,M45-49,Male,Leonberg,BW,Germany,DE,0:43:23,3:10:18,2:02:57,0:04:06,0:05:33,6:06:18,2603,11418,7377,246,333,21978,1586,1299,123,1889,1483,143,1679,1388,133,1586,1299,123,Finisher,1646
Vassil,Barsakov,Vassil Barsakov,781,M55-59,Male,Bielawa,mazowieckie,Bulgaria,BG,0:43:59,3:04:14,2:04:06,0:07:14,0:06:47,6:06:20,2639,11054,7446,434,407,21980,1587,1300,57,1934,1519,69,1629,1355,59,1587,1300,57,Finisher,1848
Sophie,Mackrodt,Sophie Mackrodt,1277,F25-29,Female,Frankfurt am Main,Hesse,Germany,DE,0:45:54,3:18:42,1:48:40,0:06:47,0:06:17,6:06:20,2754,11922,6520,407,377,21980,1588,288,67,2059,448,98,1947,380,82,1588,288,67,Finisher,1748
Marius,Schnitzer,Marius Schnitzer,2072,M30-34,Male,Ühlingen-Birkendorf,,Germany,DE,0:45:52,3:05:24,2:02:43,0:06:30,0:06:02,6:06:32,2752,11124,7363,390,362,21992,1589,1301,240,2056,1611,281,1678,1387,250,1589,1301,240,Finisher,1365
Antonia,Hartung,Antonia Hartung,2230,F25-29,Female,Frankfurt am Main,Hesse,Germany,DE,0:39:10,3:04:57,2:09:23,0:05:42,0:07:23,6:06:36,2350,11097,7763,342,443,21996,1590,289,68,1434,278,65,1474,228,52,1590,289,68,Finisher,1743
Wolfgang,Trinnes,Wolfgang Trinnes,1978,M60-64,Male,Fürth,,Germany,DE,0:39:56,3:07:33,2:04:01,0:06:40,0:08:27,6:06:37,2396,11253,7441,400,507,21997,1591,1302,40,1532,1219,48,1599,1332,47,1591,1302,40,Finisher,2096
Nicolas,Ebisch,Nicolas Ebisch,982,M40-44,Male,Oldenburg,NI,Germany,DE,0:39:59,3:06:46,2:02:47,0:09:08,0:07:59,6:06:38,2399,11206,7367,548,479,21998,1592,1303,165,1537,1222,155,1643,1366,175,1592,1303,165,Finisher,1505
Michael,Ruppel,Michael Ruppel,1520,M45-49,Male,Grünberg-Lardenbach,,Germany,DE,0:39:01,3:14:46,1:59:48,0:07:11,0:06:03,6:06:50,2341,11686,7188,431,363,22010,1593,1304,124,1407,1135,115,1750,1429,139,1593,1304,124,Finisher,1637
Pauline,Scheunert,Pauline Scheunert,910,F30-34,Female,Dortmund,,Germany,DE,0:37:19,3:01:28,2:15:03,0:05:29,0:07:31,6:06:50,2239,10888,8103,329,451,22010,1594,290,59,1135,212,45,1310,196,39,1594,290,59,Finisher,1951
Daniel,Haußmann,Daniel Haußmann,1621,M40-44,Male,Obertshausen,Hessen,Germany,DE,0:42:39,3:16:05,1:49:02,0:10:59,0:08:08,6:06:52,2559,11765,6542,659,488,22012,1595,1305,166,1823,1433,184,1919,1550,196,1595,1305,166,Finisher,1501
Claus,Nolte,Claus Nolte,518,M65-69,Male,Haan,,Germany,DE,0:45:55,3:04:44,1:58:39,0:09:21,0:08:19,6:06:58,2755,11084,7119,561,499,22018,1596,1306,10,2061,1613,21,1729,1419,14,1596,1306,10,Finisher,2513
David,Ehrismann,David Ehrismann,1551,M25-29,Male,Winterthur,ZURICH,Switzerland,CH,0:42:06,2:54:23,2:22:48,0:04:07,0:03:40,6:07:03,2526,10463,8568,247,220,22023,1597,1307,191,1778,1401,215,1196,1023,146,1597,1307,191,Finisher,1341
Navid,Seif,Navid Seif,956,M18-24,Male,Ettlingen,Baden-Württemberg,Germany,DE,0:36:10,3:08:47,2:08:43,0:07:40,0:05:45,6:07:05,2170,11327,7723,460,345,22025,1598,1308,123,953,783,78,1557,1300,119,1598,1308,123,Finisher,1166
Jana,Ensslin,Jana Ensslin,1404,F30-34,Female,Stuttgart,BW,Germany,DE,0:42:54,3:14:36,1:57:25,0:06:35,0:05:36,6:07:07,2574,11676,7045,395,336,22027,1599,291,60,1848,396,78,1819,339,70,1599,291,60,Finisher,1946
Nick,Bontrop,Nick Bontrop,1674,M18-24,Male,Purmerend,Noord-Holland,Netherlands,NL,0:43:16,2:47:25,2:21:30,0:07:16,0:07:44,6:07:11,2596,10045,8490,436,464,22031,1600,1309,124,1881,1477,147,1121,968,90,1600,1309,124,Finisher,1164
Christoph,Maile,Christoph Maile,1804,M30-34,Male,Oberesslingen,Germany,Germany,DE,0:38:52,3:06:37,2:08:55,0:06:54,0:06:01,6:07:18,2332,11197,7735,414,361,22038,1601,1310,241,1386,1119,192,1548,1295,227,1601,1310,241,Finisher,1351
Janine,Wehr,Janine Wehr,1178,F18-24,Female,Wolfertschwenden,Province,Germany,DE,0:41:06,3:12:06,2:04:59,0:05:20,0:03:52,6:07:23,2466,11526,7499,320,232,22043,1602,292,20,1662,357,30,1693,297,22,1602,292,20,Finisher,2089
Marcel,Machauer,Marcel Machauer,570,M30-34,Male,Oberhausen,,Germany,DE,0:31:29,3:11:36,2:11:57,0:05:10,0:07:10,6:07:23,1889,11496,7917,310,430,22043,1603,1311,242,370,308,50,1427,1208,213,1603,1311,242,Finisher,1349
Petra,Brand,Petra Brand,762,F55-59,Female,Borchen,NW,Germany,DE,0:43:25,3:20:10,1:53:01,0:05:05,0:05:43,6:07:23,2605,12010,6781,305,343,22043,1604,293,11,1892,408,13,1902,364,13,1604,293,11,Finisher,2735
Julia,Kündig,Julia Kündig,2317,F30-34,Female,Dietikon,Zurich,Switzerland,CH,0:34:24,3:09:48,2:13:59,0:04:35,0:04:51,6:07:38,2064,11388,8039,275,291,22058,1605,294,61,701,126,22,1445,223,46,1605,294,61,Finisher,1937
Sophie,Pfaff,Sophie Pfaff,614,F25-29,Female,Limburgerhof,RP,Germany,DE,0:38:12,3:21:09,1:58:07,0:04:46,0:05:25,6:07:39,2292,12069,7087,286,325,22059,1606,295,69,1279,240,55,1820,340,77,1606,295,69,Finisher,1724
Nicole,Schumpf,Nicole Schumpf,742,F45-49,Female,Schindellegi,,Switzerland,CH,0:38:37,3:13:04,2:03:40,0:04:29,0:08:02,6:07:52,2317,11584,7420,269,482,22072,1607,296,26,1351,256,18,1648,281,26,1607,296,26,Finisher,2202
Ulrike,Fleischer,Ulrike Fleischer,1667,F45-49,Female,Wittenberg,,Germany,DE,0:37:29,3:07:09,2:07:20,0:07:17,0:08:43,6:07:59,2249,11229,7640,437,523,22079,1608,297,27,1162,217,12,1539,250,22,1608,297,27,Finisher,2200
Felix,Kirch,Felix Kirch,2276,M30-34,Male,Frankfurt am Main,,Germany,DE,0:38:10,2:57:15,2:14:58,0:09:13,0:08:29,6:08:05,2290,10635,8098,553,509,22085,1609,1312,243,1273,1035,171,1321,1123,199,1609,1312,243,Finisher,1337
Gaël,Michel,Gaël Michel,202,M25-29,Male,Saint-Rémy,AIN,France,FR,0:32:44,3:01:42,2:23:32,0:03:23,0:06:44,6:08:05,1964,10902,8612,203,404,22085,1610,1313,192,517,419,57,1117,964,133,1610,1313,192,Finisher,1322
Benjamin,Werlein,Benjamin Werlein,1685,M40-44,Male,Nürnberg,BY,Germany,DE,0:39:25,3:09:04,2:04:14,0:07:02,0:08:24,6:08:09,2365,11344,7454,422,504,22089,1611,1314,167,1474,1183,147,1633,1358,174,1611,1314,167,Finisher,1478
Lars,Michel,Lars Michel,2447,M35-39,Male,Frick,Aargau,Germany,DE,0:49:59,2:54:52,2:10:09,0:04:46,0:08:28,6:08:13,2999,10492,7809,286,508,22093,1612,1315,213,2185,1700,258,1467,1240,195,1612,1315,213,Finisher,1397
Martin,Doller,Martin Doller,1540,M50-54,Male,Dreieich,HESSEN,Germany,DE,0:40:10,3:00:45,2:14:41,0:06:16,0:06:34,6:08:26,2410,10845,8081,376,394,22106,1613,1316,106,1555,1236,104,1391,1180,101,1613,1316,106,Finisher,1470
Micha,Hümpfner,Micha Hümpfner,2384,M18-24,Male,Unterensingen,Baden-Württemberg,Germany,DE,0:47:22,3:01:42,2:07:41,0:05:46,0:05:59,6:08:29,2842,10902,7661,346,359,22109,1614,1317,125,2109,1648,158,1616,1345,127,1614,1317,125,Finisher,1141
Johannna,Schenke,Johannna Schenke,594,F30-34,Female,Dortmund,North Rhine-Westphalia,Germany,DE,0:42:27,3:11:06,2:04:47,0:05:44,0:04:29,6:08:32,2547,11466,7487,344,269,22112,1615,298,62,1808,385,75,1708,302,59,1615,298,62,Finisher,1920
Felix,Luckau,Felix Luckau,1755,M30-34,Male,Florstadt,Hesse,Germany,DE,0:39:09,3:19:20,1:55:14,0:08:10,0:06:43,6:08:36,2349,11960,6914,490,403,22116,1616,1318,244,1432,1155,195,1870,1516,267,1616,1318,244,Finisher,1328
Maximilian,Prölß,Maximilian Prölß,2343,M25-29,Male,Darmstadt,HE,Germany,DE,0:41:28,3:07:56,2:06:56,0:05:02,0:07:14,6:08:36,2488,11276,7616,302,434,22116,1617,1319,193,1709,1345,201,1606,1339,200,1617,1319,193,Finisher,1313
Janina,Klecker,Janina Klecker,879,F35-39,Female,Östringen,,Germany,DE,0:40:31,3:11:10,2:03:37,0:06:28,0:07:01,6:08:46,2431,11470,7417,388,421,22126,1618,299,36,1598,337,44,1687,294,38,1618,299,36,Finisher,1955
Nicolas,Glandien,Nicolas Glandien,1790,M25-29,Male,Pronsfeld,Rhineland-Palatinate,Germany,DE,0:43:02,3:06:22,2:05:11,0:08:16,0:06:00,6:08:51,2582,11182,7511,496,360,22131,1619,1320,194,1862,1463,228,1673,1383,208,1619,1320,194,Finisher,1308
Katinka,Maier,Katinka Maier,675,F18-24,Female, Heidelberg,BW,Germany,DE,0:38:04,3:14:04,2:04:01,0:05:34,0:07:08,6:08:51,2284,11644,7441,334,428,22131,1620,300,21,1254,234,20,1675,291,21,1620,300,21,Finisher,2063
Maike,Martens,Maike Martens,2004,F30-34,Female,Hamburg,HH,Germany,DE,0:49:58,3:14:58,1:49:48,0:06:57,0:07:10,6:08:51,2998,11698,6588,417,430,22131,1621,301,63,2183,485,96,1953,382,79,1621,301,63,Finisher,1915
Tobias,Wetzel,Tobias Wetzel,1851,M45-49,Male,Landau in der Pfalz,RP,Germany,DE,0:38:19,3:11:41,2:08:11,0:04:53,0:05:51,6:08:56,2299,11501,7691,293,351,22136,1622,1321,125,1299,1054,103,1618,1347,131,1622,1321,125,Finisher,1599
Hugo,Lacour,Hugo Lacour,2239,M25-29,Male,Augsburg,Bavaria,France,FR,0:41:33,3:22:53,1:51:11,0:06:20,0:06:59,6:08:56,2493,12173,6671,380,419,22136,1623,1322,195,1723,1358,204,1937,1560,238,1623,1322,195,Finisher,1307
Stefan,Laule,Stefan Laule,620,M30-34,Male,Bad Schönborn,Baden-Württemberg,Germany,DE,0:41:54,3:18:23,1:51:28,0:08:42,0:08:36,6:09:03,2514,11903,6688,522,516,22143,1624,1323,245,1762,1386,233,1908,1543,269,1624,1323,245,Finisher,1319
Brandon,Mood,Brandon Mood,2517,M35-39,Male,London,London,Germany,DE,0:44:14,3:06:40,2:05:36,0:06:13,0:06:21,6:09:04,2654,11200,7536,373,381,22144,1625,1324,214,1952,1531,232,1662,1376,212,1625,1324,214,Finisher,1381
Matthias,Herter,Matthias Herter,681,M60-64,Male,Hannover,,Germany,DE,0:36:55,3:04:25,2:17:59,0:05:10,0:04:42,6:09:11,2215,11065,8279,310,282,22151,1626,1325,41,1066,869,36,1371,1164,42,1626,1325,41,Finisher,2050
Florian,Schnuerpel,Florian Schnuerpel,1194,M40-44,Male,Duisburg,NW,Germany,DE,0:30:30,3:02:43,2:23:17,0:06:40,0:06:01,6:09:12,1830,10963,8597,400,361,22152,1627,1326,168,282,231,15,1177,1006,125,1627,1326,168,Finisher,1459
Annette,Fuhrer,Annette Fuhrer,1806,F55-59,Female,Thun,,Switzerland,CH,0:35:15,3:19:26,2:03:52,0:05:37,0:05:11,6:09:20,2115,11966,7432,337,311,22160,1628,302,12,814,144,5,1739,315,11,1628,302,12,Finisher,2700
Lucie,Wagener,Lucie Wagener,847,F25-29,Female,Walferdange,,Luxembourg,LU,0:36:40,3:16:20,2:03:52,0:05:55,0:06:44,6:09:32,2200,11780,7432,355,404,22172,1629,303,70,1021,186,46,1702,300,67,1629,303,70,Finisher,1690
Tobias,Münch,Tobias Münch,2268,M40-44,Male,Ingolstadt,Bavaria,Germany,DE,0:44:45,3:06:46,2:03:44,0:07:00,0:07:33,6:09:47,2685,11206,7424,420,453,22187,1630,1327,169,1983,1557,197,1692,1396,179,1630,1327,169,Finisher,1448
Gerd,Berberich,Gerd Berberich,1260,M45-49,Male,Fellbach,BADEN-WURTTEMBERG,Germany,DE,0:41:40,3:05:58,2:09:19,0:05:38,0:07:13,6:09:48,2500,11158,7759,338,433,22188,1631,1328,126,1740,1370,132,1577,1315,129,1631,1328,126,Finisher,1583
Sebastian,Machon,Sebastian Machon,459,M40-44,Male,Berlin,BE,Germany,DE,0:38:36,3:09:56,2:06:48,0:07:29,0:07:05,6:09:53,2316,11396,7608,449,425,22193,1632,1329,170,1345,1090,136,1644,1367,176,1632,1329,170,Finisher,1447
David,heise,David heise,1293,M35-39,Male,Essen,,Germany,DE,0:42:54,3:10:01,2:04:12,0:07:27,0:05:24,6:09:58,2574,11401,7452,447,324,22198,1633,1330,215,1847,1452,221,1740,1425,220,1633,1330,215,Finisher,1365
Harald,Hiss,Harald Hiss,265,M50-54,Male,Bötzingen,,Germany,DE,0:35:45,3:07:41,2:12:44,0:07:58,0:05:52,6:10:00,2145,11261,7964,478,352,22200,1634,1331,107,884,725,72,1528,1281,106,1634,1331,107,Finisher,1442
Khaled,Metwally,Khaled Metwally,1895,M30-34,Male,Donzdorf,BW,Germany,DE,0:42:32,3:12:25,2:01:57,0:06:03,0:07:05,6:10:03,2552,11545,7317,363,425,22203,1635,1332,246,1812,1426,246,1751,1430,255,1635,1332,246,Finisher,1301
Hannes,Kiesewetter,Hannes Kiesewetter,2473,M45-49,Male,Berlin,BERLIN,Germany,DE,0:44:18,2:58:12,2:16:04,0:05:08,0:06:23,6:10:05,2658,10692,8164,308,383,22205,1636,1333,127,1959,1537,147,1403,1189,114,1636,1333,127,Finisher,1578
Claudio,Correia,Claudio Correia,1999,M30-34,Male,Alvor,FARO,Portugal,PT,0:38:57,3:18:27,2:00:47,0:05:50,0:06:09,6:10:10,2337,11907,7247,350,369,22210,1637,1334,247,1397,1127,193,1796,1462,262,1637,1334,247,Finisher,1299
Noalente,Hendriks,Noalente Hendriks,1866,F25-29,Female,Nijmegen,Gelderland,Netherlands,NL,0:40:50,3:28:29,1:47:51,0:07:36,0:05:26,6:10:12,2450,12509,6471,456,326,22212,1638,304,71,1640,349,77,2018,407,90,1638,304,71,Finisher,1678
Ellen,Büttner,Ellen Büttner,759,F40-44,Female,Herxheim,,Germany,DE,0:39:40,3:13:44,2:02:33,0:06:03,0:08:16,6:10:17,2380,11624,7353,363,496,22217,1639,305,32,1499,300,33,1711,304,35,1639,305,32,Finisher,2195
Jonas,Timm,Jonas Timm,340,M25-29,,,,Germany,DE,0:38:38,3:22:32,1:54:19,0:08:28,0:06:27,6:10:25,2318,12152,6859,508,387,22225,1640,1335,196,1354,1097,149,1917,1548,235,1640,1335,196,Finisher,1280
Melissa,Meyvis,Melissa Meyvis,1963,F25-29,Female,HOOGSTRATEN,Flemish Region,Belgium,BE,0:37:27,3:05:37,2:16:50,0:04:17,0:06:14,6:10:25,2247,11137,8210,257,374,22225,1641,306,72,1156,216,51,1395,213,49,1641,306,72,Finisher,1674
Tobias,Theis,Tobias Theis,2312,M35-39,Male,Flörsheim,,Germany,DE,0:37:11,2:53:48,2:27:49,0:04:18,0:07:21,6:10:27,2231,10428,8869,258,441,22227,1642,1336,216,1115,909,150,1040,901,153,1642,1336,216,Finisher,1356
Enzo,Folny Schmitt,Enzo Folny Schmitt,2096,M18-24,Male,Montigny-lès-Metz,Grand Est,France,FR,0:37:11,3:11:16,2:08:21,0:06:12,0:07:37,6:10:36,2231,11476,7701,372,457,22236,1643,1337,126,1117,911,87,1611,1343,126,1643,1337,126,Finisher,1103
Fanny,Fischer,Fanny Fischer,1815,F35-39,Female,Baierbrunn,,Germany,DE,0:38:30,3:20:45,1:52:53,0:06:20,0:12:15,6:10:43,2310,12045,6773,380,735,22243,1644,307,37,1331,254,32,1842,346,47,1644,307,37,Finisher,1920
Ralf,Ernstberger,Ralf Ernstberger,767,M60-64,Male,Bruchsal,,Germany,DE,0:33:34,3:21:56,2:05:53,0:04:06,0:05:20,6:10:49,2014,12116,7553,246,320,22249,1645,1338,42,602,494,16,1716,1411,50,1645,1338,42,Finisher,2021
Mandy,Buntenbroich,Mandy Buntenbroich,1598,F45-49,Female,Neuss,NRW,Germany,DE,0:40:14,3:04:59,2:14:05,0:05:28,0:06:04,6:10:51,2414,11099,8045,328,364,22251,1646,308,28,1565,321,28,1506,239,21,1646,308,28,Finisher,2148
Fabian,Appel,Fabian Appel,2079,M18-24,Male,Neu-Ulm,Bavaria,Germany,DE,0:41:15,3:21:13,1:54:06,0:08:33,0:05:48,6:10:55,2475,12073,6846,513,348,22255,1647,1339,127,1684,1325,127,1942,1564,151,1647,1339,127,Finisher,1097
Louisa,Kraemer,Louisa Kraemer,1689,F25-29,Female,Frankfurt,HE,Germany,DE,0:37:35,3:19:19,2:01:33,0:04:21,0:08:07,6:10:55,2255,11959,7293,261,487,22255,1648,309,73,1172,220,52,1756,322,73,1648,309,73,Finisher,1665
David,Jauss,David Jauss,2264,M40-44,Male,Schriesheim,Baden-Württemberg,Germany,DE,0:42:14,3:04:11,2:14:05,0:05:18,0:05:13,6:11:00,2534,11051,8045,318,313,22260,1649,1340,171,1786,1407,180,1533,1285,165,1649,1340,171,Finisher,1427
Noah,Guckelsberger,Noah Guckelsberger,1545,M18-24,Male,Waldbrunn (Westerwald),Hesse,Germany,DE,0:46:01,3:01:45,2:12:14,0:05:46,0:05:15,6:11:01,2761,10905,7934,346,315,22261,1650,1341,128,2065,1615,157,1585,1320,121,1650,1341,128,Finisher,1095
Teresa,Wehle,Teresa Wehle,893,F25-29,Female,Haiterbach ,Baden-Württemberg,Germany,DE,0:39:43,3:18:28,1:57:30,0:07:17,0:08:05,6:11:04,2383,11908,7050,437,485,22264,1651,310,74,1507,304,69,1839,344,79,1651,310,74,Finisher,1663
Robin,Wintrich,Robin Wintrich,2124,M25-29,Male,München,Bavaria,Germany,DE,0:34:49,3:00:02,2:24:54,0:04:24,0:06:56,6:11:05,2089,10802,8694,264,416,22265,1652,1342,197,746,610,86,1159,993,140,1652,1342,197,Finisher,1268
Dennis,Schäfer,Dennis Schäfer,835,M35-39,Male,Niederzissen,Rhineland-Palatinate,Germany,DE,0:43:39,3:15:00,1:52:17,0:09:11,0:11:01,6:11:08,2619,11700,6737,551,661,22268,1653,1343,217,1906,1496,226,1889,1531,237,1653,1343,217,Finisher,1344
Oliver,Büttner,Oliver Büttner,2052,M55-59,Male,Wuppertal,NRW,Germany,DE,0:51:09,3:08:31,1:57:57,0:07:09,0:06:22,6:11:09,3069,11311,7077,429,382,22269,1654,1344,58,2202,1714,81,1873,1518,71,1654,1344,58,Finisher,1761
Thorsten,Kath,Thorsten Kath,423,M60-64,Male,Remagen,RHEINLAND-PFALZ,Germany,DE,0:34:07,3:02:01,2:25:56,0:03:28,0:05:42,6:11:14,2047,10921,8756,208,342,22274,1655,1345,43,661,544,19,1168,999,33,1655,1345,43,Finisher,2013
Juergen,Wolff,Juergen Wolff,2392,M60-64,Male,Stuttgart - Möhringen,MD,Germany,DE,0:39:17,3:02:07,2:16:36,0:05:49,0:07:26,6:11:15,2357,10927,8196,349,446,22275,1656,1346,44,1453,1171,46,1393,1182,44,1656,1346,44,Finisher,2013
Johanna,Koenemund,Johanna Koenemund,2262,F18-24,Female,Heidelberg,Baden-Württemberg,Germany,DE,0:39:22,3:18:26,2:00:59,0:05:49,0:06:40,6:11:16,2362,11906,7259,349,400,22276,1657,311,22,1465,287,25,1806,337,24,1657,311,22,Finisher,2019
Frank,Rogler,Frank Rogler,1649,M55-59,Male,Zuerich,,Switzerland,CH,0:37:57,3:13:59,2:07:24,0:05:59,0:05:57,6:11:16,2277,11639,7644,359,357,22276,1658,1347,59,1233,1003,46,1682,1390,62,1658,1347,59,Finisher,1759
Natascha,Boike ,Natascha Boike,2166,F35-39,Female,Frankfurt,,Germany,DE,0:45:24,3:11:57,2:03:52,0:04:20,0:05:45,6:11:18,2724,11517,7432,260,345,22278,1659,312,38,2020,436,63,1765,326,43,1659,312,38,Finisher,1910
Sigrid,Grewe,Sigrid Grewe,1309,F50-54,Female,Dortmund,Nordrhein-Westfalen,Germany,DE,0:40:31,2:56:33,2:18:52,0:07:12,0:08:10,6:11:18,2431,10593,8332,432,490,22278,1660,313,24,1599,338,26,1309,195,15,1660,313,24,Finisher,2153
Loewy,Lampaert,Loewy Lampaert,967,M30-34,Male,Frankfurt am Main,,Belgium,BE,0:41:10,3:08:22,2:09:04,0:06:11,0:06:35,6:11:21,2470,11302,7744,371,395,22281,1661,1348,248,1672,1315,219,1636,1361,243,1661,1348,248,Finisher,1278
Paul,Walter,Paul Walter,1710,M18-24,Male,Leverkusen,Nordrhein-Westfalen,Germany,DE,0:38:07,3:01:54,2:19:54,0:05:22,0:06:08,6:11:25,2287,10914,8394,322,368,22285,1662,1349,129,1261,1025,98,1345,1142,101,1662,1349,129,Finisher,1088
Julian,Scherer,Julian Scherer,1604,M25-29,Male,Worms,Rhineland-Palatinate,Germany,DE,0:43:03,3:08:54,2:06:15,0:06:32,0:06:46,6:11:30,2583,11334,7575,392,406,22290,1663,1350,198,1865,1466,230,1691,1395,210,1663,1350,198,Finisher,1261
Anatolii,Konstantinov,Anatolii Konstantinov,2504,M35-39,Male,Yes,foreigner,Netherlands,NL,0:42:52,3:04:09,2:09:09,0:06:12,0:09:09,6:11:31,2572,11049,7749,372,549,22291,1664,1351,218,1842,1449,219,1574,1312,208,1664,1351,218,Finisher,1337
Oleksandr,Nimenko,Oleksandr Nimenko,2459,M40-44,Male,Leutenbach,,Ukraine,UA,0:40:12,3:20:43,2:02:51,0:03:24,0:04:24,6:11:35,2412,12043,7371,204,264,22295,1665,1352,172,1560,1241,158,1824,1484,190,1665,1352,172,Finisher,1416
Judith,Seitz,Judith Seitz,2336,F45-49,Female,Mainz,,Germany,DE,0:39:47,3:14:48,2:07:44,0:04:15,0:05:02,6:11:36,2387,11688,7664,255,302,22296,1666,314,29,1513,307,26,1700,299,29,1666,314,29,Finisher,2135
Anne,Oesterling,Anne Oesterling,914,F35-39,Female,Dortmund ,Nordrhein-Westfalen ,Germany,DE,0:42:08,3:30:20,1:47:56,0:06:13,0:05:08,6:11:45,2528,12620,6476,373,308,22305,1667,315,39,1779,378,48,2034,414,54,1667,315,39,Finisher,1902
Anja,Pieper,Anja Pieper,1339,F35-39,Female,Muenchen,Bavaria,Germany,DE,0:42:15,3:16:19,1:55:50,0:07:12,0:10:12,6:11:48,2535,11779,6950,432,612,22308,1668,316,40,1789,380,49,1848,350,48,1668,316,40,Finisher,1901
Niclas,Meier,Niclas Meier,1385,M30-34,Male,Rheinmünster,BADEN-WURTTEMBERG,Germany,DE,0:38:32,3:09:04,2:12:14,0:05:52,0:06:07,6:11:49,2312,11344,7934,352,367,22309,1669,1353,249,1338,1084,186,1583,1318,231,1669,1353,249,Finisher,1270
Wolfgang,Strathaus,Wolfgang Strathaus,2080,M65-69,Male,Münster,,Germany,DE,0:37:43,3:00:31,2:22:35,0:05:06,0:05:54,6:11:49,2263,10831,8555,306,354,22309,1670,1354,11,1197,971,8,1282,1092,6,1670,1354,11,Finisher,2425
Paul,Schein,Paul Schein,984,M30-34,Male,Lohne (Oldenburg),Lower Saxony,Germany,DE,0:44:54,3:08:39,2:04:35,0:06:37,0:07:04,6:11:49,2694,11319,7475,397,424,22309,1671,1355,250,1992,1563,270,1738,1424,254,1671,1355,250,Finisher,1270
Christian,Mayer,Christian Mayer,1168,M55-59,Male,München,BAYERN,Germany,DE,0:39:34,3:09:46,2:07:47,0:06:55,0:07:50,6:11:52,2374,11386,7667,415,470,22312,1672,1356,60,1482,1188,54,1650,1369,61,1672,1356,60,Finisher,1748
Volker,Richter,Volker Richter,2331,M50-54,Male,Bamberg,BY,Germany,DE,0:47:23,2:53:00,2:20:32,0:04:46,0:06:12,6:11:54,2843,10380,8432,286,372,22314,1673,1357,108,2110,1649,133,1337,1136,95,1673,1357,108,Finisher,1408
Tim,Ritzheimer,Tim Ritzheimer,2196,M25-29,Male,Edingen-Neckarhausen,BADEN-WURTTEMBERG,Germany,DE,0:41:13,3:15:53,2:02:37,0:06:20,0:05:51,6:11:54,2473,11753,7357,380,351,22314,1674,1358,199,1682,1323,198,1800,1466,223,1674,1358,199,Finisher,1253
Till,Mack,Till Mack,2366,M25-29,Male,Weilheim an der Teck,Baden-Württemberg,Germany,DE,0:38:38,2:57:52,2:22:12,0:05:37,0:07:36,6:11:54,2318,10672,8532,337,456,22314,1675,1359,200,1355,1098,150,1243,1067,154,1675,1359,200,Finisher,1253
Alexander ,Weis ,Alexander Weis,1179,M40-44,Male,Laichingen ,,Germany,DE,0:46:07,3:10:38,2:03:12,0:05:30,0:06:29,6:11:57,2767,11438,7392,330,389,22317,1676,1360,173,2069,1619,202,1773,1444,185,1676,1360,173,Finisher,1409
Paul,Salger,Paul Salger,1435,M18-24,Male,München,Bavaria,Germany,DE,0:41:25,3:13:15,2:05:34,0:06:57,0:04:46,6:11:57,2485,11595,7534,417,286,22317,1677,1361,130,1699,1337,128,1764,1439,134,1677,1361,130,Finisher,1079
Johann,Stadler,Johann Stadler,1500,M45-49,Male,Leiblfing,,Germany,DE,0:39:03,3:19:57,1:59:58,0:07:29,0:05:36,6:12:03,2343,11997,7198,449,336,22323,1678,1362,128,1413,1140,116,1864,1511,143,1678,1362,128,Finisher,1543
Monika,Hilgenbrink,Monika Hilgenbrink,387,F45-49,Female,Münster,,Germany,DE,0:39:23,3:13:03,2:06:38,0:08:06,0:05:00,6:12:10,2363,11583,7598,486,300,22330,1679,317,30,1468,289,22,1744,319,31,1679,317,30,Finisher,2125
Leon,Behrens,Leon Behrens,1196,M18-24,Male,Nürnberg,Bavaria,Germany,DE,0:58:10,2:54:36,2:09:06,0:05:08,0:05:12,6:12:12,3490,10476,7746,308,312,22332,1680,1363,131,2247,1747,171,1681,1389,131,1680,1363,131,Finisher,1074
Oliver,Gramke,Oliver Gramke,538,M45-49,Male,Weingarten (Baden),,Germany,DE,0:45:17,2:54:20,2:17:37,0:07:50,0:07:17,6:12:20,2717,10460,8257,470,437,22340,1681,1364,129,2015,1581,150,1397,1183,112,1681,1364,129,Finisher,1538
Jonas,Hermann,Jonas Hermann,1428,M30-34,Male,Fritzlar,Hesse,Germany,DE,0:37:06,3:06:38,2:19:31,0:04:19,0:04:57,6:12:31,2226,11198,8371,259,297,22351,1682,1365,251,1098,894,146,1422,1204,212,1682,1365,251,Finisher,1257
Jürgen,Heyd,Jürgen Heyd,2070,M55-59,Male,Weiterstadt,HESSEN,Germany,DE,0:39:06,3:02:48,2:15:20,0:05:44,0:09:35,6:12:31,2346,10968,8120,344,575,22351,1683,1366,61,1422,1147,52,1402,1188,55,1683,1366,61,Finisher,1737
Paul,Bernhardt,Paul Bernhardt,2516,M25-29,Male,Bad Soden am Taunus,,Germany,DE,0:40:45,3:17:04,2:01:22,0:06:36,0:06:50,6:12:36,2445,11824,7282,396,410,22356,1684,1367,201,1628,1283,187,1826,1486,226,1684,1367,201,Finisher,1241
Claire,Dechriste,Claire Dechriste,1235,F50-54,Female,STRASBOURG,,France,FR,0:39:42,3:19:20,1:59:37,0:06:41,0:07:33,6:12:53,2382,11960,7177,401,453,22373,1685,318,25,1504,303,23,1845,348,23,1685,318,25,Finisher,2125
Hugo,Schaetzel,Hugo Schaetzel,2419,M30-34,Male,Geispolsheim,,France,FR,0:44:06,3:05:07,2:10:29,0:05:29,0:07:46,6:12:57,2646,11107,7829,329,466,22377,1686,1368,252,1943,1525,263,1612,1344,238,1686,1368,252,Finisher,1249
Leonie,Wartenweiler,Leonie Wartenweiler,2433,F18-24,,,,Switzerland,CH,0:42:19,3:19:08,1:59:04,0:05:44,0:06:46,6:13:02,2539,11948,7144,344,406,22382,1687,319,23,1799,381,33,1880,356,29,1687,319,23,Finisher,1987
Walter,Lindenblatt,Walter Lindenblatt,2291,M60-64,Male,lMainz,RP,Germany,DE,0:39:15,2:57:35,2:23:03,0:04:48,0:08:29,6:13:10,2355,10655,8583,288,509,22390,1688,1369,45,1444,1166,45,1232,1057,36,1688,1369,45,Finisher,1979
Lorenz,Niedrig,Lorenz Niedrig,1776,M25-29,Male,Oer-Erkenschwick,NW,Germany,DE,0:34:39,3:49:48,1:39:05,0:03:13,0:06:26,6:13:12,2079,13788,5945,193,386,22392,1689,1370,202,719,590,82,2106,1669,258,1689,1370,202,Finisher,1230
Tomasz,Jarmul,Tomasz Jarmul,780,M50-54,Male,Konstancin-Jeziorna,mazowieckie,Poland,PL,0:43:51,3:03:58,2:13:15,0:05:46,0:06:23,6:13:14,2631,11038,7995,346,383,22394,1690,1371,109,1924,1510,121,1589,1323,109,1690,1371,109,Finisher,1384
Blickhan,Christoph,Blickhan Christoph,366,M35-39,Male,Eppertshausen,foreigner,Germany,DE,0:44:16,3:07:07,2:06:46,0:07:31,0:07:34,6:13:14,2656,11227,7606,451,454,22394,1691,1372,219,1956,1534,233,1701,1402,216,1691,1372,219,Finisher,1306
Clemens,Gaberdiel,Clemens Gaberdiel,471,M25-29,Male,Karlsruhe,Baden Württemberg,Germany,DE,0:41:36,3:09:54,2:12:14,0:04:44,0:04:46,6:13:15,2496,11394,7934,284,286,22395,1692,1373,203,1731,1365,206,1649,1368,205,1692,1373,203,Finisher,1229
Diana,Woede,Diana Woede,1079,F45-49,Female,Wallenstein,,Germany,DE,0:40:26,3:02:26,2:14:20,0:07:00,0:09:09,6:13:21,2426,10946,8060,420,549,22401,1693,320,31,1587,333,29,1476,230,19,1693,320,31,Finisher,2103
Yulie,Barkan Elli,Yulie Barkan Elli,442,M18-24,Male,Afikim,Northern District,Israel,IL,0:33:04,3:15:57,2:10:48,0:06:50,0:06:53,6:13:32,1984,11757,7848,410,413,22412,1694,1374,132,555,449,42,1642,1365,129,1694,1374,132,Finisher,1050
Bernd,Köhler,Bernd Köhler,1913,M60-64,Male,Marburg,HE,Germany,DE,0:47:30,3:01:31,2:10:58,0:05:19,0:08:18,6:13:36,2850,10891,7858,319,498,22416,1695,1375,46,2118,1654,65,1605,1338,48,1695,1375,46,Finisher,1971
Kamil ,Kozinski ,Kamil Kozinski,2248,M35-39,Male,Stuttgart ,Baden-Württemberg ,Germany,DE,0:39:23,3:16:06,2:05:33,0:07:12,0:05:27,6:13:41,2363,11766,7533,432,327,22421,1696,1376,220,1467,1179,184,1785,1453,223,1696,1376,220,Finisher,1298
Thomas,Matt,Thomas Matt,1583,M40-44,Male,Bischweier,Baden-Württemberg,Germany,DE,0:40:24,3:19:14,2:01:34,0:06:26,0:06:05,6:13:44,2424,11954,7294,386,365,22424,1697,1377,174,1584,1254,162,1853,1502,192,1697,1377,174,Finisher,1377
Saskia,Fischer,Saskia Fischer,2087,F30-34,Female,Aachen,North Rhine-Westphalia,Germany,DE,0:39:42,3:11:02,2:09:25,0:05:53,0:07:57,6:13:59,2382,11462,7765,353,477,22439,1698,321,64,1503,302,60,1658,285,54,1698,321,64,Finisher,1822
Lena,Gehring,Lena Gehring,1126,F40-44,Female,Bruchsal,,Germany,DE,0:34:02,3:24:07,2:05:16,0:04:20,0:06:18,6:14:03,2042,12247,7516,260,378,22443,1699,322,33,650,115,12,1780,332,37,1699,322,33,Finisher,2127
Marc,Ewert,Marc Ewert,590,M35-39,Male,Beckerich,Réiden-Atert,Luxembourg,LU,0:38:54,3:18:57,1:58:10,0:07:36,0:10:36,6:14:14,2334,11937,7090,456,636,22454,1700,1378,221,1390,1121,175,1838,1495,232,1700,1378,221,Finisher,1288
Arved,Frommberger,Arved Frommberger,1038,M30-34,Male,Altdorf,,Germany,DE,0:56:17,3:04:03,2:02:09,0:06:12,0:05:44,6:14:25,3377,11043,7329,372,344,22465,1701,1379,253,2239,1740,304,1865,1512,266,1701,1379,253,Finisher,1223
Michael,Gurn,Michael Gurn,1454,M50-54,Male,Unterhaching,BY,Germany,DE,0:38:07,3:15:26,2:09:53,0:04:55,0:06:06,6:14:27,2287,11726,7793,295,366,22467,1702,1380,110,1258,1022,90,1690,1394,113,1702,1380,110,Finisher,1362
Brandon,Labuschagne,Brandon Labuschagne,1646,M30-34,Male,Bergschenhoek,ZUID-HOLLAND,Netherlands,NL,0:49:30,3:02:24,2:03:39,0:10:34,0:08:22,6:14:30,2970,10944,7419,634,502,22470,1703,1381,254,2168,1688,297,1781,1449,258,1703,1381,254,Finisher,1221
Carla Isabel,Bockelmann,Carla Isabel Bockelmann,2251,F35-39,Female,Frankfurt ,Hesse,Germany,DE,0:44:12,3:11:35,2:04:03,0:06:16,0:08:31,6:14:36,2652,11495,7443,376,511,22476,1704,323,41,1950,421,61,1770,329,44,1704,323,41,Finisher,1850
Maria,Diez De Ulzurrun Alvarez,Maria Diez De Ulzurrun Alvarez,2320,F40-44,Female,Braine L'Alleud,,Spain,ES,0:44:32,3:03:53,2:14:55,0:05:02,0:06:14,6:14:37,2672,11033,8095,302,374,22477,1705,324,34,1975,426,45,1581,264,32,1705,324,34,Finisher,2117
Uwe,Sander,Uwe Sander,2272,M50-54,Male,Kirkel,Saarland,Germany,DE,0:34:06,3:03:57,2:24:10,0:05:43,0:06:50,6:14:45,2046,11037,8650,343,410,22485,1706,1382,111,658,543,53,1296,1103,94,1706,1382,111,Finisher,1357
Denis,Hepbasli,Denis Hepbasli,1570,M30-34,Male,Würzburg,BY,Germany,DE,0:35:53,3:09:00,2:11:02,0:09:25,0:09:27,6:14:47,2153,11340,7862,565,567,22487,1707,1383,255,903,743,120,1604,1337,237,1707,1383,255,Finisher,1216
Stefan,Hotz,Stefan Hotz,2265,M30-34,Male,Karlsruhe,BW,Germany,DE,0:44:50,3:05:06,2:10:29,0:07:23,0:07:04,6:14:53,2690,11106,7829,443,424,22493,1708,1384,256,1985,1558,269,1664,1377,247,1708,1384,256,Finisher,1214
Jérôme,Gloth,Jérôme Gloth,1070,M25-29,Male,Hamburg,HH,Germany,DE,0:33:50,3:01:04,2:25:16,0:06:12,0:08:32,6:14:53,2030,10864,8716,372,512,22493,1709,1385,204,630,519,69,1214,1039,147,1709,1385,204,Finisher,1200
Erik,Teitge,Erik Teitge,746,M25-29,Male,Offenbach am Main,Hesse,Germany,DE,0:34:09,2:57:37,2:29:23,0:05:53,0:07:52,6:14:54,2049,10657,8963,353,472,22494,1710,1386,205,666,548,74,1113,960,131,1710,1386,205,Finisher,1199
Heinrich,Sauels,Heinrich Sauels,1567,M60-64,Male,Kempen,,Germany,DE,0:33:34,3:20:17,2:07:45,0:05:44,0:07:43,6:15:04,2014,12017,7665,344,463,22504,1711,1387,47,601,493,15,1715,1410,49,1711,1387,47,Finisher,1944
Thomas,Fischer,Thomas Fischer,220,M65-69,Male,Frankfurt,,Germany,DE,0:38:19,3:14:07,2:08:58,0:06:24,0:07:23,6:15:11,2299,11647,7738,384,443,22511,1712,1388,12,1298,1053,9,1698,1400,13,1712,1388,12,Finisher,2365
Merlin,Hexel,Merlin Hexel,883,M30-34,Male,Kirkel,Saarland,Germany,DE,0:45:11,3:07:23,2:09:24,0:07:02,0:06:20,6:15:19,2711,11243,7764,422,380,22519,1713,1389,257,2008,1575,274,1717,1412,253,1713,1389,257,Finisher,1207
Karolina Emilia,Sadomska,Karolina Emilia Sadomska,1400,F35-39,Female,Zürich,ZH,Poland,PL,0:41:03,3:13:36,2:08:56,0:04:21,0:07:25,6:15:21,2463,11616,7736,261,445,22521,1714,325,42,1657,356,47,1704,301,39,1714,325,42,Finisher,1837
Teun ,Van Den Brand ,Teun Van Den Brand,1644,M25-29,Male,Uden,North Brabant,Netherlands,NL,0:41:37,3:37:34,1:36:38,0:11:41,0:08:15,6:15:45,2497,13054,5798,701,495,22545,1715,1390,206,1737,1368,207,2128,1679,260,1715,1390,206,Finisher,1184
Julian,Völzke,Julian Völzke,1571,M18-24,Male,Schallstadt,Baden Würtemberg,Germany,DE,0:42:01,2:59:37,2:22:59,0:06:25,0:04:46,6:15:47,2521,10777,8579,385,286,22547,1716,1391,133,1770,1394,136,1421,1203,106,1716,1391,133,Finisher,1010
Jens,Hanke,Jens Hanke,361,M55-59,Male,Bad Vilbel,,Germany,DE,0:35:13,3:07:24,2:18:24,0:04:51,0:10:03,6:15:54,2113,11244,8304,291,603,22554,1717,1392,62,809,666,25,1400,1186,54,1717,1392,62,Finisher,1676
Philippe,Olinger,Philippe Olinger,1552,M25-29,Male,Contern,Luxembourg,Luxembourg,LU,0:41:13,3:17:10,2:07:29,0:04:17,0:05:45,6:15:54,2473,11830,7649,257,345,22554,1718,1393,207,1680,1321,197,1784,1452,221,1718,1393,207,Finisher,1181
Andreas,Brenner,Andreas Brenner,2406,M55-59,Male,Bieitigheim-Bissingen,,Germany,DE,0:43:18,3:14:04,2:03:15,0:07:11,0:08:08,6:15:55,2598,11644,7395,431,488,22555,1719,1394,63,1884,1479,64,1829,1488,69,1719,1394,63,Finisher,1676
Florian,Bachmann,Florian Bachmann,2329,M35-39,Male,Arbon,TG,Switzerland,CH,0:35:59,2:49:46,2:37:18,0:06:38,0:06:24,6:16:04,2159,10186,9438,398,384,22564,1720,1395,222,919,758,125,955,836,141,1720,1395,222,Finisher,1255
Florian,Wipfler,Florian Wipfler,1086,M40-44,Male,Bad Schönborn,,Germany,DE,0:36:23,3:10:00,2:15:51,0:05:27,0:08:36,6:16:17,2183,11400,8151,327,516,22577,1721,1396,175,983,806,93,1535,1287,166,1721,1396,175,Finisher,1331
Oliver,Zwiessler,Oliver Zwiessler,2119,M40-44,Male,Neckartenzlingen,BADEN-WURTTEMBERG,Germany,DE,0:34:10,2:54:29,2:35:36,0:05:26,0:06:40,6:16:21,2050,10469,9336,326,400,22581,1722,1397,176,672,553,58,1003,872,109,1722,1397,176,Finisher,1330
Aylin,Hauser,Aylin Hauser,919,F35-39,Female,Bottmingen,BASEL-LANDSCHAFT,Switzerland,CH,0:39:17,3:16:42,2:08:21,0:05:25,0:06:47,6:16:31,2357,11802,7701,325,407,22591,1723,326,43,1449,281,37,1762,325,42,1723,326,43,Finisher,1816
Joerg,Kortekamp,Joerg Kortekamp,1636,M60-64,,Willich,NW,Germany,DE,0:37:42,2:59:54,2:26:14,0:05:29,0:07:17,6:16:37,2262,10794,8774,329,437,22597,1724,1398,48,1194,968,40,1278,1091,38,1724,1398,48,Finisher,1916
Pascal,Löchner,Pascal Löchner,1782,M40-44,Male,Murrhardt,Baden-Württemberg,Germany,DE,0:46:19,3:10:27,2:10:04,0:04:48,0:05:01,6:16:38,2779,11427,7804,288,301,22598,1725,1399,177,2078,1626,204,1763,1438,184,1725,1399,177,Finisher,1325
Leonard Frederic,Schleef,Leonard Frederic Schleef,343,M18-24,Male,Karlsruhe,Baden-Württemberg,Germany,DE,0:41:31,3:17:20,2:04:21,0:05:47,0:07:44,6:16:43,2491,11840,7461,347,464,22603,1726,1400,134,1718,1353,131,1830,1489,140,1726,1400,134,Finisher,993
Maurin,Höhl,Maurin Höhl,1631,M25-29,Male,Düsseldorf,NORDRHEIN-WESTFALEN,Germany,DE,0:41:07,3:11:26,2:14:02,0:05:02,0:05:12,6:16:49,2467,11486,8042,302,312,22609,1727,1401,208,1665,1308,195,1670,1381,207,1727,1401,208,Finisher,1165
Dirk,Meyer,Dirk Meyer,1541,M40-44,Male,EMMENDINGEN,BADEN-WURTTEMBERG,Germany,DE,0:48:30,3:11:27,2:05:17,0:05:53,0:05:47,6:16:54,2910,11487,7517,353,347,22614,1728,1402,178,2143,1673,209,1849,1499,191,1728,1402,178,Finisher,1320
Pascal,Vernet,Pascal Vernet,1417,M60-64,Male,KUNTZIG,,France,FR,0:47:11,3:08:24,2:06:20,0:06:55,0:08:05,6:16:55,2831,11304,7580,415,485,22615,1729,1403,49,2105,1645,63,1782,1450,53,1729,1403,49,Finisher,1911
Michael ,Steuer ,Michael Steuer,2535,M45-49,Male,Kusel,RP,Germany,DE,0:37:11,3:16:01,2:08:55,0:07:38,0:07:15,6:16:59,2231,11761,7735,458,435,22619,1730,1404,130,1114,908,88,1748,1428,138,1730,1404,130,Finisher,1454
Thomas,Kilian,Thomas Kilian,645,M65-69,Male,Walldorf,,Germany,DE,0:41:28,3:14:20,2:10:04,0:06:15,0:04:56,6:17:03,2488,11660,7804,375,296,22623,1731,1405,13,1708,1344,16,1769,1441,15,1731,1405,13,Finisher,2331
Christian,Munk,Christian Munk,2184,M25-29,Male,Stuttgart,Baden-Württemberg,Germany,DE,0:41:41,3:19:44,2:00:10,0:07:42,0:07:48,6:17:05,2501,11984,7210,462,468,22625,1732,1406,209,1742,1371,208,1910,1544,234,1732,1406,209,Finisher,1160
Susanne Stephanie,Schaffner,Susanne Stephanie Schaffner,1726,F18-24,Female,Aalen,Baden-Württemberg,Germany,DE,0:39:54,3:11:55,2:16:06,0:04:37,0:04:35,6:17:06,2394,11515,8166,277,275,22626,1733,327,24,1523,311,27,1655,283,20,1733,327,24,Finisher,1914
Maik,Wolff,Maik Wolff,775,M45-49,Male,Bochum,,Germany,DE,0:36:58,3:08:48,2:22:11,0:04:14,0:04:57,6:17:07,2218,11328,8531,254,297,22627,1734,1407,131,1075,876,83,1482,1252,123,1734,1407,131,Finisher,1451
Sabrina-Janna,Zeyher,Sabrina-Janna Zeyher,329,F35-39,Female,Nyon,VAUD,Germany,DE,0:39:25,3:21:55,2:04:06,0:05:54,0:05:54,6:17:15,2365,12115,7446,354,354,22635,1735,328,44,1472,291,38,1881,357,49,1735,328,44,Finisher,1803
Nico ,ten Eicken ,Nico ten Eicken,1899,M25-29,Male,Dreieich,Hessen ,Germany,DE,0:44:26,3:16:02,2:05:04,0:06:41,0:05:05,6:17:18,2666,11762,7504,401,305,22638,1736,1408,210,1966,1543,243,1879,1524,232,1736,1408,210,Finisher,1156
Steffen,Hahn,Steffen Hahn,660,M45-49,Male,Rülzheim,Rheinland Pfalz,Germany,DE,0:37:05,3:08:15,2:21:02,0:05:30,0:05:30,6:17:21,2225,11295,8462,330,330,22641,1737,1409,132,1095,891,86,1514,1273,124,1737,1409,132,Finisher,1447
Kurt,Mueller,Kurt Mueller,551,M65-69,Male,,,Eswatini,SZ,0:41:10,3:06:00,2:17:41,0:04:57,0:07:38,6:17:27,2470,11160,8261,297,458,22647,1738,1410,14,1674,1317,14,1544,1293,10,1738,1410,14,Finisher,2324
Carlotta,Corban,Carlotta Corban,1376,F25-29,Female,Hamburg,,Germany,DE,0:40:13,3:15:01,2:08:21,0:06:08,0:07:47,6:17:29,2413,11701,7701,368,467,22649,1739,329,75,1561,320,72,1759,324,74,1739,329,75,Finisher,1547
Sarah,Scholtysik,Sarah Scholtysik,1090,F35-39,Female,Erlangen,BAYERN,Germany,DE,0:40:49,3:23:02,2:00:25,0:05:18,0:08:01,6:17:35,2449,12182,7225,318,481,22655,1740,330,45,1637,347,46,1912,368,51,1740,330,45,Finisher,1797
Simone,Peichl,Simone Peichl,2033,F35-39,Female,Rentweinsdorf,,Germany,DE,0:47:57,3:03:48,2:15:09,0:05:10,0:05:31,6:17:36,2877,11028,8109,310,331,22656,1741,331,46,2127,466,66,1660,286,37,1741,331,46,Finisher,1796
Helga,Demeny,Helga Demeny,608,F30-34,Female,Cluj-Napoca,Cluj,Romania,RO,0:30:36,3:22:02,2:10:08,0:07:01,0:08:00,6:17:47,1836,12122,7808,421,480,22667,1742,332,65,293,52,10,1718,306,62,1742,332,65,Finisher,1754
Cedric,Dörr,Cedric Dörr,2055,M35-39,Male,Weinheim,BW,Germany,DE,0:37:32,3:15:28,2:13:17,0:04:46,0:06:44,6:17:47,2252,11728,7997,286,404,22667,1743,1411,223,1166,949,156,1677,1386,214,1743,1411,223,Finisher,1224
Marco,Hoffmann,Marco Hoffmann,726,M35-39,Male,Eppelheim,Baden-Württemberg,Germany,DE,0:46:16,3:25:58,1:54:51,0:05:15,0:05:34,6:17:54,2776,12358,6891,315,334,22674,1744,1412,224,2076,1624,248,2021,1613,249,1744,1412,224,Finisher,1222
Dennis,Beckmann,Dennis Beckmann,2026,M40-44,Male,Baden-Württemberg - Freiburg,Baden-Württemberg,Germany,DE,0:39:50,2:58:57,2:24:44,0:06:02,0:08:31,6:18:04,2390,10737,8684,362,511,22684,1745,1413,179,1515,1208,153,1326,1126,143,1745,1413,179,Finisher,1299
Christian,Bryner,Christian Bryner,1589,M25-29,Male,Ohiopyle,PA,United States,US,0:39:03,3:13:18,2:04:51,0:09:57,0:10:59,6:18:07,2343,11598,7491,597,659,22687,1746,1414,211,1411,1138,161,1774,1445,219,1746,1414,211,Finisher,1142
Ingeborg,Alsgaard,Ingeborg Alsgaard,1036,F60-64,Female,Hamar,,Norway,NO,0:44:51,3:19:49,1:59:06,0:07:33,0:06:52,6:18:11,2691,11989,7146,453,412,22691,1747,333,4,1987,428,6,1961,387,5,1747,333,4,Finisher,2799
Romina,Westphal,Romina Westphal,1713,F35-39,Female,Düsseldorf,,Germany,DE,0:37:33,3:20:15,2:07:20,0:07:17,0:05:55,6:18:19,2253,12015,7640,437,355,22699,1748,334,47,1169,218,27,1833,342,46,1748,334,47,Finisher,1784
Jonathan,Jocham,Jonathan Jocham,702,M25-29,Male,Eichenau,BY,Germany,DE,0:37:22,3:08:50,2:15:09,0:08:25,0:08:36,6:18:21,2242,11330,8109,505,516,22701,1749,1415,212,1143,931,128,1610,1342,201,1749,1415,212,Finisher,1137
Björn,Breimaier,Björn Breimaier,1071,M40-44,Male,Mengen,BADEN-WURTTEMBERG,Germany,DE,0:33:19,3:01:23,2:29:38,0:06:30,0:07:35,6:18:25,1999,10883,8978,390,455,22705,1750,1416,180,574,467,47,1216,1041,130,1750,1416,180,Finisher,1293
Daniela,Tamtelen,Daniela Tamtelen,378,F40-44,Female,Frankfurt am Main,,Germany,DE,0:38:06,3:06:03,2:21:24,0:06:44,0:06:07,6:18:25,2286,11163,8484,404,367,22705,1751,335,35,1257,236,25,1518,242,29,1751,335,35,Finisher,2048
Luis,Reese,Luis Reese,1518,M18-24,Male,Kiel,SH,Germany,DE,0:40:55,3:16:33,2:07:45,0:06:49,0:06:28,6:18:29,2455,11793,7665,409,388,22709,1752,1417,135,1644,1294,122,1822,1482,139,1752,1417,135,Finisher,961
Yan,Bréhéret,Yan Bréhéret,857,M30-34,Male,Mannheim,Baden-Württemberg,Germany,DE,0:45:00,3:11:53,2:10:30,0:05:58,0:05:12,6:18:34,2700,11513,7830,358,312,22714,1753,1418,258,1996,1565,271,1790,1458,261,1753,1418,258,Finisher,1148
Peter Jan,Ehrenpfort,Peter Jan Ehrenpfort,2126,M45-49,Male,Stuttgart,Baden-Württemberg,Germany,DE,0:37:02,3:19:02,2:07:04,0:07:53,0:07:56,6:18:57,2222,11942,7624,473,476,22737,1754,1419,133,1086,882,85,1816,1478,141,1754,1419,133,Finisher,1418
Julia,Schwinghammer ,Julia Schwinghammer,1764,F25-29,Female,München,Bavaria,Germany,DE,0:43:15,3:15:06,2:08:33,0:06:09,0:06:01,6:19:04,2595,11706,7713,369,361,22744,1755,336,76,1877,403,94,1828,341,78,1755,336,76,Finisher,1519
Hauke,Warnecke,Hauke Warnecke,581,M25-29,Male,Königslutter,Lower Saxony,Germany,DE,0:42:18,3:11:49,2:13:28,0:05:44,0:05:47,6:19:05,2538,11509,8008,344,347,22745,1756,1420,213,1796,1416,219,1723,1415,214,1756,1420,213,Finisher,1124
Wolfgang,Klein,Wolfgang Klein,2037,M70-74,Male,Schwalbach,,Germany,DE,0:50:33,3:09:53,2:04:12,0:06:39,0:07:49,6:19:05,3033,11393,7452,399,469,22745,1757,1421,3,2194,1706,7,1877,1522,5,1757,1421,3,Finisher,2298
Timo,Henkenjohann,Timo Henkenjohann,1467,M30-34,Male,Rickenbach,,Germany,DE,0:42:20,3:07:14,2:14:02,0:07:33,0:08:00,6:19:08,2540,11234,8042,453,480,22748,1758,1422,259,1800,1419,242,1661,1375,246,1758,1422,259,Finisher,1138
Carmen ,Wieser,Carmen Wieser,1795,F18-24,Female,Tübingen,Baden-Württemberg,Italy,IT,0:36:13,3:24:05,2:07:53,0:05:38,0:05:23,6:19:11,2173,12245,7673,338,323,22751,1759,337,25,961,172,14,1850,351,26,1759,337,25,Finisher,1877
Miriam,Hesse,Miriam Hesse,1160,F30-34,Female,Hattersheim am Main,Hesse,Germany,DE,0:49:25,3:21:42,1:49:48,0:06:46,0:11:36,6:19:16,2965,12102,6588,406,696,22756,1760,338,66,2163,479,94,2024,409,83,1760,338,66,Finisher,1727
Joshua,Middendorf,Joshua Middendorf,1468,M25-29,Male,Lohne (Oldenburg),Lower Saxony,Germany,DE,0:49:55,3:11:16,2:07:18,0:05:10,0:05:46,6:19:25,2995,11476,7638,310,346,22765,1761,1423,214,2181,1698,260,1857,1505,229,1761,1423,214,Finisher,1118
Simon,Metzler,Simon Metzler,453,M30-34,Male,Bad Saulgau,Baden-Württemberg,Germany,DE,0:48:24,3:08:50,2:10:18,0:05:28,0:06:31,6:19:31,2904,11330,7818,328,391,22771,1762,1424,260,2141,1672,294,1786,1454,259,1762,1424,260,Finisher,1131
Giovanni,Frigo,Giovanni Frigo,2335,M40-44,,Rheinstetten,BW,Italy,IT,0:44:17,3:10:26,2:13:57,0:05:22,0:05:40,6:19:43,2657,11426,8037,322,340,22783,1763,1425,181,1958,1536,193,1735,1423,182,1763,1425,181,Finisher,1270
Pascal,Heber,Pascal Heber,658,M35-39,Male,Bad Säckingen,BW,Germany,DE,0:44:53,3:06:57,2:17:35,0:04:47,0:05:32,6:19:44,2693,11217,8255,287,332,22784,1764,1426,225,1990,1561,240,1659,1374,211,1764,1426,225,Finisher,1189
Tobias,Seiler,Tobias Seiler,2300,M35-39,Male,Frankfurt am Main,Hesse,Germany,DE,0:44:43,3:14:49,2:07:47,0:05:19,0:07:14,6:19:51,2683,11689,7667,319,434,22791,1765,1427,226,1981,1555,239,1832,1491,228,1765,1427,226,Finisher,1187
Janice,Drews,Janice Drews,1841,F30-34,Female,Strasbourg,,Germany,DE,0:38:27,3:34:25,1:56:25,0:05:59,0:04:49,6:20:04,2307,12865,6985,359,289,22804,1766,339,67,1318,249,49,2035,415,87,1766,339,67,Finisher,1713
Jan,Umbach,Jan Umbach,903,M25-29,Male,"Hagen , Westf",NRW,Germany,DE,0:38:40,3:00:19,2:25:49,0:07:06,0:08:11,6:20:05,2320,10819,8749,426,491,22805,1767,1428,215,1357,1100,152,1361,1156,171,1767,1428,215,Finisher,1106
Carsten,Dreher,Carsten Dreher,959,M35-39,Male,Böblingen,BADEN-WURTTEMBERG,Germany,DE,0:39:32,3:01:22,2:23:52,0:07:42,0:07:39,6:20:07,2372,10882,8632,462,459,22807,1768,1429,227,1480,1186,185,1439,1217,190,1768,1429,227,Finisher,1182
Noemi,Imboden,Noemi Imboden,1874,F30-34,Female,St. Niklaus VS,Valais,Switzerland,CH,0:38:46,3:14:55,2:12:33,0:06:12,0:07:41,6:20:08,2326,11695,7953,372,461,22808,1769,340,68,1374,265,52,1724,309,63,1769,340,68,Finisher,1712
Ortwin,Ruland,Ortwin Ruland,508,M75-79,Male,Arnsberg,NW,Germany,DE,0:48:34,3:09:51,2:05:06,0:09:20,0:07:28,6:20:19,2914,11391,7506,560,448,22819,1770,1430,1,2144,1674,1,1888,1530,1,1770,1430,1,Finisher,3500
Markus,Ita,Markus Ita,801,M30-34,Male,Neu-Ulm,Bavaria,Germany,DE,0:42:15,3:15:05,2:05:36,0:11:13,0:06:12,6:20:21,2535,11705,7536,673,372,22821,1771,1431,261,1790,1410,239,1899,1537,268,1771,1431,261,Finisher,1116
Stephan,Franke,Stephan Franke,1553,M40-44,Male,Sehnde,,Germany,DE,0:44:05,3:09:43,2:05:10,0:12:20,0:09:09,6:20:28,2645,11383,7510,740,549,22828,1772,1432,182,1941,1523,192,1854,1503,193,1772,1432,182,Finisher,1256
Maximilian Robin,Tarta,Maximilian Robin Tarta,1957,M18-24,Male,Bietigheim,BW,Germany,DE,0:39:13,3:31:32,1:53:52,0:08:19,0:07:34,6:20:29,2353,12692,6832,499,454,22829,1773,1433,136,1436,1158,111,2038,1622,157,1773,1433,136,Finisher,925
Richard,Egger-Makcrodt,Richard Egger-Makcrodt,1285,M30-34,Male,Frankfurt am Main,Hesse,Germany,DE,0:39:04,3:26:40,1:57:49,0:08:52,0:08:09,6:20:33,2344,12400,7069,532,489,22833,1774,1434,262,1415,1142,194,1990,1593,278,1774,1434,262,Finisher,1112
Janina,Steindl,Janina Steindl,489,F35-39,Female,Pentling,BAYERN,Germany,DE,0:34:51,3:15:35,2:20:53,0:04:03,0:05:12,6:20:36,2091,11735,8453,243,312,22836,1775,341,48,755,138,17,1609,268,32,1775,341,48,Finisher,1742
Johanna,Kreps,Johanna Kreps,921,F18-24,Female,Gondelsheim,BW,Germany,DE,0:41:17,3:28:59,2:01:18,0:04:06,0:04:57,6:20:36,2477,12539,7278,246,297,22836,1776,342,26,1688,361,31,1987,397,33,1776,342,26,Finisher,1851
Lisa,Heitz,Lisa Heitz,823,F35-39,Female,Steinen,Baden-Württemberg,Germany,DE,0:38:03,3:15:55,2:14:08,0:05:45,0:06:59,6:20:50,2283,11755,8048,345,419,22850,1777,343,49,1251,233,29,1719,307,40,1777,343,49,Finisher,1738
Ariane,Freitag,Ariane Freitag,1355,F30-34,Female,Wetzlar,Hesse,Germany,DE,0:38:35,3:20:43,2:00:38,0:10:38,0:10:19,6:20:53,2315,12043,7238,638,619,22853,1778,344,69,1343,255,50,1923,372,77,1778,344,69,Finisher,1698
Fulvio,Angrisani,Fulvio Angrisani,1040,M45-49,Male,MONZA,MB,Italy,IT,0:41:44,3:22:17,2:04:17,0:05:41,0:06:55,6:20:54,2504,12137,7457,341,415,22854,1779,1435,134,1747,1375,134,1918,1549,147,1779,1435,134,Finisher,1383
Andrea,Dill,Andrea Dill,1115,F30-34,Female,Ulm,BW,Germany,DE,0:41:11,3:22:42,2:02:53,0:05:16,0:08:54,6:20:55,2471,12162,7373,316,534,22855,1780,345,70,1675,358,72,1911,367,76,1780,345,70,Finisher,1697
Luca,Drahos,Luca Drahos,1917,F25-29,Female,Andeer,Graubünden,Hungary,HU,0:38:41,3:18:25,2:13:00,0:05:19,0:05:33,6:20:58,2321,11905,7980,319,333,22858,1781,346,77,1358,258,61,1776,330,75,1781,346,77,Finisher,1484
Luca,Gertenbach,Luca Gertenbach,1809,M25-29,Male,Karlsruhe,BADEN-WURTTEMBERG,Germany,DE,0:39:35,3:12:56,2:18:55,0:04:51,0:04:49,6:21:06,2375,11576,8335,291,289,22866,1782,1436,216,1483,1189,170,1665,1378,206,1782,1436,216,Finisher,1088
Tobias,Buschick,Tobias Buschick,1812,M45-49,Male,Kirchheim unter Teck,BW,Germany,DE,0:41:10,3:09:22,2:16:43,0:07:32,0:06:35,6:21:22,2470,11362,8203,452,395,22882,1783,1437,135,1671,1314,130,1685,1392,134,1783,1437,135,Finisher,1375
Raphael,Geyer,Raphael Geyer,1825,M25-29,Male,Künzelsau,BADEN-WURTTEMBERG,Germany,DE,0:43:28,3:21:40,2:04:33,0:05:42,0:06:02,6:21:24,2608,12100,7473,342,362,22884,1784,1438,217,1894,1486,234,1939,1562,239,1784,1438,217,Finisher,1082
Hannes,Imboden,Hannes Imboden,1877,M30-34,Male,Schlieren,Zurich,Switzerland,CH,0:41:19,3:17:33,2:01:39,0:10:18,0:10:41,6:21:30,2479,11853,7299,618,641,22890,1785,1439,263,1691,1330,222,1913,1545,270,1785,1439,263,Finisher,1095
Karim,Yacout,Karim Yacout,905,M30-34,Male,Schutterwald,Baden-Württemberg,Germany,DE,0:43:30,3:21:04,2:06:16,0:04:54,0:05:53,6:21:37,2610,12064,7576,294,353,22897,1786,1440,264,1897,1489,255,1915,1547,272,1786,1440,264,Finisher,1093
Maurice,Van Waes,Maurice Van Waes,813,M18-24,Male,Antwerpen,Flemish Region,Belgium,BE,0:34:32,3:19:27,2:14:13,0:07:11,0:06:20,6:21:43,2072,11967,8053,431,380,22903,1787,1441,137,715,588,59,1754,1433,133,1787,1441,137,Finisher,903
Joel,Mittel,Joel Mittel,1264,M25-29,Male,Donauwörth,Bavaria,Germany,DE,0:46:24,3:03:25,2:13:49,0:10:15,0:07:57,6:21:51,2784,11005,8029,615,477,22911,1788,1442,218,2084,1629,253,1734,1422,215,1788,1442,218,Finisher,1074
Jörg,Moser,Jörg Moser,1614,M60-64,Male,Mülheim,NORDRHEIN-WESTFALEN,Germany,DE,0:37:08,3:24:16,2:05:54,0:07:17,0:07:16,6:21:51,2228,12256,7554,437,436,22911,1789,1443,50,1104,899,38,1903,1539,59,1789,1443,50,Finisher,1822
Chris,Peeters,Chris Peeters,712,M60-64,Male,Bierbeek,Flemish Region,Belgium,BE,0:43:47,3:19:41,1:59:51,0:08:57,0:09:40,6:21:56,2627,11981,7191,537,580,22916,1790,1444,51,1920,1508,57,1964,1577,60,1790,1444,51,Finisher,1821
Jens,Dreger,Jens Dreger,616,M40-44,Male,Großschirma ST Siebenlehn,,Germany,DE,0:48:04,3:11:58,2:09:22,0:06:24,0:06:10,6:21:58,2884,11518,7762,384,370,22918,1791,1445,183,2130,1663,208,1862,1510,195,1791,1445,183,Finisher,1229
Pamela,Lauer,Pamela Lauer,2049,F40-44,Female,Butzweiler,trier,Germany,DE,0:41:01,3:23:39,2:06:00,0:06:34,0:04:45,6:21:59,2461,12219,7560,394,285,22919,1792,347,36,1653,353,41,1944,379,41,1792,347,36,Finisher,1984
Yannik,Stillner,Yannik Stillner,2174,M18-24,Male,Remshalden,Baden-Württemberg,Germany,DE,0:45:09,3:11:04,2:10:24,0:07:22,0:08:14,6:22:13,2709,11464,7824,442,494,22933,1793,1446,138,2006,1574,152,1805,1469,138,1793,1446,138,Finisher,894
Antje,Trabold,Antje Trabold,1095,F30-34,Female,Berlin,,Germany,DE,0:43:23,3:15:02,2:11:42,0:04:34,0:07:34,6:22:15,2603,11702,7902,274,454,22935,1794,348,71,1890,407,79,1793,334,69,1794,348,71,Finisher,1673
Thomas,Miller,Thomas Miller,2414,M25-29,Male,london,England,United Kingdom,GB,0:40:16,3:18:28,2:11:44,0:05:41,0:06:10,6:22:18,2416,11908,7904,341,370,22938,1795,1447,219,1570,1248,180,1825,1485,225,1795,1447,219,Finisher,1066
Stefan,Warzecha,Stefan Warzecha,1951,M35-39,Male,Frankfurt Am Main,HE,Germany,DE,0:45:34,3:18:05,2:07:09,0:06:19,0:05:20,6:22:27,2734,11885,7629,379,320,22947,1796,1448,228,2039,1599,244,1924,1552,240,1796,1448,228,Finisher,1140
Marc,Probst,Marc Probst,493,M45-49,Male,Ubstadt-Weiher,Baden-Württemberg,Germany,DE,0:46:09,3:25:23,1:57:38,0:05:05,0:08:28,6:22:43,2769,12323,7058,305,508,22963,1797,1449,136,2072,1621,153,2017,1611,151,1797,1449,136,Finisher,1351
Vincent,Van Steen,Vincent Van Steen,902,M18-24,Male,Antwerpen,Flemish Region,Belgium,BE,0:37:05,3:22:31,2:08:38,0:07:45,0:06:45,6:22:44,2225,12151,7718,465,405,22964,1798,1450,139,1091,887,86,1882,1525,144,1798,1450,139,Finisher,884
Thiemo,Höhn,Thiemo Höhn,452,M40-44,Male,Bochum,North Rhine-Westphalia,Germany,DE,0:41:39,3:15:33,2:13:29,0:06:45,0:05:17,6:22:44,2499,11733,8009,405,317,22964,1799,1451,184,1739,1369,176,1817,1479,188,1799,1451,184,Finisher,1215
howard,fordham,howard fordham,364,M70-74,Male,Frankfurt,,Germany,DE,0:36:22,3:13:20,2:20:20,0:05:27,0:07:28,6:22:57,2182,11600,8420,327,448,22977,1800,1452,4,981,804,4,1624,1350,4,1800,1452,4,Finisher,2228
Mirko,Milla,Mirko Milla,798,M45-49,Male,Kronau,,Germany,DE,0:38:57,2:59:45,2:31:17,0:06:08,0:06:58,6:23:05,2337,10785,9077,368,418,22985,1801,1453,137,1399,1128,113,1327,1127,106,1801,1453,137,Finisher,1344
Suzanne,Adam,Suzanne Adam,485,F25-29,Female,Manchester,England,United Kingdom,GB,0:45:01,3:31:44,1:57:05,0:04:05,0:05:14,6:23:08,2701,12704,7025,245,314,22988,1802,349,78,1998,432,96,2052,423,92,1802,349,78,Finisher,1445
Fynn,Schindelarz,Fynn Schindelarz,2135,M18-24,Male,Leinfelden-Echterdingen,Baden-Württemberg,Germany,DE,0:42:49,3:20:16,2:07:30,0:07:22,0:05:19,6:23:16,2569,12016,7650,442,319,22996,1803,1454,140,1838,1447,140,1932,1557,149,1803,1454,140,Finisher,875
Jessica,Nüssel,Jessica Nüssel,1789,F25-29,Female,Kriens,LUZERN,Switzerland,CH,0:40:21,3:20:52,2:08:58,0:07:08,0:06:02,6:23:21,2421,12052,7738,428,362,23001,1804,350,79,1577,327,75,1895,361,80,1804,350,79,Finisher,1442
Ronald,Lips,Ronald Lips,1497,M55-59,Male,Jegenstorf,,Switzerland,CH,0:43:56,3:12:15,2:11:04,0:07:53,0:08:13,6:23:22,2636,11535,7864,473,493,23002,1805,1455,64,1930,1515,68,1818,1480,68,1805,1455,64,Finisher,1541
Kelsey,Liu,Kelsey Liu,1533,F30-34,Female,San Antonio,CO,United States,US,0:27:18,3:28:46,2:19:46,0:03:20,0:04:12,6:23:23,1638,12526,8386,200,252,23003,1806,351,72,84,7,1,1709,303,60,1806,351,72,Finisher,1653
Tom,Seeger,Tom Seeger,2081,M45-49,Male,Arni,,Switzerland,CH,0:35:26,3:17:49,2:17:04,0:06:16,0:06:51,6:23:26,2126,11869,8224,376,411,23006,1807,1456,138,831,682,66,1713,1408,137,1807,1456,138,Finisher,1338
Roemalie,Haveman,Roemalie Haveman,2363,F30-34,Female,Kriens,Lucerne,Netherlands,NL,0:46:45,3:18:08,2:05:20,0:05:28,0:07:52,6:23:33,2805,11888,7520,328,472,23013,1808,352,73,2092,459,91,1927,374,78,1808,352,73,Finisher,1650
Oliver,Heyd,Oliver Heyd,2133,M50-54,Male,Weinsberg,,Germany,DE,0:45:02,3:09:54,2:12:48,0:09:32,0:06:23,6:23:40,2702,11394,7968,572,383,23020,1809,1457,112,2001,1569,123,1827,1487,116,1809,1457,112,Finisher,1196
Sebastian ,Ebert,Sebastian Ebert,922,M40-44,Male,Berlin,,Germany,DE,0:38:37,3:18:28,2:12:40,0:05:40,0:08:25,6:23:50,2317,11908,7960,340,505,23030,1810,1458,185,1349,1094,138,1788,1456,186,1810,1458,185,Finisher,1196
Manuel,Schmidt,Manuel Schmidt,1507,M35-39,Male,Bad Königshofen,Bavaria,Germany,DE,0:45:34,3:11:37,2:12:09,0:08:19,0:06:24,6:24:04,2734,11497,7929,499,384,23044,1811,1459,229,2038,1598,243,1840,1496,233,1811,1459,229,Finisher,1111
Fabian,Staib,Fabian Staib,593,M25-29,Male,München,BY,Germany,DE,0:39:41,3:08:20,2:20:30,0:07:30,0:08:02,6:24:04,2381,11300,8430,450,482,23044,1812,1460,220,1500,1200,173,1632,1357,204,1812,1460,220,Finisher,1034
Jakob,Eckl,Jakob Eckl,1846,M25-29,Male,Vilshofen an der Donau,Passau,Germany,DE,0:40:19,3:08:31,2:25:27,0:04:19,0:05:28,6:24:04,2419,11311,8727,259,328,23044,1813,1461,221,1575,1250,181,1569,1309,195,1813,1461,221,Finisher,1034
Pierre,Lennes,Pierre Lennes,965,M65-69,Male,Embourg,,Belgium,BE,0:45:24,3:14:55,2:07:54,0:07:35,0:08:18,6:24:06,2724,11695,7674,455,498,23046,1814,1462,15,2021,1585,19,1890,1532,18,1814,1462,15,Finisher,2204
Tim,Rouge,Tim Rouge,2301,M40-44,Male,Lausanne,,Switzerland,CH,0:38:28,3:03:51,2:28:01,0:05:39,0:08:10,6:24:09,2308,11031,8881,339,490,23049,1815,1463,186,1323,1074,133,1416,1199,152,1815,1463,186,Finisher,1190
Regina ,Kohnke ,Regina Kohnke,1377,F45-49,Female,Bad Vilbel ,,Germany,DE,0:43:56,3:22:04,2:03:41,0:07:28,0:07:04,6:24:13,2636,12124,7421,448,424,23053,1816,353,32,1928,415,36,1979,394,35,1816,353,32,Finisher,1908
Bennett,Kleinberg,Bennett Kleinberg,1718,M35-39,Male,Düsseldorf,,Germany,DE,0:34:54,3:10:11,2:24:27,0:06:38,0:08:05,6:24:15,2094,11411,8667,398,485,23055,1817,1464,230,762,621,108,1534,1286,205,1817,1464,230,Finisher,1108
Moritz,Zimmermann,Moritz Zimmermann,446,M40-44,Male,Hersbruck,Bavaria,Germany,DE,0:39:24,3:05:38,2:27:12,0:05:46,0:06:30,6:24:31,2364,11138,8832,346,390,23071,1818,1465,187,1471,1181,146,1511,1270,163,1818,1465,187,Finisher,1183
Herman,Oostra,Herman Oostra,1891,M45-49,Male,Harkstede,,Netherlands,NL,0:36:20,3:12:01,2:27:17,0:04:07,0:04:53,6:24:38,2180,11521,8837,247,293,23078,1819,1466,139,974,798,78,1550,1297,126,1819,1466,139,Finisher,1316
Niels,Wissink,Niels Wissink,1273,M25-29,Male,Borne,,Netherlands,NL,0:43:44,3:04:07,2:22:50,0:07:12,0:06:52,6:24:46,2624,11047,8570,432,412,23086,1820,1467,222,1915,1504,237,1623,1349,203,1820,1467,222,Finisher,1022
Michel,Indelicato,Michel Indelicato,1683,M35-39,Male,Sissach,,Switzerland,CH,0:37:44,3:24:47,2:12:44,0:03:51,0:05:46,6:24:51,2264,12287,7964,231,346,23091,1821,1468,231,1200,974,162,1858,1506,234,1821,1468,231,Finisher,1097
Miłosz,Sobieraj,Miłosz Sobieraj,1272,M18-24,Male,Münstertal,Baden-Württemberg,Poland,PL,0:34:27,3:27:21,2:10:42,0:05:50,0:06:37,6:24:56,2067,12441,7842,350,397,23096,1822,1469,141,705,579,57,1886,1529,145,1822,1469,141,Finisher,845
Jana,Vonier,Jana Vonier,2479,F25-29,Female,Münsingen,BADEN-WURTTEMBERG,Germany,DE,0:42:53,3:08:59,2:19:48,0:05:35,0:07:43,6:24:59,2573,11339,8388,335,463,23099,1823,354,80,1845,394,91,1666,288,64,1823,354,80,Finisher,1412
Andrea,Rentmeister,Andrea Rentmeister,2304,F45-49,Female,München,,Austria,AT,0:43:48,3:17:19,2:13:36,0:04:38,0:05:43,6:25:04,2628,11839,8016,278,343,23104,1824,355,33,1921,413,35,1847,349,32,1824,355,33,Finisher,1892
Katharina,Haußmann,Katharina Haußmann,1613,F40-44,Female,Obertshausen,Hesse,Germany,DE,0:32:57,3:10:12,2:28:42,0:06:54,0:06:35,6:25:21,1977,11412,8922,414,395,23121,1825,356,37,540,103,11,1485,233,26,1825,356,37,Finisher,1923
Mario,Bohlen,Mario Bohlen,552,M25-29,Male,Heidelberg,Baden-Württemberg,Germany,DE,0:39:09,3:22:57,2:02:44,0:10:24,0:10:07,6:25:22,2349,12177,7364,624,607,23122,1826,1470,223,1433,1156,164,1966,1578,240,1826,1470,223,Finisher,1011
Anke,Brisske-Rode,Anke Brisske-Rode,1008,F60-64,Female,Isenbüttel,NI,Germany,DE,0:39:22,3:07:08,2:27:40,0:04:51,0:06:21,6:25:23,2362,11228,8860,291,381,23123,1827,357,5,1466,288,2,1526,246,3,1827,357,5,Finisher,2670
Giordano ,Celeghin ,Giordano Celeghin,1325,M30-34,Male,Noale,VENETO,Italy,IT,0:35:34,3:19:40,2:17:05,0:08:06,0:05:00,6:25:26,2134,11980,8225,486,300,23126,1828,1471,265,845,694,105,1798,1464,263,1828,1471,265,Finisher,1025
Siegfried,Hoelzer,Siegfried Hoelzer,1173,M55-59,Male,Koenigsbach-Stein,,Germany,DE,0:45:19,3:11:46,2:13:46,0:06:44,0:07:51,6:25:26,2719,11506,8026,404,471,23126,1829,1472,65,2017,1583,72,1810,1472,67,1829,1472,65,Finisher,1504
Frederike,Völzer,Frederike Völzer,2148,F30-34,Female,Köln,North Rhine-Westphalia,Germany,DE,0:45:38,3:20:58,2:03:45,0:06:22,0:08:47,6:25:31,2738,12058,7425,382,527,23131,1830,358,74,2042,442,85,1975,392,80,1830,358,74,Finisher,1615
Sylvia,Weber,Sylvia Weber,816,F50-54,Female,Lissendorf,Rhineland-Palatinate,Germany,DE,0:45:10,3:20:14,2:06:13,0:07:23,0:06:33,6:25:33,2710,12014,7573,443,393,23133,1831,359,26,2007,433,33,1972,391,31,1831,359,26,Finisher,1897
Joana,Karsch ,Joana Karsch,1828,F18-24,Female,Obrigheim (Pfalz),Rhineland-Palatinate,Germany,DE,0:35:25,3:14:08,2:22:43,0:06:16,0:07:07,6:25:39,2125,11648,8563,376,427,23139,1832,360,27,827,148,12,1641,277,19,1832,360,27,Finisher,1760
Klaus,Stöhr,Klaus Stöhr,479,M60-64,Male,Waltenhofen,,Germany,DE,0:39:55,3:13:41,2:14:22,0:08:18,0:09:27,6:25:43,2395,11621,8062,498,567,23143,1833,1473,52,1528,1216,47,1768,1440,52,1833,1473,52,Finisher,1753
Caroline,Klausch,Caroline Klausch,828,F35-39,Female,Berlin,BE,Germany,DE,0:44:06,3:22:01,2:08:09,0:04:47,0:06:42,6:25:45,2646,12121,7689,287,402,23145,1834,361,50,1944,419,60,1940,378,52,1834,361,50,Finisher,1650
Ina,Mahlmann,Ina Mahlmann,520,F25-29,Female,Mannheim,BADEN-WURTTEMBERG,Germany,DE,0:32:36,3:27:03,2:16:22,0:03:50,0:05:56,6:25:47,1956,12423,8182,230,356,23147,1835,362,81,500,94,29,1804,336,76,1835,362,81,Finisher,1398
Susanne,Scheer,Susanne Scheer,605,F18-24,Female,Gunzenhausen,BY,Germany,DE,0:44:00,3:17:29,2:14:34,0:04:51,0:04:54,6:25:48,2640,11849,8074,291,294,23148,1836,363,28,1936,417,37,1855,352,27,1836,363,28,Finisher,1757
Angelika,Schernthaner,Angelika Schernthaner,1466,F35-39,Female,Bruckmühl,Bavaria,Austria,AT,0:38:48,3:10:23,2:23:57,0:05:37,0:07:10,6:25:55,2328,11423,8637,337,430,23155,1837,364,51,1376,267,34,1614,270,33,1837,364,51,Finisher,1647
Raimond,Gailis,Raimond Gailis,297,M70-74,Male,Mainz,,Germany,DE,0:34:11,3:10:49,2:29:13,0:04:40,0:07:03,6:25:56,2051,11449,8953,280,423,23156,1838,1474,5,673,554,3,1469,1242,3,1838,1474,5,Finisher,2175
Ruben,Martinez,Ruben Martinez,1546,M30-34,Male,Nürnberg,BAYERN,Honduras,HN,0:43:54,3:19:44,2:10:32,0:05:36,0:06:21,6:26:07,2634,11984,7832,336,381,23167,1839,1475,266,1927,1513,261,1914,1546,271,1839,1475,266,Finisher,1012
Jens,Burkhardt,Jens Burkhardt,2211,M35-39,Male,Witten,North Rhine-Westphalia,Germany,DE,0:52:26,3:04:45,2:15:09,0:05:36,0:08:17,6:26:13,3146,11085,8109,336,497,23173,1840,1476,232,2214,1722,260,1789,1457,224,1840,1476,232,Finisher,1073
Reiner,Gießau,Reiner Gießau,1463,M65-69,Male,Werl,,Germany,DE,0:41:22,3:06:41,2:19:25,0:10:01,0:08:53,6:26:21,2482,11201,8365,601,533,23181,1841,1477,16,1694,1332,15,1684,1391,12,1841,1477,16,Finisher,2164
Martijn,de Kuijper,Martijn de Kuijper,1724,M40-44,Male,Schoonhoven,South Holland,Netherlands,NL,0:42:34,3:15:09,2:14:30,0:06:29,0:07:39,6:26:21,2554,11709,8070,389,459,23181,1842,1478,188,1818,1430,183,1821,1481,189,1842,1478,188,Finisher,1150
thomas,berg,thomas berg,2210,M40-44,Male,Corny-sur-Moselle,Grand Est,France,FR,0:38:07,3:09:16,2:28:15,0:05:33,0:05:17,6:26:27,2287,11356,8895,333,317,23187,1843,1479,189,1262,1026,125,1563,1304,169,1843,1479,189,Finisher,1148
Manuel,Steinbacher,Manuel Steinbacher,1305,M45-49,Male,Altlußheim,,Germany,DE,0:38:49,3:13:13,2:19:01,0:07:09,0:08:17,6:26:28,2329,11593,8341,429,497,23188,1844,1480,140,1379,1112,111,1706,1405,136,1844,1480,140,Finisher,1283
SARAH,KLEEMANN,SARAH KLEEMANN,1089,F35-39,Female,Fürth,Bavaria,Germany,DE,0:44:52,3:29:38,2:01:06,0:06:13,0:04:44,6:26:33,2692,12578,7266,373,284,23193,1845,365,52,1988,429,62,2051,422,56,1845,365,52,Finisher,1635
Annelie,Gering,Annelie Gering,1673,F25-29,Female,Marbach am Neckar,BW,Germany,DE,0:38:30,3:16:02,2:21:12,0:05:16,0:05:42,6:26:41,2310,11762,8472,316,342,23201,1846,366,82,1329,253,60,1721,308,68,1846,366,82,Finisher,1382
Benedikt ,Fertig,Benedikt Fertig,1666,M30-34,Male,München,BY,Germany,DE,0:39:15,2:55:37,2:43:08,0:04:39,0:04:07,6:26:46,2355,10537,9788,279,247,23206,1847,1481,267,1443,1165,196,1166,998,176,1847,1481,267,Finisher,1001
Marco,Haack,Marco Haack,1202,M30-34,Male,Aalen,BW,Germany,DE,0:43:34,2:56:31,2:32:51,0:05:37,0:08:24,6:26:56,2614,10591,9171,337,504,23216,1848,1482,268,1903,1493,256,1355,1150,206,1848,1482,268,Finisher,998
Naemi,Mayer,Naemi Mayer,1733,F25-29,Female,Ulm,Baden-Württemberg,Germany,DE,0:39:36,3:23:23,2:09:53,0:06:46,0:07:28,6:27:05,2376,12203,7793,406,448,23225,1849,367,83,1486,295,67,1921,371,81,1849,367,83,Finisher,1374
Christine,Wagner,Christine Wagner,2208,F45-49,Female,Wiesbaden,,Germany,DE,0:39:37,3:24:43,2:11:02,0:06:00,0:05:45,6:27:07,2377,12283,7862,360,345,23227,1850,368,34,1487,296,25,1926,373,33,1850,368,34,Finisher,1856
Alexandre,Possanzini,Alexandre Possanzini,1920,M50-54,Male,Berlin,BERLIN,Italy,IT,0:38:55,3:20:16,2:10:17,0:09:01,0:08:41,6:27:10,2335,12016,7817,541,521,23230,1851,1483,113,1394,1124,96,1893,1534,119,1851,1483,113,Finisher,1133
Marie Laure,THIBAULT,Marie Laure THIBAULT,2063,F40-44,Female,Servaville-Salmonville,Normandy,France,FR,0:50:32,3:21:38,2:01:25,0:07:04,0:06:36,6:27:16,3032,12098,7285,424,396,23236,1852,369,38,2193,488,48,2041,418,46,1852,369,38,Finisher,1889
Erin M,Magrisi,Erin M Magrisi,2015,F50-54,Female,APO,AE,United States,US,0:38:45,3:26:11,2:06:32,0:07:07,0:08:44,6:27:18,2325,12371,7592,427,524,23238,1853,370,27,1369,262,20,1955,384,30,1853,370,27,Finisher,1865
Johanna,Sanne,Johanna Sanne,1719,F18-24,Female,Hamburg ,HH,Germany,DE,0:39:21,3:22:46,2:14:56,0:04:26,0:05:54,6:27:23,2361,12166,8096,266,354,23243,1854,371,29,1459,285,24,1868,354,28,1854,371,29,Finisher,1729
Cornelia,Gassner Bentz,Cornelia Gassner Bentz,345,F65-69,Female,Büren an der Aare,,Germany,DE,0:41:36,3:25:36,2:06:55,0:07:32,0:05:53,6:27:32,2496,12336,7615,452,353,23252,1855,372,1,1732,367,1,1996,402,1,1855,372,1,Finisher,3500
Stefan,Linn,Stefan Linn,2032,M50-54,Male,Hallgarten,,Germany,DE,0:49:36,3:15:37,2:06:32,0:07:33,0:08:25,6:27:43,2976,11737,7592,453,505,23263,1856,1484,114,2170,1690,134,1971,1581,123,1856,1484,114,Finisher,1123
Pietro-Emanuele,Poggiali,Pietro-Emanuele Poggiali,2506,M25-29,Male,Chiavari,GE Italy,Italy,IT,0:38:30,3:16:53,2:12:36,0:10:16,0:09:28,6:27:44,2310,11813,7956,616,568,23264,1857,1485,224,1334,1080,146,1843,1497,227,1857,1485,224,Finisher,968
Helmut,Strohmeyer,Helmut Strohmeyer,661,M65-69,Male,Forst,,Germany,DE,0:29:50,3:10:41,2:30:01,0:08:19,0:09:06,6:27:57,1790,11441,9001,499,546,23277,1858,1486,17,231,196,1,1447,1224,8,1858,1486,17,Finisher,2135
Stefanie,Löffelmann,Stefanie Löffelmann,851,F30-34,Female,Eningen unter Achalm,,Germany,DE,0:40:09,3:05:57,2:29:46,0:05:18,0:06:49,6:28:00,2409,11157,8986,318,409,23280,1859,373,75,1553,319,62,1527,247,48,1859,373,75,Finisher,1570
Nadir,Akkuzu,Nadir Akkuzu,1108,M40-44,Male,Frankfurt,,Germany,DE,0:49:35,3:13:42,2:03:27,0:10:18,0:11:01,6:28:02,2975,11622,7407,618,661,23282,1860,1487,190,2169,1689,210,1981,1587,199,1860,1487,190,Finisher,1120
Dominik,Hanke,Dominik Hanke,825,M30-34,Male,Eggenstein-Leopoldshafen,Baden-Würtemberg,Germany,DE,0:38:13,3:14:58,2:20:14,0:08:00,0:06:56,6:28:21,2293,11698,8414,480,416,23301,1861,1488,269,1280,1040,172,1755,1434,256,1861,1488,269,Finisher,972
Benjamin,Arns,Benjamin Arns,2027,M35-39,Male,Köln,North Rhine-Westphalia,Germany,DE,0:41:49,3:16:43,2:14:39,0:06:43,0:08:28,6:28:22,2509,11803,8079,403,508,23302,1862,1489,233,1755,1382,208,1836,1493,230,1862,1489,233,Finisher,1034
Dhana,Honsberger,Dhana Honsberger,829,F18-24,Female,Neuchâtel,Neuchâtel,Unknown,,0:31:07,3:26:42,2:15:34,0:07:54,0:07:12,6:28:28,1867,12402,8134,474,432,23308,1863,374,30,337,56,6,1844,347,25,1863,374,30,Finisher,1709
Maurits,Blok,Maurits Blok,1438,M50-54,Male,Rotterdam,South Holland,Netherlands,NL,0:50:41,3:24:22,1:49:28,0:14:08,0:09:50,6:28:28,3041,12262,6568,848,590,23308,1864,1490,115,2197,1709,137,2119,1675,131,1864,1490,115,Finisher,1110
Tobias,Lingl,Tobias Lingl,2007,M25-29,Male,Brackenheim,BADEN-WURTTEMBERG,Germany,DE,0:34:03,2:41:15,3:05:37,0:03:08,0:04:41,6:28:44,2043,9675,11137,188,281,23324,1865,1491,225,652,537,72,520,464,63,1865,1491,225,Finisher,950
Miriam,Dyla,Miriam Dyla,246,F30-34,Female,Monheim,NW,Germany,DE,0:38:53,3:22:03,2:16:38,0:05:32,0:05:39,6:28:46,2333,12123,8198,332,339,23326,1866,375,76,1389,269,54,1863,353,71,1866,375,76,Finisher,1556
Annina,Eckrich,Annina Eckrich,2425,F30-34,Female,Heidelberg,BW,Germany,DE,0:44:50,3:08:36,2:21:12,0:05:00,0:09:16,6:28:54,2690,11316,8472,300,556,23334,1867,376,77,1984,427,81,1689,296,57,1867,376,77,Finisher,1554
Till,Vogels,Till Vogels,1524,M40-44,Male,Nürnberg,Bavaria,Germany,DE,0:43:41,3:23:21,2:11:07,0:05:43,0:05:06,6:28:58,2621,12201,7867,343,306,23338,1868,1492,191,1911,1500,189,1969,1580,198,1868,1492,191,Finisher,1103
Will,Deeley,Will Deeley,1320,M18-24,Male,Croydon,SRY,United Kingdom,GB,0:40:02,3:10:44,2:26:05,0:05:50,0:06:43,6:29:24,2402,11444,8765,350,403,23364,1869,1493,142,1539,1224,115,1657,1373,130,1869,1493,142,Finisher,764
Sophie,Knoll,Sophie Knoll,1939,F30-34,Female,Nürnberg,Bavaria,Germany,DE,0:41:03,3:21:39,2:14:06,0:05:47,0:07:01,6:29:36,2463,12099,8046,347,421,23376,1870,377,78,1655,354,71,1896,362,74,1870,377,78,Finisher,1541
Manuel,Hartl,Manuel Hartl,2188,M45-49,Male,Oberursel,,Germany,DE,0:40:07,3:18:34,2:13:57,0:07:51,0:09:15,6:29:44,2407,11914,8037,471,555,23384,1871,1494,141,1550,1232,126,1866,1513,144,1871,1494,141,Finisher,1224
Carolin,Adelmann-Wanitzek,Carolin Adelmann-Wanitzek,484,F40-44,Female,Mannheim,Baden-Württemberg,Germany,DE,0:42:35,3:10:31,2:15:44,0:09:20,0:11:35,6:29:45,2555,11431,8144,560,695,23385,1872,378,39,1819,389,42,1778,331,36,1872,378,39,Finisher,1844
Paul,Florschütz,Paul Florschütz,744,M25-29,Male,Wülfershausen an der Saale,BY,Germany,DE,0:40:07,3:31:01,2:08:09,0:04:36,0:06:06,6:30:00,2407,12661,7689,276,366,23400,1873,1495,226,1549,1231,177,2002,1600,246,1873,1495,226,Finisher,928
Philine,Walker,Philine Walker,1182,F25-29,Female,Buchs,,Switzerland,CH,0:35:43,3:07:58,2:37:18,0:03:43,0:05:18,6:30:01,2143,11278,9438,223,318,23401,1874,379,84,873,159,39,1396,214,50,1874,379,84,Finisher,1322
Niklaus,Vögeli,Niklaus Vögeli,506,M70-74,Male,Würenlingen,,Switzerland,CH,0:53:36,3:10:34,2:11:13,0:06:52,0:07:49,6:30:04,3216,11434,7873,412,469,23404,1875,1496,6,2222,1726,8,1943,1565,6,1875,1496,6,Finisher,2100
Ralph,Sondermann,Ralph Sondermann,1704,M55-59,Male,Langenfeld,North Rhine-Westphalia,Germany,DE,0:40:16,3:26:04,2:09:37,0:08:04,0:06:16,6:30:16,2416,12364,7777,484,376,23416,1876,1497,66,1569,1247,57,1988,1591,74,1876,1497,66,Finisher,1417
Oliver,Tinz,Oliver Tinz,1112,M45-49,Male,Hemmingen,,Denmark,DK,0:41:55,3:15:43,2:15:31,0:08:23,0:08:45,6:30:17,2515,11743,8131,503,525,23417,1877,1498,142,1764,1388,135,1851,1500,142,1877,1498,142,Finisher,1214
Ellen Simone,Weyrauch,Ellen Simone Weyrauch,727,F50-54,Female,Zumikon,,Switzerland,CH,0:41:38,3:20:17,2:15:29,0:06:18,0:06:36,6:30:18,2498,12017,8129,378,396,23418,1878,380,28,1738,370,29,1894,360,24,1878,380,28,Finisher,1811
Marco,Giuntoli,Marco Giuntoli,2217,F45-49,Male,Gross-Gerau,,Italy,IT,0:38:55,3:39:46,1:59:48,0:05:05,0:07:00,6:30:34,2335,13186,7188,305,420,23434,1879,381,35,1391,270,20,2072,429,38,1879,381,35,Finisher,1793
Hannes,Ulrich,Hannes Ulrich,322,M25-29,Male,Hemer,North Rhine-Westphalia,Germany,DE,0:42:14,3:32:15,2:03:06,0:05:53,0:07:16,6:30:44,2534,12735,7386,353,436,23444,1880,1499,227,1787,1408,217,2050,1629,252,1880,1499,227,Finisher,914
Florian,Heitzmann,Florian Heitzmann,846,M25-29,Male,Sasbachwalden,Baden-Württemberg,Germany,DE,0:45:22,3:17:19,2:15:18,0:07:47,0:05:11,6:30:56,2722,11839,8118,467,311,23456,1881,1500,228,2018,1584,248,1934,1559,237,1881,1500,228,Finisher,911
Dominic,Martin ,Dominic Martin,844,M25-29,Male,Sasbach,Baden Württemberg ,Germany,DE,0:41:14,3:14:11,2:25:08,0:05:44,0:04:40,6:30:57,2474,11651,8708,344,280,23457,1882,1501,229,1683,1324,199,1753,1432,217,1882,1501,229,Finisher,911
Andrik,Seeger,Andrik Seeger,2463,M25-29,Male,Brackenheim,BW,Germany,DE,0:43:00,3:30:02,2:06:14,0:06:03,0:05:40,6:30:59,2580,12602,7574,363,340,23459,1883,1502,230,1857,1458,224,2039,1623,251,1883,1502,230,Finisher,910
Ken,Gearhart,Ken Gearhart,1947,M35-39,Male,München,BY,United States,US,0:42:39,3:18:13,2:15:57,0:09:04,0:05:26,6:31:19,2559,11893,8157,544,326,23479,1884,1503,234,1821,1431,215,1922,1551,239,1884,1503,234,Finisher,981
Jakob,Hoffmann,Jakob Hoffmann,815,M25-29,Male,Nürnberg,Bavaria,Germany,DE,0:38:00,3:00:49,2:42:13,0:04:09,0:06:23,6:31:35,2280,10849,9733,249,383,23495,1885,1504,231,1243,1013,142,1273,1088,159,1885,1504,231,Finisher,899
Johannes,Kirchheimer,Johannes Kirchheimer,434,M65-69,Male,Villach,Carinthia,Austria,AT,0:41:09,3:15:22,2:23:34,0:05:52,0:05:43,6:31:41,2469,11722,8614,352,343,23501,1886,1505,18,1669,1312,13,1775,1446,16,1886,1505,18,Finisher,2068
Marco,Reinke,Marco Reinke,1747,M30-34,Male,Berlin,BERLIN,Germany,DE,0:41:48,3:13:34,2:22:52,0:07:22,0:06:29,6:32:05,2508,11614,8572,442,389,23525,1887,1506,270,1751,1379,230,1787,1455,260,1887,1506,270,Finisher,905
Niclas,Brunke,Niclas Brunke,486,M25-29,Male,Oftersheim,Baden-Württemberg,Germany,DE,0:40:35,3:05:49,2:31:14,0:07:34,0:06:55,6:32:07,2435,11149,9074,454,415,23527,1888,1507,232,1604,1264,182,1596,1329,198,1888,1507,232,Finisher,890
Emily,Braund,Emily Braund,1573,F40-44,Female,Unterschleißheim,BY,United Kingdom,GB,0:35:48,3:27:28,2:16:47,0:05:22,0:06:50,6:32:16,2148,12448,8207,322,410,23536,1889,382,40,892,160,15,1901,363,40,1889,382,40,Finisher,1799
Lukas,Burger,Lukas Burger,827,M30-34,Male,Au am Rhein,BW,Germany,DE,0:43:39,3:21:56,2:09:49,0:06:45,0:10:11,6:32:20,2619,12116,7789,405,611,23540,1890,1508,271,1907,1497,257,1963,1576,276,1890,1508,271,Finisher,900
Saskia,Wellscheid,Saskia Wellscheid,1477,F35-39,Female,Frankfurt am Main,Hesse,Germany,DE,0:39:57,3:19:18,2:17:00,0:08:53,0:07:15,6:32:22,2397,11958,8220,533,435,23542,1891,383,53,1534,314,39,1892,359,50,1891,383,53,Finisher,1531
Tom,Hendrickx,Tom Hendrickx,1950,M55-59,Male,Edegem,,Belgium,BE,0:35:04,3:30:33,2:13:03,0:06:30,0:07:14,6:32:23,2104,12633,7983,390,434,23543,1892,1509,67,784,641,24,1959,1574,73,1892,1509,67,Finisher,1379
Alfred,PETERSCHMITT,Alfred PETERSCHMITT,2487,M60-64,Male,Schweyen,,Germany,DE,0:40:11,2:55:57,2:43:48,0:06:39,0:05:55,6:32:31,2411,10557,9828,399,355,23551,1893,1510,53,1558,1239,49,1265,1082,37,1893,1510,53,Finisher,1630
Heike,Voigt,Heike Voigt,392,F50-54,Female,Detmold ,North Rhine-Westphalia,Germany,DE,0:40:48,3:22:39,2:16:23,0:07:16,0:05:28,6:32:35,2448,12159,8183,436,328,23555,1894,384,29,1634,346,27,1936,377,29,1894,384,29,Finisher,1770
Jerome,Van Den Bergh,Jerome Van Den Bergh,739,M40-44,Male,Merksem,,Belgium,BE,0:44:20,3:12:18,2:21:34,0:07:00,0:08:00,6:33:12,2660,11538,8494,420,480,23592,1895,1511,192,1960,1538,194,1807,1470,187,1895,1511,192,Finisher,1027
Marcus,Meier,Marcus Meier,2449,M35-39,Male,Amsterdam,NOORD-HOLLAND,Germany,DE,0:45:32,3:20:11,2:11:58,0:07:25,0:08:06,6:33:12,2732,12011,7918,445,486,23592,1896,1512,235,2036,1596,242,1978,1585,246,1896,1512,235,Finisher,947
Janne,Wiemann,Janne Wiemann,2144,F40-44,Female,Tettnang,,Germany,DE,0:39:41,3:17:26,2:21:51,0:06:19,0:07:56,6:33:13,2381,11846,8511,379,476,23593,1897,385,41,1502,301,34,1801,335,38,1897,385,41,Finisher,1782
Ismar,Smajic,Ismar Smajic,600,M35-39,Male,Tuzla,FEDERACIJA BOSNE I HERCEGOVINE,Bosnia and Herzegovina,BA,0:43:57,3:35:14,2:02:58,0:05:29,0:05:42,6:33:20,2637,12914,7378,329,342,23600,1898,1513,236,1931,1516,229,2081,1650,251,1898,1513,236,Finisher,944
KEVIN,JONAS,KEVIN JONAS,1393,M35-39,Male,Schweighouse-Sur-Moder,Sélectionnez un département / état,France,FR,0:42:18,3:07:52,2:32:56,0:04:42,0:05:37,6:33:25,2538,11272,9176,282,337,23605,1899,1514,237,1795,1415,213,1617,1346,210,1899,1514,237,Finisher,943
Markus,Nicola,Markus Nicola,1020,M50-54,Male,Wallhausen,RP,Germany,DE,0:47:02,3:17:24,2:08:27,0:10:17,0:10:16,6:33:25,2822,11844,7707,617,616,23605,1900,1515,116,2099,1640,132,1995,1594,125,1900,1515,116,Finisher,1021
Dominik ,Warzecha ,Dominik Warzecha,1954,M35-39,Male,Nürnberg ,Bayern,Germany,DE,0:42:17,3:19:35,2:16:30,0:09:08,0:05:55,6:33:25,2537,11975,8190,548,355,23605,1901,1516,238,1794,1414,212,1941,1563,243,1901,1516,238,Finisher,943
Isabel,Hariri,Isabel Hariri,2224,F30-34,Female,Heidelberg,Baden-Württemberg,Germany,DE,0:44:58,3:22:57,2:11:12,0:08:08,0:06:10,6:33:26,2698,12177,7872,488,370,23606,1902,386,79,1993,430,82,2008,405,81,1902,386,79,Finisher,1472
Leonie Julia,Hermann,Leonie Julia Hermann,1805,F25-29,Female,Frankfurt am Main,,Germany,DE,0:43:40,3:19:21,2:09:11,0:11:35,0:09:46,6:33:33,2620,11961,7751,695,586,23613,1903,387,85,1909,411,95,1991,398,86,1903,387,85,Finisher,1258
Magali,Trehet,Magali Trehet,564,F55-59,Female,Cérons,,France,FR,0:51:24,3:16:14,2:16:13,0:03:58,0:05:52,6:33:41,3084,11774,8173,238,352,23621,1904,388,13,2203,489,19,1950,381,14,1904,388,13,Finisher,2261
Philipp,Landgraf,Philipp Landgraf,1113,M30-34,Male,Altenmarkt a.d Alz,Bavaria,Germany,DE,0:38:24,3:17:22,2:24:22,0:06:39,0:07:17,6:34:04,2304,11842,8662,399,437,23644,1905,1517,272,1313,1066,182,1777,1447,257,1905,1517,272,Finisher,869
Romy,Schwichtenberg,Romy Schwichtenberg,2151,F40-44,Female,Idstein,,Germany,DE,0:40:23,3:18:32,2:18:56,0:06:37,0:09:53,6:34:21,2423,11912,8336,397,593,23661,1906,389,42,1581,329,37,1841,345,39,1906,389,42,Finisher,1761
Eva,Benito Garagorri ,Eva Benito Garagorri,1672,F40-44,Female,Heidelberg ,Baden-Würtemberg,Spain,ES,0:40:28,3:27:11,2:12:52,0:05:07,0:08:47,6:34:25,2428,12431,7972,307,527,23665,1907,390,43,1591,334,38,1970,390,43,1907,390,43,Finisher,1760
Miriam,Ulrich,Miriam Ulrich,992,F45-49,Female,Stahnsdorf,,United Kingdom,GB,0:49:27,3:15:40,2:14:56,0:05:17,0:09:20,6:34:41,2967,11740,8096,317,560,23681,1908,391,36,2166,480,39,1930,375,34,1908,391,36,Finisher,1719
Marc,Mühlberg,Marc Mühlberg,1702,M30-34,Male,Woluwe-Saint-Pierre,,Germany,DE,0:35:44,3:27:58,2:16:13,0:07:07,0:07:40,6:34:42,2144,12478,8173,427,460,23682,1909,1518,273,877,718,113,1938,1561,274,1909,1518,273,Finisher,858
Erik,Wenk,Erik Wenk,1217,M25-29,Male,Erfurt,Thuringia,Germany,DE,0:44:15,3:17:29,2:15:27,0:08:38,0:08:54,6:34:43,2655,11849,8127,518,534,23683,1910,1519,233,1953,1532,240,1929,1555,236,1910,1519,233,Finisher,843
Matthias,Herold,Matthias Herold,2332,M50-54,Male,Bad Mergentheim,BADEN-WURTTEMBERG,Germany,DE,0:39:41,3:06:02,2:35:46,0:05:54,0:07:30,6:34:53,2381,11162,9346,354,450,23693,1911,1520,117,1501,1201,103,1531,1283,107,1911,1520,117,Finisher,994
Nuria Julia,Martin Perez,Nuria Julia Martin Perez,266,F50-54,Female,Ditzingen Hirschlanden,,Germany,DE,0:36:37,3:29:01,2:14:58,0:07:28,0:07:06,6:35:11,2197,12541,8098,448,426,23711,1912,392,30,1018,185,12,1977,393,32,1912,392,30,Finisher,1724
Nadja,Jehle,Nadja Jehle,2076,F35-39,Female,Zürich,Zurich,Eswatini,SZ,0:45:54,3:32:55,2:03:47,0:06:42,0:05:57,6:35:15,2754,12775,7427,402,357,23715,1913,393,54,2058,447,65,2089,434,59,1913,393,54,Finisher,1479
Katrin,Krüger,Katrin Krüger,954,F25-29,Female,Köln,North Rhine-Westphalia,Germany,DE,0:48:01,3:17:51,2:15:04,0:06:49,0:08:06,6:35:51,2881,11871,8104,409,486,23751,1914,394,86,2128,467,102,1968,389,84,1914,394,86,Finisher,1217
Christian,Kauffelt,Christian Kauffelt,1768,M25-29,Male,Frankfurt,HESSEN,Germany,DE,0:40:44,3:19:03,2:22:47,0:06:36,0:06:45,6:35:55,2444,11943,8567,396,405,23755,1915,1521,234,1627,1282,186,1859,1507,230,1915,1521,234,Finisher,821
Lasse Finn,Pfeuffer,Lasse Finn Pfeuffer,640,M18-24,Male,Sinsheim,Baden-Württemberg ,Germany,DE,0:35:36,3:22:36,2:22:11,0:07:33,0:08:03,6:35:58,2136,12156,8531,453,483,23758,1916,1522,143,849,697,70,1846,1498,141,1916,1522,143,Finisher,700
Anna,Leist,Anna Leist,332,F25-29,Female,Trebur,Hesse,Germany,DE,0:39:15,3:31:04,2:11:48,0:05:27,0:08:32,6:36:07,2355,12664,7908,327,512,23767,1917,395,87,1447,280,66,2003,403,88,1917,395,87,Finisher,1212
Laura,Fremgen,Laura Fremgen,2158,F30-34,Female,Petersberg,RHEINLAND-PFALZ,Germany,DE,0:38:17,3:25:28,2:22:44,0:05:13,0:04:41,6:36:22,2297,12328,8564,313,281,23782,1918,396,80,1292,242,48,1907,365,75,1918,396,80,Finisher,1419
Anneke,Göttsche,Anneke Göttsche,1092,F40-44,Female,Karlsruhe,,Germany,DE,0:46:19,3:20:56,2:18:06,0:05:11,0:06:01,6:36:33,2779,12056,8286,311,361,23793,1919,397,44,2079,453,47,1965,388,42,1919,397,44,Finisher,1722
Ben,Werner,Ben Werner,1696,M18-24,Male,Ulm,Baden-Württemberg,Germany,DE,0:43:40,3:13:03,2:27:45,0:05:27,0:06:59,6:36:53,2620,11583,8865,327,419,23813,1920,1523,144,1910,1499,148,1771,1442,135,1920,1523,144,Finisher,700
Karl,Theophil,Karl Theophil,437,M18-24,Male,Potsdam,Brandenburg,Germany,DE,0:43:11,3:19:54,2:23:03,0:05:51,0:05:15,6:37:13,2591,11994,8583,351,315,23833,1921,1524,145,1873,1473,146,1906,1542,148,1921,1524,145,Finisher,700
Patrick,Dorfschmid,Patrick Dorfschmid,1152,M30-34,Male,Friedrichshafen,Baden-Württemberg,Germany,DE,0:37:59,3:32:04,2:16:44,0:04:51,0:05:37,6:37:16,2279,12724,8204,291,337,23836,1922,1525,274,1238,1008,165,1998,1596,279,1922,1525,274,Finisher,812
Tobias,Feldmann,Tobias Feldmann,973,M35-39,Male,Essenbach,Bavaria,Germany,DE,0:47:47,3:28:51,1:59:02,0:10:19,0:11:34,6:37:32,2867,12531,7142,619,694,23852,1923,1526,239,2122,1658,253,2099,1664,252,1923,1526,239,Finisher,869
Pim,Schoonwater,Pim Schoonwater,802,M18-24,Male,Tilburg,North Brabant,Niger,NE,0:35:33,3:01:00,2:49:09,0:05:58,0:05:54,6:37:35,2133,10860,10149,358,354,23855,1924,1527,146,843,692,68,1259,1078,100,1924,1527,146,Finisher,700
Anna,Eser,Anna Eser,1980,F18-24,Female,farchant,,Germany,DE,0:42:33,3:25:28,2:17:26,0:05:40,0:06:31,6:37:38,2553,12328,8246,340,391,23858,1925,398,31,1815,388,35,1983,395,32,1925,398,31,Finisher,1544
Alexander,Hortig,Alexander Hortig,2194,M55-59,Male,Goldbach,,Germany,DE,0:49:26,3:30:21,1:57:17,0:12:07,0:08:31,6:37:42,2966,12621,7037,727,511,23862,1926,1528,68,2165,1686,79,2135,1685,81,1926,1528,68,Finisher,1283
Alexandr,Bekauov,Alexandr Bekauov,1870,M40-44,Male,Almaty,Алматы,Kazakhstan,KZ,0:51:34,3:19:35,2:11:07,0:08:38,0:06:57,6:37:50,3094,11975,7867,518,417,23870,1927,1529,193,2206,1717,215,2044,1625,202,1927,1529,193,Finisher,944
Bojan,Marin,Bojan Marin,736,M30-34,Male,Schwaigern,BW,Germany,DE,0:30:48,3:23:07,2:32:49,0:04:50,0:06:18,6:37:53,1848,12187,9169,290,378,23873,1928,1530,275,311,258,43,1696,1399,251,1928,1530,275,Finisher,800
Jakob,Simon,Jakob Simon,1741,M18-24,Male,Stade,NI,Germany,DE,0:38:46,3:32:51,2:14:24,0:04:50,0:07:08,6:37:58,2326,12771,8064,290,428,23878,1929,1531,147,1370,1108,106,2013,1608,156,1929,1531,147,Finisher,700
Markus,Weyland,Markus Weyland,1875,M55-59,Male,Zweibrücken,,Germany,DE,0:42:41,3:09:34,2:30:40,0:06:43,0:08:22,6:37:59,2561,11374,9040,403,502,23879,1930,1532,69,1826,1435,60,1703,1403,63,1930,1532,69,Finisher,1278
Jonathan,Fäth,Jonathan Fäth,1391,M30-34,Male,Waldaschaff,BY,Germany,DE,0:38:14,3:10:28,2:38:01,0:06:35,0:04:56,6:38:13,2294,11428,9481,395,296,23893,1931,1533,276,1284,1044,174,1627,1353,240,1931,1533,276,Finisher,794
Pascal,Stohner,Pascal Stohner,627,M30-34,Male,Hockenheim,BW,Germany,DE,0:41:26,3:08:00,2:35:27,0:06:50,0:06:39,6:38:22,2486,11280,9327,410,399,23902,1932,1534,277,1703,1341,224,1652,1371,245,1932,1534,277,Finisher,792
David,Simma,David Simma,2302,M18-24,Male,Innsbruck,Tirol,Austria,AT,0:48:17,3:27:22,2:08:34,0:07:22,0:06:51,6:38:26,2897,12442,7714,442,411,23906,1933,1535,148,2136,1667,161,2066,1638,158,1933,1535,148,Finisher,700
Claus-Peter,Vogel,Claus-Peter Vogel,1842,M65-69,Male,Lonnig,,Germany,DE,0:37:41,3:19:56,2:27:50,0:05:23,0:07:52,6:38:41,2261,11996,8870,323,472,23921,1934,1536,19,1189,964,7,1794,1460,17,1934,1536,19,Finisher,1942
Christina,Elkemann,Christina Elkemann,1356,F35-39,Female,Karlsruhe,BW,Germany,DE,0:44:00,3:32:23,2:10:15,0:06:26,0:05:48,6:38:52,2640,12743,7815,386,348,23932,1935,399,55,1935,416,58,2062,427,57,1935,399,55,Finisher,1414
Chantal-Jasmin,Schwenk,Chantal-Jasmin Schwenk,1409,F30-34,Female,Ostfildern,Baden-Württemberg,Germany,DE,0:45:57,3:26:53,2:15:26,0:05:18,0:05:19,6:38:53,2757,12413,8126,318,319,23933,1936,400,81,2063,449,87,2029,412,85,1936,400,81,Finisher,1374
Charlotte,Wilpert,Charlotte Wilpert,855,F18-24,Female,Regensburg,BY,Germany,DE,0:48:44,3:23:09,2:08:55,0:09:46,0:08:28,6:39:02,2924,12189,7735,586,508,23942,1937,401,32,2150,472,44,2057,425,36,1937,401,32,Finisher,1519
Robert,Topp,Robert Topp,942,M50-54,Male,London,GB-ENG,United Kingdom,GB,0:39:20,3:24:42,2:18:19,0:08:52,0:08:01,6:39:15,2360,12282,8299,532,481,23955,1938,1537,118,1458,1174,99,1974,1583,124,1938,1537,118,Finisher,916
Adityaman,Singh,Adityaman Singh,854,M30-34,Male,Emmeloord,Flevoland,Netherlands,NL,0:53:43,3:28:43,2:05:21,0:04:51,0:06:43,6:39:20,3223,12523,7521,291,403,23960,1939,1538,278,2223,1727,302,2102,1667,294,1939,1538,278,Finisher,774
Julia,Noderer,Julia Noderer,2111,F35-39,Female,Würzburg,,Germany,DE,0:40:22,3:28:40,2:16:30,0:05:39,0:08:16,6:39:28,2422,12520,8190,339,496,23968,1940,402,56,1578,328,42,1994,401,53,1940,402,56,Finisher,1403
Lea,Rosenberg,Lea Rosenberg,1274,F30-34,Female,Wesel,,Germany,DE,0:41:37,3:29:36,2:14:56,0:07:00,0:06:26,6:39:36,2497,12576,8096,420,386,23976,1941,403,82,1733,368,74,2030,413,86,1941,403,82,Finisher,1361
Stefan,Freitag,Stefan Freitag,1883,M45-49,Male,Grünsfeld,BADEN-WURTTEMBERG,Germany,DE,0:54:05,3:14:37,2:18:29,0:06:11,0:06:27,6:39:48,3245,11677,8309,371,387,23988,1942,1539,143,2225,1728,162,1997,1595,149,1942,1539,143,Finisher,1043
Madeleine,Thum,Madeleine Thum,2452,F18-24,Female,Langen (Hessen),Hesse,Germany,DE,0:37:11,3:34:53,2:12:12,0:05:58,0:09:37,6:39:52,2231,12893,7932,358,577,23992,1943,404,33,1118,207,18,2028,411,35,1943,404,33,Finisher,1504
Martin,Baumann,Martin Baumann,1315,M35-39,Male,Östringen,,Germany,DE,0:41:12,3:20:59,2:26:31,0:05:22,0:05:49,6:39:53,2472,12059,8791,322,349,23993,1944,1540,240,1678,1320,199,1885,1528,236,1944,1540,240,Finisher,827
Bernard ,Poellath,Bernard Poellath,730,M25-29,Male,Quirnheim,Rhineland-Palatinate,Germany,DE,0:43:16,3:25:54,2:17:48,0:06:06,0:07:01,6:40:05,2596,12354,8268,366,421,24005,1945,1541,235,1880,1476,232,1999,1597,245,1945,1541,235,Finisher,746
Raul,Schneider,Raul Schneider,1244,M25-29,Male,Wiesloch,Baden Würtemberg,Germany,DE,0:43:02,3:14:21,2:21:19,0:10:05,0:11:20,6:40:08,2582,11661,8479,605,680,24008,1946,1542,236,1864,1465,229,1884,1527,233,1946,1542,236,Finisher,745
Thomas,Graber,Thomas Graber,2134,M45-49,Male,Sutz-Lattrigen,BERN,Switzerland,CH,0:45:24,3:25:43,2:15:28,0:06:43,0:06:57,6:40:15,2724,12343,8128,403,417,24015,1947,1543,144,2023,1587,151,2023,1615,152,1947,1543,144,Finisher,1035
Stefan,Schulz,Stefan Schulz,2474,M60-64,Male,Kelsterbach,,Germany,DE,0:50:49,3:25:44,2:09:23,0:05:59,0:08:23,6:40:18,3049,12344,7763,359,503,24018,1948,1544,54,2199,1711,66,2059,1634,62,1948,1544,54,Finisher,1490
Julia,Rieke,Julia Rieke,647,F25-29,Female,Münster,North Rine Westfalia,Germany,DE,0:34:13,3:39:41,2:14:34,0:05:09,0:06:49,6:40:26,2053,13181,8074,309,409,24026,1949,405,88,680,120,35,2037,416,91,1949,405,88,Finisher,1134
Frank,van der Hoeven,Frank van der Hoeven,1311,M40-44,Male,The Hague,ZUID-HOLLAND,Netherlands,NL,0:44:40,3:20:37,2:21:46,0:07:03,0:06:23,6:40:29,2680,12037,8506,423,383,24029,1950,1545,194,1979,1553,196,1962,1575,197,1950,1545,194,Finisher,896
Kristian,Bornitz,Kristian Bornitz,626,M40-44,Male,Mainz,RP,Germany,DE,0:37:40,3:08:36,2:35:20,0:10:00,0:08:57,6:40:33,2260,11316,9320,600,537,24033,1951,1546,195,1188,963,115,1651,1370,177,1951,1546,195,Finisher,895
Simon,Emmerich,Simon Emmerich,766,M30-34,Male,Meckesheim,Baden-Württemberg,Germany,DE,0:45:38,3:32:18,2:08:04,0:07:28,0:07:10,6:40:38,2738,12738,7684,448,430,24038,1952,1547,279,2043,1601,279,2085,1653,290,1952,1547,279,Finisher,751
Robin ,Winkle,Robin Winkle,1811,M25-29,Male,Backnang,BADEN-WURTTEMBERG,Germany,DE,0:41:35,3:27:40,2:16:11,0:08:42,0:06:31,6:40:39,2495,12460,8171,522,391,24039,1953,1548,237,1727,1362,205,2026,1617,249,1953,1548,237,Finisher,736
Pawel,Zaremski,Pawel Zaremski,633,M30-34,Male,Reichenbach an der Fils,BW,Germany,DE,0:50:13,3:27:18,2:06:48,0:08:03,0:08:20,6:40:42,3013,12438,7608,483,500,24042,1954,1549,280,2187,1702,298,2090,1656,292,1954,1549,280,Finisher,750
Regina,Berekoven,Regina Berekoven,1220,F55-59,Female,Düsseldorf,,Germany,DE,0:41:50,3:12:36,2:25:48,0:10:43,0:09:47,6:40:45,2510,11556,8748,643,587,24045,1955,406,14,1758,375,12,1835,343,12,1955,406,14,Finisher,2134
Bálint,Szűcs,Bálint Szűcs,334,M18-24,Male,Tárnok,Pest vármegye,Hungary,HU,0:50:36,3:12:12,2:21:48,0:09:19,0:06:58,6:40:52,3036,11532,8508,559,418,24052,1956,1550,149,2195,1707,164,1958,1573,154,1956,1550,149,Finisher,700
Pia,Babbel,Pia Babbel,1504,F30-34,Female,Weinheim,BW,Germany,DE,0:32:56,3:31:23,2:27:35,0:03:19,0:05:49,6:41:01,1976,12683,8855,199,349,24061,1957,407,83,535,101,19,1887,358,73,1957,407,83,Finisher,1336
Hannah,Boehm,Hannah Boehm,924,F25-29,Female,Augsburg ,BY,Germany,DE,0:47:27,3:36:53,2:02:50,0:07:20,0:06:37,6:41:06,2847,13013,7370,440,397,24066,1958,408,89,2113,463,100,2134,450,99,1958,408,89,Finisher,1122
Armin,Reinholz,Armin Reinholz,1690,M40-44,Male,Lahr,BW,Germany,DE,0:47:24,3:17:05,2:18:06,0:09:59,0:08:43,6:41:18,2844,11825,8286,599,523,24078,1959,1551,196,2111,1650,206,1989,1592,200,1959,1551,196,Finisher,881
Björn,Keßel,Björn Keßel,1630,M25-29,Male,Haltern am See,North Rhine-Westphalia,Germany,DE,0:37:57,3:17:20,2:31:26,0:07:39,0:06:59,6:41:21,2277,11840,9086,459,419,24081,1960,1552,238,1232,1002,140,1792,1459,222,1960,1552,238,Finisher,723
Benoit,Durand,Benoit Durand,1502,M55-59,Male,yutz,,France,FR,0:42:56,3:05:32,2:33:31,0:11:20,0:08:03,6:41:21,2576,11132,9211,680,483,24081,1961,1553,70,1850,1454,62,1722,1414,65,1961,1553,70,Finisher,1218
Sandra,Stadler,Sandra Stadler,232,F50-54,Female,Penzberg,,Germany,DE,0:34:53,3:25:47,2:20:03,0:09:04,0:11:47,6:41:33,2093,12347,8403,544,707,24093,1962,409,31,758,140,9,1920,370,27,1962,409,31,Finisher,1609
Nils,Kasselmann,Nils Kasselmann,1577,M35-39,Male,Garmisch-Partenkirchen,,Germany,DE,0:44:28,3:14:23,2:29:36,0:06:27,0:06:41,6:41:35,2668,11663,8976,387,401,24095,1963,1554,241,1968,1544,235,1837,1494,231,1963,1554,241,Finisher,796
Martin,Schweinfurth,Martin Schweinfurth,330,M55-59,Male,Pforzheim,Baden-Württemberg,Germany,DE,0:38:33,3:32:19,2:17:57,0:06:49,0:05:59,6:41:36,2313,12739,8277,409,359,24096,1964,1555,71,1339,1085,49,2022,1614,75,1964,1555,71,Finisher,1213
Michael,Schwan,Michael Schwan,126,M60-64,Male,Oppligen,BERN,Germany,DE,0:40:32,2:58:25,2:47:06,0:08:15,0:07:18,6:41:37,2432,10705,10026,495,438,24097,1965,1556,55,1602,1263,50,1392,1181,43,1965,1556,55,Finisher,1466
Natalya,Dobrohorska,Natalya Dobrohorska,948,F45-49,Female,Basel,,Switzerland,CH,0:42:23,3:31:00,2:15:27,0:06:35,0:06:16,6:41:41,2543,12660,8127,395,376,24101,1966,410,37,1804,383,32,2045,420,37,1966,410,37,Finisher,1593
Janina ,Kopras ,Janina Kopras,1337,F25-29,Female,Hann. Münden,NIEDERSACHSEN,Germany,DE,0:36:14,3:46:25,2:08:19,0:04:57,0:05:49,6:41:44,2174,13585,7699,297,349,24104,1967,411,90,967,173,44,2105,437,96,1967,411,90,Finisher,1111
Mia,Pfäffle,Mia Pfäffle,495,F18-24,Female,Berlin ,Berlin,Germany,DE,0:33:01,3:32:40,2:19:52,0:06:21,0:10:01,6:41:54,1981,12760,8392,381,601,24114,1968,412,34,546,105,8,1954,383,30,1968,412,34,Finisher,1468
Manuel ,Kromer,Manuel Kromer,2112,M45-49,Male,Riegel am Kaiserstuhl,Baden-Württemberg,Germany,DE,0:49:41,3:24:39,2:16:58,0:05:09,0:05:28,6:41:55,2981,12279,8218,309,328,24115,1969,1557,145,2172,1691,160,2043,1624,154,1969,1557,145,Finisher,1005
Elias,Nusser,Elias Nusser,2247,M18-24,Male,Nersingen,BY,Germany,DE,0:38:53,3:10:32,2:43:38,0:04:03,0:05:01,6:42:07,2333,11432,9818,243,301,24127,1970,1558,150,1388,1120,107,1584,1319,120,1970,1558,150,Finisher,700
Stefan,Benz,Stefan Benz,1471,M60-64,Male,Limeshain - Rommelhausen,HESSEN,Germany,DE,0:38:19,3:19:16,2:31:48,0:05:52,0:06:53,6:42:08,2299,11956,9108,352,413,24128,1971,1559,56,1300,1055,42,1802,1467,54,1971,1559,56,Finisher,1457
Axel,Seifert,Axel Seifert,1619,M60-64,Male,Eschwege,HESSEN,Germany,DE,0:34:59,3:22:51,2:29:45,0:06:01,0:08:45,6:42:21,2099,12171,8985,361,525,24141,1972,1560,57,775,634,24,1811,1473,56,1972,1560,57,Finisher,1453
Oliver,Rohde,Oliver Rohde,1885,M25-29,Male,Frankfurt am Main,Hesse,Germany,DE,0:42:49,3:26:33,2:16:44,0:09:18,0:06:57,6:42:21,2569,12393,8204,558,417,24141,1973,1561,239,1837,1446,223,2033,1620,250,1973,1561,239,Finisher,705
Rino,Megert,Rino Megert,1001,M25-29,Male,Thun,BERN,Switzerland,CH,0:44:50,3:34:16,2:06:14,0:09:40,0:07:51,6:42:51,2690,12856,7574,580,471,24171,1974,1562,240,1986,1559,246,2113,1672,259,1974,1562,240,Finisher,700
Ramona,Heerd,Ramona Heerd,367,F45-49,Female,Langen (Hessen),,Germany,DE,0:45:36,3:27:39,2:17:36,0:06:09,0:05:58,6:42:59,2736,12459,8256,369,358,24179,1975,413,38,2040,441,38,2042,419,36,1975,413,38,Finisher,1570
Fabian,Prinz,Fabian Prinz,889,M40-44,Male,Forst,,Germany,DE,0:37:10,3:18:00,2:34:35,0:06:14,0:07:05,6:43:04,2230,11880,9275,374,425,24184,1976,1563,197,1111,906,106,1761,1437,183,1976,1563,197,Finisher,849
Christian,Marx,Christian Marx,371,M50-54,Male,Mörfelden-Walldorf,HESSEN,Germany,DE,0:44:12,3:12:10,2:28:04,0:07:31,0:11:09,6:43:05,2652,11530,8884,451,669,24185,1977,1564,119,1949,1529,122,1812,1474,115,1977,1564,119,Finisher,847
Till,Trier,Till Trier,2472,M25-29,Male,Offenbach am Main,Hesse,Germany,DE,0:36:48,3:32:19,2:22:23,0:04:54,0:06:50,6:43:14,2208,12739,8543,294,410,24194,1978,1565,241,1044,852,117,1986,1590,244,1978,1565,241,Finisher,700
Wiebke,Behling,Wiebke Behling,670,F25-29,Female,Ettlingen,Baden-Württemberg,Germany,DE,0:40:31,3:25:20,2:23:38,0:06:11,0:07:36,6:43:16,2431,12320,8618,371,456,24196,1979,414,91,1601,339,76,1956,385,83,1979,414,91,Finisher,1083
Simon,Ellwanger,Simon Ellwanger,1722,M25-29,Male,Billigheim,BADEN-WURTTEMBERG,Germany,DE,0:39:05,3:16:28,2:36:23,0:05:29,0:06:03,6:43:29,2345,11788,9383,329,363,24209,1980,1566,242,1418,1144,163,1752,1431,216,1980,1566,242,Finisher,700
Frank,Salger,Frank Salger,1430,M55-59,Male,München,Bavaria,Germany,DE,0:38:25,3:21:44,2:31:11,0:06:12,0:05:59,6:43:31,2305,12104,9071,372,359,24211,1981,1567,72,1314,1067,48,1856,1504,70,1981,1567,72,Finisher,1179
Ewald,Campbell,Ewald Campbell,2286,M40-44,Male,Aalsmeer,NOORD-HOLLAND,South Africa,ZA,0:37:45,3:38:29,2:12:43,0:07:12,0:07:28,6:43:37,2265,13109,7963,432,448,24217,1982,1568,198,1206,979,116,2071,1643,204,1982,1568,198,Finisher,839
Nico,Krämer,Nico Krämer,707,M35-39,Male,Ostfildern,BW,Germany,DE,0:49:44,3:12:15,2:26:37,0:08:10,0:06:51,6:43:38,2984,11535,8797,490,411,24218,1983,1569,242,2173,1692,257,1925,1553,241,1983,1569,242,Finisher,759
Kuanysh,Urashev,Kuanysh Urashev,1496,M35-39,Male,Almaty,ALMATY,Kazakhstan,KZ,0:55:56,3:33:36,2:03:12,0:05:33,0:05:31,6:43:49,3356,12816,7392,333,331,24229,1984,1570,243,2237,1738,262,2154,1699,256,1984,1570,243,Finisher,756
Thomas,Glaub,Thomas Glaub,1450,M50-54,Male,Altenstadt,HESSEN,Germany,DE,0:45:25,3:32:43,2:12:36,0:06:12,0:07:10,6:44:06,2725,12763,7956,372,430,24246,1985,1571,120,2026,1590,126,2076,1647,128,1985,1571,120,Finisher,828
Johanna,Schrader,Johanna Schrader,741,F25-29,Female,Hannover,NI,Germany,DE,0:42:41,3:34:28,2:11:53,0:05:44,0:09:29,6:44:15,2561,12868,7913,344,569,24255,1986,415,92,1825,391,89,2064,428,93,1986,415,92,Finisher,1065
Natalie,Eberle,Natalie Eberle,1513,F35-39,Female,Pfaffenhofen ,BAYERN,Germany,DE,0:49:12,3:25:29,2:16:29,0:05:32,0:07:43,6:44:25,2952,12329,8189,332,463,24265,1987,416,57,2158,477,69,2047,421,55,1987,416,57,Finisher,1314
Zdravko,Hanak,Zdravko Hanak,607,M70-74,Male,Glattbach,,Croatia,HR,0:37:54,3:43:17,2:07:36,0:08:33,0:07:25,6:44:45,2274,13397,7656,513,445,24285,1988,1572,7,1227,997,5,2122,1678,8,1988,1572,7,Finisher,1836
Alina,Jaux,Alina Jaux,1800,F25-29,Female,Bad Vilbel,HE,Germany,DE,0:40:04,3:29:02,2:25:15,0:04:48,0:05:49,6:44:57,2404,12542,8715,288,349,24297,1989,417,93,1544,318,71,1985,396,85,1989,417,93,Finisher,1053
Maximilian,Heimerl,Maximilian Heimerl,1801,M30-34,Male,Rastatt,Baden-Württemberg,Germany,DE,0:45:04,3:31:18,2:13:11,0:06:46,0:08:55,6:45:14,2704,12678,7991,406,535,24314,1990,1573,281,2002,1570,273,2068,1640,286,1990,1573,281,Finisher,700
Tobias,Schulte,Tobias Schulte,2355,M45-49,Male,Bad Vilbel,HE,Germany,DE,0:47:45,3:22:18,2:18:07,0:10:07,0:06:57,6:45:14,2865,12138,8287,607,417,24314,1991,1574,146,2120,1656,157,2046,1626,155,1991,1574,146,Finisher,945
Laura Alessa,Meier,Laura Alessa Meier,1488,F25-29,Female,Hanau,HE,Germany,DE,0:42:13,3:34:58,2:10:30,0:07:28,0:10:18,6:45:28,2533,12898,7830,448,618,24328,1992,418,94,1784,379,87,2079,431,94,1992,418,94,Finisher,1043
Olaf,Vonier,Olaf Vonier,2476,M55-59,Male,Münsingen,Baden-Württemberg,Germany,DE,0:43:51,3:32:20,2:16:35,0:06:59,0:05:44,6:45:30,2631,12740,8195,419,344,24330,1993,1575,73,1925,1511,67,2069,1641,78,1993,1575,73,Finisher,1143
Roman,Smushkin,Roman Smushkin,1451,M18-24,Male,Mainz,RP,Germany,DE,0:40:31,3:19:22,2:30:57,0:06:48,0:08:10,6:45:48,2431,11962,9057,408,490,24348,1994,1576,151,1600,1262,118,1871,1517,143,1994,1576,151,Finisher,700
Max,Meister,Max Meister,1193,M18-24,Male,Zweibrücken,RP,Germany,DE,0:38:33,3:19:56,2:27:11,0:10:12,0:09:55,6:45:48,2313,11996,8831,612,595,24348,1995,1577,152,1340,1086,102,1904,1540,147,1995,1577,152,Finisher,700
Isabell,Lindner,Isabell Lindner,2450,F30-34,Female,Wiesbaden,HE,Germany,DE,0:40:51,3:31:06,2:16:36,0:06:01,0:11:22,6:45:57,2451,12666,8196,361,682,24357,1996,419,84,1641,350,69,2027,410,84,1996,419,84,Finisher,1247
Markus,Rieger,Markus Rieger,935,M55-59,Male,Fichtenberg,BW,Germany,DE,0:50:55,3:02:46,2:35:58,0:07:07,0:09:19,6:46:05,3055,10966,9358,427,559,24365,1997,1578,74,2200,1712,80,1747,1427,66,1997,1578,74,Finisher,1133
Michael,Bruhin,Michael Bruhin,2489,M25-29,Male,8004,Zurich,Switzerland,CH,0:42:45,3:11:57,2:41:42,0:05:03,0:04:58,6:46:25,2565,11517,9702,303,298,24385,1998,1579,243,1831,1440,221,1720,1413,213,1998,1579,243,Finisher,700
Manuel,Klein,Manuel Klein,2488,M30-34,Male,Bornheim,,Germany,DE,0:40:45,3:29:13,2:23:00,0:06:03,0:07:37,6:46:38,2445,12553,8580,363,457,24398,1999,1580,282,1630,1285,217,2006,1602,280,1999,1580,282,Finisher,700
Philipp,Werner,Philipp Werner,1241,M25-29,Male,Darmstadt,Hesse,Germany,DE,0:37:31,3:16:44,2:37:04,0:07:09,0:08:13,6:46:41,2251,11804,9424,429,493,24401,2000,1581,244,1164,947,132,1760,1436,218,2000,1581,244,Finisher,700
Tim,Richter,Tim Richter,869,M35-39,Male,Söhlde,NI,Germany,DE,0:45:24,3:24:27,2:22:43,0:05:26,0:08:51,6:46:51,2724,12267,8563,326,531,24411,2001,1582,244,2022,1586,241,2000,1598,247,2001,1582,244,Finisher,701
Björn,Kramer,Björn Kramer,867,M45-49,Male,Hamburg,HAMBURG,Germany,DE,0:49:26,3:25:37,2:09:10,0:09:37,0:13:02,6:46:52,2966,12337,7750,577,782,24412,2002,1583,147,2164,1685,159,2080,1649,157,2002,1583,147,Finisher,916
Rick,Leyrer,Rick Leyrer,2034,M30-34,Male,Blaubeuren,BW,Germany,DE,0:45:37,3:19:57,2:26:32,0:06:06,0:08:42,6:46:53,2737,11997,8792,366,522,24413,2003,1584,283,2041,1600,278,1951,1570,275,2003,1584,283,Finisher,700
Christoph,Schubert,Christoph Schubert,2045,M45-49,Male,Berlin,BE,Germany,DE,0:43:22,3:23:56,2:24:24,0:09:03,0:06:33,6:47:17,2602,12236,8664,543,393,24437,2004,1585,148,1888,1482,142,2011,1606,150,2004,1585,148,Finisher,908
Anna,Stopfer,Anna Stopfer,2431,F30-34,Female,Darmstadt,Hesse,Germany,DE,0:34:38,3:33:36,2:21:10,0:08:18,0:09:42,6:47:25,2078,12816,8470,498,582,24445,2005,420,85,718,129,23,2015,406,82,2005,420,85,Finisher,1220
Daniel,Merk,Daniel Merk,1012,M30-34,Male,Henstedt-Ulzburg,SCHLESWIG-HOLSTEIN,Germany,DE,0:39:55,3:32:54,2:17:29,0:09:47,0:07:26,6:47:32,2395,12774,8249,587,446,24452,2006,1586,284,1530,1218,204,2060,1635,285,2006,1586,284,Finisher,700
Andreas,Hase,Andreas Hase,1423,M30-34,Male,Buxtehude,Lower Saxony,Germany,DE,0:41:22,3:48:02,2:05:25,0:06:45,0:06:37,6:48:12,2482,13682,7525,405,397,24492,2007,1587,285,1696,1334,223,2158,1703,296,2007,1587,285,Finisher,700
Jonas,Korsakas,Jonas Korsakas,774,M45-49,Male,Radolfzell am Bodensee,foreigner,Germany,DE,0:49:46,3:31:54,2:14:25,0:05:12,0:06:57,6:48:14,2986,12714,8065,312,417,24494,2008,1588,149,2176,1695,161,2097,1662,158,2008,1588,149,Finisher,891
Selina,Rausch,Selina Rausch,1897,F25-29,Female,Unterschneidheim,Baden-Württemberg,Germany,DE,0:41:40,3:27:28,2:26:11,0:05:31,0:07:43,6:48:34,2500,12448,8771,331,463,24514,2009,421,95,1741,371,84,1993,400,87,2009,421,95,Finisher,988
Benjamin,Türmer,Benjamin Türmer,1731,M45-49,Male,Offenburg,Baden-Württemberg,Germany,DE,0:40:49,3:25:12,2:28:21,0:06:52,0:07:25,6:48:39,2449,12312,8901,412,445,24519,2010,1589,150,1636,1290,129,1973,1582,148,2010,1589,150,Finisher,884
Ravi,Ganti,Ravi Ganti,1802,M50-54,Male,Hamburg,,Germany,DE,0:39:38,3:24:32,2:30:43,0:07:26,0:06:20,6:48:39,2378,12272,9043,446,380,24519,2011,1590,121,1490,1194,101,1949,1569,122,2011,1590,121,Finisher,746
Douglas,Nascimento Santana,Douglas Nascimento Santana,1709,M40-44,Male,Petit-Lancy,GENEVE,Brazil,BR,0:46:18,3:58:30,1:48:17,0:09:47,0:05:50,6:48:43,2778,14310,6497,587,350,24523,2012,1591,199,2077,1625,203,2214,1731,217,2012,1591,199,Finisher,748
Alexander,Lampaert,Alexander Lampaert,326,M25-29,Male,Ieper,,Belgium,BE,0:56:12,3:09:27,2:27:45,0:07:59,0:07:46,6:49:09,3372,11367,8865,479,466,24549,2013,1592,245,2238,1739,265,1982,1588,242,2013,1592,245,Finisher,700
Mihail,Baila,Mihail Baila,1834,M55-59,Male,Pratteln,,Switzerland,CH,0:52:29,3:16:43,2:22:11,0:09:22,0:08:41,6:49:26,3149,11803,8531,562,521,24566,2014,1593,75,2215,1723,83,2032,1619,76,2014,1593,75,Finisher,1072
Joana,Keller,Joana Keller,1280,F18-24,Female,Fürth (Odenwald),Hesse,Germany,DE,0:42:31,3:39:37,2:11:36,0:08:16,0:08:23,6:50:24,2551,13177,7896,496,503,24624,2015,422,35,1811,386,34,2126,448,38,2015,422,35,Finisher,1315
Bryce,Greene,Bryce Greene,2073,M35-39,Male,București,București,United States,US,0:43:06,3:50:37,2:00:39,0:08:41,0:07:29,6:50:33,2586,13837,7239,521,449,24633,2016,1594,245,1869,1469,222,2182,1712,258,2016,1594,245,Finisher,700
Tygo,Veerman,Tygo Veerman,2082,M18-24,Male,Volendam,,Netherlands,NL,0:48:51,3:16:53,2:33:55,0:05:32,0:05:27,6:50:38,2931,11813,9235,332,327,24638,2017,1595,153,2154,1680,162,1945,1566,152,2017,1595,153,Finisher,700
Matthias,Zeißner,Matthias Zeißner,1941,M50-54,Male,Ilvesheim,,Germany,DE,0:31:14,3:06:01,3:01:24,0:05:04,0:06:57,6:50:41,1874,11161,10884,304,417,24641,2018,1596,122,349,290,22,1250,1073,90,2018,1596,122,Finisher,710
Gisela,Weber,Gisela Weber,1697,F55-59,Female,Giessen,,Germany,DE,0:41:50,3:38:43,2:12:18,0:07:54,0:10:04,6:50:48,2510,13123,7938,474,604,24648,2019,423,15,1756,374,11,2110,440,15,2019,423,15,Finisher,1953
Danny,Ly,Danny Ly,1223,M30-34,Male,mannheim,Baden-Württemberg,Unknown,,0:48:20,3:28:27,2:16:52,0:07:19,0:09:58,6:50:56,2900,12507,8212,439,598,24656,2020,1597,286,2139,1670,293,2075,1646,289,2020,1597,286,Finisher,700
Jan,Schelling,Jan Schelling,652,M40-44,Male,Oberau,Bavaria,Germany,DE,0:43:59,3:17:15,2:36:55,0:05:11,0:07:41,6:51:02,2639,11835,9415,311,461,24662,2021,1598,200,1933,1518,191,1861,1509,194,2021,1598,200,Finisher,706
Imke,Hönicke,Imke Hönicke,1985,F40-44,Female,Wingst,,Germany,DE,0:39:06,3:31:42,2:24:31,0:08:19,0:07:41,6:51:19,2346,12702,8671,499,461,24679,2022,424,45,1424,276,30,2040,417,45,2022,424,45,Finisher,1456
Gina,Glaub,Gina Glaub,1445,F25-29,Female,Altenstadt,Hesse,Germany,DE,0:49:07,3:42:49,2:07:24,0:05:33,0:06:48,6:51:41,2947,13369,7644,333,408,24701,2023,425,96,2157,476,104,2166,460,101,2023,425,96,Finisher,932
Clarisa,Soriano,Clarisa Soriano,649,F50-54,Female,Heinerscheid,,Philippines,PH,0:43:00,3:43:07,2:09:34,0:08:23,0:07:37,6:51:42,2580,13387,7774,503,457,24702,2024,426,32,1856,399,32,2152,455,37,2024,426,32,Finisher,1426
Isabelle,Diedrichs,Isabelle Diedrichs,668,F35-39,Female,Mannheim,BW,Germany,DE,0:43:45,3:37:29,2:18:24,0:06:41,0:05:25,6:51:46,2625,13049,8304,401,325,24706,2025,427,58,1918,412,56,2107,438,60,2025,427,58,Finisher,1181
Maximilian,Richter,Maximilian Richter,1131,M18-24,Male,Rettenberg,BY,Germany,DE,0:58:34,3:44:45,1:54:30,0:07:01,0:07:18,6:52:07,3514,13485,6870,421,438,24727,2026,1599,154,2249,1748,172,2205,1726,167,2026,1599,154,Finisher,700
Johannes,Hermann,Johannes Hermann,1705,M40-44,Male,DE75179-Pforzheim,BADEN-WURTTEMBERG,Germany,DE,0:42:00,3:26:41,2:29:18,0:07:44,0:06:38,6:52:20,2520,12401,8958,464,398,24740,2027,1600,201,1769,1393,179,2012,1607,201,2027,1600,201,Finisher,700
Simon,Fischer,Simon Fischer,1638,M35-39,Male,Offenbach,RHEINLAND-PFALZ,Germany,DE,0:44:30,3:37:18,2:12:41,0:09:38,0:08:23,6:52:29,2670,13038,7961,578,503,24749,2028,1601,246,1970,1546,236,2131,1682,255,2028,1601,246,Finisher,700
Julius Alexander,Wippel,Julius Alexander Wippel,526,M25-29,Male,Wädenswil,,Germany,DE,0:42:26,3:28:16,2:28:12,0:05:33,0:08:05,6:52:33,2546,12496,8892,333,485,24753,2029,1602,246,1807,1423,220,2010,1605,247,2029,1602,246,Finisher,700
Sarah,volken,Sarah volken,697,F18-24,Female,Visp,VALAIS,Switzerland,CH,0:45:26,3:49:10,2:07:08,0:05:32,0:05:34,6:52:49,2726,13750,7628,332,334,24769,2030,428,36,2028,437,41,2174,465,41,2030,428,36,Finisher,1271
Alexander,Henle,Alexander Henle,958,M18-24,Male,Babenhausen,BAYERN,Germany,DE,0:36:42,3:42:13,2:17:28,0:09:05,0:07:28,6:52:56,2202,13333,8248,545,448,24776,2031,1603,155,1029,841,83,2108,1670,160,2031,1603,155,Finisher,700
Janet ,Jobst,Janet Jobst,1368,F40-44,Female,Wackersdorf,Bavaria,Germany,DE,0:40:44,3:28:56,2:29:00,0:07:30,0:06:48,6:52:58,2444,12536,8940,450,408,24778,2032,429,46,1625,344,39,2019,408,44,2032,429,46,Finisher,1426
Paul,Schmidt,Paul Schmidt,669,M25-29,Male,Oberzent,Hesse,Germany,DE,0:40:48,3:34:04,2:23:48,0:08:08,0:06:53,6:53:40,2448,12844,8628,488,413,24820,2033,1604,247,1632,1287,188,2065,1637,253,2033,1604,247,Finisher,700
Celina,Mader,Celina Mader,1100,F25-29,Female,München,BY,Germany,DE,0:43:13,3:39:26,2:16:35,0:06:17,0:08:20,6:53:52,2593,13166,8195,377,500,24832,2034,430,97,1876,402,93,2114,442,97,2034,430,97,Finisher,892
Jürg,Steiner,Jürg Steiner,1652,M50-54,Male,Wallisellen,Zürich,Switzerland,CH,0:40:23,3:22:39,2:35:48,0:05:54,0:09:11,6:53:53,2423,12159,9348,354,551,24833,2035,1605,123,1579,1251,108,1905,1541,121,2035,1605,123,Finisher,700
Lucas ,Leiding,Lucas Leiding,622,M18-24,Male,München,Bavaria,Germany,DE,0:47:29,3:42:30,2:07:26,0:11:04,0:05:30,6:53:57,2849,13350,7646,664,330,24837,2036,1606,156,2116,1652,159,2177,1710,165,2036,1606,156,Finisher,700
Sebastian,Vogt,Sebastian Vogt,1426,M30-34,Male,Sennfeld,,Germany,DE,0:48:02,3:27:47,2:24:41,0:07:30,0:05:59,6:53:59,2882,12467,8681,450,359,24839,2037,1607,287,2129,1662,290,2070,1642,287,2037,1607,287,Finisher,700
Thomas,Odenwald,Thomas Odenwald,938,M50-54,Male,Philippsburg,BADEN-WURTTEMBERG,Germany,DE,0:39:13,3:49:18,2:12:53,0:08:00,0:04:45,6:54:10,2353,13758,7973,480,285,24850,2038,1608,124,1438,1160,98,2161,1705,132,2038,1608,124,Finisher,700
Susanne,Schaudig,Susanne Schaudig,1125,F60-64,Female,Groß-Gerau,,Germany,DE,0:40:23,3:34:30,2:23:12,0:06:11,0:10:00,6:54:17,2423,12870,8592,371,600,24857,2039,431,6,1582,330,4,2055,424,6,2039,431,6,Finisher,2150
Alessandro,Pelusio,Alessandro Pelusio,940,M35-39,Male,Forst,,Germany,DE,0:44:37,3:14:27,2:41:30,0:07:32,0:06:25,6:54:31,2677,11667,9690,452,385,24871,2040,1609,247,1977,1551,238,1869,1515,235,2040,1609,247,Finisher,700
Isabell,Kohl,Isabell Kohl,1523,F18-24,Female,Hamburg,Hamburg,Germany,DE,0:44:11,3:21:48,2:33:15,0:06:07,0:09:24,6:54:46,2651,12108,9195,367,564,24886,2041,432,37,1948,420,38,1960,386,31,2041,432,37,Finisher,1236
Alexandros,Theodorakos,Alexandros Theodorakos,312,M40-44,Male,Athens,GR-I,Greece,GR,0:49:46,3:36:54,2:11:20,0:08:29,0:08:32,6:55:00,2986,13014,7880,509,512,24900,2042,1610,202,2175,1694,211,2155,1700,213,2042,1610,202,Finisher,700
Jutta-Verena,Schulze,Jutta-Verena Schulze,610,F35-39,Female,Herten,,Germany,DE,0:44:01,3:36:11,2:26:25,0:04:37,0:04:22,6:55:37,2641,12971,8785,277,262,24937,2043,433,59,1938,418,59,2083,432,58,2043,433,59,Finisher,1112
Nicole,Lindner,Nicole Lindner,778,F30-34,Female,München,BY,Georgia,GE,0:46:24,3:27:38,2:23:23,0:10:18,0:08:25,6:56:08,2784,12458,8603,618,505,24968,2044,434,86,2082,455,89,2077,430,88,2044,434,86,Finisher,1064
Ingo,Moss,Ingo Moss,1752,M50-54,Male,Weyhe,Niedersachsen,Germany,DE,0:57:58,3:40:11,2:07:04,0:05:05,0:05:57,6:56:14,3478,13211,7624,305,357,24974,2045,1611,125,2246,1746,139,2184,1714,133,2045,1611,125,Finisher,700
Fabian,Lang,Fabian Lang,1952,M25-29,Male,Simmelsdorf,BY,Germany,DE,0:43:29,3:16:43,2:36:52,0:06:38,0:12:40,6:56:22,2609,11803,9412,398,760,24982,2046,1612,248,1895,1487,235,1874,1519,231,2046,1612,248,Finisher,700
Corentin,Ravou,Corentin Ravou,1953,M30-34,Male,Hautvillers,,France,FR,0:42:11,3:29:29,2:23:27,0:12:14,0:09:09,6:56:30,2531,12569,8607,734,549,24990,2047,1613,288,1781,1403,238,2073,1644,288,2047,1613,288,Finisher,700
Julia,Grenz,Julia Grenz,1461,F18-24,Female,Erlangen,Bavaria,Germany,DE,0:39:52,3:34:37,2:24:48,0:08:17,0:09:04,6:56:39,2392,12877,8688,497,544,24999,2048,435,38,1521,310,26,2061,426,37,2048,435,38,Finisher,1202
Gabriel,Braun,Gabriel Braun,1813,M25-29,Male,Lauda-Königshofen,Baden-Württemberg,Germany,DE,0:51:32,3:35:00,2:18:53,0:05:51,0:05:35,6:56:51,3092,12900,8333,351,335,25011,2049,1614,249,2205,1716,262,2140,1690,261,2049,1614,249,Finisher,700
Andreas,Bockmayer,Andreas Bockmayer,994,M60-64,Male,Stahnsdorf,,Germany,DE,0:45:15,3:32:02,2:26:12,0:05:35,0:07:47,6:56:52,2715,12722,8772,335,467,25012,2050,1615,58,2013,1579,59,2063,1636,63,2050,1615,58,Finisher,1192
Frederik,Kiehn,Frederik Kiehn,2131,M40-44,Male,Hamburg,Hamburg,Germany,DE,0:41:17,3:36:53,2:23:37,0:07:55,0:07:34,6:57:16,2477,13013,8617,475,454,25036,2051,1616,203,1687,1327,171,2094,1660,206,2051,1616,203,Finisher,700
Frank,Strutz,Frank Strutz,1973,M65-69,Male,Wiesbaden,,Germany,DE,0:45:45,3:17:20,2:32:12,0:12:48,0:09:18,6:57:23,2745,11840,9132,768,558,25043,2052,1617,20,2047,1604,20,2005,1601,20,2052,1617,20,Finisher,1605
Julian,Kolaric,Julian Kolaric,443,M25-29,Male,München,Bayern,Germany,DE,0:46:02,3:22:36,2:35:43,0:04:53,0:08:19,6:57:33,2762,12156,9343,293,499,25053,2053,1618,250,2066,1616,251,1980,1586,241,2053,1618,250,Finisher,700
Akim,Stark,Akim Stark,724,M35-39,Male,Bad Schönborn,,Germany,DE,0:44:07,3:31:19,2:26:46,0:06:38,0:08:47,6:57:37,2647,12679,8806,398,527,25057,2054,1619,248,1945,1526,231,2058,1633,250,2054,1619,248,Finisher,700
Jan-Ole,Daniel,Jan-Ole Daniel,1873,M35-39,Male,Hamburg,HH,Germany,DE,0:41:08,3:16:32,2:44:58,0:07:28,0:07:32,6:57:37,2468,11792,9898,448,452,25057,2055,1620,249,1667,1310,197,1834,1492,229,2055,1620,249,Finisher,700
Bilgin,Aydin,Bilgin Aydin,320,M50-54,Male,Köln,North Rhine-Westphalia,Germany,DE,0:46:50,3:16:20,2:28:06,0:13:24,0:13:11,6:57:51,2810,11780,8886,804,791,25071,2056,1621,126,2095,1636,131,2016,1610,126,2056,1621,126,Finisher,700
Andrea,Eckl,Andrea Eckl,1618,F18-24,Female,München,Bavaria,Germany,DE,0:44:15,3:41:37,2:18:01,0:08:31,0:05:34,6:57:58,2655,13297,8281,511,334,25078,2057,436,39,1954,422,39,2151,454,40,2057,436,39,Finisher,1178
Jan Hindrik ,kleine Balderhaar,Jan Hindrik kleine Balderhaar,733,M60-64,Male,Emlichheim,,Germany,DE,0:39:00,3:21:36,2:43:21,0:06:51,0:07:24,6:58:13,2340,12096,9801,411,444,25093,2058,1622,59,1405,1133,44,1883,1526,58,2058,1622,59,Finisher,1168
Gabriele,Weiler,Gabriele Weiler,796,F65-69,Female,Lorch,,Germany,DE,1:03:12,3:32:23,2:11:51,0:05:52,0:05:05,6:58:23,3792,12743,7911,352,305,25103,2059,437,2,2255,502,2,2180,470,2,2059,437,2,Finisher,2944
Luisa,Weber,Luisa Weber,374,F25-29,Female,Frankfurt am Main,Hesse,Germany,DE,0:45:58,3:35:00,2:26:50,0:05:32,0:05:04,6:58:24,2758,12900,8810,332,304,25104,2060,438,98,2064,450,99,2096,435,95,2060,438,98,Finisher,811
Angelika,Nell,Angelika Nell,1558,F50-54,Female,Tübingen,,Germany,DE,0:38:12,3:44:45,2:17:27,0:07:22,0:10:42,6:58:28,2292,13485,8247,442,642,25108,2061,439,33,1278,239,19,2124,446,35,2061,439,33,Finisher,1304
Frank,Schaudig,Frank Schaudig,1142,M60-64,Male,Groß-Gerau,,Germany,DE,0:41:30,3:22:49,2:27:48,0:12:56,0:13:41,6:58:45,2490,12169,8868,776,821,25125,2062,1623,60,1715,1350,54,2020,1612,61,2062,1623,60,Finisher,1158
Wolfram,Schmied,Wolfram Schmied,2534,M55-59,Male,Eich,Lucerne,Germany,DE,0:52:23,3:23:10,2:25:35,0:09:11,0:08:43,6:59:03,3143,12190,8735,551,523,25143,2063,1624,76,2213,1721,82,2082,1651,79,2063,1624,76,Finisher,899
Lars,Reichert,Lars Reichert,2086,M30-34,Male,Marxzell,BW,Germany,DE,0:44:30,3:27:33,2:33:25,0:06:11,0:07:31,6:59:09,2670,12453,9205,371,451,25149,2064,1625,289,1971,1547,267,2031,1618,282,2064,1625,289,Finisher,700
Jürgen,Appel,Jürgen Appel,2057,M65-69,Male,Sinsheim,BW,Germany,DE,0:41:28,3:20:23,2:42:35,0:06:41,0:08:15,6:59:22,2488,12023,9755,401,495,25162,2065,1626,21,1710,1346,17,1897,1535,19,2065,1626,21,Finisher,1569
Marvin,Schneider,Marvin Schneider,1615,M30-34,Male,Heidelberg,Baden-Württemberg,Germany,DE,0:43:21,3:46:05,2:17:40,0:07:19,0:05:13,6:59:37,2601,13565,8260,439,313,25177,2066,1627,290,1887,1481,254,2162,1706,297,2066,1627,290,Finisher,700
Kai,Vanbeek,Kai Vanbeek,1975,M55-59,Male,Pittsburgh,PA,United States,US,0:45:31,3:40:14,2:19:32,0:06:19,0:08:05,6:59:41,2731,13214,8372,379,485,25181,2067,1628,77,2033,1594,73,2137,1687,82,2067,1628,77,Finisher,888
Nicole,Schönwiese,Nicole Schönwiese,1661,F50-54,Female,Berlin,Berlin,Germany,DE,0:48:46,3:36:43,2:14:10,0:08:00,0:12:09,6:59:48,2926,13003,8050,480,729,25188,2068,440,34,2152,474,37,2145,452,36,2068,440,34,Finisher,1280
Jonas,Maciejewski,Jonas Maciejewski,603,M30-34,Male,Leonberg,,Germany,DE,0:48:08,3:24:15,2:33:48,0:07:51,0:06:15,7:00:16,2888,12255,9228,471,375,25216,2069,1629,291,2131,1664,291,2048,1627,283,2069,1629,291,Finisher,700
Andreas,Brod,Andreas Brod,1218,M60-64,Male,Hanau,,Germany,DE,0:47:03,3:37:42,2:18:49,0:08:46,0:08:23,7:00:43,2823,13062,8329,526,503,25243,2070,1630,61,2101,1642,62,2146,1694,66,2070,1630,61,Finisher,1123
Michael ,Sänger Dr ,Michael Sänger Dr,993,M55-59,Male,Passau,,Germany,DE,0:46:33,3:32:03,2:21:58,0:08:37,0:11:35,7:00:45,2793,12723,8518,517,695,25245,2071,1631,78,2089,1632,75,2101,1666,80,2071,1631,78,Finisher,869
Nils,Kühl,Nils Kühl,1353,M18-24,Male,Bremen,Bremen,Germany,DE,0:45:25,3:20:57,2:38:40,0:05:42,0:10:26,7:01:10,2725,12057,9520,342,626,25270,2072,1632,157,2025,1589,154,1957,1572,153,2072,1632,157,Finisher,700
Anna,Riechelmann ,Anna Riechelmann,831,F35-39,Female,Hambühren ,Niedersachsen ,Germany,DE,0:53:45,3:32:52,2:17:12,0:10:39,0:06:57,7:01:24,3225,12772,8232,639,417,25284,2073,441,60,2224,497,74,2165,459,64,2073,441,60,Finisher,1008
Michael,Schummer,Michael Schummer,947,M35-39,Male,Wolfsburg,Lower Saxony,Germany,DE,0:41:27,3:25:53,2:39:13,0:08:00,0:07:25,7:01:57,2487,12353,9553,480,445,25317,2074,1633,250,1706,1342,202,2001,1599,248,2074,1633,250,Finisher,700
Tobias,Rethmeyer,Tobias Rethmeyer,2029,M35-39,Male,Frankfurt am Main,HESSEN,Germany,DE,0:39:03,3:19:59,2:36:46,0:11:19,0:15:02,7:02:09,2343,11999,9406,679,902,25329,2075,1634,251,1410,1137,177,1928,1554,242,2075,1634,251,Finisher,700
Michael,Wolf,Michael Wolf,1499,M30-34,Male,Weinheim,BW,Germany,DE,0:42:57,3:26:07,2:34:58,0:07:11,0:11:02,7:02:14,2577,12367,9298,431,662,25334,2076,1635,292,1852,1456,251,2009,1604,281,2076,1635,292,Finisher,700
Markus,Scholz,Markus Scholz,1760,M55-59,Male,Rimbach,Hesse,Germany,DE,0:43:11,3:29:23,2:33:27,0:08:29,0:07:47,7:02:17,2591,12563,9207,509,467,25337,2077,1636,79,1874,1474,63,2053,1630,77,2077,1636,79,Finisher,841
Luisa,Bauer,Luisa Bauer,1793,F35-39,Female,Kiel,SH,Germany,DE,0:45:49,3:44:49,2:16:52,0:07:41,0:07:12,7:02:23,2749,13489,8212,461,432,25343,2078,442,61,2053,445,64,2169,462,65,2078,442,61,Finisher,990
Stephan,Breuker,Stephan Breuker,1397,M45-49,Male,Lippstdadt/Benninghausen,,Germany,DE,0:36:55,3:21:56,2:46:52,0:08:15,0:08:29,7:02:27,2215,12116,10012,495,509,25347,2079,1637,151,1064,867,82,1878,1523,146,2079,1637,151,Finisher,700
Leonard ,Best ,Leonard Best,1379,M25-29,Male,Frankfurt am Main,Hesse,Germany,DE,0:56:20,3:11:07,2:39:32,0:09:03,0:06:27,7:02:28,3380,11467,9572,543,387,25348,2080,1638,251,2240,1741,266,2014,1609,248,2080,1638,251,Finisher,700
Luke,Martin,Luke Martin,642,M25-29,Male,Kronberg im Taunus,Hessen,Germany,DE,0:41:18,3:35:25,2:27:28,0:09:04,0:09:18,7:02:34,2478,12925,8848,544,558,25354,2081,1639,252,1690,1329,200,2092,1658,257,2081,1639,252,Finisher,700
Fritz,Haller,Fritz Haller,214,M70-74,Male,Kilchberg,,Switzerland,CH,0:48:09,3:24:54,2:34:46,0:07:18,0:07:33,7:02:40,2889,12294,9286,438,453,25360,2082,1640,8,2132,1665,6,2049,1628,7,2082,1640,8,Finisher,1514
Johanna,Büchler-Fuchs,Johanna Büchler-Fuchs,572,F35-39,Female,Faulbach,BY,Germany,DE,0:43:05,3:38:14,2:22:34,0:09:03,0:10:01,7:02:57,2585,13094,8554,543,601,25377,2083,443,62,1867,400,52,2125,447,61,2083,443,62,Finisher,980
Annika,Weeske,Annika Weeske,2193,F35-39,Female,Bielefeld,Northrhine-Westfalia,Germany,DE,0:42:49,3:42:33,2:13:55,0:10:52,0:12:57,7:03:07,2569,13353,8035,652,777,25387,2084,444,63,1839,392,51,2159,456,63,2084,444,63,Finisher,977
Hannes,Lembeck,Hannes Lembeck,1986,M18-24,Male,Weroth,RP,Germany,DE,0:41:35,3:21:41,2:42:28,0:07:11,0:10:34,7:03:30,2495,12101,9748,431,634,25410,2085,1641,158,1728,1363,132,1933,1558,150,2085,1641,158,Finisher,700
Dana,Cradeur,Dana Cradeur,1491,F40-44,Female,Apo,AE,United States,US,0:54:27,3:29:43,2:28:58,0:05:00,0:05:53,7:04:01,3267,12583,8938,300,353,25441,2086,445,47,2230,498,49,2118,444,47,2086,445,47,Finisher,1227
John,Hermann,John Hermann,328,M18-24,Male,Kreuzau,North Rhine-Westphalia,Germany,DE,0:41:59,3:45:38,2:21:29,0:07:53,0:07:15,7:04:13,2519,13538,8489,473,435,25453,2087,1642,159,1767,1391,134,2156,1701,164,2087,1642,159,Finisher,700
Iris,Slaghuis,Iris Slaghuis,1483,F25-29,Female,Ingolstadt,BY,Germany,DE,0:42:50,3:41:37,2:29:18,0:04:38,0:05:52,7:04:16,2570,13297,8958,278,352,25456,2088,446,99,1840,393,90,2116,443,98,2088,446,99,Finisher,705
Heinz,Nesswald,Heinz Nesswald,1860,M65-69,Male,Triefenstein,,Germany,DE,0:56:36,3:33:44,2:20:28,0:06:10,0:07:43,7:04:41,3396,12824,8428,370,463,25481,2089,1643,22,2243,1743,25,2160,1704,25,2089,1643,22,Finisher,1474
Daniel,Acikel Preda,Daniel Acikel Preda,2129,M25-29,Male,Offenbach am Main,Hesse,Romania,RO,0:59:39,3:40:58,2:01:20,0:09:14,0:13:36,7:04:46,3579,13258,7280,554,816,25486,2090,1644,253,2250,1749,267,2203,1725,267,2090,1644,253,Finisher,700
Matthias,Rühl,Matthias Rühl,1077,M45-49,Male,Mengen,Baden-Würtemberg,Germany,DE,0:38:00,3:19:10,2:48:24,0:09:23,0:10:18,7:05:14,2280,11950,10104,563,618,25514,2091,1645,152,1241,1011,99,1867,1514,145,2091,1645,152,Finisher,700
Daniel,Brudel,Daniel Brudel,1205,M30-34,Male,Schwäbisch Gmünd,BW,Germany,DE,0:45:33,3:19:52,2:41:12,0:07:38,0:11:26,7:05:41,2733,11992,9672,458,686,25541,2092,1646,293,2037,1597,277,1976,1584,277,2092,1646,293,Finisher,700
Emma,Durrer,Emma Durrer,1392,F18-24,Female,Vevey,VAUD,Switzerland,CH,0:45:31,3:24:28,2:45:49,0:04:39,0:05:55,7:06:23,2731,12268,9949,279,355,25583,2093,447,40,2034,440,42,1992,399,34,2093,447,40,Finisher,1027
Christopher,Osterhaus,Christopher Osterhaus,478,M25-29,Male,Oftersheim,Baden-Württemberg,Germany,DE,0:42:03,3:36:14,2:37:27,0:06:19,0:05:23,7:07:26,2523,12974,9447,379,323,25646,2094,1647,254,1773,1397,213,2078,1648,255,2094,1647,254,Finisher,700
Vincent ,van der Veen,Vincent van der Veen,751,M40-44,Male,Veere,Zeeland,Netherlands,NL,0:41:32,3:33:08,2:35:52,0:08:22,0:08:43,7:07:37,2492,12788,9352,502,523,25657,2095,1648,204,1720,1355,174,2067,1639,203,2095,1648,204,Finisher,700
Tobias,Schlögel,Tobias Schlögel,1965,M45-49,Male,Lampertheim,Hesse,Germany,DE,0:47:03,3:24:04,2:40:04,0:07:54,0:08:37,7:07:43,2823,12244,9604,474,517,25663,2096,1649,153,2100,1641,156,2036,1621,153,2096,1649,153,Finisher,700
Markus,Bensch,Markus Bensch,623,M50-54,Male,Stutensee,BADEN-WURTTEMBERG,Germany,DE,0:45:30,3:17:05,2:49:42,0:05:59,0:09:35,7:07:52,2730,11825,10182,359,575,25672,2097,1650,127,2031,1592,127,1900,1538,120,2097,1650,127,Finisher,700
Henrieke,Hooijsma,Henrieke Hooijsma,560,F35-39,Female,Lelystad,Flevoland,Netherlands,NL,0:48:45,3:34:22,2:23:53,0:11:15,0:10:08,7:08:23,2925,12862,8633,675,608,25703,2098,448,64,2151,473,68,2150,453,62,2098,448,64,Finisher,882
Jasmin,Kropp,Jasmin Kropp,1981,F55-59,Female,Staig,,Germany,DE,0:46:20,3:46:23,2:18:07,0:08:09,0:09:25,7:08:24,2780,13583,8287,489,565,25704,2099,449,16,2080,454,16,2176,467,16,2099,449,16,Finisher,1637
Galmandakh,Byambadorj,Galmandakh Byambadorj,2457,M25-29,Male,Neubiberg,Bavaria,Mongolia,MN,1:04:40,3:35:16,2:17:16,0:05:23,0:06:04,7:08:38,3880,12916,8236,323,364,25718,2100,1651,255,2258,1756,270,2188,1715,265,2100,1651,255,Finisher,700
Thomas,Schaeffer,Thomas Schaeffer,1057,M35-39,Male,Dresden,SN,Germany,DE,0:50:25,3:54:43,2:10:01,0:08:16,0:05:48,7:09:12,3025,14083,7801,496,348,25752,2101,1652,252,2190,1705,259,2211,1730,260,2101,1652,252,Finisher,700
Giovanni,Asam,Giovanni Asam,2501,M40-44,Male,Mannheim,BW,Brazil,BR,1:03:38,3:24:09,2:28:04,0:05:55,0:07:37,7:09:24,3818,12249,8884,355,457,25764,2102,1653,205,2256,1754,219,2147,1695,212,2102,1653,205,Finisher,700
Jana,Regert,Jana Regert,1720,F25-29,Female,Mühlheim an der Donau,Baden-Württemberg,Germany,DE,0:42:04,3:50:54,2:25:02,0:05:15,0:06:57,7:10:12,2524,13854,8702,315,417,25812,2103,450,100,1775,377,86,2168,461,102,2103,450,100,Finisher,700
Matīss,Ramiņš,Matīss Ramiņš,1602,M40-44,Male,Katlakalns,KEKAVAS NOVADS,Latvia,LV,0:49:54,3:38:11,2:28:19,0:07:26,0:06:47,7:10:38,2994,13091,8899,446,407,25838,2104,1654,206,2180,1697,212,2157,1702,214,2104,1654,206,Finisher,700
Silvana,Kothe,Silvana Kothe,1374,F60-64,Female,Bad Vilbel,,Germany,DE,0:45:00,3:36:58,2:32:48,0:08:50,0:07:18,7:10:53,2700,13018,9168,530,438,25853,2105,451,7,1995,431,7,2127,449,8,2105,451,7,Finisher,1851
Alyzée,Brehm-Monbrun,Alyzée Brehm-Monbrun,522,F30-34,Female,Mannheim,BW,France,FR,0:45:14,3:44:52,2:25:19,0:06:46,0:09:06,7:11:15,2714,13492,8719,406,546,25875,2106,452,87,2012,434,83,2163,457,91,2106,452,87,Finisher,791
Tim,Nagel,Tim Nagel,353,M18-24,Male,Malsch,Baden-Württemberg,Germany,DE,0:40:16,3:46:00,2:32:09,0:07:02,0:05:57,7:11:23,2416,13560,9129,422,357,25883,2107,1655,160,1568,1246,116,2143,1693,162,2107,1655,160,Finisher,700
Ulrike,Samsel,Ulrike Samsel,1591,F55-59,Female,Saarbrücken,,Germany,DE,0:53:20,3:40:41,2:21:45,0:07:21,0:08:18,7:11:25,3200,13241,8505,441,498,25885,2108,453,17,2220,496,20,2179,469,17,2108,453,17,Finisher,1582
Dominik,Delic,Dominik Delic,1740,M25-29,Male,Frankfurt am Main,Hesse,Germany,DE,1:00:08,3:39:26,2:09:54,0:08:29,0:13:37,7:11:34,3608,13166,7794,509,817,25894,2109,1656,256,2252,1751,268,2198,1723,266,2109,1656,256,Finisher,700
Christoph,Mennemeyer,Christoph Mennemeyer,1799,M30-34,Male,Osnabrück ,Lower Saxony,Germany,DE,0:51:00,3:27:52,2:36:47,0:06:36,0:09:56,7:12:11,3060,12472,9407,396,596,25931,2110,1657,294,2201,1713,300,2088,1655,291,2110,1657,294,Finisher,700
gilberto,tani,gilberto tani,1139,M60-64,,CAVA MANARA,Lombardy,Italy,IT,0:45:49,3:34:25,2:34:32,0:08:28,0:09:03,7:12:17,2749,12865,9272,508,543,25937,2111,1658,62,2055,1610,61,2112,1671,64,2111,1658,62,Finisher,914
Guido,Hoffmann,Guido Hoffmann,1268,M55-59,Male,Forstern,BAYERN,Germany,DE,0:44:13,3:19:06,2:53:18,0:08:02,0:08:08,7:12:47,2653,11946,10398,482,488,25967,2112,1659,80,1951,1530,70,1946,1567,72,2112,1659,80,Finisher,700
Kerstin,Brückmann,Kerstin Brückmann,1109,F50-54,Female,Eltville,HE,Germany,DE,0:48:58,3:53:45,2:15:45,0:06:45,0:07:45,7:12:58,2938,14025,8145,405,465,25978,2113,454,35,2155,475,38,2202,478,39,2113,454,35,Finisher,1043
Alexandre,Thuillier,Alexandre Thuillier,1157,M30-34,Male,AMIENS,SOMME,France,FR,0:57:42,3:44:26,2:18:08,0:06:06,0:07:05,7:13:27,3462,13466,8288,366,425,26007,2114,1660,295,2245,1745,305,2200,1724,299,2114,1660,295,Finisher,700
June,Glende,June Glende,925,F35-39,Female,Berlin,BERLIN,France,FR,0:38:42,3:56:59,2:09:47,0:12:26,0:15:55,7:13:48,2322,14219,7787,746,955,26028,2115,455,65,1360,259,33,2199,476,67,2115,455,65,Finisher,785
William,Lecompte,William Lecompte,2145,M40-44,Male,Boblingen ,,United States,US,0:50:07,3:33:14,2:33:59,0:08:08,0:08:35,7:14:02,3007,12794,9239,488,515,26042,2116,1661,207,2186,1701,213,2132,1683,210,2116,1661,207,Finisher,700
Raymond,Bruin,Raymond Bruin,1102,M40-44,Male,Haarlem,North Holland,Netherlands,NL,0:40:23,3:43:34,2:34:48,0:07:40,0:07:48,7:14:13,2423,13414,9288,460,468,26053,2117,1662,208,1580,1252,160,2133,1684,211,2117,1662,208,Finisher,700
Michael,Spöcker,Michael Spöcker,1078,M45-49,Male,Mengen,BADEN-WURTTEMBERG,Germany,DE,0:41:41,3:30:32,2:44:35,0:09:02,0:08:30,7:14:20,2501,12632,9875,542,510,26060,2118,1663,154,1743,1372,133,2056,1632,156,2118,1663,154,Finisher,700
Henner,Huflage,Henner Huflage,2114,M35-39,Male,Würzbug,,Germany,DE,0:48:50,3:33:04,2:36:33,0:07:29,0:08:31,7:14:27,2930,12784,9393,449,511,26067,2119,1664,253,2153,1679,255,2121,1677,254,2119,1664,253,Finisher,700
Frederik,Herrmann,Frederik Herrmann,617,M18-24,Male,Karlsruhe,BADEN-WURTTEMBERG,Germany,DE,0:42:21,3:25:49,2:51:37,0:04:21,0:10:19,7:14:27,2541,12349,10297,261,619,26067,2120,1665,161,1801,1420,138,1967,1579,155,2120,1665,161,Finisher,700
Marco,Augsburg,Marco Augsburg,2284,M45-49,Male,Nauheim,HESSEN,Germany,DE,0:43:23,3:33:06,2:39:20,0:10:33,0:08:30,7:14:52,2603,12786,9560,633,510,26092,2121,1666,155,1891,1484,144,2100,1665,159,2121,1666,155,Finisher,700
Verónica,Plata García,Verónica Plata García,1898,F35-39,Female,Ballwil,,Spain,ES,0:49:52,3:45:00,2:27:10,0:04:50,0:08:43,7:15:36,2992,13500,8830,290,523,26136,2122,456,66,2179,483,71,2173,464,66,2122,456,66,Finisher,752
Maren,Kostezka,Maren Kostezka,1725,F25-29,Female,Böttingen,Baden-Württemberg,Germany,DE,0:47:48,3:42:12,2:33:21,0:06:58,0:05:39,7:15:58,2868,13332,9201,418,339,26158,2123,457,101,2124,465,101,2164,458,100,2123,457,101,Finisher,700
Christopher,Eisele,Christopher Eisele,313,M35-39,Male,Herne,North Rhine-Westphalia,Germany,DE,0:54:09,3:26:14,2:40:08,0:08:42,0:07:02,7:16:16,3249,12374,9608,522,422,26176,2124,1667,254,2227,1730,261,2115,1673,253,2124,1667,254,Finisher,700
Christine,Burgtorf,Christine Burgtorf,894,F60-64,Female,Göttingen,NI,Germany,DE,0:47:27,3:31:54,2:37:59,0:08:54,0:10:03,7:16:16,2847,12714,9479,534,603,26176,2125,458,8,2112,462,9,2109,439,7,2125,458,8,Finisher,1754
Lisa,Tailhades,Lisa Tailhades,2391,F30-34,Female,Bern,BE,Switzerland,CH,0:46:30,3:51:15,2:15:37,0:10:59,0:12:03,7:16:24,2790,13875,8137,659,723,26184,2126,459,88,2085,456,90,2201,477,93,2126,459,88,Finisher,700
Florian,Kraus,Florian Kraus,1204,M30-34,Male,Schwäbisch Gmünd ,BW,Germany,DE,0:41:13,3:18:59,2:52:14,0:10:12,0:13:51,7:16:29,2473,11939,10334,612,831,26189,2127,1668,296,1681,1322,220,1931,1556,273,2127,1668,296,Finisher,700
Frank,Goertz,Frank Goertz,750,M65-69,Male,Sternenfels,,Germany,DE,0:44:28,3:42:22,2:36:58,0:06:10,0:07:25,7:17:23,2668,13342,9418,370,445,26243,2128,1669,23,1969,1545,18,2142,1692,24,2128,1669,23,Finisher,1245
Kathleen,Späth,Kathleen Späth,2212,F30-34,Female,Schönenberg-Kübelberg,RP,Germany,DE,0:51:42,3:57:48,2:14:33,0:07:12,0:06:10,7:17:24,3102,14268,8073,432,370,26244,2129,460,89,2207,490,97,2220,486,94,2129,460,89,Finisher,700
Daniils,Dikanskis,Daniils Dikanskis,368,M40-44,Male,Frankfurt am Main,HE,Latvia,LV,0:55:40,3:28:58,2:41:11,0:04:35,0:07:43,7:18:05,3340,12538,9671,275,463,26285,2130,1670,209,2236,1737,217,2120,1676,209,2130,1670,209,Finisher,700
Christopher,Hosking,Christopher Hosking,1647,M30-34,Male,Tas-Sliema,SLIEMA,South Africa,ZA,0:49:29,3:50:51,2:18:30,0:10:37,0:08:40,7:18:07,2969,13851,8310,637,520,26287,2131,1671,297,2167,1687,296,2207,1727,300,2131,1671,297,Finisher,700
Fabienne,Göbel,Fabienne Göbel,1099,F35-39,Female,Frankfurt am Main,HE,Germany,DE,0:49:38,3:56:01,2:16:18,0:08:25,0:08:12,7:18:34,2978,14161,8178,505,492,26314,2132,461,67,2171,481,70,2212,482,69,2132,461,67,Finisher,700
Heinz,Dillmann,Heinz Dillmann,1539,M65-69,Male,Oberzent,Hesse,Germany,DE,0:49:15,3:34:29,2:39:11,0:08:32,0:07:09,7:18:36,2955,12869,9551,512,429,26316,2133,1672,24,2161,1684,23,2139,1689,23,2133,1672,24,Finisher,1223
Maria,Büdenbender,Maria Büdenbender,2252,F30-34,Female,Karlsruhe,BW,Germany,DE,0:49:46,3:32:09,2:42:54,0:06:44,0:07:40,7:19:13,2986,12729,9774,404,460,26353,2134,462,90,2177,482,95,2111,441,90,2134,462,90,Finisher,700
Luca ,Weihrauch,Luca Weihrauch,637,M25-29,Male,Gangkofen,Bayern,Germany,DE,0:44:38,3:29:01,2:46:26,0:11:47,0:07:22,7:19:14,2678,12541,9986,707,442,26354,2135,1673,257,1978,1552,244,2087,1654,256,2135,1673,257,Finisher,700
Jeppe,Østerby,Jeppe Østerby,1047,M25-29,Male,Aarhus,Central Jutland,Denmark,DK,0:46:50,3:45:49,2:28:57,0:09:58,0:07:45,7:19:20,2810,13549,8937,598,465,26360,2136,1674,258,2096,1637,256,2183,1713,264,2136,1674,258,Finisher,700
Steffi,Barth-Cebulla,Steffi Barth-Cebulla,408,M50-54,Female,Niddatal,HE,Germany,DE,0:39:13,3:28:12,2:49:13,0:10:29,0:12:33,7:19:39,2353,12492,10153,629,753,26379,2137,1675,128,1435,1157,97,2025,1616,127,2137,1675,128,Finisher,700
Tim,Reichel,Tim Reichel,650,M40-44,Male,Menden,NW,Germany,DE,0:45:16,3:34:47,2:46:48,0:05:47,0:07:03,7:19:40,2716,12887,10008,347,423,26380,2138,1676,210,2014,1580,200,2093,1659,205,2138,1676,210,Finisher,700
Marius,Koch,Marius Koch,2525,M25-29,Male,Eberbach,Baden-Württemberg ,Germany,DE,0:45:38,3:38:23,2:35:25,0:08:32,0:11:57,7:19:55,2738,13103,9325,512,717,26395,2139,1677,259,2044,1602,250,2141,1691,262,2139,1677,259,Finisher,700
Maximilian,Wehr,Maximilian Wehr,1087,M18-24,Male,22880,Schleswig-Holstein,Germany,DE,0:40:49,3:36:40,2:41:09,0:07:43,0:13:38,7:19:59,2449,13000,9669,463,818,26399,2140,1678,162,1635,1289,121,2084,1652,159,2140,1678,162,Finisher,700
Philip,Glörfeld,Philip Glörfeld,651,M40-44,Male,Menden (Sauerl.),NW,Germany,DE,0:38:27,3:43:10,2:45:47,0:05:39,0:06:58,7:20:01,2307,13390,9947,339,418,26401,2141,1679,211,1319,1070,132,2103,1668,208,2141,1679,211,Finisher,700
Oliver,Wohlfarth,Oliver Wohlfarth,1316,M60-64,Male,Winnenden,,Germany,DE,0:44:53,3:46:17,2:32:04,0:06:54,0:10:45,7:20:53,2693,13577,9124,414,645,26453,2142,1680,63,1991,1562,58,2167,1707,67,2142,1680,63,Finisher,760
Lars,Munk,Lars Munk,655,M40-44,Male,Florstadt,Hesse,Germany,DE,0:41:42,3:49:34,2:34:41,0:07:17,0:07:41,7:20:55,2502,13774,9281,437,461,26455,2143,1681,212,1744,1373,177,2170,1708,215,2143,1681,212,Finisher,700
Sami,CHERIF,Sami CHERIF,1074,M35-39,Male,Issy Les Moulineaux,Île-de-France,Tunisia,TN,0:43:56,4:07:48,2:14:27,0:08:02,0:06:56,7:21:09,2636,14868,8067,482,416,26469,2144,1682,255,1929,1514,228,2225,1739,261,2144,1682,255,Finisher,700
Katharina,Franz,Katharina Franz,2218,F18-24,Female,Sankt Ingbert,Saarland,Germany,DE,0:30:17,4:13:03,2:26:12,0:06:40,0:05:23,7:21:36,1817,15183,8772,400,323,26496,2145,463,41,265,46,5,2204,479,43,2145,463,41,Finisher,753
Yannick,Zerau,Yannick Zerau,2225,M25-29,Male,München,BY,Germany,DE,0:50:18,3:35:47,2:41:06,0:07:40,0:07:21,7:22:12,3018,12947,9666,460,441,26532,2146,1683,260,2189,1704,261,2148,1696,263,2146,1683,260,Finisher,700
Luis,Dezcallar Viegas,Luis Dezcallar Viegas,1964,M30-34,Male,Zürich,Zurich,Spain,ES,0:42:03,4:09:10,2:07:08,0:13:24,0:11:37,7:23:22,2523,14950,7628,804,697,26602,2147,1684,298,1772,1396,235,2231,1741,302,2147,1684,298,Finisher,700
Maike,Hohlbaum,Maike Hohlbaum,758,F35-39,Female,Stuttgart,Baden-Württemberg,Germany,DE,0:43:16,4:16:12,2:12:48,0:06:37,0:04:56,7:23:49,2596,15372,7968,397,296,26629,2148,464,68,1882,405,55,2234,492,72,2148,464,68,Finisher,700
Debora ,Sturm,Debora Sturm,523,F18-24,Female,Regensburg,Bavaria,Germany,DE,0:44:21,3:42:13,2:42:32,0:06:53,0:08:13,7:24:12,2661,13333,9752,413,493,26652,2149,465,42,1962,423,40,2144,451,39,2149,465,42,Finisher,706
Xenia,Fillinger,Xenia Fillinger,1128,F40-44,Female,Ubstadt,,Germany,DE,0:40:17,4:03:00,2:30:16,0:04:38,0:06:02,7:24:13,2417,14580,9016,278,362,26653,2150,466,48,1573,324,36,2197,475,48,2150,466,48,Finisher,864
Anatolii,Prorok,Anatolii Prorok,448,M40-44,Male,Kraichtal,,Germany,DE,0:44:32,3:37:04,2:52:13,0:04:49,0:05:51,7:24:30,2672,13024,10333,289,351,26670,2151,1685,213,1974,1549,195,2095,1661,207,2151,1685,213,Finisher,700
Maximilian,Melter,Maximilian Melter,529,M30-34,Male,Bretten,Baden-Württemberg ,Germany,DE,0:43:46,3:33:54,2:50:39,0:09:14,0:06:57,7:24:31,2626,12834,10239,554,417,26671,2152,1686,299,1919,1507,260,2098,1663,293,2152,1686,299,Finisher,700
Ronja,Diebels,Ronja Diebels,810,F18-24,Female,Kevelaer,NW,Germany,DE,0:52:06,3:58:50,2:19:12,0:09:21,0:05:13,7:24:43,3126,14330,8352,561,313,26683,2153,467,43,2211,492,46,2228,488,45,2153,467,43,Finisher,700
Frederik,Haas,Frederik Haas,2062,M30-34,Male,Heidelberg,BADEN-WURTTEMBERG,Germany,DE,0:43:39,3:39:04,2:46:32,0:08:25,0:07:38,7:25:18,2619,13144,9992,505,458,26718,2154,1687,300,1908,1498,258,2129,1680,295,2154,1687,300,Finisher,700
Nicole,Scheu,Nicole Scheu,473,F25-29,Female,Oppenweiler,BW,Germany,DE,0:41:48,3:28:40,3:02:11,0:05:20,0:07:25,7:25:24,2508,12520,10931,320,445,26724,2155,468,102,1753,373,85,2004,404,89,2155,468,102,Finisher,700
Katrin ,Güntzschel ,Katrin Güntzschel,1664,F45-49,Female,Hochdorf,CA,Germany,DE,0:37:50,3:50:56,2:34:51,0:11:54,0:10:50,7:26:21,2270,13856,9291,714,650,26781,2156,469,39,1221,229,15,2175,466,39,2156,469,39,Finisher,789
Melody,Wright,Melody Wright,2020,F35-39,Female,Stuttgart,BW,France,FR,0:49:55,4:05:36,2:16:08,0:07:54,0:07:50,7:27:23,2995,14736,8168,474,470,26843,2157,470,69,2182,484,72,2229,489,71,2157,470,69,Finisher,700
Ingrid,Mrohs,Ingrid Mrohs,598,F40-44,Female,81245 München,BY,Germany,DE,0:54:28,3:55:33,2:24:23,0:05:43,0:08:25,7:28:33,3268,14133,8663,343,505,26913,2158,471,49,2232,499,50,2217,484,49,2158,471,49,Finisher,786
BENJAMIN,MROHS,BENJAMIN MROHS,595,M40-44,Male,München,,Germany,DE,0:54:28,3:55:25,2:24:24,0:05:43,0:08:33,7:28:33,3268,14125,8664,343,513,26913,2159,1688,214,2231,1733,216,2216,1733,218,2159,1688,214,Finisher,700
Frank,Leichner,Frank Leichner,2303,M60-64,Male,Hochheim,,Germany,DE,0:56:43,3:27:57,2:47:07,0:06:45,0:10:10,7:28:42,3403,12477,10027,405,610,26922,2160,1689,64,2244,1744,68,2130,1681,65,2160,1689,64,Finisher,700
Kilian,Houdenaert,Kilian Houdenaert,968,M30-34,Male,Bonheiden,ANTWERPEN,Belgium,BE,0:51:59,3:41:21,2:38:19,0:08:28,0:09:00,7:29:07,3119,13281,9499,508,540,26947,2161,1690,301,2209,1718,301,2181,1711,298,2161,1690,301,Finisher,700
Dagmar,Roos,Dagmar Roos,2430,F50-54,Female,Frankfurt am Main,,Germany,DE,0:36:09,3:41:59,2:46:59,0:07:17,0:16:48,7:29:12,2169,13319,10019,437,1008,26952,2162,472,36,951,170,11,2086,433,33,2162,472,36,Finisher,751
Rens,Angenent,Rens Angenent,1171,M18-24,Male,Haarlem,North Holland,Netherlands,NL,0:50:37,3:32:33,2:48:01,0:08:58,0:09:22,7:29:32,3037,12753,10081,538,562,26972,2163,1691,163,2196,1708,165,2138,1688,161,2163,1691,163,Finisher,700
Camilo,Cortes ,Camilo Cortes,1628,M50-54,Male,Oberursel ,HESSEN,Germany,DE,0:40:14,3:43:08,2:55:11,0:05:45,0:06:42,7:31:01,2414,13388,10511,345,402,27061,2164,1692,129,1564,1244,105,2117,1674,130,2164,1692,129,Finisher,700
Gerald,Clausing,Gerald Clausing,2250,M65-69,Male,Eppingen,,Germany,DE,0:39:39,3:42:44,2:52:54,0:09:34,0:07:51,7:32:42,2379,13364,10374,574,471,27162,2165,1693,25,1494,1195,11,2136,1686,22,2165,1693,25,Finisher,969
Jana,Klinitska,Jana Klinitska,1271,F35-39,Female,München,Bavaria,Ukraine,UA,0:51:58,,,0:00:00,0:00:00,7:33:01,3118,0,0,0,0,27181,2166,473,70,2208,491,73,99999,99999,99999,2166,473,70,Finisher,700
kenji,takaki,kenji takaki,1797,M50-54,Male,Frankfurt am Main,Hesse,Japan,JP,0:45:08,3:11:19,3:14:05,0:10:35,0:11:59,7:33:06,2708,11479,11645,635,719,27186,2167,1694,130,2005,1573,124,1876,1521,118,2167,1694,130,Finisher,700
Aidan,Green,Aidan Green,2012,M18-24,Male,Würzburg,Bavaria ,Ireland,IE,0:55:08,3:50:53,2:34:07,0:06:33,0:07:16,7:33:57,3308,13853,9247,393,436,27237,2168,1695,164,2235,1736,170,2209,1729,168,2168,1695,164,Finisher,700
Frank,Steinheuer,Frank Steinheuer,644,M50-54,Male,Nidda,HE,Germany,DE,0:45:13,3:32:27,3:00:18,0:08:06,0:08:00,7:34:04,2713,12747,10818,486,480,27244,2169,1696,131,2010,1577,125,2091,1657,129,2169,1696,131,Finisher,700
Sigi,Wohlfarth,Sigi Wohlfarth,1314,F60-64,Female,Winnenden,,Germany,DE,0:52:59,3:52:56,2:31:00,0:08:17,0:09:29,7:34:41,3179,13976,9060,497,569,27281,2170,474,9,2218,495,10,2213,483,9,2170,474,9,Finisher,1422
Sophie,Wüstefeld,Sophie Wüstefeld,1535,F30-34,Female,München,BY,Germany,DE,0:47:04,3:32:33,2:54:49,0:07:43,0:13:11,7:35:21,2824,12753,10489,463,791,27321,2171,475,91,2102,460,92,2104,436,89,2171,475,91,Finisher,700
Aditya,Ujeniya,Aditya Ujeniya,1013,M25-29,Male,Erlangen,BY,India,IN,0:44:44,3:28:18,3:02:42,0:10:57,0:09:38,7:36:18,2684,12498,10962,657,578,27378,2172,1697,261,1982,1556,245,2074,1645,254,2172,1697,261,Finisher,700
Miro,Pivac,Miro Pivac,795,M45-49,Male,Bad Schönborn,,Croatia,HR,0:42:19,3:44:40,2:54:04,0:07:43,0:08:30,7:37:15,2539,13480,10444,463,510,27435,2173,1698,156,1797,1417,139,2153,1698,160,2173,1698,156,Finisher,700
Bertram,Ganz,Bertram Ganz,586,M60-64,Male,Durmersheim,BW,Germany,DE,0:54:54,3:44:23,2:44:10,0:07:20,0:08:36,7:39:23,3294,13463,9850,440,516,27563,2174,1699,65,2233,1734,67,2194,1720,68,2174,1699,65,Finisher,700
Patrick,Sutter,Patrick Sutter,966,M50-54,Male,Niederorhrdorf,,Switzerland,CH,0:41:26,2:51:15,3:01:39,0:12:48,0:52:48,7:39:56,2486,10275,10899,768,3168,27596,2175,1700,132,1700,1338,114,1347,1144,96,2175,1700,132,Finisher,700
Petra,Sutter-Villiger,Petra Sutter-Villiger,963,F50-54,Female,Niederrohrdorf,,Switzerland,CH,0:41:54,3:40:48,3:01:39,0:07:31,0:08:08,7:39:59,2514,13248,10899,451,488,27599,2176,476,37,1760,376,31,2123,445,34,2176,476,37,Finisher,700
Nia,Plönißen,Nia Plönißen,562,F18-24,Female,Waldbrunn,BADEN-WURTTEMBERG,Germany,DE,0:39:56,3:57:34,2:50:41,0:05:54,0:06:42,7:40:46,2396,14254,10241,354,402,27646,2177,477,44,1531,313,28,2186,472,42,2177,477,44,Finisher,700
Franziska,Perren,Franziska Perren,1943,F45-49,Female,Venthône,,Switzerland,CH,0:52:37,3:40:38,2:50:09,0:08:01,0:10:42,7:42:07,3157,13238,10209,481,642,27727,2178,478,40,2217,494,40,2178,468,40,2178,478,40,Finisher,700
Anki,Brunner,Anki Brunner,2442,F30-34,Female,Frankfurt am Main,Hessen,Germany,DE,0:46:09,4:13:31,2:23:49,0:10:01,0:09:31,7:43:01,2769,15211,8629,601,571,27781,2179,479,92,2071,451,88,2239,494,95,2179,479,92,Finisher,700
Michael,Van son,Michael Van son,1258,M18-24,Male,Tilburg,NOORD-BRABANT,Netherlands,NL,0:41:59,3:44:18,3:00:41,0:07:39,0:08:36,7:43:13,2519,13458,10841,459,516,27793,2180,1701,165,1768,1392,135,2149,1697,163,2180,1701,165,Finisher,700
Sandra,Gruen,Sandra Gruen,458,F55-59,Female,Bruchsal,BADEN-WURTTEMBERG,Germany,DE,0:46:15,4:17:07,2:22:04,0:06:56,0:11:31,7:43:53,2775,15427,8524,416,691,27833,2181,480,18,2075,452,15,2240,495,19,2181,480,18,Finisher,998
Sebastian,Lieb-Leimer,Sebastian Lieb-Leimer,1675,M35-39,Male,Karlstein am Main,BY,Germany,DE,0:47:30,3:45:17,2:56:38,0:06:18,0:08:20,7:44:03,2850,13517,10598,378,500,27843,2182,1702,256,2117,1653,252,2172,1709,257,2182,1702,256,Finisher,700
Melissa ,Koppenhöfer ,Melissa Koppenhöfer,1422,F30-34,Female,Michelfeld,Baden-Württemberg,Germany,DE,0:45:29,3:45:59,2:54:54,0:07:24,0:10:55,7:44:41,2729,13559,10494,444,655,27881,2183,481,93,2030,439,84,2171,463,92,2183,481,93,Finisher,700
Fabrice,Willems,Fabrice Willems,583,M18-24,Male,Bensheim,Hesse,Germany,DE,0:54:12,3:57:50,2:42:13,0:05:59,0:05:52,7:46:06,3252,14270,9733,359,352,27966,2184,1703,166,2228,1731,169,2222,1736,169,2184,1703,166,Finisher,700
Helge,Seeck,Helge Seeck,715,F60-64,Female,Nienburg,,Germany,DE,0:46:31,4:11:04,2:33:06,0:06:21,0:09:09,7:46:11,2791,15064,9186,381,549,27971,2185,482,10,2087,457,8,2230,490,10,2185,482,10,Finisher,1215
Tasman,Papworth,Tasman Papworth,463,M45-49,Male,Berlin,Berlin,Australia,AU,0:42:39,4:04:38,2:41:50,0:09:07,0:11:14,7:49:27,2559,14678,9710,547,674,28167,2186,1704,157,1822,1432,141,2219,1734,161,2186,1704,157,Finisher,700
Irina,Brombeis,Irina Brombeis,667,F25-29,Female,Lindau,Bavaria,Germany,DE,0:38:15,3:54:36,2:56:52,0:10:31,0:09:34,7:49:48,2295,14076,10612,631,574,28188,2187,483,103,1287,241,56,2185,471,103,2187,483,103,Finisher,700
Nicole,Morgenstern,Nicole Morgenstern,1660,F35-39,Female,Münster,North Rhine-Westphalia,Germany,DE,0:58:25,4:10:48,2:27:48,0:06:20,0:06:31,7:49:51,3505,15048,8868,380,391,28191,2188,484,71,2248,501,75,2245,498,74,2188,484,71,Finisher,700
Claudia,Soleymani,Claudia Soleymani,1656,F55-59,Female,Griesheim,,Germany,DE,0:50:31,3:49:20,2:58:09,0:05:34,0:07:35,7:51:09,3031,13760,10689,334,455,28269,2189,485,19,2192,487,18,2189,474,18,2189,485,19,Finisher,867
Larisa Andreea,Gancea-Bozga,Larisa Andreea Gancea-Bozga,2153,F30-34,Female,Regensburg,BY,Germany,DE,0:45:53,4:17:08,2:21:10,0:11:52,0:15:28,7:51:32,2753,15428,8470,712,928,28292,2190,486,94,2057,446,86,2243,496,96,2190,486,94,Finisher,700
Rene,Boehm,Rene Boehm,1654,M50-54,Male,Düsseldorf,NORDRHEIN-WESTFALEN,Germany,DE,0:49:45,3:59:13,2:40:30,0:10:00,0:12:43,7:52:11,2985,14353,9630,600,763,28331,2191,1705,133,2174,1693,135,2223,1737,136,2191,1705,133,Finisher,700
Joshua,Arbogast,Joshua Arbogast,2132,M25-29,Male,Offenbach,Hessen,Germany,DE,1:04:38,4:02:31,2:27:43,0:07:19,0:10:58,7:53:09,3878,14551,8863,439,658,28389,2192,1706,262,2257,1755,269,2242,1747,269,2192,1706,262,Finisher,700
Marla,Lövenich ,Marla Lövenich,1501,F25-29,Female,Köln,North Rhine-Westphalia,Germany,DE,0:36:11,4:11:38,2:53:42,0:05:01,0:10:45,7:57:17,2171,15098,10422,301,645,28637,2193,487,104,956,171,43,2210,481,104,2193,487,104,Finisher,700
Nick,Mühlethaler,Nick Mühlethaler,1607,M25-29,,Dierikon,Lucerne,Switzerland,CH,0:45:02,4:05:29,2:50:27,0:08:28,0:07:58,7:57:24,2702,14729,10227,508,478,28644,2194,1707,263,2000,1568,247,2224,1738,268,2194,1707,263,Finisher,700
Niklas,Kampe,Niklas Kampe,1996,M30-34,Male,Neuwied,Rhineland-Palatinate,Germany,DE,1:01:43,4:09:55,2:35:32,0:05:42,0:04:49,7:57:42,3703,14995,9332,342,289,28662,2195,1708,302,2253,1752,306,2246,1748,304,2195,1708,302,Finisher,700
Rodrigo,Carrasco,Rodrigo Carrasco,2486,M40-44,Male,Frankfurt am Main,HESSEN,Chile,CL,0:50:48,3:50:04,3:02:09,0:06:35,0:08:05,7:57:42,3048,13804,10929,395,485,28662,2196,1709,215,2198,1710,214,2196,1722,216,2196,1709,215,Finisher,700
Richard,Belcredi,Richard Belcredi,2277,M35-39,Male,Frankfurt am Main,HE,Austria,AT,0:42:39,3:54:24,2:51:42,0:08:57,0:20:30,7:58:12,2559,14064,10302,537,1230,28692,2197,1710,257,1824,1434,216,2190,1716,259,2197,1710,257,Finisher,700
Fabian,Steuer,Fabian Steuer,1367,M30-34,Male,Fronreute,Baden-Württemberg,Germany,DE,0:47:46,4:00:49,2:52:55,0:06:48,0:10:09,7:58:27,2866,14449,10375,408,609,28707,2198,1711,303,2121,1657,288,2215,1732,301,2198,1711,303,Finisher,700
Gotthard,Winkler,Gotthard Winkler,1596,M80-84,Male,Frechen,,Germany,DE,0:48:37,3:47:53,3:03:41,0:09:38,0:09:15,7:59:05,2917,13673,11021,578,555,28745,2199,1712,1,2145,1675,1,2191,1717,1,2199,1712,1,Finisher,3500
Udo,Rosenschon,Udo Rosenschon,1969,M55-59,Male,München,BY,Germany,DE,1:08:02,3:50:15,2:44:35,0:07:34,0:08:44,7:59:10,4082,13815,9875,454,524,28750,2200,1713,81,2260,1757,84,2232,1742,84,2200,1713,81,Finisher,700
Christian,Giesel,Christian Giesel,456,M40-44,Male,Reilingen,,Germany,DE,0:56:31,3:52:05,2:53:58,0:08:34,0:09:13,8:00:21,3391,13925,10438,514,553,28821,2201,1714,216,2241,1742,218,2221,1735,219,2201,1714,216,Finisher,700
Natalia,Nogueira,Natalia Nogueira,1480,F35-39,Female,Munich,BAYERN,Brazil,BR,0:43:13,4:05:41,2:55:35,0:07:07,0:08:48,8:00:24,2593,14741,10535,427,528,28824,2202,488,72,1875,401,53,2218,485,70,2202,488,72,Finisher,700
Arietta ,Kortekamp,Arietta Kortekamp,1640,F18-24,Female,Mülheim an der Ruhr,North Rhine-Westphalia,Germany,DE,0:56:32,3:58:29,2:53:58,0:05:15,0:06:45,8:00:59,3392,14309,10438,315,405,28859,2203,489,45,2242,500,47,2227,487,44,2203,489,45,Finisher,700
Tasson,Ruenpirom,Tasson Ruenpirom,555,M30-34,Male,Mannheim,BW,Germany,DE,0:47:00,4:14:39,2:48:02,0:07:51,0:05:29,8:03:01,2820,15279,10082,471,329,28981,2204,1715,304,2098,1639,286,2238,1745,303,2204,1715,304,Finisher,700
Hideki,Asano,Hideki Asano,1763,M50-54,Male,Nierstein,Rhineland-Palatinate,Japan,JP,0:53:33,3:49:47,3:01:31,0:09:12,0:10:19,8:04:22,3213,13787,10891,552,619,29062,2205,1716,134,2221,1725,138,2208,1728,135,2205,1716,134,Finisher,700
Benedikt,Scarr,Benedikt Scarr,888,M18-24,Male,Maulburg,Baden-Württemberg,Germany,DE,0:45:06,4:25:21,2:33:51,0:12:06,0:08:18,8:04:41,2706,15921,9231,726,498,29081,2206,1717,167,2003,1571,151,2248,1749,171,2206,1717,167,Finisher,700
Sebastian,Poth,Sebastian Poth,1634,M45-49,Male,Limeshain,Hessen,Germany,DE,1:01:47,3:45:12,2:52:03,0:13:13,0:12:52,8:05:08,3707,13512,10323,793,772,29108,2207,1718,158,2254,1753,163,2226,1740,162,2207,1718,158,Finisher,700
Simon,Ancker,Simon Ancker,2491,M25-29,Male,Stockholm,Stockholm,Sweden,SE,0:53:04,4:20:25,2:36:37,0:09:30,0:05:33,8:05:09,3184,15625,9397,570,333,29109,2208,1719,264,2219,1724,264,2249,1750,270,2208,1719,264,Finisher,700
Laura,Stern ,Laura Stern,483,F35-39,Female,Hamburg,Hamburg,Germany,DE,0:40:25,4:00:43,3:07:18,0:09:16,0:08:06,8:05:48,2425,14443,11238,556,486,29148,2209,490,73,1585,331,43,2206,480,68,2209,490,73,Finisher,700
Daniel,Huchler,Daniel Huchler,881,M35-39,Male,Bruchsal,BW,Germany,DE,0:48:19,4:10:44,2:46:43,0:10:03,0:10:28,8:06:18,2899,15044,10003,603,628,29178,2210,1720,258,2137,1668,254,2235,1743,262,2210,1720,258,Finisher,700
Daniel,Huchler,Daniel Huchler,878,F35-39,Male,Bruchsal,BW,Germany,DE,0:48:27,4:11:06,2:46:37,0:09:52,0:10:19,8:06:22,2907,15066,9997,592,619,29182,2211,491,74,2142,470,67,2237,493,73,2211,491,74,Finisher,700
Harald,Simon,Harald Simon,1736,M55-59,Male,Stade,NI,Germany,DE,0:46:09,3:56:07,3:13:54,0:04:53,0:07:50,8:08:53,2769,14167,11634,293,470,29333,2212,1721,82,2073,1622,74,2195,1721,83,2212,1721,82,Finisher,700
Emily Rose,Hertwig,Emily Rose Hertwig,1096,F18-24,Female,Landsberg am Lech,BY,Germany,DE,0:49:16,4:23:39,2:39:06,0:07:32,0:09:24,8:08:58,2956,15819,9546,452,564,29338,2213,492,46,2162,478,45,2247,499,47,2213,492,46,Finisher,700
Christian,Dorf,Christian Dorf,1230,M50-54,Male,Kraichtal,BADEN-WURTTEMBERG,Germany,DE,0:33:48,4:01:27,3:12:54,0:10:58,0:11:29,8:10:37,2028,14487,11574,658,689,29437,2214,1722,135,626,515,48,2192,1718,134,2214,1722,135,Finisher,700
Victoria,Fischer,Victoria Fischer,569,F18-24,Female,Heidelberg Weststadt,BW,Germany,DE,0:47:17,4:19:21,2:47:34,0:08:40,0:07:45,8:10:37,2837,15561,10054,520,465,29437,2215,493,47,2106,461,43,2244,497,46,2215,493,47,Finisher,700
Erik,Dorf,Erik Dorf,1233,M18-24,Male,Bruchsal,Baden-Württemberg ,Germany,DE,0:54:05,3:43:47,3:13:05,0:08:27,0:11:15,8:10:40,3245,13427,11585,507,675,29440,2216,1723,168,2226,1729,168,2193,1719,166,2216,1723,168,Finisher,700
Jason Effendi,Djajasaputra,Jason Effendi Djajasaputra,578,M18-24,Male,München,Bavaria,Indonesia,ID,0:51:29,4:10:49,2:56:40,0:06:58,0:07:44,8:13:41,3089,15049,10600,418,464,29621,2217,1724,169,2204,1715,166,2236,1744,170,2217,1724,169,Finisher,700
Elise,Lecamp,Elise Lecamp,952,F40-44,Female,BRON,,France,FR,0:39:04,4:18:40,3:04:51,0:08:10,0:08:52,8:19:36,2344,15520,11091,490,532,29976,2218,494,50,1416,274,29,2233,491,50,2218,494,50,Finisher,700
Benjamin,Becker,Benjamin Becker,1626,M45-49,Male,Maintal,Hessen,Germany,DE,0:49:15,4:15:44,3:02:22,0:05:40,0:08:26,8:21:28,2955,15344,10942,340,506,30088,2219,1725,159,2160,1683,158,2241,1746,163,2219,1725,159,Finisher,700
Nicolas,Mann,Nicolas Mann,6,MPRO,Male,Freiburg im Breisgau,BW,Germany,DE,0:24:56,,,0:01:16,0:00:00,,1496,0,0,76,0,0,99999,99999,99999,99999,99999,99999,99999,99999,99999,99999,99999,99999,DNF,0
Benedikt,Niedermaier,Benedikt Niedermaier,2422,M30-34,Male,Heidelberg,Baden-Württemberg,Germany,DE,0:48:43,3:26:22,,0:06:00,0:06:36,,2923,12382,0,360,396,0,99999,99999,99999,2148,1678,295,2054,1631,284,99999,99999,99999,DNF,0
Franziska,Fiedler-Trbola,Franziska Fiedler-Trbola,1433,F30-34,Female,Trin,,Germany,DE,,,,0:00:00,0:00:00,,0,0,0,0,0,0,99999,99999,99999,99999,99999,99999,99999,99999,99999,99999,99999,99999,DNS,0
Petros,Galaios,Petros Galaios,2071,M25-29,Male,Luxebourg,Luxembourg,Greece,GR,1:13:55,,,0:00:00,0:00:00,,4435,0,0,0,0,0,99999,99999,99999,99999,99999,99999,99999,99999,99999,99999,99999,99999,DNF,0
Stanislav,Stoev,Stanislav Stoev,1058,M50-54,Male,Esslingen,,Germany,DE,0:33:52,,,0:03:05,0:00:00,,2032,0,0,185,0,0,99999,99999,99999,631,520,49,99999,99999,99999,99999,99999,99999,DNF,0
Basile,Prévoo,Basile Prévoo,2313,M25-29,Male,Habay-la-vieille,,Belgium,BE,0:41:31,3:24:41,,0:07:41,0:11:50,,2491,12281,0,461,710,0,99999,99999,99999,1717,1352,203,1984,1589,243,99999,99999,99999,DNF,0
Tobias,Hardock,Tobias Hardock,1122,M35-39,Male,Bruchsal,DE,Germany,DE,0:30:09,2:49:54,,0:03:01,0:06:06,,1809,10194,0,181,366,0,99999,99999,99999,255,212,35,668,592,106,99999,99999,99999,DNF,0
Laura,Jansen,Laura Jansen,5003,FPRO,Female,Heidelberg,BW,Germany,DE,0:27:57,,,0:01:14,0:00:00,,1677,0,0,74,0,0,99999,99999,99999,99999,99999,99999,99999,99999,99999,99999,99999,99999,DNF,0
Carmen,Ohr,Carmen Ohr,777,F35-39,Female,Dudenhofen,Germany,Germany,DE,,,,0:00:00,0:00:00,,0,0,0,0,0,0,99999,99999,99999,99999,99999,99999,99999,99999,99999,99999,99999,99999,DNS,0
Joost,Steltenpool,Joost Steltenpool,106,M55-59,Male,Amsterdam,,Netherlands,NL,0:28:42,2:34:11,,0:02:37,0:04:01,,1722,9251,0,157,241,0,99999,99999,99999,150,134,4,232,218,4,99999,99999,99999,DNF,0
Sebastian,Paul,Sebastian Paul,1519,M30-34,Male,Leverkusen,,Germany,DE,0:34:50,2:25:17,,0:04:00,0:08:35,,2090,8717,0,240,515,0,99999,99999,99999,99999,99999,99999,99999,99999,99999,99999,99999,99999,DNF,0
Marcel,Heinz-Kuswik ,Marcel Heinz-Kuswik,1197,M45-49,Male,Walldorf,,Germany,DE,,,,0:00:00,0:00:00,,0,0,0,0,0,0,99999,99999,99999,99999,99999,99999,99999,99999,99999,99999,99999,99999,DNS,0
Daniel,Boden,Daniel Boden,460,M30-34,Male,Koblenz,RLP,Germany,DE,0:40:42,,,0:04:35,0:00:00,,2442,0,0,275,0,0,99999,99999,99999,1619,1276,215,99999,99999,99999,99999,99999,99999,DNF,0
Verena ,Maurer,Verena Maurer,2296,F30-34,Female,Reichelsheim (Wetterau),Hesse,Germany,DE,0:34:26,3:30:48,,0:04:13,0:07:17,,2066,12648,0,253,437,0,99999,99999,99999,99999,99999,99999,99999,99999,99999,99999,99999,99999,DNF,0
Charlotte,Kakes,Charlotte Kakes,2110,F25-29,Female,Goes,,Netherlands,NL,0:57:17,4:15:25,3:08:16,0:09:49,0:07:06,8:37:53,3437,15325,11296,589,426,31073,99999,99999,99999,99999,99999,99999,99999,99999,99999,99999,99999,99999,Unofficial,0
Camilo,Quintero,Camilo Quintero,2540,M18-24,Male,BERLIN,Berlin,Germany,DE,,,,0:00:00,0:00:00,,0,0,0,0,0,0,99999,99999,99999,99999,99999,99999,99999,99999,99999,99999,99999,99999,DNS,0
Fabian,Kraft,Fabian Kraft,2,MPRO,Male,Saarbrücken,SL,Germany,DE,0:23:01,2:08:04,,0:01:03,0:02:22,,1381,7684,0,63,142,0,99999,99999,99999,1,1,1,3,3,3,99999,99999,99999,DNF,0
Gwenaël,Millot,Gwenaël Millot,24,MPRO,Male,Carrières-sous-Poissy,,France,FR,,,,0:00:00,0:00:00,,0,0,0,0,0,0,99999,99999,99999,99999,99999,99999,99999,99999,99999,99999,99999,99999,DNS,0
Marie-Cristine,Kaptan,Marie-Cristine Kaptan,105,F35-39,Female,Kilchberg,,Switzerland,CH,0:34:19,2:35:54,,0:02:55,0:06:41,,2059,9354,0,175,401,0,99999,99999,99999,692,123,15,368,38,4,99999,99999,99999,DNF,0
Lana Aurora,Pietsch,Lana Aurora Pietsch,2538,F18-24,Female,Darmstadt,foreigner,Germany,DE,,,,0:00:00,0:00:00,,0,0,0,0,0,0,99999,99999,99999,99999,99999,99999,99999,99999,99999,99999,99999,99999,DNS,0
Quentin,Damy,Quentin Damy,819,M30-34,Male,Colmar,HAUT-RHIN,France,FR,,,,0:00:00,0:00:00,,0,0,0,0,0,0,99999,99999,99999,99999,99999,99999,99999,99999,99999,99999,99999,99999,DNS,0
Solenne,Billouin,Solenne Billouin,5011,FPRO,Female,Guebwiller,foreigner,France,FR,0:28:56,2:25:29,,0:01:11,0:03:04,,1736,8729,0,71,184,0,99999,99999,99999,99999,99999,99999,99999,99999,99999,99999,99999,99999,DNF,0
Denis,Olschok,Denis Olschok,596,M35-39,Male,Duisburg,,Germany,DE,0:35:54,2:53:41,,0:05:38,0:00:00,,2154,10421,0,338,0,0,99999,99999,99999,99999,99999,99999,99999,99999,99999,99999,99999,99999,DNF,0
Simon,Rauer,Simon Rauer,2002,F25-29,Male,Freiburg,,Germany,DE,0:29:00,5:38:03,,0:04:40,0:00:00,,1740,20283,0,280,0,0,99999,99999,99999,99999,99999,99999,99999,99999,99999,99999,99999,99999,DNF,0
Emil,Holm,Emil Holm,17,MPRO,Male,"STORE HEDDINGE
STORE HEDDINGE",,Denmark,DK,0:24:50,2:14:50,,0:01:16,0:02:50,,1490,8090,0,76,170,0,99999,99999,99999,99999,99999,99999,99999,99999,99999,99999,99999,99999,DNF,0
Jarne,Ceulemans,Jarne Ceulemans,599,M18-24,Male,Heist-op-den-Berg,,Belgium,BE,0:28:00,2:20:54,,0:03:22,0:03:10,,1680,8454,0,202,190,0,99999,99999,99999,118,104,13,74,74,10,99999,99999,99999,DNF,0
Ronald,Schimmel,Ronald Schimmel,718,M65-69,Male,Bergen,NOORD-HOLLAND,Netherlands,NL,,,,0:00:00,0:00:00,,0,0,0,0,0,0,99999,99999,99999,99999,99999,99999,99999,99999,99999,99999,99999,99999,DNS,0
Marion,Beitz,Marion Beitz,2408,F55-59,Female,Rüdesheim,,Germany,DE,0:50:27,,,0:07:21,0:00:00,,3027,0,0,441,0,0,99999,99999,99999,2191,486,17,99999,99999,99999,99999,99999,99999,DNF,0
Franziska,Hofmann,Franziska Hofmann,5002,FPRO,Female,Neckarsteinach,foreigner,Germany,DE,2:49:33,,,3:11:47,0:00:00,,10173,0,0,11507,0,0,99999,99999,99999,99999,99999,99999,99999,99999,99999,99999,99999,99999,DNF,0
Ulli,Dr.Degel,Ulli Dr.Degel,1081,M25-29,Male,Flein,,Germany,DE,,,,0:00:00,0:00:00,,0,0,0,0,0,0,99999,99999,99999,99999,99999,99999,99999,99999,99999,99999,99999,99999,DNS,0
Vincent,Scheuer,Vincent Scheuer,1246,M18-24,Male,Philippsburg,,Germany,DE,0:28:23,2:58:38,,0:03:29,0:05:57,,1703,10718,0,209,357,0,99999,99999,99999,99999,99999,99999,99999,99999,99999,99999,99999,99999,DNF,0
Maarten,Paasman,Maarten Paasman,561,M35-39,Male,Lelystad,,Netherlands,NL,,,,0:00:00,0:00:00,,0,0,0,0,0,0,99999,99999,99999,99999,99999,99999,99999,99999,99999,99999,99999,99999,DNS,0
Jan,Stratmann,Jan Stratmann,8,MPRO,Male,Hennef,NW,Germany,DE,,,,0:00:00,0:00:00,,0,0,0,0,0,0,99999,99999,99999,99999,99999,99999,99999,99999,99999,99999,99999,99999,DNS,0
Kirsten,Guggenmos,Kirsten Guggenmos,1055,F40-44,Female,Lichtenwald,,Germany,DE,,,,0:00:00,0:00:00,,0,0,0,0,0,0,99999,99999,99999,99999,99999,99999,99999,99999,99999,99999,99999,99999,DNF,0
Finn,Große-Freese,Finn Große-Freese,44,MPRO,Male,Bayreuth,BY,Germany,DE,,,,0:00:00,0:00:00,,0,0,0,0,0,0,99999,99999,99999,99999,99999,99999,99999,99999,99999,99999,99999,99999,DNS,0
mathias,huber,mathias huber,1584,M18-24,Male,Durbach,BADEN-WURTTEMBERG,Germany,DE,0:44:05,,,0:05:27,0:00:00,,2645,0,0,327,0,0,99999,99999,99999,1942,1524,149,99999,99999,99999,99999,99999,99999,DNF,0
Paulin,Philippe,Paulin Philippe,59,MPRO,Male,Thélus,,France,FR,,,,0:00:00,0:00:00,,0,0,0,0,0,0,99999,99999,99999,99999,99999,99999,99999,99999,99999,99999,99999,99999,DNS,0
Daniel,Kratz,Daniel Kratz,2349,M35-39,Male,Elmstein,RP,Germany,DE,,,,0:00:00,0:00:00,,0,0,0,0,0,0,99999,99999,99999,99999,99999,99999,99999,99999,99999,99999,99999,99999,DNS,0
Tim,Nothstein,Tim Nothstein,445,M30-34,Male,Viernheim,,Germany,DE,0:36:16,2:47:38,2:17:39,0:04:54,0:05:31,5:51:58,2176,10058,8259,294,331,21118,99999,99999,99999,99999,99999,99999,99999,99999,99999,99999,99999,99999,DNF,0
Norbert,Schroeder,Norbert Schroeder,128,M60-64,Male,Rommerskirchen,,Germany,DE,0:34:04,2:47:09,,0:04:54,0:04:51,,2044,10029,0,294,291,0,99999,99999,99999,654,539,18,757,667,13,99999,99999,99999,DNF,0
Bram,Koppenaal,Bram Koppenaal,135,M35-39,Male,Holten,,Netherlands,NL,0:24:48,2:33:25,,0:02:11,0:06:56,,1488,9205,0,131,416,0,99999,99999,99999,20,19,1,153,146,20,99999,99999,99999,DNF,0
Ludwig,Geisweid,Ludwig Geisweid,677,M25-29,Male,Heidelberg,BADEN-WURTTEMBERG,Germany,DE,0:34:49,2:41:35,,0:04:35,0:00:00,,2089,9695,0,275,0,0,99999,99999,99999,745,609,85,601,530,78,99999,99999,99999,DNF,0
Mahmoud,Mostafa,Mahmoud Mostafa,970,M30-34,Male,Nivelles,VLAAMS-BRABANT,Egypt,EG,1:12:51,,,0:00:00,0:00:00,,4371,0,0,0,0,0,99999,99999,99999,99999,99999,99999,99999,99999,99999,99999,99999,99999,DNF,0
Erik,Kilian,Erik Kilian,352,M18-24,Male,FORST,Baden-Württemberg,Germany,DE,,,,0:00:00,0:00:00,,0,0,0,0,0,0,99999,99999,99999,99999,99999,99999,99999,99999,99999,99999,99999,99999,DNS,0
Patrick,Kratz,Patrick Kratz,163,M40-44,Male,Elmstein,Rheinland-Pfalz,Germany,DE,,,,0:00:00,0:00:00,,0,0,0,0,0,0,99999,99999,99999,99999,99999,99999,99999,99999,99999,99999,99999,99999,DNS,0
Andreas,Hutner,Andreas Hutner,497,M45-49,Male,87463,Bavaria,Germany,DE,,,,0:00:00,0:00:00,,0,0,0,0,0,0,99999,99999,99999,99999,99999,99999,99999,99999,99999,99999,99999,99999,DQ,0
Mario,Ruf,Mario Ruf,591,M30-34,Male,Muggensturm,,Germany,DE,,,,0:00:00,0:00:00,,0,0,0,0,0,0,99999,99999,99999,99999,99999,99999,99999,99999,99999,99999,99999,99999,DNS,0
Thorsten,Jonas,Thorsten Jonas,422,M50-54,Male,Warburg,NORDRHEIN-WESTFALEN,Germany,DE,0:42:58,4:13:35,2:49:22,0:16:05,0:28:04,8:30:04,2578,15215,10162,965,1684,30604,99999,99999,99999,99999,99999,99999,99999,99999,99999,99999,99999,99999,Unofficial,0
Dorothee,Krimmer,Dorothee Krimmer,2064,F25-29,Female,Göttingen,,Germany,DE,0:31:49,3:09:04,,0:04:28,0:07:31,,1909,11344,0,268,451,0,99999,99999,99999,99999,99999,99999,99999,99999,99999,99999,99999,99999,DNF,0
Frank,Waibel,Frank Waibel,612,M60-64,Male,Offenau,,Germany,DE,0:40:06,,,0:07:40,0:00:00,,2406,0,0,460,0,0,99999,99999,99999,99999,99999,99999,99999,99999,99999,99999,99999,99999,DNF,0
Anna,Seeger,Anna Seeger,1105,F18-24,Female,Dielheim,Baden-Württemberg,Austria,AT,0:45:26,4:37:20,3:09:27,0:04:50,0:08:46,8:45:49,2726,16640,11367,290,526,31549,99999,99999,99999,99999,99999,99999,99999,99999,99999,99999,99999,99999,Unofficial,0
Tor,Pothecary,Tor Pothecary,2492,M25-29,Male,Borgarnes ,Borgarnes ,Sweden,SE,0:42:26,4:39:09,2:54:05,0:09:30,0:04:51,8:30:02,2546,16749,10445,570,291,30602,99999,99999,99999,99999,99999,99999,99999,99999,99999,99999,99999,99999,Unofficial,0
Jens,Donat,Jens Donat,2367,M45-49,Male,Erfurt,THURINGEN,Germany,DE,,,,0:00:00,0:00:00,,0,0,0,0,0,0,99999,99999,99999,99999,99999,99999,99999,99999,99999,99999,99999,99999,DNS,0
Andrew,Scarr,Andrew Scarr,500,M55-59,Male,Maulburg,Baden-Württemberg,United Kingdom,GB,,,,0:00:00,0:00:00,,0,0,0,0,0,0,99999,99999,99999,99999,99999,99999,99999,99999,99999,99999,99999,99999,DNF,0
Jessica,Mühle,Jessica Mühle,2448,F35-39,Female,Walluf,HE,Germany,DE,,,,0:00:00,0:00:00,,0,0,0,0,0,0,99999,99999,99999,99999,99999,99999,99999,99999,99999,99999,99999,99999,DNS,0
Jürgen,Schulz,Jürgen Schulz,2515,M65-69,Male,Eggenstein,,Germany,DE,,,,0:00:00,0:00:00,,0,0,0,0,0,0,99999,99999,99999,99999,99999,99999,99999,99999,99999,99999,99999,99999,DNS,0
Norbert,Harz,Norbert Harz,1332,M50-54,Male,Hamburg,,Germany,DE,0:49:59,4:22:48,,0:12:01,0:00:00,,2999,15768,0,721,0,0,99999,99999,99999,2184,1699,136,2250,1751,137,99999,99999,99999,DNF,0
Eva Carolin,Schulz,Eva Carolin Schulz,2364,F30-34,Female,Darmstadt,,Germany,DE,0:34:53,,,0:04:55,0:00:00,,2093,0,0,295,0,0,99999,99999,99999,757,139,26,99999,99999,99999,99999,99999,99999,DNF,0
Antonin,Costa,Antonin Costa,2468,M25-29,Male,lutry,VAUD,Switzerland,CH,0:25:02,2:30:31,,0:02:18,0:03:09,,1502,9031,0,138,189,0,99999,99999,99999,99999,99999,99999,99999,99999,99999,99999,99999,99999,DNF,0
Jean Philippe,Buiron,Jean Philippe Buiron,2298,M50-54,Male,Caluire,RHONE,France,FR,,,,0:00:00,0:00:00,,0,0,0,0,0,0,99999,99999,99999,99999,99999,99999,99999,99999,99999,99999,99999,99999,DNS,0
Marvin,Opp,Marvin Opp,1526,M25-29,Male,Stuttgart,Baden-Württemberg,Germany,DE,,,,0:00:00,0:00:00,,0,0,0,0,0,0,99999,99999,99999,99999,99999,99999,99999,99999,99999,99999,99999,99999,DNS,0
Kai,Cermak,Kai Cermak,258,M55-59,Male,Holzgerlingen,,Germany,DE,,,,0:00:00,0:00:00,,0,0,0,0,0,0,99999,99999,99999,99999,99999,99999,99999,99999,99999,99999,99999,99999,DNS,0
Armin,Mergner,Armin Mergner,1437,M60-64,Male,Eppelborn,,Germany,DE,,,,0:00:00,0:00:00,,0,0,0,0,0,0,99999,99999,99999,99999,99999,99999,99999,99999,99999,99999,99999,99999,DNS,0
Aymeric,Scieux,Aymeric Scieux,1792,M18-24,Male,Chantepie,Brittany,France,FR,0:33:46,2:25:17,,0:03:16,0:05:39,,2026,8717,0,196,339,0,99999,99999,99999,621,511,48,191,179,22,99999,99999,99999,DNF,0
Miguel,Almoril,Miguel Almoril,557,M50-54,Male,Hünstetten,,Germany,DE,0:35:10,2:51:10,,0:05:31,0:00:00,,2110,10270,0,331,0,0,99999,99999,99999,799,656,64,942,824,73,99999,99999,99999,DNF,0
Bart,Van Den Bossche,Bart Van Den Bossche,720,M35-39,Male,Stekene,OOST-VLAANDEREN,Belgium,BE,0:32:28,3:02:06,,0:05:52,0:00:00,,1948,10926,0,352,0,0,99999,99999,99999,484,395,71,1189,1018,165,99999,99999,99999,DNF,0
Will,Crudgington,Will Crudgington,19,MPRO,Male,Bath,SOM,United Kingdom,GB,0:24:49,2:26:32,,0:01:15,0:00:00,,1489,8792,0,75,0,0,99999,99999,99999,99999,99999,99999,99999,99999,99999,99999,99999,99999,DNF,0
Fabian,Quirmbach,Fabian Quirmbach,1289,M45-49,Male,Betzdorf ,RP,Germany,DE,0:28:06,4:31:27,,0:05:46,0:00:00,,1686,16287,0,346,0,0,99999,99999,99999,99999,99999,99999,99999,99999,99999,99999,99999,99999,DNF,0
Philip,Schleifer,Philip Schleifer,2353,M25-29,Male,Ludwigshafen,,Germany,DE,0:27:49,2:21:37,,0:02:54,0:03:16,,1669,8497,0,174,196,0,99999,99999,99999,101,91,13,75,75,13,99999,99999,99999,DNF,0
Kyle,Smith,Kyle Smith,5,MPRO,Male,Taupo ,WAIKATO,New Zealand,NZ,,,,0:00:00,0:00:00,,0,0,0,0,0,0,99999,99999,99999,99999,99999,99999,99999,99999,99999,99999,99999,99999,DNS,0
Jakob,Schaefer,Jakob Schaefer,1351,M35-39,Male,Erfurt,foreigner,Germany,DE,0:30:36,2:48:08,,0:03:51,0:06:07,,1836,10088,0,231,367,0,99999,99999,99999,291,240,42,654,579,101,99999,99999,99999,DNF,0
Servajean,Richard,Servajean Richard,1534,M50-54,Male,POUILLY SOUS CHARLIEU,,France,FR,0:36:37,,,0:04:24,0:00:00,,2197,0,0,264,0,0,99999,99999,99999,99999,99999,99999,99999,99999,99999,99999,99999,99999,DNF,0
Fabian,Esterl,Fabian Esterl,1707,M25-29,Male,Bischofsmais,Bavaria,Germany,DE,,,,0:00:00,0:00:00,,0,0,0,0,0,0,99999,99999,99999,99999,99999,99999,99999,99999,99999,99999,99999,99999,DNS,0
Rachel,Lik,Rachel Lik,1250,F50-54,Female,Linsengericht,Hesse,Germany,DE,0:34:40,3:11:53,,0:04:10,0:04:40,,2080,11513,0,250,280,0,99999,99999,99999,725,131,6,1507,240,19,99999,99999,99999,DNF,0
Jens,Radstaak,Jens Radstaak,1530,M45-49,Male,Menden,NORDRHEIN-WESTFALEN,Germany,DE,0:39:14,3:18:19,,0:05:49,0:07:19,,2354,11899,0,349,439,0,99999,99999,99999,1440,1162,119,1799,1465,140,99999,99999,99999,DNF,0
Leon,Heinemann,Leon Heinemann,1359,M18-24,Male,Ehningen,Baden-Württemberg,Germany,DE,,,,0:00:00,0:00:00,,0,0,0,0,0,0,99999,99999,99999,99999,99999,99999,99999,99999,99999,99999,99999,99999,DNS,0
Kim,Essers,Kim Essers,144,F30-34,Female,Koblenz,,Germany,DE,0:30:16,2:46:27,,0:02:30,0:04:15,,1816,9987,0,150,255,0,99999,99999,99999,264,45,8,546,58,10,99999,99999,99999,DNF,0
Kati,Ehli,Kati Ehli,1927,F40-44,Female,Mannheim,,Germany,DE,1:06:11,,,0:11:23,0:00:00,,3971,0,0,683,0,0,99999,99999,99999,2259,503,51,99999,99999,99999,99999,99999,99999,DNF,0
Jonas,Winter,Jonas Winter,1023,M25-29,Male,Köln,North Rhine-Westphalia,Germany,DE,0:29:38,2:31:10,,0:02:25,0:04:09,,1778,9070,0,145,249,0,99999,99999,99999,219,190,31,203,191,29,99999,99999,99999,DNF,0
Harald,Fuchs,Harald Fuchs,833,M50-54,Male,Maulbronn-Zaisersweiher,Baden Württemberg,Germany,DE,0:37:49,,,0:00:00,0:00:00,,2269,0,0,0,0,0,99999,99999,99999,1219,991,89,99999,99999,99999,99999,99999,99999,DNF,0
Viktoria,Steinheuer,Viktoria Steinheuer,646,F35-39,Female,Nidda,HE,Germany,DE,,,,0:00:00,0:00:00,,0,0,0,0,0,0,99999,99999,99999,99999,99999,99999,99999,99999,99999,99999,99999,99999,DNS,0
Kerem,Ugrac,Kerem Ugrac,915,M45-49,Male,braunschweig,NI,Germany,DE,,,,0:00:00,0:00:00,,0,0,0,0,0,0,99999,99999,99999,99999,99999,99999,99999,99999,99999,99999,99999,99999,DNS,0
Andreas,Flörchinger,Andreas Flörchinger,629,M55-59,Male,Lingenfeld ,,Germany,DE,0:38:16,,,0:08:03,0:00:00,,2296,0,0,483,0,0,99999,99999,99999,99999,99999,99999,99999,99999,99999,99999,99999,99999,DNF,0
Tiberiu,Muntean,Tiberiu Muntean,472,M50-54,Male,Munich,,Romania,RO,,,,0:00:00,0:00:00,,0,0,0,0,0,0,99999,99999,99999,99999,99999,99999,99999,99999,99999,99999,99999,99999,DNS,0
Jan,Burst,Jan Burst,843,M40-44,Male,Durmersheim,BADEN-WURTTEMBERG,Germany,DE,0:29:01,2:45:39,,0:02:55,0:04:27,,1741,9939,0,175,267,0,99999,99999,99999,169,146,4,494,441,41,99999,99999,99999,DNF,0
Jule,Kurowski,Jule Kurowski,2394,F25-29,Female,Hannover,Lower Saxony,Germany,DE,,,,0:00:00,0:00:00,,0,0,0,0,0,0,99999,99999,99999,99999,99999,99999,99999,99999,99999,99999,99999,99999,DNS,0
Nadine,Carillon,Nadine Carillon,743,F50-54,Female,Rothrist,,Germany,DE,1:03:46,4:22:24,2:58:33,0:06:58,0:07:38,8:39:19,3826,15744,10713,418,458,31159,99999,99999,99999,99999,99999,99999,99999,99999,99999,99999,99999,99999,Unofficial,0
Finn,Härtel,Finn Härtel,1015,M30-34,Male,Esslingen am Neckar,Baden-Württemberg,Germany,DE,,,,0:00:00,0:00:00,,0,0,0,0,0,0,99999,99999,99999,99999,99999,99999,99999,99999,99999,99999,99999,99999,DNS,0
Mario,Delemarre,Mario Delemarre,1336,M60-64,Male,waasmunster,,Belgium,BE,0:43:29,3:10:16,,0:06:14,0:07:30,,2609,11416,0,374,450,0,99999,99999,99999,1896,1488,55,1728,1418,51,99999,99999,99999,DNF,0
Philipp,Gramlich,Philipp Gramlich,316,M40-44,Male,Bruchsal,BW,Kyrgyzstan,KG,,,,0:00:00,0:00:00,,0,0,0,0,0,0,99999,99999,99999,99999,99999,99999,99999,99999,99999,99999,99999,99999,DNS,0
Marie,Luyckx,Marie Luyckx,5019,FPRO,Female,Oost-Vlaanderen,foreigner,Belgium,BE,0:29:00,2:28:37,,0:01:22,0:00:00,,1740,8917,0,82,0,0,99999,99999,99999,168,23,4,132,6,6,99999,99999,99999,DNF,0
Danny,Meyvis,Danny Meyvis,1979,M50-54,Male,meer,,Belgium,BE,0:33:32,2:40:19,,0:03:47,0:06:17,,2012,9619,0,227,377,0,99999,99999,99999,99999,99999,99999,99999,99999,99999,99999,99999,99999,DNF,0
Nils,Amthor,Nils Amthor,808,M30-34,Male,Taunusstein,HE,Germany,DE,,,,0:00:00,0:00:00,,0,0,0,0,0,0,99999,99999,99999,99999,99999,99999,99999,99999,99999,99999,99999,99999,DNS,0
Immanuel,Steidel,Immanuel Steidel,692,M40-44,Male,Mühlhausen,Baden-Württemberg,Germany,DE,,,,0:00:00,0:00:00,,0,0,0,0,0,0,99999,99999,99999,99999,99999,99999,99999,99999,99999,99999,99999,99999,DNS,0
Fabian,Boos,Fabian Boos,1983,M25-29,Male,Oberriexingen,,Germany,DE,0:30:40,2:39:51,,0:03:32,0:05:32,,1840,9591,0,212,332,0,99999,99999,99999,299,246,41,398,354,54,99999,99999,99999,DNF,0
Rene,Steffen,Rene Steffen,1133,M45-49,Male,Fürstenwalde,foreigner,Germany,DE,0:38:27,2:46:41,,0:04:27,0:04:16,,2307,10001,0,267,256,0,99999,99999,99999,1317,1069,105,860,757,77,99999,99999,99999,DNF,0
Stephan,Manger,Stephan Manger,1446,M60-64,Male,Stuttgart,,Germany,DE,0:47:18,3:08:45,,0:08:36,0:09:45,,2838,11325,0,516,585,0,99999,99999,99999,2108,1647,64,1831,1490,57,99999,99999,99999,DNF,0
Karsten,Bohle,Karsten Bohle,537,M55-59,Male,Bad Schwalbach,,Germany,DE,,,,0:00:00,0:00:00,,0,0,0,0,0,0,99999,99999,99999,99999,99999,99999,99999,99999,99999,99999,99999,99999,DNS,0
Peter,Janssens,Peter Janssens,314,M40-44,Male,Deinze,Flemish Region,Belgium,BE,,,,0:00:00,0:00:00,,0,0,0,0,0,0,99999,99999,99999,99999,99999,99999,99999,99999,99999,99999,99999,99999,DNS,0
Jannik,Stoll,Jannik Stoll,18,MPRO,Male,Oberalm,Salzburg,Germany,DE,,,,0:00:00,0:00:00,,0,0,0,0,0,0,99999,99999,99999,99999,99999,99999,99999,99999,99999,99999,99999,99999,DNS,0
Timo Andreas,Koch,Timo Andreas Koch,407,M45-49,Male,Reinheim,,Germany,DE,,,,0:00:00,0:00:00,,0,0,0,0,0,0,99999,99999,99999,99999,99999,99999,99999,99999,99999,99999,99999,99999,DNS,0
Hannah,Gumm,Hannah Gumm,1641,F18-24,Female,Pleizenhausen,RP,Germany,DE,0:24:42,,,0:00:00,0:00:00,,1482,0,0,0,0,0,99999,99999,99999,99999,99999,99999,99999,99999,99999,99999,99999,99999,DNF,0
Christian,Wolfschmitt,Christian Wolfschmitt,429,M35-39,Male,Niedernberg,,Germany,DE,,,,0:00:00,0:00:00,,0,0,0,0,0,0,99999,99999,99999,99999,99999,99999,99999,99999,99999,99999,99999,99999,DNS,0
Silke,Roßkopf,Silke Roßkopf,757,F50-54,Female,Kirchheim unter Teck,,Germany,DE,0:52:31,3:47:47,,0:03:17,0:07:34,,3151,13667,0,197,454,0,99999,99999,99999,2216,493,39,2187,473,38,99999,99999,99999,DNF,0
Bernard,Frank,Bernard Frank,771,M40-44,Male,Niederlauterbach,,France,FR,0:36:57,2:31:30,,0:03:39,0:04:37,,2217,9090,0,219,277,0,99999,99999,99999,1073,875,101,342,312,26,99999,99999,99999,DNF,0
Lasse,Nygaard Priester,Lasse Nygaard Priester,1,MPRO,Male,Freiburg im Breisgau,BW,Germany,DE,,,,0:00:00,0:00:00,,0,0,0,0,0,0,99999,99999,99999,99999,99999,99999,99999,99999,99999,99999,99999,99999,DNS,0
Lars,Heller,Lars Heller,1381,M55-59,Male,Karlsruhe,,Germany,DE,0:34:50,2:41:55,,0:04:20,0:05:05,,2090,9715,0,260,305,0,99999,99999,99999,751,615,22,606,535,20,99999,99999,99999,DNF,0
Christel,Spiessens,Christel Spiessens,179,F60-64,Female,Grobbendonk,ANTWERPEN,Belgium,BE,0:41:56,,,0:04:59,0:00:00,,2516,0,0,299,0,0,99999,99999,99999,99999,99999,99999,99999,99999,99999,99999,99999,99999,DNF,0
Mathias,Schulz,Mathias Schulz,769,M55-59,Male,Pfinztal/Berghausen,BADEN-WURTTEMBERG,Germany,DE,,,,0:00:00,0:00:00,,0,0,0,0,0,0,99999,99999,99999,99999,99999,99999,99999,99999,99999,99999,99999,99999,DNS,0
Deniz,Kilbas,Deniz Kilbas,850,M18-24,Male,Korntal-Münchingen,BADEN-WURTTEMBERG,Turkey,TR,0:34:53,,,0:04:04,0:00:00,,2093,0,0,244,0,0,99999,99999,99999,99999,99999,99999,99999,99999,99999,99999,99999,99999,DNF,0
Andreas,Steur,Andreas Steur,1281,M30-34,Male,Neu-Ulm,BAYERN,Germany,DE,0:32:24,2:41:39,1:40:51,0:03:15,0:03:56,5:02:04,1944,9699,6051,195,236,18124,99999,99999,99999,99999,99999,99999,99999,99999,99999,99999,99999,99999,DNF,0
Romina,Hügerich,Romina Hügerich,545,F30-34,Female,Lichtenfels,,Germany,DE,0:34:54,3:18:01,,0:04:42,0:05:34,,2094,11881,0,282,334,0,99999,99999,99999,761,141,27,1671,290,55,99999,99999,99999,DNF,0
Aurelia,Boulanger,Aurelia Boulanger,5009,FPRO,Female,PARIS,,France,FR,,,,0:00:00,0:00:00,,0,0,0,0,0,0,99999,99999,99999,99999,99999,99999,99999,99999,99999,99999,99999,99999,DNS,0
Anna,Hammel,Anna Hammel,1183,F30-34,Female,Heidelberg,BW,Germany,DE,,,,0:00:00,0:00:00,,0,0,0,0,0,0,99999,99999,99999,99999,99999,99999,99999,99999,99999,99999,99999,99999,DNS,0
Emmanuel,Contesse,Emmanuel Contesse,1094,M45-49,Male,Bienne,,Switzerland,CH,0:34:40,2:51:28,,0:03:27,0:05:25,,2080,10288,0,207,325,0,99999,99999,99999,726,595,53,861,758,78,99999,99999,99999,DNF,0
Nick,Emde,Nick Emde,3,MPRO,Male,Bonn,NW,Germany,DE,0:24:50,,,0:01:09,0:00:00,,1490,0,0,69,0,0,99999,99999,99999,99999,99999,99999,99999,99999,99999,99999,99999,99999,DNF,0
Miriam,Siegener,Miriam Siegener,754,F45-49,Female,Karlsruhe,,Germany,DE,,,,0:00:00,0:00:00,,0,0,0,0,0,0,99999,99999,99999,99999,99999,99999,99999,99999,99999,99999,99999,99999,DNS,0
Pieter,Meyvis,Pieter Meyvis,1958,M18-24,Male,Meer,,Belgium,BE,0:25:23,2:33:52,,0:02:31,0:03:03,,1523,9232,0,151,183,0,99999,99999,99999,99999,99999,99999,99999,99999,99999,99999,99999,99999,DNF,0
Stephan,Kern,Stephan Kern,2042,M40-44,Male,Schwalmtal,North Rhine-Westphalia,Germany,DE,0:41:46,3:32:28,,0:04:56,0:00:00,,2506,12748,0,296,0,0,99999,99999,99999,99999,99999,99999,99999,99999,99999,99999,99999,99999,DNF,0
Jan,Hinrichs,Jan Hinrichs,1992,M45-49,Male,Pfungstadt,,Germany,DE,,,,0:00:00,0:00:00,,0,0,0,0,0,0,99999,99999,99999,99999,99999,99999,99999,99999,99999,99999,99999,99999,DNS,0
Nico,Schippel,Nico Schippel,531,M50-54,Male,Bruck,,Austria,AT,,,,0:00:00,0:00:00,,0,0,0,0,0,0,99999,99999,99999,99999,99999,99999,99999,99999,99999,99999,99999,99999,DNS,0
Andrew,Brown,Andrew Brown,2395,M30-34,Male,Narremburn,NSW,Australia,AU,0:27:24,,,0:02:21,0:00:00,,1644,0,0,141,0,0,99999,99999,99999,99999,99999,99999,99999,99999,99999,99999,99999,99999,DNF,0
Gregor,Häntschel,Gregor Häntschel,1531,M45-49,Male,Oppenheim,RHEINLAND-PFALZ,Austria,AT,,,,0:00:00,0:00:00,,0,0,0,0,0,0,99999,99999,99999,99999,99999,99999,99999,99999,99999,99999,99999,99999,DNS,0
Roger,Amacker,Roger Amacker,1170,M50-54,Male,Eischoll,,Switzerland,CH,,,,0:00:00,0:00:00,,0,0,0,0,0,0,99999,99999,99999,99999,99999,99999,99999,99999,99999,99999,99999,99999,DNF,0
Daniel,Lang,Daniel Lang,240,M40-44,Male,Weyhe,,Germany,DE,0:33:05,3:09:13,,0:02:43,0:09:55,,1985,11353,0,163,595,0,99999,99999,99999,556,450,42,1333,1132,144,99999,99999,99999,DNF,0
Josephine,Lerch,Josephine Lerch,380,F25-29,Female,Friedrichsdorf,,Germany,DE,,,1:58:05,0:00:00,0:00:00,6:21:56,0,0,7085,0,0,22916,99999,99999,99999,99999,99999,99999,99999,99999,99999,99999,99999,99999,Unofficial,0
Stuart,Blieschke,Stuart Blieschke,319,M45-49,Male,London,England,Australia,AU,,,,0:00:00,0:00:00,,0,0,0,0,0,0,99999,99999,99999,99999,99999,99999,99999,99999,99999,99999,99999,99999,DNS,0
Christoph,Utiger,Christoph Utiger,2269,M40-44,Male,Utzigen,Bern,Switzerland,CH,0:51:19,3:27:21,,0:10:13,0:00:00,,3079,12441,0,613,0,0,99999,99999,99999,99999,99999,99999,99999,99999,99999,99999,99999,99999,DNF,0
Adrian,Günther,Adrian Günther,2164,M18-24,Male,Karlsruhe,Baden-Württemberg,Germany,DE,,,,0:00:00,0:00:00,,0,0,0,0,0,0,99999,99999,99999,99999,99999,99999,99999,99999,99999,99999,99999,99999,DNS,0
Luca,Zeiher,Luca Zeiher,618,M25-29,Male,Ludwigsburg,,Germany,DE,0:29:38,2:37:07,,0:02:35,0:03:55,,1778,9427,0,155,235,0,99999,99999,99999,218,189,30,296,271,44,99999,99999,99999,DNF,0
Maximilian,Beiser,Maximilian Beiser,911,M30-34,Male,Pforzheim,,Germany,DE,,,,0:00:00,0:00:00,,0,0,0,0,0,0,99999,99999,99999,99999,99999,99999,99999,99999,99999,99999,99999,99999,DNS,0
Nick,Memminger,Nick Memminger,2499,M30-34,Male,Zürich,Zurich,Germany,DE,,,,0:00:00,0:00:00,,0,0,0,0,0,0,99999,99999,99999,99999,99999,99999,99999,99999,99999,99999,99999,99999,DNS,0
Hampus,Månsson,Hampus Månsson,52,MPRO,Male,Upplands Väsby,STOCKHOLMS LAN [SE-01],Sweden,SE,,,,0:00:00,0:00:00,,0,0,0,0,0,0,99999,99999,99999,99999,99999,99999,99999,99999,99999,99999,99999,99999,DNS,0
François,Dirren,François Dirren,1257,M45-49,Male,Vex,Valais,Switzerland,CH,0:34:29,3:02:07,,0:02:44,0:03:59,,2069,10927,0,164,239,0,99999,99999,99999,709,583,52,1162,996,99,99999,99999,99999,DNF,0
Anja,Landmann,Anja Landmann,358,F55-59,Female,Bad Vilbel,HI,Germany,DE,,,,0:00:00,0:00:00,,0,0,0,0,0,0,99999,99999,99999,99999,99999,99999,99999,99999,99999,99999,99999,99999,DNS,0
Pamphiel,Pareyn,Pamphiel Pareyn,61,MPRO,Male,Waregem,Flanders,Belgium,BE,,,,0:00:00,0:00:00,,0,0,0,0,0,0,99999,99999,99999,99999,99999,99999,99999,99999,99999,99999,99999,99999,DNS,0
Jeanne,Collonge,Jeanne Collonge,5010,FPRO,Female,Saint-Étienne,,France,FR,,,,0:00:00,0:00:00,,0,0,0,0,0,0,99999,99999,99999,99999,99999,99999,99999,99999,99999,99999,99999,99999,DNS,0
Nicola,Hoerndl,Nicola Hoerndl,2019,F25-29,Female,Madrid,MADRID,Spain,ES,0:49:36,,,0:06:12,0:00:00,,2976,0,0,372,0,0,99999,99999,99999,99999,99999,99999,99999,99999,99999,99999,99999,99999,DNF,0
Reinhard,Stiglitz,Reinhard Stiglitz,347,M50-54,Male,Donnerskirchen,,Austria,AT,,,,0:00:00,0:00:00,,0,0,0,0,0,0,99999,99999,99999,99999,99999,99999,99999,99999,99999,99999,99999,99999,DNS,0
Lars,Peters,Lars Peters,1657,M45-49,Male,Büdingen,,Germany,DE,0:39:45,2:52:53,,0:05:41,0:05:34,,2385,10373,0,341,334,0,99999,99999,99999,99999,99999,99999,99999,99999,99999,99999,99999,99999,DNF,0
Bernhard,Drescher,Bernhard Drescher,2192,M30-34,Male,Fürth,BY,Germany,DE,0:29:45,2:23:10,,0:02:59,0:04:07,,1785,8590,0,179,247,0,99999,99999,99999,99999,99999,99999,99999,99999,99999,99999,99999,99999,DNF,0
