FirstName,LastName,FullName,Bib,AgeGroup,Gender,City,State,Country,CountryISO,SwimTime,BikeTime,RunTime,T1Time,T2Time,FinishTime,SwimSeconds,BikeSeconds,RunSeconds,T1Seconds,T2Seconds,FinishSeconds,OverallRank,GenderRank,AgeGroupRank,SwimRankOverall,SwimRankGender,SwimRankGroup,BikeRankOverall,BikeRankGender,BikeRankGroup,RunRankOverall,RunRankGender,RunRankGroup,Status,Points
MAEDA,RYOUSUKE,MAEDA RYOUSUKE,724,M30-34,Male,Nisshin,Aichi,Japan,JP,0:14:33,2:16:45,1:20:06,0:02:30,0:02:33,3:56:27,873,8205,4806,150,153,14187,1,1,1,1,1,1,2,2,1,1,1,1,Finisher,3500
Kazuhiro,Oishi,Kazuhiro Oishi,92,M25-29,Male,瀬戸市北みずの坂,JP-23,Japan,JP,0:18:17,2:11:47,1:28:56,0:02:39,0:02:01,4:03:40,1097,7907,5336,159,121,14620,2,2,1,6,6,2,1,1,1,2,2,1,Finisher,3500
Henri,Schoeman,Henri Schoeman,1,MPRO,Male,Durban,NL,South Africa,ZA,0:27:24,2:10:10,1:26:16,0:02:25,0:02:39,4:08:53,1644,7810,5176,145,159,14933,3,3,1,141,116,1,5,5,1,3,3,1,Finisher,3500
Fabien,Celeste,Fabien Celeste,258,M25-29,Male,Saint-André,France,Réunion,RE,0:19:04,2:12:29,1:32:19,0:03:29,0:02:47,4:10:08,1144,7949,5539,209,167,15008,4,4,2,9,9,3,3,3,2,4,4,2,Finisher,3383
Ryosuke,Ohata,Ryosuke Ohata,54,M40-44,Male,TOKYO,JP-13,Japan,JP,0:17:33,2:20:25,1:27:10,0:03:54,0:03:49,4:12:52,1053,8425,5230,234,229,15172,5,5,1,4,4,1,6,6,1,5,5,1,Finisher,3500
Sebastian,Fuchs,Sebastian Fuchs,3,MPRO,Male,Weyer,foreigner,Austria,AT,0:35:34,2:09:37,1:22:20,0:02:27,0:02:54,4:12:52,2134,7777,4940,147,174,15172,6,6,2,400,335,6,11,11,3,6,6,2,Finisher,3428
Ben,Hamilton,Ben Hamilton,2,MPRO,Male,St Johns,AUK,New Zealand,NZ,0:32:35,2:10:02,1:27:07,0:02:28,0:02:23,4:14:35,1955,7802,5227,148,143,15275,7,7,3,309,258,4,7,7,2,7,7,3,Finisher,3397
Sébastien ,ISSARAMBE REFANE ,Sébastien ISSARAMBE REFANE,238,M25-29,Male,Les Avirons,Réunion,Réunion,RE,0:17:28,2:17:36,1:36:52,0:03:33,0:03:44,4:19:13,1048,8256,5812,213,224,15553,8,8,3,3,3,1,4,4,3,8,8,3,Finisher,3220
Assad,Attamimi,Assad Attamimi,103,M50-54,Male,Singapore,Singapore,Australia,AU,0:19:43,2:27:16,1:26:52,0:02:57,0:02:27,4:19:16,1183,8836,5212,177,147,15556,9,9,1,19,16,1,13,13,1,9,9,1,Finisher,3500
Nathan,Dortmann,Nathan Dortmann,5,MPRO,Male,Kangaroo Point,AU-QLD,Australia,AU,0:35:36,2:15:06,1:25:23,0:03:06,0:02:55,4:22:05,2136,8106,5123,186,175,15725,10,10,4,404,339,7,20,20,5,10,10,4,Finisher,3262
Irienold,Reig Jr,Irienold Reig Jr,181,M18-24,Male,BAASAN HILLS QUEZON CITY,PH-00,Unknown,,0:18:25,2:26:01,1:32:50,0:02:43,0:03:05,4:23:04,1105,8761,5570,163,185,15784,11,11,1,8,8,2,9,9,1,11,11,1,Finisher,3500
Thomas,Inigo,Thomas Inigo,6,MPRO,Male,LONGMONT,CO,Unknown,,0:35:44,2:16:17,1:24:43,0:03:25,0:04:24,4:24:32,2144,8177,5083,205,264,15872,12,12,5,409,343,8,23,23,6,12,12,5,Finisher,3218
Petr,Lukosz,Petr Lukosz,56,M40-44,Male,Taguig,PH-00,Unknown,,0:19:45,2:22:12,1:36:24,0:04:16,0:02:54,4:25:31,1185,8532,5784,256,174,15931,13,13,2,21,18,4,8,8,2,13,13,2,Finisher,3272
Julian Sebastian,Teves,Julian Sebastian Teves,67,M30-34,Male,Sibulan,PH-NER,Unknown,,0:20:18,2:27:30,1:32:58,0:02:52,0:02:59,4:26:37,1218,8850,5578,172,179,15997,14,14,2,26,22,4,15,15,3,14,14,2,Finisher,2957
Kenshin,Mizushima,Kenshin Mizushima,10,MPRO,Male,"Bandu, Mueang chiangrai",CHIANG RAI,Japan,JP,0:31:33,2:16:48,1:36:54,0:02:14,0:01:58,4:29:27,1893,8208,5814,134,118,16167,15,15,6,277,232,3,14,14,4,15,15,6,Finisher,3129
Mervin Rencel,Santiago,Mervin Rencel Santiago,66,M30-34,Male,Valenzuela,PH-00,Unknown,,0:24:04,2:27:08,1:33:08,0:02:43,0:02:45,4:29:49,1444,8828,5588,163,165,16189,16,16,3,58,49,9,21,21,4,16,16,3,Finisher,2899
Natalie,Van Coevorden,Natalie Van Coevorden,5001,FPRO,Female,Glen Alpine,AU-NSW,Australia,AU,0:33:33,2:24:22,1:27:29,0:02:34,0:02:14,4:30:12,2013,8662,5249,154,134,16212,17,1,1,336,53,1,35,1,1,17,1,1,Finisher,3500
Takaaki,Koja,Takaaki Koja,311,M30-34,Male,札幌市西区,北海道,Japan,JP,0:17:10,2:26:40,1:40:21,0:03:38,0:03:33,4:31:22,1030,8800,6021,218,213,16282,18,17,4,2,2,2,10,10,2,18,17,4,Finisher,2871
Christian,Davey,Christian Davey,9,MPRO,Male,Wellington,WGN,New Zealand,NZ,0:34:51,2:21:39,1:31:31,0:02:25,0:02:07,4:32:34,2091,8499,5491,145,127,16354,19,18,7,387,323,5,32,32,7,19,18,7,Finisher,3073
Gennady,Kruglov,Gennady Kruglov,313,M30-34,Male,Bali,Bali,Indonesia,ID,0:20:50,2:32:50,1:34:53,0:03:01,0:02:46,4:34:22,1250,9170,5693,181,166,16462,20,19,5,34,28,6,26,26,7,20,19,5,Finisher,2817
Rik,Beugel,Rik Beugel,64,M18-24,Male,Rhenen,,Unknown,,0:19:12,2:29:58,1:38:20,0:03:46,0:03:21,4:34:37,1152,8998,5900,226,201,16477,21,20,2,11,11,3,19,19,2,21,20,2,Finisher,3292
HO TIN,KWOK,HO TIN KWOK,419,M35-39,Male,Hong Kong,Hong Kong,Hong Kong,HK,0:18:20,2:26:19,1:42:10,0:04:30,0:03:23,4:34:41,1100,8779,6130,270,203,16481,22,21,1,7,7,1,12,12,1,22,21,1,Finisher,3500
Jamie,Edmunds,Jamie Edmunds,99,M40-44,Male,Dubai,Dubai,Unknown,,0:19:07,2:29:33,1:40:49,0:03:10,0:03:16,4:35:54,1147,8973,6049,190,196,16554,23,22,3,10,10,2,16,16,3,23,22,3,Finisher,3085
Aaron,Kiss,Aaron Kiss,8,MPRO,Male,Sydney,NSW,Singapore,SG,0:31:24,2:25:14,1:35:22,0:02:41,0:01:50,4:36:32,1884,8714,5722,161,110,16592,24,23,8,270,227,2,33,33,8,24,23,8,Finisher,3002
Brett,Clifford,Brett Clifford,4,MPRO,Male,Timaru,NZ-CAN,New Zealand,NZ,0:39:30,2:27:39,1:25:29,0:02:42,0:02:13,4:37:32,2370,8859,5129,162,133,16652,25,24,9,474,402,9,46,45,9,25,24,9,Finisher,2984
Daniel,Cruz,Daniel Cruz,98,M40-44,Male,Klong Toei,,Spain,ES,0:19:26,2:35:05,1:36:24,0:04:01,0:02:37,4:37:33,1166,9305,5784,241,157,16653,26,25,4,14,13,3,31,31,5,26,25,4,Finisher,3055
Matthew,Gibson,Matthew Gibson,52,M35-39,Male,East Ballina,AU-NSW,Australia,AU,0:20:41,2:28:51,1:45:08,0:03:18,0:02:09,4:40:07,1241,8931,6308,198,129,16807,27,26,2,33,27,2,18,18,2,27,26,2,Finisher,3402
Marnix,Beugel,Marnix Beugel,65,M55-59,Male,Singapore,Singapore,Unknown,,0:24:52,2:29:00,1:39:09,0:04:09,0:03:05,4:40:14,1492,8940,5949,249,185,16814,28,27,1,74,61,6,30,30,2,28,27,1,Finisher,3500
Peter,Weiss,Peter Weiss,608,M55-59,Male,Dubai,Dubai,Denmark,DK,0:20:07,2:27:54,1:47:59,0:03:49,0:02:42,4:42:31,1207,8874,6479,229,162,16951,29,28,2,25,21,2,17,17,1,29,28,2,Finisher,3458
Eryk John,Omandam,Eryk John Omandam,91,M18-24,Male,Tagum ,PH-DAV,Unknown,,0:17:35,2:36:11,1:45:21,0:03:35,0:03:00,4:45:42,1055,9371,6321,215,180,17142,30,29,3,5,5,1,28,28,3,30,29,3,Finisher,3092
Jarwyn,Banatao,Jarwyn Banatao,299,M30-34,Male,singapore,03,Unknown,,0:28:41,2:22:19,1:50:07,0:02:59,0:02:43,4:46:49,1721,8539,6607,179,163,17209,31,30,6,173,143,23,22,22,5,31,30,6,Finisher,2593
Charlotte,McShane,Charlotte McShane,5002,FPRO,Female,Mount Taylor,VIC,Australia,AU,0:33:37,2:37:13,1:31:17,0:02:49,0:02:37,4:47:34,2017,9433,5477,169,157,17254,32,2,2,341,56,2,54,2,2,32,2,2,Finisher,3187
Yoshio,Tahara,Yoshio Tahara,63,M55-59,Male,Chuo-ku,JP-13,Japan,JP,0:21:31,2:40:43,1:36:56,0:04:26,0:04:08,4:47:43,1291,9643,5816,266,248,17263,33,31,3,38,32,4,38,37,3,33,31,3,Finisher,3365
Craig,Douglas,Craig Douglas,53,M40-44,Male,Singapore,YT,Unknown,,0:23:40,2:30:06,1:49:53,0:03:09,0:02:25,4:49:13,1420,9006,6593,189,145,17353,34,32,5,51,42,8,27,27,4,34,32,5,Finisher,2845
Benoit,Besnier,Benoit Besnier,316,M30-34,Male,Singapore,CENTRAL SINGAPORE,France,FR,0:20:22,2:32:10,1:50:18,0:03:38,0:02:53,4:49:21,1222,9130,6618,218,173,17361,35,33,7,28,24,5,24,24,6,35,33,7,Finisher,2547
sota,suzuki,sota suzuki,318,M30-34,Male,chofu,JP-13,Japan,JP,0:26:51,2:43:10,1:29:55,0:05:41,0:04:20,4:49:58,1611,9790,5395,341,260,17398,36,34,8,123,101,14,62,59,13,36,34,8,Finisher,2536
Shuhei,Ohya,Shuhei Ohya,291,M30-34,Male,Kusatsu city,JP-25,Japan,JP,0:26:25,2:51:41,1:25:01,0:03:55,0:03:14,4:50:16,1585,10301,5101,235,194,17416,37,35,9,112,91,13,87,83,18,37,35,9,Finisher,2531
Simon,Thise,Simon Thise,297,M30-34,Male,embourg,LIEGE,Belgium,BE,0:24:29,2:31:08,1:48:52,0:04:33,0:03:33,4:52:34,1469,9068,6532,273,213,17554,38,36,10,68,57,10,34,34,9,38,36,10,Finisher,2489
Paige,Cranage,Paige Cranage,5004,FPRO,Female,Tatachilla,AU-SA,Australia,AU,0:42:03,2:37:38,1:28:24,0:02:37,0:02:36,4:53:18,2523,9458,5304,157,156,17598,39,3,3,488,74,4,90,5,4,39,3,3,Finisher,3084
Chun,Hei Ho,Chun Hei Ho,93,M30-34,Male,Hong Kong,,Hong Kong,HK,0:19:48,2:34:03,1:52:38,0:03:39,0:03:20,4:53:28,1188,9243,6758,219,200,17608,40,37,11,22,19,3,29,29,8,40,37,11,Finisher,2473
Emily,Donker,Emily Donker,5003,FPRO,Female,Parrearra,AU-QLD,Australia,AU,0:39:48,2:32:56,1:36:28,0:02:44,0:02:32,4:54:29,2388,9176,5788,164,152,17669,41,4,4,478,73,3,59,3,3,41,4,4,Finisher,3062
Carl,Dy,Carl Dy,188,M25-29,Male,"Davao City, Davao del Sur",PH-DAS,Unknown,,0:24:15,2:40:19,1:44:38,0:03:35,0:02:09,4:54:56,1455,9619,6278,215,129,17696,42,38,4,65,55,6,43,42,4,42,38,4,Finisher,2577
Junrey,Cabarrubias,Junrey Cabarrubias,410,M35-39,Male,Bulacao/Talisay,PH-CEB,Unknown,,0:29:38,2:34:05,1:45:20,0:03:55,0:02:23,4:55:21,1778,9245,6320,235,143,17721,43,39,3,212,178,31,41,40,3,43,39,3,Finisher,3128
Andreas,Wuestenberg,Andreas Wuestenberg,774,M45-49,Male,Heidelberg,BW,Germany,DE,0:23:02,2:36:35,1:49:54,0:04:29,0:03:08,4:57:07,1382,9395,6594,269,188,17827,44,40,1,44,37,7,37,36,2,44,40,1,Finisher,3500
Elvys Kenneth,Miguel,Elvys Kenneth Miguel,364,M35-39,Male,Puerto Princesa City,PH-PLW,Unknown,,0:25:09,2:45:56,1:39:59,0:03:35,0:03:11,4:57:50,1509,9956,5999,215,191,17870,45,41,4,80,66,10,57,55,5,45,41,4,Finisher,3083
Alfred,Sajulga,Alfred Sajulga,180,M30-34,Male,Kalasungay,PH-BUK,Unknown,,0:25:37,2:38:03,1:47:19,0:03:41,0:03:14,4:57:55,1537,9483,6439,221,194,17875,46,42,12,93,77,12,39,38,11,46,42,12,Finisher,2393
Haythem,El-Ansary,Haythem El-Ansary,534,M45-49,Male,Singapore,04,Australia,AU,0:23:23,2:46:24,1:40:52,0:04:06,0:03:28,4:58:13,1403,9984,6052,246,208,17893,47,43,2,49,40,8,56,54,8,47,43,2,Finisher,3480
Arth Lorence,Garlejo,Arth Lorence Garlejo,759,M35-39,Male,DASMARINAS,PH-CAV,Unknown,,0:31:46,2:38:12,1:42:04,0:05:15,0:03:29,5:00:46,1906,9492,6124,315,209,18046,48,44,5,285,239,39,58,56,6,48,44,5,Finisher,3030
Yosuke,Tanaka,Yosuke Tanaka,498,M45-49,Male,Singapore,Singapore,Japan,JP,0:19:28,2:31:27,2:00:01,0:05:45,0:04:46,5:01:28,1168,9087,7201,345,286,18088,49,45,3,15,14,2,25,25,1,49,45,3,Finisher,3421
Ronald,Molit,Ronald Molit,55,M40-44,Male,Cainta,PH-RIZ,Unknown,,0:20:22,2:43:41,1:52:29,0:04:25,0:02:35,5:03:32,1222,9821,6749,265,155,18212,50,46,6,27,23,6,44,43,6,50,46,6,Finisher,2588
Paolo,Sauler,Paolo Sauler,119,M40-44,Male, mutinlupa city,PH-00,Unknown,,0:25:43,2:43:18,1:48:04,0:03:27,0:03:50,5:04:23,1543,9798,6484,207,230,18263,51,47,7,95,79,14,51,50,7,51,47,7,Finisher,2572
Robin,Bernhard,Robin Bernhard,345,M35-39,Male,"Mactan, Lapu-Lapu",Cebu,Unknown,,0:24:26,2:46:52,1:46:53,0:04:20,0:02:15,5:04:46,1466,10012,6413,260,135,18286,52,48,6,67,56,8,61,58,8,52,48,6,Finisher,2958
Julio,Padilla,Julio Padilla,213,M18-24,Male,Pasig,PH-00,Unknown,,0:24:38,2:47:58,1:45:13,0:04:17,0:02:44,5:04:50,1478,10078,6313,257,164,18290,53,49,4,72,59,5,65,62,4,53,49,4,Finisher,2748
Youssef,Badri,Youssef Badri,57,M45-49,Male,CASABLANCA,MA-GRAND CASABLANCA,Morocco,MA,0:20:56,2:43:36,1:52:41,0:04:28,0:03:26,5:05:07,1256,9816,6761,268,206,18307,54,50,4,36,30,5,45,44,4,54,50,4,Finisher,3356
Aiken,Ting,Aiken Ting,800,M35-39,Male,East bajac bajac,ZAMBALES,Unknown,,0:31:04,2:42:55,1:43:14,0:05:07,0:03:12,5:05:31,1864,9775,6194,307,192,18331,55,51,7,258,216,36,75,71,10,55,51,7,Finisher,2945
Victor Jr,Cabrera,Victor Jr Cabrera,533,M45-49,Male,Sta filomena,Zamboanga del norte,Unknown,,0:26:38,2:41:38,1:53:32,0:03:25,0:02:36,5:07:48,1598,9698,6812,205,156,18468,56,52,5,116,95,13,49,48,6,56,52,5,Finisher,3307
Jupert John,Remollo,Jupert John Remollo,293,M30-34,Male,Cebu City,Central Visayas,Unknown,,0:23:58,2:34:14,2:03:14,0:03:51,0:02:56,5:08:14,1438,9254,7394,231,176,18494,57,53,13,56,47,8,36,35,10,57,53,13,Finisher,2207
Charlo,Tengco,Charlo Tengco,783,M30-34,Male,San Lorenzo,PH-00,Unknown,,0:29:10,2:44:04,1:48:32,0:05:29,0:02:42,5:09:58,1750,9844,6512,329,162,18598,58,54,14,195,162,25,70,66,15,58,54,14,Finisher,2176
Jake Arvin,Fudolig,Jake Arvin Fudolig,147,M35-39,Male,Tagbilaran City,PH-BOH,Unknown,,0:27:51,2:40:30,1:54:11,0:04:41,0:02:56,5:10:09,1671,9630,6851,281,176,18609,59,55,8,148,121,22,53,52,4,59,55,8,Finisher,2861
KODO,HIRAMATSU,KODO HIRAMATSU,509,M45-49,Male,Daan dist,TW-TPE,Japan,JP,0:19:44,2:47:42,1:55:18,0:03:34,0:04:34,5:10:52,1184,10062,6918,214,274,18652,60,56,6,20,17,3,47,46,5,60,56,6,Finisher,3252
Trevor,Watchman,Trevor Watchman,182,M50-54,Male,Junourton,AU-VIC,Australia,AU,0:31:51,2:40:55,1:51:48,0:04:30,0:03:12,5:12:16,1911,9655,6708,270,192,18736,61,57,2,287,241,30,66,63,4,61,57,2,Finisher,2546
Lord William,Lim,Lord William Lim,430,M40-44,Male,TALOTO,PH-BOH,Unknown,,0:29:20,2:39:22,1:55:40,0:05:01,0:04:16,5:13:40,1760,9562,6940,301,256,18820,62,58,8,199,166,21,55,53,8,62,58,8,Finisher,2405
Dennis Glenn,Solon,Dennis Glenn Solon,254,M25-29,Male,Dumaguete City,PH-NER,Unknown,,0:23:53,2:53:10,1:46:21,0:05:08,0:05:18,5:13:51,1433,10390,6381,308,318,18831,63,59,5,55,46,5,88,84,9,63,59,5,Finisher,2236
たかひと,えのきど,たかひと えのきど,556,M50-54,Male,静岡市,JP-22,Japan,JP,0:26:54,2:43:26,1:54:40,0:05:34,0:03:59,5:14:33,1614,9806,6880,334,239,18873,64,60,3,125,103,11,63,60,3,64,60,3,Finisher,2504
Ellaiza Nicole,Rojo,Ellaiza Nicole Rojo,653,F18-24,Female,Brgy sta cruz,South Cotabato,Unknown,,0:19:17,2:59:39,1:49:38,0:03:59,0:02:56,5:15:28,1157,10779,6578,239,176,18928,65,5,1,12,1,1,93,6,1,65,5,1,Finisher,3500
Kenji,Katsuragi,Kenji Katsuragi,571,M50-54,Male,横浜市西区南幸,神奈川県,Japan,JP,0:25:22,2:55:15,1:39:13,0:09:13,0:06:41,5:15:45,1522,10515,5953,553,401,18945,66,61,4,84,69,7,131,119,13,66,61,4,Finisher,2483
和寛,都築,和寛 都築,355,M35-39,Male,Kotatyho Nukatagun,JP-愛知県,Japan,JP,0:27:16,2:42:38,1:55:40,0:06:31,0:03:46,5:15:50,1636,9758,6940,391,226,18950,67,62,9,139,115,21,64,61,9,67,62,9,Finisher,2759
Tadaharu,Fukuda,Tadaharu Fukuda,590,M50-54,Male,名古屋市緑区左京山,愛知県,Japan,JP,0:36:27,2:42:09,1:44:09,0:06:54,0:06:13,5:15:51,2187,9729,6249,414,373,18951,68,63,5,429,361,43,101,95,7,68,63,5,Finisher,2481
Gary Lloyd,Bumanglag,Gary Lloyd Bumanglag,449,M40-44,Male,Puerto Princesa City,PH-PLW,Unknown,,0:29:34,2:45:22,1:51:21,0:05:35,0:04:01,5:15:53,1774,9922,6681,335,241,18953,69,64,9,207,174,23,81,77,12,69,64,9,Finisher,2365
Kim,Woo Il,Kim Woo Il,156,M45-49,Male,"Gyeonggi-do, Korea",KR-41,Australia,AU,0:34:05,2:34:29,1:57:00,0:03:51,0:06:36,5:16:02,2045,9269,7020,231,396,18962,70,65,7,356,297,42,50,49,7,70,65,7,Finisher,3159
YUKO,TAKAHASHI,YUKO TAKAHASHI,172,F40-44,Female,"Shinanomachi, Shinjuku-ku",JP-13,Japan,JP,0:25:58,2:47:23,1:54:59,0:04:09,0:04:07,5:16:36,1558,10043,6899,249,247,18996,71,6,1,103,21,1,67,4,1,71,6,1,Finisher,3500
Reagan,Diaz,Reagan Diaz,153,M40-44,Male,Mandaluyong,PH-00,Unknown,,0:31:05,2:46:13,1:51:10,0:05:03,0:03:05,5:16:36,1865,9973,6670,303,185,18996,72,66,10,260,218,31,91,86,13,72,66,10,Finisher,2352
Sarah,Thomas,Sarah Thomas,5005,FPRO,Female,Whitfield,AU-QLD,Australia,AU,0:50:33,2:44:33,1:36:29,0:02:39,0:02:34,5:16:48,3033,9873,5789,159,154,19008,73,7,5,514,77,5,184,19,5,73,7,5,Finisher,2661
Stephen,Ng,Stephen Ng,747,M30-34,Male,singapore,Singapore,Singapore,SG,0:23:53,2:38:36,2:07:56,0:04:54,0:02:44,5:18:03,1433,9516,7676,294,164,19083,74,67,15,54,45,7,40,39,12,74,67,15,Finisher,2031
Marcus,Maag,Marcus Maag,184,M40-44,Male,Wuppertal,foreigner,Germany,DE,0:25:02,2:54:36,1:48:36,0:05:06,0:04:44,5:18:04,1502,10476,6516,306,284,19084,75,68,11,79,65,11,98,92,15,75,68,11,Finisher,2326
Thomas,Hardcastle,Thomas Hardcastle,120,M55-59,Male,Wanchai,Tocantins,Hong Kong,HK,0:26:42,2:57:17,1:48:49,0:03:05,0:02:32,5:18:24,1602,10637,6529,185,152,19104,76,69,4,118,97,9,108,100,7,76,69,4,Finisher,2813
Trent,Standen,Trent Standen,523,M45-49,Male,Singapore,02,Australia,AU,0:26:46,2:47:45,1:55:43,0:04:33,0:03:50,5:18:36,1606,10065,6943,273,230,19116,77,70,8,122,100,14,74,70,10,77,70,8,Finisher,3113
Ramon Miguel,Abeleda,Ramon Miguel Abeleda,148,M35-39,Male,Barangay Ususan,NATIONAL CAPITAL REGION,Unknown,,0:23:36,2:46:55,1:58:47,0:05:01,0:04:27,5:18:46,1416,10015,7127,301,267,19126,78,71,10,50,41,5,60,57,7,78,71,10,Finisher,2706
Rafael,Silerio,Rafael Silerio,775,M35-39,Male,Mamplasan,PH-LAG,Unknown,,0:24:06,2:53:52,1:54:48,0:03:27,0:03:05,5:19:18,1446,10432,6888,207,185,19158,79,72,11,59,50,6,84,80,13,79,72,11,Finisher,2696
Roquefort,Mares,Roquefort Mares,225,M25-29,Male,Mandaue,PH-CEB,Unknown,,0:27:05,2:40:54,2:04:36,0:03:34,0:03:28,5:19:36,1625,9654,7476,214,208,19176,80,73,6,132,109,14,48,47,5,80,73,6,Finisher,2133
John Clement,Po,John Clement Po,476,M40-44,Male,Cebu City,CEBU,Unknown,,0:31:20,2:46:53,1:52:06,0:05:52,0:03:27,5:19:39,1880,10013,6726,352,207,19179,81,74,12,268,225,32,94,88,14,81,74,12,Finisher,2297
Paul Walter,Torregosa,Paul Walter Torregosa,250,M25-29,Male,Tagbilaran City,PH-BOH,Unknown,,0:29:09,2:44:18,1:58:43,0:04:09,0:03:27,5:19:46,1749,9858,7123,249,207,19186,82,75,7,192,159,22,68,64,6,82,75,7,Finisher,2130
Ho Yin,Man,Ho Yin Man,374,M35-39,Male,hong kong,Hong Kong,Hong Kong,HK,0:23:02,2:51:44,1:55:25,0:04:55,0:05:12,5:20:17,1382,10304,6925,295,312,19217,83,76,12,45,38,4,78,74,11,83,76,12,Finisher,2679
Rolen,Tarife,Rolen Tarife,329,M30-34,Male,Lapulapu,Cebu,Unknown,,0:28:03,2:56:02,1:48:19,0:04:04,0:04:02,5:20:30,1683,10562,6499,244,242,19230,84,77,16,155,128,20,116,106,24,84,77,16,Finisher,1987
Thomas,ROBERT,Thomas ROBERT,522,M45-49,Male,pantin,Île-de-France,France,FR,0:19:26,2:54:08,1:56:09,0:05:30,0:05:22,5:20:35,1166,10448,6969,330,322,19235,85,78,9,13,12,1,73,69,9,85,78,9,Finisher,3077
Justin,Russo,Justin Russo,97,M40-44,Male,Bow,NH,Unknown,,0:27:03,2:45:47,1:58:49,0:06:03,0:03:01,5:20:43,1623,9947,7129,363,181,19243,86,79,13,130,107,17,71,67,9,86,79,13,Finisher,2278
Jeffrey,Cabrera,Jeffrey Cabrera,781,M50-54,Male,Lapu-Lapu City,Cebu,Unknown,,0:30:21,2:54:07,1:47:51,0:04:57,0:03:36,5:20:53,1821,10447,6471,297,216,19253,87,80,6,233,196,24,126,114,12,87,80,6,Finisher,2390
Ines,Santiago,Ines Santiago,173,F45-49,Female,Taguig,PH-00,Unknown,,0:23:20,3:00:23,1:50:01,0:04:17,0:02:54,5:20:55,1400,10823,6601,257,174,19255,88,8,1,48,9,2,113,10,1,88,8,1,Finisher,3500
Casey,Logan,Casey Logan,670,F30-34,Female,Bali ,BALI,Canada,CA,0:19:49,3:03:19,1:50:30,0:03:42,0:03:40,5:21:00,1189,10999,6630,222,220,19260,89,9,1,23,4,1,105,8,1,89,9,1,Finisher,3500
Taylor,Bianco,Taylor Bianco,246,M25-29,Male,Narre Warren,Victoria,Australia,AU,0:20:37,2:59:23,1:52:41,0:04:35,0:04:03,5:21:19,1237,10763,6761,275,243,19279,90,81,8,32,26,4,96,90,10,90,81,8,Finisher,2102
Eva,Wong,Eva Wong,687,F35-39,Female,Sri Kembangan,MY-10,Malaysia,MY,0:24:26,2:56:49,1:51:21,0:05:03,0:03:48,5:21:26,1466,10609,6681,303,228,19286,91,10,1,66,11,3,103,7,1,91,10,1,Finisher,3500
Cassandra,Heaslip,Cassandra Heaslip,5006,FPRO,Female,Burleigh Waters,AU-QLD,Australia,AU,0:50:35,2:47:15,1:38:11,0:02:38,0:02:51,5:21:30,3035,10035,5891,158,171,19290,92,11,6,515,78,6,201,23,6,92,11,6,Finisher,2576
Bea Marie,Quiambao,Bea Marie Quiambao,756,F25-29,Female,Canlubang calamba,Laguna,Unknown,,0:20:24,3:04:40,1:51:01,0:03:24,0:02:44,5:22:13,1224,11080,6661,204,164,19333,93,12,1,30,6,1,119,12,1,93,12,1,Finisher,3500
Kurt,Hausler,Kurt Hausler,186,M30-34,Male,Beaumaris,AU-VIC,Australia,AU,0:28:14,2:45:12,1:56:47,0:05:30,0:06:46,5:22:29,1694,9912,7007,330,406,19349,94,82,17,161,134,21,72,68,16,94,82,17,Finisher,1951
Foster,CHOI,Foster CHOI,723,M25-29,Male,TKO,Hong Kong,Hong Kong,HK,0:26:10,2:48:31,1:58:17,0:05:10,0:04:37,5:22:46,1570,10111,7097,310,277,19366,95,83,9,107,86,9,79,75,7,95,83,9,Finisher,2076
Kazuo,Nakagawa,Kazuo Nakagawa,604,M55-59,Male,KITA-KU,JP-13,Japan,JP,0:21:06,2:58:06,1:52:05,0:07:44,0:04:08,5:23:09,1266,10686,6725,464,248,19389,96,84,5,37,31,3,106,98,6,96,84,5,Finisher,2727
Yui,Matsumoto,Yui Matsumoto,678,F35-39,Female,kasuya-gun,Fukuoka-ken,Japan,JP,0:19:39,3:03:44,1:53:21,0:03:53,0:02:54,5:23:31,1179,11024,6801,233,174,19411,97,13,2,17,2,1,111,9,2,97,13,2,Finisher,3462
Renze Rovie,Banawa,Renze Rovie Banawa,755,M40-44,Male,Pasig,METRO MANILA,Unknown,,0:25:15,2:57:53,1:52:21,0:04:38,0:04:20,5:24:27,1515,10673,6741,278,260,19467,98,85,14,82,67,12,112,103,16,98,85,14,Finisher,2211
Ahmad Nawawi,Saruang,Ahmad Nawawi Saruang,342,M30-34,Male,Marawi,PH-LAS,Unknown,,0:36:02,2:44:05,1:55:13,0:05:40,0:03:56,5:24:55,2162,9845,6913,340,236,19495,99,86,18,420,352,59,102,96,21,99,86,18,Finisher,1907
Raul Jr.,Javelosa,Raul Jr. Javelosa,457,M40-44,Male,Bacolod city,PH-NEC,Unknown,,0:30:46,2:45:16,2:01:50,0:04:04,0:03:22,5:25:18,1846,9916,7310,244,202,19518,100,87,15,244,204,29,80,76,11,100,87,15,Finisher,2196
Rolando,Alquero,Rolando Alquero,96,M40-44,Male,San Fernando,PH-PAM,Unknown,,0:34:35,2:56:21,1:48:04,0:03:50,0:02:58,5:25:49,2075,10581,6484,230,178,19549,101,88,16,372,311,46,161,146,22,101,88,16,Finisher,2186
Marco,Ullrich,Marco Ullrich,101,M45-49,Male,Hong Kong ,Hong Kong,Germany,DE,0:32:36,2:54:29,1:48:12,0:06:48,0:04:14,5:26:20,1956,10469,6492,408,254,19580,102,89,10,310,259,34,155,141,17,102,89,10,Finisher,2974
Robert Archibald,Patricio,Robert Archibald Patricio,117,M35-39,Male,Kawit,PH-CAV,Unknown,,0:32:32,2:51:16,1:53:48,0:05:19,0:04:34,5:27:30,1952,10276,6828,319,274,19650,103,90,13,306,256,44,125,113,14,103,90,13,Finisher,2549
Alexander,Isip,Alexander Isip,122,M50-54,Male,Muntinlupa,PH-00,Unknown,,0:21:50,3:01:31,1:58:00,0:03:21,0:03:03,5:27:45,1310,10891,7080,201,183,19665,104,91,7,40,33,3,104,97,8,104,91,7,Finisher,2267
Alexander,Moyer,Alexander Moyer,150,M40-44,Male,Batu Ferringhi,MY-07,Unknown,,0:26:45,2:59:49,1:52:29,0:05:22,0:04:04,5:28:29,1605,10789,6749,322,244,19709,105,92,17,121,99,16,147,133,21,105,92,17,Finisher,2138
Mike,Pounds,Mike Pounds,578,M50-54,Male,Martson Moretaine,England,Unknown,,0:24:09,2:43:50,2:09:08,0:04:46,0:06:46,5:28:40,1449,9830,7748,286,406,19720,106,93,8,60,51,5,52,51,2,106,93,8,Finisher,2250
Jan Robert,Perales,Jan Robert Perales,266,M30-34,Male,General Santos City,PH-SCO,Unknown,,0:28:37,2:45:03,2:06:20,0:04:58,0:03:47,5:28:45,1717,9903,7580,298,227,19725,107,94,19,171,141,22,69,65,14,107,94,19,Finisher,1838
Mikki,Davies,Mikki Davies,589,M50-54,Male,Jebel Ali,Dubai,Unknown,,0:27:54,2:49:35,2:04:11,0:03:51,0:03:27,5:28:58,1674,10175,7451,231,207,19738,108,95,9,150,123,12,83,79,5,108,95,9,Finisher,2245
Carlo,Villaroman,Carlo Villaroman,216,M25-29,Male,Biñan Laguna,PH-00,Unknown,,0:27:14,2:59:18,1:54:40,0:05:08,0:02:38,5:29:00,1634,10758,6880,308,158,19740,109,96,10,137,114,15,143,129,14,109,96,10,Finisher,1964
Bilal,Tawfic,Bilal Tawfic,376,M35-39,Male,Ivanhoe,AU-VIC,Australia,AU,0:28:11,2:55:38,1:56:10,0:05:55,0:03:28,5:29:22,1691,10538,6970,355,208,19762,110,97,14,159,132,24,129,117,15,110,97,14,Finisher,2515
Yu,Li ,Yu Li,508,M45-49,Male,Tai Hang,Hong Kong,Hong Kong,HK,0:29:59,2:55:50,1:53:15,0:05:37,0:04:57,5:29:38,1799,10550,6795,337,297,19778,111,98,11,220,185,23,139,125,14,111,98,11,Finisher,2914
Dougal,Grant,Dougal Grant,104,M50-54,Male,Kampong Penaga,Belait,Unknown,,0:29:10,2:52:50,1:59:30,0:05:02,0:03:18,5:29:50,1750,10370,7170,302,198,19790,112,99,10,193,160,18,107,99,9,112,99,10,Finisher,2229
Dan Michael,Temporal,Dan Michael Temporal,333,M30-34,Male,Paranaque City,PH-00,Unknown,,0:35:12,3:03:47,1:42:40,0:05:17,0:03:12,5:30:08,2112,11027,6160,317,192,19808,113,100,20,392,328,53,229,200,36,113,100,20,Finisher,1813
Nicole,Andaya,Nicole Andaya,665,F30-34,Female,Biñan,PH-LAG,Unknown,,0:24:52,3:01:14,1:55:48,0:04:17,0:04:24,5:30:35,1492,10874,6948,257,264,19835,114,14,2,75,14,3,135,14,2,114,14,2,Finisher,3327
Lowell,Yap Pueying,Lowell Yap Pueying,304,M30-34,Male,Davao City,PH-DAS,Unknown,,0:27:26,2:57:12,1:57:55,0:04:17,0:03:55,5:30:44,1646,10632,7075,257,235,19844,115,101,21,143,117,17,124,112,26,115,101,21,Finisher,1802
Jun,Kawakita,Jun Kawakita,431,M40-44,Male,ต.ท่าตูม อ.ศรีมหาโพธิ,ปราจีนบุรี,Thailand,TH,0:24:04,2:50:39,2:06:46,0:04:29,0:05:05,5:31:02,1444,10239,7606,269,305,19862,116,102,18,57,48,10,76,72,10,116,102,18,Finisher,2093
Jocel Jc,Rendon,Jocel Jc Rendon,340,M30-34,Male,Brgy 88,Caloocan,Unknown,,0:30:02,2:52:50,1:59:19,0:05:16,0:03:45,5:31:12,1802,10370,7159,316,225,19872,117,103,22,224,188,29,115,105,23,117,103,22,Finisher,1794
Edjohn,Javelosa,Edjohn Javelosa,779,M40-44,Male,Zone 15,PH-NEC,Unknown,,0:33:33,2:51:51,1:57:54,0:04:17,0:03:44,5:31:18,2013,10311,7074,257,224,19878,118,104,19,339,285,36,128,116,18,118,104,19,Finisher,2088
Hussien,Manabilang,Hussien Manabilang,770,M40-44,Male,Amai manabilang,Autonomous Region Of Muslim Mindanao,Unknown,,0:36:18,2:56:20,1:49:16,0:05:10,0:04:41,5:31:46,2178,10580,6556,310,281,19906,119,105,20,427,359,55,185,166,25,119,105,20,Finisher,2079
Tae Hyoung,Kim,Tae Hyoung Kim,100,M45-49,Male,Busan,KR-26,Australia,AU,0:28:17,2:33:14,2:15:30,0:06:25,0:08:32,5:31:58,1697,9194,8130,385,512,19918,120,106,12,165,138,19,42,41,3,120,106,12,Finisher,2872
Sergey,Loginov,Sergey Loginov,183,M50-54,Male,Belgrade ,BEOGRAD,Serbia,RS,0:25:23,2:53:18,2:05:55,0:03:31,0:04:08,5:32:14,1523,10398,7555,211,248,19934,121,107,11,85,70,8,89,85,6,121,107,11,Finisher,2186
Wang,HeMing,Wang HeMing,296,M30-34,Male,BeijingShi,BeijingSheng,China,CN,0:26:56,2:51:10,2:04:52,0:04:40,0:04:58,5:32:36,1616,10270,7492,280,298,19956,122,108,23,126,104,15,92,87,19,122,108,23,Finisher,1769
David,Boyes,David Boyes,107,M60-64,Male,Halls Head,AU-WA,Australia,AU,0:24:12,2:55:09,2:04:05,0:04:52,0:05:03,5:33:21,1452,10509,7445,292,303,20001,123,109,1,64,54,1,95,89,1,123,109,1,Finisher,3500
Vorasak,Orsiriwikorn,Vorasak Orsiriwikorn,490,M45-49,Male,Bangkok,กรุงเทพมหานคร,Thailand,TH,0:32:09,2:51:52,2:00:20,0:05:32,0:03:44,5:33:37,1929,10312,7220,332,224,20017,124,110,13,298,248,31,127,115,13,124,110,13,Finisher,2843
Christian,Caculba,Christian Caculba,163,M50-54,Male,cagayan de oro,PH-MSR,Unknown,,0:30:07,2:49:51,2:01:54,0:07:10,0:04:40,5:33:42,1807,10191,7314,430,280,20022,125,111,12,228,192,22,109,101,10,125,111,12,Finisher,2160
Hidehiro,Matsuda,Hidehiro Matsuda,609,M55-59,Male,Ichinomiya,Aichi,Japan,JP,0:28:54,2:56:19,1:58:11,0:05:39,0:04:59,5:34:02,1734,10579,7091,339,299,20042,126,112,6,181,149,12,136,122,10,126,112,6,Finisher,2531
Juan Gabriel,Peña,Juan Gabriel Peña,187,M30-34,Male,Olongapo city,PH-ZMB,Unknown,,0:31:03,3:00:37,1:53:33,0:05:12,0:03:39,5:34:04,1863,10837,6813,312,219,20044,127,113,24,257,215,39,170,153,29,127,113,24,Finisher,1742
Lachy,Tate,Lachy Tate,141,M25-29,Male,Port Melbourne,AU-VIC,Australia,AU,0:26:33,3:06:24,1:52:45,0:04:14,0:04:14,5:34:09,1593,11184,6765,254,254,20049,128,114,11,115,94,12,177,160,16,128,114,11,Finisher,1871
June,Bastida,June Bastida,146,M30-34,Male,Cuanos,PH-CEB,Unknown,,0:28:51,2:55:10,2:02:53,0:04:23,0:03:03,5:34:20,1731,10510,7373,263,183,20060,129,115,25,180,148,24,118,107,25,129,115,25,Finisher,1738
Mary Pauline,Fornea,Mary Pauline Fornea,666,F30-34,Female,Cavite City,PH-CAV,Unknown,,0:25:53,3:08:04,1:54:53,0:03:15,0:02:35,5:34:39,1553,11284,6893,195,155,20079,130,15,3,99,19,4,178,18,3,130,15,3,Finisher,3254
Edson,Junior,Edson Junior,121,M40-44,Female,singapore,Singapore,Brazil,BR,0:42:45,2:49:33,1:55:03,0:04:40,0:03:24,5:35:26,2565,10173,6903,280,204,20126,131,116,21,491,416,67,175,158,24,131,116,21,Finisher,2013
Jodel,Balastigue,Jodel Balastigue,382,M35-39,Male,Pulang Lupa 1,"Las Piñas, Metro Manila",Unknown,,0:28:38,2:57:52,2:00:16,0:05:55,0:02:54,5:35:35,1718,10672,7216,355,174,20135,132,117,15,172,142,26,150,136,17,132,117,15,Finisher,2403
Amar A.,Flores Jr.,Amar A. Flores Jr.,212,M18-24,Male,Mandaue City,PH-CEB,Unknown,,0:28:48,2:56:31,2:01:21,0:05:40,0:03:16,5:35:36,1728,10591,7281,340,196,20136,133,118,5,179,147,11,138,124,5,133,118,5,Finisher,2194
Michael Victor,Pato,Michael Victor Pato,797,M35-39,Male,Basak Pardo,PH-CEB,Unknown,,0:36:03,2:49:32,2:00:21,0:06:11,0:03:43,5:35:49,2163,10172,7221,371,223,20149,134,119,16,422,354,61,144,130,16,134,119,16,Finisher,2399
Takumi ,Hiruta,Takumi Hiruta,262,M25-29,Male,横浜市,Kanagawa,Japan,JP,0:28:28,3:06:02,1:52:02,0:05:42,0:04:04,5:36:17,1708,11162,6722,342,244,20177,135,120,12,169,139,18,198,177,17,135,120,12,Finisher,1832
Yoshihisa,Takase,Yoshihisa Takase,643,M65-69,Male,Nagoya-shi,Aichi-ken,Japan,JP,0:32:40,2:52:47,1:58:22,0:07:48,0:05:04,5:36:41,1960,10367,7102,468,304,20201,136,121,1,313,262,1,153,139,1,136,121,1,Finisher,3500
Dennis Albert,Cruz,Dennis Albert Cruz,763,M45-49,Male,Bagong Silangan,Quezon City NCR,Unknown,,0:31:18,2:47:32,2:05:39,0:05:48,0:06:32,5:36:48,1878,10052,7539,348,392,20208,137,122,14,266,223,26,97,91,11,137,122,14,Finisher,2785
Aira Lourdes,Lopez,Aira Lourdes Lopez,659,F25-29,Female,Taguig,00,Unknown,,0:32:34,2:59:10,1:58:10,0:04:27,0:02:42,5:37:03,1954,10750,7090,267,162,20223,138,16,2,307,51,8,167,16,2,138,16,2,Finisher,3233
Michelle,Boyes,Michelle Boyes,61,F55-59,Female,HALLS HEAD,AU-WA,Australia,AU,0:24:12,3:00:52,2:02:58,0:04:48,0:04:22,5:37:12,1452,10852,7378,288,262,20232,139,17,1,63,10,1,132,13,1,139,17,1,Finisher,3500
Jose Paulo,Pamintuan,Jose Paulo Pamintuan,448,M40-44,Male,Quezon City,NATIONAL CAPITAL REGION,Unknown,,0:34:23,2:57:52,1:53:49,0:06:31,0:04:41,5:37:15,2063,10672,6829,391,281,20235,140,123,22,364,303,42,192,171,26,140,123,22,Finisher,1981
Saidamen leo,Manabilang,Saidamen leo Manabilang,441,M40-44,Male,Cagayan De Oro City,Northern Mindanao,Unknown,,0:29:44,2:54:26,2:04:33,0:04:43,0:04:08,5:37:35,1784,10466,7473,283,248,20255,141,124,23,215,181,25,123,111,17,141,124,23,Finisher,1975
Brien,Cavan,Brien Cavan,378,M35-39,Male,Cebu City,Cebu,Unknown,,0:30:09,3:02:48,1:57:29,0:04:01,0:03:36,5:38:02,1809,10968,7049,241,216,20282,142,125,17,229,193,33,174,157,24,142,125,17,Finisher,2359
Gabrielle,Silvestre-Tengco,Gabrielle Silvestre-Tengco,118,F30-34,Female,Brgy San Lorenzo,PH-00,Unknown,,0:25:53,3:14:48,1:50:05,0:03:53,0:03:25,5:38:04,1553,11688,6605,233,205,20284,143,18,4,100,20,5,233,31,6,143,18,4,Finisher,3192
Pavlos,Karagiannidis,Pavlos Karagiannidis,143,M30-34,Male,Singapore,01,Greece,GR,0:29:17,2:55:34,1:59:19,0:06:58,0:07:00,5:38:08,1757,10534,7159,418,420,20288,144,126,26,198,165,26,146,132,28,144,126,26,Finisher,1669
子嵘,陆,子嵘 陆,407,M35-39,Male,Changshu,Jiangsu,China,CN,0:29:31,3:03:35,1:58:02,0:04:08,0:03:14,5:38:29,1771,11015,7082,248,194,20309,145,127,18,205,172,29,179,161,25,145,127,18,Finisher,2351
Jeff Jerard,Canda,Jeff Jerard Canda,280,M30-34,Male,Brgy Quebiawan,"San Fernando, Pampanga",Unknown,,0:35:32,2:57:10,1:58:20,0:04:12,0:03:24,5:38:37,2132,10630,7100,252,204,20317,146,128,27,399,334,55,171,154,30,146,128,27,Finisher,1661
Mohamad Hasan ,Pantao,Mohamad Hasan Pantao,265,M30-34,Male,Pasay,PH-00,Unknown,,0:35:27,2:44:51,2:09:23,0:05:06,0:04:12,5:38:59,2127,9891,7763,306,252,20339,147,129,28,397,332,54,100,94,20,147,129,28,Finisher,1654
JOHN MARDEN,MEJALA,JOHN MARDEN MEJALA,381,M35-39,Male,Cebu City,PH-CEB,Unknown,,0:33:30,2:58:04,2:00:03,0:03:38,0:03:52,5:39:07,2010,10684,7203,218,232,20347,148,130,19,334,282,51,163,148,22,148,130,19,Finisher,2340
Anthony,Yeap Jin Ghee,Anthony Yeap Jin Ghee,162,M50-54,Male,Georgetown,MY-07,Malaysia,MY,0:23:41,3:00:39,2:07:25,0:04:20,0:03:04,5:39:08,1421,10839,7645,260,184,20348,149,131,13,52,43,4,121,109,11,149,131,13,Finisher,2062
Ryuzo,Kojima,Ryuzo Kojima,152,M40-44,Male,静岡市駿河区石田,JP-22,Japan,JP,0:34:29,3:03:58,1:48:34,0:06:01,0:06:13,5:39:15,2069,11038,6514,361,373,20355,150,132,24,368,307,44,231,201,32,150,132,24,Finisher,1945
Ricarte,Dayata,Ricarte Dayata,164,M50-54,Male, Quezon City,PH-00,Unknown,,0:28:48,3:03:40,1:58:21,0:04:15,0:04:34,5:39:38,1728,11020,7101,255,274,20378,151,133,14,178,146,16,169,152,15,151,133,14,Finisher,2053
Pang Yu,Yu,Pang Yu Yu,323,M30-34,Male,線西鄉,TW-CHA,Taiwan,TW,0:30:40,3:00:52,1:59:07,0:05:33,0:03:40,5:39:53,1840,10852,7147,333,220,20393,152,134,29,242,202,36,176,159,33,152,134,29,Finisher,1638
Cynthia May,Ras,Cynthia May Ras,658,F25-29,Female,Santo Domingo,Bicol Region,Unknown,,0:25:12,3:09:42,1:58:16,0:03:41,0:03:04,5:39:55,1512,11382,7096,221,184,20395,153,19,3,81,15,3,189,21,3,153,19,3,Finisher,3181
Jayjay,Cantor,Jayjay Cantor,158,M45-49,Male,Tanauan City ,PH-BTG,Unknown,,0:32:39,2:59:47,1:57:48,0:05:16,0:04:35,5:40:05,1959,10787,7068,316,275,20405,154,135,15,312,261,35,183,165,19,154,135,15,Finisher,2726
Arvin Joy,Serrano,Arvin Joy Serrano,215,M25-29,Male,San Fernando,PH-PAM,Unknown,,0:27:29,2:49:22,2:15:18,0:04:39,0:03:25,5:40:12,1649,10162,8118,279,205,20412,155,136,13,145,119,16,85,81,8,155,136,13,Finisher,1762
Jimmy,Kellman,Jimmy Kellman,614,M55-59,Male,St.Michael,Ontario,Barbados,BB,0:33:01,2:49:02,2:05:14,0:06:42,0:06:14,5:40:13,1981,10142,7514,402,374,20413,156,137,7,321,269,19,122,110,8,156,137,7,Finisher,2420
Joaquin,Lijauco,Joaquin Lijauco,226,M25-29,Male,Santa Rosa,Laguna,Unknown,,0:29:10,2:57:52,2:04:35,0:04:46,0:03:59,5:40:22,1750,10672,7475,286,239,20422,157,138,14,194,161,23,145,131,15,157,138,14,Finisher,1759
Ralph Eric,Huan,Ralph Eric Huan,330,M30-34,Male,Tagbilaran City,PH-BOH,Unknown,,0:46:36,2:44:44,1:58:38,0:05:35,0:05:17,5:40:50,2796,9884,7118,335,317,20450,158,139,30,510,434,67,173,156,32,158,139,30,Finisher,1621
AL-Shariff ,Diangca,AL-Shariff Diangca,794,M18-24,Male,Mahayag,Zamboanga Peninsula,Unknown,,0:34:33,3:00:42,1:57:24,0:04:12,0:04:01,5:40:53,2073,10842,7044,252,241,20453,159,140,6,370,309,14,193,172,7,159,140,6,Finisher,2099
Toffe Christian,Castillo,Toffe Christian Castillo,244,M25-29,Male,Barangy Ubalde,Davao City,Unknown,,0:28:10,3:00:03,2:06:02,0:03:19,0:03:32,5:41:05,1690,10803,7562,199,212,20465,160,141,15,158,131,17,140,126,13,160,141,15,Finisher,1746
Takahiro,Mishina,Takahiro Mishina,178,M40-44,Male,"Kanazawa-ku, Yokohama-shi",JP-14,Japan,JP,0:29:31,2:54:19,2:05:12,0:07:45,0:04:47,5:41:34,1771,10459,7512,465,287,20494,161,142,25,204,171,22,141,127,20,161,142,25,Finisher,1903
Fabienne,Wyss,Fabienne Wyss,707,F45-49,Female,Daanbantayan,PH-CEB,Unknown,,0:28:48,3:03:26,2:01:48,0:04:25,0:03:33,5:42:00,1728,11006,7308,265,213,20520,162,20,2,177,32,6,168,17,3,162,20,2,Finisher,3120
Joy,Tiu,Joy Tiu,176,F25-29,Female,Mandaluyong,PH-00,Unknown,,0:27:42,3:09:05,1:57:35,0:05:00,0:04:22,5:43:44,1662,11345,7055,300,262,20624,163,21,4,146,27,6,212,25,4,163,21,4,Finisher,3112
Michael,Rudolph,Michael Rudolph,786,M55-59,Male,Makati City,NCR,Germany,DE,0:28:57,2:49:18,2:19:13,0:03:24,0:03:12,5:44:03,1737,10158,8353,204,192,20643,164,143,8,185,152,14,86,82,4,164,143,8,Finisher,2351
Will,Dalling,Will Dalling,160,M45-49,Male,Hong Kong,Hong Kong,South Africa,ZA,0:31:05,3:06:53,1:58:04,0:05:04,0:03:10,5:44:16,1865,11213,7084,304,190,20656,165,144,16,259,217,25,221,193,25,165,144,16,Finisher,2651
Shinya,Tomita,Shinya Tomita,482,M45-49,Male,Singapore,SOUTH WEST,Japan,JP,0:35:46,3:04:09,1:52:17,0:06:22,0:05:57,5:44:30,2146,11049,6737,382,357,20670,166,145,17,411,344,49,249,218,28,166,145,17,Finisher,2647
Princess Hazel,mata,Princess Hazel mata,772,F25-29,Female,San Fernando,Central Luzon,Unknown,,0:31:32,3:12:41,1:52:59,0:04:35,0:02:58,5:44:45,1892,11561,6779,275,178,20685,167,22,5,274,45,7,268,37,7,167,22,5,Finisher,3094
Hiroshi,Ebihara,Hiroshi Ebihara,784,M35-39,Male,Cordova,Central Visayas,Unknown,,0:25:16,3:09:04,2:01:33,0:04:25,0:04:35,5:44:54,1516,11344,7293,265,275,20694,168,146,20,83,68,11,191,170,27,168,146,20,Finisher,2236
CHENYU,HSU,CHENYU HSU,309,M30-34,Male,竹北市,TW-HSQ,Taiwan,TW,0:35:36,3:02:53,1:56:32,0:06:30,0:03:29,5:45:00,2136,10973,6992,390,209,20700,169,147,31,406,340,56,236,205,38,169,147,31,Finisher,1546
Tatsuya,Nagase,Tatsuya Nagase,526,M45-49,Male,chuo,JP-13,Japan,JP,0:26:30,3:05:26,1:59:53,0:06:20,0:06:55,5:45:04,1590,11126,7193,380,415,20704,170,148,18,113,92,11,187,167,20,170,148,18,Finisher,2636
Ryan Conroe,Escriba,Ryan Conroe Escriba,413,M35-39,Male,Lapu-Lapu City,PH-CEB,Unknown,,0:28:11,3:06:52,2:01:37,0:05:35,0:03:37,5:45:53,1691,11212,7297,335,217,20753,171,149,21,160,133,25,203,180,29,171,149,21,Finisher,2218
Alec,Clavecillas,Alec Clavecillas,315,M30-34,Male,Olongapo City,Central Luzon,Unknown,,0:27:58,3:13:42,1:57:40,0:03:40,0:03:01,5:46:02,1678,11622,7060,220,181,20762,172,150,32,152,125,19,244,213,42,172,150,32,Finisher,1527
Rie,Watanabe,Rie Watanabe,123,F45-49,Female,katano city,OSAKA,Japan,JP,0:27:24,2:56:32,2:14:08,0:04:26,0:03:35,5:46:05,1644,10592,8048,266,215,20765,173,23,3,142,26,3,117,11,2,173,23,3,Finisher,3047
Masami,Suzuki,Masami Suzuki,709,F50-54,Female,FUKUSHIMA,JP-07,Japan,JP,0:29:36,3:05:47,2:00:21,0:06:29,0:04:03,5:46:16,1776,11147,7221,389,243,20776,174,24,1,210,34,3,213,26,3,174,24,1,Finisher,3500
Parker,Yust,Parker Yust,239,M25-29,Male,Spring Hill,KS,Unknown,,0:24:54,3:11:40,2:00:50,0:05:20,0:03:38,5:46:21,1494,11500,7250,320,218,20781,175,151,16,76,62,7,214,188,20,175,151,16,Finisher,1651
Mohamad Hasan ,Pantao,Mohamad Hasan Pantao,272,M30-34,Male,Pasay,PH-00,Unknown,,0:34:08,3:03:43,1:57:44,0:06:39,0:04:32,5:46:46,2048,11023,7064,399,272,20806,176,152,33,358,299,52,232,202,37,176,152,33,Finisher,1514
Koji,Muroya,Koji Muroya,59,M60-64,Male,Aoyama 7 chomeOtsu,JP-25,Japan,JP,0:25:24,3:01:43,2:10:28,0:05:17,0:04:07,5:46:58,1524,10903,7828,317,247,20818,177,153,2,87,71,2,149,135,3,177,153,2,Finisher,3254
Michael,Sanchez,Michael Sanchez,231,M25-29,Male,bacolod city,negros occidental,Unknown,,0:33:29,3:05:33,1:58:56,0:05:00,0:04:03,5:47:01,2009,11133,7136,300,243,20821,178,154,17,332,280,29,228,199,22,178,154,17,Finisher,1639
Vivian,Kng ,Vivian Kng,657,F25-29,Female,Singapore,Singapore,Singapore,SG,0:26:44,3:21:31,1:44:20,0:06:52,0:07:40,5:47:07,1604,12091,6260,412,460,20827,179,25,6,120,22,5,312,45,8,179,25,6,Finisher,3051
Katsuyuki,Takiguchi,Katsuyuki Takiguchi,167,M55-59,Male,船橋市,JP-12,Japan,JP,0:31:20,2:58:17,2:01:31,0:07:39,0:08:32,5:47:19,1880,10697,7291,459,512,20839,180,155,9,267,224,17,180,162,13,180,155,9,Finisher,2292
Neil,Goulsbra,Neil Goulsbra,58,M55-59,Male,Dubai Silicon Oasis,AE-DU,Unknown,,0:31:10,2:53:35,2:14:20,0:05:01,0:03:29,5:47:35,1870,10415,8060,301,209,20855,181,156,10,263,221,16,130,118,9,181,156,10,Finisher,2287
Jonathan,Barber,Jonathan Barber,624,M55-59,Male,SANTA ROSA,CA,Unknown,,0:19:29,3:01:02,2:16:20,0:04:51,0:06:20,5:48:02,1169,10862,8180,291,380,20882,182,157,11,16,15,1,99,93,5,182,157,11,Finisher,2279
Terence,Thiang,Terence Thiang,405,M35-39,Male,Subang Jaya,Selangor,Malaysia,MY,0:35:35,3:03:07,1:59:34,0:06:45,0:03:35,5:48:37,2135,10987,7174,405,215,20917,183,158,22,403,338,56,245,214,33,183,158,22,Finisher,2169
Richard Godofredo,Labitan,Richard Godofredo Labitan,233,M25-29,Male,Pasay City,National Capital Region,Unknown,,0:39:10,2:47:38,2:13:36,0:04:05,0:04:11,5:48:41,2350,10058,8016,245,251,20921,184,159,18,469,397,42,137,123,12,184,159,18,Finisher,1609
Jiffy,Chua,Jiffy Chua,165,M50-54,Male,Manila,PH-00,Unknown,,0:34:40,3:05:59,1:59:03,0:04:38,0:04:31,5:48:51,2080,11159,7143,278,271,20931,185,160,15,381,318,38,242,211,20,185,160,15,Finisher,1887
Takayuki,Tsutsui,Takayuki Tsutsui,570,M50-54,Male,中野区,東京都,Japan,JP,0:24:10,3:09:31,2:05:11,0:05:50,0:04:32,5:49:15,1450,11371,7511,350,272,20955,186,161,16,62,53,6,194,173,16,186,161,16,Finisher,1880
Yoshihiro,Matsumiya,Yoshihiro Matsumiya,424,M40-44,Male,Kamigyo-ku daikokucho,Kyoto,Japan,JP,0:25:37,3:05:03,2:07:50,0:05:08,0:05:51,5:49:28,1537,11103,7670,308,351,20968,187,162,26,94,78,13,166,151,23,187,162,26,Finisher,1761
Herman,Herman,Herman Herman,102,M45-49,Male,sungai raya dalamsungai raya da,West Kalimantan,Indonesia,ID,0:25:24,3:02:32,2:14:32,0:04:22,0:02:48,5:49:38,1524,10952,8072,262,168,20978,188,163,19,88,72,10,148,134,15,188,163,19,Finisher,2554
Yasutaka,Ueki,Yasutaka Ueki,634,M60-64,Male,Matsudo-shi,Chiba,Japan,JP,0:31:39,2:51:57,2:12:20,0:06:16,0:07:31,5:49:44,1899,10317,7940,376,451,20984,189,164,3,283,237,7,133,120,2,189,164,3,Finisher,3205
Reymundo Jr.,Galindo,Reymundo Jr. Galindo,294,M30-34,Male,Arakan,SOCCSKSARGEN,Unknown,,0:31:08,3:08:10,1:59:35,0:05:43,0:05:15,5:49:51,1868,11290,7175,343,315,20991,190,165,34,261,219,40,237,206,39,190,165,34,Finisher,1458
Jennifer Aimee,Uy,Jennifer Aimee Uy,688,F35-39,Female,Makati,PH-00,Unknown,,0:28:26,3:12:51,1:58:47,0:05:37,0:04:35,5:50:16,1706,11571,7127,337,275,21016,191,26,3,168,30,6,256,32,5,191,26,3,Finisher,2981
Flordan,Codera,Flordan Codera,432,M40-44,Male,Doha,AD DAW?AH,Unknown,,0:34:36,3:00:27,2:01:54,0:08:07,0:05:12,5:50:16,2076,10827,7314,487,312,21016,192,166,27,373,312,47,222,194,29,192,166,27,Finisher,1746
Leonel James,Fernandez,Leonel James Fernandez,210,M18-24,Male,Cebu City,Cebu ,Unknown,,0:27:52,3:06:13,2:08:28,0:04:36,0:03:11,5:50:19,1672,11173,7708,276,191,21019,193,167,7,149,122,9,190,169,6,193,167,7,Finisher,1929
Junko,Nakamura,Junko Nakamura,111,F50-54,Female,Mihama-ku Chiba city,JP-12,Japan,JP,0:21:44,3:15:01,2:06:07,0:03:40,0:03:57,5:50:28,1304,11701,7567,220,237,21028,194,27,2,39,7,1,200,22,2,194,27,2,Finisher,3424
Carlos Daniel,Dungao,Carlos Daniel Dungao,257,M25-29,Male,San Fernando,PAMPANGA,Unknown,,0:25:28,3:12:56,2:03:25,0:04:12,0:04:43,5:50:43,1528,11576,7405,252,283,21043,195,168,19,89,73,8,217,191,21,195,168,19,Finisher,1573
Emmanuel,Alferez,Emmanuel Alferez,346,M35-39,Male,Mandaue City,PH-CEB,Unknown,,0:24:10,3:05:24,2:12:41,0:04:47,0:04:06,5:51:08,1450,11124,7961,287,246,21068,196,169,23,61,52,7,159,144,20,196,169,23,Finisher,2123
Craig,Weymouth,Craig Weymouth,630,M60-64,Male,TAMUNING,GUAM,Guam,GU,0:32:52,3:07:38,2:00:27,0:05:54,0:04:22,5:51:13,1972,11258,7227,354,262,21073,197,170,4,318,266,8,252,221,5,197,170,4,Finisher,3178
Kibum,Bae,Kibum Bae,527,M45-49,Male,"Jeonggwan-eup, gijang-gun",KR-26,Australia,AU,0:32:31,3:07:28,1:58:48,0:06:20,0:06:27,5:51:34,1951,11248,7128,380,387,21094,198,171,20,303,253,33,250,219,29,198,171,20,Finisher,2519
Anthony,Head,Anthony Head,629,M60-64,Male,Suginami-Ku,JP-13,Australia,AU,0:35:57,3:03:08,1:54:39,0:10:17,0:07:34,5:51:35,2157,10988,6879,617,454,21095,199,172,5,416,348,9,272,235,7,199,172,5,Finisher,3171
Yukie,Miura,Yukie Miura,708,F45-49,Female,Koshigaya ,JP-11,Japan,JP,0:28:43,3:10:58,2:00:17,0:07:35,0:04:16,5:51:49,1723,11458,7217,455,256,21109,200,28,4,175,31,5,257,33,4,200,28,4,Finisher,2943
Duncan,Holland,Duncan Holland,154,M40-44,Male,Zuoz,foreigner,Unknown,,0:36:13,3:02:40,2:02:46,0:05:53,0:05:28,5:52:59,2173,10960,7366,353,328,21179,201,173,28,424,356,53,234,203,33,201,173,28,Finisher,1697
Lawrence,Rojas,Lawrence Rojas,251,M25-29,Male,Cebu City,Central Visayas,Unknown,,0:26:24,3:10:25,2:08:56,0:04:07,0:03:17,5:53:09,1584,11425,7736,247,197,21189,202,174,20,111,90,11,205,182,18,202,174,20,Finisher,1529
Wiwik,Pujiati,Wiwik Pujiati,175,F45-49,Female,tangerang selatan,Banten,Indonesia,ID,0:28:55,3:27:19,1:47:57,0:05:18,0:03:51,5:53:18,1735,12439,6477,318,231,21198,203,29,5,183,33,7,361,56,7,203,29,5,Finisher,2917
Daniel,Masters,Daniel Masters,491,M45-49,Male,Bangkok,Bangkok,Thailand,TH,0:29:16,3:02:38,2:08:57,0:07:59,0:04:57,5:53:46,1756,10958,7737,479,297,21226,204,175,21,197,164,21,195,174,21,204,175,21,Finisher,2480
Gabriel,Sta Ana,Gabriel Sta Ana,217,M25-29,Male,Bocaue,PH-BUL,Unknown,,0:28:55,3:07:26,2:08:50,0:04:55,0:04:20,5:54:26,1735,11246,7730,295,260,21266,205,176,21,182,150,20,209,185,19,205,176,21,Finisher,1506
Junas,Cortez,Junas Cortez,416,M35-39,Male,Al Khor and Al Thakhira,Qatar,Unknown,,0:34:37,3:14:37,1:56:07,0:05:05,0:04:12,5:54:38,2077,11677,6967,305,252,21278,206,177,24,375,313,52,307,266,44,206,177,24,Finisher,2060
Alex ,Franse ,Alex Franse,387,M35-39,Male,Highgate,Western Australia,Australia,AU,0:31:09,3:04:47,2:04:53,0:07:44,0:06:10,5:54:42,1869,11087,7493,464,370,21282,207,178,25,262,220,37,226,197,31,207,178,25,Finisher,2059
Yuriko,Orihara,Yuriko Orihara,704,F45-49,Female,"Kawaguchi, Kawaguchi-ctykantoh",Saitama,Japan,JP,0:19:42,3:25:32,1:59:59,0:05:42,0:04:13,5:55:08,1182,12332,7199,342,253,21308,208,30,6,18,3,1,282,38,6,208,30,6,Finisher,2884
Daisy,Pope-Brien,Daisy Pope-Brien,686,F35-39,Female,Floreat,AU-WA,Australia,AU,0:20:23,3:17:48,2:06:39,0:05:19,0:05:17,5:55:26,1223,11868,7599,319,317,21326,209,31,4,29,5,2,225,29,4,209,31,4,Finisher,2888
Luis Antonio,Carballo,Luis Antonio Carballo,159,M45-49,Male,Pasig City,00,Unknown,,0:27:59,2:55:43,2:17:12,0:08:57,0:05:41,5:55:31,1679,10543,8232,537,341,21331,210,179,22,153,126,15,151,137,16,210,179,22,Finisher,2448
James Adrian,Somontina,James Adrian Somontina,278,M30-34,Male,Paranaque,PH-00,Unknown,,0:27:28,2:54:47,2:25:33,0:04:53,0:03:01,5:55:42,1648,10487,8733,293,181,21342,211,180,35,144,118,18,110,102,22,211,180,35,Finisher,1353
Stephane,Istel,Stephane Istel,524,M45-49,Male,Singapore,Singapore,France,FR,0:28:36,3:01:14,2:13:48,0:05:51,0:07:25,5:56:53,1716,10874,8028,351,445,21413,212,181,23,170,140,20,165,150,18,212,181,23,Finisher,2424
Khimberly,Paquibot,Khimberly Paquibot,171,F30-34,Female,Lapu-Lapu,PH-CEB,Unknown,,0:31:59,3:08:41,2:09:51,0:03:48,0:02:55,5:57:13,1919,11321,7791,228,175,21433,213,32,5,293,49,11,230,30,5,213,32,5,Finisher,2848
Kenji,Hikita,Kenji Hikita,437,M40-44,Male,Okayama,Okayama,Japan,JP,0:30:00,3:06:07,2:07:51,0:05:22,0:07:57,5:57:18,1800,11167,7671,322,477,21438,214,182,29,221,186,26,210,186,28,214,182,29,Finisher,1620
Kent Patrick,Young,Kent Patrick Young,746,M40-44,Male,Makati,NATIONAL CAPITAL REGION,Unknown,,0:34:25,2:49:30,2:21:58,0:06:23,0:05:18,5:57:34,2065,10170,8518,383,318,21454,215,183,30,365,304,43,134,121,19,215,183,30,Finisher,1615
Roger,Hendriksz,Roger Hendriksz,562,M50-54,Male,Singapore,01,Unknown,,0:30:54,3:04:27,2:12:40,0:04:44,0:05:01,5:57:46,1854,11067,7960,284,301,21466,216,184,17,253,212,27,196,175,17,216,184,17,Finisher,1727
Elmond John,Mondaya,Elmond John Mondaya,798,M30-34,Male,consolacion,cebu,Unknown,,0:31:47,3:02:44,2:15:58,0:04:03,0:03:17,5:57:49,1907,10964,8158,243,197,21469,217,185,36,286,240,42,188,168,34,217,185,36,Finisher,1315
Francisco,Baltazar,Francisco Baltazar,113,M30-34,Male,Quezon City,00,Unknown,,0:29:27,2:46:06,2:35:09,0:03:48,0:03:27,5:57:57,1767,9966,9309,228,207,21477,218,186,37,202,169,27,77,73,17,218,186,37,Finisher,1313
Ian,Kwon,Ian Kwon,537,M45-49,Male,Busan,KR-26,Australia,AU,0:28:06,2:56:51,2:23:39,0:03:39,0:05:45,5:57:59,1686,10611,8619,219,345,21479,219,187,24,157,130,16,120,108,12,219,187,24,Finisher,2404
Kirsten,Scott,Kirsten Scott,711,F50-54,Female,Bedford,BDF,Kenya,KE,0:25:50,3:03:02,2:19:49,0:05:27,0:03:53,5:58:01,1550,10982,8389,327,233,21481,220,33,3,98,18,2,158,15,1,220,33,3,Finisher,3288
Virgilio,Carpio,Virgilio Carpio,253,M25-29,Male,Cebu City,CENTRAL VISAYAS,Unknown,,0:30:48,3:20:15,1:56:56,0:05:10,0:05:04,5:58:14,1848,12015,7016,310,304,21494,221,188,22,250,209,26,319,272,31,221,188,22,Finisher,1437
Starlz Kevin ,Saladaga,Starlz Kevin Saladaga,388,M35-39,Male,Pagadian ,Zamboanga Peninsula,Unknown,,0:29:06,3:02:20,2:19:56,0:04:07,0:02:54,5:58:24,1746,10940,8396,247,174,21504,222,189,26,189,156,27,164,149,23,222,189,26,Finisher,1993
Paolo,Santillana,Paolo Santillana,249,M25-29,Male,Pio del Pilar,Makati Metro Manila,Unknown,,0:29:01,3:08:42,2:08:27,0:07:35,0:04:45,5:58:29,1741,11322,7707,455,285,21509,223,190,23,186,153,21,243,212,23,223,190,23,Finisher,1433
Frexel,Loquinte,Frexel Loquinte,360,M35-39,Male,Liloan,CEB,Unknown,,0:28:02,3:04:49,2:15:26,0:04:46,0:05:29,5:58:32,1682,11089,8126,286,329,21512,224,191,27,154,127,23,181,163,26,224,191,27,Finisher,1990
Yuichi,Hashimoto,Yuichi Hashimoto,641,M60-64,Male,Tokorozawa-city,Kedah,Japan,JP,0:29:25,3:17:42,2:00:35,0:05:24,0:05:50,5:58:56,1765,11862,7235,324,350,21536,225,192,6,201,168,4,299,259,8,225,192,6,Finisher,3039
Jase,Power,Jase Power,325,M30-34,Male,Vasse,WESTERN AUSTRALIA,Australia,AU,0:25:01,2:59:16,2:23:18,0:07:21,0:04:19,5:59:15,1501,10756,8598,441,259,21555,226,193,38,78,64,11,142,128,27,226,193,38,Finisher,1289
Celma,Hitalia,Celma Hitalia,62,F60-64,Female,Muntinlupa City,PH-00,Unknown,,0:33:39,3:16:18,1:59:31,0:05:06,0:04:47,5:59:20,2019,11778,7171,306,287,21560,227,34,1,342,57,1,311,44,1,227,34,1,Finisher,3500
Boey,Chen,Boey Chen,247,M25-29,Male,APO,US-NC,China,CN,0:38:38,3:08:02,2:04:02,0:04:42,0:03:57,5:59:22,2318,11282,7442,282,237,21562,228,194,24,463,392,41,288,249,27,228,194,24,Finisher,1417
Kobe,Francisco,Kobe Francisco,223,M25-29,Male,Quezon City,National Capital Region,Unknown,,0:41:10,,2:03:40,0:06:48,0:00:00,5:59:23,2470,0,7420,408,0,21563,229,195,25,481,408,44,99999,99999,99999,229,195,25,Finisher,1417
Joffrey,Año,Joffrey Año,764,M50-54,Male,"San Jose, Pili",PH-CAS,Unknown,,0:29:27,3:11:37,2:07:48,0:06:27,0:04:12,5:59:31,1767,11497,7668,387,252,21571,230,196,18,203,170,19,259,226,22,230,196,18,Finisher,1695
Paolo Gabriel,Cruz,Paolo Gabriel Cruz,327,M30-34,Male,Fort Bonifacio,Metro Manila,Unknown,,0:30:49,3:17:30,2:00:05,0:05:36,0:05:43,5:59:43,1849,11850,7205,336,343,21583,231,197,39,251,210,38,305,265,46,231,197,39,Finisher,1281
Lexter,Ansaldo,Lexter Ansaldo,115,M40-44,Male,davao,PH-DAS,Unknown,,0:51:11,2:43:24,2:12:21,0:06:30,0:06:19,5:59:45,3071,9804,7941,390,379,21585,232,198,31,516,438,69,208,184,27,232,198,31,Finisher,1576
Guillaume,Rouchon,Guillaume Rouchon,423,M40-44,Male,Eaubonne,Île-de-France,France,FR,0:23:51,3:24:34,2:02:42,0:04:06,0:04:35,5:59:47,1431,12274,7362,246,275,21587,233,199,32,53,44,9,298,258,40,233,199,32,Finisher,1575
Nathalia Loise,Pili,Nathalia Loise Pili,663,F30-34,Female,Magalang,Central Luzon,Unknown,,0:35:45,3:02:43,2:12:53,0:04:21,0:04:27,6:00:08,2145,10963,7973,261,267,21608,234,35,6,410,67,16,218,27,4,234,35,6,Finisher,2795
Takanori,Kajiwara,Takanori Kajiwara,623,M55-59,Male,Naganoken,JP-20,Japan,JP,0:33:47,3:11:25,2:04:18,0:05:31,0:05:22,6:00:23,2027,11485,7458,331,322,21623,235,200,12,346,289,20,280,243,15,235,200,12,Finisher,2057
Bianca Clarisse,Tan,Bianca Clarisse Tan,109,F25-29,Female,Barangay Immaculate Conception,PH-00,Unknown,,0:24:30,3:13:59,2:14:27,0:04:22,0:03:31,6:00:50,1470,11639,8067,262,211,21650,236,36,7,69,12,2,219,28,5,236,36,7,Finisher,2804
Charlize Meg,Sanhi,Charlize Meg Sanhi,771,F25-29,Female,Quezon City,METRO MANILA,Unknown,,0:25:23,3:18:25,2:08:45,0:04:23,0:04:12,6:01:07,1523,11905,7725,263,252,21667,237,37,8,86,16,4,262,35,6,237,37,8,Finisher,2799
현상,신,현상 신,597,M50-54,Male,광주광역시,북구,Australia,AU,0:34:07,3:06:03,2:10:01,0:06:34,0:05:28,6:02:14,2047,11163,7801,394,328,21734,238,201,19,357,298,36,255,224,21,238,201,19,Finisher,1646
Raymond,Chavez,Raymond Chavez,394,M35-39,Male,Quezon City,PH-00,Unknown,,0:35:19,3:10:53,2:04:37,0:06:07,0:05:56,6:02:51,2119,11453,7477,367,356,21771,239,202,28,395,330,54,294,254,42,239,202,28,Finisher,1913
Nikhil,Steven,Nikhil Steven,473,M40-44,Male,BENGALURU,Karnataka,India,IN,0:29:05,3:11:59,2:12:52,0:05:35,0:03:37,6:03:08,1745,11519,7972,335,217,21788,240,203,33,188,155,19,253,222,36,240,203,33,Finisher,1515
tochay,Seviila,tochay Seviila,205,M18-24,,surigao city,PH-SUN,Unknown,,0:28:15,3:17:42,2:05:23,0:04:19,0:07:30,6:03:09,1695,11862,7523,259,450,21789,241,204,8,164,137,10,277,240,9,241,204,8,Finisher,1698
Miguel,Ortiz,Miguel Ortiz,383,M35-39,Male,Cebu City,CEB,Unknown,,0:25:01,3:01:03,2:26:32,0:06:50,0:03:57,6:03:23,1501,10863,8792,410,237,21803,242,205,29,77,63,9,152,138,18,242,205,29,Finisher,1903
Hideki,Matsumoto,Hideki Matsumoto,642,M60-64,Male,osaka joutou noe,JP-27,Japan,JP,0:29:37,3:12:20,2:08:47,0:07:12,0:05:51,6:03:47,1777,11540,7727,432,351,21827,243,206,7,211,177,5,270,233,6,243,206,7,Finisher,2952
Neil,Mamac,Neil Mamac,782,M35-39,Male,Brgy. Kasambagan,CEBU,Unknown,,0:33:14,3:12:41,2:05:55,0:05:26,0:06:38,6:03:53,1994,11561,7555,326,398,21833,244,207,30,326,274,47,287,248,40,244,207,30,Finisher,1894
Karl T,Reformina,Karl T Reformina,114,M45-49,Male,"Brgy. LANGKAAN, Dasmariñas City",CAV,Unknown,,0:39:29,3:11:29,2:01:57,0:05:27,0:05:39,6:04:01,2369,11489,7317,327,339,21841,245,208,25,473,401,54,324,276,33,245,208,25,Finisher,2295
Kenji,Miura,Kenji Miura,557,M50-54,Male,Higashikoshigaya Koshigayashi Saitamaken,JP-11,Japan,JP,0:26:43,3:07:01,2:15:32,0:08:37,0:06:52,6:04:45,1603,11221,8132,517,412,21885,246,209,20,119,98,10,215,189,19,246,209,20,Finisher,1601
Han Kwon,Yoo,Han Kwon Yoo,161,M45-49,Male,고양시,KR-41,Australia,AU,0:33:43,3:23:05,1:58:43,0:04:42,0:04:32,6:04:46,2023,12185,7123,282,272,21886,247,210,26,345,288,41,360,305,39,247,210,26,Finisher,2282
Diana,Balungcas,Diana Balungcas,695,F40-44,Female,Lapulapu,PH-CEB,Unknown,,0:34:39,3:17:40,2:01:08,0:05:58,0:05:31,6:04:55,2079,11860,7268,358,331,21895,248,38,2,376,63,12,337,51,5,248,38,2,Finisher,2630
Campbell,Paton,Campbell Paton,232,M25-29,Male,Vasse,Western Australia,Australia,AU,0:39:13,3:03:03,2:12:44,0:06:34,0:04:16,6:05:50,2353,10983,7964,394,256,21950,249,211,26,470,398,43,269,232,24,249,211,26,Finisher,1301
Melona,Yucot,Melona Yucot,654,F18-24,Female,Cebu,Cebu,Unknown,,0:32:50,3:01:26,2:21:01,0:06:41,0:04:58,6:06:55,1970,10886,8461,401,298,22015,250,39,2,317,52,2,206,24,2,250,39,2,Finisher,2573
Hironori,Miyagi,Hironori Miyagi,105,M50-54,Male,Edogawa-ku,JP-13,Japan,JP,0:44:00,3:08:42,2:04:40,0:05:42,0:04:22,6:07:26,2640,11322,7480,342,262,22046,251,212,21,502,427,50,340,288,34,251,212,21,Finisher,1553
Eugene,Lidres,Eugene Lidres,421,M35-39,Male,Davao City,PH-DAS,Unknown,,0:32:32,3:11:32,2:13:52,0:05:49,0:03:45,6:07:30,1952,11492,8032,349,225,22050,252,213,31,305,255,43,275,238,37,252,213,31,Finisher,1829
Sherwin,Nolasco,Sherwin Nolasco,722,M50-54,Male,Cogon/bogo,Cebu,Unknown,,0:34:47,3:11:40,2:10:03,0:06:22,0:04:55,6:07:48,2087,11500,7803,382,295,22068,253,214,22,384,320,39,300,260,30,253,214,22,Finisher,1546
Amer Hussien,Manaros,Amer Hussien Manaros,347,M35-39,Male,Iligan City,PH-LAN,Unknown,,0:32:37,3:10:40,2:13:20,0:05:07,0:06:21,6:08:05,1957,11440,8000,307,381,22085,254,215,32,311,260,45,264,229,35,254,215,32,Finisher,1818
Aaron,Rosales,Aaron Rosales,754,M35-39,Male,San Roque,PH-00,Unknown,,0:31:44,3:19:13,2:05:39,0:05:25,0:06:14,6:08:15,1904,11953,7539,325,374,22095,255,216,33,284,238,38,322,275,46,255,216,33,Finisher,1815
Jemela Joyce,Solon,Jemela Joyce Solon,736,F30-34,Female,Paranaque,PH-00,Unknown,,0:36:27,3:14:19,2:06:24,0:05:36,0:05:33,6:08:20,2187,11659,7584,336,333,22100,256,40,7,430,69,17,323,48,10,256,40,7,Finisher,2648
Masatsugu,Kondo,Masatsugu Kondo,461,M40-44,Male,"Nagoya, Minami-ku, Myoen-cho",AICHI,Japan,JP,0:25:46,3:11:01,2:19:05,0:08:03,0:04:32,6:08:27,1546,11461,8345,483,272,22107,257,217,34,97,80,15,235,204,34,257,217,34,Finisher,1419
Murray,Calder,Murray Calder,317,M30-34,Male,Zürich,ZH,Unknown,,0:32:29,3:17:42,2:06:14,0:07:03,0:05:05,6:08:33,1949,11862,7574,423,305,22113,258,218,40,302,252,47,327,278,47,258,218,40,Finisher,1122
Ruben Adrian,Dizon,Ruben Adrian Dizon,743,M35-39,Male,Palompon,PH-LEY,Unknown,,0:26:51,2:58:11,2:27:36,0:08:27,0:07:52,6:08:56,1611,10691,8856,507,472,22136,259,219,34,124,102,16,154,140,19,259,219,34,Finisher,1803
Noel,Nevado,Noel Nevado,600,M55-59,Male,Gerlafingen,CH,Spain,ES,0:26:09,3:02:46,2:30:04,0:05:04,0:05:27,6:09:30,1569,10966,9004,304,327,22170,260,220,13,105,84,8,156,142,11,260,220,13,Finisher,1893
Mark,Geniston,Mark Geniston,572,M50-54,Male,Liloan,CENTRAL VISAYAS,Unknown,,0:35:58,3:09:33,2:11:26,0:07:29,0:05:20,6:09:46,2158,11373,7886,449,320,22186,261,221,23,417,349,42,302,262,32,261,221,23,Finisher,1511
Seiya,Ito,Seiya Ito,406,M35-39,Male,Saga-shi Honjomachi Suetsugu,Saga-ken,Japan,JP,0:30:51,3:06:47,2:18:25,0:07:28,0:06:16,6:09:48,1851,11207,8305,448,376,22188,262,222,35,252,211,35,239,208,32,262,222,35,Finisher,1787
Vanrobill,Goc-ong,Vanrobill Goc-ong,326,M30-34,Male,Cebu,CEBU,Unknown,,0:30:27,3:00:10,2:27:55,0:06:16,0:05:04,6:09:52,1827,10810,8875,376,304,22192,263,223,41,236,198,32,172,155,31,263,223,41,Finisher,1098
Hendy,Djauw,Hendy Djauw,440,M40-44,Male,sukapuraJakarta utara,ID-JAKARTA RAYA,Indonesia,ID,0:30:05,3:19:21,2:09:41,0:06:02,0:04:50,6:10:00,1805,11961,7781,362,290,22200,264,224,35,226,190,27,315,269,41,264,224,35,Finisher,1391
Philip Jr,Tan,Philip Jr Tan,598,M50-54,Male,Tagbilaran City,Bohol,Unknown,,0:31:36,3:15:26,2:10:08,0:05:55,0:06:58,6:10:03,1896,11726,7808,355,418,22203,265,225,24,280,234,29,301,261,31,265,225,24,Finisher,1505
Ryan,De Gracia,Ryan De Gracia,744,M45-49,Male,Pusok,PH-CEB,Unknown,,0:32:46,3:06:42,2:18:47,0:06:43,0:05:17,6:10:16,1966,11202,8327,403,317,22216,266,226,27,315,264,36,247,216,27,266,226,27,Finisher,2183
Dale Naben,Godinez,Dale Naben Godinez,220,M25-29,Male,Lapu-Lapu,Cebu,Unknown,,0:26:22,2:57:55,2:39:18,0:03:42,0:03:57,6:11:15,1582,10675,9558,222,237,22275,267,227,27,110,89,10,114,104,11,267,227,27,Finisher,1203
Wenkai,Wong,Wenkai Wong,415,M35-39,Male,Singapore,Singapore,Singapore,SG,0:27:04,3:19:35,2:14:12,0:04:34,0:05:53,6:11:18,1624,11975,8052,274,353,22278,268,228,36,131,108,18,285,247,39,268,228,36,Finisher,1760
Kristofer,Dangculos,Kristofer Dangculos,145,M30-34,Male,Pasig,NATIONAL CAPITAL REGION,Unknown,,0:27:14,3:10:59,2:22:36,0:06:52,0:04:28,6:12:09,1634,11459,8556,412,268,22329,269,229,42,136,113,16,238,207,40,269,229,42,Finisher,1057
Masayoshi,Furuya,Masayoshi Furuya,616,M55-59,Male,世田谷区上馬世田谷区上馬,東京都,Japan,JP,0:26:57,3:12:21,2:22:11,0:05:49,0:04:57,6:12:15,1617,11541,8531,349,297,22335,270,230,14,127,105,10,240,209,14,270,230,14,Finisher,1843
Hiroshi,Takei,Hiroshi Takei,116,M50-54,Male,laspinas,PH-00,Unknown,,0:20:54,3:09:15,2:35:46,0:04:08,0:02:16,6:12:20,1254,11355,9346,248,136,22340,271,231,25,35,29,2,157,143,14,271,231,25,Finisher,1464
Taiki,Sawano,Taiki Sawano,314,M30-34,Male,渋谷区神山町,JP-13,Japan,JP,0:31:34,3:10:01,2:19:14,0:06:33,0:05:15,6:12:38,1894,11401,8354,393,315,22358,272,232,43,278,233,41,261,227,45,272,232,43,Finisher,1048
Prince Rayner,Robles,Prince Rayner Robles,398,M35-39,Male,Asturias,Cebu,Unknown,,0:26:14,3:26:12,2:10:13,0:04:58,0:05:11,6:12:47,1574,12372,7813,298,311,22367,273,233,37,108,87,15,329,280,48,273,233,37,Finisher,1734
Byoung Ho,Choi,Byoung Ho Choi,157,M45-49,Male,김해시,KR-48,Australia,AU,0:33:01,3:21:36,2:05:24,0:06:25,0:06:26,6:12:52,1981,12096,7524,385,386,22372,274,234,28,322,270,38,355,301,37,274,234,28,Finisher,2136
Marc,Bolton,Marc Bolton,520,M45-49,Male,Hong Kong,,Hong Kong,HK,0:33:09,3:12:20,2:15:03,0:06:05,0:06:18,6:12:56,1989,11540,8103,365,378,22376,275,235,29,325,273,39,290,251,32,275,235,29,Finisher,2135
Andana,Haris R,Andana Haris R,370,M35-39,Male,Jakarta,Jakarta Selatan,Indonesia,ID,0:35:59,2:57:19,2:26:19,0:07:12,0:06:36,6:13:25,2159,10639,8779,432,396,22405,276,236,38,418,350,60,202,179,28,276,236,38,Finisher,1722
Mason,Leonard,Mason Leonard,214,M18-24,Male,Scottsdale,Arizona,Unknown,,0:38:56,3:28:09,1:55:01,0:05:50,0:05:50,6:13:47,2336,12489,6901,350,350,22427,277,237,9,465,393,16,418,354,15,277,237,9,Finisher,1507
Jeyps,Cabero,Jeyps Cabero,538,M45-49,Male,Acacia Estates,PH-00,Unknown,,0:31:29,3:03:23,2:28:04,0:06:10,0:04:56,6:14:01,1889,11003,8884,370,296,22441,278,238,30,272,229,27,207,183,24,278,238,30,Finisher,2115
Raoul Franco,Ramos,Raoul Franco Ramos,725,M45-49,Male,Makati,NATIONAL CAPITAL REGION,Unknown,,0:28:15,3:08:40,2:25:36,0:06:25,0:05:08,6:14:04,1695,11320,8736,385,308,22444,279,239,31,162,135,17,224,196,26,279,239,31,Finisher,2114
Melchizedek,Casinillo,Melchizedek Casinillo,295,M30-34,Male,Consolacion,Cebu,Unknown,,0:29:35,3:22:34,2:13:13,0:05:16,0:03:42,6:14:19,1775,12154,7993,316,222,22459,280,240,44,208,175,28,331,282,49,280,240,44,Finisher,1018
Mark Anthony,Gabriel,Mark Anthony Gabriel,380,M35-39,Male,Marilao,BULACAN,Unknown,,0:25:36,3:13:47,2:23:41,0:06:52,0:04:54,6:14:50,1536,11627,8621,412,294,22490,281,241,39,91,75,12,248,217,34,281,241,39,Finisher,1697
Fatima,Casimiro-Pineda,Fatima Casimiro-Pineda,177,F30-34,Female,Pasig City,NATIONAL CAPITAL REGION,Unknown,,0:33:34,3:16:39,2:17:52,0:03:46,0:04:00,6:15:51,2014,11799,8272,226,240,22551,282,41,8,340,55,12,306,41,8,282,41,8,Finisher,2512
Laurence,Brion,Laurence Brion,531,M45-49,Male,Magtuod,PH-DAS,Unknown,,0:32:49,3:19:27,2:11:28,0:07:04,0:05:22,6:16:10,1969,11967,7888,424,322,22570,283,242,32,316,265,37,343,291,36,283,242,32,Finisher,2077
McAvyngyr,Alob,McAvyngyr Alob,241,M25-29,Male,Talisay,Western Visayas,Unknown,,0:38:38,3:08:59,2:17:49,0:05:41,0:05:12,6:16:18,2318,11339,8269,341,312,22578,284,243,28,462,391,40,303,263,28,284,243,28,Finisher,1112
Megan,Neyen,Megan Neyen,664,F30-34,Female,Honolulu,HI,Unknown,,0:27:15,3:16:22,2:24:30,0:04:54,0:03:51,6:16:51,1635,11782,8670,294,231,22611,285,42,9,138,24,6,265,36,7,285,42,9,Finisher,2494
Jens,Ricklin,Jens Ricklin,418,M35-39,Male,Münster,NW,Germany,DE,0:27:03,2:49:31,2:49:27,0:04:34,0:06:24,6:16:58,1623,10171,10167,274,384,22618,286,244,40,129,106,17,82,78,12,286,244,40,Finisher,1658
Chino,Victa,Chino Victa,362,M35-39,Male,"kaingen, kawit",PH-CAV,Unknown,,0:35:47,3:14:05,2:13:54,0:08:27,0:04:48,6:17:03,2147,11645,8034,507,288,22623,287,245,41,412,345,58,338,287,51,287,245,41,Finisher,1657
Eloiza,Regaliza-Ponce,Eloiza Regaliza-Ponce,752,F30-34,Female,Pasay,00,Unknown,,0:35:13,3:14:49,2:18:24,0:04:52,0:03:47,6:17:06,2113,11689,8304,292,227,22626,288,43,10,393,65,15,310,43,9,288,43,10,Finisher,2490
Shoko,Ganaha,Shoko Ganaha,112,F50-54,Female,Naha,JP-47,Japan,JP,0:30:48,3:15:42,2:18:44,0:07:50,0:04:03,6:17:07,1848,11742,8324,470,243,22627,289,44,4,248,41,4,308,42,4,289,44,4,Finisher,2944
Ibrah,Bermudo,Ibrah Bermudo,485,M45-49,Male,INAYAWAN,CEBU,Unknown,,0:36:51,3:24:16,2:04:52,0:05:33,0:05:40,6:17:13,2211,12256,7492,333,340,22633,290,246,33,436,367,50,383,324,41,290,246,33,Finisher,2058
Rodrigo Sanchez,Delgado,Rodrigo Sanchez Delgado,200,M18-24,Male,Sevilla,Andalusia,Spain,ES,0:25:54,3:27:42,2:12:21,0:07:05,0:04:17,6:17:18,1554,12462,7941,425,257,22638,291,247,10,101,81,6,350,297,10,291,247,10,Finisher,1443
Willy,Hardjono,Willy Hardjono,478,M40-44,Male,"Kel. Sukapura Kec.Cilincing
Jakarta Utara","DKI Jakarta
DKI Jakarta",Indonesia,ID,0:34:13,3:22:48,2:07:35,0:06:41,0:06:05,6:17:22,2053,12168,7655,401,365,22642,292,248,36,359,300,40,368,311,47,292,248,36,Finisher,1259
Sergio Jr.,Ador,Sergio Jr. Ador,549,M50-54,Male,Zone 11 Poblacion,Tagoloan Misamis Oriental,Unknown,,0:34:39,2:58:53,2:30:25,0:07:17,0:06:23,6:17:37,2079,10733,9025,437,383,22657,293,249,26,377,314,37,204,181,18,293,249,26,Finisher,1369
Rocky Fritz,Valiente,Rocky Fritz Valiente,796,M35-39,Male,Pajac lapu lapu city,Cebu,Unknown,,0:27:06,3:20:32,2:20:43,0:04:52,0:04:33,6:17:47,1626,12032,8443,292,273,22667,294,250,42,134,111,19,296,256,43,294,250,42,Finisher,1644
Michael,Cubos,Michael Cubos,726,M40-44,Male,Liloan,Cebu,Unknown,,0:34:20,3:02:42,2:29:35,0:06:14,0:05:17,6:18:08,2060,10962,8975,374,317,22688,295,251,37,362,302,41,223,195,30,295,251,37,Finisher,1245
Saranya,Romsaithong,Saranya Romsaithong,174,F45-49,Female,Mueang Kalasin ,KALASIN,Thailand,TH,0:31:00,3:12:29,2:27:01,0:04:35,0:03:25,6:18:30,1860,11549,8821,275,205,22710,296,45,7,256,42,8,260,34,5,296,45,7,Finisher,2463
Amelou,Mercado,Amelou Mercado,697,F40-44,Female,Las pinas ,National Capital Region,Unknown,,0:31:31,3:28:04,2:10:36,0:05:30,0:03:02,6:18:42,1891,12484,7836,330,182,22722,297,46,3,273,44,6,375,59,9,297,46,3,Finisher,2382
Joe,Gerdes,Joe Gerdes,401,M35-39,Male,APO,Hawai'i,Unknown,,0:27:09,2:56:12,2:37:49,0:11:02,0:06:57,6:19:09,1629,10572,9469,662,417,22749,298,252,43,135,112,20,160,145,21,298,252,43,Finisher,1619
Alok,Arora,Alok Arora,392,M35-39,Male,Bhopal,Madhya Pradesh,India,IN,0:36:08,3:13:48,2:16:58,0:07:17,0:05:41,6:19:51,2168,11628,8218,437,341,22791,299,253,44,423,355,62,326,277,47,299,253,44,Finisher,1607
Phyllip Ceazar,Herrera,Phyllip Ceazar Herrera,795,M25-29,Male,Butuan City,Agusan Del Norte,Unknown,,0:37:31,3:08:47,2:23:32,0:04:31,0:05:29,6:19:52,2251,11327,8612,271,329,22792,300,254,29,447,377,38,281,244,26,300,254,29,Finisher,1048
Jonathan,Gemao,Jonathan Gemao,790,M35-39,Male,"Nakahara Ward, Kawasaki City",JP-14,Japan,JP,0:38:24,3:14:50,2:14:54,0:07:27,0:05:07,6:20:42,2304,11690,8094,447,307,22842,301,255,45,457,386,66,349,296,54,301,255,45,Finisher,1591
Preetham,Gopal,Preetham Gopal,739,M35-39,Male,Mysore,,India,IN,0:37:18,3:06:56,2:20:45,0:10:14,0:05:36,6:20:50,2238,11216,8445,614,336,22850,302,256,46,446,376,64,309,267,45,302,256,46,Finisher,1589
Jasper,Smith,Jasper Smith,365,M35-39,Male,Hayes,GB-ENG,Unknown,,0:41:51,3:08:20,2:13:50,0:07:30,0:09:33,6:21:04,2511,11300,8030,450,573,22864,303,257,47,485,412,71,333,283,49,303,257,47,Finisher,1585
Sean,Smith,Sean Smith,230,M25-29,Male,San Juan,Bicol Region,Unknown,,0:32:53,3:19:01,2:17:15,0:06:18,0:05:42,6:21:08,1973,11941,8235,378,342,22868,304,258,30,319,267,28,336,286,32,304,258,30,Finisher,1025
Stewart,Apat,Stewart Apat,363,M35-39,Male,CEBU CITY,PH-CEB,Unknown,,0:32:04,3:11:34,2:26:13,0:05:30,0:05:57,6:21:19,1924,11494,8773,330,357,22879,305,259,48,297,247,41,271,234,36,305,259,48,Finisher,1580
Mikhail,Sidorov,Mikhail Sidorov,492,M45-49,Male,Novosibirsk,"Novosibirsk
Russia",Vietnam,VN,0:22:17,3:11:41,2:36:23,0:06:09,0:05:19,6:21:48,1337,11501,9383,369,319,22908,306,260,34,42,35,6,197,176,22,306,260,34,Finisher,1975
Ana Eloise,Javelosa,Ana Eloise Javelosa,780,F40-44,Female,Zone 15,PH-NEC,Unknown,,0:28:22,3:17:20,2:26:04,0:05:39,0:04:31,6:21:55,1702,11840,8764,339,271,22915,307,47,4,167,29,3,286,39,2,307,47,4,Finisher,2324
Denmar,Abuhan,Denmar Abuhan,426,M40-44,Male,Dumaguete City,PH-NER,Unknown,,0:27:48,3:11:59,2:29:34,0:05:53,0:07:11,6:22:25,1668,11519,8974,353,431,22945,308,261,38,147,120,18,246,215,35,308,261,38,Finisher,1168
Eric Bradford,Ong,Eric Bradford Ong,455,M40-44,Male,Quezon City,NATIONAL CAPITAL REGION,Unknown,,0:34:40,3:16:44,2:18:38,0:07:51,0:05:01,6:22:54,2080,11804,8318,471,301,22974,309,262,39,379,316,48,342,290,45,309,262,39,Finisher,1159
Man Ling,Lo,Man Ling Lo,110,F35-39,Female,singapore,05,Singapore,SG,0:30:36,3:20:24,2:19:20,0:07:21,0:05:22,6:23:03,1836,12024,8360,441,322,22983,310,48,5,240,39,7,339,52,8,310,48,5,Finisher,2390
André,Aquino,André Aquino,334,M30-34,Male,Talon Dos,Metro Manila,Unknown,,0:40:16,3:14:01,2:14:51,0:08:16,0:05:56,6:23:19,2416,11641,8091,496,356,22999,311,263,45,479,406,65,365,308,50,311,263,45,Finisher,856
Baptiste,de Portzamparc,Baptiste de Portzamparc,209,M18-24,Male,Bois-D'Arcy - (78390),Île-de-France,France,FR,0:25:55,3:34:47,2:08:22,0:06:50,0:08:18,6:24:12,1555,12887,7702,410,498,23052,312,264,11,102,82,7,387,327,13,312,264,11,Finisher,1319
Ma. Isabelita,Teano,Ma. Isabelita Teano,675,F30-34,Female,quezon city,PH-00,Unknown,,0:23:15,3:41:49,2:10:28,0:05:07,0:04:00,6:24:40,1395,13309,7828,307,240,23080,313,49,11,47,8,2,403,62,14,313,49,11,Finisher,2354
Mototsugu,Imai,Mototsugu Imai,561,M50-54,Male,nerima,JP-13,Japan,JP,0:29:03,3:11:07,2:29:55,0:08:29,0:06:10,6:24:45,1743,11467,8995,509,370,23085,314,265,27,187,154,17,267,231,25,314,265,27,Finisher,1241
Jouls,Montero,Jouls Montero,275,M30-34,Male,bacolod,PH-NEC,Unknown,,0:32:31,3:08:20,2:33:57,0:05:28,0:04:43,6:24:59,1951,11300,9237,328,283,23099,315,266,46,304,254,48,251,220,43,315,266,46,Finisher,826
Claudine,Mendiola,Claudine Mendiola,799,F30-34,Female,Barangay San Isidro,PH-00,Unknown,,0:30:22,3:21:50,2:24:24,0:04:31,0:04:08,6:25:15,1822,12110,8664,271,248,23115,316,50,12,234,38,8,325,49,11,316,50,12,Finisher,2343
Tze Chow,Heng,Tze Chow Heng,504,M45-49,Male,Singapore,Singapore,Singapore,SG,0:34:50,3:21:09,2:16:43,0:07:25,0:05:19,6:25:25,2090,12069,8203,445,319,23125,317,267,35,386,322,46,367,310,40,317,267,35,Finisher,1910
Karen Jane,Ignacio,Karen Jane Ignacio,679,F35-39,Female,Roxas City,PH-CAP,Unknown,,0:24:37,3:24:56,2:24:46,0:06:01,0:05:35,6:25:55,1477,12296,8686,361,335,23155,318,51,6,71,13,4,316,47,6,318,51,6,Finisher,2339
Herve,Potus,Herve Potus,639,M60-64,Male,singapore,Singapore,France,FR,0:29:07,3:01:08,2:40:40,0:07:22,0:07:54,6:26:11,1747,10868,9640,442,474,23171,319,268,8,190,157,3,182,164,4,319,268,8,Finisher,2549
Mamoru,Hashimoto,Mamoru Hashimoto,591,M50-54,Male,尼崎市七松町,兵庫県,Japan,JP,0:32:43,3:22:07,2:16:47,0:06:38,0:08:10,6:26:24,1963,12127,8207,398,490,23184,320,269,28,314,263,32,359,304,35,320,269,28,Finisher,1211
Takuya,Saeki,Takuya Saeki,505,M45-49,Male,Nishiazabu minato,JP-13,Japan,JP,0:29:43,3:13:19,2:30:03,0:06:38,0:06:49,6:26:33,1783,11599,9003,398,409,23193,321,270,36,214,180,22,274,237,31,321,270,36,Finisher,1890
Raymond,Uy,Raymond Uy,149,M40-44,Male,Dao District,BOHOL,Unknown,,0:39:20,3:10:56,2:24:46,0:06:04,0:05:52,6:26:59,2360,11456,8686,364,352,23219,322,271,40,472,400,65,321,274,43,322,271,40,Finisher,1085
Josep Nikolie,Soliman ,Josep Nikolie Soliman,283,M30-34,Male,Cebu,PH-CEB,Unknown,,0:32:00,3:06:12,2:38:56,0:04:40,0:05:34,6:27:23,1920,11172,9536,280,334,23243,323,272,47,295,245,45,220,192,35,323,272,47,Finisher,783
Mukasa,Masahiro,Mukasa Masahiro,166,M55-59,Male,江戸川区南小岩,JP-13,Japan,JP,0:22:00,3:07:07,2:45:27,0:05:46,0:07:43,6:28:03,1320,11227,9927,346,463,23283,324,273,15,41,34,5,162,147,12,324,273,15,Finisher,1559
Hayley,Goldberg,Hayley Goldberg,758,F55-59,Female,Caulfield South,VIC,South Africa,ZA,0:27:18,3:27:19,2:22:07,0:06:00,0:05:29,6:28:13,1638,12439,8527,360,329,23293,325,52,2,140,25,2,348,53,2,325,52,2,Finisher,2581
Jackie,Tan,Jackie Tan,673,F30-34,Female,Dagupan City,Ilocos Region,Unknown,,0:31:35,3:23:58,2:22:17,0:05:16,0:05:56,6:29:01,1895,12238,8537,316,356,23341,326,53,13,279,46,10,351,54,12,326,53,13,Finisher,2275
Earl,Ouano,Earl Ouano,219,M25-29,Male,Mandaue,Cebu,Unknown,,0:29:15,3:19:47,2:28:33,0:06:08,0:05:21,6:29:05,1755,11987,8913,368,321,23345,327,274,31,196,163,24,313,268,30,327,274,31,Finisher,882
Kazumi,Tokuda,Kazumi Tokuda,703,F45-49,Female,"Yokohamashi,Aobaku,Utukushigaokanisi",JP-14,Japan,JP,0:28:18,3:45:10,1:58:54,0:06:59,0:10:02,6:29:23,1698,13510,7134,419,602,23363,328,54,8,166,28,4,453,67,8,328,54,8,Finisher,2267
Shuntaro,Hiroya,Shuntaro Hiroya,803,M50-54,Male,Otaku,JP-13,Japan,JP,0:25:34,3:20:45,2:31:55,0:06:10,0:05:09,6:29:34,1534,12045,9115,370,309,23374,329,275,29,90,74,9,297,257,29,329,275,29,Finisher,1154
Jayvee,Sagarino,Jayvee Sagarino,285,M30-34,Male,Lapu-Lapu City,PH-CEB,Unknown,,0:37:13,3:15:19,2:24:17,0:04:45,0:08:48,6:30:22,2233,11719,8657,285,528,23422,330,276,48,442,372,63,328,279,48,330,276,48,Finisher,729
Roberto Carlo,Atienza,Roberto Carlo Atienza,353,M35-39,Male,Tangos baliuag,PH-BUL,Unknown,,0:38:34,3:14:43,2:24:40,0:06:49,0:06:20,6:31:06,2314,11683,8680,409,380,23466,331,277,49,460,389,67,346,294,52,331,277,49,Finisher,1404
Kevin Kyle,Tecson,Kevin Kyle Tecson,240,M25-29,Male,Lawaan III Talisay City,PH-CEB,Unknown,,0:30:24,3:18:42,2:33:13,0:04:46,0:04:09,6:31:14,1824,11922,9193,286,249,23474,332,278,32,235,197,25,304,264,29,332,278,32,Finisher,843
Jayanth,Kulkarni,Jayanth Kulkarni,354,M35-39,Male,Bangalore,Karnataka,India,IN,0:36:17,3:30:58,2:09:34,0:08:23,0:06:12,6:31:24,2177,12658,7774,503,372,23484,333,279,50,426,358,63,432,367,66,333,279,50,Finisher,1399
Reybel,Alvaro,Reybel Alvaro,573,M50-54,Male,Cebu City,PH-CEB,Unknown,,0:28:42,3:14:20,2:37:41,0:05:32,0:06:20,6:32:34,1722,11660,9461,332,380,23554,334,280,30,174,144,15,266,230,24,334,280,30,Finisher,1100
Rolen,Tarife,Rolen Tarife,202,M18-24,Male,Lapulapu,Cebu,Unknown,,0:26:15,3:10:42,2:45:54,0:04:40,0:05:13,6:32:44,1575,11442,9954,280,313,23564,335,281,12,109,88,8,211,187,8,335,281,12,Finisher,1166
Kai Xian,Gan,Kai Xian Gan,288,M30-34,Male,Singapore,Singapore,Singapore,SG,0:31:59,3:30:39,2:13:47,0:08:22,0:08:28,6:33:15,1919,12639,8027,502,508,23595,336,282,49,292,244,44,409,346,57,336,282,49,Finisher,700
Shunrie,Geldore,Shunrie Geldore,467,M40-44,Male,Lemoore,CA,Unknown,,0:30:45,3:04:21,2:43:17,0:08:35,0:06:33,6:33:31,1845,11061,9797,515,393,23611,337,283,41,243,203,28,227,198,31,337,283,41,Finisher,968
TAKAFUMI,ODA,TAKAFUMI ODA,444,M40-44,Male,Koto-ku,TOKYO,Japan,JP,0:39:19,3:18:57,2:20:55,0:06:51,0:07:29,6:33:31,2359,11937,8455,411,449,23611,338,284,42,471,399,64,376,317,48,338,284,42,Finisher,968
Eden,Chung,Eden Chung,685,F35-39,Female,Cheonan-si,Chungcheongnam-do,Australia,AU,0:35:53,2:55:14,2:49:50,0:06:50,0:05:51,6:33:38,2153,10514,10190,410,351,23618,339,55,7,413,68,9,186,20,3,339,55,7,Finisher,2200
Don Hanley,Wong,Don Hanley Wong,433,M40-44,Male,Cebu City,Cebu,Unknown,,0:33:29,3:26:04,2:21:08,0:06:00,0:07:13,6:33:54,2009,12364,8468,360,433,23634,340,285,43,333,281,35,380,321,49,340,285,43,Finisher,961
Jean Patrick Lorraine,Pequiras,Jean Patrick Lorraine Pequiras,369,M35-39,Male,Wack Wack,Mandaluyong City,Unknown,,0:31:55,3:15:08,2:38:06,0:04:26,0:04:36,6:34:11,1915,11708,9486,266,276,23651,341,286,51,289,242,40,289,250,41,341,286,51,Finisher,1349
Gandhi,Truya,Gandhi Truya,612,M55-59,Male,talisay city,PH-CEB,Unknown,,0:31:33,3:22:48,2:29:21,0:05:00,0:05:44,6:34:25,1893,12168,8961,300,344,23665,342,287,16,275,230,18,344,292,18,342,287,16,Finisher,1444
Mauie,Sanchez,Mauie Sanchez,693,F40-44,Female,Sta. Lucia,00,Unknown,,0:30:15,3:19:45,2:33:23,0:05:17,0:05:54,6:34:34,1815,11985,9203,317,354,23674,343,56,5,231,37,5,314,46,4,343,56,5,Finisher,2096
Chao,Wang,Chao Wang,451,M40-44,Male,Singapore,Singapore,Singapore,SG,0:33:53,3:23:31,2:21:18,0:09:33,0:06:40,6:34:55,2033,12211,8478,573,400,23695,344,288,44,351,292,37,385,325,50,344,288,44,Finisher,943
Xiaoni,Xu,Xiaoni Xu,699,F40-44,Female,Beijing,Beijing,China,CN,0:34:36,3:22:35,2:24:17,0:06:50,0:06:40,6:34:58,2076,12155,8657,410,400,23698,345,57,6,374,62,11,370,58,8,345,57,6,Finisher,2089
Shu Hui,Wong,Shu Hui Wong,667,F30-34,Female,Selangor,SELANGOR,Malaysia,MY,0:34:14,3:27:35,2:21:57,0:06:49,0:04:33,6:35:08,2054,12455,8517,409,273,23708,346,58,14,360,60,13,393,61,13,346,58,14,Finisher,2165
Guz,Dela Rosa,Guz Dela Rosa,151,M40-44,Male,Citrus Heights,CA,Unknown,,0:36:30,3:07:13,2:40:21,0:06:30,0:04:57,6:35:30,2190,11233,9621,390,297,23730,347,289,45,433,364,57,276,239,38,347,289,45,Finisher,932
Manilyn,Canaya,Manilyn Canaya,692,F40-44,Female,Ibabao Cordova,Cebu,Unknown,,0:33:49,3:26:41,2:23:05,0:06:27,0:05:31,6:35:33,2029,12401,8585,387,331,23733,348,59,7,347,58,10,384,60,10,348,59,7,Finisher,2078
Benjie,Bantecil,Benjie Bantecil,447,M40-44,Male,Lapu-Lapu,PH-CEB,Unknown,,0:33:02,3:10:31,2:38:05,0:08:50,0:06:00,6:36:28,1982,11431,9485,530,360,23788,349,290,46,324,272,34,295,255,39,349,290,46,Finisher,915
Yuki,Amano,Yuki Amano,582,M50-54,Male,Setagaya ku,Tokyo Prefecture,Japan,JP,0:33:28,3:19:25,2:27:34,0:11:18,0:04:54,6:36:39,2008,11965,8854,678,294,23799,350,291,31,331,279,34,372,314,36,350,291,31,Finisher,1027
Myungsu,Park,Myungsu Park,596,M50-54,Male,광주광역시,광주광역시,Australia,AU,0:30:47,3:35:34,2:12:27,0:10:47,0:07:31,6:37:06,1847,12934,7947,647,451,23826,351,292,32,246,206,25,438,373,45,351,292,32,Finisher,1019
Jigger,Agustin,Jigger Agustin,439,M40-44,Male,Isabel,Eastern Visayas,Unknown,,0:37:58,3:10:55,2:34:15,0:07:22,0:06:45,6:37:15,2278,11455,9255,442,405,23835,352,293,47,454,383,59,320,273,42,352,293,47,Finisher,901
Jefferson,Ramirez,Jefferson Ramirez,352,M35-39,Male,Dapa,Caraga,Unknown,,0:43:13,3:25:00,2:17:43,0:06:12,0:05:16,6:37:23,2593,12300,8263,372,316,23843,353,294,52,495,420,73,426,361,65,353,294,52,Finisher,1291
Michael Stephen,Lobido,Michael Stephen Lobido,727,M30-34,Male,Cagayan De Oro City,Northern Mindanao,Unknown,,0:36:28,3:37:51,2:13:21,0:05:36,0:04:09,6:37:25,2188,13071,8001,336,249,23845,354,295,50,431,362,60,452,386,62,354,295,50,Finisher,700
Dirk,Leitzig,Dirk Leitzig,564,M50-54,Male,Dubai,Dubai,Unknown,,0:30:16,3:12:19,2:40:17,0:08:23,0:06:24,6:37:38,1816,11539,9617,503,384,23858,355,296,33,232,195,23,283,245,27,355,296,33,Finisher,1009
Edwin Alejandro,Severino,Edwin Alejandro Severino,218,M25-29,Male,Puerto Princesa City,PH-PLW,Unknown,,0:26:41,3:17:24,2:42:23,0:06:25,0:04:45,6:37:38,1601,11844,9743,385,285,23858,356,297,33,117,96,13,279,242,25,356,297,33,Finisher,728
Ver Angelo,Sumabat,Ver Angelo Sumabat,521,M45-49,Male,Dist. 9 / Ormoc City,Leyte,Unknown,,0:31:36,3:20:23,2:34:19,0:06:51,0:04:32,6:37:42,1896,12023,9259,411,272,23862,357,298,37,281,235,29,341,289,35,357,298,37,Finisher,1689
Iggy,Hizon,Iggy Hizon,776,M35-39,Male,Barangay batasan hills,PH-00,Unknown,,0:39:38,3:18:17,2:29:10,0:06:23,0:04:40,6:38:07,2378,11897,8950,383,280,23887,358,299,53,475,403,69,373,315,58,358,299,53,Finisher,1278
Ronilo,Gonzaga,Ronilo Gonzaga,501,M45-49,Male,palompon,EASTERN VISAYAS,Unknown,,0:33:32,3:17:02,2:35:08,0:07:12,0:06:07,6:39:02,2012,11822,9308,432,367,23942,359,300,38,335,283,40,334,284,34,359,300,38,Finisher,1665
Arman,Salvoro,Arman Salvoro,583,M50-54,Male,Lapu-Lapu ,CEBU,Unknown,,0:41:53,3:23:07,2:21:48,0:05:42,0:06:37,6:39:08,2513,12187,8508,342,397,23948,360,301,34,486,413,46,408,345,41,360,301,34,Finisher,982
Kazimir Kira,Wong,Kazimir Kira Wong,690,F40-44,Female,Apas,Cebu City,Unknown,,0:31:52,3:43:54,2:13:03,0:06:50,0:03:36,6:39:15,1912,13434,7983,410,216,23955,361,60,8,288,47,7,463,70,12,361,60,8,Finisher,2012
shintaro,yamaoka,shintaro yamaoka,208,M18-24,Male,fukuoka,JP-40,Japan,JP,0:45:23,3:24:15,2:19:03,0:05:22,0:05:30,6:39:34,2723,12255,8343,322,330,23974,362,302,13,506,430,17,430,365,16,362,302,13,Finisher,1043
Gabriele,Biasiolo,Gabriele Biasiolo,499,M45-49,Male,Milano,Lombardia,Italy,IT,0:20:32,3:13:07,2:54:23,0:06:34,0:04:59,6:39:35,1232,11587,10463,394,299,23975,363,303,39,31,25,4,199,178,23,363,303,39,Finisher,1655
Ashwin,G,Ashwin G,511,M45-49,Male,Bangalore,Karnataka,India,IN,0:37:00,3:23:15,2:19:22,0:11:27,0:08:58,6:40:02,2220,12195,8362,687,538,24002,364,304,40,438,369,51,411,348,47,364,304,40,Finisher,1647
Stephen,Saladaga,Stephen Saladaga,371,M35-39,Male,Mahayag,Zamboanga del Sur,Unknown,,0:22:52,3:31:30,2:25:44,0:15:56,0:04:19,6:40:20,1372,12690,8744,956,259,24020,365,305,54,43,36,3,405,342,63,365,305,54,Finisher,1238
Chin-Tang,Wang,Chin-Tang Wang,555,M50-54,Male,台南市,AU-NSW,Taiwan,TW,0:35:54,3:05:28,2:44:11,0:06:53,0:08:17,6:40:43,2154,11128,9851,413,497,24043,366,306,35,414,346,41,263,228,23,366,306,35,Finisher,953
Francisco Miguel,Gatuslao,Francisco Miguel Gatuslao,417,M35-39,Male,Bacolod City,PH-NEC,Unknown,,0:25:37,3:26:10,2:36:53,0:06:01,0:06:07,6:40:47,1537,12370,9413,361,367,24047,367,307,55,92,76,13,335,285,50,367,307,55,Finisher,1230
vincent florence,ocate,vincent florence ocate,282,M30-34,Male,capiz,Western Visayas,Unknown,,0:36:01,3:02:45,2:49:40,0:06:20,0:06:15,6:41:02,2161,10965,10180,380,375,24062,368,308,51,419,351,58,241,210,41,368,308,51,Finisher,700
Michael,Tapuro,Michael Tapuro,751,M45-49,Male,Quezon City,National Capital Region,Unknown,,0:37:14,3:18:22,2:33:58,0:05:46,0:05:55,6:41:16,2234,11902,9238,346,355,24076,369,309,41,443,373,52,358,303,38,369,309,41,Finisher,1625
Toshikazu,Kobayashi,Toshikazu Kobayashi,648,M70-74,Male,Fukuroi,SHIZUOKA,Japan,JP,0:38:06,3:23:56,2:23:33,0:09:37,0:06:10,6:41:22,2286,12236,8613,577,370,24082,370,310,1,456,385,3,410,347,1,370,310,1,Finisher,3500
Gregorio,Baldove,Gregorio Baldove,349,M35-39,Male,"Bankal, Lapulapu",Cebu,Unknown,,0:39:46,3:26:57,2:21:32,0:07:07,0:06:03,6:41:25,2386,12417,8492,427,363,24085,371,311,56,477,405,70,424,359,64,371,311,56,Finisher,1218
Diomedes,Dilla,Diomedes Dilla,802,M55-59,Male,Sampaloc,Manila Metro Manila,Unknown,,0:33:52,3:25:23,2:26:37,0:08:57,0:06:56,6:41:46,2032,12323,8797,537,416,24106,372,312,17,349,291,21,389,329,19,372,312,17,Finisher,1312
Josemaria,Ylaya Iii,Josemaria Ylaya Iii,789,M30-34,Male,"BANILAD, MANDAUE CITY",CEBU,Unknown,,0:51:21,3:23:15,2:16:30,0:05:53,0:04:53,6:41:52,3081,12195,8190,353,293,24112,373,313,52,517,439,69,454,387,63,373,313,52,Finisher,700
Niel Amar,Flores,Niel Amar Flores,302,M30-34,Male,Mandaue,PH-CEB,Unknown,,0:33:28,3:06:29,2:49:39,0:07:25,0:05:09,6:42:09,2008,11189,10179,445,309,24129,374,314,53,330,278,49,258,225,44,374,314,53,Finisher,700
Ryan,Tipon,Ryan Tipon,510,M45-49,Male,antipolo,RIZ,Unknown,,0:41:00,3:21:08,2:25:53,0:07:58,0:06:18,6:42:17,2460,12068,8753,478,378,24137,375,315,42,480,407,55,402,341,45,375,315,42,Finisher,1607
Arvie ,Delvo,Arvie Delvo,400,M35-39,Male,Gianyar,BALI,Unknown,,0:33:19,3:22:16,2:36:28,0:04:39,0:05:38,6:42:20,1999,12136,9388,279,338,24140,376,316,57,328,276,49,347,295,53,376,316,57,Finisher,1202
Robert,Shannon,Robert Shannon,185,M60-64,Male,Butuan,AGUSAN DEL NORTE,Unknown,,0:46:04,3:14:24,2:31:18,0:05:33,0:05:14,6:42:33,2764,11664,9078,333,314,24153,377,317,9,507,431,11,381,322,10,377,317,9,Finisher,2254
Ashraff,Dewal,Ashraff Dewal,607,M55-59,Male,Kuala Lumpur,MY-14,Malaysia,MY,0:26:08,3:19:00,2:45:04,0:06:54,0:06:36,6:43:41,1568,11940,9904,414,396,24221,378,318,18,104,83,7,292,252,16,378,318,18,Finisher,1277
Michael  Kurniawan,Kartono,Michael  Kurniawan Kartono,507,M45-49,Male,Kelapa Gading,Jakarta,Indonesia,ID,0:31:38,3:32:45,2:31:04,0:04:35,0:04:47,6:44:48,1898,12765,9064,275,287,24288,379,319,43,282,236,30,396,335,42,379,319,43,Finisher,1561
Mayu,Kohno,Mayu Kohno,712,F50-54,Female,Hippodromo,CEBU,Japan,JP,0:31:12,3:35:58,2:25:00,0:06:18,0:06:33,6:45:01,1872,12958,8700,378,393,24301,380,61,5,264,43,5,421,65,5,380,61,5,Finisher,2442
Bob,Balmores,Bob Balmores,393,M35-39,Male,Bacoor,PH-CAV,Unknown,,0:42:19,3:12:57,2:38:43,0:06:42,0:05:15,6:45:55,2539,11577,9523,402,315,24355,381,320,58,489,415,72,363,307,56,381,320,58,Finisher,1137
Justin,Laroza,Justin Laroza,245,M25-29,Male,Lightsview,SA,Australia,AU,0:35:17,3:16:53,2:33:36,0:09:27,0:10:46,6:45:58,2117,11813,9216,567,646,24358,382,321,34,394,329,34,362,306,33,382,321,34,Finisher,700
NICK ADONIS,YNCIERTO,NICK ADONIS YNCIERTO,284,M30-34,Male,Cebu City,Central Visayas,Unknown,,0:30:27,3:26:56,2:36:08,0:06:20,0:06:26,6:46:18,1827,12416,9368,380,386,24378,383,322,54,237,199,33,369,312,52,383,322,54,Finisher,700
Ryoichi,Suzuki,Ryoichi Suzuki,559,M50-54,Male,"NAGOYA,NAKA,NISHIKI",AICHI,Japan,JP,0:34:02,3:18:45,2:33:17,0:13:34,0:07:06,6:46:44,2042,11925,9197,814,426,24404,384,323,36,354,295,35,382,323,39,384,323,36,Finisher,845
Josef,Chiongbian,Josef Chiongbian,769,M25-29,Male,Cebu City,CENTRAL VISAYAS,Unknown,,0:31:24,3:55:52,2:07:14,0:07:33,0:04:47,6:46:50,1884,14152,7634,453,287,24410,385,324,35,269,226,27,497,423,42,385,324,35,Finisher,700
Stephan,Schubert,Stephan Schubert,434,M40-44,Male,Osnabrück,Lower Saxony,Germany,DE,0:36:17,3:13:10,2:42:47,0:07:57,0:06:41,6:46:52,2177,11590,9767,477,401,24412,386,325,48,425,357,54,330,281,44,386,325,48,Finisher,728
Oliver Ii,Dizon,Oliver Ii Dizon,547,M50-54,Male,Calamba,PH-LAG,Unknown,,0:32:01,3:28:11,2:31:46,0:09:15,0:05:47,6:46:59,1921,12491,9106,555,347,24419,387,326,37,296,246,31,399,338,40,387,326,37,Finisher,841
masashi,yanaki,masashi yanaki,495,M45-49,Male,oomutashi,JP-40,Japan,JP,0:28:15,3:33:08,2:29:22,0:08:28,0:07:52,6:47:05,1695,12788,8962,508,472,24425,388,327,44,163,136,18,401,340,44,388,327,44,Finisher,1520
Thomas Jet Yen,Buckley,Thomas Jet Yen Buckley,222,M25-29,Male,Karrinyup,Western Australia,Singapore,SG,0:33:40,3:33:17,2:25:33,0:08:31,0:06:42,6:47:44,2020,12797,8733,511,402,24464,389,328,36,343,286,30,431,366,36,389,328,36,Finisher,700
Norio,Suetomi,Norio Suetomi,560,M50-54,Male,Kawasaki-city,JP-14,Japan,JP,0:29:47,3:14:33,2:46:51,0:07:54,0:08:48,6:47:52,1787,11673,10011,474,528,24472,390,329,38,216,182,20,293,253,28,390,329,38,Finisher,825
Kevin,Miranda,Kevin Miranda,731,M30-34,Male,Bacoor,PH-CAV,Unknown,,0:48:46,3:15:30,2:30:48,0:07:58,0:05:08,6:48:11,2926,11730,9048,478,308,24491,391,330,55,513,437,68,412,349,58,391,330,55,Finisher,700
Cesar,Gongora,Cesar Gongora,626,M55-59,Male,Katy,TX,Colombia,CO,0:36:33,3:12:04,2:45:41,0:07:23,0:06:43,6:48:24,2193,11524,9941,443,403,24504,392,331,19,434,365,24,318,271,17,392,331,19,Finisher,1193
Benjamin Angelo,Pacia,Benjamin Angelo Pacia,777,M35-39,Male,City of San Fernando,PH-PAM,Unknown,,0:30:47,3:25:06,2:43:34,0:05:17,0:04:18,6:49:01,1847,12306,9814,317,258,24541,393,332,59,245,205,34,357,302,55,393,332,59,Finisher,1082
Anthony Van,Juguan,Anthony Van Juguan,411,M35-39,Male,Mandaue,Central Visayas,Unknown,,0:33:23,3:23:38,2:33:52,0:07:08,0:11:40,6:49:41,2003,12218,9232,428,700,24581,394,333,60,329,277,50,371,313,57,394,333,60,Finisher,1070
Rhys jerhro,yu,Rhys jerhro yu,207,M18-24,Male,Cebu City,Central Visayas,Unknown,,0:31:14,3:24:00,2:44:17,0:05:42,0:05:08,6:50:20,1874,12240,9857,342,308,24620,395,334,14,265,222,13,352,298,11,395,334,14,Finisher,849
Dianne,Bichard,Dianne Bichard,720,F60-64,Female,Port Lincoln,SA,Australia,AU,0:33:52,3:32:46,2:33:36,0:05:47,0:04:36,6:50:37,2032,12766,9216,347,276,24637,396,62,2,350,59,2,415,64,2,396,62,2,Finisher,2576
Yeshe,Pan,Yeshe Pan,229,M25-29,Male,Singapore,Singapore,Singapore,SG,0:28:47,3:36:24,2:32:17,0:07:04,0:06:42,6:51:14,1727,12984,9137,424,402,24674,397,335,37,176,145,19,413,350,35,397,335,37,Finisher,700
Olivia,mendoza,Olivia mendoza,694,F40-44,Female,Quezon City,PH-00,Unknown,,0:33:33,3:19:41,2:45:22,0:07:55,0:05:01,6:51:32,2013,11981,9922,475,301,24692,398,63,9,337,54,9,356,55,6,398,63,9,Finisher,1791
Allan,Aquino,Allan Aquino,585,M50-54,Male,Davao City,PH-DAS,Unknown,,0:30:48,3:15:03,2:56:00,0:04:28,0:05:23,6:51:42,1848,11703,10560,268,323,24702,399,336,39,249,208,26,278,241,26,399,336,39,Finisher,756
JAEYEOL,KIM,JAEYEOL KIM,594,M50-54,Male,광주광역시 남구,KR-29,Australia,AU,0:32:54,3:36:37,2:14:12,0:14:04,0:14:02,6:51:49,1974,12997,8052,844,842,24709,400,337,40,320,268,33,470,399,46,400,337,40,Finisher,754
Wen Yu,Lee,Wen Yu Lee,273,M30-34,Male,Singapore,Singapore,Singapore,SG,0:30:03,3:49:13,2:19:06,0:08:01,0:05:33,6:51:56,1803,13753,8346,481,333,24716,401,338,56,225,189,30,481,409,66,401,338,56,Finisher,700
Reu John,Cavan,Reu John Cavan,248,M25-29,Male,Cebu,CEBU,Unknown,,0:35:22,3:27:54,2:35:50,0:05:03,0:08:04,6:52:12,2122,12474,9350,303,484,24732,402,339,38,396,331,35,390,330,34,402,339,38,Finisher,700
Eduardo,Sarmiento,Eduardo Sarmiento,636,M60-64,Male,Dubai,DUBAYY,Unknown,,0:31:25,3:19:29,2:45:40,0:08:36,0:07:26,6:52:37,1885,11969,9940,516,446,24757,403,340,10,271,228,6,345,293,9,403,340,10,Finisher,2073
Sul Anthony,Sales,Sul Anthony Sales,497,M45-49,Male,Davao City,Davao del Sur,Unknown,,0:34:15,3:34:38,2:29:41,0:08:06,0:06:20,6:52:59,2055,12878,8981,486,380,24779,404,341,45,361,301,43,437,372,51,404,341,45,Finisher,1414
Gerryfel John,Corotan,Gerryfel John Corotan,519,M45-49,Male, Davao city,PH-DAS,Unknown,,0:38:29,3:28:00,2:33:34,0:06:22,0:06:46,6:53:11,2309,12480,9214,382,406,24791,405,342,46,459,388,53,417,353,48,405,342,46,Finisher,1410
Soraya,Santos,Soraya Santos,702,F40-44,Female,BF Homes Parañaque City,METRO MANILA,Unknown,,0:29:55,3:26:22,2:45:31,0:05:46,0:05:59,6:53:33,1795,12382,9931,346,359,24813,406,64,10,218,35,4,364,57,7,406,64,10,Finisher,1754
Nuur Syafyka,Shafie,Nuur Syafyka Shafie,682,F35-39,Female,Kuala Lumpur,MY-14,Malaysia,MY,0:32:00,3:19:18,2:51:42,0:06:10,0:04:31,6:53:41,1920,11958,10302,370,271,24821,407,65,8,294,50,8,332,50,7,407,65,8,Finisher,1839
Andrea,Lupo,Andrea Lupo,331,M30-34,Male,Milano,Italy,Italy,IT,0:30:06,3:32:51,2:41:07,0:06:13,0:03:28,6:53:44,1806,12771,9667,373,208,24824,408,343,57,227,191,31,397,336,55,408,343,57,Finisher,700
Sravan Kumar,V,Sravan Kumar V,532,M45-49,Male,Bengaluru,Karnataka,India,IN,0:30:10,3:42:21,2:24:45,0:06:23,0:10:18,6:53:57,1810,13341,8685,383,618,24837,409,344,47,230,194,24,447,381,54,409,344,47,Finisher,1397
Geraldine,Dela Cruz,Geraldine Dela Cruz,671,F30-34,Female,"Tubod, Minglanilla",Cebu,Unknown,,0:30:02,3:33:54,2:39:38,0:06:16,0:04:14,6:54:05,1802,12834,9578,376,254,24845,410,66,15,222,36,7,404,63,15,410,66,15,Finisher,1824
Don Davy,Guinto,Don Davy Guinto,535,M45-49,Male,Cebu City,PH-CEB,Unknown,,0:42:53,3:22:37,2:36:40,0:05:01,0:06:55,6:54:06,2573,12157,9400,301,415,24846,411,345,48,493,418,57,407,344,46,411,345,48,Finisher,1394
Sho,Matsuzaki,Sho Matsuzaki,460,M40-44,Male,Chigasaki,JP-14,Japan,JP,0:20:01,3:57:40,2:21:54,0:05:54,0:09:19,6:54:48,1201,14260,8514,354,559,24888,412,346,49,24,20,5,469,398,62,412,346,49,Finisher,700
Josephceval,Nailon,Josephceval Nailon,399,M35-39,Male,Loon,BOHOL,Unknown,,0:29:34,3:30:59,2:40:30,0:06:52,0:07:41,6:55:35,1774,12659,9630,412,461,24935,413,347,61,206,173,30,386,326,60,413,347,61,Finisher,963
Rafael,Agawon,Rafael Agawon,267,M30-34,Male,Lunib vincencio sagun,Zamboanga Del sur,Unknown,,0:30:33,3:27:49,2:49:56,0:04:49,0:02:59,6:56:06,1833,12469,10196,289,179,24966,414,348,58,239,201,35,366,309,51,414,348,58,Finisher,700
Kenneth,Chan,Kenneth Chan,396,M35-39,Male,Nasipit,Caraga,Unknown,,0:26:09,3:08:15,3:07:09,0:08:00,0:06:39,6:56:11,1569,11295,11229,480,399,24971,415,349,62,106,85,14,216,190,30,415,349,62,Finisher,953
Lester Ace,Espina,Lester Ace Espina,390,M35-39,Male,Mahayag,PH-ZAS,Unknown,,0:30:02,3:16:42,3:00:57,0:04:20,0:04:12,6:56:14,1802,11802,10857,260,252,24974,416,350,63,223,187,32,284,246,38,416,350,63,Finisher,952
Princess,Kedtag,Princess Kedtag,689,F35-39,Female,"maa, davao city",PH-DAS,Unknown,,0:37:08,3:31:25,2:31:22,0:08:40,0:08:00,6:56:35,2228,12685,9082,520,480,24995,417,67,9,441,70,10,439,66,9,417,67,9,Finisher,1787
Sunny,Ng,Sunny Ng,551,M50-54,Male,Singapore,NORTH EAST,Singapore,SG,0:29:56,3:29:57,2:46:16,0:05:24,0:05:29,6:57:02,1796,12597,9976,324,329,25022,418,351,41,219,184,21,378,319,38,418,351,41,Finisher,700
Ian,Fulton,Ian Fulton,646,M70-74,Male,Auckland,NZ-AUK,New Zealand,NZ,0:33:50,3:38:05,2:29:17,0:07:52,0:08:08,6:57:11,2030,13085,8957,472,488,25031,419,352,2,348,290,1,451,385,2,419,352,2,Finisher,3215
Jere Ryam,Pondoyo,Jere Ryam Pondoyo,428,M40-44,Male,Cebu  City,Cebu,Unknown,,0:36:30,3:37:10,2:32:36,0:04:32,0:06:25,6:57:13,2190,13030,9156,272,385,25033,420,353,50,432,363,56,443,377,57,420,353,50,Finisher,700
Jason,Gabison,Jason Gabison,269,M30-34,Male,Tanke,PH-CEB,Unknown,,0:39:03,3:25:02,2:42:12,0:06:22,0:05:08,6:57:47,2343,12302,9732,382,308,25067,421,354,59,467,395,64,406,343,56,421,354,59,Finisher,700
Alan,"Yeap, Jin Teong","Alan Yeap, Jin Teong",550,M50-54,Male,Georgetown,PULAU PINANG,Malaysia,MY,0:28:05,3:38:24,2:37:55,0:06:45,0:06:58,6:58:07,1685,13104,9475,405,418,25087,422,355,42,156,129,14,420,356,42,422,355,42,Finisher,700
Aberdovey Chartz,Belleza,Aberdovey Chartz Belleza,472,M40-44,Male,Vacaville,CA,Unknown,,0:33:55,3:20:51,2:52:01,0:06:15,0:05:05,6:58:07,2035,12051,10321,375,305,25087,423,356,51,352,293,38,354,300,46,423,356,51,Finisher,700
Randy ,Gilles ,Randy Gilles,574,M50-54,Male,Mandaue,Central Visayas,Unknown,,0:27:56,3:21:04,2:58:26,0:06:48,0:04:27,6:58:41,1676,12064,10706,408,267,25121,424,357,43,151,124,13,317,270,33,424,357,43,Finisher,700
Romeo,Ramos Jr,Romeo Ramos Jr,640,M60-64,Male,PARANQUE,NATIONAL CAPITAL REGION,Unknown,,0:39:44,3:23:16,2:38:51,0:09:24,0:08:00,6:59:15,2384,12196,9531,564,480,25155,425,358,11,476,404,10,414,351,11,425,358,11,Finisher,1953
Joseph,Ramirez,Joseph Ramirez,474,M40-44,Male,Parañaque,PH-00,Unknown,,0:30:56,3:11:47,3:03:27,0:06:42,0:07:12,7:00:04,1856,11507,11007,402,432,25204,426,359,52,255,214,30,273,236,37,426,359,52,Finisher,700
James Christopher,Lingad,James Christopher Lingad,255,M25-29,Male,Cebu City,Cebu,Unknown,,0:37:18,3:36:15,2:32:09,0:08:42,0:05:43,7:00:08,2238,12975,9129,522,343,25208,427,360,39,445,375,37,462,393,39,427,360,39,Finisher,700
Abnet Richard,Acopio,Abnet Richard Acopio,450,M40-44,Male,Cagayan dr Oro city,Northern Mindanao,Unknown,,0:43:24,3:24:19,2:40:53,0:06:49,0:04:54,7:00:19,2604,12259,9653,409,294,25219,428,361,53,497,422,68,427,362,53,428,361,53,Finisher,700
Necio,Torreon,Necio Torreon,477,M40-44,Male,Lapu-lapu,Lapu-Lapu,Unknown,,0:37:03,3:24:40,2:44:06,0:06:50,0:07:47,7:00:27,2223,12280,9846,410,467,25227,429,362,54,439,370,58,392,332,52,429,362,54,Finisher,700
Juan,Rodriguez,Juan Rodriguez,386,M35-39,Male,Aylesbury,ENG,Colombia,CO,0:29:22,3:31:59,2:44:26,0:08:01,0:07:40,7:01:28,1762,12719,9866,481,460,25288,430,363,64,200,167,28,398,337,62,430,363,64,Finisher,857
Josef,Chiongbian,Josef Chiongbian,768,F45-49,Male,Cebu City,CENTRAL VISAYAS,Unknown,,0:44:29,3:29:39,2:33:45,0:07:18,0:06:24,7:01:35,2669,12579,9225,438,384,25295,431,68,9,503,76,9,459,69,9,431,68,9,Finisher,1688
George,Marr,George Marr,289,M30-34,Male,Bolton,England,Unknown,,0:37:07,3:34:27,2:33:33,0:07:59,0:09:11,7:02:17,2227,12867,9213,479,551,25337,432,364,60,440,371,62,450,384,61,432,364,60,Finisher,700
Thor jourdan,Mutuc,Thor jourdan Mutuc,341,M30-34,Male,Makati,NCR,Unknown,,0:30:29,3:28:19,2:52:43,0:06:22,0:04:33,7:02:26,1829,12499,10363,382,273,25346,433,365,61,238,200,34,377,318,53,433,365,61,Finisher,700
BOONYARIT,BOONYAI,BOONYARIT BOONYAI,453,M40-44,Male,เขตดินแดง,,Thailand,TH,0:29:09,3:41:06,2:40:58,0:05:52,0:05:51,7:02:57,1749,13266,9658,352,351,25377,434,366,55,191,158,20,434,369,55,434,366,55,Finisher,700
Joshua,Denopol,Joshua Denopol,730,M30-34,Male,Ozamiz City,Misamis Occidental,Unknown,,0:33:40,3:32:33,2:43:44,0:07:34,0:06:27,7:03:57,2020,12753,9824,454,387,25437,435,367,62,344,287,51,423,358,59,435,367,62,Finisher,700
NATSUKI,ISHIKAWA,NATSUKI ISHIKAWA,683,F35-39,Female,Minato City,Tokyo Prefecture,Japan,JP,0:25:45,3:48:04,2:35:48,0:09:02,0:06:12,7:04:50,1545,13684,9348,542,372,25490,436,69,10,96,17,5,464,71,10,436,69,10,Finisher,1638
Mariel,Pareja,Mariel Pareja,348,M35-39,Male,Muabog/Tabogon,CENTRAL VISAYAS,Unknown,,0:33:01,3:25:48,2:55:24,0:06:38,0:05:16,7:06:08,1981,12348,10524,398,316,25568,437,368,65,323,271,46,379,320,59,437,368,65,Finisher,773
Lucky,Mabayag,Lucky Mabayag,379,M35-39,Male,Davao City,PH-DAS,Unknown,,0:43:55,3:32:39,2:34:26,0:08:40,0:06:58,7:06:38,2635,12759,9266,520,418,25598,438,369,66,500,425,74,473,402,71,438,369,66,Finisher,764
Naoyuki,Ogura,Naoyuki Ogura,506,M45-49,Male,大田区蒲田本町,JP-13,Japan,JP,0:24:46,3:43:06,2:46:03,0:05:39,0:07:07,7:06:41,1486,13386,9963,339,427,25601,439,370,49,73,60,9,422,357,49,439,370,49,Finisher,1167
Jeff,Bentson,Jeff Bentson,466,M40-44,Male,Singapore,04,Unknown,,0:34:49,3:30:52,2:45:30,0:09:19,0:06:12,7:06:42,2089,12652,9930,559,372,25602,440,371,56,385,321,50,429,364,54,440,371,56,Finisher,700
Danilo Miguel,Atienza,Danilo Miguel Atienza,366,M35-39,Male,"Pallocan West, Batangas City",Batangas,Unknown,,0:32:21,3:40:38,2:42:56,0:06:28,0:04:32,7:06:55,1941,13238,9776,388,272,25615,441,372,67,300,250,42,449,383,68,441,372,67,Finisher,759
Rickett,Cruz,Rickett Cruz,738,M40-44,Male,Bagong Ilog,PASIG CITY,Unknown,,0:41:22,3:35:45,2:32:21,0:10:09,0:07:19,7:06:56,2482,12945,9141,609,439,25616,442,373,57,483,410,66,480,408,63,442,373,57,Finisher,700
WAN LUN,TSAI,WAN LUN TSAI,700,F40-44,Female,萬華區,Taipei City,Taiwan,TW,0:27:00,3:19:12,3:08:14,0:05:44,0:06:56,7:07:05,1620,11952,11294,344,416,25625,443,70,11,128,23,2,291,40,3,443,70,11,Finisher,1511
Lyle,Balverde,Lyle Balverde,319,M30-34,Male,Poblacion liloan,Cebu,Unknown,,0:41:17,3:25:36,2:48:15,0:07:29,0:06:47,7:09:25,2477,12336,10095,449,407,25765,444,374,63,482,409,66,425,360,60,444,374,63,Finisher,700
Keith,Bacaltos,Keith Bacaltos,488,M45-49,Male,"Cansojong, Talisay",PH-CEB,Unknown,,0:44:58,3:34:59,2:30:11,0:09:00,0:10:22,7:09:30,2698,12899,9011,540,622,25770,445,375,50,505,429,59,486,413,58,445,375,50,Finisher,1117
Takuya,Chiba,Takuya Chiba,787,M40-44,Male,"Komazawa, Setagaya",Tokyo,Japan,JP,0:38:37,3:32:31,2:40:01,0:09:47,0:09:01,7:09:57,2317,12751,9601,587,541,25797,446,376,58,461,390,62,458,390,60,446,376,58,Finisher,700
Mike,Marui,Mike Marui,436,M40-44,Male,港区,Tokyo Prefecture,Japan,JP,0:32:34,3:27:53,2:56:29,0:07:52,0:05:55,7:10:43,1954,12473,10589,472,355,25843,447,377,59,308,257,33,391,331,51,447,377,59,Finisher,700
Abdul Majed,Dalidig,Abdul Majed Dalidig,749,M40-44,Male,Lanao del norte,Iligan city,Unknown,,0:38:03,3:35:28,2:40:58,0:08:35,0:08:36,7:11:40,2283,12928,9658,515,516,25900,448,378,60,455,384,60,461,392,61,448,378,60,Finisher,700
Jerome,Furog,Jerome Furog,496,M45-49,Male,Pasig,Metro Manila,Unknown,,0:35:35,3:25:11,2:54:48,0:08:57,0:07:23,7:11:54,2135,12311,10488,537,443,25914,449,379,51,401,336,48,400,339,43,449,379,51,Finisher,1073
Taro,Wakayama,Taro Wakayama,620,M55-59,Male,"Mactan, llc",CEBU,Japan,JP,0:37:47,3:46:40,2:32:22,0:08:17,0:07:25,7:12:31,2267,13600,9142,497,445,25951,450,380,20,450,379,25,495,421,26,450,380,20,Finisher,758
Naokazu,Hiruko,Naokazu Hiruko,601,M55-59,Male,上大崎,東京都,Japan,JP,0:27:05,3:50:59,2:39:36,0:07:55,0:06:57,7:12:32,1625,13859,9576,475,417,25952,451,381,21,133,110,11,477,406,24,451,381,21,Finisher,758
Kyonne Seth,Genio,Kyonne Seth Genio,203,M18-24,Male,Puerto Princesa,PH-PLW,Unknown,,0:37:16,3:25:37,2:53:10,0:09:56,0:07:13,7:13:12,2236,12337,10390,596,433,25992,452,382,15,444,374,15,416,352,14,452,382,15,Finisher,700
TOMOHIKO,HAYASHI,TOMOHIKO HAYASHI,500,M45-49,Male,Meguro,JP-13,Japan,JP,0:34:33,3:46:39,2:21:22,0:16:39,0:14:25,7:13:39,2073,13599,8482,999,865,26019,453,383,52,371,310,45,503,427,62,453,383,52,Finisher,1042
Jia wei,Mak,Jia wei Mak,503,M45-49,Male,Singapore,Singapore,Singapore,SG,0:43:29,3:29:19,2:48:53,0:06:10,0:05:53,7:13:43,2609,12559,10133,370,353,26023,454,384,53,498,423,58,448,382,55,454,384,53,Finisher,1041
Laurence,Lao,Laurence Lao,384,M35-39,Male,Sibulan,PH-NER,Unknown,,0:44:30,3:31:39,2:46:23,0:07:22,0:04:24,7:14:19,2670,12699,9983,442,264,26059,455,385,68,504,428,75,468,397,70,455,385,68,Finisher,700
Victor Jr,Cabrera,Victor Jr Cabrera,554,M50-54,Male,Sta filomena,Zamboanga del norte,Unknown,,0:30:56,3:28:04,3:01:43,0:05:42,0:08:21,7:14:45,1856,12484,10903,342,501,26085,456,386,44,254,213,28,374,316,37,456,386,44,Finisher,700
HIDEAKI,UTAHARA,HIDEAKI UTAHARA,651,M55-59,Male,kobe-shi,hyogo-ken,Japan,JP,0:36:03,3:35:49,2:45:22,0:11:16,0:07:26,7:15:55,2163,12949,9922,676,446,26155,457,387,22,421,353,23,465,394,22,457,387,22,Finisher,700
Masahiro,Adachi,Masahiro Adachi,644,M65-69,Male,西宮市広田町,兵庫県,Japan,JP,0:42:00,3:42:12,2:33:41,0:11:16,0:07:02,7:16:11,2520,13332,9221,676,422,26171,458,388,2,487,414,2,498,424,2,458,388,2,Finisher,1709
Joemari,Polo,Joemari Polo,566,M50-54,Male,Tagbilaran City,PH-BOH,Unknown,,0:41:34,3:33:57,2:42:57,0:11:25,0:07:14,7:17:07,2494,12837,9777,685,434,26227,459,389,45,484,411,45,479,407,48,459,389,45,Finisher,700
Daniel,Park,Daniel Park,201,M18-24,Male,Yongsan-gu,Seoul,Australia,AU,0:29:48,3:27:14,3:11:16,0:03:56,0:05:04,7:17:18,1788,12434,11476,236,304,26238,460,390,16,217,183,12,353,299,12,460,390,16,Finisher,700
Michael Anthony,Magale,Michael Anthony Magale,414,M35-39,Male,Talisay city,Cebu,Unknown,,0:35:55,3:34:26,2:55:20,0:06:00,0:06:55,7:18:35,2155,12866,10520,360,415,26315,461,391,69,415,347,59,435,370,67,461,391,69,Finisher,700
Leilani,Tan,Leilani Tan,717,F50-54,Female,Molino IV Bacoor City,PH-CAV,Unknown,,0:42:38,3:38:09,2:43:44,0:08:42,0:05:45,7:18:57,2558,13089,9824,522,345,26337,462,71,6,490,75,6,487,74,6,462,71,6,Finisher,1831
Michael,Gaabucayan,Michael Gaabucayan,336,M30-34,Male,"Kauswagan, Cagayan de Oro City",PH-MSR,Unknown,,0:33:33,3:39:56,2:49:48,0:08:35,0:07:24,7:19:16,2013,13196,10188,515,444,26356,463,392,64,338,284,50,460,391,64,463,392,64,Finisher,700
Dennis,Dy,Dennis Dy,563,M50-54,Male,Talisay City,PH-CEB,Unknown,,0:43:16,3:34:53,2:47:25,0:07:19,0:06:46,7:19:39,2596,12893,10045,439,406,26379,464,393,46,496,421,48,475,404,47,464,393,46,Finisher,700
Earl Walter Maxcy,De Jesus,Earl Walter Maxcy De Jesus,586,M50-54,Male,Marikina,00,Unknown,,0:37:48,3:30:17,2:54:33,0:08:39,0:08:39,7:19:58,2268,12617,10473,519,519,26398,465,394,47,452,381,44,436,371,44,465,394,47,Finisher,700
Zachary,Underwood,Zachary Underwood,375,M35-39,Male,Phuket,Phuket Province,Thailand,TH,0:35:35,3:48:18,2:45:36,0:06:40,0:04:22,7:20:31,2135,13698,9936,400,262,26431,466,395,70,402,337,55,490,416,73,466,395,70,Finisher,700
Robert,Real,Robert Real,791,M40-44,Male,Fort Bonifacio,METRO MANILA,Unknown,,0:23:13,3:49:53,2:54:20,0:04:36,0:08:56,7:20:58,1393,13793,10460,276,536,26458,467,396,61,46,39,7,441,375,56,467,396,61,Finisher,700
Manuel,Alipio Jr,Manuel Alipio Jr,464,M40-44,Male,"lamac, consolacion",cebu,Unknown,,0:34:52,3:35:07,2:57:06,0:08:20,0:06:05,7:21:30,2092,12907,10626,500,365,26490,468,397,62,388,324,51,444,378,58,468,397,62,Finisher,700
Romerick,Lunar,Romerick Lunar,486,M45-49,Male,Davao City,DAVAO DEL SUR,Unknown,,0:42:50,3:28:01,2:59:48,0:06:30,0:05:12,7:22:20,2570,12481,10788,390,312,26540,469,398,54,492,417,56,440,374,52,469,398,54,Finisher,886
Ricardo Jr,Pepito,Ricardo Jr Pepito,351,M35-39,Male,"Lamac, Consolacion",PH-CEB,Unknown,,0:39:00,3:20:34,3:03:49,0:09:06,0:09:56,7:22:25,2340,12034,11029,546,596,26545,470,399,71,466,394,68,394,333,61,470,399,71,Finisher,700
Christian Carlo,Baltazar,Christian Carlo Baltazar,389,M35-39,Male,Malaybalay City,Bukidnon,Unknown,,0:37:33,3:36:00,2:56:07,0:07:04,0:06:40,7:23:24,2253,12960,10567,424,400,26604,471,400,72,448,378,65,455,388,69,471,400,72,Finisher,700
Gian Chancellor,Arbilon,Gian Chancellor Arbilon,320,M30-34,Male,Barangay kamputhaw,PH-CEB,Unknown,,0:32:22,3:31:19,3:09:06,0:04:30,0:06:27,7:23:43,1942,12679,11346,270,387,26623,472,401,65,301,251,46,388,328,54,472,401,65,Finisher,700
Char Lynne,Garciano,Char Lynne Garciano,672,F30-34,Female,Mandaue City,PH-CEB,Unknown,,0:30:36,3:48:17,2:51:00,0:08:45,0:05:35,7:24:13,1836,13697,10260,525,335,26653,473,72,16,241,40,9,483,73,17,473,72,16,Finisher,1282
Karen,Dalanon,Karen Dalanon,748,F30-34,Female,Binan City,Laguna,Unknown,,0:38:45,3:40:37,2:49:34,0:07:18,0:08:49,7:25:04,2325,13237,10174,438,529,26704,474,73,17,464,72,18,478,72,16,474,73,17,Finisher,1266
Yeonsoo,Shin,Yeonsoo Shin,611,M55-59,Male,"Seo-gu, Gwangju",KR-29,Australia,AU,0:28:56,3:31:00,3:05:38,0:08:48,0:10:45,7:25:07,1736,12660,11138,528,645,26707,475,402,23,184,151,13,395,334,20,475,402,23,Finisher,700
Hutch,Tumulak,Hutch Tumulak,429,M40-44,Male,Cebu city,Cebu,Unknown,,0:33:58,3:48:01,2:52:05,0:05:30,0:06:33,7:26:07,2038,13681,10325,330,393,26767,476,403,63,353,294,39,482,410,64,476,403,63,Finisher,700
Marianne,Ragudo,Marianne Ragudo,691,F40-44,Female,Muntinlupa,PH-00,Unknown,,0:31:58,3:42:24,2:58:28,0:06:27,0:07:43,7:27:01,1918,13344,10708,387,463,26821,477,74,12,291,48,8,456,68,11,477,74,12,Finisher,1152
Chunkwan,Park,Chunkwan Park,627,M55-59,Male,Daejeon,KR-30,Australia,AU,0:29:35,3:34:50,3:09:15,0:08:46,0:05:52,7:28:19,1775,12890,11355,526,352,26899,478,404,24,209,176,15,419,355,21,478,404,24,Finisher,700
Manuel Sanchez,Delgado,Manuel Sanchez Delgado,211,M18-24,Male,Sevilla,Andalusia,Spain,ES,0:24:31,3:53:12,2:57:35,0:05:37,0:08:27,7:29:22,1471,13992,10655,337,507,26962,479,405,17,70,58,4,466,395,17,479,405,17,Finisher,700
Shaun,Copland,Shaun Copland,516,M45-49,Male,Norwich,NFK,Unknown,,0:46:10,3:41:50,2:47:11,0:07:31,0:07:35,7:30:17,2770,13310,10031,451,455,27017,480,406,55,508,432,60,499,425,60,480,406,55,Finisher,743
Raymond,Abesamis,Raymond Abesamis,530,M45-49,Male,San Martin De Porres,PH-00,Unknown,,0:34:27,3:35:06,3:04:47,0:08:20,0:08:17,7:30:57,2067,12906,11087,500,497,27057,481,407,56,367,306,44,442,376,53,481,407,56,Finisher,731
Jerome,Ho,Jerome Ho,513,M45-49,Male,"MERCEDES, ZAMBOANGA CITY",PH-ZAS,Unknown,,0:31:33,3:56:29,2:46:50,0:08:21,0:07:53,7:31:07,1893,14189,10010,501,473,27067,482,408,57,276,231,28,502,426,61,482,408,57,Finisher,728
Christopher,Pacheco,Christopher Pacheco,737,M40-44,Male,Borol 2nd Balagtas,PH-BUL,Unknown,,0:38:24,3:32:02,3:02:46,0:10:25,0:08:20,7:31:57,2304,12722,10966,625,500,27117,483,409,64,458,387,61,457,389,59,483,409,64,Finisher,700
Romulo,Rosell,Romulo Rosell,588,M50-54,Male,Jagobiao Mandaue,Cebu,Unknown,,0:35:03,3:49:31,2:49:00,0:05:29,0:13:14,7:32:17,2103,13771,10140,329,794,27137,484,410,48,391,327,40,489,415,49,484,410,48,Finisher,700
Watcharas,Leelawath,Watcharas Leelawath,619,M55-59,Male,Bangkok,Bangkok,Thailand,TH,0:37:57,3:37:25,2:56:55,0:08:19,0:11:59,7:32:35,2277,13045,10615,499,719,27155,485,411,25,453,382,26,471,400,23,485,411,25,Finisher,700
Hideki,Kurose,Hideki Kurose,581,M50-54,Male,Kawasaki,Kanagawa,Japan,JP,0:43:10,3:48:26,2:47:18,0:08:33,0:07:22,7:34:49,2590,13706,10038,513,442,27289,486,412,49,494,419,47,505,429,50,486,412,49,Finisher,700
Stewart,Apat,Stewart Apat,502,M45-49,Male,CEBU CITY,PH-CEB,Unknown,,0:47:57,3:31:11,2:56:37,0:09:02,0:10:18,7:35:06,2877,12671,10597,542,618,27306,487,413,58,511,435,62,485,412,57,487,413,58,Finisher,700
Kelvin,Nacalaban,Kelvin Nacalaban,456,M40-44,Male,Cagayan de oro,PH-MSR,Unknown,,0:35:00,3:51:03,2:58:15,0:07:01,0:05:03,7:36:22,2100,13863,10695,421,303,27382,488,414,65,390,326,52,496,422,67,488,414,65,Finisher,700
harvey,bensig,harvey bensig,237,M25-29,Male,Palompon,Eastern Visayas,Unknown,,0:34:53,3:37:14,3:13:36,0:06:16,0:04:52,7:36:51,2093,13034,11616,376,292,27411,489,415,40,389,325,33,445,379,37,489,415,40,Finisher,700
Mori,Yoshihiro,Mori Yoshihiro,733,M45-49,Male,Kanoya-shi,KAGOSHIMA,Japan,JP,0:26:31,3:41:27,3:13:26,0:08:07,0:08:35,7:38:06,1591,13287,11606,487,515,27486,490,416,59,114,93,12,433,368,50,490,416,59,Finisher,700
Rachel,Wong,Rachel Wong,652,F18-24,Female,singapore,02,Singapore,SG,0:35:36,4:02:51,2:43:11,0:09:13,0:08:01,7:38:53,2136,14571,9791,553,481,27533,491,75,3,405,66,3,514,78,3,491,75,3,Finisher,918
Chase,Pang,Chase Pang,224,M25-29,Male,Singapore,Singapore,Singapore,SG,0:36:18,4:04:30,2:43:09,0:08:35,0:06:27,7:39:01,2178,14670,9789,515,387,27541,492,417,41,428,360,36,515,437,43,492,417,41,Finisher,700
Tad,Tumaodos,Tad Tumaodos,540,M45-49,Male,Cebu City,PH-CEB,Unknown,,0:46:22,3:38:06,2:59:55,0:07:41,0:07:55,7:39:58,2782,13086,10795,461,475,27598,493,418,60,509,433,61,493,419,59,493,418,60,Finisher,700
Yen,Sim,Yen Sim,518,M45-49,Male,Petaling Jaya,MY-10,Malaysia,MY,0:32:19,3:07:49,3:44:50,0:06:34,0:08:36,7:40:08,1939,11269,13490,394,516,27608,494,419,61,299,249,32,254,223,30,494,419,61,Finisher,700
Eurico Maco,Godinez,Eurico Maco Godinez,259,M25-29,Male,Cebu City,PH-CEB,Unknown,,0:37:48,3:42:35,3:06:36,0:07:32,0:05:44,7:40:15,2268,13355,11196,452,344,27615,495,420,42,451,380,39,484,411,41,495,420,42,Finisher,700
Ivan Miguel,Lim,Ivan Miguel Lim,335,M30-34,Male,dagupan,PH-PAN,Unknown,,0:30:48,3:53:37,3:01:13,0:07:41,0:07:35,7:40:54,1848,14017,10873,461,455,27654,496,421,66,247,207,37,492,418,67,496,421,66,Finisher,700
Rhijina,Janda,Rhijina Janda,757,F25-29,Female,Libjo Central,"Batangas City, Batangas",Unknown,,0:34:22,3:53:26,3:02:05,0:07:46,0:05:22,7:43:00,2062,14006,10925,466,322,27780,497,76,9,363,61,9,501,76,9,497,76,9,Finisher,965
Jose Marco,Padillo,Jose Marco Padillo,391,M35-39,Male,"Brgy. San Antonio, San Pedro City",Laguna,Unknown,,0:35:38,3:43:02,3:10:20,0:07:16,0:06:57,7:43:13,2138,13382,11420,436,417,27793,498,422,73,407,341,57,476,405,72,498,422,73,Finisher,700
Heherson,Valencia,Heherson Valencia,303,M30-34,Male,Lahug,PH-CEB,Unknown,,0:35:39,3:42:47,3:11:39,0:06:56,0:08:48,7:45:49,2139,13367,11499,416,528,27949,499,423,67,408,342,57,474,403,65,499,423,67,Finisher,700
Kristian Adam,Balasa,Kristian Adam Balasa,435,M40-44,Male,Mabini,PH-BTG,Unknown,,0:39:03,3:55:32,2:57:19,0:07:31,0:06:45,7:46:10,2343,14132,10639,451,405,27970,500,424,66,468,396,63,508,432,68,500,424,66,Finisher,700
Jan kenard,Banal,Jan kenard Banal,236,M25-29,Male,Mulanay quezon ,Quezon province,Unknown,,0:34:05,3:36:08,3:19:33,0:08:30,0:08:43,7:46:58,2045,12968,11973,510,523,28018,501,425,43,355,296,31,446,380,38,501,425,43,Finisher,700
Chadd,Concepcion,Chadd Concepcion,481,M40-44,Male,Pasig,NATIONAL CAPITAL REGION,Unknown,,0:34:33,3:47:07,3:13:32,0:08:17,0:05:26,7:48:55,2073,13627,11612,497,326,28135,502,426,67,369,308,45,488,414,65,502,426,67,Finisher,700
Ashary,Gandamra,Ashary Gandamra,252,M25-29,Male,Cagayan De Oro,Northern Mindanao,Unknown,,0:34:40,3:41:46,3:19:14,0:08:30,0:05:59,7:50:10,2080,13306,11954,510,359,28210,503,427,44,380,317,32,472,401,40,503,427,44,Finisher,700
Elmer,Tagarino,Elmer Tagarino,587,M50-54,Male,Pamplona Dos,NATIONAL CAPITAL REGION,Unknown,,0:44:00,3:21:18,3:25:34,0:09:19,0:10:10,7:50:21,2640,12078,12334,559,610,28221,504,428,50,501,426,49,428,363,43,504,428,50,Finisher,700
Jason,Wu,Jason Wu,452,M40-44,Male,Clementi,NA,Singapore,SG,0:29:42,3:56:53,3:12:50,0:05:58,0:05:53,7:51:17,1782,14213,11570,358,353,28277,505,429,68,213,179,24,494,420,66,505,429,68,Finisher,700
Mark Francis,Millan,Mark Francis Millan,788,M45-49,Male,CEBU CITY,Central Visayas,Unknown,,0:35:28,4:02:37,3:03:21,0:06:02,0:05:07,7:52:35,2128,14557,11001,362,307,28355,506,430,62,398,333,47,511,435,63,506,430,62,Finisher,700
Ivan,Buglosa,Ivan Buglosa,270,M30-34,Male,BACOLOD,Negros Occidental,Unknown,,0:36:57,3:58:56,3:04:58,0:06:18,0:06:06,7:53:15,2217,14336,11098,378,366,28395,507,431,68,437,368,61,510,434,68,507,431,68,Finisher,700
Paul Jan Patrick,Natividad,Paul Jan Patrick Natividad,350,M35-39,Male,Quezon City,,Unknown,,0:33:18,3:58:19,3:02:59,0:09:11,0:11:20,7:55:06,1998,14299,10979,551,680,28506,508,432,74,327,275,48,506,430,74,508,432,74,Finisher,700
Yasutaka,Arino,Yasutaka Arino,603,M55-59,Male,Mikage-Gunge Higashinada Kobe,Hyogo,Japan,JP,0:43:31,3:44:00,3:04:04,0:14:03,0:11:20,7:56:58,2611,13440,11044,843,680,28618,509,433,26,499,424,27,507,431,27,509,433,26,Finisher,700
ChungBao,Hou,ChungBao Hou,471,M40-44,Male,台北市,Taipei City,Taiwan,TW,0:34:43,3:58:13,3:08:11,0:09:14,0:07:05,7:57:27,2083,14293,11291,554,425,28647,510,434,69,382,319,49,509,433,69,510,434,69,Finisher,700
Rosselle Jona,Canete,Rosselle Jona Canete,681,F35-39,Female,Pasig,NATIONAL CAPITAL REGION,Unknown,,0:37:41,3:51:16,3:17:24,0:06:34,0:04:32,7:57:28,2261,13876,11844,394,272,28648,511,77,11,449,71,11,500,75,11,511,77,11,Finisher,700
Rex,Dalmacio,Rex Dalmacio,528,M45-49,Male,"Cupang, Antipolo City",RIZ,Unknown,,0:48:34,3:27:00,3:28:39,0:07:50,0:06:45,7:58:48,2914,12420,12519,470,405,28728,512,435,63,512,436,63,467,396,56,512,435,63,Finisher,700
Jonas,Schubert,Jonas Schubert,372,M35-39,Male,Berlin,DE-BE,Germany,DE,0:34:40,4:04:34,3:05:41,0:07:34,0:06:20,7:58:49,2080,14674,11141,454,380,28729,513,436,75,378,315,53,512,436,75,513,436,75,Finisher,700
Marlin,Paschköwitz,Marlin Paschköwitz,662,F30-34,Female,Berlin,Berlin,Germany,DE,0:34:44,4:04:44,3:06:10,0:07:39,0:05:37,7:58:53,2084,14684,11170,459,337,28733,514,78,18,383,64,14,513,77,18,514,78,18,Finisher,700
John Michael,Lingad,John Michael Lingad,322,M30-34,Male,Cebu City,PH-CEB,Unknown,,0:31:58,4:10:18,3:03:17,0:08:15,0:07:19,8:01:06,1918,15018,10997,495,439,28866,515,437,69,290,243,43,516,438,69,515,437,69,Finisher,700
seiji,yamaoka,seiji yamaoka,622,M55-59,Male,fukuoka,JP-40,Japan,JP,0:34:26,3:41:21,3:25:01,0:16:15,0:05:29,8:02:32,2066,13281,12301,975,329,28952,516,438,27,366,305,22,491,417,25,516,438,27,Finisher,700
Kiko,Hashikawa,Kiko Hashikawa,649,M70-74,Male,那覇市泉崎,Okinawa,Japan,JP,0:36:41,3:49:39,3:24:37,0:12:33,0:08:04,8:11:34,2201,13779,12277,753,484,29494,517,439,3,435,366,2,504,428,3,517,439,3,Finisher,1876
Mario Lendel,Barinque,Mario Lendel Barinque,292,M30-34,Male,Iligan City,Lanao del Norte,Unknown,,,,,0:00:00,0:00:00,,0,0,0,0,0,0,99999,99999,99999,99999,99999,99999,99999,99999,99999,99999,99999,99999,DNF,0
CHISATO,MATSUI,CHISATO MATSUI,677,F30-34,Female,港区,Tokyo Prefecture,Japan,JP,0:41:11,,,0:07:43,0:00:00,,2471,0,0,463,0,0,99999,99999,99999,99999,99999,99999,99999,99999,99999,99999,99999,99999,DNF,0
Joseph Anthony,Cuadro,Joseph Anthony Cuadro,792,M40-44,Male,Pasig,National Capital Region,Unknown,,0:45:00,,,0:08:05,0:00:00,,2700,0,0,485,0,0,99999,99999,99999,99999,99999,99999,99999,99999,99999,99999,99999,99999,DNF,0
Brian,Acebedo,Brian Acebedo,766,M35-39,Male,Tacloban,Leyte,Unknown,,,,,0:00:00,0:00:00,,0,0,0,0,0,0,99999,99999,99999,99999,99999,99999,99999,99999,99999,99999,99999,99999,DNF,0
Rey Kenneth,Bautista,Rey Kenneth Bautista,179,M35-39,Male,Las Vegas,NV,Unknown,,,,,0:00:00,0:00:00,,0,0,0,0,0,0,99999,99999,99999,99999,99999,99999,99999,99999,99999,99999,99999,99999,DNS,0
Ummar Hasser,Munder,Ummar Hasser Munder,361,M35-39,Male,Cagayan de Oro,Northern Mindanao,Unknown,,,,,0:00:00,0:00:00,,0,0,0,0,0,0,99999,99999,99999,99999,99999,99999,99999,99999,99999,99999,99999,99999,DNS,0
Egor,Demchenko,Egor Demchenko,95,M40-44,Male,UbudBali,Bali,Indonesia,ID,,,,0:00:00,0:00:00,,0,0,0,0,0,0,99999,99999,99999,99999,99999,99999,99999,99999,99999,99999,99999,99999,DNS,0
ferlito jose,mejia,ferlito jose mejia,618,M55-59,Male,Davao City ,Davao del Sur ,Unknown,,,,,0:00:00,0:00:00,,0,0,0,0,0,0,99999,99999,99999,99999,99999,99999,99999,99999,99999,99999,99999,99999,DNS,0
Ken,Bacsa,Ken Bacsa,281,M30-34,Male,antipolo,rizal,Unknown,,0:25:53,,,0:00:00,0:00:00,,1553,0,0,0,0,0,99999,99999,99999,99999,99999,99999,99999,99999,99999,99999,99999,99999,DNF,0
Toshiya,Honda,Toshiya Honda,106,M55-59,Male,TAIPEI,TW-NWT,Japan,JP,,,,0:00:00,0:00:00,,0,0,0,0,0,0,99999,99999,99999,99999,99999,99999,99999,99999,99999,99999,99999,99999,DNS,0
Jewemars Christian,Riano,Jewemars Christian Riano,753,M30-34,Male,Roxas City,PH-CAP,Unknown,,0:54:03,,,0:00:00,0:00:00,,3243,0,0,0,0,0,99999,99999,99999,99999,99999,99999,99999,99999,99999,99999,99999,99999,DNF,0
Terukazu,Shibata,Terukazu Shibata,645,M65-69,Male,"Miyoshi-city,",JP-23,Japan,JP,0:42:49,,,0:12:06,0:00:00,,2569,0,0,726,0,0,99999,99999,99999,99999,99999,99999,99999,99999,99999,99999,99999,99999,DNF,0
Jan Viggo,Johansen,Jan Viggo Johansen,483,M45-49,Male,Singapore,01,Norway,NO,,,,0:00:00,0:00:00,,0,0,0,0,0,0,99999,99999,99999,99999,99999,99999,99999,99999,99999,99999,99999,99999,DNS,0
Daniel,Zatloukal,Daniel Zatloukal,328,M30-34,Male,Ostrava,Moravian-Silesia,Unknown,,,,,0:00:00,0:00:00,,0,0,0,0,0,0,99999,99999,99999,99999,99999,99999,99999,99999,99999,99999,99999,99999,DNF,0
Rafael Alexis,Dadizon,Rafael Alexis Dadizon,373,M35-39,Male,General Luna,Caraga,Unknown,,0:40:50,,,0:10:53,0:00:00,,2450,0,0,653,0,0,99999,99999,99999,99999,99999,99999,99999,99999,99999,99999,99999,99999,DNF,0
Miao,Hao,Miao Hao,11,MPRO,Male,北京,北京,China,CN,0:31:27,,,0:02:30,0:00:00,,1887,0,0,150,0,0,99999,99999,99999,99999,99999,99999,99999,99999,99999,99999,99999,99999,DNF,0
Chino,Anatalio,Chino Anatalio,438,M40-44,Male,Cainta,RIZAL,Unknown,,,,,0:00:00,0:00:00,,0,0,0,0,0,0,99999,99999,99999,99999,99999,99999,99999,99999,99999,99999,99999,99999,DNF,0
Ferdinand,Encarnacion,Ferdinand Encarnacion,544,M45-49,Male,ANGELES CITY,PAM,Unknown,,0:50:05,,,0:00:00,0:00:00,,3005,0,0,0,0,0,99999,99999,99999,99999,99999,99999,99999,99999,99999,99999,99999,99999,DNF,0
Rhudolff Nicholas ,Lao Guico,Rhudolff Nicholas Lao Guico,228,M25-29,Male,Lapu-Lapu,Central Visayas,Unknown,,,,,0:00:00,0:00:00,,0,0,0,0,0,0,99999,99999,99999,99999,99999,99999,99999,99999,99999,99999,99999,99999,DNF,0
Aaron,Jacobs,Aaron Jacobs,367,M35-39,Male,Ansan,Gyeonggi-do,South Africa,ZA,,,,0:00:00,0:00:00,,0,0,0,0,0,0,99999,99999,99999,99999,99999,99999,99999,99999,99999,99999,99999,99999,DNS,0
Nick,Cudmore,Nick Cudmore,108,M70-74,Male,Zamboanguita,England,Unknown,,0:50:13,,,0:00:00,0:00:00,,3013,0,0,0,0,0,99999,99999,99999,99999,99999,99999,99999,99999,99999,99999,99999,99999,DNF,0
Aaron,Isidro,Aaron Isidro,721,M30-34,Male,Highway Hills,Mandaluyong,Unknown,,0:53:04,,,0:00:00,0:00:00,,3184,0,0,0,0,0,99999,99999,99999,99999,99999,99999,99999,99999,99999,99999,99999,99999,DNF,0
Hans,Bock,Hans Bock,650,M70-74,Male,Singapore,Singapore,Germany,DE,0:34:28,,,0:10:50,0:00:00,,2068,0,0,650,0,0,99999,99999,99999,99999,99999,99999,99999,99999,99999,99999,99999,99999,DNF,0
Marc Nicholai,Mercado,Marc Nicholai Mercado,728,M35-39,Male,Las Pinas City,National Capital Region,Unknown,,0:52:30,,,0:00:00,0:00:00,,3150,0,0,0,0,0,99999,99999,99999,99999,99999,99999,99999,99999,99999,99999,99999,99999,DNF,0
Byeongkweon,Kim,Byeongkweon Kim,615,M55-59,Male,Daejeon,KR-30,Australia,AU,0:52:04,,,0:00:00,0:00:00,,3124,0,0,0,0,0,99999,99999,99999,99999,99999,99999,99999,99999,99999,99999,99999,99999,DNF,0
Marc Andrew,Noscal,Marc Andrew Noscal,368,M35-39,Male,Brgy UP Village,PH-00,Unknown,,,,,0:00:00,0:00:00,,0,0,0,0,0,0,99999,99999,99999,99999,99999,99999,99999,99999,99999,99999,99999,99999,DNF,0
Takuji,Hayashida,Takuji Hayashida,592,M50-54,Male,Komagane-shi,Nagano-ken,Japan,JP,,,,0:00:00,0:00:00,,0,0,0,0,0,0,99999,99999,99999,99999,99999,99999,99999,99999,99999,99999,99999,99999,DNS,0
Salvie,Pabalate,Salvie Pabalate,599,M50-54,,Babag,Lapu-lapu city,Unknown,,,,,0:00:00,0:00:00,,0,0,0,0,0,0,99999,99999,99999,99999,99999,99999,99999,99999,99999,99999,99999,99999,DNS,0
Jeryl,Madria,Jeryl Madria,358,M35-39,Male,Pueblo,CO,Unknown,,,,,0:00:00,0:00:00,,0,0,0,0,0,0,99999,99999,99999,99999,99999,99999,99999,99999,99999,99999,99999,99999,DNF,0
Zeno ,Flores,Zeno Flores,235,M25-29,Male,Lapu-Lapu,Cebu,Unknown,,,,,0:00:00,0:00:00,,0,0,0,0,0,0,99999,99999,99999,99999,99999,99999,99999,99999,99999,99999,99999,99999,DNF,0
Mark Alexander,Belleza,Mark Alexander Belleza,514,M45-49,Male,Zapote Biñan,Laguna,Unknown,,0:47:23,,,0:00:00,0:00:00,,2843,0,0,0,0,0,99999,99999,99999,99999,99999,99999,99999,99999,99999,99999,99999,99999,DNF,0
実,井上,実 井上,536,M45-49,Male,Shizuoka-shi,SHIZUOKA,Japan,JP,0:48:01,,,0:00:00,0:00:00,,2881,0,0,0,0,0,99999,99999,99999,99999,99999,99999,99999,99999,99999,99999,99999,99999,DNF,0
Benjamin,Villagracia,Benjamin Villagracia,169,M65-69,Male,Subic Bay Freeport Zone,ZAMBALES,Unknown,,,,,0:00:00,0:00:00,,0,0,0,0,0,0,99999,99999,99999,99999,99999,99999,99999,99999,99999,99999,99999,99999,DNF,0
Karl,Ylaya,Karl Ylaya,422,M35-39,Male,Tagbilaran,PH-BOH,Unknown,,1:15:49,,,0:00:00,0:00:00,,4549,0,0,0,0,0,99999,99999,99999,99999,99999,99999,99999,99999,99999,99999,99999,99999,DNF,0
Trissa,Miguel,Trissa Miguel,684,F35-39,Female,Mangahan,00,Unknown,,0:29:45,,,0:06:15,0:00:00,,1785,0,0,375,0,0,99999,99999,99999,99999,99999,99999,99999,99999,99999,99999,99999,99999,DNF,0
Peter,Reynolds,Peter Reynolds,732,M55-59,Male,Dubai,DUBAYY,Unknown,,0:57:19,,,0:00:00,0:00:00,,3439,0,0,0,0,0,99999,99999,99999,99999,99999,99999,99999,99999,99999,99999,99999,99999,DNF,0
Dennis,Pateño,Dennis Pateño,409,M35-39,Male,Bacolod City,PH-NEC,Unknown,,,,,0:00:00,0:00:00,,0,0,0,0,0,0,99999,99999,99999,99999,99999,99999,99999,99999,99999,99999,99999,99999,DNF,0
Job Nolan,Yanga,Job Nolan Yanga,395,M35-39,Male,"Magdiwang, Noveleta",Cavite,Unknown,,0:31:58,4:11:53,,0:07:53,0:06:33,,1918,15113,0,473,393,0,99999,99999,99999,99999,99999,99999,99999,99999,99999,99999,99999,99999,DNF,0
Michael,Bique,Michael Bique,459,M40-44,Male,geneve,,France,FR,,,,0:00:00,0:00:00,,0,0,0,0,0,0,99999,99999,99999,99999,99999,99999,99999,99999,99999,99999,99999,99999,DNS,0
Mariano Jesus,Cuenco,Mariano Jesus Cuenco,625,M55-59,Male,Cebu,PH-CEB,Unknown,,,,,0:00:00,0:00:00,,0,0,0,0,0,0,99999,99999,99999,99999,99999,99999,99999,99999,99999,99999,99999,99999,DNS,0
Christian Rhomel,Mariano,Christian Rhomel Mariano,539,M45-49,Male,Barangay 509,NATIONAL CAPITAL REGION,Unknown,,,,,0:00:00,0:00:00,,0,0,0,0,0,0,99999,99999,99999,99999,99999,99999,99999,99999,99999,99999,99999,99999,DNS,0
vere,diongzon,vere diongzon,306,M30-34,Male,Cebu City,Central Visayas,Unknown,,0:59:14,,,0:00:00,0:00:00,,3554,0,0,0,0,0,99999,99999,99999,99999,99999,99999,99999,99999,99999,99999,99999,99999,DNF,0
Adan,Sandi Lane,Adan Sandi Lane,676,F35-39,Female,Davao City,Davao Region,Unknown,,,,,0:00:00,0:00:00,,0,0,0,0,0,0,99999,99999,99999,99999,99999,99999,99999,99999,99999,99999,99999,99999,DNF,0
Reece,Montalbo,Reece Montalbo,785,M18-24,Male,Kumintang Ilaya,Batangas,Unknown,,,,,0:00:00,0:00:00,,0,0,0,0,0,0,99999,99999,99999,99999,99999,99999,99999,99999,99999,99999,99999,99999,DNF,0
Basil,Ashmore,Basil Ashmore,647,M70-74,Male,Davis,CA,Ireland,IE,1:02:09,,,0:00:00,0:00:00,,3729,0,0,0,0,0,99999,99999,99999,99999,99999,99999,99999,99999,99999,99999,99999,99999,DNF,0
John,Fothergill,John Fothergill,7,MPRO,,Karalee,AU-QLD,Australia,AU,0:34:49,2:18:35,,0:02:48,0:03:59,,2089,8315,0,168,239,0,99999,99999,99999,99999,99999,99999,99999,99999,99999,99999,99999,99999,DNF,0
Yosuf,Aljassem,Yosuf Aljassem,286,M30-34,Male,Doha,QA-DA,Qatar,QA,,,,0:00:00,0:00:00,,0,0,0,0,0,0,99999,99999,99999,99999,99999,99999,99999,99999,99999,99999,99999,99999,DNS,0
Alexey,Voronezhev,Alexey Voronezhev,404,M35-39,Male,Oslo,,Norway,NO,,,,0:00:00,0:00:00,,0,0,0,0,0,0,99999,99999,99999,99999,99999,99999,99999,99999,99999,99999,99999,99999,DNS,0
Pachara,Protpisuth,Pachara Protpisuth,716,M50-54,Female,Bangkok,Bangkok,Thailand,TH,,,,0:00:00,0:00:00,,0,0,0,0,0,0,99999,99999,99999,99999,99999,99999,99999,99999,99999,99999,99999,99999,DNF,0
Brye,Britanico,Brye Britanico,359,M35-39,Male,Pasig City,00,Unknown,,,,,0:00:00,0:00:00,,0,0,0,0,0,0,99999,99999,99999,99999,99999,99999,99999,99999,99999,99999,99999,99999,DNF,0
Randy,Paragas,Randy Paragas,487,M45-49,Male,754,PH-00,Unknown,,0:44:22,,,0:10:58,0:00:00,,2662,0,0,658,0,0,99999,99999,99999,99999,99999,99999,99999,99999,99999,99999,99999,99999,DNF,0
Jabrane,Iguider,Jabrane Iguider,420,M35-39,Male,Bandar Seri Begawan,Brunei Muara,Unknown,,0:44:02,,,0:00:00,0:00:00,,2642,0,0,0,0,0,99999,99999,99999,99999,99999,99999,99999,99999,99999,99999,99999,99999,DNF,0
Byoung Min,Noh,Byoung Min Noh,170,M65-69,Male,Thu Duc,VN-SG,Australia,AU,1:09:50,,,0:00:00,0:00:00,,4190,0,0,0,0,0,99999,99999,99999,99999,99999,99999,99999,99999,99999,99999,99999,99999,DNF,0
Dann Paulo,Javierto,Dann Paulo Javierto,242,M25-29,Male,"Bunsuran I, Pandi",Bulacan,Unknown,,0:58:33,,,0:00:00,0:00:00,,3513,0,0,0,0,0,99999,99999,99999,99999,99999,99999,99999,99999,99999,99999,99999,99999,DNF,0
Esmail Jr,Jamil,Esmail Jr Jamil,321,M30-34,Male,"Manuyo Dos, Las Piñas City",Metro Manila,Unknown,,,,,0:00:00,0:00:00,,0,0,0,0,0,0,99999,99999,99999,99999,99999,99999,99999,99999,99999,99999,99999,99999,DNS,0
Ceasar Raymond,Racoma,Ceasar Raymond Racoma,446,M40-44,Male,pooc talisay,cebu,Unknown,,0:47:11,,,0:00:00,0:00:00,,2831,0,0,0,0,0,99999,99999,99999,99999,99999,99999,99999,99999,99999,99999,99999,99999,DNF,0
Ceri Louisse,Zuniga,Ceri Louisse Zuniga,462,M40-44,Male,Santa Rosa,LAG,Unknown,,,,,0:00:00,0:00:00,,0,0,0,0,0,0,99999,99999,99999,99999,99999,99999,99999,99999,99999,99999,99999,99999,DNF,0
Yoshinori,Iwai,Yoshinori Iwai,546,M50-54,Male,Sukagawa,JP-07,Japan,JP,,,,0:00:00,0:00:00,,0,0,0,0,0,0,99999,99999,99999,99999,99999,99999,99999,99999,99999,99999,99999,99999,DNS,0
Simon Leo,Jadulco,Simon Leo Jadulco,613,M55-59,Male,Antequera,Bhl,Unknown,,0:48:45,,,0:00:00,0:00:00,,2925,0,0,0,0,0,99999,99999,99999,99999,99999,99999,99999,99999,99999,99999,99999,99999,DNF,0
Tommaso,Boffi,Tommaso Boffi,94,M35-39,Male,Pescara,ABRUZZO,Italy,IT,0:29:09,,,0:04:24,0:00:00,,1749,0,0,264,0,0,99999,99999,99999,99999,99999,99999,99999,99999,99999,99999,99999,99999,DNF,0
Gaurang,Tamhane,Gaurang Tamhane,204,M18-24,Male,PUNE,Maharashtra,India,IN,0:39:45,,,0:10:39,0:00:00,,2385,0,0,639,0,0,99999,99999,99999,99999,99999,99999,99999,99999,99999,99999,99999,99999,DNF,0
Dr.Christine,Palomar,Dr.Christine Palomar,710,F50-54,Female,Kalibo,Aklan,Unknown,,0:57:29,,,0:00:00,0:00:00,,3449,0,0,0,0,0,99999,99999,99999,99999,99999,99999,99999,99999,99999,99999,99999,99999,DNF,0
Yong Quan,Teo,Yong Quan Teo,274,M30-34,Male,Singapore,Singapore,Singapore,SG,0:40:18,,,0:14:57,0:00:00,,2418,0,0,897,0,0,99999,99999,99999,99999,99999,99999,99999,99999,99999,99999,99999,99999,DNF,0
Christopher,Gesulga,Christopher Gesulga,425,M40-44,Male,Makati,00,Unknown,,,,,0:00:00,0:00:00,,0,0,0,0,0,0,99999,99999,99999,99999,99999,99999,99999,99999,99999,99999,99999,99999,DNS,0
ALEX,DANIEL,ALEX DANIEL,403,M35-39,Male,Ahilyanagar,Maharashtra,India,IN,0:51:39,,,0:00:00,0:00:00,,3099,0,0,0,0,0,99999,99999,99999,99999,99999,99999,99999,99999,99999,99999,99999,99999,DNF,0
AYA,SATO,AYA SATO,765,F45-49,Female,shizuoka,Shizuoka,Japan,JP,,,,0:00:00,0:00:00,,0,0,0,0,0,0,99999,99999,99999,99999,99999,99999,99999,99999,99999,99999,99999,99999,DNF,0
Jermaine,Arco,Jermaine Arco,475,M40-44,Male,Talamban,CEBU,Unknown,,0:48:06,,,0:07:16,0:00:00,,2886,0,0,436,0,0,99999,99999,99999,99999,99999,99999,99999,99999,99999,99999,99999,99999,DNF,0
Jermaine Royce,Petalcorin,Jermaine Royce Petalcorin,773,M35-39,Male,Cagayan De Oro City,PH-MSR,Unknown,,1:10:28,,,0:00:00,0:00:00,,4228,0,0,0,0,0,99999,99999,99999,99999,99999,99999,99999,99999,99999,99999,99999,99999,DNF,0
Cleve,Villanueva,Cleve Villanueva,443,M40-44,Male,Hervey Bay,Queensland,Australia,AU,,,,0:00:00,0:00:00,,0,0,0,0,0,0,99999,99999,99999,99999,99999,99999,99999,99999,99999,99999,99999,99999,DNF,0
Mark Jude,Trondillo,Mark Jude Trondillo,553,M50-54,Male,Digos City,DAVAO DEL SUR,Unknown,,,,,0:00:00,0:00:00,,0,0,0,0,0,0,99999,99999,99999,99999,99999,99999,99999,99999,99999,99999,99999,99999,DNS,0
Johnson Dan,Jacob,Johnson Dan Jacob,637,M60-64,Male,Lion City,Singapore,Singapore,SG,,,,0:00:00,0:00:00,,0,0,0,0,0,0,99999,99999,99999,99999,99999,99999,99999,99999,99999,99999,99999,99999,DNS,0
Renante,Rabanes,Renante Rabanes,575,M50-54,Male,cebu,cebu,Unknown,,,,,0:00:00,0:00:00,,0,0,0,0,0,0,99999,99999,99999,99999,99999,99999,99999,99999,99999,99999,99999,99999,DNF,0
Nonelie,Paclibar,Nonelie Paclibar,661,F25-29,Female,Cadiz City,PH-NEC,Unknown,,0:52:05,,,0:00:00,0:00:00,,3125,0,0,0,0,0,99999,99999,99999,99999,99999,99999,99999,99999,99999,99999,99999,99999,DNF,0
Maria Lourdes,Gepolan,Maria Lourdes Gepolan,696,F40-44,Female,Dubai,DUBAYY,Unknown,,0:37:48,,,0:09:05,0:00:00,,2268,0,0,545,0,0,99999,99999,99999,99999,99999,99999,99999,99999,99999,99999,99999,99999,DNF,0
Hazel,Sicat,Hazel Sicat,674,F30-34,Female,Quezon City,PH-00,Unknown,,,,,0:00:00,0:00:00,,0,0,0,0,0,0,99999,99999,99999,99999,99999,99999,99999,99999,99999,99999,99999,99999,DNF,0
Vivian,Saavedra,Vivian Saavedra,719,F55-59,Female,New york,NY,Unknown,,1:02:14,,,0:00:00,0:00:00,,3734,0,0,0,0,0,99999,99999,99999,99999,99999,99999,99999,99999,99999,99999,99999,99999,DNF,0
Jojo,Olivar,Jojo Olivar,480,M40-44,Male,Talisay,Western Visayas,Unknown,,0:44:39,,,0:00:00,0:00:00,,2679,0,0,0,0,0,99999,99999,99999,99999,99999,99999,99999,99999,99999,99999,99999,99999,DNF,0
Harvey Clyd,Mendoza,Harvey Clyd Mendoza,344,M30-34,Male,Pasay,Metro manila,Unknown,,,,,0:00:00,0:00:00,,0,0,0,0,0,0,99999,99999,99999,99999,99999,99999,99999,99999,99999,99999,99999,99999,DNF,0
Francis Dale C,Fabiana,Francis Dale C Fabiana,442,M40-44,Male,Muntinlupa City,Metro Manila,Unknown,,0:46:42,,,0:00:00,0:00:00,,2802,0,0,0,0,0,99999,99999,99999,99999,99999,99999,99999,99999,99999,99999,99999,99999,DNF,0
Jerrylee Isaac,Geronimo,Jerrylee Isaac Geronimo,243,M25-29,Male,699,Manila,Unknown,,0:46:10,,,0:00:00,0:00:00,,2770,0,0,0,0,0,99999,99999,99999,99999,99999,99999,99999,99999,99999,99999,99999,99999,DNF,0
Dan Jean Paolo,Simangan,Dan Jean Paolo Simangan,312,M30-34,Male,Davao City,PH-DAS,Unknown,,,,,0:00:00,0:00:00,,0,0,0,0,0,0,99999,99999,99999,99999,99999,99999,99999,99999,99999,99999,99999,99999,DNS,0
Eyal,Cohen,Eyal Cohen,745,M60-64,Male,ראש העין,Central District,Israel,IL,,,,0:00:00,0:00:00,,0,0,0,0,0,0,99999,99999,99999,99999,99999,99999,99999,99999,99999,99999,99999,99999,DNS,0
Hidehiro,Kubo,Hidehiro Kubo,602,M55-59,Male,Tanigawa minakami,Gunma,Japan,JP,0:56:11,,,0:00:00,0:00:00,,3371,0,0,0,0,0,99999,99999,99999,99999,99999,99999,99999,99999,99999,99999,99999,99999,DNF,0
Mark Arjay,Acoba,Mark Arjay Acoba,458,M40-44,Male,Palo,Leyte,Unknown,,,,,0:00:00,0:00:00,,0,0,0,0,0,0,99999,99999,99999,99999,99999,99999,99999,99999,99999,99999,99999,99999,DNF,0
Maryfel,Aumentado,Maryfel Aumentado,60,F40-44,Female,Muntinlupa,PH-00,Unknown,,,,,0:00:00,0:00:00,,0,0,0,0,0,0,99999,99999,99999,99999,99999,99999,99999,99999,99999,99999,99999,99999,DNS,0
Andrea,Reina,Andrea Reina,427,M40-44,Male,Singapore,01,Unknown,,0:27:28,,,0:07:26,0:00:00,,1648,0,0,446,0,0,99999,99999,99999,99999,99999,99999,99999,99999,99999,99999,99999,99999,DNF,0
KIM,Sehyun,KIM Sehyun,308,M30-34,Male,Yeonggwang-gun,KR-46,Australia,AU,0:56:54,,,0:00:00,0:00:00,,3414,0,0,0,0,0,99999,99999,99999,99999,99999,99999,99999,99999,99999,99999,99999,99999,DNF,0
Lance Lester,Cabillada,Lance Lester Cabillada,793,M25-29,Male,Midvale,Western Australia,Unknown,,,,,0:00:00,0:00:00,,0,0,0,0,0,0,99999,99999,99999,99999,99999,99999,99999,99999,99999,99999,99999,99999,DNS,0
Almira Louise,Lopez,Almira Louise Lopez,750,F30-34,Female,Tarlac City,Tarlac,Unknown,,0:33:10,,,0:05:40,0:00:00,,1990,0,0,340,0,0,99999,99999,99999,99999,99999,99999,99999,99999,99999,99999,99999,99999,DNF,0
Hans,Loma,Hans Loma,307,M30-34,Male,Catalunan grande,Davao del sur,Unknown,,,,,0:00:00,0:00:00,,0,0,0,0,0,0,99999,99999,99999,99999,99999,99999,99999,99999,99999,99999,99999,99999,DNS,0
Aileen,Hernandez,Aileen Hernandez,706,F45-49,Female,Kalibo,Aklan,Unknown,,0:50:58,,,0:00:00,0:00:00,,3058,0,0,0,0,0,99999,99999,99999,99999,99999,99999,99999,99999,99999,99999,99999,99999,DNF,0
Jonathan ,Khonghun ,Jonathan Khonghun,479,M40-44,Male,subic,zambales,Unknown,,,,,0:00:00,0:00:00,,0,0,0,0,0,0,99999,99999,99999,99999,99999,99999,99999,99999,99999,99999,99999,99999,DNS,0
Alexander,Villavicencio,Alexander Villavicencio,801,M45-49,Male,Olongapo,ZMB,Unknown,,0:53:24,,,0:00:00,0:00:00,,3204,0,0,0,0,0,99999,99999,99999,99999,99999,99999,99999,99999,99999,99999,99999,99999,DNF,0
Kazuyoshi,Uchiyama,Kazuyoshi Uchiyama,628,M55-59,Male,熊本市中央区新町,JP-43,Japan,JP,,,,0:00:00,0:00:00,,0,0,0,0,0,0,99999,99999,99999,99999,99999,99999,99999,99999,99999,99999,99999,99999,DNS,0
Paul Michael Rae Buhayin,Fria,Paul Michael Rae Buhayin Fria,290,M30-34,Male,Cainta,PH-RIZ,Unknown,,,,,0:00:00,0:00:00,,0,0,0,0,0,0,99999,99999,99999,99999,99999,99999,99999,99999,99999,99999,99999,99999,DNS,0
Alexey,Pereverzev,Alexey Pereverzev,469,M40-44,Male,Samut Prakan,Samut Prakan Province,Australia,AU,,,,0:00:00,0:00:00,,0,0,0,0,0,0,99999,99999,99999,99999,99999,99999,99999,99999,99999,99999,99999,99999,DNS,0
Dave,Li,Dave Li,300,M30-34,Male,Marikina City,NCR,Unknown,,1:09:50,,,0:00:00,0:00:00,,4190,0,0,0,0,0,99999,99999,99999,99999,99999,99999,99999,99999,99999,99999,99999,99999,DNF,0
Gerard Benedict,Larase,Gerard Benedict Larase,260,M25-29,Male,Surigao City,PH-SUN,Unknown,,0:48:20,,,0:00:00,0:00:00,,2900,0,0,0,0,0,99999,99999,99999,99999,99999,99999,99999,99999,99999,99999,99999,99999,DNF,0
Glenn,Cartagena,Glenn Cartagena,567,M50-54,Male,CEBU,PH-CEB,Unknown,,1:15:45,,,0:00:00,0:00:00,,4545,0,0,0,0,0,99999,99999,99999,99999,99999,99999,99999,99999,99999,99999,99999,99999,DNF,0
Lolito ,Ganal,Lolito Ganal,517,M45-49,Male,APO,TEXAS,Unknown,,,,,0:00:00,0:00:00,,0,0,0,0,0,0,99999,99999,99999,99999,99999,99999,99999,99999,99999,99999,99999,99999,DNF,0
Manuel Sanchez,Gavilan,Manuel Sanchez Gavilan,579,M50-54,Male,Sevilla,Andalusia,Spain,ES,0:29:33,,,0:06:58,0:00:00,,1773,0,0,418,0,0,99999,99999,99999,99999,99999,99999,99999,99999,99999,99999,99999,99999,DNF,0
Jan Gerald ,Rodriguez,Jan Gerald Rodriguez,577,M50-54,Male,Cebu City,Central Visayas,Unknown,,0:47:24,,,0:00:00,0:00:00,,2844,0,0,0,0,0,99999,99999,99999,99999,99999,99999,99999,99999,99999,99999,99999,99999,DNF,0
Tanay ,Bora,Tanay Bora,276,M30-34,Male,Pune,Maharashtra,India,IN,0:39:50,,,0:10:03,0:00:00,,2390,0,0,603,0,0,99999,99999,99999,99999,99999,99999,99999,99999,99999,99999,99999,99999,DNF,0
Franz Elijah,Decinal,Franz Elijah Decinal,261,M25-29,Male,Mayamot,Rizal,Unknown,,,,,0:00:00,0:00:00,,0,0,0,0,0,0,99999,99999,99999,99999,99999,99999,99999,99999,99999,99999,99999,99999,DNF,0
Hideo,Kojima,Hideo Kojima,543,M45-49,Male,Bunkyo-ku,Tokyo,Japan,JP,,,,0:00:00,0:00:00,,0,0,0,0,0,0,99999,99999,99999,99999,99999,99999,99999,99999,99999,99999,99999,99999,DNS,0
Raul,Manlangit,Raul Manlangit,632,M60-64,Male,Quezon City,PH-00,Unknown,,1:03:59,,,0:00:00,0:00:00,,3839,0,0,0,0,0,99999,99999,99999,99999,99999,99999,99999,99999,99999,99999,99999,99999,DNF,0
Geeth,Samarasuriya,Geeth Samarasuriya,338,M30-34,Male,Dehiwala,,Sri Lanka,LK,,,,0:00:00,0:00:00,,0,0,0,0,0,0,99999,99999,99999,99999,99999,99999,99999,99999,99999,99999,99999,99999,DNS,0
Paul,Brown-Kenyon,Paul Brown-Kenyon,168,M60-64,Male,Bangsar,MY-14,Malaysia,MY,0:41:02,,,0:05:00,0:00:00,,2462,0,0,300,0,0,99999,99999,99999,99999,99999,99999,99999,99999,99999,99999,99999,99999,DNF,0
Cyril,Ducau,Cyril Ducau,525,M45-49,Male,Singapore,CENTRAL SINGAPORE,France,FR,1:16:14,,,0:00:00,0:00:00,,4574,0,0,0,0,0,99999,99999,99999,99999,99999,99999,99999,99999,99999,99999,99999,99999,DNF,0
Keiji,Oda,Keiji Oda,605,M55-59,Male,"Kawasaki, ",JP-14,Japan,JP,,,,0:00:00,0:00:00,,0,0,0,0,0,0,99999,99999,99999,99999,99999,99999,99999,99999,99999,99999,99999,99999,DNS,0
Marcus,Wong,Marcus Wong,742,M50-54,Male,Singapore,Singapore,Singapore,SG,,,,0:00:00,0:00:00,,0,0,0,0,0,0,99999,99999,99999,99999,99999,99999,99999,99999,99999,99999,99999,99999,DNF,0
Kilhak,Kunimoto,Kilhak Kunimoto,778,M75-79,Male,TAMUNING,GU,Guam,GU,0:42:50,,,0:08:32,0:00:00,,2570,0,0,512,0,0,99999,99999,99999,99999,99999,99999,99999,99999,99999,99999,99999,99999,DNF,0
Koichi,Ishizu,Koichi Ishizu,610,M55-59,Male,港区　港南,東京都,Japan,JP,0:54:21,,,0:00:00,0:00:00,,3261,0,0,0,0,0,99999,99999,99999,99999,99999,99999,99999,99999,99999,99999,99999,99999,DNF,0
Paul Getty,Granada,Paul Getty Granada,735,M35-39,Male,"Canlubang, Calamba",PH-LAG,Unknown,,0:45:45,,,0:00:00,0:00:00,,2745,0,0,0,0,0,99999,99999,99999,99999,99999,99999,99999,99999,99999,99999,99999,99999,DNF,0
Ren,Samson,Ren Samson,529,M45-49,Male,Marikina,National Capital Region,Unknown,,0:49:05,,,0:00:00,0:00:00,,2945,0,0,0,0,0,99999,99999,99999,99999,99999,99999,99999,99999,99999,99999,99999,99999,DNF,0
Ivan,Calatrava,Ivan Calatrava,463,M40-44,Male,Davao,PH-DAS,Unknown,,0:26:13,,,0:05:45,0:00:00,,1573,0,0,345,0,0,99999,99999,99999,99999,99999,99999,99999,99999,99999,99999,99999,99999,DNF,0
Cecily,Arenas,Cecily Arenas,715,F50-54,Female,San Marcos,CA,Unknown,,,,,0:00:00,0:00:00,,0,0,0,0,0,0,99999,99999,99999,99999,99999,99999,99999,99999,99999,99999,99999,99999,DNF,0
Lynelyn,Gomez,Lynelyn Gomez,713,F50-54,Female,"Poblacion, Numancia",Aklan,Unknown,,,,,0:00:00,0:00:00,,0,0,0,0,0,0,99999,99999,99999,99999,99999,99999,99999,99999,99999,99999,99999,99999,DNF,0
ALJAN,USON,ALJAN USON,397,M35-39,Male,Cagayan de Oro,PH-MSR,Unknown,,0:40:54,,,0:05:44,0:00:00,,2454,0,0,344,0,0,99999,99999,99999,99999,99999,99999,99999,99999,99999,99999,99999,99999,DNF,0
Earl Ian ,Yabo,Earl Ian Yabo,565,M50-54,Male,Zamboanga,PH-ZAS,Unknown,,,,,0:00:00,0:00:00,,0,0,0,0,0,0,99999,99999,99999,99999,99999,99999,99999,99999,99999,99999,99999,99999,DNF,0
David,Zaharakis,David Zaharakis,51,M35-39,Male,Richmond,AU-VIC,Australia,AU,,,,0:00:00,0:00:00,,0,0,0,0,0,0,99999,99999,99999,99999,99999,99999,99999,99999,99999,99999,99999,99999,DNS,0
Vishnu,Tamhane,Vishnu Tamhane,621,M55-59,Male,Pune,Maharashtra,India,IN,0:39:34,,,0:17:45,0:00:00,,2374,0,0,1065,0,0,99999,99999,99999,99999,99999,99999,99999,99999,99999,99999,99999,99999,DNF,0
Peng-Wei,Tan,Peng-Wei Tan,489,M45-49,Male,Singapore,Singapore,Singapore,SG,,,,0:00:00,0:00:00,,0,0,0,0,0,0,99999,99999,99999,99999,99999,99999,99999,99999,99999,99999,99999,99999,DNS,0
Diosdado Jr,Bautista,Diosdado Jr Bautista,631,M60-64,Male,Singapore,05,Unknown,,,,,0:00:00,0:00:00,,0,0,0,0,0,0,99999,99999,99999,99999,99999,99999,99999,99999,99999,99999,99999,99999,DNF,0
Amol,Aranake,Amol Aranake,142,M30-34,Male,Navi Mumbai,IN-MH,India,IN,,,,0:00:00,0:00:00,,0,0,0,0,0,0,99999,99999,99999,99999,99999,99999,99999,99999,99999,99999,99999,99999,DNS,0
Trisha,Soriano,Trisha Soriano,655,F25-29,Female,Quezon City,PH-00,Unknown,,1:12:56,,,0:00:00,0:00:00,,4376,0,0,0,0,0,99999,99999,99999,99999,99999,99999,99999,99999,99999,99999,99999,99999,DNF,0
Anne Martha,Relova,Anne Martha Relova,669,F30-34,Female,Pagadian,PH-ZAS,Unknown,,,,,0:00:00,0:00:00,,0,0,0,0,0,0,99999,99999,99999,99999,99999,99999,99999,99999,99999,99999,99999,99999,DNS,0
Jerwin,Velasquez,Jerwin Velasquez,256,M25-29,Male,San jose matulid,PH-PAM,Unknown,,,,,0:00:00,0:00:00,,0,0,0,0,0,0,99999,99999,99999,99999,99999,99999,99999,99999,99999,99999,99999,99999,DNF,0
JEZREEL-JOHN,SAMSON,JEZREEL-JOHN SAMSON,234,M25-29,Male,DINALUPIHAN,CENTRAL LUZON,Unknown,,,,,0:00:00,0:00:00,,0,0,0,0,0,0,99999,99999,99999,99999,99999,99999,99999,99999,99999,99999,99999,99999,DNF,0
Jose Cecil,Magno,Jose Cecil Magno,552,M50-54,Male,Nassau,NEW PROVIDENCE,Unknown,,0:56:35,,,0:00:00,0:00:00,,3395,0,0,0,0,0,99999,99999,99999,99999,99999,99999,99999,99999,99999,99999,99999,99999,DNF,0
Eizar,Teologio,Eizar Teologio,465,M40-44,Male,Sharjah,AE-SH,Unknown,,,,,0:00:00,0:00:00,,0,0,0,0,0,0,99999,99999,99999,99999,99999,99999,99999,99999,99999,99999,99999,99999,DNS,0
George,Lee,George Lee,515,M45-49,Male,Singapore,SINGAPORE,Singapore,SG,,,,0:00:00,0:00:00,,0,0,0,0,0,0,99999,99999,99999,99999,99999,99999,99999,99999,99999,99999,99999,99999,DNF,0
Antonio Jr,Mata,Antonio Jr Mata,412,M35-39,Male,"Thu Duc City, Ho Chi Minh City",Ho Chi Minh City,Unknown,,0:54:54,,,0:00:00,0:00:00,,3294,0,0,0,0,0,99999,99999,99999,99999,99999,99999,99999,99999,99999,99999,99999,99999,DNF,0
Ronilo Jr,Montejo,Ronilo Jr Montejo,761,M40-44,Male,Cebu City,Cebu,Unknown,,,,,0:00:00,0:00:00,,0,0,0,0,0,0,99999,99999,99999,99999,99999,99999,99999,99999,99999,99999,99999,99999,DNF,0
Samantha,Ho,Samantha Ho,714,F50-54,Female,Singapiore,Singapore,Singapore,SG,0:38:47,,,0:10:55,0:00:00,,2327,0,0,655,0,0,99999,99999,99999,99999,99999,99999,99999,99999,99999,99999,99999,99999,DNF,0
Sergei,Surudo,Sergei Surudo,729,M35-39,Male,Saint Petersburg,Northwestern Federal District,Australia,AU,0:45:49,,,0:00:00,0:00:00,,2749,0,0,0,0,0,99999,99999,99999,99999,99999,99999,99999,99999,99999,99999,99999,99999,DNF,0
Marvin Raymund,Baldemor,Marvin Raymund Baldemor,512,M45-49,Male,Taguig City,PH-00,Unknown,,,,,0:00:00,0:00:00,,0,0,0,0,0,0,99999,99999,99999,99999,99999,99999,99999,99999,99999,99999,99999,99999,DNS,0
Karlo,Legasto,Karlo Legasto,155,M45-49,Male,Barangay Mariana,PH-00,Unknown,,0:30:14,3:24:46,,0:05:19,0:39:52,,1814,12286,0,319,2392,0,99999,99999,99999,99999,99999,99999,99999,99999,99999,99999,99999,99999,DNF,0
Reino Gio,Jubac,Reino Gio Jubac,277,M30-34,Male,Cogon,PH-BOH,Unknown,,,,,0:00:00,0:00:00,,0,0,0,0,0,0,99999,99999,99999,99999,99999,99999,99999,99999,99999,99999,99999,99999,DNS,0
Hiroyuki,Yano,Hiroyuki Yano,494,M45-49,Male,Chiba,Chiba,Japan,JP,,,,0:00:00,0:00:00,,0,0,0,0,0,0,99999,99999,99999,99999,99999,99999,99999,99999,99999,99999,99999,99999,DNS,0
Mary Rose ,Delos Reyes,Mary Rose Delos Reyes,668,F30-34,Female,Bocaue,BULACAN,Unknown,,0:39:00,,,0:07:23,0:00:00,,2340,0,0,443,0,0,99999,99999,99999,99999,99999,99999,99999,99999,99999,99999,99999,99999,DNF,0
Premsanjiivraj ,Silvaraj ,Premsanjiivraj Silvaraj,298,M30-34,Male,Kuala Lumpur,Kuala Lumpur,Malaysia,MY,0:51:06,,,0:00:00,0:00:00,,3066,0,0,0,0,0,99999,99999,99999,99999,99999,99999,99999,99999,99999,99999,99999,99999,DNF,0
Rashid,Bwardy,Rashid Bwardy,339,M30-34,Male,Dubai,Dubai,Unknown,,,,,0:00:00,0:00:00,,0,0,0,0,0,0,99999,99999,99999,99999,99999,99999,99999,99999,99999,99999,99999,99999,DNS,0
Jit Wah,Tan,Jit Wah Tan,617,M55-59,Male,Kuala Lumpur,MY-14,Malaysia,MY,,,,0:00:00,0:00:00,,0,0,0,0,0,0,99999,99999,99999,99999,99999,99999,99999,99999,99999,99999,99999,99999,DNF,0
Roman,Menz,Roman Menz,580,M50-54,Male,Taguig City,PH-00,Switzerland,CH,,,,0:00:00,0:00:00,,0,0,0,0,0,0,99999,99999,99999,99999,99999,99999,99999,99999,99999,99999,99999,99999,DNS,0
Jian Hao,Teh,Jian Hao Teh,287,M30-34,Male,Orewa,North Island,Singapore,SG,,,,0:00:00,0:00:00,,0,0,0,0,0,0,99999,99999,99999,99999,99999,99999,99999,99999,99999,99999,99999,99999,DNF,0
Lister Ray,Tungala,Lister Ray Tungala,268,M30-34,Male,Lawaan,"Talisay City, Cebu",Unknown,,0:24:57,3:49:27,,0:06:11,0:48:56,,1497,13767,0,371,2936,0,99999,99999,99999,99999,99999,99999,99999,99999,99999,99999,99999,99999,DNF,0
Emily,Hammond,Emily Hammond,656,F25-29,Female,Zamboanguita,Central Visayas,Unknown,,0:35:29,,,0:08:36,0:00:00,,2129,0,0,516,0,0,99999,99999,99999,99999,99999,99999,99999,99999,99999,99999,99999,99999,DNF,0
John Paul ,Nesperos,John Paul Nesperos,343,M30-34,Male,Cebu City,Central Visayas,Unknown,,,,,0:00:00,0:00:00,,0,0,0,0,0,0,99999,99999,99999,99999,99999,99999,99999,99999,99999,99999,99999,99999,DNS,0
Hernan,Sto. Tomas,Hernan Sto. Tomas,576,M50-54,Male,"City of Dasmarinas, Cavite",PH-CAV,Unknown,,0:54:47,,,0:00:00,0:00:00,,3287,0,0,0,0,0,99999,99999,99999,99999,99999,99999,99999,99999,99999,99999,99999,99999,DNF,0
Jules Gareel,Cacar,Jules Gareel Cacar,144,M30-34,Male,Davao City,DAVAO DEL SUR,Unknown,,,,,0:00:00,0:00:00,,0,0,0,0,0,0,99999,99999,99999,99999,99999,99999,99999,99999,99999,99999,99999,99999,DNS,0
Ugur,Altioglu,Ugur Altioglu,324,M30-34,Male,ANKARA,CANKAYA,Turkey,TR,,,,0:00:00,0:00:00,,0,0,0,0,0,0,99999,99999,99999,99999,99999,99999,99999,99999,99999,99999,99999,99999,DNS,0
Megan,Carver,Megan Carver,310,M30-34,Male,Irvine,US-CA,Unknown,,,,,0:00:00,0:00:00,,0,0,0,0,0,0,99999,99999,99999,99999,99999,99999,99999,99999,99999,99999,99999,99999,DNS,0
Gerard Angelo,Bartolay,Gerard Angelo Bartolay,454,M40-44,Male,Mandaluyong City,NATIONAL CAPITAL REGION,Unknown,,1:11:48,,,0:00:00,0:00:00,,4308,0,0,0,0,0,99999,99999,99999,99999,99999,99999,99999,99999,99999,99999,99999,99999,DNF,0
Dailyn,Larubis,Dailyn Larubis,701,F40-44,Female,Cebu City,CEB,Unknown,,0:52:12,,,0:00:00,0:00:00,,3132,0,0,0,0,0,99999,99999,99999,99999,99999,99999,99999,99999,99999,99999,99999,99999,DNF,0
April,Lañas,April Lañas,698,F40-44,Female,BGC Taguig,00,Unknown,,,,,0:00:00,0:00:00,,0,0,0,0,0,0,99999,99999,99999,99999,99999,99999,99999,99999,99999,99999,99999,99999,DNS,0
Meavil John,Mejos,Meavil John Mejos,741,M25-29,Male,Laguindingan,Northern Mindanao,Unknown,,1:02:18,,,0:00:00,0:00:00,,3738,0,0,0,0,0,99999,99999,99999,99999,99999,99999,99999,99999,99999,99999,99999,99999,DNF,0
Dong woo,Kim,Dong woo Kim,377,M35-39,Male,Jeollanam-do,KR-46,Australia,AU,,,,0:00:00,0:00:00,,0,0,0,0,0,0,99999,99999,99999,99999,99999,99999,99999,99999,99999,99999,99999,99999,DNF,0
Enrico Emil,Dela Rosa,Enrico Emil Dela Rosa,271,M30-34,Male,Pasig City,PH-00,Unknown,,0:33:53,,,0:08:39,0:00:00,,2033,0,0,519,0,0,99999,99999,99999,99999,99999,99999,99999,99999,99999,99999,99999,99999,DNF,0
Ryo,SHIMOKAWA,Ryo SHIMOKAWA,545,M50-54,Male,Cagayan de oro,PH-MSR,Japan,JP,,,,0:00:00,0:00:00,,0,0,0,0,0,0,99999,99999,99999,99999,99999,99999,99999,99999,99999,99999,99999,99999,DNS,0
KERSTENN BERT,FERNANDEZ,KERSTENN BERT FERNANDEZ,264,M25-29,Male,"SANTA MESA, MANILA",National Capital Region,Unknown,,0:57:24,,,0:00:00,0:00:00,,3444,0,0,0,0,0,99999,99999,99999,99999,99999,99999,99999,99999,99999,99999,99999,99999,DNF,0
やすひこ,いわた,やすひこ いわた,635,M60-64,Male,中野区新井５丁目,東京都,Japan,JP,0:46:21,,,0:00:00,0:00:00,,2781,0,0,0,0,0,99999,99999,99999,99999,99999,99999,99999,99999,99999,99999,99999,99999,DNF,0
Jarev,Divinagracia,Jarev Divinagracia,305,M30-34,Male,Brgy. San Isidro,PH-RIZ,Unknown,,,,,0:00:00,0:00:00,,0,0,0,0,0,0,99999,99999,99999,99999,99999,99999,99999,99999,99999,99999,99999,99999,DNS,0
Stephane Arnaud,Colin,Stephane Arnaud Colin,568,M50-54,Male,Bangkok ,Bangkok ,France,FR,,,,0:00:00,0:00:00,,0,0,0,0,0,0,99999,99999,99999,99999,99999,99999,99999,99999,99999,99999,99999,99999,DNS,0
Kyle Joshua,Tumanda,Kyle Joshua Tumanda,221,M25-29,Male,CEBU CITY (Capital),CEBU,Unknown,,0:31:33,4:02:52,,0:09:12,0:08:00,,1893,14572,0,552,480,0,99999,99999,99999,99999,99999,99999,99999,99999,99999,99999,99999,99999,DNF,0
Darren,Mackun,Darren Mackun,263,M25-29,Male,Cagayan de Oro,PH-MSR,Unknown,,0:37:00,,,0:11:08,0:00:00,,2220,0,0,668,0,0,99999,99999,99999,99999,99999,99999,99999,99999,99999,99999,99999,99999,DNF,0
Sonny,Gadaingan,Sonny Gadaingan,762,M50-54,Male,Tacloban City,Eastern Visayas,Unknown,,0:33:36,,,0:09:11,0:00:00,,2016,0,0,551,0,0,99999,99999,99999,99999,99999,99999,99999,99999,99999,99999,99999,99999,DNF,0
Yasuyoshi,Okamoto,Yasuyoshi Okamoto,633,M60-64,Male,Nagoya,JP-23,Japan,JP,0:53:15,,,0:00:00,0:00:00,,3195,0,0,0,0,0,99999,99999,99999,99999,99999,99999,99999,99999,99999,99999,99999,99999,DNF,0
Jens,Jacobsen,Jens Jacobsen,638,M60-64,Male,Paranaque City,PH-00,Denmark,DK,,,,0:00:00,0:00:00,,0,0,0,0,0,0,99999,99999,99999,99999,99999,99999,99999,99999,99999,99999,99999,99999,DNS,0
Maria,Deveza,Maria Deveza,705,F45-49,Female,Las Pinas,Metro Manila,Unknown,,,,,0:00:00,0:00:00,,0,0,0,0,0,0,99999,99999,99999,99999,99999,99999,99999,99999,99999,99999,99999,99999,DNS,0
Mark Anthony,Boiser,Mark Anthony Boiser,548,M50-54,Male,Cebu City,Cebu,Unknown,,,,,0:00:00,0:00:00,,0,0,0,0,0,0,99999,99999,99999,99999,99999,99999,99999,99999,99999,99999,99999,99999,DNF,0
Ricardo Jesus,Gutierrez,Ricardo Jesus Gutierrez,385,M35-39,Male,Pasig City,Metro Manila,Unknown,,0:30:46,,,0:06:28,0:00:00,,1846,0,0,388,0,0,99999,99999,99999,99999,99999,99999,99999,99999,99999,99999,99999,99999,DNF,0
Harrison,Katusiime,Harrison Katusiime,402,M35-39,Male,Fort Portal,Western,Uganda,UG,,,,0:00:00,0:00:00,,0,0,0,0,0,0,99999,99999,99999,99999,99999,99999,99999,99999,99999,99999,99999,99999,DNS,0
Rey Emmanuel,Estrosos,Rey Emmanuel Estrosos,279,M30-34,Male,Taloto,Bohol,Unknown,,0:33:25,3:38:13,,0:08:59,0:44:05,,2005,13093,0,539,2645,0,99999,99999,99999,99999,99999,99999,99999,99999,99999,99999,99999,99999,DNF,0
SEONGBAE,KIM,SEONGBAE KIM,445,M40-44,Male,고창군,Jeollabuk-do,Australia,AU,,,,0:00:00,0:00:00,,0,0,0,0,0,0,99999,99999,99999,99999,99999,99999,99999,99999,99999,99999,99999,99999,DNF,0
Alvin,Tanuji,Alvin Tanuji,227,M25-29,Male,Pekanbaru,RI,Indonesia,ID,,,,0:00:00,0:00:00,,0,0,0,0,0,0,99999,99999,99999,99999,99999,99999,99999,99999,99999,99999,99999,99999,DNS,0
