FirstName,LastName,FullName,Bib,AgeGroup,Gender,City,State,Country,CountryISO,SwimTime,BikeTime,RunTime,T1Time,T2Time,FinishTime,SwimSeconds,BikeSeconds,RunSeconds,T1Seconds,T2Seconds,FinishSeconds,OverallRank,GenderRank,AgeGroupRank,SwimRankOverall,SwimRankGender,SwimRankGroup,BikeRankOverall,BikeRankGender,BikeRankGroup,RunRankOverall,RunRankGender,RunRankGroup,Status,Points
Fernando,Toldi,Fernando Toldi,2,MPRO,Male,São Paulo,BR-SP,Brazil,BR,0:25:22,2:10:27,1:14:48,0:01:36,0:00:52,3:53:05,1522,7827,4488,96,52,13985,1,1,1,7,7,4,2,2,2,1,1,1,Finisher,3500
Reinaldo,Colucci,Reinaldo Colucci,3,MPRO,Male,São Carlos,BR-SP,Brazil,BR,0:25:29,2:10:15,1:17:09,0:01:42,0:00:52,3:55:28,1529,7815,4629,102,52,14128,2,2,2,10,10,7,3,3,3,2,2,2,Finisher,3457
Enzo,Krauss,Enzo Krauss,6,MPRO,Male,Balneário Camboriú,BR-SC,Brazil,BR,0:25:24,2:10:28,1:19:24,0:01:36,0:00:58,3:57:50,1524,7828,4764,96,58,14270,3,3,3,9,9,6,4,4,4,3,3,3,Finisher,3414
Danilo,Pimentel,Danilo Pimentel,8,MPRO,Male,Boulder,CO,Brazil,BR,0:25:23,2:10:28,1:22:40,0:01:42,0:00:58,4:01:12,1523,7828,4960,102,58,14472,4,4,4,8,8,5,5,5,5,4,4,4,Finisher,3353
Fellipe Marmo,Gomes Santos,Fellipe Marmo Gomes Santos,250,M35-39,Male,Curitiba,PR,Brazil,BR,0:24:37,2:10:55,1:22:12,0:02:06,0:01:24,4:01:16,1477,7855,4932,126,84,14476,5,5,1,2,2,1,6,6,1,5,5,1,Finisher,3500
Gabriel,Klein,Gabriel Klein,14,MPRO,Male,torres,BR-RS,Brazil,BR,0:27:19,2:14:30,1:17:14,0:01:43,0:01:09,4:01:55,1639,8070,4634,103,69,14515,6,6,5,27,26,9,7,7,6,6,6,5,Finisher,3341
Santiago,Ascenco,Santiago Ascenco,1408,M45-49,Male,Goiânia,Goiás,Brazil,BR,0:26:16,2:16:13,1:21:18,0:02:09,0:01:17,4:07:13,1576,8173,4878,129,77,14833,7,7,1,16,16,2,9,9,1,7,7,1,Finisher,3500
Yago,Alves,Yago Alves,7,MPRO,Male,Balneário Camboriú,BR-SC,Brazil,BR,0:25:18,2:16:37,1:23:33,0:01:43,0:01:26,4:08:37,1518,8197,5013,103,86,14917,8,8,6,6,6,3,8,8,7,8,8,6,Finisher,3220
Alexandre,Stocco,Alexandre Stocco,10,MPRO,Male,Ponta Grossa,BR-PR,Brazil,BR,0:29:45,2:18:16,1:20:36,0:02:04,0:01:03,4:11:45,1785,8296,4836,124,63,15105,9,9,7,79,75,12,16,16,9,9,9,7,Finisher,3164
Miguel,Hidalgo,Miguel Hidalgo,1,MPRO,Male,Salto,BR-SP,Brazil,BR,0:23:50,2:04:38,1:42:40,0:01:46,0:01:23,4:14:17,1430,7478,6160,106,83,15257,10,10,8,1,1,1,1,1,1,10,10,8,Finisher,3118
Vinicius,Marques Da Cunha Vieira Bello,Vinicius Marques Da Cunha Vieira Bello,1072,M25-29,Male,Recife,PE,Brazil,BR,0:26:03,2:23:20,1:22:46,0:02:15,0:01:14,4:15:38,1563,8600,4966,135,74,15338,11,11,1,15,15,1,22,22,3,11,11,1,Finisher,3500
Reinaldo,Maeda,Reinaldo Maeda,353,M35-39,Male,Curitiba,Pr,Brazil,BR,0:26:01,2:21:57,1:24:57,0:02:32,0:01:01,4:16:29,1561,8517,5097,152,61,15389,12,12,2,13,13,2,18,18,2,12,12,2,Finisher,3226
DIOGENES,DE ABREU NETO,DIOGENES DE ABREU NETO,275,M35-39,Male,BAURU,SP,Brazil,BR,0:30:05,2:17:41,1:24:27,0:03:07,0:01:26,4:16:46,1805,8261,5067,187,86,15406,13,13,3,98,94,16,19,19,3,13,13,3,Finisher,3221
Guilherme,Manocchio,Guilherme Manocchio,797,M40-44,Male,Curitiba,Intl State,Brazil,BR,0:26:01,2:20:59,1:26:16,0:02:43,0:01:39,4:17:39,1561,8459,5176,163,99,15459,14,14,1,12,12,1,15,15,1,14,14,1,Finisher,3500
ALBERTO,GOBBO DE OLIVEIRA,ALBERTO GOBBO DE OLIVEIRA,1082,M25-29,Male,CURITIBA,PR,Brazil,BR,0:27:25,2:21:45,1:24:47,0:02:33,0:01:29,4:17:59,1645,8505,5087,153,89,15479,15,15,2,30,29,3,23,23,4,15,15,2,Finisher,3457
Vicente,Saraiva Junior,Vicente Saraiva Junior,12,MPRO,Male,brasilia,BR-DF,Brazil,BR,0:29:48,2:20:27,1:25:05,0:01:53,0:01:02,4:18:16,1788,8427,5105,113,62,15496,16,16,9,82,78,13,26,26,11,16,16,9,Finisher,3046
Nauro,Vinicius Jasper,Nauro Vinicius Jasper,200,M30-34,Male,Curitiba,PR,Brazil,BR,0:26:21,2:21:24,1:27:16,0:02:23,0:01:38,4:19:02,1581,8484,5236,143,98,15542,17,17,1,18,18,2,17,17,2,17,17,1,Finisher,3500
Victor Augusto,Gibertoni,Victor Augusto Gibertoni,143,M30-34,Male,Taquaritinga,BR-SP,Brazil,BR,0:29:42,2:24:05,1:21:17,0:02:51,0:01:21,4:19:16,1782,8645,4877,171,81,15556,18,18,2,76,72,17,36,36,10,18,18,2,Finisher,3495
Danilo,Melo,Danilo Melo,15,MPRO,Male,Maringa ,BR-PR,Brazil,BR,0:35:35,2:18:33,1:22:07,0:02:37,0:01:20,4:20:12,2135,8313,4927,157,80,15612,19,19,10,415,373,16,37,37,14,19,19,10,Finisher,3011
Luis,Henrique De Lima,Luis Henrique De Lima,197,M30-34,Male,Ponta Grossa,PR,Brazil,BR,0:30:54,2:23:37,1:21:11,0:03:20,0:01:22,4:20:23,1854,8617,4871,200,82,15623,20,20,3,133,125,23,41,41,12,20,20,3,Finisher,3475
Lino,Henrique Magalhaes Nardin,Lino Henrique Magalhaes Nardin,165,M30-34,Male,Urai,Parana,Brazil,BR,0:31:39,2:24:06,1:21:11,0:02:23,0:01:46,4:21:05,1899,8646,4871,143,106,15665,21,21,4,187,174,32,42,42,13,21,21,4,Finisher,3463
EDUARDO,SIROTO DANGELO,EDUARDO SIROTO DANGELO,18,MPRO,Male,SAO PAULO,SP,Brazil,BR,0:29:50,2:19:53,1:27:32,0:02:22,0:01:28,4:21:05,1790,8393,5252,142,88,15665,22,22,11,87,83,14,25,25,10,22,22,11,Finisher,2996
MATHEUS,BITTENCOURT VITORINO,MATHEUS BITTENCOURT VITORINO,126,M30-34,Male,Florianópolis ,SANTA CATARINA,Brazil,BR,0:28:20,2:31:33,1:19:14,0:02:29,0:01:28,4:23:03,1700,9093,4754,149,88,15783,23,23,5,45,42,10,64,63,16,23,23,5,Finisher,3427
Icaro,Cavalcanti,Icaro Cavalcanti,107,M30-34,Male,São Carlos,São Paulo,Brazil,BR,0:29:35,2:22:34,1:27:22,0:02:25,0:01:33,4:23:29,1775,8554,5242,145,93,15809,24,24,6,70,66,15,29,29,6,24,24,6,Finisher,3419
Joao,Maldonado,Joao Maldonado,16,MPRO,Male,Rio De Janeiro,RJ,Brazil,BR,0:30:49,2:24:51,1:24:45,0:01:55,0:01:16,4:23:37,1849,8691,5085,115,76,15817,25,25,12,130,122,15,39,39,15,25,25,12,Finisher,2950
Paulo,Farina,Paulo Farina,229,M30-34,Male,Lins,BR-SP,Brazil,BR,0:28:12,2:24:04,1:27:07,0:02:47,0:01:32,4:23:41,1692,8644,5227,167,92,15821,26,26,7,41,38,9,31,31,7,26,26,7,Finisher,3416
GUILHERME,GUIDO VALENTE PALMA,GUILHERME GUIDO VALENTE PALMA,624,M40-44,Male,RIO DE JANEIRO,RJ,Brazil,BR,0:28:31,2:26:18,1:26:19,0:02:41,0:01:23,4:25:12,1711,8778,5179,161,83,15912,27,27,2,47,44,6,38,38,3,27,27,2,Finisher,3364
Willian,Renatto Pecego Brito,Willian Renatto Pecego Brito,1366,M30-34,Male,Goiania,GO,Brazil,BR,0:34:07,2:16:02,1:29:07,0:03:45,0:02:27,4:25:27,2047,8162,5347,225,147,15927,28,28,8,313,286,44,27,27,5,28,28,8,Finisher,3384
Joao Carvalho ,Rodrigues Neto,Joao Carvalho Rodrigues Neto,223,M30-34,Male,TERESOPOLIS,BR-RJ,Brazil,BR,0:28:08,2:23:52,1:28:37,0:03:04,0:02:12,4:25:53,1688,8632,5317,184,132,15953,29,29,9,40,37,8,32,32,8,29,29,9,Finisher,3376
Henrique,Bettega,Henrique Bettega,836,M45-49,Male,Curitiba,BR-PR,Brazil,BR,0:28:07,2:24:33,1:29:11,0:02:26,0:01:48,4:26:06,1687,8673,5351,146,108,15966,30,30,2,39,36,5,33,33,3,30,30,2,Finisher,3160
Pedro,Leal,Pedro Leal,13,MPRO,Male,Contagem,BR-MG,Brazil,BR,0:27:13,2:26:50,1:29:59,0:01:55,0:01:16,4:27:12,1633,8810,5399,115,76,16032,31,31,13,25,25,8,35,35,13,31,31,13,Finisher,2885
Eduardo,Antonio Lass,Eduardo Antonio Lass,214,M30-34,Male,,,Brazil,BR,0:24:40,2:24:49,1:34:57,0:02:18,0:01:08,4:27:51,1480,8689,5697,138,68,16071,32,32,10,3,3,1,24,24,4,32,32,10,Finisher,3341
Henrique,Nicco,Henrique Nicco,284,M35-39,Male,Curitiba,Paraná,Brazil,BR,0:31:21,2:23:27,1:28:58,0:03:34,0:01:22,4:28:42,1881,8607,5338,214,82,16122,33,33,4,164,153,27,44,44,4,33,33,4,Finisher,3006
Caio,Baker,Caio Baker,1112,M25-29,Male,CURITIBA,PR,Brazil,BR,0:29:09,2:27:05,1:28:21,0:02:51,0:01:38,4:29:04,1749,8825,5301,171,98,16144,34,34,3,61,57,7,49,49,7,34,34,3,Finisher,3258
Daniel,Andrade,Daniel Andrade,123,M30-34,Male,Curitiba ,Parana,Brazil,BR,0:29:45,2:22:38,1:32:54,0:02:50,0:01:01,4:29:08,1785,8558,5574,170,61,16148,35,35,11,78,74,18,34,34,9,35,35,11,Finisher,3318
Lucas,Jose Petsa,Lucas Jose Petsa,151,M30-34,Male,Curitiba,PR,Brazil,BR,0:28:47,2:36:13,1:19:42,0:03:15,0:01:41,4:29:38,1727,9373,4782,195,101,16178,36,36,12,53,50,11,103,100,23,36,36,12,Finisher,3309
Marcus,Vinicius Macedo Dos Santos,Marcus Vinicius Macedo Dos Santos,1382,M45-49,Male,Cascavel,PR,Brazil,BR,0:28:34,2:27:44,1:29:11,0:02:13,0:02:04,4:29:46,1714,8864,5351,133,124,16186,37,37,3,48,45,6,45,45,4,37,37,3,Finisher,3094
Gustavo,Wiebbeling,Gustavo Wiebbeling,11,MPRO,Male,Cascavel,BR-PR,Brazil,BR,0:25:12,2:18:35,1:43:55,0:01:34,0:00:48,4:30:02,1512,8315,6235,94,48,16202,38,38,14,5,5,2,12,12,8,38,38,14,Finisher,2834
Marcel,Monteiro Morosini,Marcel Monteiro Morosini,631,M40-44,Male,Curitiba,Paraná,Brazil,BR,0:30:51,2:20:12,1:34:50,0:03:13,0:01:13,4:30:20,1851,8412,5690,193,73,16220,39,39,3,131,123,25,28,28,2,39,39,3,Finisher,3271
Guillermo,Arauz,Guillermo Arauz,1139,M25-29,Male,Curitiba,,Brazil,BR,0:35:03,2:20:49,1:30:21,0:02:48,0:01:37,4:30:38,2103,8449,5421,168,97,16238,40,40,4,374,340,39,46,46,5,40,40,4,Finisher,3230
Matheus,Yure De Paiva Lopes,Matheus Yure De Paiva Lopes,1109,M25-29,Male,Natal,RN,Brazil,BR,0:28:13,2:21:10,1:37:17,0:02:10,0:02:01,4:30:52,1693,8470,5837,130,121,16252,41,41,5,42,39,4,20,20,2,41,41,5,Finisher,3225
LUCAS,ANDRADE CABRAL,LUCAS ANDRADE CABRAL,17,MPRO,Male,Natal,Rio Grande do Norte,Brazil,BR,0:27:19,2:32:02,1:28:29,0:01:57,0:01:24,4:31:10,1639,9122,5309,117,84,16270,42,42,15,28,27,10,59,58,16,42,42,15,Finisher,2814
Pâmella,Nascimento De Oliveira,Pâmella Nascimento De Oliveira,5001,FPRO,Female,Balneário Camboriú,BR-SC,Brazil,BR,0:27:18,2:31:25,1:29:45,0:01:58,0:01:02,4:31:28,1638,9085,5385,118,62,16288,43,1,1,26,1,1,56,1,1,43,1,1,Finisher,3500
JOAO,PEDRO NASCIMENTO PERES,JOAO PEDRO NASCIMENTO PERES,110,M30-34,Male,LONDRINA,BR-PR,Brazil,BR,0:26:45,2:19:31,1:41:26,0:03:00,0:01:21,4:32:02,1605,8371,6086,180,81,16322,44,43,13,21,21,3,14,14,1,44,43,13,Finisher,3266
Matheus,Duda,Matheus Duda,1060,M25-29,Male,lapa,PARANA,Brazil,BR,0:29:01,2:31:27,1:28:58,0:02:27,0:01:28,4:33:21,1741,9087,5338,147,88,16401,45,44,6,57,54,5,65,64,8,45,44,6,Finisher,3181
EDUARDO,FELIPE FRANCA,EDUARDO FELIPE FRANCA,125,M30-34,Male,CACADOR,SC,Brazil,BR,0:27:27,2:33:37,1:28:31,0:02:30,0:01:17,4:33:22,1647,9217,5311,150,77,16402,46,45,14,32,30,6,68,67,18,46,45,14,Finisher,3242
André,Sanches,André Sanches,420,M35-39,Male,Moema,BR-SP,Brazil,BR,0:32:15,2:26:15,1:31:19,0:02:37,0:01:16,4:33:42,1935,8775,5479,157,76,16422,47,46,5,218,203,39,58,57,7,47,46,5,Finisher,2916
JEAN,APARECIDO ROMANO DA SILVA,JEAN APARECIDO ROMANO DA SILVA,746,M40-44,Male,CURITIBA,BR-PR,Brazil,BR,0:33:40,2:24:51,1:30:41,0:02:53,0:01:47,4:33:52,2020,8691,5441,173,107,16432,48,47,4,284,260,54,60,59,6,48,47,4,Finisher,3208
Edilson,Geovane Araujo Bridaroli,Edilson Geovane Araujo Bridaroli,1431,M25-29,Male,,,Brazil,BR,0:30:22,2:30:47,1:27:43,0:03:01,0:02:04,4:33:57,1822,9047,5263,181,124,16437,49,48,7,109,105,13,77,76,10,49,48,7,Finisher,3170
Bruno ,Dionisio Da Silva,Bruno Dionisio Da Silva,1395,M40-44,Male,São Paulo,,Brazil,BR,0:31:22,2:29:27,1:29:21,0:02:44,0:01:13,4:34:06,1882,8967,5361,164,73,16446,50,49,5,165,154,31,67,66,7,50,49,5,Finisher,3203
LEONARDO,BILICH ABAURRE,LEONARDO BILICH ABAURRE,633,M40-44,Male,VITORIA ,ESPIRITO SANTO,Brazil,BR,0:26:40,2:39:10,1:24:23,0:02:50,0:01:30,4:34:32,1600,9550,5063,170,90,16472,51,50,6,20,20,2,111,107,19,51,50,6,Finisher,3196
Guilherme,Ferreira,Guilherme Ferreira,128,M30-34,Male,Vila Olimpia,,Brazil,BR,0:30:38,2:25:31,1:33:53,0:03:17,0:01:52,4:35:11,1838,8731,5633,197,112,16511,52,51,15,122,116,21,51,51,14,52,51,15,Finisher,3209
LEONARDO,ALCKMIN,LEONARDO ALCKMIN,1402,M30-34,Male,São Paulo,SP,Brazil,BR,0:26:51,2:21:53,1:41:39,0:02:50,0:02:13,4:35:25,1611,8513,6099,170,133,16525,53,52,16,23,23,5,21,21,3,53,52,16,Finisher,3205
Francisney,Albuquerque,Francisney Albuquerque,422,M35-39,Male,Cascavel,Paraná,Brazil,BR,0:32:48,2:28:54,1:29:39,0:02:54,0:01:27,4:35:42,1968,8934,5379,174,87,16542,54,53,6,236,218,41,81,80,10,54,53,6,Finisher,2880
Cristiano,Solak,Cristiano Solak,1194,M50-54,Male,Curitiba,BR-PR,Brazil,BR,0:28:36,2:27:10,1:35:35,0:03:21,0:01:06,4:35:47,1716,8830,5735,201,66,16547,55,54,1,49,46,2,50,50,1,55,54,1,Finisher,3500
Rafael,Moraes,Rafael Moraes,1344,M40-44,Male,curitiba,PR,Brazil,BR,0:29:49,2:36:23,1:25:33,0:02:20,0:01:42,4:35:47,1789,9383,5133,140,102,16547,56,55,7,83,79,15,108,104,18,56,55,7,Finisher,3173
Felipe ,Gavazzoni ,Felipe Gavazzoni,427,M35-39,Male,Concórdia,SC,Brazil,BR,0:30:15,2:26:54,1:34:35,0:02:47,0:01:50,4:36:21,1815,8814,5675,167,110,16581,57,56,7,102,98,18,52,52,5,57,56,7,Finisher,2868
DYEGO ,JANUARIO PINTO,DYEGO JANUARIO PINTO,805,M40-44,Male,maceio,Alagoas,Brazil,BR,0:34:00,2:28:31,1:29:21,0:03:30,0:01:17,4:36:39,2040,8911,5361,210,77,16599,58,57,8,303,276,59,85,84,13,58,57,8,Finisher,3158
Douglas,Delvaux Viana,Douglas Delvaux Viana,1068,M25-29,Male,Sao Paulo,SP,Brazil,BR,0:31:44,2:29:14,1:30:43,0:03:28,0:01:40,4:36:49,1904,8954,5443,208,100,16609,59,58,8,193,180,22,80,79,11,59,58,8,Finisher,3118
Kaique ,Carneiro Rodrigues,Kaique Carneiro Rodrigues,1110,M25-29,Male,Balneário Camboriú,,Brazil,BR,0:26:18,2:16:45,1:50:23,0:02:04,0:01:33,4:37:03,1578,8205,6623,124,93,16623,60,59,9,17,17,2,11,11,1,60,59,9,Finisher,3114
THIAGO,MORAIS CESAR,THIAGO MORAIS CESAR,801,M40-44,Male,UBATUBA,SP,Brazil,BR,0:29:57,2:23:56,1:38:10,0:04:19,0:01:23,4:37:46,1797,8636,5890,259,83,16666,61,60,9,94,90,18,43,43,4,61,60,9,Finisher,3137
Eduardo De Carvalho,Amantini,Eduardo De Carvalho Amantini,929,M45-49,Male,Colombo,BR-PR,Brazil,BR,0:29:38,2:29:06,1:34:58,0:03:16,0:01:12,4:38:10,1778,8946,5698,196,72,16690,62,61,4,73,69,8,62,61,7,62,61,4,Finisher,2942
GUILHERME,VAZ,GUILHERME VAZ,112,M30-34,Male,RIO DE JANEIRO,RJ,Brazil,BR,0:28:57,2:27:55,1:36:26,0:03:21,0:01:33,4:38:12,1737,8875,5786,201,93,16692,63,62,17,56,53,12,55,55,15,63,62,17,Finisher,3155
Luis,Ohde,Luis Ohde,9,MPRO,Male,Curitiba,BR-PR,Brazil,BR,0:27:23,2:25:56,1:41:23,0:01:37,0:02:03,4:38:20,1643,8756,6083,97,123,16700,64,63,16,29,28,11,30,30,12,64,63,16,Finisher,2685
Ricardo,Carvalho,Ricardo Carvalho,1377,M35-39,Male,São Pedro da Aldeia,BR-RJ,Brazil,BR,0:29:13,2:29:42,1:35:10,0:02:34,0:02:10,4:38:50,1753,8982,5710,154,130,16730,65,64,8,66,62,8,61,60,8,65,64,8,Finisher,2823
Lucas,Da Costa Silva,Lucas Da Costa Silva,127,M30-34,Male,Tubarao,SC,Brazil,BR,0:33:16,2:26:20,1:34:28,0:03:25,0:01:39,4:39:08,1996,8780,5668,205,99,16748,66,65,18,263,242,39,66,65,17,66,65,18,Finisher,3138
Rafael,Brandao,Rafael Brandao,924,M45-49,Male,Goiania,GO,Brazil,BR,0:24:43,2:18:52,1:50:03,0:04:12,0:01:19,4:39:09,1483,8332,6603,252,79,16749,67,66,5,4,4,1,13,13,2,67,66,5,Finisher,2925
Lucas,Taveira,Lucas Taveira,122,M30-34,Male,Franca,SAO PAULO,Brazil,BR,0:31:17,2:29:32,1:32:57,0:03:14,0:02:26,4:39:24,1877,8972,5577,194,146,16764,68,67,19,160,150,29,73,72,20,68,67,19,Finisher,3133
Guilherme,Akutsu Silva,Guilherme Akutsu Silva,147,M30-34,Male,São Paulo,SAO PAULO,Brazil,BR,0:36:07,2:24:22,1:34:29,0:03:36,0:01:10,4:39:44,2167,8662,5669,216,70,16784,69,68,20,456,405,60,76,75,21,69,68,20,Finisher,3127
Luiz,Guilherme Correia,Luiz Guilherme Correia,248,M35-39,Male,Sao Paulo,SP,Brazil,BR,0:29:10,2:34:00,1:31:20,0:03:11,0:02:22,4:40:03,1750,9240,5480,191,142,16803,70,69,9,63,59,6,90,87,11,70,69,9,Finisher,2801
Bruno,Teixeira Kuntz,Bruno Teixeira Kuntz,1128,M25-29,Male,Sao paulo,,Brazil,BR,0:31:24,2:31:51,1:32:41,0:02:42,0:01:39,4:40:16,1884,9111,5561,162,99,16816,71,70,10,167,156,17,84,83,12,71,70,10,Finisher,3056
Pietra,Meneghini,Pietra Meneghini,5007,FPRO,Female,Curitiba,BR-PR,Brazil,BR,0:32:29,2:31:48,1:33:09,0:01:53,0:01:02,4:40:22,1949,9108,5589,113,62,16822,72,2,2,227,16,5,88,2,2,72,2,2,Finisher,3339
Luis Guilherme,Miola,Luis Guilherme Miola,767,M40-44,Male,Curitiba,PR,Brazil,BR,0:30:32,2:30:32,1:34:27,0:03:01,0:01:58,4:40:29,1832,9032,5667,181,118,16829,73,71,10,115,111,22,75,74,8,73,71,10,Finisher,3089
Frederico,Rizzo,Frederico Rizzo,823,M45-49,Male,São Paulo,BR-SP,Brazil,BR,0:31:05,2:25:29,1:39:16,0:03:25,0:01:34,4:40:49,1865,8729,5956,205,94,16849,74,72,6,145,135,13,54,54,6,74,72,6,Finisher,2895
cleverson,dijubanovski,cleverson dijubanovski,287,M35-39,Male,guarapuava,BR-PR,Brazil,BR,0:32:55,2:25:05,1:39:41,0:02:44,0:01:45,4:42:10,1975,8705,5981,164,105,16930,75,73,10,242,223,43,57,56,6,75,73,10,Finisher,2763
VINICIUS,PAZETTE FREITAS,VINICIUS PAZETTE FREITAS,445,M35-39,Male,RIO DE JANEIRO,RJ,Brazil,BR,0:34:47,2:31:42,1:31:43,0:02:46,0:01:13,4:42:11,2087,9102,5503,166,73,16931,76,74,11,351,320,69,115,111,21,76,74,11,Finisher,2763
BRUNO,HEBERT FERREIRA DE LIMA,BRUNO HEBERT FERREIRA DE LIMA,837,M45-49,Male,Curitiba,Paraná,Brazil,BR,0:34:58,2:32:53,1:31:02,0:02:19,0:01:29,4:42:40,2098,9173,5462,139,89,16960,77,75,7,366,333,51,119,115,12,77,75,7,Finisher,2861
Fabio,Santos Carneiro,Fabio Santos Carneiro,226,M30-34,Male,,,Brazil,BR,0:32:41,2:33:52,1:32:59,0:02:11,0:01:01,4:42:45,1961,9232,5579,131,61,16965,78,76,21,231,213,37,113,109,25,78,76,21,Finisher,3073
Raphael,Costa Mehl,Raphael Costa Mehl,946,M45-49,Male,Coral Gables,FL,Brazil,BR,0:26:58,2:29:34,1:41:51,0:02:32,0:01:53,4:42:49,1618,8974,6111,152,113,16969,79,77,8,24,24,4,48,48,5,79,77,8,Finisher,2859
Luca,Ascenco,Luca Ascenco,1404,M18-24,Male,Goiania,GO,Brazil,BR,0:25:40,2:16:52,1:56:40,0:02:06,0:01:36,4:42:54,1540,8212,7000,126,96,16974,80,78,1,11,11,1,10,10,1,80,78,1,Finisher,3500
Vinicius,Roiek Niedziela,Vinicius Roiek Niedziela,1038,M18-24,Male,Porto Uniao,SC,Brazil,BR,0:28:00,2:35:55,1:34:53,0:02:40,0:01:36,4:43:05,1680,9355,5693,160,96,16985,81,79,2,37,34,2,93,90,3,81,79,2,Finisher,3496
GLAUCO,ANTONIO SAPIA,GLAUCO ANTONIO SAPIA,958,M45-49,Male,VALINHOS,SP,Brazil,BR,0:31:13,2:33:00,1:31:08,0:03:04,0:04:47,4:43:12,1873,9180,5468,184,287,16992,82,80,9,154,144,16,99,96,10,82,80,9,Finisher,2852
Pedro,Miguel Muzeti,Pedro Miguel Muzeti,276,M35-39,Male,Barretos,São Paulo,Brazil,BR,0:30:13,2:34:49,1:33:06,0:02:46,0:02:28,4:43:22,1813,9289,5586,166,148,17002,83,81,12,101,97,17,101,98,17,83,81,12,Finisher,2742
Rafael,Morimoto,Rafael Morimoto,334,M35-39,Male,Tangará da Serra,BR-MT,Brazil,BR,0:32:56,2:30:04,1:34:41,0:03:23,0:02:41,4:43:46,1976,9004,5681,203,161,17026,84,82,13,244,224,44,91,88,12,84,82,13,Finisher,2735
VICTOR,HUGO MATOS LOPES,VICTOR HUGO MATOS LOPES,345,M35-39,Male,CURITIBA,PR,Brazil,BR,0:35:08,2:29:54,1:34:33,0:02:43,0:01:47,4:44:06,2108,8994,5673,163,107,17046,85,83,14,379,345,74,100,97,16,85,83,14,Finisher,2729
Stanley,Matias Rodrigues De Oliveira,Stanley Matias Rodrigues De Oliveira,194,M30-34,Male,Curitiba,PR,Brazil,BR,0:34:14,2:20:54,1:44:12,0:02:34,0:02:26,4:44:20,2054,8454,6252,154,146,17060,86,84,22,320,293,46,40,40,11,86,84,22,Finisher,3044
Ramon,Lopes Ferreira,Ramon Lopes Ferreira,683,M40-44,Male,curitiba,BR-PR,Brazil,BR,0:31:42,2:30:42,1:37:43,0:03:10,0:01:22,4:44:39,1902,9042,5863,190,82,17079,87,85,11,191,178,38,83,82,12,87,85,11,Finisher,3014
Guilherme ,Bubolz Bohm ,Guilherme Bubolz Bohm,770,M40-44,Male,Maceió ,AL,Brazil,BR,0:33:36,2:29:50,1:37:12,0:02:39,0:01:28,4:44:43,2016,8990,5832,159,88,17083,88,86,12,282,258,52,86,85,14,88,86,12,Finisher,3012
Luiz Mauro,Grohs,Luiz Mauro Grohs,1327,M35-39,Male,Curitiba,PR,Brazil,BR,0:29:56,2:38:04,1:32:14,0:03:02,0:02:00,4:45:16,1796,9484,5534,182,120,17116,89,87,15,90,86,11,127,122,23,89,87,15,Finisher,2708
Bruno,Ordonho,Bruno Ordonho,456,M35-39,Male,Caruaru,Pernambuco,Brazil,BR,0:31:42,2:28:24,1:40:25,0:03:55,0:01:07,4:45:33,1902,8904,6025,235,67,17133,90,88,16,190,177,32,72,71,9,90,88,16,Finisher,2702
Pietro,Henrique Favarim Dos Santos,Pietro Henrique Favarim Dos Santos,202,M30-34,Male,,,Brazil,BR,0:36:58,2:26:49,1:35:12,0:04:49,0:01:46,4:45:33,2218,8809,5712,289,106,17133,91,89,23,514,454,68,110,106,24,91,89,23,Finisher,3022
Gabriel,Avelar Brandao,Gabriel Avelar Brandao,216,M30-34,Male,Orlandia,SP,Brazil,BR,0:35:39,2:31:44,1:34:22,0:02:38,0:01:12,4:45:35,2139,9104,5662,158,72,17135,92,90,24,418,375,57,118,114,26,92,90,24,Finisher,3022
Henrique,Cesar Cardoso Da Cruz E Souza,Henrique Cesar Cardoso Da Cruz E Souza,760,M40-44,Male,Florianopolis,SC,Brazil,BR,0:30:55,2:32:42,1:37:44,0:02:57,0:01:20,4:45:39,1855,9162,5864,177,80,17139,93,91,13,135,127,26,92,89,15,93,91,13,Finisher,2996
FELIPE,CINTRA DE BARROS RIBEIRO CONRADO,FELIPE CINTRA DE BARROS RIBEIRO CONRADO,1094,M25-29,Male,,,Brazil,BR,0:33:27,2:34:50,1:33:21,0:02:44,0:01:22,4:45:43,2007,9290,5601,164,82,17143,94,92,11,274,251,29,126,121,14,94,92,11,Finisher,2958
Lucas,Barboza,Lucas Barboza,891,M45-49,Male,Sao Jose do Rio Preto,Sao Paulo,Brazil,BR,0:32:02,2:32:08,1:36:58,0:03:01,0:02:02,4:46:11,1922,9128,5818,181,122,17171,95,93,10,212,197,23,98,95,9,95,93,10,Finisher,2798
Marcelo,Luiz Leal,Marcelo Luiz Leal,1208,M50-54,Male,Florianópolis,Santa Catarina,Brazil,BR,0:30:35,2:30:05,1:40:39,0:03:22,0:01:31,4:46:13,1835,9005,6039,202,91,17173,96,94,2,118,114,6,74,73,2,96,94,2,Finisher,3312
Matheus,Zaniolo Correia,Matheus Zaniolo Correia,1087,M25-29,Male,Curitiba,PR,Brazil,BR,0:32:03,2:37:11,1:32:00,0:03:17,0:01:51,4:46:22,1923,9431,5520,197,111,17182,97,95,12,214,199,25,139,133,16,97,95,12,Finisher,2946
Alexis,Carfantan,Alexis Carfantan,473,M35-39,Male,Curitiba,Parana,France,FR,0:29:46,2:39:06,1:32:29,0:02:38,0:02:24,4:46:24,1786,9546,5549,158,144,17184,98,96,17,80,76,9,134,128,25,98,96,17,Finisher,2687
HABRAAO,DIOGENES BESSA PEIXOTO,HABRAAO DIOGENES BESSA PEIXOTO,759,M40-44,Male,MOSSORO,RN,Brazil,BR,0:31:54,2:35:49,1:34:50,0:02:47,0:01:27,4:46:48,1914,9349,5690,167,87,17208,99,97,14,204,190,41,121,117,23,99,97,14,Finisher,2975
Robson,Ferreira Alves,Robson Ferreira Alves,614,M40-44,Male,Curitiba,PR,Brazil,BR,0:29:05,2:37:47,1:36:09,0:02:42,0:01:36,4:47:19,1745,9467,5769,162,96,17239,100,98,15,59,55,10,116,112,21,100,98,15,Finisher,2966
Gustavo,Gaspar,Gustavo Gaspar,706,M40-44,Male,Rio de janeiro,BR-RJ,Brazil,BR,0:29:47,2:38:04,1:35:34,0:02:44,0:01:37,4:47:47,1787,9484,5734,164,97,17267,101,99,16,81,77,14,122,118,24,101,99,16,Finisher,2957
João Vitor,Cachel Silva,João Vitor Cachel Silva,1086,M25-29,Male,Curitiba,Paraná,Brazil,BR,0:30:32,2:30:23,1:42:25,0:02:46,0:02:01,4:48:07,1832,9023,6145,166,121,17287,102,100,13,114,110,14,70,69,9,102,100,13,Finisher,2915
Helvis,Fernandes De Paula,Helvis Fernandes De Paula,363,M35-39,Male,,,Brazil,BR,0:33:20,2:33:22,1:36:13,0:03:56,0:01:21,4:48:12,2000,9202,5773,236,81,17292,103,101,18,268,247,50,123,119,22,103,101,18,Finisher,2655
Lucas,Balbueno Karkotli,Lucas Balbueno Karkotli,1113,M25-29,Male,,,Brazil,BR,0:29:06,2:44:52,1:29:16,0:03:19,0:01:50,4:48:24,1746,9892,5356,199,110,17304,104,102,14,60,56,6,180,169,17,104,102,14,Finisher,2910
Bruno,Haddad Silva,Bruno Haddad Silva,217,M30-34,Male,Rio De Janeiro,RJ,Brazil,BR,0:27:49,2:42:58,1:33:08,0:03:06,0:01:38,4:48:39,1669,9778,5588,186,98,17319,105,103,25,35,32,7,152,145,29,105,103,25,Finisher,2966
Giovanna, Opipari,Giovanna Opipari,5006,FPRO,Female,São Paulo,São Paulo,Brazil,BR,0:31:52,2:37:08,1:36:29,0:02:09,0:01:03,4:48:41,1912,9428,5789,129,63,17321,106,3,3,202,14,4,129,6,5,106,3,3,Finisher,3190
Mariana,Borges De Andrade,Mariana Borges De Andrade,5004,FPRO,Female,Florinópolis,SC,Brazil,BR,0:30:40,2:33:05,1:41:59,0:02:27,0:00:59,4:49:10,1840,9185,6119,147,59,17350,107,4,4,124,7,3,89,3,3,107,4,4,Finisher,3181
Kauã,França,Kauã França,1037,M18-24,Male,Curitiba,Paraná,Brazil,BR,0:30:42,2:27:55,1:45:27,0:03:25,0:01:49,4:49:18,1842,8875,6327,205,109,17358,108,104,3,126,119,5,63,62,2,108,104,3,Finisher,3384
Rodolfo,Luis Tomkiw Hanauer,Rodolfo Luis Tomkiw Hanauer,1355,M35-39,Male,CURITIBA,PR,Brazil,BR,0:31:53,2:31:54,1:39:59,0:03:13,0:02:20,4:49:19,1913,9114,5999,193,140,17359,109,105,19,203,189,35,97,94,15,109,105,19,Finisher,2635
Jonathan,Pereira,Jonathan Pereira,1433,M40-44,Male,,,Brazil,BR,0:31:37,2:31:46,1:41:27,0:03:15,0:01:39,4:49:44,1897,9106,6087,195,99,17384,110,106,17,184,172,37,94,91,16,110,106,17,Finisher,2922
Frederico,Guerra Reggiani,Frederico Guerra Reggiani,673,M40-44,Male,Guarapari,BR-ES,Brazil,BR,0:31:17,2:31:20,1:42:10,0:02:56,0:02:10,4:49:52,1877,9080,6130,176,130,17392,111,107,18,159,149,29,82,81,11,111,107,18,Finisher,2920
Rodrigo,Hecke Guimaraes,Rodrigo Hecke Guimaraes,935,M45-49,Male,,,Brazil,BR,0:32:50,2:34:53,1:36:18,0:03:21,0:02:53,4:50:16,1970,9293,5778,201,173,17416,112,108,11,237,219,28,128,123,14,112,108,11,Finisher,2725
Jose,Eduardo Ribeiro,Jose Eduardo Ribeiro,1047,M18-24,Male,Sao Paulo,SP,Brazil,BR,0:35:05,2:33:43,1:36:48,0:02:56,0:01:48,4:50:19,2105,9223,5808,176,108,17419,113,109,4,376,342,10,137,131,4,113,109,4,Finisher,3366
Romulo,Giovane Hagi,Romulo Giovane Hagi,301,M35-39,Male,,,Brazil,BR,0:29:12,2:40:20,1:36:14,0:02:48,0:02:01,4:50:34,1752,9620,5774,168,121,17434,114,110,20,64,60,7,138,132,26,114,110,20,Finisher,2612
Eduardo,Almeida,Eduardo Almeida,1062,M25-29,Male,Curitiba,Paraná,Brazil,BR,0:32:22,2:35:33,1:37:24,0:03:41,0:01:37,4:50:38,1942,9333,5844,221,97,17438,115,111,15,223,208,26,135,129,15,115,111,15,Finisher,2870
Bruno,Trevisan Da Motta Romero,Bruno Trevisan Da Motta Romero,1352,M40-44,Male,Curitiba,PR,Brazil,BR,0:31:31,2:25:15,1:49:37,0:03:13,0:01:03,4:50:39,1891,8715,6577,193,63,17439,116,112,19,176,164,34,53,53,5,116,112,19,Finisher,2906
Cristiano,Ribeiro,Cristiano Ribeiro,376,M35-39,Male,,,Brazil,BR,0:41:51,2:30:07,1:33:41,0:03:39,0:01:29,4:50:47,2511,9007,5621,219,89,17447,117,113,21,877,755,165,160,152,33,117,113,21,Finisher,2608
Raphael,Rezende,Raphael Rezende,428,M35-39,Male,SAO PAULO,BR-SP,Brazil,BR,0:38:27,2:36:46,1:31:06,0:03:00,0:01:31,4:50:49,2307,9406,5466,180,91,17449,118,114,22,634,552,117,187,176,39,118,114,22,Finisher,2608
DANIEL,PENTEADO DE CASTRO,DANIEL PENTEADO DE CASTRO,910,M45-49,Male,SAO PAULO,SP,Brazil,BR,0:31:51,2:33:33,1:40:27,0:03:17,0:02:01,4:51:10,1911,9213,6027,197,121,17470,119,115,12,199,186,21,112,108,11,119,115,12,Finisher,2708
Rafael,Murray Cambraia De Souza,Rafael Murray Cambraia De Souza,160,M30-34,Male,,,Brazil,BR,0:33:05,2:27:01,1:45:50,0:03:32,0:01:59,4:51:27,1985,8821,6350,212,119,17487,120,116,26,249,229,38,69,68,19,120,116,26,Finisher,2916
Pedro,Garagnani,Pedro Garagnani,243,M35-39,Male,,,Brazil,BR,0:27:53,2:36:43,1:40:19,0:03:46,0:02:53,4:51:34,1673,9403,6019,226,173,17494,121,117,23,36,33,4,105,102,19,121,117,23,Finisher,2594
Rodrigo,Felipe,Rodrigo Felipe,1413,M45-49,Male,Nova Lima,BR-MG,Brazil,BR,0:41:07,2:29:56,1:35:48,0:02:47,0:02:03,4:51:42,2467,8996,5748,167,123,17502,122,118,13,827,712,119,151,144,17,122,118,13,Finisher,2699
Ana,Luiza Zardo Ferreira,Ana Luiza Zardo Ferreira,1014,F25-29,Female,Curitiba,PR,Brazil,BR,0:34:53,2:30:26,1:41:37,0:03:03,0:01:46,4:51:45,2093,9026,6097,183,106,17505,123,5,1,359,33,6,106,4,1,123,5,1,Finisher,3500
Lucio,Rodrigo Soares Dos Santos,Lucio Rodrigo Soares Dos Santos,661,M40-44,Male,Curitiba,PR,Brazil,BR,0:28:28,2:32:56,1:46:06,0:02:58,0:01:19,4:51:47,1708,9176,6366,178,79,17507,124,119,20,46,43,5,79,78,10,124,119,20,Finisher,2885
Jose,Vasconcelos Guerra,Jose Vasconcelos Guerra,311,M35-39,Male,Barra da Tijuca,BR-RJ,Brazil,BR,0:31:26,2:37:44,1:37:23,0:03:24,0:02:06,4:52:04,1886,9464,5843,204,126,17524,125,120,24,169,158,28,141,134,27,125,120,24,Finisher,2585
Mauricio,Penteado Cardoso,Mauricio Penteado Cardoso,969,M45-49,Male,Palmas,BR-TO,Brazil,BR,0:33:12,2:36:20,1:37:26,0:03:29,0:01:56,4:52:22,1992,9380,5846,209,116,17542,126,121,14,258,237,33,145,138,15,126,121,14,Finisher,2687
Fabio,Jose Dos Santos,Fabio Jose Dos Santos,665,M40-44,Male,Campo Largo,PR,Brazil,BR,0:39:38,2:35:18,1:32:59,0:03:08,0:01:26,4:52:28,2378,9318,5579,188,86,17548,127,122,21,710,616,123,186,175,36,127,122,21,Finisher,2873
Paulo,Sérgio Rosa Costa,Paulo Sérgio Rosa Costa,1268,M55-59,Male,Vicente Pires,Distrito Federal,Brazil,BR,0:31:08,2:38:27,1:38:31,0:03:12,0:01:14,4:52:32,1868,9507,5911,192,74,17552,128,123,1,149,139,3,144,137,1,128,123,1,Finisher,3500
Lukas,Bruni,Lukas Bruni,1423,M30-34,Male,Curitiba,PR,Brazil,BR,0:35:07,2:40:24,1:32:31,0:03:06,0:01:50,4:52:58,2107,9624,5551,186,110,17578,129,124,27,378,344,51,196,185,33,129,124,27,Finisher,2889
Gilberto,Dos Santos Marcos,Gilberto Dos Santos Marcos,1255,M50-54,Male,Itapuí,São Paulo,Brazil,BR,0:30:49,2:44:15,1:32:10,0:03:40,0:02:10,4:53:04,1849,9855,5530,220,130,17584,130,125,3,129,121,8,200,189,7,130,125,3,Finisher,3188
Thiago,Magalhaes,Thiago Magalhaes,807,M40-44,Male,Curitiba,Parana,Brazil,BR,0:30:30,2:38:59,1:38:20,0:03:42,0:01:34,4:53:05,1830,9539,5900,222,94,17585,131,126,22,112,108,20,148,141,28,131,126,22,Finisher,2862
Leandro,Martinez,Leandro Martinez,1236,M50-54,Male,Curitiba,Paraná,Brazil,BR,0:35:16,2:33:36,1:40:18,0:02:51,0:01:14,4:53:15,2116,9216,6018,171,74,17595,132,127,4,388,352,16,136,130,3,132,127,4,Finisher,3185
Thiago,Figueiredo da Silva ,Thiago Figueiredo da Silva,806,M40-44,Male,brasileiro,BR-PR,Brazil,BR,0:34:41,2:31:12,1:40:57,0:03:44,0:02:49,4:53:22,2081,9072,6057,224,169,17602,133,128,23,343,313,63,117,113,22,133,128,23,Finisher,2857
Gustavo,Rodrigues De Souza,Gustavo Rodrigues De Souza,252,M35-39,Male,Curitiba,Parana,Brazil,BR,0:30:01,2:34:48,1:44:22,0:03:28,0:01:29,4:54:07,1801,9288,6262,208,89,17647,134,129,25,95,91,13,104,101,18,134,129,25,Finisher,2548
Felipe,Ohya Araujo,Felipe Ohya Araujo,403,M35-39,Male,Curitiba,Paraná,Brazil,BR,0:31:03,2:38:31,1:39:28,0:03:35,0:01:50,4:54:26,1863,9511,5968,215,110,17666,135,130,26,144,134,24,147,140,29,135,130,26,Finisher,2543
Jose,A Mendes,Jose A Mendes,804,M40-44,Male,Sao Jose Dos Pinhais,PR,Brazil,BR,0:39:37,2:32:18,1:36:46,0:04:00,0:01:47,4:54:28,2377,9138,5806,240,107,17668,136,131,24,709,615,122,163,154,31,136,131,24,Finisher,2837
Daniel,Ferraz de Campos Filho,Daniel Ferraz de Campos Filho,317,M35-39,Male,SAO PAULO,SP,Brazil,BR,0:31:15,2:38:56,1:38:51,0:03:54,0:01:46,4:54:41,1875,9536,5931,234,106,17681,137,132,27,157,147,25,154,146,30,137,132,27,Finisher,2538
Cristine,Lopes,Cristine Lopes,1328,F45-49,Female,Curitiba,,Brazil,BR,0:40:01,2:32:41,1:36:41,0:04:12,0:01:52,4:55:27,2401,9161,5801,252,112,17727,138,6,1,744,100,14,174,11,1,138,6,1,Finisher,3500
Julia,Quarezemin,Julia Quarezemin,1403,F25-29,Female,Florianópolis,BR-SC,Brazil,BR,0:29:02,2:40:56,1:41:06,0:02:35,0:01:56,4:55:36,1742,9656,6066,155,116,17736,139,7,2,58,4,2,140,7,2,139,7,2,Finisher,3430
Pedro,Rios De Mello Gontijo,Pedro Rios De Mello Gontijo,1036,M18-24,Male,Divinopolis,MG,Brazil,BR,0:30:55,2:43:02,1:37:40,0:02:54,0:01:46,4:56:17,1855,9782,5860,174,106,17777,140,133,5,134,126,6,173,163,6,140,133,5,Finisher,3259
Nicholas,Augusto Reid,Nicholas Augusto Reid,1381,M25-29,Male,Sao Paulo,SP,Brazil,BR,0:29:56,2:45:02,1:36:13,0:03:06,0:02:03,4:56:19,1796,9902,5773,186,123,17779,141,134,16,91,87,10,185,174,18,141,134,16,Finisher,2767
DIOGO,CARVALHO DE SOUZA E SILVA,DIOGO CARVALHO DE SOUZA E SILVA,309,M35-39,Male,CAMPINAS,SP,Brazil,BR,0:37:14,2:39:53,1:33:36,0:03:38,0:01:58,4:56:20,2234,9593,5616,218,118,17780,142,135,28,534,467,93,226,215,47,142,135,28,Finisher,2508
Jean,Fruehling,Jean Fruehling,387,M35-39,Male,Colombo,Parana,Brazil,BR,0:38:25,2:32:44,1:39:30,0:03:59,0:01:51,4:56:30,2305,9164,5970,239,111,17790,143,136,29,631,549,114,157,149,32,143,136,29,Finisher,2505
Bernardo,Pereira,Bernardo Pereira,1073,M25-29,Male,São Paulo,BR-SP,Brazil,BR,0:36:52,2:44:26,1:30:47,0:03:06,0:01:23,4:56:34,2212,9866,5447,186,83,17794,144,137,17,509,450,51,288,271,30,144,137,17,Finisher,2763
Leandro,Grippo,Leandro Grippo,768,M40-44,Male,Curitiba,PR - Paraná,Brazil,BR,0:28:40,2:37:28,1:45:50,0:02:53,0:01:57,4:56:48,1720,9448,6350,173,117,17808,145,138,25,50,47,7,114,110,20,145,138,25,Finisher,2795
Andre,Augusto Pimentel Rentes,Andre Augusto Pimentel Rentes,737,M40-44,Male,SAO PAULO,SAO PAULO,Brazil,BR,0:29:42,2:39:29,1:42:53,0:03:24,0:01:30,4:56:58,1782,9569,6173,204,90,17818,146,139,26,77,73,13,142,135,27,146,139,26,Finisher,2792
Gustavo,Cavalcante De Albuquerque,Gustavo Cavalcante De Albuquerque,642,M40-44,Male,,,Brazil,BR,0:37:03,2:38:15,1:36:49,0:03:25,0:01:27,4:56:59,2223,9495,5809,205,87,17819,147,140,27,522,459,97,198,187,37,147,140,27,Finisher,2792
Thomas,Carolla,Thomas Carolla,132,M30-34,Male,São Paulo,,Brazil,BR,0:29:50,2:44:47,1:36:19,0:04:04,0:02:12,4:57:13,1790,9887,5779,244,132,17833,148,141,28,86,82,19,197,186,34,148,141,28,Finisher,2812
Klaus,Matos,Klaus Matos,273,M35-39,Male,Curitiba,,Brazil,BR,0:30:02,2:47:13,1:34:16,0:03:48,0:01:54,4:57:13,1802,10033,5656,228,114,17833,149,142,30,97,93,15,232,220,48,149,142,30,Finisher,2492
Vitória,Rezende Amaro Gomes,Vitória Rezende Amaro Gomes,494,F30-34,Female,Rio de Janeiro,,Brazil,BR,0:37:56,2:45:04,1:30:43,0:02:25,0:01:10,4:57:19,2276,9904,5443,145,70,17839,150,8,1,584,76,11,305,19,3,150,8,1,Finisher,3500
José Alvaro,Frattini Santos,José Alvaro Frattini Santos,1061,M25-29,Male,Sao Paulo,BR-SP,Brazil,BR,0:31:54,2:47:15,1:33:21,0:03:31,0:01:33,4:57:35,1914,10035,5601,211,93,17855,151,143,18,206,192,24,259,244,27,151,143,18,Finisher,2744
Marco,Antonio Lins,Marco Antonio Lins,1090,M25-29,Male,Recife,PE,Brazil,BR,0:33:13,2:42:09,1:36:50,0:03:35,0:01:52,4:57:38,1993,9729,5810,215,112,17858,152,144,19,262,241,27,201,190,19,152,144,19,Finisher,2744
Alisson,Willian Cubas,Alisson Willian Cubas,209,M30-34,Male,Curitiba,PR,Brazil,BR,0:38:19,2:33:53,1:41:35,0:02:31,0:01:28,4:57:45,2299,9233,6095,151,88,17865,153,145,29,621,539,81,156,148,30,153,145,29,Finisher,2803
EDUARDO,BETEZEK MONTEIRO,EDUARDO BETEZEK MONTEIRO,263,M35-39,Male,CURITIBA,BR-PR,Brazil,BR,0:30:01,2:35:14,1:47:09,0:03:10,0:02:10,4:57:46,1801,9314,6429,190,130,17866,154,146,31,96,92,14,107,103,20,154,146,31,Finisher,2483
Alexandre,Zagonel,Alexandre Zagonel,611,M40-44,Male,,,Brazil,BR,0:33:37,2:36:19,1:43:10,0:03:40,0:01:07,4:57:54,2017,9379,6190,220,67,17874,155,147,28,283,259,53,150,143,29,155,147,28,Finisher,2775
Edvelzio,Ribeiro,Edvelzio Ribeiro,459,M35-39,Male,Curitiba,BR-PR,Brazil,BR,0:31:40,2:39:57,1:40:39,0:04:26,0:01:21,4:58:03,1900,9597,6039,266,81,17883,156,148,32,188,175,31,164,155,34,156,148,32,Finisher,2477
Gabriel,Mochanski,Gabriel Mochanski,1130,M25-29,Male,Curitiba,PR,Brazil,BR,0:29:57,2:26:55,1:57:33,0:02:11,0:01:33,4:58:10,1797,8815,7053,131,93,17890,157,149,20,93,89,11,47,47,6,157,149,20,Finisher,2734
Marcelo,Silveira Netto,Marcelo Silveira Netto,948,M45-49,Male,Timbó,Santa Catarina,Brazil,BR,0:31:29,2:43:50,1:37:36,0:03:14,0:02:12,4:58:21,1889,9830,5856,194,132,17901,158,150,15,173,161,17,194,183,24,158,150,15,Finisher,2579
JUNIOR,QUEIROZ,JUNIOR QUEIROZ,231,M30-34,Male,MARINGA,PR,Brazil,BR,0:31:45,2:35:19,1:45:18,0:03:26,0:02:54,4:58:41,1905,9319,6318,206,174,17921,159,151,30,194,181,33,120,116,27,159,151,30,Finisher,2786
Fernanda,Penkal,Fernanda Penkal,5005,FPRO,Female,Curitiba,BR-PR,Brazil,BR,0:35:24,2:33:03,1:46:34,0:02:14,0:01:28,4:58:43,2124,9183,6394,134,88,17923,160,9,5,400,40,6,124,5,4,160,9,5,Finisher,3009
Rafael,Antonio Andrade De Assis,Rafael Antonio Andrade De Assis,1049,M18-24,Male,,,Brazil,BR,0:34:06,2:42:03,1:37:48,0:03:25,0:01:34,4:58:57,2046,9723,5868,205,94,17937,161,152,6,312,285,9,209,198,9,161,152,6,Finisher,3211
AMANDA,CRISTINE TORRES GALARDA,AMANDA CRISTINE TORRES GALARDA,502,F35-39,Female,CAMPO LARGO,PR,Brazil,BR,0:35:48,2:42:26,1:36:01,0:03:12,0:01:32,4:58:59,2148,9746,5761,192,92,17939,162,10,1,432,46,9,238,13,1,162,10,1,Finisher,3500
Gustavo,Lot soares,Gustavo Lot soares,380,M35-39,Male,Birigui,,Brazil,BR,0:31:50,2:42:09,1:40:29,0:03:20,0:01:23,4:59:10,1910,9729,6029,200,83,17950,163,153,33,197,184,34,181,170,37,163,153,33,Finisher,2457
Ricardo,Alegransi,Ricardo Alegransi,164,M30-34,Male,São Paulo,São Paulo,Brazil,BR,0:33:19,2:35:27,1:46:43,0:02:31,0:01:19,4:59:20,1999,9327,6403,151,79,17960,164,154,31,266,245,40,131,125,28,164,154,31,Finisher,2774
Ederson,Claudio Andreatta,Ederson Claudio Andreatta,1172,M50-54,Male,sao paulo,SP,Brazil,BR,0:31:20,2:41:43,1:40:42,0:04:02,0:01:43,4:59:30,1880,9703,6042,242,103,17970,165,155,5,163,152,10,179,168,5,165,155,5,Finisher,3073
Joao,Werner,Joao Werner,313,M35-39,Male,São Paulo,BR-SP,Brazil,BR,0:35:47,2:36:39,1:39:56,0:05:47,0:01:39,4:59:48,2147,9399,5996,347,99,17988,166,156,34,431,386,80,188,177,40,166,156,34,Finisher,2446
Natalia,Sobral,Natalia Sobral,1401,F40-44,Female,São paulo,Sp,Brazil,BR,0:31:55,2:41:17,1:41:21,0:03:22,0:02:16,5:00:11,1915,9677,6081,202,136,18011,167,11,1,207,15,2,168,10,2,167,11,1,Finisher,3500
Camila,Alejandra Valdez Carreno,Camila Alejandra Valdez Carreno,1012,F18-24,Female,Manaus,AM,Venezuela,VE,0:27:26,2:50:59,1:37:25,0:03:12,0:01:20,5:00:22,1646,10259,5845,192,80,18022,168,12,1,31,2,1,242,14,2,168,12,1,Finisher,3500
Marc,Szlezynger,Marc Szlezynger,1385,M55-59,Male,São Paulo,SP,Brazil,BR,0:30:35,2:43:23,1:41:41,0:02:48,0:01:59,5:00:27,1835,9803,6101,168,119,18027,169,157,2,117,113,2,171,161,2,169,157,2,Finisher,3357
EDUARDO,ROSSINI,EDUARDO ROSSINI,844,M45-49,Male,SAO PAULO,SP,Brazil,BR,0:34:01,2:46:34,1:35:26,0:03:12,0:01:24,5:00:37,2041,9994,5726,192,84,18037,170,158,16,307,280,39,275,260,42,170,158,16,Finisher,2538
Ian,Gasparin,Ian Gasparin,756,M40-44,Male,curitiba,parana,Brazil,BR,0:30:39,2:37:32,1:47:47,0:03:11,0:01:35,5:00:45,1839,9452,6467,191,95,18045,171,159,29,123,117,24,132,126,26,171,159,29,Finisher,2724
Cleverton,Reikdal,Cleverton Reikdal,796,M40-44,Male,Curitiba,Paraná,Brazil,BR,0:31:52,2:40:01,1:42:31,0:04:00,0:02:30,5:00:54,1912,9601,6151,240,150,18054,172,160,30,201,188,40,162,153,30,172,160,30,Finisher,2721
Thomaz,Padilha,Thomaz Padilha,1351,M30-34,Male,Curitiba,PR,Brazil,BR,0:29:37,2:32:56,1:53:05,0:03:33,0:01:51,5:01:02,1777,9176,6785,213,111,18062,173,161,32,71,67,16,87,86,22,173,161,32,Finisher,2744
Marina,Conte,Marina Conte,1013,F25-29,Female,Curitiba,PARANA,Brazil,BR,0:30:45,2:40:32,1:46:06,0:02:39,0:01:08,5:01:09,1845,9632,6366,159,68,18069,174,13,3,128,8,3,153,8,3,174,13,3,Finisher,3330
MARCELO,ABREU VIANA,MARCELO ABREU VIANA,644,M40-44,Male,Eusébio ,CE,Brazil,BR,0:35:14,2:41:00,1:40:06,0:03:03,0:02:14,5:01:37,2114,9660,6006,183,134,18097,175,162,31,384,349,73,205,194,40,175,162,31,Finisher,2708
Evelin,Silveira Bombonatto,Evelin Silveira Bombonatto,480,F30-34,Female,São Paulo,BR-SP,Brazil,BR,0:36:24,2:44:36,1:36:46,0:02:49,0:01:04,5:01:39,2184,9876,5806,169,64,18099,176,14,2,475,54,5,277,16,1,176,14,2,Finisher,3422
Pedro Henrique,Britto De Paula,Pedro Henrique Britto De Paula,286,M35-39,Male,Curitiba,PR,Brazil,BR,0:32:42,2:31:09,1:53:07,0:03:06,0:01:39,5:01:42,1962,9069,6787,186,99,18102,177,163,35,232,214,40,95,92,13,177,163,35,Finisher,2412
Leonardo,Tarantelli Viario,Leonardo Tarantelli Viario,669,M40-44,Male,Franca,São paulo,Brazil,BR,0:37:33,2:34:40,1:42:05,0:04:37,0:02:49,5:01:45,2253,9280,6125,277,169,18105,178,164,32,559,489,105,172,162,35,178,164,32,Finisher,2706
Henrique,De Godoy Bento,Henrique De Godoy Bento,1346,M25-29,Male,Curitiba,Paraná,Brazil,BR,0:36:12,2:46:01,1:35:12,0:03:07,0:01:18,5:01:51,2172,9961,5712,187,78,18111,179,165,21,464,412,44,303,285,31,179,165,21,Finisher,2668
CLEVERTON,MASSUQUETO,CLEVERTON MASSUQUETO,858,M45-49,Male,Guarapuava,PR,Brazil,BR,0:34:08,2:42:47,1:39:51,0:03:11,0:02:01,5:01:58,2048,9767,5991,191,121,18118,180,166,17,315,288,40,217,206,31,180,166,17,Finisher,2514
Idilson,Branco,Idilson Branco,1035,M18-24,Male,Curitiba,PR,Brazil,BR,0:30:19,2:39:12,1:47:54,0:03:10,0:01:28,5:02:03,1819,9552,6474,190,88,18123,181,167,7,106,102,4,143,136,5,181,167,7,Finisher,3155
Weber,Pereira De Almeida Filho,Weber Pereira De Almeida Filho,155,M30-34,Male,Pontalina,GO,Brazil,BR,0:34:57,2:42:31,1:39:18,0:03:42,0:01:49,5:02:16,2097,9751,5958,222,109,18136,182,168,33,363,330,48,235,223,35,182,168,33,Finisher,2721
Cezar,Machado,Cezar Machado,1356,M45-49,Male,curitiba,PR,Brazil,BR,0:35:24,2:32:27,1:47:47,0:03:07,0:03:39,5:02:24,2124,9147,6467,187,219,18144,183,169,18,402,362,56,125,120,13,183,169,18,Finisher,2506
Vinicius André,Bufalo,Vinicius André Bufalo,964,M45-49,Male,Curitiba,BR-PR,Brazil,BR,0:36:09,2:40:23,1:40:25,0:03:32,0:01:56,5:02:26,2169,9623,6025,212,116,18146,184,170,19,459,408,64,216,205,30,184,170,19,Finisher,2506
Gabriel,Antunes Da Crus,Gabriel Antunes Da Crus,1057,M18-24,Male,,,Brazil,BR,0:42:38,2:37:28,1:37:31,0:03:41,0:01:09,5:02:28,2558,9448,5851,221,69,18148,185,171,8,932,801,27,276,261,10,185,171,8,Finisher,3147
Lucas,Santana Nova Da Costa,Lucas Santana Nova Da Costa,470,M35-39,Male,Brasilia,BR-DF,Brazil,BR,0:32:03,2:42:59,1:40:17,0:05:20,0:02:01,5:02:40,1923,9779,6017,320,121,18160,186,172,36,213,198,38,221,210,45,186,172,36,Finisher,2394
Ricardo,Mokross Takashima,Ricardo Mokross Takashima,131,M30-34,Male,Curitiba,Paraná,Brazil,BR,0:35:14,2:43:38,1:37:28,0:04:24,0:02:02,5:02:47,2114,9818,5848,264,122,18167,187,173,34,385,350,53,269,254,41,187,173,34,Finisher,2712
ALEX,FERNANDES SIRQUEIRA,ALEX FERNANDES SIRQUEIRA,653,M40-44,Male,SANTOS,SP,Brazil,BR,0:32:25,2:39:19,1:43:33,0:04:56,0:02:53,5:03:06,1945,9559,6213,296,173,18186,188,174,33,224,209,43,169,159,34,188,174,33,Finisher,2681
Jose Leao,Portela,Jose Leao Portela,460,M35-39,Male,Cuiabá,Mato Grosso,Brazil,BR,0:44:17,2:36:51,1:36:46,0:04:01,0:01:10,5:03:06,2657,9411,5806,241,70,18186,189,175,37,1003,859,183,299,282,58,189,175,37,Finisher,2387
Guilherme,Kochanny,Guilherme Kochanny,372,M35-39,Male,Curitiba,PR,Brazil,BR,0:31:27,2:41:17,1:45:03,0:03:35,0:01:48,5:03:09,1887,9677,6303,215,108,18189,190,176,38,170,159,29,167,158,35,190,176,38,Finisher,2386
VANDERLEI,NATALIN BRITO JUNIOR,VANDERLEI NATALIN BRITO JUNIOR,268,M35-39,Male,CAMPINAS,SP,Brazil,BR,0:34:04,2:43:04,1:40:37,0:03:30,0:02:02,5:03:17,2044,9784,6037,210,122,18197,191,177,39,309,282,58,225,214,46,191,177,39,Finisher,2383
Daniel,Biaggio,Daniel Biaggio,968,M45-49,Male,São Paulo,SP,Brazil,BR,0:35:23,2:40:00,1:43:18,0:03:13,0:01:28,5:03:22,2123,9600,6198,193,88,18202,192,178,20,398,359,53,195,184,25,192,178,20,Finisher,2489
Marcelo,Bertoli,Marcelo Bertoli,1118,M25-29,Male,Curitiba,PR,Brazil,BR,0:36:24,2:41:27,1:39:49,0:03:39,0:02:12,5:03:31,2184,9687,5989,219,132,18211,193,179,22,474,421,46,240,227,23,193,179,22,Finisher,2638
Fernando,Ferreira Do Couto,Fernando Ferreira Do Couto,985,M45-49,Male,Florianópolis,BR-SC,Brazil,BR,0:28:53,2:32:32,1:58:40,0:02:29,0:01:44,5:04:18,1733,9152,7120,149,104,18258,194,180,21,55,52,7,71,70,8,194,180,21,Finisher,2472
Rafael,Marquez Gonçalves,Rafael Marquez Gonçalves,748,M40-44,Male,GRAVATAÍ,RS,Brazil,BR,0:33:08,2:44:00,1:41:28,0:04:00,0:01:43,5:04:20,1988,9840,6088,240,103,18260,195,181,34,254,233,49,234,222,49,195,181,34,Finisher,2659
Jaqueline,Yukie da Costa Torres,Jaqueline Yukie da Costa Torres,1023,F25-29,Female,Londrina,BR-PR,Brazil,BR,0:36:04,2:42:17,1:40:25,0:03:27,0:02:11,5:04:23,2164,9737,6025,207,131,18263,196,15,4,450,50,8,248,15,4,196,15,4,Finisher,3272
Eduardo,Malucelli,Eduardo Malucelli,937,M45-49,Male,Curitiba,Paraná,Brazil,BR,0:33:41,2:41:21,1:43:23,0:03:17,0:02:52,5:04:33,2021,9681,6203,197,172,18273,197,182,22,286,262,35,189,178,21,197,182,22,Finisher,2468
ANDERSON,CLEITON LENHARDT,ANDERSON CLEITON LENHARDT,453,M35-39,Male,SAO MIGUEL DOESTE,SC,Brazil,BR,0:35:44,2:38:06,1:45:24,0:03:06,0:02:19,5:04:38,2144,9486,6324,186,139,18278,198,183,40,425,380,79,176,165,36,198,183,40,Finisher,2359
Eric,Schellenberg Tammenhain,Eric Schellenberg Tammenhain,771,M40-44,Male,Curitiba,PR,Brazil,BR,0:28:18,2:47:02,1:43:45,0:03:23,0:02:11,5:04:39,1698,10022,6225,203,131,18279,199,184,35,43,40,4,199,188,38,199,184,35,Finisher,2654
Vinicius,Martins,Vinicius Martins,242,M35-39,Male,Curitiba,Paraná,Brazil,BR,0:26:03,2:38:38,1:55:51,0:02:19,0:02:16,5:05:07,1563,9518,6951,139,136,18307,200,185,41,14,14,3,96,93,14,200,185,41,Finisher,2350
Andre,Ferrari De Franca Camargo,Andre Ferrari De Franca Camargo,778,M40-44,Male,Sao Paulo,SP,Brazil,BR,0:31:08,2:41:08,1:46:37,0:03:56,0:02:20,5:05:09,1868,9668,6397,236,140,18309,201,186,36,150,140,28,165,156,32,201,186,36,Finisher,2645
FRANCISCO,GUILHERME DE PAULA KOZOVITS,FRANCISCO GUILHERME DE PAULA KOZOVITS,308,M35-39,Male,CURITIBA,PR,Brazil,BR,0:38:58,2:30:51,1:49:45,0:03:12,0:02:25,5:05:10,2338,9051,6585,192,145,18310,202,187,42,673,586,128,146,139,28,202,187,42,Finisher,2349
Leonardo,De Checchi,Leonardo De Checchi,959,M45-49,Male,Sao Manuel,SP,Brazil,BR,0:39:00,2:29:26,1:47:41,0:04:55,0:04:15,5:05:17,2340,8966,6461,295,255,18317,203,188,23,678,591,99,149,142,16,203,188,23,Finisher,2454
Natalia,Bocardo Trica,Natalia Bocardo Trica,1016,F25-29,Female,Curitiba,PR,Brazil,BR,0:36:04,2:46:16,1:37:40,0:03:20,0:02:12,5:05:31,2164,9976,5860,200,132,18331,204,16,5,448,49,7,308,21,6,204,16,5,Finisher,3252
Luis,Adriano Stenzinger,Luis Adriano Stenzinger,749,M40-44,Male,PORTO UNIAO,SANTA CATARINA,Brazil,BR,0:34:58,2:42:46,1:43:30,0:02:31,0:01:51,5:05:36,2098,9766,6210,151,111,18336,205,189,37,367,334,69,220,209,45,205,189,37,Finisher,2636
Fabiano,Muchinski,Fabiano Muchinski,688,M40-44,Male,,,Brazil,BR,0:27:46,2:40:32,1:52:14,0:02:52,0:02:15,5:05:39,1666,9632,6734,172,135,18339,206,190,38,33,31,3,130,124,25,206,190,38,Finisher,2636
Fabricio,Lacerda Silva,Fabricio Lacerda Silva,942,M45-49,Male,,,Brazil,BR,0:33:50,2:45:31,1:39:58,0:04:14,0:02:15,5:05:48,2030,9931,5998,254,135,18348,207,191,24,293,269,37,271,256,40,207,191,24,Finisher,2445
Nelson,Souza Neto,Nelson Souza Neto,872,M45-49,Male,Curitiba,Paraná,Brazil,BR,0:34:38,2:46:15,1:39:22,0:03:15,0:02:23,5:05:52,2078,9975,5962,195,143,18352,208,192,25,335,306,47,282,265,43,208,192,25,Finisher,2444
LEANDRO CARDOSO CANUTO,VASCONCELOS,LEANDRO CARDOSO CANUTO VASCONCELOS,398,M35-39,Male,Curitiba,PR,Brazil,BR,0:37:23,2:38:50,1:44:16,0:03:46,0:02:02,5:06:17,2243,9530,6256,226,122,18377,209,193,43,548,481,97,214,203,42,209,193,43,Finisher,2329
Jorge Henri,Galiano,Jorge Henri Galiano,686,M40-44,Male,Curitiba,Parana,Brazil,BR,0:34:00,2:44:15,1:42:22,0:03:14,0:02:30,5:06:21,2040,9855,6142,194,150,18381,210,194,39,305,278,60,239,226,50,210,194,39,Finisher,2623
Andrey,Dea,Andrey Dea,904,M45-49,Male,CURITIBA,Paraná,Brazil,BR,0:32:28,2:41:21,1:47:16,0:03:44,0:01:46,5:06:35,1948,9681,6436,224,106,18395,211,195,26,226,211,26,183,172,20,211,195,26,Finisher,2431
DOUGLAS,DOS SANTOS GALVAO,DOUGLAS DOS SANTOS GALVAO,153,M30-34,Male,RECIFE,PE,Brazil,BR,0:34:08,2:45:00,1:41:58,0:04:00,0:01:32,5:06:39,2048,9900,6118,240,92,18399,212,196,35,314,287,45,267,252,40,212,196,35,Finisher,2642
Felipe,Costa,Felipe Costa,649,M40-44,Male,São paulo,São paulo,Brazil,BR,0:28:40,2:32:20,2:00:16,0:03:13,0:02:10,5:06:39,1720,9140,7216,193,130,18399,213,197,40,51,48,8,78,77,9,213,197,40,Finisher,2618
FABIANA,RIBEIRO DE ASSIS,FABIANA RIBEIRO DE ASSIS,548,F40-44,Female,Curitiba,Paraná,Brazil,BR,0:31:18,2:41:22,1:50:04,0:03:03,0:01:05,5:06:52,1878,9682,6604,183,65,18412,214,17,2,162,11,1,161,9,1,214,17,2,Finisher,3379
Gustavo,Fernandes Pupo,Gustavo Fernandes Pupo,1393,M30-34,Male,Rio De Janeiro,PR,Brazil,BR,0:37:06,2:39:51,1:43:03,0:05:00,0:01:52,5:06:52,2226,9591,6183,300,112,18412,215,198,36,525,462,69,251,236,39,215,198,36,Finisher,2639
Renata,Barduco De Oliveira,Renata Barduco De Oliveira,599,F45-49,Female,Curitiba ,BR-PR,Brazil,BR,0:33:56,2:46:00,1:41:20,0:03:56,0:01:56,5:07:08,2036,9960,6080,236,116,18428,216,18,2,299,26,2,279,17,2,216,18,2,Finisher,3289
Juan,Duran,Juan Duran,888,M45-49,Male,Vargem Grande Paulista,SP,Brazil,BR,0:39:50,2:36:58,1:44:15,0:03:46,0:02:29,5:07:18,2390,9418,6255,226,149,18438,217,199,27,729,632,107,224,213,33,217,199,27,Finisher,2418
Pedro,Cerize,Pedro Cerize,1284,M55-59,Male,Sao Paulo,SP,Brazil,BR,0:37:03,2:45:58,1:39:09,0:03:07,0:02:04,5:07:22,2223,9958,5949,187,124,18442,218,200,3,523,460,19,313,292,7,218,200,3,Finisher,3233
Jorge,Grillo,Jorge Grillo,283,M35-39,Male,CURITIBA,PR,Brazil,BR,0:34:21,2:53:28,1:34:51,0:02:48,0:02:23,5:07:51,2061,10408,5691,168,143,18471,219,201,44,325,297,61,381,352,73,219,201,44,Finisher,2301
BRUNO,HENRIQUE ANDREATTA,BRUNO HENRIQUE ANDREATTA,184,M30-34,Male,CURITIBA,PR,Brazil,BR,0:30:22,2:41:21,1:50:32,0:03:32,0:02:12,5:08:00,1822,9681,6632,212,132,18480,220,202,37,108,104,20,158,150,31,220,202,37,Finisher,2618
Wilson,Kherlakian,Wilson Kherlakian,1230,M50-54,Male,São Paulo,,Brazil,BR,0:37:38,2:45:34,1:40:24,0:03:02,0:01:23,5:08:01,2258,9934,6024,182,83,18481,221,203,6,563,492,27,314,293,15,221,203,6,Finisher,2919
Matheus,Cunha Secchi,Matheus Cunha Secchi,212,M30-34,Male,Vacaria,RS,Brazil,BR,0:38:03,2:40:44,1:44:38,0:02:53,0:01:49,5:08:07,2283,9644,6278,173,109,18487,222,204,38,596,515,77,245,231,37,222,204,38,Finisher,2616
Rodrigo,Rosa Alves,Rodrigo Rosa Alves,1089,M25-29,Male,,,Brazil,BR,0:31:33,2:51:04,1:40:34,0:03:19,0:01:38,5:08:08,1893,10264,6034,199,98,18488,223,205,23,179,167,19,310,289,32,223,205,23,Finisher,2555
Victor,Tulio,Victor Tulio,1353,M25-29,Male,Curitiba,PARANÁ,Brazil,BR,0:29:13,2:36:20,1:58:19,0:03:03,0:01:56,5:08:50,1753,9380,7099,183,116,18530,224,206,24,65,61,8,109,105,13,224,206,24,Finisher,2542
ALESSANDRO,SCHWINDEN,ALESSANDRO SCHWINDEN,1380,M45-49,Male,Lages,SC,Brazil,BR,0:41:42,2:39:59,1:42:14,0:03:06,0:01:50,5:08:51,2502,9599,6134,186,110,18531,225,207,28,867,746,125,294,277,46,225,207,28,Finisher,2390
Anderson Ari,Coelho,Anderson Ari Coelho,828,M45-49,Male,florianopolis,santa catarina,Brazil,BR,0:38:08,2:37:35,1:47:43,0:04:04,0:01:52,5:09:22,2288,9455,6463,244,112,18562,226,208,29,605,523,85,213,202,29,226,208,29,Finisher,2381
Jorge Roberto,Martins Junior,Jorge Roberto Martins Junior,815,M40-44,Male,Maringá,Paraná,Brazil,BR,0:34:41,2:29:10,1:59:30,0:04:01,0:02:10,5:09:33,2081,8950,7170,241,130,18573,227,209,41,344,314,64,102,99,17,227,209,41,Finisher,2565
Helder,Vilela De Oliveira E Silva,Helder Vilela De Oliveira E Silva,705,M40-44,Male,Rio de Janeiro,Rio de Janeiro,Brazil,BR,0:29:56,2:51:01,1:42:26,0:04:26,0:02:00,5:09:49,1796,10261,6146,266,120,18589,228,210,42,89,85,17,304,286,63,228,210,42,Finisher,2561
Marcelo,Pacheco Giro,Marcelo Pacheco Giro,906,M45-49,Male,,,Brazil,BR,0:33:09,2:41:46,1:48:44,0:03:31,0:02:41,5:09:52,1989,9706,6524,211,161,18592,229,211,30,256,235,32,190,179,22,229,211,30,Finisher,2372
Tiago,Cavanha,Tiago Cavanha,609,M40-44,Male,Boulogne-Billancourt,,Brazil,BR,0:35:40,2:44:38,1:40:25,0:04:59,0:04:10,5:09:52,2140,9878,6025,299,250,18592,230,212,43,422,378,78,300,283,62,230,212,43,Finisher,2560
MARCELO,ERICO GUNIA SCHIAVON,MARCELO ERICO GUNIA SCHIAVON,1241,M50-54,Male,CURITIBA,PR,Brazil,BR,0:29:39,2:44:20,1:51:40,0:02:47,0:01:39,5:10:05,1779,9860,6700,167,99,18605,231,213,7,74,70,4,170,160,4,231,213,7,Finisher,2882
Luiz,Artur Gomes Junior,Luiz Artur Gomes Junior,1207,M50-54,Male,Brasilia,DF,Brazil,BR,0:29:38,2:47:45,1:46:36,0:03:48,0:02:19,5:10:05,1778,10065,6396,228,139,18605,232,214,8,72,68,3,236,224,8,232,214,8,Finisher,2882
Rodrigo,De Camargos Vaz De Almeida,Rodrigo De Camargos Vaz De Almeida,230,M30-34,Male,Jaborandi,SP,Brazil,BR,0:31:12,2:55:54,1:38:41,0:02:51,0:01:33,5:10:12,1872,10554,5921,171,93,18612,233,215,39,153,143,26,369,345,52,233,215,39,Finisher,2579
Alexandre,Gabriel Mohr,Alexandre Gabriel Mohr,179,M30-34,Male,,,Brazil,BR,0:34:52,2:46:02,1:44:06,0:02:56,0:02:21,5:10:17,2092,9962,6246,176,141,18617,234,216,40,357,325,47,278,262,42,234,216,40,Finisher,2577
VINICIUS,BRANDAO,VINICIUS BRANDAO,1409,M40-44,Male,BELO HORIZONTE,MG,Brazil,BR,0:32:59,2:54:14,1:37:57,0:03:24,0:01:58,5:10:32,1979,10454,5877,204,118,18632,235,217,44,247,227,48,380,351,80,235,217,44,Finisher,2548
Alexandre,Kalman,Alexandre Kalman,962,M45-49,Male,Sao paulo,BR-SP,Brazil,BR,0:35:23,2:44:49,1:44:18,0:04:00,0:02:06,5:10:35,2123,9889,6258,240,126,18635,236,218,31,399,360,54,285,268,44,236,218,31,Finisher,2359
Maxwell,Arcanjo Maciel,Maxwell Arcanjo Maciel,451,M35-39,Male,Curitiba,BR-PR,Brazil,BR,0:39:17,2:45:13,1:40:33,0:03:32,0:02:16,5:10:51,2357,9913,6033,212,136,18651,237,219,45,689,599,129,337,315,64,237,219,45,Finisher,2247
NILSON,SANTIAGO,NILSON SANTIAGO,133,M30-34,Male,Rio Branco do Sul,PR,Brazil,BR,0:36:29,2:50:59,1:36:40,0:04:13,0:02:45,5:11:05,2189,10259,5800,253,165,18665,238,220,41,480,426,64,397,367,56,238,220,41,Finisher,2563
Bruno,Sech Silva,Bruno Sech Silva,721,M40-44,Male,CURITIBA,PARANÁ,Brazil,BR,0:40:22,2:43:05,1:42:34,0:04:11,0:01:10,5:11:22,2422,9785,6154,251,70,18682,239,221,45,768,667,134,331,309,71,239,221,45,Finisher,2533
Gabriel ,Eickhoff ,Gabriel Eickhoff,1033,M18-24,Male,Curitiba ,Paraná ,Brazil,BR,0:36:13,2:36:38,1:52:52,0:04:03,0:01:53,5:11:39,2173,9398,6772,243,113,18699,240,222,9,465,413,14,175,164,7,240,222,9,Finisher,2982
Hélio,Macedo,Hélio Macedo,840,M45-49,Male,Resende,BR-RJ,Brazil,BR,0:31:02,2:45:14,1:50:16,0:03:28,0:01:44,5:11:43,1862,9914,6616,208,104,18703,241,223,32,142,132,11,211,200,28,241,223,32,Finisher,2339
Rafael,Scarin,Rafael Scarin,173,M30-34,Male,Goiania,GO,Brazil,BR,0:42:06,2:48:01,1:35:43,0:03:55,0:02:08,5:11:54,2526,10081,5743,235,128,18714,242,224,42,896,772,110,447,411,62,242,224,42,Finisher,2548
Lucas,Marques Mantovani,Lucas Marques Mantovani,930,M45-49,Male,Curitiba,PR,Brazil,BR,0:34:46,2:44:49,1:46:21,0:03:56,0:02:14,5:12:06,2086,9889,6381,236,134,18726,243,225,33,349,318,49,270,255,39,243,225,33,Finisher,2332
Ruan,Lucas Ancay,Ruan Lucas Ancay,103,M30-34,Male,Curitiba,PR,Brazil,BR,0:41:44,2:39:19,1:45:54,0:03:09,0:02:11,5:12:16,2504,9559,6354,189,131,18736,244,226,43,870,749,103,286,269,43,244,226,43,Finisher,2541
GABRIELA,PEREIRA VAZ,GABRIELA PEREIRA VAZ,509,F35-39,Female,Curitiba,BR-PR,Brazil,BR,0:31:39,2:52:40,1:44:01,0:02:43,0:01:21,5:12:24,1899,10360,6241,163,81,18744,245,19,2,186,13,2,324,22,2,245,19,2,Finisher,3258
DIEGO,EDUARDO VIEIRA BRITO,DIEGO EDUARDO VIEIRA BRITO,346,M35-39,Male,FLORIANOPOLIS,SC,Brazil,BR,0:38:04,2:45:02,1:41:54,0:04:23,0:03:08,5:12:31,2284,9902,6114,263,188,18751,246,227,46,601,519,107,330,308,63,246,227,46,Finisher,2217
Leandro,Souza,Leandro Souza,957,M45-49,Male,,,Brazil,BR,0:38:17,2:37:32,1:51:25,0:03:09,0:02:12,5:12:35,2297,9452,6685,189,132,18755,247,228,34,613,531,87,203,192,26,247,228,34,Finisher,2323
Paulo,Rogerio Vizaco,Paulo Rogerio Vizaco,1411,M50-54,Male,sao paulo,SP,Brazil,BR,0:39:43,2:41:23,1:44:01,0:04:38,0:02:54,5:12:38,2383,9683,6241,278,174,18758,248,229,9,716,621,35,309,288,14,248,229,9,Finisher,2836
Vitor ,Freitas,Vitor Freitas,1398,M25-29,Male,Belo Horizonte,MINAS GERAIS,Brazil,BR,0:35:17,3:08:23,1:24:51,0:02:38,0:01:35,5:12:45,2117,11303,5091,158,95,18765,249,230,25,390,354,40,644,576,55,249,230,25,Finisher,2471
Vinicius,Chissini Paganella,Vinicius Chissini Paganella,919,M45-49,Male,Curitiba,BR-PR,Brazil,BR,0:35:31,2:44:30,1:47:43,0:03:42,0:01:33,5:12:59,2131,9870,6463,222,93,18779,250,231,35,410,368,58,273,258,41,250,231,35,Finisher,2316
Joao,Guilherme Oresten Stange,Joao Guilherme Oresten Stange,1096,M25-29,Male,Curitiba,PR,Brazil,BR,0:31:54,2:44:39,1:49:45,0:04:32,0:02:10,5:13:00,1914,9879,6585,272,130,18780,251,232,26,205,191,23,233,221,22,251,232,26,Finisher,2467
Pedro,Andre Regalla Patrao,Pedro Andre Regalla Patrao,208,M30-34,Male,Rio de Janeiro,Rio de Janeiro,Brazil,BR,0:36:25,2:50:25,1:39:49,0:04:02,0:02:23,5:13:04,2185,10225,5989,242,143,18784,252,233,44,477,423,62,385,356,54,252,233,44,Finisher,2527
Arnaldo,Laporte Junior,Arnaldo Laporte Junior,1291,M55-59,Male,Curitiba,BR-PR,Brazil,BR,0:34:54,2:38:56,1:53:00,0:04:04,0:02:20,5:13:13,2094,9536,6780,244,140,18793,253,234,4,360,327,11,184,173,3,253,234,4,Finisher,3127
Leandro,Barbosa Junior,Leandro Barbosa Junior,1367,M40-44,Male,ITAJAI,BR-SC,Brazil,BR,0:31:33,2:47:25,1:48:36,0:03:22,0:02:21,5:13:16,1893,10045,6516,202,141,18796,254,235,46,178,166,36,253,238,52,254,235,46,Finisher,2498
ANDERSON,BUENO,ANDERSON BUENO,990,M45-49,Male,CURITIBA,PR,Brazil,BR,0:36:52,2:48:01,1:43:10,0:02:46,0:02:44,5:13:32,2212,10081,6190,166,164,18812,255,236,36,508,449,71,333,311,48,255,236,36,Finisher,2306
CARLOS,ALBERTO AUWERTER,CARLOS ALBERTO AUWERTER,1269,M55-59,Male,CURITIBA,PR,Brazil,BR,0:35:22,2:42:05,1:49:44,0:04:56,0:01:27,5:13:35,2122,9725,6584,296,87,18815,256,237,5,396,357,15,255,240,5,256,237,5,Finisher,3121
MATHEUS,HENRIQUE SANTOS,MATHEUS HENRIQUE SANTOS,1063,M25-29,Male,CURITIBA,PR,Brazil,BR,0:33:34,2:42:49,1:51:47,0:02:59,0:02:27,5:13:36,2014,9769,6707,179,147,18816,257,238,27,279,255,30,207,196,20,257,238,27,Finisher,2456
Marcos,Reno,Marcos Reno,862,M45-49,Male,São Paulo,BR-SP,Brazil,BR,0:33:06,2:42:13,1:53:42,0:03:14,0:01:22,5:13:37,1986,9733,6822,194,82,18817,258,239,37,251,231,31,193,182,23,258,239,37,Finisher,2304
Daniel,Vieira,Daniel Vieira,813,M40-44,Male,Curitiba,Paraná,Brazil,BR,0:45:00,2:35:33,1:43:02,0:05:48,0:04:21,5:13:43,2700,9333,6182,348,261,18823,259,240,47,1037,888,187,317,296,65,259,240,47,Finisher,2490
Leonardo,Urso,Leonardo Urso,437,M35-39,Male,Sao Paulo,SP,Brazil,BR,0:34:40,2:39:10,1:54:38,0:03:33,0:01:45,5:13:45,2080,9550,6878,213,105,18825,260,241,47,342,312,66,182,171,38,260,241,47,Finisher,2195
Ariel,Paulo Marinoski,Ariel Paulo Marinoski,859,M45-49,Male,,,Brazil,BR,0:36:17,2:41:10,1:50:06,0:03:46,0:02:34,5:13:53,2177,9670,6606,226,154,18833,261,242,38,470,417,65,237,225,34,261,242,38,Finisher,2300
Guilherme,Fernandes Pupo,Guilherme Fernandes Pupo,227,M30-34,Male,,,Brazil,BR,0:35:33,2:40:55,1:48:53,0:05:04,0:03:34,5:13:59,2133,9655,6533,304,214,18839,262,243,45,412,370,56,241,228,36,262,243,45,Finisher,2510
João,Bianchi,João Bianchi,471,M35-39,Male,São Paulo,São Paulo,Brazil,BR,0:31:37,3:01:18,1:35:33,0:03:40,0:02:02,5:14:10,1897,10878,5733,220,122,18850,263,244,48,183,171,30,489,447,100,263,244,48,Finisher,2187
Eduardo,Marques,Eduardo Marques,655,M25-29,Male,Belo Horizonte,MG,Brazil,BR,0:29:32,2:47:42,1:51:06,0:03:48,0:02:03,5:14:11,1772,10062,6666,228,123,18851,264,245,28,69,65,9,231,219,21,264,245,28,Finisher,2446
Marcelo,Flores Gomes,Marcelo Flores Gomes,626,M40-44,Male,Jequie,BA,Brazil,BR,0:34:00,2:43:59,1:51:25,0:02:57,0:01:52,5:14:13,2040,9839,6685,177,112,18853,265,246,48,302,275,58,227,216,46,265,246,48,Finisher,2481
MARCO,ANTONIO RIBEIRO,MARCO ANTONIO RIBEIRO,1424,M45-49,Male,TOLEDO,PR,Brazil,BR,0:47:11,2:38:55,1:43:12,0:03:43,0:01:13,5:14:13,2831,9535,6192,223,73,18853,266,247,39,1105,934,157,366,342,54,266,247,39,Finisher,2294
Vitor,Taborda Rodella,Vitor Taborda Rodella,225,M30-34,Male,Curitiba,Paraná,Brazil,BR,0:37:27,2:45:44,1:44:33,0:04:41,0:01:55,5:14:19,2247,9944,6273,281,115,18859,267,248,46,552,484,71,336,314,46,267,248,46,Finisher,2504
FREDERICO,SENS FAGUNDES,FREDERICO SENS FAGUNDES,712,M40-44,Male,CURITIBA,PR,Brazil,BR,0:34:58,2:49:36,1:44:53,0:03:36,0:01:42,5:14:45,2098,10176,6293,216,102,18885,268,249,49,365,332,68,341,319,73,268,249,49,Finisher,2472
Thiaylon ,Rivoli,Thiaylon Rivoli,141,M30-34,Male,Curitiba,PR,Brazil,BR,0:35:13,2:42:22,1:51:38,0:04:23,0:01:14,5:14:49,2113,9742,6698,263,74,18889,269,250,47,382,347,52,250,235,38,269,250,47,Finisher,2495
Henrique,Bulla,Henrique Bulla,732,M40-44,Male,Maringa,BR-PR,Brazil,BR,0:34:21,2:43:23,1:51:19,0:03:17,0:02:39,5:14:59,2061,9803,6679,197,159,18899,270,251,50,324,296,61,230,218,48,270,251,50,Finisher,2468
Joao,Cardoso,Joao Cardoso,1314,M25-29,Male,Sao Paulo,Sao Paulo,Brazil,BR,0:36:37,2:41:05,1:51:51,0:04:05,0:01:27,5:15:05,2197,9665,6711,245,87,18905,271,252,29,490,434,49,247,233,24,271,252,29,Finisher,2429
Daniel ,Miguel Mauro,Daniel Miguel Mauro,291,M35-39,Male,Londrina ,Paraná ,Brazil,BR,0:29:56,2:38:14,2:02:16,0:03:17,0:01:36,5:15:20,1796,9494,7336,197,96,18920,272,253,49,92,88,12,133,127,24,272,253,49,Finisher,2166
Renan,Barbosa Amorim,Renan Barbosa Amorim,643,M40-44,Male,Maceio,AL,Brazil,BR,0:30:13,2:45:46,1:54:00,0:03:08,0:02:38,5:15:45,1813,9946,6840,188,158,18945,273,254,51,100,96,19,204,193,39,273,254,51,Finisher,2454
Emilio,Petry Neto,Emilio Petry Neto,1389,M45-49,Male,Florianopolis,Santa catarina,Brazil,BR,0:31:03,2:39:35,1:56:10,0:04:56,0:04:07,5:15:50,1863,9575,6970,296,247,18950,274,255,40,143,133,12,159,151,18,274,255,40,Finisher,2264
Douglas,Jandoza,Douglas Jandoza,682,M40-44,Male,Curitiba,,Brazil,BR,0:34:38,2:44:35,1:51:21,0:03:32,0:01:44,5:15:50,2078,9875,6681,212,104,18950,275,256,52,338,309,62,261,246,54,275,256,52,Finisher,2452
Beatriz,De Oliveira,Beatriz De Oliveira,1015,F25-29,Female,Curitiba,PR,Brazil,BR,0:27:48,2:54:22,1:48:41,0:03:27,0:01:38,5:15:56,1668,10462,6521,207,98,18956,276,20,6,34,3,1,307,20,5,276,20,6,Finisher,3064
Andre,Da Luz,Andre Da Luz,1338,M50-54,Male,Curitiba,,Brazil,BR,0:33:01,2:49:59,1:46:47,0:04:01,0:02:25,5:16:13,1981,10199,6407,241,145,18973,277,257,10,248,228,13,323,302,17,277,257,10,Finisher,2772
Daniel,Madalozzo,Daniel Madalozzo,677,M40-44,Male,Curitiba,PR,Brazil,BR,0:42:37,2:33:49,1:52:43,0:04:33,0:02:33,5:16:15,2557,9229,6763,273,153,18975,278,258,53,929,798,166,229,217,47,278,258,53,Finisher,2445
helena,pollis,helena pollis,1335,F18-24,Female,Curitiba,PR,Brazil,BR,0:36:57,2:40:04,1:53:40,0:03:56,0:02:05,5:16:42,2217,9604,6820,236,125,19002,279,21,2,513,60,5,228,12,1,279,21,2,Finisher,3206
Nilton César ,Leite ,Nilton César Leite,1219,M50-54,Male,Sâo Paulo,BR-SP,Brazil,BR,0:40:03,2:48:38,1:40:20,0:04:16,0:03:26,5:16:43,2403,10118,6020,256,206,19003,280,259,11,746,646,42,428,395,20,280,259,11,Finisher,2763
Sinaida,Haddad Costa,Sinaida Haddad Costa,528,F35-39,Female,Maringa,Paraná,Brazil,BR,0:39:07,2:56:40,1:35:26,0:03:25,0:02:10,5:16:47,2347,10600,5726,205,130,19007,281,22,3,682,88,20,532,50,7,281,22,3,Finisher,3179
Thiago,Rinaldin Thomaz,Thiago Rinaldin Thomaz,186,M30-34,Male,Curitiba,PR,Brazil,BR,0:36:11,2:49:39,1:41:28,0:04:39,0:04:52,5:16:49,2171,10179,6088,279,292,19009,282,260,48,460,409,61,376,348,53,282,260,48,Finisher,2459
Raphaela,Maia Russi,Raphaela Maia Russi,563,F40-44,Female,Curitiba,Parana,Brazil,BR,0:34:45,2:50:26,1:44:25,0:04:51,0:02:23,5:16:50,2085,10226,6265,291,143,19010,283,23,3,348,31,6,370,25,3,283,23,3,Finisher,3200
Alejandra,Meza Cuadra,Alejandra Meza Cuadra,539,F35-39,Female,Leblon,Rio de Janeiro,Brazil,BR,0:37:59,2:48:39,1:44:57,0:03:55,0:01:38,5:17:08,2279,10119,6297,235,98,19028,284,24,4,588,78,17,378,29,4,284,24,4,Finisher,3173
CARLOS,EDUARDO BEZERRA CAVALCANTE,CARLOS EDUARDO BEZERRA CAVALCANTE,811,M40-44,Male,BARRETOS,SP,Brazil,BR,0:34:49,2:38:32,1:59:05,0:02:56,0:01:55,5:17:17,2089,9512,7145,176,115,19037,285,261,54,354,322,66,166,157,33,285,261,54,Finisher,2426
Lucas,Maranho,Lucas Maranho,293,M35-39,Male,Maringa,PR,Brazil,BR,0:44:38,2:35:39,1:51:26,0:04:21,0:01:49,5:17:52,2678,9339,6686,261,109,19072,286,262,50,1016,870,187,291,274,55,286,262,50,Finisher,2121
Rafaela,Akemi Nagai,Rafaela Akemi Nagai,1004,F18-24,Female,,,Brazil,BR,0:34:16,2:51:03,1:46:02,0:04:48,0:01:52,5:18:00,2056,10263,6362,288,112,19080,287,25,3,322,28,3,374,27,3,287,25,3,Finisher,3182
Juliana,De Souza Bueno,Juliana De Souza Bueno,554,F40-44,Female,Piracicaba,São Paulo,Brazil,BR,0:32:51,2:56:24,1:44:19,0:02:39,0:01:57,5:18:10,1971,10584,6259,159,117,19090,288,26,4,239,19,3,404,31,4,288,26,4,Finisher,3176
Guilherme,Vidolin de oliveira,Guilherme Vidolin de oliveira,1120,M25-29,Male,Curitiba ,PARANA,Brazil,BR,0:33:45,2:45:34,1:53:52,0:03:19,0:01:57,5:18:27,2025,9934,6832,199,117,19107,289,263,30,287,263,31,258,243,26,289,263,30,Finisher,2369
Luca,Giuliano Piermartiri,Luca Giuliano Piermartiri,1133,M25-29,Male,Curitiba,PR,Brazil,BR,0:31:08,2:47:58,1:55:13,0:03:18,0:01:26,5:19:03,1868,10078,6913,198,86,19143,290,264,31,152,142,16,254,239,25,290,264,31,Finisher,2358
Romulo,Nogueira,Romulo Nogueira,440,M35-39,Male,Rio de Janeiro,,Brazil,BR,0:41:25,2:49:06,1:40:36,0:04:54,0:03:06,5:19:06,2485,10146,6036,294,186,19146,291,265,51,852,733,160,471,434,95,291,265,51,Finisher,2099
Eloyso,De Lima,Eloyso De Lima,850,M45-49,Male,Curitiba,PR,Brazil,BR,0:32:16,2:56:06,1:43:39,0:03:55,0:03:19,5:19:15,1936,10566,6219,235,199,19155,292,266,41,219,204,24,415,383,58,292,266,41,Finisher,2203
Luiz Felipe,Garbuio,Luiz Felipe Garbuio,198,M30-34,Male,Curitiba,Paraná,Brazil,BR,0:34:01,3:00:42,1:38:12,0:04:23,0:01:59,5:19:17,2041,10842,5892,263,119,19157,293,267,49,306,279,43,529,481,71,293,267,49,Finisher,2415
William,Fernando Garcia,William Fernando Garcia,652,M40-44,Male,Maringá,Paraná,Brazil,BR,0:32:14,2:44:17,1:57:44,0:03:09,0:02:02,5:19:26,1934,9857,7064,189,122,19166,294,268,55,217,202,42,210,199,42,294,268,55,Finisher,2387
Julio,Cesar Da Silva,Julio Cesar Da Silva,822,M45-49,Male,Curitiba,PR,Brazil,BR,0:41:12,2:48:32,1:43:48,0:03:51,0:02:08,5:19:31,2472,10112,6228,231,128,19171,295,269,42,836,720,121,438,404,60,295,269,42,Finisher,2198
Alexandre,Marcondes Ferraz,Alexandre Marcondes Ferraz,1232,M50-54,Male,CURITIBA,Parana,Brazil,BR,0:36:27,2:49:09,1:47:32,0:03:58,0:02:28,5:19:34,2187,10149,6452,238,148,19174,296,270,12,479,425,21,361,339,18,296,270,12,Finisher,2711
Rogerio,Fagundes,Rogerio Fagundes,1275,M55-59,Male,Curitiba,BR-PR,Brazil,BR,0:32:05,2:45:58,1:53:51,0:04:55,0:02:50,5:19:39,1925,9958,6831,295,170,19179,297,271,6,215,200,4,264,249,6,297,271,6,Finisher,3011
Diego,Enrique Elias Cabral,Diego Enrique Elias Cabral,333,M35-39,Male,,,Brazil,BR,0:39:54,2:45:23,1:46:18,0:05:58,0:02:10,5:19:43,2394,9923,6378,358,130,19183,298,272,52,736,638,136,390,360,75,298,272,52,Finisher,2087
PABLO,COSTA SARMENTO,PABLO COSTA SARMENTO,774,M40-44,Male,NITEROI,BR-RJ,Brazil,BR,0:33:21,2:47:02,1:54:22,0:03:16,0:01:49,5:19:51,2001,10022,6862,196,109,19191,299,273,56,270,249,51,272,257,57,299,273,56,Finisher,2380
Miguel,Angelo Jarek,Miguel Angelo Jarek,310,M35-39,Male,,,Brazil,BR,0:36:44,2:47:54,1:48:55,0:04:03,0:02:18,5:19:54,2204,10074,6535,243,138,19194,300,274,53,497,440,89,349,327,65,300,274,53,Finisher,2084
Michell,Longhi,Michell Longhi,955,M45-49,Male,CURITIBA,PR,Brazil,BR,0:37:09,2:40:28,1:54:58,0:04:02,0:03:22,5:19:58,2229,9628,6898,242,202,19198,301,275,43,527,464,72,243,229,35,301,275,43,Finisher,2190
Sandro,Wuicik,Sandro Wuicik,623,M40-44,Male,Curitiba,BR-PR,Brazil,BR,0:32:54,2:49:23,1:50:56,0:04:17,0:02:28,5:19:58,1974,10163,6656,257,148,19198,302,276,57,241,222,46,319,298,67,302,276,57,Finisher,2378
Paola,Sprea Carrijo,Paola Sprea Carrijo,531,F35-39,Female,Curitiba,Parana,Brazil,BR,0:35:25,2:53:25,1:45:30,0:03:47,0:01:53,5:20:00,2125,10405,6330,227,113,19200,303,27,5,403,41,7,420,33,5,303,27,5,Finisher,3121
Daniel,Machado Lopes Ventura,Daniel Machado Lopes Ventura,1368,M35-39,Male,Florianopolis,SC,Brazil,BR,0:34:11,2:40:53,1:59:20,0:03:29,0:02:11,5:20:04,2051,9653,7160,209,131,19204,304,277,54,318,291,60,191,180,41,304,277,54,Finisher,2081
Mauro,Marcello Neto,Mauro Marcello Neto,613,M40-44,Male,Rio De Janeiro,RJ,Brazil,BR,0:35:02,2:47:14,1:48:58,0:06:46,0:02:04,5:20:05,2102,10034,6538,406,124,19205,305,278,58,371,337,71,354,332,78,305,278,58,Finisher,2376
Fabio,Martins Katerenhuk,Fabio Martins Katerenhuk,129,M30-34,Male,Curitiba,Paraná,Brazil,BR,0:39:00,2:48:34,1:43:57,0:05:06,0:03:31,5:20:08,2340,10114,6237,306,211,19208,306,279,50,677,590,87,422,389,59,306,279,50,Finisher,2400
Fernando,Alexandrino,Fernando Alexandrino,750,M40-44,Male,Balneario Camboriu,SC,Brazil,BR,0:31:51,2:47:19,1:56:56,0:03:04,0:01:04,5:20:14,1911,10039,7016,184,64,19214,307,280,59,200,187,39,252,237,51,307,280,59,Finisher,2373
Daniela,Ribeiro Castro,Daniela Ribeiro Castro,1017,F25-29,Female,São Paulo,Sao Paulo,Brazil,BR,0:32:56,2:52:15,1:48:56,0:04:34,0:01:38,5:20:19,1976,10335,6536,274,98,19219,308,28,7,243,20,4,364,24,7,308,28,7,Finisher,2985
Francisco,Carvalho Junior,Francisco Carvalho Junior,1316,M60-64,Male,fortaleza,,Brazil,BR,0:34:55,2:49:47,1:49:15,0:03:38,0:02:53,5:20:28,2095,10187,6555,218,173,19228,309,281,1,362,329,5,344,322,1,309,281,1,Finisher,3500
Diego Nunes,Assunção,Diego Nunes Assunção,433,M35-39,Male,Florianópolis,SC,Brazil,BR,0:35:15,2:54:33,1:43:18,0:03:58,0:03:27,5:20:32,2115,10473,6198,238,207,19232,310,282,55,387,351,76,444,409,88,310,282,55,Finisher,2073
Felipe,Seman,Felipe Seman,819,M40-44,Male,Curitiba,PR,Brazil,BR,0:35:46,2:43:04,1:55:20,0:04:02,0:02:23,5:20:36,2146,9784,6920,242,143,19236,311,283,60,427,382,79,263,248,56,311,283,60,Finisher,2366
Mauro,Giorchino,Mauro Giorchino,1394,M55-59,Male,São Paulo,SP,Brazil,BR,0:32:20,2:44:17,1:57:23,0:03:57,0:02:42,5:20:39,1940,9857,7043,237,162,19239,312,284,7,222,207,5,223,212,4,312,284,7,Finisher,2993
Aislan,Zapzalka,Aislan Zapzalka,914,M45-49,Male,Curitiba,PR,Brazil,BR,0:34:34,2:47:24,1:53:27,0:04:01,0:01:22,5:20:49,2074,10044,6807,241,82,19249,313,285,44,331,303,46,311,290,47,313,285,44,Finisher,2175
Diego,Muniz Silva,Diego Muniz Silva,391,M35-39,Male,Poços de Caldas,MG,Brazil,BR,0:41:02,2:41:54,1:53:24,0:03:21,0:01:12,5:20:53,2462,9714,6804,201,72,19253,314,286,56,817,704,148,316,295,60,314,286,56,Finisher,2066
Olavo,Vidal,Olavo Vidal,978,M45-49,Male,Palmeira,PR,Brazil,BR,0:35:14,2:43:14,1:55:52,0:03:59,0:02:39,5:20:58,2114,9794,6952,239,159,19258,315,287,45,383,348,52,256,241,36,315,287,45,Finisher,2172
Eduardo,Belotto,Eduardo Belotto,864,M45-49,Male,Curitiba,,Brazil,BR,0:32:26,2:41:54,2:01:20,0:02:43,0:02:39,5:21:03,1946,9714,7280,163,159,19263,316,288,46,225,210,25,178,167,19,316,288,46,Finisher,2171
Tiago,Camargo Haib,Tiago Camargo Haib,321,M35-39,Male,Curitiba,Paraná,Brazil,BR,0:30:17,2:49:42,1:54:38,0:04:26,0:02:03,5:21:06,1817,10182,6878,266,123,19266,317,289,57,103,99,19,289,272,54,317,289,57,Finisher,2063
Fausto,Lopes Nobrega,Fausto Lopes Nobrega,987,M45-49,Male,Curitiba,PR,Brazil,BR,0:30:58,2:45:07,1:59:55,0:03:27,0:01:51,5:21:17,1858,9907,7195,207,111,19277,318,290,47,136,128,10,208,197,27,318,290,47,Finisher,2166
Mario,Soares junior,Mario Soares junior,742,M40-44,Male,curitiba,Paraná,Brazil,BR,0:32:58,2:48:28,1:51:58,0:05:50,0:02:03,5:21:18,1978,10108,6718,350,123,19278,319,291,61,246,226,47,327,305,70,319,291,61,Finisher,2354
Jorge,Benigno Neto,Jorge Benigno Neto,415,M35-39,Male,Londrina,PR,Brazil,BR,0:31:44,2:54:41,1:49:30,0:03:38,0:02:08,5:21:41,1904,10481,6570,218,128,19301,320,292,58,192,179,33,372,346,71,320,292,58,Finisher,2052
Bruno,Piana,Bruno Piana,262,M35-39,Male,Curitiba,PR,Brazil,BR,0:35:31,2:55:31,1:44:58,0:03:58,0:01:54,5:21:51,2131,10531,6298,238,114,19311,321,293,59,409,367,78,465,428,93,321,293,59,Finisher,2049
Henrique,Lugarini,Henrique Lugarini,356,M35-39,Male,Curitiba,PR,Brazil,BR,0:30:18,2:40:52,2:06:20,0:03:17,0:01:07,5:21:54,1818,9652,7580,197,67,19314,322,294,60,104,100,20,155,147,31,322,294,60,Finisher,2048
EDUARDO,HENRIQUE DA COSTA,EDUARDO HENRIQUE DA COSTA,1337,M25-29,Male,Curitiba,BR-PR,Brazil,BR,0:42:10,2:53:00,1:40:41,0:03:10,0:02:52,5:21:54,2530,10380,6041,190,172,19314,323,295,32,900,776,73,513,468,46,323,295,32,Finisher,2307
Derick,Wesley Costa,Derick Wesley Costa,370,M35-39,Male,Kensington,NSW,Brazil,BR,0:38:08,2:45:07,1:52:55,0:04:02,0:01:46,5:21:59,2288,9907,6775,242,106,19319,324,296,61,607,525,108,328,306,61,324,296,61,Finisher,2047
Francis,Paulo Loss,Francis Paulo Loss,921,M45-49,Male,Concordia,SC,Brazil,BR,0:39:44,2:45:09,1:50:04,0:04:39,0:02:34,5:22:09,2384,9909,6604,279,154,19329,325,297,48,717,622,105,360,338,52,325,297,48,Finisher,2151
Diogo,Stringari,Diogo Stringari,685,M40-44,Male,Curitiba,PR,Brazil,BR,0:33:48,2:42:19,2:00:56,0:03:57,0:01:12,5:22:13,2028,9739,7256,237,72,19333,326,298,62,289,265,56,215,204,44,326,298,62,Finisher,2337
Enrique,Berrio,Enrique Berrio,1240,M50-54,Male,Bogotá,DISTRITO CAPITAL,Colombia,CO,0:50:45,2:50:35,1:34:38,0:04:08,0:02:15,5:22:21,3045,10235,5678,248,135,19341,327,299,13,1186,999,83,626,561,31,327,299,13,Finisher,2661
Rafaela,Bottaro Moretto,Rafaela Bottaro Moretto,477,F30-34,Female,Curitiba,Paraná,Brazil,BR,0:32:29,2:49:37,1:55:24,0:03:13,0:01:39,5:22:22,1949,10177,6924,193,99,19342,328,29,3,228,17,2,302,18,2,328,29,3,Finisher,3049
MARCIO,RAMOS,MARCIO RAMOS,1264,M55-59,Male,FLORIANOPOLIS,SC,Brazil,BR,0:33:12,2:50:29,1:54:27,0:02:36,0:01:42,5:22:27,1992,10229,6867,156,102,19347,329,300,8,260,239,6,315,294,8,329,300,8,Finisher,2961
GREYSE,RENATA HAU,GREYSE RENATA HAU,567,F40-44,Female,MAFRA,BR-SC,Brazil,BR,0:38:29,2:59:01,1:39:50,0:03:52,0:01:23,5:22:35,2309,10741,5990,232,83,19355,330,30,5,639,83,15,559,53,9,330,30,5,Finisher,3096
Anderson,Moreira,Anderson Moreira,438,M35-39,Male,Curitiba,PR,Brazil,BR,0:37:30,2:39:39,1:59:00,0:02:59,0:03:35,5:22:43,2250,9579,7140,179,215,19363,331,301,62,555,486,98,218,207,43,331,301,62,Finisher,2033
Guilherme,Santos Bernert,Guilherme Santos Bernert,1001,M45-49,Male,Curitiba,Paraná,Brazil,BR,0:34:19,2:43:45,1:58:17,0:04:54,0:01:41,5:22:56,2059,9825,7097,294,101,19376,332,302,49,323,295,44,265,250,37,332,302,49,Finisher,2137
Emanuel,Pinto Meira,Emanuel Pinto Meira,1129,M25-29,Male,Lapa,PR,Brazil,BR,0:42:04,2:49:31,1:44:30,0:04:07,0:02:50,5:23:00,2524,10171,6270,247,170,19380,333,303,33,891,767,71,475,437,44,333,303,33,Finisher,2287
Geovane,Andre Bobato,Geovane Andre Bobato,114,M30-34,Male,,,Brazil,BR,0:49:58,2:42:00,1:47:02,0:02:20,0:01:42,5:23:02,2998,9720,6422,140,102,19382,334,304,51,1176,990,133,452,415,63,334,304,51,Finisher,2348
Lucio,Flavio Barbizan Da Rocha,Lucio Flavio Barbizan Da Rocha,751,M40-44,Male,CURITIBA,PR,Brazil,BR,0:33:56,2:48:05,1:53:10,0:04:21,0:03:37,5:23:09,2036,10085,6790,261,217,19389,335,305,63,298,273,57,318,297,66,335,305,63,Finisher,2321
LUIZ,EDUARDO EUGENIO,LUIZ EDUARDO EUGENIO,336,M35-39,Male,LONDRINA,PR,Brazil,BR,0:34:33,2:42:52,1:59:18,0:04:29,0:02:04,5:23:16,2073,9772,7158,269,124,19396,336,306,63,330,302,62,249,234,50,336,306,63,Finisher,2024
Bruno,Borges De Castilhos,Bruno Borges De Castilhos,629,M40-44,Male,,,Brazil,BR,0:32:47,2:56:24,1:49:34,0:03:43,0:01:29,5:23:55,1967,10584,6574,223,89,19435,337,307,64,235,217,45,426,393,93,337,307,64,Finisher,2307
Guilherme,Avila,Guilherme Avila,619,M40-44,Male,São Paulo,,Brazil,BR,0:38:22,2:49:00,1:48:18,0:05:07,0:03:10,5:23:57,2302,10140,6498,307,190,19437,338,308,65,625,543,110,419,387,92,338,308,65,Finisher,2306
Caio,Dias,Caio Dias,270,M35-39,Male,Fortaleza,Ceará ,Brazil,BR,0:44:31,2:47:25,1:46:56,0:03:20,0:01:46,5:23:57,2671,10045,6416,200,106,19437,339,309,64,1013,867,186,470,433,94,339,309,64,Finisher,2011
Fabio,Pinto,Fabio Pinto,879,M45-49,Male,,,Brazil,BR,0:34:51,2:41:52,1:59:33,0:03:49,0:03:54,5:24:00,2091,9712,7173,229,234,19440,340,310,50,355,323,50,222,211,32,340,310,50,Finisher,2117
Lucas,Provesi Cezne,Lucas Provesi Cezne,312,M35-39,Male,Curitiba,Paraná,Brazil,BR,0:36:43,2:44:24,1:58:04,0:03:36,0:01:43,5:24:30,2203,9864,7084,216,103,19470,341,311,65,494,438,88,293,276,56,341,311,65,Finisher,2001
Marcio,Luiz Calcagnotto,Marcio Luiz Calcagnotto,1422,M40-44,Male,Porto Alegre,RS,Brazil,BR,0:30:37,2:49:13,1:56:54,0:04:50,0:03:00,5:24:35,1837,10153,7014,290,180,19475,342,312,66,119,115,23,292,275,60,342,312,66,Finisher,2295
Ana,Leandro,Ana Leandro,1142,F50-54,Female,Curitiba,PR,Brazil,BR,0:36:16,2:56:37,1:45:45,0:03:32,0:02:25,5:24:35,2176,10597,6345,212,145,19475,343,31,1,467,53,4,486,42,1,343,31,1,Finisher,3500
Bruna,Pereira Da Silva,Bruna Pereira Da Silva,489,F30-34,Female,,,Brazil,BR,0:36:59,2:52:32,1:49:12,0:03:57,0:02:03,5:24:43,2219,10352,6552,237,123,19483,344,32,4,516,62,7,435,34,6,344,32,4,Finisher,3006
Gustavo,Gomes Figueiredo,Gustavo Gomes Figueiredo,134,M30-34,Male,Sinop,MT,Brazil,BR,0:39:25,2:53:38,1:45:21,0:03:21,0:03:01,5:24:45,2365,10418,6321,201,181,19485,345,313,52,698,608,90,485,444,66,345,313,52,Finisher,2317
Leandro,Taiatella,Leandro Taiatella,803,M40-44,Male,,,Brazil,BR,0:35:52,2:45:28,1:58:46,0:02:58,0:01:50,5:24:53,2152,9928,7126,178,110,19493,346,314,67,433,387,81,287,270,59,346,314,67,Finisher,2289
Jorge,Wellington Oliveira Junior,Jorge Wellington Oliveira Junior,254,M35-39,Male,Vila Velha,ES,Brazil,BR,0:33:09,2:51:20,1:53:12,0:04:13,0:03:07,5:25:01,1989,10280,6792,253,187,19501,347,315,66,255,234,45,350,328,66,347,315,66,Finisher,1992
William,Carlos Bueno Lisboa,William Carlos Bueno Lisboa,458,M35-39,Male,Itu,SP,Brazil,BR,0:38:00,2:52:03,1:48:26,0:04:19,0:02:14,5:25:03,2280,10323,6506,259,134,19503,348,316,67,591,512,105,453,416,90,348,316,67,Finisher,1991
Debora,Borsatto,Debora Borsatto,546,F40-44,Female,praia grande,BR-SP,Brazil,BR,0:37:11,2:51:14,1:51:03,0:03:44,0:02:17,5:25:29,2231,10274,6663,224,137,19529,349,33,6,530,65,12,411,32,5,349,33,6,Finisher,3044
Daniel,Faria Campos Pinheiro,Daniel Faria Campos Pinheiro,887,M45-49,Male,São Paulo,SP,Brazil,BR,0:33:06,2:51:08,1:55:24,0:03:57,0:01:57,5:25:31,1986,10268,6924,237,117,19531,350,317,51,250,230,30,342,320,51,350,317,51,Finisher,2090
Jeferson,Oliveira,Jeferson Oliveira,1349,M40-44,Male,Curitiba,PR,Brazil,BR,0:36:29,2:46:24,1:55:49,0:04:46,0:02:16,5:25:44,2189,9984,6949,286,136,19544,351,318,68,481,427,90,334,312,72,351,318,68,Finisher,2274
Paulo,Campana Jr,Paulo Campana Jr,731,M40-44,Male,Cascavel,Pr,Brazil,BR,0:39:10,2:48:17,1:52:36,0:04:23,0:01:39,5:26:05,2350,10097,6756,263,99,19565,352,319,69,683,595,118,401,371,86,352,319,69,Finisher,2268
Sebastiao,Da Fraga Souza Junior,Sebastiao Da Fraga Souza Junior,188,M30-34,Male,Canaa Dos Carajas,PA,Brazil,BR,0:39:15,2:54:25,1:46:24,0:04:01,0:02:09,5:26:14,2355,10465,6384,241,129,19574,353,320,53,688,598,88,504,460,68,353,320,53,Finisher,2290
Andre,Massioreto Duarte,Andre Massioreto Duarte,211,M30-34,Male,,,Brazil,BR,0:41:58,2:50:35,1:45:46,0:05:56,0:02:00,5:26:15,2518,10235,6346,356,120,19575,354,321,54,885,761,106,520,475,70,354,321,54,Finisher,2290
Kironi,Oliveira Pires,Kironi Oliveira Pires,880,M45-49,Male,,,Brazil,BR,0:38:25,2:53:22,1:44:45,0:06:39,0:03:09,5:26:19,2305,10402,6285,399,189,19579,355,322,52,630,548,90,519,474,79,355,322,52,Finisher,2076
Richard,Chasko,Richard Chasko,170,M30-34,Male,Curitiba,PR,Brazil,BR,0:45:39,2:42:09,1:50:41,0:04:51,0:03:03,5:26:24,2739,9729,6641,291,183,19584,356,323,55,1054,896,120,421,388,58,356,323,55,Finisher,2287
Rogerio,Camargo Martins,Rogerio Camargo Martins,1370,M40-44,Male,Sao Jose Dos Pinhais,PR,Brazil,BR,0:40:24,2:43:03,1:55:46,0:05:00,0:02:17,5:26:30,2424,9783,6946,300,137,19590,357,324,70,773,670,135,345,323,74,357,324,70,Finisher,2260
Ricardo,Magalhaes,Ricardo Magalhaes,1292,M55-59,Male,Curitiba,PR,Brazil,BR,0:30:33,2:55:56,1:53:21,0:04:49,0:02:03,5:26:44,1833,10556,6801,289,123,19604,358,325,9,116,112,1,392,362,9,358,325,9,Finisher,2884
CLAUDIO,CESAR WAJDOWICZ,CLAUDIO CESAR WAJDOWICZ,355,M35-39,Male,CURITIBA,PR,Brazil,BR,0:33:27,2:46:19,2:00:16,0:03:21,0:03:24,5:26:46,2007,9979,7216,201,204,19606,359,326,68,275,252,52,266,251,51,359,326,68,Finisher,1961
Bruno,Figueira De Souza,Bruno Figueira De Souza,442,M35-39,Male,MANAUS,Amazonas,Brazil,BR,0:30:28,2:55:12,1:56:15,0:03:08,0:01:48,5:26:52,1828,10512,6975,188,108,19612,360,327,69,111,107,22,351,329,67,360,327,69,Finisher,1959
Alessandra,Camisotti,Alessandra Camisotti,499,F30-34,Female,Indaiatuba,BR-SP,Brazil,BR,0:37:27,2:49:03,1:53:21,0:04:38,0:02:31,5:27:00,2247,10143,6801,278,151,19620,361,34,5,551,68,8,389,30,5,361,34,5,Finisher,2965
Samuel,Ferreira,Samuel Ferreira,357,M35-39,Male,FRANCA,SAO PAULO,Brazil,BR,0:30:19,2:48:03,2:01:54,0:03:18,0:03:27,5:27:00,1819,10083,7314,198,207,19620,362,328,70,105,101,21,244,230,49,362,328,70,Finisher,1956
Andreia,Martins Dos Santos,Andreia Martins Dos Santos,536,F35-39,Female,,,Brazil,BR,0:32:35,2:51:23,1:55:34,0:05:36,0:01:53,5:27:01,1955,10283,6934,336,113,19621,363,35,6,229,18,3,362,23,3,363,35,6,Finisher,2995
Lucas,Schenato,Lucas Schenato,761,M40-44,Male,Pato Branco,BR-PR,Brazil,BR,0:40:36,2:46:13,1:54:31,0:03:47,0:02:24,5:27:31,2436,9973,6871,227,144,19651,364,329,71,784,677,137,379,350,79,364,329,71,Finisher,2242
Matheus,Borges De Souza,Matheus Borges De Souza,241,M35-39,Male,Arapiraca,AL,Brazil,BR,0:37:44,2:59:43,1:42:44,0:05:17,0:02:10,5:27:38,2264,10783,6164,317,130,19658,365,330,71,572,500,101,582,528,117,365,330,71,Finisher,1945
BRUNO,DAL NEGRO,BRUNO DAL NEGRO,752,M40-44,Male,Curitiba,PR,Brazil,BR,0:33:40,2:41:45,2:05:31,0:04:20,0:02:22,5:27:38,2020,9705,7531,260,142,19658,366,331,72,285,261,55,212,201,43,366,331,72,Finisher,2240
Thiago,Bronzatto,Thiago Bronzatto,424,M35-39,Male,Brasília ,Brasília ,Brazil,BR,0:43:20,2:45:13,1:52:55,0:03:19,0:02:55,5:27:42,2600,9913,6775,199,175,19662,367,332,72,967,829,176,403,373,81,367,332,72,Finisher,1944
Thiago,Dalge,Thiago Dalge,634,M40-44,Male,São Paulo,SP,Brazil,BR,0:31:31,2:47:18,2:03:14,0:04:01,0:01:39,5:27:43,1891,10038,7394,241,99,19663,368,333,73,177,165,35,262,247,55,368,333,73,Finisher,2238
DAYSON,ANDRE BILHAN,DAYSON ANDRE BILHAN,726,M40-44,Male,CURITIBA,PR,Brazil,BR,0:29:41,2:58:50,1:53:20,0:03:36,0:02:48,5:28:15,1781,10730,6800,216,168,19695,369,334,74,75,71,12,409,378,89,369,334,74,Finisher,2229
Mauro,Paiva Lopes Junior,Mauro Paiva Lopes Junior,960,M45-49,Male,Guarujá,SAO PAULO,Brazil,BR,0:37:50,2:56:01,1:48:38,0:04:16,0:01:35,5:28:20,2270,10561,6518,256,95,19700,370,335,53,577,504,82,510,466,77,370,335,53,Finisher,2039
Paulo,Christiano De Mendonca E Silva,Paulo Christiano De Mendonca E Silva,348,M35-39,Male,Lagoa Santa,MG,Brazil,BR,0:38:27,2:49:38,1:55:14,0:03:19,0:01:51,5:28:29,2307,10178,6914,199,111,19709,371,336,73,633,551,116,393,363,77,371,336,73,Finisher,1930
Pedro,Henrique Thouin Barbosa,Pedro Henrique Thouin Barbosa,1048,M18-24,Male,Sao Paulo,SP,Brazil,BR,0:35:44,2:53:32,1:54:24,0:03:33,0:01:20,5:28:32,2144,10412,6864,213,80,19712,372,337,10,424,379,11,425,392,12,372,337,10,Finisher,2678
Bruno,Francisco Folador,Bruno Francisco Folador,716,M40-44,Male,Curitiba,PR,Brazil,BR,0:37:02,2:50:47,1:54:05,0:04:25,0:02:23,5:28:41,2222,10247,6845,265,143,19721,373,338,75,521,458,96,414,382,91,373,338,75,Finisher,2221
Valdemir,Paiva,Valdemir Paiva,189,M30-34,Male,,,Brazil,BR,0:35:29,2:48:51,1:59:26,0:03:24,0:01:49,5:28:59,2129,10131,7166,204,109,19739,374,339,56,406,364,54,335,313,45,374,339,56,Finisher,2240
Roberto,de Lima Brozoski,Roberto de Lima Brozoski,462,M35-39,Male,Canoinhas,Santa Catarina,Brazil,BR,0:41:40,2:57:35,1:44:24,0:04:01,0:01:31,5:29:12,2500,10655,6264,241,91,19752,375,340,74,864,743,162,591,534,118,375,340,74,Finisher,1917
Allan,Leon,Allan Leon,856,M45-49,Male,Mafra,SC,Brazil,BR,0:40:48,2:50:02,1:52:58,0:03:47,0:01:52,5:29:26,2448,10202,6778,227,112,19766,376,341,54,800,692,118,457,420,63,376,341,54,Finisher,2020
GILSON,LUIS EGGERT,GILSON LUIS EGGERT,399,M35-39,Male,CURITIBA,PR,Brazil,BR,0:34:39,2:53:09,1:53:38,0:04:38,0:03:23,5:29:26,2079,10389,6818,278,203,19766,377,342,75,339,310,65,417,385,83,377,342,75,Finisher,1913
Jean,Leonardo Stdrezk,Jean Leonardo Stdrezk,332,M35-39,Male,,,Brazil,BR,0:34:48,2:47:06,2:02:11,0:03:04,0:02:24,5:29:33,2088,10026,7331,184,144,19773,378,343,76,352,321,70,297,280,57,378,343,76,Finisher,1910
DIEGO,ARIEL DE LIMA,DIEGO ARIEL DE LIMA,407,M35-39,Male,MOSSORO,RN,Brazil,BR,,,,0:00:00,0:00:00,5:29:47,0,0,0,0,0,19787,379,344,77,99999,99999,99999,99999,99999,99999,379,344,77,Finisher,1906
Kátia,Oliveira Ramos,Kátia Oliveira Ramos,569,F40-44,Female,Uberlândia,Minas Gerais,Brazil,BR,0:43:14,3:00:36,1:39:22,0:04:29,0:02:08,5:29:48,2594,10836,5962,269,128,19788,380,36,7,963,138,24,672,72,13,380,36,7,Finisher,2966
Raul  ,Marangoni,Raul Marangoni,1388,M25-29,Male,Curitiba,PR,Brazil,BR,0:40:50,2:50:01,1:53:59,0:03:39,0:01:20,5:29:48,2450,10201,6839,219,80,19788,381,345,34,803,694,69,454,417,42,381,345,34,Finisher,2165
Gabriel,Roiek Niedziela,Gabriel Roiek Niedziela,1080,M25-29,Male,,,Brazil,BR,0:34:38,2:48:13,1:57:08,0:05:41,0:04:25,5:30:05,2078,10093,7028,341,265,19805,382,346,35,336,307,37,348,326,35,382,346,35,Finisher,2159
Philippe,Gondre,Philippe Gondre,1343,M60-64,Male,CURITIBA,PR,France,FR,0:32:52,2:54:03,1:56:38,0:03:10,0:03:23,5:30:06,1972,10443,6998,190,203,19806,383,347,2,240,221,3,373,347,2,383,347,2,Finisher,3326
Vinicius,Augusto Fernandes,Vinicius Augusto Fernandes,193,M30-34,Male,Curitiba,Paraná,Brazil,BR,0:31:13,2:54:30,1:57:59,0:04:14,0:02:15,5:30:10,1873,10470,7079,254,135,19810,384,348,57,155,145,27,368,344,51,384,348,57,Finisher,2219
Luiz,Henrique Barz Bandeira,Luiz Henrique Barz Bandeira,384,M35-39,Male,,,Brazil,BR,0:36:46,2:45:09,2:02:31,0:03:23,0:02:24,5:30:12,2206,9909,7351,203,144,19812,385,349,78,498,441,90,301,284,59,385,349,78,Finisher,1899
Alexandre,Donin,Alexandre Donin,304,M35-39,Male,Chapeco,,Brazil,BR,0:45:35,2:43:09,1:53:42,0:04:45,0:03:13,5:30:24,2735,9789,6822,285,193,19824,386,350,79,1052,894,193,436,402,86,386,350,79,Finisher,1895
Bernal,Fonseca,Bernal Fonseca,278,M35-39,Male,San José,Illinois,Costa Rica,CR,0:38:41,2:54:53,1:49:31,0:04:40,0:02:46,5:30:32,2321,10493,6571,280,166,19832,387,351,80,651,567,122,512,467,103,387,351,80,Finisher,1893
Rafael,Kenji Yonemura,Rafael Kenji Yonemura,316,M35-39,Male,São José dos Pinhais,Paraná,Brazil,BR,0:35:53,2:48:36,1:59:15,0:04:53,0:02:05,5:30:41,2153,10116,7155,293,125,19841,388,352,81,434,388,81,357,335,69,388,352,81,Finisher,1890
Matheus,Lourenci,Matheus Lourenci,1099,M25-29,Male,,,Brazil,BR,0:33:17,3:00:42,1:50:18,0:04:36,0:02:03,5:30:57,1997,10842,6618,276,123,19857,389,353,36,264,243,28,522,477,47,389,353,36,Finisher,2144
Larissa,Coli Vieira,Larissa Coli Vieira,1018,F25-29,Female,,,Brazil,BR,0:36:59,3:01:15,1:45:40,0:04:57,0:02:11,5:31:03,2219,10875,6340,297,131,19863,390,37,8,517,63,9,590,57,8,390,37,8,Finisher,2792
ANDRE,NEUBAUER,ANDRE NEUBAUER,388,M35-39,Male,CURITIBA,PR,Brazil,BR,0:32:00,2:48:05,2:05:26,0:03:57,0:01:39,5:31:05,1920,10085,7526,237,99,19865,391,354,82,210,195,37,280,263,52,391,354,82,Finisher,1883
Liana,Michelon,Liana Michelon,577,F45-49,Female,Cascavel,Paraná,Brazil,BR,0:35:28,2:55:12,1:55:32,0:03:37,0:01:33,5:31:22,2128,10512,6932,217,93,19882,392,38,3,405,42,6,451,37,4,392,38,3,Finisher,2853
Celiton,Marques,Celiton Marques,861,M45-49,Male,santa candida,parana,Brazil,BR,0:31:05,2:49:28,2:05:48,0:03:52,0:01:33,5:31:46,1865,10168,7548,232,93,19906,393,355,55,146,136,14,290,273,45,393,355,55,Finisher,1978
Welliton,Dias,Welliton Dias,176,M30-34,Male,Curitiba,PR,Brazil,BR,0:37:59,2:49:16,1:59:06,0:03:43,0:01:48,5:31:52,2279,10156,7146,223,108,19912,394,356,58,588,511,76,387,358,55,394,356,58,Finisher,2189
Jefferson,Vidal,Jefferson Vidal,1238,M50-54,Male,Curitiba,Parana,Brazil,BR,0:40:15,2:53:50,1:50:57,0:05:08,0:01:42,5:31:53,2415,10430,6657,308,102,19913,395,357,14,763,662,46,533,483,24,395,357,14,Finisher,2490
Guilherme,Vidal Vieira,Guilherme Vidal Vieira,1418,M25-29,Male,Curitiba,PR,Brazil,BR,0:31:35,2:52:40,2:01:25,0:03:24,0:02:50,5:31:54,1895,10360,7285,204,170,19914,396,358,37,180,168,20,332,310,34,396,358,37,Finisher,2127
Vinicius,Domenis Isaka,Vinicius Domenis Isaka,717,M40-44,Male,Sao Paulo,SAO PAULO,Brazil,BR,0:38:46,2:48:00,1:58:50,0:04:21,0:02:01,5:31:58,2326,10080,7130,261,121,19918,397,359,76,655,571,114,388,359,83,397,359,76,Finisher,2162
Nilson,Silva,Nilson Silva,701,M40-44,Male,Curitiba,Paraná,Brazil,BR,0:39:20,2:53:01,1:54:24,0:03:25,0:01:49,5:32:00,2360,10381,6864,205,109,19920,398,360,77,695,605,121,477,439,101,398,360,77,Finisher,2161
Fabricio,Ferreira Melo,Fabricio Ferreira Melo,1170,M50-54,Male,,,Brazil,BR,0:31:51,2:48:02,2:04:31,0:05:14,0:02:27,5:32:05,1911,10082,7471,314,147,19925,399,361,15,198,185,11,298,281,12,399,361,15,Finisher,2486
Jairo,Rafael De Lima,Jairo Rafael De Lima,378,M35-39,Male,Fazenda Rio Grande,PR,Brazil,BR,0:35:57,2:53:32,1:54:35,0:04:44,0:03:20,5:32:07,2157,10412,6875,284,200,19927,400,362,83,439,392,82,449,413,89,400,362,83,Finisher,1864
PATRICK,REISER,PATRICK REISER,953,M45-49,Male,CURITIBA,PR,Brazil,BR,0:41:32,2:58:37,1:42:48,0:05:50,0:03:25,5:32:12,2492,10717,6168,350,205,19932,401,363,56,861,740,124,638,572,95,401,363,56,Finisher,1970
Eliana,Mello Villas Boas,Eliana Mello Villas Boas,596,F45-49,Female,São Paulo,SP,Brazil,BR,0:37:13,3:02:45,1:47:12,0:04:01,0:01:08,5:32:19,2233,10965,6432,241,68,19939,402,39,4,533,67,9,601,58,7,402,39,4,Finisher,2836
Jonsue,Martins,Jonsue Martins,1416,M50-54,Male,Curitiba,Paraná,Brazil,BR,0:35:35,2:52:40,1:58:40,0:03:54,0:01:31,5:32:20,2135,10360,7120,234,91,19940,403,364,16,414,372,17,412,380,19,403,364,16,Finisher,2482
Galah,Sanz,Galah Sanz,600,F45-49,Female,Higienopolis,Sao Paulo,Brazil,BR,0:36:51,2:54:40,1:54:56,0:04:21,0:01:46,5:32:35,2211,10480,6896,261,106,19955,404,40,5,507,59,7,479,39,5,404,40,5,Finisher,2831
Rafael,Arguelles Correa Ferreira,Rafael Arguelles Correa Ferreira,341,M35-39,Male,Florianópolis,BR-SC,Brazil,BR,0:38:54,2:55:57,1:47:25,0:06:56,0:03:26,5:32:38,2334,10557,6445,416,206,19958,405,365,84,664,579,127,564,511,113,405,365,84,Finisher,1855
Emanuele,Bringhentti,Emanuele Bringhentti,516,F35-39,Female,Curitiba,BR-PR,Brazil,BR,0:37:36,2:57:13,1:51:57,0:03:49,0:02:05,5:32:39,2256,10633,6717,229,125,19959,406,41,7,562,71,13,524,47,6,406,41,7,Finisher,2894
Felipe,Feliciano,Felipe Feliciano,641,M40-44,Male,FORTALEZA,CE,Brazil,BR,0:37:22,2:42:48,2:06:12,0:03:35,0:02:44,5:32:41,2242,9768,7572,215,164,19961,407,366,78,546,479,103,274,259,58,407,366,78,Finisher,2149
Rodrigo,Vendramini,Rodrigo Vendramini,1248,M50-54,Male,Joinville,Santa Catarina,Brazil,BR,0:29:54,2:53:35,2:04:41,0:03:20,0:01:41,5:33:10,1794,10415,7481,200,101,19990,408,367,17,88,84,5,321,300,16,408,367,17,Finisher,2467
Lucas,Bessegato,Lucas Bessegato,154,M30-34,Male,,,Brazil,BR,0:35:03,2:50:44,2:02:26,0:03:37,0:01:22,5:33:12,2103,10244,7346,217,82,19992,409,368,59,373,339,50,358,336,50,409,368,59,Finisher,2165
Pablo ,Sansão ,Pablo Sansão,281,M35-39,Male,Curitiba,Paraná,Brazil,BR,0:40:04,2:49:54,1:54:10,0:06:09,0:03:02,5:33:19,2404,10194,6850,369,182,19999,410,369,85,749,649,137,481,442,99,410,369,85,Finisher,1843
Reina,Oliveira Tiago,Reina Oliveira Tiago,1188,M50-54,Male,,,Brazil,BR,0:39:27,2:34:32,2:12:47,0:04:34,0:02:11,5:33:30,2367,9272,7967,274,131,20010,411,370,18,700,609,34,192,181,6,411,370,18,Finisher,2461
LEONARDO,MARTINS TOKARSKI,LEONARDO MARTINS TOKARSKI,1359,M30-34,Male,CURITIBA,PR,Brazil,BR,0:35:32,3:05:15,1:44:10,0:05:35,0:03:09,5:33:41,2132,11115,6250,335,189,20021,412,371,60,411,369,55,646,578,86,412,371,60,Finisher,2156
Juliano,Martins De Lima,Juliano Martins De Lima,773,M40-44,Male,Louveira,São Paulo,Brazil,BR,0:40:25,2:55:54,1:47:36,0:06:36,0:03:15,5:33:46,2425,10554,6456,396,195,20026,413,372,79,774,671,136,584,530,116,413,372,79,Finisher,2129
Daniel,Rivabem,Daniel Rivabem,1204,M50-54,Male,Curitiba,Paraná,Brazil,BR,0:32:06,2:49:23,2:05:41,0:04:02,0:02:34,5:33:46,1926,10163,7541,242,154,20026,414,373,19,216,201,12,306,287,13,414,373,19,Finisher,2456
Rodrigo,Almeida,Rodrigo Almeida,1339,M30-34,Male,Curitiba,PARANA,Brazil,BR,0:37:43,2:47:11,1:57:04,0:06:57,0:04:51,5:33:46,2263,10031,7024,417,291,20026,415,374,61,566,494,72,402,372,57,415,374,61,Finisher,2154
Jonnathan,Diego Gomes Goncalves,Jonnathan Diego Gomes Goncalves,245,M35-39,Male,Arapoti,PR,Brazil,BR,0:38:00,2:48:02,2:02:45,0:03:51,0:01:20,5:33:57,2280,10082,7365,231,80,20037,416,375,86,592,513,106,367,343,70,416,375,86,Finisher,1831
Natan,Rabelo,Natan Rabelo,1034,M18-24,Male,Lagoa Da Prata,MG,Brazil,BR,0:32:16,2:43:07,2:12:21,0:03:34,0:02:58,5:34:16,1936,9787,7941,214,178,20056,417,376,11,220,205,7,202,191,8,417,376,11,Finisher,2575
DIEGO,MITOMU FUJIWARA,DIEGO MITOMU FUJIWARA,379,M35-39,Male,SAO PAULO,SP,Brazil,BR,0:34:53,2:56:18,1:57:25,0:03:46,0:01:57,5:34:19,2093,10578,7045,226,117,20059,418,377,87,358,326,72,464,427,92,418,377,87,Finisher,1825
Marcos ,Goncalves ,Marcos Goncalves,757,M40-44,Male,Curitiba,PARANA,Brazil,BR,0:34:57,3:06:24,1:44:30,0:06:05,0:02:29,5:34:24,2097,11184,6270,365,149,20064,419,378,80,364,331,67,662,593,129,419,378,80,Finisher,2118
Fernando,Souza Marquetti,Fernando Souza Marquetti,923,M45-49,Male,Curitiba,PR,Brazil,BR,0:37:20,2:53:54,1:56:05,0:04:41,0:02:33,5:34:33,2240,10434,6965,281,153,20073,420,379,57,542,475,74,480,441,69,420,379,57,Finisher,1928
Elisney,Robert Camara Santos,Elisney Robert Camara Santos,393,M35-39,Male,Sao Paulo,SP,Brazil,BR,0:44:11,2:52:49,1:50:49,0:05:03,0:01:46,5:34:38,2651,10369,6649,303,106,20078,421,380,88,999,856,181,569,516,115,421,380,88,Finisher,1819
Carlos,Eduardo Kitamura,Carlos Eduardo Kitamura,678,M40-44,Male,,,Brazil,BR,0:41:30,2:46:50,1:59:16,0:04:42,0:02:22,5:34:40,2490,10010,7156,282,142,20080,422,381,81,859,739,154,429,396,95,422,381,81,Finisher,2113
Luis,Goulart,Luis Goulart,1176,M50-54,Male,Curitiba,PR,Brazil,BR,0:34:30,2:45:53,2:07:10,0:04:32,0:02:38,5:34:42,2070,9953,7630,272,158,20082,423,382,20,328,300,14,296,279,11,423,382,20,Finisher,2439
Carlos,Coelho,Carlos Coelho,897,M45-49,Male,Sao Jose Dos Pinhais,PR,Brazil,BR,0:37:48,2:52:35,1:55:41,0:04:52,0:03:47,5:34:43,2268,10355,6941,292,227,20083,424,383,58,576,503,81,468,431,67,424,383,58,Finisher,1925
Thiago,Magaldi,Thiago Magaldi,898,M45-49,Male,Curitiba,PR,Brazil,BR,0:38:59,2:48:16,2:00:19,0:04:17,0:02:56,5:34:46,2339,10096,7219,257,176,20086,425,384,59,676,589,98,395,365,56,425,384,59,Finisher,1924
Henrique,De Rocco Echeverria,Henrique De Rocco Echeverria,1091,M25-29,Male,Balneario Camboriu,SC,Brazil,BR,0:34:00,3:01:16,1:51:13,0:04:27,0:03:55,5:34:51,2040,10876,6673,267,235,20091,426,385,38,304,277,34,542,492,48,426,385,38,Finisher,2074
Alexis,Iverson Martins,Alexis Iverson Martins,419,M35-39,Male,CURITIBA,Paraná,Brazil,BR,0:34:10,2:55:05,1:59:18,0:03:29,0:02:49,5:34:51,2050,10505,7158,209,169,20091,427,386,89,317,290,59,424,391,85,427,386,89,Finisher,1815
Bruno,Oliveira,Bruno Oliveira,730,M40-44,Male,Curitiba,PR,Brazil,BR,0:35:39,2:52:03,2:00:44,0:04:14,0:02:14,5:34:54,2139,10323,7244,254,134,20094,428,387,82,420,376,77,405,374,87,428,387,82,Finisher,2109
Adriano,Goncalves E Silva,Adriano Goncalves E Silva,947,M45-49,Male,Curiitba,PR,Brazil,BR,0:32:57,2:55:40,1:58:57,0:04:47,0:02:33,5:34:55,1977,10540,7137,287,153,20095,429,388,60,245,225,29,434,401,59,429,388,60,Finisher,1921
VINICIUS,SARAIVA FIGUEIRA,VINICIUS SARAIVA FIGUEIRA,1116,M25-29,Male,SAO PAULO,SP,Brazil,BR,0:37:03,2:47:17,2:04:32,0:02:47,0:03:19,5:34:59,2223,10037,7472,167,199,20099,430,389,39,524,461,52,326,304,33,430,389,39,Finisher,2071
Luis,Henrique Consoline Junior,Luis Henrique Consoline Junior,406,M35-39,Male,Valinhos,SP,Brazil,BR,0:38:52,2:49:15,2:02:20,0:03:10,0:01:25,5:35:02,2332,10155,7340,190,85,20102,431,390,90,661,576,125,391,361,76,431,390,90,Finisher,1812
Paulo,Franciscon,Paulo Franciscon,1228,M50-54,Male,Apucarana,BR-PR,Brazil,BR,0:31:06,2:49:11,2:08:28,0:03:45,0:02:34,5:35:06,1866,10151,7708,225,154,20106,432,391,21,147,137,9,281,264,10,432,391,21,Finisher,2432
Douglas,Bencini Andrighetti,Douglas Bencini Andrighetti,709,M40-44,Male,São Paulo,São Paulo,Brazil,BR,0:31:30,2:51:36,2:05:26,0:03:36,0:03:01,5:35:09,1890,10296,7526,216,181,20109,433,392,83,174,162,32,320,299,68,433,392,83,Finisher,2105
Rodrigo,Philipe Aiello De Moraes,Rodrigo Philipe Aiello De Moraes,449,M35-39,Male,Sao Paulo,SP,Brazil,BR,0:33:49,2:52:06,2:02:52,0:04:36,0:01:46,5:35:09,2029,10326,7372,276,106,20109,434,393,91,292,268,57,377,349,72,434,393,91,Finisher,1810
Tiago,Felipe Andrade,Tiago Felipe Andrade,747,M40-44,Male,Rio de Janeiro,Rio de Janeiro,Brazil,BR,0:44:04,2:45:15,2:00:00,0:03:34,0:02:28,5:35:21,2644,9915,7200,214,148,20121,435,394,84,996,853,179,427,394,94,435,394,84,Finisher,2101
andrios,cavichiollo,andrios cavichiollo,174,M30-34,,araucaria,parana,Brazil,BR,0:38:05,2:51:58,2:00:43,0:03:12,0:01:23,5:35:21,2285,10318,7243,192,83,20121,436,395,62,602,520,78,432,399,60,436,395,62,Finisher,2126
Felippe ,Silva,Felippe Silva,740,M40-44,Male,Curitiba,PARANA,Brazil,BR,0:44:13,2:52:01,1:53:52,0:04:01,0:01:35,5:35:42,2653,10321,6832,241,95,20142,437,396,85,1000,857,180,546,496,111,437,396,85,Finisher,2095
Leticia,Heiler,Leticia Heiler,1396,F30-34,Female,Penha,SC,Brazil,BR,0:40:09,2:46:38,2:03:03,0:03:27,0:02:25,5:35:42,2409,9998,7383,207,145,20142,438,42,6,755,101,16,375,28,4,438,42,6,Finisher,2809
Rafael,De Souza Oliveira E Silva,Rafael De Souza Oliveira E Silva,124,M30-34,Male,Belo Horizonte,MG,Brazil,BR,0:35:00,3:10:53,1:43:31,0:04:41,0:01:39,5:35:44,2100,11453,6211,281,99,20144,439,397,63,370,336,49,700,620,89,439,397,63,Finisher,2119
Robert,Rezende De Castro,Robert Rezende De Castro,728,M40-44,Male,,,Brazil,BR,0:36:07,2:41:55,2:10:51,0:04:35,0:02:23,5:35:51,2167,9715,7851,275,143,20151,440,398,86,457,406,85,257,242,53,440,398,86,Finisher,2092
LETICIA,CAROLINE DE OLIVEIRA,LETICIA CAROLINE DE OLIVEIRA,474,F30-34,Female,,PR,Brazil,BR,0:43:38,3:01:43,1:43:28,0:03:53,0:03:09,5:35:51,2618,10903,6208,233,189,20151,441,43,7,977,141,27,680,75,14,441,43,7,Finisher,2806
Rogerio,Sales Dos Santos,Rogerio Sales Dos Santos,617,M40-44,Male,Indaiatuba,SP,Brazil,BR,0:43:41,2:45:38,2:00:06,0:04:23,0:02:03,5:35:52,2621,9938,7206,263,123,20152,442,399,87,981,840,174,442,407,99,442,399,87,Finisher,2092
Ivan,Cabral Contiero,Ivan Cabral Contiero,295,M35-39,Male,Curitiba,Paraná,Brazil,BR,0:40:45,2:53:43,1:53:59,0:04:55,0:02:34,5:35:55,2445,10423,6839,295,154,20155,443,400,92,794,687,144,538,488,108,443,400,92,Finisher,1796
Hans Wagner,Gluck,Hans Wagner Gluck,117,M30-34,Male,Porto Alegre,NJ,Brazil,BR,0:31:28,2:52:13,2:07:33,0:03:12,0:01:35,5:36:01,1888,10333,7653,192,95,20161,444,401,64,171,160,30,322,301,44,444,401,64,Finisher,2114
DIEGO,GARCIA LEITE,DIEGO GARCIA LEITE,423,M35-39,Male,SALVADOR,BA,Brazil,BR,0:33:20,2:56:44,1:58:15,0:05:21,0:02:25,5:36:04,2000,10604,7095,321,145,20164,445,402,93,267,246,49,472,435,96,445,402,93,Finisher,1793
Bruno,Lins,Bruno Lins,707,M40-44,Male,Sao Paulo,BR-SP,Brazil,BR,0:36:42,3:01:39,1:51:17,0:04:18,0:02:17,5:36:13,2202,10899,6677,258,137,20173,446,403,88,492,436,93,580,526,115,446,403,88,Finisher,2085
URIEL,COLOMBO DA SILVEIRA,URIEL COLOMBO DA SILVEIRA,812,M40-44,Male,PORTO ALEGRE,RS,Brazil,BR,0:36:15,2:50:13,2:00:25,0:06:43,0:02:39,5:36:15,2175,10213,7225,403,159,20175,447,404,89,466,414,88,431,398,96,447,404,89,Finisher,2085
Vinicius,Preto,Vinicius Preto,765,M40-44,Male,curitiba,,Brazil,BR,0:38:19,2:49:24,2:02:34,0:03:43,0:02:16,5:36:16,2299,10164,7354,223,136,20176,448,405,90,620,538,109,394,364,84,448,405,90,Finisher,2084
Bruno,Ribas,Bruno Ribas,1121,M25-29,Male,Curitiba,PR,Brazil,BR,0:33:53,2:54:55,2:00:12,0:05:20,0:02:04,5:36:23,2033,10495,7212,320,124,20183,449,406,40,296,272,33,448,412,41,449,406,40,Finisher,2046
Raimundo,Cavalcanti Terceiro,Raimundo Cavalcanti Terceiro,1261,M55-59,Male,NATAL,RN,Brazil,BR,0:34:22,2:58:46,1:57:24,0:04:00,0:01:52,5:36:24,2062,10726,7044,240,112,20184,450,407,10,326,298,9,496,453,15,450,407,10,Finisher,2710
Fernando,Piragine,Fernando Piragine,931,M45-49,Male,Curitiba,BR-PR,Brazil,BR,0:35:24,2:56:31,1:58:41,0:03:51,0:01:57,5:36:25,2124,10591,7121,231,117,20185,451,408,61,401,361,55,478,440,68,451,408,61,Finisher,1894
Marcela,Accorsi De Albuquerque,Marcela Accorsi De Albuquerque,490,F30-34,Female,Londrina,Paraná,Brazil,BR,0:35:38,3:06:46,1:48:18,0:04:04,0:01:41,5:36:27,2138,11206,6498,244,101,20187,452,44,8,417,43,4,648,69,13,452,44,8,Finisher,2795
Domingos,Alcalde Neto,Domingos Alcalde Neto,148,M30-34,Male,Marilia,SP,Brazil,BR,0:44:42,2:54:36,1:49:31,0:04:48,0:02:53,5:36:30,2682,10476,6571,288,173,20190,453,409,65,1024,877,118,604,545,79,453,409,65,Finisher,2105
FERNANDO,TOBIAS NECHAR,FERNANDO TOBIAS NECHAR,776,M40-44,Male,LINS,SP,Brazil,BR,0:31:31,2:51:50,2:07:56,0:03:41,0:01:38,5:36:35,1891,10310,7676,221,98,20195,454,410,91,175,163,33,325,303,69,454,410,91,Finisher,2079
Thaina,Michaela Renosto Veiga,Thaina Michaela Renosto Veiga,1378,F30-34,Female,Chapeco,SANTA CATARINA,Brazil,BR,0:40:24,2:58:37,1:51:59,0:03:31,0:02:04,5:36:36,2424,10717,6719,211,124,20196,455,45,9,771,103,17,577,54,9,455,45,9,Finisher,2792
Gabriel,Requiao Tacla,Gabriel Requiao Tacla,260,M35-39,Male,Curitiba,PR,Brazil,BR,0:41:22,2:49:01,1:59:28,0:04:17,0:02:32,5:36:41,2482,10141,7168,257,152,20201,456,411,94,850,731,158,459,422,91,456,411,94,Finisher,1782
Larissa,Luchtenberg Goncalves Ferreira,Larissa Luchtenberg Goncalves Ferreira,1020,F25-29,Female,Curitiba,Paraná,Brazil,BR,0:41:13,3:04:05,1:45:36,0:04:03,0:01:50,5:36:47,2473,11045,6336,243,110,20207,457,46,9,837,117,12,683,77,10,457,46,9,Finisher,2689
Felipe,Crestani,Felipe Crestani,920,M45-49,Male,Curitiba,Parana,Brazil,BR,0:40:05,2:47:02,2:02:37,0:04:53,0:02:19,5:36:56,2405,10022,7357,293,139,20216,458,412,62,750,650,111,406,375,57,458,412,62,Finisher,1885
Gabriela,Veiga,Gabriela Veiga,552,F40-44,Female,Curitiba,PR,Brazil,BR,0:35:15,2:54:07,2:00:51,0:04:15,0:02:33,5:37:01,2115,10447,7251,255,153,20221,459,47,8,386,36,7,439,35,6,459,47,8,Finisher,2837
Caio,Solheid Meister,Caio Solheid Meister,659,M40-44,Male,curitiba,Paraná,Brazil,BR,0:29:49,3:10:06,1:50:36,0:03:58,0:02:40,5:37:09,1789,11406,6636,238,160,20229,460,413,92,84,80,16,600,543,120,460,413,92,Finisher,2069
Pedro,Emanuel Bisoni Hundzinski,Pedro Emanuel Bisoni Hundzinski,1042,M18-24,Male,,,Brazil,BR,0:39:52,2:58:42,1:53:01,0:04:01,0:01:34,5:37:10,2392,10722,6781,241,94,20230,461,414,12,731,634,23,578,524,15,461,414,12,Finisher,2523
Lia Yumi,Omori Nishikawa,Lia Yumi Omori Nishikawa,486,F30-34,Female,São Paulo,São Paulo,Brazil,BR,0:37:31,3:02:13,1:52:13,0:03:26,0:01:49,5:37:11,2251,10933,6733,206,109,20231,462,48,10,557,70,9,589,56,10,462,48,10,Finisher,2782
Moisés,Santos Boais,Moisés Santos Boais,429,M35-39,Male,São Luís,MA,Brazil,BR,0:36:03,3:00:08,1:53:53,0:04:03,0:03:09,5:37:16,2163,10808,6833,243,189,20236,463,415,95,447,399,84,545,495,109,463,415,95,Finisher,1772
Renan,Leite Ferreira,Renan Leite Ferreira,467,M35-39,Male,,,Brazil,BR,0:37:20,3:05:22,1:47:46,0:04:31,0:02:21,5:37:19,2240,11122,6466,271,141,20239,464,416,96,543,476,95,659,590,130,464,416,96,Finisher,1771
Eziquiel,Vieira Lima,Eziquiel Vieira Lima,975,M45-49,Male,Curitiba,PR,Brazil,BR,0:30:25,3:00:24,2:01:12,0:04:02,0:01:27,5:37:29,1825,10824,7272,242,87,20249,465,417,63,110,106,9,461,424,65,465,417,63,Finisher,1875
Otavio,Scuccuglia,Otavio Scuccuglia,907,M45-49,Male,São paulo,,Brazil,BR,0:41:52,2:59:50,1:48:15,0:04:41,0:02:54,5:37:33,2512,10790,6495,281,174,20253,466,418,64,880,757,128,647,579,98,466,418,64,Finisher,1874
Juliano,Dal Molin Pissutti,Juliano Dal Molin Pissutti,939,M45-49,Male,Florianópolis,SANTA CATARINA,Brazil,BR,0:34:41,2:44:22,2:09:38,0:04:13,0:04:44,5:37:39,2081,9862,7778,253,284,20259,467,419,65,345,315,48,268,253,38,467,419,65,Finisher,1872
Diana,Stivelberg,Diana Stivelberg,1331,F30-34,Female,Curitiba,PR,Brazil,BR,0:31:01,3:03:46,1:57:22,0:03:54,0:01:41,5:37:44,1861,11026,7042,234,101,20264,468,49,11,140,9,1,525,48,8,468,49,11,Finisher,2772
Simone,Schaefer Liotto,Simone Schaefer Liotto,540,F35-39,Female,,,Brazil,BR,0:51:20,2:47:23,1:53:29,0:04:14,0:01:21,5:37:47,3080,10043,6809,254,81,20267,469,50,8,1194,189,37,585,55,9,469,50,8,Finisher,2801
Guilherme,Belanga,Guilherme Belanga,1427,M30-34,Male,Jundiaí,BR-SP,Brazil,BR,0:33:51,2:51:00,2:05:49,0:04:30,0:02:38,5:37:47,2031,10260,7549,270,158,20267,470,420,66,294,270,41,356,334,49,470,420,66,Finisher,2082
Eduardo,Yugo Yamashita,Eduardo Yugo Yamashita,842,M45-49,Male,Barueri,SP,Brazil,BR,0:38:04,3:07:49,1:46:30,0:03:55,0:01:30,5:37:48,2284,11269,6390,235,90,20268,471,421,66,600,518,84,691,613,105,471,421,66,Finisher,1869
Juliano,Precoma Moreira,Juliano Precoma Moreira,766,M40-44,Male,Sao Mateus Do Sul,PR,Brazil,BR,0:42:04,2:52:25,1:55:45,0:04:45,0:02:50,5:37:49,2524,10345,6945,285,170,20269,472,422,93,892,768,158,534,484,108,472,422,93,Finisher,2057
RAFAEL ,OBRZUT,RAFAEL OBRZUT,1369,M40-44,Male,Irati,Parana,Brazil,BR,0:30:32,2:55:30,2:05:20,0:04:37,0:02:02,5:38:01,1832,10530,7520,277,122,20281,473,423,94,113,109,21,382,353,81,473,423,94,Finisher,2053
Paulo,Henrique Paro Camargo,Paulo Henrique Paro Camargo,443,M35-39,Male,,,Brazil,BR,0:34:44,2:52:14,2:04:08,0:04:42,0:02:27,5:38:15,2084,10334,7448,282,147,20295,474,424,97,347,317,67,396,366,78,474,424,97,Finisher,1754
Thiago,Lobato,Thiago Lobato,738,M40-44,Male,São Paulo,SP,Brazil,BR,0:39:46,2:54:06,1:55:47,0:05:31,0:03:15,5:38:26,2386,10446,6947,331,195,20306,475,425,95,719,623,124,539,489,109,475,425,95,Finisher,2045
Andrea,Giglio Chociay,Andrea Giglio Chociay,550,F40-44,Female,Maringa,PR,Brazil,BR,0:39:40,3:01:25,1:51:22,0:03:26,0:02:33,5:38:26,2380,10885,6682,206,153,20306,476,51,9,714,95,17,611,60,10,476,51,9,Finisher,2811
Rafael,Henrique Gehrke,Rafael Henrique Gehrke,658,M40-44,Male,João Pessoa,Paraiba,Brazil,BR,0:47:48,2:51:56,1:53:47,0:03:14,0:01:41,5:38:26,2868,10316,6827,194,101,20306,477,426,96,1126,948,198,586,531,117,477,426,96,Finisher,2045
Vinicius,Jose Cequinel,Vinicius Jose Cequinel,201,M30-34,Male,,,Brazil,BR,0:41:50,2:55:49,1:53:26,0:05:00,0:02:22,5:38:28,2510,10549,6806,300,142,20308,478,427,67,876,754,104,581,527,77,478,427,67,Finisher,2070
Fernando,Meyer,Fernando Meyer,1297,M55-59,Male,Curitiba,BR-PR,Brazil,BR,0:36:51,2:54:52,1:59:36,0:05:06,0:02:05,5:38:29,2211,10492,7176,306,125,20309,479,428,11,506,448,18,494,451,14,479,428,11,Finisher,2672
DOUGLAS,NEUMAR MENON,DOUGLAS NEUMAR MENON,833,M45-49,Male,DOURADOS,MS,Brazil,BR,0:38:49,2:56:55,1:57:19,0:03:45,0:01:45,5:38:34,2329,10615,7039,225,105,20314,480,429,67,659,574,94,540,490,80,480,429,67,Finisher,1855
Gustavo,Joao Sebba,Gustavo Joao Sebba,901,M45-49,Male,Brasilia,DF,Brazil,BR,0:36:31,3:03:23,1:48:36,0:06:02,0:04:04,5:38:35,2191,11003,6516,362,244,20315,481,430,68,484,430,68,636,570,94,481,430,68,Finisher,1855
Fernando,Nassif,Fernando Nassif,664,M40-44,Male,Curitiba,PR,Brazil,BR,0:36:29,2:51:21,2:03:44,0:03:57,0:03:07,5:38:38,2189,10281,7424,237,187,20318,482,431,97,482,428,91,400,370,85,482,431,97,Finisher,2042
Mauricio,Hidalgo,Mauricio Hidalgo,1311,M60-64,Male,São Paulo,SP,Brazil,BR,0:34:06,3:06:30,1:50:26,0:05:03,0:02:44,5:38:49,2046,11190,6626,303,164,20329,483,432,3,311,284,4,631,566,3,483,432,3,Finisher,3169
Pedro,Gardengue,Pedro Gardengue,1064,M25-29,Male,,,Brazil,BR,0:38:18,3:00:21,1:52:41,0:04:26,0:03:04,5:38:50,2298,10821,6761,266,184,20330,484,433,41,615,533,57,588,533,51,484,433,41,Finisher,2002
Anderson,Rodrigues Gellert,Anderson Rodrigues Gellert,1202,M50-54,Male,Blumenau,Santa Catarina,Brazil,BR,0:38:55,2:58:36,1:53:48,0:03:49,0:03:44,5:38:51,2335,10716,6828,229,224,20331,485,434,22,665,580,31,556,505,27,485,434,22,Finisher,2364
Leonardo,Porto Valio,Leonardo Porto Valio,1117,M25-29,Male,Rio De Janeiro,RJ,Brazil,BR,0:31:40,2:56:22,2:04:27,0:04:01,0:02:28,5:38:59,1900,10582,7467,241,148,20339,486,435,42,189,176,21,408,377,38,486,435,42,Finisher,1999
Adil,Vitorio,Adil Vitorio,694,M40-44,Male,,,Brazil,BR,0:37:10,2:45:26,2:10:26,0:03:25,0:02:36,5:39:03,2230,9926,7826,205,156,20343,487,436,98,528,465,99,312,291,64,487,436,98,Finisher,2034
Vitor,Alfano,Vitor Alfano,1135,M25-29,Male,São Paulo,SAO PAULO,Brazil,BR,0:36:35,3:14:12,1:40:54,0:03:49,0:03:37,5:39:07,2195,11652,6054,229,217,20347,488,437,43,487,432,48,754,661,66,488,437,43,Finisher,1997
Matheus,Henrique Nassimbem,Matheus Henrique Nassimbem,1102,M25-29,Male,Monte Alto,SP,Brazil,BR,0:47:46,2:46:08,1:58:38,0:03:38,0:03:04,5:39:15,2866,9968,7118,218,184,20355,489,438,44,1123,945,87,502,458,45,489,438,44,Finisher,1994
Johnny,Ferreira dos Santos,Johnny Ferreira dos Santos,371,M35-39,Male,São José dos Pinhais,Paraná,Brazil,BR,0:41:38,2:58:33,1:51:56,0:04:27,0:02:45,5:39:20,2498,10713,6716,267,165,20360,490,439,98,863,742,161,613,553,121,490,439,98,Finisher,1734
Loes,Meinema,Loes Meinema,545,F40-44,Female,Enschede,,Brazil,BR,0:36:06,2:57:23,2:00:38,0:03:07,0:02:08,5:39:22,2166,10643,7238,187,128,20362,491,52,10,454,51,9,490,43,8,491,52,10,Finisher,2794
Marcos Cesar,Queiroz,Marcos Cesar Queiroz,1293,M55-59,Male,São Paulo,Solteiro(a),Brazil,BR,0:37:28,2:50:56,2:03:35,0:04:56,0:02:33,5:39:29,2248,10256,7415,296,153,20369,492,440,12,553,485,21,433,400,10,492,440,12,Finisher,2654
DANILO,ZANINI,DANILO ZANINI,290,M35-39,Male,São Paulo,SAO PAULO,Brazil,BR,0:43:28,3:03:22,1:43:58,0:06:10,0:02:33,5:39:31,2608,11002,6238,370,153,20371,493,441,99,972,833,177,735,649,145,493,441,99,Finisher,1731
Manoel,Abreu,Manoel Abreu,1391,M40-44,Male,Maceio,AL,Brazil,BR,,2:47:22,2:05:33,0:00:00,0:03:11,5:39:42,0,10042,7533,0,191,20382,494,442,99,99999,99999,99999,386,357,82,494,442,99,Finisher,2023
Leonardo,Dambiscki,Leonardo Dambiscki,666,M40-44,Male,Curitiba,Paraná,Brazil,BR,0:38:24,2:54:25,1:57:50,0:05:35,0:03:34,5:39:48,2304,10465,7070,335,214,20388,495,443,100,629,547,111,517,472,105,495,443,100,Finisher,2021
LILLIAN,KELLEN SPELTZ,LILLIAN KELLEN SPELTZ,588,F45-49,Female,CURITIBA,PR,Brazil,BR,0:40:35,2:57:44,1:56:36,0:03:02,0:01:52,5:39:48,2435,10664,6996,182,112,20388,496,53,6,783,107,15,557,52,6,496,53,6,Finisher,2701
Luiz Carlos,Schumaker Filho,Luiz Carlos Schumaker Filho,435,M35-39,Male,ROUEN,,Brazil,BR,0:41:10,2:44:10,2:09:24,0:03:39,0:01:31,5:39:54,2470,9850,7764,219,91,20394,497,444,100,830,715,150,352,330,68,497,444,100,Finisher,1724
Douglas,William Ferreira Esteves,Douglas William Ferreira Esteves,622,M40-44,Male,Campinas,São Paulo,Brazil,BR,0:35:46,2:58:42,1:59:01,0:04:37,0:01:54,5:40:01,2146,10722,7141,277,114,20401,498,445,101,428,383,80,528,480,107,498,445,101,Finisher,2017
Paola,Rebelatto Alcântara ,Paola Rebelatto Alcântara,1141,F50-54,Female,Curitiba,,Brazil,BR,0:40:22,2:54:21,1:58:16,0:04:28,0:02:42,5:40:09,2422,10461,7096,268,162,20409,499,54,2,769,102,8,531,49,4,499,54,2,Finisher,3219
Caique,Santana,Caique Santana,1093,M25-29,Male,Vitoria Da Conquista,BA,Brazil,BR,0:35:30,3:03:43,1:52:13,0:04:59,0:03:46,5:40:12,2130,11023,6733,299,226,20412,500,446,45,407,365,41,607,548,52,500,446,45,Finisher,1977
Rafael,Martiniano De Miranda Moura,Rafael Martiniano De Miranda Moura,1399,M40-44,Male,Belo Horizonte,MG,Brazil,BR,0:40:16,2:44:46,2:09:01,0:03:59,0:02:11,5:40:13,2416,9886,7741,239,131,20413,501,447,102,764,663,133,353,331,77,501,447,102,Finisher,2013
Marcelo,Stival,Marcelo Stival,943,M45-49,Male,Curitiba,PARANÁ,Brazil,BR,0:32:45,3:00:22,2:01:01,0:03:24,0:02:58,5:40:30,1965,10822,7261,204,178,20430,502,448,69,233,215,27,487,445,70,502,448,69,Finisher,1820
Alex,Prudencio De Oliveira,Alex Prudencio De Oliveira,111,M30-34,Male,Brasilia,DF,Brazil,BR,0:36:54,2:55:17,2:02:52,0:04:00,0:01:42,5:40:45,2214,10517,7372,240,102,20445,503,449,68,511,452,67,482,443,65,503,449,68,Finisher,2029
Günter,Gehrke,Günter Gehrke,1266,M55-59,Male,Curitiba,Paraná,Brazil,BR,0:41:55,2:52:17,1:58:51,0:05:25,0:02:19,5:40:46,2515,10337,7131,325,139,20446,504,450,13,883,759,27,541,491,17,504,450,13,Finisher,2631
Daniel,Becker,Daniel Becker,816,M40-44,Male,Sao Paulo,SP,Brazil,BR,0:38:07,2:49:56,2:06:04,0:03:58,0:02:48,5:40:51,2287,10196,7564,238,168,20451,505,451,103,604,522,106,407,376,88,505,451,103,Finisher,2002
Luiz,Guilherme Santini,Luiz Guilherme Santini,272,M35-39,Male,Curitiba,PR,Brazil,BR,0:32:51,2:55:11,2:06:11,0:04:07,0:02:46,5:41:05,1971,10511,7571,247,166,20465,506,452,101,238,220,42,410,379,82,506,452,101,Finisher,1703
Guilherme,Timoteo Kono,Guilherme Timoteo Kono,830,M45-49,Male,Sao Paulo,SP,Brazil,BR,0:40:22,2:58:59,1:54:41,0:04:22,0:02:43,5:41:07,2422,10739,6881,262,163,20467,507,453,70,767,666,113,597,540,91,507,453,70,Finisher,1809
Danilo,Jose Loureiro Neto,Danilo Jose Loureiro Neto,238,M35-39,Male,Curitiba,PR,Brazil,BR,0:29:50,2:59:09,2:04:25,0:04:39,0:03:07,5:41:10,1790,10749,7465,279,187,20470,508,454,102,85,81,10,441,406,87,508,454,102,Finisher,1701
Mario Sergio,Petraski,Mario Sergio Petraski,902,M45-49,Male,São José dos Pinhais,Paraná,Brazil,BR,0:39:23,2:57:30,1:59:08,0:03:56,0:01:31,5:41:29,2363,10650,7148,236,91,20489,509,455,71,697,607,102,551,501,83,509,455,71,Finisher,1803
Joni,Quirino,Joni Quirino,1197,M50-54,Male,Curitiba,Paraná,Brazil,BR,0:40:30,2:59:11,1:53:57,0:04:39,0:03:17,5:41:34,2430,10751,6837,279,197,20494,510,456,23,779,674,47,609,550,30,510,456,23,Finisher,2315
RAFAEL,LEMOS DA SILVEIRA,RAFAEL LEMOS DA SILVEIRA,612,M40-44,Male,CURITIBA,PR,Brazil,BR,0:32:46,2:42:57,2:20:36,0:03:39,0:01:45,5:41:43,1966,9777,8436,219,105,20503,511,457,104,234,216,44,206,195,41,511,457,104,Finisher,1986
JULIA,ENGEL,JULIA ENGEL,496,F30-34,Female,SALVADOR,BA,Brazil,BR,0:42:22,2:58:19,1:55:51,0:04:05,0:01:10,5:41:48,2542,10699,6951,245,70,20508,512,55,12,915,130,25,614,61,11,512,55,12,Finisher,2699
Thelma,Damelio,Thelma Damelio,603,F45-49,Female,São Caetano do Sul,SP,Brazil,BR,0:38:56,3:06:33,1:48:47,0:04:36,0:03:09,5:42:01,2336,11193,6527,276,189,20521,513,56,7,670,86,11,696,79,9,513,56,7,Finisher,2661
Matheus,Cotovicz Krauze,Matheus Cotovicz Krauze,1134,M25-29,Male,,,Brazil,BR,0:46:18,2:48:19,1:58:43,0:06:23,0:02:21,5:42:03,2778,10099,7123,383,141,20523,514,458,46,1070,907,83,553,502,49,514,458,46,Finisher,1944
Giovanni,Geraldo Gil Copetti,Giovanni Geraldo Gil Copetti,831,M45-49,Male,Curitiba,PR,Brazil,BR,0:38:47,2:54:08,2:03:01,0:04:08,0:02:00,5:42:04,2327,10448,7381,248,120,20524,515,459,72,656,572,92,495,452,73,515,459,72,Finisher,1792
TIAGO,RIBEIRO DE CASTRO,TIAGO RIBEIRO DE CASTRO,708,M40-44,Male,RIO DE JANEIRO,RJ,Brazil,BR,0:51:36,2:59:04,1:44:37,0:04:04,0:02:48,5:42:09,3096,10744,6277,244,168,20529,516,460,105,1195,1006,209,758,665,142,516,460,105,Finisher,1979
Vanuza ,Regina Maciel,Vanuza Regina Maciel,1159,F55-59,Female,Curitiba,PR,Brazil,BR,0:34:49,2:51:35,2:08:51,0:03:39,0:03:22,5:42:15,2089,10295,7731,219,202,20535,517,57,1,353,32,1,371,26,1,517,57,1,Finisher,3500
Marcelo,Rente,Marcelo Rente,963,M45-49,Male,,,Brazil,BR,0:47:48,2:57:45,1:49:32,0:05:28,0:01:44,5:42:17,2868,10665,6572,328,104,20537,518,461,73,1125,947,161,707,626,106,518,461,73,Finisher,1788
Fabio,Castro,Fabio Castro,944,M45-49,Male,Ponta Grossa,PR,Brazil,BR,0:42:22,2:55:21,1:56:53,0:04:43,0:03:02,5:42:20,2542,10521,7013,283,182,20540,519,462,74,914,785,132,572,519,85,519,462,74,Finisher,1787
Tales,Jahn,Tales Jahn,917,M45-49,Male,Foz do Iguaçu,PR,Brazil,BR,0:39:33,2:52:08,2:00:13,0:04:52,0:05:40,5:42:27,2373,10328,7213,292,340,20547,520,463,75,704,613,103,488,446,71,520,463,75,Finisher,1785
Wilson,de Oliveira Mohr,Wilson de Oliveira Mohr,1242,M50-54,Male,Curitiba,PR,Brazil,BR,0:37:02,2:50:25,2:07:31,0:05:37,0:01:57,5:42:31,2222,10225,7651,337,117,20551,521,464,24,520,457,24,430,397,21,521,464,24,Finisher,2298
Guilherme,Henrique Teotonio De Souza,Guilherme Henrique Teotonio De Souza,1415,M25-29,Male,Curitiba,PR,Brazil,BR,0:36:04,3:01:47,1:58:22,0:03:57,0:02:23,5:42:34,2164,10907,7102,237,143,20554,522,465,47,451,401,43,567,514,50,522,465,47,Finisher,1935
Kauan,Rodrigues De Oliveira,Kauan Rodrigues De Oliveira,1088,M25-29,Male,Santo Andre,SP,Brazil,BR,0:36:18,2:47:14,2:11:20,0:05:47,0:02:01,5:42:40,2178,10034,7880,347,121,20560,523,466,48,471,418,45,355,333,36,523,466,48,Finisher,1933
Ariel,Girardi,Ariel Girardi,698,M40-44,Male,Concórdia,SC,Brazil,BR,0:43:03,2:50:50,2:02:46,0:04:30,0:01:37,5:42:47,2583,10250,7366,270,97,20567,524,467,106,953,818,170,515,470,104,524,467,106,Finisher,1967
Lucas,Bond Schwartsburd,Lucas Bond Schwartsburd,794,M40-44,Male,Curitiba,PR,Brazil,BR,0:30:58,2:50:31,2:16:20,0:03:22,0:01:37,5:42:49,1858,10231,8180,202,97,20569,525,468,107,138,130,27,295,278,61,525,468,107,Finisher,1967
Maria,Paula,Maria Paula,1005,F18-24,Female,Chapeco,SC,Brazil,BR,0:39:47,2:53:43,2:03:29,0:03:44,0:02:22,5:43:05,2387,10423,7409,224,142,20585,526,58,4,722,97,6,497,44,5,526,58,4,Finisher,2731
Rafael,Ponte,Rafael Ponte,915,M45-49,Male,curitiba,BR-PR,Brazil,BR,0:35:47,2:49:41,2:08:43,0:05:22,0:03:38,5:43:11,2147,10181,7723,322,218,20591,527,469,76,429,384,59,384,355,55,527,469,76,Finisher,1772
Joao,Vitor Riekehr Liston,Joao Vitor Riekehr Liston,1030,M18-24,Male,,,Brazil,BR,0:33:06,2:51:56,2:10:23,0:04:24,0:03:27,5:43:15,1986,10316,7823,264,207,20595,528,470,13,252,232,8,359,337,11,528,470,13,Finisher,2413
Mylena,Maria Milchesky,Mylena Maria Milchesky,1008,F18-24,Female,,,Brazil,BR,0:42:19,3:09:17,1:45:38,0:03:55,0:02:08,5:43:17,2539,11357,6338,235,128,20597,529,59,5,910,128,9,768,96,8,529,59,5,Finisher,2727
Eduardo,Meister Metzger,Eduardo Meister Metzger,720,M40-44,Male,Curitiba,Paraná,Brazil,BR,0:29:10,2:53:57,2:12:16,0:05:21,0:02:37,5:43:20,1750,10437,7936,321,157,20600,530,471,108,62,58,11,346,324,75,530,471,108,Finisher,1957
Aristides,Hoefel,Aristides Hoefel,1417,M45-49,Male,Winter Garden,FL,Brazil,BR,0:31:08,3:14:26,1:50:31,0:03:51,0:03:26,5:43:21,1868,11666,6631,231,206,20601,531,472,77,151,141,15,685,608,104,531,472,77,Finisher,1769
JEFFERSON,TARNOWSKI,JEFFERSON TARNOWSKI,282,M35-39,Male,Curitiba,Paraná,Brazil,BR,0:38:51,2:58:09,1:56:51,0:05:02,0:04:37,5:43:30,2331,10689,7011,302,277,20610,532,473,103,660,575,124,568,515,114,532,473,103,Finisher,1659
Hugo,Smith Cepolla Ribas,Hugo Smith Cepolla Ribas,267,M35-39,Male,Porto Alegre,Rio Grande do Sul,Brazil,BR,0:37:11,3:04:32,1:53:05,0:05:52,0:03:02,5:43:43,2231,11072,6785,352,182,20623,533,474,104,531,466,92,663,594,132,533,474,104,Finisher,1655
Alisson,Julian Rhenns,Alisson Julian Rhenns,436,M35-39,Male,Sao Paulo,SP,Brazil,BR,0:38:16,3:06:44,1:53:35,0:03:28,0:01:43,5:43:47,2296,11204,6815,208,103,20627,534,475,105,612,530,110,675,602,133,534,475,105,Finisher,1654
Valmir,Moro Conque Filho,Valmir Moro Conque Filho,928,M45-49,Male,Curitiba,Paraná,Brazil,BR,0:39:52,2:53:17,2:02:26,0:04:52,0:03:24,5:43:50,2392,10397,7346,292,204,20630,535,476,78,732,635,108,509,465,76,535,476,78,Finisher,1760
KATHELLEN,SILVA DA COSTA,KATHELLEN SILVA DA COSTA,503,F35-39,Female,Curitiba,PARANA,Brazil,BR,0:37:29,3:09:40,1:51:16,0:03:39,0:01:51,5:43:56,2249,11380,6676,219,111,20636,536,60,9,554,69,12,702,81,14,536,60,9,Finisher,2690
Adriana,Dalla Nora,Adriana Dalla Nora,1160,F55-59,Female,CURITIBA,BR-PR,Brazil,BR,0:43:36,3:07:29,1:46:49,0:03:54,0:02:14,5:44:02,2616,11249,6409,234,134,20642,537,61,2,976,140,4,763,95,3,537,61,2,Finisher,3467
Andre ,Boeira,Andre Boeira,207,M30-34,Male,Curitiba,PARANA,Brazil,BR,0:43:10,2:59:16,1:56:34,0:03:04,0:02:01,5:44:06,2590,10756,6994,184,121,20646,538,477,69,960,824,114,627,562,82,538,477,69,Finisher,1968
Rafael,Tortola,Rafael Tortola,167,M30-34,Male,,,Brazil,BR,0:41:27,2:50:33,2:04:11,0:05:16,0:02:49,5:44:16,2487,10233,7451,316,169,20656,539,478,70,855,736,100,499,455,67,539,478,70,Finisher,1965
DANIELE,SLIVINSKI,DANIELE SLIVINSKI,607,F45-49,Female,Curitiba,,Brazil,BR,0:34:39,3:15:06,1:47:48,0:04:00,0:02:49,5:44:21,2079,11706,6468,240,169,20661,540,62,8,341,30,3,749,93,14,540,62,8,Finisher,2619
Paula,Roberta Aguiar Pastrez,Paula Roberta Aguiar Pastrez,504,F35-39,Female,Barretos,SP,Brazil,BR,0:42:28,3:06:00,1:50:04,0:03:45,0:02:15,5:44:33,2548,11160,6604,225,135,20673,541,63,10,920,131,25,722,85,16,541,63,10,Finisher,2679
Ana,Arteaga Vasquez,Ana Arteaga Vasquez,573,F40-44,Female,Indaiatuba,Cundinamarca,Colombia,CO,0:36:33,2:56:29,2:06:23,0:03:20,0:01:53,5:44:39,2193,10589,7583,200,113,20679,542,64,11,486,55,10,484,41,7,542,64,11,Finisher,2699
Paulo,Rogerio Pires Da Silva,Paulo Rogerio Pires Da Silva,1267,M55-59,Male,foz do iguaçu,BR-PR,Brazil,BR,0:41:50,2:49:34,2:06:32,0:03:41,0:03:02,5:44:40,2510,10174,7592,221,182,20680,543,479,14,875,753,26,466,429,11,543,479,14,Finisher,2561
Paulo,Martins,Paulo Martins,970,M45-49,Male,Curitiba,PARANA,Brazil,BR,0:44:39,2:45:52,2:08:18,0:04:21,0:01:45,5:44:53,2679,9952,7698,261,105,20693,544,480,79,1018,872,144,462,425,66,544,480,79,Finisher,1742
Leonardo,Oliveira,Leonardo Oliveira,236,M30-34,Male,Sao Gotardo,BR-MG,Brazil,BR,0:31:38,3:01:26,2:01:14,0:06:10,0:04:26,5:44:53,1898,10886,7274,370,266,20693,545,481,71,185,173,31,535,485,73,545,481,71,Finisher,1954
Wagner,Da Silva Machado,Wagner Da Silva Machado,977,M45-49,Male,Curitiba,brasil,Brazil,BR,0:47:32,2:52:06,1:59:59,0:03:07,0:02:11,5:44:55,2852,10326,7199,187,131,20695,546,482,80,1114,942,159,583,529,89,546,482,80,Finisher,1741
Michel,Barghouti,Michel Barghouti,1071,M25-29,Male,Joinville,Santa Catarina,Brazil,BR,0:37:54,3:03:52,1:53:27,0:05:58,0:03:46,5:44:57,2274,11032,6807,358,226,20697,547,483,49,582,508,55,664,595,56,547,483,49,Finisher,1892
Fernando,Franca,Fernando Franca,882,M45-49,Male,Curitiba,PR,Brazil,BR,0:47:10,3:02:18,1:48:36,0:04:13,0:02:46,5:45:02,2830,10938,6516,253,166,20702,548,484,81,1101,932,156,747,655,116,548,484,81,Finisher,1739
Bruna,Leria Rizzato,Bruna Leria Rizzato,479,F30-34,Female,,,Brazil,BR,0:36:35,2:55:40,2:06:09,0:04:06,0:02:39,5:45:09,2195,10540,7569,246,159,20709,549,65,13,489,56,6,483,40,7,549,65,13,Finisher,2639
Mariana,Figueiredo,Mariana Figueiredo,526,F35-39,Female,Nova Lima,MINAS GERAIS,Brazil,BR,0:37:57,3:08:23,1:52:58,0:04:05,0:01:54,5:45:17,2277,11303,6778,245,114,20717,550,66,11,585,77,16,698,80,13,550,66,11,Finisher,2666
Conrado,O Gaioso,Conrado O Gaioso,718,M40-44,Male,Florianópolis,SC,Brazil,BR,0:35:18,2:58:17,2:04:39,0:04:21,0:02:51,5:45:26,2118,10697,7479,261,171,20726,551,485,109,393,355,74,506,462,103,551,485,109,Finisher,1919
Daniel,Thome Schroder,Daniel Thome Schroder,983,M45-49,Male,Cascavel,PR,Brazil,BR,0:33:51,2:50:29,2:12:31,0:03:45,0:04:58,5:45:34,2031,10229,7951,225,298,20734,552,486,82,295,271,38,338,316,49,552,486,82,Finisher,1729
Fabio,Bronze Moreira,Fabio Bronze Moreira,620,M40-44,Male,Curitiba,PR,Brazil,BR,0:31:18,2:53:40,2:12:56,0:03:31,0:04:11,5:45:36,1878,10420,7976,211,251,20736,553,487,110,161,151,30,347,325,76,553,487,110,Finisher,1916
Flávio Augusto,Moreno Junior,Flávio Augusto Moreno Junior,195,M30-34,Male,Curitiba,Paraná,Brazil,BR,0:46:29,3:10:32,1:39:26,0:05:25,0:03:43,5:45:36,2789,11432,5966,325,223,20736,554,488,72,1079,916,123,858,750,101,554,488,72,Finisher,1941
Fabiana,Facci,Fabiana Facci,1146,F50-54,Female,,,Brazil,BR,0:35:41,2:59:06,2:04:39,0:03:50,0:02:36,5:45:50,2141,10746,7479,230,156,20750,555,67,3,423,45,3,523,46,3,555,67,3,Finisher,3117
Felipe,Roberto Werka,Felipe Roberto Werka,390,M35-39,Male,,,Brazil,BR,0:33:34,2:58:37,2:03:42,0:06:47,0:03:13,5:45:53,2014,10717,7422,407,193,20753,556,489,106,280,256,54,527,479,106,556,489,106,Finisher,1616
Leonardo,Gealh,Leonardo Gealh,675,M40-44,Male,Maringá,PR,Brazil,BR,0:41:26,2:46:51,2:08:53,0:05:18,0:03:25,5:45:54,2486,10011,7733,318,205,20754,557,490,111,854,735,153,437,403,97,557,490,111,Finisher,1911
JULIANO,EVARISTO ALVES,JULIANO EVARISTO ALVES,857,M45-49,Male,,,Brazil,BR,0:38:04,2:51:22,2:09:24,0:05:18,0:02:12,5:46:21,2284,10282,7764,318,132,20781,558,491,83,599,517,83,460,423,64,558,491,83,Finisher,1715
Robson,Campestrini,Robson Campestrini,648,M40-44,Male,Curitiba,PR,Brazil,BR,0:39:18,3:02:26,1:57:59,0:03:09,0:03:33,5:46:26,2358,10946,7079,189,213,20786,559,492,112,692,602,120,615,554,123,559,492,112,Finisher,1901
Amanda,Castro,Amanda Castro,478,F30-34,Female,Campo Largo,Paraná,Brazil,BR,0:41:07,3:04:20,1:54:56,0:04:20,0:01:45,5:46:27,2467,11060,6896,260,105,20787,560,68,14,826,115,21,690,78,15,560,68,14,Finisher,2615
Gabriela ,Nagai,Gabriela Nagai,1009,F18-24,Female,Curitiba ,Paraná,Brazil,BR,0:35:20,2:54:16,2:08:21,0:05:52,0:02:40,5:46:30,2120,10456,7701,352,160,20790,561,69,6,395,39,4,474,38,4,561,69,6,Finisher,2669
Klaus,Schumacher,Klaus Schumacher,344,M35-39,Male,Campinas,SP,Brazil,BR,0:52:00,2:45:03,2:01:14,0:05:25,0:02:48,5:46:30,3120,9903,7274,325,168,20790,562,493,107,1201,1011,213,574,521,116,562,493,107,Finisher,1605
Rafael,Castiglia,Rafael Castiglia,863,M45-49,Male,Joinville,Santa Catarina,Brazil,BR,0:32:01,2:52:55,2:16:17,0:03:13,0:02:05,5:46:31,1921,10375,8177,193,125,20791,563,494,84,211,196,22,340,318,50,563,494,84,Finisher,1712
Paulo,Cesar Waltrick,Paulo Cesar Waltrick,1226,M50-54,Male,Curitiba,PARANA,Brazil,BR,0:37:16,2:51:16,2:09:43,0:05:42,0:02:34,5:46:31,2236,10276,7783,342,154,20791,564,495,25,536,469,25,450,414,22,564,495,25,Finisher,2226
Jefferson,Campos Leite,Jefferson Campos Leite,377,M35-39,Male,Curitiba,PR,Brazil,BR,0:37:52,2:56:48,2:05:11,0:04:40,0:02:02,5:46:33,2272,10608,7511,280,122,20793,565,496,108,579,506,102,537,487,107,565,496,108,Finisher,1604
Claudio,Kano,Claudio Kano,1221,M50-54,Male,São Paulo,SP,Brazil,BR,0:38:18,2:54:16,2:06:02,0:04:07,0:03:53,5:46:37,2298,10456,7562,247,233,20797,566,497,26,617,535,29,493,450,23,566,497,26,Finisher,2225
RICARDO,YOSHIO ZANETTI KIDO,RICARDO YOSHIO ZANETTI KIDO,405,M35-39,Male,VALINHOS,SP,Brazil,BR,0:37:21,2:53:31,2:08:59,0:04:36,0:02:13,5:46:40,2241,10411,7739,276,133,20800,567,498,109,544,477,96,473,436,97,567,498,109,Finisher,1602
LAISA,MATOS GARCIA,LAISA MATOS GARCIA,511,F35-39,Female,,,Brazil,BR,0:35:18,3:06:07,1:58:55,0:03:50,0:02:38,5:46:48,2118,11167,7135,230,158,20808,568,70,12,392,38,6,621,64,10,568,70,12,Finisher,2639
Barbara,Maia,Barbara Maia,532,F35-39,Female,Curitiba,Paraná,Brazil,BR,0:36:44,3:05:58,1:58:48,0:03:20,0:01:59,5:46:50,2204,11158,7128,200,119,20810,569,71,13,496,57,11,640,67,11,569,71,13,Finisher,2638
Helton,Parizotto,Helton Parizotto,294,M35-39,Male,Curitiba,PR,Brazil,BR,0:38:37,2:52:53,2:10:00,0:04:14,0:01:09,5:46:52,2317,10373,7800,254,69,20812,570,499,110,649,566,121,476,438,98,570,499,110,Finisher,1599
Fernando,Romero Zoboli,Fernando Romero Zoboli,896,M45-49,Male,São Paulo,São Paulo,Brazil,BR,0:35:30,2:54:14,2:10:28,0:04:02,0:02:39,5:46:53,2130,10454,7828,242,159,20813,571,500,85,408,366,57,443,408,61,571,500,85,Finisher,1706
Guilherme,Manarelli,Guilherme Manarelli,224,M30-34,Male,,,Brazil,BR,0:32:20,2:56:41,2:09:29,0:04:59,0:03:30,5:46:59,1940,10601,7769,299,210,20819,572,501,73,221,206,35,446,410,61,572,501,73,Finisher,1916
Lucas,Rovani Grizoto,Lucas Rovani Grizoto,361,M35-39,Male,,,Brazil,BR,0:38:24,3:02:45,1:57:06,0:04:29,0:04:23,5:47:06,2304,10965,7026,269,263,20826,573,502,111,627,545,112,630,565,126,573,502,111,Finisher,1595
Marcelo,Oliveira De Almeida,Marcelo Oliveira De Almeida,177,M30-34,Male,Lauro De Freitas,BA,Brazil,BR,0:31:07,3:09:00,1:59:48,0:04:12,0:03:00,5:47:08,1867,11340,7188,252,180,20828,574,503,74,148,138,25,608,549,81,574,503,74,Finisher,1914
Heverton,Michell Chagas Pereira,Heverton Michell Chagas Pereira,745,M40-44,Male,Cajati,SP,Brazil,BR,0:37:16,2:58:04,2:03:51,0:04:34,0:03:25,5:47:10,2236,10684,7431,274,205,20830,575,504,113,535,468,100,543,493,110,575,504,113,Finisher,1888
Fernanda,Loper Correa,Fernanda Loper Correa,1150,F50-54,Female,Curitiba,PR,Brazil,BR,0:30:38,3:03:19,2:06:42,0:04:11,0:02:22,5:47:11,1838,10999,7602,251,142,20831,576,72,4,121,6,1,511,45,2,576,72,4,Finisher,3093
Vinicius,Binder Segan,Vinicius Binder Segan,640,M40-44,Male,Curitiba,Paraná,Brazil,BR,0:36:12,3:02:01,2:03:33,0:04:22,0:01:14,5:47:22,2172,10921,7413,262,74,20842,577,505,114,463,411,87,579,525,114,577,505,114,Finisher,1885
Rafael,Nilo Labruna,Rafael Nilo Labruna,676,M40-44,Male,Sao Jose Dos Campos,SP,Brazil,BR,0:36:09,2:51:45,2:13:21,0:04:18,0:01:54,5:47:28,2169,10305,8001,258,114,20848,578,506,115,458,407,86,413,381,90,578,506,115,Finisher,1883
Fillipe,Figueiredo De Mello,Fillipe Figueiredo De Mello,305,M35-39,Male,Rio de Janeiro,RIO DE JANEIRO,Brazil,BR,0:34:51,3:10:36,1:52:32,0:05:40,0:03:50,5:47:29,2091,11436,6752,340,230,20849,579,507,112,356,324,71,708,627,139,579,507,112,Finisher,1588
Paulo,Wiens,Paulo Wiens,821,M45-49,Male,Curitiba,PR,Brazil,BR,0:37:16,2:58:49,2:04:43,0:04:03,0:02:41,5:47:31,2236,10729,7483,243,161,20851,580,508,86,537,470,73,544,494,81,580,508,86,Finisher,1694
CRISTIANE,QUARTAROLI,CRISTIANE QUARTAROLI,604,F45-49,Female,SAO PAULO,SP,Brazil,BR,0:42:39,3:04:16,1:52:01,0:05:23,0:03:22,5:47:40,2559,11056,6721,323,202,20860,581,73,9,933,132,19,724,86,12,581,73,9,Finisher,2560
Sandra Mara,Kawasaki,Sandra Mara Kawasaki,1153,F50-54,Female,Rio de Janeiro,BR-RJ,Brazil,BR,0:37:59,3:06:37,1:57:28,0:03:45,0:01:52,5:47:41,2279,11197,7048,225,112,20861,582,74,5,590,79,7,673,73,5,582,74,5,Finisher,3084
Fernanda,Namur,Fernanda Namur,587,F45-49,Female,São José dos Campos,São Paulo,Brazil,BR,0:31:01,2:58:03,2:11:26,0:04:46,0:02:25,5:47:41,1861,10683,7886,286,145,20861,583,75,10,141,10,1,445,36,3,583,75,10,Finisher,2559
Lourival,De Souza E Silva Junior,Lourival De Souza E Silva Junior,871,M45-49,Male,Sao Jose Dos Campos,SP,Brazil,BR,0:38:12,3:13:18,1:51:11,0:03:08,0:02:14,5:48:02,2292,11598,6671,188,134,20882,584,509,87,610,528,86,755,662,117,584,509,87,Finisher,1685
Rafael,Amauricio Furiski,Rafael Amauricio Furiski,922,M45-49,Male,Curitiba,PR,Brazil,BR,0:38:24,3:02:18,1:58:35,0:05:39,0:03:06,5:48:03,2304,10938,7115,339,186,20883,585,510,88,626,544,89,645,577,97,585,510,88,Finisher,1685
Bianca,Alberge Lombardi,Bianca Alberge Lombardi,542,F40-44,Female,,,Brazil,BR,0:36:50,3:22:54,1:40:25,0:03:46,0:04:24,5:48:20,2210,12174,6025,226,264,20900,586,76,12,504,58,11,872,110,18,586,76,12,Finisher,2633
Cristian,Matias,Cristian Matias,392,M35-39,Male,Curitiba,AK,Brazil,BR,0:33:21,2:59:48,2:07:43,0:04:27,0:03:02,5:48:20,2001,10788,7663,267,182,20900,587,511,113,269,248,51,503,459,101,587,511,113,Finisher,1572
Tiago ,Barbosa ,Tiago Barbosa,817,M40-44,Male,Curitiba ,Paraná ,Brazil,BR,0:38:08,3:13:29,1:48:53,0:05:30,0:02:25,5:48:26,2288,11609,6533,330,145,20906,588,512,116,606,524,107,790,692,149,588,512,116,Finisher,1865
Igor,Alves Do Prado,Igor Alves Do Prado,1215,M50-54,Male,Goi Nia,GO,Brazil,BR,0:37:01,2:57:41,2:03:28,0:06:28,0:03:49,5:48:27,2221,10661,7408,388,229,20907,589,513,27,519,456,23,554,503,25,589,513,27,Finisher,2192
Luis,Gustavo De Paula Menin,Luis Gustavo De Paula Menin,434,M35-39,Male,Marilia,SP,Brazil,BR,0:34:46,2:46:50,2:16:34,0:05:52,0:04:46,5:48:48,2086,10010,8194,352,286,20928,590,514,114,350,319,68,329,307,62,590,514,114,Finisher,1564
Fabio,Prando Bortolotto,Fabio Prando Bortolotto,867,M45-49,Male,Curitiba,PR,Brazil,BR,0:42:29,2:47:55,2:08:36,0:06:14,0:03:41,5:48:54,2549,10075,7716,374,221,20934,591,515,89,923,792,133,491,448,72,591,515,89,Finisher,1669
Maria,Fernanda Costa Scholz,Maria Fernanda Costa Scholz,514,F35-39,Female,,,Brazil,BR,0:35:39,3:06:08,1:58:36,0:06:23,0:02:14,5:49:01,2139,11168,7116,383,134,20941,592,77,14,419,44,8,670,71,12,592,77,14,Finisher,2599
Edilaine,Vieira Santiago,Edilaine Vieira Santiago,512,F35-39,Female,Campinas,SP,Brazil,BR,0:49:13,3:04:42,1:48:37,0:04:26,0:02:10,5:49:08,2953,11082,6517,266,130,20948,593,78,15,1157,184,36,811,102,18,593,78,15,Finisher,2597
Moacir,Quintiliano Jr,Moacir Quintiliano Jr,1174,M50-54,Male,ARARAS,SP,Brazil,BR,0:30:41,2:47:01,2:24:56,0:04:03,0:02:39,5:49:20,1841,10021,8696,243,159,20960,594,516,28,125,118,7,246,232,9,594,516,28,Finisher,2176
Pedro,Afonso Campos Kfouri,Pedro Afonso Campos Kfouri,178,M30-34,Male,Curitiba,PR,Brazil,BR,0:31:56,2:51:58,2:18:14,0:04:24,0:02:51,5:49:23,1916,10318,8294,264,171,20963,595,517,75,208,193,34,343,321,48,595,517,75,Finisher,1873
Cristian,Monteiro Macedo,Cristian Monteiro Macedo,1432,M40-44,Male,Fortaleza,CE,Brazil,BR,0:40:04,3:00:10,2:00:09,0:04:12,0:04:52,5:49:27,2404,10810,7209,252,292,20967,596,518,117,748,648,130,610,551,121,596,518,117,Finisher,1847
Roberto,Licheski,Roberto Licheski,1067,M25-29,Male,,,Brazil,BR,0:30:53,2:55:53,2:17:17,0:02:55,0:02:31,5:49:29,1853,10553,8237,175,151,20969,597,519,50,132,124,15,363,340,37,597,519,50,Finisher,1810
Felipe,Siano Rodrigues Da Silva,Felipe Siano Rodrigues Da Silva,636,M40-44,Male,Piraju,SP,Brazil,BR,0:39:02,2:59:14,2:05:17,0:03:21,0:02:34,5:49:29,2342,10754,7517,201,154,20969,598,520,118,681,594,117,562,509,113,598,520,118,Finisher,1847
Bruno Vitório de Oliveira,Piccini,Bruno Vitório de Oliveira Piccini,1341,M25-29,Male,Curitiba,Paraná,Brazil,BR,0:38:43,2:51:05,2:12:51,0:05:05,0:01:50,5:49:35,2323,10265,7971,305,110,20975,599,521,51,653,569,60,463,426,43,599,521,51,Finisher,1808
Alexandre,Juliato,Alexandre Juliato,1066,M25-29,Male,,,Brazil,BR,0:30:20,2:49:55,2:23:03,0:03:54,0:02:25,5:49:36,1820,10195,8583,234,145,20976,600,522,52,107,103,12,283,266,29,600,522,52,Finisher,1808
Lucas,Fruet Fialla,Lucas Fruet Fialla,264,M35-39,Male,Curitiba,PR,Brazil,BR,0:30:58,2:54:42,2:13:46,0:05:10,0:05:06,5:49:42,1858,10482,8026,310,306,20982,601,523,115,137,129,23,383,354,74,601,523,115,Finisher,1548
Leandro,Fernandes Nolasco Quintanilha,Leandro Fernandes Nolasco Quintanilha,869,M45-49,Male,Niteroi,Rio de Janeiro,Brazil,BR,0:33:26,3:04:14,2:02:59,0:06:01,0:03:03,5:49:43,2006,11054,7379,361,183,20983,602,524,90,273,250,34,595,538,90,602,524,90,Finisher,1655
Américo ,Fonseca Portela Neto,Américo Fonseca Portela Neto,889,M45-49,Male,Formiga,Minas Gerais ,Brazil,BR,0:36:04,2:58:25,2:09:37,0:03:00,0:02:43,5:49:49,2164,10705,7777,180,163,20989,603,525,91,448,400,63,501,457,75,603,525,91,Finisher,1653
Caio,Bruno Landim De Oliveira,Caio Bruno Landim De Oliveira,650,M40-44,Male,,,Brazil,BR,0:44:42,3:01:12,1:58:13,0:04:03,0:02:03,5:50:12,2682,10872,7093,243,123,21012,604,526,119,1023,876,184,692,614,132,604,526,119,Finisher,1834
Isis,Ayana Mirachi De Souza,Isis Ayana Mirachi De Souza,1405,F18-24,Female,Aracaju,SE,Brazil,BR,0:33:24,3:06:48,2:04:39,0:03:50,0:01:39,5:50:19,2004,11208,7479,230,99,21019,605,79,7,272,23,2,603,59,6,605,79,7,Finisher,2600
Juliana,Graciano De Resende,Juliana Graciano De Resende,508,F35-39,Female,CURITIBA,PARANA,Brazil,BR,0:33:59,3:12:41,1:57:13,0:04:30,0:02:00,5:50:24,2039,11561,7033,270,120,21024,606,80,16,301,27,4,711,82,15,606,80,16,Finisher,2574
Fabio,Meurer Paitra,Fabio Meurer Paitra,692,M40-44,Male,,,Brazil,BR,0:28:49,3:04:48,2:10:02,0:03:44,0:03:03,5:50:26,1729,11088,7802,224,183,21026,607,527,120,54,51,9,500,456,102,607,527,120,Finisher,1829
Evani,Mollossi Porto,Evani Mollossi Porto,654,M40-44,Male,Curitiba,PR,Brazil,BR,0:55:09,2:59:07,1:49:25,0:05:03,0:01:51,5:50:36,3309,10747,6565,303,111,21036,608,528,121,1222,1027,213,817,714,153,608,528,121,Finisher,1826
Mateus,Henrique Gionedes,Mateus Henrique Gionedes,381,M35-39,Male,,,Brazil,BR,0:37:44,3:08:09,1:57:09,0:05:45,0:01:53,5:50:40,2264,11289,7029,345,113,21040,609,529,116,569,497,100,717,634,141,609,529,116,Finisher,1530
Rwsvelt ,Campideli ,Rwsvelt Campideli,366,M35-39,Male,Praia Grande ,São Paulo ,Brazil,BR,0:45:16,2:58:15,1:58:57,0:05:11,0:03:16,5:50:56,2716,10695,7137,311,196,21056,610,530,117,1044,889,191,677,603,134,610,530,117,Finisher,1526
Adriano,Sodre Magalhaes Novaes,Adriano Sodre Magalhaes Novaes,457,M35-39,Male,Nova Iguacu,RJ,Brazil,BR,0:34:36,3:04:16,2:04:52,0:04:54,0:02:24,5:51:02,2076,11056,7492,294,144,21062,611,531,118,332,304,63,598,541,120,611,531,118,Finisher,1524
Tiago,Clementin De Andrade,Tiago Clementin De Andrade,696,M40-44,Male,,,Brazil,BR,0:36:30,2:52:18,2:14:31,0:04:50,0:02:55,5:51:04,2190,10338,8071,290,175,21064,612,532,122,483,429,92,440,405,98,612,532,122,Finisher,1818
Renan,Holdschip,Renan Holdschip,218,M30-34,Male,Florianópolis,Santa Catarina,Brazil,BR,0:36:01,2:59:33,2:07:37,0:03:40,0:04:14,5:51:05,2161,10773,7657,220,254,21065,613,533,76,443,395,59,536,486,74,613,533,76,Finisher,1843
Amanda Willemina,Greidanus Schause,Amanda Willemina Greidanus Schause,544,F40-44,Female,Curitiba,PARANA,Brazil,BR,0:35:56,3:05:28,2:02:51,0:04:53,0:02:25,5:51:33,2156,11128,7371,293,145,21093,614,81,13,437,47,8,643,68,12,614,81,13,Finisher,2575
Fernando,Neto,Fernando Neto,699,M40-44,Male,Cândido Mota,São Paulo ,Brazil,BR,0:42:48,2:53:36,2:00:12,0:08:07,0:06:51,5:51:35,2568,10416,7212,487,411,21095,615,534,123,945,810,169,612,552,122,615,534,123,Finisher,1809
Rafael,De Camargo Andrade Grecco,Rafael De Camargo Andrade Grecco,1126,M25-29,Male,,,Brazil,BR,0:43:00,2:59:35,1:59:08,0:06:55,0:03:02,5:51:39,2580,10775,7148,415,182,21099,616,535,53,950,815,76,687,610,59,616,535,53,Finisher,1771
Evandro,Lima Da Rosa,Evandro Lima Da Rosa,385,M35-39,Male,Florianopolis,SC,Brazil,BR,0:39:49,3:13:25,1:51:30,0:03:52,0:03:05,5:51:41,2389,11605,6690,232,185,21101,617,536,119,727,630,135,788,690,149,617,536,119,Finisher,1512
Fabio,Jose Turra,Fabio Jose Turra,1429,M40-44,Male,Curitiba,PR,Brazil,BR,0:36:16,3:15:20,1:50:17,0:06:40,0:03:17,5:51:50,2176,11720,6617,400,197,21110,618,537,124,468,415,89,809,708,152,618,537,124,Finisher,1804
THOMAS,VOORSLUYS,THOMAS VOORSLUYS,874,M45-49,Male,Carambeí,PARANA,Brazil,BR,0:39:53,2:45:30,2:18:49,0:04:24,0:03:26,5:52:02,2393,9930,8329,264,206,21122,619,538,92,734,636,109,365,341,53,619,538,92,Finisher,1613
Thiago,Grigoletto,Thiago Grigoletto,635,M40-44,Male,Sao Paulo,SAO PAULO,Brazil,BR,0:42:05,2:57:41,2:06:41,0:03:14,0:02:23,5:52:05,2525,10661,7601,194,143,21125,620,539,125,894,770,159,587,532,118,620,539,125,Finisher,1800
Alexsandro,Padilha De Oliveira,Alexsandro Padilha De Oliveira,145,M30-34,Male,Caçador ,SANTA CATARINA,Brazil,BR,0:39:43,2:53:35,2:10:13,0:05:53,0:02:42,5:52:05,2383,10415,7813,353,162,21125,621,540,77,715,620,91,530,482,72,621,540,77,Finisher,1825
Alexandre,Pinheiro,Alexandre Pinheiro,1092,M25-29,Male,sao paulo,SP,Brazil,BR,0:33:49,2:54:50,2:16:49,0:04:04,0:02:35,5:52:06,2029,10490,8209,244,155,21126,622,541,54,291,267,32,423,390,40,622,541,54,Finisher,1763
Lucio,Cantarelli Noal,Lucio Cantarelli Noal,893,M45-49,Male,Panambi,RS,Brazil,BR,0:42:34,2:58:38,2:03:21,0:05:48,0:01:56,5:52:17,2554,10718,7401,348,116,21137,623,542,93,926,795,134,653,584,100,623,542,93,Finisher,1608
Joao,Del Valle,Joao Del Valle,945,M45-49,Male,Curitiba,PR,Brazil,BR,0:34:13,3:04:02,2:06:24,0:03:51,0:03:48,5:52:18,2053,11042,7584,231,228,21138,624,543,94,319,292,42,570,517,84,624,543,94,Finisher,1608
Guilherme,De Campos Silva,Guilherme De Campos Silva,289,M35-39,Male,,,Brazil,BR,0:35:22,2:58:52,2:08:31,0:06:10,0:03:38,5:52:34,2122,10732,7711,370,218,21154,625,544,120,397,358,77,549,499,110,625,544,120,Finisher,1496
Thiago,Henrique Schmidt,Thiago Henrique Schmidt,441,M35-39,Male,Curitiba,PR,Brazil,BR,0:46:56,2:53:39,1:58:59,0:08:54,0:04:12,5:52:39,2816,10419,7139,534,252,21159,626,545,121,1095,928,197,686,609,135,626,545,121,Finisher,1495
Lima,Juliano,Lima Juliano,1217,M50-54,Male,Curitiba,PARANA,Brazil,BR,0:39:46,2:57:31,2:05:43,0:04:59,0:04:40,5:52:40,2386,10651,7543,299,280,21160,627,546,29,721,625,36,571,518,29,627,546,29,Finisher,2116
Gabriel,Dantas De Oliveira,Gabriel Dantas De Oliveira,1104,M25-29,Male,,,Brazil,BR,0:38:27,3:14:09,1:43:56,0:09:07,0:07:02,5:52:41,2307,11649,6236,547,422,21161,628,547,55,635,553,58,852,746,72,628,547,55,Finisher,1753
Bernardo,Tissot,Bernardo Tissot,330,M35-39,Male,CURITIBA,Paraná,Brazil,BR,0:52:17,3:05:25,1:46:45,0:05:13,0:03:09,5:52:48,3137,11125,6405,313,189,21168,629,548,122,1203,1013,215,864,755,164,629,548,122,Finisher,1492
Rodrigo,Zonatto De Souza,Rodrigo Zonatto De Souza,244,M35-39,Male,,,Brazil,BR,0:37:57,3:02:04,2:06:06,0:05:19,0:01:25,5:52:51,2277,10924,7566,319,85,21171,630,549,123,586,509,104,623,559,124,630,549,123,Finisher,1491
Cicero,Antonio Carvalho,Cicero Antonio Carvalho,993,M45-49,Male,,,Brazil,BR,0:38:58,3:02:00,2:02:46,0:05:31,0:03:36,5:52:51,2338,10920,7366,331,216,21171,631,550,95,674,587,97,649,580,99,631,550,95,Finisher,1598
Emerson,Souza,Emerson Souza,1274,M55-59,Male,,,Brazil,BR,0:48:19,2:55:21,2:01:42,0:04:36,0:02:56,5:52:54,2899,10521,7302,276,176,21174,632,551,15,1136,955,33,671,600,22,632,551,15,Finisher,2413
Marcelo,Meller Garcez,Marcelo Meller Garcez,138,M30-34,Male,Curitiba,,Brazil,BR,0:33:58,3:09:42,2:02:09,0:04:31,0:02:34,5:52:54,2038,11382,7329,271,154,21174,633,552,78,300,274,42,669,599,88,633,552,78,Finisher,1810
Diego,Vieira Silva,Diego Vieira Silva,239,M35-39,Male,,,Brazil,BR,0:44:58,2:56:23,1:53:19,0:10:49,0:07:31,5:53:00,2698,10583,6799,649,451,21180,634,553,124,1036,887,190,721,637,144,634,553,124,Finisher,1488
Ketty,Do Nascimento Moreira,Ketty Do Nascimento Moreira,578,F45-49,Female,,,Brazil,BR,0:43:58,3:01:27,1:59:43,0:05:53,0:02:10,5:53:11,2638,10887,7183,353,130,21191,635,82,11,987,142,21,714,83,10,635,82,11,Finisher,2460
Rosângela de Lima Joaquim,Rosângela de Lima Joaquim,Rosângela de Lima Joaquim Rosângela de Lima Joaquim,594,F45-49,Female,São Paulo,Sp,Brazil,BR,0:46:49,3:00:39,1:58:57,0:04:19,0:02:28,5:53:11,2809,10839,7137,259,148,21191,636,83,12,1091,166,29,718,84,11,636,83,12,Finisher,2460
Thiago,Krelling,Thiago Krelling,1354,M40-44,Male,Curitiba,Paraná,Brazil,BR,0:50:29,3:04:09,1:47:09,0:06:53,0:04:32,5:53:12,3029,11049,6429,413,272,21192,637,554,126,1182,995,207,849,744,161,637,554,126,Finisher,1780
William,Leal Colaco Fernandes,William Leal Colaco Fernandes,431,M35-39,Male,Paranagua,PR,Brazil,BR,0:42:45,3:08:18,1:56:51,0:03:41,0:01:44,5:53:19,2565,11298,7011,221,104,21199,638,555,125,941,807,173,757,664,146,638,555,125,Finisher,1483
Fabio,Moreno Zarur Remer,Fabio Moreno Zarur Remer,764,M40-44,Male,,,Brazil,BR,0:40:48,3:02:37,2:00:33,0:06:05,0:03:19,5:53:22,2448,10957,7233,365,199,21202,639,556,127,799,691,144,687,610,131,639,556,127,Finisher,1777
Gustavo,Augusto,Gustavo Augusto,785,M40-44,Male,São Paulo,São Paulo,Brazil,BR,0:35:58,2:54:58,2:16:20,0:04:19,0:02:07,5:53:42,2158,10498,8180,259,127,21222,640,557,128,441,393,82,469,432,100,640,557,128,Finisher,1771
Thiago,Camargo,Thiago Camargo,714,M40-44,Male,Curitiba,PARANÁ,Brazil,BR,0:46:25,2:57:08,2:04:56,0:03:30,0:02:09,5:54:08,2785,10628,7496,210,129,21248,641,558,129,1073,910,191,656,587,126,641,558,129,Finisher,1763
Claudinei,Alvino Da Silva,Claudinei Alvino Da Silva,909,M45-49,Male,Colombo,PR,Brazil,BR,0:52:39,2:55:01,2:00:12,0:04:38,0:01:37,5:54:08,3159,10501,7212,278,97,21248,642,559,96,1207,1015,173,725,639,110,642,559,96,Finisher,1575
Diego,Aguiar De Almeida Reboucas,Diego Aguiar De Almeida Reboucas,689,M40-44,Male,Maceio,AL,Brazil,BR,0:41:05,3:10:45,1:54:45,0:05:22,0:02:12,5:54:09,2465,11445,6885,322,132,21249,643,560,130,823,709,151,792,694,150,643,560,130,Finisher,1763
Marina,Mansur,Marina Mansur,553,F40-44,Female,São paulo,BR-SP,Brazil,BR,0:41:12,3:06:52,1:58:45,0:04:58,0:02:24,5:54:12,2472,11212,7125,298,144,21252,644,84,14,835,116,20,737,88,15,644,84,14,Finisher,2527
Elton,Olivieri,Elton Olivieri,396,M35-39,Male,Curitiba,Paraná,Brazil,BR,0:41:03,2:57:15,2:10:43,0:03:07,0:02:04,5:54:12,2463,10635,7843,187,124,21252,645,561,126,818,705,149,560,507,112,645,561,126,Finisher,1467
Carlos,Alberto Gomes,Carlos Alberto Gomes,954,M45-49,Male,Curitiba,PR,Brazil,BR,0:39:39,3:05:41,1:58:56,0:05:49,0:04:08,5:54:12,2379,11141,7136,349,248,21252,646,562,97,712,618,104,709,628,107,646,562,97,Finisher,1574
Rafael,Rocatelli Candido,Rafael Rocatelli Candido,1040,M18-24,Male,,,Brazil,BR,0:39:57,3:01:55,2:05:18,0:04:42,0:02:22,5:54:14,2397,10915,7518,282,142,21254,647,563,14,739,641,24,650,581,17,647,563,14,Finisher,2216
Dejalmo,Nascimento Almeida,Dejalmo Nascimento Almeida,918,M45-49,Male,CURITIBA,Paraná,Brazil,BR,0:44:52,3:01:34,1:58:33,0:06:17,0:02:58,5:54:14,2692,10894,7113,377,178,21254,648,564,98,1030,883,146,732,646,114,648,564,98,Finisher,1573
Léo,Müller,Léo Müller,725,M40-44,Male,Lages,Santa Catarina,Brazil,BR,0:37:30,3:03:31,2:03:47,0:05:51,0:03:39,5:54:18,2250,11011,7427,351,219,21258,649,565,131,556,487,104,652,583,125,649,565,131,Finisher,1760
Guilherme,Barros Machado,Guilherme Barros Machado,183,M30-34,Male,,,Brazil,BR,0:48:09,2:44:26,2:12:43,0:05:22,0:03:39,5:54:19,2889,9866,7963,322,219,21259,650,566,79,1131,951,128,507,463,69,650,566,79,Finisher,1784
FABIO,FRANCA,FABIO FRANCA,1420,M50-54,Male,Curitiba,PR,Brazil,BR,0:38:45,3:13:23,1:54:41,0:05:10,0:02:35,5:54:35,2325,11603,6881,310,155,21275,651,567,30,654,570,30,794,695,41,651,567,30,Finisher,2081
Breno,Dourado Pessoni,Breno Dourado Pessoni,727,M40-44,Male,,,Brazil,BR,0:36:05,3:00:18,2:10:41,0:05:02,0:02:30,5:54:37,2165,10818,7841,302,150,21277,652,568,132,453,403,84,561,508,112,652,568,132,Finisher,1754
Luiz,Stier,Luiz Stier,1263,M55-59,Male,Curitiba,PR,Brazil,BR,0:35:05,2:56:41,2:15:32,0:03:21,0:04:00,5:54:38,2105,10601,8132,201,240,21278,653,569,16,375,341,12,467,430,12,653,569,16,Finisher,2382
Alberto,Eduardo Holmes Neto,Alberto Eduardo Holmes Neto,296,M35-39,Male,Curitiba,PR,Brazil,BR,0:33:34,2:54:35,2:20:37,0:04:17,0:02:03,5:55:05,2014,10475,8437,257,123,21305,654,570,127,281,257,55,418,386,84,654,570,127,Finisher,1451
Marcelo,Yuji Machado,Marcelo Yuji Machado,319,M35-39,Male,Curitiba,Paraná,Brazil,BR,0:33:11,2:42:56,2:32:19,0:04:02,0:02:46,5:55:14,1991,9776,9139,242,166,21314,655,571,128,257,236,46,219,208,44,655,571,128,Finisher,1448
Carlos,Fuad Chaiben,Carlos Fuad Chaiben,829,M45-49,Male,Curitiba,PR,Brazil,BR,0:36:23,3:06:15,2:05:19,0:04:23,0:02:56,5:55:17,2183,11175,7519,263,176,21317,656,572,99,473,420,67,654,585,101,656,572,99,Finisher,1554
Alexandre,Machado,Alexandre Machado,1214,M50-54,Male,Curitiba,PARANA,Brazil,BR,0:37:19,3:03:23,2:00:01,0:07:43,0:06:52,5:55:18,2239,11003,7201,463,412,21318,657,573,31,540,473,26,674,601,32,657,573,31,Finisher,2068
Ana,Carla Koetz Prade,Ana Carla Koetz Prade,1148,F50-54,Female,São Bento Do Sul,Santa Catarina,Brazil,BR,0:37:11,3:16:21,1:54:51,0:03:11,0:03:49,5:55:23,2231,11781,6891,191,229,21323,658,85,6,529,64,5,783,97,7,658,85,6,Finisher,2945
ALEJANDRO,RODRIGUEZ COMAS,ALEJANDRO RODRIGUEZ COMAS,1324,M65-69,Male,GUARUJA,SP,Brazil,BR,0:40:06,2:56:51,2:08:50,0:04:49,0:04:56,5:55:32,2406,10611,7730,289,296,21332,659,574,1,751,651,2,565,512,2,659,574,1,Finisher,3500
Gustavo,Oliveira,Gustavo Oliveira,630,M40-44,Male,Curitiba,Paraná,Brazil,BR,0:39:47,3:08:28,1:58:29,0:05:28,0:03:21,5:55:33,2387,11308,7109,328,201,21333,660,575,133,724,627,126,748,656,140,660,575,133,Finisher,1737
Marco Antonio ,Paes Filho,Marco Antonio Paes Filho,681,M40-44,Male,Curitiba ,Paraná ,Brazil,BR,0:47:11,3:07:50,1:52:53,0:04:59,0:02:51,5:55:43,2831,11270,6773,299,171,21343,661,576,134,1106,935,195,827,724,155,661,576,134,Finisher,1734
CARLOS,GUSTAVO DE SOUSA MONTENEGRO,CARLOS GUSTAVO DE SOUSA MONTENEGRO,455,M35-39,Male,FORTALEZA,CE,Brazil,BR,0:42:49,2:53:09,2:13:23,0:04:46,0:01:44,5:55:51,2569,10389,8003,286,104,21351,662,577,129,946,811,174,550,500,111,662,577,129,Finisher,1437
Diego,Santos Teixeira,Diego Santos Teixeira,878,M45-49,Male,Curitiba,PR,Brazil,BR,0:37:44,3:03:38,2:05:50,0:04:38,0:04:03,5:55:52,2264,11018,7550,278,243,21352,663,578,100,570,498,79,639,573,96,663,578,100,Finisher,1544
joao paulo,polli,joao paulo polli,662,M40-44,Male,colombo,BR-PR,Brazil,BR,0:34:42,3:08:07,2:06:03,0:04:33,0:02:31,5:55:55,2082,11287,7563,273,151,21355,664,579,135,346,316,65,660,591,128,664,579,135,Finisher,1731
Diego Vinicius,Benoski,Diego Vinicius Benoski,219,M30-34,Male,Curitiba,PR,Brazil,BR,0:37:24,3:01:32,2:08:05,0:05:13,0:03:43,5:55:56,2244,10892,7685,313,223,21356,665,580,80,549,482,70,605,546,80,665,580,80,Finisher,1755
Deivid,Willyan Rodrigues Fabiano,Deivid Willyan Rodrigues Fabiano,104,M30-34,Male,Londrina,PARANA,Brazil,BR,0:41:03,3:00:31,2:06:59,0:04:24,0:02:59,5:55:57,2463,10831,7619,264,179,21357,666,581,81,820,707,94,637,571,85,666,581,81,Finisher,1755
Fernando,De Oliveira Junior,Fernando De Oliveira Junior,192,M30-34,Male,,,Brazil,BR,0:42:00,3:19:35,1:45:51,0:05:46,0:02:44,5:55:57,2520,11975,6351,346,164,21357,667,582,82,887,763,107,911,794,109,667,582,82,Finisher,1755
Luciano,De Matos Gomes,Luciano De Matos Gomes,251,M35-39,Male,Curitiba,PARANA,Brazil,BR,0:39:34,3:04:13,2:01:18,0:07:22,0:03:30,5:55:58,2374,11053,7278,442,210,21358,668,583,130,705,614,131,710,629,140,668,583,130,Finisher,1435
Paulo,Vinicius De Carvalho,Paulo Vinicius De Carvalho,672,M40-44,Male,Pinhais,Parana,Brazil,BR,0:35:26,2:58:49,2:14:22,0:04:39,0:02:43,5:55:59,2126,10729,8062,279,163,21359,669,584,136,404,363,75,526,478,106,669,584,136,Finisher,1730
Joao,Pedro Mendes Cortiano,Joao Pedro Mendes Cortiano,1050,M18-24,Male,,,Brazil,BR,0:28:19,3:20:20,1:58:59,0:06:17,0:02:04,5:56:00,1699,12020,7139,377,124,21360,670,585,15,44,41,3,760,667,21,670,585,15,Finisher,2184
Paulo,Konorr De Quadros Jr,Paulo Konorr De Quadros Jr,1282,M55-59,Male,Curitiba,Intl State,Brazil,BR,0:43:02,2:59:36,2:06:55,0:04:06,0:02:25,5:56:04,2582,10776,7615,246,145,21364,671,586,17,952,817,31,651,582,21,671,586,17,Finisher,2356
Gabriel,Klauberg Faustino,Gabriel Klauberg Faustino,1406,M25-29,Male,Florianópolis ,BR-SC,Brazil,BR,0:38:28,3:04:05,2:05:53,0:05:31,0:02:10,5:56:06,2308,11045,7553,331,130,21366,672,587,56,636,554,59,667,598,57,672,587,56,Finisher,1691
Eduardo,Sauaia,Eduardo Sauaia,1078,M25-29,Male,São Paulo,São Paulo,Brazil,BR,0:37:34,3:16:53,1:50:49,0:06:19,0:04:35,5:56:10,2254,11813,6649,379,275,21370,673,588,57,560,490,54,838,733,70,673,588,57,Finisher,1690
Lucas ,ROSARIO,Lucas ROSARIO,210,M30-34,Male,Paranaguá,PARANA,Brazil,BR,0:42:31,3:04:14,1:57:41,0:07:16,0:04:38,5:56:21,2551,11054,7061,436,278,21381,674,589,83,925,794,112,751,658,90,674,589,83,Finisher,1748
Samuel,Treicik,Samuel Treicik,938,M45-49,Male,,,Brazil,BR,0:36:19,3:16:12,1:57:25,0:04:06,0:02:20,5:56:22,2179,11772,7045,246,140,21382,675,590,101,472,419,66,781,685,122,675,590,101,Finisher,1535
Paola,Neves Portes,Paola Neves Portes,571,F40-44,Female,,,Brazil,BR,0:42:15,2:59:03,2:09:40,0:03:55,0:01:38,5:56:31,2535,10743,7780,235,98,21391,676,86,15,905,127,23,620,63,11,676,86,15,Finisher,2486
Marcelo,Artungui,Marcelo Artungui,846,M45-49,Male,Prudentópolis,Paraná,Brazil,BR,0:40:28,2:50:43,2:19:17,0:03:22,0:02:43,5:56:32,2428,10243,8357,202,163,21392,677,591,102,777,672,114,455,418,62,677,591,102,Finisher,1532
Vitor,Golinski,Vitor Golinski,827,M45-49,Male,Curitiba,Paraná,Brazil,BR,0:50:29,2:55:09,2:00:50,0:07:01,0:03:05,5:56:33,3029,10509,7250,421,185,21393,678,592,103,1181,994,170,730,644,113,678,592,103,Finisher,1532
Marcos,Curan Ribeiro,Marcos Curan Ribeiro,1169,M50-54,Male,Curitiba,PR,Brazil,BR,0:40:07,3:06:21,2:02:44,0:04:24,0:03:04,5:56:39,2407,11181,7364,264,184,21399,679,593,32,753,653,44,703,622,36,679,593,32,Finisher,2044
Igor,Mann Ullrich,Igor Mann Ullrich,1075,M25-29,Male,,,Brazil,BR,0:40:21,3:06:37,2:02:57,0:03:58,0:02:48,5:56:41,2421,11197,7377,238,168,21401,680,594,58,766,665,68,705,624,62,680,594,58,Finisher,1681
Marcelo,Arico De Moura Martins,Marcelo Arico De Moura Martins,741,M40-44,Male,São Paulo,,Brazil,BR,0:41:00,3:02:14,2:06:26,0:03:55,0:03:10,5:56:46,2460,10934,7586,235,190,21406,681,595,137,813,700,148,657,588,127,681,595,137,Finisher,1715
Robison,Lopes De Oliveira,Robison Lopes De Oliveira,409,M35-39,Male,,,Brazil,BR,0:48:44,3:03:50,1:56:41,0:05:26,0:02:11,5:56:52,2924,11030,7001,326,131,21412,682,596,131,1146,965,200,803,703,152,682,596,131,Finisher,1419
MARCELO,DEFANTE,MARCELO DEFANTE,820,M45-49,Male,Curitiba,Paraná,Brazil,BR,0:44:03,3:03:01,2:00:04,0:05:21,0:04:36,5:57:04,2643,10981,7204,321,276,21424,683,597,104,994,851,141,727,641,112,683,597,104,Finisher,1522
Bruna,Marques Saraiva,Bruna Marques Saraiva,1025,F25-29,Female,Sao Paulo,SP,Brazil,BR,0:45:09,3:12:51,1:53:16,0:03:54,0:02:02,5:57:11,2709,11571,6796,234,122,21431,684,87,10,1043,155,14,854,107,11,684,87,10,Finisher,2322
Gunther,Stanjek,Gunther Stanjek,139,M30-34,Male,São Paulo,São Paulo,Brazil,BR,0:32:39,2:57:23,2:20:08,0:04:34,0:02:30,5:57:14,1959,10643,8408,274,150,21434,685,598,84,230,212,36,458,421,64,685,598,84,Finisher,1732
Lucas,Koji Kunihira,Lucas Koji Kunihira,1045,M18-24,Male,Maringá,PR,Brazil,BR,0:44:01,3:04:27,1:59:52,0:06:21,0:02:50,5:57:31,2641,11067,7192,381,170,21451,686,599,16,991,848,28,759,666,20,686,599,16,Finisher,2156
Amanda ,Rocco,Amanda Rocco,476,F30-34,Female,Curitiba,PARANA,Brazil,BR,0:37:54,3:15:21,1:57:16,0:03:58,0:03:16,5:57:45,2274,11721,7036,238,196,21465,687,88,15,581,74,10,793,99,19,687,88,15,Finisher,2412
Marcos,Antonio Da Silva,Marcos Antonio Da Silva,824,M45-49,Male,,,Brazil,BR,0:49:15,2:49:53,2:11:56,0:03:18,0:03:23,5:57:46,2955,10193,7916,198,203,21466,688,600,105,1159,975,165,573,520,86,688,600,105,Finisher,1510
Jonas,Spaciari Matioli,Jonas Spaciari Matioli,203,M30-34,Male,,,Brazil,BR,0:37:44,2:59:18,2:10:07,0:04:19,0:06:20,5:57:49,2264,10758,7807,259,380,21469,689,601,85,571,499,73,558,506,75,689,601,85,Finisher,1721
CAIO,ASSUMPCAO,CAIO ASSUMPCAO,1336,M18-24,Male,COLOMBO,PR,Brazil,BR,0:38:06,2:53:38,2:20:57,0:02:51,0:02:23,5:57:54,2286,10418,8457,171,143,21474,690,602,17,603,521,17,456,419,13,690,602,17,Finisher,2150
Brainer,Kist,Brainer Kist,1360,M45-49,Male,PORTO UNIAO,Santa Catarina,Brazil,BR,0:40:46,3:05:18,2:00:57,0:05:31,0:05:25,5:57:58,2446,11118,7257,331,325,21478,691,603,106,795,688,116,716,633,109,691,603,106,Finisher,1506
Marco,Aurelio Gobetti Da Fonseca,Marco Aurelio Gobetti Da Fonseca,314,M35-39,Male,Curitiba,PR,Brazil,BR,0:35:07,2:59:08,2:17:14,0:04:10,0:02:27,5:58:06,2107,10748,8234,250,147,21486,692,604,132,377,343,73,518,473,105,692,604,132,Finisher,1397
Eduardo,Cordova,Eduardo Cordova,383,M35-39,Male,curitiba,BR-PR,Brazil,BR,0:38:32,3:01:51,2:09:44,0:04:41,0:03:27,5:58:14,2312,10911,7784,281,207,21494,693,605,133,643,560,120,617,556,123,693,605,133,Finisher,1394
Jonathan,Engel,Jonathan Engel,318,M35-39,Male,,,Brazil,BR,0:33:45,2:53:13,2:24:56,0:04:46,0:01:40,5:58:20,2025,10393,8696,286,100,21500,694,606,134,288,264,56,398,368,79,694,606,134,Finisher,1392
Vinicius,De Morais Rocha,Vinicius De Morais Rocha,171,M30-34,Male,,,Brazil,BR,0:46:54,3:06:41,1:54:53,0:06:58,0:02:56,5:58:23,2814,11201,6893,418,176,21503,695,607,86,1093,926,124,834,729,99,695,607,86,Finisher,1711
Rafael,Genes,Rafael Genes,744,M40-44,Male,Marília,SÃO PAULO,Brazil,BR,0:40:53,3:01:30,2:05:54,0:06:45,0:03:44,5:58:45,2453,10890,7554,405,224,21525,696,608,138,805,696,147,678,604,130,696,608,138,Finisher,1680
Rodrigo,Goncalves Boccato,Rodrigo Goncalves Boccato,795,M40-44,Male,,,Brazil,BR,0:42:20,3:09:48,1:58:39,0:04:46,0:03:18,5:58:50,2540,11388,7119,286,198,21530,697,609,139,911,783,161,785,688,146,697,609,139,Finisher,1678
Renan,Guedes Costa Pasztetnik,Renan Guedes Costa Pasztetnik,116,M30-34,Male,Tatui,SP,Brazil,BR,0:38:19,3:22:04,1:52:46,0:03:54,0:01:52,5:58:56,2299,12124,6766,234,112,21536,698,610,87,618,536,80,880,769,105,698,610,87,Finisher,1701
Luan Rafael,de Souza Alves,Luan Rafael de Souza Alves,1136,M25-29,Male,CURITIBA,PR,Brazil,BR,0:39:01,3:08:12,2:01:27,0:06:18,0:04:04,5:59:03,2341,11292,7287,378,244,21543,699,611,59,680,593,62,745,654,64,699,611,59,Finisher,1638
Fernanda,De Almeida Moreira,Fernanda De Almeida Moreira,534,F35-39,Female,Sao Paulo,SP,Brazil,BR,0:51:47,3:08:43,1:51:58,0:04:23,0:02:35,5:59:26,3107,11323,6718,263,155,21566,700,89,17,1199,190,38,888,114,21,700,89,17,Finisher,2411
Joel,Kriger,Joel Kriger,1325,M70-74,Male,OCOEE,FL,Brazil,BR,0:31:23,3:15:51,2:01:07,0:06:01,0:05:06,5:59:28,1883,11751,7267,361,306,21568,701,612,1,166,155,1,739,651,1,701,612,1,Finisher,3500
Gabriel,Candiani Cintra,Gabriel Candiani Cintra,271,M35-39,Male,,,Brazil,BR,0:38:26,3:01:34,2:09:55,0:05:41,0:03:57,5:59:32,2306,10894,7795,341,237,21572,702,613,135,632,550,115,632,567,127,702,613,135,Finisher,1371
Ronian,Henrique Enik,Ronian Henrique Enik,135,M30-34,Male,,,Brazil,BR,0:46:27,2:55:36,2:11:57,0:03:30,0:02:07,5:59:37,2787,10536,7917,210,127,21577,703,614,88,1076,913,122,629,564,83,703,614,88,Finisher,1689
Leonardo,Anizelli,Leonardo Anizelli,142,M30-34,Male,Caçador,Santa Catarina,Brazil,BR,0:38:33,3:01:39,2:10:46,0:05:42,0:03:07,5:59:47,2313,10899,7846,342,187,21587,704,615,89,645,562,84,634,569,84,704,615,89,Finisher,1686
Bruno,Malcon Da Silva,Bruno Malcon Da Silva,1076,M25-29,Male,Colombo,PR,Brazil,BR,0:34:28,3:07:07,2:11:49,0:03:58,0:02:27,5:59:49,2068,11227,7909,238,147,21589,705,616,60,327,299,36,628,563,54,705,616,60,Finisher,1624
Stefany,Bomm,Stefany Bomm,492,F30-34,Female,,,Brazil,BR,0:39:45,3:09:48,2:05:00,0:03:50,0:01:59,6:00:21,2385,11388,7500,230,119,21621,706,90,16,718,96,14,741,90,16,706,90,16,Finisher,2365
Bruno,Augusto Caciatori De Paula,Bruno Augusto Caciatori De Paula,373,M35-39,Male,,,Brazil,BR,0:36:43,3:11:59,2:01:49,0:07:15,0:02:44,6:00:30,2203,11519,7309,435,164,21630,707,617,136,493,437,87,772,676,147,707,617,136,Finisher,1353
Daniel,Canali,Daniel Canali,810,M40-44,Male,Curitiba,Paraná,Brazil,BR,0:43:44,3:19:11,1:53:02,0:02:23,0:02:27,6:00:47,2624,11951,6782,143,147,21647,708,618,140,984,843,176,892,778,168,708,618,140,Finisher,1643
Anne,Louise Prestes Serpe,Anne Louise Prestes Serpe,488,F30-34,Female,Curitiba,PR,Brazil,BR,0:39:52,3:11:26,2:03:57,0:03:39,0:01:59,6:00:54,2392,11486,7437,219,119,21654,709,91,17,733,98,15,761,94,18,709,91,17,Finisher,2355
Eduardo,Fernandes Silva,Eduardo Fernandes Silva,628,M40-44,Male,São José dos Campos,SAO PAULO,Brazil,BR,0:41:45,3:08:05,2:03:35,0:04:44,0:02:46,6:00:54,2505,11285,7415,284,166,21654,710,619,141,872,751,156,753,660,141,710,619,141,Finisher,1641
Fernando,Avila,Fernando Avila,1285,M55-59,Male,Americana,SP,Brazil,BR,0:43:21,3:11:37,1:57:07,0:04:57,0:04:07,6:01:09,2601,11497,7027,297,247,21669,711,620,18,968,830,32,824,721,26,711,620,18,Finisher,2264
Bernardo,Marques Duarte,Bernardo Marques Duarte,119,M30-34,Male,,,Brazil,BR,0:30:43,2:53:25,2:30:44,0:03:59,0:02:24,6:01:14,1843,10405,9044,239,144,21674,712,621,90,127,120,22,339,317,47,712,621,90,Finisher,1660
Henrique,Girotto,Henrique Girotto,1053,M18-24,Male,Curitiba,PR,Brazil,BR,0:38:55,3:08:05,2:09:05,0:03:59,0:01:47,6:01:52,2335,11285,7745,239,107,21712,713,622,18,666,581,19,706,625,19,713,622,18,Finisher,2078
Leopoldo,Busato Munhoz De Castro,Leopoldo Busato Munhoz De Castro,680,M40-44,Male,,,Brazil,BR,0:38:59,3:10:05,2:00:42,0:07:02,0:05:21,6:02:09,2339,11405,7242,422,321,21729,714,623,142,675,588,116,775,679,143,714,623,142,Finisher,1619
Jessica ,Assuncao Fossati,Jessica Assuncao Fossati,1022,F25-29,Female,São Paulo,,Brazil,BR,0:33:30,3:08:30,2:15:41,0:03:12,0:01:23,6:02:15,2010,11310,8141,192,83,21735,715,92,11,277,24,5,619,62,9,715,92,11,Finisher,2231
Gustavo,Garcia Nogueira De Oliveira,Gustavo Garcia Nogueira De Oliveira,1081,M25-29,Male,,,Brazil,BR,0:34:54,2:52:42,2:26:25,0:04:44,0:03:42,6:02:28,2094,10362,8785,284,222,21748,716,624,61,361,328,38,416,384,39,716,624,61,Finisher,1577
Maxime,Parra,Maxime Parra,269,M35-39,Male,Goiânia ,Goiás,Brazil,BR,0:39:48,3:11:58,1:57:35,0:06:49,0:06:25,6:02:36,2388,11518,7055,409,385,21756,717,625,137,725,628,134,815,712,155,717,625,137,Finisher,1316
Fabio,Kato,Fabio Kato,1132,M25-29,Male,Colombo,Paraná,Brazil,BR,0:46:45,3:03:34,2:07:12,0:03:29,0:01:44,6:02:43,2805,11014,7632,209,104,21763,718,626,62,1088,923,84,750,657,65,718,626,62,Finisher,1572
Luciana,Tudisco De Oliveira,Luciana Tudisco De Oliveira,586,F45-49,Female,Sao Paulo,SP,Brazil,BR,0:45:08,3:15:03,1:54:13,0:05:28,0:02:56,6:02:49,2708,11703,6853,328,176,21769,719,93,13,1041,153,25,896,115,17,719,93,13,Finisher,2287
Clodoaldo,Adriano Pasquini,Clodoaldo Adriano Pasquini,1276,M55-59,Male,Curitiba,PR,Brazil,BR,0:48:51,3:06:01,1:59:15,0:04:55,0:03:51,6:02:54,2931,11161,7155,295,231,21774,720,627,19,1149,967,34,822,719,25,720,627,19,Finisher,2233
CARLOS,ALBERTO DE OLIVEIRA,CARLOS ALBERTO DE OLIVEIRA,1260,M55-59,Male,CURITIBA,PR,Brazil,BR,0:36:06,2:54:59,2:23:41,0:05:33,0:02:37,6:02:56,2166,10499,8621,333,157,21776,721,628,20,455,404,17,492,449,13,721,628,20,Finisher,2232
Giovanna,Soares,Giovanna Soares,1010,F18-24,Female,Araraquara,SP,Brazil,BR,0:44:27,3:09:38,2:01:02,0:04:11,0:03:44,6:03:02,2667,11378,7262,251,224,21782,722,94,8,1010,146,10,808,101,9,722,94,8,Finisher,2372
Rodrigo,Silva,Rodrigo Silva,853,M45-49,Male,Sao Paulo,SP,Brazil,BR,0:42:50,3:17:21,1:52:36,0:05:53,0:04:26,6:03:07,2570,11841,6756,353,266,21787,723,629,107,947,812,136,901,785,136,723,629,107,Finisher,1413
Matheus,Siqueira Ferraz De Almeida Lima,Matheus Siqueira Ferraz De Almeida Lima,1098,M25-29,Male,,,Brazil,BR,0:36:25,3:03:37,2:13:27,0:05:15,0:04:25,6:03:09,2185,11017,8007,315,265,21789,724,630,63,476,422,47,622,558,53,724,630,63,Finisher,1564
Victor,Loss Salami,Victor Loss Salami,102,M30-34,Male,,,Brazil,BR,0:37:52,3:04:13,2:12:46,0:05:48,0:02:31,6:03:09,2272,11053,7966,348,151,21789,725,631,91,578,505,75,665,596,87,725,631,91,Finisher,1625
MARIA,AP DOS REIS BORGES DE SOUZA,MARIA AP DOS REIS BORGES DE SOUZA,1161,F55-59,Female,Marília,BR-SP,Brazil,BR,0:35:57,3:06:11,2:11:31,0:07:08,0:02:38,6:03:26,2157,11171,7891,428,158,21806,726,95,3,440,48,2,681,76,2,726,95,3,Finisher,3118
Guilherme,Padilha,Guilherme Padilha,1046,M18-24,Male,Lapa,Parana,Brazil,BR,0:39:13,3:01:10,2:17:07,0:03:48,0:02:09,6:03:27,2353,10870,8227,228,129,21807,727,632,19,685,597,21,606,547,16,727,632,19,Finisher,2050
Douglas,Henrique Miranda De Souza,Douglas Henrique Miranda De Souza,981,M45-49,Male,Londrina,Paraná,Brazil,BR,0:39:17,2:58:20,2:19:03,0:04:52,0:02:10,6:03:41,2357,10700,8343,292,130,21821,728,633,108,690,600,100,575,522,87,728,633,108,Finisher,1403
Felipe,Antonio Delgado,Felipe Antonio Delgado,386,M35-39,Male,Osasco,SP,Brazil,BR,0:38:43,3:02:10,2:15:30,0:04:09,0:03:18,6:03:50,2323,10930,8130,249,198,21830,729,634,138,652,568,123,616,555,122,729,634,138,Finisher,1293
Patrick,Vieira Varaschin,Patrick Vieira Varaschin,892,M45-49,Male,Curitiba,PR,Brazil,BR,0:37:23,3:01:21,2:19:25,0:03:45,0:02:12,6:04:06,2243,10881,8365,225,132,21846,730,635,109,547,480,75,576,523,88,730,635,109,Finisher,1396
Roberto,Bittar,Roberto Bittar,1259,M55-59,Male,Anapolis,Goiás,Brazil,BR,0:36:05,3:23:24,1:53:20,0:05:15,0:06:14,6:04:17,2165,12204,6800,315,374,21857,731,636,21,452,402,16,886,773,28,731,636,21,Finisher,2208
Bruno,Campos Bueno Bufalari,Bruno Campos Bueno Bufalari,149,M30-34,Male,Curitiba,Paraná,Brazil,BR,0:55:51,3:07:52,1:52:40,0:04:28,0:03:33,6:04:23,3351,11272,6760,268,213,21863,732,637,92,1224,1029,139,922,803,110,732,637,92,Finisher,1603
Fernando,Alves,Fernando Alves,324,M35-39,Male,,,Brazil,BR,0:44:16,2:57:10,2:15:49,0:04:38,0:02:35,6:04:28,2656,10630,8149,278,155,21868,733,638,139,1002,858,182,642,575,128,733,638,139,Finisher,1282
Luca,Barcik Glaser,Luca Barcik Glaser,510,F35-39,Female,Curitiba,PR,Brazil,BR,0:31:28,3:06:35,2:21:46,0:02:55,0:01:44,6:04:28,1888,11195,8506,175,104,21868,734,96,18,172,12,1,552,51,8,734,96,18,Finisher,2321
Ana,Yoshida,Ana Yoshida,497,F30-34,Female,LONDRINA,Paraná,Brazil,BR,0:33:22,3:08:31,2:16:33,0:04:03,0:02:01,6:04:29,2002,11311,8193,243,121,21869,735,97,18,271,22,3,635,66,12,735,97,18,Finisher,2291
Dalton,Alessandro Damoulis,Dalton Alessandro Damoulis,1237,M50-54,Male,Curitiba,PR,Brazil,BR,0:42:54,3:01:56,2:10:09,0:05:49,0:03:44,6:04:33,2574,10916,7809,349,224,21873,736,639,33,949,814,59,701,621,35,736,639,33,Finisher,1902
Melissa,Evaristo Alves,Melissa Evaristo Alves,1006,F18-24,Female,Franca,SP,Brazil,BR,0:41:20,3:01:49,2:13:30,0:04:57,0:02:59,6:04:35,2480,10909,8010,297,179,21875,737,98,9,847,119,8,668,70,7,737,98,9,Finisher,2344
João,Navas,João Navas,704,M40-44,Male,Curitiba,Paraná,Brazil,BR,0:40:11,3:05:12,2:08:48,0:05:51,0:04:36,6:04:37,2411,11112,7728,351,276,21877,738,640,143,759,658,131,712,630,133,738,640,143,Finisher,1574
Levy,Rogerio Winnikes Scarpim,Levy Rogerio Winnikes Scarpim,1243,M50-54,Male,Curitiba,PR,Brazil,BR,0:40:07,3:11:49,2:03:14,0:05:35,0:03:55,6:04:39,2407,11509,7394,335,235,21879,739,641,34,752,652,43,798,698,42,739,641,34,Finisher,1900
Erika,Feltrin,Erika Feltrin,505,F35-39,Female,,,Brazil,BR,0:39:13,3:20:01,1:57:43,0:05:19,0:02:35,6:04:51,2353,12001,7063,319,155,21891,740,99,19,687,90,22,884,113,20,740,99,19,Finisher,2314
Rodrigo,Block,Rodrigo Block,646,M40-44,Male,,,Brazil,BR,0:44:33,3:10:25,2:02:45,0:05:16,0:02:19,6:05:18,2673,11425,7365,316,139,21918,741,642,144,1015,869,182,830,726,156,741,642,144,Finisher,1562
Wellington,Lima Aragao,Wellington Lima Aragao,890,M45-49,Male,,,Brazil,BR,0:37:46,3:11:47,2:06:26,0:05:41,0:03:58,6:05:38,2266,11507,7586,341,238,21938,742,643,110,574,501,80,765,670,118,742,643,110,Finisher,1368
Danilo,Jose Dos Santos,Danilo Jose Dos Santos,1054,M18-24,Male,,,Brazil,BR,0:41:05,3:11:33,2:05:23,0:05:51,0:02:06,6:05:58,2465,11493,7523,351,126,21958,743,644,20,824,710,25,813,710,22,743,644,20,Finisher,2004
EDGLEY,MACIEL LACERDA,EDGLEY MACIEL LACERDA,989,M45-49,Male,CAMPINA GRANDE,PB,Brazil,BR,0:31:36,3:03:01,2:22:51,0:05:44,0:02:51,6:06:04,1896,10981,8571,344,171,21964,744,645,111,181,169,18,548,498,82,744,645,111,Finisher,1360
Alexandre,Buttazzi,Alexandre Buttazzi,1245,M50-54,Male,Sao Paulo,SP,Brazil,BR,0:36:16,3:01:23,2:21:01,0:04:08,0:03:17,6:06:06,2176,10883,8461,248,197,21966,745,646,35,469,416,20,566,513,28,745,646,35,Finisher,1874
Frederico,Miguel Dos Santos,Frederico Miguel Dos Santos,783,M40-44,Male,,,Brazil,BR,0:39:54,3:09:15,2:10:12,0:03:47,0:02:58,6:06:07,2394,11355,7812,227,178,21967,746,647,145,735,637,128,734,648,138,746,647,145,Finisher,1547
Guilherme,Saboia,Guilherme Saboia,1350,M50-54,Male,Curitiba,PR,Brazil,BR,0:28:03,3:08:47,2:22:55,0:04:26,0:02:13,6:06:24,1683,11327,8575,266,133,21984,747,648,36,38,35,1,555,504,26,747,648,36,Finisher,1868
Andre,Zanelatto de Araujo,Andre Zanelatto de Araujo,1348,M25-29,Male,Curitiba,BR-PR,Brazil,BR,0:38:10,3:07:24,2:13:33,0:04:00,0:03:22,6:06:28,2290,11244,8013,240,202,21988,748,649,64,608,526,56,689,612,60,748,649,64,Finisher,1505
Gregorio,Nissel Schmidt,Gregorio Nissel Schmidt,1111,M25-29,Male,,,Brazil,BR,0:40:11,3:09:05,2:06:49,0:06:21,0:04:13,6:06:38,2411,11345,7609,381,253,21998,749,650,65,761,660,66,769,673,67,749,650,65,Finisher,1502
Guilherme,Ramos,Guilherme Ramos,144,M30-34,Male,,,Brazil,BR,0:44:00,2:53:00,2:22:10,0:04:46,0:02:45,6:06:41,2640,10380,8530,286,165,22001,750,651,93,989,847,116,563,510,76,750,651,93,Finisher,1562
Anderson,Ricardo De Souza,Anderson Ricardo De Souza,991,M45-49,Male,,,Brazil,BR,0:41:13,3:08:41,2:02:36,0:08:17,0:06:01,6:06:49,2473,11321,7356,497,361,22009,751,652,112,838,721,122,807,707,125,751,652,112,Finisher,1347
Adolfo José,De Oliveira,Adolfo José De Oliveira,1323,M65-69,Male,São Sebastião,SP,Brazil,BR,0:46:29,2:48:45,2:23:25,0:05:07,0:03:20,6:07:06,2789,10125,8605,307,200,22026,752,653,2,1078,915,5,547,497,1,752,653,2,Finisher,3291
Mauricio,Jose Bubiniak,Mauricio Jose Bubiniak,967,M45-49,Male,,,Brazil,BR,0:42:10,3:09:13,2:07:36,0:04:36,0:03:37,6:07:12,2530,11353,7656,276,217,22032,753,654,113,899,775,130,773,677,120,753,654,113,Finisher,1340
Gilson,Ferri,Gilson Ferri,181,M30-34,Male,Coronel Vivida ,Paraná,Brazil,BR,0:36:43,3:12:36,2:10:11,0:04:55,0:02:49,6:07:15,2203,11556,7811,295,169,22035,754,655,94,495,439,65,752,659,91,754,655,94,Finisher,1552
Gabriel,Perugini,Gabriel Perugini,1100,M25-29,Male,Indaiatuba,SP,Brazil,BR,0:39:19,3:06:48,2:14:06,0:04:23,0:02:41,6:07:17,2359,11208,8046,263,161,22037,755,656,66,694,604,63,699,619,61,755,656,66,Finisher,1490
Euvis,Ferreira Gomes Da Silva,Euvis Ferreira Gomes Da Silva,331,M35-39,Male,,,Brazil,BR,0:48:38,3:12:10,1:58:50,0:05:55,0:01:44,6:07:17,2918,11530,7130,355,104,22037,756,657,140,1142,961,199,907,790,168,756,657,140,Finisher,1231
Nilson,Da Rocha Monteiro,Nilson Da Rocha Monteiro,1198,M50-54,Male,,,Brazil,BR,0:43:09,3:15:20,2:01:07,0:05:07,0:02:46,6:07:30,2589,11720,7267,307,166,22050,757,658,37,958,822,62,873,763,49,757,658,37,Finisher,1849
Daniel,Moraes,Daniel Moraes,1246,M50-54,Male,CAMPINAS,SÃO PAULO,Brazil,BR,0:34:37,3:16:03,2:09:50,0:04:24,0:02:36,6:07:30,2077,11763,7790,264,156,22050,758,659,38,334,305,15,764,669,39,758,659,38,Finisher,1849
Rudi,Finger Junior,Rudi Finger Junior,884,M45-49,Male,Brasília,Distrito Federal,Brazil,BR,0:36:50,3:17:10,2:05:01,0:04:37,0:04:02,6:07:39,2210,11830,7501,277,242,22059,759,660,114,503,446,69,816,713,128,759,660,114,Finisher,1332
Everson,Feix,Everson Feix,1283,M55-59,Male,Curitiba,BR-PR,Brazil,BR,0:34:39,2:58:42,2:24:26,0:05:12,0:04:45,6:07:44,2079,10722,8666,312,285,22064,760,661,22,340,311,10,521,476,16,760,661,22,Finisher,2146
Carlos,Eduardo De Lara,Carlos Eduardo De Lara,883,M45-49,Male,,,Brazil,BR,0:46:27,3:19:58,1:52:34,0:05:05,0:03:40,6:07:45,2787,11998,6754,305,220,22065,761,662,115,1077,914,151,944,819,143,761,662,115,Finisher,1330
ANDRE,FERREIRA DA SILVA,ANDRE FERREIRA DA SILVA,950,M45-49,Male,PIRAQUARA,PR,Brazil,BR,0:46:37,3:17:22,1:49:40,0:08:09,0:06:03,6:07:52,2797,11842,6580,489,363,22072,762,663,116,1084,919,152,951,825,148,762,663,116,Finisher,1328
Luciano,Bueno,Luciano Bueno,660,M40-44,Male,,,Brazil,BR,0:35:34,3:17:02,2:08:21,0:04:14,0:02:42,6:07:52,2134,11822,7701,254,162,22072,763,664,146,413,371,76,784,687,145,763,664,146,Finisher,1516
GABRIEL,LUCHETA VENTURA,GABRIEL LUCHETA VENTURA,350,M35-39,Male,Curitiba,PR,Brazil,BR,0:38:32,2:50:08,2:33:53,0:03:07,0:02:30,6:08:10,2312,10208,9233,187,150,22090,764,665,141,642,559,119,399,369,80,764,665,141,Finisher,1215
Joao,Vitor Vicente Franco De Souza,Joao Vitor Vicente Franco De Souza,1029,M18-24,Male,Curitiba,PR,Brazil,BR,0:38:03,2:55:50,2:28:28,0:03:57,0:02:02,6:08:20,2283,10550,8908,237,122,22100,765,666,21,597,516,16,505,461,14,765,666,21,Finisher,1962
Joao,Carlin Ferreira Padilha,Joao Carlin Ferreira Padilha,1288,M55-59,Male,Araucaria,PR,Brazil,BR,0:37:26,3:01:38,2:22:25,0:04:38,0:02:17,6:08:23,2246,10898,8545,278,137,22103,766,667,23,550,483,20,596,539,18,766,667,23,Finisher,2134
Giovanni,Luis Muiniki,Giovanni Luis Muiniki,339,M35-39,Male,,,Brazil,BR,0:53:34,3:03:20,2:00:37,0:07:29,0:03:32,6:08:31,3214,11000,7237,449,212,22111,767,668,142,1215,1021,217,881,770,166,767,668,142,Finisher,1209
Fabio,Ebrahim,Fabio Ebrahim,941,M45-49,Male,Curitiba ,Paraná ,Brazil,BR,0:37:35,3:10:14,2:14:06,0:04:30,0:02:08,6:08:33,2255,11414,8046,270,128,22113,768,669,117,561,491,76,726,640,111,768,669,117,Finisher,1316
Evandro Jose,Freitag Dutra,Evandro Jose Freitag Dutra,1270,M55-59,Male,Curitiba,Paraná,Brazil,BR,0:37:43,3:06:15,2:14:09,0:06:11,0:04:15,6:08:33,2263,11175,8049,371,255,22113,769,670,24,567,495,22,697,618,23,769,670,24,Finisher,2131
LEANDRO,DUARTE DOS SANTOS,LEANDRO DUARTE DOS SANTOS,702,M40-44,Male,GUARATUBA,PR,Brazil,BR,0:38:17,3:03:09,2:19:12,0:04:38,0:03:25,6:08:41,2297,10989,8352,278,205,22121,770,671,147,614,532,108,641,574,124,770,671,147,Finisher,1501
Marco,Aurelio Di Venere Menezes,Marco Aurelio Di Venere Menezes,791,M40-44,Male,Santo andre,São paulo,Brazil,BR,0:37:20,3:07:10,2:09:50,0:07:55,0:06:33,6:08:48,2240,11230,7790,475,393,22128,771,672,148,541,474,102,728,642,136,771,672,148,Finisher,1499
Matheus,Rayol,Matheus Rayol,222,M30-34,Male,Rio De Janeiro,RJ,Brazil,BR,0:47:11,3:14:16,1:59:08,0:05:26,0:03:00,6:09:01,2831,11656,7148,326,180,22141,772,673,95,1107,936,126,909,792,107,772,673,95,Finisher,1520
Silvio,Saiti Romao Iwata,Silvio Saiti Romao Iwata,418,M35-39,Male,MARINGA,PARANA,Brazil,BR,0:28:45,2:52:45,2:43:13,0:02:41,0:02:09,6:09:33,1725,10365,9793,161,129,22173,773,674,143,52,49,5,284,267,53,773,674,143,Finisher,1190
GABRIEL,KARLOH,GABRIEL KARLOH,1058,M18-24,Male,Curitiba,PR,Brazil,BR,0:36:03,3:07:52,2:18:32,0:04:00,0:03:15,6:09:42,2163,11272,8312,240,195,22182,774,675,22,446,398,12,666,597,18,774,675,22,Finisher,1937
Julio,De Angeli,Julio De Angeli,1265,M55-59,Male,SAO PAULO,SP,Brazil,BR,0:39:55,3:17:29,2:04:24,0:04:01,0:04:02,6:09:51,2395,11849,7464,241,242,22191,775,676,25,737,639,25,848,743,27,775,676,25,Finisher,2108
ROGÉRIO,TAVARES DA ROCHA,ROGÉRIO TAVARES DA ROCHA,1003,M45-49,Male,"Curitiba, Parana, Brasil",PR,Brazil,BR,0:40:47,3:05:19,2:15:19,0:05:11,0:03:17,6:09:54,2447,11119,8119,311,197,22194,776,677,118,798,690,117,713,631,108,776,677,118,Finisher,1291
Renata,Tonon Veit,Renata Tonon Veit,1419,F35-39,Female,Foz do Iguaçu,Paraná,Brazil,BR,0:39:13,3:13:09,2:10:43,0:04:42,0:02:14,6:10:01,2353,11589,7843,282,134,22201,777,100,20,686,89,21,787,98,17,777,100,20,Finisher,2221
Sidney,Cardoso Ferreira Damacena,Sidney Cardoso Ferreira Damacena,841,M45-49,Male,Curitiba,PR,Brazil,BR,0:40:11,3:12:48,2:08:46,0:04:51,0:03:54,6:10:30,2411,11568,7726,291,234,22230,778,678,119,760,659,112,802,702,124,778,678,119,Finisher,1280
ITALO,IGOR LEONE,ITALO IGOR LEONE,180,M30-34,Male,,,Brazil,BR,0:41:33,3:10:09,2:12:35,0:03:59,0:02:15,6:10:32,2493,11409,7955,239,135,22232,779,679,96,862,741,101,770,674,94,779,679,96,Finisher,1493
Victor,Almeida,Victor Almeida,656,M40-44,Male,Jambeiro,SP,Brazil,BR,0:40:41,3:27:33,1:52:25,0:06:34,0:03:21,6:10:33,2441,12453,6745,394,201,22233,780,680,149,787,680,138,975,843,180,780,680,149,Finisher,1467
Jesse,Barbosa Pedro,Jesse Barbosa Pedro,753,M40-44,Male,,,Brazil,BR,0:40:46,3:14:29,2:05:43,0:05:58,0:03:55,6:10:52,2446,11669,7543,358,235,22252,781,681,150,796,689,143,843,738,159,781,681,150,Finisher,1462
Erick,Pruner Valentin,Erick Pruner Valentin,191,M30-34,Male,Curitiba,PR,Brazil,BR,0:47:19,3:11:41,2:03:23,0:04:27,0:04:03,6:10:53,2839,11501,7403,267,243,22253,782,682,97,1108,937,127,871,762,104,782,682,97,Finisher,1486
Matheus,Ferreira,Matheus Ferreira,657,M40-44,Male,Rio De Janeiro,RJ,Brazil,BR,0:38:30,3:15:19,2:08:00,0:05:40,0:03:25,6:10:55,2310,11719,7680,340,205,22255,783,683,151,641,558,113,818,715,154,783,683,151,Finisher,1461
Camila,B C Brasil Mafud,Camila B C Brasil Mafud,560,F40-44,Female,Ribeirao Preto,SP,Brazil,BR,0:34:37,3:29:31,1:57:58,0:06:33,0:02:45,6:11:24,2077,12571,7078,393,165,22284,784,101,16,333,29,5,938,124,21,784,101,16,Finisher,2218
Leonardo,Zanela Delmasquio,Leonardo Zanela Delmasquio,190,M30-34,Male,,,Brazil,BR,0:44:00,3:23:18,1:53:56,0:06:38,0:03:34,6:11:26,2640,12198,6836,398,214,22286,785,684,98,988,846,115,967,839,116,785,684,98,Finisher,1476
Conrado Pimentel,De Azevedo,Conrado Pimentel De Azevedo,988,M45-49,Male,CURITIBA,,Brazil,BR,0:47:32,3:12:09,2:02:39,0:05:00,0:04:12,6:11:33,2852,11529,7359,300,252,22293,786,685,120,1113,941,158,885,772,134,786,685,120,Finisher,1262
Leonardo,Arantes,Leonardo Arantes,1205,M50-54,Male,São Paulo,São Paulo,Brazil,BR,0:42:47,2:59:16,2:19:44,0:07:20,0:02:31,6:11:38,2567,10756,8384,440,151,22298,787,686,39,943,808,58,684,607,33,787,686,39,Finisher,1774
ANA,PAULA DE OLIVEIRA,ANA PAULA DE OLIVEIRA,592,F45-49,Female,ARAUCARIA,PR,Brazil,BR,0:38:03,3:03:41,2:24:21,0:03:42,0:02:12,6:12:00,2283,11021,8661,222,132,22320,788,102,14,598,82,10,624,65,8,788,102,14,Finisher,2122
Celso,Yuji Yonehara,Celso Yuji Yonehara,1313,M60-64,Male,SAO PAULO,SP,Brazil,BR,0:41:20,3:12:18,2:12:44,0:03:46,0:02:03,6:12:11,2480,11538,7964,226,123,22331,789,687,4,848,729,9,797,697,5,789,687,4,Finisher,2569
Luiz,Eduardo Turra,Luiz Eduardo Turra,876,M45-49,Male,CURITIBA,PR,Brazil,BR,0:41:10,3:09:18,2:13:10,0:06:40,0:01:56,6:12:14,2470,11358,7990,400,116,22334,790,688,121,831,716,120,791,693,123,790,688,121,Finisher,1249
Ludmilla,Maschion,Ludmilla Maschion,529,F35-39,Female,São Paulo,SP,Brazil,BR,0:48:46,3:08:27,2:06:59,0:05:11,0:03:03,6:12:25,2926,11307,7619,311,183,22345,791,103,21,1147,182,35,857,108,19,791,103,21,Finisher,2178
Rodrigo,Sebollela Duque Estrada Regis,Rodrigo Sebollela Duque Estrada Regis,997,M45-49,Male,Rio de Janeiro,Rio de Janeiro,Brazil,BR,0:43:10,3:18:50,2:02:52,0:05:39,0:01:57,6:12:28,2590,11930,7372,339,117,22348,792,689,122,959,823,139,916,799,138,792,689,122,Finisher,1245
Yuri,Mourao Dionisio,Yuri Mourao Dionisio,625,M40-44,Male,Rio De Janeiro,RJ,Brazil,BR,0:42:21,3:09:44,2:13:30,0:04:26,0:02:30,6:12:31,2541,11384,8010,266,150,22351,793,690,152,912,784,162,778,682,144,793,690,152,Finisher,1432
Denise,Nair Pasini Pegoraro,Denise Nair Pasini Pegoraro,543,F40-44,Female,Cascavel,BR-PR,Brazil,BR,0:41:30,3:22:06,2:02:14,0:04:43,0:01:59,6:12:32,2490,12126,7334,283,119,22352,794,104,17,860,121,22,923,120,20,794,104,17,Finisher,2197
Tiago,Rinaldin,Tiago Rinaldin,763,M40-44,Male,Curitiba,PR,Brazil,BR,0:42:29,3:13:09,2:06:11,0:08:52,0:02:28,6:13:09,2549,11589,7571,532,148,22389,795,691,153,922,791,164,883,771,167,795,691,153,Finisher,1421
VALDILENO,BEZERRA DA SILVA,VALDILENO BEZERRA DA SILVA,1252,M50-54,Male,CURITIBA,PR,Brazil,BR,0:43:09,3:12:36,2:09:42,0:05:19,0:02:34,6:13:19,2589,11556,7782,319,154,22399,796,692,40,957,821,61,840,735,46,796,692,40,Finisher,1744
GABRIELA,DE CONTO BETT,GABRIELA DE CONTO BETT,547,F40-44,Female,MEDIANEIRA,PR,Brazil,BR,0:39:26,3:10:32,2:17:47,0:03:36,0:02:01,6:13:22,2366,11432,8267,216,121,22402,797,105,18,699,91,16,746,92,16,797,105,18,Finisher,2182
Thiago,Vieira De Mello,Thiago Vieira De Mello,265,M35-39,Male,Curitiba,PR,Brazil,BR,0:36:35,3:12:03,2:18:45,0:03:13,0:02:48,6:13:23,2195,11523,8325,193,168,22403,798,693,144,488,433,85,719,635,142,798,693,144,Finisher,1121
Cesar Leandro,Prato,Cesar Leandro Prato,1227,M50-54,Male,Curitiba,Paraná,Brazil,BR,0:43:42,3:17:40,2:01:33,0:07:08,0:03:22,6:13:25,2622,11860,7293,428,202,22405,799,694,41,982,841,64,924,804,56,799,694,41,Finisher,1742
JOAO,HENRIQUE LIMA DE OLIVEIRA FILHO,JOAO HENRIQUE LIMA DE OLIVEIRA FILHO,307,M35-39,Male,MANAUS,AMAZONAS,Brazil,BR,0:40:23,3:04:51,2:21:23,0:04:48,0:02:06,6:13:31,2423,11091,8483,288,126,22411,800,695,145,770,668,140,694,616,136,800,695,145,Finisher,1119
Leonardo,Scherr Brandi,Leonardo Scherr Brandi,847,M45-49,Male,Nova Lima,MG,Brazil,BR,0:38:47,3:14:38,2:11:10,0:05:07,0:03:51,6:13:32,2327,11678,7870,307,231,22412,801,696,123,657,573,93,814,711,127,801,696,123,Finisher,1226
Diego,Marins Massara,Diego Marins Massara,465,M35-39,Male,,,Brazil,BR,0:31:56,3:08:37,2:24:29,0:04:54,0:03:49,6:13:46,1916,11317,8669,294,229,22426,802,697,146,209,194,36,625,560,125,802,697,146,Finisher,1115
Gustavo,Oliveira,Gustavo Oliveira,781,M40-44,Male,Joinville,Santa Catarina,Brazil,BR,0:41:44,3:06:17,2:18:53,0:04:37,0:02:25,6:13:55,2504,11177,8333,277,145,22435,803,698,154,869,748,155,729,643,137,803,698,154,Finisher,1407
MAURICIO,DE MORAES LUZ,MAURICIO DE MORAES LUZ,802,M40-44,Male,SAO PAULO,SP,Brazil,BR,0:49:30,3:06:39,2:08:43,0:04:34,0:04:30,6:13:56,2970,11199,7723,274,270,22436,804,699,155,1169,983,206,837,732,158,804,699,155,Finisher,1406
Yashmim,Danielle Santos Silva,Yashmim Danielle Santos Silva,1007,F18-24,Female,Goiania,GO,Brazil,BR,0:49:21,3:19:58,1:59:12,0:02:47,0:02:39,6:13:57,2961,11998,7152,167,159,22437,805,106,10,1162,185,11,950,126,11,805,106,10,Finisher,2175
Alexandra,Damasio Todescatto,Alexandra Damasio Todescatto,495,F30-34,Female,Curitiba,PR,Brazil,BR,0:39:36,3:19:04,2:09:49,0:03:53,0:01:39,6:14:01,2376,11944,7789,233,99,22441,806,107,19,708,94,13,859,109,22,806,107,19,Finisher,2119
Alexey,Hora,Alexey Hora,1253,M50-54,Male,Barueri,BR-SP,Brazil,BR,0:40:03,3:14:49,2:10:34,0:05:07,0:03:38,6:14:11,2403,11689,7834,307,218,22451,807,700,42,745,645,41,826,723,44,807,700,42,Finisher,1728
Alan,Aires Lopes,Alan Aires Lopes,845,M45-49,Male,Manaus,Amazonas,Brazil,BR,0:37:41,2:55:04,2:21:12,0:04:30,0:15:48,6:14:15,2261,10504,8472,270,948,22455,808,701,124,565,493,77,498,454,74,808,701,124,Finisher,1213
NILCEIA,MABEL KLOSTER SPACHYNSKI VEIGANT,NILCEIA MABEL KLOSTER SPACHYNSKI VEIGANT,1149,F50-54,Female,GUARAPUAVA,BR-PR,Brazil,BR,0:42:21,3:21:57,2:03:10,0:04:32,0:02:17,6:14:17,2541,12117,7390,272,137,22457,809,108,7,913,129,10,926,121,8,809,108,7,Finisher,2605
Rodrigo,Capaz,Rodrigo Capaz,877,M45-49,Male,Canaa Dos Carajas,BR-PA,Brazil,BR,0:42:44,3:16:25,2:06:04,0:06:25,0:03:00,6:14:38,2564,11785,7564,385,180,22478,810,702,125,938,805,135,895,781,135,810,702,125,Finisher,1206
Francini,Kiyono Jorge Yatsu,Francini Kiyono Jorge Yatsu,568,F40-44,Female,,,Brazil,BR,0:47:36,3:27:33,1:49:58,0:06:35,0:03:00,6:14:41,2856,12453,6598,395,180,22481,811,109,19,1119,176,31,1031,144,26,811,109,19,Finisher,2159
Camilla,Cardoso Da Silva,Camilla Cardoso Da Silva,484,F30-34,Female,Lagoa Santa,Minas Gerais,Brazil,BR,0:44:55,3:11:41,2:12:50,0:03:30,0:01:55,6:14:50,2695,11501,7970,210,115,22490,812,110,20,1033,148,29,828,104,20,812,110,20,Finisher,2104
Felipe,Guimaraes,Felipe Guimaraes,786,M40-44,Male,Sao Paulo,Sao Paulo,Brazil,BR,0:40:12,3:12:28,2:13:50,0:04:27,0:03:54,6:14:51,2412,11548,8030,267,234,22491,813,703,156,762,661,132,789,691,148,813,703,156,Finisher,1390
Erich,Stefan Keller,Erich Stefan Keller,762,M40-44,Male,,,Brazil,BR,0:51:04,3:16:36,1:58:05,0:04:51,0:04:18,6:14:55,3064,11796,7085,291,258,22495,814,704,157,1191,1004,208,954,827,177,814,704,157,Finisher,1389
Vivian,Aguiar Paiva,Vivian Aguiar Paiva,513,F35-39,Female,,,Brazil,BR,0:41:52,3:34:27,1:52:14,0:04:23,0:02:40,6:15:36,2512,12867,6734,263,160,22536,815,111,22,878,123,24,1021,143,27,815,111,22,Finisher,2120
Andre,Goncalves Buschle,Andre Goncalves Buschle,259,M35-39,Male,,,Brazil,BR,0:39:38,3:19:50,2:09:56,0:04:21,0:02:03,6:15:47,2378,11990,7796,261,123,22547,816,705,147,711,617,132,875,765,165,816,705,147,Finisher,1078
Eduardo,Hecke Guimaraes,Eduardo Hecke Guimaraes,780,M40-44,Male,,,Brazil,BR,0:40:45,3:15:15,2:07:39,0:07:20,0:05:04,6:16:03,2445,11715,7659,440,304,22563,817,706,158,793,686,142,868,759,165,817,706,158,Finisher,1368
Thiago,Arthur Augustynczyk Wawrek,Thiago Arthur Augustynczyk Wawrek,205,M30-34,Male,,,Brazil,BR,0:50:19,3:05:07,2:12:06,0:04:42,0:03:51,6:16:04,3019,11107,7926,282,231,22564,818,707,99,1180,993,134,829,725,98,818,707,99,Finisher,1393
Carlos,Alberto Wiebusch Martins,Carlos Alberto Wiebusch Martins,1224,M50-54,Male,,,Brazil,BR,0:35:40,3:09:17,2:19:18,0:08:16,0:03:34,6:16:05,2140,11357,8358,496,214,22565,819,708,43,421,377,18,738,650,37,819,708,43,Finisher,1694
Fernando,Ribeiro,Fernando Ribeiro,258,M35-39,Male,Ponta Grossa,PR,Brazil,BR,0:46:38,3:05:59,2:15:18,0:05:00,0:03:38,6:16:32,2798,11159,8118,300,218,22592,820,709,148,1085,920,195,799,699,151,820,709,148,Finisher,1065
Leticia,De Avila Carvalho,Leticia De Avila Carvalho,1011,F18-24,Female,Formosa,GO,Brazil,BR,0:40:34,3:26:12,2:01:22,0:04:39,0:03:49,6:16:36,2434,12372,7282,279,229,22596,821,112,11,781,106,7,941,125,10,821,112,11,Finisher,2127
Ualisson,Dias De Oliveira,Ualisson Dias De Oliveira,1239,M50-54,Male,Curitiba,PR,Brazil,BR,0:40:36,3:05:08,2:22:01,0:04:13,0:04:38,6:16:36,2436,11108,8521,253,278,22596,822,710,44,785,678,48,693,615,34,822,710,44,Finisher,1685
Paulo,Henrique Sartori,Paulo Henrique Sartori,722,M40-44,Male,Limeira,SP,Brazil,BR,0:47:34,3:18:56,2:03:26,0:03:56,0:02:46,6:16:38,2854,11936,7406,236,166,22598,823,711,159,1115,943,197,937,814,175,823,711,159,Finisher,1358
Leticia,Calonge,Leticia Calonge,589,F45-49,Female,BURLINGAME,CA,Brazil,BR,0:42:12,3:09:59,2:15:17,0:06:12,0:03:00,6:16:40,2532,11399,8117,372,180,22600,824,113,15,903,126,18,812,103,16,824,113,15,Finisher,2038
Jacqueline,Menezes,Jacqueline Menezes,481,F30-34,Female,São paulo,SÃO PAULO,Brazil,BR,0:41:28,3:14:34,2:11:08,0:04:20,0:05:14,6:16:45,2488,11674,7868,260,314,22605,825,114,21,856,120,22,831,105,21,825,114,21,Finisher,2070
Breno,Barreto Medeiros,Breno Barreto Medeiros,1384,M45-49,Male,,,Brazil,BR,0:46:26,3:12:48,2:10:11,0:04:28,0:02:54,6:16:47,2786,11568,7811,268,174,22607,826,712,126,1075,912,150,874,764,132,826,712,126,Finisher,1167
Cristiane,Castro,Cristiane Castro,1155,F50-54,Female,Curitiba,PARANA,Brazil,BR,0:33:53,3:10:33,2:25:20,0:04:12,0:02:51,6:16:49,2033,11433,8720,252,171,22609,827,115,8,297,25,2,676,74,6,827,115,8,Finisher,2559
Lucas,Ambrosio Rosa Costa,Lucas Ambrosio Rosa Costa,1375,M30-34,Male,Coxim,MS,Brazil,BR,0:41:54,3:18:52,2:04:21,0:06:23,0:05:19,6:16:50,2514,11932,7461,383,319,22610,828,713,100,882,758,105,910,793,108,828,713,100,Finisher,1379
Nilson,Da Silva Junior,Nilson Da Silva Junior,972,M45-49,Male,Pinhais,PR,Brazil,BR,0:46:41,3:11:01,2:10:02,0:06:18,0:02:54,6:16:55,2801,11461,7802,378,174,22615,829,714,127,1087,922,153,877,766,133,829,714,127,Finisher,1165
Pedro,Agusuto Mello Oliveira Andrade,Pedro Agusuto Mello Oliveira Andrade,352,M35-39,Male,Curitiba,PR,Brazil,BR,0:42:15,3:03:30,2:23:33,0:04:20,0:03:22,6:16:59,2535,11010,8613,260,202,22619,830,715,149,906,779,168,695,617,137,830,715,149,Finisher,1057
Lucas,José Danielak,Lucas José Danielak,1122,M25-29,Male,Curitiba,PR,Brazil,BR,0:40:18,3:07:22,2:21:28,0:04:59,0:03:01,6:17:08,2418,11242,8488,299,181,22628,831,716,67,765,664,67,731,645,63,831,716,67,Finisher,1313
JULIANO,JOSE RODRIGUES,JULIANO JOSE RODRIGUES,825,M45-49,Male,LONDRINA,PR,Brazil,BR,0:38:57,3:02:36,2:26:55,0:05:30,0:03:17,6:17:14,2337,10956,8815,330,197,22634,832,717,128,671,585,96,655,586,102,832,717,128,Finisher,1159
Camila,Cancian,Camila Cancian,519,F35-39,Female,Curitiba,Paraná,Brazil,BR,0:46:53,3:26:47,1:57:01,0:04:44,0:01:55,6:17:19,2813,12407,7021,284,115,22639,833,116,23,1092,167,32,1007,140,26,833,116,23,Finisher,2090
MARCELO,TADEU LONGO,MARCELO TADEU LONGO,1181,M50-54,Male,SAO PAULO,SP,Brazil,BR,0:40:01,3:16:15,2:13:35,0:05:23,0:02:07,6:17:21,2401,11775,8015,323,127,22641,834,718,45,743,644,40,851,745,47,834,718,45,Finisher,1671
Kassio,Manoel Barros Calixtro,Kassio Manoel Barros Calixtro,113,M30-34,Male,,,Brazil,BR,0:42:00,3:09:44,2:18:43,0:04:37,0:02:33,6:17:37,2520,11384,8323,277,153,22657,835,719,101,888,764,108,776,680,95,835,719,101,Finisher,1365
Carlos,Roberto Santos,Carlos Roberto Santos,1321,M65-69,Male,SÃO PAULO,BR-SP,Brazil,BR,0:38:20,3:13:12,2:17:43,0:05:03,0:03:22,6:17:40,2300,11592,8263,303,202,22660,836,720,3,622,540,1,779,683,3,836,720,3,Finisher,3101
Raphael,Maia E Silva,Raphael Maia E Silva,703,M40-44,Male,CURITIBA,PARANA,Brazil,BR,0:42:36,3:15:27,2:12:39,0:04:47,0:02:22,6:17:51,2556,11727,7959,287,142,22671,837,721,160,928,797,165,862,753,162,837,721,160,Finisher,1336
Gabriel,Boal,Gabriel Boal,789,M40-44,Male,PIRACICABA,SAO PAULO,Brazil,BR,0:41:00,3:17:13,2:11:33,0:05:10,0:02:55,6:17:52,2460,11833,7893,310,175,22672,838,722,161,816,703,149,870,761,166,838,722,161,Finisher,1336
Vivian,De Oliveira,Vivian De Oliveira,574,F45-49,Female,São Paulo,SP,Brazil,BR,0:39:35,3:44:44,1:46:58,0:04:52,0:01:49,6:17:58,2375,13484,6418,292,109,22678,839,117,16,706,92,12,1087,159,26,839,117,16,Finisher,2014
Samuel,Caramori De Figueiredo,Samuel Caramori De Figueiredo,734,M40-44,Male,CURITIBA,Paraná,Brazil,BR,0:42:26,3:05:52,2:24:00,0:03:57,0:01:59,6:18:15,2546,11152,8640,237,119,22695,840,723,162,919,789,163,723,638,135,840,723,162,Finisher,1329
Lucas,Vasconcellos Pilkel,Lucas Vasconcellos Pilkel,814,M40-44,Male,,,Brazil,BR,0:40:44,3:15:06,2:11:08,0:07:06,0:04:23,6:18:27,2444,11706,7868,426,263,22707,841,724,163,792,685,141,865,756,164,841,724,163,Finisher,1325
Wellington,Brianezi Cavazzani,Wellington Brianezi Cavazzani,873,M45-49,Male,Campo Mourao,PR,Brazil,BR,0:31:49,3:15:57,2:21:06,0:05:46,0:03:54,6:18:32,1909,11757,8466,346,234,22712,842,725,129,195,182,19,744,653,115,842,725,129,Finisher,1136
Franco,demeterco,Franco demeterco,1114,M25-29,Male,Curitiba,Paraná,Brazil,BR,0:35:36,3:21:20,2:15:26,0:03:38,0:02:49,6:18:50,2136,12080,8126,218,169,22730,843,726,68,416,374,42,835,730,69,843,726,68,Finisher,1282
Ryan,More O'Ferrall,Ryan More O'Ferrall,237,M30-34,Male,Sao Vicente,Santa Catarina,Brazil,BR,0:39:17,3:12:32,2:13:37,0:07:58,0:05:26,6:18:50,2357,11552,8017,478,326,22730,844,727,102,691,601,89,821,718,97,844,727,102,Finisher,1343
Cassio,Almeida,Cassio Almeida,1434,M35-39,Male,Curitiba,PR,Brazil,BR,0:40:42,3:13:31,2:15:52,0:06:10,0:02:49,6:19:04,2442,11611,8152,370,169,22744,845,728,150,791,684,143,832,727,158,845,728,150,Finisher,1019
Percio,Almeida Fistarol Filho,Percio Almeida Fistarol Filho,156,M30-34,Male,Curitiba,PR,Brazil,BR,0:41:06,3:26:29,2:03:50,0:05:28,0:02:23,6:19:16,2466,12389,7430,328,143,22756,846,729,103,825,711,96,959,832,115,846,729,103,Finisher,1335
Paola,Buchholtz Carvalho,Paola Buchholtz Carvalho,487,F30-34,Female,Curitiba,PR,Brazil,BR,0:41:46,3:18:04,2:12:52,0:04:36,0:02:01,6:19:19,2506,11884,7972,276,121,22759,847,118,22,873,122,23,882,112,23,847,118,22,Finisher,2024
Leon,Zugman,Leon Zugman,130,M30-34,Male,Curitiba,Parana,Brazil,BR,0:39:46,3:10:49,2:20:19,0:04:46,0:03:46,6:19:27,2386,11449,8419,286,226,22767,848,730,104,720,624,92,766,671,92,848,730,104,Finisher,1332
Carlos,Sangiorgio,Carlos Sangiorgio,1310,M60-64,Male,Alphaville,SP,Brazil,BR,0:42:48,3:04:36,2:21:51,0:05:27,0:04:46,6:19:28,2568,11076,8511,327,286,22768,849,731,5,944,809,11,733,647,4,849,731,5,Finisher,2438
Matheus,Almada Selleti,Matheus Almada Selleti,1119,M25-29,Male,Curitiba,PR,Brazil,BR,0:40:08,3:05:52,2:27:43,0:03:10,0:02:49,6:19:40,2408,11152,8863,190,169,22780,850,732,69,754,654,65,679,605,58,850,732,69,Finisher,1267
PÂMELA,FERREIRA,PÂMELA FERREIRA,1026,F25-29,Female,Curitiba,Paraná,Brazil,BR,1:01:57,3:10:57,1:59:32,0:04:05,0:03:17,6:19:48,3717,11457,7172,245,197,22788,851,119,12,1250,196,16,989,136,12,851,119,12,Finisher,1915
Lucas,Rocha,Lucas Rocha,306,M35-39,Male,Sorocaba,SP,Brazil,BR,0:36:55,3:09:32,2:26:02,0:04:30,0:03:07,6:20:05,2215,11372,8762,270,187,22805,852,733,151,512,453,91,704,623,138,852,733,151,Finisher,1001
Danilo,Augusto Trotta,Danilo Augusto Trotta,463,M35-39,Male,São Paulo,SP,Brazil,BR,0:41:10,3:17:58,2:06:26,0:08:17,0:06:32,6:20:24,2470,11878,7586,497,392,22824,853,734,152,833,718,152,913,796,170,853,734,152,Finisher,995
Aaron,Luz,Aaron Luz,905,M45-49,Male,,,Brazil,BR,0:35:47,2:57:44,2:38:30,0:04:51,0:03:35,6:20:27,2147,10664,9510,291,215,22827,854,735,130,430,385,60,514,469,78,854,735,130,Finisher,1101
Antonio Carlos,Cortez Mauro,Antonio Carlos Cortez Mauro,1305,M60-64,Male,São José dos Campos,São Paulo,Brazil,BR,0:43:34,3:17:21,2:08:02,0:07:10,0:04:46,6:20:53,2614,11841,7682,430,286,22853,855,736,6,974,835,13,920,801,9,855,736,6,Finisher,2412
Alexandre Pietro,Deliberador,Alexandre Pietro Deliberador,1220,M50-54,Male,Quatro Barras,PR,Brazil,BR,0:41:28,3:08:33,2:21:16,0:04:37,0:05:01,6:20:55,2488,11313,8476,277,301,22855,856,737,46,857,737,53,756,663,38,856,737,46,Finisher,1607
Joceanne Yuri,Toma Cerizza,Joceanne Yuri Toma Cerizza,517,F35-39,Female,Curitiba,Paraná,Brazil,BR,0:35:17,3:25:25,2:11:25,0:04:58,0:03:58,6:21:03,2117,12325,7885,298,238,22863,857,120,24,391,37,5,897,116,22,857,120,24,Finisher,2022
Leonardo,Lisboa,Leonardo Lisboa,255,M35-39,Male,Curitiba,Paraná,Brazil,BR,0:31:16,3:12:21,2:31:35,0:03:34,0:02:20,6:21:06,1876,11541,9095,214,140,22866,858,738,153,158,148,26,658,589,129,858,738,153,Finisher,983
Fabio,Franzoni,Fabio Franzoni,1250,M50-54,Male,Pato Branco,PR,Brazil,BR,0:35:56,3:15:21,2:22:17,0:04:48,0:03:19,6:21:41,2156,11721,8537,288,199,22901,859,739,47,438,391,19,774,678,40,859,739,47,Finisher,1593
Mateus ,Lemos Fiebrantz,Mateus Lemos Fiebrantz,215,M30-34,Male,Curitiba,Paraná,Brazil,BR,0:38:20,2:59:02,2:36:04,0:06:01,0:02:23,6:21:50,2300,10742,9364,361,143,22910,860,740,105,623,541,82,592,535,78,860,740,105,Finisher,1289
Lucas,Alexandre De Mello Goldin,Lucas Alexandre De Mello Goldin,337,M35-39,Male,,,Brazil,BR,0:43:40,3:11:35,2:15:44,0:06:04,0:04:52,6:21:54,2620,11495,8144,364,292,22914,861,741,154,979,838,178,845,740,161,861,741,154,Finisher,968
Simone,Carreiro Vieira Karuta,Simone Carreiro Vieira Karuta,591,F45-49,Female,Curitiba,PR,Brazil,BR,0:35:12,3:14:10,2:27:05,0:03:59,0:01:31,6:21:56,2112,11650,8825,239,91,22916,862,121,17,381,35,5,740,89,13,862,121,17,Finisher,1943
Emerson,Leal Da Conceicao,Emerson Leal Da Conceicao,146,M30-34,Male,,,Brazil,BR,0:41:26,3:27:03,2:08:11,0:03:54,0:01:37,6:22:11,2486,12423,7691,234,97,22931,863,742,106,853,734,99,953,826,114,863,742,106,Finisher,1283
Rogerio,Goncalves,Rogerio Goncalves,1278,M55-59,Male,Berlin,,Brazil,BR,0:35:16,3:04:23,2:35:38,0:04:12,0:02:43,6:22:12,2116,11063,9338,252,163,22932,864,743,26,389,353,13,599,542,19,864,743,26,Finisher,1886
Elisangela,Souza,Elisangela Souza,1334,F50-54,Female,Curitiba,PARANA,Brazil,BR,0:43:13,3:38:46,1:53:59,0:04:11,0:02:08,6:22:16,2593,13126,6839,251,128,22936,865,122,9,962,137,12,1060,150,11,865,122,9,Finisher,2461
Franco,Chies Martins,Franco Chies Martins,687,M40-44,Male,,,Brazil,BR,0:47:31,3:19:37,2:09:06,0:03:51,0:02:13,6:22:18,2851,11977,7746,231,133,22938,866,744,164,1112,940,196,939,815,176,866,744,164,Finisher,1256
Thiago,Frasson,Thiago Frasson,934,M45-49,Male,Ponta Grossa,PR,Brazil,BR,0:41:58,3:24:29,2:07:39,0:04:59,0:03:38,6:22:43,2518,12269,7659,299,218,22963,867,745,131,884,760,129,942,817,142,867,745,131,Finisher,1061
Pedro,Vale Magalhaes De Sousa,Pedro Vale Magalhaes De Sousa,799,M40-44,Male,Sorocaba,SP,Brazil,BR,0:49:20,3:22:07,2:02:26,0:06:00,0:03:03,6:22:56,2960,12127,7346,360,183,22976,868,746,165,1161,977,205,996,859,186,868,746,165,Finisher,1244
David,Leandro Rodrigues Moreira,David Leandro Rodrigues Moreira,1430,M30-34,Male,Curitiba,PR,Brazil,BR,0:49:36,3:08:30,2:19:12,0:03:15,0:02:23,6:22:57,2976,11310,8352,195,143,22977,869,747,107,1171,985,132,847,742,100,869,747,107,Finisher,1269
Alexandre,Lima,Alexandre Lima,927,M45-49,Male,Rio de Janeiro,RIO DE JANEIRO,Brazil,BR,0:41:52,3:06:10,2:23:36,0:07:42,0:03:50,6:23:10,2512,11170,8616,462,230,22990,870,748,132,879,756,127,771,675,119,870,748,132,Finisher,1052
Jose Monteiro,Lins De Oliveira Junior,Jose Monteiro Lins De Oliveira Junior,908,M45-49,Male,Salvador,BA,Brazil,BR,0:34:16,3:10:38,2:27:26,0:04:26,0:06:44,6:23:29,2056,11438,8846,266,404,23009,871,749,133,321,294,43,682,606,103,871,749,133,Finisher,1047
Rafael,Palmeira,Rafael Palmeira,447,M35-39,Male,MOGI das cruzes,Sao Paulo,Brazil,BR,0:36:38,3:34:59,2:03:23,0:04:34,0:04:17,6:23:51,2198,12899,7403,274,257,23031,872,750,155,491,435,86,986,851,176,872,750,155,Finisher,933
Sabrina,Megumi De Fatima Matozo,Sabrina Megumi De Fatima Matozo,572,F40-44,Female,Curitiba,PR,Brazil,BR,0:37:39,3:21:21,2:16:46,0:04:57,0:03:21,6:24:03,2259,12081,8206,297,201,23043,873,123,20,564,72,13,876,111,19,873,123,20,Finisher,1990
Diego,Bruno Da Silva Farias,Diego Bruno Da Silva Farias,328,M35-39,Male,,,Brazil,BR,0:59:41,3:06:39,2:07:56,0:06:14,0:03:49,6:24:18,3581,11199,7676,374,229,23058,874,751,156,1245,1050,223,955,828,171,874,751,156,Finisher,925
Eric,Gozlan,Eric Gozlan,1192,M50-54,Male,curitiba,PARANÁ,Brazil,BR,0:44:28,3:27:27,2:00:22,0:07:07,0:05:04,6:24:28,2668,12447,7222,427,304,23068,875,752,48,1011,865,67,1011,871,67,875,752,48,Finisher,1543
Heraldo,Chupel,Heraldo Chupel,627,M40-44,Male,Fazenda Rio Grande,PR,Brazil,BR,0:44:44,3:16:17,2:13:04,0:05:03,0:05:24,6:24:32,2684,11777,7984,303,324,23072,876,753,166,1026,879,185,900,784,170,876,753,166,Finisher,1216
Lucas,Ehlers,Lucas Ehlers,621,M40-44,Male,Curitiba,PARANA,Brazil,BR,0:42:17,3:40:59,1:53:16,0:04:09,0:03:54,6:24:35,2537,13259,6796,249,234,23075,877,754,167,907,780,160,1073,920,201,877,754,167,Finisher,1215
Ederson ,Vendrame ,Ederson Vendrame,754,M40-44,Male,Concórdia,Santa Catarina,Brazil,BR,0:39:49,3:06:20,2:31:21,0:05:18,0:01:54,6:24:40,2389,11180,9081,318,114,23080,878,755,168,726,629,127,715,632,134,878,755,168,Finisher,1213
Juliana,Krepsky,Juliana Krepsky,1390,F45-49,Female,PINHAIS,TX,Brazil,BR,0:46:01,3:19:33,2:11:24,0:04:12,0:03:37,6:24:47,2761,11973,7884,252,217,23087,879,124,18,1064,161,28,934,123,19,879,124,18,Finisher,1892
Joao,Caetano Bishop Brito,Joao Caetano Bishop Brito,452,M35-39,Male,,,Brazil,BR,0:33:12,3:07:16,2:32:05,0:06:56,0:05:21,6:24:50,1992,11236,9125,416,321,23090,880,756,157,259,238,47,661,592,131,880,756,157,Finisher,915
Eliakyn,Canali,Eliakyn Canali,671,M40-44,Male,passo fundo,rs,Brazil,BR,0:53:18,3:07:34,2:12:57,0:06:38,0:04:25,6:24:51,3198,11254,7977,398,265,23091,881,757,169,1211,1017,210,915,798,172,881,757,169,Finisher,1210
Diogenes,Junior,Diogenes Junior,899,M45-49,Male,Curitiba,parana ,Brazil,BR,0:47:09,3:17:25,2:10:03,0:06:59,0:03:25,6:25:00,2829,11845,7803,419,205,23100,882,758,134,1100,931,155,945,820,144,882,758,134,Finisher,1019
Enzo,Macena,Enzo Macena,1043,M18-24,Male,Pinhais,Paraná,Brazil,BR,0:39:30,3:24:23,2:07:32,0:07:35,0:06:07,6:25:07,2370,12263,7652,455,367,23107,883,759,23,702,611,22,943,818,24,883,759,23,Finisher,1660
Hugo,De Oliveira Cruz,Hugo De Oliveira Cruz,1137,M25-29,Male,,,Brazil,BR,,3:16:25,2:11:32,0:00:00,0:07:14,6:25:10,0,11785,7892,0,434,23110,884,760,70,99999,99999,99999,903,786,75,884,760,70,Finisher,1168
diogo,fuchs,diogo fuchs,1209,M50-54,Male,curitiba,parana,Brazil,BR,0:42:10,3:17:43,2:15:31,0:05:33,0:04:18,6:25:15,2530,11863,8131,333,258,23115,885,761,49,901,777,56,894,780,54,885,761,49,Finisher,1529
Bruno,Thomaz,Bruno Thomaz,439,M35-39,Male,Curitiba,Paraná,Brazil,BR,0:33:29,3:19:50,2:22:04,0:07:49,0:02:08,6:25:20,2009,11990,8524,469,128,23120,886,762,158,276,253,53,841,736,159,886,762,158,Finisher,906
Marcelo,Licnerski,Marcelo Licnerski,414,M35-39,Male,,,Brazil,BR,0:40:09,3:36:33,1:56:58,0:08:17,0:03:36,6:25:33,2409,12993,7018,497,216,23133,887,763,159,756,655,138,1049,902,186,887,763,159,Finisher,902
Karem,Morigi,Karem Morigi,590,F45-49,Female,Curitiba,PR,Brazil,BR,0:42:12,3:26:56,2:08:45,0:04:58,0:03:13,6:26:03,2532,12416,7725,298,193,23163,888,125,19,902,125,17,969,130,21,888,125,19,Finisher,1869
Filipe,Barbosa,Filipe Barbosa,444,M35-39,Male,Sao Jose,SC,Brazil,BR,0:38:53,3:21:47,2:19:26,0:04:05,0:02:01,6:26:13,2333,12107,8366,245,121,23173,889,764,160,662,577,126,887,774,167,889,764,160,Finisher,890
Antonio Adir,Pereira Junior,Antonio Adir Pereira Junior,868,M45-49,Male,Lapa,Paraná ,Brazil,BR,0:49:58,3:16:59,2:12:21,0:04:45,0:02:14,6:26:17,2998,11819,7941,285,134,23177,890,765,135,1175,989,169,946,821,145,890,765,135,Finisher,996
Arthur,Colatusso,Arthur Colatusso,1106,M25-29,Male,Curitiba,Paraná,Brazil,BR,0:34:01,3:44:41,1:57:18,0:04:27,0:05:55,6:26:22,2041,13481,7038,267,355,23182,891,766,71,308,281,35,1039,893,80,891,766,71,Finisher,1146
Leonardo,Jose Pacheco,Leonardo Jose Pacheco,779,M40-44,Male,,,Brazil,BR,0:46:31,3:22:29,2:07:54,0:06:51,0:02:43,6:26:28,2791,12149,7674,411,163,23188,892,767,170,1081,917,192,981,847,181,892,767,170,Finisher,1181
GUSTAVO,MERHEB PETRUS,GUSTAVO MERHEB PETRUS,979,M45-49,Male,CURITIBA,PR,Brazil,BR,0:44:38,3:12:09,2:20:09,0:06:17,0:03:17,6:26:30,2678,11529,8409,377,197,23190,893,768,136,1017,871,143,866,757,131,893,768,136,Finisher,992
Gislaine,Oliveira,Gislaine Oliveira,562,F40-44,Female,São José dos Pinhais,Paraná,Brazil,BR,0:41:04,3:41:10,1:56:32,0:04:32,0:03:23,6:26:40,2464,13270,6992,272,203,23200,894,126,21,822,114,19,1067,151,27,894,126,21,Finisher,1943
Helvis,Simoes Saram,Helvis Simoes Saram,421,M35-39,Male,Guarulhos,SP,Brazil,BR,0:44:52,3:10:16,2:22:40,0:06:03,0:03:04,6:26:54,2692,11416,8560,363,184,23214,895,769,161,1031,884,188,842,737,160,895,769,161,Finisher,878
Paulo,Elias Scur,Paulo Elias Scur,733,M40-44,Male,,,Brazil,BR,0:49:04,3:07:35,2:22:23,0:04:40,0:03:19,6:27:01,2944,11255,8543,280,199,23221,896,770,171,1153,971,204,846,741,160,896,770,171,Finisher,1171
Frederico,Scherner,Frederico Scherner,639,M40-44,Male,Curitiba,PR,Brazil,BR,0:43:43,3:14:56,2:18:23,0:07:13,0:02:47,6:27:02,2623,11696,8303,433,167,23222,897,771,172,983,842,175,899,783,169,897,771,172,Finisher,1171
Aline,Evelyn Da Silva,Aline Evelyn Da Silva,555,F40-44,Female,,,Brazil,BR,0:38:01,3:36:51,2:03:57,0:05:42,0:02:46,6:27:16,2281,13011,7437,342,166,23236,898,127,22,593,80,14,1019,142,25,898,127,22,Finisher,1932
Evandro,Guilherme Falavinha Frohlich,Evandro Guilherme Falavinha Frohlich,404,M35-39,Male,Curitiba,PR,Brazil,BR,0:37:19,3:17:10,2:25:08,0:05:28,0:02:26,6:27:31,2239,11830,8708,328,146,23251,899,772,162,539,472,94,825,722,157,899,772,162,Finisher,867
Anesio,Augusto Favero,Anesio Augusto Favero,1345,M30-34,Male,Maringá,PR,Brazil,BR,0:38:33,3:20:44,2:20:58,0:04:02,0:03:33,6:27:50,2313,12044,8458,242,213,23270,900,773,108,644,561,83,867,758,102,900,773,108,Finisher,1181
Marcelo,Slivinski De Matos,Marcelo Slivinski De Matos,986,M45-49,Male,Bigorrilho,Paraná,Brazil,BR,0:33:49,3:06:41,2:37:43,0:04:40,0:05:11,6:28:04,2029,11201,9463,280,311,23284,901,774,137,290,266,36,618,557,92,901,774,137,Finisher,964
José Guilherme,Freire,José Guilherme Freire,394,M35-39,Male,Guaratinguetá,,Brazil,BR,0:51:13,3:22:12,2:05:27,0:06:01,0:03:15,6:28:07,3073,12132,7527,361,195,23287,902,775,163,1192,1005,211,1015,874,181,902,775,163,Finisher,856
Nathália,Andrade,Nathália Andrade,525,F35-39,Female,Rio Claro,São Paulo,Brazil,BR,0:40:27,3:23:13,2:17:15,0:04:03,0:03:13,6:28:11,2427,12193,8235,243,193,23291,903,128,25,775,104,23,917,118,23,903,128,25,Finisher,1894
Victor,Giovannino Accetta,Victor Giovannino Accetta,199,M30-34,Male,Augustinopolis,TO,Brazil,BR,0:30:59,3:31:21,2:15:44,0:06:39,0:03:31,6:28:15,1859,12681,8144,399,211,23295,904,776,109,139,131,24,928,807,111,904,776,109,Finisher,1174
Vinícius ,Penido ,Vinícius Penido,637,M40-44,Male,Belo Horizonte ,Minas Gerais ,Brazil,BR,0:35:03,3:35:14,2:06:36,0:06:54,0:04:36,6:28:23,2103,12914,7596,414,276,23303,905,777,173,372,338,72,992,856,185,905,777,173,Finisher,1146
Emerson,Pereira Da Silva,Emerson Pereira Da Silva,417,M35-39,Male,Nova Iguacu,RJ,Brazil,BR,0:56:36,3:21:34,1:58:50,0:07:33,0:04:02,6:28:36,3396,12094,7130,453,242,23316,906,778,164,1229,1034,220,1057,908,188,906,778,164,Finisher,848
Edmilson,Antonio Lubraico,Edmilson Antonio Lubraico,1289,M55-59,Male,São paulo,SAO PAULO,Brazil,BR,0:42:29,2:58:26,2:41:45,0:03:06,0:02:59,6:28:45,2549,10706,9705,186,179,23325,907,779,27,921,790,28,602,544,20,907,779,27,Finisher,1768
Bruno,Samsel,Bruno Samsel,402,M35-39,Male,Curitiba,Paraná,Brazil,BR,0:41:45,3:11:16,2:29:22,0:04:18,0:02:04,6:28:45,2505,11476,8962,258,124,23325,908,780,165,871,750,164,795,696,150,908,780,165,Finisher,845
Rodrigo,Saboia,Rodrigo Saboia,1271,M55-59,Male,Curitiba,Parana,Brazil,BR,0:33:33,3:16:55,2:31:26,0:04:30,0:02:23,6:28:48,2013,11815,9086,270,143,23328,909,781,28,278,254,7,762,668,24,909,781,28,Finisher,1767
Renildo,Aguis Borges Junior,Renildo Aguis Borges Junior,185,M30-34,Male,Curitiba,Paraná,Brazil,BR,0:42:44,3:15:27,2:18:01,0:08:18,0:04:24,6:28:53,2564,11727,8281,498,264,23333,910,782,110,939,806,113,904,787,106,910,782,110,Finisher,1162
Peterson,Ferreira dos Santos,Peterson Ferreira dos Santos,340,M35-39,Male,Curitiba,PR,Brazil,BR,0:46:41,3:19:17,2:11:02,0:07:25,0:04:29,6:28:54,2801,11957,7862,445,269,23334,911,783,166,1086,921,196,962,835,174,911,783,166,Finisher,842
Lucas,Do Prado Aguiar,Lucas Do Prado Aguiar,342,M35-39,Male,Sao Paulo,SP,Brazil,BR,0:33:19,3:24:55,2:23:55,0:04:02,0:02:56,6:29:06,1999,12295,8635,242,176,23346,912,784,167,265,244,48,856,749,162,912,784,167,Finisher,839
MICHAEL,GAPSKI,MICHAEL GAPSKI,288,M35-39,Male,Curitiba,PARANA,Brazil,BR,0:38:28,3:15:28,2:28:27,0:04:09,0:02:37,6:29:09,2308,11728,8907,249,157,23349,913,785,168,637,555,118,805,705,153,913,785,168,Finisher,838
Tiessa,Buerger Neumann,Tiessa Buerger Neumann,483,F30-34,Female,Navegantes,SC,Brazil,BR,0:44:15,3:32:58,2:01:36,0:06:42,0:03:43,6:29:15,2655,12778,7296,402,223,23355,914,129,23,1001,144,28,1044,147,26,914,129,23,Finisher,1845
TULIO,MACEDO,TULIO MACEDO,1182,M50-54,Male,UBERLANDIA,BR-MG,Brazil,BR,0:46:47,3:09:27,2:22:50,0:06:01,0:04:15,6:29:20,2807,11367,8570,361,255,23360,915,786,50,1090,925,74,855,748,48,915,786,50,Finisher,1456
Sergio,Leopolski,Sergio Leopolski,1168,M50-54,Male,Santo Antonio da Platina,Paraná,Brazil,BR,0:42:05,3:13:40,2:25:50,0:04:57,0:02:53,6:29:25,2525,11620,8750,297,173,23365,916,787,51,895,771,55,836,731,45,916,787,51,Finisher,1454
Luiz,Stapassoli,Luiz Stapassoli,1304,M60-64,Male,Curitiba,BR-PR,Brazil,BR,0:48:41,3:05:11,2:26:49,0:03:54,0:04:59,6:29:34,2921,11111,8809,234,299,23374,917,788,7,1145,964,16,800,700,6,917,788,7,Finisher,2256
João ,Farias,João Farias,855,M45-49,Male,Curitiba,PR,Brazil,BR,0:43:05,3:07:04,2:28:02,0:06:15,0:05:21,6:29:47,2585,11224,8882,375,321,23387,918,789,138,955,820,138,777,681,121,918,789,138,Finisher,933
Arthur,Bussedi,Arthur Bussedi,1084,M25-29,Male,Niterói,Rio de Janeiro,Brazil,BR,0:46:13,3:03:56,2:27:53,0:06:33,0:05:30,6:30:05,2773,11036,8873,393,330,23405,919,790,72,1068,905,82,782,686,68,919,790,72,Finisher,1079
Alex,Rodrigo Pereira,Alex Rodrigo Pereira,832,M45-49,Male,,,Brazil,BR,0:49:27,3:15:27,2:14:15,0:07:12,0:03:49,6:30:10,2967,11727,8055,432,229,23410,920,791,139,1166,981,167,948,823,146,920,791,139,Finisher,926
Marcos,Julio Braga,Marcos Julio Braga,951,M45-49,Male,,,Brazil,BR,0:49:27,3:21:03,2:08:49,0:05:35,0:05:17,6:30:12,2967,12063,7729,335,317,23412,921,792,140,1167,982,168,984,849,153,921,792,140,Finisher,926
Jonny,Edil Bini,Jonny Edil Bini,965,M45-49,Male,,,Brazil,BR,0:48:19,3:14:27,2:17:15,0:06:48,0:03:24,6:30:13,2899,11667,8235,408,204,23413,922,793,141,1137,956,162,931,809,140,922,793,141,Finisher,926
Gabriel,Donadel Dallagnol,Gabriel Donadel Dallagnol,1085,M25-29,Male,Florianopolis ,SC,Brazil,BR,0:36:49,3:23:25,2:23:29,0:03:57,0:02:38,6:30:18,2209,12205,8609,237,158,23418,923,794,73,502,445,50,879,768,73,923,794,73,Finisher,1076
Eurico,Cleto Ribeiro De Campos,Eurico Cleto Ribeiro De Campos,1191,M50-54,Male,curitiba,Paraná,Brazil,BR,0:39:18,3:30:25,2:12:47,0:04:37,0:03:26,6:30:33,2358,12625,7967,277,206,23433,924,795,52,693,603,33,971,841,60,924,795,52,Finisher,1434
Thabata,Chaves Pereira Lima,Thabata Chaves Pereira Lima,485,F30-34,Female,São Paulo ,SP,Brazil,BR,0:38:02,3:54:14,1:51:29,0:04:15,0:02:34,6:30:33,2282,14054,6689,255,154,23433,925,130,24,595,81,12,1132,170,29,925,130,24,Finisher,1821
Lucas,De Paula Rios,Lucas De Paula Rios,693,M40-44,Male,Santos,SP,Brazil,BR,0:39:56,3:36:29,2:00:33,0:08:47,0:04:59,6:30:44,2396,12989,7233,527,299,23444,926,796,174,738,640,129,1053,905,197,926,796,174,Finisher,1104
Rafael,Dallacqua,Rafael Dallacqua,645,M40-44,Male,Salto,SP,Brazil,BR,0:57:28,3:13:13,2:11:17,0:06:01,0:02:56,6:30:56,3448,11593,7877,361,176,23456,927,797,175,1238,1043,217,987,852,182,927,797,175,Finisher,1100
Guilherme,Pessoni De Freitas,Guilherme Pessoni De Freitas,359,M35-39,Male,Franca,SP,Brazil,BR,0:36:02,2:55:46,2:48:23,0:06:11,0:04:39,6:31:01,2162,10546,10103,371,279,23461,928,798,169,445,397,83,508,464,102,928,798,169,Finisher,804
Neyber,Da Silva Junior,Neyber Da Silva Junior,772,M40-44,Male,Sao Paulo,SP,Brazil,BR,0:35:00,3:11:41,2:33:23,0:06:42,0:04:17,6:31:03,2100,11501,9203,402,257,23463,929,799,176,369,335,70,742,652,139,929,799,176,Finisher,1098
Ricardo,Zavanella,Ricardo Zavanella,240,M35-39,Male,Indaiatuba,SP,Brazil,BR,0:40:41,3:16:40,2:24:34,0:05:25,0:03:44,6:31:04,2441,11800,8674,325,224,23464,930,800,170,789,682,142,861,752,163,930,800,170,Finisher,803
Flavio,De Oliveira Mendes,Flavio De Oliveira Mendes,233,M30-34,Male,,,Brazil,BR,0:41:41,3:31:09,2:08:07,0:06:14,0:03:52,6:31:04,2501,12669,7687,374,232,23464,931,801,111,865,744,102,1013,873,121,931,801,111,Finisher,1123
Marcela,De Oliveira Zinezzi,Marcela De Oliveira Zinezzi,579,F45-49,Female,,,Brazil,BR,0:45:09,3:23:45,2:12:54,0:05:53,0:03:29,6:31:10,2709,12225,7974,353,209,23470,932,131,20,1042,154,26,974,132,22,932,131,20,Finisher,1777
Tiago,Martinello ,Tiago Martinello,956,M45-49,Male,,,Brazil,BR,0:40:03,3:30:35,2:14:33,0:04:27,0:01:45,6:31:22,2403,12635,8073,267,105,23482,933,802,142,747,647,110,977,845,152,933,802,142,Finisher,905
Flavia Satiko,Utida,Flavia Satiko Utida,1154,F50-54,Female,SAO JOSE DOS PINHAIS,PARANA,Brazil,BR,0:40:54,3:24:05,2:19:59,0:04:11,0:02:19,6:31:28,2454,12245,8399,251,139,23488,934,132,10,808,112,9,930,122,9,934,132,10,Finisher,2296
Freddy,Rangel,Freddy Rangel,1256,M50-54,Male,,,Brazil,BR,0:44:31,3:37:28,1:57:38,0:07:32,0:04:35,6:31:43,2671,13048,7058,452,275,23503,935,803,53,1014,868,68,1088,929,73,935,803,53,Finisher,1413
Maicon,Guedes Hugo,Maicon Guedes Hugo,900,M45-49,Male,,,Brazil,BR,0:46:47,3:36:36,1:56:12,0:08:20,0:03:52,6:31:47,2807,12996,6972,500,232,23507,936,804,143,1089,924,154,1103,941,162,936,804,143,Finisher,897
Elisangela,Ferreira Bernardi,Elisangela Ferreira Bernardi,549,F40-44,Female,,,Brazil,BR,0:46:08,3:09:02,2:23:41,0:06:29,0:06:28,6:31:47,2768,11342,8621,389,388,23507,937,133,23,1066,162,27,850,106,17,937,133,23,Finisher,1851
Adriano,Peniche dos Santos,Adriano Peniche dos Santos,1414,M30-34,Male,Quatro Barras,BR-PR,Brazil,BR,0:45:50,3:19:22,2:19:52,0:04:23,0:02:23,6:31:49,2750,11962,8392,263,143,23509,938,805,112,1057,899,121,932,810,112,938,805,112,Finisher,1109
Geraldine,Monah Dias,Geraldine Monah Dias,1333,F35-39,Female,Curitiba,PR,Brazil,BR,0:38:39,3:30:30,2:11:22,0:06:28,0:04:51,6:31:50,2319,12630,7882,388,291,23510,939,134,26,650,84,18,979,133,24,939,134,26,Finisher,1828
Claudete,Meira Jacob,Claudete Meira Jacob,561,F40-44,Female,,,Brazil,BR,0:45:01,3:23:09,2:17:25,0:04:04,0:02:16,6:31:54,2701,12189,8245,244,136,23514,940,135,24,1038,150,26,952,127,22,940,135,24,Finisher,1849
Henrique,Malaquias Possebom,Henrique Malaquias Possebom,1371,M35-39,Male,Sao Jose Dos Pinhais,PR,Brazil,BR,0:41:10,3:26:12,2:17:25,0:05:14,0:02:11,6:32:12,2470,12372,8245,314,131,23532,941,806,171,832,717,151,957,830,173,941,806,171,Finisher,783
Jonathan,Louis Dos Santos,Jonathan Louis Dos Santos,152,M30-34,Male,Curitiba,Parana,Brazil,BR,0:44:27,3:23:04,2:14:59,0:06:42,0:03:19,6:32:31,2667,12184,8099,402,199,23551,942,807,113,1009,864,117,970,840,117,942,807,113,Finisher,1097
Rafael,Almeida,Rafael Almeida,787,M40-44,Male,Osório,RS,Brazil,BR,0:40:49,3:33:31,2:10:11,0:04:41,0:03:22,6:32:35,2449,12811,7811,281,202,23555,943,808,177,802,693,145,1010,870,188,943,808,177,Finisher,1071
GENTIL,LUIZA DE SOUZA CALIXTO,GENTIL LUIZA DE SOUZA CALIXTO,597,F45-49,Female,SAO LUIS,MA,Brazil,BR,0:36:58,3:35:26,2:11:05,0:05:26,0:03:40,6:32:36,2218,12926,7865,326,220,23556,944,136,21,515,61,8,1000,138,23,944,136,21,Finisher,1751
Evelin ,Brizolla,Evelin Brizolla,1019,F25-29,Female,Cascavel,BR-PR,Brazil,BR,0:42:45,3:41:33,2:02:26,0:04:13,0:01:50,6:32:47,2565,13293,7346,253,110,23567,945,137,13,940,134,13,1083,157,13,945,137,13,Finisher,1681
Rodrigo,Neiva de Lima,Rodrigo Neiva de Lima,329,M35-39,Male,Curitiba,Paraná,Brazil,BR,0:41:19,3:32:05,2:07:49,0:04:52,0:06:47,6:32:52,2479,12725,7669,292,407,23572,946,809,172,846,728,157,1006,867,180,946,809,172,Finisher,771
Alexandre,Gallo Rodrigues,Alexandre Gallo Rodrigues,1195,M50-54,Male,Praia Grande,SP,Brazil,BR,0:45:36,3:27:57,2:08:05,0:07:03,0:04:37,6:33:19,2736,12477,7685,423,277,23599,947,810,54,1053,895,72,1020,878,69,947,810,54,Finisher,1384
Daniel,Jagher Muniz,Daniel Jagher Muniz,1107,M25-29,Male,FOZ DO IGUAÇU,PARANÁ,Brazil,BR,0:44:40,3:35:39,2:01:28,0:07:27,0:04:09,6:33:24,2680,12939,7288,447,249,23604,948,811,74,1022,875,80,1077,922,84,948,811,74,Finisher,1020
Jefferson Douglas,De Souza,Jefferson Douglas De Souza,1425,M30-34,Male,San Salvador,LA LIBERTAD,Brazil,BR,0:58:34,3:21:36,2:03:39,0:06:29,0:03:15,6:33:33,3514,12096,7419,389,195,23613,949,812,114,1240,1045,141,1066,916,126,949,812,114,Finisher,1078
Krisley,Pereira Raeder,Krisley Pereira Raeder,500,F30-34,Female,Sao Paulo,SP,Brazil,BR,0:47:38,3:32:43,2:01:41,0:07:08,0:04:24,6:33:34,2858,12763,7301,428,264,23614,950,138,25,1120,177,30,1074,154,27,950,138,25,Finisher,1767
Delso,Luz,Delso Luz,1312,M60-64,Male,Araucária ,PARANA,Brazil,BR,0:37:00,3:20:14,2:27:36,0:04:03,0:05:01,6:33:54,2220,12014,8856,243,301,23634,951,813,8,518,455,7,844,739,7,951,813,8,Finisher,2178
Sandro,Barros,Sandro Barros,1244,M50-54,Male,Rio de Janeiro ,,Brazil,BR,0:38:01,3:19:45,2:15:44,0:11:22,0:09:06,6:33:59,2281,11985,8144,682,546,23639,952,814,55,594,514,28,929,808,57,952,814,55,Finisher,1372
Samuel ,Maciel Soares ,Samuel Maciel Soares,1317,M65-69,Male,Curitiba ,PARANA,Brazil,BR,0:40:35,3:20:39,2:24:36,0:05:19,0:03:00,6:34:08,2435,12039,8676,319,180,23648,953,815,4,782,676,3,905,788,4,953,815,4,Finisher,2805
Roberto,Azevedo Jr,Roberto Azevedo Jr,1326,M70-74,Male,SÃO PAULO,,Brazil,BR,0:43:39,3:18:22,2:18:32,0:08:13,0:05:40,6:34:25,2619,11902,8312,493,340,23665,954,816,2,978,837,2,936,813,2,954,816,2,Finisher,2870
Andre,Mansur Borin,Andre Mansur Borin,670,M40-44,Male,,,Brazil,BR,0:44:40,3:09:43,2:34:28,0:02:32,0:03:05,6:34:29,2680,11383,9268,152,185,23669,955,817,178,1021,874,183,786,689,147,955,817,178,Finisher,1037
Arielly,De Oliveira,Arielly De Oliveira,520,F35-39,Female,Curitiba,PR,Brazil,BR,0:47:01,3:31:54,2:06:03,0:06:06,0:03:43,6:34:47,2821,12714,7563,366,223,23687,956,139,27,1097,168,33,1051,148,29,956,139,27,Finisher,1775
Hinaiana,Dos Santos Machado,Hinaiana Dos Santos Machado,575,F45-49,Female,Colombo,PR,Brazil,BR,0:52:45,3:30:46,2:03:51,0:04:36,0:02:50,6:34:48,3165,12646,7431,276,170,23688,957,140,22,1208,193,34,1079,156,25,957,140,22,Finisher,1711
Leonardo,Dos Santos Moreira,Leonardo Dos Santos Moreira,365,M35-39,Male,Porto Alegre,Rio Grande do Sul,Brazil,BR,0:52:05,3:13:21,2:19:28,0:07:08,0:02:50,6:34:52,3125,11601,8368,428,170,23692,958,818,173,1202,1012,214,956,829,172,958,818,173,Finisher,735
Franciele,Mulek,Franciele Mulek,518,F35-39,Female,Fazenda Rio Grande,PR,Brazil,BR,0:46:12,3:23:23,2:15:28,0:06:12,0:03:40,6:34:55,2772,12203,8128,372,220,23695,959,141,28,1067,163,30,980,134,25,959,141,28,Finisher,1773
Fabio,Pinheiro Thomaz,Fabio Pinheiro Thomaz,315,M35-39,Male,,,Brazil,BR,0:38:24,3:23:23,2:24:22,0:04:59,0:03:54,6:35:02,2304,12203,8662,299,234,23702,960,819,174,628,546,113,908,791,169,960,819,174,Finisher,732
ANDRE,NAZARIO,ANDRE NAZARIO,971,M45-49,Male,PRAIA GRANDE,SP,Brazil,BR,0:41:44,3:10:50,2:33:13,0:07:12,0:02:55,6:35:54,2504,11450,9193,432,175,23754,961,820,144,868,747,126,820,717,129,961,820,144,Finisher,823
Sadi,Formiga De Souza Navarro,Sadi Formiga De Souza Navarro,1379,M40-44,Male,,,Brazil,BR,0:36:48,3:28:23,2:22:42,0:04:25,0:03:46,6:36:04,2208,12503,8562,265,226,23764,962,821,179,500,443,94,933,811,174,962,821,179,Finisher,1008
Gabriel,Demogalski,Gabriel Demogalski,843,M45-49,Male,Ponta Grossa,PR,Brazil,BR,0:31:49,3:07:56,2:47:51,0:05:59,0:02:40,6:36:16,1909,11276,10071,359,160,23776,963,822,145,196,183,20,633,568,93,963,822,145,Finisher,817
Guilherme,Hartl,Guilherme Hartl,679,M40-44,Male,Curitiba,Paraná,Brazil,BR,0:37:16,3:00:27,2:48:04,0:05:48,0:04:41,6:36:17,2236,10827,10084,348,281,23777,964,823,180,538,471,101,594,537,119,964,823,180,Finisher,1004
Alex,Dos Santos Belarmino,Alex Dos Santos Belarmino,300,M35-39,Male,,,Brazil,BR,0:38:18,3:13:46,2:34:56,0:06:03,0:03:28,6:36:31,2298,11626,9296,363,208,23791,965,824,175,616,534,111,806,706,154,965,824,175,Finisher,705
TIAGO,VALTRICK DE ALMEIDA,TIAGO VALTRICK DE ALMEIDA,916,M45-49,Male,FLORIANOPOLIS,SC,Brazil,BR,0:43:03,3:23:47,2:15:51,0:07:38,0:06:16,6:36:35,2583,12227,8151,458,376,23795,966,825,146,954,819,137,972,842,150,966,825,146,Finisher,811
Lucas,Távora dos Santos,Lucas Távora dos Santos,1101,M25-29,Male,Curitiba,PARANA,Brazil,BR,0:43:41,3:34:41,2:11:40,0:03:37,0:02:57,6:36:36,2621,12881,7900,217,177,23796,967,826,75,980,839,78,1035,890,79,967,826,75,Finisher,962
Marcio,Viana,Marcio Viana,1247,M50-54,Male,Curitiba,Paraná,Brazil,BR,0:39:01,3:33:58,2:15:21,0:06:04,0:02:14,6:36:38,2341,12838,8121,364,134,23798,968,827,56,679,592,32,1012,872,68,968,827,56,Finisher,1324
LUIZA,FONSECA TAQUES,LUIZA FONSECA TAQUES,1152,F50-54,Female,CURITIBA,PR,Brazil,BR,0:42:46,3:27:30,2:18:37,0:05:48,0:02:38,6:37:19,2566,12450,8317,348,158,23839,969,142,11,942,135,11,983,135,10,969,142,11,Finisher,2190
Carlos,Praes,Carlos Praes,1279,M55-59,Male,São José dos Pinhais,PR,Brazil,BR,1:01:05,3:19:53,2:09:12,0:04:03,0:03:34,6:37:46,3665,11993,7752,243,214,23866,970,828,29,1247,1052,38,1050,903,32,970,828,29,Finisher,1605
Fabio Tomio,Misawa,Fabio Tomio Misawa,1178,M50-54,Male,Swiss Park,sao paulo,Brazil,BR,0:42:37,3:17:55,2:30:45,0:04:29,0:02:09,6:37:56,2557,11875,9045,269,129,23876,971,829,57,930,799,57,889,775,50,971,829,57,Finisher,1301
Otto,Carneiro,Otto Carneiro,1223,M50-54,Male,Rio de Janeiro,Rio de Janeiro,Brazil,BR,0:41:08,3:17:41,2:27:40,0:09:04,0:02:29,6:38:03,2468,11861,8860,544,149,23883,972,830,58,829,714,51,918,800,55,972,830,58,Finisher,1299
Aloir Marcial,Dias,Aloir Marcial Dias,818,M40-44,Male,portlaoise,foreigner,Ireland,IE,0:56:56,3:22:11,2:08:13,0:06:14,0:04:32,6:38:05,3416,12131,7693,374,272,23885,973,831,181,1233,1038,216,1055,907,198,973,831,181,Finisher,972
PRISCILA,ARTTUZO,PRISCILA ARTTUZO,585,F45-49,Female,CURITIBA,PR,Brazil,BR,0:34:59,3:17:50,2:39:03,0:04:31,0:01:46,6:38:08,2099,11870,9543,271,106,23888,974,143,23,368,34,4,796,100,15,974,143,23,Finisher,1651
Vinicius,Monteiro,Vinicius Monteiro,246,M35-39,Male,Curitiba,PR,Brazil,BR,0:41:16,3:05:22,2:43:05,0:05:31,0:03:00,6:38:14,2476,11122,9785,331,180,23894,975,832,176,842,724,156,720,636,143,975,832,176,Finisher,700
Renan,Martins,Renan Martins,450,M35-39,Male,Curitiba,PR,Brazil,BR,0:37:31,2:55:42,2:58:05,0:05:10,0:01:54,6:38:23,2251,10542,10685,310,114,23903,976,833,177,558,488,99,516,471,104,976,833,177,Finisher,700
Matheus,Marques Dos Santos,Matheus Marques Dos Santos,137,M30-34,Male,Sao Luis,MA,Brazil,BR,0:36:27,3:36:07,2:17:51,0:05:15,0:02:52,6:38:32,2187,12967,8271,315,172,23912,977,834,115,478,424,63,999,862,120,977,834,115,Finisher,989
Aline,Costa Vaz,Aline Costa Vaz,1428,F30-34,Female,,,Brazil,BR,0:42:40,3:32:27,2:10:40,0:06:42,0:06:04,6:38:33,2560,12747,7840,402,364,23913,978,144,26,935,133,26,1032,145,25,978,144,26,Finisher,1677
Gustavo,Maranho,Gustavo Maranho,1258,M50-54,Male,Curitiba,PR,Brazil,BR,0:42:01,3:30:35,2:18:06,0:05:17,0:02:34,6:38:33,2521,12635,8286,317,154,23913,979,835,59,890,766,54,1001,863,64,979,835,59,Finisher,1290
Hedder,Alex Versiane Barduco,Hedder Alex Versiane Barduco,984,M45-49,Male,Florianopolis,SC,Brazil,BR,0:58:37,3:28:04,2:03:09,0:05:23,0:03:21,6:38:34,3517,12484,7389,323,201,23914,980,836,147,1241,1046,177,1104,942,163,980,836,147,Finisher,775
Pablo,Xavier Pinto,Pablo Xavier Pinto,292,M35-39,Male,,,Brazil,BR,0:54:15,3:22:19,2:14:42,0:04:24,0:03:00,6:38:39,3255,12139,8082,264,180,23919,981,837,178,1218,1024,218,1023,880,182,981,837,178,Finisher,700
Gustavo,Souza Rodrigues,Gustavo Souza Rodrigues,961,M45-49,Male,Curitiba,PR,Brazil,BR,0:39:49,3:43:49,2:06:21,0:04:40,0:04:06,6:38:45,2389,13429,7581,280,246,23925,982,838,148,728,631,106,1082,926,154,982,838,148,Finisher,772
Rafael,Tenca,Rafael Tenca,743,M40-44,Male,Campinas,São Paulo,Brazil,BR,0:39:10,3:36:43,2:10:43,0:07:26,0:05:08,6:39:10,2350,13003,7843,446,308,23950,983,839,182,684,596,119,1041,895,194,983,839,182,Finisher,952
Andre,Felipe Da Silva,Andre Felipe Da Silva,234,M30-34,Male,,,Brazil,BR,0:41:17,3:07:25,2:40:22,0:06:47,0:03:46,6:39:37,2477,11245,9622,407,226,23977,984,840,116,843,725,97,767,672,93,984,840,116,Finisher,969
Ricardo,Pasquini Filho,Ricardo Pasquini Filho,1309,M60-64,Male,Curitiba,PR,Brazil,BR,0:30:06,3:28:07,2:31:25,0:05:51,0:04:21,6:39:50,1806,12487,9085,351,261,23990,985,841,9,99,95,1,878,767,8,985,841,9,Finisher,2071
Alessandra,Cristina De Souza,Alessandra Cristina De Souza,570,F40-44,Female,,,Brazil,BR,0:44:56,3:03:07,2:41:23,0:04:57,0:05:35,6:39:58,2696,10987,9683,297,335,23998,986,145,25,1035,149,25,736,87,14,986,145,25,Finisher,1703
Felipe,Lorenci,Felipe Lorenci,790,M40-44,Male,CURITIBA,Paraná,Brazil,BR,0:48:40,3:07:34,2:36:01,0:04:19,0:03:33,6:40:07,2920,11254,9361,259,213,24007,987,842,183,1143,962,203,833,728,157,987,842,183,Finisher,935
Ricardo,Liberman Lopes Da Silva,Ricardo Liberman Lopes Da Silva,1051,M18-24,Male,Sao Paulo,SP,Brazil,BR,0:36:11,3:21:56,2:33:24,0:04:28,0:04:39,6:40:38,2171,12116,9204,268,279,24038,988,843,24,462,410,13,860,751,23,988,843,24,Finisher,1380
Isabela,Simon Yonemura,Isabela Simon Yonemura,515,F35-39,Female,Londrina,PR,Brazil,BR,0:45:17,3:36:44,2:11:12,0:05:05,0:02:28,6:40:46,2717,13004,7872,305,148,24046,989,146,29,1045,156,27,1070,152,30,989,146,29,Finisher,1667
Wilson,Aurelio Tapia Lima,Wilson Aurelio Tapia Lima,1218,M50-54,Male,Curitiba,PR,Brazil,BR,0:43:15,3:33:24,2:15:55,0:05:16,0:02:57,6:40:47,2595,12804,8155,316,177,24047,990,844,60,965,827,63,1033,888,71,990,844,60,Finisher,1250
Edson Adair,Pereira Rocha ,Edson Adair Pereira Rocha,360,M35-39,Male,São Paulo,SP,Brazil,BR,0:41:11,3:12:30,2:38:16,0:06:07,0:02:55,6:40:59,2471,11550,9496,367,175,24059,991,845,179,834,719,153,823,720,156,991,845,179,Finisher,700
ENRICO,FERNANDES,ENRICO FERNANDES,1374,M25-29,Male,Curitiba,PR,Brazil,BR,0:37:21,3:36:00,2:20:08,0:04:07,0:03:24,6:41:01,2241,12960,8408,247,204,24061,992,846,76,545,478,53,997,860,77,992,846,76,Finisher,883
Rafael,Almeida,Rafael Almeida,715,M40-44,Male,Curitiba,PR,Brazil,BR,0:42:42,3:11:30,2:39:25,0:03:51,0:03:37,6:41:05,2562,11490,9565,231,217,24065,993,847,184,937,804,168,804,704,151,993,847,184,Finisher,918
Fabiano,Dalmolin,Fabiano Dalmolin,691,M40-44,Male,Rio de Janeiro,RJ,Brazil,BR,0:40:41,3:40:34,2:10:38,0:05:35,0:03:51,6:41:18,2441,13234,7838,335,231,24078,994,848,185,788,681,139,1068,917,200,994,848,185,Finisher,914
Matheus,Marinho Miranda,Matheus Marinho Miranda,713,M40-44,Male,Jequie,BA,Brazil,BR,0:43:26,3:20:15,2:28:31,0:04:26,0:04:42,6:41:20,2606,12015,8911,266,282,24080,995,849,186,971,832,172,921,802,173,995,849,186,Finisher,913
Everson,Leao,Everson Leao,739,M40-44,Male,curitiba,parana ,Brazil,BR,0:37:08,3:20:18,2:35:49,0:05:26,0:02:42,6:41:23,2228,12018,9349,326,162,24083,996,850,187,526,463,98,863,754,163,996,850,187,Finisher,912
Murilo,Moacir Bonato,Murilo Moacir Bonato,187,M30-34,Male,,,Brazil,BR,0:38:34,3:31:17,2:21:00,0:06:15,0:04:26,6:41:31,2314,12677,8460,375,266,24091,997,851,117,647,564,85,985,850,118,997,851,117,Finisher,935
Reinaldo,Teles Monteiro,Reinaldo Teles Monteiro,158,M30-34,Male,,,Brazil,BR,0:47:10,3:27:01,2:15:35,0:06:52,0:05:02,6:41:41,2830,12421,8135,412,302,24101,998,852,118,1104,933,125,1025,882,122,998,852,118,Finisher,932
Rodrigo,Soares,Rodrigo Soares,347,M35-39,Male,Curitiba,PARANA,Brazil,BR,0:45:25,3:32:41,2:16:08,0:04:31,0:03:06,6:41:50,2725,12761,8168,271,186,24110,999,853,180,1048,891,192,1037,892,185,999,853,180,Finisher,700
Patrick,Martelli,Patrick Martelli,798,M40-44,Male,Ijui,Rio Grande do Sul,Brazil,BR,0:41:47,3:20:57,2:30:12,0:04:41,0:04:26,6:42:03,2507,12057,9012,281,266,24123,1000,854,188,874,752,157,912,795,171,1000,854,188,Finisher,900
Igor,Rocha,Igor Rocha,323,M35-39,Male,,,Brazil,BR,0:40:11,3:31:47,2:21:44,0:05:28,0:03:16,6:42:25,2411,12707,8504,328,196,24145,1001,855,181,758,657,139,994,858,178,1001,855,181,Finisher,700
Eduardo Caue,Munn Machado,Eduardo Caue Munn Machado,168,M30-34,Male,Curitiba,PR,Brazil,BR,0:50:58,3:18:48,2:20:45,0:08:02,0:04:17,6:42:51,3058,11928,8445,482,257,24171,1002,856,119,1189,1002,135,998,861,119,1002,856,119,Finisher,911
GUSTAVO,JUNQUEIRA VALIAS MEIRA,GUSTAVO JUNQUEIRA VALIAS MEIRA,1186,M50-54,Male,MARINGA,PR,Brazil,BR,0:41:22,3:18:51,2:33:16,0:05:11,0:04:15,6:42:55,2482,11931,9196,311,255,24175,1003,857,61,849,730,52,893,779,53,1003,857,61,Finisher,1211
MARION,VECINA ARCURI VECINA,MARION VECINA ARCURI VECINA,1140,F50-54,Female,SOROCABA,SP,Brazil,BR,0:45:56,3:35:50,2:13:20,0:05:23,0:02:33,6:43:01,2756,12950,8000,323,153,24181,1004,147,12,1061,159,14,1071,153,12,1004,147,12,Finisher,2088
Marcelo,Scuccuglia,Marcelo Scuccuglia,1190,M50-54,Male,Sao Paulo,SÃO PAULO,Brazil,BR,0:50:31,3:20:08,2:21:39,0:06:22,0:04:24,6:43:04,3031,12008,8499,382,264,24184,1005,858,62,1183,996,81,990,854,63,1005,858,62,Finisher,1208
Renan,Pastore Silva,Renan Pastore Silva,775,M40-44,Male,Rio De Janeiro,RJ,Brazil,BR,0:33:13,3:42:44,2:19:03,0:05:10,0:03:04,6:43:14,1993,13364,8343,310,184,24194,1006,859,189,261,240,50,1026,883,192,1006,859,189,Finisher,879
Allison,Fonseca,Allison Fonseca,982,M45-49,Male,Ribeirão preto,SP,Brazil,BR,0:41:30,3:10:58,2:41:09,0:05:50,0:03:59,6:43:26,2490,11458,9669,350,239,24206,1007,860,149,858,738,123,810,709,126,1007,860,149,Finisher,700
Thiago,Xavier Marques,Thiago Xavier Marques,364,M35-39,Male,Sao Paulo,SP,Brazil,BR,0:41:13,3:26:46,2:21:31,0:09:14,0:05:01,6:43:44,2473,12406,8491,554,301,24224,1008,861,182,839,722,154,993,857,177,1008,861,182,Finisher,700
Robson,Navarro,Robson Navarro,1171,M50-54,Male,Cacador,SC,Brazil,BR,0:40:55,3:40:41,2:14:05,0:04:24,0:03:40,6:43:46,2455,13241,8045,264,220,24226,1009,862,63,809,697,49,1059,910,72,1009,862,63,Finisher,1196
Carlos,Rodrigo Canestraro,Carlos Rodrigo Canestraro,1211,M50-54,Male,Sao Jose Dos Pinhais,PR,Brazil,BR,0:47:22,3:11:05,2:35:30,0:06:45,0:03:36,6:44:18,2842,11465,9330,405,216,24258,1010,863,64,1109,938,75,891,777,52,1010,863,64,Finisher,1186
Giuliano,De Angelis,Giuliano De Angelis,1249,M50-54,Male,Bauru,São Paulo,Brazil,BR,0:45:50,3:21:01,2:25:53,0:06:22,0:05:20,6:44:26,2750,12061,8753,382,320,24266,1011,864,65,1058,900,73,961,834,58,1011,864,65,Finisher,1184
Luiz,Fernando Frecceiro Martins,Luiz Fernando Frecceiro Martins,719,M40-44,Male,,,Brazil,BR,0:44:03,3:23:21,2:25:55,0:05:42,0:05:51,6:44:52,2643,12201,8755,342,351,24292,1012,865,190,995,852,178,960,833,178,1012,865,190,Finisher,850
ROBSON,FERNANDO DE OLIVEIRA,ROBSON FERNANDO DE OLIVEIRA,1183,M50-54,Male,FLORIANOPOLIS,SC,Brazil,BR,0:47:49,3:22:30,2:25:54,0:05:38,0:03:23,6:45:15,2869,12150,8754,338,203,24315,1013,866,66,1127,949,77,982,848,62,1013,866,66,Finisher,1169
Eurico,Markowicz,Eurico Markowicz,1318,M65-69,Male,Curitiba,Paraná,Brazil,BR,0:55:36,3:38:45,1:59:47,0:05:56,0:05:16,6:45:21,3336,13125,7187,356,316,24321,1014,867,5,1223,1028,7,1147,973,6,1014,867,5,Finisher,2603
Fernanda,Luciana Rocha,Fernanda Luciana Rocha,551,F40-44,Female,,,Brazil,BR,0:46:37,3:24:27,2:26:02,0:06:22,0:02:16,6:45:44,2797,12267,8762,382,136,24344,1015,148,26,1083,165,28,995,137,24,1015,148,26,Finisher,1600
Valtencir,De Andrade,Valtencir De Andrade,1280,M55-59,Male,,,Brazil,BR,0:37:57,3:35:26,2:19:35,0:07:52,0:04:56,6:45:47,2277,12926,8375,472,296,24347,1016,868,30,587,510,23,1027,884,30,1016,868,30,Finisher,1461
Rogerio Borato,Borato,Rogerio Borato Borato,1201,M50-54,Male,...Colombo,Selecione o Estado...,Brazil,BR,0:43:56,3:30:31,2:19:35,0:06:29,0:05:20,6:45:51,2636,12631,8375,389,320,24351,1017,869,67,985,844,65,1022,879,70,1017,869,67,Finisher,1158
Ingo,Reinert,Ingo Reinert,870,M45-49,Male,Florianópolis,Santa Catarina,Brazil,BR,0:57:08,3:40:24,1:56:48,0:05:49,0:05:44,6:45:53,3428,13224,7008,349,344,24353,1018,870,150,1235,1040,176,1161,984,171,1018,870,150,Finisher,700
Camila,Reis Porto,Camila Reis Porto,582,F45-49,Female,,,Brazil,BR,0:47:36,3:20:44,2:28:21,0:05:38,0:03:49,6:46:07,2856,12044,8901,338,229,24367,1019,149,24,1118,175,30,968,129,20,1019,149,24,Finisher,1508
Isis,Guido,Isis Guido,523,F35-39,Female,Sao Paulo,SP,Brazil,BR,0:38:57,3:38:26,2:20:46,0:05:44,0:02:16,6:46:09,2337,13106,8446,344,136,24369,1020,150,30,672,87,19,1038,146,28,1020,150,30,Finisher,1571
Luana,Weber,Luana Weber,556,F40-44,Female,,,Brazil,BR,0:47:34,3:38:24,2:11:13,0:04:51,0:04:15,6:46:18,2854,13104,7873,291,255,24378,1021,151,27,1117,174,30,1097,161,29,1021,151,27,Finisher,1589
Sheila,Hirama,Sheila Hirama,559,F40-44,Female,São Paulo,SAO PAULO,Brazil,BR,0:47:34,3:34:22,2:16:49,0:05:36,0:02:35,6:46:55,2854,12862,8209,336,155,24415,1022,152,28,1116,173,29,1075,155,28,1022,152,28,Finisher,1578
JULIEN,MARCEL DE LIMA WITZEL,JULIEN MARCEL DE LIMA WITZEL,1302,M60-64,Male,GUARAPUAVA,PR,Brazil,BR,0:43:29,3:28:42,2:26:11,0:05:48,0:03:08,6:47:18,2609,12522,8771,348,188,24438,1023,871,10,973,834,12,1004,865,10,1023,871,10,Finisher,1937
Jefferson Daniel,Spagnol,Jefferson Daniel Spagnol,235,M30-34,Male,Curitiba,Paraná,Brazil,BR,0:51:37,3:37:04,2:09:13,0:05:31,0:04:01,6:47:26,3097,13024,7753,331,241,24446,1024,872,120,1196,1007,136,1119,953,128,1024,872,120,Finisher,828
Caio,Augusto Ferraro,Caio Augusto Ferraro,115,M30-34,Male,Sao Paulo,SP,Brazil,BR,0:35:54,3:23:05,2:40:45,0:04:24,0:03:22,6:47:29,2154,12185,9645,264,202,24449,1025,873,121,435,389,58,869,760,103,1025,873,121,Finisher,827
Fernanda,Castro,Fernanda Castro,583,F45-49,Female,,,Brazil,BR,0:44:00,3:29:01,2:26:00,0:06:19,0:02:22,6:47:43,2640,12541,8760,379,142,24463,1026,153,25,990,143,22,1014,141,24,1026,153,25,Finisher,1479
João,Victor Meneguesso Moura,João Victor Meneguesso Moura,1330,M18-24,Male,Uberlândia,MG,Brazil,BR,0:38:21,3:37:07,2:25:11,0:04:14,0:02:55,6:47:48,2301,13027,8711,254,175,24468,1027,874,25,624,542,18,1017,876,25,1027,874,25,Finisher,1251
Everton,De Macedo Coelho,Everton De Macedo Coelho,755,M40-44,Male,,,Brazil,BR,0:39:47,3:41:32,2:14:55,0:08:25,0:03:14,6:47:53,2387,13292,8095,505,194,24473,1028,875,191,723,626,125,1091,932,203,1028,875,191,Finisher,795
Breno,Castro Nogueira,Breno Castro Nogueira,196,M30-34,Male,Braganca Paulista,SP,Brazil,BR,0:42:12,3:36:22,2:16:54,0:07:13,0:05:13,6:47:54,2532,12982,8214,433,313,24474,1029,876,122,904,778,111,1058,909,125,1029,876,122,Finisher,820
Edinei,Izidio Batista,Edinei Izidio Batista,1196,M50-54,Male,,,Brazil,BR,0:36:33,3:31:10,2:29:02,0:05:52,0:05:30,6:48:09,2193,12670,8942,352,330,24489,1030,877,68,485,431,22,964,837,59,1030,877,68,Finisher,1117
Joao,Paulo Manfre Dos Santos,Joao Paulo Manfre Dos Santos,667,M40-44,Male,,,Brazil,BR,0:45:51,3:28:06,2:19:34,0:09:13,0:05:27,6:48:12,2751,12486,8374,553,327,24492,1031,878,192,1059,901,189,1040,894,193,1031,878,192,Finisher,790
Danielle,Pimenta,Danielle Pimenta,1158,F55-59,Female,São Paulo,SP,Brazil,BR,0:40:47,3:27:57,2:29:51,0:05:58,0:03:40,6:48:14,2447,12477,8991,358,220,24494,1032,154,4,797,108,3,973,131,4,1032,154,4,Finisher,2312
Luis,Carlos Zattar Coelho,Luis Carlos Zattar Coelho,1203,M50-54,Male,Curitiba,PR,Brazil,BR,0:40:10,3:30:49,2:31:01,0:04:31,0:01:43,6:48:14,2410,12649,9061,271,103,24494,1033,879,69,757,656,45,978,846,61,1033,879,69,Finisher,1115
Gabriel,Miguel Pereira,Gabriel Miguel Pereira,213,M30-34,Male,CURITIBA,PARANA,Brazil,BR,0:37:48,3:54:50,2:07:14,0:05:13,0:03:11,6:48:15,2268,14090,7634,313,191,24495,1034,880,123,575,502,74,1139,969,131,1034,880,123,Finisher,814
Geandré,Gomes De Oliveira,Geandré Gomes De Oliveira,1233,M50-54,Male,Curitiba,PR,Brazil,BR,0:39:58,3:34:00,2:26:05,0:04:56,0:03:31,6:48:31,2398,12840,8765,296,211,24511,1035,881,70,740,642,38,1009,869,66,1035,881,70,Finisher,1110
Juliano,Rebesco Mendes,Juliano Rebesco Mendes,881,M45-49,Male,,,Brazil,BR,0:44:22,3:20:56,2:34:18,0:04:50,0:04:17,6:48:43,2662,12056,9258,290,257,24523,1036,882,151,1006,861,142,935,812,141,1036,882,151,Finisher,700
Ana,Carolina Ooteman Uhlmann,Ana Carolina Ooteman Uhlmann,606,F45-49,Female,,,Brazil,BR,0:44:39,3:18:37,2:36:45,0:04:47,0:04:10,6:48:59,2679,11917,9405,287,250,24539,1037,155,26,1019,147,23,919,119,18,1037,155,26,Finisher,1456
Caio,Cezar De Figueiredo Paiva,Caio Cezar De Figueiredo Paiva,448,M35-39,Male,Boa Esperanca,MG,Brazil,BR,0:43:11,3:53:31,2:00:47,0:07:35,0:04:10,6:49:14,2591,14011,7247,455,250,24554,1038,883,183,961,825,175,1165,987,207,1038,883,183,Finisher,700
Renan,Tavares Horcaio,Renan Tavares Horcaio,697,M40-44,Male,Curitiba,PR,Brazil,BR,0:48:21,3:26:14,2:27:49,0:04:52,0:02:29,6:49:44,2901,12374,8869,292,149,24584,1039,884,193,1138,957,200,1016,875,189,1039,884,193,Finisher,762
Rodrigo,Brandao,Rodrigo Brandao,274,M35-39,Male,Ponta Grossa,Paraná,Brazil,BR,0:34:38,3:41:40,2:25:40,0:05:37,0:02:28,6:50:03,2078,13300,8740,337,148,24603,1040,885,184,337,308,64,1034,889,184,1040,885,184,Finisher,700
Ricardo,Domingos Amaro Borba,Ricardo Domingos Amaro Borba,1127,M25-29,Male,,,Brazil,BR,0:43:17,3:13:08,2:46:32,0:04:32,0:03:08,6:50:37,2597,11588,9992,272,188,24637,1041,886,77,966,828,77,839,734,71,1041,886,77,Finisher,710
Jaqueline,Lima De Queiroz,Jaqueline Lima De Queiroz,580,F45-49,Female,Sao Paulo,SP,Brazil,BR,0:43:23,3:40:08,2:17:09,0:07:52,0:02:47,6:51:20,2603,13208,8229,472,167,24680,1042,156,27,969,139,20,1100,162,28,1042,156,27,Finisher,1414
Marcela,Carli Will,Marcela Carli Will,1363,F45-49,Female,Unterföhring,,Brazil,BR,0:46:00,3:36:18,2:19:06,0:07:27,0:02:45,6:51:36,2760,12978,8346,447,165,24696,1043,157,28,1063,160,27,1092,160,27,1043,157,28,Finisher,1409
Leandro,De Franca Antunes,Leandro De Franca Antunes,338,M35-39,Male,,,Brazil,BR,0:41:14,3:30:20,2:30:36,0:06:21,0:03:23,6:51:53,2474,12620,9036,381,203,24713,1044,887,185,840,723,155,1002,864,179,1044,887,185,Finisher,700
Rogerio,De Assis,Rogerio De Assis,1262,M55-59,Male,,,Brazil,BR,0:35:18,3:45:38,2:22:34,0:05:14,0:03:17,6:52:02,2118,13538,8554,314,197,24722,1045,888,31,394,356,14,1061,911,33,1045,888,31,Finisher,1349
Fabricio,Goncalves Zipperer,Fabricio Goncalves Zipperer,886,M45-49,Male,Curitiba,PR,Brazil,BR,0:36:50,3:29:41,2:36:30,0:06:18,0:03:12,6:52:32,2210,12581,9390,378,192,24752,1046,889,152,505,447,70,958,831,149,1046,889,152,Finisher,700
Pedro,Pedri,Pedro Pedri,150,M30-34,Male,curitiba ,PARANA,Brazil,BR,0:36:53,3:39:28,2:27:03,0:05:16,0:03:59,6:52:38,2213,13168,8823,316,239,24758,1047,890,124,510,451,66,1029,886,123,1047,890,124,Finisher,735
Leticia,Nakamura Loyola Da Silva Chiaradia,Leticia Nakamura Loyola Da Silva Chiaradia,530,F35-39,Female,,,Brazil,BR,0:52:51,3:51:45,1:59:44,0:04:37,0:03:54,6:52:51,3171,13905,7184,277,234,24771,1048,158,31,1209,194,39,1181,182,38,1048,158,31,Finisher,1450
Emanuel,Souza Alberton,Emanuel Souza Alberton,875,M45-49,Male,Florianopolis,SC,Brazil,BR,0:50:56,3:35:26,2:13:45,0:06:58,0:05:53,6:52:57,3056,12926,8025,418,353,24777,1049,891,153,1188,1001,171,1114,949,165,1049,891,153,Finisher,700
Felipe,Augusto De Azevedo Rezende,Felipe Augusto De Azevedo Rezende,1167,M50-54,Male,,,Brazil,BR,0:40:58,3:18:43,2:42:56,0:05:29,0:04:54,6:53:00,2458,11923,9776,329,294,24780,1050,892,71,812,699,50,890,776,51,1050,892,71,Finisher,1030
Daniel,Ramos Bispo,Daniel Ramos Bispo,206,M30-34,Male,Belo Horizonte,MG,Brazil,BR,0:57:23,3:34:34,2:15:38,0:04:17,0:01:22,6:53:14,3443,12874,8138,257,82,24794,1051,893,125,1236,1041,140,1131,962,130,1051,893,125,Finisher,724
Joao Caetano,Magalhaes,Joao Caetano Magalhaes,1295,M55-59,Male,Curitiba ,BR-PR,Brazil,BR,0:42:30,3:22:23,2:39:08,0:06:11,0:03:14,6:53:26,2550,12143,9548,371,194,24806,1052,894,32,924,793,29,940,816,29,1052,894,32,Finisher,1323
Bernardo ,Abdalla,Bernardo Abdalla,1065,M25-29,Male,Curitiba ,Paraná ,Brazil,BR,0:42:26,3:34:16,2:28:10,0:04:55,0:03:41,6:53:29,2546,12856,8890,295,221,24809,1053,895,78,918,788,75,1030,887,78,1053,895,78,Finisher,700
Gabriel,Lisboa Silva E Dias Ferreira,Gabriel Lisboa Silva E Dias Ferreira,792,M40-44,Male,Goiania,GO,Brazil,BR,0:35:58,3:38:59,2:29:11,0:06:06,0:03:34,6:53:48,2158,13139,8951,366,214,24828,1054,896,194,442,394,83,1024,881,191,1054,896,194,Finisher,700
Jackson,Santos,Jackson Santos,466,M35-39,Male,,,Brazil,BR,0:56:56,3:28:03,2:21:27,0:04:42,0:02:56,6:54:04,3416,12483,8487,282,176,24844,1055,897,186,1232,1037,221,1090,931,194,1055,897,186,Finisher,700
Pedro,Sakamoto,Pedro Sakamoto,1320,M65-69,Male,curitiba,Paraná,Brazil,BR,0:44:44,3:20:45,2:41:57,0:03:14,0:03:46,6:54:26,2684,12045,9717,194,226,24866,1056,898,6,1025,878,4,925,805,5,1056,898,6,Finisher,2439
Vitor,Rocha,Vitor Rocha,1069,M25-29,Male,,,Brazil,BR,0:44:01,3:38:22,2:25:16,0:04:35,0:02:29,6:54:42,2641,13102,8716,275,149,24882,1057,899,79,992,849,79,1069,918,83,1057,899,79,Finisher,700
Viviane,Cristina Dick Maziero,Viviane Cristina Dick Maziero,1383,F45-49,Female,,,Brazil,BR,1:05:20,3:34:15,2:08:17,0:04:38,0:02:27,6:54:57,3920,12855,7697,278,147,24897,1058,159,29,1255,198,37,1164,178,32,1058,159,29,Finisher,1349
Fabio,Grubba,Fabio Grubba,327,M35-39,Male,,,Brazil,BR,0:42:00,3:34:21,2:29:09,0:05:11,0:04:24,6:55:05,2520,12861,8949,311,264,24905,1059,900,187,886,762,166,1028,885,183,1059,900,187,Finisher,700
CARLOS,GOMES DE FARIA JUNIOR,CARLOS GOMES DE FARIA JUNIOR,684,M40-44,Male,Uberlândia,MG,Brazil,BR,0:48:30,3:32:46,2:23:30,0:06:30,0:04:10,6:55:27,2910,12766,8610,390,250,24927,1060,901,195,1140,959,201,1076,921,202,1060,901,195,Finisher,700
Bruno,Guilherme Morais Pagan,Bruno Guilherme Morais Pagan,610,M40-44,Male,Maringá,BR-PR,Brazil,BR,0:42:41,3:29:32,2:32:37,0:06:00,0:05:19,6:56:08,2561,12572,9157,360,319,24968,1061,902,196,936,803,167,1005,866,187,1061,902,196,Finisher,700
Antonio,Germinari Kahtalian,Antonio Germinari Kahtalian,1105,M25-29,Male,,,Brazil,BR,0:38:53,3:40:12,2:26:52,0:05:53,0:04:18,6:56:08,2333,13212,8812,353,258,24968,1062,903,80,663,578,61,1048,901,82,1062,903,80,Finisher,700
Jan,Philipp Dallegrave Thomas,Jan Philipp Dallegrave Thomas,1052,M18-24,Male,,,Brazil,BR,0:45:55,3:40:39,2:20:54,0:05:46,0:03:13,6:56:28,2755,13239,8454,346,193,24988,1063,904,26,1060,902,31,1107,944,30,1063,904,26,Finisher,1095
Ericson,Pereira,Ericson Pereira,895,M45-49,Male,Curitiba,Paraná,Brazil,BR,0:36:02,3:26:57,2:40:31,0:05:54,0:07:17,6:56:40,2162,12417,9631,354,437,25000,1064,905,154,444,396,62,927,806,139,1064,905,154,Finisher,700
Silmar,Jose Muiniki Junior,Silmar Jose Muiniki Junior,367,M35-39,Male,,,Brazil,BR,0:46:19,3:42:23,2:19:43,0:05:34,0:02:41,6:56:40,2779,13343,8383,334,161,25000,1065,906,188,1072,909,194,1120,954,197,1065,906,188,Finisher,700
Lucas,Guedes Tamborelli,Lucas Guedes Tamborelli,1041,M18-24,Male,,,Brazil,BR,0:44:30,3:41:47,2:23:39,0:04:50,0:01:54,6:56:40,2670,13307,8619,290,114,25000,1066,907,27,1012,866,29,1099,938,29,1066,907,27,Finisher,1092
Lucas,Virmond,Lucas Virmond,663,M40-44,Male,,,Brazil,BR,0:47:50,3:40:29,2:19:55,0:05:42,0:02:50,6:56:46,2870,13229,8395,342,170,25006,1067,908,197,1128,950,199,1118,952,206,1067,908,197,Finisher,700
Leandro,Ribeiro Marques,Leandro Ribeiro Marques,793,M40-44,Male,Osasco,São Paulo,Brazil,BR,0:43:36,3:44:22,2:17:49,0:06:23,0:05:05,6:57:15,2616,13462,8269,383,305,25035,1068,909,198,975,836,173,1122,956,207,1068,909,198,Finisher,700
Cesar,Costa,Cesar Costa,674,M40-44,Male,Curitiba,Pr,Brazil,BR,0:41:18,3:30:37,2:36:51,0:05:06,0:03:26,6:57:18,2478,12637,9411,306,206,25038,1069,910,199,845,727,152,991,855,184,1069,910,199,Finisher,700
Daniel,Coimbra,Daniel Coimbra,1364,M40-44,Male,WESLEY CHAPEL,FL,Brazil,BR,0:44:49,3:35:24,2:27:56,0:05:57,0:03:26,6:57:33,2689,12924,8876,357,206,25053,1070,911,200,1028,881,186,1062,912,199,1070,911,200,Finisher,700
Giuliano,Robinson,Giuliano Robinson,1357,M35-39,Male,Curitiba,Paraná,Brazil,BR,0:41:00,3:11:02,2:57:30,0:04:33,0:03:49,6:57:55,2460,11462,10650,273,229,25075,1071,912,189,815,702,147,780,684,148,1071,912,189,Finisher,700
Fabiano,Tessmann,Fabiano Tessmann,1342,M50-54,Male,Curitiba,PR,Brazil,BR,0:44:51,3:42:19,2:20:11,0:06:26,0:04:09,6:57:57,2691,13339,8411,386,249,25077,1072,913,72,1029,882,69,1115,950,74,1072,913,72,Finisher,941
Ana,Carolina Bail Morais,Ana Carolina Bail Morais,1024,F25-29,Female,,,Brazil,BR,0:38:49,3:52:27,2:17:37,0:07:01,0:02:36,6:58:31,2329,13947,8257,421,156,25111,1073,160,14,658,85,10,1141,172,14,1073,160,14,Finisher,1218
Rodrigo,Loures,Rodrigo Loures,1301,M60-64,Male,Sao Paulo,SP,Brazil,BR,0:42:26,3:37:52,2:26:43,0:07:55,0:03:42,6:58:38,2546,13072,8803,475,222,25118,1074,914,11,917,787,10,1081,925,11,1074,914,11,Finisher,1733
Joao,Paulo Carniel,Joao Paulo Carniel,389,M35-39,Male,Toledo,PR,Brazil,BR,0:49:39,3:31:10,2:30:06,0:05:26,0:02:25,6:58:46,2979,12670,9006,326,145,25126,1075,915,190,1172,986,208,1063,913,189,1075,915,190,Finisher,700
Claudiane,Seixas Carraro,Claudiane Seixas Carraro,538,F35-39,Female,,,Brazil,BR,0:45:33,3:49:09,2:15:19,0:05:52,0:02:58,6:58:50,2733,13749,8119,352,178,25130,1076,161,32,1050,158,29,1150,175,36,1076,161,32,Finisher,1342
Isabele,Matos,Isabele Matos,565,F40-44,Female,Guarapuava,Paraná,Brazil,BR,0:40:01,3:27:57,2:40:50,0:05:55,0:04:21,6:59:04,2401,12477,9650,355,261,25144,1077,162,29,741,99,18,966,128,23,1077,162,29,Finisher,1360
Jhonata,Antunes,Jhonata Antunes,136,M30-34,Male,joinville,SC,Brazil,BR,0:48:11,3:32:20,2:31:48,0:04:20,0:02:50,6:59:28,2891,12740,9108,260,170,25168,1078,916,126,1132,952,129,1047,900,124,1078,916,126,Finisher,700
Ivan,Neris De Alencar Batista,Ivan Neris De Alencar Batista,1206,M50-54,Male,sao paulo,sp,Brazil,BR,0:57:24,3:51:19,2:01:46,0:05:47,0:03:17,6:59:32,3444,13879,7306,347,197,25172,1079,917,73,1237,1042,87,1192,1008,80,1079,917,73,Finisher,912
Claudio,Roberto Seckne,Claudio Roberto Seckne,1177,M50-54,Male,Curitiba,PR,Brazil,BR,0:39:51,3:12:40,2:55:49,0:05:16,0:05:58,6:59:34,2391,11560,10549,316,358,25174,1080,918,74,730,633,37,801,701,43,1080,918,74,Finisher,911
Luiz Henrique,Spinardi,Luiz Henrique Spinardi,769,M40-44,Male,S'ao Paulo,São Paulo,Brazil,BR,0:45:47,3:32:51,2:33:12,0:05:22,0:03:02,7:00:14,2747,12771,9192,322,182,25214,1081,919,201,1056,898,188,1045,898,195,1081,919,201,Finisher,700
Davani,Latarullo Costa,Davani Latarullo Costa,994,M45-49,Male,curitiba,PR,Brazil,BR,0:45:58,3:57:41,2:09:27,0:05:20,0:02:12,7:00:38,2758,14261,7767,320,132,25238,1082,920,155,1062,903,148,1179,999,172,1082,920,155,Finisher,700
Denis,Carvalho Carneiro,Denis Carvalho Carneiro,256,M35-39,Male,Curitiba,Paraná,Brazil,BR,0:44:26,3:47:03,2:12:33,0:08:06,0:08:29,7:00:38,2666,13623,7953,486,509,25238,1083,921,191,1008,863,185,1144,971,201,1083,921,191,Finisher,700
Wesley,Costa,Wesley Costa,854,M45-49,Male,CURITIBA,BR-PR,Brazil,BR,0:48:21,3:36:38,2:27:07,0:05:23,0:03:39,7:01:08,2901,12998,8827,323,219,25268,1084,922,156,1139,958,163,1096,936,160,1084,922,156,Finisher,700
Renata,Burjato,Renata Burjato,537,F35-39,Female,,,Brazil,BR,0:37:56,3:49:50,2:26:55,0:04:36,0:02:22,7:01:39,2276,13790,8815,276,142,25299,1085,163,33,583,75,15,1108,164,33,1085,163,33,Finisher,1292
Polyana,Furtado Silva,Polyana Furtado Silva,1397,F30-34,Female,Belo Horizonte,MG,Brazil,BR,0:41:53,3:30:17,2:39:45,0:05:48,0:04:10,7:01:53,2513,12617,9585,348,250,25313,1086,164,27,881,124,24,1003,139,24,1086,164,27,Finisher,1257
Joao,Victor Carniel Nunes,Joao Victor Carniel Nunes,410,M35-39,Male,Tiete,SP,Brazil,BR,0:53:31,3:32:49,2:28:30,0:04:30,0:02:38,7:01:58,3211,12769,8910,270,158,25318,1087,923,192,1214,1020,216,1098,937,195,1087,923,192,Finisher,700
Joao,Cardoso Neto,Joao Cardoso Neto,848,M45-49,Male,Brasil,PR,Brazil,BR,0:38:56,3:28:26,2:43:57,0:07:31,0:04:01,7:02:50,2336,12506,9837,451,241,25370,1088,924,157,669,584,95,976,844,151,1088,924,157,Finisher,700
Tiago,Bortolon Grassi de Carli,Tiago Bortolon Grassi de Carli,1097,M25-29,Male,CURITIBA,PR,Brazil,BR,0:49:04,3:11:09,2:53:12,0:05:36,0:04:12,7:03:13,2944,11469,10392,336,252,25393,1089,925,81,1154,972,88,898,782,74,1089,925,81,Finisher,700
Ramon,Mendes,Ramon Mendes,866,M45-49,Male,Salvador,BR-BA,Brazil,BR,0:42:17,3:40:13,2:29:31,0:06:06,0:05:25,7:03:32,2537,13213,8971,366,325,25412,1090,926,158,908,781,131,1084,927,155,1090,926,158,Finisher,700
Ronaldo,Jung,Ronaldo Jung,973,M45-49,Male,Curitiba,PR,Brazil,BR,0:45:20,3:20:46,2:45:47,0:05:59,0:05:46,7:03:38,2720,12046,9947,359,346,25418,1091,927,159,1046,890,147,949,824,147,1091,927,159,Finisher,700
Fabio,Jose Pires,Fabio Jose Pires,1175,M50-54,Male,,,Brazil,BR,0:49:03,3:42:49,2:20:57,0:06:27,0:04:34,7:03:49,2943,13369,8457,387,274,25429,1092,928,75,1152,970,80,1142,970,77,1092,928,75,Finisher,835
PEDRO,HENRIQUE ALVES DE SOUZA CARVALHO GUERRA,PEDRO HENRIQUE ALVES DE SOUZA CARVALHO GUERRA,232,M30-34,Male,,,Brazil,BR,0:38:15,3:28:34,2:48:54,0:05:06,0:03:37,7:04:26,2295,12514,10134,306,217,25466,1093,929,127,611,529,79,947,822,113,1093,929,127,Finisher,700
Lohan,Gunha,Lohan Gunha,1027,M18-24,Male,,,Brazil,BR,0:36:46,3:41:41,2:39:20,0:04:02,0:02:46,7:04:35,2206,13301,9560,242,166,25475,1094,930,28,499,442,15,1036,891,26,1094,930,28,Finisher,949
Felipe,Augusto Lazaretti De Lima,Felipe Augusto Lazaretti De Lima,1376,M25-29,Male,Sao Paulo,SP,Brazil,BR,0:59:11,3:34:20,2:25:45,0:03:51,0:01:32,7:04:38,3551,12860,8745,231,92,25478,1095,931,82,1244,1049,90,1136,966,86,1095,931,82,Finisher,700
Luciana,Cachem,Luciana Cachem,1156,F55-59,Female,Santana De Parnaiba,SP,Brazil,BR,0:47:10,3:44:53,2:22:28,0:06:57,0:03:49,7:05:17,2830,13493,8548,417,229,25517,1096,165,5,1103,171,6,1143,173,5,1096,165,5,Finisher,2005
Felipe,Freire Chemin,Felipe Freire Chemin,297,M35-39,Male,Curitiba,PR,Brazil,BR,0:49:31,4:02:10,2:04:11,0:06:09,0:03:37,7:05:37,2971,14530,7451,369,217,25537,1097,932,193,1170,984,207,1205,1016,216,1097,932,193,Finisher,700
Eduardo,Stadiniski,Eduardo Stadiniski,464,M35-39,Male,Curitiba,PR,Brazil,BR,1:06:38,3:29:42,2:18:23,0:06:24,0:04:44,7:05:52,3998,12582,8303,384,284,25552,1098,933,194,1258,1060,227,1158,981,205,1098,933,194,Finisher,700
Leonardo,Arvellos Pereira,Leonardo Arvellos Pereira,1225,M50-54,Male,Sao Paulo,SP,Brazil,BR,0:48:46,3:46:37,2:11:22,0:10:47,0:08:54,7:06:26,2926,13597,7882,647,534,25586,1099,934,76,1148,966,79,1171,992,79,1099,934,76,Finisher,788
Nathan,Ichikawa Ceschin,Nathan Ichikawa Ceschin,249,M35-39,Male,,,Brazil,BR,0:40:24,3:26:04,2:48:17,0:07:21,0:04:21,7:06:27,2424,12364,10097,441,261,25587,1100,935,195,772,669,141,965,838,175,1100,935,195,Finisher,700
André,Pepino,André Pepino,700,M40-44,Male,Curitiba,Parana,Brazil,BR,0:41:03,3:37:31,2:38:18,0:06:34,0:03:12,7:06:38,2463,13051,9498,394,192,25598,1101,936,202,819,706,150,1052,904,196,1101,936,202,Finisher,700
Jessica,Nichele Ramos,Jessica Nichele Ramos,522,F35-39,Female,,,Brazil,BR,0:36:11,3:53:46,2:26:44,0:06:16,0:03:43,7:06:40,2171,14026,8804,376,223,25600,1102,166,34,461,52,10,1130,169,35,1102,166,34,Finisher,1201
Caue,Sala Costa Pinto,Caue Sala Costa Pinto,411,M35-39,Male,Salto ,Sp ,Brazil,BR,0:49:26,3:29:04,2:34:19,0:09:41,0:05:01,7:07:31,2966,12544,9259,581,301,25651,1103,937,196,1165,980,206,1080,924,193,1103,937,196,Finisher,700
Cássio ,Gohara,Cássio Gohara,1002,M45-49,Male,Maringá,Paraná,Brazil,BR,0:38:19,3:44:15,2:34:22,0:06:27,0:04:18,7:07:41,2299,13455,9262,387,258,25661,1104,938,160,619,537,88,1085,928,156,1104,938,160,Finisher,700
PEDRO,BARBOSA,PEDRO BARBOSA,1056,M18-24,Male,Curitiba,Paraná,Brazil,BR,0:45:40,3:34:44,2:37:02,0:06:56,0:03:57,7:08:19,2740,12884,9422,416,237,25699,1105,939,29,1055,897,30,1072,919,28,1105,939,29,Finisher,882
Luis,Felipe Casagrande,Luis Felipe Casagrande,1055,M18-24,Male,Curitiba,PR,Brazil,BR,0:38:55,3:32:20,2:39:06,0:13:09,0:04:55,7:08:25,2335,12740,9546,789,295,25705,1106,940,30,667,582,20,1046,899,27,1106,940,30,Finisher,880
Gabriel,Maia E Silva,Gabriel Maia E Silva,375,M35-39,Male,Joinville,SC,Brazil,BR,0:44:54,3:43:40,2:26:25,0:08:59,0:04:43,7:08:41,2694,13420,8785,539,283,25721,1107,941,197,1032,885,189,1138,968,200,1107,941,197,Finisher,700
Joao,Antonio,Joao Antonio,1108,M25-29,Male,Curitiba,Parana,Brazil,BR,0:39:33,4:02:21,2:17:14,0:06:08,0:03:41,7:08:57,2373,14541,8234,368,221,25737,1108,942,83,703,612,64,1176,996,87,1108,942,83,Finisher,700
Jean,Farias,Jean Farias,1347,M35-39,Male,Curitiba,PARANÁ,Brazil,BR,0:42:26,3:52:48,2:21:29,0:07:30,0:05:10,7:09:23,2546,13968,8489,450,310,25763,1109,943,198,916,786,169,1157,980,204,1109,943,198,Finisher,700
thais,soares,thais soares,507,F35-39,Female,SAO PAULO,São Paulo,Brazil,BR,0:45:20,3:41:31,2:34:22,0:05:22,0:02:59,7:09:35,2720,13291,9262,322,179,25775,1110,167,35,1047,157,28,1106,163,32,1110,167,35,Finisher,1149
Diego,Dias,Diego Dias,632,M40-44,Male,Sao Paulo,SP,Brazil,BR,0:44:23,3:29:30,2:44:07,0:06:29,0:05:32,7:10:02,2663,12570,9847,389,332,25802,1111,944,203,1007,862,181,1018,877,190,1111,944,203,Finisher,700
MARINA,CRUZ DE ARAUJO,MARINA CRUZ DE ARAUJO,527,F35-39,Female,RIO DE JANEIRO,RJ,Brazil,BR,0:46:31,3:36:44,2:38:21,0:05:46,0:02:54,7:10:17,2791,13004,9501,346,174,25817,1112,168,36,1080,164,31,1086,158,31,1112,168,36,Finisher,1136
Christian,Augusto Costa Beppler,Christian Augusto Costa Beppler,974,M45-49,Male,Curitiba,PR,Brazil,BR,0:43:24,3:45:35,2:30:39,0:05:17,0:05:37,7:10:32,2604,13535,9039,317,337,25832,1113,945,161,970,831,140,1121,955,166,1113,945,161,Finisher,700
Rudnei,Fernando Rosa,Rudnei Fernando Rosa,690,M40-44,Male,Americana,SP,Brazil,BR,0:48:35,3:19:19,2:54:17,0:05:31,0:03:00,7:10:42,2915,11959,10457,331,180,25842,1114,946,204,1141,960,202,963,836,179,1114,946,204,Finisher,700
Julio Cesar,Goudard,Julio Cesar Goudard,1179,M50-54,Male,São José Dos Pinhais,PR,Brazil,BR,0:40:01,3:49:09,2:33:30,0:04:51,0:03:14,7:10:45,2401,13749,9210,291,194,25845,1115,947,77,742,643,39,1117,951,75,1115,947,77,Finisher,710
Gabriela,Boschiero,Gabriela Boschiero,482,F30-34,Female,Piracicaba,SP,Brazil,BR,0:40:56,3:48:41,2:33:36,0:04:54,0:03:18,7:11:26,2456,13721,9216,294,198,25886,1116,169,28,811,113,20,1126,167,28,1116,169,28,Finisher,1085
Fabio,Luis Semicek,Fabio Luis Semicek,852,M45-49,Male,Curitiba,PR,Brazil,BR,0:47:47,3:33:56,2:35:49,0:08:38,0:05:24,7:11:35,2867,12836,9349,518,324,25895,1117,948,162,1124,946,160,1095,935,159,1117,948,162,Finisher,700
Rafael,Nunes Do Carmo,Rafael Nunes Do Carmo,835,M45-49,Male,Porto Alegre,,Brazil,BR,0:54:16,3:49:52,2:20:39,0:05:18,0:01:34,7:11:39,3256,13792,8439,318,94,25899,1118,949,163,1219,1025,174,1182,1000,173,1118,949,163,Finisher,700
Priscilla,Teixeira Migliorini,Priscilla Teixeira Migliorini,576,F45-49,Female,Paranagua,PR,Brazil,BR,0:50:15,3:52:27,2:21:41,0:04:34,0:03:15,7:12:13,3015,13947,8501,274,195,25933,1119,170,30,1178,187,31,1174,180,33,1119,170,30,Finisher,1038
Leticia,Ford,Leticia Ford,595,F45-49,Female,BURLINGAME,CA,United States,US,0:52:36,3:32:10,2:35:12,0:08:19,0:04:21,7:12:38,3156,12730,9312,499,261,25958,1120,171,31,1206,192,33,1112,165,29,1120,171,31,Finisher,1030
Matheus,Martins,Matheus Martins,729,M40-44,Male,Ponta Grossa,PR,Brazil,BR,0:40:52,3:28:50,2:52:55,0:07:04,0:03:32,7:13:12,2452,12530,10375,424,212,25992,1121,950,205,804,695,146,988,853,183,1121,950,205,Finisher,700
TATIANA,AFONSO,TATIANA AFONSO,605,F45-49,Female,SAO CAETANO DO SUL,SP,Brazil,BR,0:39:35,3:55:32,2:26:54,0:06:05,0:05:09,7:13:15,2375,14132,8814,365,309,25995,1122,172,32,707,93,13,1153,176,31,1122,172,32,Finisher,1019
Angela,Kusma,Angela Kusma,1162,F60-64,Female,CURITIBA,PARANA,Brazil,BR,0:47:23,3:32:24,2:45:48,0:05:37,0:02:56,7:14:09,2843,12744,9948,337,176,26049,1123,173,1,1110,172,3,1056,149,1,1123,173,1,Finisher,3500
Theo,Luiz Ferraz De Souza,Theo Luiz Ferraz De Souza,933,M45-49,Male,,,Brazil,BR,0:58:49,3:21:03,2:38:44,0:11:37,0:04:28,7:14:41,3529,12063,9524,697,268,26081,1124,951,164,1242,1047,178,1101,939,161,1124,951,164,Finisher,700
Francisco,Kirchgassner,Francisco Kirchgassner,1213,M50-54,Male,,,Brazil,BR,0:43:00,3:27:43,2:50:31,0:08:08,0:05:23,7:14:45,2580,12463,10231,488,323,26085,1125,952,78,951,816,60,1008,868,65,1125,952,78,Finisher,700
Lucas,Portes De Oliveira,Lucas Portes De Oliveira,320,M35-39,Male,Taubate,SP,Brazil,BR,0:49:57,4:01:34,2:13:22,0:06:20,0:03:40,7:14:54,2997,14494,8002,380,220,26094,1126,953,199,1174,988,209,1206,1017,217,1126,953,199,Finisher,700
RICHARD,WILSON BERGAMIN,RICHARD WILSON BERGAMIN,999,M45-49,Male,CAMPINAS,SP,Brazil,BR,0:37:43,3:20:56,3:04:24,0:08:47,0:04:31,7:16:21,2263,12056,11064,527,271,26181,1127,954,165,568,496,78,914,797,137,1127,954,165,Finisher,700
Bruno,Gusso,Bruno Gusso,120,M30-34,Male,,,Brazil,BR,0:59:05,3:33:01,2:33:27,0:08:22,0:02:43,7:16:37,3545,12781,9207,502,163,26197,1128,955,128,1243,1048,142,1148,974,132,1128,955,128,Finisher,700
Márcia,Magalhães,Márcia Magalhães,1157,F55-59,Female,Florianópolis,SC,Brazil,BR,0:47:10,3:55:19,2:23:47,0:06:37,0:04:03,7:16:55,2830,14119,8627,397,243,26215,1129,174,6,1102,170,5,1180,181,6,1129,174,6,Finisher,1796
Andre,Felipe Martinez,Andre Felipe Martinez,1083,M25-29,Male,Curitiba,SC,Brazil,BR,0:41:07,3:37:45,2:49:52,0:04:44,0:03:40,7:17:08,2467,13065,10192,284,220,26228,1130,956,84,828,713,70,1042,896,81,1130,956,84,Finisher,700
Robson,De Almeida Fiatcoski,Robson De Almeida Fiatcoski,299,M35-39,Male,Sao Jose Dos Pinhais,PR,Brazil,BR,0:37:53,3:42:03,2:50:56,0:05:17,0:02:33,7:18:41,2273,13323,10256,317,153,26321,1131,957,200,580,507,103,1054,906,187,1131,957,200,Finisher,700
Silvia,Cristina De Andrade Almeida,Silvia Cristina De Andrade Almeida,598,F45-49,Female,Brasilia,DF,Brazil,BR,0:40:53,3:54:00,2:36:39,0:05:01,0:02:13,7:18:46,2453,14040,9399,301,133,26326,1132,175,33,806,110,16,1145,174,30,1132,175,33,Finisher,920
Heloisa,Brito,Heloisa Brito,498,F30-34,Female,Campinas,,Brazil,BR,0:40:53,4:05:10,2:23:39,0:06:09,0:03:36,7:19:28,2453,14710,8619,369,216,26368,1133,176,29,807,111,19,1187,183,30,1133,176,29,Finisher,941
Ricardo,Iwagoro Piekarz Umeyama,Ricardo Iwagoro Piekarz Umeyama,894,M45-49,Male,CURITIBA,PR,Brazil,BR,0:57:02,3:48:57,2:21:43,0:07:34,0:04:14,7:19:30,3422,13737,8503,454,254,26370,1134,958,166,1234,1039,175,1190,1006,175,1134,958,166,Finisher,700
Euclides,Nascimento Antunes Junior,Euclides Nascimento Antunes Junior,1290,M55-59,Male,Curitiba,Paraná ,Brazil,BR,0:42:52,4:01:23,2:28:29,0:05:44,0:01:31,7:20:00,2572,14483,8909,344,91,26400,1135,959,33,948,813,30,1185,1003,34,1135,959,33,Finisher,845
Nickolas,Freitas,Nickolas Freitas,1032,M18-24,Male,Curitiba,PR,Brazil,BR,0:42:01,3:45:16,2:46:18,0:05:18,0:01:44,7:20:38,2521,13516,9978,318,104,26438,1136,960,31,889,765,26,1110,946,31,1136,960,31,Finisher,700
Bruno,Santanna Peres,Bruno Santanna Peres,325,M35-39,Male,Sao Jose Dos Campos,SP,Brazil,BR,0:48:57,3:47:55,2:27:56,0:08:43,0:07:13,7:20:43,2937,13675,8876,523,433,26443,1137,961,201,1150,968,201,1168,989,208,1137,961,201,Finisher,700
Darius,Godoy,Darius Godoy,1407,M45-49,Male,Sao Jose Dos Pinhais,PR,Brazil,BR,0:46:18,3:36:48,2:48:44,0:06:29,0:04:30,7:22:48,2778,13008,10124,389,270,26568,1138,962,167,1071,908,149,1089,930,157,1138,962,167,Finisher,700
Eduardo,Friedrich,Eduardo Friedrich,1426,M40-44,Male,Curitiba,PR,Brazil,BR,1:02:19,4:03:17,2:03:27,0:08:02,0:05:45,7:22:51,3739,14597,7407,482,345,26571,1139,963,206,1251,1055,218,1230,1036,217,1139,963,206,Finisher,700
Helenice,Mendes Chupel,Helenice Mendes Chupel,533,F35-39,Female,,,Brazil,BR,0:48:08,3:44:41,2:36:02,0:08:49,0:05:19,7:22:59,2888,13481,9362,529,319,26579,1140,177,37,1130,180,34,1156,177,37,1140,177,37,Finisher,908
Camila,Contini,Camila Contini,521,F35-39,Female,Valinhos,BR-SP,Brazil,BR,0:43:06,3:46:26,2:43:17,0:06:25,0:04:27,7:23:41,2586,13586,9797,385,267,26621,1141,178,38,956,136,26,1129,168,34,1141,178,38,Finisher,895
RODOLFO,Tallarida Serra Pereira ,RODOLFO Tallarida Serra Pereira,446,M35-39,Male,Rio de Janeiro,,Brazil,BR,0:41:42,3:47:04,2:43:24,0:05:49,0:06:01,7:24:00,2502,13624,9804,349,361,26640,1142,964,202,866,745,163,1127,960,199,1142,964,202,Finisher,700
Fabricio,Gomes,Fabricio Gomes,913,M45-49,Male,Curitiba,Paraná,Brazil,BR,0:39:21,3:45:06,2:49:20,0:05:36,0:04:49,7:24:12,2361,13506,10160,336,289,26652,1143,965,168,696,606,101,1093,933,158,1143,965,168,Finisher,700
Mateus,Brazao Pereira Martins Ferreira,Mateus Brazao Pereira Martins Ferreira,1074,M25-29,Male,,,Brazil,BR,0:42:10,3:19:07,3:14:45,0:05:17,0:02:58,7:24:17,2530,11947,11685,317,178,26657,1144,966,85,898,774,72,906,789,76,1144,966,85,Finisher,700
VICTOR,HOMEM HECK,VICTOR HOMEM HECK,777,M30-34,Male,SOMBRIO,SC,Brazil,BR,0:41:18,3:45:09,2:48:46,0:05:42,0:03:49,7:24:45,2478,13509,10126,342,229,26685,1145,967,129,844,726,98,1105,943,127,1145,967,129,Finisher,700
Marcel,Arsie Berhorst,Marcel Arsie Berhorst,285,M35-39,Male,Colombo ,Parana,Brazil,BR,0:42:39,3:56:25,2:35:05,0:06:58,0:03:42,7:24:49,2559,14185,9305,418,222,26689,1146,968,203,934,802,172,1169,990,209,1146,968,203,Finisher,700
Carlos,Sviontek,Carlos Sviontek,253,M35-39,Male,Curitiba,PR,Brazil,BR,0:56:25,3:50:42,2:24:46,0:09:20,0:03:55,7:25:08,3385,13842,8686,560,235,26708,1147,969,204,1228,1033,219,1199,1012,214,1147,969,204,Finisher,700
Eduardo,Clayton Carvalho Fritz,Eduardo Clayton Carvalho Fritz,638,M40-44,Male,Curitiba,PR,Brazil,BR,1:06:32,,2:26:10,0:06:37,0:00:00,7:25:27,3992,0,8770,397,0,26727,1148,970,207,1257,1059,219,99999,99999,99999,1148,970,207,Finisher,700
Gustavo,Santos David,Gustavo Santos David,416,M35-39,Male,Montes Claros,MG,Brazil,BR,0:46:59,3:45:30,2:42:13,0:08:01,0:02:53,7:25:37,2819,13530,9733,481,173,26737,1149,971,205,1096,929,198,1149,975,202,1149,971,205,Finisher,700
Gabriel,Meireles,Gabriel Meireles,349,M35-39,Male,,,Brazil,BR,0:39:27,3:51:29,2:48:10,0:03:28,0:03:24,7:25:59,2367,13889,10090,208,204,26759,1150,972,206,701,610,130,1124,958,198,1150,972,206,Finisher,700
Mikaella,Brandalise,Mikaella Brandalise,1021,F25-29,Female,ATLANTA,GA,Brazil,BR,0:40:49,4:09:14,2:27:16,0:06:21,0:02:37,7:26:17,2449,14954,8836,381,157,26777,1151,179,15,801,109,11,1198,187,16,1151,179,15,Finisher,718
Gabriel,Schmith,Gabriel Schmith,368,M35-39,Male,Curitiba,Paraná,Brazil,BR,0:44:06,4:03:30,2:29:23,0:07:02,0:03:27,7:27:27,2646,14610,8963,422,207,26847,1152,973,207,998,855,180,1193,1009,213,1152,973,207,Finisher,700
Tatiana,Euclydes Cassoli,Tatiana Euclydes Cassoli,1147,F50-54,Female,São José dos Pinhais,Paraná,Brazil,BR,0:44:22,3:52:54,2:40:55,0:07:20,0:02:41,7:28:12,2662,13974,9655,440,161,26892,1153,180,13,1005,145,13,1166,179,14,1153,180,13,Finisher,1274
Luiz Carlos,Kuns Passos,Luiz Carlos Kuns Passos,261,M35-39,Male,Curitiba,,Brazil,BR,0:44:05,3:53:59,2:37:16,0:08:07,0:05:03,7:28:30,2645,14039,9436,487,303,26910,1154,974,208,997,854,179,1172,993,211,1154,974,208,Finisher,700
Rafael,Almeida,Rafael Almeida,408,M35-39,Male,Belo Horizonte,Minas Gerais,Brazil,BR,1:02:47,3:44:32,2:26:14,0:09:21,0:05:47,7:28:42,3767,13472,8774,561,347,26922,1155,975,209,1252,1056,224,1201,1014,215,1155,975,209,Finisher,700
Almir,Joao Brandalize,Almir Joao Brandalize,1308,M60-64,Male,,,Brazil,BR,0:40:33,3:49:53,2:47:37,0:06:06,0:04:44,7:28:52,2433,13793,10057,366,284,26932,1156,976,12,780,675,8,1133,963,12,1156,976,12,Finisher,1188
Matheus,Arid Isolato Pereira,Matheus Arid Isolato Pereira,1059,M25-29,Male,,,Brazil,BR,0:47:30,3:38:06,2:54:20,0:06:06,0:03:13,7:29:16,2850,13086,10460,366,193,26956,1157,977,86,1111,939,86,1102,940,85,1157,977,86,Finisher,700
PAULO ROBERTO,SANTOS,PAULO ROBERTO SANTOS,1281,M55-59,Male,Belo Horizonte,Minas Gerais,Brazil,BR,0:49:57,4:00:26,2:26:37,0:05:43,0:07:01,7:29:45,2997,14426,8797,343,421,26985,1158,978,34,1173,987,35,1194,1010,36,1158,978,34,Finisher,700
Elidiane,Maciel Soares,Elidiane Maciel Soares,581,F45-49,Female,Uberlândia ,Minas Gerais ,Brazil,BR,0:54:37,3:48:18,2:35:05,0:09:45,0:03:00,7:30:46,3277,13698,9305,585,180,27046,1159,181,34,1220,195,35,1188,184,34,1159,181,34,Finisher,704
Paulo,Grechi De Almeida,Paulo Grechi De Almeida,736,M40-44,Male,Sao Paulo,SP,Brazil,BR,0:56:49,3:51:10,2:27:06,0:08:41,0:07:15,7:31:01,3409,13870,8826,521,435,27061,1160,979,208,1230,1035,215,1202,1015,215,1160,979,208,Finisher,700
Tiago De Sá,Cardoso,Tiago De Sá Cardoso,724,M40-44,Male,SOrocaba,SP,Brazil,BR,0:38:56,3:46:25,2:58:11,0:04:47,0:03:14,7:31:34,2336,13585,10691,287,194,27094,1161,980,209,668,583,115,1094,934,204,1161,980,209,Finisher,700
Alex,Viginoski,Alex Viginoski,949,M45-49,Male,Curitiba,PR,Brazil,BR,0:51:38,4:09:48,2:21:39,0:06:05,0:02:55,7:32:05,3098,14988,8499,365,175,27125,1162,981,169,1197,1008,172,1220,1027,176,1162,981,169,Finisher,700
Renata,Simi,Renata Simi,1143,F50-54,Female,santa catarina,SC,Brazil,BR,0:37:11,3:50:31,2:53:38,0:05:57,0:04:54,7:32:11,2231,13831,10418,357,294,27131,1163,182,14,532,66,6,1116,166,13,1163,182,14,Finisher,1203
Luan,Do Carmo,Luan Do Carmo,157,M30-34,Male,Porto Uniao,SC,Brazil,BR,0:48:12,3:50:01,2:43:08,0:06:38,0:04:17,7:32:16,2892,13801,9788,398,257,27136,1164,982,130,1135,954,130,1167,988,133,1164,982,130,Finisher,700
Felipe,Rogerio Da Silva,Felipe Rogerio Da Silva,1421,M25-29,Male,Curitiba,PR,Brazil,BR,0:56:53,3:55:44,2:29:41,0:06:49,0:03:19,7:32:26,3413,14144,8981,409,199,27146,1165,983,87,1231,1036,89,1209,1019,88,1165,983,87,Finisher,700
Diogo,Salina De Freitas,Diogo Salina De Freitas,266,M35-39,Male,,,Brazil,BR,0:50:19,3:29:27,3:01:26,0:06:32,0:04:59,7:32:43,3019,12567,10886,392,299,27163,1166,984,210,1179,992,210,1065,915,191,1166,984,210,Finisher,700
Gregory,Boehm,Gregory Boehm,400,M35-39,Male,Campo Largo,Paraná,Brazil,BR,0:51:54,3:50:34,2:41:07,0:05:45,0:03:39,7:33:00,3114,13834,9667,345,219,27180,1167,985,211,1200,1010,212,1177,997,212,1167,985,211,Finisher,700
Josemar,Richter,Josemar Richter,1299,M60-64,Male,,,Brazil,BR,0:35:45,4:02:27,2:44:28,0:06:00,0:04:33,7:33:14,2145,14547,9868,360,273,27194,1168,986,13,426,381,6,1163,986,14,1168,986,13,Finisher,1110
Fabiola,Lorena Ferreira,Fabiola Lorena Ferreira,1412,F30-34,Female,Guarapuava,PR,Brazil,BR,0:48:11,4:03:00,2:31:55,0:06:25,0:04:01,7:33:32,2891,14580,9115,385,241,27212,1169,183,30,1134,181,31,1204,189,31,1169,183,30,Finisher,700
Clarissa,Loizel,Clarissa Loizel,584,F45-49,Female,Curitiba,PR,Brazil,BR,0:45:08,4:08:01,2:31:42,0:06:08,0:02:47,7:33:46,2708,14881,9102,368,167,27226,1170,184,35,1040,152,24,1208,190,36,1170,184,35,Finisher,700
Lucas,Zamboni,Lucas Zamboni,834,M45-49,Male,Pfäffikon,SCHWYZ,Brazil,BR,0:38:33,3:49:38,2:58:23,0:04:50,0:03:16,7:34:40,2313,13778,10703,290,196,27280,1171,987,170,646,563,91,1111,947,164,1171,987,170,Finisher,700
Igor,Marques,Igor Marques,782,M40-44,Male,Barueri,SP,Brazil,BR,0:43:15,3:53:09,2:50:23,0:03:55,0:04:07,7:34:47,2595,13989,10223,235,247,27287,1172,988,210,964,826,171,1146,972,210,1172,988,210,Finisher,700
JULIANO,MACHADO,JULIANO MACHADO,1358,M40-44,Male,Curitiba,PR,Brazil,BR,0:46:17,3:54:16,2:45:47,0:06:22,0:02:48,7:35:30,2777,14056,9947,382,168,27330,1173,989,211,1069,906,190,1173,994,212,1173,989,211,Finisher,700
Andre,Vinicius Dos Santos Ambrosio,Andre Vinicius Dos Santos Ambrosio,615,M40-44,Male,,,Brazil,BR,0:36:49,3:49:38,2:55:53,0:06:49,0:06:23,7:35:31,2209,13778,10553,409,383,27331,1174,990,212,501,444,95,1113,948,205,1174,990,212,Finisher,700
Claudinei de Oliveira Silva,De Oliveira Silva,Claudinei de Oliveira Silva De Oliveira Silva,992,M45-49,Male,,,Brazil,BR,0:49:14,3:41:24,2:55:30,0:06:19,0:03:15,7:35:41,2954,13284,10530,379,195,27341,1175,991,171,1158,974,164,1134,964,167,1175,991,171,Finisher,700
Carolina,Costa Castelo Branco,Carolina Costa Castelo Branco,564,F40-44,Female,Fortaleza,CE,Brazil,BR,0:49:12,3:41:53,2:54:15,0:07:05,0:03:27,7:35:52,2952,13313,10455,425,207,27352,1176,185,30,1156,183,32,1140,171,30,1176,185,30,Finisher,700
Luis,Felipe Goncalves Lisboa,Luis Felipe Goncalves Lisboa,1079,M25-29,Male,,,Brazil,BR,1:01:47,4:02:20,2:25:04,0:04:53,0:01:54,7:35:59,3707,14540,8704,293,114,27359,1177,992,88,1248,1053,91,1223,1030,90,1177,992,88,Finisher,700
Joao,Carrilho,Joao Carrilho,1362,M35-39,Male,Sao paulo,BR-SP,Brazil,BR,0:44:20,3:42:53,2:59:24,0:05:20,0:04:24,7:36:21,2660,13373,10764,320,264,27381,1178,993,212,1004,860,184,1109,945,196,1178,993,212,Finisher,700
Paulo,Cesar Da Silva,Paulo Cesar Da Silva,1000,M45-49,Male,,,Brazil,BR,0:44:40,4:00:07,2:39:07,0:08:04,0:04:27,7:36:24,2680,14407,9547,484,267,27384,1179,994,172,1020,873,145,1189,1005,174,1179,994,172,Finisher,700
Guilherme,Luiz De Lima,Guilherme Luiz De Lima,118,M30-34,Male,,,Brazil,BR,0:40:37,3:59:55,2:44:57,0:07:27,0:03:55,7:36:51,2437,14395,9897,447,235,27411,1180,995,131,786,679,93,1175,995,134,1180,995,131,Finisher,700
ANA CAROLINA,JAMUR DUBAS,ANA CAROLINA JAMUR DUBAS,593,F45-49,Female,Curitiba,PR,Brazil,BR,1:03:00,3:48:21,2:35:23,0:05:52,0:04:18,7:36:53,3780,13701,9323,352,258,27413,1181,186,36,1253,197,36,1203,188,35,1181,186,36,Finisher,700
Caio,Fernando,Caio Fernando,228,M30-34,Male,,,Brazil,BR,0:48:41,4:04:40,2:33:53,0:06:29,0:03:16,7:36:59,2921,14680,9233,389,196,27419,1182,996,132,1144,963,131,1210,1020,135,1182,996,132,Finisher,700
Danillo,Henrique Sakamoto Lopes,Danillo Henrique Sakamoto Lopes,468,M35-39,Male,,,Brazil,BR,0:57:59,4:07:39,2:18:06,0:10:17,0:04:13,7:38:15,3479,14859,8286,617,253,27495,1183,997,213,1239,1044,222,1234,1038,222,1183,997,213,Finisher,700
TAILA,LEMOS,TAILA LEMOS,1151,F50-54,Female,VINHEDO,SP,Brazil,BR,0:48:05,4:02:03,2:39:08,0:06:07,0:03:53,7:39:16,2885,14523,9548,367,233,27556,1184,187,15,1129,179,15,1196,185,15,1184,187,15,Finisher,1075
Thyago,Bachim,Thyago Bachim,651,M40-44,Male,Osasco,SP,Brazil,BR,0:40:42,3:48:36,2:56:20,0:05:07,0:08:37,7:39:21,2442,13716,10580,307,517,27561,1185,998,213,790,683,140,1125,959,208,1185,998,213,Finisher,700
Wellington,Luiz Padilha,Wellington Luiz Padilha,1222,M50-54,Male,,,Brazil,BR,0:54:51,3:58:46,2:37:00,0:05:21,0:03:36,7:39:34,3291,14326,9420,321,216,27574,1186,999,79,1221,1026,85,1207,1018,83,1186,999,79,Finisher,700
Joao,Paulo Vila Nova Gomes,Joao Paulo Vila Nova Gomes,711,M40-44,Male,Brasilia,DF,Brazil,BR,0:46:55,3:42:45,2:58:19,0:07:51,0:03:55,7:39:45,2815,13365,10699,471,235,27585,1187,1000,214,1094,927,194,1137,967,209,1187,1000,214,Finisher,700
Salomao,Monteiro,Salomao Monteiro,1386,M60-64,Male,Sao Paulo,BR-SP,Brazil,BR,0:44:49,3:43:14,3:00:15,0:08:55,0:02:45,7:39:57,2689,13394,10815,535,165,27597,1188,1001,14,1027,880,14,1135,965,13,1188,1001,14,Finisher,989
Gustavo,Schiavon Merlin,Gustavo Schiavon Merlin,413,M35-39,Male,Salto,São Paulo,Brazil,BR,0:49:16,3:46:59,2:49:49,0:09:51,0:05:05,7:41:00,2956,13619,10189,591,305,27660,1189,1002,214,1160,976,204,1170,991,210,1189,1002,214,Finisher,700
Maurício,Castanho Dutra,Maurício Castanho Dutra,885,M45-49,Male,Curitiba,Paraná,Brazil,BR,0:40:29,3:54:05,2:56:13,0:06:22,0:03:51,7:41:00,2429,14045,10573,382,231,27660,1190,1003,173,778,673,115,1152,977,168,1190,1003,173,Finisher,700
Paulo,Elias,Paulo Elias,172,M30-34,Male,,,Brazil,BR,0:53:01,4:02:08,2:30:59,0:08:03,0:07:37,7:41:48,3181,14528,9059,483,457,27708,1191,1004,133,1210,1016,137,1211,1021,136,1191,1004,133,Finisher,700
Jaime,Moratelli Junior,Jaime Moratelli Junior,277,M35-39,Male,Curitiba,Paraná,Brazil,BR,0:40:56,3:38:38,3:12:26,0:06:44,0:03:10,7:41:54,2456,13118,11546,404,190,27714,1192,1005,215,810,698,145,1064,914,190,1192,1005,215,Finisher,700
Mauricio,Adriany Saldanha Junior,Mauricio Adriany Saldanha Junior,472,M35-39,Male,Curitiba,PR,Brazil,BR,0:42:38,3:53:38,2:54:46,0:07:13,0:03:49,7:42:04,2558,14018,10486,433,229,27724,1193,1006,216,931,800,171,1162,985,206,1193,1006,216,Finisher,700
Raquel,De Araujo,Raquel De Araujo,1164,F60-64,Female,Curitiba,Paraná,Brazil,BR,0:47:09,4:10:05,2:31:41,0:07:00,0:06:36,7:42:30,2829,15005,9101,420,396,27750,1194,188,2,1098,169,2,1214,192,2,1194,188,2,Finisher,2989
PAULO,HERTEL,PAULO HERTEL,1272,M55-59,Male,SAO LUIS,MA,Brazil,BR,0:34:06,4:11:35,2:48:36,0:05:05,0:03:12,7:42:34,2046,15095,10116,305,192,27754,1195,1007,35,310,283,8,1186,1004,35,1195,1007,35,Finisher,700
Andre,Belloni,Andre Belloni,735,M40-44,Male,Curitiba,Parana,Brazil,BR,0:46:33,3:51:30,2:55:45,0:05:11,0:03:43,7:42:42,2793,13890,10545,311,223,27762,1196,1008,215,1082,918,193,1160,983,211,1196,1008,215,Finisher,700
Daniel,Yan Chu,Daniel Yan Chu,1031,M18-24,Female,,,Brazil,BR,0:53:27,4:02:47,2:36:12,0:08:38,0:02:34,7:43:39,3207,14567,9372,518,154,27819,1197,1009,32,1213,1019,34,1216,1023,32,1197,1009,32,Finisher,700
João Luiz,Carneiro,João Luiz Carneiro,1298,M55-59,Male,Curitiba,Intl State,Brazil,BR,0:38:30,3:38:21,3:15:52,0:07:05,0:04:21,7:44:08,2310,13101,11752,425,261,27848,1198,1010,36,640,557,24,1043,897,31,1198,1010,36,Finisher,700
Bruno,Jeremias Cardoso,Bruno Jeremias Cardoso,322,M35-39,Male,,,Brazil,BR,0:41:00,4:18:44,2:38:37,0:03:36,0:02:58,7:44:55,2460,15524,9517,216,178,27895,1199,1011,217,814,701,146,1212,1022,218,1199,1011,217,Finisher,700
Marcel,De Hatwich Munhoz Dias,Marcel De Hatwich Munhoz Dias,723,M40-44,Male,Sao Paulo,SP,Brazil,BR,0:56:01,4:18:04,2:20:03,0:06:55,0:03:57,7:45:01,3361,15484,8403,415,237,27901,1200,1012,216,1225,1030,214,1237,1041,218,1200,1012,216,Finisher,700
JADER,AUGUSTO NACUR GAULIKI,JADER AUGUSTO NACUR GAULIKI,182,M30-34,Male,CURITIBA,PR,Brazil,BR,0:38:36,3:16:13,3:43:53,0:04:57,0:02:12,7:45:51,2316,11773,13433,297,132,27951,1201,1013,134,648,565,86,819,716,96,1201,1013,134,Finisher,700
Jayme,Campos Vianna,Jayme Campos Vianna,1319,M65-69,Male,São Paulo,SP,Brazil,BR,0:51:41,3:52:51,2:47:29,0:09:54,0:05:30,7:47:25,3101,13971,10049,594,330,28045,1202,1014,7,1198,1009,6,1191,1007,7,1202,1014,7,Finisher,1486
Mauro,De Freitas Torello,Mauro De Freitas Torello,1216,M50-54,Male,Sao Paulo,SP,Brazil,BR,0:56:24,3:32:55,3:09:53,0:05:26,0:03:59,7:48:38,3384,12775,11393,326,239,28118,1203,1015,80,1227,1032,86,1128,961,76,1203,1015,80,Finisher,700
Luiz,Vianna,Luiz Vianna,980,M45-49,Male,Curitiba,Paraná,Brazil,BR,0:35:54,4:00:48,2:59:43,0:06:28,0:05:55,7:48:48,2154,14448,10783,388,355,28128,1204,1016,174,436,390,61,1159,982,170,1204,1016,174,Finisher,700
Vanderson,Martins Sipoli,Vanderson Martins Sipoli,1185,M50-54,Male,Curitiba,Paraná,Brazil,BR,0:48:11,3:45:24,3:02:31,0:07:43,0:05:35,7:49:23,2891,13524,10951,463,335,28163,1205,1017,81,1133,953,78,1154,978,78,1205,1017,81,Finisher,700
Christopher ,Freitas,Christopher Freitas,121,M30-34,Male,São José dos Pinhais ,Paraná,Brazil,BR,0:41:04,4:15:16,2:41:16,0:09:33,0:02:44,7:49:53,2464,15316,9676,573,164,28193,1206,1018,135,821,708,95,1218,1025,137,1206,1018,135,Finisher,700
Nassif,Najem Neto,Nassif Najem Neto,608,M40-44,Male,Paraiso,SP,Brazil,BR,0:53:48,3:48:27,2:56:50,0:06:29,0:04:37,7:50:11,3228,13707,10610,389,277,28211,1207,1019,217,1217,1023,212,1178,998,213,1207,1019,217,Finisher,700
ALEXANDRE,CONSTANTINO,ALEXANDRE CONSTANTINO,860,M45-49,Male,CURITIBA,PR,Brazil,BR,0:49:24,3:46:07,3:02:57,0:05:58,0:07:10,7:51:35,2964,13567,10977,358,430,28295,1208,1020,175,1164,979,166,1155,979,169,1208,1020,175,Finisher,700
CHRISTIANE,MARINA SOARES DE OLIVEIRA,CHRISTIANE MARINA SOARES DE OLIVEIRA,602,F45-49,Female,SAO PAULO,SP,Brazil,BR,0:52:33,4:18:31,2:26:21,0:10:07,0:04:16,7:51:48,3153,15511,8781,607,256,28308,1209,189,37,1204,191,32,1238,197,37,1209,189,37,Finisher,700
Damian,Ariel Casa,Damian Ariel Casa,302,M35-39,Male,Florianopolis,SC,Brazil,BR,0:35:12,3:45:35,3:19:31,0:07:10,0:05:48,7:53:15,2112,13535,11971,430,348,28395,1210,1021,218,380,346,75,1078,923,192,1210,1021,218,Finisher,700
Antonio,Barros De Moraes Junior,Antonio Barros De Moraes Junior,1189,M50-54,Male,Campinas,SP,Brazil,BR,1:01:56,4:12:29,2:27:27,0:08:18,0:03:40,7:53:49,3716,15149,8847,498,220,28429,1211,1022,82,1249,1054,89,1240,1043,85,1211,1022,82,Finisher,700
Helder,Trindade Barreto De Souza,Helder Trindade Barreto De Souza,668,M40-44,Male,Lauro De Freitas,BA,Brazil,BR,0:38:29,4:02:32,2:59:28,0:08:28,0:06:05,7:55:01,2309,14552,10768,508,365,28501,1212,1023,218,638,556,112,1183,1001,214,1212,1023,218,Finisher,700
Fabio,Carneiro Cunha,Fabio Carneiro Cunha,1187,M50-54,Male,,,Brazil,BR,0:45:33,4:04:03,2:55:06,0:06:57,0:03:45,7:55:23,2733,14643,10506,417,225,28523,1213,1024,83,1051,893,71,1200,1013,82,1213,1024,83,Finisher,700
BRENO,MATIOLI,BRENO MATIOLI,491,M30-34,Male,,,Brazil,BR,0:53:40,4:03:48,2:43:58,0:08:44,0:05:23,7:55:33,3220,14628,9838,524,323,28533,1214,1025,136,1216,1022,138,1219,1026,138,1214,1025,136,Finisher,700
alicia,arauz,alicia arauz,1332,F25-29,Female,Curitiba,PR,Brazil,BR,0:49:29,4:00:47,2:55:56,0:06:00,0:03:41,7:55:53,2969,14447,10556,360,221,28553,1215,190,16,1168,186,15,1197,186,15,1215,190,16,Finisher,700
Jocemara,Gurmini,Jocemara Gurmini,1329,F55-59,Female,Curitiba,BR-PR,Brazil,BR,0:47:39,4:18:26,2:40:16,0:06:26,0:04:00,7:56:47,2859,15506,9616,386,240,28607,1216,191,7,1121,178,7,1227,194,7,1216,191,7,Finisher,1078
Rafael,Wiecheteck,Rafael Wiecheteck,1039,M18-24,Male,Campinas,BR-SP,Brazil,BR,0:50:41,4:32:06,2:24:12,0:08:03,0:01:59,7:57:02,3041,16326,8652,483,119,28622,1217,1026,33,1185,998,32,1244,1047,33,1217,1026,33,Finisher,700
Vinicius,Colli,Vinicius Colli,161,M30-34,,,,Brazil,BR,0:44:55,3:43:02,3:18:30,0:06:25,0:06:21,7:59:13,2695,13382,11910,385,381,28753,1218,1027,137,1034,886,119,1123,957,129,1218,1027,137,Finisher,700
Vera,Lucia Cavanha,Vera Lucia Cavanha,1166,F65-69,Female,Curitiba,PR,Brazil,BR,0:51:14,4:16:25,2:43:35,0:06:32,0:03:09,8:00:55,3074,15385,9815,392,189,28855,1219,192,1,1193,188,1,1232,195,1,1219,192,1,Finisher,3500
Rafael,Do Amaral,Rafael Do Amaral,326,M35-39,Male,,,Brazil,BR,1:03:53,4:09:35,2:40:46,0:04:16,0:02:40,8:01:10,3833,14975,9646,256,160,28870,1220,1028,219,1254,1057,225,1236,1040,223,1220,1028,219,Finisher,700
MARCIO,AUGUSTO ZANICOSKI DE ARAUJO,MARCIO AUGUSTO ZANICOSKI DE ARAUJO,1231,M50-54,Male,PARANAGUA,PR,Brazil,BR,0:43:57,4:21:33,2:45:13,0:06:44,0:04:11,8:01:38,2637,15693,9913,404,251,28898,1221,1029,84,986,845,66,1226,1033,84,1221,1029,84,Finisher,700
Odacir,Buhring,Odacir Buhring,1173,M50-54,Male,,,Brazil,BR,0:47:42,4:01:49,3:03:51,0:06:42,0:02:47,8:02:51,2862,14509,11031,402,167,28971,1222,1030,85,1122,944,76,1195,1011,81,1222,1030,85,Finisher,700
Ricardo,Hespanha,Ricardo Hespanha,1373,M60-64,Male,Toronto,ON,Brazil,BR,0:46:25,3:57:04,3:09:01,0:06:25,0:05:03,8:03:58,2785,14224,11341,385,303,29038,1223,1031,15,1074,911,15,1184,1002,15,1223,1031,15,Finisher,700
Ivana,Malczewski,Ivana Malczewski,1165,F60-64,Female,curitiba,BR-PR,Brazil,BR,0:45:06,4:22:48,2:47:15,0:07:06,0:03:17,8:05:33,2706,15768,10035,426,197,29133,1224,193,3,1039,151,1,1233,196,3,1224,193,3,Finisher,2574
Gerson,Machado De Souza,Gerson Machado De Souza,1307,M60-64,Male,,,Brazil,BR,0:56:17,4:16:24,2:33:19,0:16:40,0:04:15,8:06:55,3377,15384,9199,1000,255,29215,1225,1032,16,1226,1031,17,1243,1046,16,1225,1032,16,Finisher,700
Kwang,Duk Son,Kwang Duk Son,808,M40-44,Male,Sao Paulo,SP,Brazil,BR,0:53:19,4:14:07,2:50:31,0:05:48,0:03:16,8:07:01,3199,15247,10231,348,196,29221,1226,1033,219,1212,1018,211,1229,1035,216,1226,1033,219,Finisher,700
Nicolas,Benatti,Nicolas Benatti,1365,M25-29,Male,Wroclaw,dolnośląskie,Brazil,BR,0:42:19,4:20:45,2:56:03,0:05:27,0:04:42,8:09:15,2539,15645,10563,327,282,29355,1227,1034,89,909,782,74,1222,1029,89,1227,1034,89,Finisher,700
Everton,Thiago Taricio,Everton Thiago Taricio,800,M40-44,Male,Jundiai,SP,Brazil,BR,0:44:01,4:32:23,2:43:42,0:06:06,0:04:08,8:10:20,2641,16343,9822,366,248,29420,1228,1035,220,993,850,177,1239,1042,219,1228,1035,220,Finisher,700
Marlon,Luiz De Matos,Marlon Luiz De Matos,358,M35-39,Male,Curitiba,PR,Brazil,BR,1:06:31,3:57:22,2:58:12,0:06:35,0:03:58,8:12:38,3991,14242,10692,395,238,29558,1229,1036,220,1256,1058,226,1225,1032,220,1229,1036,220,Finisher,700
Giorgio,Elias,Giorgio Elias,1125,M25-29,Male,São Paulo,SP,Brazil,BR,1:06:52,4:11:46,2:41:55,0:08:20,0:04:45,8:13:38,4012,15106,9715,500,285,29618,1230,1037,90,1259,1061,92,1242,1045,93,1230,1037,90,Finisher,700
Priscila,Prado Louvize,Priscila Prado Louvize,566,F40-44,Female,Rio De Janeiro,RJ,Brazil,BR,0:33:07,4:25:00,3:05:04,0:06:31,0:04:16,8:13:58,1987,15900,11104,391,256,29638,1231,194,31,253,21,4,1215,193,31,1231,194,31,Finisher,700
Alexandre,Tavares Fernandes,Alexandre Tavares Fernandes,1254,M50-54,Male,Sao Paulo,SP,Brazil,BR,0:45:29,4:57:18,2:30:55,0:06:28,0:02:37,8:22:46,2729,17838,9055,388,157,30166,1232,1038,86,1049,892,70,1245,1048,87,1232,1038,86,Finisher,700
MATHEUS,A VELASQUES,MATHEUS A VELASQUES,351,M35-39,Male,,,Brazil,BR,0:48:59,4:18:30,3:08:38,0:06:15,0:04:04,8:26:26,2939,15510,11318,375,244,30386,1233,1039,221,1151,969,202,1231,1037,221,1233,1039,221,Finisher,700
Rafael,Lima,Rafael Lima,401,M35-39,Male,Escolha uma Cidade,PR,Brazil,BR,0:49:06,4:09:29,3:12:44,0:09:30,0:07:10,8:27:59,2946,14969,11564,570,430,30479,1234,1040,222,1155,973,203,1221,1028,219,1234,1040,222,Finisher,700
Osni,Luciano Niedzila,Osni Luciano Niedzila,1294,M55-59,Male,Porto Uniao,SC,Brazil,BR,0:50:00,4:08:17,3:18:12,0:07:14,0:06:01,8:29:45,3000,14897,11892,434,361,30585,1235,1041,37,1177,991,36,1217,1024,37,1235,1041,37,Finisher,700
Brendo,Rodrigo Souza De Matos,Brendo Rodrigo Souza De Matos,204,M30-34,Male,,,Brazil,BR,0:42:05,4:21:07,3:17:30,0:06:29,0:02:52,8:30:03,2525,15667,11850,389,172,30603,1236,1042,138,893,769,109,1224,1031,139,1236,1042,138,Finisher,700
WILSON,RECH JUNIOR,WILSON RECH JUNIOR,1193,M50-54,Male,CURITIBA,PR,Brazil,BR,1:00:39,4:13:34,3:01:14,0:09:46,0:05:55,8:31:08,3639,15214,10874,586,355,30668,1237,1043,87,1246,1051,88,1241,1044,86,1237,1043,87,Finisher,700
JOSE,PEDRO BARBOSA DE BARROS,JOSE PEDRO BARBOSA DE BARROS,162,M30-34,Male,SAO PAULO,SP,Brazil,BR,,,,0:00:00,0:00:00,,0,0,0,0,0,0,99999,99999,99999,99999,99999,99999,99999,99999,99999,99999,99999,99999,DNS,0
Edwin,Cana Brasil,Edwin Cana Brasil,247,M35-39,Male,Lauro De Freitas,BA,Brazil,BR,,,,0:00:00,0:00:00,,0,0,0,0,0,0,99999,99999,99999,99999,99999,99999,99999,99999,99999,99999,99999,99999,DNS,0
Matheus,Brandao,Matheus Brandao,1103,M25-29,Male,Columbia,SC,Brazil,BR,0:47:09,4:24:05,,0:06:12,0:02:37,,2829,15845,0,372,157,0,99999,99999,99999,1099,930,85,1235,1039,92,99999,99999,99999,DNF,0
Henrique,Praxedes Pineda,Henrique Praxedes Pineda,998,M45-49,Male,Sao Paulo,SP,Brazil,BR,,,,0:00:00,0:00:00,,0,0,0,0,0,0,99999,99999,99999,99999,99999,99999,99999,99999,99999,99999,99999,99999,DNS,0
Rafael,Oliveira Menegon,Rafael Oliveira Menegon,303,M35-39,Male,,,Brazil,BR,,,,0:00:00,0:00:00,,0,0,0,0,0,0,99999,99999,99999,99999,99999,99999,99999,99999,99999,99999,99999,99999,DNS,0
Brasilio Vicente,Castro Neto,Brasilio Vicente Castro Neto,838,M45-49,Male,curitiba - Pr,BR-PR,Brazil,BR,0:26:22,,,0:02:51,0:00:00,,1582,0,0,171,0,0,99999,99999,99999,19,19,3,99999,99999,99999,99999,99999,99999,DNF,0
Doorgal,Andrada,Doorgal Andrada,220,M30-34,Male,Belo Horizonte,,Brazil,BR,,,,0:00:00,0:00:00,,0,0,0,0,0,0,99999,99999,99999,99999,99999,99999,99999,99999,99999,99999,99999,99999,DNS,0
FABIO,AZEVEDO,FABIO AZEVEDO,354,M35-39,Male,Recife,Pernambuco,Brazil,BR,0:49:22,,,0:09:17,0:00:00,,2962,0,0,557,0,0,99999,99999,99999,1163,978,205,99999,99999,99999,99999,99999,99999,DNF,0
Bruno,Rodrigues Xavier,Bruno Rodrigues Xavier,695,M40-44,Male,Florianopolis,SC,Brazil,BR,,,,0:00:00,0:00:00,,0,0,0,0,0,0,99999,99999,99999,99999,99999,99999,99999,99999,99999,99999,99999,99999,DNS,0
Julia,Morais Barbieri,Julia Morais Barbieri,1392,F35-39,Female,Florianopolis,BR-SC,Brazil,BR,0:37:45,4:22:46,,0:03:32,0:00:00,,2265,15766,0,212,0,0,99999,99999,99999,573,73,14,1213,191,39,99999,99999,99999,DNF,0
Filipe,Azevedo,Filipe Azevedo,4,MPRO,Male,Dubai ,Normandy,Portugal,PT,,,,0:00:00,0:00:00,,0,0,0,0,0,0,99999,99999,99999,99999,99999,99999,99999,99999,99999,99999,99999,99999,DNS,0
Diego,Rodrigo Dos Santos,Diego Rodrigo Dos Santos,647,M40-44,Male,,,Brazil,BR,,,,0:00:00,0:00:00,,0,0,0,0,0,0,99999,99999,99999,99999,99999,99999,99999,99999,99999,99999,99999,99999,DNS,0
Ariane,Monticeli,Ariane Monticeli,1387,F40-44,Female,São José dos Campos ,BR-SP,Brazil,BR,,,,0:00:00,0:00:00,,0,0,0,0,0,0,99999,99999,99999,99999,99999,99999,99999,99999,99999,99999,99999,99999,DNS,0
Luiz,Fernando Ohde,Luiz Fernando Ohde,1306,M60-64,Male,Curitiba,PR,Brazil,BR,0:31:36,,,0:02:48,0:00:00,,1896,0,0,168,0,0,99999,99999,99999,182,170,2,99999,99999,99999,99999,99999,99999,DNF,0
Lottie,Lucas,Lottie Lucas,5002,FPRO,Female,Dubai,foreigner,Unknown,,,,,0:00:00,0:00:00,,0,0,0,0,0,0,99999,99999,99999,99999,99999,99999,99999,99999,99999,99999,99999,99999,DNS,0
Tiago,Carvalho Cardoso Da Silva,Tiago Carvalho Cardoso Da Silva,849,M45-49,Male,Aracaju,BR-SE,Brazil,BR,,,,0:00:00,0:00:00,,0,0,0,0,0,0,99999,99999,99999,99999,99999,99999,99999,99999,99999,99999,99999,99999,DNS,0
Mario,Augusto Maddalozzo,Mario Augusto Maddalozzo,1184,M50-54,Male,Curitiba,Pr,Brazil,BR,,,,0:00:00,0:00:00,,0,0,0,0,0,0,99999,99999,99999,99999,99999,99999,99999,99999,99999,99999,99999,99999,DQ,0
Igor,Amorelli,Igor Amorelli,5,MPRO,Male,Balneario Camboriu,BR-SC,Brazil,BR,,,,0:00:00,0:00:00,,0,0,0,0,0,0,99999,99999,99999,99999,99999,99999,99999,99999,99999,99999,99999,99999,DNS,0
Cristiano,Junkes,Cristiano Junkes,996,M45-49,Male,PONTA GROSSA,PR,Brazil,BR,,,,0:00:00,0:00:00,,0,0,0,0,0,0,99999,99999,99999,99999,99999,99999,99999,99999,99999,99999,99999,99999,DNS,0
Jean,Pierre Sacramento Da Silva,Jean Pierre Sacramento Da Silva,1400,M45-49,Male,Itabirito,Mg,Brazil,BR,,,,0:00:00,0:00:00,,0,0,0,0,0,0,99999,99999,99999,99999,99999,99999,99999,99999,99999,99999,99999,99999,DNS,0
Mario,Jose Petrelli Filho,Mario Jose Petrelli Filho,1315,M60-64,Male,florianopolis,santa catarina,Brazil,BR,,,,0:00:00,0:00:00,,0,0,0,0,0,0,99999,99999,99999,99999,99999,99999,99999,99999,99999,99999,99999,99999,DNS,0
Felipe,Fernandes Cassiano Fagundes,Felipe Fernandes Cassiano Fagundes,426,M35-39,Male,Natal,Rio Grande do Norte,Brazil,BR,,,,0:00:00,0:00:00,,0,0,0,0,0,0,99999,99999,99999,99999,99999,99999,99999,99999,99999,99999,99999,99999,DNS,0
Edson,Neumann,Edson Neumann,95,PC/ID,Male,POMERODE,Santa Catarina,Brazil,BR,0:54:06,4:10:04,3:02:09,0:10:46,0:06:25,8:23:30,3246,15004,10929,646,385,30210,99999,99999,99999,99999,99999,99999,99999,99999,99999,99999,99999,99999,Finisher,700
Breno,Noronha,Breno Noronha,96,PC/ID,Male,SALVADOR,BA,Brazil,BR,0:41:58,3:22:07,2:15:28,0:06:50,0:05:58,6:32:21,2518,12127,8128,410,358,23541,99999,99999,99999,99999,99999,99999,99999,99999,99999,99999,99999,99999,Finisher,700
Anderson,Alves Brignol,Anderson Alves Brignol,430,M35-39,Male,Curitiba,PR,Brazil,BR,,,,0:00:00,0:00:00,,0,0,0,0,0,0,99999,99999,99999,99999,99999,99999,99999,99999,99999,99999,99999,99999,DNS,0
Rayana,Ueda Carrer,Rayana Ueda Carrer,524,F35-39,Female,,,Brazil,BR,,,,0:00:00,0:00:00,,0,0,0,0,0,0,99999,99999,99999,99999,99999,99999,99999,99999,99999,99999,99999,99999,DNS,0
Marlus,Doria,Marlus Doria,1286,M55-59,Male,CURITIBA,Paraná,Brazil,BR,,,,0:00:00,0:00:00,,0,0,0,0,0,0,99999,99999,99999,99999,99999,99999,99999,99999,99999,99999,99999,99999,DNS,0
Francisco,Garcia,Francisco Garcia,710,M40-44,Male,LONDRINA,PARANA,Brazil,BR,,,,0:00:00,0:00:00,,0,0,0,0,0,0,99999,99999,99999,99999,99999,99999,99999,99999,99999,99999,99999,99999,DNS,0
Augusto,De Souza Furlan,Augusto De Souza Furlan,1028,M18-24,Male,Curitiba,PR,Brazil,BR,0:50:45,,,0:04:59,0:00:00,,3045,0,0,299,0,0,99999,99999,99999,1187,1000,33,99999,99999,99999,99999,99999,99999,DNF,0
Aleks,Nogueira,Aleks Nogueira,397,M35-39,Male,Curitiba,PR,Brazil,BR,,,,0:00:00,0:00:00,,0,0,0,0,0,0,99999,99999,99999,99999,99999,99999,99999,99999,99999,99999,99999,99999,DNS,0
William,Giacomelli,William Giacomelli,279,M35-39,Male,Novo Hamburgo,RS,Brazil,BR,,,,0:00:00,0:00:00,,0,0,0,0,0,0,99999,99999,99999,99999,99999,99999,99999,99999,99999,99999,99999,99999,DNS,0
Giselle,de Paula,Giselle de Paula,601,F45-49,Female,Niterói,Rio De Janeiro,Brazil,BR,,,,0:00:00,0:00:00,,0,0,0,0,0,0,99999,99999,99999,99999,99999,99999,99999,99999,99999,99999,99999,99999,DNS,0
Michel,Barreto,Michel Barreto,298,M35-39,Male,Jequie,BA,Brazil,BR,0:38:11,3:01:57,,0:03:17,0:02:54,,2291,10917,0,197,174,0,99999,99999,99999,609,527,109,593,536,119,99999,99999,99999,DNF,0
Edoardo,Almeida,Edoardo Almeida,758,M40-44,Male,,,Brazil,BR,,,,0:00:00,0:00:00,,0,0,0,0,0,0,99999,99999,99999,99999,99999,99999,99999,99999,99999,99999,99999,99999,DNS,0
Matheus,Zuza Russo,Matheus Zuza Russo,1124,M25-29,Male,Santana De Parnaiba,SP,Brazil,BR,,,,0:00:00,0:00:00,,0,0,0,0,0,0,99999,99999,99999,99999,99999,99999,99999,99999,99999,99999,99999,99999,DNS,0
Renata,Oliveira Santos,Renata Oliveira Santos,501,F35-39,Female,Sao Paulo,SP,Brazil,BR,,,,0:00:00,0:00:00,,0,0,0,0,0,0,99999,99999,99999,99999,99999,99999,99999,99999,99999,99999,99999,99999,DQ,0
Guilherme,Rigonatti,Guilherme Rigonatti,618,M40-44,Male,São Paulo,São Paulo,Brazil,BR,,,,0:00:00,0:00:00,,0,0,0,0,0,0,99999,99999,99999,99999,99999,99999,99999,99999,99999,99999,99999,99999,DNS,0
Henrique,Nastromagario,Henrique Nastromagario,1095,M25-29,Male,São Paulo,,Brazil,BR,,,,0:00:00,0:00:00,,0,0,0,0,0,0,99999,99999,99999,99999,99999,99999,99999,99999,99999,99999,99999,99999,DNS,0
Bruno,Mello,Bruno Mello,1070,M25-29,Male,Belem,PA,Brazil,BR,0:31:24,2:47:53,,0:03:26,0:01:17,,1884,10073,0,206,77,0,99999,99999,99999,168,157,18,260,245,28,99999,99999,99999,DNF,0
Marcio,Antônio Alves,Marcio Antônio Alves,1300,M60-64,Male,Curitiba,Paraná,Brazil,BR,,,,0:00:00,0:00:00,,0,0,0,0,0,0,99999,99999,99999,99999,99999,99999,99999,99999,99999,99999,99999,99999,DNS,0
Francielli,Minato,Francielli Minato,1372,F40-44,Female,Cornelio Procopio,PR,Brazil,BR,0:41:15,,,0:06:13,0:00:00,,2475,0,0,373,0,0,99999,99999,99999,841,118,21,99999,99999,99999,99999,99999,99999,DNF,0
Fernando,Maluf,Fernando Maluf,105,M30-34,Male,Sao Paulo,BR-SP,Brazil,BR,0:26:47,,,0:01:55,0:00:00,,1607,0,0,115,0,0,99999,99999,99999,22,22,4,99999,99999,99999,99999,99999,99999,DNF,0
Rafael,Tedeschi Pazello,Rafael Tedeschi Pazello,1229,M50-54,Male,Curitiba,PR,Brazil,BR,,,,0:00:00,0:00:00,,0,0,0,0,0,0,99999,99999,99999,99999,99999,99999,99999,99999,99999,99999,99999,99999,DNS,0
Adalberto,De Souza Siqueira Junior,Adalberto De Souza Siqueira Junior,101,M30-34,Male,,,Brazil,BR,,,,0:00:00,0:00:00,,0,0,0,0,0,0,99999,99999,99999,99999,99999,99999,99999,99999,99999,99999,99999,99999,DNS,0
Jerry,Carolla,Jerry Carolla,1303,M60-64,Male,Sao Paulo,SP,Brazil,BR,,,,0:00:00,0:00:00,,0,0,0,0,0,0,99999,99999,99999,99999,99999,99999,99999,99999,99999,99999,99999,99999,DQ,0
Erick,Dallabona Santos,Erick Dallabona Santos,382,M35-39,Male,Campo Largo,PR,Brazil,BR,0:41:24,,,0:04:20,0:00:00,,2484,0,0,260,0,0,99999,99999,99999,851,732,159,99999,99999,99999,99999,99999,99999,DNF,0
Saul,Rodrigues de Paula Lana,Saul Rodrigues de Paula Lana,616,M40-44,Male,Belo Horizonte,Minas Gerais,Brazil,BR,,,,0:00:00,0:00:00,,0,0,0,0,0,0,99999,99999,99999,99999,99999,99999,99999,99999,99999,99999,99999,99999,DNS,0
Sebastiao,Henrique Cosmo,Sebastiao Henrique Cosmo,826,M45-49,Male,,,Brazil,BR,,,,0:00:00,0:00:00,,0,0,0,0,0,0,99999,99999,99999,99999,99999,99999,99999,99999,99999,99999,99999,99999,DNS,0
Raphael,Fernando Lima Guedes,Raphael Fernando Lima Guedes,1131,M25-29,Male,Rio De Janeiro,RJ,Brazil,BR,,,,0:00:00,0:00:00,,0,0,0,0,0,0,99999,99999,99999,99999,99999,99999,99999,99999,99999,99999,99999,99999,DNS,0
Felipe,Leonardo Zampiri De Pieri,Felipe Leonardo Zampiri De Pieri,280,M35-39,Male,,,Brazil,BR,,,,0:00:00,0:00:00,,0,0,0,0,0,0,99999,99999,99999,99999,99999,99999,99999,99999,99999,99999,99999,99999,DNS,0
Milton,Bender Junior,Milton Bender Junior,976,M45-49,Male,Curitiba,PR,Brazil,BR,,,,0:00:00,0:00:00,,0,0,0,0,0,0,99999,99999,99999,99999,99999,99999,99999,99999,99999,99999,99999,99999,DNS,0
Carlye,Nicheli Cechinato,Carlye Nicheli Cechinato,506,F35-39,Female,,,Brazil,BR,,,,0:00:00,0:00:00,,0,0,0,0,0,0,99999,99999,99999,99999,99999,99999,99999,99999,99999,99999,99999,99999,DQ,0
Aurelia,Boulanger,Aurelia Boulanger,5003,FPRO,Female,PARIS,,France,FR,0:30:38,3:33:40,,0:02:06,0:04:45,,1838,12820,0,126,285,0,99999,99999,99999,120,5,2,902,117,6,99999,99999,99999,DNF,0
Eduardo,Morelli,Eduardo Morelli,166,M30-34,Male,,,Brazil,BR,,,,0:00:00,0:00:00,,0,0,0,0,0,0,99999,99999,99999,99999,99999,99999,99999,99999,99999,99999,99999,99999,DNS,0
Raphael,Yoshimura,Raphael Yoshimura,809,M40-44,Male,Sao Paulo,SP,Brazil,BR,,,,0:00:00,0:00:00,,0,0,0,0,0,0,99999,99999,99999,99999,99999,99999,99999,99999,99999,99999,99999,99999,DNS,0
GIANFRANCO,NARDINI,GIANFRANCO NARDINI,159,M30-34,Male,SAO PAULO,BR-SP,Brazil,BR,0:29:17,2:44:06,,0:03:35,0:00:00,,1757,9846,0,215,0,0,99999,99999,99999,68,64,14,177,166,32,99999,99999,99999,DNF,0
LUCAS,OLIVEIRA,LUCAS OLIVEIRA,1044,M18-24,Male,VILA VELHA,ES,Brazil,BR,,,,0:00:00,0:00:00,,0,0,0,0,0,0,99999,99999,99999,99999,99999,99999,99999,99999,99999,99999,99999,99999,DNS,0
Rodrigo,Amaral Arce Passos,Rodrigo Amaral Arce Passos,108,M30-34,Male,São Paulo,São Paulo,Brazil,BR,,,,0:00:00,0:00:00,,0,0,0,0,0,0,99999,99999,99999,99999,99999,99999,99999,99999,99999,99999,99999,99999,DNS,0
Marília ,Pedroso Xavier,Marília Pedroso Xavier,557,F40-44,Female,Curitiba,Paraná ,Brazil,BR,,,,0:00:00,0:00:00,,0,0,0,0,0,0,99999,99999,99999,99999,99999,99999,99999,99999,99999,99999,99999,99999,DNS,0
Joao,Guilherme Donanzan Reinato,Joao Guilherme Donanzan Reinato,784,M40-44,Male,,,Brazil,BR,,,,0:00:00,0:00:00,,0,0,0,0,0,0,99999,99999,99999,99999,99999,99999,99999,99999,99999,99999,99999,99999,DQ,0
Caio,Lopes,Caio Lopes,163,M30-34,Male,São Paulo,São Paulo,Brazil,BR,,,,0:00:00,0:00:00,,0,0,0,0,0,0,99999,99999,99999,99999,99999,99999,99999,99999,99999,99999,99999,99999,DNS,0
Nestor,Reis Neto,Nestor Reis Neto,865,M45-49,Male,Salvador,BA,Brazil,BR,0:34:08,3:23:04,,0:04:35,0:04:50,,2048,12184,0,275,290,0,99999,99999,99999,316,289,41,853,747,130,99999,99999,99999,DNF,0
Tiago,Ferreira,Tiago Ferreira,395,M35-39,Male,,,Brazil,BR,0:42:34,,,0:03:42,0:00:00,,2554,0,0,222,0,0,99999,99999,99999,927,796,170,99999,99999,99999,99999,99999,99999,DNF,0
Rodner,Carazzai,Rodner Carazzai,1287,M55-59,Male,Curitiba ,Paraná,Brazil,BR,0:52:34,,,0:05:17,0:00:00,,3154,0,0,317,0,0,99999,99999,99999,1205,1014,37,99999,99999,99999,99999,99999,99999,DNF,0
Lucas,Demeterco,Lucas Demeterco,1340,M50-54,Male,Curitiba,Paraná,Brazil,BR,,,,0:00:00,0:00:00,,0,0,0,0,0,0,99999,99999,99999,99999,99999,99999,99999,99999,99999,99999,99999,99999,DNS,0
Paula,Heiss,Paula Heiss,493,F30-34,Female,Sao paulo,BR-SP,Brazil,BR,0:40:28,3:09:46,,0:03:12,0:01:48,,2428,11386,0,192,108,0,99999,99999,99999,776,105,18,743,91,17,99999,99999,99999,DNF,0
Felipe,Feldman De Mendonca Camillo,Felipe Feldman De Mendonca Camillo,106,M30-34,Male,Curitiba,PR,Brazil,BR,,,,0:00:00,0:00:00,,0,0,0,0,0,0,99999,99999,99999,99999,99999,99999,99999,99999,99999,99999,99999,99999,DNS,0
Gustavo,Leal Binati,Gustavo Leal Binati,425,M35-39,Male,Curitiba,Paraná,Brazil,BR,0:39:39,,,0:10:33,0:00:00,,2379,0,0,633,0,0,99999,99999,99999,713,619,133,99999,99999,99999,99999,99999,99999,DNF,0
Leonardo,Demeterco,Leonardo Demeterco,461,M35-39,Male,Curitiba,Paraná,Brazil,BR,,,,0:00:00,0:00:00,,0,0,0,0,0,0,99999,99999,99999,99999,99999,99999,99999,99999,99999,99999,99999,99999,DNS,0
Pedro,Emilio Gossi,Pedro Emilio Gossi,1257,M50-54,Male,Sao Paulo,SP,Brazil,BR,,,,0:00:00,0:00:00,,0,0,0,0,0,0,99999,99999,99999,99999,99999,99999,99999,99999,99999,99999,99999,99999,DNS,0
Gustavo,Chodraui,Gustavo Chodraui,995,M45-49,Male,Nova Lima,MInas Gerais,Brazil,BR,,,,0:00:00,0:00:00,,0,0,0,0,0,0,99999,99999,99999,99999,99999,99999,99999,99999,99999,99999,99999,99999,DNS,0
Marco,Antonio Winikes,Marco Antonio Winikes,1234,M50-54,Male,,,Brazil,BR,0:50:37,,,0:06:26,0:00:00,,3037,0,0,386,0,0,99999,99999,99999,1184,997,82,99999,99999,99999,99999,99999,99999,DNF,0
Kleber,Candiotto,Kleber Candiotto,940,M45-49,Male,Curitiba,Paraná,Brazil,BR,,,,0:00:00,0:00:00,,0,0,0,0,0,0,99999,99999,99999,99999,99999,99999,99999,99999,99999,99999,99999,99999,DNS,0
Marcos,Mansani,Marcos Mansani,911,M45-49,Male,CURITIBA,,Brazil,BR,,,,0:00:00,0:00:00,,0,0,0,0,0,0,99999,99999,99999,99999,99999,99999,99999,99999,99999,99999,99999,99999,DNS,0
Derik,Afornali,Derik Afornali,343,M35-39,Male,curitiba,parana,Brazil,BR,,,,0:00:00,0:00:00,,0,0,0,0,0,0,99999,99999,99999,99999,99999,99999,99999,99999,99999,99999,99999,99999,DNS,0
Georgs,Niques,Georgs Niques,966,M45-49,Male,Florianopolis,SC,Brazil,BR,,,,0:00:00,0:00:00,,0,0,0,0,0,0,99999,99999,99999,99999,99999,99999,99999,99999,99999,99999,99999,99999,DQ,0
Jose,Raimundo Coelho Dias,Jose Raimundo Coelho Dias,221,M30-34,Male,Balsas,MA,Brazil,BR,,,,0:00:00,0:00:00,,0,0,0,0,0,0,99999,99999,99999,99999,99999,99999,99999,99999,99999,99999,99999,99999,DNS,0
LEONARDO AUGUSTO,REIS DE SOUZA,LEONARDO AUGUSTO REIS DE SOUZA,432,M35-39,Male,Curitiba,,Brazil,BR,,,,0:00:00,0:00:00,,0,0,0,0,0,0,99999,99999,99999,99999,99999,99999,99999,99999,99999,99999,99999,99999,DQ,0
Manuel Antonio,Teixeira Neto,Manuel Antonio Teixeira Neto,1200,M50-54,Male,Curitiba,Paraná,Brazil,BR,,,,0:00:00,0:00:00,,0,0,0,0,0,0,99999,99999,99999,99999,99999,99999,99999,99999,99999,99999,99999,99999,DNS,0
Nelson,De Oliveira,Nelson De Oliveira,788,M40-44,Male,,,Brazil,BR,,,,0:00:00,0:00:00,,0,0,0,0,0,0,99999,99999,99999,99999,99999,99999,99999,99999,99999,99999,99999,99999,DNS,0
Miguel,Fruet Fialla,Miguel Fruet Fialla,109,M30-34,Male,Araucaria,PR,Brazil,BR,0:31:14,,,0:05:52,0:00:00,,1874,0,0,352,0,0,99999,99999,99999,156,146,28,99999,99999,99999,99999,99999,99999,DNF,0
Luiz,Francisco Santana Junior,Luiz Francisco Santana Junior,335,M35-39,Male,,,Brazil,BR,,,,0:00:00,0:00:00,,0,0,0,0,0,0,99999,99999,99999,99999,99999,99999,1151,976,203,99999,99999,99999,DNS,0
Maria Helena,Peralta,Maria Helena Peralta,1145,F50-54,Female,Curitiba ,PR,Brazil,BR,,,,0:00:00,0:00:00,,0,0,0,0,0,0,99999,99999,99999,99999,99999,99999,99999,99999,99999,99999,99999,99999,DNS,0
Luiz,Iran Guimaraes,Luiz Iran Guimaraes,1322,M65-69,Male,Curitiba,Paraná,Brazil,BR,,,,0:00:00,0:00:00,,0,0,0,0,0,0,99999,99999,99999,99999,99999,99999,99999,99999,99999,99999,99999,99999,DNS,0
André,Coneglian Weyand,André Coneglian Weyand,1273,M55-59,Male,São Paulo,SP,Brazil,BR,,,,0:00:00,0:00:00,,0,0,0,0,0,0,99999,99999,99999,99999,99999,99999,99999,99999,99999,99999,99999,99999,DNS,0
LARISSA,MARYA FABRINI DE OLIVEIRA,LARISSA MARYA FABRINI DE OLIVEIRA,535,F35-39,Female,NOVA LIMA,MG,Brazil,BR,,,,0:00:00,0:00:00,,0,0,0,0,0,0,99999,99999,99999,99999,99999,99999,99999,99999,99999,99999,99999,99999,DNS,0
Victor,Navarro Castello Branco,Victor Navarro Castello Branco,369,M35-39,Male,Sao Paulo,BR-SP,Brazil,BR,,,,0:00:00,0:00:00,,0,0,0,0,0,0,99999,99999,99999,99999,99999,99999,99999,99999,99999,99999,99999,99999,DNS,0
Bib,839,Bib 839,839,M45-49,Male,Barbacena,MG,Brazil,BR,0:34:33,,,0:04:11,0:00:00,,2073,0,0,251,0,0,99999,99999,99999,329,301,45,99999,99999,99999,99999,99999,99999,DNF,0
Cinthya,K Domingues,Cinthya K Domingues,1144,F50-54,Female,Curitiba,BR-PR,Brazil,BR,,,,0:00:00,0:00:00,,0,0,0,0,0,0,99999,99999,99999,99999,99999,99999,99999,99999,99999,99999,99999,99999,DNS,0
Leda,Maria Cocco Goncalves De Miranda,Leda Maria Cocco Goncalves De Miranda,558,F40-44,Female,Rio de Janeiro,Rio de Janeiro,Brazil,BR,,,,0:00:00,0:00:00,,0,0,0,0,0,0,99999,99999,99999,99999,99999,99999,99999,99999,99999,99999,99999,99999,DNS,0
TIAGO,LESSA,TIAGO LESSA,925,M45-49,Male,Rio de Janeiro,BR-RJ,Brazil,BR,,,,0:00:00,0:00:00,,0,0,0,0,0,0,99999,99999,99999,99999,99999,99999,99999,99999,99999,99999,99999,99999,DNS,0
Ricardo,Racca,Ricardo Racca,374,M35-39,Male,Rio de Janeiro,RIO DE JANEIRO,Brazil,BR,,,,0:00:00,0:00:00,,0,0,0,0,0,0,99999,99999,99999,99999,99999,99999,99999,99999,99999,99999,99999,99999,DNS,0
Vinicius,Tarta,Vinicius Tarta,1077,M25-29,Male,Curitiba,Paraná,Brazil,BR,0:46:08,4:22:30,,0:04:20,0:01:59,,2768,15750,0,260,119,0,99999,99999,99999,1065,904,81,1228,1034,91,99999,99999,99999,DNF,0
Luiz,Otavio Almeida Bueno E Silva,Luiz Otavio Almeida Bueno E Silva,903,M45-49,Male,BRASILIA,Federal District,Brazil,BR,,,,0:00:00,0:00:00,,0,0,0,0,0,0,99999,99999,99999,99999,99999,99999,99999,99999,99999,99999,99999,99999,DNS,0
BRUNO,SILVA ALBUQUERQUE,BRUNO SILVA ALBUQUERQUE,926,M45-49,Male,RECIFE,PE,Brazil,BR,,,,0:00:00,0:00:00,,0,0,0,0,0,0,99999,99999,99999,99999,99999,99999,99999,99999,99999,99999,99999,99999,DNS,0
Antonio,Carlos De Jesus Junior,Antonio Carlos De Jesus Junior,362,M35-39,Male,,,Brazil,BR,,,,0:00:00,0:00:00,,0,0,0,0,0,0,99999,99999,99999,99999,99999,99999,99999,99999,99999,99999,99999,99999,DNS,0
Felipe,Mariscal Aranha,Felipe Mariscal Aranha,140,M30-34,Male,Boston,MA,Brazil,BR,,,,0:00:00,0:00:00,,0,0,0,0,0,0,99999,99999,99999,99999,99999,99999,99999,99999,99999,99999,99999,99999,DNS,0
Clyffson,Clelio Andrade De Araujo,Clyffson Clelio Andrade De Araujo,1180,M50-54,Male,,,Brazil,BR,,,,0:00:00,0:00:00,,0,0,0,0,0,0,99999,99999,99999,99999,99999,99999,99999,99999,99999,99999,99999,99999,DNS,0
Rafael ,Pinto,Rafael Pinto,1138,M25-29,Male,Fortaleza,Ceara,Brazil,BR,,,,0:00:00,0:00:00,,0,0,0,0,0,0,99999,99999,99999,99999,99999,99999,99999,99999,99999,99999,99999,99999,DNS,0
Gustavo,Bravin Ouaknine,Gustavo Bravin Ouaknine,469,M35-39,Male,Curitiba,PR,Brazil,BR,0:42:09,,,0:07:53,0:00:00,,2529,0,0,473,0,0,99999,99999,99999,897,773,167,99999,99999,99999,99999,99999,99999,DNF,0
Victor,Hugo Cotoski,Victor Hugo Cotoski,412,M35-39,Male,Guaratuba,PR,Brazil,BR,,,,0:00:00,0:00:00,,0,0,0,0,0,0,99999,99999,99999,99999,99999,99999,99999,99999,99999,99999,99999,99999,DNS,0
Raphael,Denadai Sanchez,Raphael Denadai Sanchez,1212,M50-54,Male,Sao Paulo,sao paulo,Brazil,BR,,,,0:00:00,0:00:00,,0,0,0,0,0,0,99999,99999,99999,99999,99999,99999,99999,99999,99999,99999,99999,99999,DNS,0
Ana,Laura Pereira Bernardes,Ana Laura Pereira Bernardes,475,F30-34,Female,,,Brazil,BR,,,,0:00:00,0:00:00,,0,0,0,0,0,0,99999,99999,99999,99999,99999,99999,99999,99999,99999,99999,99999,99999,DNS,0
Joao,Valdeilton De Vasconcelos,Joao Valdeilton De Vasconcelos,1235,M50-54,Male,Fortaleza,CE,Brazil,BR,,,,0:00:00,0:00:00,,0,0,0,0,0,0,99999,99999,99999,99999,99999,99999,99999,99999,99999,99999,99999,99999,DQ,0
RITA,DE CASSIA SVERSUT APPEZZATO,RITA DE CASSIA SVERSUT APPEZZATO,1163,F60-64,Female,BARUERI,SP,Brazil,BR,,,,0:00:00,0:00:00,,0,0,0,0,0,0,99999,99999,99999,99999,99999,99999,99999,99999,99999,99999,99999,99999,DQ,0
Joao,Paulo Souza Monteiro,Joao Paulo Souza Monteiro,1115,M25-29,Male,Sao Paulo,SP,Brazil,BR,,,,0:00:00,0:00:00,,0,0,0,0,0,0,99999,99999,99999,99999,99999,99999,99999,99999,99999,99999,99999,99999,DNS,0
Denilson,Antonio Cavazzani Szkudlarek,Denilson Antonio Cavazzani Szkudlarek,1210,M50-54,Male,Curitiba,PR,Brazil,BR,,,,0:00:00,0:00:00,,0,0,0,0,0,0,99999,99999,99999,99999,99999,99999,99999,99999,99999,99999,99999,99999,DNS,0
Matheus,Duarte Goncalves,Matheus Duarte Goncalves,169,M30-34,Male,Curitiba,PR,Brazil,BR,,,,0:00:00,0:00:00,,0,0,0,0,0,0,99999,99999,99999,99999,99999,99999,99999,99999,99999,99999,99999,99999,DQ,0
Sandro,Takahashi,Sandro Takahashi,91,PC/ID,Male,,,Brazil,BR,0:37:22,3:24:41,2:13:40,0:05:32,0:01:50,6:23:06,2242,12281,8020,332,110,22986,99999,99999,99999,99999,99999,99999,99999,99999,99999,99999,99999,99999,Finisher,700
Lucas,Silveira,Lucas Silveira,952,M45-49,Male,São Paulo,SP,Brazil,BR,,,,0:00:00,0:00:00,,0,0,0,0,0,0,99999,99999,99999,99999,99999,99999,99999,99999,99999,99999,99999,99999,DNS,0
Remi,Barros,Remi Barros,936,M45-49,Male,CURITIBA,PARANA,Brazil,BR,,,,0:00:00,0:00:00,,0,0,0,0,0,0,99999,99999,99999,99999,99999,99999,99999,99999,99999,99999,99999,99999,DQ,0
Henrique,Pedroso Silverio,Henrique Pedroso Silverio,1410,M30-34,Male,Campo Mourao,PR,Brazil,BR,0:29:16,,,0:02:37,0:00:00,,1756,0,0,157,0,0,99999,99999,99999,67,63,13,99999,99999,99999,99999,99999,99999,DNF,0
Mario,Tebet,Mario Tebet,92,PC/ID,Male,Fortaleza ,Ceará,Brazil,BR,0:53:53,3:57:44,2:56:14,0:07:36,0:08:26,8:03:53,3233,14264,10574,456,506,29033,99999,99999,99999,99999,99999,99999,99999,99999,99999,99999,99999,99999,Finisher,700
Luiz Gustavo,Freitas Da Rosa,Luiz Gustavo Freitas Da Rosa,932,M45-49,Male,Florianopolis,SC,Brazil,BR,,,,0:00:00,0:00:00,,0,0,0,0,0,0,99999,99999,99999,99999,99999,99999,99999,99999,99999,99999,99999,99999,DQ,0
Samuel,Sena,Samuel Sena,1361,M30-34,Male,Sao Paulo,SP,Brazil,BR,,,,0:00:00,0:00:00,,0,0,0,0,0,0,99999,99999,99999,99999,99999,99999,99999,99999,99999,99999,99999,99999,DNS,0
Cristian,Monteiro Macedo,Cristian Monteiro Macedo,93,PC/ID,Male,Fortaleza,CE,Brazil,BR,,,,0:00:00,0:00:00,,0,0,0,0,0,0,99999,99999,99999,99999,99999,99999,99999,99999,99999,99999,99999,99999,DNS,0
RAFAEL,HANSEN,RAFAEL HANSEN,175,M30-34,Male,Cascais,,Brazil,BR,,,,0:00:00,0:00:00,,0,0,0,0,0,0,99999,99999,99999,99999,99999,99999,99999,99999,99999,99999,99999,99999,DNS,0
James Alexandre,Franco De Souza,James Alexandre Franco De Souza,1251,M50-54,Male,CURITIBA,Paraná,Brazil,BR,0:51:00,,,0:07:18,0:00:00,,3060,0,0,438,0,0,99999,99999,99999,1190,1003,84,99999,99999,99999,99999,99999,99999,DNF,0
Alexandre,Marques Lima,Alexandre Marques Lima,1296,M55-59,Male,,,Brazil,BR,,,,0:00:00,0:00:00,,0,0,0,0,0,0,99999,99999,99999,99999,99999,99999,99999,99999,99999,99999,99999,99999,DNS,0
Vitor,Leardi,Vitor Leardi,454,M35-39,Male,SAO PAULO,SAO PAULO,Brazil,BR,,,,0:00:00,0:00:00,,0,0,0,0,0,0,99999,99999,99999,99999,99999,99999,99999,99999,99999,99999,99999,99999,DNS,0
Luiz Fernando ,Petry,Luiz Fernando Petry,851,M45-49,Male,Curitiba,Paraná,Brazil,BR,,,,0:00:00,0:00:00,,0,0,0,0,0,0,99999,99999,99999,99999,99999,99999,99999,99999,99999,99999,99999,99999,DNS,0
Dorival,Agulhon Junior,Dorival Agulhon Junior,1199,M50-54,Male,Maringa,Parana,Brazil,BR,,,,0:00:00,0:00:00,,0,0,0,0,0,0,99999,99999,99999,99999,99999,99999,99999,99999,99999,99999,99999,99999,DNS,0
Davi,Pessoa De Araujo,Davi Pessoa De Araujo,1123,M25-29,Male,fortaleza,ceara,Brazil,BR,,,,0:00:00,0:00:00,,0,0,0,0,0,0,99999,99999,99999,99999,99999,99999,99999,99999,99999,99999,99999,99999,DNS,0
