FirstName,LastName,FullName,Bib,AgeGroup,Gender,City,State,Country,CountryISO,SwimTime,BikeTime,RunTime,T1Time,T2Time,FinishTime,SwimSeconds,BikeSeconds,RunSeconds,T1Seconds,T2Seconds,FinishSeconds,OverallRank,GenderRank,AgeGroupRank,SwimRankOverall,SwimRankGender,SwimRankGroup,BikeRankOverall,BikeRankGender,BikeRankGroup,RunRankOverall,RunRankGender,RunRankGroup,Status,Points
Ben,Aoki-Sherwood,Ben Aoki-Sherwood,1444,M25-29,Male,Boulder,CO,United States,US,0:31:42,2:03:21,1:16:05,0:02:25,0:01:45,3:55:19,1902,7401,4565,145,105,14119,1,1,1,57,46,11,1,1,1,1,1,1,Finisher,3500
Bryan,Mooney,Bryan Mooney,321,M30-34,Male,Oak Park,IL,United States,US,0:29:18,2:09:04,1:14:36,0:02:26,0:01:42,3:57:06,1758,7744,4476,146,102,14226,2,2,1,22,18,4,3,3,1,2,2,1,Finisher,3500
Josef,Stone,Josef Stone,159,M18-24,Male,CIBOLO,TX,United States,US,0:29:06,2:11:28,1:19:38,0:03:09,0:01:42,4:05:03,1746,7888,4778,189,102,14703,3,3,1,19,15,3,8,8,2,3,3,1,Finisher,3500
Mario,De Elias,Mario De Elias,1232,M40-44,Male,Neuquén,AR-Q,Argentina,AR,0:30:49,2:09:39,1:21:38,0:02:50,0:01:24,4:06:20,1849,7779,4898,170,84,14780,4,4,1,44,34,3,6,6,2,4,4,1,Finisher,3500
Richie,Boston,Richie Boston,1522,M18-24,Male,Boulder,CO,United States,US,0:31:40,2:08:25,1:22:28,0:02:14,0:01:55,4:06:42,1900,7705,4948,134,115,14802,5,5,2,55,44,9,4,4,1,5,5,2,Finisher,3470
Brennen,Field,Brennen Field,1559,M25-29,Male,Boulder,CO,United States,US,0:30:47,2:10:28,1:24:35,0:02:28,0:01:25,4:09:43,1847,7828,5075,148,85,14983,6,6,2,42,33,9,9,9,3,6,6,2,Finisher,3240
Brian,Tsau,Brian Tsau,981,M25-29,Male,Pasadena,CALIFORNIA,United States,US,0:26:09,2:15:47,1:22:58,0:03:24,0:02:15,4:10:33,1569,8147,4978,204,135,15033,7,7,3,1,1,1,12,12,5,7,7,3,Finisher,3225
Rory,Sanchez,Rory Sanchez,1064,M25-29,Male,Denver,CO,United States,US,0:29:17,2:12:44,1:24:26,0:02:56,0:01:45,4:11:08,1757,7964,5066,176,105,15068,8,8,4,21,17,5,10,10,4,8,8,4,Finisher,3215
Ian,Hildebrandt,Ian Hildebrandt,1553,M30-34,Male,Denver,CO,United States,US,0:30:43,2:13:11,1:24:59,0:02:18,0:01:26,4:12:37,1843,7991,5099,138,86,15157,9,9,2,39,31,7,15,15,3,9,9,2,Finisher,3220
Vinicius,Pelissari,Vinicius Pelissari,1661,M25-29,Male,SACRAMENTO,US-CA,Brazil,BR,0:27:28,2:13:03,1:28:50,0:02:21,0:02:15,4:13:57,1648,7983,5330,141,135,15237,10,10,5,2,2,2,5,5,2,10,10,5,Finisher,3164
Ben,Nelson,Ben Nelson,359,M45-49,Male,FORT COLLINS,CO,United States,US,0:33:33,2:08:12,1:27:08,0:03:15,0:02:14,4:14:22,2013,7692,5228,195,134,15262,11,11,1,92,68,4,11,11,1,11,11,1,Finisher,3500
Trevor,Heinrichs,Trevor Heinrichs,604,M30-34,Male,LONGMONT,CO,United States,US,0:34:43,2:07:33,1:28:09,0:03:06,0:02:48,4:16:19,2083,7653,5289,186,168,15379,12,12,3,125,91,18,13,13,2,12,12,3,Finisher,3154
Eric,Frorenza-Hubbard,Eric Frorenza-Hubbard,1681,M30-34,Male,RENO,NV,United States,US,0:31:05,2:15:04,1:24:29,0:03:18,0:03:15,4:17:12,1865,8104,5069,198,195,15432,13,13,4,47,37,8,17,17,4,13,13,4,Finisher,3138
Brice,Williams,Brice Williams,1686,M50-54,Male,Ogden,UT,United States,US,0:28:40,2:11:04,1:32:07,0:03:48,0:02:00,4:17:39,1720,7864,5527,228,120,15459,14,14,1,11,10,1,7,7,1,14,14,1,Finisher,3500
John,Seddon,John Seddon,100,M40-44,Male,Colorado Springs,CO,United States,US,0:29:04,2:07:48,1:35:42,0:03:06,0:02:27,4:18:07,1744,7668,5742,186,147,15487,15,15,2,17,14,2,2,2,1,15,15,2,Finisher,3287
Noble,Gurney,Noble Gurney,856,M18-24,Male,Fort Collins,COLORADO,United States,US,0:33:10,2:21:38,1:19:50,0:02:22,0:01:45,4:18:44,1990,8498,4790,142,105,15524,16,16,3,84,62,14,39,39,5,16,16,3,Finisher,3253
Jack,Brown,Jack Brown,1535,M18-24,Male,Boulder,Colorado,United States,US,0:27:56,2:15:23,1:31:24,0:02:45,0:02:23,4:19:51,1676,8123,5484,165,143,15591,17,17,4,6,5,1,14,14,3,17,17,4,Finisher,3233
Kyle,Pilachowski,Kyle Pilachowski,1332,M25-29,Male,Silverthorne,CO,United States,US,0:29:02,2:16:34,1:29:38,0:02:38,0:02:22,4:20:14,1742,8194,5378,158,142,15614,18,18,6,16,13,4,16,16,6,18,18,6,Finisher,3051
Kevin,Canavan,Kevin Canavan,1586,M35-39,Male,DENVER,CO,United States,US,0:35:38,2:11:31,1:28:21,0:02:55,0:02:38,4:21:03,2138,7891,5301,175,158,15663,19,19,1,153,110,8,20,20,2,19,19,1,Finisher,3500
Jon,Hammond,Jon Hammond,646,M35-39,Male,Provo,UT,United States,US,0:30:51,2:16:28,1:28:04,0:04:06,0:01:54,4:21:23,1851,8188,5284,246,114,15683,20,20,2,45,35,5,23,23,3,20,20,2,Finisher,3494
Erick Daniel,R. Liceaga,Erick Daniel R. Liceaga,110,M30-34,Male,Coacalco de Berriozabal,MX-MEX,Mexico,MX,0:36:07,2:17:42,1:24:37,0:03:14,0:01:49,4:23:28,2167,8262,5077,194,109,15808,21,21,5,180,128,27,38,38,8,21,21,5,Finisher,3025
Tim,Hola,Tim Hola,126,M50-54,Male,Highlands Ranch,CO,United States,US,0:29:02,2:19:57,1:31:19,0:03:00,0:01:55,4:25:12,1742,8397,5479,180,115,15912,22,22,2,15,12,2,26,26,2,22,22,2,Finisher,3364
Alex,Bergeson,Alex Bergeson,826,M35-39,Male,Hermosa Beach,CA,United States,US,0:29:33,2:19:46,1:30:08,0:03:51,0:01:59,4:25:17,1773,8386,5408,231,119,15917,23,23,3,24,20,2,28,28,5,23,23,3,Finisher,3423
Magnus,Boee,Magnus Boee,358,M25-29,Male,Bekkestua,Akershus,Norway,NO,0:33:19,2:20:06,1:25:46,0:03:50,0:02:32,4:25:32,1999,8406,5146,230,152,15932,24,24,7,86,64,16,41,41,11,24,24,7,Finisher,2956
Matt,Tobey,Matt Tobey,120,M40-44,Male,Scottsdale,AZ,United States,US,0:35:12,2:16:41,1:26:30,0:03:43,0:03:26,4:25:32,2112,8201,5190,223,206,15932,25,25,3,135,98,7,34,34,4,25,25,3,Finisher,3154
Conor,O'Brian,Conor O'Brian,462,M30-34,Male,BOULDER,CO,United States,US,0:33:53,2:11:51,1:33:21,0:04:52,0:02:22,4:26:19,2033,7911,5601,292,142,15979,26,26,6,106,78,16,21,21,5,26,26,6,Finisher,2974
Clemente,Espinosa Murillo,Clemente Espinosa Murillo,668,M45-49,Male,Tulancingo,MX-HID,Mexico,MX,0:30:28,2:24:02,1:26:05,0:03:13,0:02:44,4:26:33,1828,8642,5165,193,164,15993,27,27,2,34,28,2,44,44,4,27,27,2,Finisher,3280
Caleb,Boutelle,Caleb Boutelle,228,M18-24,Male,Colorado Springs,Colorado,United States,US,0:35:24,2:16:30,1:26:47,0:05:31,0:02:57,4:27:10,2124,8190,5207,331,177,16030,28,28,5,144,104,21,42,42,6,28,28,5,Finisher,3101
David,Murphy,David Murphy,1549,M25-29,Male,Cheyenne,Wyoming,United States,US,0:28:32,2:17:23,1:35:28,0:03:59,0:02:38,4:28:00,1712,8243,5728,239,158,16080,29,29,8,10,9,3,18,18,7,29,29,8,Finisher,2911
Mike,Dumas,Mike Dumas,684,M40-44,Male,ERIE,CO,United States,US,0:35:39,2:21:35,1:25:06,0:04:15,0:01:49,4:28:24,2139,8495,5106,255,109,16104,30,30,4,156,112,13,63,61,8,30,30,4,Finisher,3102
Kayla,Pokorny,Kayla Pokorny,767,F35-39,Female,Estero,FL,United States,US,0:30:05,2:27:11,1:28:33,0:02:20,0:02:30,4:30:39,1805,8831,5313,140,150,16239,31,1,1,30,6,1,50,1,1,31,1,1,Finisher,3500
Jessi,Costen,Jessi Costen,78,M50-54,Male,Raleigh,US-NC,United States,US,0:34:26,2:19:40,1:31:12,0:03:39,0:02:04,4:31:00,2066,8380,5472,219,124,16260,32,31,3,119,86,7,45,45,4,32,31,3,Finisher,3259
Martin,Wagner,Martin Wagner,74,M50-54,Male,IRVINE,CA,United States,US,0:34:59,2:15:25,1:35:17,0:03:07,0:02:47,4:31:35,2099,8125,5717,187,167,16295,33,32,4,131,96,9,29,29,3,33,32,4,Finisher,3249
Jean-Guillaume,Brasier,Jean-Guillaume Brasier,125,M25-29,Male,Cambridge,MA,France,FR,0:36:58,2:14:50,1:34:39,0:02:54,0:02:20,4:31:40,2218,8090,5679,174,140,16300,34,33,9,211,148,33,30,30,9,34,33,9,Finisher,2845
Philippe,Guegan,Philippe Guegan,1388,M30-34,Male,Boulder,CO,United States,US,0:36:33,2:21:17,1:29:32,0:02:52,0:01:56,4:32:10,2193,8477,5372,172,116,16330,35,34,7,193,137,28,58,57,11,35,34,7,Finisher,2868
Olivia,Tabor,Olivia Tabor,1592,F30-34,Female,Highlands Ranch,CO,United States,US,0:38:24,2:18:47,1:29:27,0:04:06,0:01:50,4:32:33,2304,8327,5367,246,110,16353,36,2,1,282,83,22,61,2,1,36,2,1,Finisher,3500
Connor,Porter,Connor Porter,436,M18-24,Male,SPOKANE VLY,WA,United States,US,0:34:09,2:14:18,1:38:49,0:03:27,0:03:26,4:34:10,2049,8058,5929,207,206,16450,37,35,6,111,81,17,24,24,4,37,35,6,Finisher,2975
Pj,Rubin,Pj Rubin,1126,M25-29,Male,Salt Lake City,UT,United States,US,0:32:40,2:19:56,1:36:19,0:03:26,0:01:55,4:34:15,1960,8396,5779,206,115,16455,38,36,10,75,56,14,36,36,10,38,36,10,Finisher,2799
Sebastian ,Borowik ,Sebastian Borowik,114,M45-49,Male,Broomfield,CO,Poland,PL,0:37:47,2:14:43,1:35:53,0:03:12,0:02:50,4:34:25,2267,8083,5753,192,170,16465,39,37,3,255,179,15,35,35,3,39,37,3,Finisher,3139
Jared,Marks,Jared Marks,80,M30-34,Male,Broomfield,CO,United States,US,0:31:44,2:19:54,1:36:54,0:03:19,0:02:43,4:34:34,1904,8394,5814,199,163,16474,40,38,8,58,47,10,32,32,7,40,38,8,Finisher,2825
Dylan,Davis,Dylan Davis,91,M30-34,Male,SANTA ANA,CA,United States,US,0:38:06,2:20:20,1:30:21,0:03:24,0:02:39,4:34:51,2286,8420,5421,204,159,16491,41,39,9,272,192,39,65,63,12,41,39,9,Finisher,2820
Wout,Vandegaer,Wout Vandegaer,64,M45-49,Male,Boulder,CO,Belgium,BE,0:37:15,2:20:27,1:28:52,0:03:57,0:04:40,4:35:12,2235,8427,5332,237,280,16512,42,40,4,226,157,13,64,62,8,42,40,4,Finisher,3125
Scott,Yamada,Scott Yamada,129,M45-49,Male,Denver,CO,United States,US,0:29:09,2:22:16,1:38:57,0:03:20,0:02:20,4:36:02,1749,8536,5937,200,140,16562,43,41,5,20,16,1,31,31,2,43,41,5,Finisher,3110
William,Parsons,William Parsons,1289,M18-24,Male,Colorado Springs,COLORADO,United States,US,0:39:56,2:16:59,1:31:39,0:04:11,0:03:18,4:36:03,2396,8219,5499,251,198,16563,44,42,7,364,264,43,60,59,8,44,42,7,Finisher,2942
Steven,Halewski,Steven Halewski,1028,M35-39,Male,Centennial,CO,United States,US,0:29:52,2:16:59,1:43:28,0:03:10,0:02:34,4:36:04,1792,8219,6208,190,154,16564,45,43,4,27,22,3,19,19,1,45,43,4,Finisher,3229
David,Momont,David Momont,562,M35-39,Male,ERIE,CO,United States,US,0:34:19,2:19:50,1:36:25,0:03:03,0:02:54,4:36:32,2059,8390,5785,183,174,16592,46,44,5,113,82,6,40,40,7,46,44,5,Finisher,3221
Luc,DURAND,Luc DURAND,1737,M25-29,Male,Denver,US-CO,United States,US,0:34:37,2:25:28,1:30:32,0:04:23,0:01:52,4:36:53,2077,8728,5432,263,112,16613,47,45,11,123,89,23,73,70,16,47,45,11,Finisher,2751
Rachel,Pifer,Rachel Pifer,1511,F30-34,Female,BOULDER,CO,United States,US,0:31:13,2:27:40,1:33:25,0:03:07,0:02:17,4:37:42,1873,8860,5605,187,137,16662,48,3,2,48,11,5,66,3,2,48,3,2,Finisher,3407
Derek,Knittle,Derek Knittle,627,M35-39,Male,SCOTTSDALE,US-AZ,United States,US,0:28:24,2:20:24,1:44:25,0:03:34,0:02:04,4:38:52,1704,8424,6265,214,124,16732,49,46,6,8,7,1,27,27,4,49,46,6,Finisher,3179
Eric,Spehlmann,Eric Spehlmann,460,M25-29,Male,San Francisco,CA,United States,US,0:39:34,2:22:21,1:30:09,0:03:51,0:03:10,4:39:05,2374,8541,5409,231,190,16745,50,47,12,338,245,53,77,71,17,50,47,12,Finisher,2712
Will ,Oakes,Will Oakes,1515,M18-24,Male,Denver,CO,United States,US,0:31:38,2:37:03,1:25:11,0:03:24,0:02:04,4:39:19,1898,9423,5111,204,124,16759,51,48,8,53,42,8,115,107,13,51,48,8,Finisher,2883
Kevin,Konczak,Kevin Konczak,75,M55-59,Male,BOULDER,CO,United States,US,0:34:34,2:24:38,1:34:37,0:03:02,0:02:40,4:39:30,2074,8678,5677,182,160,16770,52,49,1,122,88,3,68,65,3,52,49,1,Finisher,3500
Steven,Decsesznak,Steven Decsesznak,108,M30-34,Male,Denver,CO,United States,US,0:31:56,2:24:46,1:37:30,0:03:25,0:02:06,4:39:43,1916,8686,5850,205,126,16783,53,50,10,64,51,12,55,54,10,53,50,10,Finisher,2732
Alexander,Heatzig,Alexander Heatzig,491,M30-34,Male,Boca Raton,FL,United States,US,0:36:35,2:24:07,1:33:51,0:03:30,0:01:46,4:39:49,2195,8647,5631,210,106,16789,54,51,11,194,138,29,72,69,14,54,51,11,Finisher,2731
Patrick,Cavanaugh,Patrick Cavanaugh,785,M25-29,Male,Carmel,IN,United States,US,0:30:09,2:28:53,1:35:10,0:03:16,0:02:28,4:39:55,1809,8933,5710,196,148,16795,55,52,13,32,26,6,69,66,14,55,52,13,Finisher,2697
Jason,George,Jason George,98,M60-64,Male,Boulder,CO,United States,US,0:36:01,2:18:34,1:37:19,0:05:25,0:03:33,4:40:52,2161,8314,5839,325,213,16852,56,53,1,175,123,2,54,53,1,56,53,1,Finisher,3500
Christian,Ricks,Christian Ricks,1733,M40-44,Male,Albuquerque,NM,United States,US,0:35:28,2:18:15,1:39:53,0:04:22,0:03:13,4:41:12,2128,8295,5993,262,193,16872,57,54,5,147,105,10,46,46,5,57,54,5,Finisher,2872
John,Opella,John Opella,1056,M25-29,Male,LUBBOCK,TX,United States,US,0:36:40,2:23:49,1:35:45,0:03:08,0:02:00,4:41:22,2200,8629,5745,188,120,16882,58,55,14,198,142,31,70,67,15,58,55,14,Finisher,2671
Alonzo,Marsh,Alonzo Marsh,90,M25-29,Male,Erie,CO,United States,US,0:30:46,2:18:18,1:47:47,0:02:54,0:02:03,4:41:47,1846,8298,6467,174,123,16907,59,56,15,41,32,8,25,25,8,59,56,15,Finisher,2663
Andres,Barrios,Andres Barrios,1132,M40-44,Male,Vail,COLORADO,Mexico,MX,0:39:03,2:28:01,1:28:02,0:04:38,0:02:16,4:41:59,2343,8881,5282,278,136,16919,60,57,6,320,229,22,109,101,14,60,57,6,Finisher,2858
Brian,Rountree,Brian Rountree,87,M30-34,Male,Riverside,CA,United States,US,0:38:16,2:21:50,1:35:12,0:04:02,0:02:53,4:42:13,2296,8510,5712,242,173,16933,61,58,12,278,197,42,71,68,13,61,58,12,Finisher,2687
Katy,Evans,Katy Evans,1623,F40-44,Female,Lakewood,CO,United States,US,0:29:05,2:33:21,1:35:06,0:02:55,0:02:00,4:42:27,1745,9201,5706,175,120,16947,62,4,1,18,4,1,75,5,2,62,4,1,Finisher,3500
Jonathan,Massie,Jonathan Massie,783,M45-49,Male,TUCKER,GA,Bahamas,BS,0:33:50,2:23:00,1:39:45,0:02:58,0:03:48,4:43:20,2030,8580,5985,178,228,17000,63,59,6,101,74,6,52,51,6,63,59,6,Finisher,2978
Nicolas,Feraci,Nicolas Feraci,61,M45-49,Male,Corpus Christi,TX,United States,US,0:34:27,2:21:04,1:41:29,0:04:00,0:02:20,4:43:21,2067,8464,6089,240,140,17001,64,60,7,120,87,8,49,49,5,64,60,7,Finisher,2978
Kimberly,Cheung,Kimberly Cheung,891,F18-24,Female,Santa Cruz,CA,United States,US,0:37:37,2:27:25,1:36:03,0:02:16,0:01:52,4:45:13,2257,8845,5763,136,112,17113,65,5,1,246,74,17,83,7,2,65,5,1,Finisher,3500
Harrison,Keane,Harrison Keane,440,M30-34,Male,BOULDER,CO,United Kingdom,GB,0:27:32,2:25:27,1:44:33,0:04:40,0:03:14,4:45:26,1652,8727,6273,280,194,17126,66,61,13,3,3,1,43,43,9,66,61,13,Finisher,2630
Jon,Ottenbreit,Jon Ottenbreit,758,M40-44,Male,Upper Arlington,OH,United States,US,0:40:24,2:22:39,1:35:42,0:04:00,0:02:47,4:45:32,2424,8559,5742,240,167,17132,67,62,7,391,286,32,79,73,9,67,62,7,Finisher,2794
Evan,Deutsch,Evan Deutsch,81,M50-54,Male,Bend,OR,United States,US,0:38:29,2:18:08,1:42:58,0:03:59,0:02:17,4:45:51,2309,8288,6178,239,137,17151,68,63,5,288,205,16,57,56,5,68,63,5,Finisher,2992
Brendan ,Harbrecht,Brendan Harbrecht,404,M25-29,Male,Janesville,Wisconsin,United States,US,0:34:00,2:22:43,1:45:12,0:03:01,0:02:48,4:47:44,2040,8563,6312,181,168,17264,69,64,16,109,80,21,51,50,12,69,64,16,Finisher,2556
Ryan,Rackley,Ryan Rackley,49,M18-24,Male,Valdosta,GA,United States,US,0:29:55,2:43:12,1:31:07,0:03:22,0:01:45,4:49:21,1795,9792,5467,202,105,17361,70,65,9,28,23,5,139,126,16,70,65,9,Finisher,2702
Ethan,Adams,Ethan Adams,678,M18-24,Male,Lehi,Utah,United States,US,0:43:10,2:25:08,1:35:24,0:03:34,0:02:20,4:49:35,2590,8708,5724,214,140,17375,71,66,10,566,423,70,110,102,12,71,66,10,Finisher,2698
Tim,Mulvihill,Tim Mulvihill,401,M35-39,Male,SALT LAKE CITY,UT,United States,US,0:30:09,2:20:11,1:50:23,0:05:57,0:03:16,4:49:56,1809,8411,6623,357,196,17396,72,67,7,31,25,4,37,37,6,72,67,7,Finisher,2980
Cyrus,Severance,Cyrus Severance,1551,M45-49,Male,Morrison,CO,United States,US,0:35:22,2:31:33,1:38:57,0:02:50,0:01:35,4:50:16,2122,9093,5937,170,95,17416,73,68,8,142,102,9,97,90,10,73,68,8,Finisher,2853
Jacob,Dasuqi,Jacob Dasuqi,130,M25-29,Male,Austin,TX,United States,US,0:38:55,2:19:38,1:46:53,0:03:38,0:01:54,4:50:58,2335,8378,6413,218,114,17458,74,69,17,314,226,52,67,64,13,74,69,17,Finisher,2498
Kelly,Bishop,Kelly Bishop,1217,F25-29,Female,San Francisco,California,United States,US,0:28:55,2:39:21,1:35:54,0:03:57,0:02:59,4:51:06,1735,9561,5754,237,179,17466,75,6,1,12,2,1,117,9,1,75,6,1,Finisher,3500
Kinley,Bollinger,Kinley Bollinger,122,F18-24,Female,Powell,US-WY,United States,US,0:36:48,2:25:59,1:43:37,0:02:52,0:01:58,4:51:14,2208,8759,6217,172,118,17474,76,7,2,202,59,13,76,6,1,76,7,2,Finisher,3391
Derek,Owens,Derek Owens,1168,M35-39,Male,Longmont,CO,United States,US,0:40:30,2:26:44,1:37:01,0:03:24,0:03:55,4:51:35,2430,8804,5821,204,235,17495,77,70,8,398,293,28,102,95,8,77,70,8,Finisher,2950
Chris,Douville,Chris Douville,1636,M55-59,Male,ARVADA,CO,United States,US,0:38:43,2:25:34,1:39:41,0:03:18,0:04:26,4:51:41,2323,8734,5981,198,266,17501,78,71,2,303,218,12,85,78,4,78,71,2,Finisher,3280
Jaycob,Ross,Jaycob Ross,106,M45-49,Male,Santa Fe,NM,United States,US,0:33:52,2:32:07,1:39:30,0:03:56,0:02:26,4:51:50,2032,9127,5970,236,146,17510,79,72,9,105,77,7,98,91,11,79,72,9,Finisher,2825
Jaxson,Holme,Jaxson Holme,341,M18-24,Male,Boulder,CO,United States,US,0:34:25,2:29:54,1:42:29,0:03:24,0:01:44,4:51:56,2065,8994,6149,204,104,17516,80,73,11,118,85,18,86,79,9,80,73,11,Finisher,2656
Ryan,Vonderach,Ryan Vonderach,1106,M30-34,Male,Denver,CO,United States,US,0:42:23,2:29:08,1:33:39,0:03:28,0:03:25,4:52:03,2543,8948,5619,208,205,17523,81,74,14,507,374,71,129,119,20,81,74,14,Finisher,2510
Riley,Goetz,Riley Goetz,1372,M25-29,Male,Westminster,CO,United States,US,0:36:24,2:36:33,1:32:00,0:03:51,0:03:14,4:52:03,2184,9393,5520,231,194,17523,82,75,18,190,135,29,144,131,28,82,75,18,Finisher,2478
Arturo,Campos,Arturo Campos,193,M40-44,Male,Colorado Springs,Colorado,Mexico,MX,0:37:09,2:31:02,1:36:57,0:03:52,0:03:18,4:52:18,2229,9062,5817,232,198,17538,83,76,8,221,154,18,114,106,15,83,76,8,Finisher,2672
Ben,Keller,Ben Keller,68,M40-44,Male,Denver,CO,United States,US,0:42:52,2:21:26,1:43:01,0:03:03,0:02:05,4:52:27,2572,8486,6181,183,125,17547,84,77,9,537,399,41,84,77,10,84,77,9,Finisher,2669
Ron,Fogel,Ron Fogel,241,M40-44,Male,DENVER,CO,United States,US,0:29:00,2:22:43,1:54:32,0:03:39,0:02:36,4:52:30,1740,8563,6872,219,156,17550,85,78,10,13,11,1,33,33,3,85,78,10,Finisher,2669
Erle,Craven,Erle Craven,1367,M30-34,Male,Denver,Colorado,United States,US,0:27:46,2:36:29,1:42:41,0:03:29,0:02:15,4:52:40,1666,9389,6161,209,135,17560,86,79,15,5,4,2,87,80,15,86,79,15,Finisher,2499
Stephen,Wills,Stephen Wills,887,M40-44,Male,Denver,CO,United States,US,0:36:06,2:30:50,1:37:11,0:05:17,0:03:17,4:52:41,2166,9050,5831,317,197,17561,87,80,11,179,127,15,116,108,16,87,80,11,Finisher,2665
Tristan,Peat,Tristan Peat,1684,M25-29,Male,Boulder,Colorado,United States,US,0:38:42,2:23:17,1:42:18,0:05:14,0:03:22,4:52:53,2322,8597,6138,314,202,17573,88,81,19,300,215,48,81,75,20,88,81,19,Finisher,2463
Ben,Buechel,Ben Buechel,119,M25-29,Male,New Berlin,WI,United States,US,0:40:51,2:24:42,1:41:48,0:03:47,0:02:02,4:53:10,2451,8682,6108,227,122,17590,89,82,20,413,302,60,95,88,23,89,82,20,Finisher,2458
Chuck,Skinner,Chuck Skinner,1545,M45-49,Male,Broomfield,CO,United States,US,0:44:38,2:19:38,1:43:25,0:03:41,0:02:03,4:53:24,2678,8378,6205,221,123,17604,90,83,10,669,496,43,89,82,9,90,83,10,Finisher,2797
Marco,Sanchezbreton,Marco Sanchezbreton,645,M50-54,Male,México,Intl State,Mexico,MX,0:33:17,2:31:39,1:40:55,0:04:01,0:03:42,4:53:35,1997,9099,6055,241,222,17615,91,84,6,85,63,6,92,85,8,91,84,6,Finisher,2853
Rodrigo,Salgado,Rodrigo Salgado,1259,M18-24,Male,Centennial,CO,Mexico,MX,0:36:43,2:28:54,1:41:05,0:04:37,0:02:23,4:53:41,2203,8934,6065,277,143,17621,92,85,12,200,143,28,100,93,11,92,85,12,Finisher,2624
Godard,Abel,Godard Abel,669,M55-59,Male,Boulder,Colorado,United States,US,0:44:39,2:21:34,1:39:06,0:05:10,0:03:41,4:54:09,2679,8494,5946,310,221,17649,93,86,3,671,497,28,108,100,6,93,86,3,Finisher,3236
Matthew,Wade,Matthew Wade,60,M50-54,Male,ARLINGTON HTS,IL,United States,US,0:38:09,2:23:42,1:43:18,0:05:23,0:03:45,4:54:17,2289,8622,6198,323,225,17657,94,87,7,274,194,14,82,76,6,94,87,7,Finisher,2840
Geoffrey,King,Geoffrey King,63,M40-44,Male,NEW YORK,NY,Australia,AU,0:31:30,2:32:25,1:42:46,0:04:01,0:03:38,4:54:21,1890,9145,6166,241,218,17661,95,88,12,50,39,4,90,83,11,95,88,12,Finisher,2635
Ira,Ford,Ira Ford,676,M30-34,Male,Boulder,Colorado,United States,US,0:36:03,2:34:59,1:27:18,0:06:55,0:09:12,4:54:27,2163,9299,5238,415,552,17667,96,89,16,176,124,25,153,139,24,96,89,16,Finisher,2467
Austin,Severance,Austin Severance,347,M25-29,Male,Newark,Delaware,United States,US,0:33:50,2:31:47,1:43:00,0:03:36,0:02:20,4:54:33,2030,9107,6180,216,140,17673,97,90,21,102,75,20,93,86,22,97,90,21,Finisher,2433
Chris,Vahey,Chris Vahey,588,M25-29,Male,denver,CO,United States,US,0:41:12,2:32:24,1:36:32,0:03:00,0:02:02,4:55:10,2472,9144,5792,180,122,17710,98,91,22,436,322,66,142,129,27,98,91,22,Finisher,2422
Mario,Lopez,Mario Lopez,82,M35-39,Male,Lima,Lima,Peru,PE,0:45:50,2:23:53,1:38:39,0:04:06,0:03:17,4:55:45,2750,8633,5919,246,197,17745,99,92,9,750,558,57,123,114,9,99,92,9,Finisher,2875
Francisco,Castillo,Francisco Castillo,83,M45-49,Male,Guatemala,,Guatemala,GT,0:33:34,2:23:22,1:53:02,0:03:03,0:03:17,4:56:18,2014,8602,6782,183,197,17778,100,93,11,94,69,5,53,52,7,100,93,11,Finisher,2745
Seth,Cornelius,Seth Cornelius,1211,M25-29,Male,West Linn,OR,United States,US,0:38:04,2:30:20,1:41:32,0:03:38,0:02:54,4:56:28,2284,9020,6092,218,174,17788,101,94,23,267,188,43,113,105,25,101,94,23,Finisher,2399
Peter,Brandes,Peter Brandes,1166,M30-34,Male,Longmont,Colorado,United States,US,0:39:32,2:38:05,1:31:25,0:05:24,0:02:53,4:57:19,2372,9485,5485,324,173,17839,102,95,17,337,244,50,193,172,29,102,95,17,Finisher,2416
Naif,Alsharif,Naif Alsharif,727,M18-24,Male,Boulder,CO,Saudi Arabia,SA,0:38:28,2:32:22,1:39:58,0:04:01,0:02:30,4:57:19,2308,9142,5998,241,150,17839,103,96,13,287,204,36,126,117,14,103,96,13,Finisher,2559
Jack,Beckman,Jack Beckman,1415,M18-24,Male,Morrison,Colorado,United States,US,0:28:29,2:45:38,1:36:42,0:03:30,0:03:05,4:57:25,1709,9938,5802,210,185,17845,104,97,14,9,8,2,152,138,17,104,97,14,Finisher,2557
Logan,Barton,Logan Barton,858,M18-24,Male,Cody,WY,United States,US,0:35:14,2:36:54,1:38:40,0:03:48,0:02:57,4:57:33,2114,9414,5920,228,177,17853,105,98,15,137,99,20,135,124,15,105,98,15,Finisher,2555
Kyle,Stone,Kyle Stone,648,M55-59,Male,PEARLAND,TX,United States,US,0:40:14,2:26:01,1:43:52,0:05:05,0:02:35,4:57:47,2414,8761,6232,305,155,17867,106,99,4,378,277,16,107,99,5,106,99,4,Finisher,3170
John,Bye,John Bye,370,M55-59,Male,Golden,CO,United States,US,0:38:21,2:17:51,1:55:46,0:03:00,0:02:49,4:57:48,2301,8271,6946,180,169,17868,107,100,5,280,198,9,48,48,1,107,100,5,Finisher,3170
Grant,Betner,Grant Betner,725,M18-24,Male,Denver,CO,United States,US,0:36:31,2:36:51,1:36:55,0:05:06,0:02:38,4:58:01,2191,9411,5815,306,158,17881,108,101,16,192,136,26,155,141,18,108,101,16,Finisher,2546
Jeremy,Rogers,Jeremy Rogers,1055,M40-44,Male,broomfield,CO,United States,US,0:40:19,2:17:45,1:54:38,0:03:24,0:01:59,4:58:05,2419,8265,6878,204,119,17885,109,102,13,386,282,31,62,60,7,109,102,13,Finisher,2568
Pierre,Guillaume,Pierre Guillaume,984,M60-64,Male,CAVEIRAC,,France,FR,0:39:24,2:25:55,1:45:49,0:03:54,0:03:04,4:58:05,2364,8755,6349,234,184,17885,110,103,2,333,241,5,94,87,2,110,103,2,Finisher,3190
William,Gayde,William Gayde,1479,M30-34,Male,Lafayette,CO,United States,US,0:37:51,2:31:40,1:40:40,0:04:52,0:03:09,4:58:12,2271,9100,6040,292,189,17892,111,104,18,259,181,36,125,116,19,111,104,18,Finisher,2400
Cameron,Barry,Cameron Barry,938,M25-29,Male,Colorado Springs,COLORADO,United States,US,0:38:22,2:25:17,1:48:08,0:03:24,0:03:03,4:58:14,2302,8717,6488,204,183,17894,112,105,24,281,199,44,78,72,18,112,105,24,Finisher,2367
Douglas,Hardy,Douglas Hardy,570,M50-54,Male,LONGMONT,CO,United States,US,0:42:54,2:22:35,1:43:03,0:05:19,0:04:24,4:58:16,2574,8555,6183,319,264,17896,113,106,8,542,402,29,103,96,10,113,106,8,Finisher,2768
Karina,Packer,Karina Packer,97,F30-34,Female,ANCHORAGE,AK,United States,US,0:34:20,2:39:38,1:39:22,0:03:08,0:02:13,4:58:41,2060,9578,5962,188,133,17921,114,8,3,114,32,13,146,14,6,114,8,3,Finisher,3029
Zach,Hlavacek,Zach Hlavacek,468,M18-24,Male,Firestone,CO,United States,US,0:46:45,2:29:12,1:37:08,0:04:35,0:02:15,4:59:55,2805,8952,5828,275,135,17995,115,107,17,816,607,106,168,152,19,115,107,17,Finisher,2512
David,Lopez Hernandez,David Lopez Hernandez,89,M35-39,Male,Ciudad de México,MX-CMX,Mexico,MX,0:51:29,2:30:46,1:31:11,0:03:58,0:02:51,5:00:14,3089,9046,5471,238,171,18014,116,108,10,1075,794,84,230,204,18,116,108,10,Finisher,2794
Molly,Hummel,Molly Hummel,1240,F40-44,Female,Santa Fe,NM,United States,US,0:36:56,2:24:07,1:52:37,0:03:26,0:03:12,5:00:18,2216,8647,6757,206,192,18018,117,9,2,210,63,2,74,4,1,117,9,2,Finisher,3178
Kylie,Stengel,Kylie Stengel,222,F30-34,Female,CASTLE ROCK,CO,United States,US,0:29:01,2:37:30,1:46:01,0:04:23,0:03:45,5:00:42,1741,9450,6361,263,225,18042,118,10,4,14,3,2,104,8,3,118,10,4,Finisher,2993
Paulo,Hoenisch,Paulo Hoenisch,84,M50-54,Male,Benton Harbor,MI,Brazil,BR,0:41:12,2:30:17,1:43:09,0:03:42,0:02:40,5:01:00,2472,9017,6189,222,160,18060,119,109,9,435,321,24,133,122,13,119,109,9,Finisher,2719
Michael,Baba,Michael Baba,96,M40-44,Male,FT LAUDERDALE,FL,United States,US,0:34:25,2:22:13,1:57:03,0:03:53,0:03:36,5:01:09,2065,8533,7023,233,216,18069,120,110,14,117,84,6,56,55,6,120,110,14,Finisher,2513
Kiki,Silver,Kiki Silver,373,F55-59,Female,BOULDER,CO,United States,US,0:35:40,2:37:00,1:42:06,0:03:48,0:02:47,5:01:21,2140,9420,6126,228,167,18081,121,11,1,160,46,2,138,13,2,121,11,1,Finisher,3500
Mark,Kozlowski,Mark Kozlowski,123,M55-59,Male,Englewood,CO,United States,US,0:43:09,2:27:17,1:43:22,0:04:29,0:03:15,5:01:32,2589,8837,6202,269,195,18092,122,111,6,563,420,23,128,118,7,122,111,6,Finisher,3103
Anabelen,Brun Gonzalez,Anabelen Brun Gonzalez,1023,F18-24,Female,comala,COL,Mexico,MX,0:35:08,2:41:18,1:40:56,0:03:27,0:01:56,5:02:45,2108,9678,6056,207,116,18165,123,12,3,133,36,6,162,16,3,123,12,3,Finisher,3184
Dan,Whitney,Dan Whitney,554,M45-49,Male,South Jordan,UT,United States,US,0:42:16,2:25:00,1:46:27,0:04:46,0:04:39,5:03:07,2536,8700,6387,286,279,18187,124,112,12,493,364,30,112,104,12,124,112,12,Finisher,2622
Daniel,Bloom,Daniel Bloom,1170,M30-34,Male,Golden,Colorado,United States,US,0:38:02,2:47:46,1:29:30,0:04:42,0:03:54,5:03:53,2282,10066,5370,282,234,18233,125,113,19,264,185,37,295,258,43,125,113,19,Finisher,2297
Mateo,Mondragon,Mateo Mondragon,111,M25-29,Male,Arvada,CO,United States,US,0:37:57,2:26:32,1:52:54,0:03:34,0:03:09,5:04:06,2277,8792,6774,214,189,18246,126,114,25,263,184,42,91,84,21,126,114,25,Finisher,2261
Kyle,Mcgrath,Kyle Mcgrath,1292,M45-49,Male,POUND RIDGE,NY,United States,US,0:36:55,2:35:52,1:44:45,0:03:44,0:02:59,5:04:16,2215,9352,6285,224,179,18256,127,115,13,207,145,10,141,128,17,127,115,13,Finisher,2601
Christopher,Ginn,Christopher Ginn,661,M50-54,Male,Lafayette,CO,United States,US,0:34:54,2:34:06,1:48:24,0:03:55,0:03:34,5:04:53,2094,9246,6504,235,214,18293,128,116,10,129,94,8,120,111,12,128,116,10,Finisher,2649
Jack,Sorenson,Jack Sorenson,863,M25-29,Male,Denver,CO,United States,US,0:33:44,2:33:46,1:51:20,0:03:50,0:02:16,5:04:56,2024,9226,6680,230,136,18296,129,117,26,99,72,19,106,98,24,129,117,26,Finisher,2246
Fernando,Lopez,Fernando Lopez,1127,M50-54,Male,Houston,US-TX,Uruguay,UY,0:39:43,2:33:13,1:46:12,0:03:41,0:02:29,5:05:18,2383,9193,6372,221,149,18318,130,118,11,348,252,19,143,130,14,130,118,11,Finisher,2642
Juan,Vergara,Juan Vergara,233,M65-69,Male,,,Brazil,BR,0:41:11,2:32:32,1:43:43,0:03:42,0:04:10,5:05:18,2471,9152,6223,222,250,18318,131,119,1,432,319,2,148,134,1,131,119,1,Finisher,3500
Carl,Vertuca,Carl Vertuca,662,M50-54,Male,NIWOT,CO,United States,US,0:30:53,2:37:53,1:50:04,0:03:42,0:02:53,5:05:25,1853,9473,6604,222,173,18325,132,120,12,46,36,3,119,110,11,132,120,12,Finisher,2640
Sophie,Collin,Sophie Collin,1069,F30-34,Female,New York,NY,United Kingdom,GB,0:39:38,2:37:49,1:38:19,0:05:34,0:04:20,5:05:40,2378,9469,5899,334,260,18340,133,13,5,344,96,27,192,21,8,133,13,5,Finisher,2903
Braydon,Manley,Braydon Manley,653,M30-34,Male,Saratoga Springs,Utah,United States,US,0:44:03,2:39:49,1:36:20,0:04:14,0:02:39,5:07:06,2643,9589,5780,254,159,18426,134,121,20,631,472,85,259,226,37,134,121,20,Finisher,2240
Emily,Rollins,Emily Rollins,102,F45-49,Female,FRANKLIN,US-TN,United States,US,0:45:35,2:31:46,1:43:15,0:04:32,0:02:01,5:07:09,2735,9106,6195,272,121,18429,135,14,1,735,190,11,185,18,1,135,14,1,Finisher,3500
Bryce,Raber,Bryce Raber,238,M30-34,Male,GRAND JCT,CO,United States,US,0:44:51,2:31:04,1:44:17,0:04:51,0:02:11,5:07:14,2691,9064,6257,291,131,18434,136,122,21,688,509,90,172,156,27,136,122,21,Finisher,2237
Aidan,Liwanag,Aidan Liwanag,446,M18-24,Male,Wayne,NJ,United States,US,0:32:57,2:22:08,2:07:06,0:03:36,0:02:10,5:07:55,1977,8528,7626,216,130,18475,137,123,18,79,58,12,47,47,7,137,123,18,Finisher,2368
Ryan,Mcclay,Ryan Mcclay,1039,M40-44,Male,Duluth,GA,United States,US,0:35:31,2:37:50,1:46:59,0:04:41,0:02:56,5:07:57,2131,9470,6419,281,176,18477,138,124,15,149,107,11,154,140,17,138,124,15,Finisher,2390
Mark,Wise,Mark Wise,881,M50-54,Male,Thornton,CO,United States,US,0:38:44,2:34:50,1:43:28,0:05:17,0:05:54,5:08:13,2324,9290,6208,317,354,18493,139,125,13,304,219,18,158,144,17,139,125,13,Finisher,2589
Gabriel,Harley,Gabriel Harley,290,M50-54,Male,FPO,AA,United States,US,0:40:30,2:38:06,1:40:09,0:05:37,0:04:08,5:08:29,2430,9486,6009,337,248,18509,140,126,14,397,292,22,205,183,20,140,126,14,Finisher,2585
Jacob,Duden,Jacob Duden,1379,M25-29,Male,Golden,CO,United States,US,0:38:46,2:43:39,1:38:20,0:04:48,0:03:11,5:08:44,2326,9819,5900,288,191,18524,141,127,27,306,221,51,241,213,39,141,127,27,Finisher,2178
Thomas,Noonan,Thomas Noonan,252,M18-24,Male,Boulder,Colorado,United States,US,0:33:46,2:43:08,1:45:23,0:03:54,0:02:42,5:08:54,2026,9788,6323,234,162,18534,142,128,19,100,73,16,175,159,22,142,128,19,Finisher,2350
Sam,Hengehold,Sam Hengehold,282,F25-29,Female,Edwardsville,IL,United States,US,0:40:14,2:47:59,1:33:14,0:03:49,0:03:48,5:09:05,2414,10079,5594,229,228,18545,143,15,2,379,102,30,310,40,7,143,15,2,Finisher,3176
Margaux,Mermet,Margaux Mermet,1031,F30-34,Female,Aix-en-Provence,,France,FR,0:38:19,2:38:58,1:45:28,0:04:14,0:02:30,5:09:29,2299,9538,6328,254,150,18569,144,16,6,279,82,21,183,17,7,144,16,6,Finisher,2835
Luke,Hammers,Luke Hammers,556,M25-29,Male,Los Gatos,California,United States,US,0:38:45,2:50:48,1:34:54,0:03:26,0:01:52,5:09:46,2325,10248,5694,206,112,18586,145,129,28,305,220,50,327,286,54,145,129,28,Finisher,2159
Jonathan,Knisely,Jonathan Knisely,756,M45-49,Male,Denver,CO,United States,US,0:46:50,2:29:23,1:46:46,0:04:35,0:02:14,5:09:47,2810,8963,6406,275,134,18587,146,130,14,821,610,54,174,158,21,146,130,14,Finisher,2502
James,Harper,James Harper,263,M40-44,Male,Jemez Springs,New Mexico,United States,US,0:38:02,2:50:52,1:34:59,0:03:34,0:02:48,5:10:15,2282,10252,5699,214,168,18615,147,131,16,266,187,19,319,279,32,147,131,16,Finisher,2349
Tom,Lang,Tom Lang,1735,M40-44,Male,chandler,AZ,United States,US,0:33:03,2:32:28,1:54:39,0:04:43,0:05:24,5:10:17,1983,9148,6879,283,324,18617,148,132,17,82,60,5,101,94,12,148,132,17,Finisher,2348
Luke,Mcilvain,Luke Mcilvain,1675,M25-29,Male,Denver,CO,United States,US,0:35:49,2:45:54,1:41:20,0:04:40,0:02:41,5:10:24,2149,9954,6080,280,161,18624,149,133,29,168,119,26,232,206,38,149,133,29,Finisher,2148
Troy,Jones,Troy Jones,202,M25-29,Male,Colorado Springs,COLORADO,United States,US,0:37:29,2:33:10,1:52:59,0:04:45,0:02:03,5:10:25,2249,9190,6779,285,123,18625,150,134,30,237,165,36,134,123,26,150,134,30,Finisher,2148
Henry,Reynolds,Henry Reynolds,1543,M18-24,Male,Edwards,CO,United States,US,0:34:37,2:31:25,1:58:15,0:03:36,0:02:42,5:10:36,2077,9085,7095,216,162,18636,151,135,20,124,90,19,96,89,10,151,135,20,Finisher,2320
Christopher,Reichel,Christopher Reichel,1694,M35-39,Male,Denver,CO,United States,US,0:37:30,2:34:29,1:50:27,0:05:35,0:02:43,5:10:43,2250,9269,6627,335,163,18643,152,136,11,238,166,12,151,137,10,152,136,11,Finisher,2606
Peter,Bredemann,Peter Bredemann,956,M45-49,Male,Denver,CO,United States,US,0:44:45,2:42:19,1:37:31,0:03:58,0:02:12,5:10:45,2685,9739,5851,238,132,18645,153,137,15,681,505,45,302,263,31,153,137,15,Finisher,2485
David,Schatz,David Schatz,73,M45-49,Male,Denver,CO,United States,US,0:48:10,2:30:40,1:40:56,0:07:14,0:03:55,5:10:55,2890,9040,6056,434,235,18655,154,138,16,910,677,56,228,202,26,154,138,16,Finisher,2482
Mike,Pierce,Mike Pierce,498,M55-59,Male,Boulder,CO,United States,US,0:36:18,2:20:58,2:07:58,0:03:27,0:02:16,5:10:58,2178,8458,7678,207,136,18658,155,139,7,186,132,5,59,58,2,155,139,7,Finisher,2933
Jesse,Nolen,Jesse Nolen,383,M45-49,Male,GRAND JCT,CO,United States,US,0:37:03,2:33:15,1:53:02,0:04:03,0:03:45,5:11:08,2223,9195,6782,243,225,18668,156,140,17,218,153,12,124,115,14,156,140,17,Finisher,2478
Liam,Morales,Liam Morales,1542,M30-34,Male,Cave Creek,AZ,United States,US,0:42:40,2:46:35,1:36:36,0:03:12,0:02:25,5:11:29,2560,9995,5796,192,145,18689,157,141,22,523,387,72,318,278,47,157,141,22,Finisher,2161
Cameron,Van Beek,Cameron Van Beek,298,M30-34,Male,Denver,Colorado,United States,US,0:32:07,2:34:27,1:55:50,0:05:49,0:03:30,5:11:42,1927,9267,6950,349,210,18702,158,142,23,66,52,13,118,109,17,158,142,23,Finisher,2157
William,Noon,William Noon,71,M30-34,Male,Seattle,WA,United States,US,0:28:17,2:39:50,1:56:48,0:03:47,0:03:16,5:11:57,1697,9590,7008,227,196,18717,159,143,24,7,6,3,111,103,16,159,143,24,Finisher,2152
Ian,Smith,Ian Smith,967,M30-34,Male,Westminster,Colorado,United States,US,0:43:01,2:40:25,1:39:06,0:05:58,0:03:29,5:11:59,2581,9625,5946,358,209,18719,160,144,25,552,411,75,276,241,40,160,144,25,Finisher,2152
Cameron,Drake,Cameron Drake,1664,M30-34,Male,Denver,CO,United States,US,0:39:01,2:41:34,1:44:52,0:04:26,0:02:09,5:12:02,2341,9694,6292,266,129,18722,161,145,26,317,227,44,212,189,32,161,145,26,Finisher,2151
Jonah,Sutherland,Jonah Sutherland,1162,M30-34,Male,Boulder,CO,United States,US,0:33:55,2:36:03,1:56:13,0:03:16,0:02:48,5:12:15,2035,9363,6973,196,168,18735,162,146,27,107,79,17,121,112,18,162,146,27,Finisher,2147
Ryan,Ellis,Ryan Ellis,596,M45-49,Male,Ammon,ID,United States,US,0:40:36,2:32:44,1:52:09,0:04:12,0:02:46,5:12:27,2436,9164,6729,252,166,18747,163,147,18,402,296,24,150,136,18,163,147,18,Finisher,2454
Lucas,Heafner,Lucas Heafner,1273,M18-24,Male,Castle Rock,CO,United States,US,0:47:43,2:31:18,1:45:20,0:05:49,0:02:19,5:12:28,2863,9078,6320,349,139,18748,164,148,21,878,651,113,211,188,29,164,148,21,Finisher,2286
Jenna,Bullbrook,Jenna Bullbrook,113,F35-39,Female,CARLSBAD,CA,United States,US,0:40:49,2:41:17,1:45:15,0:03:21,0:02:06,5:12:47,2449,9677,6315,201,126,18767,165,17,2,411,110,10,219,25,2,165,17,2,Finisher,2741
Luke,Smith,Luke Smith,1340,M30-34,Male,Saint Louis Park,MN,United States,US,0:35:39,2:47:04,1:40:07,0:06:03,0:03:56,5:12:49,2139,10024,6007,363,236,18769,166,149,28,154,111,22,268,233,38,166,149,28,Finisher,2137
Juan Pablo,Orendain,Juan Pablo Orendain,393,M45-49,Male,Guadalajara,JAL,Mexico,MX,0:38:16,2:40:39,1:47:57,0:04:14,0:02:10,5:13:15,2296,9639,6477,254,130,18795,167,150,19,276,196,16,195,174,23,167,150,19,Finisher,2440
Daniel Alejandro ,Intriago Ayo ,Daniel Alejandro Intriago Ayo,978,M35-39,Male,guadalajara,MX-JAL,Mexico,MX,0:40:35,2:39:55,1:45:18,0:05:03,0:02:24,5:13:15,2435,9595,6318,303,144,18795,168,151,12,401,295,29,220,195,15,168,151,12,Finisher,2560
Thomas,Hojnicki,Thomas Hojnicki,1465,M25-29,Male,Denver,IL,United States,US,0:43:02,2:31:52,1:51:05,0:03:44,0:04:18,5:14:02,2582,9112,6665,224,258,18842,169,152,31,556,414,88,157,143,29,169,152,31,Finisher,2083
Dion,Leman,Dion Leman,1116,M55-59,Male,Loveland,CO,United States,US,0:37:00,2:38:02,1:50:13,0:04:56,0:03:57,5:14:09,2220,9482,6613,296,237,18849,170,153,8,214,149,6,164,148,10,170,153,8,Finisher,2876
Max,Ray-Keil,Max Ray-Keil,245,M25-29,Male,Holualoa,Hawai'i,United States,US,0:40:24,2:36:49,1:47:24,0:05:02,0:04:48,5:14:27,2424,9409,6444,302,288,18867,171,154,32,389,284,57,188,170,32,171,154,32,Finisher,2075
Jordan,Sorrick,Jordan Sorrick,639,M35-39,Male,COLUMBIA,MO,United States,US,0:36:13,2:40:19,1:51:32,0:04:02,0:02:34,5:14:41,2173,9619,6692,242,154,18881,172,155,13,182,129,10,169,153,11,172,155,13,Finisher,2534
Joseph,Jang,Joseph Jang,965,M25-29,Male,Denver,COLORADO,United States,US,0:31:46,2:47:16,1:48:37,0:05:05,0:02:30,5:15:13,1906,10036,6517,305,150,18913,173,156,33,60,49,12,204,182,33,173,156,33,Finisher,2061
Thomas,Benoit,Thomas Benoit,395,M25-29,Male,Vienna,VA,United States,US,0:41:33,2:19:31,2:03:33,0:06:03,0:04:41,5:15:21,2493,8371,7413,363,281,18921,174,157,34,457,335,69,80,74,19,174,157,34,Finisher,2059
Ben,Chwalek,Ben Chwalek,397,M18-24,Male,Sudbury,Massachusetts,United States,US,0:35:51,2:44:32,1:48:43,0:03:21,0:02:54,5:15:22,2151,9872,6523,201,174,18922,175,158,22,171,122,25,202,180,28,175,158,22,Finisher,2234
Paul,Dopp,Paul Dopp,656,M55-59,Male,BOULDER,CO,United States,US,0:35:46,2:39:04,1:52:56,0:04:33,0:03:05,5:15:24,2146,9544,6776,273,185,18924,176,159,9,164,116,4,160,146,9,176,159,9,Finisher,2853
Tracy,Campbell,Tracy Campbell,77,F50-54,Female,Holladay,UT,United States,US,0:36:51,2:38:52,1:53:03,0:03:49,0:03:01,5:15:37,2211,9532,6783,229,181,18937,177,18,1,203,60,1,161,15,1,177,18,1,Finisher,3500
Graydon,Abel,Graydon Abel,450,M18-24,Male,Boulder,Colorado,United States,US,0:43:40,2:37:56,1:44:08,0:06:09,0:03:53,5:15:47,2620,9476,6248,369,233,18947,178,160,23,606,452,79,251,221,35,178,160,23,Finisher,2226
Sierra,DE GRASSE,Sierra DE GRASSE,534,F30-34,Female,Denver,US-CO,United States,US,0:34:03,2:50:42,1:45:19,0:03:19,0:02:36,5:15:59,2043,10242,6319,199,156,18959,179,19,7,110,30,11,258,33,12,179,19,7,Finisher,2718
Amanda,Mones,Amanda Mones,99,F40-44,Female,LONGMONT,CO,United States,US,0:37:05,2:46:02,1:46:10,0:03:54,0:03:25,5:16:36,2225,9962,6370,234,205,18996,180,20,3,219,66,3,237,28,3,180,20,3,Finisher,2885
Reuben,Ovadia,Reuben Ovadia,1499,M30-34,Male,Mexico City,MX-MEX,Mexico,MX,0:45:08,2:41:17,1:43:07,0:04:04,0:03:00,5:16:36,2708,9677,6187,244,180,18996,181,161,29,707,524,92,296,259,44,181,161,29,Finisher,2069
Ryan,Begerman,Ryan Begerman,1578,M40-44,Male,Aurora,CO,United States,US,0:35:40,2:46:08,1:49:13,0:03:34,0:02:12,5:16:46,2140,9968,6553,214,132,19006,182,162,18,158,114,14,218,194,22,182,162,18,Finisher,2232
Austin,Yoder,Austin Yoder,1343,M18-24,Male,HILLIARD,OH,United States,US,0:41:19,2:38:32,1:50:45,0:03:51,0:02:25,5:16:52,2479,9512,6645,231,145,19012,183,163,24,444,327,52,201,179,27,183,163,24,Finisher,2207
Eli,Larsen,Eli Larsen,720,M25-29,Male,Tampa,US-FL,United States,US,0:41:04,2:49:38,1:34:09,0:07:21,0:04:45,5:16:57,2464,10178,5649,441,285,19017,184,164,35,425,312,64,391,336,59,184,164,35,Finisher,2030
Blade,Allen,Blade Allen,530,M30-34,Male,Albuquerque,NM,United States,US,0:37:25,2:30:59,1:57:41,0:08:06,0:02:47,5:16:58,2245,9059,7061,486,167,19018,185,165,30,234,163,35,140,127,22,185,165,30,Finisher,2062
Sean,Sullivan,Sean Sullivan,1460,M25-29,Male,Colorado Springs,CO,United States,US,0:34:24,2:50:19,1:45:46,0:03:51,0:02:44,5:17:05,2064,10219,6346,231,164,19025,186,166,36,116,83,22,264,229,42,186,166,36,Finisher,2028
Keith,Norsym,Keith Norsym,85,M50-54,Male,Erie,CO,United States,US,0:38:02,2:26:33,2:03:49,0:05:28,0:03:31,5:17:23,2282,8793,7429,328,211,19043,187,167,15,265,186,13,99,92,9,187,167,15,Finisher,2424
Jorge,Hernandez,Jorge Hernandez,621,M40-44,Male,Guatemala,Guatemala,Guatemala,GT,0:39:57,2:38:40,1:50:28,0:04:29,0:04:07,5:17:42,2397,9520,6628,269,247,19062,188,168,19,366,266,30,194,173,20,188,168,19,Finisher,2215
Cody,Leibel,Cody Leibel,46,M45-49,Male,Encino,CA,Canada,CA,0:39:41,2:28:23,1:59:42,0:05:31,0:04:32,5:17:48,2381,8903,7182,331,272,19068,189,169,20,346,250,19,122,113,13,189,169,20,Finisher,2358
Aaron,Smela,Aaron Smela,1248,M40-44,Male,Colorado Springs,CO,United States,US,0:39:20,2:28:33,2:03:20,0:03:22,0:03:16,5:17:50,2360,8913,7400,202,196,19070,190,170,20,329,237,25,105,97,13,190,170,20,Finisher,2213
Facundo Alfredo,Viada Pelaez,Facundo Alfredo Viada Pelaez,522,M40-44,Male,Ciudad de México,Mexico City,Argentina,AR,0:46:40,2:33:22,1:47:21,0:05:54,0:04:40,5:17:56,2800,9202,6441,354,280,19076,191,171,21,812,606,55,226,200,24,191,171,21,Finisher,2211
Mark,McCullick,Mark McCullick,162,M35-39,Male,Redondo Beach,CA,United States,US,0:38:40,2:38:51,1:52:32,0:03:45,0:04:12,5:18:01,2320,9531,6752,225,252,19081,192,172,14,297,213,18,180,164,12,192,172,14,Finisher,2474
Timothy,Wilson,Timothy Wilson,66,M60-64,Male,Vista,CA,United States,US,0:43:17,2:34:13,1:54:57,0:03:59,0:02:07,5:18:32,2597,9253,6897,239,127,19112,193,173,3,574,428,7,182,166,4,193,173,3,Finisher,2822
Drew,Boldridge,Drew Boldridge,879,M30-34,Male,Denver,CO,United States,US,0:38:32,2:36:36,1:53:25,0:05:59,0:04:02,5:18:34,2312,9396,6805,359,242,19114,194,174,31,290,207,43,177,161,28,194,174,31,Finisher,2033
Marita,Sailor,Marita Sailor,575,F30-34,Female,Broomfield,COLORADO,United States,US,0:30:44,2:40:10,2:00:46,0:04:06,0:03:02,5:18:48,1844,9610,7246,246,182,19128,195,21,8,40,9,4,130,11,5,195,21,8,Finisher,2667
Tyler,Green,Tyler Green,1233,M45-49,Male,Lone Tree,CO,United States,US,0:37:29,2:33:52,2:01:10,0:03:39,0:03:03,5:19:14,2249,9232,7270,219,183,19154,196,175,21,236,164,14,131,120,15,196,175,21,Finisher,2332
Brent,Pauly,Brent Pauly,1688,M40-44,Male,Fort Collins,COLORADO,United States,US,0:39:45,2:36:45,1:54:17,0:05:07,0:03:26,5:19:20,2385,9405,6857,307,206,19160,197,176,22,349,253,28,184,167,18,197,176,22,Finisher,2186
Reid,Ervin,Reid Ervin,959,M25-29,Male,Denver,CO,United States,US,0:36:39,2:45:08,1:50:54,0:03:34,0:03:27,5:19:42,2199,9908,6654,214,207,19182,198,177,37,197,141,30,217,193,35,198,177,37,Finisher,1981
Todd,Hawkins,Todd Hawkins,115,M50-54,Male,Denver,CO,United States,US,0:32:41,2:37:42,1:58:16,0:07:09,0:03:57,5:19:44,1961,9462,7096,429,237,19184,199,178,16,76,57,5,149,135,15,199,178,16,Finisher,2382
Diana  ,Hassel,Diana Hassel,117,F55-59,Female,Fort Collins,CO,United States,US,0:35:48,2:37:04,2:00:50,0:03:18,0:02:57,5:19:57,2148,9424,7250,198,177,19197,200,22,2,167,49,3,137,12,1,200,22,2,Finisher,3165
Will,Coffield,Will Coffield,730,M18-24,Male,Denver,Colorado,United States,US,0:41:52,2:44:59,1:44:09,0:05:35,0:03:25,5:20:01,2512,9899,6249,335,205,19201,201,179,25,478,351,60,317,277,42,201,179,25,Finisher,2150
Adam,Tanvas,Adam Tanvas,430,M40-44,Male,Highlands Ranch,Colorado,United States,US,0:42:20,2:35:15,1:55:41,0:04:30,0:02:20,5:20:08,2540,9315,6941,270,140,19208,202,180,23,502,371,38,187,169,19,202,180,23,Finisher,2171
Roderick,Wold,Roderick Wold,400,M55-59,Male,Broomfield,CO,United States,US,0:32:39,2:43:43,1:55:03,0:04:46,0:04:04,5:20:16,1959,9823,6903,286,244,19216,203,181,10,74,55,1,178,162,11,203,181,10,Finisher,2766
Sloan,Schneiter,Sloan Schneiter,711,M25-29,Male,DENVER,CO,United States,US,0:44:39,2:44:43,1:42:01,0:05:20,0:03:48,5:20:30,2679,9883,6121,320,228,19230,204,182,38,672,498,101,354,305,57,204,182,38,Finisher,1966
Nicholas,Lopez,Nicholas Lopez,1588,M18-24,Male,Newbury Park,CA,United States,US,0:37:38,2:36:36,1:55:33,0:06:38,0:04:08,5:20:32,2258,9396,6933,398,248,19232,205,183,26,247,173,33,176,160,23,205,183,26,Finisher,2141
Grant,Wasserman,Grant Wasserman,1387,M18-24,Male,Boulder,Colorado,United States,US,0:52:05,2:54:19,1:23:06,0:06:03,0:05:07,5:20:40,3125,10459,4986,363,307,19240,206,184,27,1101,811,141,650,530,87,206,184,27,Finisher,2138
Ben,Kolich,Ben Kolich,1416,M35-39,Male,Denver,Colorado,United States,US,0:35:29,2:47:04,1:49:03,0:05:09,0:04:09,5:20:53,2129,10024,6543,309,249,19253,207,185,15,148,106,7,250,220,21,207,185,15,Finisher,2423
Leif,Cisneros,Leif Cisneros,198,M30-34,Male,Littleton,CO,United States,US,0:42:55,2:42:37,1:47:57,0:04:17,0:03:22,5:21:07,2575,9757,6477,257,202,19267,208,186,32,544,404,74,281,246,42,208,186,32,Finisher,1987
Dmitry ,Svyatolutskiy ,Dmitry Svyatolutskiy,203,M18-24,Male,Tallinn,Harjumaa,Estonia,EE,0:44:42,2:29:46,1:57:24,0:06:07,0:03:36,5:21:35,2682,8986,7044,367,216,19295,209,187,28,678,502,89,170,154,20,209,187,28,Finisher,2122
Chris,Nicasio,Chris Nicasio,314,M30-34,Male,San Antonio,TX,United States,US,0:45:14,2:27:26,1:59:44,0:04:31,0:04:40,5:21:36,2714,8846,7184,271,280,19296,210,188,33,714,530,94,147,133,23,210,188,33,Finisher,1979
Kyle,Winslow,Kyle Winslow,1508,M50-54,Male,Colorado Springs,CO,United States,US,0:31:41,2:32:37,2:10:30,0:03:32,0:03:55,5:22:15,1901,9157,7830,212,235,19335,211,189,17,56,45,4,88,81,7,211,189,17,Finisher,2337
Andrew,Reeder,Andrew Reeder,234,M50-54,Male,ST PETERSBURG,FL,United States,US,0:38:42,2:45:13,1:47:00,0:06:02,0:05:27,5:22:23,2322,9913,6420,362,327,19343,212,190,18,299,214,17,285,250,24,212,190,18,Finisher,2334
Patrick,Wirth,Patrick Wirth,620,M30-34,Male,Denver,CO,United States,US,0:41:11,2:47:21,1:43:10,0:06:14,0:04:30,5:22:26,2471,10041,6190,374,270,19346,213,191,34,430,317,61,355,306,53,213,191,34,Finisher,1964
Claudia Valeria,Montaño Flores,Claudia Valeria Montaño Flores,985,F30-34,Female,GUADALAJARA,JALISCO,Mexico,MX,0:33:42,2:55:02,1:46:59,0:04:28,0:02:33,5:22:44,2022,10502,6419,268,153,19364,214,23,9,97,27,10,331,44,15,214,23,9,Finisher,2596
Parker,Terry,Parker Terry,594,M25-29,Male,Salt Lake City,UT,United States,US,0:35:48,2:40:24,1:57:04,0:05:03,0:04:26,5:22:45,2148,9624,7024,303,266,19365,215,192,39,166,118,25,179,163,31,215,192,39,Finisher,1926
Ryan,Jack,Ryan Jack,1229,M50-54,Male,Monument,CO,United States,US,0:36:35,2:47:57,1:48:35,0:05:24,0:04:33,5:23:04,2195,10077,6515,324,273,19384,216,193,19,195,139,11,284,249,23,216,193,19,Finisher,2322
Edward,Fitzgerald,Edward Fitzgerald,330,M35-39,Male,Vancouver,BC,Ireland,IE,0:43:37,2:38:58,1:52:24,0:04:56,0:03:17,5:23:12,2617,9538,6744,296,197,19392,217,194,16,601,449,46,246,216,20,217,194,16,Finisher,2381
Victoria,Lim,Victoria Lim,800,F25-29,Female,Chicago,IL,United States,US,0:34:21,2:43:41,1:56:40,0:05:10,0:03:34,5:23:26,2061,9821,7000,310,214,19406,218,24,3,115,33,10,196,22,3,218,24,3,Finisher,2918
Christopher,Magstadt,Christopher Magstadt,1422,M40-44,Male,Bismarck,ND,United States,US,0:42:01,2:39:15,1:53:58,0:06:20,0:02:08,5:23:41,2521,9555,6838,380,128,19421,219,195,24,485,358,37,248,218,26,219,195,24,Finisher,2107
Matthew,Bell,Matthew Bell,527,M30-34,Male,Fort Worth,TX,Australia,AU,0:35:05,2:37:33,2:05:40,0:03:23,0:02:23,5:24:04,2105,9453,7540,203,143,19444,220,196,35,132,97,21,136,125,21,220,196,35,Finisher,1934
Evan,Roshak,Evan Roshak,405,M25-29,Male,Denver,CO,United States,US,0:33:42,2:41:01,1:59:38,0:05:30,0:04:24,5:24:15,2022,9661,7178,330,264,19455,221,197,40,98,71,18,167,151,30,221,197,40,Finisher,1899
Connor,Goldschmidt,Connor Goldschmidt,1474,M18-24,Male,Boulder,Colorado,United States,US,0:35:51,2:43:25,1:58:16,0:04:18,0:02:29,5:24:19,2151,9805,7096,258,149,19459,222,198,29,170,121,24,198,176,26,222,198,29,Finisher,2073
Avery,Llewellyn,Avery Llewellyn,723,M30-34,Male,ARVADA,CO,United States,US,0:46:15,2:41:58,1:45:34,0:04:45,0:06:17,5:24:50,2775,9718,6334,285,377,19490,223,199,36,781,584,106,326,285,48,223,199,36,Finisher,1920
Roger,Brewer Jr,Roger Brewer Jr,582,M55-59,Male,BOISE,ID,United States,US,0:44:25,2:35:57,1:56:33,0:04:45,0:03:13,5:24:53,2665,9357,6993,285,193,19493,224,200,11,654,489,27,214,190,12,224,200,11,Finisher,2683
Hayden,Van Camp,Hayden Van Camp,1697,M18-24,Male,Kaukauna,WI,United States,US,0:53:29,2:31:47,1:50:12,0:05:34,0:03:52,5:24:55,3209,9107,6612,334,232,19495,225,201,30,1159,844,147,299,262,38,225,201,30,Finisher,2062
Anthony,Ash,Anthony Ash,62,M40-44,Male,Gilbert,Arizona,United States,US,0:40:47,2:38:59,1:57:11,0:04:52,0:03:07,5:24:55,2447,9539,7031,292,187,19495,226,202,25,409,300,34,209,187,21,226,202,25,Finisher,2085
Lindsay,Allwood,Lindsay Allwood,1099,F30-34,Female,SALT LAKE CTY,UT,United States,US,0:42:21,2:53:37,1:40:49,0:05:28,0:02:42,5:24:57,2541,10417,6049,328,162,19497,227,25,10,504,132,34,449,75,21,227,25,10,Finisher,2556
James,Johnson,James Johnson,467,M18-24,Male,Boulder,CO,United States,US,0:35:34,2:48:23,1:52:48,0:04:59,0:03:20,5:25:02,2134,10103,6768,299,200,19502,228,203,31,151,108,22,270,235,37,228,203,31,Finisher,2060
Michelle,Drake,Michelle Drake,1665,F25-29,Female,denver,Colorado,United States,US,0:35:40,2:43:03,2:00:03,0:04:03,0:02:15,5:25:05,2140,9783,7203,243,135,19505,229,26,4,159,45,16,190,19,2,229,26,4,Finisher,2888
Leo,Martus,Leo Martus,172,M18-24,Male,Boulder,CO,United States,US,0:45:58,2:37:38,1:55:15,0:03:31,0:02:46,5:25:08,2758,9458,6915,211,166,19508,230,204,32,757,563,100,239,211,32,230,204,32,Finisher,2058
Brian,Johnson,Brian Johnson,278,M50-54,Male,Parker,US-CO,United States,US,0:53:27,2:34:55,1:45:11,0:06:06,0:05:32,5:25:11,3207,9295,6311,366,332,19511,231,205,20,1158,843,54,349,301,27,231,205,20,Finisher,2284
Eric,Michel,Eric Michel,524,M45-49,Male,Westmont,IL,United States,US,0:43:40,2:26:38,2:04:47,0:04:52,0:05:21,5:25:18,2620,8798,7487,292,321,19518,232,206,22,609,453,38,132,121,16,232,206,22,Finisher,2223
Alec,Romick,Alec Romick,1513,M25-29,Male,Austin,TX,United States,US,0:45:35,2:39:15,1:54:20,0:03:51,0:02:49,5:25:49,2735,9555,6860,231,169,19549,233,207,41,734,545,112,265,230,43,233,207,41,Finisher,1871
Paige,Machemer,Paige Machemer,481,F18-24,Female,Boulder,Colorado,United States,US,0:33:51,2:47:08,1:57:44,0:04:07,0:03:10,5:26:00,2031,10028,7064,247,190,19560,234,27,4,104,28,5,213,24,5,234,27,4,Finisher,2765
Abby,Stork-Huntsinger,Abby Stork-Huntsinger,533,F40-44,Female,Richland,WA,United States,US,0:39:01,2:45:34,1:55:43,0:03:36,0:02:13,5:26:07,2341,9934,6943,216,133,19567,235,28,4,316,90,5,260,34,4,235,28,4,Finisher,2714
Bena,Koehn,Bena Koehn,935,F18-24,Female,Boulder,Colorado,United States,US,0:30:47,2:47:49,2:00:03,0:04:23,0:03:08,5:26:11,1847,10069,7203,263,188,19571,236,29,5,43,10,2,191,20,4,236,29,5,Finisher,2762
Maria Jose,Tobias,Maria Jose Tobias,1024,F18-24,Female,San Luis Potosí,MX-SLP,Mexico,MX,0:41:14,2:48:42,1:47:30,0:05:06,0:03:41,5:26:13,2474,10122,6450,306,221,19573,237,30,6,437,115,23,359,50,9,237,30,6,Finisher,2762
Robert,HOESCH,Robert HOESCH,583,M50-54,Male,Salt Lake city,US-UT,United States,US,0:43:33,2:34:45,1:58:32,0:05:40,0:03:45,5:26:15,2613,9285,7112,340,225,19575,238,208,21,596,446,30,203,181,19,238,208,21,Finisher,2265
Bryon,Woodworth,Bryon Woodworth,990,M50-54,Male,San Diego,CA,United States,US,0:46:27,2:36:40,1:53:47,0:05:59,0:03:50,5:26:42,2787,9400,6827,359,230,19602,239,209,22,798,596,39,274,239,21,239,209,22,Finisher,2257
William,Reese,William Reese,1598,M25-29,Male,Seneca Falls,New York,United States,US,0:46:37,2:49:22,1:40:57,0:06:08,0:03:43,5:26:47,2797,10162,6057,368,223,19607,240,210,42,810,605,124,463,384,67,240,210,42,Finisher,1853
Scott,DeCamp,Scott DeCamp,1382,M30-34,Male,Denver,CO,United States,US,0:33:31,2:48:13,1:52:19,0:08:01,0:04:53,5:26:56,2011,10093,6739,481,293,19616,241,211,37,91,67,14,279,244,41,241,211,37,Finisher,1883
Jordan,Parrett,Jordan Parrett,1315,M35-39,Male,Richmond,IN,United States,US,0:45:45,2:30:48,1:53:00,0:07:06,0:10:23,5:27:02,2745,9048,6780,426,623,19622,242,212,17,747,555,56,200,178,13,242,212,17,Finisher,2312
Isaac,Brandenberger,Isaac Brandenberger,637,M25-29,Male,Grand Junction,Colorado,United States,US,0:34:52,2:45:54,1:59:00,0:04:22,0:02:55,5:27:03,2092,9954,7140,262,175,19623,243,213,43,128,93,24,215,191,34,243,213,43,Finisher,1848
Reid,Allan,Reid Allan,682,M60-64,Male,Hesperus,CO,United States,US,0:45:04,2:39:42,1:52:29,0:05:30,0:04:24,5:27:08,2704,9582,6749,330,264,19628,244,214,4,700,520,10,294,257,6,244,214,4,Finisher,2667
Ayaka,Suzuki,Ayaka Suzuki,284,F35-39,Female,2-20-11 Numama,Kanagawa,Japan,JP,0:43:40,2:51:53,1:44:22,0:04:32,0:02:52,5:27:19,2620,10313,6262,272,172,19639,245,31,3,605,154,17,424,65,7,245,31,3,Finisher,2480
Colton,Connelly,Colton Connelly,1054,M35-39,Male,Fort Collins ,CO,United States,US,0:42:34,2:57:39,1:35:33,0:07:24,0:04:11,5:27:20,2554,10659,5733,444,251,19640,246,215,18,519,385,39,552,453,53,246,215,18,Finisher,2306
Maizie,Deihl,Maizie Deihl,1334,F25-29,Female,Denver,Colorado,United States,US,0:39:24,2:56:24,1:41:54,0:04:57,0:04:51,5:27:29,2364,10584,6114,297,291,19649,247,32,5,334,93,25,435,71,15,247,32,5,Finisher,2845
Ricardo,Barroso,Ricardo Barroso,642,M45-49,Male,Denver,CO,Brazil,BR,0:42:43,2:33:10,2:05:22,0:04:09,0:02:08,5:27:32,2563,9190,7522,249,128,19652,248,216,23,528,391,33,165,149,19,248,216,23,Finisher,2183
Christopher,Mayer,Christopher Mayer,57,M40-44,Male,Offenbach am Main,Hessen,Germany,DE,0:48:36,2:34:42,1:56:44,0:05:26,0:02:07,5:27:36,2916,9282,7004,326,127,19656,249,217,26,927,691,71,267,232,29,249,217,26,Finisher,2037
Reed,Thayer,Reed Thayer,999,M35-39,Male,Davis,CA,United States,US,0:40:53,2:46:20,1:50:46,0:05:00,0:04:37,5:27:36,2453,9980,6646,300,277,19656,250,218,19,415,304,30,316,276,27,250,218,19,Finisher,2302
Mitchell,Mastey,Mitchell Mastey,1311,M35-39,Male,Littleton,Colorado,United States,US,0:42:25,2:38:04,1:58:49,0:05:09,0:03:18,5:27:47,2545,9484,7129,309,198,19667,251,219,20,510,377,36,222,196,16,251,219,20,Finisher,2298
Colin,Strickland,Colin Strickland,1427,M45-49,Male,DENVER,CO,United States,US,0:40:57,2:41:31,1:53:19,0:06:57,0:05:14,5:27:59,2457,9691,6799,417,314,19679,252,220,24,419,308,26,277,242,28,252,220,24,Finisher,2174
Allie,Braney,Allie Braney,930,F18-24,Female,,,United States,US,0:45:27,2:59:44,1:34:33,0:05:20,0:03:19,5:28:22,2727,10784,5673,320,199,19702,253,33,7,726,187,36,601,107,20,253,33,7,Finisher,2723
Benjamin,Green,Benjamin Green,124,M18-24,Male,Boulder,CO,United States,US,0:43:09,2:43:02,1:52:57,0:05:32,0:03:50,5:28:30,2589,9782,6777,332,230,19710,254,221,33,564,421,69,305,266,39,254,221,33,Finisher,1997
Kurt,Madsen,Kurt Madsen,1115,M50-54,Male,HERRIMAN,UT,United States,US,0:37:30,2:36:23,2:05:05,0:04:35,0:05:06,5:28:40,2250,9383,7505,275,306,19720,255,222,23,239,167,12,156,142,16,255,222,23,Finisher,2221
Nick,Lamon,Nick Lamon,143,M30-34,Male,Dallas,Texas,United States,US,0:39:03,2:36:01,2:06:24,0:03:48,0:03:28,5:28:45,2343,9361,7584,228,208,19725,256,223,38,319,228,45,159,145,25,256,223,38,Finisher,1850
Laurie,Jellison,Laurie Jellison,225,F30-34,Female,Evergreen,CO,United States,US,0:42:40,2:50:46,1:47:26,0:04:17,0:03:42,5:28:50,2560,10246,6446,257,222,19730,257,34,11,522,136,35,388,55,17,257,34,11,Finisher,2486
Matthew,Mulligan,Matthew Mulligan,1129,M35-39,Male,SALT LAKE CITY,Utah,United States,US,0:41:43,2:50:13,1:45:26,0:07:15,0:04:15,5:28:52,2503,10213,6326,435,255,19732,258,224,21,466,342,33,409,349,40,258,224,21,Finisher,2279
Caleb,Evanson,Caleb Evanson,1476,M18-24,Male,Boulder,Colorado,United States,US,0:37:12,2:44:28,1:58:26,0:04:47,0:04:04,5:28:58,2232,9868,7106,287,244,19738,259,225,34,224,156,30,233,207,31,259,225,34,Finisher,1989
Cathi,Webber,Cathi Webber,194,F55-59,Female,COLORADO SPGS,CO,United States,US,0:37:46,2:47:57,1:56:00,0:04:28,0:03:03,5:29:15,2266,10077,6960,268,183,19755,260,35,3,253,75,5,292,37,4,260,35,3,Finisher,2997
Jackson,Morris,Jackson Morris,1144,M25-29,Male,Nashville,TN,United States,US,0:44:09,2:41:51,1:54:08,0:05:29,0:03:45,5:29:22,2649,9711,6848,329,225,19762,261,226,44,640,479,97,304,265,51,261,226,44,Finisher,1807
Vincent,Hassel,Vincent Hassel,112,M60-64,Male,Longmont,CO,United States,US,0:49:20,2:35:29,1:52:53,0:06:32,0:05:22,5:29:36,2960,9329,6773,392,322,19776,262,227,5,966,718,15,303,264,7,262,227,5,Finisher,2622
Christopher,Weed,Christopher Weed,182,M45-49,Male,CONIFER,CO,United States,US,0:39:45,2:36:18,2:06:51,0:04:35,0:02:08,5:29:38,2385,9378,7611,275,128,19778,263,228,25,350,254,20,171,155,20,263,228,25,Finisher,2145
David,Hickman,David Hickman,1214,M45-49,Male,Parker,CO,United States,US,0:41:47,2:47:16,1:51:36,0:05:26,0:04:02,5:30:07,2507,10036,6696,326,242,19807,264,229,26,470,345,28,348,300,33,264,229,26,Finisher,2136
Zach,Steinfeld,Zach Steinfeld,152,M25-29,Male,Beverly Hills,CA,United States,US,0:47:02,2:37:10,1:57:06,0:04:32,0:04:29,5:30:19,2822,9430,7026,272,269,19819,265,230,45,837,622,127,266,231,44,265,230,45,Finisher,1790
Daniel,Musselman,Daniel Musselman,792,M18-24,Male,Aurora,CO,United States,US,0:32:25,3:00:08,1:50:05,0:04:17,0:03:36,5:30:31,1945,10808,6605,257,216,19831,266,231,35,70,54,11,381,327,54,266,231,35,Finisher,1961
Nick,Lillie,Nick Lillie,432,M30-34,Male,Boulder,CO,United States,US,0:43:23,2:39:33,2:00:49,0:04:14,0:02:46,5:30:46,2603,9573,7249,254,166,19846,267,232,39,586,438,79,240,212,35,267,232,39,Finisher,1814
Samuel,Schooler,Samuel Schooler,1514,M30-34,Male,Denver,Colorado,United States,US,0:35:42,2:44:38,2:02:39,0:04:16,0:03:52,5:31:07,2142,9878,7359,256,232,19867,268,233,40,161,115,23,208,186,31,268,233,40,Finisher,1807
Austin,Abhari,Austin Abhari,1325,M30-34,Male,Denver,Colorado,United States,US,0:34:51,2:40:39,2:08:04,0:04:25,0:03:31,5:31:30,2091,9639,7684,265,211,19890,269,234,41,127,92,19,163,147,26,269,234,41,Finisher,1800
Kyle,Gilbreath,Kyle Gilbreath,828,M35-39,Male,Littleton,CO,United States,US,0:43:20,2:41:45,1:53:40,0:08:05,0:04:43,5:31:33,2600,9705,6820,485,283,19893,270,235,22,579,431,45,330,287,28,270,235,22,Finisher,2231
Nick,Fuselier,Nick Fuselier,1650,M25-29,Male,DENVER,CO,United States,US,0:48:58,2:37:00,1:57:34,0:04:15,0:03:53,5:31:41,2938,9420,7054,255,233,19901,271,236,46,943,699,138,293,256,50,271,236,46,Finisher,1765
Ty,Armstrong,Ty Armstrong,1394,M18-24,Male,South Jordan,Utah,United States,US,0:41:22,2:48:12,1:52:00,0:05:41,0:04:33,5:31:49,2482,10092,6720,341,273,19909,272,237,36,447,329,53,360,310,50,272,237,36,Finisher,1938
Vergil,Chen,Vergil Chen,1662,M18-24,Male,Boulder,Colorado,United States,US,0:45:45,2:40:53,1:54:23,0:06:14,0:04:41,5:31:56,2745,9653,6863,374,281,19916,273,238,37,746,554,97,325,284,45,273,238,37,Finisher,1936
Alexander,Hansen,Alexander Hansen,569,M18-24,Male,Lakewood,Colorado,United States,US,0:31:32,2:44:28,2:08:00,0:04:47,0:03:21,5:32:07,1892,9868,7680,287,201,19927,274,239,38,51,40,7,173,157,21,274,239,38,Finisher,1932
Todd,Daynes,Todd Daynes,391,M55-59,Male,N SALT LAKE,UT,United States,US,0:48:27,2:40:36,1:54:06,0:04:37,0:04:28,5:32:14,2907,9636,6846,277,268,19934,275,240,12,922,686,39,338,291,16,275,240,12,Finisher,2550
Miryam,Morales,Miryam Morales,644,F35-39,Female,CDMX,CDMX,Mexico,MX,0:42:18,2:51:14,1:47:37,0:06:03,0:05:07,5:32:20,2538,10274,6457,363,307,19940,276,36,4,499,131,14,414,62,6,276,36,4,Finisher,2389
Noah,Sierra,Noah Sierra,141,M30-34,Male,NORTH LIBERTY,IA,United States,US,0:47:02,2:41:05,1:55:19,0:05:43,0:03:16,5:32:26,2822,9665,6919,343,196,19946,277,241,42,838,623,113,341,293,49,277,241,42,Finisher,1784
Andrew,Hutchins,Andrew Hutchins,1225,M35-39,Male,Hillsborough,NC,United States,US,0:45:28,2:43:47,1:54:07,0:05:37,0:03:45,5:32:43,2728,9827,6847,337,225,19963,278,242,23,728,540,53,357,308,29,278,242,23,Finisher,2210
nolan,Okstad,nolan Okstad,629,M18-24,Male,proctor,Minnesota,United States,US,0:41:32,2:53:59,1:48:06,0:05:25,0:03:40,5:32:43,2492,10439,6486,325,220,19963,279,243,39,455,334,55,439,368,61,279,243,39,Finisher,1922
Terri,Stone,Terri Stone,647,F55-59,Female,PEARLAND,TX,United States,US,0:45:10,2:39:43,1:58:50,0:06:01,0:03:00,5:32:44,2710,9583,7130,361,180,19964,280,37,4,709,184,11,300,38,5,280,37,4,Finisher,2935
john,paugh,john paugh,1393,M25-29,Male,Wayland,MA,United States,US,0:38:32,2:42:08,2:03:39,0:05:09,0:03:33,5:33:00,2312,9728,7419,309,213,19980,281,244,47,291,208,47,224,198,36,281,244,47,Finisher,1741
Jose,Jimenez,Jose Jimenez,453,M55-59,Male,Provo,UT,United States,US,0:53:37,2:39:01,1:52:48,0:04:34,0:03:12,5:33:11,3217,9541,6768,274,192,19991,282,245,13,1162,846,46,382,328,17,282,245,13,Finisher,2533
Benjamin,Montgomery,Benjamin Montgomery,1330,M25-29,Male,Aurora,Colorado,United States,US,0:42:44,2:38:33,2:02:01,0:04:58,0:05:01,5:33:17,2564,9513,7321,298,301,19997,283,246,48,529,392,81,231,205,37,283,246,48,Finisher,1736
Emilie,Sommers,Emilie Sommers,251,F30-34,Female,Denver,Colorado,United States,US,0:32:10,2:56:40,1:56:37,0:04:38,0:03:31,5:33:35,1930,10600,6997,278,211,20015,284,38,12,67,15,7,334,45,16,284,38,12,Finisher,2401
Drayson,Cervinski,Drayson Cervinski,345,M30-34,Male,Roy,UTAH,United States,US,0:40:01,2:45:52,1:58:17,0:06:17,0:03:08,5:33:35,2401,9952,7097,377,188,20015,285,247,43,369,269,54,314,274,45,285,247,43,Finisher,1763
Javier,Solano Vazquez,Javier Solano Vazquez,546,M45-49,Male,MEXICO,CMX,Mexico,MX,0:43:37,2:38:26,1:58:59,0:08:03,0:04:37,5:33:41,2617,9506,7139,483,277,20021,286,248,27,602,450,37,289,254,30,286,248,27,Finisher,2072
Liam,Driscoll,Liam Driscoll,573,M30-34,Male,Denver,Colorado,United States,US,0:50:58,3:07:20,1:27:00,0:05:30,0:02:56,5:33:43,3058,11240,5220,330,176,20023,287,249,44,1059,782,144,863,687,123,287,249,44,Finisher,1760
Sydney,Glaberson,Sydney Glaberson,1218,F18-24,Female,Golden,CO,United States,US,0:40:16,2:55:54,1:51:38,0:03:11,0:02:47,5:33:46,2416,10554,6698,191,167,20026,288,39,8,383,103,20,411,61,11,288,39,8,Finisher,2626
James,Condon,James Condon,127,M30-34,Male,CASTLE ROCK,CO,United States,US,0:51:23,2:29:54,2:03:38,0:05:41,0:03:17,5:33:52,3083,8994,7418,341,197,20032,289,250,45,1073,792,146,236,209,34,289,250,45,Finisher,1758
Blake,Witty,Blake Witty,197,M25-29,Male,Denver,CO,United States,US,0:41:05,2:44:23,2:01:51,0:04:29,0:02:19,5:34:07,2465,9863,7311,269,139,20047,290,251,49,427,314,65,287,252,48,290,251,49,Finisher,1721
Lucas,Campbell,Lucas Campbell,1310,M18-24,Male,Castle Rock,Colorado,United States,US,0:38:49,2:36:50,2:05:14,0:07:00,0:06:15,5:34:08,2329,9410,7514,420,375,20048,291,252,40,308,222,37,189,171,25,291,252,40,Finisher,1896
Ben,BRODERICK,Ben BRODERICK,1486,M35-39,Male,Denver,US-CO,United States,US,0:37:46,2:48:08,1:58:21,0:04:43,0:05:13,5:34:11,2266,10088,7101,283,313,20051,292,253,24,252,178,13,298,261,25,292,253,24,Finisher,2183
Eyal,Sella,Eyal Sella,109,M60-64,Male,DENVER,CO,United States,US,0:44:00,2:38:40,1:58:56,0:05:48,0:06:56,5:34:20,2640,9520,7136,348,416,20060,293,254,6,624,465,8,263,228,5,293,254,6,Finisher,2537
Luis,Jimenez,Luis Jimenez,904,M25-29,Male,Longmont,CO,United States,US,0:41:02,2:50:27,1:53:17,0:06:56,0:02:50,5:34:32,2462,10227,6797,416,170,20072,294,255,50,423,311,63,397,340,61,294,255,50,Finisher,1714
Benjamin,Metais,Benjamin Metais,184,M35-39,Male,Denver,CO,France,FR,0:39:16,2:47:46,1:59:11,0:04:48,0:03:32,5:34:33,2356,10066,7151,288,212,20073,295,256,25,327,236,21,308,269,26,295,256,25,Finisher,2177
Ed,Baetzold,Ed Baetzold,58,M60-64,Male,LIVINGSTON,TX,United States,US,0:29:32,2:45:43,2:10:03,0:04:51,0:04:27,5:34:35,1772,9943,7803,291,267,20075,296,257,7,23,19,1,166,150,3,296,257,7,Finisher,2533
Chris,Zilka,Chris Zilka,360,M35-39,Male,Maple Grove,MN,United States,US,0:48:25,2:41:06,1:53:57,0:05:28,0:05:48,5:34:44,2905,9666,6837,328,348,20084,297,258,26,920,684,74,358,309,30,297,258,26,Finisher,2173
Maddie,Nelson,Maddie Nelson,1653,F25-29,Female,COLORADO SPGS,CO,United States,US,0:30:32,3:02:55,1:52:35,0:04:54,0:03:51,5:34:47,1832,10975,6755,294,231,20087,298,40,6,37,7,2,396,57,11,298,40,6,Finisher,2713
Matt,Greenwald,Matt Greenwald,326,M18-24,Male,Boulder,US-CO,United States,US,0:48:23,2:37:53,2:00:04,0:05:51,0:02:51,5:35:01,2903,9473,7204,351,171,20101,299,259,41,919,683,118,312,272,41,299,259,41,Finisher,1880
Dillon,Curtis,Dillon Curtis,410,M30-34,Male,NEW YORK,NY,Ireland,IE,0:42:40,2:42:36,1:57:35,0:06:56,0:05:14,5:35:02,2560,9756,7055,416,314,20102,300,260,46,524,388,73,315,275,46,300,260,46,Finisher,1737
Aubrie,Yarbrough,Aubrie Yarbrough,1048,F25-29,Female,Keller,TX,United States,US,0:36:13,2:54:34,1:55:13,0:05:22,0:03:50,5:35:12,2173,10474,6913,322,230,20112,301,41,7,183,54,19,370,51,9,301,41,7,Finisher,2706
Walt,Yarrow,Walt Yarrow,256,M55-59,Male,HOUSTON,TX,United States,US,0:37:35,2:45:00,2:04:41,0:04:58,0:03:16,5:35:30,2255,9900,7481,298,196,20130,302,261,14,242,170,7,247,217,13,302,261,14,Finisher,2492
Pat,Monday,Pat Monday,296,M40-44,Male,Dallas,Texas,United States,US,0:44:20,2:34:34,2:05:27,0:06:50,0:04:42,5:35:53,2660,9274,7527,410,282,20153,303,262,27,648,484,51,223,197,23,303,262,27,Finisher,1888
Clayton,Wells,Clayton Wells,1209,M30-34,Male,EAGLE MTN,UT,United States,US,0:49:03,1:59:00,2:41:48,0:03:10,0:03:09,5:36:10,2943,7140,9708,190,189,20170,304,263,47,951,704,127,22,22,6,304,263,47,Finisher,1716
Gretchen,Pearson,Gretchen Pearson,1419,F25-29,Female,Denver,CO,United States,US,0:35:27,3:03:45,1:42:31,0:07:24,0:07:06,5:36:13,2127,11025,6151,444,426,20173,305,42,8,146,42,14,539,98,19,305,42,8,Finisher,2687
Fearon,Johnson,Fearon Johnson,640,M18-24,Male,Boulder,CO,United States,US,0:45:15,2:37:04,2:05:30,0:05:18,0:03:08,5:36:14,2715,9424,7530,318,188,20174,306,264,42,715,531,91,249,219,34,306,264,42,Finisher,1858
Erin,Hutchinson,Erin Hutchinson,270,F30-34,Female,New York,NEW YORK,United States,US,0:32:00,2:52:18,2:05:04,0:03:46,0:03:10,5:36:17,1920,10338,7504,226,190,20177,307,43,13,65,14,6,257,32,11,307,43,13,Finisher,2352
Jan-Erik,Bätz,Jan-Erik Bätz,101,M40-44,Male,Boulder,CO,Germany,DE,0:43:42,2:39:56,2:05:52,0:04:14,0:02:34,5:36:17,2622,9596,7552,254,154,20177,308,265,28,612,455,47,253,223,27,308,265,28,Finisher,1880
Lindsey ,Fold,Lindsey Fold,1710,F25-29,Female,Denver,COLORADO,United States,US,0:33:33,2:59:00,1:56:28,0:03:43,0:03:35,5:36:20,2013,10740,6988,223,215,20180,309,44,9,93,25,8,373,52,10,309,44,9,Finisher,2685
John,Bucceri,John Bucceri,40,M30-34,Male,Londonderry,New Hampshire,United States,US,0:50:33,2:29:54,2:07:53,0:04:42,0:03:20,5:36:22,3033,8994,7673,282,200,20182,310,266,48,1033,762,140,216,192,33,310,266,48,Finisher,1713
Heather,Markham,Heather Markham,86,F35-39,Female,Lakewood,CO,United States,US,0:31:53,2:54:46,2:03:29,0:03:27,0:02:58,5:36:33,1913,10486,7409,207,178,20193,311,45,5,62,13,2,290,36,4,311,45,5,Finisher,2313
Alexander,Beaton,Alexander Beaton,576,M35-39,Male,Calgary,AB,Canada,CA,0:46:59,2:42:01,1:58:09,0:06:30,0:02:53,5:36:33,2819,9721,7089,390,173,20193,312,267,27,834,619,64,363,313,31,312,267,27,Finisher,2141
Christian,Schlachter,Christian Schlachter,553,M45-49,Male,Chicago,IL,United States,US,0:39:59,2:51:20,1:55:37,0:05:29,0:04:09,5:36:33,2399,10280,6937,329,249,20193,313,268,28,368,268,22,380,326,35,313,268,28,Finisher,2020
Quinton,Kelly,Quinton Kelly,626,M30-34,Male,Broomfield,CO,United States,US,0:39:31,2:39:47,1:59:11,0:09:41,0:08:46,5:36:57,2371,9587,7151,581,526,20217,314,269,49,336,243,49,271,236,39,314,269,49,Finisher,1702
Francisco,Figueroa,Francisco Figueroa,92,M40-44,Male,Santiago,Santiago Metropolitan Region,Chile,CL,0:43:39,2:38:39,2:00:43,0:07:40,0:06:25,5:37:06,2619,9519,7243,460,385,20226,315,270,29,604,451,45,286,251,30,315,270,29,Finisher,1866
Matthew,MELSEN,Matthew MELSEN,1712,M35-39,Male,Wheat Ridge,US-CO,United States,US,0:54:26,2:45:19,1:45:36,0:07:53,0:03:56,5:37:10,3266,9919,6336,473,236,20230,316,271,28,1190,864,94,553,454,54,316,271,28,Finisher,2129
Lucien,Juilland-King,Lucien Juilland-King,633,M18-24,Male,Boulder,CO,United States,US,0:45:20,2:43:40,1:58:48,0:05:10,0:04:17,5:37:14,2720,9820,7128,310,257,20234,317,272,43,719,534,93,344,296,48,317,272,43,Finisher,1840
Nikolai,Frant,Nikolai Frant,1492,M50-54,Male,Denver,Colorado,United States,US,0:42:00,2:40:09,2:00:11,0:07:01,0:07:56,5:37:16,2520,9609,7211,421,476,20236,318,273,24,484,357,27,275,240,22,318,273,24,Finisher,2066
Trenton,Steele,Trenton Steele,818,M25-29,Male,Littleton,CO,United States,US,0:42:25,2:57:28,1:51:08,0:03:40,0:02:38,5:37:18,2545,10648,6668,220,158,20238,319,274,51,509,376,80,487,401,71,319,274,51,Finisher,1664
Brant,Correa,Brant Correa,70,M45-49,Male,JENKS,OK,United States,US,0:37:03,2:42:31,2:08:42,0:06:18,0:02:55,5:37:29,2223,9751,7722,378,175,20249,320,275,29,216,151,11,225,199,25,320,275,29,Finisher,2003
Nick,Kittleman,Nick Kittleman,377,M25-29,Male,Seattle,WA,United States,US,0:54:17,2:43:44,1:50:58,0:05:03,0:03:28,5:37:30,3257,9824,6658,303,208,20250,321,276,52,1185,861,173,478,394,69,321,276,52,Finisher,1660
Max,Franzman,Max Franzman,1179,M18-24,Male,cenntenial,Colorado,United States,US,0:44:10,2:54:33,1:49:17,0:06:41,0:02:52,5:37:34,2650,10473,6557,401,172,20254,322,277,44,642,481,86,522,429,69,322,277,44,Finisher,1834
Yusuf,Hafiane,Yusuf Hafiane,1130,M25-29,Male,Johns Creek,GA,United States,US,0:41:38,2:48:28,2:00:12,0:04:26,0:02:52,5:37:37,2498,10108,7212,266,172,20257,323,278,53,461,339,71,352,304,56,323,278,53,Finisher,1658
Katherine,Murray,Katherine Murray,1117,F25-29,Female,Salt Lake City,Utah,United States,US,0:42:17,2:57:27,1:51:43,0:03:51,0:02:22,5:37:39,2537,10647,6703,231,142,20259,324,46,10,496,130,36,488,87,18,324,46,10,Finisher,2662
Ryan,Greiber,Ryan Greiber,1385,M30-34,Male,MINNEAPOLIS,MN,United States,US,0:45:17,2:53:42,1:48:53,0:05:21,0:04:30,5:37:44,2717,10422,6533,321,270,20264,325,279,50,717,533,95,502,413,68,325,279,50,Finisher,1688
Zach,Uhlig,Zach Uhlig,1667,M18-24,Male,Northbrook ,illinois ,United States,US,0:37:15,2:47:00,2:06:15,0:04:38,0:02:42,5:37:49,2235,10020,7575,278,162,20269,326,280,45,227,158,31,269,234,36,326,280,45,Finisher,1830
Lucas,Culver,Lucas Culver,1445,M25-29,Male,Lakewood ,Colorado ,United States,US,0:41:24,2:44:00,2:00:55,0:06:20,0:05:14,5:37:53,2484,9840,7255,380,314,20273,327,281,54,449,331,68,306,267,52,327,281,54,Finisher,1653
Kai,Rubin,Kai Rubin,154,M18-24,Male,Loveland,Colorado,United States,US,0:41:11,2:47:23,2:02:31,0:04:12,0:02:43,5:38:01,2471,10043,7351,252,163,20281,328,282,46,434,320,51,324,283,44,328,282,46,Finisher,1826
Jillian,Burley,Jillian Burley,272,F25-29,Female,Boulder,CO,United States,US,0:41:01,2:54:17,1:54:56,0:05:21,0:02:53,5:38:29,2461,10457,6896,321,173,20309,329,47,11,422,112,31,433,70,14,329,47,11,Finisher,2647
Alexander,Van Thuyne,Alexander Van Thuyne,303,M18-24,Male,Fort Collins,CO,United States,US,0:42:30,2:49:01,2:00:36,0:03:50,0:02:37,5:38:33,2550,10141,7236,230,157,20313,330,283,47,516,383,65,361,311,51,330,283,47,Finisher,1817
Caroline,Racke,Caroline Racke,1136,F25-29,Female,Powell,OH,United States,US,0:32:43,3:13:39,1:44:51,0:04:54,0:02:35,5:38:41,1963,11619,6291,294,155,20321,331,48,12,77,20,5,623,116,25,331,48,12,Finisher,2643
Andrea,Campo,Andrea Campo,821,M40-44,Male,ALLISON PARK,PA,Italy,IT,0:41:23,2:47:56,1:59:10,0:05:11,0:05:06,5:38:44,2483,10076,7150,311,306,20324,332,284,30,448,330,36,351,303,34,332,284,30,Finisher,1836
Will,Griffioen,Will Griffioen,478,M25-29,Male,Provo,Utah,United States,US,0:50:36,2:46:54,1:49:29,0:05:49,0:05:57,5:38:45,3036,10014,6569,349,357,20325,333,285,55,1038,766,158,483,398,70,333,285,55,Finisher,1638
Austin,Poist,Austin Poist,547,M35-39,Male,Shawnee,Kansas,United States,US,0:45:04,2:55:35,1:48:35,0:05:30,0:04:19,5:39:03,2704,10535,6515,330,259,20343,334,286,29,701,521,51,534,438,51,334,286,29,Finisher,2096
Rebecca,Gould,Rebecca Gould,1098,F25-29,Female,Castle Pines,Colorado,United States,US,0:33:41,3:03:05,1:54:43,0:04:13,0:03:39,5:39:21,2021,10985,6883,253,219,20361,335,49,13,96,26,9,440,72,16,335,49,13,Finisher,2631
Jay,Lagrone,Jay Lagrone,300,M60-64,Male,HOUSTON,TX,United States,US,0:53:33,2:44:03,1:50:27,0:07:13,0:04:06,5:39:23,3213,9843,6627,433,246,20363,336,287,8,1160,845,18,511,419,12,336,287,8,Finisher,2446
Clare,Eckard,Clare Eckard,1562,F30-34,Female,Englewood,CO,United States,US,0:41:40,2:46:46,2:03:17,0:04:17,0:03:50,5:39:49,2500,10006,7397,257,230,20389,337,50,14,463,123,31,322,41,14,337,50,14,Finisher,2289
Jason,Johnson,Jason Johnson,1703,M40-44,Male,LOVELAND,CO,United States,US,0:46:14,2:45:09,1:59:59,0:05:09,0:03:28,5:39:58,2774,9909,7199,309,208,20398,338,288,31,779,582,54,376,324,37,338,288,31,Finisher,1814
Danny,Athenour,Danny Athenour,1413,M30-34,Male,Golden,Colorado,United States,US,0:41:06,2:53:49,1:53:59,0:06:45,0:04:43,5:40:23,2466,10429,6839,405,283,20423,339,289,51,428,315,60,454,377,62,339,289,51,Finisher,1640
Bayden,Lutz,Bayden Lutz,1251,M18-24,Male,CICERO,IN,United States,US,0:43:33,2:44:40,1:59:11,0:07:21,0:05:43,5:40:27,2613,9880,7151,441,343,20427,340,290,48,595,445,77,364,314,52,340,290,48,Finisher,1782
Alan,Porciuncula,Alan Porciuncula,940,M40-44,Male,Florianopolis,SC,Brazil,BR,0:39:21,3:03:47,1:47:20,0:05:14,0:04:57,5:40:39,2361,11027,6440,314,297,20439,341,291,32,330,238,26,568,467,57,341,291,32,Finisher,1802
William,Natter,William Natter,1206,M30-34,Male,Denver,Colorado,United States,US,0:39:07,2:51:18,2:03:00,0:03:53,0:03:28,5:40:47,2347,10278,7380,233,208,20447,342,292,52,322,231,46,345,297,50,342,292,52,Finisher,1633
Justin,Restivo,Justin Restivo,334,M35-39,Male,Dallas,TX,United States,US,0:39:55,2:44:13,2:08:07,0:05:47,0:02:49,5:40:51,2395,9853,7687,347,169,20451,343,293,30,361,262,24,282,247,23,343,293,30,Finisher,2063
Scott,Boren,Scott Boren,204,M35-39,Male,Cherry Hills Village,CO,Hong Kong,HK,0:46:56,2:48:03,1:55:34,0:06:01,0:04:21,5:40:55,2816,10083,6934,361,261,20455,344,294,31,830,617,63,442,369,43,344,294,31,Finisher,2062
Marcus ,Pitcairn,Marcus Pitcairn,325,M18-24,Male,Pittsburgh,Pennsylvania,United States,US,0:36:39,2:57:10,1:59:46,0:03:51,0:03:30,5:40:55,2199,10630,7186,231,210,20455,345,295,49,196,140,27,387,333,56,345,295,49,Finisher,1774
Shanon,Eichholz,Shanon Eichholz,425,M50-54,Male,El Reno,OK,United States,US,0:46:22,2:56:27,1:48:48,0:05:32,0:03:51,5:41:00,2782,10587,6528,332,231,20460,346,296,25,791,590,38,566,465,31,346,296,25,Finisher,1999
Chad,Fallin,Chad Fallin,1646,M55-59,Male,Lander,WY,United States,US,0:33:40,2:37:35,2:20:31,0:05:37,0:04:01,5:41:24,2020,9455,8431,337,241,20484,347,297,15,95,70,2,145,132,8,347,297,15,Finisher,2385
Kenneth,Biddison,Kenneth Biddison,1625,M30-34,Male,Fort Collins,CO,United States,US,0:47:38,2:47:44,1:56:36,0:05:43,0:03:45,5:41:27,2858,10064,6996,343,225,20487,348,298,53,870,644,120,444,371,61,348,298,53,Finisher,1621
Pedro,Pereira,Pedro Pereira,566,M35-39,Male,Heredia,HEREDIA,Costa Rica,CR,0:55:09,2:48:07,1:45:40,0:07:41,0:05:00,5:41:37,3309,10087,6340,461,300,20497,349,299,32,1207,875,96,615,503,62,349,299,32,Finisher,2049
James,Doran,James Doran,707,M50-54,Male,Lafayette,CO,United States,US,0:35:16,2:42:31,2:13:45,0:05:39,0:04:38,5:41:49,2116,9751,8025,339,278,20509,350,300,26,138,100,10,197,175,18,350,300,26,Finisher,1985
Jeslaine,Thompson,Jeslaine Thompson,1707,F30-34,Female,Denver,Colorado,United States,US,0:38:58,2:51:44,1:57:35,0:07:42,0:05:51,5:41:51,2338,10304,7055,462,351,20511,351,51,15,315,89,24,399,59,19,351,51,15,Finisher,2252
Henry,Wattson,Henry Wattson,1020,M18-24,Male,Edina,MN,United States,US,0:44:00,2:43:59,2:07:46,0:03:59,0:02:22,5:42:06,2640,9839,7666,239,142,20526,352,301,50,626,467,82,309,270,40,352,301,50,Finisher,1753
Justin Gawrych,Gawrych,Justin Gawrych Gawrych,958,M18-24,Male,Longmont,Colorado,United States,US,0:31:20,2:50:53,2:12:06,0:05:17,0:02:30,5:42:06,1880,10253,7926,317,150,20526,353,302,51,49,38,6,245,215,33,353,302,51,Finisher,1753
Luis Adolfo,Mendez Jaramillo,Luis Adolfo Mendez Jaramillo,214,M30-34,Male,Ciudad de México,MX-CMX,Mexico,MX,0:46:01,2:51:17,1:54:54,0:06:45,0:03:14,5:42:10,2761,10277,6894,405,194,20530,354,303,54,762,568,102,494,406,65,354,303,54,Finisher,1608
Alexandra,Young,Alexandra Young,1381,F40-44,Female,Denver,CO,United States,US,0:40:44,2:48:21,2:06:07,0:04:25,0:02:42,5:42:18,2444,10101,7567,265,162,20538,355,52,5,408,109,7,335,46,5,355,52,5,Finisher,2422
Sydney,Pena,Sydney Pena,1631,F30-34,Female,Silt,CO,United States,US,0:29:43,2:51:55,2:12:40,0:04:00,0:04:01,5:42:20,1783,10315,7960,240,241,20540,356,53,16,25,5,3,221,26,9,356,53,16,Finisher,2243
Connor,Flanery,Connor Flanery,601,M25-29,Male,Mountain View,California,United States,US,0:30:14,2:57:45,2:05:03,0:05:55,0:03:35,5:42:32,1814,10665,7503,355,215,20552,357,304,56,33,27,7,342,294,55,357,304,56,Finisher,1570
Ken,Klopp,Ken Klopp,778,M18-24,Male,Fort Collins,Colorado,United States,US,0:38:54,2:54:12,1:59:02,0:05:36,0:04:51,5:42:35,2334,10452,7142,336,291,20555,358,305,52,313,225,39,402,343,57,358,305,52,Finisher,1744
Peter,Wessling,Peter Wessling,1620,M45-49,Male,Soloana Beach,CA,United States,US,0:42:54,2:33:10,2:16:01,0:05:54,0:04:37,5:42:36,2574,9190,8161,354,277,20556,359,306,30,541,401,34,186,168,22,359,306,30,Finisher,1911
Sergei,Vasilyev,Sergei Vasilyev,67,M45-49,Male,LAS VEGAS,NV,United States,US,0:55:38,2:39:17,1:59:31,0:05:13,0:02:57,5:42:37,3338,9557,7171,313,177,20557,360,307,31,1217,884,65,427,361,38,360,307,31,Finisher,1911
Roberto,Sotelo,Roberto Sotelo,1165,M50-54,Male,San Marcos,CA,United States,US,0:41:30,2:49:26,2:03:22,0:04:59,0:03:29,5:42:45,2490,10166,7402,299,209,20565,361,308,27,452,333,25,366,316,28,361,308,27,Finisher,1968
Viviana,Aguilera Arroyo,Viviana Aguilera Arroyo,980,F30-34,Female,Guadalajara,Jalisco,Mexico,MX,0:44:08,2:52:30,1:58:20,0:04:50,0:03:27,5:43:15,2648,10350,7100,290,207,20595,362,54,17,638,161,41,451,76,22,362,54,17,Finisher,2227
Kelly,Armento,Kelly Armento,1671,F45-49,Female,DENVER,CO,United States,US,0:43:41,2:58:42,1:53:48,0:03:26,0:03:41,5:43:18,2621,10722,6828,206,221,20598,363,55,2,611,157,7,529,95,4,363,55,2,Finisher,2849
Madelyn,Lowe,Madelyn Lowe,1222,F18-24,Female,Lebanon,PA,United States,US,0:37:26,3:02:30,1:56:45,0:03:30,0:03:09,5:43:19,2246,10950,7005,210,189,20599,364,56,9,235,72,16,485,86,14,364,56,9,Finisher,2454
Colin,Lord,Colin Lord,59,M40-44,Male,THOMPSONS STN,TN,United States,US,0:57:59,2:37:17,1:59:56,0:04:24,0:03:47,5:43:23,3479,9437,7196,264,227,20603,365,309,33,1274,922,95,417,355,41,365,309,33,Finisher,1753
Jordan,Wells,Jordan Wells,1208,M35-39,Male,ARVADA,CO,United States,US,0:45:02,2:36:46,2:08:23,0:08:16,0:05:00,5:43:28,2702,9406,7703,496,300,20608,366,310,33,698,518,50,288,253,24,366,310,33,Finisher,2016
Johannes,Von Alvensleben,Johannes Von Alvensleben,1540,M45-49,Male,Centennial,CO,United States,US,0:45:21,2:52:55,1:55:03,0:06:47,0:03:26,5:43:32,2721,10375,6903,407,206,20612,367,311,32,722,537,48,515,423,42,367,311,32,Finisher,1895
Kristin,Jenny,Kristin Jenny,93,F30-34,Female,BROOMFIELD,CO,United States,US,0:35:12,2:49:06,2:12:20,0:03:54,0:03:02,5:43:34,2112,10146,7940,234,182,20614,368,57,18,134,37,15,261,35,13,368,57,18,Finisher,2221
Jace,Muir,Jace Muir,1414,M18-24,Male,Herriman,Utah,United States,US,0:45:03,2:51:16,1:59:04,0:04:45,0:03:30,5:43:38,2703,10276,7144,285,210,20618,369,312,53,699,519,90,443,370,62,369,312,53,Finisher,1725
Jose,Ceballos Ramos,Jose Ceballos Ramos,667,M35-39,Male,Zapopan,MX-JAL,Mexico,MX,0:40:18,2:40:06,2:13:17,0:05:40,0:04:23,5:43:44,2418,9606,7997,340,263,20624,370,313,34,385,281,27,229,203,17,370,313,34,Finisher,2011
Italia,Aguilera,Italia Aguilera,1029,F30-34,Female,el paso,Texas,United States,US,0:34:28,3:06:27,1:57:03,0:03:28,0:02:22,5:43:48,2068,11187,7023,208,142,20628,371,58,19,121,34,14,503,90,26,371,58,19,Finisher,2217
Courtney,Seward,Courtney Seward,457,F35-39,Female,ERIE,CO,United States,US,0:37:47,2:58:49,2:00:29,0:03:46,0:03:00,5:43:51,2267,10729,7229,226,180,20631,372,59,6,254,76,7,430,68,8,372,59,6,Finisher,2182
Lucas,Crouch,Lucas Crouch,155,M35-39,Male,Redondo Beach ,California,United States,US,0:45:29,2:35:25,2:15:12,0:03:35,0:04:13,5:43:54,2729,9325,8112,215,253,20634,373,314,35,729,541,54,207,185,14,373,314,35,Finisher,2008
Tim,Overeem,Tim Overeem,1399,M30-34,Male,Denver,Colorado,Netherlands,NL,0:56:08,2:46:47,1:46:51,0:09:55,0:04:14,5:43:54,3368,10007,6411,595,254,20634,374,315,55,1231,894,165,655,533,94,374,315,55,Finisher,1577
Tanja ,Mattews,Tanja Mattews,650,F35-39,Female,Superior,Colorado,Germany,DE,0:47:22,2:52:43,1:55:32,0:05:20,0:03:10,5:44:07,2842,10363,6932,320,190,20647,375,60,7,858,222,24,523,94,11,375,60,7,Finisher,2177
Avivah,Malin,Avivah Malin,1359,F25-29,Female,Boulder,CO,United States,US,0:46:20,3:01:23,1:49:12,0:02:51,0:04:21,5:44:07,2780,10883,6552,171,261,20647,376,61,14,787,200,48,602,108,20,376,61,14,Finisher,2545
Brooke,Woodworth,Brooke Woodworth,1651,F18-24,Female,San Diego,US-CA,United States,US,0:45:06,2:51:46,1:58:18,0:05:17,0:03:48,5:44:15,2706,10306,7098,317,228,20655,377,62,10,704,182,35,464,80,13,377,62,10,Finisher,2437
Case,Brennan,Case Brennan,1269,M25-29,Male,Denver,Colorado,United States,US,0:42:10,3:06:57,1:41:20,0:08:40,0:05:10,5:44:17,2530,11217,6080,520,310,20657,378,316,57,491,363,75,752,604,113,378,316,57,Finisher,1538
Chris,Parks,Chris Parks,1017,M40-44,Male,BROOMFIELD,CO,United States,US,0:36:24,2:54:28,2:04:40,0:04:54,0:03:51,5:44:18,2184,10468,7480,294,231,20658,379,317,34,189,134,17,365,315,36,379,317,34,Finisher,1736
Jessica,Sorrick,Jessica Sorrick,632,F35-39,Female,COLUMBIA,MO,United States,US,0:36:45,2:55:39,2:04:07,0:04:10,0:03:39,5:44:19,2205,10539,7447,250,219,20659,380,63,8,201,58,6,377,53,5,380,63,8,Finisher,2174
Skylar,Ruffner,Skylar Ruffner,544,F18-24,Female,Boulder,Colorado,United States,US,0:36:00,2:54:37,2:07:10,0:03:14,0:03:26,5:44:27,2160,10477,7630,194,206,20667,381,64,11,174,52,10,340,48,7,381,64,11,Finisher,2433
Caleb,Walker,Caleb Walker,79,M25-29,Male,Las Vegas,NV,United States,US,0:37:38,2:48:26,2:11:02,0:04:06,0:03:29,5:44:41,2258,10106,7862,246,209,20681,382,318,58,248,174,39,291,255,49,382,318,58,Finisher,1531
Mia,VonLunen,Mia VonLunen,635,F18-24,Female,Cottonwood Heights,Utah,United States,US,0:36:24,2:56:19,2:05:34,0:03:52,0:02:34,5:44:42,2184,10579,7534,232,154,20682,383,65,12,188,55,12,378,54,10,383,65,12,Finisher,2429
Bryan,Land,Bryan Land,1174,M45-49,Male,DANVILLE,CA,United States,US,0:39:58,2:49:11,2:07:04,0:04:28,0:04:13,5:44:55,2398,10151,7624,268,253,20695,384,319,33,367,267,21,337,290,32,384,319,33,Finisher,1870
Kaylee,Baca,Kaylee Baca,811,F18-24,Female,Flagstaff,Arizona,United States,US,0:35:39,3:03:19,1:57:08,0:05:28,0:03:24,5:44:59,2139,10999,7028,328,204,20699,385,66,13,155,44,7,505,92,15,385,66,13,Finisher,2424
Henry,Wright,Henry Wright,150,M50-54,Male,LONE TREE,CO,United States,US,0:41:51,2:46:17,2:08:39,0:04:36,0:03:40,5:45:03,2511,9977,7719,276,220,20703,386,320,28,474,347,26,323,282,25,386,320,28,Finisher,1926
Vicki,Updike,Vicki Updike,103,F55-59,Female,BRENTWOOD,TN,United States,US,0:41:43,2:40:01,2:14:12,0:05:32,0:03:39,5:45:06,2503,9601,8052,332,219,20706,387,67,5,467,125,7,242,29,3,387,67,5,Finisher,2712
Fabrizio,Giovenzana,Fabrizio Giovenzana,427,M18-24,Male,Longmont,Colorado,United States,US,0:45:15,2:57:05,1:54:59,0:03:50,0:04:02,5:45:12,2715,10625,6899,230,242,20712,388,321,54,716,532,92,535,439,71,388,321,54,Finisher,1697
Jared,Reed,Jared Reed,835,M35-39,Male,Denison,TX,United States,US,0:41:11,2:59:08,1:56:32,0:05:25,0:03:01,5:45:18,2471,10748,6992,325,181,20718,389,322,36,431,318,31,527,433,49,389,322,36,Finisher,1983
Adam,Wiggins,Adam Wiggins,1447,M35-39,Male,Arvada,CO,United States,US,0:42:56,2:50:03,2:04:42,0:04:14,0:03:22,5:45:18,2576,10203,7482,254,202,20718,390,323,37,546,406,43,383,329,35,390,323,37,Finisher,1983
Willem,Lensink,Willem Lensink,762,M25-29,Male,Denver,COLORADO,United States,US,0:43:07,2:53:41,1:59:10,0:05:59,0:03:25,5:45:22,2587,10421,7150,359,205,20722,391,324,59,561,418,90,477,393,68,391,324,59,Finisher,1519
Michael,Baden,Michael Baden,1344,M40-44,Male,Denver,CO,United States,US,0:36:18,2:46:04,2:13:23,0:05:01,0:04:40,5:45:27,2178,9964,8003,301,280,20727,392,325,35,185,131,16,244,214,25,392,325,35,Finisher,1715
Austin,Rockwell,Austin Rockwell,489,M25-29,Male,Golden,CO,United States,US,0:33:22,2:48:59,2:12:27,0:05:28,0:05:11,5:45:27,2002,10139,7947,328,311,20727,393,326,60,88,65,17,252,222,40,393,326,60,Finisher,1517
Chipper,Cheney,Chipper Cheney,941,M25-29,Male,Lehi,Utah,United States,US,0:44:56,2:49:13,1:57:25,0:06:59,0:06:55,5:45:28,2696,10153,7045,419,415,20728,394,327,61,693,513,106,445,372,63,394,327,61,Finisher,1517
Victor Ivan,Perez Lara,Victor Ivan Perez Lara,665,M35-39,Male,Queretaro,MX-QUE,Mexico,MX,0:45:20,2:53:45,1:58:24,0:05:08,0:02:52,5:45:29,2720,10425,7104,308,172,20729,395,328,38,720,535,52,500,411,48,395,328,38,Finisher,1980
Patrick,Mcgannon,Patrick Mcgannon,1509,M30-34,Male,Boulder,CO,United States,US,0:36:54,2:58:39,1:54:35,0:09:18,0:06:05,5:45:31,2214,10719,6875,558,365,20731,396,329,56,206,144,30,512,420,69,396,329,56,Finisher,1548
Jonathan,Curran,Jonathan Curran,1546,M40-44,Male,ENGLEWOOD,CO,United States,US,0:48:06,2:47:43,2:01:36,0:04:33,0:03:34,5:45:32,2886,10063,7296,273,214,20732,397,330,36,904,671,68,429,362,42,397,330,36,Finisher,1714
Sheila,Croft,Sheila Croft,1011,F50-54,Female,SEATTLE,WA,United States,US,0:42:54,2:44:47,1:58:10,0:12:22,0:07:20,5:45:33,2574,9887,7090,742,440,20733,398,68,2,540,140,4,423,64,2,398,68,2,Finisher,2961
Zachary,Meder,Zachary Meder,1159,M25-29,,,,United States,US,0:42:18,3:03:16,1:48:52,0:06:40,0:04:27,5:45:33,2538,10996,6532,400,267,20733,399,331,62,498,368,77,643,525,90,399,331,62,Finisher,1515
Robert,Ekin,Robert Ekin,817,M55-59,Male,Broomfield,CO,United States,US,0:40:24,2:53:22,2:01:23,0:05:29,0:05:01,5:45:39,2424,10402,7283,329,301,20739,400,332,16,390,285,17,410,350,19,400,332,16,Finisher,2309
Andrew,Heidt,Andrew Heidt,1312,M45-49,Male,Boise,ID,United States,US,0:39:14,2:43:12,2:15:36,0:04:40,0:03:01,5:45:44,2354,9792,8136,280,181,20744,401,333,34,324,233,18,238,210,27,401,333,34,Finisher,1855
Anders,Mengshol,Anders Mengshol,1352,M18-24,Male,Greenwood Village,Colorado,United States,US,0:41:58,2:53:59,1:59:22,0:06:35,0:03:55,5:45:48,2518,10439,7162,395,235,20748,402,334,55,482,355,61,471,389,64,402,334,55,Finisher,1686
Carter,Van Hammond,Carter Van Hammond,258,M18-24,Male,Austin,Texas,United States,US,0:37:40,2:56:37,2:02:59,0:05:19,0:03:23,5:45:59,2260,10597,7379,319,203,20759,403,335,56,250,176,34,416,354,59,403,335,56,Finisher,1683
Troy,Womack,Troy Womack,335,M30-34,Male,Dallas,Texas,United States,US,0:45:35,2:45:28,2:01:56,0:06:46,0:06:20,5:46:05,2735,9928,7316,406,380,20765,404,336,57,737,547,99,390,335,56,404,336,57,Finisher,1538
Bill,Smith,Bill Smith,939,M30-34,Male,Highlands Ranch,CO,United States,US,0:46:26,2:56:49,1:53:36,0:05:33,0:03:48,5:46:12,2786,10609,6816,333,228,20772,405,337,58,796,594,109,571,470,81,405,337,58,Finisher,1536
Henry,Prince,Henry Prince,1262,M18-24,Male,Boulder,COLORADO,United States,US,0:42:16,2:31:04,2:20:26,0:08:02,0:04:26,5:46:14,2536,9064,8426,482,266,20774,406,338,57,494,365,62,181,165,24,406,338,57,Finisher,1678
Josh,Hartmann,Josh Hartmann,865,M30-34,Male,SEATTLE,WA,United States,US,0:41:16,3:02:39,1:50:22,0:05:48,0:06:13,5:46:19,2476,10959,6622,348,373,20779,407,339,59,438,323,62,585,482,83,407,339,59,Finisher,1534
Douglas,Robinson,Douglas Robinson,1704,M40-44,Male,Fort Collins,CO,United States,US,0:43:27,2:39:47,2:13:46,0:04:39,0:04:45,5:46:23,2607,9587,8026,279,285,20783,408,340,37,588,440,44,254,224,28,408,340,37,Finisher,1699
Adrian,Perez Fernandez,Adrian Perez Fernandez,555,M30-34,Male,CDMX,CDMX,Mexico,MX,0:39:50,3:03:19,1:54:35,0:05:26,0:03:16,5:46:26,2390,10999,6875,326,196,20786,409,341,60,357,259,52,569,468,80,409,341,60,Finisher,1532
Rob,Avery,Rob Avery,1672,M30-34,Male,Denver,Colorado,United States,US,0:46:51,2:53:50,1:57:19,0:04:45,0:03:59,5:46:45,2811,10430,7039,285,239,20805,410,342,61,824,613,111,524,430,72,410,342,61,Finisher,1526
Joel,Schallhorn,Joel Schallhorn,732,M35-39,Male,Singapore,,United States,US,0:38:33,3:02:52,1:55:55,0:05:19,0:04:07,5:46:47,2313,10972,6955,319,247,20807,411,343,39,292,209,16,541,443,52,411,343,39,Finisher,1956
Kyle,Tingle,Kyle Tingle,1051,M45-49,Male,Arvada,Colorado,United States,US,0:30:32,2:48:53,2:18:51,0:04:53,0:03:49,5:46:57,1832,10133,8331,293,229,20817,412,344,35,36,30,3,206,184,24,412,344,35,Finisher,1833
Rupert,Bradley,Rupert Bradley,1303,M30-34,Male,Savannah,GA,United Kingdom,GB,0:43:29,2:56:35,1:57:50,0:04:55,0:04:16,5:47:05,2609,10595,7070,295,256,20825,413,345,62,590,442,81,513,421,70,413,345,62,Finisher,1520
Ashley,Carter,Ashley Carter,659,F35-39,Female,Niwot,CO,United States,US,0:38:49,2:44:08,2:16:51,0:03:50,0:03:27,5:47:05,2329,9848,8211,230,207,20825,414,69,9,309,87,9,234,27,3,414,69,9,Finisher,2124
Thomas,Minser,Thomas Minser,1477,M40-44,Male,Denver,CO,United States,US,0:48:00,2:48:29,2:01:16,0:05:01,0:04:19,5:47:06,2880,10109,7276,301,259,20826,415,346,38,896,664,66,452,376,43,415,346,38,Finisher,1686
Michael,Sheehan,Michael Sheehan,1141,M55-59,Male,Morrison,Colorado,United States,US,0:45:00,2:54:50,1:56:31,0:07:13,0:03:35,5:47:08,2700,10490,6991,433,215,20828,416,347,17,696,516,30,548,449,28,416,347,17,Finisher,2282
Madeleine ,Vergauwen,Madeleine Vergauwen,121,F60-64,Female,LONGWOOD,FL,Belgium,BE,0:50:36,2:46:26,2:00:02,0:05:35,0:04:31,5:47:10,3036,9986,7202,335,271,20830,417,70,1,1035,272,3,474,83,1,417,70,1,Finisher,3500
Kelly,McElvain,Kelly McElvain,518,F25-29,Female,West Allis,Wisconsin,United States,US,0:35:45,2:48:35,2:09:58,0:06:42,0:06:14,5:47:14,2145,10115,7798,402,374,20834,418,71,15,163,48,17,301,39,6,418,71,15,Finisher,2489
Emma,Raynor,Emma Raynor,893,F30-34,Female,Denver,CO,United States,US,0:34:16,3:02:51,1:59:43,0:04:38,0:05:49,5:47:16,2056,10971,7183,278,349,20836,419,72,20,112,31,12,456,78,23,419,72,20,Finisher,2155
Ron,Higginbotham,Ron Higginbotham,1720,M25-29,Male,Show Low,AZ,United States,US,0:49:06,2:56:27,1:49:41,0:06:59,0:05:05,5:47:17,2946,10587,6581,419,305,20837,420,348,63,956,709,141,651,531,92,420,348,63,Finisher,1484
Nick,Sly,Nick Sly,920,M45-49,Male,,,United States,US,0:44:34,2:51:07,2:03:00,0:05:06,0:03:57,5:47:44,2674,10267,7380,306,237,20864,421,349,36,662,494,42,436,365,39,421,349,36,Finisher,1819
Michael,Trent,Michael Trent,1197,M40-44,Male,Parker,CO,United States,US,0:51:59,2:35:05,2:06:52,0:08:25,0:05:36,5:47:57,3119,9305,7612,505,336,20877,422,350,39,1095,808,84,362,312,35,422,350,39,Finisher,1670
Jae,Park,Jae Park,1261,M30-34,Male,Denver,CO,United States,US,0:31:32,3:12:28,1:53:08,0:05:46,0:05:21,5:48:15,1892,11548,6788,346,321,20895,423,351,63,52,41,9,586,483,84,423,351,63,Finisher,1499
Andrew,Rowe,Andrew Rowe,1497,M35-39,Male,Denver,CO,United States,US,0:42:52,2:55:01,2:02:14,0:05:38,0:02:36,5:48:20,2572,10501,7334,338,156,20900,424,352,40,536,398,42,486,400,44,424,352,40,Finisher,1928
Josh,Wallin,Josh Wallin,1199,M25-29,Male,Minturn,CO,United States,US,0:41:00,2:56:03,2:00:32,0:06:41,0:04:07,5:48:22,2460,10563,7232,401,247,20902,425,353,64,421,310,62,489,402,72,425,353,64,Finisher,1465
Israel,Turner,Israel Turner,1611,M35-39,Male,Colorado Springs,Colorado,Ecuador,EC,0:46:11,2:54:34,1:52:06,0:09:19,0:06:15,5:48:25,2771,10474,6726,559,375,20905,426,354,41,775,578,59,592,488,59,426,354,41,Finisher,1927
Blake,Humphrey,Blake Humphrey,1068,M25-29,Male,Johnstown,Colorado,United States,US,0:48:21,2:37:40,2:11:55,0:06:08,0:04:28,5:48:32,2901,9460,7915,368,268,20912,427,355,65,918,682,135,313,273,53,427,355,65,Finisher,1462
Lowell,Wilkinson,Lowell Wilkinson,740,M25-29,Male,Glendale,Arizona,United States,US,0:46:01,2:48:34,2:06:33,0:03:40,0:03:52,5:48:41,2761,10114,7593,220,232,20921,428,356,66,763,569,118,394,339,60,428,356,66,Finisher,1459
Josh,Abrams,Josh Abrams,868,M35-39,Male,Golden,CO,United States,US,0:40:16,2:52:41,2:07:14,0:05:43,0:03:02,5:48:56,2416,10361,7634,343,182,20936,429,357,42,382,280,26,401,342,38,429,357,42,Finisher,1918
Vinay,Chaudhary,Vinay Chaudhary,1280,M40-44,Male,Boulder,CO,United States,US,0:42:29,2:46:33,2:10:02,0:04:44,0:05:15,5:49:03,2549,9993,7802,284,315,20943,430,358,40,515,382,40,339,292,33,430,358,40,Finisher,1651
Brittany,Clark,Brittany Clark,872,F30-34,Female,Colorado Springs,US-CO,United States,US,0:41:50,2:51:36,2:06:05,0:04:50,0:04:50,5:49:11,2510,10296,7565,290,290,20951,431,73,21,473,127,33,395,56,18,431,73,21,Finisher,2120
Marco,GOMEZ,Marco GOMEZ,784,M35-39,Male,Golden,US-CO,United States,US,0:42:17,2:55:18,1:59:58,0:06:37,0:05:01,5:49:12,2537,10518,7198,397,301,20952,432,359,43,497,367,35,499,410,47,432,359,43,Finisher,1913
Ana,Kim,Ana Kim,557,F30-34,Female,Ciudad De Mexico,CIUDAD DE MEXICO,Mexico,MX,0:45:26,2:59:00,1:55:05,0:05:25,0:04:24,5:49:21,2726,10740,6905,325,264,20961,433,74,22,725,186,48,587,104,27,433,74,22,Finisher,2117
Alexander,Liberman,Alexander Liberman,364,M25-29,Male,Boulder,Colorado,United States,US,0:40:59,2:54:17,2:04:06,0:05:31,0:04:33,5:49:27,2459,10457,7446,331,273,20967,434,360,67,420,309,61,437,366,62,434,360,67,Finisher,1445
Doug,Willmarth,Doug Willmarth,178,M60-64,Male,McKinney,TX,United States,US,0:37:34,2:57:42,2:05:43,0:04:50,0:03:38,5:49:27,2254,10662,7543,290,218,20967,435,361,9,241,169,3,426,360,9,435,361,9,Finisher,2265
Peter,Lillie,Peter Lillie,1276,M40-44,Male,Boulder,CO,United States,US,0:53:00,2:42:58,1:58:41,0:10:18,0:04:32,5:49:30,3180,9778,7121,618,272,20970,436,362,41,1144,835,88,536,440,53,436,362,41,Finisher,1643
Alex,Jones,Alex Jones,458,M18-24,Male,Boulder,Colorado,United States,US,0:44:09,2:55:03,1:58:05,0:06:32,0:05:42,5:49:31,2649,10503,7085,392,342,20971,437,363,58,639,478,84,526,432,70,437,363,58,Finisher,1619
Franklin,Miller,Franklin Miller,1187,M18-24,Male,Maple Grove,Minnesota,Ireland,IE,0:49:04,2:54:21,1:55:52,0:04:30,0:05:47,5:49:35,2944,10461,6952,270,347,20975,438,364,59,953,706,122,561,461,76,438,364,59,Finisher,1618
Austin,Richardson,Austin Richardson,1105,M30-34,Male,MILL VALLEY,CA,United States,US,0:57:16,2:56:25,1:44:35,0:06:18,0:05:05,5:49:40,3436,10585,6275,378,305,20980,439,365,64,1257,908,166,796,640,115,439,365,64,Finisher,1473
Luke,Tsuchiya,Luke Tsuchiya,1407,M18-24,Male,Boulder,CO,United States,US,0:40:12,2:45:44,2:10:28,0:07:21,0:06:01,5:49:46,2412,9944,7828,441,361,20986,440,366,60,377,276,45,333,289,47,440,366,60,Finisher,1615
Aidan,Skeeters,Aidan Skeeters,1603,M25-29,Male,Westminster,CO,United States,US,0:47:49,3:15:27,1:36:39,0:06:09,0:03:52,5:49:55,2869,11727,5799,369,232,20995,441,367,68,884,656,131,959,753,151,441,367,68,Finisher,1437
Dawson,Campbell,Dawson Campbell,744,M18-24,Male,Englewood,CO,United States,US,0:42:59,2:56:17,2:02:33,0:05:28,0:02:42,5:49:59,2579,10577,7353,328,162,20999,442,368,61,549,408,68,510,418,67,442,368,61,Finisher,1611
Carson,Abbott,Carson Abbott,615,M18-24,Male,Denver,Colorado,United States,US,0:46:28,3:00:48,1:52:30,0:05:41,0:04:35,5:50:02,2788,10848,6750,341,275,21002,443,369,62,799,597,104,657,535,88,443,369,62,Finisher,1610
Cody,Chin-Crader,Cody Chin-Crader,1560,M30-34,Male,Colorado Springs,Colorado,United States,US,0:46:08,3:02:14,1:43:40,0:09:58,0:08:04,5:50:04,2768,10934,6220,598,484,21004,444,370,65,772,575,104,763,613,110,444,370,65,Finisher,1466
Dominic,Mathias,Dominic Mathias,1659,M25-29,Male,Fort Collins,Colorado,United States,US,0:50:26,2:55:57,1:50:17,0:07:16,0:06:09,5:50:05,3026,10557,6617,436,369,21005,445,371,69,1025,758,156,678,553,99,445,371,69,Finisher,1434
NICHOLAS,ANDERSON,NICHOLAS ANDERSON,757,M40-44,Male,Denver,Colorado,United States,US,0:42:26,3:01:53,1:53:56,0:06:21,0:05:35,5:50:10,2546,10913,6836,381,335,21010,446,372,42,511,378,39,604,496,61,446,372,42,Finisher,1631
Justin,Rice,Justin Rice,55,M35-39,Male,Livermore,CA,United States,US,0:53:46,2:40:46,2:05:29,0:04:21,0:05:52,5:50:13,3226,9646,7529,261,352,21013,447,373,44,1167,848,92,404,345,39,447,373,44,Finisher,1895
leah,holmgren,leah holmgren,1604,F18-24,Female,Denver,Colorado,United States,US,0:43:15,3:07:00,1:49:01,0:06:21,0:04:37,5:50:14,2595,11220,6541,381,277,21014,448,75,14,572,145,28,729,141,28,448,75,14,Finisher,2329
Scott,Parkinson,Scott Parkinson,1252,M55-59,Male,SANTA CLARA,UT,United States,US,0:41:05,2:43:38,2:16:28,0:05:48,0:03:22,5:50:22,2465,9818,8188,348,202,21022,449,374,18,426,313,19,297,260,14,449,374,18,Finisher,2224
Gregory,McDaniel,Gregory McDaniel,496,M45-49,Male,Colorado Springs,CO,United States,US,0:44:42,2:48:26,2:07:27,0:06:23,0:03:32,5:50:29,2682,10106,7647,383,212,21029,450,375,37,677,501,44,413,352,36,450,375,37,Finisher,1769
Jake,Siegler,Jake Siegler,898,M30-34,Male,Broomfield,CO,United States,US,0:39:22,2:59:59,2:03:48,0:04:50,0:02:43,5:50:43,2362,10799,7428,290,163,21043,451,376,66,332,240,47,498,409,67,451,376,66,Finisher,1454
Lael,Martin,Lael Martin,964,M65-69,Male,Golden,CO,United States,US,0:39:42,2:47:02,2:14:59,0:05:22,0:03:46,5:50:52,2382,10022,8099,322,226,21052,452,377,2,347,251,1,311,271,2,452,377,2,Finisher,2679
Hayden,Johnson,Hayden Johnson,311,M25-29,Male,Vail,Colorado,United States,US,0:53:00,2:45:00,1:58:06,0:07:32,0:07:20,5:50:58,3180,9900,7086,452,440,21058,453,378,70,1145,836,168,525,431,76,453,378,70,Finisher,1418
Gabriel,Hernandez,Gabriel Hernandez,336,M30-34,Male,Irving,Texas,United States,US,0:49:59,2:49:09,1:58:50,0:07:25,0:05:43,5:51:07,2999,10149,7130,445,343,21067,454,379,67,1002,740,137,538,441,73,454,379,67,Finisher,1447
Tyler,Robinson ,Tyler Robinson,760,M25-29,Male,Denver,Colorado,United States,US,0:56:01,2:47:30,1:47:59,0:13:47,0:05:53,5:51:09,3361,10050,6479,827,353,21069,455,380,71,1226,889,181,746,601,111,455,380,71,Finisher,1415
Jan,Stein,Jan Stein,948,M30-34,Male,Lakewood,CO,United States,US,0:39:40,2:48:26,2:12:10,0:06:16,0:04:41,5:51:12,2380,10106,7930,376,281,21072,456,381,68,345,249,51,347,299,52,456,381,68,Finisher,1446
Ava,Svindland,Ava Svindland,128,F18-24,Female,Wilmington,US-DE,United States,US,0:43:40,2:57:32,2:01:08,0:05:17,0:03:36,5:51:13,2620,10652,7268,317,216,21073,457,76,15,608,156,30,537,97,17,457,76,15,Finisher,2312
Phil,Graves,Phil Graves,1713,M40-44,Male,Dallas,TX,United States,US,0:48:03,2:55:13,1:55:46,0:05:50,0:06:24,5:51:15,2883,10513,6946,350,384,21075,458,382,43,899,666,67,576,474,59,458,382,43,Finisher,1611
Trevor,Shaffer,Trevor Shaffer,1557,M35-39,Male,Phoenix,Arizona,United States,US,0:38:39,2:53:25,2:10:44,0:04:31,0:04:09,5:51:28,2319,10405,7844,271,249,21088,459,383,45,296,212,17,379,325,34,459,383,45,Finisher,1872
Bridget,Marvin,Bridget Marvin,813,F25-29,Female,Austin,TX,United States,US,0:39:49,3:14:16,1:49:29,0:03:53,0:04:02,5:51:29,2389,11656,6569,233,242,21089,460,77,16,355,98,27,758,149,28,460,77,16,Finisher,2413
Logan,Vaughn,Logan Vaughn,1349,M30-34,Male,Telluride ,Colorado ,United States,US,1:03:19,2:44:17,1:53:06,0:04:44,0:06:08,5:51:33,3799,9857,6786,284,368,21093,461,384,69,1341,973,177,646,527,92,461,384,69,Finisher,1439
David,Mcnamee,David Mcnamee,1047,M40-44,Male,STRASBURG,CO,United States,US,0:48:39,2:48:03,1:53:40,0:10:56,0:10:16,5:51:34,2919,10083,6820,656,616,21094,462,385,44,930,693,72,554,455,54,462,385,44,Finisher,1605
Laura,Strickland,Laura Strickland,1426,F45-49,Female,DENVER,CO,United States,US,0:41:32,2:53:25,2:04:20,0:05:09,0:07:10,5:51:36,2492,10405,7460,309,430,21096,463,78,3,454,121,5,425,66,2,463,78,3,Finisher,2699
Zach,Miller,Zach Miller,1637,M30-34,Male,COLUMBUS,OH,United States,US,0:44:07,2:52:25,2:05:59,0:05:38,0:03:37,5:51:47,2647,10345,7559,338,217,21107,464,386,70,637,477,86,466,385,63,464,386,70,Finisher,1435
Robert,Keller,Robert Keller,224,M40-44,Male,Colorado Spring,Colorado,United States,US,0:44:15,3:07:07,1:48:38,0:07:31,0:04:25,5:51:56,2655,11227,6518,451,265,21116,465,387,45,645,482,50,772,620,73,465,387,45,Finisher,1599
James,Bittle,James Bittle,708,M30-34,Male,Arvada,Colorado,United States,US,0:44:43,2:43:40,2:11:44,0:07:47,0:04:13,5:52:07,2683,9820,7904,467,253,21127,466,388,71,680,504,89,371,320,54,466,388,71,Finisher,1429
Reece,Thurston,Reece Thurston,824,F18-24,Female,Grand Rapids,MI,United States,US,0:36:08,2:52:52,2:15:21,0:04:03,0:03:51,5:52:15,2168,10372,8121,243,231,21135,467,79,16,181,53,11,329,43,6,467,79,16,Finisher,2293
Jo Anna,Van Valkenburgh,Jo Anna Van Valkenburgh,1002,F25-29,Female,Katy,Texas,United States,US,0:43:33,2:53:37,2:05:24,0:05:19,0:04:24,5:52:17,2613,10417,7524,319,264,21137,468,80,17,594,150,39,470,82,17,468,80,17,Finisher,2398
David,Ellis,David Ellis,217,M30-34,Male,DENVER,CO,United States,US,0:37:20,3:04:42,1:58:04,0:07:50,0:04:28,5:52:25,2240,11082,7084,470,268,21145,469,389,72,231,160,32,588,484,85,469,389,72,Finisher,1424
Jacob,Nadon,Jacob Nadon,561,M18-24,Male,Coeur d'Alene,ID,United States,US,0:39:21,2:50:09,2:14:39,0:04:58,0:03:19,5:52:26,2361,10209,8079,298,199,21146,470,390,63,331,239,40,350,302,49,470,390,63,Finisher,1567
Robert,Gaddis,Robert Gaddis,1015,M40-44,Male,Jupiter,FL,United States,US,0:46:59,2:48:37,2:07:12,0:06:23,0:03:24,5:52:35,2819,10117,7632,383,204,21155,471,391,46,835,620,57,461,383,46,471,391,46,Finisher,1587
Grey,Heilert,Grey Heilert,628,M18-24,Male,Fruita,Colorado,United States,US,0:39:55,2:58:58,2:07:36,0:03:52,0:02:16,5:52:38,2395,10738,7656,232,136,21158,472,392,64,360,261,42,476,392,65,472,392,64,Finisher,1563
Cort,Sommer,Cort Sommer,1655,M18-24,Male,BOULDER,Colorado,United States,US,0:29:52,2:51:34,2:22:54,0:04:36,0:03:45,5:52:40,1792,10294,8574,276,225,21160,473,393,65,26,21,4,227,201,30,473,393,65,Finisher,1562
Nicholas,Piccaro,Nicholas Piccaro,910,M25-29,Male,Durango,Colorado,United States,US,0:37:54,2:59:01,2:01:56,0:08:20,0:05:40,5:52:51,2274,10741,7316,500,340,21171,474,394,72,260,182,41,519,427,75,474,394,72,Finisher,1384
Bradley,Douglass,Bradley Douglass,259,M60-64,Male,Amarillo,TX,Armenia,AM,0:38:05,2:52:33,2:11:33,0:05:34,0:05:15,5:53:01,2285,10353,7893,334,315,21181,475,395,10,270,190,4,372,321,8,475,395,10,Finisher,2201
Aaron,Bennett,Aaron Bennett,1629,M18-24,Male,Laguna Beach,California,United States,US,0:43:30,3:09:13,1:49:05,0:06:15,0:05:12,5:53:15,2610,11353,6545,375,312,21195,476,396,66,591,443,75,776,624,100,476,396,66,Finisher,1552
Matthew,Wing,Matthew Wing,698,M25-29,Male,Denver,CO,United States,US,0:39:46,2:45:11,2:20:06,0:04:59,0:03:19,5:53:21,2386,9911,8406,299,199,21201,477,397,73,352,255,54,283,248,47,477,397,73,Finisher,1375
Jodie,Taylor,Jodie Taylor,1723,F55-59,Female,Highlands Ranch,CO,United States,US,0:44:51,2:49:13,2:10:39,0:04:51,0:03:48,5:53:23,2691,10153,7839,291,228,21203,478,81,6,687,179,10,405,60,7,478,81,6,Finisher,2563
Amy,Feltz,Amy Feltz,286,F25-29,Female,ELMHURST,IL,United States,US,0:35:17,2:46:21,2:25:34,0:03:07,0:03:04,5:53:24,2117,9981,8734,187,184,21204,479,82,18,140,39,13,210,23,4,479,82,18,Finisher,2378
Tayla,Martin,Tayla Martin,1718,M18-24,Female,Holyoke,CO,United States,US,0:33:29,3:07:45,1:59:36,0:05:36,0:07:00,5:53:26,2009,11265,7176,336,420,21206,480,398,67,89,66,15,545,447,72,480,398,67,Finisher,1549
Mark,Jeranko,Mark Jeranko,845,M35-39,Male,Westminster,CO,United States,US,0:43:43,2:39:16,2:18:52,0:06:47,0:04:50,5:53:28,2623,9556,8332,407,290,21208,481,399,46,613,456,47,280,245,22,481,399,46,Finisher,1836
Miranda,Morton,Miranda Morton,1711,F30-34,Female,Denver,CO,United States,US,0:32:33,3:07:09,2:05:29,0:04:09,0:04:14,5:53:33,1953,11229,7529,249,254,21213,482,83,23,72,18,8,490,88,24,482,83,23,Finisher,2042
Rheana,Gray,Rheana Gray,385,F25-29,Female,Boulder,COLORADO,United States,US,0:50:18,2:38:13,2:12:27,0:05:01,0:07:39,5:53:39,3018,9493,7947,301,459,21219,483,84,19,1019,266,61,336,47,8,483,84,19,Finisher,2374
Austin,Molyneux,Austin Molyneux,229,M30-34,Male,DENVER,Colorado,United States,US,0:30:29,3:02:10,2:09:06,0:06:29,0:05:41,5:53:56,1829,10930,7746,389,341,21236,484,400,73,35,29,6,408,348,59,484,400,73,Finisher,1397
Lisa,Miller,Lisa Miller,1727,F50-54,Female,Littleton,COLORADO,United States,US,0:47:58,2:45:56,2:09:13,0:06:41,0:04:10,5:53:58,2878,9956,7753,401,250,21238,485,85,3,892,231,8,432,69,4,485,85,3,Finisher,2809
Hunter,myers,Hunter myers,1062,M18-24,Male,Rapid city,SD,United States,US,0:57:53,3:00:26,1:47:47,0:05:05,0:02:47,5:53:59,3473,10826,6467,305,167,21239,486,401,68,1272,920,159,855,682,108,486,401,68,Finisher,1539
Jaxson,Lund,Jaxson Lund,880,M18-24,Male,Park Rapids,Minnesota,United States,US,0:40:26,2:59:01,2:05:52,0:05:39,0:03:04,5:54:01,2426,10741,7552,339,184,21241,487,402,69,392,287,47,516,424,68,487,402,69,Finisher,1538
Matthew,Mcnulla,Matthew Mcnulla,297,M25-29,Male,Hoboken,NJ,United States,US,0:31:38,2:47:27,2:19:03,0:09:56,0:06:11,5:54:15,1898,10047,8343,596,371,21255,488,403,74,54,43,10,273,238,46,488,403,74,Finisher,1359
Grace,Conner,Grace Conner,773,F25-29,Female,Denver,Colorado,United States,US,0:45:05,2:58:26,1:57:53,0:07:13,0:05:44,5:54:20,2705,10706,7073,433,344,21260,489,86,20,702,181,45,607,110,22,489,86,20,Finisher,2361
Hunter,Boyer,Hunter Boyer,563,M30-34,Male,Lafayette,LA,United States,US,0:40:05,2:52:00,2:12:17,0:06:03,0:03:56,5:54:21,2405,10320,7937,363,236,21261,490,404,74,371,271,56,393,338,57,490,404,74,Finisher,1389
Luke,Lonergan ,Luke Lonergan,901,M18-24,Male,Salt Lake City,Utah,United States,US,0:40:57,2:57:43,2:05:38,0:05:51,0:04:15,5:54:23,2457,10663,7538,351,255,21263,491,405,70,418,307,50,506,414,66,491,405,70,Finisher,1532
Quinlan,Maumau,Quinlan Maumau,1423,M18-24,Male,South Jordan,UT,Tonga,TO,0:44:33,2:49:55,2:10:28,0:05:28,0:04:00,5:54:23,2673,10195,7828,328,240,21263,492,406,71,661,493,88,421,358,60,492,406,71,Finisher,1532
Owen,Keaser,Owen Keaser,1018,M25-29,Male,Carbondale ,CO,United States,US,0:52:55,2:52:36,1:56:44,0:07:38,0:04:37,5:54:31,3175,10356,7004,458,277,21271,493,407,75,1143,834,167,663,540,94,493,407,75,Finisher,1354
knox ,kramer,knox kramer,232,M18-24,Male,longmont,co,United States,US,0:40:56,2:45:40,2:17:25,0:06:00,0:04:49,5:54:50,2456,9940,8245,360,289,21290,494,408,72,416,305,49,320,280,43,494,408,72,Finisher,1523
Katherine,Pardy,Katherine Pardy,1288,F18-24,Female,Aurora,CO,United States,US,0:30:41,3:06:57,2:08:30,0:04:25,0:04:25,5:54:58,1841,11217,7710,265,265,21298,495,87,17,38,8,1,462,79,12,495,87,17,Finisher,2244
Tom,Bruno,Tom Bruno,1260,M55-59,Male,TETON VILLAGE,WY,United States,US,0:39:51,2:55:37,2:03:43,0:07:51,0:07:57,5:54:58,2391,10537,7423,471,477,21298,496,409,19,358,260,14,482,397,26,496,409,19,Finisher,2141
Enoch,Young,Enoch Young,166,M18-24,Male,Blackfoot,Idaho,United States,US,0:48:30,2:46:20,2:11:19,0:04:15,0:04:47,5:55:10,2910,9980,7879,255,287,21310,497,410,73,924,688,120,406,346,58,497,410,73,Finisher,1517
Caroline,Cooney,Caroline Cooney,1433,F30-34,Female,Denver,Colorado,United States,US,0:38:49,3:21:49,1:43:46,0:06:18,0:04:38,5:55:19,2329,12109,6226,378,278,21319,498,88,24,307,86,23,920,193,47,498,88,24,Finisher,2010
William,Fudale,William Fudale,134,M30-34,Male,Arvada,Colorado,United States,US,1:09:46,2:30:13,2:03:05,0:06:51,0:05:25,5:55:19,4186,9013,7385,411,325,21319,499,411,75,1395,1008,181,544,446,75,499,411,75,Finisher,1372
Jason,Sayre,Jason Sayre,361,M25-29,Male,Fort Collins,Colorado,United States,US,0:54:15,2:55:59,1:42:45,0:16:25,0:05:56,5:55:20,3255,10559,6165,985,356,21320,500,412,76,1182,859,172,914,725,140,500,412,76,Finisher,1339
Jason,Andersen,Jason Andersen,619,M40-44,Male,Albuquerque,US-NM,United States,US,0:38:06,3:04:00,2:02:18,0:05:35,0:05:30,5:55:29,2286,11040,7338,335,330,21329,501,413,47,271,191,20,556,456,55,501,413,47,Finisher,1535
Isaac,Ponder,Isaac Ponder,253,M18-24,Male,College Station,Texas,United States,US,0:43:21,3:02:47,1:59:44,0:05:26,0:04:16,5:55:34,2601,10967,7184,326,256,21334,502,414,74,582,434,71,629,513,82,502,414,74,Finisher,1510
Carly,Reid,Carly Reid,422,F30-34,Female,Boulder,Colorado,United States,US,0:27:36,2:44:21,2:37:57,0:02:56,0:02:56,5:55:47,1656,9861,9477,176,176,21347,503,89,25,4,1,1,127,10,4,503,89,25,Finisher,2001
Alejandro,Marin,Alejandro Marin,1438,M25-29,Male,Colorado Springs,CO,United States,US,0:50:02,3:05:24,1:50:26,0:06:10,0:03:50,5:55:52,3002,11124,6626,370,230,21352,504,415,77,1006,744,152,824,660,129,504,415,77,Finisher,1330
Jace,Aloway,Jace Aloway,483,M30-34,Male,Montgomery,TX,United States,US,0:35:48,2:58:18,2:13:21,0:05:01,0:03:27,5:55:56,2148,10698,8001,301,207,21356,505,416,76,165,117,24,407,347,58,505,416,76,Finisher,1361
Michael ,Schaezlein ,Michael Schaezlein,1657,M18-24,Male,San Francisco,California,United States,US,0:41:47,3:01:12,2:00:56,0:08:40,0:03:46,5:56:20,2507,10872,7256,520,226,21380,506,417,75,469,344,58,633,517,83,506,417,75,Finisher,1496
Stacey,McConkey,Stacey McConkey,105,F40-44,Female,DENVER,CO,United States,US,0:46:02,2:59:38,2:04:37,0:03:23,0:02:47,5:56:27,2762,10778,7477,203,167,21387,507,90,6,764,195,12,575,102,11,507,90,6,Finisher,2168
Ryan,Delis,Ryan Delis,1421,M25-29,Male,Morrison,Colorado,United States,US,0:43:01,3:05:49,1:58:46,0:06:08,0:02:55,5:56:38,2581,11149,7126,368,175,21398,508,418,78,553,412,87,702,569,104,508,418,78,Finisher,1316
Kianu,Kitching,Kianu Kitching,798,M30-34,Male,London,England,France,FR,0:29:57,2:53:09,2:24:34,0:04:55,0:04:05,5:56:39,1797,10389,8674,295,245,21399,509,419,77,29,24,5,256,225,36,509,419,77,Finisher,1348
Jordan,Vater,Jordan Vater,1473,M35-39,Male,Fort Collins,CO,United States,US,0:48:14,3:00:11,1:56:42,0:07:40,0:03:54,5:56:42,2894,10811,7002,460,234,21402,510,420,47,912,679,73,719,580,67,510,420,47,Finisher,1778
William,Lederer,William Lederer,1333,M25-29,Male,Longmont,Colorado,United States,US,0:48:13,2:53:22,1:59:15,0:08:36,0:07:21,5:56:48,2893,10402,7155,516,441,21408,511,421,79,911,678,133,594,489,82,511,421,79,Finisher,1313
Takis,Makridis,Takis Makridis,47,M45-49,Male,SCOTTSDALE,AZ,United States,US,0:44:24,2:48:55,2:05:41,0:09:15,0:08:37,5:56:52,2664,10135,7541,555,517,21412,512,422,38,651,486,41,473,391,40,512,422,38,Finisher,1655
Adam,Vela,Adam Vela,262,M40-44,Male,Corpus Christi,TX,United States,US,0:39:14,2:57:26,2:09:43,0:05:18,0:05:13,5:56:54,2354,10646,7783,318,313,21414,513,423,48,323,232,23,459,381,44,513,423,48,Finisher,1509
Peyton,Mower,Peyton Mower,697,M25-29,Male,Highland,UT,United States,US,1:00:28,2:47:42,1:59:50,0:04:59,0:03:57,5:56:57,3628,10062,7190,299,237,21417,514,424,80,1312,952,200,662,539,93,514,424,80,Finisher,1310
Morgan,Scarsbrook ,Morgan Scarsbrook,765,F18-24,Female,Monument,Colorado,United States,US,0:44:55,3:02:36,2:00:13,0:05:07,0:04:06,5:56:58,2695,10956,7213,307,246,21418,515,91,18,691,180,34,653,122,22,515,91,18,Finisher,2208
Daniel,Rankin,Daniel Rankin,448,M30-34,Male,Denver,COLORADO,United States,US,0:39:55,3:02:25,2:04:04,0:05:31,0:05:12,5:57:08,2395,10945,7444,331,312,21428,516,425,78,362,263,53,559,459,78,516,425,78,Finisher,1339
Logan,Byers,Logan Byers,1360,M18-24,Male,Castle Rock,Colorado,United States,US,0:43:21,2:58:24,2:02:13,0:07:49,0:05:21,5:57:08,2601,10704,7333,469,321,21428,517,426,76,583,435,72,584,481,78,517,426,76,Finisher,1482
Tyler,Cordes,Tyler Cordes,1566,M18-24,Male,HGHLNDS RANCH,CO,United States,US,0:45:56,3:06:31,1:51:37,0:08:19,0:04:44,5:57:08,2756,11191,6697,499,284,21428,518,427,77,756,562,99,807,649,104,518,427,77,Finisher,1482
Kent,Finley,Kent Finley,1091,M40-44,Male,Wichita,Kansas,United States,US,0:39:16,3:00:26,2:09:30,0:04:54,0:03:02,5:57:08,2356,10826,7770,294,182,21428,519,428,49,326,235,24,508,416,49,519,428,49,Finisher,1505
Justin,Hubbard,Justin Hubbard,1213,M30-34,Male,Queen Creek,Arizona,United States,US,0:47:35,2:29:36,2:28:11,0:06:26,0:05:21,5:57:09,2855,8976,8891,386,321,21429,520,429,79,867,641,119,199,177,30,520,429,79,Finisher,1339
Cheryl,Kohn,Cheryl Kohn,1319,F55-59,Female,Avon,CO,United States,US,0:35:27,2:53:43,2:20:41,0:03:49,0:03:40,5:57:20,2127,10423,8441,229,220,21440,521,92,7,145,41,1,328,42,6,521,92,7,Finisher,2492
Lori,Klarquist,Lori Klarquist,838,F40-44,Female,Englewood,Colorado,United States,US,0:38:41,3:00:36,2:09:41,0:03:56,0:04:38,5:57:31,2321,10836,7781,236,278,21451,522,93,7,298,85,4,480,85,7,522,93,7,Finisher,2148
Dominic,DePizzol,Dominic DePizzol,810,M25-29,Male,Littleton,Colorado,United States,US,0:40:43,2:59:46,2:07:01,0:05:23,0:04:47,5:57:39,2443,10786,7621,323,287,21459,523,430,81,407,299,59,530,435,78,523,430,81,Finisher,1298
Raul,Gutierrez,Raul Gutierrez,309,M40-44,Male,Springville,UT,Guatemala,GT,0:53:17,2:39:36,2:15:09,0:05:46,0:03:56,5:57:43,3197,9576,8109,346,236,21463,524,431,50,1154,840,89,400,341,39,524,431,50,Finisher,1495
Roger,Mulholland,Roger Mulholland,1541,M40-44,Male,Saratoga Springs,Utah,United States,US,0:47:06,3:00:07,1:59:46,0:06:49,0:04:15,5:58:03,2826,10807,7186,409,255,21483,525,432,51,844,626,58,685,558,65,525,432,51,Finisher,1489
Garrett,Marsilio,Garrett Marsilio,1502,M35-39,Male,DENVER,CO,United States,US,0:47:07,2:45:10,2:17:00,0:05:32,0:03:18,5:58:07,2827,9910,8220,332,198,21487,526,433,48,846,627,65,389,334,37,526,433,48,Finisher,1752
Evan,Jacobs,Evan Jacobs,181,M25-29,Male,Denver,CO,United States,US,0:43:03,3:25:52,1:41:26,0:04:02,0:04:00,5:58:23,2583,12352,6086,242,240,21503,527,434,82,557,415,89,1006,786,158,527,434,82,Finisher,1284
Christopher,Burkholder,Christopher Burkholder,1221,M45-49,Male,Fort Collins,Colorado,United States,US,0:42:35,3:13:02,1:48:45,0:08:46,0:05:23,5:58:30,2555,11582,6525,526,323,21510,528,435,39,520,386,32,872,691,57,528,435,39,Finisher,1625
Curtis,Mayberry,Curtis Mayberry,1721,M25-29,Male,Pleasant Grove,UT,United States,US,0:44:07,3:00:35,2:03:48,0:06:20,0:03:44,5:58:35,2647,10835,7428,380,224,21515,529,436,83,636,476,96,620,505,85,529,436,83,Finisher,1281
Alex,Mills,Alex Mills,808,M25-29,Male,Newberg,Oregon,United States,US,0:49:18,3:23:55,1:28:58,0:09:19,0:07:07,5:58:38,2958,12235,5338,559,427,21518,530,437,84,962,715,144,1132,870,175,530,437,84,Finisher,1280
Seth,Gordon,Seth Gordon,1575,M45-49,Male,Golden,Colorado,United States,US,0:41:51,2:48:30,2:21:01,0:04:29,0:02:55,5:58:46,2511,10110,8461,269,175,21526,531,438,40,475,348,29,356,307,34,531,438,40,Finisher,1620
Giles,Crelly-Byers,Giles Crelly-Byers,1227,M35-39,Male,New York,NY,United States,US,0:52:28,2:57:24,1:56:42,0:06:28,0:05:57,5:58:59,3148,10644,7002,388,357,21539,532,439,49,1122,824,88,722,582,68,532,439,49,Finisher,1737
Jon,Brown,Jon Brown,1036,M70-74,Male,albuquerque,NM,United States,US,0:38:43,2:57:58,2:11:44,0:04:33,0:06:11,5:59:07,2323,10678,7904,273,371,21547,533,440,1,302,217,2,446,373,2,533,440,1,Finisher,3500
Matthew,Lemond,Matthew Lemond,882,M40-44,Male,Mobile,AL,United States,US,0:52:00,2:52:57,2:07:30,0:04:24,0:02:34,5:59:25,3120,10377,7650,264,154,21565,534,441,52,1097,809,85,579,477,60,534,441,52,Finisher,1464
Orla,Bannan,Orla Bannan,94,F50-54,Female,Boulder,CO,United States,US,0:40:21,2:55:45,2:16:02,0:04:06,0:03:29,5:59:42,2421,10545,8162,246,209,21582,535,94,4,387,105,2,428,67,3,535,94,4,Finisher,2706
Jason,Venegas,Jason Venegas,390,M40-44,Male,TIMNATH,CO,United States,US,0:41:21,2:57:52,2:07:39,0:06:52,0:06:02,5:59:46,2481,10672,7659,412,362,21586,536,442,53,446,328,35,531,436,52,536,442,53,Finisher,1458
Tom,Foster,Tom Foster,1204,M55-59,Male,Centennial,CO,United States,US,0:39:38,3:00:23,2:12:18,0:03:24,0:04:06,5:59:49,2378,10823,7938,204,246,21589,537,443,20,343,248,13,484,399,27,537,443,20,Finisher,2054
Mikaela,Love,Mikaela Love,1321,F25-29,Female,COLORADO SPGS,CO,United States,US,0:41:18,3:06:03,2:06:14,0:03:40,0:02:45,6:00:00,2478,11163,7574,220,165,21600,538,95,21,441,116,32,618,114,24,538,95,21,Finisher,2259
Sebastian ,Pineda ,Sebastian Pineda,1702,M18-24,Male,Denver,Colorado,United States,US,0:37:33,3:04:49,2:08:26,0:05:25,0:03:50,6:00:04,2253,11089,7706,325,230,21604,539,444,78,240,168,32,558,458,74,539,444,78,Finisher,1429
Zach,Larsen,Zach Larsen,1076,M18-24,Male,Eagle Mountain,Utah,United States,US,0:48:08,3:11:35,1:50:52,0:05:39,0:03:50,6:00:04,2888,11495,6652,339,230,21604,540,445,79,909,676,116,890,708,114,540,445,79,Finisher,1429
Rebecca,Murphy,Rebecca Murphy,512,F25-29,Female,Cottonwood Heights,Utah,United States,US,0:35:33,3:11:00,2:05:43,0:04:09,0:03:40,6:00:05,2133,11460,7543,249,220,21605,541,96,22,150,43,15,606,109,21,541,96,22,Finisher,2258
Jacob,Connors,Jacob Connors,755,M35-39,Male,Kihei,HI,United States,US,0:59:10,2:46:46,2:05:10,0:05:19,0:03:47,6:00:12,3550,10006,7510,319,227,21612,542,446,50,1297,941,106,622,507,63,542,446,50,Finisher,1715
Trevon,Del Ferraro,Trevon Del Ferraro,1131,M18-24,Male,Las Cruces,New Mexico,United States,US,0:38:52,2:53:08,2:18:43,0:05:21,0:04:16,6:00:20,2332,10388,8323,321,256,21620,543,447,80,312,224,38,384,330,55,543,447,80,Finisher,1424
Jonathon,Watson,Jonathon Watson,279,M35-39,Male,Denver,Colorado,United States,US,0:37:56,2:53:38,2:19:00,0:06:00,0:03:56,6:00:30,2276,10418,8340,360,236,21630,544,448,51,262,183,14,386,332,36,544,448,51,Finisher,1709
Dalton,Clark,Dalton Clark,1291,M25-29,Male,Windsor,Colorado,United States,US,0:44:57,3:02:38,2:03:35,0:06:05,0:03:22,6:00:36,2697,10958,7415,365,202,21636,545,449,85,694,514,107,679,554,100,545,449,85,Finisher,1244
Corey,Matthaei,Corey Matthaei,1152,M40-44,Male,Overland Park,KS,United States,US,0:39:57,2:57:48,2:03:57,0:10:55,0:08:05,6:00:43,2397,10668,7437,655,485,21643,546,450,54,365,265,29,570,469,58,546,450,54,Finisher,1441
Greg,Snellings,Greg Snellings,638,M55-59,Male,Vail,COLORADO,United States,US,0:40:28,2:47:03,2:22:50,0:05:08,0:05:14,6:00:43,2428,10023,8570,308,314,21643,547,451,21,393,288,18,321,281,15,547,451,21,Finisher,2038
Kate,Osborn,Kate Osborn,146,F35-39,Female,Denver,CO,United States,US,0:37:56,3:13:32,2:00:32,0:05:13,0:03:36,6:00:49,2276,11612,7232,313,216,21649,548,97,10,261,79,8,732,143,15,548,97,10,Finisher,1877
Robert,Van Dusen,Robert Van Dusen,1237,M35-39,Male,REDWOOD CITY,CA,United States,US,0:45:37,2:58:29,2:06:16,0:05:51,0:04:36,6:00:49,2737,10709,7576,351,276,21649,549,452,52,740,550,55,590,486,57,549,452,52,Finisher,1704
Neel,Gupta,Neel Gupta,1014,M30-34,Male,Arvada,CO,United States,US,0:45:35,3:02:48,2:04:57,0:05:08,0:02:35,6:01:04,2735,10968,7497,308,155,21664,550,453,80,736,546,98,674,549,98,550,453,80,Finisher,1268
Aaron,Cable,Aaron Cable,135,M30-34,Male,arvada,colorado,United States,US,0:47:11,2:55:22,2:10:05,0:04:48,0:03:40,6:01:06,2831,10522,7805,288,220,21666,551,454,81,850,630,116,549,450,76,551,454,81,Finisher,1268
Melissa,Hollenbaugh,Melissa Hollenbaugh,169,F40-44,Female,Brighton,CO,United States,US,0:47:26,2:49:42,2:12:59,0:05:01,0:06:03,6:01:12,2846,10182,7979,301,363,21672,552,98,8,863,226,17,465,81,6,552,98,8,Finisher,2082
Johnny,Fino,Johnny Fino,1607,M18-24,Male,Denver,CO,United States,US,0:54:43,2:51:45,2:05:15,0:05:42,0:03:48,6:01:14,3283,10305,7515,342,228,21674,553,455,81,1198,869,153,641,524,86,553,455,81,Finisher,1408
Keelyn,Dooley,Keelyn Dooley,1096,F30-34,Female,Sonora,California,United States,US,0:46:03,2:59:29,2:05:29,0:05:18,0:05:00,6:01:18,2763,10769,7529,318,300,21678,554,99,26,767,196,52,612,112,28,554,99,26,Finisher,1902
Meg,Reinstra,Meg Reinstra,1676,F25-29,Female,San Francisco,California,United States,US,0:32:34,3:32:12,1:43:27,0:06:29,0:06:37,6:01:19,1954,12732,6207,389,397,21679,555,100,23,73,19,4,985,213,36,555,100,23,Finisher,2236
Tyler,Maxey,Tyler Maxey,1649,M40-44,Male,CHEYENNE,WY,United States,US,0:50:39,2:46:28,2:16:35,0:04:52,0:02:52,6:01:26,3039,9988,8195,292,172,21686,556,456,55,1041,769,81,460,382,45,556,456,55,Finisher,1428
Aidan,Wogan,Aidan Wogan,249,M25-29,Male,Sacramento,California,United States,US,0:44:01,3:06:27,1:59:41,0:07:54,0:03:27,6:01:29,2641,11187,7181,474,207,21689,557,457,86,627,468,94,764,614,115,557,457,86,Finisher,1229
Braden,Bosco,Braden Bosco,131,M18-24,Male,CASPER,Wyoming,United States,US,0:45:24,2:57:46,2:10:40,0:04:14,0:03:52,6:01:55,2724,10666,7840,254,232,21715,558,458,82,724,539,95,550,451,73,558,458,82,Finisher,1396
Kellen,Blackman,Kellen Blackman,1180,M35-39,Male,Colorado Springs,Colorado,United States,US,0:48:46,2:55:18,2:08:33,0:05:51,0:03:40,6:02:09,2926,10518,7713,351,220,21729,559,459,53,936,697,76,589,485,56,559,459,53,Finisher,1680
Riley,Keeler,Riley Keeler,704,M18-24,Male,Loveland,Colorado,United States,US,0:41:38,3:03:01,2:03:40,0:07:12,0:06:38,6:02:09,2498,10981,7420,432,398,21729,560,460,83,462,340,56,634,518,84,560,460,83,Finisher,1392
Morgan,George,Morgan George,951,F18-24,Female,Denver,Colorado,United States,US,0:37:17,3:11:17,1:59:59,0:08:35,0:05:35,6:02:42,2237,11477,7199,515,335,21762,561,101,19,229,70,15,742,145,30,561,101,19,Finisher,2105
Rachel,Weber,Rachel Weber,171,F40-44,Female,Arvada,CO,United States,US,0:40:42,3:02:02,2:05:24,0:08:19,0:06:16,6:02:43,2442,10922,7524,499,376,21763,562,102,9,406,108,6,619,115,12,562,102,9,Finisher,2055
Audrey,Thiel,Audrey Thiel,1583,F18-24,Female,Centennial,Colorado,United States,US,0:36:53,3:12:41,2:02:37,0:05:52,0:04:47,6:02:50,2213,11561,7357,352,287,21770,563,103,20,205,62,14,706,137,27,563,103,20,Finisher,2102
Kyle,Proctor,Kyle Proctor,1095,M30-34,Male,Sonora,CA,United States,US,0:38:04,3:04:16,2:08:43,0:06:01,0:05:52,6:02:57,2284,11056,7723,361,352,21777,564,461,82,269,189,38,567,466,79,564,461,82,Finisher,1234
William,Ott,William Ott,753,M40-44,Male,Denver,CO,United States,US,0:48:35,3:04:20,2:00:16,0:06:19,0:03:29,6:02:59,2915,11060,7216,379,209,21779,565,462,56,926,690,70,783,630,74,565,462,56,Finisher,1400
Miroslaw,Podolak,Miroslaw Podolak,709,M45-49,Male,WIELICZKA,małopolskie,Poland,PL,0:43:21,2:55:18,2:15:34,0:05:16,0:03:37,6:03:05,2601,10518,8134,316,217,21785,566,463,41,581,433,36,491,403,41,566,463,41,Finisher,1543
Ethan,Ettema,Ethan Ettema,936,M30-34,Male,Denver,Colorado,United States,US,0:40:03,2:49:34,2:19:12,0:07:48,0:06:53,6:03:29,2403,10174,8352,468,413,21809,567,464,83,370,270,55,385,331,55,567,464,83,Finisher,1225
Thomas,Kellogg,Thomas Kellogg,890,M30-34,Male,Denver,Colorado,United States,US,0:40:29,3:00:16,2:05:02,0:09:34,0:08:10,6:03:31,2429,10816,7502,574,490,21811,568,465,84,395,290,58,597,492,86,568,465,84,Finisher,1224
Katherine,Tovar,Katherine Tovar,104,F35-39,Female,MIAMI,FL,Venezuela,VE,0:44:36,3:10:40,2:01:05,0:04:16,0:02:58,6:03:36,2676,11440,7265,256,178,21816,569,104,11,666,171,19,788,154,16,569,104,11,Finisher,1826
Robin,Bresser,Robin Bresser,1455,M60-64,Male,Houston,TX,Germany,DE,0:45:42,2:49:22,2:17:22,0:06:45,0:04:30,6:03:41,2742,10162,8242,405,270,21821,570,466,11,745,553,11,458,380,11,570,466,11,Finisher,2009
Picou,Spankie ,Picou Spankie,384,F18-24,Female,Jackson,Wyoming,United States,US,0:41:28,3:08:30,2:08:24,0:03:13,0:02:08,6:03:43,2488,11310,7704,193,128,21823,571,105,21,451,119,24,665,124,23,571,105,21,Finisher,2087
Kathleen,Coughlin,Kathleen Coughlin,1100,F25-29,Female,Wheat Ridge ,CO,United States,US,0:33:30,2:49:56,2:33:07,0:04:26,0:02:46,6:03:46,2010,10196,9187,266,166,21826,572,106,24,90,24,7,255,31,5,572,106,24,Finisher,2192
Billy,Paluch,Billy Paluch,199,M35-39,Male,Glendale,CO,United States,US,0:50:48,3:00:24,1:54:17,0:10:19,0:08:07,6:03:55,3048,10824,6857,619,487,21835,573,467,54,1050,776,81,822,658,76,573,467,54,Finisher,1648
Jake,Anderson,Jake Anderson,1645,M25-29,Male,Denver,CO,United States,US,0:42:17,2:59:43,2:04:55,0:10:21,0:06:44,6:04:00,2537,10783,7495,621,404,21840,574,468,87,495,366,76,647,528,91,574,468,87,Finisher,1183
Deborah,Gertner,Deborah Gertner,1717,F40-44,Female,Longmont,CO,United States,US,0:50:12,2:52:24,2:13:22,0:05:04,0:03:02,6:04:03,3012,10344,8002,304,182,21843,575,107,10,1013,265,21,555,100,10,575,107,10,Finisher,2031
Karl,Szyszkoski,Karl Szyszkoski,190,M30-34,Male,Elizabeth,Colorado,United States,US,0:43:15,3:04:13,2:06:47,0:05:10,0:04:42,6:04:06,2595,11053,7607,310,282,21846,576,469,85,571,427,76,654,532,93,576,469,85,Finisher,1214
Michelle,Kauffman,Michelle Kauffman,1358,F30-34,Female,Denver,COLORADO,United States,US,0:37:14,2:46:06,2:33:59,0:04:01,0:02:52,6:04:12,2234,9966,9239,241,172,21852,577,108,27,225,69,18,243,30,10,577,108,27,Finisher,1850
Danielle,Walker,Danielle Walker,748,F30-34,Female,Denver,CO,United States,US,0:49:21,2:59:59,2:04:48,0:05:55,0:04:11,6:04:14,2961,10799,7488,355,251,21854,578,109,28,967,249,65,703,134,32,578,109,28,Finisher,1849
Kathryn,Murtagh,Kathryn Murtagh,1120,F45-49,,New York,NY,United Kingdom,GB,0:39:54,2:57:38,2:19:03,0:04:02,0:03:41,6:04:18,2394,10658,8343,242,221,21858,579,110,4,359,99,4,453,77,3,579,110,4,Finisher,2471
Scott,Cowger,Scott Cowger,142,M35-39,Male,Commerce City,Colorado,United States,US,0:44:30,2:54:00,2:17:32,0:05:24,0:02:54,6:04:20,2670,10440,8252,324,174,21860,580,470,55,659,491,49,492,404,45,580,470,55,Finisher,1640
Abigail,Fostveit,Abigail Fostveit,1327,F18-24,Female,Detroit Lakes,Minnesota,United States,US,0:48:56,2:51:00,2:13:47,0:05:27,0:05:19,6:04:29,2936,10260,8027,327,319,21869,581,111,22,942,244,44,521,93,16,581,111,22,Finisher,2073
Joshua,Cox,Joshua Cox,1663,M18-24,Male,SAN DIEGO,CA,United States,US,0:47:19,3:03:05,2:05:00,0:05:05,0:04:01,6:04:29,2839,10985,7500,305,241,21869,582,471,84,856,635,110,708,571,94,582,471,84,Finisher,1350
Yuto,Onikubo,Yuto Onikubo,1501,M18-24,Male,San Diego,CA,United States,US,0:46:00,3:09:22,1:52:07,0:10:17,0:06:45,6:04:31,2760,11362,6727,617,405,21871,583,472,85,761,567,101,898,714,116,583,472,85,Finisher,1349
Daniel,Lavy,Daniel Lavy,1000,M25-29,Male,HUNTLEY,MT,United States,US,0:42:24,2:40:36,2:29:50,0:05:26,0:06:18,6:04:33,2544,9636,8990,326,378,21873,584,473,88,508,375,79,262,227,41,584,473,88,Finisher,1173
Curtis,Anderson,Curtis Anderson,107,M60-64,Male,Hurricane,UT,United States,US,0:58:15,2:55:06,2:01:13,0:06:29,0:03:43,6:04:45,3495,10506,7273,389,223,21885,585,474,12,1282,929,22,794,638,15,585,474,12,Finisher,1990
Ben,Stubbings,Ben Stubbings,499,M40-44,Male,Longmont,CO,Australia,AU,0:38:25,2:53:10,2:22:55,0:06:32,0:03:53,6:04:54,2305,10390,8575,392,233,21894,586,475,57,285,202,21,392,337,38,586,475,57,Finisher,1365
Diego,Vidal,Diego Vidal,1149,M40-44,Male,Key Biscayne,Florida,Argentina,AR,0:50:05,2:43:17,2:21:34,0:06:04,0:03:56,6:04:55,3005,9797,8494,364,236,21895,587,476,58,1007,745,77,412,351,40,587,476,58,Finisher,1365
Pavel,Hamill,Pavel Hamill,1154,M18-24,Male,Boulder,Colorado,United States,US,0:51:16,2:58:29,2:01:34,0:08:51,0:04:50,6:05:00,3076,10709,7294,531,290,21900,588,477,86,1069,788,139,768,617,99,588,477,86,Finisher,1340
Jasen,Santiago,Jasen Santiago,426,M45-49,Male,SAN TAN VLY,AZ,United States,US,0:43:58,3:03:40,2:06:49,0:05:48,0:04:47,6:05:01,2638,11020,7609,348,287,21901,589,478,42,621,463,40,672,547,48,589,478,42,Finisher,1508
Isaac,Schultz,Isaac Schultz,1286,M25-29,Male,La Jolla,CA,United States,US,0:44:04,3:04:52,2:05:43,0:05:43,0:04:45,6:05:07,2644,11092,7543,343,285,21907,590,479,89,632,473,95,696,566,103,590,479,89,Finisher,1163
Megan,Reilly,Megan Reilly,774,F30-34,Female,DENVER,CO,United States,US,0:51:34,2:44:05,2:18:22,0:05:41,0:05:27,6:05:09,3094,9845,8302,341,327,21909,591,112,29,1084,284,71,447,74,20,591,112,29,Finisher,1833
Hollie,Maccabee,Hollie Maccabee,1373,F25-29,Female,Nashville,TN,United States,US,0:43:06,3:08:36,2:05:53,0:04:32,0:03:02,6:05:09,2586,11316,7553,272,182,21909,592,113,25,559,143,38,721,140,27,592,113,25,Finisher,2167
Melissa,Baker,Melissa Baker,267,F40-44,Female,FORT WORTH,TX,United States,US,0:50:11,2:50:48,2:12:55,0:05:59,0:05:20,6:05:14,3011,10248,7975,359,320,21914,593,114,11,1011,263,20,546,99,9,593,114,11,Finisher,2009
Matthew,Roller,Matthew Roller,874,M25-29,Male,Dexter,Michigan,United States,US,0:43:00,3:00:45,2:02:12,0:09:40,0:09:46,6:05:23,2580,10845,7332,580,586,21923,594,480,90,551,410,86,673,548,98,594,480,90,Finisher,1158
Caroline,Kirby,Caroline Kirby,1370,F35-39,Female,Denver,Colorado,United States,US,0:41:49,3:14:24,1:54:59,0:06:22,0:07:52,6:05:27,2509,11664,6899,382,472,21927,595,115,12,471,126,13,838,171,17,595,115,12,Finisher,1793
Jaden,Wood,Jaden Wood,275,M18-24,Male,Santaquin,Utah,United States,US,0:40:09,2:48:08,2:27:21,0:04:59,0:04:53,6:05:29,2409,10088,8841,299,293,21929,596,481,87,373,273,44,332,288,46,596,481,87,Finisher,1332
Alexis,Cutler,Alexis Cutler,763,F25-29,Female,Denver,CO,United States,US,0:35:59,3:11:59,2:08:25,0:05:27,0:03:41,6:05:31,2159,11519,7705,327,221,21931,597,116,26,173,51,18,670,125,26,597,116,26,Finisher,2160
Sophia,Katz,Sophia Katz,1482,F18-24,Female,Salt Lake City,Utah,United States,US,0:40:39,3:14:32,2:00:29,0:06:10,0:03:49,6:05:39,2439,11672,7229,370,229,21939,598,117,23,404,107,22,818,163,33,598,117,23,Finisher,2052
Andrew,Wimberg,Andrew Wimberg,1610,M30-34,Male,Westminster,Colorado,United States,US,0:47:48,2:56:52,2:11:05,0:06:08,0:03:56,6:05:50,2868,10612,7865,368,236,21950,599,482,86,882,655,122,610,499,89,599,482,86,Finisher,1182
Emily,Abernethy,Emily Abernethy,1384,F35-39,Female,Denver,Colorado,United States,US,0:43:59,3:16:48,1:55:54,0:05:15,0:04:01,6:05:58,2639,11808,6954,315,241,21958,600,118,13,623,159,18,904,187,19,600,118,13,Finisher,1784
Edmon,Huang,Edmon Huang,1158,M18-24,Male,Casper,WY,United States,US,1:04:40,3:04:58,1:37:33,0:13:56,0:04:56,6:06:03,3880,11098,5853,836,296,21963,601,483,88,1350,981,167,1144,876,147,601,483,88,Finisher,1322
Duncan,McHale,Duncan McHale,883,M35-39,Male,Denver,Colorado,United States,US,0:38:28,3:00:12,2:13:48,0:07:28,0:06:10,6:06:06,2308,10812,8028,448,370,21966,602,484,56,286,203,15,532,437,50,602,484,56,Finisher,1609
Tom,Jackson,Tom Jackson,439,M25-29,Male,Denver,Colorado,United States,US,0:44:59,3:13:02,1:56:24,0:06:18,0:05:34,6:06:17,2699,11582,6984,378,334,21977,603,485,91,695,515,108,871,690,137,603,485,91,Finisher,1142
Nicholas,Nelson,Nicholas Nelson,1254,M30-34,Male,Highlands Ranch,CO,United States,US,0:34:58,3:16:45,2:06:26,0:05:21,0:02:51,6:06:21,2098,11805,7586,321,171,21981,604,486,87,130,95,20,738,594,106,604,486,87,Finisher,1173
Eric,Vuolo,Eric Vuolo,1246,M18-24,Male,Parker,Colorado,United States,US,0:40:14,3:13:48,2:04:07,0:05:27,0:02:46,6:06:22,2414,11628,7447,327,166,21982,605,487,89,380,278,46,787,634,101,605,487,89,Finisher,1316
Sam,Cole,Sam Cole,1420,M30-34,Male,Fort Collins ,CO,United States,US,0:44:41,3:04:58,1:55:06,0:10:06,0:11:39,6:06:30,2681,11098,6906,606,699,21990,606,488,88,675,500,88,793,637,114,606,488,88,Finisher,1170
David,Schlichter,David Schlichter,27,M40-44,Male,Denver,Colorado,United States,US,0:47:28,3:08:21,2:01:22,0:06:20,0:03:04,6:06:35,2848,11301,7282,380,184,21995,607,489,59,865,639,62,831,664,75,607,489,59,Finisher,1335
Michael,Walsh,Michael Walsh,702,M50-54,Male,Huffman,TX,United States,US,0:46:00,2:40:56,2:27:02,0:07:03,0:05:35,6:06:36,2760,9656,8822,423,335,21996,608,490,29,760,566,36,343,295,26,608,490,29,Finisher,1538
Gabriela,Osorio,Gabriela Osorio,1741,F30-34,Female,Denver,Colorado,United States,US,0:42:53,3:01:50,2:10:10,0:07:44,0:04:03,6:06:40,2573,10910,7810,464,243,22000,609,119,30,539,139,36,649,120,30,609,119,30,Finisher,1805
John,Buffalo,John Buffalo,759,M25-29,Male,Austin,Texas,Italy,IT,0:44:36,3:13:46,2:01:00,0:04:34,0:02:48,6:06:44,2676,11626,7260,274,168,22004,610,491,92,664,495,100,845,674,133,610,491,92,Finisher,1134
Sabrina,Somarribas,Sabrina Somarribas,95,F35-39,Female,Albuquerque,US-NM,United States,US,0:46:15,2:59:04,2:12:48,0:05:02,0:03:38,6:06:47,2775,10744,7968,302,218,22007,611,120,14,782,198,20,598,106,13,611,120,14,Finisher,1769
Jaylon,Scott,Jaylon Scott,1177,M25-29,Male,San Diego,CA,United States,US,0:51:07,2:58:28,2:08:47,0:04:29,0:04:00,6:06:51,3067,10708,7727,269,240,22011,612,492,93,1063,784,160,687,560,101,612,492,93,Finisher,1132
Paul,Mackin,Paul Mackin,1458,M55-59,Male,Fort Collins,CO,United States,US,0:50:12,2:52:50,2:11:27,0:06:27,0:06:29,6:07:26,3012,10370,7887,387,389,22046,613,493,22,1014,749,42,582,480,31,613,493,22,Finisher,1917
Bret,Bietila,Bret Bietila,30,M55-59,Male,DENVER,CO,United States,US,0:43:20,3:00:40,2:09:36,0:08:05,0:06:23,6:08:04,2600,10840,7776,485,383,22084,614,494,23,580,432,26,639,522,32,614,494,23,Finisher,1905
Joe,Castillo,Joe Castillo,1223,M55-59,Male,CASTLE ROCK,CO,United States,US,0:43:10,2:52:25,2:19:39,0:07:42,0:05:15,6:08:12,2590,10345,8379,462,315,22092,615,495,24,568,425,25,481,396,25,615,495,24,Finisher,1903
Haden,Eckbert,Haden Eckbert,506,M25-29,Male,Tigard,OR,United States,US,0:59:59,2:53:00,2:06:42,0:05:40,0:02:51,6:08:12,3599,10380,7602,340,171,22092,616,496,94,1303,946,198,770,618,118,616,496,94,Finisher,1108
Jason,Siaosi,Jason Siaosi,1395,M25-29,Male,Lehi,UTAH,United States,US,0:46:34,2:47:06,2:21:26,0:07:41,0:05:31,6:08:18,2794,10026,8486,461,331,22098,617,497,95,806,601,123,448,374,64,617,497,95,Finisher,1106
Zachary,McGee,Zachary McGee,1615,M25-29,Male,Manitou Springs,Colorado,United States,US,0:48:45,2:52:28,2:12:57,0:06:55,0:07:17,6:08:22,2925,10348,7977,415,437,22102,618,498,96,935,696,137,564,463,80,618,498,96,Finisher,1105
Keith,Delallo,Keith Delallo,1668,M40-44,Male,CHICAGO,IL,United States,US,0:43:57,2:56:49,2:16:22,0:07:01,0:04:19,6:08:29,2637,10609,8182,421,259,22109,619,499,60,620,462,48,557,457,56,619,499,60,Finisher,1301
Joseph,Scherer,Joseph Scherer,1236,M30-34,Male,Boulder,CO,United States,US,0:47:23,2:52:30,2:19:48,0:05:25,0:03:25,6:08:31,2843,10350,8388,325,205,22111,620,500,89,860,637,118,520,428,71,620,500,89,Finisher,1134
Reed,Harris,Reed Harris,137,M25-29,Male,highlands ranch,Colorado,United States,US,0:41:55,3:15:18,1:58:56,0:07:17,0:05:08,6:08:34,2515,11718,7136,437,308,22114,621,501,97,479,352,73,874,693,138,621,501,97,Finisher,1101
Michael,Riendeau,Michael Riendeau,1019,M60-64,Male,Thornton,CO,United States,US,0:48:43,2:46:38,2:21:08,0:06:21,0:05:46,6:08:37,2923,9998,8468,381,346,22117,622,502,13,933,694,14,455,378,10,622,502,13,Finisher,1920
Elena,Bolt,Elena Bolt,421,F18-24,Female,PLEASANTON,CA,United States,US,0:40:34,3:09:57,2:09:41,0:04:50,0:03:40,6:08:41,2434,11397,7781,290,220,22121,623,121,24,400,106,21,704,135,26,623,121,24,Finisher,1997
Luis,Pena,Luis Pena,1643,M30-34,Male,Silt,CO,Mexico,MX,1:02:52,2:44:25,2:11:17,0:06:21,0:03:48,6:08:43,3772,9865,7877,381,228,22123,624,503,90,1336,969,176,677,552,99,624,503,90,Finisher,1130
David,Hutchinson,David Hutchinson,271,M30-34,Male,West Harrison,NY,United States,US,0:52:06,2:55:13,2:12:07,0:06:00,0:03:21,6:08:47,3126,10513,7927,360,201,22127,625,504,91,1102,812,150,668,544,97,625,504,91,Finisher,1129
Rex,Helm,Rex Helm,1468,M25-29,Male,Denver,Colorado,United States,US,0:50:41,3:02:06,2:05:28,0:06:06,0:04:28,6:08:49,3041,10926,7528,366,268,22129,626,505,98,1045,772,159,773,621,119,626,505,98,Finisher,1097
Chad,Hanson,Chad Hanson,1128,M45-49,Male,Highlands Ranch,Colorado,United States,US,0:46:09,3:04:20,2:02:44,0:08:34,0:07:16,6:09:04,2769,11060,7364,514,436,22144,627,506,43,773,576,53,779,627,54,627,506,43,Finisher,1435
Abigail,Potts,Abigail Potts,116,F30-34,Female,DENVER,CO,United States,US,0:57:09,2:58:10,2:05:29,0:05:01,0:03:30,6:09:19,3429,10690,7529,301,210,22159,628,122,31,1254,348,82,801,158,36,628,122,31,Finisher,1758
Robert,Kittell,Robert Kittell,866,M55-59,Male,Centennial,Colorado,United States,US,0:42:57,2:50:51,2:17:22,0:08:44,0:09:26,6:09:21,2577,10251,8242,524,566,22161,629,507,25,547,407,22,472,390,24,629,507,25,Finisher,1882
Stacy,Abel,Stacy Abel,445,F50-54,Female,BOULDER,Colorado,United States,US,0:46:59,3:00:51,2:11:59,0:06:15,0:03:32,6:09:35,2819,10851,7919,375,212,22175,630,123,5,833,215,7,688,128,5,630,123,5,Finisher,2528
Hunter,Stokes,Hunter Stokes,1253,M30-34,Male,Elizebeth ,CO,United States,US,0:51:21,2:47:14,2:21:18,0:04:33,0:05:25,6:09:52,3081,10034,8478,273,325,22192,631,508,92,1072,791,145,479,395,64,631,508,92,Finisher,1110
Scott,Abernethy,Scott Abernethy,1404,M35-39,Male,Denver,CO,United States,US,0:47:54,2:55:02,2:16:09,0:06:31,0:04:23,6:09:58,2874,10502,8169,391,263,22198,632,509,57,889,660,69,580,478,55,632,509,57,Finisher,1539
Henry,Caulkins,Henry Caulkins,1584,M18-24,Male,Denver,Colorado,United States,US,0:45:24,3:04:39,2:06:40,0:09:39,0:03:39,6:10:01,2724,11079,7600,579,219,22201,633,510,90,723,538,94,792,636,102,633,510,90,Finisher,1250
Ryan,Wood,Ryan Wood,1004,M70-74,Male,Broomfield,CO,United States,US,0:42:01,2:49:31,2:29:41,0:04:59,0:03:50,6:10:02,2521,10171,8981,299,230,22202,634,511,2,486,359,3,375,323,1,634,511,2,Finisher,3303
Michael,Hays,Michael Hays,301,M55-59,Male,MANHATTAN BEACH,CA,United States,US,0:46:22,2:47:26,2:26:22,0:04:59,0:05:02,6:10:12,2782,10046,8782,299,302,22212,635,512,26,790,589,32,403,344,18,635,512,26,Finisher,1867
Layton,Rogers,Layton Rogers,1417,M25-29,Male,Golden,CO,United States,US,0:46:56,2:49:09,2:19:53,0:08:10,0:06:08,6:10:15,2816,10149,8393,490,368,22215,636,513,99,829,616,126,501,412,73,636,513,99,Finisher,1071
Ryan,Hayden,Ryan Hayden,1523,M35-39,Male,Denver,CO,United States,US,0:46:13,3:12:08,1:56:58,0:10:39,0:04:31,6:10:28,2773,11528,7018,639,271,22228,637,514,58,776,579,60,952,749,87,637,514,58,Finisher,1530
Carter,Mason,Carter Mason,1156,M18-24,Male,Thornton,Colorado,United States,US,0:37:03,3:02:19,2:16:22,0:08:31,0:06:27,6:10:42,2223,10939,8182,511,387,22242,638,515,91,217,152,29,560,460,75,638,515,91,Finisher,1238
Chad,Sufficool,Chad Sufficool,859,M30-34,Male,Colorado Springs,Colorado,United States,US,0:42:08,3:01:39,2:12:58,0:09:58,0:04:01,6:10:44,2528,10899,7978,598,241,22244,639,516,93,490,362,68,680,555,100,639,516,93,Finisher,1094
Angel,Castillo,Angel Castillo,292,M18-24,Male,Dripping Springs,Texas,United States,US,0:42:42,3:13:59,1:59:28,0:08:21,0:06:21,6:10:51,2562,11639,7168,501,381,22251,640,517,92,526,390,66,880,699,110,640,517,92,Finisher,1235
Rowan,Moran,Rowan Moran,1103,F18-24,Female,Pueblo,Colorado,United States,US,0:46:16,3:10:33,2:06:05,0:04:26,0:03:31,6:10:51,2776,11433,7565,266,211,22251,641,124,25,783,199,37,816,161,32,641,124,25,Finisher,1958
Oswin,Oh,Oswin Oh,1531,M25-29,Male,Fort collins,CO,United States,US,0:38:42,3:21:06,2:03:59,0:03:38,0:03:31,6:10:56,2322,12066,7439,218,211,22256,642,518,100,301,216,49,857,684,136,642,518,100,Finisher,1058
Miguel,Bardaji Izard,Miguel Bardaji Izard,342,M30-34,Male,Lakewood,Colorado,Spain,ES,0:43:17,3:02:20,2:16:44,0:05:03,0:03:40,6:11:03,2597,10940,8204,303,220,22263,643,519,94,575,429,77,605,497,88,643,519,94,Finisher,1088
Taylor,Hansen,Taylor Hansen,1081,M18-24,Male,Sandy,UT,United States,US,0:53:16,3:06:03,1:57:29,0:08:35,0:05:44,6:11:06,3196,11163,7049,515,344,22266,644,520,93,1152,839,146,938,741,123,644,520,93,Finisher,1231
Darien,Hume,Darien Hume,318,M25-29,Male,Aurora,COLORADO,United States,US,0:49:13,3:14:57,1:55:51,0:07:22,0:03:47,6:11:10,2953,11697,6951,442,227,22270,645,521,101,960,713,142,991,775,154,645,521,101,Finisher,1054
Blake ,Runyon,Blake Runyon,1317,M35-39,Male,Arvada,CO,United States,US,0:43:01,2:40:03,2:41:19,0:03:48,0:02:58,6:11:10,2581,9603,9679,228,178,22270,646,522,59,554,413,44,235,208,19,646,522,59,Finisher,1517
Oscar,Arias,Oscar Arias,1730,M35-39,Male,LAKEWOOD,CO,United States,US,0:48:28,3:05:57,2:05:56,0:06:35,0:04:28,6:11:23,2908,11157,7556,395,268,22283,647,523,60,923,687,75,810,652,75,647,523,60,Finisher,1514
Hazen,Scholz,Hazen Scholz,1644,M18-24,Male,Thornton,CO,United States,US,0:35:50,3:11:12,2:13:28,0:06:00,0:04:52,6:11:23,2150,11472,8008,360,292,22283,648,524,94,169,120,23,660,538,90,648,524,94,Finisher,1226
Adam,Case,Adam Case,975,M35-39,Male,AUSTIN,TX,United States,US,0:42:30,2:53:56,2:28:08,0:04:15,0:02:35,6:11:23,2550,10436,8888,255,155,22283,649,525,61,517,384,38,434,364,41,649,525,61,Finisher,1514
Dan,Sonnesyn,Dan Sonnesyn,1548,M55-59,Male,BROOMFIELD,CO,United States,US,0:41:36,2:52:41,2:24:05,0:07:56,0:05:13,6:11:31,2496,10361,8645,476,313,22291,650,526,27,460,338,20,467,386,23,650,526,27,Finisher,1843
Kabir,Tenzing Ghale,Kabir Tenzing Ghale,1440,M35-39,Male,Castle Rock,CO,Nepal,NP,0:53:46,2:51:38,2:17:40,0:04:51,0:03:39,6:11:33,3226,10298,8260,291,219,22293,651,527,62,1166,847,91,595,490,60,651,527,62,Finisher,1511
Charlotte,Jassan,Charlotte Jassan,156,M25-29,Female,MIGUEL HIDALGO,CDMX,Mexico,MX,0:37:36,2:54:23,2:32:22,0:04:21,0:02:53,6:11:34,2256,10463,9142,261,173,22294,652,528,102,244,172,38,374,322,58,652,528,102,Finisher,1047
Nicholas,Nagaki,Nicholas Nagaki,247,M35-39,Male,Denver,Colorado,United States,US,0:41:17,2:54:21,2:28:06,0:05:11,0:02:48,6:11:42,2477,10461,8886,311,168,22302,653,529,63,440,325,32,438,367,42,653,529,63,Finisher,1508
Zachary,Alas,Zachary Alas,409,M25-29,Male,Boulder,Colorado,United States,US,0:54:50,2:59:41,2:04:41,0:06:34,0:06:04,6:11:50,3290,10781,7481,394,364,22310,654,530,103,1201,872,176,812,654,126,654,530,103,Finisher,1042
Josh,Abelson,Josh Abelson,912,M35-39,Male,LAS VEGAS,NV,United States,US,0:50:42,3:05:25,2:04:11,0:07:28,0:04:05,6:11:51,3042,11125,7451,448,245,22311,655,531,64,1046,773,80,859,685,80,655,531,64,Finisher,1505
Miles,Lance,Miles Lance,1008,M18-24,Male,Boulder,Colorado,United States,US,0:46:13,2:49:11,2:22:30,0:06:53,0:07:14,6:12:01,2773,10151,8550,413,434,22321,656,532,95,777,580,102,468,387,63,656,532,95,Finisher,1214
Edien,Gonzalez,Edien Gonzalez,476,M45-49,Male,Winter Garden,FL,Venezuela,VE,0:43:46,3:04:24,2:13:00,0:07:42,0:03:13,6:12:05,2626,11064,7980,462,193,22325,657,533,44,615,458,39,717,579,49,657,533,44,Finisher,1381
James,Herold,James Herold,953,M25-29,Male,Albuquerque,NM,United States,US,0:49:48,2:49:01,2:23:01,0:05:49,0:04:33,6:12:12,2988,10141,8581,349,273,22332,658,534,104,991,733,149,509,417,74,658,534,104,Finisher,1036
Carson,Lang,Carson Lang,1456,M25-29,Male,Denver,CO,United States,US,0:58:14,2:50:06,2:16:20,0:04:58,0:02:42,6:12:20,3494,10206,8180,298,162,22340,659,535,105,1280,927,193,667,543,96,659,535,105,Finisher,1033
Silvana,Bravo,Silvana Bravo,1030,F30-34,Female,Oklahoma City,OK,Mexico,MX,0:44:45,3:20:00,1:57:41,0:06:36,0:03:19,6:12:21,2685,12000,7061,396,199,22341,660,125,32,682,177,45,988,216,52,660,125,32,Finisher,1703
Josh,Phillips,Josh Phillips,480,M18-24,Male,St. George,Utah,United States,US,0:43:34,3:02:23,2:11:11,0:07:38,0:07:35,6:12:21,2614,10943,7871,458,455,22341,661,536,96,599,448,78,676,551,92,661,536,96,Finisher,1208
Roberto Carlos,Hernandez Montes,Roberto Carlos Hernandez Montes,585,M50-54,Male,CUERNAVACA,,Mexico,MX,0:45:11,3:05:36,2:06:57,0:08:06,0:06:35,6:12:24,2711,11136,7617,486,395,22344,662,537,30,711,527,34,771,619,42,662,537,30,Finisher,1434
Joshua,Lopez,Joshua Lopez,1683,M30-34,Male,SAN JOSE,CA,United States,US,0:38:09,3:07:51,2:16:04,0:05:28,0:04:57,6:12:28,2289,11271,8164,328,297,22348,663,538,95,273,193,40,627,511,90,663,538,95,Finisher,1063
Ava,Reed,Ava Reed,356,F25-29,Female,Cincinnati,Ohio,United States,US,0:48:39,3:17:28,1:53:39,0:06:57,0:05:46,6:12:30,2919,11848,6819,417,346,22350,664,126,27,932,239,51,1009,221,39,664,126,27,Finisher,2034
Paul,Anderson,Paul Anderson,803,M30-34,Male,Colorado Springs,Colorado,United States,US,0:39:28,3:04:17,2:18:47,0:05:18,0:04:43,6:12:33,2368,11057,8327,318,283,22353,665,539,96,335,242,48,574,473,82,665,539,96,Finisher,1061
Sean,Pinal,Sean Pinal,1234,M30-34,Male,Austin,Texas ,United States,US,0:37:21,3:02:56,2:20:48,0:07:18,0:04:20,6:12:42,2241,10976,8448,438,260,22362,666,540,97,232,161,33,551,452,77,666,540,97,Finisher,1059
Ashton,Smith,Ashton Smith,1049,M25-29,Male,Tallahassee,Florida,United States,US,0:48:39,3:09:36,2:05:01,0:06:25,0:03:02,6:12:44,2919,11376,7501,385,182,22364,667,541,106,928,692,136,877,696,139,667,541,106,Finisher,1026
Santiago,Pérez,Santiago Pérez,581,M35-39,Male,Miguel Hidalgo,MX-CMX,Mexico,MX,0:51:29,3:07:08,1:57:34,0:09:34,0:07:00,6:12:45,3089,11228,7054,574,420,22365,668,542,65,1076,795,85,943,743,86,668,542,65,Finisher,1489
Connor,Aycock,Connor Aycock,780,M25-29,Male,Phoenix,Arizona,United States,US,0:49:02,3:03:15,2:12:05,0:06:11,0:02:21,6:12:55,2942,10995,7925,371,141,22375,669,543,107,949,702,139,767,616,117,669,543,107,Finisher,1023
Tomas,Janik,Tomas Janik,1682,M45-49,Male,SAN FRANCISCO,CA,Czech Republic,CZ,0:46:03,2:59:21,2:19:12,0:05:33,0:02:51,6:13:01,2763,10761,8352,333,171,22381,670,544,45,768,572,52,616,504,47,670,544,45,Finisher,1364
Ryan,Crawford,Ryan Crawford,1057,M25-29,Male,Lander,WY,United States,US,0:33:05,3:09:05,2:18:38,0:05:56,0:06:23,6:13:06,1985,11345,8318,356,383,22386,671,545,108,83,61,15,562,462,79,671,545,108,Finisher,1019
Victoria,Hall,Victoria Hall,954,F25-29,Female,AUSTIN,TX,United States,US,0:47:04,2:56:50,2:14:02,0:07:05,0:08:06,6:13:07,2824,10610,8042,425,486,22387,672,127,28,841,217,49,617,113,23,672,127,28,Finisher,2023
Max,Rubenstein,Max Rubenstein,1007,M25-29,Male,Broomfield,CO,United States,US,0:44:43,2:50:49,2:25:37,0:06:16,0:05:53,6:13:19,2683,10249,8737,376,353,22399,673,546,109,679,503,102,457,379,66,673,546,109,Finisher,1016
Monica,Hernandez,Monica Hernandez,138,F55-59,Female,Mexico,Ciudad de México,Mexico,MX,0:43:16,3:01:44,2:18:05,0:05:43,0:04:41,6:13:29,2596,10904,8285,343,281,22409,674,128,8,573,146,8,608,111,9,674,128,8,Finisher,2201
Kyle,Plasha,Kyle Plasha,969,M35-39,Male,Aurora,COLORADO,United States,US,0:38:50,2:52:14,2:31:08,0:04:57,0:06:24,6:13:32,2330,10334,9068,297,384,22412,675,547,66,310,223,19,369,319,33,675,547,66,Finisher,1475
Paige,Longberg,Paige Longberg,786,F30-34,Female,Fort Collins,CO,United States,US,0:48:39,3:05:36,2:05:54,0:08:06,0:05:23,6:13:38,2919,11136,7554,486,323,22418,676,129,33,929,237,63,833,169,40,676,129,33,Finisher,1680
Audrey,Wojtalik,Audrey Wojtalik,254,F18-24,Female,LOUISVILLE,CO,United States,US,0:49:02,3:00:43,2:16:38,0:04:33,0:02:46,6:13:42,2942,10843,8198,273,166,22422,677,130,26,948,247,45,692,129,24,677,130,26,Finisher,1907
Sarah,Mahoney,Sarah Mahoney,1654,F18-24,Female,Lewisburg,PA,United States,US,0:42:31,3:21:09,1:57:18,0:07:35,0:05:11,6:13:43,2551,12069,7038,455,311,22423,678,131,27,518,134,25,986,214,39,678,131,27,Finisher,1907
Ryan,Cotter,Ryan Cotter,934,M40-44,Male,Denver,CO,United States,US,0:54:18,3:01:14,2:01:36,0:09:39,0:06:56,6:13:44,3258,10874,7296,579,416,22424,679,548,61,1186,862,90,885,703,79,679,548,61,Finisher,1206
Luke,Luebker,Luke Luebker,1027,M25-29,Male,Thornton,CO,United States,US,0:37:11,3:17:04,2:08:46,0:06:38,0:04:05,6:13:45,2231,11824,7726,398,245,22425,680,549,110,223,155,35,808,650,125,680,549,110,Finisher,1008
German,Molano Palacios,German Molano Palacios,1001,M30-34,Male,Bogota,Bogota,Colombia,CO,1:00:47,2:49:23,2:11:33,0:06:28,0:05:38,6:13:47,3647,10163,7893,388,338,22427,681,550,98,1318,957,172,730,589,105,681,550,98,Finisher,1039
Mikhail,Nosov,Mikhail Nosov,545,M45-49,Male,Pflugerville,TX,United States,US,0:39:07,2:45:22,2:38:41,0:05:14,0:05:24,6:13:49,2347,9922,9521,314,324,22429,682,551,46,321,230,17,278,243,29,682,551,46,Finisher,1349
Tania,Morell Carrillo,Tania Morell Carrillo,664,F40-44,Female,Queretaro,QUERETARO,Mexico,MX,0:56:45,3:02:51,2:04:19,0:06:07,0:03:50,6:13:52,3405,10971,7459,367,230,22432,683,132,12,1244,343,33,899,185,19,683,132,12,Finisher,1854
Peter,Tinnesz,Peter Tinnesz,72,M60-64,Male,Middlebury,CT,United States,US,0:44:07,2:57:15,2:13:21,0:08:56,0:10:14,6:13:54,2647,10635,8001,536,614,22434,684,552,14,635,475,9,596,491,13,684,552,14,Finisher,1825
Charles,Boudreau,Charles Boudreau,1472,M25-29,Male,Candiac,QC,Canada,CA,0:50:31,2:59:35,2:07:35,0:08:20,0:07:56,6:13:57,3031,10775,7655,500,476,22437,685,553,111,1029,760,157,765,615,116,685,553,111,Finisher,1004
Lydia,Ockert,Lydia Ockert,1547,F35-39,Female,Johnstown,CO,South Africa,ZA,0:41:11,3:08:06,2:17:07,0:04:35,0:03:02,6:14:02,2471,11286,8227,275,182,22442,686,133,15,433,114,11,683,127,14,686,133,15,Finisher,1639
David,Martinez,David Martinez,352,M50-54,Male,Frederick,CO,United States,US,0:51:35,3:05:49,2:01:26,0:06:41,0:08:38,6:14:10,3095,11149,7286,401,518,22450,687,554,31,1086,801,52,865,688,45,687,554,31,Finisher,1402
Brayden,Owen,Brayden Owen,701,M18-24,Male,West Jordan,Utah,United States,US,0:50:00,2:56:46,2:17:06,0:05:10,0:05:34,6:14:35,3000,10606,8226,310,334,22475,688,555,97,1003,741,126,636,520,85,688,555,97,Finisher,1168
Evan,Turnquist,Evan Turnquist,44,M30-34,Male,Billings,Montana,United States,US,0:49:33,2:46:03,2:29:14,0:04:26,0:05:22,6:14:38,2973,9963,8954,266,322,22478,689,556,99,977,725,133,422,359,60,689,556,99,Finisher,1024
Jake,Volin,Jake Volin,942,M30-34,Male,Colorado Springs,Colorado,United States,US,0:42:21,3:06:19,2:08:21,0:10:32,0:07:08,6:14:40,2541,11179,7701,632,428,22480,690,557,100,503,372,69,782,629,112,690,557,100,Finisher,1023
Ileana,Ballesteros,Ileana Ballesteros,139,F45-49,Female,Mexico City,CDMX,Mexico,MX,0:44:37,3:09:13,2:10:54,0:05:17,0:04:40,6:14:41,2677,11353,7854,317,280,22481,691,134,5,668,173,8,781,153,10,691,134,5,Finisher,2284
Peter,Born,Peter Born,1418,M30-34,Male,Denver,Colorado,United States,US,0:44:24,3:19:39,1:59:46,0:06:20,0:04:35,6:14:44,2664,11979,7186,380,275,22484,692,558,101,652,487,87,975,764,134,692,558,101,Finisher,1022
Paris,Lewbel,Paris Lewbel,973,M35-39,Male,Aurora,Colorado,United States,US,0:36:56,2:54:06,2:34:03,0:04:52,0:04:52,6:14:49,2216,10446,9243,292,292,22489,693,559,67,209,147,11,367,317,32,693,559,67,Finisher,1452
Brittany,Driscoll,Brittany Driscoll,923,F35-39,Female,Thornton,CO,United States,US,0:42:57,2:53:46,2:25:29,0:05:58,0:06:44,6:14:55,2577,10426,8729,358,404,22495,694,135,16,548,141,16,475,84,10,694,135,16,Finisher,1623
Carolina,Lizzio,Carolina Lizzio,493,F30-34,Female,Boulder,CO,United States,US,0:45:19,3:14:58,2:04:53,0:06:26,0:03:19,6:14:55,2719,11698,7493,386,199,22495,695,136,34,718,185,47,915,190,45,695,136,34,Finisher,1657
Ben,Conlin,Ben Conlin,543,M18-24,Male,"Fort Collins, CO",Colorado,United States,US,0:55:10,2:59:49,2:06:26,0:07:02,0:06:38,6:15:05,3310,10789,7586,422,398,22505,696,560,98,1208,876,154,830,663,106,696,560,98,Finisher,1159
Verne Maria,Menendez Barreda,Verne Maria Menendez Barreda,607,F40-44,Female,Guatemala,,Guatemala,GT,0:47:11,3:09:11,2:07:37,0:05:19,0:05:47,6:15:06,2831,11351,7657,319,347,22506,697,137,13,849,220,16,827,167,17,697,137,13,Finisher,1832
Jiacheng,Zhang,Jiacheng Zhang,586,M30-34,Male,Chandler,AZ,China,CN,1:08:32,2:39:03,2:13:42,0:08:04,0:05:45,6:15:06,4112,9543,8022,484,345,22506,698,561,102,1390,1004,180,713,575,103,698,561,102,Finisher,1016
Ethan,Wright,Ethan Wright,161,M18-24,Male,Lonetree,Colorado,United States,US,0:42:28,3:03:00,2:13:59,0:05:25,0:10:20,6:15:11,2548,10980,8039,325,620,22511,699,562,99,514,381,64,614,502,80,699,562,99,Finisher,1157
Travis,Hockin,Travis Hockin,1574,M18-24,Male,Pensacola,Florida,United States,US,0:44:09,3:11:46,2:07:10,0:05:05,0:07:03,6:15:14,2649,11506,7630,305,423,22514,700,563,100,641,480,85,811,653,105,700,563,100,Finisher,1156
Leticia,Call,Leticia Call,802,F40-44,Female,Denver,CO,United States,US,0:50:44,2:57:45,2:10:31,0:08:18,0:07:57,6:15:15,3044,10665,7831,498,477,22515,701,138,14,1049,274,23,734,144,15,701,138,14,Finisher,1829
Sarah,Habernal,Sarah Habernal,1163,F25-29,Female,Arvada,CO,United States,US,0:39:38,2:55:10,2:29:25,0:05:02,0:06:02,6:15:16,2378,10510,8965,302,362,22516,702,139,29,342,95,26,419,63,13,702,139,29,Finisher,1985
Brian,Froechtenigt,Brian Froechtenigt,1257,M30-34,Male,Maple Grove,MN,United States,US,0:44:03,3:15:43,2:00:38,0:08:40,0:06:17,6:15:21,2643,11743,7238,520,377,22521,703,564,103,630,471,84,946,746,133,703,564,103,Finisher,1011
Morgan,Bernard,Morgan Bernard,1142,M30-34,Male,Houston,TX,United States,US,0:47:52,3:16:38,1:54:52,0:08:38,0:07:26,6:15:26,2872,11798,6892,518,446,22526,704,565,104,888,659,124,1010,789,144,704,565,104,Finisher,1010
Rebecca,Marsh,Rebecca Marsh,564,F30-34,Female,Erie,CO,United States,US,0:45:55,2:53:37,2:27:56,0:04:35,0:03:42,6:15:45,2755,10417,8876,275,222,22545,705,140,35,755,194,51,496,89,25,705,140,35,Finisher,1642
Parker,Rosenthal,Parker Rosenthal,407,F18-24,Female,Boulder,CO,United States,US,0:44:21,3:08:39,2:15:52,0:04:43,0:02:24,6:15:59,2661,11319,8152,283,144,22559,706,141,28,650,165,32,751,148,31,706,141,28,Finisher,1866
Zoe,Da Silva,Zoe Da Silva,1119,F45-49,Female,Parker,CO,United Kingdom,GB,0:39:02,3:11:47,2:18:32,0:03:53,0:02:46,6:15:59,2342,11507,8312,233,166,22559,707,142,6,318,91,3,697,131,7,707,142,6,Finisher,2261
Geoffrey,Goldman,Geoffrey Goldman,1143,M25-29,Male,Arvada,Colorado,United States,US,0:46:03,2:58:39,2:17:16,0:05:56,0:08:07,6:16:00,2763,10719,8236,356,487,22560,708,566,112,766,571,119,603,495,83,708,566,112,Finisher,967
Mike,Buckner,Mike Buckner,416,M50-54,Male,WYOMING,MI,United States,US,0:52:12,2:55:49,2:10:57,0:11:20,0:05:56,6:16:14,3132,10549,7857,680,356,22574,709,567,32,1108,817,53,786,633,43,709,567,32,Finisher,1365
Michael,Lariviere,Michael Lariviere,434,M55-59,Male,Boulder,CO,United States,US,0:42:56,2:49:58,2:31:50,0:06:46,0:04:48,6:16:18,2576,10198,9110,406,288,22578,710,568,28,545,405,21,418,356,20,710,568,28,Finisher,1757
Ryan,Blessing,Ryan Blessing,674,M25-29,Male,Denver,Colorado,United States,US,0:43:34,3:06:55,2:13:10,0:07:04,0:05:51,6:16:34,2614,11215,7990,424,351,22594,711,569,113,598,447,93,748,602,112,711,569,113,Finisher,957
Elise,Griffiths,Elise Griffiths,466,F30-34,Female,DENVER,CO,United States,US,0:49:39,3:07:47,2:09:10,0:05:47,0:04:13,6:16:36,2979,11267,7750,347,253,22596,712,143,36,984,257,68,850,173,41,712,143,36,Finisher,1627
Nathan,Peruch,Nathan Peruch,291,M40-44,Male,Harlingen,TX,United States,US,0:46:02,2:54:06,2:25:12,0:05:05,0:06:12,6:16:38,2762,10446,8712,305,372,22598,713,570,62,765,570,53,518,426,51,713,570,62,Finisher,1154
Carlos,Suescun,Carlos Suescun,1026,M50-54,Male,Scottsdale,US-AZ,United States,US,0:59:53,2:44:28,2:13:16,0:12:54,0:06:18,6:16:49,3593,9868,7996,774,378,22609,714,571,33,1302,945,58,744,599,40,714,571,33,Finisher,1355
Paul,Chakraborty,Paul Chakraborty,1145,M25-29,Male,Denver,Colorado,United States,US,0:55:07,3:09:08,2:01:45,0:06:33,0:04:20,6:16:53,3307,11348,7305,393,260,22613,715,572,114,1205,874,177,978,767,153,715,572,114,Finisher,951
Fiona,Graves,Fiona Graves,226,F18-24,Female,Longmont,Colorado,United States,US,0:32:19,3:19:37,2:16:36,0:04:42,0:03:40,6:16:54,1939,11977,8196,282,220,22614,716,144,29,69,16,3,731,142,29,716,144,29,Finisher,1849
Diana,Doblado,Diana Doblado,88,F35-39,Female,Ciudad de México,MX-CMX,Mexico,MX,1:08:02,2:53:17,2:01:54,0:07:54,0:05:49,6:16:56,4082,10397,7314,474,349,22616,717,145,17,1383,384,41,954,204,21,717,145,17,Finisher,1586
Ryan,Fuelling,Ryan Fuelling,183,M40-44,Male,Monument,CO,United States,US,0:47:16,2:59:14,2:14:17,0:08:02,0:08:06,6:16:57,2836,10754,8057,482,486,22617,718,573,63,853,633,61,695,565,66,718,573,63,Finisher,1148
Jack,Megorden,Jack Megorden,1534,M35-39,Male,LOS ALAMITOS,CA,United States,US,0:48:01,2:54:37,2:17:10,0:08:49,0:08:22,6:16:59,2881,10477,8230,529,502,22619,719,574,68,897,665,70,626,510,64,719,574,68,Finisher,1413
Andrew,Sager,Andrew Sager,712,M35-39,Male,Parker,CO,United States,US,0:42:27,3:03:32,2:17:09,0:09:49,0:04:05,6:17:02,2547,11012,8229,589,245,22622,720,575,69,513,380,37,715,577,66,720,575,69,Finisher,1412
Pamela,Bowe,Pamela Bowe,535,F50-54,Female,Las Vegas,NV,United States,US,0:45:31,3:09:32,2:06:15,0:06:38,0:09:09,6:17:05,2731,11372,7575,398,549,22625,721,146,6,731,189,6,826,166,7,721,146,6,Finisher,2393
Shivam,Patel,Shivam Patel,781,M35-39,Male,Laramie,Wyoming,United States,US,0:42:41,3:13:01,2:06:40,0:09:56,0:04:57,6:17:14,2561,11581,7600,596,297,22634,722,576,70,525,389,40,896,712,83,722,576,70,Finisher,1408
Marcia,Durniat,Marcia Durniat,1635,F40-44,Female,Denver,US-CO,United States,US,0:53:54,3:04:51,2:08:24,0:06:27,0:03:54,6:17:29,3234,11091,7704,387,234,22649,723,147,15,1171,320,29,884,182,18,723,147,15,Finisher,1789
Abby,Fahnestock,Abby Fahnestock,1622,F30-34,Female,NASHVILLE,TN,United States,US,0:39:46,3:15:39,2:09:26,0:06:47,0:05:56,6:17:34,2386,11739,7766,407,356,22654,724,148,37,351,97,28,832,168,39,724,148,37,Finisher,1609
Stephanie,Coombs,Stephanie Coombs,1052,F45-49,Female,Jenison,MI,United States,US,0:46:29,3:10:35,2:08:05,0:06:23,0:06:15,6:17:47,2789,11435,7685,383,375,22667,725,149,7,801,203,13,858,174,11,725,149,7,Finisher,2228
Morgan,Chilton,Morgan Chilton,842,F30-34,Female,Colorado springs,CO,United States,US,0:46:33,3:03:22,2:12:52,0:08:43,0:06:23,6:17:53,2793,11002,7972,523,383,22673,726,150,38,804,204,55,769,152,35,726,150,38,Finisher,1604
Shane,Sharp,Shane Sharp,268,M55-59,Male,Waynesville,NC,United States,US,0:49:49,2:44:49,2:35:57,0:05:17,0:02:02,6:17:53,2989,9889,9357,317,122,22673,727,577,29,992,734,41,420,357,21,727,577,29,Finisher,1729
James,Lupo,James Lupo,1732,M50-54,Male,Denver,CO,United States,US,0:43:47,2:58:54,2:21:16,0:09:12,0:04:44,6:17:54,2627,10734,8476,552,284,22674,728,578,34,616,459,31,635,519,33,728,578,34,Finisher,1335
Alicia,Brillon,Alicia Brillon,418,F55-59,Female,Phoenix,AZ,United States,US,0:37:06,3:00:10,2:28:22,0:07:07,0:05:11,6:17:56,2226,10810,8902,427,311,22676,729,151,9,220,67,4,504,91,8,729,151,9,Finisher,2121
Leigh,Grace,Leigh Grace,1705,F30-34,Female,Colorado Springs,CO,United States,US,0:39:36,3:08:42,2:21:06,0:05:30,0:03:06,6:18:01,2376,11322,8466,330,186,22681,730,152,39,340,94,26,681,126,31,730,152,39,Finisher,1601
Brent,Bundy,Brent Bundy,1695,M45-49,Male,Co Springs,CO,United States,US,0:40:33,2:55:24,2:36:04,0:03:40,0:02:23,6:18:04,2433,10524,9364,220,143,22684,731,579,47,399,294,23,415,353,37,731,579,47,Finisher,1273
Henry,Lindstrom,Henry Lindstrom,807,M25-29,Male,Denver,Colorado,United States,US,0:45:37,3:16:07,2:01:00,0:10:05,0:05:18,6:18:08,2737,11767,7260,605,318,22688,732,580,115,739,549,113,993,776,155,732,580,115,Finisher,929
Joseph,Sheffield,Joseph Sheffield,1271,M40-44,Male,Castle Rock,Colorado,United States,US,0:39:36,2:57:35,2:32:14,0:05:10,0:03:48,6:18:23,2376,10655,9134,310,228,22703,733,581,64,341,247,27,469,388,47,733,581,64,Finisher,1123
Victoria,Brumfield,Victoria Brumfield,1212,F45-49,Female,COLORADO SPGS,CO,United States,US,0:45:06,3:03:29,2:18:15,0:04:31,0:07:03,6:18:24,2706,11009,8295,271,423,22704,734,153,8,705,183,10,661,123,5,734,153,8,Finisher,2217
Kalise,Child,Kalise Child,962,F40-44,Female,South Jordan,UT,United States,US,0:53:17,2:56:47,2:12:12,0:08:22,0:07:46,6:18:24,3197,10607,7932,502,466,22704,735,154,16,1153,314,27,766,151,16,735,154,16,Finisher,1772
Isabelle,Bindseil,Isabelle Bindseil,613,F30-34,Female,Denver,Colorado,United States,US,0:32:56,3:16:13,2:15:01,0:08:13,0:06:25,6:18:48,1976,11773,8101,493,385,22728,736,155,40,78,21,9,747,146,34,736,155,40,Finisher,1587
Ryan,Cockrill,Ryan Cockrill,641,M18-24,Male,Golden,Colorado,United States,US,0:43:50,3:16:07,2:08:53,0:06:15,0:03:48,6:18:52,2630,11767,7733,375,228,22732,737,582,101,618,460,80,908,721,119,737,582,101,Finisher,1091
Kaelan,Norgard,Kaelan Norgard,526,F18-24,Female,Louisville,Colorado,United States,US,0:32:27,2:58:29,2:41:06,0:03:46,0:03:28,6:19:15,1947,10709,9666,226,208,22755,738,156,30,71,17,4,353,49,8,738,156,30,Finisher,1807
Kyle,White,Kyle White,454,M30-34,Male,Louisville,Colorado,United States,US,0:31:45,2:55:23,2:40:28,0:07:12,0:04:32,6:19:20,1905,10523,9628,432,272,22760,739,583,105,59,48,11,346,298,51,739,583,105,Finisher,939
Nick,Skotzke,Nick Skotzke,211,M30-34,Male,Windsor,CO,United States,US,0:47:51,3:02:39,2:13:31,0:08:28,0:07:01,6:19:31,2871,10959,8011,508,421,22771,740,584,106,887,658,123,777,625,111,740,584,106,Finisher,936
Greg,Marta,Greg Marta,1448,M45-49,Male,Nicholasville,KY,United States,US,0:50:15,2:51:29,2:27:52,0:05:16,0:04:40,6:19:33,3015,10289,8872,316,280,22773,741,585,48,1016,751,59,547,448,44,741,585,48,Finisher,1246
Matthew,Wallach,Matthew Wallach,1093,M40-44,Male,Denver,COLORADO,United States,US,0:48:06,3:05:30,2:08:05,0:11:09,0:06:47,6:19:37,2886,11130,7685,669,407,22777,742,586,65,905,672,69,878,697,78,742,586,65,Finisher,1100
Heather,Dennis,Heather Dennis,1010,F50-54,Female,GRAND JCT,CO,United States,US,0:44:41,3:17:14,2:07:49,0:05:41,0:04:13,6:19:38,2681,11834,7669,341,253,22778,743,157,7,676,176,5,929,195,9,743,157,7,Finisher,2347
Justin,Comish,Justin Comish,1729,M50-54,Male,Riverton,UT,United States,US,0:44:40,3:04:28,2:19:51,0:05:05,0:05:35,6:19:39,2680,11068,8391,305,335,22779,744,587,35,674,499,32,691,563,38,744,587,35,Finisher,1304
Andrew,Nicotra,Andrew Nicotra,608,M18-24,Male,Denver,Colorado,United States,US,0:45:36,2:44:57,2:40:22,0:05:26,0:03:20,6:19:41,2736,9897,9622,326,200,22781,745,588,102,738,548,96,368,318,53,745,588,102,Finisher,1076
Paul,Baker,Paul Baker,1475,M40-44,Male,Fort Collins,Colorado,United States,US,0:35:34,2:52:14,2:44:11,0:04:01,0:03:44,6:19:44,2134,10334,9851,241,224,22784,746,589,66,152,109,12,307,268,31,746,589,66,Finisher,1098
Erin,Gooch,Erin Gooch,1345,M40-44,Male,Colorado Springs,Colorado,United States,US,0:43:04,3:12:41,2:10:44,0:07:04,0:06:17,6:19:50,2584,11561,7844,424,377,22790,747,590,67,558,416,43,842,671,76,747,590,67,Finisher,1097
Jason,Anderson,Jason Anderson,1196,M35-39,Male,Castle Rock,CO,United States,US,0:47:28,3:06:07,2:13:23,0:06:42,0:06:12,6:19:53,2848,11167,8003,402,372,22793,748,591,71,864,638,66,800,643,73,748,591,71,Finisher,1361
Henry,Hartzler,Henry Hartzler,998,M30-34,Male,Midvale,UT`,United States,US,0:55:45,2:54:06,2:18:01,0:06:39,0:05:25,6:19:56,3345,10446,8281,399,325,22796,749,592,107,1219,885,163,728,588,104,749,592,107,Finisher,929
Teresa,Wyatt,Teresa Wyatt,514,F50-54,Female,AURORA,CO,United States,US,0:54:20,3:03:40,2:12:46,0:05:54,0:03:31,6:20:11,3260,11020,7966,354,211,22811,750,158,8,1188,325,13,864,177,8,750,158,8,Finisher,2337
Bennett,Parker,Bennett Parker,654,M25-29,Male,Wheat Ridge,Colorado,United States,US,0:43:00,3:01:44,2:19:37,0:10:51,0:05:19,6:20:31,2580,10904,8377,651,319,22831,751,593,116,550,409,85,710,573,105,751,593,116,Finisher,886
Hope,Harrington,Hope Harrington,593,F25-29,Female,Denver,CO,United States,US,0:37:19,2:56:19,2:38:59,0:04:46,0:03:26,6:20:49,2239,10579,9539,286,206,22849,752,159,30,230,71,22,398,58,12,752,159,30,Finisher,1885
Liam,Marshall,Liam Marshall,1412,M25-29,Male,Salt Lake City,Utah,United States,US,0:51:31,2:57:47,2:22:33,0:04:50,0:04:10,6:20:50,3091,10667,8553,290,250,22850,753,594,117,1077,796,163,689,561,102,753,594,117,Finisher,880
Kyle,Whisler,Kyle Whisler,688,M35-39,Male,Denver,CO,United States,US,0:54:42,2:56:56,2:18:43,0:05:37,0:04:54,6:20:53,3282,10616,8323,337,294,22853,754,595,72,1195,868,95,745,600,69,754,595,72,Finisher,1343
Timothy,Alder,Timothy Alder,1279,M50-54,Male,Ft Collins,CO,United States,US,0:38:24,3:08:16,2:26:30,0:04:56,0:02:47,6:20:53,2304,11296,8790,296,167,22853,755,596,36,283,200,15,630,514,32,755,596,36,Finisher,1281
Anvar,Badakshanov,Anvar Badakshanov,710,M30-34,Male,Bishops Stortford,Hertfordshire,Bermuda,BM,0:54:55,3:03:26,2:07:16,0:08:38,0:06:49,6:21:03,3295,11006,7636,518,409,22863,756,597,108,1202,873,162,921,728,129,756,597,108,Finisher,908
Max,Bolognese,Max Bolognese,1172,M35-39,Male,Arvada,CO,United States,US,0:56:54,3:00:35,2:11:41,0:05:50,0:06:05,6:21:04,3414,10835,7901,350,365,22864,757,598,73,1248,904,104,851,678,79,757,598,73,Finisher,1339
Zachary,Bayler,Zachary Bayler,1478,M25-29,Male,Denver,Colorado,United States,US,0:31:55,2:51:36,2:47:34,0:05:30,0:04:35,6:21:10,1915,10296,10054,330,275,22870,758,599,118,63,50,13,272,237,45,758,599,118,Finisher,874
Jose,Garcia,Jose Garcia,240,M18-24,Male,Mission,TX,United States,US,1:00:27,3:08:42,1:56:27,0:11:09,0:04:33,6:21:19,3627,11322,6987,669,273,22879,759,600,103,1311,951,164,1100,848,141,759,600,103,Finisher,1047
Alejandro,Otalora,Alejandro Otalora,1633,M45-49,Male,Denver,CO,Colombia,CO,0:59:11,3:07:29,2:04:37,0:05:44,0:04:21,6:21:22,3551,11249,7477,344,261,22882,760,601,49,1298,942,71,998,780,65,760,601,49,Finisher,1214
Robert,Barnett,Robert Barnett,1230,M30-34,Male,Denver,CO,United States,US,0:47:03,3:06:04,2:13:53,0:08:52,0:05:35,6:21:28,2823,11164,8033,532,335,22888,761,602,109,840,624,114,829,662,119,761,602,109,Finisher,901
Laurent,Massart,Laurent Massart,497,M55-59,Male,NEW YORK,NY,United States,US,0:50:34,3:00:25,2:20:56,0:06:06,0:03:29,6:21:30,3034,10825,8456,366,209,22890,762,603,30,1034,763,43,740,596,35,762,603,30,Finisher,1664
Tiffany,Franks,Tiffany Franks,846,F30-34,Female,Fort Worth,Texas,United States,US,0:43:36,3:19:32,2:10:49,0:04:38,0:03:00,6:21:35,2616,11972,7849,278,180,22895,763,160,41,600,152,39,934,197,48,763,160,41,Finisher,1537
Adriel,Govea,Adriel Govea,992,M30-34,Male,Denton,Texas,United States,US,0:58:19,3:09:54,1:52:46,0:09:37,0:11:04,6:21:40,3499,11394,6766,577,664,22900,764,604,110,1284,930,169,1062,823,151,764,604,110,Finisher,897
Mike,Ramsburg,Mike Ramsburg,1520,M45-49,Male,LOUISVILLE,CO,United States,US,0:45:46,3:10:14,2:09:28,0:09:26,0:07:11,6:22:05,2746,11414,7768,566,431,22925,765,605,50,749,557,50,891,709,60,765,605,50,Finisher,1201
Jackson,Powell,Jackson Powell,185,M25-29,Male,Windsor,Colorado,United States,US,0:43:22,3:13:48,2:13:39,0:05:43,0:05:38,6:22:11,2602,11628,8019,343,338,22931,766,606,119,584,436,92,844,673,132,766,606,119,Finisher,856
Ryan,Warner,Ryan Warner,1726,M25-29,Male,Denver,Colorado,United States,US,0:57:19,2:51:59,2:21:26,0:07:07,0:04:31,6:22:22,3439,10319,8486,427,271,22942,767,607,120,1258,909,185,724,584,108,767,607,120,Finisher,853
Caleb,Bettcher,Caleb Bettcher,1263,M18-24,Male,Littleton ,Colorado,United States,US,0:41:52,3:09:18,2:19:37,0:05:19,0:06:37,6:22:44,2512,11358,8377,319,397,22964,768,608,104,477,350,59,727,587,97,768,608,104,Finisher,1021
Riley,Brooks,Riley Brooks,406,M18-24,Male,Ladera Ranch,California,United States,US,0:46:23,3:10:15,2:14:44,0:06:41,0:04:53,6:22:56,2783,11415,8084,401,293,22976,769,609,105,794,592,103,852,679,107,769,609,105,Finisher,1018
John,Bruschi,John Bruschi,1526,M45-49,Male,Aurora,Colorado,United States,US,0:57:40,2:56:58,2:15:21,0:06:08,0:07:00,6:23:07,3460,10618,8121,368,420,22987,770,610,51,1268,916,69,806,648,55,770,610,51,Finisher,1182
Brett,Delp,Brett Delp,1602,M35-39,Male,Denver,Colorado,United States,US,0:50:02,3:01:36,2:19:20,0:07:23,0:04:48,6:23:09,3002,10896,8360,443,288,22989,771,611,74,1005,743,79,778,626,72,771,611,74,Finisher,1302
Kristin,Anderson,Kristin Anderson,970,F30-34,Female,Denver,Colorado,United States,US,0:54:31,2:55:33,2:23:12,0:05:32,0:04:23,6:23:11,3271,10533,8592,332,263,22991,772,161,42,1192,327,78,711,138,33,772,161,42,Finisher,1508
Samuel,Nichols,Samuel Nichols,1521,M25-29,Male,San Francisco,California,United States,US,0:42:50,3:04:10,2:25:35,0:06:19,0:04:23,6:23:17,2570,11050,8735,379,263,22997,773,612,121,534,396,83,669,545,97,773,612,121,Finisher,836
Mayo,Rodriguez,Mayo Rodriguez,909,M18-24,Male,Boulder,Colorado,Dominican Republic,DO,0:37:44,3:09:36,2:25:21,0:06:04,0:04:34,6:23:20,2264,11376,8721,364,274,23000,774,613,106,251,177,35,671,546,91,774,613,106,Finisher,1010
Michelle,Mosby,Michelle Mosby,706,F40-44,Female,LOS ALAMOS,NM,United States,US,0:44:20,3:18:01,2:08:13,0:07:15,0:05:33,6:23:21,2660,11881,7693,435,333,23001,775,162,17,647,164,10,962,208,21,775,162,17,Finisher,1683
Blake,Murray,Blake Murray,847,M25-29,Male,Denver,CO,United States,US,0:45:40,3:15:04,2:09:32,0:07:18,0:05:57,6:23:31,2740,11704,7772,438,357,23011,776,614,122,741,551,114,940,742,146,776,614,122,Finisher,832
Arnav,Kanwal,Arnav Kanwal,1338,M18-24,Male,Denver,Colorado,United States,US,0:54:41,3:05:52,2:07:46,0:09:40,0:05:34,6:23:33,3281,11152,7666,580,334,23013,777,615,107,1194,867,152,973,762,127,777,615,107,Finisher,1007
Juan,Beltran,Juan Beltran,1226,M50-54,Male,Concord,CALIFORNIA,United States,US,0:51:32,2:56:13,2:19:21,0:08:43,0:07:48,6:23:37,3092,10573,8361,523,468,23017,778,616,37,1081,799,51,726,586,39,778,616,37,Finisher,1232
Ryan,Connor,Ryan Connor,1612,M30-34,Male,CEDAR PARK,TX,United States,US,0:40:06,2:57:29,2:34:24,0:06:27,0:05:12,6:23:40,2406,10649,9264,387,312,23020,779,617,111,372,272,57,495,407,66,779,617,111,Finisher,861
Gillian,Parker,Gillian Parker,380,F35-39,Female,North Vancouver,BC,Canada,CA,0:35:19,3:10:21,2:20:37,0:03:51,0:13:31,6:23:40,2119,11421,8437,231,811,23020,780,163,18,141,40,5,583,103,12,780,163,18,Finisher,1465
Lesley,Maisey,Lesley Maisey,382,F55-59,Female,Coquitlam,BC,Canada,CA,0:54:42,2:58:43,2:20:37,0:04:17,0:05:29,6:23:50,3282,10723,8437,257,329,23030,781,164,10,1196,328,15,750,147,11,781,164,10,Finisher,2015
Craig,Fossee,Craig Fossee,1264,M50-54,Male,Colorado Springs,CO,United States,US,0:39:50,3:07:11,2:27:22,0:05:20,0:04:09,6:23:53,2390,11231,8842,320,249,23033,782,618,38,356,258,20,648,529,35,782,618,38,Finisher,1227
Andrew,McWhirter,Andrew McWhirter,949,M30-34,Male,Cambridge,Massachusetts,United States,US,0:37:15,3:09:24,2:25:22,0:06:32,0:05:22,6:23:55,2235,11364,8722,392,322,23035,783,619,112,228,159,31,666,542,96,783,619,112,Finisher,857
Max,Lyakhovetsky,Max Lyakhovetsky,1270,M25-29,Male,Memphis,TN,United States,US,0:44:50,2:59:49,2:28:42,0:06:11,0:04:27,6:23:59,2690,10789,8922,371,267,23039,784,620,123,686,508,104,613,501,84,784,620,123,Finisher,824
Garret,Hall,Garret Hall,979,M30-34,Male,Tallahassee,FL,United States,US,0:52:41,2:59:13,2:17:11,0:09:28,0:05:41,6:24:14,3161,10753,8231,568,341,23054,785,621,113,1132,831,156,819,656,118,785,621,113,Finisher,851
Jed,Darnell,Jed Darnell,1596,M18-24,,,,United States,US,0:43:31,3:21:38,2:09:39,0:06:01,0:03:26,6:24:15,2611,12098,7779,361,206,23055,786,622,108,592,444,76,984,772,129,786,622,108,Finisher,994
Kate,Lemay,Kate Lemay,1621,F40-44,Female,MONUMENT,CO,United States,US,0:46:33,2:54:13,2:33:32,0:05:22,0:04:36,6:24:16,2793,10453,9212,322,276,23056,787,165,18,805,205,13,533,96,8,787,165,18,Finisher,1667
Brian,Lemay,Brian Lemay,1608,M40-44,Male,Salida,CO,United States,US,0:47:39,2:50:50,2:36:24,0:05:41,0:03:42,6:24:17,2859,10250,9384,341,222,23057,788,623,68,872,646,63,497,408,48,788,623,68,Finisher,1016
Oliver,Bravo-Escos,Oliver Bravo-Escos,1432,M18-24,Male,Fort Collins,Colorado,Uruguay,UY,0:54:37,3:17:00,2:06:40,0:05:51,0:00:19,6:24:27,3277,11820,7600,351,19,23067,789,624,109,1193,866,151,1058,820,135,789,624,109,Finisher,990
Madison,Davis,Madison Davis,743,M25-29,Male,Hudson,WI,United States,US,0:44:53,3:07:04,2:19:30,0:05:57,0:07:11,6:24:36,2693,11224,8370,357,431,23076,790,625,124,689,510,105,757,609,114,790,625,124,Finisher,812
Charlotte,Jassan,Charlotte Jassan,149,F65-69,Female,MIGUEL HIDALGO,CDMX,Mexico,MX,0:40:17,3:14:35,2:20:04,0:05:13,0:04:44,6:24:53,2417,11675,8404,313,284,23093,791,166,1,384,104,1,798,157,1,791,166,1,Finisher,3500
Jeremy,Orr,Jeremy Orr,747,M55-59,Male,Aurora,Colorado,United States,US,0:46:17,3:12:53,2:12:06,0:08:39,0:04:59,6:24:53,2777,11573,7926,519,299,23093,792,626,31,785,586,31,935,738,40,792,626,31,Finisher,1603
Saul,Weiss,Saul Weiss,971,M45-49,Male,Parker,CO,United States,US,0:44:55,3:07:09,2:21:32,0:05:59,0:05:32,6:25:07,2695,11229,8492,359,332,23107,793,627,52,692,512,46,760,611,53,793,627,52,Finisher,1146
Joey,Mamunes,Joey Mamunes,819,M25-29,Male,Castle Rock,Colorado,United States,US,0:57:30,3:03:39,2:14:15,0:06:17,0:03:48,6:25:29,3450,11019,8055,377,228,23129,794,628,125,1265,915,188,927,733,144,794,628,125,Finisher,797
Brooke,Davies,Brooke Davies,895,F45-49,Female,Denver,Colorado,United States,US,0:36:53,3:21:54,2:18:18,0:04:50,0:03:45,6:25:40,2213,12114,8298,290,225,23140,795,167,9,204,61,1,860,175,12,795,167,9,Finisher,2086
Nicholas,Gualtieri,Nicholas Gualtieri,1640,M18-24,Male,Colorado Springs,Colorado,United States,US,0:50:24,3:09:34,2:16:55,0:05:15,0:03:34,6:25:42,3024,11374,8215,315,214,23142,796,629,110,1022,756,129,886,704,113,796,629,110,Finisher,968
Joseph,Stirn,Joseph Stirn,787,M40-44,Male,Denver,Colorado,United States,US,0:47:12,3:22:26,2:01:47,0:10:17,0:04:07,6:25:48,2832,12146,7307,617,247,23148,797,630,69,851,631,60,1096,846,91,797,630,69,Finisher,989
Kurt,Fuhrman,Kurt Fuhrman,790,M55-59,Male,Denver,CO,United States,US,0:46:50,3:04:25,2:20:31,0:08:01,0:06:02,6:25:49,2810,11065,8431,481,362,23149,798,631,32,822,611,35,784,631,36,798,631,32,Finisher,1586
Edison,Bai,Edison Bai,402,M25-29,Male,Boulder,Colorado,United States,US,0:42:52,3:03:20,2:29:05,0:05:57,0:04:44,6:25:58,2572,11000,8945,357,284,23158,799,632,126,538,400,84,640,523,89,799,632,126,Finisher,788
Nate,Hansen,Nate Hansen,849,M25-29,Male,Provo,Utah,United States,US,0:42:19,3:26:39,1:58:54,0:09:15,0:08:58,6:26:05,2539,12399,7134,555,538,23165,800,633,127,501,370,78,1072,830,166,800,633,127,Finisher,786
Ashley,Wilkinson,Ashley Wilkinson,437,F45-49,Female,Westminster,CO,United States,US,0:44:39,2:56:37,2:24:42,0:13:11,0:06:59,6:26:07,2679,10597,8682,791,419,23167,801,168,10,670,174,9,694,130,6,801,168,10,Finisher,2078
Cate,Leszcz,Cate Leszcz,1341,F25-29,Female,Boulder,Colorado,United States,US,0:49:37,3:07:06,2:22:05,0:04:34,0:02:47,6:26:10,2977,11226,8525,274,167,23170,802,169,31,982,256,57,817,162,31,802,169,31,Finisher,1788
Taylor,Pfohl,Taylor Pfohl,1139,M35-39,Male,denver,co,United States,US,1:03:22,2:57:36,2:14:35,0:05:25,0:05:16,6:26:14,3802,10656,8075,325,316,23174,803,634,75,1342,974,109,910,722,84,803,634,75,Finisher,1246
Mackenzie,Oliver,Mackenzie Oliver,344,F30-34,Female,Broomfield,Colorado,United States,US,0:37:49,3:24:50,2:12:49,0:06:19,0:04:37,6:26:24,2269,12290,7969,379,277,23184,804,170,43,256,77,19,951,203,50,804,170,43,Finisher,1450
Megan,George,Megan George,952,F18-24,Female,Denver,CO,United States,US,0:37:51,3:23:28,2:12:27,0:08:09,0:04:31,6:26:25,2271,12208,7947,489,271,23185,805,171,31,258,78,18,960,207,38,805,171,31,Finisher,1678
Jesse,Sitzman,Jesse Sitzman,1304,F40-44,Female,DENVER,CO,United Arab Emirates,AE,0:50:40,3:15:36,2:06:04,0:09:51,0:04:15,6:26:26,3040,11736,7564,591,255,23186,806,172,19,1043,273,22,1042,233,27,806,172,19,Finisher,1628
Daniel,Griffin ,Daniel Griffin,1691,M25-29,Male,Grand Haven,Michigan,United States,US,0:42:45,2:59:46,2:32:52,0:06:46,0:04:29,6:26:36,2565,10786,9172,406,269,23196,807,635,128,530,393,82,578,476,81,807,635,128,Finisher,776
Matthew,Cullis,Matthew Cullis,1194,M25-29,Male,Fort Collins,Colorado,United States,US,0:41:33,3:07:30,2:26:22,0:06:45,0:04:27,6:26:37,2493,11250,8782,405,267,23197,808,636,129,459,337,70,716,578,107,808,636,129,Finisher,776
Kyle,Christian,Kyle Christian,715,M35-39,Male,FLAGSTAFF,AZ,United States,US,0:46:14,3:00:19,2:33:38,0:03:51,0:02:35,6:26:37,2774,10819,9218,231,155,23197,809,637,76,780,583,61,600,494,61,809,637,76,Finisher,1239
Ty,Yocum,Ty Yocum,192,M25-29,Male,Snowmass Village ,Colorado,United States,US,0:42:07,3:11:45,2:19:37,0:06:13,0:06:58,6:26:40,2527,11505,8377,373,418,23200,810,638,130,488,360,74,799,642,123,810,638,130,Finisher,775
Ian,Brock,Ian Brock,1272,M55-59,Male,DENVER,CO,United States,US,0:47:04,2:58:33,2:28:05,0:07:56,0:05:08,6:26:46,2824,10713,8885,476,308,23206,811,639,33,842,625,36,675,550,33,811,639,33,Finisher,1569
Dawei,Ding,Dawei Ding,1061,M25-29,Male,Denver,Colorado,United States,US,0:52:27,3:14:17,2:07:54,0:06:06,0:06:02,6:26:47,3147,11657,7674,366,362,23207,812,640,131,1121,823,165,1004,785,157,812,640,131,Finisher,773
William,Chaney,William Chaney,1524,M25-29,Male,Colorado Springs,Colorado,United States,US,0:36:19,3:24:53,2:09:35,0:07:27,0:08:34,6:26:48,2179,12293,7775,447,514,23208,813,641,132,187,133,28,948,747,147,813,641,132,Finisher,773
William,Eaton,William Eaton,1065,M45-49,Male,MORRISON,CO,United States,US,0:42:19,3:01:29,2:33:45,0:05:04,0:04:14,6:26:51,2539,10889,9225,304,254,23211,814,642,53,500,369,31,572,471,46,814,642,53,Finisher,1115
Filipp,Iordan,Filipp Iordan,565,M25-29,Male,Arvada,Colorado,United States,US,0:46:31,2:59:46,2:30:28,0:05:20,0:04:55,6:27:00,2791,10786,9028,320,295,23220,815,643,133,802,599,122,632,516,87,815,643,133,Finisher,769
Marc,Venisse,Marc Venisse,796,M35-39,Male,Demver,Colorado,United States,US,0:51:11,3:16:23,2:11:57,0:05:28,0:02:24,6:27:24,3071,11783,7917,328,144,23244,816,644,77,1066,786,83,1007,787,88,816,644,77,Finisher,1225
Michael,Elliott,Michael Elliott,988,M25-29,Male,Denver,Colorado,United States,US,0:40:22,3:07:22,2:27:35,0:07:53,0:04:12,6:27:25,2422,11242,8855,473,252,23245,817,645,134,388,283,56,712,574,106,817,645,134,Finisher,762
Robert,DiBartolomeo,Robert DiBartolomeo,1558,M30-34,Male,Denver,CO,United States,US,0:46:05,3:16:26,2:09:56,0:08:02,0:06:58,6:27:28,2765,11786,7796,482,418,23248,818,646,114,770,573,103,976,765,135,818,646,114,Finisher,793
David,Shively,David Shively,1193,M30-34,Male,Lexington,Virginia,United States,US,0:57:19,3:00:05,2:19:38,0:05:32,0:04:59,6:27:33,3439,10805,8378,332,299,23253,819,647,115,1259,910,167,846,675,121,819,647,115,Finisher,791
Jacob,Rehmeier,Jacob Rehmeier,982,M30-34,Male,Berthoud,CO,United States,US,0:44:54,3:05:53,2:22:57,0:06:24,0:07:25,6:27:33,2694,11153,8577,384,445,23253,820,648,116,690,511,91,743,598,107,820,648,116,Finisher,791
Lon,Hinckley,Lon Hinckley,1738,M40-44,Male,Longmont ,Colorado ,United States,US,0:52:38,2:51:28,2:28:59,0:07:05,0:07:25,6:27:35,3158,10288,8939,425,445,23255,821,649,70,1127,827,87,621,506,62,821,649,70,Finisher,957
Justin,Mazouat,Justin Mazouat,1461,M40-44,Male,Evergreen,CO,United States,US,0:47:46,2:50:42,2:38:11,0:06:42,0:04:27,6:27:48,2866,10242,9491,402,267,23268,822,650,71,880,653,64,517,425,50,822,650,71,Finisher,953
Drake,Greeott,Drake Greeott,381,M30-34,Male,Longmont,CO,United States,US,0:41:55,3:04:40,2:27:23,0:07:26,0:06:27,6:27:50,2515,11080,8843,446,387,23270,823,651,117,480,353,66,684,557,101,823,651,117,Finisher,786
Annie,Brunner,Annie Brunner,861,F30-34,Female,Arvada,Colorado,United States,US,0:43:48,3:27:01,2:06:49,0:05:13,0:05:07,6:27:57,2628,12421,7609,313,307,23277,824,173,44,617,158,40,1041,232,57,824,173,44,Finisher,1422
Maggie,Huhn,Maggie Huhn,926,F18-24,Female,Monument,COLORADO,United States,US,0:43:12,3:02:42,2:32:11,0:06:09,0:03:48,6:28:01,2592,10962,9131,369,228,23281,825,174,32,569,144,27,638,117,21,825,174,32,Finisher,1649
Sarah,Bruder,Sarah Bruder,839,F40-44,Female,Loveland,CO,United States,US,0:46:43,3:14:52,2:14:28,0:06:27,0:05:36,6:28:06,2803,11692,8068,387,336,23286,826,175,20,815,209,14,939,198,20,826,175,20,Finisher,1598
John,Pileski,John Pileski,273,M18-24,Male,Naples,Florida,United States,US,0:54:13,3:04:40,2:18:19,0:06:09,0:04:51,6:28:13,3253,11080,8299,369,291,23293,827,652,111,1180,857,150,881,700,111,827,652,111,Finisher,923
Ben,Curtiss,Ben Curtiss,1518,M45-49,Male,HGHLNDS RANCH,CO,United States,US,0:40:56,2:59:18,2:35:39,0:06:25,0:06:22,6:28:40,2456,10758,9339,385,382,23320,828,653,54,417,306,25,540,442,43,828,653,54,Finisher,1082
Joe,Foster,Joe Foster,378,M60-64,Male,SHADYSIDE,OH,United States,US,0:54:27,3:01:13,2:20:16,0:06:43,0:06:03,6:28:42,3267,10873,8416,403,363,23322,829,654,15,1191,865,20,835,666,16,829,654,15,Finisher,1559
Frank,Couturier,Frank Couturier,1277,M55-59,Male,Loerrach,,Germany,DE,0:38:36,3:02:57,2:33:05,0:07:28,0:06:51,6:28:55,2316,10977,9185,448,411,23335,830,655,34,295,211,11,573,472,29,830,655,34,Finisher,1530
Aaron,Couturier,Aaron Couturier,1278,M30-34,Male,NEW YORK,NY,Germany,DE,0:43:19,2:55:33,2:35:40,0:07:56,0:06:36,6:29:04,2599,10533,9340,476,396,23344,831,656,118,577,430,78,543,445,74,831,656,118,Finisher,764
Matt,Wolfe,Matt Wolfe,1706,M50-54,Male,Denver,CO,United States,US,0:47:59,2:49:56,2:34:43,0:08:50,0:07:47,6:29:15,2879,10196,9283,530,467,23355,832,657,39,894,662,44,542,444,30,832,657,39,Finisher,1131
Andrew,Lowe,Andrew Lowe,1219,M50-54,Male,Lebanon,PA,United States,US,0:50:23,3:08:40,2:16:26,0:06:57,0:06:50,6:29:15,3023,11320,8186,417,410,23355,833,658,40,1021,755,48,902,717,48,833,658,40,Finisher,1131
Laura,Geyman,Laura Geyman,428,F18-24,Female,Denver,Colorado,United States,US,0:47:55,3:11:34,2:16:30,0:06:46,0:06:38,6:29:23,2875,11494,8190,406,398,23363,834,176,33,891,230,40,909,188,36,834,176,33,Finisher,1625
Paul,Beckler,Paul Beckler,1425,M45-49,Male,Cortez,Colorado,United States,US,0:53:59,2:55:28,2:25:39,0:07:37,0:06:59,6:29:42,3239,10528,8739,457,419,23382,835,659,55,1173,852,63,739,595,52,835,659,55,Finisher,1064
Anna,Fortier,Anna Fortier,1552,F25-29,Female,Lexington,Kentucky,United States,US,0:35:12,3:19:11,2:26:31,0:05:17,0:03:33,6:29:45,2112,11951,8791,317,213,23385,836,177,32,136,38,12,791,156,30,836,177,32,Finisher,1724
Antonio,Hernandez,Antonio Hernandez,782,M35-39,Male,Thornton,CO,United States,US,0:44:29,3:08:16,2:27:21,0:06:11,0:03:30,6:29:46,2669,11296,8841,371,210,23386,837,660,78,658,490,48,774,622,70,837,660,78,Finisher,1183
Jonathan,Whitaker,Jonathan Whitaker,1320,M30-34,Male,Draper,Utah,United States,US,0:49:22,2:59:50,2:23:22,0:08:40,0:08:37,6:29:52,2962,10790,8602,520,517,23392,838,661,119,969,719,129,756,608,109,838,661,119,Finisher,750
Brenden,Martenson,Brenden Martenson,1389,M30-34,Female,Arvada,Colorado,United States,US,1:02:42,2:54:16,2:19:43,0:08:16,0:04:56,6:29:54,3762,10456,8383,496,296,23394,839,662,120,1335,968,175,887,705,125,839,662,120,Finisher,749
Rob,Garske,Rob Garske,175,M40-44,Male,HGHLNDS RANCH,CO,United States,US,0:52:06,2:59:53,2:27:24,0:06:00,0:04:36,6:29:59,3126,10793,8844,360,276,23399,840,663,72,1103,813,86,759,610,71,840,663,72,Finisher,914
Nicholas,Iwaniuk,Nicholas Iwaniuk,625,M45-49,Male,Chicago,IL,United States,US,0:43:15,2:55:56,2:33:28,0:08:58,0:08:23,6:30:00,2595,10556,9208,538,503,23400,841,664,56,570,426,35,565,464,45,841,664,56,Finisher,1058
Matthew,Talbot,Matthew Talbot,1716,M55-59,Male,SAINT JAMES,NY,United States,US,0:50:56,3:06:27,2:24:05,0:05:19,0:03:17,6:30:04,3056,11187,8645,319,197,23404,842,665,35,1057,780,44,841,670,38,842,665,35,Finisher,1509
Spencer,Rasmussen,Spencer Rasmussen,219,M30-34,Male,Sanford,Colorado,United States,US,0:47:15,3:09:45,2:20:15,0:07:39,0:05:18,6:30:12,2835,11385,8415,459,318,23412,843,666,121,852,632,117,876,695,124,843,666,121,Finisher,744
Emily,Young,Emily Young,1121,F30-34,Female,Denver,Colorado,United States,US,0:41:41,3:27:08,2:10:06,0:06:24,0:04:59,6:30:18,2501,12428,7806,384,299,23418,844,178,45,465,124,32,1033,228,55,844,178,45,Finisher,1380
Hugh,Frank,Hugh Frank,1457,M25-29,Male,Littleton,Colorado,United States,US,0:37:49,3:35:35,2:05:45,0:07:06,0:04:07,6:30:22,2269,12935,7545,426,247,23422,845,667,135,257,180,40,1106,853,171,845,667,135,Finisher,709
Amanda,Winters,Amanda Winters,1318,F35-39,Female,Henderson,US-NV,United States,US,0:51:31,3:08:13,2:17:54,0:08:19,0:04:27,6:30:25,3091,11293,8274,499,267,23425,846,179,19,1080,282,29,941,199,20,846,179,19,Finisher,1344
Patrick,Burke,Patrick Burke,1386,M25-29,Male,Los Altos,CA,United States,US,0:45:09,2:49:14,2:36:09,0:07:05,0:12:49,6:30:26,2709,10154,9369,425,769,23426,847,668,136,708,525,110,450,375,65,847,668,136,Finisher,707
Ryan,Lewis,Ryan Lewis,683,M30-34,Male,Denver,CO,United States,US,0:49:26,2:59:25,2:33:37,0:04:07,0:03:50,6:30:26,2966,10765,9217,247,230,23426,848,669,122,973,723,132,658,536,95,848,669,122,Finisher,740
Louis ,Card,Louis Card,670,M25-29,Male,Denver,CO,United States,US,0:53:25,3:14:46,2:11:05,0:07:15,0:03:56,6:30:26,3205,11686,7865,435,236,23426,849,670,137,1156,842,169,1036,807,162,849,670,137,Finisher,707
Jacob,Beckner,Jacob Beckner,897,M25-29,Male,Denver,CO,United States,US,0:43:10,3:08:34,2:22:46,0:09:49,0:06:31,6:30:49,2590,11314,8566,589,391,23449,850,671,138,567,424,91,823,659,128,850,671,138,Finisher,701
Tarek,Haddadin,Tarek Haddadin,1569,M35-39,Male,Colorado Springs,Colorado,United States,US,0:47:39,3:08:17,2:25:46,0:06:02,0:03:22,6:31:06,2859,11297,8746,362,202,23466,851,672,79,871,645,68,828,661,77,851,672,79,Finisher,1159
Caroline,Clark,Caroline Clark,1582,F18-24,Female,Englewood,COLORADO,United States,US,0:38:04,2:59:40,2:38:27,0:10:21,0:04:37,6:31:10,2284,10780,9507,621,277,23470,852,180,34,268,80,19,563,101,18,852,180,34,Finisher,1592
Rami,Haddadin,Rami Haddadin,1576,M30-34,Male,Lakewood,Colorado,United States,US,0:46:13,3:14:30,2:20:40,0:05:27,0:04:21,6:31:11,2773,11670,8440,327,261,23471,853,673,123,778,581,105,906,719,128,853,673,123,Finisher,726
Alvaro,Espinosa Raynal,Alvaro Espinosa Raynal,215,M30-34,Male,Álvaro Obregón ,MX-CMX,Mexico,MX,0:53:00,2:51:39,2:31:29,0:06:57,0:08:12,6:31:17,3180,10299,9089,417,492,23477,854,674,124,1146,837,158,631,515,91,854,674,124,Finisher,724
Andrew,Ulloa,Andrew Ulloa,1678,M30-34,Male,LEADVILLE,CO,United States,US,0:52:32,3:21:21,2:08:49,0:04:14,0:04:28,6:31:24,3152,12081,7729,254,268,23484,855,675,125,1126,826,154,1068,828,153,855,675,125,Finisher,722
Justin,Harris,Justin Harris,147,M25-29,Male,Westminster,Co,United States,US,0:41:18,3:10:42,2:27:27,0:07:16,0:04:42,6:31:25,2478,11442,8847,436,282,23485,856,676,139,442,326,67,785,632,121,856,676,139,Finisher,700
Dawn,Beckner,Dawn Beckner,1614,F45-49,Female,Denver,Colorado,United States,US,0:41:32,3:10:47,2:29:18,0:05:47,0:04:07,6:31:31,2492,11447,8958,347,247,23491,857,181,11,456,122,6,761,150,9,857,181,11,Finisher,1981
Sara,Walker,Sara Walker,1673,F35-39,Female,Denver,CO,United States,US,0:49:49,3:26:55,2:01:23,0:08:43,0:04:44,6:31:33,2989,12415,7283,523,284,23493,858,182,20,994,259,28,1169,282,32,858,182,20,Finisher,1323
Aaron,Sampson,Aaron Sampson,862,M30-34,Male,San Diego,CA,United States,US,0:41:17,3:25:23,2:11:48,0:05:16,0:07:54,6:31:38,2477,12323,7908,316,474,23498,859,677,126,439,324,63,994,777,140,859,677,126,Finisher,718
Del,Bonnell,Del Bonnell,854,M18-24,Male,Denver,CO,United States,US,0:55:19,3:29:31,1:55:00,0:05:59,0:05:51,6:31:39,3319,12571,6900,359,351,23499,860,678,112,1212,880,155,1213,914,154,860,678,112,Finisher,861
Ben,Hakes,Ben Hakes,1555,M40-44,Male,SPANISH FORK,UT,United States,US,0:43:41,2:59:25,2:33:03,0:08:17,0:07:17,6:31:43,2621,10765,9183,497,437,23503,861,679,73,610,454,46,625,509,63,861,679,73,Finisher,883
 Bryan,Sachtleben,Bryan Sachtleben,745,M30-34,Male,Northglenn,Colorado,United States,US,0:50:38,3:13:43,2:11:42,0:08:24,0:07:17,6:31:44,3038,11623,7902,504,437,23504,862,680,127,1040,768,141,1003,784,142,862,680,127,Finisher,716
Jessica,Beckwith,Jessica Beckwith,1742,F25-29,Female,Clayton,MO,United States,US,0:37:36,3:27:37,2:14:38,0:06:23,0:05:33,6:31:48,2256,12457,8078,383,333,23508,863,183,33,245,73,23,992,217,37,863,183,33,Finisher,1687
Craig,Clark,Craig Clark,1570,M45-49,Male,CHERRY HL VLG,CO,United States,US,0:41:10,3:15:18,2:20:18,0:07:12,0:07:51,6:31:49,2470,11718,8418,432,471,23509,864,681,57,429,316,27,861,686,56,864,681,57,Finisher,1025
Kyle,Mcgill,Kyle Mcgill,1205,M35-39,Male,San Mateo,CA,United States,US,0:35:40,3:03:55,2:28:12,0:10:23,0:13:41,6:31:50,2140,11035,8892,623,821,23510,865,682,80,157,113,9,591,487,58,865,682,80,Finisher,1145
Samantha,Piotrowski,Samantha Piotrowski,305,F30-34,Female,Broomfield,CO,United States,US,0:44:37,3:10:56,2:24:22,0:05:35,0:06:25,6:31:55,2677,11456,8662,335,385,23515,866,184,46,667,172,43,813,159,37,866,184,46,Finisher,1351
Jared,Meltzner,Jared Meltzner,1220,M18-24,Male,Littleton,Colorado,United States,US,0:52:11,3:08:14,2:21:04,0:06:19,0:04:14,6:32:03,3131,11294,8464,379,254,23523,867,683,113,1107,816,143,916,726,121,867,683,113,Finisher,854
Nick,Zasowski,Nick Zasowski,1348,M35-39,,,,United States,US,0:52:14,3:18:11,2:09:29,0:08:13,0:04:16,6:32:23,3134,11891,7769,493,256,23543,868,684,81,1110,818,87,1081,833,92,868,684,81,Finisher,1136
Nick,Garreffa,Nick Garreffa,855,M45-49,Male,Aurora,Colorado,United States,US,0:48:48,3:03:15,2:31:30,0:04:56,0:04:07,6:32:36,2928,10995,9090,296,247,23556,869,685,58,937,698,57,737,593,51,869,685,58,Finisher,1011
Amy,Surdam,Amy Surdam,1258,F50-54,Female,Cheyenne,WY,United States,US,0:48:56,3:04:58,2:24:46,0:07:17,0:06:44,6:32:40,2936,11098,8686,437,404,23560,870,185,9,941,243,9,815,160,6,870,185,9,Finisher,2113
Richard,Jewitt,Richard Jewitt,260,M50-54,Male,Cochrane,CA-AB,Canada,CA,0:40:29,2:59:07,2:42:53,0:05:28,0:04:57,6:32:53,2429,10747,9773,328,297,23573,871,686,41,394,289,21,514,422,29,871,686,41,Finisher,1065
Joe,Lynch,Joe Lynch,173,M30-34,Male,Denver,CO,United States,US,0:38:13,3:09:50,2:32:57,0:06:52,0:05:02,6:32:55,2293,11390,9177,412,302,23575,872,687,128,275,195,41,701,568,102,872,687,128,Finisher,700
Ken,Stokes,Ken Stokes,1256,M60-64,Male,Highlands Ranch,CO,United States,US,0:48:04,3:00:41,2:32:06,0:05:17,0:06:49,6:32:58,2884,10841,9126,317,409,23578,873,688,16,902,669,12,686,559,14,873,688,16,Finisher,1482
Kaden,Comish,Kaden Comish,1725,M25-29,Male,Provo,UT,United States,US,0:40:40,3:19:41,2:19:52,0:07:24,0:05:29,6:33:05,2440,11981,8392,444,329,23585,874,689,140,405,298,58,933,737,145,874,689,140,Finisher,700
Audrey,Carter,Audrey Carter,657,F45-49,Female,Bonney Lake,WA,United States,US,0:48:16,2:58:18,2:29:35,0:09:22,0:07:42,6:33:14,2896,10698,8975,562,462,23594,875,186,12,915,235,16,718,139,8,875,186,12,Finisher,1950
Travis,Buhler,Travis Buhler,788,M40-44,Male,San Antonio,Texas,United States,US,0:47:55,3:23:27,2:10:15,0:08:20,0:03:18,6:33:15,2875,12207,7815,500,198,23595,876,690,74,890,661,65,1092,842,90,876,690,74,Finisher,855
Logan,Halla,Logan Halla,1337,M18-24,Male,Colorado Springs,Colorado,United States,US,0:43:22,3:31:22,2:05:42,0:06:34,0:06:17,6:33:17,2602,12682,7542,394,377,23597,877,691,114,585,437,73,1118,861,144,877,691,114,Finisher,831
Caidan,Caswell,Caidan Caswell,905,M18-24,Male,Castle Rock,CO,United States,US,0:52:10,2:56:31,2:33:48,0:06:44,0:04:04,6:33:18,3130,10591,9228,404,244,23598,878,692,115,1106,815,142,707,570,93,878,692,115,Finisher,831
Greg,Rosin,Greg Rosin,836,M75-79,Male,BRECKENRIDGE,CO,United States,US,0:43:44,3:00:55,2:37:55,0:06:07,0:04:39,6:33:19,2624,10855,9475,367,279,23599,879,693,1,614,457,1,609,498,1,879,693,1,Finisher,3500
Kyle,Walter,Kyle Walter,871,M35-39,Male,Albuquerque,NM,United States,US,0:47:37,3:09:16,2:21:59,0:09:43,0:04:47,6:33:21,2857,11356,8519,583,287,23601,880,694,82,868,642,67,913,724,85,880,694,82,Finisher,1118
Justin,Neustadter,Justin Neustadter,1247,M40-44,Male,Denver,Colorado,United States,US,0:49:19,3:04:09,2:31:57,0:04:22,0:03:34,6:33:21,2959,11049,9117,262,214,23601,881,695,75,963,716,76,754,606,70,881,695,75,Finisher,853
Cailyn,Strini,Cailyn Strini,536,F25-29,Female,Denver,Colorado,United States,US,0:50:33,3:15:17,2:16:21,0:07:07,0:04:33,6:33:51,3033,11717,8181,427,273,23631,882,187,34,1032,271,63,1005,220,38,882,187,34,Finisher,1650
Daniel,caddy,Daniel caddy,1157,M18-24,Male,Joliet,Montana,United States,US,0:57:24,2:53:07,2:34:47,0:05:01,0:03:41,6:34:01,3444,10387,9287,301,221,23641,883,696,116,1261,912,157,709,572,95,883,696,116,Finisher,818
Vinh,Lee,Vinh Lee,1094,M25-29,Male,Denver,Colorado,United States,US,0:36:56,3:19:08,2:28:37,0:05:26,0:03:55,6:34:02,2216,11948,8917,326,235,23642,884,697,141,208,146,32,820,657,127,884,697,141,Finisher,700
Jackson,Skeeters,Jackson Skeeters,1601,M25-29,Male,Denver,CO,United States,US,0:50:20,3:31:48,2:00:32,0:05:27,0:06:00,6:34:07,3020,12708,7232,327,360,23647,885,698,142,1020,754,154,1183,892,180,885,698,142,Finisher,700
Mike,Fassel,Mike Fassel,1647,M45-49,Male,Denver,CO,United States,US,0:45:32,3:15:30,2:21:12,0:06:42,0:05:13,6:34:09,2732,11730,8472,402,313,23649,886,699,59,732,543,49,932,736,63,886,699,59,Finisher,983
Maximilian,Anderson,Maximilian Anderson,1175,M35-39,Male,Grand Junction,Colorado,United States,US,0:48:03,3:01:47,2:27:35,0:10:55,0:05:55,6:34:15,2883,10907,8855,655,355,23655,887,700,83,900,667,71,805,647,74,887,700,83,Finisher,1102
Jack,Zamora,Jack Zamora,991,M18-24,Male,Fort Collins,COLORADO,United States,US,0:50:36,3:06:19,2:23:00,0:09:36,0:04:44,6:34:15,3036,11179,8580,576,284,23655,888,701,117,1036,764,132,912,723,120,888,701,117,Finisher,814
Jasmine,Duran,Jasmine Duran,587,F35-39,Female,SAN DIEGO,CA,United States,US,0:33:55,3:30:00,2:18:38,0:06:56,0:04:51,6:34:20,2035,12600,8318,416,291,23660,889,188,21,108,29,4,979,212,23,889,188,21,Finisher,1273
Mikel,Gonzalez-Arellano,Mikel Gonzalez-Arellano,1556,M25-29,Male,Houston,TX,Spain,ES,0:47:18,3:00:22,2:32:01,0:09:13,0:05:27,6:34:21,2838,10822,9121,553,327,23661,890,702,143,854,634,128,736,592,109,890,702,143,Finisher,700
Billy,Burnley,Billy Burnley,833,M30-34,Male,Santa Cruz,CALIFORNIA,New Zealand,NZ,0:49:39,3:01:45,2:34:10,0:06:24,0:02:26,6:34:24,2979,10905,9250,384,146,23664,891,703,129,983,727,135,753,605,108,891,703,129,Finisher,700
Joe,Bond,Joe Bond,529,M60-64,Male,Kamas,UT,United States,US,0:57:06,2:56:59,2:21:15,0:11:42,0:07:26,6:34:28,3426,10619,8475,702,446,23668,892,704,17,1250,906,21,900,715,17,892,704,17,Finisher,1455
Jocelyn,Grigsby,Jocelyn Grigsby,1660,F30-34,,Englewood,CO,United States,US,0:49:34,3:10:46,2:22:50,0:06:09,0:05:09,6:34:28,2974,11446,8570,369,309,23668,893,189,47,978,253,66,911,189,44,893,189,47,Finisher,1305
Rebecca,Lederer,Rebecca Lederer,1365,F55-59,Female,Santa Clara,California,United States,US,0:47:23,3:21:43,2:06:56,0:08:08,0:10:33,6:34:42,2843,12103,7616,488,633,23682,894,190,11,859,223,12,1056,237,15,894,190,11,Finisher,1819
Tricia,Byrne,Tricia Byrne,572,F30-34,Female,New York,New York,United States,US,0:49:01,3:28:13,2:04:41,0:07:51,0:05:13,6:35:00,2941,12493,7481,471,313,23700,895,191,48,947,246,64,1160,276,71,895,191,48,Finisher,1295
Matthew,Schmerber,Matthew Schmerber,1135,M30-34,Male,WOODWAY,TX,United States,US,0:49:36,3:10:05,2:23:18,0:07:48,0:04:39,6:35:26,2976,11405,8598,468,279,23726,896,705,130,979,726,134,928,734,130,896,705,130,Finisher,700
Jay,McDonald,Jay McDonald,592,M25-29,Male,Boulder,Colorado,United States,US,0:37:02,3:29:29,2:12:36,0:07:59,0:08:22,6:35:28,2222,12569,7956,479,502,23728,897,706,144,215,150,34,1023,798,159,897,706,144,Finisher,700
Amy,Gaber,Amy Gaber,1080,F35-39,Female,Peoria,AZ,United States,US,0:54:17,3:19:42,2:11:07,0:05:07,0:05:20,6:35:34,3257,11982,7867,307,320,23734,898,192,22,1184,324,36,1086,250,29,898,192,22,Finisher,1251
Calina,Ackerman,Calina Ackerman,322,F18-24,Female,BLUE MOUNDS,WI,United States,US,0:35:44,3:11:44,2:34:15,0:07:14,0:06:47,6:35:44,2144,11504,9255,434,407,23744,899,193,35,162,47,8,698,132,25,899,193,35,Finisher,1510
Zara,Alkaff,Zara Alkaff,1235,F25-29,Female,Denver,CO,United States,US,0:36:26,3:26:06,2:24:21,0:05:05,0:03:46,6:35:45,2186,12366,8661,305,226,23745,900,194,35,191,56,20,931,196,35,900,194,35,Finisher,1616
Kellan,Voorhies,Kellan Voorhies,396,M18-24,Male,Eugene,OR,United States,US,0:48:27,2:56:12,2:42:00,0:04:49,0:04:16,6:35:45,2907,10572,9720,289,256,23745,901,707,118,921,685,119,581,479,77,901,707,118,Finisher,787
Sean,Swierczewski,Sean Swierczewski,996,M30-34,Male,Denver,CO,United States,US,0:49:24,3:18:44,2:14:30,0:08:52,0:04:17,6:35:47,2964,11924,8070,532,257,23747,902,708,131,972,722,131,1051,817,149,902,708,131,Finisher,700
Grant,Thompson,Grant Thompson,151,M30-34,Male,Denver,Colorado,United States,US,1:07:17,2:59:51,2:08:11,0:10:22,0:10:15,6:35:57,4037,10791,7691,622,615,23757,903,709,132,1371,995,178,1059,821,150,903,709,132,Finisher,700
Margaret,Rose,Margaret Rose,915,F25-29,Female,Denver,Colorado,United States,US,0:43:40,3:23:18,2:16:48,0:06:23,0:05:57,6:36:06,2620,12198,8208,383,357,23766,904,195,36,607,155,40,1012,223,41,904,195,36,Finisher,1610
David,Parsons,David Parsons,733,M30-34,Male,Boulder,Colorado,United States,US,0:54:15,3:11:01,2:12:11,0:09:09,0:09:36,6:36:12,3255,11461,7931,549,576,23772,905,710,133,1181,858,161,1021,796,146,905,710,133,Finisher,700
Connor,Welch,Connor Welch,686,M18-24,Male,Longmont,Colorado,United States,US,0:45:52,2:58:38,2:38:10,0:06:18,0:07:25,6:36:24,2752,10718,9490,378,445,23784,906,711,119,751,559,98,611,500,79,906,711,119,Finisher,775
Ryan,Bauer,Ryan Bauer,176,M30-34,Male,Lakewood,Colorado,United States,US,0:43:58,3:19:06,2:19:29,0:09:38,0:04:15,6:36:25,2638,11946,8369,578,255,23785,907,712,134,622,464,82,1002,783,141,907,712,134,Finisher,700
Ben,Diu,Ben Diu,1532,M35-39,Male,Littleton,CO,United States,US,1:03:02,3:05:43,2:12:37,0:10:01,0:05:10,6:36:33,3782,11143,7957,601,310,23793,908,713,84,1338,971,108,1082,834,93,908,713,84,Finisher,1061
Leandra,Kellogg,Leandra Kellogg,886,F30-34,Female,Denver,CO,United States,US,0:47:49,3:07:52,2:21:37,0:11:13,0:08:16,6:36:47,2869,11272,8497,673,496,23807,909,196,49,883,228,61,919,192,46,909,196,49,Finisher,1263
Michael,Thill,Michael Thill,136,M18-24,Male,Fort Collins,CO,United States,US,0:50:17,3:13:39,2:22:34,0:06:25,0:04:01,6:36:55,3017,11619,8554,385,241,23815,910,714,120,1017,752,127,974,763,128,910,714,120,Finisher,766
Maxemillion,Carter-Capelouto,Maxemillion Carter-Capelouto,655,M25-29,Male,Bonney Lake,WA,United States,US,0:49:23,2:53:47,2:39:55,0:08:48,0:05:18,6:37:11,2963,10427,9595,528,318,23831,911,715,145,970,720,145,637,521,88,911,715,145,Finisher,700
Jorge,Bernate,Jorge Bernate,1228,M40-44,Male,GREENWOOD VLG,CO,United States,US,0:35:16,3:07:50,2:36:01,0:10:45,0:07:47,6:37:40,2116,11270,9361,645,467,23860,912,716,76,139,101,8,682,556,64,912,716,76,Finisher,776
Jenna,Wilf,Jenna Wilf,558,F25-29,Female,Boulder,Colorado,United States,US,0:31:53,3:36:57,2:17:18,0:06:18,0:05:29,6:37:55,1913,13017,8238,378,329,23875,913,197,37,61,12,3,1032,227,42,913,197,37,Finisher,1577
Jack,Votta,Jack Votta,1656,M18-24,Male,Aurora,CO,United States,US,0:41:40,3:20:27,2:18:42,0:07:52,0:09:15,6:37:56,2500,12027,8322,472,555,23876,914,717,121,464,341,57,969,758,125,914,717,121,Finisher,748
Maria Alejandra ,Pulido,Maria Alejandra Pulido,465,F50-54,Female,WESTON,FL,United States,US,1:01:01,3:15:02,2:13:35,0:05:17,0:03:05,6:38:00,3661,11702,8015,317,185,23880,915,198,10,1319,362,14,1120,259,12,915,198,10,Finisher,2017
Brian,Erickson,Brian Erickson,1599,M45-49,Male,Colorado Springs,CO,United States,US,0:59:01,2:57:31,2:24:14,0:08:46,0:08:32,6:38:04,3541,10651,8654,526,512,23884,916,718,60,1294,938,70,889,707,59,916,718,60,Finisher,913
Samantha,Schmitt,Samantha Schmitt,1038,F30-34,Female,Reno,NV,United States,US,0:52:54,3:12:55,2:21:12,0:06:07,0:04:59,6:38:07,3174,11575,8472,367,299,23887,917,199,50,1142,309,74,995,218,53,917,199,50,Finisher,1239
Leah,Pate,Leah Pate,1734,F45-49,Female,Marina Del Rey,CA,United States,US,0:46:42,3:10:51,2:27:01,0:06:42,0:06:53,6:38:10,2802,11451,8821,402,413,23890,918,200,13,813,207,14,870,181,14,918,200,13,Finisher,1861
Jackson,Swafford,Jackson Swafford,1336,M18-24,Male,Castle Rock,Colorado,United Kingdom,GB,0:40:51,3:18:05,2:26:43,0:07:08,0:05:24,6:38:11,2451,11885,8803,428,324,23891,919,719,122,414,303,48,905,718,117,919,719,122,Finisher,743
Ken,Breinholt,Ken Breinholt,1025,M45-49,Male,Albuquerque,NM,United States,US,0:55:45,3:02:04,2:29:22,0:07:27,0:03:49,6:38:28,3345,10924,8962,447,229,23908,920,720,61,1220,886,66,888,706,58,920,720,61,Finisher,906
Mohit,Padhye,Mohit Padhye,919,M25-29,Male,Katy,TX,United States,US,0:41:45,3:15:18,2:32:04,0:06:21,0:03:09,6:38:36,2505,11718,9124,381,189,23916,921,721,146,468,343,72,854,681,135,921,721,146,Finisher,700
Hunter,Ruskanen,Hunter Ruskanen,174,M25-29,Male,Littleton,CO,United States,US,0:44:25,3:14:20,2:26:16,0:08:40,0:05:06,6:38:47,2665,11660,8776,520,306,23927,922,722,147,653,488,98,926,732,143,922,722,147,Finisher,700
Aidan,Nielsen,Aidan Nielsen,925,M18-24,Male,Ogden,Utah,United States,US,0:44:06,3:06:56,2:30:39,0:08:48,0:08:25,6:38:54,2646,11216,9039,528,505,23934,923,723,123,633,474,83,795,639,103,923,723,123,Finisher,730
William,Edgar,William Edgar,517,M25-29,Male,Boulder,Colorado,United States,US,0:47:42,3:26:07,2:12:54,0:07:33,0:04:39,6:38:54,2862,12367,7974,453,279,23934,924,724,148,876,650,130,1122,863,173,924,724,148,Finisher,700
Daryl,Gasca,Daryl Gasca,148,M40-44,Male,GLENWOOD SPGS,CO,United States,US,0:44:00,3:05:04,2:34:46,0:07:23,0:07:51,6:39:04,2640,11104,9286,443,471,23944,925,725,77,625,466,49,725,585,68,925,725,77,Finisher,750
Forrest,Hallstrom,Forrest Hallstrom,1506,M55-59,Male,SALT LAKE CTY,UT,United States,US,0:40:12,3:02:33,2:43:05,0:06:27,0:06:52,6:39:10,2412,10953,9785,387,412,23950,926,726,36,376,275,15,577,475,30,926,726,36,Finisher,1346
Kasey,Fuscoe,Kasey Fuscoe,844,F30-34,Female,Denver,CO,United States,US,0:39:17,3:06:42,2:41:08,0:06:13,0:05:57,6:39:17,2357,11202,9668,373,357,23957,927,201,51,328,92,25,642,118,29,927,201,51,Finisher,1218
Matthew,Kapsak,Matthew Kapsak,1467,M40-44,Male,Denver,Colorado,United States,US,0:40:38,3:06:24,2:36:57,0:07:48,0:07:50,6:39:37,2438,11184,9417,468,470,23977,928,727,78,403,297,33,699,567,67,928,727,78,Finisher,740
Amber,Koch,Amber Koch,408,F30-34,Female,Boulder,Colorado,United States,US,0:47:03,3:24:29,2:18:02,0:06:24,0:03:47,6:39:45,2823,12269,8282,384,227,23985,929,202,52,839,216,57,1064,240,60,929,202,52,Finisher,1210
Miguel,Molina,Miguel Molina,1485,M40-44,Male,Fort Collins,Colorado,United States,US,1:06:14,3:13:43,2:06:24,0:07:37,0:05:59,6:39:57,3974,11623,7584,457,359,23997,930,728,79,1361,988,98,1182,891,92,930,728,79,Finisher,734
Bryce,Lutjen,Bryce Lutjen,1525,M18-24,Male,Englewood,Colorado,United States,US,0:59:08,3:16:33,2:06:26,0:11:10,0:06:44,6:40:00,3548,11793,7586,670,404,24000,931,729,124,1296,940,161,1175,889,150,931,729,124,Finisher,710
Paul,TenHaken,Paul TenHaken,884,M45-49,Male,Sioux Falls,SD,United States,US,0:51:34,3:10:57,2:25:54,0:05:54,0:05:42,6:40:01,3094,11457,8754,354,342,24001,932,730,62,1082,800,61,945,745,64,932,730,62,Finisher,878
Carolyn,Windler,Carolyn Windler,537,F30-34,Female,Denver,Colorado,United States,US,0:46:37,3:28:24,2:14:14,0:05:50,0:05:06,6:40:12,2797,12504,8054,350,306,24012,933,203,53,811,206,56,1111,255,67,933,203,53,Finisher,1202
Vanessa,Perez,Vanessa Perez,475,F40-44,Female,Winter Garden,FL,Venezuela,VE,1:02:24,3:02:16,2:24:53,0:06:41,0:04:07,6:40:20,3744,10936,8693,401,247,24020,934,204,21,1329,364,36,987,215,24,934,204,21,Finisher,1378
Austin,Scott,Austin Scott,1178,M18-24,Male,Longmont,CO,United States,US,0:42:27,3:04:57,2:46:29,0:03:57,0:02:51,6:40:41,2547,11097,9989,237,171,24041,935,731,125,512,379,63,624,508,81,935,731,125,Finisher,700
Eva,Zaro,Eva Zaro,636,F18-24,Female,Bothell,Washington,United States,US,0:47:58,3:26:32,2:14:03,0:07:06,0:05:08,6:40:48,2878,12392,8043,426,308,24048,936,205,36,893,232,41,1125,260,42,936,205,36,Finisher,1419
Geoff,Sieron,Geoff Sieron,820,M35-39,Male,,,United States,US,0:55:34,3:14:20,2:15:12,0:10:29,0:05:16,6:40:51,3334,11660,8112,629,316,24051,937,732,85,1214,882,99,1102,850,95,937,732,85,Finisher,983
David,Nebel,David Nebel,1571,M35-39,Male,Denver,CO,United States,US,0:48:08,3:04:26,2:28:45,0:10:29,0:09:05,6:40:54,2888,11066,8925,629,545,24054,938,733,86,908,675,72,848,677,78,938,733,86,Finisher,982
Matthew,Grafton,Matthew Grafton,860,M30-34,Male,Tucson,AZ,United States,US,0:48:04,3:05:20,2:27:04,0:12:08,0:08:18,6:40:54,2884,11120,8824,728,498,24054,939,734,135,901,668,125,894,711,126,939,734,135,Finisher,700
Abby,Morillon,Abby Morillon,1565,F25-29,Female,Cheyenne,WY,United States,US,0:55:07,3:21:45,2:12:31,0:06:41,0:04:50,6:40:54,3307,12105,7951,401,290,24054,940,206,38,1206,332,77,1143,268,49,940,206,38,Finisher,1523
Emma,Mcneil,Emma Mcneil,903,F30-34,Female,Austin,TX,United States,US,0:48:03,3:17:13,2:28:31,0:03:58,0:03:15,6:41:00,2883,11833,8911,238,195,24060,941,207,54,898,233,62,956,206,51,941,207,54,Finisher,1187
Francis,Goonan,Francis Goonan,1401,M25-29,Male,Denver,CO,United States,US,0:51:58,3:01:44,2:35:31,0:06:18,0:05:29,6:41:00,3118,10904,9331,378,329,24060,942,735,149,1093,806,164,797,641,122,942,735,149,Finisher,700
Robert,Briggs,Robert Briggs,1424,M50-54,Male,Firestone,CO,United States,US,0:40:48,3:04:36,2:40:53,0:08:48,0:05:59,6:41:05,2448,11076,9653,528,359,24065,943,736,42,410,301,23,690,562,37,943,736,42,Finisher,918
Harmony ,Albertoni,Harmony Albertoni,1309,F25-29,Female,Arvada ,Colorado,United States,US,0:52:25,3:38:49,2:00:47,0:05:07,0:04:06,6:41:14,3145,13129,7247,307,246,24074,944,208,39,1117,297,69,1253,317,66,944,208,39,Finisher,1517
Dixey Piper,Auer,Dixey Piper Auer,371,F18-24,Female,Dallas,Texas,United States,US,0:35:51,3:06:01,2:46:11,0:08:16,0:04:58,6:41:17,2151,11161,9971,496,298,24077,945,209,37,172,50,9,593,105,19,945,209,37,Finisher,1410
Jessie ,Pellant ,Jessie Pellant,388,F40-44,Female,Lakewood,Colorado,United States,US,0:55:47,3:06:01,2:24:53,0:07:56,0:06:50,6:41:27,3347,11161,8693,476,410,24087,946,210,22,1221,335,31,966,211,23,946,210,22,Finisher,1358
Bryce,Kallio,Bryce Kallio,145,M18-24,Male,Boulder,Colorado,United States,US,0:43:27,3:41:38,2:08:47,0:04:54,0:02:44,6:41:30,2607,13298,7727,294,164,24090,947,737,126,587,439,74,1203,907,152,947,737,126,Finisher,700
Kaylie ,Nelson,Kaylie Nelson,473,F25-29,Female,Aurora,Colorado,United States,US,0:49:51,3:20:03,2:22:11,0:05:42,0:03:42,6:41:30,2991,12003,8531,342,222,24090,948,211,40,998,261,59,1039,230,44,948,211,40,Finisher,1512
Pia,Pia,Pia Pia,927,F35-39,Female,Colorado Springs,CO,United States,US,0:49:33,3:21:11,2:20:47,0:05:24,0:04:36,6:41:31,2973,12071,8447,324,276,24091,949,212,23,976,252,27,1044,234,24,949,212,23,Finisher,1144
Kickie,Ward,Kickie Ward,452,F40-44,Female,Fort Myers,Florida,United States,US,0:43:18,3:28:20,2:15:21,0:08:51,0:05:58,6:41:49,2598,12500,8121,531,358,24109,950,213,23,576,147,8,1104,253,29,950,213,23,Finisher,1351
Anthony,Gallanis,Anthony Gallanis,1021,M30-34,Male,Boston,MA,United States,US,0:41:50,3:14:47,2:34:45,0:05:54,0:04:51,6:42:07,2510,11687,9285,354,291,24127,951,738,136,472,346,65,837,667,120,951,738,136,Finisher,700
Tyler,Crawley,Tyler Crawley,1092,M30-34,Male,Denver,Colorado,United States,US,1:00:05,3:22:16,2:01:00,0:09:31,0:09:17,6:42:08,3605,12136,7260,571,557,24128,952,739,137,1305,948,171,1225,923,171,952,739,137,Finisher,700
Alexander,Kozak,Alexander Kozak,283,M25-29,Male,Chicago,Illinois,United States,US,0:38:30,3:18:46,2:35:30,0:05:20,0:04:06,6:42:12,2310,11926,9330,320,246,24132,953,740,150,289,206,46,840,669,131,953,740,150,Finisher,700
Nicolas,Hillenbrand,Nicolas Hillenbrand,1538,M25-29,Male,Osseo,MN,United States,US,0:49:15,2:57:49,2:43:42,0:06:07,0:05:21,6:42:13,2955,10669,9822,367,321,24133,954,741,151,961,714,143,664,541,95,954,741,151,Finisher,700
Jim,Witter,Jim Witter,394,M65-69,Male,David City,Nebraska,United States,US,0:43:07,3:24:54,2:21:03,0:06:29,0:06:47,6:42:20,2587,12294,8463,389,407,24140,955,742,3,560,417,4,1022,797,5,955,742,3,Finisher,1753
Kristen,Hamilton,Kristen Hamilton,392,F35-39,Female,Saratoga Springs,UT,United States,US,0:32:57,3:03:01,2:57:42,0:05:01,0:03:44,6:42:24,1977,10981,10662,301,224,24144,956,214,24,80,22,3,441,73,9,956,214,24,Finisher,1128
Katlynn,Emaus,Katlynn Emaus,1648,F25-29,Female,Aurora,Colorado,United States,US,0:33:22,3:26:45,2:32:55,0:05:53,0:03:43,6:42:38,2002,12405,9175,353,223,24158,957,215,41,87,23,6,903,186,34,957,215,41,Finisher,1492
Hailey,Kiser,Hailey Kiser,490,F18-24,Female,Pewaukee,Wisconsin,United States,US,0:43:38,3:15:17,2:35:43,0:04:12,0:04:05,6:42:55,2618,11717,9343,252,245,24175,958,216,38,603,153,29,849,172,34,958,216,38,Finisher,1381
Courtney,Oran,Courtney Oran,1489,F25-29,Female,Fort Collins,Colorado,United States,US,0:50:56,3:26:27,2:09:36,0:06:41,0:09:16,6:42:56,3056,12387,7776,401,556,24176,959,217,42,1056,277,65,1148,271,51,959,217,42,Finisher,1487
Connor,Sechrist,Connor Sechrist,1043,M25-29,Male,San Jose,CA,United States,US,0:36:14,3:04:16,2:53:38,0:05:17,0:03:34,6:42:58,2174,11056,10418,317,214,24178,960,743,152,184,130,27,528,434,77,960,743,152,Finisher,700
Greg,Hartzler,Greg Hartzler,505,M25-29,Male,League City ,Texas ,United States,US,0:49:32,3:21:24,2:16:43,0:08:12,0:07:12,6:43:03,2972,12084,8203,492,432,24183,961,744,153,975,724,146,1087,837,168,961,744,153,Finisher,700
Natalie,Snow,Natalie Snow,1335,F25-29,Female,Denver,Colorado,United States,US,0:52:15,3:25:31,2:10:47,0:08:43,0:05:50,6:43:07,3135,12331,7847,523,350,24187,962,218,43,1112,294,67,1173,286,56,962,218,43,Finisher,1483
Katie,Stevens,Katie Stevens,805,F35-39,Female,Matthews,NC,United States,US,0:46:57,3:25:19,2:19:22,0:06:39,0:04:52,6:43:10,2817,12319,8362,399,292,24190,963,219,25,832,214,22,1084,249,28,963,219,25,Finisher,1114
Chelsey,Stillman,Chelsey Stillman,1188,F40-44,Female,parker,CO,United States,US,0:43:33,3:17:31,2:23:36,0:11:34,0:07:01,6:43:15,2613,11851,8616,694,421,24195,964,220,24,597,151,9,1001,219,25,964,220,24,Finisher,1325
Sarah,Loew,Sarah Loew,1632,F25-29,Female,WHITE HSE STA,NJ,United States,US,0:42:05,3:27:09,2:19:51,0:06:06,0:08:06,6:43:18,2525,12429,8391,366,486,24198,965,221,44,487,128,34,1034,229,43,965,221,44,Finisher,1480
Claire,Mai,Claire Mai,1572,F30-34,Female,Denver,Colorado,United States,US,0:36:42,3:18:13,2:36:23,0:06:42,0:05:19,6:43:20,2202,11893,9383,402,319,24200,966,222,55,199,57,16,825,165,38,966,222,55,Finisher,1145
Jacob,Katz,Jacob Katz,1040,M18-24,Male,80023,Colorado,United States,US,0:54:02,3:20:15,2:17:41,0:06:40,0:04:56,6:43:35,3242,12015,8261,400,296,24215,967,745,127,1175,853,148,1113,858,143,967,745,127,Finisher,700
Carolyn,Wyborney,Carolyn Wyborney,700,F60-64,Female,Houston,TX,United States,US,0:50:54,2:56:56,2:42:16,0:07:05,0:06:31,6:43:42,3054,10616,9736,425,391,24222,968,223,2,1054,276,4,700,133,2,968,223,2,Finisher,2482
Marco Antonio,Frasson,Marco Antonio Frasson,1118,M70-74,Male,Obernau,,Switzerland,CH,0:36:03,3:01:55,2:52:38,0:06:36,0:06:41,6:43:53,2163,10915,10358,396,401,24233,969,746,3,177,125,1,507,415,3,969,746,3,Finisher,2694
Emily,Germuth ,Emily Germuth,1287,F30-34,Female,Lakewood,Colorado,United States,US,0:47:05,3:23:55,2:22:53,0:06:03,0:04:04,6:44:00,2825,12235,8573,363,244,24240,970,224,56,843,218,58,1053,235,58,970,224,56,Finisher,1133
Ievgen,Tkachenko,Ievgen Tkachenko,737,M45-49,Male,MCKINNEY,TX,Ukraine,UA,1:02:19,3:13:49,2:17:39,0:05:13,0:05:50,6:44:51,3739,11629,8259,313,350,24291,971,747,63,1326,963,73,1121,862,70,971,747,63,Finisher,791
Dan,Popowics,Dan Popowics,1283,M60-64,Male,Cincinnati,OH,United States,US,0:52:24,3:13:12,2:13:12,0:14:46,0:11:19,6:44:52,3144,11592,7992,886,679,24292,972,748,18,1116,820,17,1101,849,21,972,748,18,Finisher,1268
Cole,Curtis,Cole Curtis,1210,M18-24,Male,Murrieta,CA,United States,US,0:32:59,3:15:37,2:47:25,0:04:24,0:05:07,6:45:32,1979,11737,10045,264,307,24332,973,749,128,81,59,13,659,537,89,973,749,128,Finisher,700
Paul,Bedi,Paul Bedi,922,M50-54,Male,CORAL GABLES,FL,United States,US,0:58:35,3:03:29,2:29:52,0:07:24,0:06:20,6:45:39,3515,11009,8992,444,380,24339,974,750,43,1290,934,57,961,754,50,974,750,43,Finisher,836
Jakob,Miller,Jakob Miller,1125,M25-29,Male,Phoenix,US-AZ,United States,US,1:00:46,3:08:27,2:27:16,0:05:53,0:03:25,6:45:47,3646,11307,8836,353,205,24347,975,751,154,1317,956,201,1031,805,161,975,751,154,Finisher,700
Federico,Kulyckyj,Federico Kulyckyj,484,M30-34,Male,Fort Lauderdale,Florida,United States,US,0:52:26,3:20:46,2:19:07,0:06:52,0:06:53,6:46:05,3146,12046,8347,412,413,24365,976,752,138,1118,821,152,1098,847,155,976,752,138,Finisher,700
Matthew,Webber,Matthew Webber,579,M25-29,Male,CAMBRIDGE,MA,United States,US,0:40:15,3:05:15,2:50:33,0:05:58,0:04:07,6:46:08,2415,11115,10233,358,247,24368,977,753,155,381,279,55,628,512,86,977,753,155,Finisher,700
Erin ,Fallon,Erin Fallon,1082,F25-29,Female,Westminster,Colorado,United States,US,1:01:18,3:05:43,2:29:05,0:06:19,0:03:47,6:46:13,3678,11143,8945,379,227,24373,978,225,45,1320,363,83,1011,222,40,978,225,45,Finisher,1427
Dishank,Kathuria,Dishank Kathuria,153,M25-29,Male,San Francisco,California,United States,US,0:54:19,3:17:21,2:24:05,0:05:32,0:05:05,6:46:22,3259,11841,8645,332,305,24382,979,754,156,1187,863,174,1054,819,165,979,754,156,Finisher,700
Eric,Shelton,Eric Shelton,993,M30-34,Male,Lakewood,CO,United States,US,0:45:20,3:23:15,2:15:35,0:09:15,0:13:15,6:46:40,2720,12195,8135,555,795,24400,980,755,139,721,536,96,1063,824,152,980,755,139,Finisher,700
Ryder,Nicolaus,Ryder Nicolaus,431,M18-24,Male,Niwot,Colorado,United States,US,0:49:41,3:07:56,2:37:07,0:08:34,0:03:28,6:46:45,2981,11276,9427,514,208,24405,981,756,129,985,728,123,907,720,118,981,756,129,Finisher,700
Jonathan,Rizzo,Jonathan Rizzo,590,M25-29,Male,Calgary,AB,Canada,CA,0:50:24,3:06:28,2:41:11,0:05:44,0:02:58,6:46:45,3024,11188,9671,344,178,24405,982,757,157,1023,757,155,839,668,130,982,757,157,Finisher,700
Bill,Engel,Bill Engel,167,M55-59,Male,Torrington,WY,United States,US,0:46:32,2:57:49,2:41:49,0:11:45,0:09:10,6:47:05,2792,10669,9709,705,550,24425,983,758,37,803,600,34,720,581,34,983,758,37,Finisher,1203
Brittany,Santeford,Brittany Santeford,1700,F30-34,Female,Black Diamond,Washington,United States,US,0:44:26,3:28:34,2:23:23,0:05:07,0:05:38,6:47:08,2666,12514,8603,307,338,24428,984,226,57,655,166,42,1069,241,61,984,226,57,Finisher,1077
Caroline,Twigg,Caroline Twigg,1266,F30-34,Female,Lakewood,Colorado,United States,US,0:44:47,3:15:42,2:37:30,0:05:02,0:04:09,6:47:10,2687,11742,9450,302,249,24430,985,227,58,685,178,46,892,183,43,985,227,58,Finisher,1076
Anthony,DeHoyos,Anthony DeHoyos,239,M35-39,Male,Amarillo,TEXAS,United States,US,0:42:46,3:09:38,2:44:34,0:06:31,0:03:51,6:47:21,2566,11378,9874,391,231,24441,986,759,87,532,394,41,775,623,71,986,759,87,Finisher,866
Jason,Cook,Jason Cook,1195,M45-49,Male,Aurora,Colorado,United States,US,0:49:10,3:00:40,2:44:33,0:07:01,0:06:02,6:47:25,2950,10840,9873,421,362,24445,987,760,64,959,712,58,735,591,50,987,760,64,Finisher,745
Paige,Forester,Paige Forester,1124,F25-29,Female,GLENCOE,IL,United States,US,0:41:20,3:12:06,2:41:55,0:06:13,0:05:52,6:47:27,2480,11526,9715,373,352,24447,988,228,46,445,118,33,790,155,29,988,228,46,Finisher,1405
Will,Mott,Will Mott,719,M35-39,Male,Boulder,Colorado,United States,US,0:56:09,3:13:20,2:26:19,0:06:51,0:05:16,6:47:54,3369,11600,8779,411,316,24474,989,761,88,1232,895,101,1047,813,91,989,761,88,Finisher,856
Jane,Salgado,Jane Salgado,1285,F18-24,Female,Forney,Texas,United States,US,0:52:27,3:33:12,2:10:33,0:06:28,0:05:20,6:48:00,3147,12792,7833,388,320,24480,990,229,39,1120,298,48,1231,305,50,990,229,39,Finisher,1289
Kaylee,Derra,Kaylee Derra,1454,F35-39,Female,Peyton,Colorado,United States,US,0:46:43,3:22:59,2:13:07,0:17:35,0:07:37,6:48:01,2803,12179,7987,1055,457,24481,991,230,26,814,208,21,1180,291,33,991,230,26,Finisher,1027
William,Johnson,William Johnson,118,M65-69,Male,AUSTIN,US-TX,United States,US,0:41:52,3:10:23,2:48:54,0:04:06,0:02:54,6:48:08,2512,11423,10134,246,174,24488,992,762,4,476,349,3,723,583,3,992,762,4,Finisher,1649
Isabel,Renfroe,Isabel Renfroe,837,F25-29,Female,Monument,CO,United States,US,0:44:28,3:34:06,2:19:28,0:05:18,0:05:00,6:48:19,2668,12846,8368,318,300,24499,993,231,47,656,167,43,1145,269,50,993,231,47,Finisher,1390
Marcus,Maita,Marcus Maita,1224,M50-54,Male,ALAMO,CA,United States,US,1:03:33,3:00:32,2:29:05,0:08:31,0:06:44,6:48:25,3813,10832,8945,511,404,24505,994,763,44,1343,975,60,1000,782,52,994,763,44,Finisher,786
Grace ,Lira,Grace Lira,779,F25-29,Female,Denver,Colorado,United States,US,0:49:00,3:29:42,2:16:25,0:06:51,0:06:32,6:48:30,2940,12582,8185,411,392,24510,995,232,48,946,245,53,1170,283,55,995,232,48,Finisher,1386
Harrison,Mclaughlin,Harrison Mclaughlin,1191,M25-29,Male,Timnath,Colorado,United States,US,0:54:08,2:58:33,2:43:11,0:06:25,0:06:22,6:48:40,3248,10713,9791,385,382,24520,996,764,158,1178,855,171,780,628,120,996,764,158,Finisher,700
Yannie,Hume,Yannie Hume,324,F30-34,Female,Longmont ,COLORADO,Germany,DE,0:52:14,3:10:14,2:26:39,0:11:14,0:08:41,6:49:02,3134,11414,8799,674,521,24542,997,233,59,1111,293,72,1014,224,54,997,233,59,Finisher,1043
Luisana,Perez,Luisana Perez,691,F40-44,Female,DORAL,FL,Colombia,CO,0:47:50,3:13:33,2:35:09,0:08:17,0:04:14,6:49:03,2870,11613,9309,497,254,24543,998,234,25,886,229,18,963,209,22,998,234,25,Finisher,1221
Ben,Simmons,Ben Simmons,968,M30-34,Male,Denver,Colorado,United States,US,0:52:09,3:01:28,2:44:38,0:06:00,0:04:51,6:49:07,3129,10888,9878,360,291,24547,999,765,140,1105,814,151,789,635,113,999,765,140,Finisher,700
Riana,Annandale,Riana Annandale,343,F55-59,Female,Castle Pines,CO,United States,US,0:43:31,3:01:15,2:48:28,0:07:30,0:08:27,6:49:11,2611,10875,10108,450,507,24551,1000,235,12,593,149,9,645,119,10,1000,235,12,Finisher,1559
Alexa,Unger,Alexa Unger,1290,F18-24,Female,Colorado Springs,CO,Canada,CA,0:58:22,3:23:32,2:11:08,0:08:19,0:07:52,6:49:12,3502,12212,7868,499,472,24552,1001,236,40,1285,355,57,1207,297,48,1001,236,40,Finisher,1268
Ryan,Nemethy,Ryan Nemethy,1012,M35-39,Male,Seattle,WA,United States,US,0:46:17,3:30:34,2:20:48,0:06:04,0:05:39,6:49:22,2777,12634,8448,364,339,24562,1002,766,89,786,587,62,1135,873,98,1002,766,89,Finisher,830
Taylor,Carter,Taylor Carter,1451,F18-24,Female,Houston,Texas,United States,US,0:44:13,3:23:51,2:28:21,0:06:51,0:06:09,6:49:25,2653,12231,8901,411,369,24565,1003,237,41,643,162,31,1026,226,40,1003,237,41,Finisher,1264
Steve,Bohin,Steve Bohin,1107,M50-54,Male,South Jordan,UT,United States,US,0:51:31,2:58:22,2:48:36,0:07:44,0:03:19,6:49:31,3091,10702,10116,464,199,24571,1004,767,45,1078,797,50,749,603,41,1004,767,45,Finisher,766
Christi,Keiser,Christi Keiser,652,F55-59,Female,SACHSE,TX,United States,US,0:52:44,3:10:38,2:36:53,0:05:17,0:04:07,6:49:40,3164,11438,9413,317,247,24580,1005,238,13,1133,302,14,949,202,13,1005,238,13,Finisher,1550
Brian,Burgess,Brian Burgess,1324,M40-44,Male,Gypsum,Colorado,United States,US,0:47:10,3:22:25,2:27:30,0:08:34,0:04:06,6:49:45,2830,12145,8850,514,246,24585,1006,768,80,847,628,59,1070,829,87,1006,768,80,Finisher,700
Dylan,Gates,Dylan Gates,726,M25-29,Male,Centennial,Colorado,United States,US,0:55:57,3:19:07,2:15:25,0:09:29,0:09:52,6:49:49,3357,11947,8125,569,592,24589,1007,769,159,1225,888,180,1156,883,177,1007,769,159,Finisher,700
Tim,Wojtalik,Tim Wojtalik,255,M55-59,Male,Louisville,CO,United States,US,0:49:09,3:06:55,2:45:06,0:04:38,0:04:11,6:49:59,2949,11215,9906,278,251,24599,1008,770,38,958,711,40,804,646,37,1008,770,38,Finisher,1151
Melanie,Rylander,Melanie Rylander,1134,F45-49,Female,Denver,CO,United States,US,0:52:46,3:24:02,2:13:26,0:12:33,0:07:13,6:49:59,3166,12242,8006,753,433,24599,1009,239,14,1134,303,18,1198,295,17,1009,239,14,Finisher,1649
Kevin,Thompson,Kevin Thompson,907,M40-44,Male,BROOMFIELD,CO,United States,US,0:42:55,3:21:13,2:33:32,0:05:35,0:06:56,6:50:10,2575,12073,9212,335,416,24610,1010,771,81,543,403,42,964,755,82,1010,771,81,Finisher,700
Michael,Jeffery,Michael Jeffery,1357,M18-24,Male,Wayland,MI,United States,US,1:00:04,3:28:35,2:09:12,0:08:36,0:03:49,6:50:16,3604,12515,7752,516,229,24616,1011,772,130,1304,947,162,1262,940,158,1011,772,130,Finisher,700
Mark,Wilkinson,Mark Wilkinson,1034,M40-44,Male,MILLCREEK,UT,United States,US,0:58:33,3:32:27,2:03:41,0:07:22,0:08:16,6:50:19,3513,12747,7421,442,496,24619,1012,773,82,1289,933,97,1269,947,97,1012,773,82,Finisher,700
Julia,Jongkind,Julia Jongkind,1294,F25-29,Female,Colorado Springs,Colorado,United States,US,0:49:48,3:26:54,2:26:21,0:04:35,0:02:49,6:50:26,2988,12414,8781,275,169,24626,1013,240,49,990,258,58,1116,257,46,1013,240,49,Finisher,1352
Marcus,Brown,Marcus Brown,1624,M30-34,Male,Santa Fe,New Mexico,United States,US,0:41:57,3:27:28,2:29:12,0:06:43,0:05:19,6:50:39,2517,12448,8952,403,319,24639,1014,774,141,481,354,67,1043,810,148,1014,774,141,Finisher,700
Andrea,Jimenez-Zambrano,Andrea Jimenez-Zambrano,1301,F35-39,Female,Littleton,CO,United States,US,0:48:16,3:22:11,2:28:09,0:07:47,0:04:21,6:50:46,2896,12131,8889,467,261,24646,1015,241,27,914,234,25,1073,243,25,1015,241,27,Finisher,977
Anthony,Sweat,Anthony Sweat,1503,M50-54,Male,Springville,UT,United States,US,0:46:37,3:08:44,2:37:06,0:07:00,0:11:21,6:50:49,2797,11324,9426,420,681,24649,1016,775,46,809,604,41,834,665,44,1016,775,46,Finisher,743
Madison,Floyde ,Madison Floyde,1355,F25-29,Female,Salt Lake City,Utah,United States,US,0:53:10,3:33:33,2:11:42,0:06:34,0:06:03,6:51:01,3190,12813,7902,394,363,24661,1017,242,50,1149,312,72,1237,309,64,1017,242,50,Finisher,1341
Spencer,Johnson,Spencer Johnson,957,M30-34,Male,Aurora,Colorado,United States,US,0:52:52,3:12:42,2:30:37,0:09:29,0:05:29,6:51:09,3172,11562,9037,569,329,24669,1018,776,142,1140,833,157,1029,803,147,1018,776,142,Finisher,700
Tony,Luu,Tony Luu,319,M55-59,Male,San Jose,CA,United States,US,0:58:32,3:16:15,2:20:33,0:09:33,0:06:18,6:51:11,3512,11775,8433,573,378,24671,1019,777,39,1288,932,48,1153,882,46,1019,777,39,Finisher,1129
Jennifer,Mckinnon,Jennifer Mckinnon,735,F40-44,Female,Brandon,MB,Canada,CA,0:46:52,3:01:00,2:51:28,0:07:28,0:04:36,6:51:25,2812,10860,10288,448,276,24685,1020,243,26,825,212,15,705,136,14,1020,243,26,Finisher,1178
Daniel,Cascarano,Daniel Cascarano,950,M40-44,Male,Parker,CO,United States,US,0:49:08,2:58:26,2:45:33,0:09:11,0:09:09,6:51:27,2948,10706,9933,551,549,24687,1021,778,83,957,710,75,733,590,69,1021,778,83,Finisher,700
Mackenzie,Whiteside,Mackenzie Whiteside,746,F30-34,Female,Littleton,CO,United States,US,0:45:28,3:13:33,2:42:43,0:05:09,0:04:38,6:51:31,2728,11613,9763,309,278,24691,1022,244,60,727,188,49,868,179,42,1022,244,60,Finisher,998
Evan,Rubin,Evan Rubin,929,M18-24,Male,Boulder,Colorado,United States,US,0:44:21,3:21:37,2:32:33,0:06:25,0:06:39,6:51:35,2661,12097,9153,385,399,24695,1023,779,131,649,485,87,997,779,130,1023,779,131,Finisher,700
Marissa,Short,Marissa Short,277,F30-34,Female,Tucson,AZ,United States,US,0:56:43,3:11:13,2:28:01,0:10:32,0:05:16,6:51:45,3403,11473,8881,632,316,24705,1024,245,61,1242,341,80,1075,245,64,1024,245,61,Finisher,994
Mitali,Desai,Mitali Desai,521,F18-24,Female,Aurora,Colorado,United States,US,0:55:41,3:22:17,2:26:51,0:04:58,0:02:28,6:52:15,3341,12137,8811,298,148,24735,1025,246,42,1218,334,53,1136,263,43,1025,246,42,Finisher,1213
peter,kagan,peter kagan,299,M55-59,Male,Montclair,New Jersey,United States,US,1:07:13,2:54:30,2:29:39,0:12:05,0:08:48,6:52:15,4033,10470,8979,725,528,24735,1026,780,40,1369,993,52,1015,791,42,1026,780,40,Finisher,1110
Danielle,Zacharias,Danielle Zacharias,568,F25-29,Female,Kremmling,CO,United States,US,0:36:59,3:19:11,2:45:52,0:06:15,0:04:03,6:52:20,2219,11951,9952,375,243,24740,1027,247,51,212,64,21,836,170,33,1027,247,51,Finisher,1317
Kameron,Klugh,Kameron Klugh,420,F25-29,Female,Denver,Colorado,United States,US,0:40:10,3:32:00,2:16:45,0:13:10,0:10:24,6:52:30,2410,12720,8205,790,624,24750,1028,248,52,375,101,29,1164,278,54,1028,248,52,Finisher,1314
Hemant,Daulta,Hemant Daulta,1507,M30-34,Male,Longmont,COLORADO,India,IN,0:52:39,3:19:24,2:23:55,0:10:03,0:06:30,6:52:31,3159,11964,8635,603,390,24751,1029,781,143,1128,828,155,1128,867,159,1029,781,143,Finisher,700
Jason,File,Jason File,1699,M50-54,Male,Albuquerque,NM,United States,US,0:56:17,3:01:06,2:40:58,0:06:44,0:07:38,6:52:43,3377,10866,9658,404,458,24763,1030,782,47,1235,898,56,866,689,46,1030,782,47,Finisher,708
Anthony,Cambria,Anthony Cambria,1133,M18-24,Male,Boulder,Colorado,United States,US,0:50:18,3:25:54,2:26:03,0:06:32,0:04:02,6:52:49,3018,12354,8763,392,242,24769,1031,783,132,1018,753,128,1133,871,145,1031,783,132,Finisher,700
Jen,Kern,Jen Kern,1282,F30-34,Female,Denver,Colorado,United States,US,0:46:04,3:30:06,2:23:14,0:07:08,0:06:21,6:52:53,2764,12606,8594,428,381,24773,1032,249,62,769,197,53,1139,265,69,1032,249,62,Finisher,974
Alec,Herr,Alec Herr,304,M35-39,Male,Superior,CO,United States,US,0:39:35,3:19:35,2:44:06,0:05:40,0:04:07,6:53:03,2375,11975,9846,340,247,24783,1033,784,90,339,246,22,879,698,82,1033,784,90,Finisher,764
John,Tierney,John Tierney,875,M25-29,Male,Reading,MA,United States,US,0:51:23,3:11:44,2:39:03,0:05:42,0:05:15,6:53:07,3083,11504,9543,342,315,24787,1034,785,160,1074,793,162,950,748,148,1034,785,160,Finisher,700
Bethany,Mitch,Bethany Mitch,791,F35-39,Female,Lakewood,Colorado,United States,US,0:52:01,3:21:29,2:28:33,0:05:00,0:06:09,6:53:13,3121,12089,8913,300,369,24793,1035,250,28,1098,289,32,1077,246,26,1035,250,28,Finisher,933
Roman,Steveley,Roman Steveley,1140,M18-24,Male,Fort Collins,COLORADO,United States,US,0:48:43,3:09:48,2:43:10,0:07:00,0:04:45,6:53:26,2923,11388,9790,420,285,24806,1036,786,133,934,695,121,893,710,115,1036,786,133,Finisher,700
Steven,Hindman,Steven Hindman,867,M25-29,Male,Englewood,Colorado,United States,US,0:46:51,2:59:56,2:47:42,0:10:19,0:08:54,6:53:41,2811,10796,10062,619,534,24821,1037,787,161,823,612,125,741,597,110,1037,787,161,Finisher,700
Riley,Dougherty,Riley Dougherty,931,F25-29,Female,Littleton,Colorado,United States,US,0:49:52,3:26:53,2:28:00,0:05:00,0:04:04,6:53:49,2992,12413,8880,300,244,24829,1038,251,53,999,262,60,1126,261,47,1038,251,53,Finisher,1291
Connor,Companik,Connor Companik,1609,M30-34,Male,Gilbert,Arizona,United States,US,1:08:21,3:15:58,2:09:46,0:10:52,0:08:54,6:53:51,4101,11758,7786,652,534,24831,1039,788,144,1388,1002,179,1248,934,172,1039,788,144,Finisher,700
Geo ,Velarde ,Geo Velarde,1316,M18-24,Male,Erie,Colorado,United States,US,0:57:43,3:41:19,2:04:43,0:05:03,0:05:07,6:53:54,3463,13279,7483,303,307,24834,1040,789,134,1270,918,158,1299,961,162,1040,789,134,Finisher,700
Carly,Spotts,Carly Spotts,1347,F25-29,Female,Denver,CO,United States,US,0:42:13,3:42:10,2:21:12,0:05:33,0:02:53,6:54:02,2533,13330,8472,333,173,24842,1041,252,54,492,129,35,1202,296,60,1041,252,54,Finisher,1287
Madeline,Huleatt,Madeline Huleatt,195,F30-34,Female,Denver,CO,United States,US,0:36:59,3:37:51,2:27:23,0:05:46,0:06:05,6:54:04,2219,13071,8843,346,365,24844,1042,253,63,213,65,17,1108,254,66,1042,253,63,Finisher,952
Kaitlyn,Dobbertin,Kaitlyn Dobbertin,1089,F25-29,Female,Brighton,CO,United States,US,0:47:24,3:43:57,2:09:30,0:07:48,0:05:46,6:54:24,2844,13437,7770,468,346,24864,1043,254,55,861,224,50,1276,327,70,1043,254,55,Finisher,1280
Kris,Aebischer,Kris Aebischer,1495,M50-54,Male,Brandon,FLORIDA,United States,US,0:48:34,3:14:54,2:37:29,0:05:43,0:07:45,6:54:26,2914,11694,9449,343,465,24866,1044,790,48,925,689,45,953,750,49,1044,790,48,Finisher,700
Christine,Kopcha,Christine Kopcha,56,F50-54,Female,Old Saybrook,CT,United States,US,1:04:46,3:23:15,2:17:02,0:05:58,0:03:25,6:54:26,3886,12195,8222,358,205,24866,1045,255,11,1352,371,15,1242,313,14,1045,255,11,Finisher,1721
Nicholas,Geyer,Nicholas Geyer,1639,M35-39,Male,Loveland,CO,United States,US,0:57:44,3:08:09,2:33:04,0:08:16,0:07:37,6:54:51,3464,11289,9184,496,457,24891,1046,791,91,1271,919,105,1019,795,90,1046,791,91,Finisher,731
Keano,Velasquez,Keano Velasquez,658,F35-39,Female,Arvada,CO,United States,US,0:52:00,3:32:09,2:15:11,0:12:14,0:03:21,6:54:55,3120,12729,8111,734,201,24895,1047,256,29,1096,288,31,1254,318,36,1047,256,29,Finisher,903
Nick,Mogren,Nick Mogren,1053,M25-29,Male,Forest Lake,Minnesota,United States,US,0:47:49,3:26:28,2:26:00,0:06:12,0:08:31,6:55:01,2869,12388,8760,372,511,24901,1048,792,162,885,657,132,1105,852,170,1048,792,162,Finisher,700
Nicolas,Vega,Nicolas Vega,1084,M35-39,Male,Austin,TX,United States,US,0:39:46,2:58:51,3:06:42,0:05:21,0:04:21,6:55:02,2386,10731,11202,321,261,24902,1049,793,92,353,256,23,493,405,46,1049,793,92,Finisher,728
Andres,Molina,Andres Molina,1449,M30-34,Male,Littleton,Colorado,El Salvador,SV,0:45:31,3:26:55,2:32:21,0:06:49,0:03:35,6:55:11,2731,12415,9141,409,215,24911,1050,794,145,730,542,97,1089,839,154,1050,794,145,Finisher,700
Adam,Forbush,Adam Forbush,1390,M25-29,Male,Lehi,UT,United States,US,0:50:11,3:08:32,2:42:19,0:08:07,0:06:04,6:55:12,3011,11312,9739,487,364,24912,1051,795,163,1010,748,153,917,727,141,1051,795,163,Finisher,700
Nicholas,Hammelev,Nicholas Hammelev,1087,M30-34,Male,COLORADO SPGS,CO,United States,US,0:36:05,3:49:16,2:18:30,0:06:21,0:05:21,6:55:33,2165,13756,8310,381,321,24933,1052,796,146,178,126,26,1224,922,170,1052,796,146,Finisher,700
Juliette,Lowe,Juliette Lowe,1619,F18-24,Female,Aurora,Colorado,United States,US,0:46:55,3:32:23,2:23:58,0:06:44,0:05:36,6:55:37,2815,12743,8638,404,336,24937,1053,257,43,828,213,39,1171,284,46,1053,257,43,Finisher,1152
Caleb,Downs,Caleb Downs,1153,M30-34,Male,Broomfield,Colorado,United States,US,0:56:07,3:19:46,2:26:13,0:08:01,0:05:34,6:55:41,3367,11986,8773,481,334,24941,1054,797,147,1230,893,164,1146,877,161,1054,797,147,Finisher,700
Cianna,Ferraro,Cianna Ferraro,372,F18-24,Female,Barkhamsted,Connecticut,United States,US,0:42:45,3:17:03,2:46:41,0:04:20,0:04:57,6:55:46,2565,11823,10001,260,297,24946,1055,258,44,531,138,26,867,178,35,1055,258,44,Finisher,1150
Edan,Schutt,Edan Schutt,209,M18-24,Male,Windsor,Colorado,United States,US,0:50:54,3:27:30,2:23:47,0:05:50,0:08:05,6:56:06,3054,12450,8627,350,485,24966,1056,798,135,1053,778,135,1152,881,148,1056,798,135,Finisher,700
Emily,Pacenta,Emily Pacenta,731,F30-34,Female,LITTLETON,CO,United States,US,0:40:49,3:32:16,2:33:06,0:05:19,0:04:50,6:56:20,2449,12736,9186,319,290,24980,1057,259,64,412,111,29,1074,244,63,1057,259,64,Finisher,911
Chris,Bennsky,Chris Bennsky,685,M30-34,Male,DENVER,CO,United States,US,0:46:56,3:12:10,2:44:57,0:06:49,0:05:31,6:56:24,2816,11530,9897,409,331,24984,1058,799,148,831,618,112,901,716,127,1058,799,148,Finisher,700
Tawny,Espinoza,Tawny Espinoza,1406,F45-49,Female,GRAND JCT,CO,United States,US,0:38:52,3:19:29,2:47:06,0:05:51,0:05:09,6:56:27,2332,11969,10026,351,309,24987,1059,260,15,311,88,2,869,180,13,1059,260,15,Finisher,1532
Manola Alejandra,Vargas Martinez,Manola Alejandra Vargas Martinez,306,F35-39,Female,Aguascalientes,MX-AGU,Mexico,MX,0:49:22,3:10:02,2:38:42,0:09:50,0:08:31,6:56:28,2962,11402,9522,590,511,24988,1060,261,30,968,250,26,955,205,22,1060,261,30,Finisher,875
Amber,Clark,Amber Clark,1073,F30-34,Female,WHEAT RIDGE,CO,United States,US,0:47:42,3:23:52,2:30:42,0:08:26,0:05:55,6:56:37,2862,12232,9042,506,355,24997,1061,262,65,877,227,60,1097,251,65,1061,262,65,Finisher,906
Mark,Gossage,Mark Gossage,977,M30-34,Male,Denver,Colorado,United States,US,0:50:08,3:23:42,2:25:04,0:08:39,0:09:05,6:56:39,3008,12222,8704,519,545,24999,1062,800,149,1009,747,139,1131,869,160,1062,800,149,Finisher,700
Curt,Gunsbury ,Curt Gunsbury,1402,M60-64,Male,Minneapolis ,Minnesota,United States,US,0:51:20,3:17:04,2:28:55,0:09:38,0:09:52,6:56:49,3080,11824,8935,578,592,25009,1063,801,19,1071,790,16,1066,826,20,1063,801,19,Finisher,1052
Jane,Hardy,Jane Hardy,1567,F30-34,Female,Centennial,Colorado,United States,US,0:46:20,3:27:22,2:28:42,0:08:36,0:05:56,6:56:56,2780,12442,8922,516,356,25016,1064,263,66,788,201,54,1129,262,68,1064,263,66,Finisher,901
Joshua,Davey-Winter,Joshua Davey-Winter,210,M18-24,Male,Denver,CO,United States,US,1:00:16,3:09:32,2:33:16,0:08:14,0:05:40,6:56:59,3616,11372,9196,494,340,25019,1065,802,136,1308,950,163,1067,827,136,1065,802,136,Finisher,700
Victoria,Herman,Victoria Herman,1110,F40-44,Female,Houston,TX,United States,US,0:51:35,3:16:18,2:34:45,0:06:18,0:08:04,6:57:00,3095,11778,9285,378,484,25020,1066,264,27,1085,285,25,1020,225,26,1066,264,27,Finisher,1078
Garrett,DeFaria,Garrett DeFaria,987,M25-29,Male,Denver,Colorado,United States,US,0:45:41,3:37:18,2:18:23,0:07:49,0:07:53,6:57:05,2741,13038,8303,469,473,25025,1067,803,164,744,552,115,1214,915,183,1067,803,164,Finisher,700
Cedrick,Corriveau,Cedrick Corriveau,1470,M25-29,Male,Saint-Jean-Sur-Richelieu,QC,Canada,CA,0:49:49,3:13:33,2:36:42,0:08:52,0:08:11,6:57:07,2989,11613,9402,532,491,25027,1068,804,165,993,735,150,996,778,156,1068,804,165,Finisher,700
JJ,Schuster,JJ Schuster,864,M50-54,Male,Olathe,US-KS,United States,US,0:49:05,2:51:17,2:59:44,0:11:53,0:05:19,6:57:19,2945,10277,10784,713,319,25039,1069,805,49,954,707,47,644,526,34,1069,805,49,Finisher,700
Trestle,Wrenick,Trestle Wrenick,1346,M18-24,Male,Arvada,Colorado,United States,US,0:47:44,3:31:53,2:24:52,0:07:11,0:05:44,6:57:24,2864,12713,8692,431,344,25044,1070,806,137,879,652,114,1174,888,149,1070,806,137,Finisher,700
Toby,Noyes,Toby Noyes,1362,M18-24,Male,Golden,CO,United States,US,0:49:50,3:34:13,2:21:00,0:08:10,0:04:18,6:57:31,2990,12853,8460,490,258,25051,1071,807,138,995,736,124,1233,927,155,1071,807,138,Finisher,700
Steven,ODay,Steven ODay,196,M50-54,Male,Grand Junction,Colorado,United States,US,1:07:25,3:09:01,2:25:47,0:07:42,0:07:42,6:57:36,4045,11341,8747,462,462,25056,1072,808,50,1375,996,62,1149,878,56,1072,808,50,Finisher,700
Kyle,Wright,Kyle Wright,349,M25-29,Male,Colorado Springs,Colorado,United States,US,0:58:56,3:08:52,2:33:08,0:09:14,0:07:28,6:57:37,3536,11332,9188,554,448,25057,1073,809,166,1292,936,195,1052,818,164,1073,809,166,Finisher,700
Joseph,Solano,Joseph Solano,1398,M30-34,Male,Littleton,Colorado,United States,US,0:58:05,3:08:11,2:39:35,0:06:47,0:04:59,6:57:38,3485,11291,9575,407,299,25058,1074,810,150,1276,924,168,1008,788,143,1074,810,150,Finisher,700
Maureen,Kennedy,Maureen Kennedy,630,F55-59,Female,Denver,CO,United States,US,0:58:10,2:57:35,2:48:24,0:08:01,0:05:41,6:57:51,3490,10655,10104,481,341,25071,1075,265,14,1279,353,17,862,176,12,1075,265,14,Finisher,1403
Chase,Cerveny,Chase Cerveny,227,M25-29,Male,Littleton,Colorado,United States,US,0:58:05,3:23:45,2:11:00,0:14:57,0:10:08,6:57:56,3485,12225,7860,897,608,25076,1076,811,167,1275,923,191,1259,939,189,1076,811,167,Finisher,700
Deborah,Gaynor,Deborah Gaynor,65,F75-79,Female,SANTA FE,US-NM,United States,US,0:51:57,3:08:57,2:45:42,0:05:59,0:05:28,6:58:03,3117,11337,9942,359,328,25083,1077,266,1,1090,287,2,918,191,1,1077,266,1,Finisher,3500
Vanessa,Horton ,Vanessa Horton,1328,F35-39,Female,Manhattan,Kansas,United States,US,1:03:05,2:55:16,2:47:11,0:07:16,0:05:29,6:58:17,3785,10516,10031,436,329,25097,1078,267,31,1340,368,40,895,184,18,1078,267,31,Finisher,842
Jacob,Brown,Jacob Brown,332,M18-24,Male,Boulder,Colorado,United States,US,0:47:01,3:20:28,2:37:24,0:07:34,0:05:58,6:58:24,2821,12028,9444,454,358,25104,1079,812,139,836,621,109,1028,802,132,1079,812,139,Finisher,700
Vili,Lappalainen,Vili Lappalainen,885,M25-29,Male,Dallas,Texas,Finland,FI,0:57:23,3:03:56,2:41:41,0:08:01,0:07:25,6:58:26,3443,11036,9701,481,445,25106,1080,813,168,1260,911,186,958,752,150,1080,813,168,Finisher,700
Conor,Caulfield,Conor Caulfield,525,M30-34,Male,Broomfield,CO,United States,US,0:46:16,3:39:47,2:19:19,0:05:33,0:07:35,6:58:30,2776,13187,8359,333,455,25110,1081,814,151,784,585,107,1221,920,168,1081,814,151,Finisher,700
Hunter,Lipsey,Hunter Lipsey,1035,M18-24,Male,Fort Collins,Colorado,United States,US,0:49:59,3:19:33,2:37:26,0:05:32,0:06:05,6:58:35,2999,11973,9446,332,365,25115,1082,815,140,1001,739,125,1030,804,133,1082,815,140,Finisher,700
Kacey,Bassett,Kacey Bassett,1190,F40-44,Female,Farmington,MO,United States,US,0:48:18,3:28:51,2:30:03,0:06:54,0:04:33,6:58:38,2898,12531,9003,414,273,25118,1083,268,28,916,236,19,1147,270,30,1083,268,28,Finisher,1048
Rohit,Bhagwat,Rohit Bhagwat,932,M40-44,Male,Middletown,Delaware,India,IN,0:50:15,3:20:21,2:37:31,0:05:34,0:04:58,6:58:38,3015,12021,9451,334,298,25118,1084,816,84,1015,750,79,1045,811,84,1084,816,84,Finisher,700
Erik,Rodning,Erik Rodning,623,M18-24,Male,New Orleans,LA,United States,US,0:50:43,3:20:34,2:34:51,0:07:12,0:05:23,6:58:43,3043,12034,9291,432,323,25123,1085,817,141,1047,774,134,1076,831,137,1085,817,141,Finisher,700
Anna,Bass,Anna Bass,913,F25-29,Female,Bozeman,MT,United States,US,0:53:26,3:26:36,2:26:09,0:07:12,0:05:28,6:58:51,3206,12396,8769,432,328,25131,1086,269,56,1157,315,73,1178,289,57,1086,269,56,Finisher,1200
Jeff,Mcdonald,Jeff Mcdonald,1186,M40-44,Male,Oakton,VA,United States,US,0:55:13,3:04:42,2:44:51,0:07:29,0:06:42,6:58:57,3313,11082,9891,449,402,25137,1087,818,85,1210,878,91,925,731,80,1087,818,85,Finisher,700
Enrique,Barrantes,Enrique Barrantes,571,M50-54,Male,danville,CA,United States,US,0:47:21,3:22:38,2:35:24,0:07:48,0:06:15,6:59:26,2841,12158,9324,468,375,25166,1088,819,51,857,636,43,1061,822,55,1088,819,51,Finisher,700
Dakota,Vininski,Dakota Vininski,937,M30-34,Male,Boulder,Colorado,United States,US,0:33:50,3:21:28,2:48:23,0:08:08,0:07:37,6:59:27,2030,12088,10103,488,457,25167,1089,820,152,103,76,15,856,683,122,1089,820,152,Finisher,700
Dave,Roshak,Dave Roshak,403,M55-59,Male,Las Vegas,NV,United States,US,0:44:47,3:09:20,2:47:53,0:08:45,0:08:43,6:59:28,2687,11360,10073,525,523,25168,1090,821,41,684,507,29,843,672,39,1090,821,41,Finisher,980
Hannah,Keane,Hannah Keane,429,F25-29,Female,NASHVILLE,TN,United Kingdom,GB,0:38:35,3:37:57,2:31:15,0:06:24,0:05:43,6:59:54,2315,13077,9075,384,343,25194,1091,270,57,294,84,24,1137,264,48,1091,270,57,Finisher,1181
Kelly,Gehring,Kelly Gehring,1086,F25-29,Female,steamboat springs,co,United States,US,0:44:07,3:12:07,2:53:00,0:05:16,0:06:12,7:00:42,2647,11527,10380,316,372,25242,1092,271,58,634,160,41,821,164,32,1092,271,58,Finisher,1167
Joselyn ,Banks,Joselyn Banks,502,F35-39,Female,Manitou Springs,Colorado,United States,US,0:42:38,3:26:54,2:35:10,0:09:04,0:07:03,7:00:49,2558,12414,9310,544,423,25249,1093,272,32,521,135,15,1080,248,27,1093,272,32,Finisher,797
Alex,Hart,Alex Hart,1169,M25-29,Male,Commerce City,Colorado,United States,US,0:46:24,3:15:28,2:45:20,0:07:54,0:05:48,7:00:54,2784,11728,9920,474,348,25254,1094,822,169,795,593,121,968,757,152,1094,822,169,Finisher,700
Brian,Fusch,Brian Fusch,1674,M50-54,Male,Elkton,FL,United States,US,0:45:00,3:21:03,2:37:13,0:10:39,0:07:08,7:01:02,2700,12063,9433,639,428,25262,1095,823,52,697,517,33,1050,816,54,1095,823,52,Finisher,700
Camille,Kaminski,Camille Kaminski,1242,F25-29,Female,Golden,Colorado,United States,US,0:54:43,3:37:57,2:15:33,0:06:50,0:06:07,7:01:09,3283,13077,8133,410,367,25269,1096,273,59,1197,329,76,1279,330,72,1096,273,59,Finisher,1159
Zach,Hykan,Zach Hykan,1326,M30-34,Male,Lafayette,Colorado,United States,US,0:49:23,3:17:12,2:42:35,0:07:23,0:04:50,7:01:23,2963,11832,9755,443,290,25283,1097,824,153,971,721,130,1016,792,145,1097,824,153,Finisher,700
Mitchel,Brown,Mitchel Brown,246,M35-39,Male,Loveland,CO,United States,US,0:39:16,3:09:53,3:03:26,0:05:12,0:04:20,7:02:07,2356,11393,11006,312,260,25327,1098,825,93,325,234,20,693,564,65,1098,825,93,Finisher,700
Kyle,Frederiksen,Kyle Frederiksen,1634,M35-39,Male,Layton,UT,United States,US,0:49:47,3:05:52,2:47:01,0:08:56,0:10:51,7:02:26,2987,11152,10021,536,651,25346,1099,826,94,989,732,78,875,694,81,1099,826,94,Finisher,700
Ben,Tenney,Ben Tenney,189,M55-59,Male,Highlands Ranch,CO,United States,US,0:46:27,3:16:36,2:48:26,0:07:03,0:04:09,7:02:41,2787,11796,10106,423,249,25361,1100,827,42,797,595,33,972,761,41,1100,827,42,Finisher,922
Allie,Johnson,Allie Johnson,1453,F30-34,Female,Jacksonville,CO,United States,US,1:02:32,3:28:43,2:14:58,0:08:04,0:08:24,7:02:42,3752,12523,8098,484,504,25362,1101,274,67,1330,365,86,1277,328,79,1101,274,67,Finisher,797
Eliazar,Maldonado,Eliazar Maldonado,1022,M18-24,Male,Pueblo,Colorado,United States,US,0:32:17,3:25:24,2:48:46,0:06:46,0:09:37,7:02:49,1937,12324,10126,406,577,25369,1102,828,142,68,53,10,873,692,109,1102,828,142,Finisher,700
Joshua ,Webber ,Joshua Webber,1539,M35-39,Male,Denver,Colorado,United States,US,1:04:20,3:20:45,2:18:35,0:09:05,0:10:17,7:03:01,3860,12045,8315,545,617,25381,1103,829,95,1348,979,110,1243,930,106,1103,829,95,Finisher,700
Israel,Liebl,Israel Liebl,492,M18-24,Male,Mount Dora,Florida,United States,US,0:54:04,3:22:50,2:35:52,0:05:58,0:04:26,7:03:11,3244,12170,9352,358,266,25391,1104,830,143,1176,854,149,1134,872,146,1104,830,143,Finisher,700
Caleb,Rosenberg,Caleb Rosenberg,728,M25-29,Male,Aurora,CO,United States,US,0:45:07,3:29:06,2:32:09,0:08:58,0:08:26,7:03:46,2707,12546,9129,538,506,25426,1105,831,170,706,523,109,1138,874,176,1105,831,170,Finisher,700
Jackson,Epstein,Jackson Epstein,722,M30-34,Male,Littleton,Colorado,United States,US,0:37:21,3:27:21,2:46:04,0:06:20,0:06:49,7:03:56,2241,12441,9964,380,409,25436,1106,832,154,233,162,34,981,769,137,1106,832,154,Finisher,700
Jessica,Hastert,Jessica Hastert,1728,F25-29,Female,Littleton,Colorado,United States,US,0:56:44,3:18:37,2:37:52,0:05:46,0:05:00,7:03:58,3404,11917,9472,346,300,25438,1107,275,60,1243,342,79,1114,256,45,1107,275,60,Finisher,1108
Yasushi (Yasu),Nishida,Yasushi (Yasu) Nishida,464,M60-64,Male,BELMONT,CA,Japan,JP,1:03:04,3:00:02,2:51:06,0:06:57,0:02:51,7:03:59,3784,10802,10266,417,171,25439,1108,833,20,1339,972,25,970,759,18,1108,833,20,Finisher,923
Alexander,King,Alexander King,1146,M25-29,Male,Westminster,Colorado,United States,US,0:56:27,3:30:16,2:27:10,0:06:24,0:03:53,7:04:10,3387,12616,8830,384,233,25450,1109,834,171,1236,899,183,1235,928,185,1109,834,171,Finisher,700
Austin,Arrington,Austin Arrington,1544,M25-29,Male,Denver,Colorado,United States,US,0:57:25,3:16:07,2:35:22,0:08:04,0:07:16,7:04:13,3445,11767,9322,484,436,25453,1110,835,172,1263,914,187,1124,865,174,1110,835,172,Finisher,700
Ian,Hay-Arthur,Ian Hay-Arthur,703,M18-24,Male,Fort Collins,Colorado,United States,US,1:00:35,3:32:07,2:17:49,0:06:57,0:06:51,7:04:19,3635,12727,8269,417,411,25459,1111,836,144,1314,954,165,1280,950,160,1111,836,144,Finisher,700
Ryan,Beeson,Ryan Beeson,441,M55-59,Male,Noblesville,IN,United States,US,0:47:41,3:16:12,2:40:03,0:11:34,0:08:49,7:04:19,2861,11772,9603,694,529,25459,1112,837,43,874,648,37,1037,808,43,1112,837,43,Finisher,893
Jesse,Phillips,Jesse Phillips,549,M30-34,Male,denver,CO,United States,US,0:40:29,3:16:07,2:44:14,0:11:47,0:11:44,7:04:22,2429,11767,9854,707,704,25462,1113,838,155,396,291,59,944,744,132,1113,838,155,Finisher,700
Sage,Phelps-Fast,Sage Phelps-Fast,288,F18-24,Female,Denver,Colorado,United States,US,0:51:34,3:26:00,2:36:30,0:05:48,0:04:35,7:04:26,3094,12360,9390,348,275,25466,1114,276,45,1083,283,47,1141,266,44,1114,276,45,Finisher,994
Daniela,Turco,Daniela Turco,456,F40-44,Female,Weston,FL,Venezuela,VE,1:07:21,3:32:08,2:16:33,0:05:46,0:02:58,7:04:45,4041,12728,8193,346,178,25485,1115,277,29,1373,378,37,1307,343,37,1115,277,29,Finisher,938
Michelle,Lyman,Michelle Lyman,482,F50-54,Female,Breckenridge,CO,United States,US,0:49:51,3:14:28,2:52:07,0:04:18,0:04:22,7:05:06,2991,11668,10327,258,262,25506,1116,278,12,996,260,10,947,201,10,1116,278,12,Finisher,1529
Lindsey,Givens,Lindsey Givens,812,F40-44,Female,Parker,Colorado,United States,US,0:44:28,3:01:52,3:06:44,0:06:16,0:06:12,7:05:32,2668,10912,11204,376,372,25532,1117,279,30,657,168,11,652,121,13,1117,279,30,Finisher,924
Taylor,Resso,Taylor Resso,689,F30-34,Female,Kingston,NY,United States,US,0:54:25,3:23:44,2:37:53,0:05:16,0:04:26,7:05:43,3265,12224,9473,316,266,25543,1118,280,68,1189,326,77,1142,267,70,1118,280,68,Finisher,743
Holly,Martenson,Holly Martenson,1363,F30-34,Female,Arvada,Colorado,United States,US,1:07:59,3:18:08,2:23:32,0:08:51,0:07:15,7:05:44,4079,11888,8612,531,435,25544,1119,281,69,1382,383,91,1247,314,78,1119,281,69,Finisher,742
Nancy,Guizar Martinez ,Nancy Guizar Martinez,602,F25-29,Female,Thornton,Colorado,Mexico,MX,0:34:45,4:09:54,2:14:19,0:03:29,0:03:17,7:05:45,2085,14994,8059,209,197,25545,1120,282,61,126,35,11,1316,348,77,1120,282,61,Finisher,1076
Zach,Chaney,Zach Chaney,799,M30-34,Male,Northglenn,Colorado,United States,US,0:48:06,3:26:52,2:41:57,0:05:40,0:03:16,7:05:49,2886,12412,9717,340,196,25549,1121,839,156,903,670,126,1109,855,156,1121,839,156,Finisher,700
Julio Rene,Flores,Julio Rene Flores,455,M35-39,Male,San Rafael,CA,United States,US,1:06:14,3:13:05,2:30:30,0:08:53,0:07:08,7:05:50,3974,11585,9030,533,428,25550,1122,840,96,1362,989,113,1188,897,100,1122,840,96,Finisher,700
David,Houser,David Houser,850,M60-64,Male,EAGLE,CO,United States,US,0:59:15,3:04:41,2:46:53,0:07:29,0:07:32,7:05:50,3555,11081,10013,449,452,25550,1123,841,21,1299,943,23,989,773,19,1123,841,21,Finisher,890
Cecil,Carroll,Cecil Carroll,749,M18-24,Male,Boulder,CO,United States,US,0:46:28,3:26:02,2:40:09,0:07:15,0:06:03,7:05:57,2788,12362,9609,435,363,25557,1124,842,145,800,598,105,1093,843,139,1124,842,145,Finisher,700
BENJAMIN,HOUSWORTH,BENJAMIN HOUSWORTH,265,M40-44,Male,highlands ranch,COLORADO,United States,US,0:50:36,3:16:12,2:48:16,0:05:36,0:05:17,7:05:57,3036,11772,10096,336,317,25557,1125,843,86,1037,765,80,999,781,83,1125,843,86,Finisher,700
Chris,Gebhardt,Chris Gebhardt,1500,M40-44,Male,Denver,Colorado,United States,US,0:57:24,3:23:06,2:31:33,0:08:47,0:05:21,7:06:12,3444,12186,9093,527,321,25572,1126,844,87,1262,913,94,1197,903,93,1126,844,87,Finisher,700
Isabella,Demuth,Isabella Demuth,764,F18-24,Female,Grand Junction,Colorado,United States,US,1:00:36,3:26:43,2:27:04,0:06:28,0:05:22,7:06:12,3636,12403,8824,388,322,25572,1127,283,46,1315,361,58,1240,311,51,1127,283,46,Finisher,962
Mike,Welch,Mike Welch,1377,M55-59,Male,Westminster,CO,United States,US,0:37:39,2:56:29,3:20:19,0:06:21,0:05:25,7:06:12,2259,10589,12019,381,325,25572,1128,845,44,249,175,8,431,363,22,1128,845,44,Finisher,859
Nate,Voth,Nate Voth,1171,M30-34,Male,LITTLETON,CO,United States,US,0:47:10,3:15:09,2:46:43,0:08:34,0:08:40,7:06:17,2830,11709,10003,514,520,25577,1129,846,157,848,629,115,980,768,136,1129,846,157,Finisher,700
Kaitlin,Tucker,Kaitlin Tucker,776,F18-24,Female,Denver,Colorado,United States,US,0:46:47,3:28:16,2:42:15,0:05:03,0:03:57,7:06:18,2807,12496,9735,303,237,25578,1130,284,47,817,210,38,1099,252,41,1130,284,47,Finisher,960
Jason,Gale,Jason Gale,681,M55-59,Male,Albuquerque,NM,United States,US,1:00:41,3:14:46,2:36:20,0:08:44,0:05:52,7:06:23,3641,11686,9380,524,352,25583,1131,847,45,1316,955,50,1151,880,45,1131,847,45,Finisher,856
Eric,Benz,Eric Benz,944,M40-44,Male,Denver,Colorado,United States,US,0:49:03,3:04:21,2:51:32,0:14:13,0:07:20,7:06:28,2943,11061,10292,853,440,25588,1132,848,88,952,705,74,930,735,81,1132,848,88,Finisher,700
Corrina,Litt,Corrina Litt,1490,F30-34,Female,Colorado Springs,CO,United States,US,0:51:11,3:32:58,2:30:07,0:07:23,0:04:58,7:06:36,3071,12778,9007,443,298,25596,1133,285,70,1065,280,70,1219,300,76,1133,285,70,Finisher,727
Yogev,Doron,Yogev Doron,1512,M40-44,Male,Kadoorie,Galil,Israel,IL,0:45:06,3:06:24,2:56:07,0:11:32,0:07:31,7:06:40,2706,11184,10567,692,451,25600,1134,849,89,703,522,52,847,676,77,1134,849,89,Finisher,700
Sloane,Shimek,Sloane Shimek,320,F18-24,Female,Jordan,MN,United States,US,0:44:35,3:14:48,2:53:44,0:07:58,0:05:46,7:06:51,2675,11688,10424,478,346,25611,1135,286,48,663,169,33,924,194,37,1135,286,48,Finisher,950
Nathan,Kline,Nathan Kline,1488,M25-29,Male,Beaver Falls,PA,United States,US,0:45:32,3:10:00,2:55:05,0:07:50,0:08:29,7:06:56,2732,11400,10505,470,509,25616,1136,850,173,733,544,111,853,680,134,1136,850,173,Finisher,700
Mason,Kizziar,Mason Kizziar,327,M35-39,Male,Amarillo,TX,United States,US,0:49:00,3:21:43,2:37:33,0:09:11,0:09:31,7:06:58,2940,12103,9453,551,571,25618,1137,851,97,944,700,77,1095,845,94,1137,851,97,Finisher,700
Altan,Sahin,Altan Sahin,1366,M18-24,Male,GREENWOOD VLG,CO,Turkey,TR,0:50:59,3:17:06,2:46:32,0:06:53,0:05:31,7:07:01,3059,11826,9992,413,331,25621,1138,852,146,1060,783,137,1027,801,131,1138,852,146,Finisher,700
Emily,Campbell,Emily Campbell,1050,F30-34,Female,BROOMFIELD,CO,United States,US,0:50:29,3:29:08,2:29:39,0:08:57,0:08:49,7:07:02,3029,12548,8979,537,529,25622,1139,287,71,1026,268,69,1191,292,75,1139,287,71,Finisher,719
Owen,McManamee,Owen McManamee,248,M18-24,Male,Fort Collins,COLORADO,United States,US,0:51:14,3:09:39,2:58:46,0:04:13,0:03:11,7:07:02,3074,11379,10726,253,191,25622,1140,853,147,1068,787,138,882,701,112,1140,853,147,Finisher,700
Alexander,Campbell,Alexander Campbell,1058,M35-39,Male,BROOMFIELD,CO,United States,US,0:40:10,3:28:59,2:29:39,0:19:17,0:08:57,7:07:03,2410,12539,8979,1157,537,25623,1141,854,98,374,274,25,1189,898,101,1141,854,98,Finisher,700
Bradley,Cumming,Bradley Cumming,160,M25-29,Male,Holyoke,CO,United States,US,1:03:48,3:23:10,2:19:04,0:17:04,0:04:15,7:07:21,3828,12190,8344,1024,255,25641,1142,855,174,1345,976,204,1298,960,193,1142,855,174,Finisher,700
Cain,Oswalt,Cain Oswalt,1354,M35-39,Male,Denver,Colorado,United States,US,0:53:16,3:39:36,2:17:57,0:09:30,0:07:20,7:07:38,3196,13176,8277,570,440,25658,1143,856,99,1151,838,90,1293,958,107,1143,856,99,Finisher,700
Michael,Miller,Michael Miller,1670,M30-34,Male,Silver Spring,Maryland,United States,US,0:53:24,3:23:23,2:27:06,0:11:39,0:12:08,7:07:41,3204,12203,8826,699,728,25661,1144,857,158,1155,841,159,1190,899,164,1144,857,158,Finisher,700
Benoist,Bruneau,Benoist Bruneau,487,M55-59,Male,EVERGREEN,CO,United States,US,0:38:35,3:28:59,2:46:43,0:08:42,0:04:57,7:07:56,2315,12539,10003,522,297,25676,1145,858,46,293,210,10,1046,812,44,1145,858,46,Finisher,828
Caroline,Garman,Caroline Garman,1464,F25-29,Female,Denver,Colorado,United States,US,0:55:37,3:32:28,2:25:56,0:09:05,0:04:51,7:07:57,3337,12748,8756,545,291,25677,1146,288,62,1215,333,78,1260,321,67,1146,288,62,Finisher,1036
Hannah,Van Hollebeke,Hannah Van Hollebeke,264,F25-29,Female,Lynnwood,Washington,United States,US,0:57:09,3:27:16,2:30:32,0:07:44,0:05:38,7:08:19,3429,12436,9032,464,338,25699,1147,289,63,1253,347,81,1232,306,63,1147,289,63,Finisher,1030
Rosa,Kichline,Rosa Kichline,815,F30-34,Female,Lakewood,CO,United States,US,0:44:39,3:17:26,2:53:46,0:06:02,0:06:28,7:08:22,2679,11846,10426,362,388,25702,1148,290,72,673,175,44,942,200,49,1148,290,72,Finisher,700
Michael,Callan,Michael Callan,1201,M30-34,Male,New York,NY,United States,US,0:45:58,3:28:07,2:42:21,0:06:32,0:05:36,7:08:34,2758,12487,9741,392,336,25714,1149,859,159,758,564,101,1110,856,157,1149,859,159,Finisher,700
David,Dillingham,David Dillingham,387,M65-69,Male,Elgin,OK,United States,US,0:49:57,3:13:45,2:48:20,0:07:27,0:09:24,7:08:52,2997,11625,10100,447,564,25732,1150,860,5,1000,738,7,983,771,4,1150,860,5,Finisher,1275
Carlos,Cantu,Carlos Cantu,552,M30-34,Male,Monterrey,,Mexico,MX,0:43:27,2:58:05,3:12:05,0:08:49,0:06:32,7:08:58,2607,10685,11525,529,392,25738,1151,861,160,589,441,80,599,493,87,1151,861,160,Finisher,700
Dayna,Johnson,Dayna Johnson,515,F40-44,Female,Erie,COLORADO,United States,US,0:55:02,3:15:09,2:47:08,0:07:22,0:04:51,7:09:33,3302,11709,10028,442,291,25773,1152,291,31,1204,331,30,1060,239,28,1152,291,31,Finisher,852
William,Voitlein,William Voitlein,170,M25-29,Male,Longmont,Colorado,United States,US,0:48:15,3:36:05,2:32:32,0:07:36,0:05:17,7:09:45,2895,12965,9152,456,317,25785,1153,862,175,913,680,134,1228,925,184,1153,862,175,Finisher,700
Erica,Lipsky,Erica Lipsky,943,F35-39,Female,Erie,Colorado,United States,US,0:47:18,3:28:24,2:39:06,0:09:33,0:05:36,7:09:57,2838,12504,9546,573,336,25797,1154,292,33,855,221,23,1162,277,31,1154,292,33,Finisher,700
Vincent Tak,Lung,Vincent Tak Lung,1528,M50-54,Male,Bellevue,WA,United States,US,1:01:35,3:32:24,2:21:07,0:06:41,0:08:19,7:10:07,3695,12744,8467,401,499,25807,1155,863,53,1324,961,59,1285,952,61,1155,863,53,Finisher,700
Dana,Nguyen,Dana Nguyen,472,F25-29,Female,Highlands Ranch,CO,United States,US,0:42:42,3:50:26,2:26:41,0:05:37,0:05:37,7:11:03,2562,13826,8801,337,337,25863,1156,293,64,527,137,37,1273,325,69,1156,293,64,Finisher,980
Oliver,Hanfelder,Oliver Hanfelder,379,M50-54,Male,DENVER,CO,United States,US,0:45:11,3:09:55,2:59:20,0:10:02,0:06:38,7:11:07,2711,11395,10760,602,398,25867,1157,864,54,712,528,35,883,702,47,1157,864,54,Finisher,700
Sara,Cordia,Sara Cordia,310,F25-29,Female,Denver,Colorado,United States,US,0:44:13,3:37:16,2:29:27,0:10:11,0:10:09,7:11:16,2653,13036,8967,611,609,25876,1158,294,65,644,163,42,1222,302,62,1158,294,65,Finisher,977
Nicola,Mcnamara,Nicola Mcnamara,280,F40-44,Female,Windsor,CO,United States,US,0:56:28,3:37:28,2:26:25,0:06:06,0:04:49,7:11:16,3388,13048,8785,366,289,25876,1159,295,32,1237,338,32,1282,332,34,1159,295,32,Finisher,821
Tanner,Lane,Tanner Lane,504,M30-34,Male,Golden,Colorado,United States,US,0:44:03,3:20:42,2:52:31,0:06:43,0:07:31,7:11:30,2643,12042,10351,403,451,25890,1160,865,161,629,470,83,990,774,139,1160,865,161,Finisher,700
John,Loehr,John Loehr,540,M18-24,Male,Windsor,Colorado,United States,US,1:02:23,3:42:37,2:18:30,0:05:39,0:02:27,7:11:35,3743,13357,8310,339,147,25895,1161,866,148,1328,965,166,1326,973,165,1161,866,148,Finisher,700
Nick,Woods,Nick Woods,285,M45-49,Male,WICHITA,KS,United States,US,1:06:03,2:59:01,2:48:50,0:08:59,0:08:53,7:11:46,3963,10741,10130,539,533,25906,1162,867,65,1359,986,77,1018,794,67,1162,867,65,Finisher,700
Ben,Russ,Ben Russ,1605,M25-29,Male,Littleton,Colorado,United States,US,0:49:05,3:37:26,2:30:24,0:09:25,0:05:27,7:11:47,2945,13046,9024,565,327,25907,1163,868,176,955,708,140,1251,936,188,1163,868,176,Finisher,700
Erick,Otiniano,Erick Otiniano,442,M30-34,Male,Denver,Colorado,United States,US,0:50:01,3:19:41,2:42:21,0:11:31,0:08:14,7:11:49,3001,11981,9741,691,494,25909,1164,869,162,1004,742,138,1115,859,158,1164,869,162,Finisher,700
Jaimi,Lutes,Jaimi Lutes,1176,F18-24,Female,Seattle,Washington,United States,US,0:50:30,3:30:39,2:40:41,0:06:03,0:03:55,7:11:49,3030,12639,9641,363,235,25909,1165,296,49,1028,269,46,1177,288,47,1165,296,49,Finisher,861
Heidy,Rodriguez,Heidy Rodriguez,463,F50-54,Female,PEMBROKE PINES,FL,Venezuela,VE,0:51:04,3:53:41,2:13:42,0:07:42,0:05:46,7:11:55,3064,14021,8022,462,346,25915,1166,297,13,1062,279,11,1335,359,15,1166,297,13,Finisher,1406
Tyler,Bailey,Tyler Bailey,1568,M30-34,Male,Colorado Springs,CO,United States,US,0:41:33,3:13:04,3:03:39,0:06:32,0:07:15,7:12:04,2493,11584,11019,392,435,25924,1167,870,163,458,336,64,814,655,117,1167,870,163,Finisher,700
Andy,Clausen,Andy Clausen,1696,M45-49,Male,Lakewood,CO,United States,US,0:45:10,3:13:30,2:59:55,0:06:59,0:06:48,7:12:21,2710,11610,10795,419,408,25941,1168,871,66,710,526,47,897,713,61,1168,871,66,Finisher,700
Jeremy,Hurshman,Jeremy Hurshman,206,M40-44,Male,Fort Collins,Colorado,United States,US,0:35:23,3:16:03,3:07:27,0:06:52,0:06:48,7:12:32,2123,11763,11247,412,408,25952,1169,872,90,143,103,9,762,612,72,1169,872,90,Finisher,700
Karl,Thieme,Karl Thieme,1108,M70-74,Male,SIMI VALLEY,CA,United States,US,0:43:08,3:09:34,3:06:46,0:07:40,0:05:35,7:12:43,2588,11374,11206,460,335,25963,1170,873,4,562,419,4,802,644,4,1170,873,4,Finisher,2175
Jesnick,Garcia,Jesnick Garcia,825,M25-29,Male,Seattle,WA,United States,US,0:44:46,3:29:26,2:47:10,0:07:05,0:04:31,7:12:57,2686,12566,10030,425,271,25977,1171,874,177,683,506,103,1117,860,172,1171,874,177,Finisher,700
Daniel,Pedde,Daniel Pedde,567,M18-24,Male,Denver,CO,United States,US,0:50:32,2:58:28,3:12:42,0:06:42,0:04:39,7:13:04,3032,10708,11562,402,279,25984,1172,875,149,1030,761,131,714,576,96,1172,875,149,Finisher,700
Joel,Hamm,Joel Hamm,899,M65-69,Male,Lafayette,Colorado,United States,US,0:56:13,3:13:53,2:45:47,0:08:50,0:08:23,7:13:05,3373,11633,9947,530,503,25985,1173,876,6,1233,896,8,1085,836,6,1173,876,6,Finisher,1199
Sean,Cosgriff,Sean Cosgriff,501,M55-59,Male,Portland,OR,United States,US,0:54:17,3:23:27,2:34:35,0:12:42,0:08:12,7:13:12,3257,12207,9275,762,492,25992,1174,877,47,1183,860,47,1211,913,50,1174,877,47,Finisher,733
Garrett,Gramling,Garrett Gramling,276,M40-44,Male,Scottsbluff,Nebraska,United States,US,0:58:14,3:27:35,2:27:48,0:10:50,0:08:47,7:13:14,3494,12455,8868,650,527,25994,1175,878,91,1281,928,96,1256,937,95,1175,878,91,Finisher,700
Drew,Merrill,Drew Merrill,1070,M25-29,Male,GILBERT,AZ,United States,US,0:49:51,3:32:41,2:37:51,0:06:39,0:07:03,7:14:05,2991,12761,9471,399,423,26045,1176,879,178,997,737,151,1195,901,181,1176,879,178,Finisher,700
Victoria,Nerad,Victoria Nerad,816,F35-39,Female,Denver,COLORADO,United States,US,1:00:17,3:24:13,2:37:59,0:05:52,0:05:52,7:14:12,3617,12253,9479,352,352,26052,1177,298,34,1309,359,39,1209,298,34,1177,298,34,Finisher,700
Chaitanya,Mattey,Chaitanya Mattey,1392,M30-34,Male,Denver,Colorado,India,IN,0:51:44,3:06:39,3:01:29,0:09:28,0:05:22,7:14:42,3104,11199,10889,568,322,26082,1178,880,164,1088,802,147,936,739,131,1178,880,164,Finisher,700
Rogerio,Queiroz Da Silva,Rogerio Queiroz Da Silva,307,M60-64,Male,Belo Horizonte,,Brazil,BR,0:42:50,3:35:52,2:34:18,0:12:32,0:09:11,7:14:43,2570,12952,9258,752,551,26083,1179,881,22,535,397,6,1217,918,25,1179,881,22,Finisher,730
Sandra,Grijalva,Sandra Grijalva,1627,F25-29,Female,Silt ,Colorado,United States,US,1:07:38,3:24:14,2:31:27,0:06:50,0:04:47,7:14:58,4058,12254,9087,410,287,26098,1180,299,66,1380,382,89,1272,324,68,1180,299,66,Finisher,910
Jeffrey,Lenker,Jeffrey Lenker,374,M50-54,Male,CARLISLE,PA,United States,US,0:51:19,3:40:15,2:29:00,0:08:37,0:06:01,7:15:12,3079,13215,8940,517,361,26112,1181,882,55,1070,789,49,1283,951,60,1181,882,55,Finisher,700
Paul,Thomas,Paul Thomas,1241,M30-34,Male,Longmont,Colorado,United States,US,0:47:41,3:41:30,2:25:52,0:11:49,0:08:21,7:15:13,2861,13290,8752,709,501,26113,1182,883,165,875,649,121,1287,953,176,1182,883,165,Finisher,700
Meghan,Scluessler,Meghan Scluessler,1275,F18-24,Female,Peyton,Colorado,United States,US,0:48:49,3:43:26,2:32:36,0:06:24,0:04:02,7:15:17,2929,13406,9156,384,242,26117,1183,300,50,939,241,43,1270,323,53,1183,300,50,Finisher,798
Enrique,Majos,Enrique Majos,736,M55-59,Male,MEXICO CITY,MX-CMX,Mexico,MX,1:00:30,3:19:58,2:36:18,0:09:42,0:08:50,7:15:18,3630,11998,9378,582,530,26118,1184,884,48,1313,953,49,1206,910,49,1184,884,48,Finisher,700
Cesar Clemente,Alvarado Garcia,Cesar Clemente Alvarado Garcia,584,M55-59,Male,orizaba,MX-VER,Mexico,MX,1:03:58,3:12:50,2:37:19,0:11:20,0:09:54,7:15:20,3838,11570,9439,680,594,26120,1185,885,49,1346,977,51,1187,896,48,1185,885,49,Finisher,700
Jamie,Gresik,Jamie Gresik,591,M35-39,Male,Northglenn,Colorado,United States,US,0:53:47,3:30:42,2:37:08,0:07:30,0:06:27,7:15:34,3227,12642,9428,450,387,26134,1186,886,100,1168,849,93,1229,926,105,1186,886,100,Finisher,700
Michael,Fuller,Michael Fuller,1265,M25-29,Male,ATLANTA,GA,United States,US,0:44:32,3:09:28,3:08:49,0:06:37,0:06:08,7:15:35,2672,11368,11329,397,368,26135,1187,887,179,660,492,99,803,645,124,1187,887,179,Finisher,700
Isael,Del Nodal,Isael Del Nodal,761,M30-34,Male,Colorado Springs,Colorado,Dominican Republic,DO,0:50:41,3:40:42,2:32:19,0:06:33,0:05:31,7:15:46,3041,13242,9139,393,331,26146,1188,888,166,1044,771,142,1266,944,174,1188,888,166,Finisher,700
Jason,Koch,Jason Koch,208,M25-29,Male,Denver,Colorado,United States,US,0:58:07,3:11:23,2:47:14,0:09:03,0:10:05,7:15:52,3487,11483,10034,543,605,26152,1189,889,180,1278,926,192,1079,832,167,1189,889,180,Finisher,700
Heather,Sanders,Heather Sanders,1428,F35-39,Female,Fort Collins,CO,United States,US,0:53:11,3:37:44,2:34:51,0:06:18,0:03:50,7:15:53,3191,13064,9291,378,230,26153,1190,301,35,1150,313,35,1261,322,38,1190,301,35,Finisher,700
Noah,Mitchell ,Noah Mitchell,876,M25-29,Male,Farmington Hills,Michigan,United States,US,0:51:08,3:17:40,2:51:36,0:06:04,0:09:39,7:16:08,3068,11860,10296,364,579,26168,1191,890,181,1064,785,161,1025,800,160,1191,890,181,Finisher,700
Breanna,Frees,Breanna Frees,1046,F35-39,Female,Colorado Springs,Colorado,United States,US,0:52:46,3:49:06,2:23:10,0:05:11,0:05:56,7:16:10,3166,13746,8590,311,356,26170,1192,302,36,1135,304,34,1313,347,41,1192,302,36,Finisher,700
Daniel,Troncalli,Daniel Troncalli,869,M18-24,Male,Dexter,Michigan,United States,US,0:58:49,3:10:24,2:55:24,0:07:19,0:04:16,7:16:12,3529,11424,10524,439,256,26172,1193,891,150,1291,935,160,1049,815,134,1193,891,150,Finisher,700
Brian,Zwiger,Brian Zwiger,386,M60-64,Male,Fort Collins,Colorado,United States,US,1:02:19,3:10:07,2:46:53,0:09:20,0:07:38,7:16:16,3739,11407,10013,560,458,26176,1194,892,23,1325,962,24,1127,866,23,1194,892,23,Finisher,702
Kai,Rubenstein,Kai Rubenstein,1006,M18-24,Male,Gunnison,Colorado,United States,US,0:42:50,3:20:57,2:59:22,0:05:57,0:07:18,7:16:25,2570,12057,10762,357,438,26185,1195,893,151,533,395,67,967,756,124,1195,893,151,Finisher,700
Sharon,Morin,Sharon Morin,488,F60-64,Female,MAGNOLIA,TX,United States,US,0:54:00,3:34:02,2:35:23,0:07:38,0:05:21,7:16:25,3240,12842,9323,458,321,26185,1196,303,3,1174,322,6,1250,315,4,1196,303,3,Finisher,1893
Kimberly,Birdseye,Kimberly Birdseye,1431,F65-69,Female,TABERNASH,CO,United States,US,0:50:25,3:21:06,2:51:54,0:07:00,0:06:26,7:16:51,3025,12066,10314,420,386,26211,1197,304,2,1024,267,3,1078,247,2,1197,304,2,Finisher,2564
Laura,Nelson,Laura Nelson,287,F45-49,Female,San Diego,CA,United States,US,0:54:06,3:15:27,2:48:03,0:11:45,0:07:39,7:16:59,3246,11727,10083,705,459,26219,1198,305,16,1177,323,19,1119,258,15,1198,305,16,Finisher,1163
Adrian,Garcia,Adrian Garcia,1085,M18-24,Male,Humble,Texas,United States,US,0:52:31,3:27:15,2:41:05,0:10:37,0:05:37,7:17:05,3151,12435,9665,637,337,26225,1199,894,152,1125,825,145,1210,912,153,1199,894,152,Finisher,700
Holland,Call,Holland Call,289,F25-29,Female,South Ogden,Utah,United States,US,1:07:19,3:32:29,2:18:47,0:11:59,0:06:33,7:17:08,4039,12749,8327,719,393,26228,1200,306,67,1372,377,87,1330,355,80,1200,306,67,Finisher,871
Jeffrey T,Houdek,Jeffrey T Houdek,1155,M55-59,Male,LAS VEGAS,NM,United States,US,1:08:11,3:04:48,2:43:33,0:12:24,0:08:47,7:17:43,4091,11088,9813,744,527,26263,1201,895,50,1386,1000,53,1165,887,47,1201,895,50,Finisher,700
Paul,Francis,Paul Francis,1689,M25-29,Male,Plymouth,WI,United States,US,0:57:04,3:28:35,2:38:21,0:09:39,0:05:19,7:18:58,3424,12515,9501,579,319,26338,1202,896,182,1249,905,184,1249,935,187,1202,896,182,Finisher,700
Sarah,Brown,Sarah Brown,1630,F30-34,Female,Santa Fe,New Mexico,United States,US,0:43:19,3:42:39,2:40:12,0:07:14,0:06:04,7:19:27,2599,13359,9612,434,364,26367,1203,307,73,578,148,38,1236,308,77,1203,307,73,Finisher,700
Emily,Prins,Emily Prins,721,F35-39,Female,Highlands Ranch,Colorado,United States,US,0:51:41,3:32:38,2:43:20,0:07:14,0:04:40,7:19:33,3101,12758,9800,434,280,26373,1204,308,37,1087,286,30,1220,301,35,1204,308,37,Finisher,700
Nancy,Peters,Nancy Peters,1302,F65-69,Female,Lakewood,CO,United States,US,0:50:11,3:30:20,2:41:56,0:08:35,0:08:44,7:19:46,3011,12620,9716,515,524,26386,1205,309,3,1012,264,2,1194,294,3,1205,309,3,Finisher,2512
Kristin,Kasper,Kristin Kasper,157,F35-39,Female,Colorado Springs,Colorado,United States,US,0:41:31,3:31:56,2:49:27,0:11:33,0:05:25,7:19:53,2491,12716,10167,693,325,26393,1206,310,38,453,120,12,1158,274,30,1206,310,38,Finisher,700
Kris,Rudolph,Kris Rudolph,1380,M35-39,Male,Sandy,Utah,United States,US,0:52:41,3:20:12,2:51:43,0:09:35,0:06:26,7:20:37,3161,12012,10303,575,386,26437,1207,897,101,1130,829,89,1130,868,97,1207,897,101,Finisher,700
Elizabeth,Young,Elizabeth Young,1300,F45-49,Female,COLORADO SPGS,CO,United States,US,0:47:25,3:27:46,2:44:28,0:10:15,0:10:51,7:20:45,2845,12466,9868,615,651,26445,1208,311,17,862,225,15,1168,281,16,1208,311,17,Finisher,1095
Ashley,Judge,Ashley Judge,45,F40-44,Female,Winter Garden,FL,United States,US,0:56:48,3:30:04,2:44:13,0:05:35,0:04:08,7:20:48,3408,12604,9853,335,248,26448,1209,312,33,1246,344,34,1234,307,31,1209,312,33,Finisher,700
Kendall,Cubero,Kendall Cubero,250,M18-24,Male,Bridgewater,New Jersey,United States,US,0:52:22,3:18:06,2:51:04,0:10:00,0:09:22,7:20:55,3142,11886,10264,600,562,26455,1210,898,153,1115,819,144,1103,851,142,1210,898,153,Finisher,700
Tess,Bottorff,Tess Bottorff,961,F30-34,Female,Denver,Colorado,United States,US,0:53:01,3:23:55,2:45:09,0:08:27,0:10:26,7:20:59,3181,12235,9909,507,626,26459,1211,313,74,1147,310,75,1166,279,72,1211,313,74,Finisher,700
Sarah,ODay,Sarah ODay,212,F18-24,Female,Gilbert,Arizona,United States,US,0:52:54,3:38:14,2:36:27,0:05:33,0:08:03,7:21:11,3174,13094,9387,333,483,26471,1212,314,51,1141,308,51,1257,320,52,1212,314,51,Finisher,700
Corey,Dibianco,Corey Dibianco,243,M18-24,Male,Boulder,Colorado,United States,US,0:48:00,3:40:20,2:36:19,0:10:36,0:06:07,7:21:23,2880,13220,9379,636,367,26483,1213,899,154,895,663,115,1274,949,159,1213,899,154,Finisher,700
Charlie,Lindell,Charlie Lindell,1308,M18-24,Male,Saint Paul,Minnesota,United States,US,0:41:28,4:11:39,2:18:33,0:05:55,0:04:35,7:22:10,2488,15099,8313,355,275,26530,1214,900,155,450,332,54,1352,983,168,1214,900,155,Finisher,700
Kala,Kama,Kala Kama,1593,M35-39,Male,Longmont,COLORADO,India,IN,0:55:56,3:25:31,2:46:40,0:09:23,0:04:48,7:22:18,3356,12331,10000,563,288,26538,1215,901,102,1224,887,100,1215,916,103,1215,901,102,Finisher,700
Dave,Danaher,Dave Danaher,751,M35-39,Male,Westminster,Colorado,United States,US,0:56:34,3:25:13,2:43:02,0:10:08,0:07:36,7:22:32,3394,12313,9782,608,456,26552,1216,902,103,1239,900,102,1227,924,104,1216,902,103,Finisher,700
Billy,McMahan,Billy McMahan,843,M40-44,Male,Erie,Colorado,United States,US,0:46:48,3:24:59,2:57:50,0:07:05,0:05:50,7:22:33,2808,12299,10670,425,350,26553,1217,903,92,819,608,56,1083,835,88,1217,903,92,Finisher,700
Mark,Curry,Mark Curry,974,M25-29,Male,Colorado Springs,CO,United States,US,0:57:56,3:20:08,2:43:23,0:09:14,0:12:17,7:22:58,3476,12008,9803,554,737,26578,1218,904,183,1273,921,190,1181,890,179,1218,904,183,Finisher,700
Derek,DeRue,Derek DeRue,793,M30-34,Male,Northglenn,Colorado,United States,US,0:45:45,3:27:11,2:45:39,0:15:01,0:09:25,7:23:00,2745,12431,9939,901,565,26580,1219,905,167,748,556,100,1186,895,163,1219,905,167,Finisher,700
James,Hinkel,James Hinkel,1617,M25-29,Male,Fort Thomas,KY,United States,US,1:02:39,3:41:05,2:20:18,0:10:27,0:08:33,7:23:02,3759,13265,8418,627,513,26582,1220,906,184,1333,967,203,1338,977,201,1220,906,184,Finisher,700
Jarrett,Abraham,Jarrett Abraham,1351,M35-39,Male,Arvada,Colorado,United States,US,0:55:14,3:18:05,2:54:00,0:08:10,0:07:38,7:23:08,3314,11885,10440,490,458,26588,1221,907,104,1211,879,97,1123,864,96,1221,907,104,Finisher,700
Erin,Gooch,Erin Gooch,158,F35-39,Male,Colorado Springs,Colorado,United States,US,1:08:02,3:48:51,2:12:37,0:08:31,0:05:37,7:23:39,4082,13731,7957,511,337,26619,1222,315,39,1384,385,42,1373,377,42,1222,315,39,Finisher,700
Christopher,Tenney,Christopher Tenney,679,M40-44,Male,Prescott Valley,AZ,United States,US,0:50:05,3:19:26,2:55:46,0:10:11,0:08:23,7:23:51,3005,11966,10546,611,503,26631,1223,908,93,1008,746,78,1091,841,89,1223,908,93,Finisher,700
Purva,Redkar,Purva Redkar,1616,F30-34,Female,Belgaum ,KARNATAKA,India,IN,0:57:34,3:37:15,2:38:18,0:05:40,0:05:12,7:23:58,3454,13035,9498,340,312,26638,1224,316,75,1266,351,83,1284,333,80,1224,316,75,Finisher,700
Blake,McLaughlin,Blake McLaughlin,1173,M45-49,Male,Timnath,CO,United States,US,0:56:51,3:31:36,2:42:03,0:08:51,0:04:59,7:24:20,3411,12696,9723,531,299,26660,1225,909,67,1247,903,67,1263,941,73,1225,909,67,Finisher,700
Shawn,Blaesing,Shawn Blaesing,870,F50-54,Female,Ames,IA,United States,US,0:42:21,3:18:00,3:08:28,0:09:23,0:06:32,7:24:44,2541,11880,11308,563,392,26684,1226,317,14,505,133,3,965,210,11,1226,317,14,Finisher,1175
Raya,Shoilekova,Raya Shoilekova,631,F25-29,Female,Boulder,CO,United States,US,1:06:24,3:32:05,2:35:05,0:07:39,0:03:37,7:24:49,3984,12725,9305,459,217,26689,1227,318,68,1364,374,85,1310,345,75,1227,318,68,Finisher,733
Robin,Brandt,Robin Brandt,1505,F45-49,Female,Minneapolis,MN,United States,US,1:05:51,3:33:19,2:31:47,0:09:40,0:04:17,7:24:54,3951,12799,9107,580,257,26694,1228,319,18,1358,373,20,1318,350,20,1228,319,18,Finisher,1020
Henry,Daschbach,Henry Daschbach,624,M18-24,Male,New Orleans,LA,United States,US,0:46:54,3:04:55,3:20:57,0:06:03,0:06:35,7:25:24,2814,11095,12057,363,395,26724,1229,910,156,827,615,108,755,607,98,1229,910,156,Finisher,700
Natalie,David,Natalie David,1295,F25-29,Female,Windsor,Colorado,United States,US,0:57:09,3:42:45,2:35:28,0:05:57,0:04:29,7:25:47,3429,13365,9328,357,269,26747,1230,320,69,1252,346,80,1308,344,74,1230,320,69,Finisher,715
Ellen,Sivertson,Ellen Sivertson,1331,F30-34,Female,Aurora,CO,United States,US,0:49:37,3:22:01,3:00:29,0:06:34,0:07:10,7:25:51,2977,12121,10829,394,430,26751,1231,321,76,980,254,67,1071,242,62,1231,321,76,Finisher,700
Cyndi,Wells,Cyndi Wells,634,F55-59,Female,Los Alamos,NM,United States,US,0:51:01,3:33:09,2:49:20,0:07:43,0:05:03,7:26:16,3061,12789,10160,463,303,26776,1232,322,15,1061,278,13,1226,303,16,1232,322,15,Finisher,891
Shannon,Quinn,Shannon Quinn,419,F25-29,Female,Denver,CO,United States,US,0:45:41,3:27:51,2:44:41,0:11:31,0:16:36,7:26:19,2741,12471,9881,691,996,26779,1233,323,70,742,191,46,1159,275,53,1233,323,70,Finisher,706
Hannah,McLain,Hannah McLain,469,F18-24,Female,Bakersfield,California,United States,US,0:48:39,3:28:09,2:33:22,0:08:37,0:27:54,7:26:41,2919,12489,9202,517,1674,26801,1234,324,52,931,238,42,1167,280,45,1234,324,52,Finisher,700
Jenni,Williamson,Jenni Williamson,351,F30-34,Female,Erie,CO,United States,US,0:53:57,3:50:19,2:31:56,0:06:34,0:04:00,7:26:44,3237,13819,9116,394,240,26804,1235,325,77,1172,321,76,1327,354,82,1235,325,77,Finisher,700
Ashley,Bills,Ashley Bills,479,F25-29,Female,Fresno,California,United States,US,0:48:49,3:45:14,2:33:22,0:08:38,0:10:49,7:26:51,2929,13514,9202,518,649,26811,1236,326,71,938,240,52,1297,338,73,1236,326,71,Finisher,700
Memo,Santoyo,Memo Santoyo,911,M50-54,Male,La Crescenta-Montrose,US-CA,United States,US,0:49:03,3:28:09,2:45:04,0:13:07,0:11:35,7:26:57,2943,12489,9904,787,695,26817,1237,911,56,950,703,46,1208,911,58,1237,911,56,Finisher,700
Michelle,Wilson,Michelle Wilson,528,F55-59,Female,Boulder,CO,Canada,CA,0:41:19,3:26:55,3:03:01,0:08:58,0:07:24,7:27:37,2479,12415,10981,538,444,26857,1238,327,16,443,117,6,1055,236,14,1238,327,16,Finisher,867
Joshua,Jeffers,Joshua Jeffers,1731,M18-24,Male,Golden,Colorado,United States,US,0:50:39,3:42:46,2:33:15,0:13:00,0:07:57,7:27:37,3039,13366,9195,780,477,26857,1239,912,157,1042,770,133,1311,966,164,1239,912,157,Finisher,700
Joshua,Seyse,Joshua Seyse,600,M18-24,Male,Amherst,NY,United States,US,0:50:30,3:30:37,2:53:27,0:06:28,0:06:45,7:27:47,3030,12637,10407,388,405,26867,1240,913,158,1027,759,130,1184,893,151,1240,913,158,Finisher,700
Jen,Lahoe,Jen Lahoe,444,F50-54,Female,DELTA,CO,United States,US,0:52:20,3:24:29,2:58:43,0:07:34,0:04:53,7:27:58,3140,12269,10723,454,293,26878,1241,328,15,1114,296,12,1154,272,13,1241,328,15,Finisher,1117
Jenn,Dynis,Jenn Dynis,1231,F30-34,Female,Littleton,Colorado,United States,US,0:43:02,3:34:16,2:57:46,0:09:08,0:04:04,7:28:15,2582,12856,10666,548,244,26895,1242,329,78,555,142,37,1172,285,73,1242,329,78,Finisher,700
Ashton,Remington,Ashton Remington,718,M18-24,Male,Norman,ok,United States,US,0:56:04,3:38:51,2:39:20,0:06:23,0:07:41,7:28:20,3364,13131,9560,383,461,26900,1243,914,159,1228,891,156,1288,954,161,1243,914,159,Finisher,700
Kathryn,Esper,Kathryn Esper,1078,F40-44,Female,Denver,CO,United States,US,0:58:25,3:28:49,2:48:18,0:06:38,0:06:20,7:28:29,3505,12529,10098,398,380,26909,1244,330,34,1286,356,35,1241,312,32,1244,330,34,Finisher,700
Tyler,Britton,Tyler Britton,541,M18-24,Male,Westminster ,Colorado,United States,US,0:39:46,3:31:14,3:01:09,0:08:54,0:07:43,7:28:46,2386,12674,10869,534,463,26926,1245,915,160,354,257,41,1094,844,140,1245,915,160,Finisher,700
Maggie,Cashman,Maggie Cashman,1184,F30-34,Female,Maryville,NSW,United States,US,1:00:07,3:42:05,2:25:49,0:14:42,0:06:04,7:28:46,3607,13325,8749,882,364,26926,1246,331,79,1306,358,85,1345,366,85,1246,331,79,Finisher,700
Elizabeth,Weiland,Elizabeth Weiland,132,F25-29,Female,Denver,CO,United States,US,0:53:42,3:40:01,2:44:53,0:05:46,0:04:37,7:28:59,3222,13201,9893,346,277,26939,1247,332,72,1164,318,75,1278,329,71,1247,332,72,Finisher,700
Autumn,Yopp,Autumn Yopp,766,F18-24,Female,Colorado Springs,Colorado,United States,US,0:57:10,3:26:09,2:50:13,0:08:45,0:07:09,7:29:26,3430,12369,10213,525,429,26966,1248,333,53,1255,349,54,1230,304,49,1248,333,53,Finisher,700
Brandon,Croy,Brandon Croy,477,M40-44,Male,Edmond,OK,United States,US,0:56:14,3:14:43,3:04:20,0:05:30,0:08:42,7:29:29,3374,11683,11060,330,522,26969,1249,916,94,1234,897,92,1048,814,85,1249,916,94,Finisher,700
Aimee,Steinwand,Aimee Steinwand,603,F30-34,Female,Arvada,Colorado,United States,US,0:52:48,3:25:21,2:57:32,0:08:47,0:05:15,7:29:42,3168,12321,10652,527,315,26982,1250,334,80,1137,306,73,1176,287,74,1250,334,80,Finisher,700
Brian,Wrabetz,Brian Wrabetz,1554,M50-54,Male,Erie,CO,United States,US,0:46:08,3:00:06,3:32:15,0:06:40,0:04:38,7:29:47,2768,10806,12735,400,278,26987,1251,917,57,771,574,37,656,534,36,1251,917,57,Finisher,700
Gina,White,Gina White,449,F25-29,Female,Denver,Colorado,United States,US,0:45:53,3:35:42,2:49:29,0:09:12,0:09:34,7:29:50,2753,12942,10169,552,574,26990,1252,335,73,752,193,47,1212,299,61,1252,335,73,Finisher,700
Michael,Sounart,Michael Sounart,207,M30-34,Male,Castle Rock,CO,United States,US,0:49:47,3:46:27,2:38:56,0:08:40,0:06:13,7:30:03,2987,13587,9536,520,373,27003,1253,918,168,988,731,136,1305,964,178,1253,918,168,Finisher,700
Michael ,Lorenz ,Michael Lorenz,1244,M30-34,Male,Aurora,Colorado,United States,US,0:42:22,3:41:21,2:55:57,0:05:31,0:04:57,7:30:08,2542,13281,10557,331,297,27008,1254,919,169,506,373,70,1196,902,165,1254,919,169,Finisher,700
Carson,Thomas,Carson Thomas,244,M18-24,Male,Lafayette,CO,United States,US,0:48:20,3:40:39,2:50:49,0:05:54,0:04:38,7:30:20,2900,13239,10249,354,278,27020,1255,920,161,917,681,117,1245,932,156,1255,920,161,Finisher,700
Breanne,Moen,Breanne Moen,1564,F35-39,Female,Chicago,IL,United States,US,0:56:30,3:33:02,2:46:43,0:07:01,0:07:18,7:30:35,3390,12782,10003,421,438,27035,1256,336,40,1238,339,38,1255,319,37,1256,336,40,Finisher,700
Santiago,Gray,Santiago Gray,610,M18-24,Male,Boulder,Colorado,United States,US,0:50:56,3:09:49,3:14:17,0:07:10,0:08:40,7:30:51,3056,11389,11657,430,520,27051,1257,921,162,1055,779,136,937,740,122,1257,921,162,Finisher,700
Jesus ,Gamez,Jesus Gamez,857,M25-29,Male,North Kansas City,MO,United States,US,0:54:44,3:28:43,2:53:20,0:06:39,0:07:50,7:31:16,3284,12523,10400,399,470,27076,1258,922,185,1199,870,175,1204,908,182,1258,922,185,Finisher,700
CAMERON,JOHNSON,CAMERON JOHNSON,1484,M30-34,Male,COLORADO SPRINGS,Colorado,United States,US,1:02:21,3:18:44,2:53:30,0:08:39,0:08:06,7:31:20,3741,11924,10410,519,486,27080,1259,923,170,1327,964,173,1200,905,166,1259,923,170,Finisher,700
Jon,Garling,Jon Garling,1215,M30-34,Male,Taylor,AZ,United States,US,0:45:13,3:46:12,2:44:56,0:07:17,0:07:48,7:31:27,2713,13572,9896,437,468,27087,1260,924,171,713,529,93,1271,948,175,1260,924,171,Finisher,700
Kaileen,Rouin,Kaileen Rouin,771,F30-34,,Denver,CO,United States,US,0:38:16,3:14:53,2:37:40,0:22:42,0:38:08,7:31:38,2296,11693,9460,1362,2288,27098,1261,337,81,277,81,20,1040,231,56,1261,337,81,Finisher,700
Stephen,Normington,Stephen Normington,1434,M30-34,Male,Denver,Colorado,United States,US,0:50:43,3:40:38,2:43:24,0:09:59,0:07:16,7:32:00,3043,13238,9804,599,436,27120,1262,925,172,1048,775,143,1289,955,177,1262,925,172,Finisher,700
Sara,Pulido,Sara Pulido,690,F40-44,Female,MIAMI,FL,Colombia,CO,1:07:38,3:42:59,2:31:03,0:06:46,0:03:47,7:32:12,4058,13379,9063,406,227,27132,1263,338,35,1377,380,38,1348,368,38,1263,338,35,Finisher,700
Jacob,Beckstead,Jacob Beckstead,754,M25-29,Male,Dallas,TX,United States,US,0:49:45,3:20:39,3:11:45,0:05:05,0:05:01,7:32:15,2985,12039,11505,305,301,27135,1264,926,186,986,729,147,1038,809,163,1264,926,186,Finisher,700
Doned,Rodriguez,Doned Rodriguez,651,M45-49,Male,Highlands Ranch,COLORADO,Philippines,PH,0:54:49,3:27:17,2:58:16,0:06:29,0:05:25,7:32:16,3289,12437,10696,389,325,27136,1265,927,68,1200,871,64,1192,900,71,1265,927,68,Finisher,700
Caerwyn,Hartten,Caerwyn Hartten,1297,F25-29,Female,Denver,Colorado,United States,US,0:39:56,3:40:28,2:57:11,0:08:26,0:06:17,7:32:18,2396,13228,10631,506,377,27138,1266,339,74,363,100,28,1193,293,59,1266,339,74,Finisher,700
Greg,Kilkenny,Greg Kilkenny,1112,M60-64,Male,Castle Rock,CO,United States,US,0:48:07,3:21:45,3:00:42,0:11:04,0:10:54,7:32:32,2887,12105,10842,664,654,27152,1267,928,24,906,673,13,1112,857,22,1267,928,24,Finisher,700
Eric,Johnson,Eric Johnson,804,M30-34,Male,APPLETON,WI,United States,US,0:49:20,3:13:48,3:16:32,0:08:00,0:05:23,7:33:03,2960,11628,11792,480,323,27183,1268,929,173,964,717,128,982,770,138,1268,929,173,Finisher,700
William,Pittman,William Pittman,459,M25-29,Male,Jonesboro,Arkansas,United States,US,1:01:35,3:12:32,2:57:45,0:11:07,0:11:04,7:34:02,3695,11552,10665,667,664,27242,1269,930,187,1323,960,202,1161,885,178,1269,930,187,Finisher,700
Kristen,Znutas,Kristen Znutas,873,F40-44,Female,West Jordan,Utah,United States,US,1:09:04,3:22:54,2:45:46,0:07:01,0:09:30,7:34:15,4144,12174,9946,421,570,27255,1270,340,36,1393,387,39,1275,326,33,1270,340,36,Finisher,700
Michael,Brado,Michael Brado,213,M30-34,Male,Bentonville,AR,United States,US,1:02:33,3:52:50,2:25:09,0:09:28,0:04:51,7:34:51,3753,13970,8709,568,291,27291,1271,931,174,1331,966,174,1371,996,180,1271,931,174,Finisher,700
Ethan,McLaughlin,Ethan McLaughlin,1167,M18-24,Male,Mesa,Arizona,United States,US,0:47:34,3:24:18,3:07:31,0:07:20,0:08:36,7:35:20,2854,12258,11251,440,516,27320,1272,932,163,866,640,111,1088,838,138,1272,932,163,Finisher,700
Andrew,Fallin,Andrew Fallin,1638,M25-29,Male,Pasco,WA,United States,US,0:38:24,3:23:03,3:22:52,0:05:51,0:05:31,7:35:41,2304,12183,12172,351,331,27341,1273,933,188,284,201,45,923,730,142,1273,933,188,Finisher,700
Isaiah,Flores ,Isaiah Flores,1369,M25-29,Male,Parker,Colorado,United States,US,0:59:03,3:29:47,2:51:20,0:08:41,0:07:17,7:36:08,3543,12587,10280,521,437,27368,1274,934,189,1295,939,196,1265,943,190,1274,934,189,Finisher,700
Maxim,Iordan,Maxim Iordan,1641,M30-34,Male,Commerce City,Colorado,United States,US,0:53:50,3:30:16,2:59:01,0:06:02,0:07:07,7:36:17,3230,12616,10741,362,427,27377,1275,935,175,1169,850,160,1205,909,167,1275,935,175,Finisher,700
Kara ,Beecher,Kara Beecher,1368,F30-34,Female,Broomfield,Colorado,United States,US,0:57:08,3:55:29,2:27:26,0:10:10,0:06:48,7:37:02,3428,14129,8846,610,408,27422,1276,341,82,1251,345,81,1361,372,87,1276,341,82,Finisher,700
Elizabeth,Wilburn,Elizabeth Wilburn,1496,F40-44,Female,Denver,Colorado,United States,US,0:51:14,3:45:34,2:47:35,0:07:31,0:05:12,7:37:06,3074,13534,10055,451,312,27426,1277,342,37,1067,281,24,1302,340,36,1277,342,37,Finisher,700
Alton,Peacey,Alton Peacey,520,M18-24,Male,Westminster,Colorado,United States,US,1:05:29,3:40:59,2:36:18,0:08:45,0:05:49,7:37:20,3929,13259,9378,525,349,27440,1278,936,164,1356,984,168,1340,978,167,1278,936,164,Finisher,700
Connor,Watts,Connor Watts,1122,M18-24,Male,Washington,UTAH,United States,US,0:43:52,3:17:42,3:22:04,0:08:31,0:05:29,7:37:37,2632,11862,12124,511,329,27457,1279,937,165,619,461,81,971,760,126,1279,937,165,Finisher,700
Joshua,Johnston,Joshua Johnston,1305,M30-34,Male,WESTMINSTER,Colorado,United States,US,0:46:21,3:35:34,3:00:27,0:09:46,0:05:54,7:38:01,2781,12934,10827,586,354,27481,1280,938,176,789,588,108,1223,921,169,1280,938,176,Finisher,700
Maya ,Kita,Maya Kita,1378,F25-29,Female,Emmaus,Pennsylvania,United States,US,0:52:19,4:03:26,2:25:13,0:08:42,0:08:41,7:38:20,3139,14606,8713,522,521,27500,1281,343,75,1113,295,68,1369,375,85,1281,343,75,Finisher,700
Adair,Pattillo,Adair Pattillo,1459,F25-29,Female,Glenwood Springs,Colorado,United States,US,0:49:20,3:28:22,3:09:12,0:06:47,0:04:48,7:38:29,2960,12502,11352,407,288,27509,1282,344,76,965,248,54,1155,273,52,1282,344,76,Finisher,700
Natalia,Janusz,Natalia Janusz,1243,F25-29,Female,Longmont,Colorado,United States,US,0:53:37,3:43:27,2:41:38,0:13:03,0:07:14,7:38:58,3217,13407,9698,783,434,27538,1283,345,77,1163,317,74,1324,352,79,1283,345,77,Finisher,700
Christian ,Gardner,Christian Gardner,900,M25-29,Male,Longmont,CO,United States,US,1:08:51,3:32:41,2:39:08,0:07:40,0:10:39,7:39:00,4131,12761,9548,460,639,27540,1284,939,190,1391,1005,209,1320,970,197,1284,939,190,Finisher,700
Dustin,Romero,Dustin Romero,1198,M45-49,Male,Murphys,CA,United States,US,1:01:20,3:05:18,3:18:29,0:07:25,0:07:06,7:39:37,3680,11118,11909,445,426,27577,1285,940,69,1321,958,72,1017,793,66,1285,940,69,Finisher,700
Ezri,Staheli,Ezri Staheli,200,F25-29,Female,Fort Collins,Colorado,United States,US,0:49:32,3:56:32,2:37:29,0:09:41,0:06:24,7:39:38,2972,14192,9449,581,384,27578,1286,346,78,974,251,55,1341,363,83,1286,346,78,Finisher,700
Cliff,Eclarino,Cliff Eclarino,1185,M50-54,Male,Brentwood,CA,United States,US,0:56:06,3:12:26,3:18:28,0:06:52,0:05:50,7:39:43,3366,11546,11908,412,350,27583,1287,941,58,1229,892,55,1035,806,53,1287,941,58,Finisher,700
Genesis,Funkhouser,Genesis Funkhouser,1016,F25-29,Female,NORTH BAY VLG,FL,United States,US,1:04:44,3:57:25,2:22:16,0:07:24,0:08:19,7:40:08,3884,14245,8536,444,499,27608,1288,347,79,1351,370,84,1377,379,86,1288,347,79,Finisher,700
Weston,Eggett,Weston Eggett,1701,M35-39,Male,Parker,CO,United States,US,0:46:10,3:18:56,3:17:39,0:08:20,0:09:11,7:40:15,2770,11936,11859,500,551,27615,1289,942,105,774,577,58,1013,790,89,1289,942,105,Finisher,700
Parker,Servello,Parker Servello,1685,M30-34,Male,BOULDER,Colorado,United States,US,0:51:57,2:58:55,3:29:47,0:10:03,0:09:40,7:40:23,3117,10735,12587,603,580,27623,1290,943,177,1092,805,149,809,651,116,1290,943,177,Finisher,700
Robert,Hotzfeld,Robert Hotzfeld,1329,M45-49,Male,AURORA,CO,United States,US,0:48:08,3:07:56,3:25:40,0:11:09,0:08:03,7:40:56,2888,11276,12340,669,483,27656,1291,944,70,907,674,55,922,729,62,1291,944,70,Finisher,700
Tyra,Turner,Tyra Turner,433,F18-24,Female,Boston,MA,United States,US,0:57:39,3:47:19,2:42:56,0:08:54,0:04:22,7:41:10,3459,13639,9776,534,262,27670,1292,348,54,1267,352,56,1337,361,55,1292,348,54,Finisher,700
Christophe ,Tinkler,Christophe Tinkler,1469,M25-29,Male,Saint-Lambert,Quebec,Canada,CA,0:56:03,3:44:42,2:30:20,0:17:49,0:12:20,7:41:14,3363,13482,9020,1069,740,27674,1293,945,191,1227,890,182,1351,982,203,1293,945,191,Finisher,700
Alejandro ,Trujillo,Alejandro Trujillo,599,M25-29,Male,Thornton,Colorado,United States,US,0:45:54,3:40:59,2:43:26,0:19:07,0:11:58,7:41:24,2754,13259,9806,1147,718,27684,1294,946,192,754,561,116,1309,965,194,1294,946,192,Finisher,700
Henrique,De Abreu Souza,Henrique De Abreu Souza,368,M40-44,Male,Brasília,DISTRITO FEDERAL,Brazil,BR,0:50:56,3:21:00,3:18:33,0:06:06,0:04:56,7:41:31,3056,12060,11913,366,296,27691,1295,947,95,1058,781,82,1065,825,86,1295,947,95,Finisher,700
Deb,Mitchum,Deb Mitchum,734,F60-64,Female,Centennial,CO,United States,US,0:48:54,3:37:03,3:02:42,0:07:43,0:05:12,7:41:33,2934,13023,10962,463,312,27693,1296,349,4,940,242,2,1238,310,3,1296,349,4,Finisher,1441
Daryl,Anselmo,Daryl Anselmo,548,M45-49,Male,SAN FRANCISCO,CA,Canada,CA,0:52:01,3:19:19,3:14:28,0:09:11,0:07:01,7:42:00,3121,11959,11668,551,421,27720,1297,948,71,1099,810,62,1107,854,69,1297,948,71,Finisher,700
Declan,Byers,Declan Byers,205,M18-24,Male,Castle Rock,US-CO,United States,US,0:47:41,3:40:52,2:59:47,0:08:13,0:05:35,7:42:07,2861,13252,10787,493,335,27727,1298,949,166,873,647,112,1258,938,157,1298,949,166,Finisher,700
Abraham,Casas,Abraham Casas,660,M25-29,Male,Boulder,Colorado,United States,US,1:08:25,3:35:41,2:45:30,0:07:37,0:05:10,7:42:25,4105,12941,9930,457,310,27745,1299,950,193,1389,1003,208,1329,975,200,1299,950,193,Finisher,700
Ethan,Anderson,Ethan Anderson,892,M25-29,Male,Ogden,Utah,United States,US,0:53:53,4:00:46,2:35:33,0:07:33,0:04:53,7:42:38,3233,14446,9333,453,293,27758,1300,951,194,1170,851,170,1359,988,204,1300,951,194,Finisher,700
Collin,Brown,Collin Brown,348,M25-29,Male,Ballwin,Missouri,United States,US,0:46:00,3:25:51,3:18:22,0:07:33,0:04:57,7:42:43,2760,12351,11902,453,297,27763,1301,952,195,759,565,117,1090,840,169,1301,952,195,Finisher,700
Joe,Greaves,Joe Greaves,494,M65-69,Male,COLUMBIA,MO,United States,US,0:44:19,3:28:15,3:12:15,0:12:44,0:05:59,7:43:32,2659,12495,11535,764,359,27812,1302,953,7,646,483,6,1163,886,7,1302,953,7,Finisher,700
Tyreece,Morgan,Tyreece Morgan,1181,M25-29,,Chicago,IL,United States,US,1:00:13,3:44:13,2:47:57,0:05:08,0:06:23,7:43:54,3613,13453,10077,308,383,27834,1303,954,196,1307,949,199,1322,971,198,1303,954,196,Finisher,700
Clovis,Chaux,Clovis Chaux,1322,M45-49,Male,Commerce City,CO,Colombia,CO,1:05:04,3:54:53,2:33:13,0:05:48,0:05:25,7:44:23,3904,14093,9193,348,325,27863,1304,955,72,1354,983,75,1374,997,77,1304,955,72,Finisher,700
Spencer,Syfrig,Spencer Syfrig,411,M35-39,Male,longmont,CO,Switzerland,CH,0:50:49,3:31:00,3:07:51,0:07:33,0:07:31,7:44:44,3049,12660,11271,453,451,27884,1305,956,106,1051,777,82,1199,904,102,1305,956,106,Finisher,700
Jackson,Porter,Jackson Porter,1013,M18-24,Male,Littleton,COLORADO,United States,US,1:06:04,3:39:11,2:47:52,0:06:33,0:05:55,7:45:35,3964,13151,10072,393,355,27935,1306,957,167,1360,987,169,1331,976,166,1306,957,167,Finisher,700
Marcin,Ziolkowski,Marcin Ziolkowski,972,M40-44,Male,Denver,Colorado,United States,US,0:51:57,3:28:23,2:51:44,0:17:52,0:15:46,7:45:42,3117,12503,10304,1072,946,27942,1307,958,96,1091,804,83,1268,946,96,1307,958,96,Finisher,700
Leena,Vilonen,Leena Vilonen,851,F30-34,Female,Denver,Colorado,United States,US,0:45:41,3:24:09,3:20:23,0:07:33,0:08:02,7:45:47,2741,12249,12023,453,482,27947,1308,350,83,743,192,50,1057,238,59,1308,350,83,Finisher,700
Alex,Jackson,Alex Jackson,323,M30-34,Male,VAIL,AZ,United States,US,0:58:59,3:57:45,2:37:43,0:06:36,0:04:58,7:46:01,3539,14265,9463,396,298,27961,1309,959,178,1293,937,170,1362,990,179,1309,959,178,Finisher,700
Angel,Ontiveros,Angel Ontiveros,339,M25-29,Male,Lewisville,Texas,United States,US,1:04:11,3:49:44,2:35:09,0:10:10,0:07:16,7:46:30,3851,13784,9309,610,436,27990,1310,960,197,1347,978,205,1366,993,206,1310,960,197,Finisher,700
Daniel,Chavez,Daniel Chavez,1430,M18-24,Male,Timnath,Colorado,United States,US,0:46:49,3:49:19,2:58:49,0:07:58,0:03:37,7:46:32,2809,13759,10729,478,217,27992,1311,961,168,820,609,107,1300,962,163,1311,961,168,Finisher,700
Ashley,Amato,Ashley Amato,1299,F40-44,Female,WESTMINSTER,CO,United States,US,0:53:45,3:39:45,2:57:28,0:07:51,0:08:05,7:46:53,3225,13185,10648,471,485,28013,1312,351,38,1165,319,28,1290,335,35,1312,351,38,Finisher,700
Kirsty,Hodgkins,Kirsty Hodgkins,741,F25-29,Female,Lafayette,US-CO,Australia,AU,0:44:36,3:38:02,3:15:44,0:04:37,0:04:03,7:47:02,2676,13082,11744,277,243,28022,1313,352,80,665,170,44,1179,290,58,1313,352,80,Finisher,700
Lauren,Bryan,Lauren Bryan,1487,F45-49,Female,Denver,CO,United States,US,0:52:40,3:38:58,3:02:08,0:08:03,0:05:20,7:47:09,3160,13138,10928,483,320,28029,1314,353,19,1129,301,17,1281,331,18,1314,353,19,Finisher,700
Audrey,Potter,Audrey Potter,1443,F25-29,Female,Fort Collins,CO,United States,US,0:52:47,3:46:35,2:54:17,0:07:03,0:07:13,7:47:55,3167,13595,10457,423,433,28075,1315,354,81,1136,305,70,1312,346,76,1315,354,81,Finisher,700
Mike,Ford,Mike Ford,424,M60-64,Male,Ferndale,WA,United States,US,0:54:11,3:22:58,3:15:44,0:07:48,0:07:27,7:48:07,3251,12178,11744,468,447,28087,1316,962,25,1179,856,19,1157,884,24,1316,962,25,Finisher,700
Rachel,Richardson,Rachel Richardson,216,F30-34,Female,Littleton,Colorado,United States,US,0:47:06,4:06:41,2:39:07,0:09:46,0:05:28,7:48:08,2826,14801,9547,586,328,28088,1317,355,84,845,219,59,1363,373,88,1317,355,84,Finisher,700
Ismael ,Castillo ,Ismael Castillo,389,M25-29,Male,Dripping Springs,Texas,United States,US,0:49:46,4:01:06,2:39:03,0:11:27,0:06:45,7:48:08,2986,14466,9543,687,405,28088,1318,963,198,987,730,148,1360,989,205,1318,963,198,Finisher,700
Wilson,Araya,Wilson Araya,841,M45-49,Male,Garabito,Andalusia,Costa Rica,CR,1:05:44,3:29:23,2:56:54,0:09:24,0:06:57,7:48:21,3944,12563,10614,564,417,28101,1319,964,73,1357,985,76,1303,963,76,1319,964,73,Finisher,700
Kody ,West,Kody West,1009,M35-39,Male,Overland park,KS,United States,US,1:01:22,3:52:29,2:44:01,0:06:59,0:04:42,7:49:32,3682,13949,9841,419,282,28172,1320,965,107,1322,959,107,1355,985,110,1320,965,107,Finisher,700
Sarah,Heasley,Sarah Heasley,1504,F30-34,Female,SLC,UT,United States,US,1:02:35,3:45:50,2:48:07,0:08:05,0:05:00,7:49:37,3755,13550,10087,485,300,28177,1321,356,85,1332,366,87,1344,365,84,1321,356,85,Finisher,700
Chris,Cano,Chris Cano,1041,M55-59,Male,SPRING,TX,United States,US,0:47:47,3:36:20,3:07:46,0:10:15,0:08:11,7:50:18,2867,12980,11266,615,491,28218,1322,966,51,881,654,38,1244,931,51,1322,966,51,Finisher,700
Kathryn,Markow,Kathryn Markow,795,F60-64,Female,Littleton,Colorado,United States,US,0:59:42,3:53:41,2:43:04,0:08:25,0:05:26,7:50:19,3582,14021,9784,505,326,28219,1323,357,5,1301,357,7,1358,371,7,1323,357,5,Finisher,1283
Nicholas,Cimms,Nicholas Cimms,1268,M45-49,Male,DALLAS,TX,United States,US,0:57:16,3:31:24,3:09:10,0:06:16,0:06:36,7:50:42,3436,12684,11350,376,396,28242,1324,967,74,1256,907,68,1246,933,72,1324,967,74,Finisher,700
Steven,Perret,Steven Perret,413,M25-29,Male,Denver,CO,United States,US,0:59:17,3:59:49,2:34:54,0:12:25,0:04:29,7:50:54,3557,14389,9294,745,269,28254,1325,968,199,1300,944,197,1381,1001,207,1325,968,199,Finisher,700
Chase,Merrill,Chase Merrill,916,M25-29,Male,Aurora,CO,United States,US,1:07:02,3:23:17,3:09:23,0:07:53,0:03:30,7:51:04,4022,12197,11363,473,210,28264,1326,969,200,1367,991,206,1267,945,191,1326,969,200,Finisher,700
Jeremiah,Betron,Jeremiah Betron,25,M45-49,Male,FLOWER MOUND,TX,United States,US,0:45:53,3:21:43,3:27:21,0:07:00,0:09:12,7:51:10,2753,12103,12441,420,552,28270,1327,970,75,753,560,51,1024,799,68,1327,970,75,Finisher,700
Juan,Perez,Juan Perez,1037,M25-29,Male,Denver,Colorado ,Colombia,CO,0:37:35,3:23:49,3:37:04,0:07:50,0:05:29,7:51:48,2255,12229,13024,470,329,28308,1328,971,201,243,171,37,957,751,149,1328,971,201,Finisher,700
Tyler,Theobald,Tyler Theobald,1183,M30-34,Male,Bend,OR,United States,US,0:51:46,3:22:23,3:15:59,0:10:01,0:12:13,7:52:21,3106,12143,11759,601,733,28341,1329,972,179,1089,803,148,1150,879,162,1329,972,179,Finisher,700
Franklin,Smith,Franklin Smith,375,M65-69,Male,CINCINNATI,OH,United States,US,0:44:01,3:35:52,3:14:26,0:09:57,0:08:11,7:52:27,2641,12952,11666,597,491,28347,1330,973,8,628,469,5,1201,906,8,1330,973,8,Finisher,700
Taylor,Vonderach,Taylor Vonderach,699,F25-29,Female,Denver,Colorado,United States,US,0:52:03,4:15:37,2:26:30,0:11:40,0:06:50,7:52:39,3123,15337,8790,700,410,28359,1331,358,82,1100,290,66,1390,385,88,1331,358,82,Finisher,700
Sean,Disney,Sean Disney,928,M18-24,Male,Bountiful,UT,United States,US,0:51:59,4:01:17,2:47:45,0:06:47,0:05:52,7:53:38,3119,14477,10065,407,352,28418,1332,974,169,1094,807,140,1353,984,169,1332,974,169,Finisher,700
Lily,Brandenberger,Lily Brandenberger,605,F18-24,Female,Colorado Springs,Colorado,United States,US,0:53:05,3:41:33,3:05:47,0:07:44,0:05:46,7:53:55,3185,13293,11147,464,346,28435,1333,359,55,1148,311,52,1294,336,54,1333,359,55,Finisher,700
Meagan,Yannitelli,Meagan Yannitelli,1239,F40-44,Female,Scottsdale,AZ,United States,US,0:52:08,4:05:37,2:41:55,0:08:32,0:05:55,7:54:08,3128,14737,9715,512,355,28448,1334,360,39,1104,291,26,1375,378,39,1334,360,39,Finisher,700
Jordan,Martin,Jordan Martin,1450,F25-29,Female,Lakewood,Colorado,United States,US,1:00:25,3:44:16,2:55:36,0:07:31,0:06:38,7:54:26,3625,13456,10536,451,398,28466,1335,361,83,1310,360,82,1333,357,81,1335,361,83,Finisher,700
Emma,Yarrow,Emma Yarrow,1429,F25-29,Female,Fort Collins,CO,United States,US,0:50:52,3:49:38,3:00:31,0:07:58,0:05:30,7:54:28,3052,13778,10831,478,330,28468,1336,362,84,1052,275,64,1317,349,78,1336,362,84,Finisher,700
Joshua,Mathews,Joshua Mathews,507,M50-54,Male,The Colony,TX,United States,US,1:06:16,3:47:18,2:43:38,0:10:41,0:07:26,7:55:20,3976,13638,9818,641,446,28520,1337,975,59,1363,990,61,1367,994,62,1337,975,59,Finisher,700
Sarah,Duke,Sarah Duke,164,F30-34,Female,Longmont,Colorado,United States,US,0:41:03,4:02:28,3:00:34,0:06:59,0:04:33,7:55:38,2463,14548,10834,419,273,28538,1338,363,86,424,113,30,1325,353,81,1338,363,86,Finisher,700
Bryant,Eggett,Bryant Eggett,1724,M50-54,Male,N SALT LAKE,UT,United States,US,0:46:53,3:35:08,3:17:43,0:09:12,0:07:08,7:56:04,2813,12908,11863,552,428,28564,1339,976,60,826,614,42,1216,917,59,1339,976,60,Finisher,700
Cesar Uriel,Alvarado Castañeda,Cesar Uriel Alvarado Castañeda,578,M30-34,Male,orizaba,veracruz,Mexico,MX,0:52:26,3:35:39,3:14:08,0:09:19,0:05:27,7:56:59,3146,12939,11648,559,327,28619,1340,977,180,1119,822,153,1264,942,173,1340,977,180,Finisher,700
Adam,Thomas,Adam Thomas,695,M25-29,Male,Arlington,TX,United States,US,0:55:38,3:42:30,3:03:02,0:09:49,0:07:09,7:58:07,3338,13350,10982,589,429,28687,1341,978,202,1216,883,179,1315,968,195,1341,978,202,Finisher,700
Nick,White,Nick White,770,M25-29,Male,Lakewood,CO,United States,US,0:47:37,3:39:47,3:20:28,0:06:18,0:04:20,7:58:30,2857,13187,12028,378,260,28710,1342,979,203,869,643,129,1239,929,186,1342,979,203,Finisher,700
Jill,Haffner,Jill Haffner,1339,F25-29,Female,Prosper,TX,United States,US,0:52:51,3:34:00,3:12:37,0:09:06,0:10:42,7:59:16,3171,12840,11557,546,642,28756,1343,364,85,1139,307,71,1252,316,65,1343,364,85,Finisher,700
Tracy,Pineda,Tracy Pineda,1595,F45-49,Female,WHEAT RIDGE,CO,United States,US,0:46:22,3:46:41,3:10:45,0:07:47,0:07:45,7:59:21,2782,13601,11445,467,465,28761,1344,365,20,793,202,12,1286,334,19,1344,365,20,Finisher,700
Fernando,Pineda-Reyes,Fernando Pineda-Reyes,1715,M55-59,Male,Denver,CO,Mexico,MX,0:43:09,4:00:21,3:02:56,0:06:35,0:06:22,7:59:24,2589,14421,10976,395,382,28764,1345,980,52,565,422,24,1323,972,52,1345,980,52,Finisher,700
Scott,Julian,Scott Julian,417,M35-39,Male,Broomfield,Colorado,United States,US,0:51:31,3:24:52,3:28:59,0:06:58,0:08:41,8:01:01,3091,12292,12539,418,521,28861,1346,981,108,1079,798,86,1140,875,99,1346,981,108,Finisher,700
Chase,Trautman,Chase Trautman,1510,M25-29,Male,Denver,Colorado,United States,US,0:52:50,3:43:34,3:11:54,0:05:54,0:07:16,8:01:28,3170,13414,11514,354,436,28888,1347,982,204,1138,832,166,1292,957,192,1347,982,204,Finisher,700
Paula,Thomassiny Gutierrez,Paula Thomassiny Gutierrez,966,F18-24,Female,Queretaro,Queretaro,Mexico,MX,0:57:28,3:53:08,2:53:04,0:10:06,0:07:57,8:01:43,3448,13988,10384,606,477,28903,1348,366,56,1264,350,55,1354,370,57,1348,366,56,Finisher,700
Colin,Mcafee,Colin Mcafee,1563,M35-39,Male,Colorado Springs,CO,United States,US,1:04:24,4:10:18,2:32:20,0:07:40,0:07:26,8:02:08,3864,15018,9140,460,446,28928,1349,983,109,1349,980,111,1393,1006,114,1349,983,109,Finisher,700
Laura,Hitchens,Laura Hitchens,274,F55-59,Female,SPRING,TX,United States,US,0:55:52,3:43:55,3:04:00,0:09:39,0:09:26,8:02:52,3352,13435,11040,579,566,28972,1350,367,17,1222,336,16,1321,351,17,1350,367,17,Finisher,700
Grace,Day,Grace Day,133,F25-29,Female,Centennial,CO,United States,US,0:49:37,4:01:20,3:00:54,0:07:22,0:04:16,8:03:28,2977,14480,10854,442,256,29008,1351,368,86,981,255,56,1349,369,84,1351,368,86,Finisher,700
Thomas,Atchison,Thomas Atchison,1591,M25-29,Male,Highlands Ranch,CO,United States,US,0:58:29,3:40:00,3:09:12,0:10:26,0:05:27,8:03:33,3509,13200,11352,626,327,29013,1352,984,205,1287,931,194,1319,969,196,1352,984,205,Finisher,700
Joshua,Larson,Joshua Larson,946,M45-49,Male,Gypsum,CO,United States,US,0:50:37,3:42:14,3:14:55,0:09:16,0:06:59,8:04:00,3037,13334,11695,556,419,29040,1353,985,76,1039,767,60,1291,956,74,1353,985,76,Finisher,700
JOSH,IMKE,JOSH IMKE,1714,M40-44,Male,MONUMENT,COLORADO,United States,US,0:56:43,3:42:43,3:11:03,0:07:45,0:06:09,8:04:23,3403,13363,11463,465,369,29063,1354,986,97,1241,901,93,1314,967,98,1354,986,97,Finisher,700
Katie,MacKinnon,Katie MacKinnon,1104,F25-29,Female,Louisville,Colorado,United States,US,0:50:32,3:55:17,3:02:22,0:08:46,0:07:33,8:04:31,3032,14117,10942,526,453,29071,1355,369,87,1031,270,62,1339,362,82,1355,369,87,Finisher,700
Kirk,Scheidt,Kirk Scheidt,312,M35-39,Male,Colorado Springs,CO,United States,US,1:09:07,3:45:00,2:54:31,0:10:41,0:05:25,8:04:44,4147,13500,10471,641,325,29084,1356,987,110,1394,1007,114,1370,995,112,1356,987,110,Finisher,700
Kwynn,Gonzalez-Pons,Kwynn Gonzalez-Pons,671,F35-39,Female,Sandy,UT,United States,US,0:52:13,3:43:34,3:13:05,0:08:56,0:07:24,8:05:12,3133,13414,11585,536,444,29112,1357,370,41,1109,292,33,1304,341,39,1357,370,41,Finisher,700
Matt,Capraro,Matt Capraro,597,M50-54,Male,Denver,CO,United States,US,0:42:07,3:18:09,3:31:09,0:10:20,0:24:06,8:05:51,2527,11889,12669,620,1446,29151,1358,988,61,489,361,28,977,766,51,1358,988,61,Finisher,700
Lionel,Thomas,Lionel Thomas,806,M40-44,Male,Parker,Colorado,United States,US,0:49:00,3:33:42,3:25:50,0:08:38,0:09:08,8:06:19,2940,12822,12350,518,548,29179,1359,989,98,945,701,73,1218,919,94,1359,989,98,Finisher,700
Corey,Larsen,Corey Larsen,1083,M55-59,Male,Eagle Mountain,Utah,United States,US,0:52:41,4:13:10,2:41:03,0:12:51,0:08:50,8:08:35,3161,15190,9663,771,530,29315,1360,990,53,1131,830,45,1388,1004,54,1360,990,53,Finisher,700
Catherine,Halaska,Catherine Halaska,398,F18-24,Female,Cypress,Texas,United States,US,0:52:29,4:02:25,3:00:05,0:09:27,0:05:23,8:09:50,3149,14545,10805,567,323,29390,1361,371,57,1124,300,50,1368,374,58,1361,371,57,Finisher,700
Bryan,Underwood,Bryan Underwood,1075,M40-44,Male,WESTMINSTER,CO,United States,US,1:08:17,3:41:44,2:55:40,0:13:55,0:10:29,8:10:05,4097,13304,10540,835,629,29405,1362,991,99,1387,1001,99,1365,992,99,1362,991,99,Finisher,700
Steve,Votta,Steve Votta,1150,M60-64,Male,AURORA,Colorado,United States,US,1:07:39,3:50:25,2:55:05,0:10:17,0:07:33,8:10:59,4059,13825,10505,617,453,29459,1363,992,26,1381,999,26,1376,998,26,1363,992,26,Finisher,700
Kami,Netri,Kami Netri,328,F65-69,Female,Hawthorne,NY,United States,US,0:56:38,3:41:23,3:07:26,0:13:50,0:11:45,8:11:01,3398,13283,11246,830,705,29461,1364,372,4,1240,340,4,1332,356,4,1364,372,4,Finisher,1589
Ian,Chakraborty,Ian Chakraborty,1677,M25-29,Male,Stillwater,OK,United States,US,0:55:12,4:20:06,2:48:28,0:03:31,0:03:59,8:11:17,3312,15606,10108,211,239,29477,1365,993,206,1209,877,178,1389,1005,208,1365,993,206,Finisher,700
Danni-Lynn,Korpela,Danni-Lynn Korpela,1042,F60-64,Female,Elburn,IL,United States,US,0:53:35,3:51:16,3:11:52,0:07:30,0:07:14,8:11:27,3215,13876,11512,450,434,29487,1366,373,6,1161,316,5,1334,358,6,1366,373,6,Finisher,902
Mara,Hofherr,Mara Hofherr,1114,F30-34,Female,St. Louis,Missouri,United States,US,1:07:38,3:56:36,2:55:55,0:07:38,0:04:02,8:11:49,4058,14196,10555,458,242,29509,1367,374,87,1378,381,90,1382,381,90,1367,374,87,Finisher,700
Kyra,Crowe,Kyra Crowe,696,F18-24,Female,Parker,CO,United States,US,0:52:28,3:55:43,3:05:13,0:08:01,0:10:32,8:11:58,3148,14143,11113,481,632,29518,1368,375,58,1123,299,49,1342,364,56,1368,375,58,Finisher,700
Nick,Kirsch,Nick Kirsch,1060,M45-49,Male,Seattle,WA,United States,US,1:07:37,3:24:02,3:19:16,0:10:50,0:10:48,8:12:34,4057,12242,11956,650,648,29554,1369,994,77,1376,997,79,1296,959,75,1369,994,77,Finisher,700
Bre,Cranmer,Bre Cranmer,1249,F25-29,Female,Greenwood Village,Colorado,United States,US,1:06:41,4:04:16,2:45:28,0:10:54,0:05:21,8:12:39,4001,14656,9928,654,321,29559,1370,376,88,1366,376,86,1391,386,89,1370,376,88,Finisher,700
Simon,Kim,Simon Kim,877,M18-24,Male,Austin,Texas,United States,US,1:07:04,3:53:40,2:57:01,0:08:52,0:06:10,8:12:46,4024,14020,10621,532,370,29566,1371,995,170,1368,992,170,1378,999,170,1371,995,170,Finisher,700
Corrine,Herris,Corrine Herris,1452,F30-34,Female,LAKEWOOD,CO,United States,US,0:55:01,3:51:55,3:04:54,0:09:59,0:10:59,8:12:48,3301,13915,11094,599,659,29568,1372,377,88,1203,330,79,1346,367,86,1372,377,88,Finisher,700
Jenna,Cornick,Jenna Cornick,168,F30-34,Female,Littleton,Colorado,United States,US,1:02:40,4:01:04,2:56:46,0:05:55,0:06:27,8:12:53,3760,14464,10606,355,387,29573,1373,378,89,1334,367,88,1379,380,89,1373,378,89,Finisher,700
Paige,Bordowitz,Paige Bordowitz,369,F18-24,Female,Tucson,Arizona,United States,US,1:06:38,3:50:42,3:02:00,0:07:54,0:06:50,8:14:04,3998,13842,10920,474,410,29644,1374,379,59,1365,375,59,1372,376,59,1374,379,59,Finisher,700
Makaio,Goods,Makaio Goods,1652,M25-29,Male,Denver,Colorado,United States,US,0:57:41,3:43:25,3:11:54,0:10:15,0:10:59,8:14:15,3461,13405,11514,615,659,29655,1375,996,207,1269,917,189,1328,974,199,1375,996,207,Finisher,700
Kendal,Newberry,Kendal Newberry,560,F25-29,Female,greeley,Colorado,United States,US,1:08:07,3:54:18,2:53:40,0:12:00,0:06:19,8:14:24,4087,14058,10420,720,379,29664,1376,380,89,1385,386,90,1385,383,87,1376,380,89,Finisher,700
JHARID,PRATT,JHARID PRATT,1314,M35-39,Male,Niwot,Colorado,United States,US,1:04:59,4:00:02,2:56:21,0:07:24,0:06:06,8:14:51,3899,14402,10581,444,366,29691,1377,997,111,1353,982,112,1383,1002,113,1377,997,111,Finisher,700
Lisa,Hoenie,Lisa Hoenie,461,F30-34,Female,DELAWARE,OH,United States,US,1:03:44,3:40:32,3:16:16,0:08:41,0:05:41,8:14:54,3824,13232,11776,521,341,29694,1378,381,90,1344,369,89,1336,360,83,1378,381,90,Finisher,700
Celeste,Snediker,Celeste Snediker,355,F35-39,Female,Colorado Springs,CO,United States,US,0:55:55,3:38:20,3:19:18,0:10:47,0:11:39,8:15:59,3355,13100,11958,647,699,29759,1379,382,42,1223,337,37,1306,342,40,1379,382,42,Finisher,700
Tim,Roetting,Tim Roetting,236,M65-69,Male,Cincinnati,OH,United States,US,0:58:07,3:50:32,3:07:35,0:12:17,0:08:34,8:17:05,3487,13832,11255,737,514,29825,1380,998,9,1277,925,9,1356,986,9,1380,998,9,Finisher,700
Aaron,Pendergraft,Aaron Pendergraft,550,M45-49,Male,TIMNATH,CO,United States,US,1:07:14,3:59:01,2:51:47,0:10:11,0:09:53,8:18:05,4034,14341,10307,611,593,29885,1381,999,78,1370,994,78,1387,1003,78,1381,999,78,Finisher,700
sandi,wiebe,sandi wiebe,76,F75-79,Female,Boulder,CO,United States,US,0:46:47,3:48:12,3:26:36,0:09:09,0:07:29,8:18:14,2807,13692,12396,549,449,29894,1382,383,2,818,211,1,1301,339,2,1382,383,2,Finisher,2056
John,Richey,John Richey,221,M25-29,Male,LOS ANGELES,CA,United States,US,0:46:22,4:07:41,2:46:26,0:30:05,0:08:15,8:18:48,2782,14861,9986,1805,495,29928,1383,1000,208,792,591,120,1395,1008,209,1383,1000,208,Finisher,700
Chris ,Markey,Chris Markey,1642,M30-34,Male,Fort Collins,Colorado,United States,US,0:46:37,4:17:16,3:02:35,0:06:32,0:06:04,8:19:05,2797,15436,10955,392,364,29945,1384,1001,181,807,602,110,1380,1000,181,1384,1001,181,Finisher,700
Brandon,Mason,Brandon Mason,1436,M35-39,Male,Fort Collins,CO,U.S. Virgin Islands,VI,0:41:59,4:12:44,3:08:11,0:09:12,0:07:21,8:19:28,2519,15164,11291,552,441,29968,1385,1002,112,483,356,34,1364,991,111,1385,1002,112,Finisher,700
Samantha ,Weber ,Samantha Weber,1200,F25-29,Female,Elizabeth,Colorado,United States,US,1:07:23,4:05:35,2:50:08,0:09:21,0:07:57,8:20:26,4043,14735,10208,561,477,30026,1386,384,90,1374,379,88,1392,387,90,1386,384,90,Finisher,700
Dave,Kellermanns,Dave Kellermanns,415,M50-54,Male,Erie,US-CO,Germany,DE,0:46:37,3:31:14,3:43:58,0:09:55,0:10:25,8:22:09,2797,12674,13438,595,625,30129,1387,1003,62,808,603,40,1185,894,57,1387,1003,62,Finisher,700
Abisay,Aguilar,Abisay Aguilar,612,M25-29,Male,Englewood,Colorado,Mexico,MX,1:07:38,3:38:53,3:11:16,0:09:51,0:15:24,8:23:02,4058,13133,11476,591,924,30182,1388,1004,209,1379,998,207,1343,979,202,1388,1004,209,Finisher,700
Darleen,Rouin,Darleen Rouin,772,F60-64,Female,Midway,UT,United States,US,0:37:10,3:57:12,3:33:56,0:08:03,0:07:30,8:23:50,2230,14232,12836,483,450,30230,1389,385,7,222,68,1,1295,337,5,1389,385,7,Finisher,700
Maria,Camargo,Maria Camargo,574,F50-54,Female,Erie,COLORADO,United States,US,1:05:05,3:57:30,3:02:39,0:11:37,0:07:04,8:23:55,3905,14250,10959,697,424,30235,1390,386,16,1355,372,16,1384,382,16,1390,386,16,Finisher,700
Daniel,Parada San Martin,Daniel Parada San Martin,1466,M35-39,Male,Silverthorne,Colorado,Spain,ES,0:56:47,3:50:43,3:18:54,0:11:03,0:08:15,8:25:41,3407,13843,11934,663,495,30341,1391,1005,113,1245,902,103,1350,981,109,1391,1005,113,Finisher,700
Christopher,So,Christopher So,687,M45-49,Male,Henderson,NV,Canada,CA,1:02:57,4:12:46,2:58:14,0:06:59,0:06:11,8:27:07,3777,15166,10694,419,371,30427,1392,1006,79,1337,970,74,1394,1007,79,1392,1006,79,Finisher,700
Isabella,Sharpe,Isabella Sharpe,729,F30-34,Female,Rio Rancho,New Mexico ,United States,US,0:58:19,4:07:17,3:00:25,0:09:33,0:12:40,8:28:13,3499,14837,10825,573,760,30493,1393,387,91,1283,354,84,1386,384,91,1393,387,91,Finisher,700
Greg,Santos,Greg Santos,509,M55-59,Male,Chicago,IL,United States,US,1:08:54,3:43:02,3:18:36,0:09:42,0:08:37,8:28:51,4134,13382,11916,582,517,30531,1394,1007,54,1392,1006,54,1357,987,53,1394,1007,54,Finisher,700
Juan,Piñeiro,Juan Piñeiro,918,M35-39,Male,Amarillo,Texas,Argentina,AR,0:55:26,3:53:18,3:15:32,0:08:22,0:18:52,8:31:29,3326,13998,11732,502,1132,30689,1395,1008,114,1213,881,98,1347,980,108,1395,1008,114,Finisher,700
Norma,Casas,Norma Casas,36,M50-54,Male,Helotes,US-TX,United States,US,,,,0:00:00,0:00:00,,0,0,0,0,0,0,99999,99999,99999,99999,99999,99999,99999,99999,99999,99999,99999,99999,DNF,0
Andra,Kidd,Andra Kidd,716,F50-54,Female,DENVER,CO,United States,US,,,,0:00:00,0:00:00,,0,0,0,0,0,0,99999,99999,99999,99999,99999,99999,99999,99999,99999,99999,99999,99999,DNS,0
Cody,Burton,Cody Burton,1536,M30-34,Male,Denver,CO,United States,US,0:46:05,2:39:22,,0:04:38,0:03:43,,2765,9562,0,278,223,0,99999,99999,99999,99999,99999,99999,99999,99999,99999,99999,99999,99999,DNF,0
Jacob,Alcorta,Jacob Alcorta,295,M18-24,Male,New Braunfels,TX,United States,US,,,,0:00:00,0:00:00,,0,0,0,0,0,0,99999,99999,99999,99999,99999,99999,99999,99999,99999,99999,99999,99999,DNF,0
John,Cooney,John Cooney,1600,M25-29,Male,Englewood,Colorado,United States,US,1:10:21,2:57:33,1:41:30,0:08:57,0:06:09,6:04:30,4221,10653,6090,537,369,21870,99999,99999,99999,99999,99999,99999,99999,99999,99999,99999,99999,99999,Unofficial,0
Richard,Bouton,Richard Bouton,908,M70-74,Male,CASTLE ROCK,CO,United States,US,,,,0:00:00,0:00:00,,0,0,0,0,0,0,99999,99999,99999,99999,99999,99999,99999,99999,99999,99999,99999,99999,DNF,0
Kevin,Ebbs,Kevin Ebbs,340,M30-34,Male,Dallas,Texas,United States,US,1:19:58,3:23:16,2:42:09,0:06:22,0:06:50,7:38:35,4798,12196,9729,382,410,27515,99999,99999,99999,99999,99999,99999,99999,99999,99999,99999,99999,99999,Unofficial,0
Patrick,Kauffmann,Patrick Kauffmann,827,M25-29,Male,Denver,CO,United States,US,0:34:03,,,0:04:28,0:00:00,,2043,0,0,268,0,0,99999,99999,99999,99999,99999,99999,99999,99999,99999,99999,99999,99999,DNF,0
Kevin,Spangler,Kevin Spangler,532,M40-44,Male,PEORIA HTS,IL,United States,US,,,,0:00:00,0:00:00,,0,0,0,0,0,0,99999,99999,99999,99999,99999,99999,99999,99999,99999,99999,99999,99999,DNF,0
Joseph,Cabriana,Joseph Cabriana,495,M45-49,Male,SPRING,TX,United States,US,,,,0:00:00,0:00:00,,0,0,0,0,0,0,99999,99999,99999,99999,99999,99999,99999,99999,99999,99999,99999,99999,DNF,0
Wade,Markland,Wade Markland,1550,M60-64,Male,Longmont,CO,United States,US,1:01:13,4:09:10,3:22:06,0:10:16,0:12:43,8:55:29,3673,14950,12126,616,763,32129,99999,99999,99999,99999,99999,99999,99999,99999,99999,99999,99999,99999,Unofficial,0
Liza,James,Liza James,13,PC/ID,Female,Crested Butte,CO,United States,US,1:12:31,4:25:56,3:02:38,0:09:44,0:08:42,8:59:31,4351,15956,10958,584,522,32371,99999,99999,99999,99999,99999,99999,99999,99999,99999,99999,99999,99999,Unofficial,0
Alex,Garcia,Alex Garcia,1067,M30-34,Male,Windsor,Colorado,United States,US,1:21:36,3:23:31,2:46:59,0:05:22,0:06:03,7:43:31,4896,12211,10019,322,363,27811,99999,99999,99999,99999,99999,99999,99999,99999,99999,99999,99999,99999,Unofficial,0
Christopher,Gunnels,Christopher Gunnels,338,M30-34,Male,Colorado Springs,Colorado,United States,US,1:14:48,3:33:01,3:39:14,0:13:24,0:06:32,8:46:58,4488,12781,13154,804,392,31618,99999,99999,99999,99999,99999,99999,99999,99999,99999,99999,99999,99999,Unofficial,0
Melese,Michael,Melese Michael,1202,M35-39,Male,Castle Rock,Colorado,United States,US,1:07:52,4:39:54,,0:07:37,0:00:00,,4072,16794,0,457,0,0,99999,99999,99999,99999,99999,99999,99999,99999,99999,99999,99999,99999,DNF,0
Arthur,williams,Arthur williams,503,PC/ID,Male,aurora,Colorado,United States,US,,,,0:00:00,0:00:00,,0,0,0,0,0,0,99999,99999,99999,99999,99999,99999,99999,99999,99999,99999,99999,99999,DNS,0
Jacob,Wolf,Jacob Wolf,830,M18-24,Male,Milwaukie,OR,United States,US,0:29:48,2:14:21,,0:02:42,0:02:28,,1788,8061,0,162,148,0,99999,99999,99999,99999,99999,99999,99999,99999,99999,99999,99999,99999,DNF,0
Daniel,Cannon,Daniel Cannon,831,M18-24,Male,South Jordan,UT,United States,US,0:44:34,3:10:23,,0:05:09,0:06:36,,2674,11423,0,309,396,0,99999,99999,99999,99999,99999,99999,99999,99999,99999,99999,99999,99999,DNF,0
Zach,Schaffer,Zach Schaffer,902,M30-34,Male,Fort Collins,Colorado,United States,US,0:44:36,4:15:28,3:14:18,0:08:56,0:07:32,8:30:50,2676,15328,11658,536,452,30650,99999,99999,99999,99999,99999,99999,99999,99999,99999,99999,99999,99999,Unofficial,0
Michael,Nielsen,Michael Nielsen,921,M55-59,Male,Ogden,UT,United States,US,,,,0:00:00,0:00:00,,0,0,0,0,0,0,99999,99999,99999,99999,99999,99999,99999,99999,99999,99999,99999,99999,DNF,0
Anya,Postnikov,Anya Postnikov,677,F25-29,Female,Aurora,Colorado,United States,US,1:13:20,3:49:44,2:16:01,0:04:45,0:02:56,7:26:46,4400,13784,8161,285,176,26806,99999,99999,99999,99999,99999,99999,99999,99999,99999,99999,99999,99999,Unofficial,0
Vern,Jefferson,Vern Jefferson,1353,M55-59,Male,Montour,IA,United States,US,,,,0:00:00,0:00:00,,0,0,0,0,0,0,99999,99999,99999,99999,99999,99999,99999,99999,99999,99999,99999,99999,DNF,0
Yves,Chandonnet Fox,Yves Chandonnet Fox,1284,M50-54,Male,San Pablo,Heredia,Costa Rica,CR,,,,0:00:00,0:00:00,,0,0,0,0,0,0,99999,99999,99999,99999,99999,99999,99999,99999,99999,99999,99999,99999,DNF,0
Shirrita,Newton,Shirrita Newton,713,F35-39,Female,Denver,CO,United States,US,,,,0:00:00,0:00:00,,0,0,0,0,0,0,99999,99999,99999,99999,99999,99999,99999,99999,99999,99999,99999,99999,DNF,0
Edgar,Garcia Veleta,Edgar Garcia Veleta,1306,M30-34,Male,Glenwood Springs,Colorado,United States,US,,,,0:00:00,0:00:00,,0,0,0,0,0,0,99999,99999,99999,99999,99999,99999,99999,99999,99999,99999,99999,99999,DNF,0
George T.,Taylor,George T. Taylor,1293,M40-44,Male,Saratoga Springs,UT,United States,US,,,,0:00:00,0:00:00,,0,0,0,0,0,0,99999,99999,99999,99999,99999,99999,99999,99999,99999,99999,99999,99999,DNF,0
Brian,Whitesell,Brian Whitesell,188,M45-49,Male,Broomfield,CO,United States,US,0:34:13,2:35:54,,0:07:26,0:00:00,,2053,9354,0,446,0,0,99999,99999,99999,99999,99999,99999,99999,99999,99999,99999,99999,99999,DNF,0
Mapal,Berenson,Mapal Berenson,878,M25-29,Male,California,Missouri,Denmark,DK,,,,0:00:00,0:00:00,,0,0,0,0,0,0,99999,99999,99999,99999,99999,99999,99999,99999,99999,99999,99999,99999,DNF,0
Heather,Prochnow,Heather Prochnow,187,F40-44,Female,Broomfield,US-CO,United States,US,,,,0:00:00,0:00:00,,0,0,0,0,0,0,99999,99999,99999,99999,99999,99999,99999,99999,99999,99999,99999,99999,DNF,0
Jeffrey,Gladu,Jeffrey Gladu,823,M30-34,Male,Arvada,CO,United States,US,,,,0:00:00,0:00:00,,0,0,0,0,0,0,99999,99999,99999,99999,99999,99999,99999,99999,99999,99999,99999,99999,DNF,0
Jorge ,Castilla de la Garza,Jorge Castilla de la Garza,894,M25-29,Male,Ciudad López Mateos,MX-MEX,Mexico,MX,,,,0:00:00,0:00:00,,0,0,0,0,0,0,99999,99999,99999,99999,99999,99999,99999,99999,99999,99999,99999,99999,DNF,0
Per,Lindgaard,Per Lindgaard,235,M60-64,Male,murray,UT,United States,US,,,,0:00:00,0:00:00,,0,0,0,0,0,0,99999,99999,99999,99999,99999,99999,99999,99999,99999,99999,99999,99999,DNF,0
Alex,Ranum,Alex Ranum,1516,M30-34,Male,Boulder,CO,United States,US,0:32:18,2:16:34,,0:02:10,0:01:41,,1938,8194,0,130,101,0,99999,99999,99999,99999,99999,99999,99999,99999,99999,99999,99999,99999,DNF,0
Jesse,Bishop,Jesse Bishop,38,F40-44,Female,Franklin,TN,United States,US,,,,0:00:00,0:00:00,,0,0,0,0,0,0,99999,99999,99999,99999,99999,99999,99999,99999,99999,99999,99999,99999,DNS,0
John,Couch,John Couch,315,M40-44,Male,Greenwood Village,CO,United States,US,0:48:49,3:14:53,,0:19:43,0:00:00,,2929,11693,0,1183,0,0,99999,99999,99999,99999,99999,99999,99999,99999,99999,99999,99999,99999,DNF,0
Vivian,Gritton,Vivian Gritton,1003,F25-29,Female,Kansas City,Missouri,United States,US,0:44:38,4:02:29,3:45:27,0:13:16,0:07:12,8:53:01,2678,14549,13527,796,432,31981,99999,99999,99999,99999,99999,99999,99999,99999,99999,99999,99999,99999,Unofficial,0
Michael,Cragg,Michael Cragg,598,M60-64,Male,Belmont,MA,Canada,CA,,,,0:00:00,0:00:00,,0,0,0,0,0,0,99999,99999,99999,99999,99999,99999,99999,99999,99999,99999,99999,99999,DNF,0
Tatum,Maloney,Tatum Maloney,220,F25-29,Female,Littleton,Colorado,United States,US,1:09:29,4:07:38,,0:07:05,0:05:46,,4169,14858,0,425,346,0,99999,99999,99999,99999,99999,99999,99999,99999,99999,99999,99999,99999,DNF,0
Eugenio,Coronado,Eugenio Coronado,1690,M35-39,Male,Denver,CO,Mexico,MX,1:11:49,2:41:13,2:07:38,0:03:32,0:02:43,6:06:55,4309,9673,7658,212,163,22015,99999,99999,99999,99999,99999,99999,99999,99999,99999,99999,99999,99999,Unofficial,0
Jackie,Adams,Jackie Adams,1594,F30-34,Female,Buffalo Creek,CO,United States,US,1:10:28,3:33:31,2:33:16,0:05:09,0:03:48,7:26:12,4228,12811,9196,309,228,26772,99999,99999,99999,99999,99999,99999,99999,99999,99999,99999,99999,99999,Unofficial,0
Lizzy,Schetselaar,Lizzy Schetselaar,163,F25-29,Female,Bentonville,AR,United States,US,1:19:44,3:14:35,1:57:52,0:06:16,0:07:06,6:45:32,4784,11675,7072,376,426,24332,99999,99999,99999,99999,99999,99999,99999,99999,99999,99999,99999,99999,Unofficial,0
Robert,Walker,Robert Walker,1160,M18-24,Male,Denver,Colorado,United States,US,1:16:36,4:13:03,2:48:08,0:05:53,0:03:24,8:27:04,4596,15183,10088,353,204,30424,99999,99999,99999,99999,99999,99999,99999,99999,99999,99999,99999,99999,Unofficial,0
Tyler,Spencer,Tyler Spencer,724,M35-39,Male,Round top,TX,United States,US,,,,0:00:00,0:00:00,,0,0,0,0,0,0,99999,99999,99999,99999,99999,99999,99999,99999,99999,99999,99999,99999,DNF,0
Marisol,Dela Ossa,Marisol Dela Ossa,1493,F55-59,Female,Monument,COLORADO,United States,US,,,,0:00:00,0:00:00,,0,0,0,0,0,0,99999,99999,99999,99999,99999,99999,99999,99999,99999,99999,99999,99999,DNF,0
Marco,Manrique,Marco Manrique,337,M30-34,Male,Montgomery ,TEXAS,United States,US,1:16:26,3:42:12,3:31:43,0:11:35,0:08:43,8:50:38,4586,13332,12703,695,523,31838,99999,99999,99999,99999,99999,99999,99999,99999,99999,99999,99999,99999,Unofficial,0
Salena,Niemann,Salena Niemann,960,F30-34,Female,SAINT LOUIS,MO,United States,US,1:11:01,2:56:54,2:00:11,0:07:36,0:05:37,6:21:19,4261,10614,7211,456,337,22879,99999,99999,99999,99999,99999,99999,99999,99999,99999,99999,99999,99999,Unofficial,0
Anton,Pfaff,Anton Pfaff,750,M35-39,Male,Shawnee,KS,United States,US,,,,0:00:00,0:00:00,,0,0,0,0,0,0,99999,99999,99999,99999,99999,99999,99999,99999,99999,99999,99999,99999,DNF,0
Manny,Aguilar ,Manny Aguilar,589,M18-24,Male,Commerce City,Colorado,United States,US,1:15:00,3:45:54,2:44:51,0:07:20,0:07:34,8:00:38,4500,13554,9891,440,454,28838,99999,99999,99999,99999,99999,99999,99999,99999,99999,99999,99999,99999,Unofficial,0
Lila Zaire,Flores Fernandez,Lila Zaire Flores Fernandez,516,F40-44,Female,Monterrey,Nuevo León,Mexico,MX,,,,0:00:00,0:00:00,,0,0,0,0,0,0,99999,99999,99999,99999,99999,99999,99999,99999,99999,99999,99999,99999,DNS,0
Katrika,Morris,Katrika Morris,663,F45-49,Female,San Francisco,CA,Canada,CA,,,,0:00:00,0:00:00,,0,0,0,0,0,0,99999,99999,99999,99999,99999,99999,99999,99999,99999,99999,99999,99999,DNF,0
Albert,Keam,Albert Keam,218,M30-34,Male,Austin,TX,United States,US,1:07:50,4:00:36,3:12:17,0:08:25,0:09:00,8:38:09,4070,14436,11537,505,540,31089,99999,99999,99999,99999,99999,99999,99999,99999,99999,99999,99999,99999,Unofficial,0
Anastasia ,Shea,Anastasia Shea,257,F25-29,Female,Arvada,Colorado,United States,US,,,,0:00:00,0:00:00,,0,0,0,0,0,0,99999,99999,99999,99999,99999,99999,99999,99999,99999,99999,99999,99999,DNF,0
Dallan,Jones ,Dallan Jones,1071,M25-29,Male,Gilbert,Arizona,United States,US,,,,0:00:00,0:00:00,,0,0,0,0,0,0,99999,99999,99999,99999,99999,99999,99999,99999,99999,99999,99999,99999,DNF,0
Alexander,TALENTOWSKI,Alexander TALENTOWSKI,443,M40-44,Male,Fort Collins,US-CO,United States,US,1:13:08,3:30:47,2:47:49,0:09:50,0:10:03,7:51:37,4388,12647,10069,590,603,28297,99999,99999,99999,99999,99999,99999,99999,99999,99999,99999,99999,99999,Unofficial,0
Claire,Gyomory,Claire Gyomory,1626,F25-29,Female,SIMPSONVILLE,SC,United States,US,1:00:35,4:18:43,,0:06:35,0:07:51,,3635,15523,0,395,471,0,99999,99999,99999,99999,99999,99999,99999,99999,99999,99999,99999,99999,DNF,0
Gabrielle,Marinick,Gabrielle Marinick,1097,F25-29,Female,Salt Lake City,Utah,United States,US,,,,0:00:00,0:00:00,,0,0,0,0,0,0,99999,99999,99999,99999,99999,99999,99999,99999,99999,99999,99999,99999,DNF,0
Arran,Leach,Arran Leach,231,M50-54,Male,WICHITA,KS,United States,US,0:58:50,,,0:06:59,0:00:00,,3530,0,0,419,0,0,99999,99999,99999,99999,99999,99999,99999,99999,99999,99999,99999,99999,DNF,0
Roberto,Hun,Roberto Hun,616,M55-59,Male,Barueri,São Paulo,Brazil,BR,0:53:16,3:35:49,,0:11:08,0:09:41,,3196,12949,0,668,581,0,99999,99999,99999,99999,99999,99999,99999,99999,99999,99999,99999,99999,DNF,0
Ethan,Atwood,Ethan Atwood,1361,M18-24,Male,FORT WORTH,TX,United States,US,1:32:44,3:28:19,2:47:21,0:08:57,0:07:02,8:04:23,5564,12499,10041,537,422,29063,99999,99999,99999,99999,99999,99999,99999,99999,99999,99999,99999,99999,Unofficial,0
Dorinda,Bechtell,Dorinda Bechtell,797,F60-64,Female,Las cruces,NM,United States,US,1:12:40,4:37:47,,0:07:24,0:00:00,,4360,16667,0,444,0,0,99999,99999,99999,99999,99999,99999,99999,99999,99999,99999,99999,99999,DNF,0
Michael,Flanagan,Michael Flanagan,617,M50-54,Male,Longmont,CO,United States,US,,,,0:00:00,0:00:00,,0,0,0,0,0,0,99999,99999,99999,99999,99999,99999,99999,99999,99999,99999,99999,99999,DNS,0
Nicholas,Cain,Nicholas Cain,1561,M18-24,Male,Arvada,Colorado,United States,US,1:17:04,3:21:37,2:14:28,0:05:48,0:03:09,7:02:06,4624,12097,8068,348,189,25326,99999,99999,99999,99999,99999,99999,99999,99999,99999,99999,99999,99999,Unofficial,0
Francisco Javier,Barroso Berriel,Francisco Javier Barroso Berriel,308,M30-34,Male,Aguascalientes,Aguascalientes,Mexico,MX,,,,0:00:00,0:00:00,,0,0,0,0,0,0,99999,99999,99999,99999,99999,99999,99999,99999,99999,99999,99999,99999,DNF,0
Jose,Morales,Jose Morales,470,M45-49,Male,WESTON,FL,Venezuela,VE,,,,0:00:00,0:00:00,,0,0,0,0,0,0,99999,99999,99999,99999,99999,99999,99999,99999,99999,99999,99999,99999,DNF,0
Joshua,Wilborn,Joshua Wilborn,924,M40-44,Male,Cibolo,TX,United States,US,1:10:30,3:04:41,2:37:09,0:06:03,0:03:49,7:02:12,4230,11081,9429,363,229,25332,99999,99999,99999,99999,99999,99999,99999,99999,99999,99999,99999,99999,Unofficial,0
Michael ,Fligg,Michael Fligg,994,M55-59,Male,Denver,Colorado,United States,US,1:13:58,4:15:59,3:10:28,0:10:08,0:06:01,8:56:33,4438,15359,11428,608,361,32193,99999,99999,99999,99999,99999,99999,99999,99999,99999,99999,99999,99999,Unofficial,0
Josh,Fajardo,Josh Fajardo,144,M25-29,Male,Saint Charles,Missouri,United States,US,,,,0:00:00,0:00:00,,0,0,0,0,0,0,99999,99999,99999,99999,99999,99999,99999,99999,99999,99999,99999,99999,DNF,0
Jacob,Abels,Jacob Abels,1480,M25-29,Male,Colorado Springs,Colorado,United States,US,0:59:27,3:44:43,,0:10:53,0:09:35,,3567,13483,0,653,575,0,99999,99999,99999,99999,99999,99999,99999,99999,99999,99999,99999,99999,DNF,0
Ricardo,Bustamante,Ricardo Bustamante,41,M60-64,Male,ATIZAPAN DE ZARAGOZA,MX-MEX,Mexico,MX,,,,0:00:00,0:00:00,,0,0,0,0,0,0,99999,99999,99999,99999,99999,99999,99999,99999,99999,99999,99999,99999,DNS,0
Garrett,Mynatt,Garrett Mynatt,714,M35-39,Male,Denver,Colorado,United States,US,,,,0:00:00,0:00:00,,0,0,0,0,0,0,99999,99999,99999,99999,99999,99999,99999,99999,99999,99999,99999,99999,DNS,0
Connor,Dunsbergen,Connor Dunsbergen,1088,M25-29,Male,Urbandale,IA,United States,US,,,,0:00:00,0:00:00,,0,0,0,0,0,0,99999,99999,99999,99999,99999,99999,99999,99999,99999,99999,99999,99999,DNF,0
Shannon,Chipman,Shannon Chipman,39,F30-34,Female,Londonderry,New Hampshire,United States,US,1:16:18,3:52:47,3:32:14,0:06:19,0:05:54,8:53:31,4578,13967,12734,379,354,32011,99999,99999,99999,99999,99999,99999,99999,99999,99999,99999,99999,99999,Unofficial,0
Braden,Braccio,Braden Braccio,769,M30-34,Male,Denver,COLORADO,United States,US,1:12:52,3:52:59,2:53:42,0:14:08,0:08:58,8:22:39,4372,13979,10422,848,538,30159,99999,99999,99999,99999,99999,99999,99999,99999,99999,99999,99999,99999,Unofficial,0
Julieta,Sommariva,Julieta Sommariva,1692,F40-44,Female,NORTH MIAMI,FL,Argentina,AR,,,,0:00:00,0:00:00,,0,0,0,0,0,0,99999,99999,99999,99999,99999,99999,99999,99999,99999,99999,99999,99999,DNS,0
Justin,Hoke,Justin Hoke,1698,M18-24,Male,Denver,Colorado,United States,US,,,,0:00:00,0:00:00,,0,0,0,0,0,0,99999,99999,99999,99999,99999,99999,99999,99999,99999,99999,99999,99999,DNF,0
Ute,Gawlick,Ute Gawlick,853,F50-54,Female,Salt Lake City,UT,United States,US,1:04:56,,,0:07:12,0:00:00,,3896,0,0,432,0,0,99999,99999,99999,99999,99999,99999,99999,99999,99999,99999,99999,99999,DNF,0
Chris,York,Chris York,1409,M40-44,Male,Draper ,Utah,United States,US,,,,0:00:00,0:00:00,,0,0,0,0,0,0,99999,99999,99999,99999,99999,99999,99999,99999,99999,99999,99999,99999,DNF,0
Richard,Tacoronte,Richard Tacoronte,471,M40-44,Male,Hollywood,FL,Venezuela,VE,,,,0:00:00,0:00:00,,0,0,0,0,0,0,99999,99999,99999,99999,99999,99999,99999,99999,99999,99999,99999,99999,DNS,0
Nicole,Carloni,Nicole Carloni,789,F35-39,Female,Lakewood,Colorado,United States,US,1:04:48,4:34:32,,0:07:21,0:06:05,,3888,16472,0,441,365,0,99999,99999,99999,99999,99999,99999,99999,99999,99999,99999,99999,99999,DNF,0
Cyril,Khairallah,Cyril Khairallah,37,M50-54,Male,Scottsdale,AZ,United States,US,,,,0:00:00,0:00:00,,0,0,0,0,0,0,99999,99999,99999,99999,99999,99999,99999,99999,99999,99999,99999,99999,DNS,0
Jason ,Shockley,Jason Shockley,42,M45-49,Male,Steamboat Springs,Colorado,United States,US,0:58:50,3:31:57,3:34:55,0:12:15,0:12:32,8:30:29,3530,12717,12895,735,752,30629,99999,99999,99999,99999,99999,99999,99999,99999,99999,99999,99999,99999,Unofficial,0
Andrew,Cavazos,Andrew Cavazos,414,M35-39,Male,Katy,Texas,United States,US,1:18:38,3:50:58,3:33:29,0:07:12,0:06:07,8:56:25,4718,13858,12809,432,367,32185,99999,99999,99999,99999,99999,99999,99999,99999,99999,99999,99999,99999,Unofficial,0
Kourtney,Lee,Kourtney Lee,1585,F35-39,Female,Pueblo,Colorado,United States,US,,,,0:00:00,0:00:00,,0,0,0,0,0,0,99999,99999,99999,99999,99999,99999,99999,99999,99999,99999,99999,99999,DNF,0
Dylan,Beckman,Dylan Beckman,191,M25-29,Male,Greeley,Colorado,United States,US,1:11:03,3:26:38,2:13:50,0:08:42,0:07:47,7:08:00,4263,12398,8030,522,467,25680,99999,99999,99999,99999,99999,99999,99999,99999,99999,99999,99999,99999,Unofficial,0
Casey,Diekmann,Casey Diekmann,140,M45-49,Male,Longmont,CO,United States,US,,,,0:00:00,0:00:00,,0,0,0,0,0,0,99999,99999,99999,99999,99999,99999,99999,99999,99999,99999,99999,99999,DNS,0
Marguerite,Rouin,Marguerite Rouin,775,F25-29,Female,DENVER,CO,United States,US,0:55:39,,,0:08:19,0:00:00,,3339,0,0,499,0,0,99999,99999,99999,99999,99999,99999,99999,99999,99999,99999,99999,99999,DNF,0
Alexander,Knox,Alexander Knox,329,M18-24,Male,Seattle,Washington,United States,US,0:38:46,,,0:04:36,0:00:00,,2326,0,0,276,0,0,99999,99999,99999,99999,99999,99999,99999,99999,99999,99999,99999,99999,DNF,0
Gail,Hughes,Gail Hughes,242,F70-74,Female,Flagstaff,AZ,United States,US,0:53:39,3:45:01,3:42:35,0:11:49,0:08:18,8:41:22,3219,13501,13355,709,498,31282,99999,99999,99999,99999,99999,99999,99999,99999,99999,99999,99999,99999,Unofficial,0
Valentina,Landaeta,Valentina Landaeta,1245,F30-34,Female,Caracas,Caracas,Venezuela,VE,,,,0:00:00,0:00:00,,0,0,0,0,0,0,99999,99999,99999,99999,99999,99999,99999,99999,99999,99999,99999,99999,DNF,0
Keaton,Day,Keaton Day,1138,M30-34,Male,Denver,Colorado,United States,US,,,,0:00:00,0:00:00,,0,0,0,0,0,0,99999,99999,99999,99999,99999,99999,99999,99999,99999,99999,99999,99999,DNF,0
Tarah,Schuman,Tarah Schuman,485,F30-34,Female,Albuquerque,NM,United States,US,1:24:30,3:31:21,2:29:36,0:05:04,0:05:16,7:35:47,5070,12681,8976,304,316,27347,99999,99999,99999,99999,99999,99999,99999,99999,99999,99999,99999,99999,Unofficial,0
Laura,Edger,Laura Edger,508,F35-39,Female,Honolulu,HI,United States,US,1:11:20,3:58:36,,0:07:31,0:07:14,,4280,14316,0,451,434,0,99999,99999,99999,99999,99999,99999,99999,99999,99999,99999,99999,99999,DNF,0
Irak,Leon,Irak Leon,539,M45-49,Male,Missouri City,TX,United States,US,1:07:06,4:05:48,,0:11:16,0:06:47,,4026,14748,0,676,407,0,99999,99999,99999,99999,99999,99999,99999,99999,99999,99999,99999,99999,DNF,0
Jeff,Pratt,Jeff Pratt,1527,M45-49,Male,CENTENNIAL,CO,United States,US,1:21:31,3:44:40,2:26:40,0:13:03,0:07:06,7:53:00,4891,13480,8800,783,426,28380,99999,99999,99999,99999,99999,99999,99999,99999,99999,99999,99999,99999,Unofficial,0
Ellen,Hart,Ellen Hart,513,F65-69,Female,Niwot,CO,United States,US,,,,0:00:00,0:00:00,,0,0,0,0,0,0,99999,99999,99999,99999,99999,99999,99999,99999,99999,99999,99999,99999,DNS,0
Colin,Nielsen,Colin Nielsen,739,M25-29,Male,Herriman,Utah,United States,US,1:02:09,,,0:08:29,0:00:00,,3729,0,0,509,0,0,99999,99999,99999,99999,99999,99999,99999,99999,99999,99999,99999,99999,DNF,0
Caleb,Samuelson,Caleb Samuelson,1267,M18-24,Male,Phoenix,US-AZ,United States,US,0:56:04,,2:30:03,0:00:00,0:06:07,8:17:27,3364,0,9003,0,367,29847,99999,99999,99999,99999,99999,99999,99999,99999,99999,99999,99999,99999,Unofficial,0
Andreas ,Dreckmeyr ,Andreas Dreckmeyr,1079,M18-24,Male,Santa Barbara,California,United States,US,1:13:31,3:17:47,2:16:49,0:06:00,0:06:15,7:00:24,4411,11867,8209,360,375,25224,99999,99999,99999,99999,99999,99999,99999,99999,99999,99999,99999,99999,Unofficial,0
Phyllis,Smith,Phyllis Smith,376,F65-69,Female,CINCINNATI,OH,United States,US,1:27:12,4:09:48,,0:12:17,0:09:05,,5232,14988,0,737,545,0,99999,99999,99999,99999,99999,99999,99999,99999,99999,99999,99999,99999,DNF,0
Rafael,Hernandez Latorre,Rafael Hernandez Latorre,316,M30-34,Male,Great Falls,MONTANA,United States,US,,,,0:00:00,0:00:00,,0,0,0,0,0,0,99999,99999,99999,99999,99999,99999,99999,99999,99999,99999,99999,99999,DNF,0
Linda,Johnson,Linda Johnson,511,F55-59,Female,Blaine,MN,United States,US,,,,0:00:00,0:00:00,,0,0,0,0,0,0,99999,99999,99999,99999,99999,99999,99999,99999,99999,99999,99999,99999,DNS,0
Chris,Kemp,Chris Kemp,11,PC/ID,Male,CORP CHRISTI,TX,United States,US,0:57:06,4:33:53,2:52:14,0:14:15,0:10:00,8:47:28,3426,16433,10334,855,600,31648,99999,99999,99999,99999,99999,99999,99999,99999,99999,99999,99999,99999,Unofficial,0
Jeff,Pratt,Jeff Pratt,1537,F18-24,Male,CENTENNIAL,CO,United States,US,1:25:50,3:44:38,2:26:36,0:08:49,0:07:07,7:53:00,5150,13478,8796,529,427,28380,99999,99999,99999,99999,99999,99999,99999,99999,99999,99999,99999,99999,Unofficial,0
Nick,Carchedi,Nick Carchedi,814,M40-44,Male,Golden,CO,United States,US,0:48:53,3:17:32,,0:13:11,0:09:43,,2933,11852,0,791,583,0,99999,99999,99999,99999,99999,99999,99999,99999,99999,99999,99999,99999,DNF,0
Chance ,Hopes,Chance Hopes,474,M18-24,Male,Westminster,colorado,United States,US,1:12:39,3:22:35,2:20:19,0:04:34,0:03:29,7:03:36,4359,12155,8419,274,209,25416,99999,99999,99999,99999,99999,99999,99999,99999,99999,99999,99999,99999,Unofficial,0
Leland,Schaffer,Leland Schaffer,801,M35-39,Male,Westerville,OH,United States,US,0:39:51,2:54:41,,0:08:44,0:00:00,,2391,10481,0,524,0,0,99999,99999,99999,99999,99999,99999,99999,99999,99999,99999,99999,99999,DNF,0
Ben,Michaels,Ben Michaels,1581,M18-24,Male,Fort Collins,Colorado,United States,US,0:46:28,4:30:48,3:01:51,0:09:20,0:06:15,8:34:42,2788,16248,10911,560,375,30882,99999,99999,99999,99999,99999,99999,99999,99999,99999,99999,99999,99999,Unofficial,0
Dennis,McGrath,Dennis McGrath,354,M45-49,Male,Denver,CO,United States,US,,,,0:00:00,0:00:00,,0,0,0,0,0,0,99999,99999,99999,99999,99999,99999,99999,99999,99999,99999,99999,99999,DNF,0
Elizabeth,Stryker,Elizabeth Stryker,906,F55-59,Female,CENTENNIAL,CO,United States,US,,,,0:00:00,0:00:00,,0,0,0,0,0,0,99999,99999,99999,99999,99999,99999,99999,99999,99999,99999,99999,99999,DNF,0
Riley,Jones,Riley Jones,1658,M25-29,Male,Denver,CO,United States,US,1:15:12,3:28:20,2:35:55,0:07:09,0:09:46,7:36:22,4512,12500,9355,429,586,27382,99999,99999,99999,99999,99999,99999,99999,99999,99999,99999,99999,99999,Unofficial,0
Pete,Fesler,Pete Fesler,1383,M18-24,Male,Arvada,Colorado,United States,US,1:16:42,3:55:34,2:56:30,0:08:14,0:06:31,8:23:30,4602,14134,10590,494,391,30210,99999,99999,99999,99999,99999,99999,99999,99999,99999,99999,99999,99999,Unofficial,0
William,Ludington,William Ludington,230,M60-64,Male,Golden,CO,United States,US,0:42:05,,,0:03:14,0:00:00,,2525,0,0,194,0,0,99999,99999,99999,99999,99999,99999,99999,99999,99999,99999,99999,99999,DNF,0
Cara,Crouch,Cara Crouch,538,F35-39,Female,Castle Rock,US-CO,United States,US,1:03:02,3:53:42,3:16:27,0:12:04,0:07:38,8:32:52,3782,14022,11787,724,458,30772,99999,99999,99999,99999,99999,99999,99999,99999,99999,99999,99999,99999,Unofficial,0
Nicole ,Call,Nicole Call,302,F45-49,Female,Denison,TEXAS,United States,US,1:22:02,3:52:29,2:33:23,0:07:42,0:04:29,8:00:05,4922,13949,9203,462,269,28805,99999,99999,99999,99999,99999,99999,99999,99999,99999,99999,99999,99999,Unofficial,0
Richard,Sheldon,Richard Sheldon,266,M35-39,Male,Naramata,BC,United Kingdom,GB,0:34:12,2:28:34,,0:02:29,0:00:00,,2052,8914,0,149,0,0,99999,99999,99999,99999,99999,99999,99999,99999,99999,99999,99999,99999,DNF,0
Katherine,Wilson,Katherine Wilson,1045,F25-29,Female,Boulder,CO,United States,US,0:38:30,,,0:03:53,0:00:00,,2310,0,0,233,0,0,99999,99999,99999,99999,99999,99999,99999,99999,99999,99999,99999,99999,DNF,0
Dalton,Lazaroby,Dalton Lazaroby,1408,M18-24,Male,Boulder,Colorado,United States,US,1:11:57,3:11:45,2:52:06,0:04:29,0:04:09,7:24:27,4317,11505,10326,269,249,26667,99999,99999,99999,99999,99999,99999,99999,99999,99999,99999,99999,99999,Unofficial,0
Elizabeth,Wingate,Elizabeth Wingate,1074,F25-29,Female,Arvada,Colorado,United States,US,1:02:20,4:22:04,2:52:40,0:15:30,0:13:15,8:45:48,3740,15724,10360,930,795,31548,99999,99999,99999,99999,99999,99999,99999,99999,99999,99999,99999,99999,Unofficial,0
Nathan,Markel,Nathan Markel,331,M40-44,Male,Aurora,Colorado,United States,US,,,,0:00:00,0:00:00,,0,0,0,0,0,0,99999,99999,99999,99999,99999,99999,99999,99999,99999,99999,99999,99999,DNF,0
Yaroslav,Perventsev,Yaroslav Perventsev,614,M50-54,Male,Richfield,MN,United States,US,0:35:38,2:19:35,,0:02:50,0:00:00,,2138,8375,0,170,0,0,99999,99999,99999,99999,99999,99999,99999,99999,99999,99999,99999,99999,DNF,0
Jasmine,Fesh,Jasmine Fesh,1517,F18-24,Female,Littleton,CO,United States,US,1:11:54,4:26:27,,0:06:17,0:00:00,,4314,15987,0,377,0,0,99999,99999,99999,99999,99999,99999,99999,99999,99999,99999,99999,99999,DNF,0
Alex,BROWN,Alex BROWN,1708,M40-44,Male,Lakewood,US-CO,United States,US,,,,0:00:00,0:00:00,,0,0,0,0,0,0,99999,99999,99999,99999,99999,99999,99999,99999,99999,99999,99999,99999,DNF,0
Daniel ,Lee,Daniel Lee,1587,M40-44,Male,Pueblo,Colorado,United States,US,,,,0:00:00,0:00:00,,0,0,0,0,0,0,99999,99999,99999,99999,99999,99999,99999,99999,99999,99999,99999,99999,DNF,0
Paige,Yanity,Paige Yanity,675,F25-29,Female,Aurora,CO,United States,US,1:16:19,2:54:24,2:10:48,0:06:38,0:08:18,6:36:28,4579,10464,7848,398,498,23788,99999,99999,99999,99999,99999,99999,99999,99999,99999,99999,99999,99999,Unofficial,0
Curtis,Anderson,Curtis Anderson,12,MGuide,Male,HUNTINGTON,WV,United States,US,0:56:59,4:33:54,2:52:14,0:14:20,0:10:01,8:47:29,3419,16434,10334,860,601,31649,99999,99999,99999,99999,99999,99999,99999,99999,99999,99999,99999,99999,Unofficial,0
Lucas,Rylander,Lucas Rylander,1148,M45-49,Male,LONE TREE,CO,United States,US,1:16:59,3:50:14,2:59:44,0:07:49,0:10:03,8:24:49,4619,13814,10784,469,603,30289,99999,99999,99999,99999,99999,99999,99999,99999,99999,99999,99999,99999,Unofficial,0
Zachary,Andregg,Zachary Andregg,1687,M30-34,Male,Boulder,CO,United States,US,0:27:08,2:19:31,,0:02:45,0:00:00,,1628,8371,0,165,0,0,99999,99999,99999,99999,99999,99999,99999,99999,99999,99999,99999,99999,DNF,0
Todd,Poe,Todd Poe,577,M60-64,Male,Moundsville,WV,United States,US,,,,0:00:00,0:00:00,,0,0,0,0,0,0,99999,99999,99999,99999,99999,99999,99999,99999,99999,99999,99999,99999,DNS,0
John,Anderson,John Anderson,438,M30-34,Male,Fort Collins,CO,United States,US,0:45:51,3:33:22,,0:08:52,0:07:50,,2751,12802,0,532,470,0,99999,99999,99999,99999,99999,99999,99999,99999,99999,99999,99999,99999,DNF,0
Richard,Garcia,Richard Garcia,1161,M30-34,Male,Colorado Springs,CO,United States,US,,,,0:00:00,0:00:00,,0,0,0,0,0,0,99999,99999,99999,99999,99999,99999,99999,99999,99999,99999,99999,99999,DNF,0
Austin,Remington,Austin Remington,717,M18-24,Male,Norman,Oklahoma (OK),United States,US,1:15:41,3:50:19,2:55:47,0:07:14,0:06:39,8:15:40,4541,13819,10547,434,399,29740,99999,99999,99999,99999,99999,99999,99999,99999,99999,99999,99999,99999,Unofficial,0
Carlos,Arellanes,Carlos Arellanes,1151,M70-74,Male,Pomona,CA,United States,US,,,,0:00:00,0:00:00,,0,0,0,0,0,0,99999,99999,99999,99999,99999,99999,99999,99999,99999,99999,99999,99999,DNF,0
Cody,Galbraith,Cody Galbraith,1573,M35-39,Male,Highlands Ranch,COLORADO,United States,US,,,,0:00:00,0:00:00,,0,0,0,0,0,0,99999,99999,99999,99999,99999,99999,99999,99999,99999,99999,99999,99999,DNF,0
Jorge Arturo,Leal Briceño,Jorge Arturo Leal Briceño,1238,M40-44,Male,Bucaramanga,Santander,Colombia,CO,,,,0:00:00,0:00:00,,0,0,0,0,0,0,99999,99999,99999,99999,99999,99999,99999,99999,99999,99999,99999,99999,DNF,0
Joshua,Chamorro,Joshua Chamorro,1356,M18-24,Male,Silt,Colorado,United States,US,,,,0:00:00,0:00:00,,0,0,0,0,0,0,99999,99999,99999,99999,99999,99999,99999,99999,99999,99999,99999,99999,DNS,0
Rachel,Jones,Rachel Jones,643,F55-59,Female,Boulder,CO,United Kingdom,GB,0:36:58,3:02:23,,0:04:01,0:03:08,,2218,10943,0,241,188,0,99999,99999,99999,99999,99999,99999,99999,99999,99999,99999,99999,99999,DNF,0
Hayley,Besaw,Hayley Besaw,179,F30-34,Female,Pooler,GA,United States,US,,,,0:00:00,0:00:00,,0,0,0,0,0,0,99999,99999,99999,99999,99999,99999,99999,99999,99999,99999,99999,99999,DNS,0
Manuel,Otero,Manuel Otero,986,M35-39,Male,Northglenn,Colorado,United States,US,,,,0:00:00,0:00:00,,0,0,0,0,0,0,99999,99999,99999,99999,99999,99999,99999,99999,99999,99999,99999,99999,DNF,0
Steve,Spencer,Steve Spencer,1203,M60-64,Male,henderson,CO,United States,US,1:06:59,,,0:09:44,0:00:00,,4019,0,0,584,0,0,99999,99999,99999,99999,99999,99999,99999,99999,99999,99999,99999,99999,DNF,0
Mark,Allman,Mark Allman,559,M18-24,Male,Denver,Colorado,United States,US,,,,0:00:00,0:00:00,,0,0,0,0,0,0,99999,99999,99999,99999,99999,99999,99999,99999,99999,99999,99999,99999,DNF,0
Navpreet,Anand,Navpreet Anand,1491,M45-49,Male,Broomfield,Colorado,United States,US,1:10:05,3:17:27,2:31:55,0:11:03,0:08:55,7:19:25,4205,11847,9115,663,535,26365,99999,99999,99999,99999,99999,99999,99999,99999,99999,99999,99999,99999,Unofficial,0
Kiara,Dempsey,Kiara Dempsey,1374,F18-24,Female,Denver,CO,United States,US,,,,0:00:00,0:00:00,,0,0,0,0,0,0,99999,99999,99999,99999,99999,99999,99999,99999,99999,99999,99999,99999,DNF,0
Jaime,Martinez,Jaime Martinez,611,M40-44,Male,Littleton,MA,Mexico,MX,1:14:15,3:20:12,3:02:06,0:09:15,0:07:52,7:53:41,4455,12012,10926,555,472,28421,99999,99999,99999,99999,99999,99999,99999,99999,99999,99999,99999,99999,Unofficial,0
Valera,Molchanov ,Valera Molchanov,1063,M50-54,Male,Plano ,Texas,Ukraine,UA,1:12:24,3:11:13,2:44:33,0:08:25,0:08:05,7:24:40,4344,11473,9873,505,485,26680,99999,99999,99999,99999,99999,99999,99999,99999,99999,99999,99999,99999,Unofficial,0
Beth,James,Beth James,14,FGuide,Female,Crested Butte,CO,United States,US,1:12:32,4:25:56,3:02:36,0:09:43,0:08:44,8:59:30,4352,15956,10956,583,524,32370,99999,99999,99999,99999,99999,99999,99999,99999,99999,99999,99999,99999,Unofficial,0
Lauren,Allendorph,Lauren Allendorph,1498,F35-39,Female,LONE TREE,CO,United States,US,0:42:09,3:43:30,,0:04:48,0:00:00,,2529,13410,0,288,0,0,99999,99999,99999,99999,99999,99999,99999,99999,99999,99999,99999,99999,DNF,0
Dominick,Chaidez,Dominick Chaidez,1740,M25-29,Male,FORT COLLINS,CO,United States,US,,,,0:00:00,0:00:00,,0,0,0,0,0,0,99999,99999,99999,99999,99999,99999,99999,99999,99999,99999,99999,99999,DNF,0
Leslie,Wibbeler,Leslie Wibbeler,768,F45-49,Female,Boulder,Colorado,United States,US,1:13:19,3:44:08,2:39:41,0:07:36,0:08:33,7:53:17,4399,13448,9581,456,513,28397,99999,99999,99999,99999,99999,99999,99999,99999,99999,99999,99999,99999,Unofficial,0
Mackenzie,Koeller,Mackenzie Koeller,963,F30-34,Female,Salt Lake City,Utah,United States,US,0:43:22,,,0:04:28,0:00:00,,2602,0,0,268,0,0,99999,99999,99999,99999,99999,99999,99999,99999,99999,99999,99999,99999,DNF,0
Brewer,England,Brewer England,840,M25-29,Male,Denver,Colorado,United States,US,1:04:54,,,0:09:45,0:00:00,,3894,0,0,585,0,0,99999,99999,99999,99999,99999,99999,99999,99999,99999,99999,99999,99999,DNF,0
Bohne,Lipsey,Bohne Lipsey,595,F40-44,Female,Littleton,Colorado,United States,US,0:49:59,4:30:05,3:00:07,0:11:48,0:09:17,8:41:16,2999,16205,10807,708,557,31276,99999,99999,99999,99999,99999,99999,99999,99999,99999,99999,99999,99999,Unofficial,0
Vinicius,Gouvea,Vinicius Gouvea,914,M40-44,Male,Amarillo,Texas,United States,US,,,,0:00:00,0:00:00,,0,0,0,0,0,0,99999,99999,99999,99999,99999,99999,99999,99999,99999,99999,99999,99999,DNF,0
Elizabeth,Wood,Elizabeth Wood,28,F60-64,Female,Boulder,CO,United States,US,,,,0:00:00,0:00:00,,0,0,0,0,0,0,99999,99999,99999,99999,99999,99999,99999,99999,99999,99999,99999,99999,DNS,0
Jason,Derra,Jason Derra,1441,M40-44,Male,Peyton,CO,United States,US,1:15:23,3:20:26,2:23:37,0:06:25,0:04:57,7:10:49,4523,12026,8617,385,297,25849,99999,99999,99999,99999,99999,99999,99999,99999,99999,99999,99999,99999,Unofficial,0
erica,ruge,erica ruge,69,F50-54,Female,LONGMONT,CO,United States,US,0:50:34,2:47:42,,0:04:01,0:03:08,,3034,10062,0,241,188,0,99999,99999,99999,99999,99999,99999,99999,99999,99999,99999,99999,99999,DNF,0
Saleh,Alrizaihn,Saleh Alrizaihn,1736,M18-24,Male,Fort Collins,CO,Kuwait,KW,,,,0:00:00,0:00:00,,0,0,0,0,0,0,99999,99999,99999,99999,99999,99999,99999,99999,99999,99999,99999,99999,DNF,0
Rachel,Jaris,Rachel Jaris,35,F55-59,Female,San Francisco,CA,United States,US,,,,0:00:00,0:00:00,,0,0,0,0,0,0,99999,99999,99999,99999,99999,99999,99999,99999,99999,99999,99999,99999,DNS,0
Daric,Sundeen,Daric Sundeen,809,M25-29,Male,Lakewood ,CO,United States,US,0:36:01,,,0:05:43,0:00:00,,2161,0,0,343,0,0,99999,99999,99999,99999,99999,99999,99999,99999,99999,99999,99999,99999,DNF,0
Christian,Kadletz,Christian Kadletz,1739,M25-29,Male,St.Gilgen,,Austria,AT,0:36:28,2:13:42,,0:03:09,0:01:44,,2188,8022,0,189,104,0,99999,99999,99999,99999,99999,99999,99999,99999,99999,99999,99999,99999,DNF,0
Susan,Baker,Susan Baker,1255,F60-64,Female,Monument,CO,United States,US,,,,0:00:00,0:00:00,,0,0,0,0,0,0,99999,99999,99999,99999,99999,99999,99999,99999,99999,99999,99999,99999,DNS,0
Owen,Barton,Owen Barton,261,M18-24,Male,Boulder,CO,United States,US,1:14:58,3:21:54,2:34:35,0:07:14,0:06:59,7:25:40,4498,12114,9275,434,419,26740,99999,99999,99999,99999,99999,99999,99999,99999,99999,99999,99999,99999,Unofficial,0
Rebecca,Decker,Rebecca Decker,43,F50-54,Female,pearland,TX,United States,US,,,,0:00:00,0:00:00,,0,0,0,0,0,0,99999,99999,99999,99999,99999,99999,99999,99999,99999,99999,99999,99999,DNF,0
Noah,Lotwin,Noah Lotwin,1296,M25-29,,Colorado Springs,CO,United States,US,1:14:37,4:15:11,2:29:29,0:07:26,0:03:12,8:09:55,4477,15311,8969,446,192,29395,99999,99999,99999,99999,99999,99999,99999,99999,99999,99999,99999,99999,Unofficial,0
Gustavo,Salcido,Gustavo Salcido,365,M25-29,Male,Tucson,Arizona,United States,US,,,,0:00:00,0:00:00,,0,0,0,0,0,0,99999,99999,99999,99999,99999,99999,99999,99999,99999,99999,99999,99999,DNF,0
Felipe,Corteletti,Felipe Corteletti,829,M25-29,Male,davenport,IA,Brazil,BR,,,,0:00:00,0:00:00,,0,0,0,0,0,0,99999,99999,99999,99999,99999,99999,99999,99999,99999,99999,99999,99999,DNF,0
Madeline,Hersh,Madeline Hersh,896,F35-39,Female,JOHNSTOWN,CO,Canada,CA,0:52:49,4:25:34,3:26:26,0:10:22,0:05:44,9:00:55,3169,15934,12386,622,344,32455,99999,99999,99999,99999,99999,99999,99999,99999,99999,99999,99999,99999,Unofficial,0
Christopher,Borke,Christopher Borke,1481,M35-39,Male,Boulder,CO,United States,US,,,,0:00:00,0:00:00,,0,0,0,0,0,0,99999,99999,99999,99999,99999,99999,99999,99999,99999,99999,99999,99999,DNS,0
Glenn ,Mercier,Glenn Mercier,917,M35-39,Male,Johnstown,Colorado,United States,US,,,,0:00:00,0:00:00,,0,0,0,0,0,0,99999,99999,99999,99999,99999,99999,99999,99999,99999,99999,99999,99999,DNF,0
Richard,Frankel,Richard Frankel,362,M60-64,Male,PRT WASHINGTN,NY,United States,US,,,,0:00:00,0:00:00,,0,0,0,0,0,0,99999,99999,99999,99999,99999,99999,99999,99999,99999,99999,99999,99999,DNF,0
Julie,Malone,Julie Malone,1483,F35-39,Female,Denver,CO,United States,US,0:57:22,3:33:00,,0:14:36,0:20:26,,3442,12780,0,876,1226,0,99999,99999,99999,99999,99999,99999,99999,99999,99999,99999,99999,99999,DNF,0
Deven,Later,Deven Later,293,M40-44,Male,Spring,TX,United States,US,,,,0:00:00,0:00:00,,0,0,0,0,0,0,99999,99999,99999,99999,99999,99999,99999,99999,99999,99999,99999,99999,DNF,0
Tayla,Martin,Tayla Martin,1719,F18-24,Female,Holyoke,CO,United States,US,,,,0:00:00,0:00:00,,0,0,0,0,0,0,99999,99999,99999,99999,99999,99999,99999,99999,99999,99999,99999,99999,DNS,0
Peter,Racz,Peter Racz,1494,M50-54,Male,Broomfield,Colorado,United States,US,0:57:28,,,0:07:11,0:00:00,,3448,0,0,431,0,0,99999,99999,99999,99999,99999,99999,99999,99999,99999,99999,99999,99999,DNF,0
Misael,Briones,Misael Briones,1033,M35-39,Male,El Paso,TX,United States,US,0:48:23,,,0:04:26,0:00:00,,2903,0,0,266,0,0,99999,99999,99999,99999,99999,99999,99999,99999,99999,99999,99999,99999,DNF,0
David,Longacre,David Longacre,523,M55-59,Male,Austin,TX,United States,US,,,,0:00:00,0:00:00,,0,0,0,0,0,0,99999,99999,99999,99999,99999,99999,99999,99999,99999,99999,99999,99999,DNF,0
