FirstName,LastName,FullName,Bib,AgeGroup,Gender,City,State,Country,CountryISO,SwimTime,BikeTime,RunTime,T1Time,T2Time,FinishTime,SwimSeconds,BikeSeconds,RunSeconds,T1Seconds,T2Seconds,FinishSeconds,OverallRank,GenderRank,AgeGroupRank,SwimRankOverall,SwimRankGender,SwimRankGroup,BikeRankOverall,BikeRankGender,BikeRankGroup,RunRankOverall,RunRankGender,RunRankGroup,Status,Points
Matheus,Martini,Matheus Martini,133,M30-34,Male,Bauru,BR-SP,Brazil,BR,0:26:05,2:08:23,1:21:31,0:01:58,0:01:51,3:59:47,1565,7703,4891,118,111,14387,1,1,1,1,1,1,1,1,1,1,1,1,Finisher,3500
Eric Anel,Acosta,Eric Anel Acosta,129,M18-24,Male,Veracruz,PA-PA-8,Panama,PA,0:30:30,2:24:13,1:19:24,0:01:35,0:01:18,4:17:01,1830,8653,4764,95,78,15421,2,2,1,8,8,2,3,3,1,2,2,1,Finisher,3500
Fabian Alejandro,Narvaez,Fabian Alejandro Narvaez,464,M18-24,Male,Cali,CO-VAC,Colombia,CO,0:33:20,2:22:19,1:30:42,0:02:02,0:01:46,4:30:09,2000,8539,5442,122,106,16209,3,3,2,16,15,5,4,4,2,3,3,2,Finisher,3263
Sebastián,Hervas,Sebastián Hervas,283,M30-34,Male,Quito,EC-P,Ecuador,EC,0:38:53,2:21:32,1:26:53,0:02:20,0:01:34,4:31:11,2333,8492,5213,140,94,16271,4,4,2,79,70,16,9,9,3,4,4,2,Finisher,2934
David,Ruales,David Ruales,335,M35-39,Male,Loja,Loja,Ecuador,EC,0:30:09,2:29:40,1:27:09,0:02:23,0:02:07,4:31:28,1809,8980,5229,143,127,16288,5,5,1,6,6,2,8,8,2,5,5,1,Finisher,3500
Fabian,Gonzalez,Fabian Gonzalez,112,M35-39,Male,Bogota,Distrito Capital,Colombia,CO,0:29:39,2:24:02,1:37:16,0:02:10,0:02:30,4:35:37,1779,8642,5836,130,150,16537,6,6,2,5,5,1,2,2,1,6,6,2,Finisher,3425
Fander Isaac,Villarreal Michilena,Fander Isaac Villarreal Michilena,690,M18-24,Male,Ibarra,EC-I,Ecuador,EC,0:28:16,2:28:36,1:35:51,0:01:26,0:01:29,4:35:37,1696,8916,5751,86,89,16537,7,7,3,4,4,1,5,5,3,7,7,3,Finisher,3165
Gonzalo,Dutra,Gonzalo Dutra,188,M45-49,Male,Panama,PA-8,Uruguay,UY,0:32:09,2:25:37,1:36:13,0:02:29,0:01:53,4:38:21,1929,8737,5773,149,113,16701,8,8,1,12,11,1,7,7,1,8,8,1,Finisher,3500
Ricardo Ernesto,Correa Fierro,Ricardo Ernesto Correa Fierro,171,M30-34,Male,Loja,Loja,Ecuador,EC,0:33:20,2:32:37,1:30:05,0:02:14,0:01:56,4:40:13,2000,9157,5405,134,116,16813,9,9,3,17,16,5,16,16,7,9,9,3,Finisher,2772
Milton,Vega,Milton Vega,590,M30-34,Male,Quito,Pichincha,Ecuador,EC,0:27:40,2:30:13,1:37:30,0:02:22,0:02:33,4:40:17,1660,9013,5850,142,153,16817,10,10,4,2,2,2,6,6,2,10,10,4,Finisher,2771
Guillermo,Zambrano,Guillermo Zambrano,117,M35-39,Male,Manta,MANABI,Ecuador,EC,0:33:42,2:30:58,1:33:06,0:02:15,0:02:02,4:42:03,2022,9058,5586,135,122,16923,11,11,3,19,18,6,14,14,4,11,11,3,Finisher,3309
Natalio Alexander,Puebla,Natalio Alexander Puebla,126,M35-39,Male,Villa María,AR-X,Argentina,AR,0:30:30,2:31:47,1:37:37,0:01:42,0:02:00,4:43:36,1830,9107,5857,102,120,17016,12,12,4,7,7,3,11,11,3,12,12,4,Finisher,3281
Ismael,Vega,Ismael Vega,642,M30-34,Male,Quito,EC-P,Ecuador,EC,0:27:56,2:33:41,1:39:03,0:01:30,0:02:22,4:44:31,1676,9221,5943,90,142,17071,13,13,5,3,3,3,10,10,4,13,13,5,Finisher,2694
Jose,Andrade,Jose Andrade,242,M30-34,Male,Quito,EC-P,Ecuador,EC,0:39:00,2:22:54,1:41:00,0:02:14,0:02:13,4:47:21,2340,8574,6060,134,133,17241,14,14,6,83,73,17,12,12,5,14,14,6,Finisher,2643
Oscar,Portilla,Oscar Portilla,816,M30-34,Male,Quito,EC-P,Ecuador,EC,0:36:32,2:28:03,1:40:08,0:02:14,0:01:56,4:48:53,2192,8883,6008,134,116,17333,15,15,7,52,48,13,13,13,6,15,15,7,Finisher,2616
Roberto,Vergara,Roberto Vergara,211,M45-49,Male,Quito,EC-P,Ecuador,EC,0:37:59,2:30:02,1:34:22,0:03:20,0:03:43,4:49:26,2279,9002,5662,200,223,17366,16,16,2,69,64,7,19,19,2,16,16,2,Finisher,3300
Cristian,Bonilla,Cristian Bonilla,786,M45-49,Male,QUITO,EC-P,Ecuador,EC,0:38:59,2:34:47,1:31:51,0:01:50,0:02:19,4:49:46,2339,9287,5511,110,139,17386,17,17,3,82,72,8,29,29,5,17,17,3,Finisher,3294
Carlos Joaquin,Correa,Carlos Joaquin Correa,266,M30-34,Male,Cuenca,EC-A,Ecuador,EC,0:35:23,2:37:28,1:33:42,0:01:45,0:01:39,4:49:56,2123,9448,5622,105,99,17396,18,18,8,32,30,8,28,28,9,18,18,8,Finisher,2597
Stalin,Morales,Stalin Morales,633,M18-24,Male,MANTA,EC-M,Ecuador,EC,0:31:40,2:36:26,1:37:51,0:02:35,0:01:37,4:50:09,1900,9386,5871,155,97,17409,19,19,4,9,9,3,18,18,4,19,19,4,Finisher,2903
Dennis,Ortiz,Dennis Ortiz,291,M30-34,Male,quito,pichincha,Ecuador,EC,0:35:33,2:34:32,1:34:43,0:02:12,0:03:35,4:50:35,2133,9272,5683,132,215,17435,20,20,9,36,34,9,21,21,8,20,20,9,Finisher,2585
Edison,EDWIN,Edison EDWIN,364,M40-44,Male,Rio de Janeiro,BR-RJ,Brazil,BR,0:38:08,2:37:44,1:30:12,0:02:44,0:02:35,4:51:23,2288,9464,5412,164,155,17483,21,21,1,73,67,10,37,36,6,21,21,1,Finisher,3500
Emilio,Andrade,Emilio Andrade,187,M25-29,Male,Quito,EC-P,Ecuador,EC,0:37:32,2:35:59,1:32:11,0:02:21,0:03:24,4:51:27,2252,9359,5531,141,204,17487,22,22,1,62,57,4,30,30,2,22,22,1,Finisher,3500
Juan,Gaibor,Juan Gaibor,186,M40-44,Male,Quito,EC-P,Ecuador,EC,0:45:27,2:27:57,1:34:20,0:02:37,0:02:00,4:52:21,2727,8877,5660,157,120,17541,23,23,2,249,210,34,31,31,3,23,23,2,Finisher,3482
Esteban,Arcos,Esteban Arcos,245,M35-39,Male,Quito,EC-P,Ecuador,EC,0:34:53,2:31:29,1:42:02,0:02:08,0:02:07,4:52:39,2093,9089,6122,128,127,17559,24,24,5,30,28,10,17,17,5,24,24,5,Finisher,3118
Brayan,Urbano Portilla,Brayan Urbano Portilla,632,M25-29,Male,Tulcán,Carchi,Ecuador,EC,0:45:35,2:33:10,1:29:30,0:02:24,0:02:17,4:52:56,2735,9190,5370,144,137,17576,25,25,2,257,217,32,45,44,3,25,25,2,Finisher,3473
Diana,Victoria,Diana Victoria,120,F30-34,Female,Palmira,Valle del Cauca,Colombia,CO,0:36:21,2:37:56,1:35:58,0:02:02,0:01:55,4:54:12,2181,9476,5758,122,115,17652,26,1,1,50,4,1,32,1,1,26,1,1,Finisher,3500
Marcelo,Espinosa,Marcelo Espinosa,353,M45-49,Male,Quito,EC-P,Ecuador,EC,0:35:30,2:35:07,1:39:23,0:02:21,0:03:14,4:55:35,2130,9307,5963,141,194,17735,27,26,4,34,32,3,22,22,3,27,26,4,Finisher,3189
Juan Fernando,Baquero,Juan Fernando Baquero,644,M40-44,Male,Quito,Pichincha,Ecuador,EC,0:36:36,2:29:15,1:44:40,0:02:11,0:03:39,4:56:20,2196,8955,6280,131,219,17780,28,27,3,53,49,5,15,15,1,28,27,3,Finisher,3410
Simon,Chiriboga,Simon Chiriboga,135,M18-24,Male,Baton Rouge,US-LA,Ecuador,EC,0:33:53,2:36:14,1:43:53,0:01:45,0:02:00,4:57:45,2033,9374,6233,105,120,17865,29,28,5,23,22,6,20,20,5,29,28,5,Finisher,2766
Robinson,Chalapud,Robinson Chalapud,877,M40-44,Male,Ipiales,Nariño,Colombia,CO,0:53:02,2:19:21,1:39:36,0:04:02,0:02:57,4:58:57,3182,8361,5976,242,177,17937,30,29,4,488,413,70,33,32,4,30,29,4,Finisher,3363
Rodrigo,Felipe,Rodrigo Felipe,138,M45-49,Male,Nova lima,BR-MG,Barbados,BB,0:55:37,2:20:25,1:37:12,0:02:56,0:02:55,4:59:06,3337,8425,5832,176,175,17946,31,30,5,553,470,55,40,39,6,31,30,5,Finisher,3126
Marcelo,Sotomayor,Marcelo Sotomayor,272,M35-39,Male,Quito,EC-P,Chile,CL,0:37:32,2:41:58,1:32:49,0:02:52,0:04:39,4:59:51,2252,9718,5569,172,279,17991,32,31,6,64,59,16,54,51,11,32,31,6,Finisher,2989
Xavier,Abarca,Xavier Abarca,383,M25-29,Male,Guayaquil,EC-G,Ecuador,EC,0:32:42,2:38:18,1:44:09,0:02:13,0:02:41,5:00:02,1962,9498,6249,133,161,18002,33,32,3,14,13,1,24,24,1,33,32,3,Finisher,3345
Munir,Omram Ahmed,Munir Omram Ahmed,125,M30-34,Male,Rio de Janeiro,BR-RJ,Brazil,BR,0:35:45,2:38:22,1:40:05,0:03:21,0:02:37,5:00:09,2145,9502,6005,201,157,18009,34,33,10,38,36,10,34,33,10,34,33,10,Finisher,2413
Ignacio ,Barahona ,Ignacio Barahona,808,M18-24,Male,Latacunga ,EC-X,Ecuador,EC,0:36:17,2:45:07,1:35:54,0:01:42,0:01:51,5:00:50,2177,9907,5754,102,111,18050,35,34,6,49,46,8,57,54,8,35,34,6,Finisher,2711
Jeanpier,Muñoz,Jeanpier Muñoz,337,M35-39,Male,Tulcán,Carchi,Ecuador,EC,0:42:46,2:39:21,1:33:09,0:03:12,0:02:33,5:01:01,2566,9561,5589,192,153,18061,36,35,7,180,162,36,65,62,13,36,35,7,Finisher,2968
Danny,Pulles,Danny Pulles,279,M30-34,Male,IBARRA,Esmeraldas,Ecuador,EC,0:40:12,2:41:22,1:35:47,0:01:55,0:02:05,5:01:22,2412,9682,5747,115,125,18082,37,36,11,115,101,26,59,56,14,37,36,11,Finisher,2391
Ivan Felipe,Garzon Amortegui,Ivan Felipe Garzon Amortegui,720,M35-39,Male,Bogota,CO-DC,Colombia,CO,0:39:30,2:31:49,1:45:55,0:02:19,0:01:54,5:01:28,2370,9109,6355,139,114,18088,38,37,8,90,79,19,26,26,7,38,37,8,Finisher,2960
Julio ,Pozo,Julio Pozo,218,M50-54,Male,Quito,Pichincha,Ecuador,EC,0:41:11,2:41:08,1:34:49,0:02:59,0:02:09,5:02:15,2471,9668,5689,179,129,18135,39,38,1,136,122,6,64,61,3,39,38,1,Finisher,3500
Rommel,Riofrio,Rommel Riofrio,336,M40-44,Male,Quito,EC-P,Ecuador,EC,0:41:35,2:34:05,1:41:57,0:01:58,0:03:32,5:03:06,2495,9245,6117,118,212,18186,40,39,5,144,129,16,36,35,5,40,39,5,Finisher,3289
Alejandro,Palacios,Alejandro Palacios,119,M45-49,Male,Santiago,CL-RM,Chile,CL,0:40:01,2:39:21,1:40:18,0:02:21,0:03:02,5:05:02,2401,9561,6018,141,182,18302,41,40,6,105,92,10,47,45,7,41,40,6,Finisher,3019
Carlos,Espinoza,Carlos Espinoza,341,M35-39,Male,Conocoto,PICHINCHA,Ecuador,EC,0:45:33,2:38:13,1:35:02,0:04:10,0:02:05,5:05:03,2733,9493,5702,250,125,18303,42,41,9,256,216,47,83,79,18,42,41,9,Finisher,2895
Fausto,Bolaño,Fausto Bolaño,756,M45-49,Male,Guayaquil,EC-G,Ecuador,EC,0:37:34,2:44:17,1:38:11,0:03:30,0:02:53,5:06:24,2254,9857,5891,210,173,18384,43,42,7,65,60,6,66,63,11,43,42,7,Finisher,2995
Francisco,Flores Jimenez,Francisco Flores Jimenez,763,M45-49,Male,Quito,Pichincha,Ecuador,EC,0:47:57,2:34:25,1:39:55,0:02:20,0:01:57,5:06:34,2877,9265,5995,140,117,18394,44,43,8,330,280,26,63,60,10,44,43,8,Finisher,2992
Douglas,Serrano,Douglas Serrano,689,M30-34,Male,Machala,EC-O,Ecuador,EC,0:41:18,2:38:27,1:42:08,0:02:13,0:02:30,5:06:35,2478,9507,6128,133,150,18395,45,44,12,139,125,30,50,48,11,45,44,12,Finisher,2297
René,Santana,René Santana,114,M50-54,Male,Manta,EC-M,Ecuador,EC,0:39:48,2:42:35,1:40:04,0:02:01,0:02:39,5:07:06,2388,9755,6004,121,159,18426,46,45,2,98,87,4,61,58,2,46,45,2,Finisher,3412
Pablo,Saenz,Pablo Saenz,210,M45-49,Male,Quito,EC-P,Ecuador,EC,0:36:23,2:35:53,1:50:49,0:02:02,0:02:52,5:08:00,2183,9353,6649,122,172,18480,47,46,9,51,47,5,27,27,4,47,46,9,Finisher,2966
Julio,Garzon Vanegas,Julio Garzon Vanegas,848,M30-34,Male,guayaquil,GUAYAS,Ecuador,EC,0:34:22,2:53:23,1:34:30,0:02:13,0:03:50,5:08:18,2062,10403,5670,133,230,18498,48,47,13,28,27,7,99,93,20,48,47,13,Finisher,2266
Samir,Salcedo,Samir Salcedo,491,M40-44,Male,Quito,EC-P,Ecuador,EC,0:42:42,2:36:13,1:44:44,0:01:49,0:03:02,5:08:31,2562,9373,6284,109,182,18511,49,48,6,174,156,22,42,41,7,49,48,6,Finisher,3191
Enrico,Sparvoli,Enrico Sparvoli,124,M35-39,Male,Guayaquil,GUAYAS,Brazil,BR,0:39:33,2:40:30,1:43:52,0:02:53,0:02:01,5:08:50,2373,9630,6232,173,121,18530,50,49,10,91,80,20,56,53,12,50,49,10,Finisher,2827
Diego,Velastegui,Diego Velastegui,410,M45-49,Male,Riobamba,Chimborazo,Ecuador,EC,0:47:04,2:32:54,1:45:38,0:01:52,0:01:43,5:09:11,2824,9174,6338,112,103,18551,51,50,10,301,256,20,49,47,8,51,50,10,Finisher,2945
Juan manuel,Marinier,Juan manuel Marinier,115,M40-44,Male,Capilla del señor,AR-B,Argentina,AR,0:44:37,2:33:53,1:46:29,0:02:28,0:02:24,5:09:50,2677,9233,6389,148,144,18590,52,51,7,228,195,31,43,42,8,52,51,7,Finisher,3167
Rafael,Martiniano De Miranda Moura,Rafael Martiniano De Miranda Moura,316,M40-44,Male,Belo Horizonte,BR-BR-MG,Brazil,BR,0:47:12,2:34:03,1:43:09,0:03:26,0:02:05,5:09:55,2832,9243,6189,206,125,18595,53,52,8,303,258,47,62,59,11,53,52,8,Finisher,3166
Patricio,Escobar,Patricio Escobar,743,M40-44,Male,Quito,Pichincha,Ecuador,EC,0:37:04,2:44:07,1:42:56,0:03:00,0:03:00,5:10:07,2224,9847,6176,180,180,18607,54,53,9,59,54,7,60,57,10,54,53,9,Finisher,3162
Roberto,Cevallos,Roberto Cevallos,774,M40-44,Male,Bahia de Caraquez,Manabí,Ecuador,EC,0:40:10,2:43:43,1:42:00,0:02:38,0:01:53,5:10:24,2410,9823,6120,158,113,18624,55,54,10,113,99,12,74,70,15,55,54,10,Finisher,3157
Miluska,Márquez,Miluska Márquez,116,F30-34,Female,MANTA,EC-M,Ecuador,EC,0:39:51,2:43:57,1:43:11,0:01:56,0:02:07,5:11:02,2391,9837,6191,116,127,18662,56,2,2,100,12,6,68,4,3,56,2,2,Finisher,3197
Edwin,Sánchez,Edwin Sánchez,573,M35-39,Male,Quito,Pichincha,Ecuador,EC,0:35:38,2:48:04,1:42:51,0:02:46,0:01:49,5:11:07,2138,10084,6171,166,109,18667,57,55,11,37,35,12,73,69,14,57,55,11,Finisher,2786
Andrés,Novoa,Andrés Novoa,332,M35-39,Male,QUITO,EC-P,Ecuador,EC,0:40:01,2:44:10,1:41:11,0:02:24,0:03:23,5:11:09,2401,9850,6071,144,203,18669,58,56,12,107,94,24,75,71,15,58,56,12,Finisher,2785
Marlon Fabricio,Basantes Jacome,Marlon Fabricio Basantes Jacome,704,M40-44,Male,RIOBAMBA,CHIMBORAZO,Ecuador,EC,0:39:38,2:43:18,1:43:26,0:02:38,0:02:53,5:11:53,2378,9798,6206,158,173,18713,59,57,11,94,83,11,67,64,12,59,57,11,Finisher,3131
Jordan,Puetate Guijarro,Jordan Puetate Guijarro,925,M18-24,Male,Quito,PICHINCHA,Ecuador,EC,0:45:01,2:44:41,1:37:16,0:02:46,0:02:17,5:12:01,2701,9881,5836,166,137,18721,60,58,7,241,204,21,111,105,13,60,58,7,Finisher,2510
Maria Daniela,Guaman,Maria Daniela Guaman,137,F40-44,Female,Cuenca,AZUAY,Ecuador,EC,0:38:57,2:47:58,1:41:18,0:01:50,0:02:04,5:12:07,2337,10078,6078,110,124,18727,61,3,1,81,10,2,87,5,1,61,3,1,Finisher,3500
David,Palacios,David Palacios,393,M40-44,Male,Cuenca,Azuay,Ecuador,EC,0:41:26,2:42:43,1:43:27,0:02:31,0:03:29,5:13:37,2486,9763,6207,151,209,18817,62,59,12,142,127,15,76,72,16,62,59,12,Finisher,3099
Samuel,Araujo,Samuel Araujo,755,M18-24,Male,Quito,Pichincha,Ecuador,EC,0:43:54,2:41:20,1:42:16,0:02:43,0:03:29,5:13:43,2634,9680,6136,163,209,18823,63,60,8,213,184,19,84,80,10,63,60,8,Finisher,2479
Carlos,Cevallos,Carlos Cevallos,561,M35-39,Male,QUITO,PICHINCHA,Ecuador,EC,0:37:03,2:39:27,1:52:03,0:02:17,0:03:30,5:14:19,2223,9567,6723,137,210,18859,64,61,13,58,53,15,38,37,9,64,61,13,Finisher,2728
Patricio,Romero,Patricio Romero,359,M30-34,Male,Quito,EC-PICHINCHA,Ecuador,EC,0:41:57,2:38:00,1:50:37,0:02:02,0:01:56,5:14:31,2517,9480,6637,122,116,18871,65,62,14,158,142,32,52,49,12,65,62,14,Finisher,2154
Pablo,Andino,Pablo Andino,405,M40-44,Male,Quito,Pichincha,Ecuador,EC,0:42:19,2:37:36,1:49:34,0:02:48,0:02:25,5:14:43,2539,9456,6574,168,145,18883,66,63,13,165,147,20,55,52,9,66,63,13,Finisher,3080
Melina Susana,Vasquez López,Melina Susana Vasquez López,195,F25-29,Female,Manta,Manabí,Ecuador,EC,0:45:11,2:46:53,1:38:49,0:01:57,0:02:16,5:15:05,2711,10013,5929,117,136,18905,67,4,1,243,38,3,120,7,1,67,4,1,Finisher,3500
Julio,Torres,Julio Torres,921,M30-34,Male,Quito,Pichincha,Ecuador,EC,0:42:38,2:47:39,1:40:44,0:01:40,0:02:54,5:15:36,2558,10059,6044,100,174,18936,68,64,15,171,153,35,109,103,21,68,64,15,Finisher,2135
Byron Patricio,Rodriguez Merchan ,Byron Patricio Rodriguez Merchan,293,M35-39,Male,Azogues ,Cañar,Ecuador,EC,0:49:45,2:46:09,1:31:29,0:04:24,0:03:58,5:15:45,2985,9969,5489,264,238,18945,69,65,14,393,335,71,161,151,32,69,65,14,Finisher,2702
Pablo,Romasanta,Pablo Romasanta,127,M40-44,Male,CABA,AR-C,Argentina,AR,0:35:29,2:33:08,1:59:16,0:04:22,0:03:41,5:15:56,2129,9188,7156,262,221,18956,70,66,14,33,31,3,23,23,2,70,66,14,Finisher,3058
Juan,Arteaga Sarmiento,Juan Arteaga Sarmiento,544,M40-44,Male,Quito,PICHINCHA,Ecuador,EC,0:34:09,2:49:57,1:44:39,0:03:52,0:03:21,5:15:58,2049,10197,6279,232,201,18958,71,67,15,26,25,2,85,81,17,71,67,15,Finisher,3057
Juan Jose,Jaramillo Jaramillo,Juan Jose Jaramillo Jaramillo,122,M35-39,Male,GUAYAQUIL,EC-G,Ecuador,EC,0:40:22,2:44:35,1:45:21,0:02:58,0:02:47,5:16:03,2422,9875,6321,178,167,18963,72,68,15,119,105,25,82,78,17,72,68,15,Finisher,2697
Miguel,Rueda,Miguel Rueda,583,M25-29,Male,Quito,EC-P,Ecuador,EC,0:47:33,2:48:25,1:34:56,0:02:23,0:02:55,5:16:11,2853,10105,5696,143,175,18971,73,69,4,315,268,42,144,136,17,73,69,4,Finisher,3054
Felipe ,Davalos ,Felipe Davalos,914,M18-24,Male,Quito,PICHINCHA,Ecuador,EC,0:32:12,2:47:23,1:52:19,0:02:12,0:02:10,5:16:16,1932,10043,6739,132,130,18976,74,70,9,13,12,4,48,46,7,74,70,9,Finisher,2433
César,Arcos,César Arcos,422,M30-34,Male,Ibarra,Imbabura,Antigua and Barbuda,AG,0:40:38,2:48:47,1:39:44,0:03:09,0:04:17,5:16:36,2438,10127,5984,189,257,18996,75,71,16,125,111,28,112,106,22,75,71,16,Finisher,2117
José Andrés,Naranjo,José Andrés Naranjo,431,M35-39,Male,Quito,EC-P,Ecuador,EC,0:33:33,2:37:48,2:02:04,0:01:57,0:02:09,5:17:30,2013,9468,7324,117,129,19050,76,72,16,18,17,5,25,25,6,76,72,16,Finisher,2671
Cristopher,Perez,Cristopher Perez,537,M25-29,Male,Quito,Pichincha,Ecuador,EC,0:40:35,2:47:14,1:43:52,0:02:54,0:03:04,5:17:39,2435,10034,6232,174,184,19059,77,73,5,124,110,13,101,95,8,77,73,5,Finisher,3028
Emiliano,Carrera,Emiliano Carrera,640,M18-24,Male,Quito,EC-P,Ecuador,EC,0:36:59,2:42:10,1:54:23,0:01:54,0:02:20,5:17:46,2219,9730,6863,114,140,19066,78,74,10,57,52,10,44,43,6,78,74,10,Finisher,2406
Marialuz,Arellano,Marialuz Arellano,130,F50-54,Female,QUITO,EC-P,Ecuador,EC,0:38:51,2:40:15,1:53:32,0:02:53,0:02:44,5:18:14,2331,9615,6812,173,164,19094,79,5,1,78,9,1,51,3,1,79,5,1,Finisher,3500
Robinson ,Mogollon,Robinson Mogollon,132,M30-34,Male,Quito,Pichincha,Ecuador,EC,0:38:27,2:47:59,1:47:31,0:02:22,0:02:05,5:18:24,2307,10079,6451,142,125,19104,80,75,17,75,69,15,89,84,18,80,75,17,Finisher,2084
Eddie,Mendoza,Eddie Mendoza,554,M18-24,Male,Manta,Manabí,Ecuador,EC,0:42:45,2:47:05,1:43:54,0:02:07,0:02:45,5:18:37,2565,10025,6234,127,165,19117,81,76,11,177,159,18,108,102,12,81,76,11,Finisher,2391
Denisse Nathaly,Charro Calahorrano,Denisse Nathaly Charro Calahorrano,523,F30-34,Female,Quito,EC-P,Ecuador,EC,0:39:08,2:47:38,1:47:07,0:03:01,0:01:57,5:18:52,2348,10058,6427,181,117,19132,82,6,3,85,11,5,97,6,4,82,6,3,Finisher,3056
Carlos,Ruiz López,Carlos Ruiz López,268,M40-44,Male,Pasto,CO-NAR,Colombia,CO,0:40:12,2:43:10,1:50:33,0:02:51,0:02:47,5:19:33,2412,9790,6633,171,167,19173,83,77,16,117,103,13,71,67,14,83,77,16,Finisher,2993
Dario,Izquierdo,Dario Izquierdo,161,M30-34,Male,Cuenca,EC-A,Ecuador,EC,0:39:51,2:46:45,1:49:22,0:02:11,0:01:36,5:19:45,2391,10005,6562,131,96,19185,84,78,18,99,88,20,88,83,17,84,78,18,Finisher,2060
Robson,Brito,Robson Brito,139,M45-49,Male,RIO DE JANEIRO,BR-RJ,Brazil,BR,0:50:32,2:28:52,1:56:32,0:02:54,0:02:22,5:21:11,3032,8932,6992,174,142,19271,85,79,11,421,361,37,53,50,9,85,79,11,Finisher,2729
Adrian,Icaza,Adrian Icaza,830,M40-44,Male,Quito,Pichincha,Ecuador,EC,0:45:37,2:38:32,1:48:23,0:05:29,0:03:10,5:21:12,2737,9512,6503,329,190,19272,86,80,17,261,221,37,95,90,18,86,80,17,Finisher,2963
Cristian,Ramos,Cristian Ramos,342,M35-39,Male,Quito,Pichincha,Ecuador,EC,0:44:20,2:46:04,1:44:17,0:03:17,0:03:33,5:21:31,2660,9964,6257,197,213,19291,87,81,17,221,190,43,117,111,25,87,81,17,Finisher,2599
Federico,Gasparutti,Federico Gasparutti,507,M40-44,Male,Reconquista,AR-S,Argentina,AR,0:53:23,2:49:46,1:34:04,0:02:06,0:02:14,5:21:33,3203,10186,5644,126,134,19293,88,82,18,496,421,73,208,192,31,88,82,18,Finisher,2957
Marcelo,Delgado,Marcelo Delgado,354,M50-54,Male,Quito,EC-P,Ecuador,EC,0:39:43,2:38:07,1:58:42,0:02:18,0:03:05,5:21:54,2383,9487,7122,138,185,19314,89,83,3,96,85,3,41,40,1,89,83,3,Finisher,3146
Carlos,Lara,Carlos Lara,688,M18-24,Male,pasaje,EC-O,Ecuador,EC,0:36:16,2:49:06,1:52:22,0:02:17,0:01:56,5:21:56,2176,10146,6742,137,116,19316,90,84,12,48,45,7,81,77,9,90,84,12,Finisher,2331
Nicolás,Pesantez,Nicolás Pesantez,239,M25-29,Male,Quito,EC-P,Ecuador,EC,0:41:37,2:43:17,1:50:51,0:02:16,0:03:59,5:22:00,2497,9797,6651,136,239,19320,91,85,6,146,131,17,78,74,6,91,85,6,Finisher,2950
ADOLFO ,DAVILA ,ADOLFO DAVILA,777,M18-24,Male,BAHIA DE CARAQUEZ,EC-M,Ecuador,EC,0:38:05,3:01:47,1:37:45,0:02:22,0:02:10,5:22:09,2285,10907,5865,142,130,19329,92,86,13,71,66,13,184,172,17,92,86,13,Finisher,2327
ROBERTH MAURICIO,NARVAEZ MONTENEGRO,ROBERTH MAURICIO NARVAEZ MONTENEGRO,147,M50-54,Male,TULCÁN,Manabí,Ecuador,EC,0:43:39,2:40:22,1:51:50,0:04:01,0:02:26,5:22:18,2619,9622,6710,241,146,19338,93,87,4,205,178,8,86,82,4,93,87,4,Finisher,3139
Renato,Camacho,Renato Camacho,237,M25-29,Male,Canton Quito,EC-P,Ecuador,EC,0:46:13,2:43:18,1:48:45,0:01:41,0:02:36,5:22:33,2773,9798,6525,101,156,19353,94,88,7,276,234,35,104,98,10,94,88,7,Finisher,2940
Stalin,De La Torre Carlos,Stalin De La Torre Carlos,546,M30-34,Male,GUAYAQUIL,EC-G,Ecuador,EC,0:48:22,2:44:57,1:43:16,0:02:29,0:03:36,5:22:40,2902,9897,6196,149,216,19360,95,89,19,342,292,58,132,125,27,95,89,19,Finisher,2008
Jefferson,Hidalgo,Jefferson Hidalgo,655,M30-34,Male,Cumming,GA,Ecuador,EC,0:39:59,2:53:44,1:42:45,0:03:54,0:02:47,5:23:09,2399,10424,6165,234,167,19389,96,90,20,104,91,22,141,133,29,96,90,20,Finisher,1999
Oswaldo,Estrada,Oswaldo Estrada,165,M40-44,Male,Guayaquil,EC-G,Ecuador,EC,0:43:51,2:49:19,1:42:29,0:04:11,0:03:31,5:23:21,2631,10159,6149,251,211,19401,97,91,19,211,183,28,139,131,23,97,91,19,Finisher,2924
Marcelo,Benalcázar,Marcelo Benalcázar,803,M30-34,Male,Quito,Pichincha,Ecuador,EC,0:36:05,2:50:06,1:51:04,0:03:38,0:02:33,5:23:26,2165,10206,6664,218,153,19406,98,92,21,43,41,11,98,92,19,98,92,21,Finisher,1994
Daniel,Burbano ,Daniel Burbano,719,M40-44,Male,Quito,EC-P,Ecuador,EC,0:46:10,2:47:15,1:42:26,0:04:53,0:03:01,5:23:44,2770,10035,6146,293,181,19424,99,93,20,274,232,40,143,135,25,99,93,20,Finisher,2917
Hector,Erazo,Hector Erazo,306,M35-39,Male,Ibarra,EC-I,Ecuador,EC,0:42:25,2:34:17,2:02:16,0:02:06,0:02:54,5:23:57,2545,9257,7336,126,174,19437,100,94,18,166,148,33,39,38,10,100,94,18,Finisher,2555
Israel,Guevara,Israel Guevara,665,M35-39,Male,Guayaquil,GUAYAS,Ecuador,EC,0:43:39,2:41:17,1:52:26,0:03:58,0:02:45,5:24:05,2619,9677,6746,238,165,19445,101,95,19,204,177,40,92,87,19,101,95,19,Finisher,2552
Héctor,Vera Saavedra,Héctor Vera Saavedra,621,M30-34,Male,Daule,Guayas,Ecuador,EC,0:48:59,2:43:22,1:47:23,0:02:08,0:02:17,5:24:09,2939,9802,6443,128,137,19449,102,96,22,369,312,61,124,117,23,102,96,22,Finisher,1981
Makestone,Clavijo,Makestone Clavijo,886,M25-29,Male,Guayaquil,Guayas,Ecuador,EC,0:39:18,2:49:53,1:51:18,0:02:11,0:02:20,5:25:00,2358,10193,6678,131,140,19500,103,97,8,88,77,8,106,100,11,103,97,8,Finisher,2896
Jhon,Salazar,Jhon Salazar,550,M25-29,Male,Quito,EC-P,Ecuador,EC,0:48:34,3:01:07,1:29:15,0:02:53,0:03:42,5:25:32,2914,10867,5355,173,222,19532,104,98,9,348,298,48,290,262,38,104,98,9,Finisher,2886
Roberto,Luna Bastidas,Roberto Luna Bastidas,646,M25-29,Male,QUITO,PICHINCHA,Ecuador,EC,0:43:49,2:44:37,1:50:02,0:02:42,0:04:52,5:26:03,2629,9877,6602,162,292,19563,105,99,10,209,181,27,103,97,9,105,99,10,Finisher,2877
Jose,Rodríguez Romero,Jose Rodríguez Romero,264,M40-44,Male,Loja,EC-L,Ecuador,EC,0:46:32,2:59:21,1:34:41,0:02:49,0:02:52,5:26:14,2792,10761,5681,169,172,19574,106,100,21,285,243,43,251,229,40,106,100,21,Finisher,2872
ANDRES,AUCAY,ANDRES AUCAY,367,M25-29,Male,Cuenca,Azuay,Ecuador,EC,0:40:55,2:41:55,1:57:59,0:03:14,0:02:14,5:26:17,2455,9715,7079,194,134,19577,107,101,11,129,115,14,70,66,4,107,101,11,Finisher,2873
Szczepan,Chmura,Szczepan Chmura,759,M55-59,Male,Zawada,PL-MA,Poland,PL,0:40:12,2:50:43,1:49:30,0:03:08,0:03:18,5:26:50,2412,10243,6570,188,198,19610,108,102,1,116,102,1,121,114,2,108,102,1,Finisher,3500
Óscar luis,Giroto,Óscar luis Giroto,141,M55-59,Male,1625,AR-B,Argentina,AR,0:41:35,2:48:29,1:50:08,0:03:22,0:03:24,5:26:59,2495,10109,6608,202,204,19619,109,103,2,145,130,2,116,110,1,109,103,2,Finisher,3497
Jorge Luis,Fuentes,Jorge Luis Fuentes,896,M50-54,Male,guayaquil,Guayas,Ecuador,EC,0:54:21,2:52:24,1:30:44,0:05:07,0:04:36,5:27:13,3261,10344,5444,307,276,19633,110,104,5,528,450,25,281,254,15,110,104,5,Finisher,3050
Jose Gabriel,Fuentes Erazo,Jose Gabriel Fuentes Erazo,843,M40-44,Male,MONTALVO,Los Ríos,Ecuador,EC,0:36:46,2:51:08,1:53:25,0:02:22,0:03:48,5:27:29,2206,10268,6805,142,228,19649,111,105,22,55,50,6,100,94,19,111,105,22,Finisher,2850
Martin,Moreno,Martin Moreno,727,M18-24,Male,Quito,Pichincha,Ecuador,EC,0:50:05,2:55:53,1:36:42,0:02:44,0:02:46,5:28:11,3005,10553,5802,164,166,19691,112,106,14,410,350,28,253,231,21,112,106,14,Finisher,2219
Daniel,Vaca,Daniel Vaca,730,M25-29,Male,quito,Pichincha,Ecuador,EC,0:45:22,2:45:33,1:52:52,0:02:01,0:02:29,5:28:17,2722,9933,6772,121,149,19697,113,107,12,245,207,30,113,107,12,113,107,12,Finisher,2837
Julio,Osejo,Julio Osejo,244,M30-34,Male,QUITO,EC-EC-P,Ecuador,EC,0:46:00,2:34:17,2:00:03,0:02:56,0:05:23,5:28:40,2760,9257,7203,176,323,19720,114,108,23,268,226,46,58,55,13,114,108,23,Finisher,1900
Fabian,Portocarrero Castro,Fabian Portocarrero Castro,643,M30-34,Male,Quito,Pichincha,Colombia,CO,0:50:36,2:45:30,1:45:32,0:03:19,0:03:43,5:28:40,3036,9930,6332,199,223,19720,115,109,24,424,363,73,151,142,30,115,109,24,Finisher,1900
María Inés,Maldonado,María Inés Maldonado,606,F40-44,Female,Cuenca,EC-A,Ecuador,EC,0:43:46,2:52:55,1:47:58,0:02:13,0:01:59,5:28:53,2626,10375,6478,133,119,19733,116,7,2,208,28,4,147,9,2,116,7,2,Finisher,3198
Carlos ,Tovar,Carlos Tovar,448,M30-34,Male,Guayaquil,GUAYAS,Ecuador,EC,0:52:36,2:43:06,1:46:46,0:03:58,0:02:41,5:29:06,3156,9786,6406,238,161,19746,117,110,25,476,403,78,154,145,31,117,110,25,Finisher,1892
Roberto,Sanchez Casanova,Roberto Sanchez Casanova,627,M45-49,Male,PORTOVIEJO,MANABI,Ecuador,EC,0:53:29,2:46:24,1:43:52,0:03:11,0:02:30,5:29:26,3209,9984,6232,191,150,19766,118,111,12,499,424,47,190,176,19,118,111,12,Finisher,2580
Adrian,Alonso,Adrian Alonso,297,M30-34,Male,Asunción,Distrito Capital,Paraguay,PY,0:42:35,2:49:50,1:50:56,0:03:18,0:02:55,5:29:35,2555,10190,6656,198,175,19775,119,112,26,169,151,34,131,124,26,119,112,26,Finisher,1883
Santiago,López Flores,Santiago López Flores,232,M30-34,Male,Baños de agua Santa ,EC-T,Ecuador,EC,0:43:56,3:06:37,1:33:45,0:02:59,0:02:21,5:29:38,2636,11197,5625,179,141,19778,120,113,27,215,185,38,303,273,53,120,113,27,Finisher,1882
Pablo,Arevalo,Pablo Arevalo,600,M25-29,Male,Cuenca,Azuay,Ecuador,EC,0:35:31,2:50:32,1:58:34,0:02:47,0:02:56,5:30:21,2131,10232,7114,167,176,19821,121,114,13,35,33,2,90,85,7,121,114,13,Finisher,2799
John Alejandro,Argudo Ronquillo,John Alejandro Argudo Ronquillo,705,M40-44,Male,Salinas,EC-Santa Elena,Ecuador,EC,0:47:34,2:42:45,1:52:59,0:03:36,0:03:27,5:30:21,2854,9765,6779,216,207,19821,122,115,23,316,269,49,119,113,21,122,115,23,Finisher,2798
Juan José,Chávez Navarrete,Juan José Chávez Navarrete,691,M30-34,Male,QUITO,EC-P,Ecuador,EC,0:39:17,2:45:02,2:00:00,0:02:00,0:04:08,5:30:27,2357,9902,7200,120,248,19827,123,116,28,87,76,18,72,68,15,123,116,28,Finisher,1868
Chris,Garcia Fitness,Chris Garcia Fitness,557,M35-39,Male,Riobamba,EC-H,Ecuador,EC,0:47:30,2:45:10,1:51:58,0:02:57,0:03:17,5:30:52,2850,9910,6718,177,197,19852,124,117,20,314,267,56,130,123,26,124,117,20,Finisher,2430
David,Acurio,David Acurio,831,M35-39,Male,Quito,EC-Pichincha,Ecuador,EC,0:38:01,2:49:40,1:56:38,0:03:57,0:02:40,5:30:56,2281,10180,6998,237,160,19856,125,118,21,70,65,17,107,101,23,125,118,21,Finisher,2429
Jose Miguel,Espinosa,Jose Miguel Espinosa,603,M25-29,Male,Quito,EC-P,Ecuador,EC,0:42:29,2:42:43,2:01:45,0:01:51,0:02:17,5:31:06,2549,9763,7305,111,137,19866,126,119,14,167,149,21,77,73,5,126,119,14,Finisher,2786
GUSTAVO,TOVAR,GUSTAVO TOVAR,455,M35-39,Male,GUAYAQUIL,GUAYAS,Ecuador,EC,0:49:39,2:36:53,1:58:00,0:03:09,0:03:42,5:31:23,2979,9413,7080,189,222,19883,127,120,22,391,333,69,96,91,21,127,120,22,Finisher,2421
Jordan,Cuascota,Jordan Cuascota,461,M25-29,Male,QUITO,Pichincha,Ecuador,EC,0:41:40,2:56:51,1:47:59,0:02:10,0:02:43,5:31:24,2500,10611,6479,130,163,19884,128,121,15,147,132,18,173,162,21,128,121,15,Finisher,2780
CRISTIAN,DAVILA,CRISTIAN DAVILA,773,M35-39,Male,BAHIA DE CARAQUEZ,EC-M,Ecuador,EC,0:55:10,2:43:49,1:45:06,0:02:44,0:04:38,5:31:26,3310,9829,6306,164,278,19886,129,122,23,546,465,94,182,170,39,129,122,23,Finisher,2420
Nelson,Cruz,Nelson Cruz,899,M35-39,Male,Riobamba,Chimborazo,Ecuador,EC,0:59:51,2:45:27,1:41:06,0:03:05,0:02:05,5:31:34,3591,9927,6066,185,125,19894,130,123,24,633,532,109,245,224,48,130,123,24,Finisher,2418
Leonardo,Mejia,Leonardo Mejia,754,M30-34,Male,Quito,EC-P,Ecuador,EC,0:44:40,2:46:25,1:52:19,0:03:45,0:04:46,5:31:54,2680,9985,6739,225,286,19914,131,124,29,230,196,42,127,120,24,131,124,29,Finisher,1841
Daniel,Gonzalez,Daniel Gonzalez,224,M35-39,Male,quito,Pichincha,Ecuador,EC,0:41:57,2:54:55,1:49:10,0:02:12,0:03:41,5:31:55,2517,10495,6550,132,221,19915,132,125,25,157,141,31,148,139,30,132,125,25,Finisher,2411
Juan,Rodriguez,Juan Rodriguez,475,M35-39,,Quito,EC-P,Ecuador,EC,0:35:21,2:39:18,2:11:36,0:02:51,0:03:18,5:32:23,2121,9558,7896,171,198,19943,133,126,26,31,29,11,35,34,8,133,126,26,Finisher,2403
Marco Andres,Flores Buitron,Marco Andres Flores Buitron,505,M40-44,Male,Otavalo,EC-I,Ecuador,EC,0:40:27,2:48:28,1:59:01,0:02:23,0:02:22,5:32:42,2427,10108,7141,143,142,19962,134,127,24,122,108,14,105,99,20,134,127,24,Finisher,2756
Oswaldo,Eguiguren,Oswaldo Eguiguren,470,M40-44,Male,LOJA,EC-L,Ecuador,EC,0:42:42,2:48:58,1:54:53,0:02:36,0:03:40,5:32:48,2562,10138,6893,156,220,19968,135,128,25,175,157,23,122,115,22,135,128,25,Finisher,2754
Alejandro ,Soria ,Alejandro Soria,482,M18-24,Male,Ambato,EC-T,Ecuador,EC,0:37:22,3:00:03,1:49:47,0:02:43,0:02:55,5:32:49,2242,10803,6587,163,175,19969,136,129,15,60,55,11,157,147,16,136,129,15,Finisher,2135
Andres,Landeta,Andres Landeta,881,M30-34,Male,Quito,Pichincha,Ecuador,EC,0:40:10,2:57:34,1:48:16,0:03:29,0:03:25,5:32:55,2410,10654,6496,209,205,19975,137,130,30,114,100,25,177,165,35,137,130,30,Finisher,1823
Niels,Mojica,Niels Mojica,181,M35-39,Male,San Jose,San José,Costa Rica,CR,0:39:56,2:57:26,1:48:07,0:03:56,0:03:41,5:33:06,2396,10646,6487,236,221,19986,138,131,27,103,90,22,179,167,37,138,131,27,Finisher,2390
Francisco,Tates Flores,Francisco Tates Flores,781,M25-29,Male,Quito,FL,Ecuador,EC,0:37:57,2:51:53,1:54:32,0:04:00,0:04:59,5:33:21,2277,10313,6872,240,299,20001,139,132,16,68,63,6,118,112,14,139,132,16,Finisher,2745
Steven,Pacheco,Steven Pacheco,289,M18-24,Male,Manta,EC-M,Ecuador,EC,0:48:00,2:44:50,1:53:31,0:02:19,0:04:50,5:33:30,2880,9890,6811,139,290,20010,140,133,16,333,283,23,129,122,14,140,133,16,Finisher,2123
Andrés,Martinez,Andrés Martinez,500,M40-44,Male,Quito,FL,Ecuador,EC,0:49:29,2:52:20,1:43:59,0:03:34,0:04:25,5:33:47,2969,10340,6239,214,265,20027,141,134,26,385,327,55,209,193,32,141,134,26,Finisher,2736
Jean Anthony,Yoza Yoza,Jean Anthony Yoza Yoza,216,M25-29,Male,Manta,Manabi,Ecuador,EC,0:54:50,2:45:54,1:46:38,0:03:45,0:02:42,5:33:49,3290,9954,6398,225,162,20029,142,135,17,540,461,63,201,185,26,142,135,17,Finisher,2737
Luisa,Lopez Trigos,Luisa Lopez Trigos,493,F30-34,Female,Barranquilla,Átlantico,Colombia,CO,0:36:38,2:40:40,2:09:45,0:04:03,0:02:44,5:33:50,2198,9640,7785,243,164,20030,143,8,4,54,5,2,46,2,2,143,8,4,Finisher,2786
Alex Santiago,Armas Boada,Alex Santiago Armas Boada,807,M50-54,Male,Ibarra,Imbabura,Ecuador,EC,0:48:50,2:46:52,1:51:12,0:03:58,0:03:45,5:34:37,2930,10012,6672,238,225,20077,144,136,6,366,311,16,155,146,6,144,136,6,Finisher,2917
Andres,Salazar,Andres Salazar,880,M30-34,Male,Latacunga,Cotopaxi,Ecuador,EC,0:43:05,3:07:30,1:38:35,0:02:49,0:02:41,5:34:39,2585,11250,5915,169,161,20079,145,137,31,185,166,36,299,270,52,145,137,31,Finisher,1792
Jonathan,Cevallos,Jonathan Cevallos,675,M35-39,Male,QUITO,PICHINCHA,Ecuador,EC,0:51:49,2:47:05,1:49:56,0:02:47,0:03:02,5:34:39,3109,10025,6596,167,182,20079,146,138,28,457,390,80,181,169,38,146,138,28,Finisher,2362
Luis,Guananga,Luis Guananga,311,M40-44,Male,GUANO,ECUADOR / CHIMBORAZO / GUANO,Ecuador,EC,0:41:55,2:53:47,1:51:15,0:03:45,0:04:01,5:34:43,2515,10427,6675,225,241,20083,147,139,27,155,139,19,153,144,27,147,139,27,Finisher,2720
Adrian,Moreano,Adrian Moreano,298,M25-29,Male,Quito,Pichincha,Ecuador,EC,0:45:23,2:52:37,1:49:29,0:04:35,0:02:55,5:34:59,2723,10357,6569,275,175,20099,148,140,18,246,208,31,186,173,23,148,140,18,Finisher,2716
Jorge,Velasco,Jorge Velasco,589,M35-39,Male,Guayaquil,Guayas,Ecuador,EC,0:43:51,2:49:36,1:54:57,0:02:57,0:03:56,5:35:18,2631,10176,6897,177,236,20118,149,141,29,210,182,41,136,128,28,149,141,29,Finisher,2351
Alexandro,Loaiza,Alexandro Loaiza,399,M30-34,Male,Manta,Manabi,Ecuador,EC,0:41:16,3:01:09,1:48:27,0:02:13,0:02:19,5:35:24,2476,10869,6507,133,139,20124,150,142,32,138,124,29,202,186,36,150,142,32,Finisher,1778
Veronica,Mancheno,Veronica Mancheno,134,F50-54,Female,QUITO,EC-P,Ecuador,EC,0:45:31,2:51:49,1:52:22,0:02:39,0:03:22,5:35:42,2731,10309,6742,159,202,20142,151,9,2,252,40,3,156,10,2,151,9,2,Finisher,3185
Cristian Xavier,Chamorro Teran,Cristian Xavier Chamorro Teran,910,M25-29,Male,Quito,Pichincha,Ecuador,EC,0:49:15,2:59:51,1:40:39,0:02:55,0:03:10,5:35:51,2955,10791,6039,175,190,20151,152,143,19,376,319,52,285,258,37,152,143,19,Finisher,2700
Vianny Celene,Molina Morales,Vianny Celene Molina Morales,785,F30-34,Female,Quito,EC-P,Venezuela,VE,0:39:55,2:58:11,1:52:37,0:02:34,0:02:37,5:35:54,2395,10691,6757,154,157,20154,153,10,5,102,13,7,170,11,6,153,10,5,Finisher,2749
BRYAN SEBASTIAN,ALVAREZ AUQUILLA ,BRYAN SEBASTIAN ALVAREZ AUQUILLA,650,M25-29,Male,CUENCA,Azuay,Ecuador,EC,0:53:51,2:49:50,1:46:11,0:03:44,0:02:23,5:36:00,3231,10190,6371,224,143,20160,154,144,20,513,436,62,232,212,32,154,144,20,Finisher,2698
Agustin,Vintimilla,Agustin Vintimilla,472,M45-49,Male,Cuenca,EC-Azuay,Ecuador,EC,0:53:42,2:52:04,1:43:28,0:03:57,0:02:55,5:36:05,3222,10324,6208,237,175,20165,155,145,13,508,432,51,262,239,26,155,145,13,Finisher,2460
Cesar,Bohorquez,Cesar Bohorquez,417,M40-44,Male,Quito,Pichincha,Ecuador,EC,0:49:53,2:52:06,1:46:46,0:04:22,0:03:00,5:36:07,2993,10326,6406,262,180,20167,156,146,28,399,341,57,220,202,35,156,146,28,Finisher,2694
Kleber,Zambrano,Kleber Zambrano,787,M25-29,Male,Guayaquil,GUAYAS,Ecuador,EC,0:40:13,3:00:11,1:46:44,0:05:29,0:03:45,5:36:22,2413,10811,6404,329,225,20182,157,147,21,118,104,11,214,197,30,157,147,21,Finisher,2691
Gismar stef,Gavidia Avendaño,Gismar stef Gavidia Avendaño,539,F25-29,Female,Quito,EC-P,Venezuela,VE,0:43:18,3:03:59,1:43:55,0:03:11,0:02:03,5:36:26,2598,11039,6235,191,123,20186,158,11,2,193,23,2,268,24,3,158,11,2,Finisher,3115
Byron,Herrera,Byron Herrera,226,M45-49,Male,Guayaquil,Guayas,Ecuador,EC,0:41:01,2:55:47,1:51:56,0:03:56,0:03:51,5:36:31,2461,10547,6716,236,231,20191,159,148,14,133,119,13,174,163,17,159,148,14,Finisher,2453
Jorge,Jimenez,Jorge Jimenez,396,M40-44,Male,Quito,PICHINCHA,Ecuador,EC,0:45:48,2:49:08,1:55:50,0:03:11,0:02:53,5:36:51,2748,10148,6950,191,173,20211,160,149,29,265,224,39,142,134,24,160,149,29,Finisher,2681
Daniel,Bolaños ,Daniel Bolaños,142,M40-44,Male,SANTA CRUZ,EC-W,Ecuador,EC,0:42:54,2:40:43,2:08:25,0:02:18,0:03:02,5:37:21,2574,9643,7705,138,182,20241,161,150,30,183,164,24,69,65,13,161,150,30,Finisher,2672
Fausto ,Pineda ,Fausto Pineda,882,M40-44,Male,Quito,Pichincha,Ecuador,EC,0:42:34,2:54:01,1:53:43,0:03:39,0:03:30,5:37:26,2554,10441,6823,219,210,20246,162,151,31,168,150,21,159,149,28,162,151,31,Finisher,2671
PABLO,IZURIETA,PABLO IZURIETA,425,M60-64,Male,Quito,EC-P,Ecuador,EC,0:36:11,2:52:13,2:00:50,0:04:33,0:03:41,5:37:28,2171,10333,7250,273,221,20248,163,152,1,45,42,1,114,108,1,163,152,1,Finisher,3500
Pablo,Molina,Pablo Molina,579,M45-49,Male,Quito,Pichincha,Ecuador,EC,0:40:08,2:49:13,1:59:40,0:05:02,0:03:33,5:37:36,2408,10153,7180,302,213,20256,164,153,15,112,98,11,123,116,13,164,153,15,Finisher,2433
Vanessa Lorena,Statella,Vanessa Lorena Statella,121,F50-54,Female,Tigre,AR-B,Argentina,AR,0:43:05,2:55:51,1:52:22,0:03:20,0:03:05,5:37:43,2585,10551,6742,200,185,20263,165,12,3,186,20,2,185,13,3,165,12,3,Finisher,3149
Galo,Sarmiento,Galo Sarmiento,136,M25-29,Male,Cuenca,EC-A,Ecuador,EC,0:41:44,2:50:08,2:00:55,0:02:39,0:02:42,5:38:08,2504,10208,7255,159,162,20288,166,154,22,149,133,19,125,118,15,166,154,22,Finisher,2659
JUAN,INIGUEZ,JUAN INIGUEZ,608,M25-29,Male,Cuenca,Azuay,Ecuador,EC,0:47:59,2:51:20,1:51:43,0:03:49,0:03:22,5:38:14,2879,10280,6703,229,202,20294,167,155,23,332,282,45,191,177,24,167,155,23,Finisher,2657
Diego ,Villacres,Diego Villacres,190,M45-49,Male,Quito,EC-P,Ecuador,EC,0:46:19,2:47:39,1:58:29,0:02:29,0:03:20,5:38:16,2779,10059,7109,149,200,20296,168,156,16,281,239,19,137,129,14,168,156,16,Finisher,2421
Andres ,Salazar,Andres Salazar,794,M30-34,Male,Cuenca,Azuay,Ecuador,EC,0:54:20,2:37:22,1:59:07,0:03:16,0:04:14,5:38:18,3260,9442,7147,196,254,20298,169,157,33,526,448,88,128,121,25,169,157,33,Finisher,1726
Astrid,Novelo Rosas,Astrid Novelo Rosas,466,F45-49,Female,Merida,MX-YUC,Mexico,MX,0:34:28,3:05:53,1:52:28,0:02:34,0:03:03,5:38:26,2068,11153,6748,154,183,20306,170,13,1,29,2,1,189,14,1,170,13,1,Finisher,3500
Esteban,Perez,Esteban Perez,535,M30-34,Male,Quito,PICHINCHA,Ecuador,EC,0:46:24,2:51:20,1:54:44,0:02:31,0:03:42,5:38:41,2784,10280,6884,151,222,20321,171,158,34,283,241,49,160,150,32,171,158,34,Finisher,1719
Gabriela Alexandra,Haro Carrión ,Gabriela Alexandra Haro Carrión,657,F40-44,Female,Quito,Pichincha,Ecuador,EC,0:38:07,3:02:06,1:52:25,0:03:27,0:02:38,5:38:44,2287,10926,6745,207,158,20324,172,14,3,72,6,1,197,16,3,172,14,3,Finisher,3020
Juan Pablo,Flores Buitron,Juan Pablo Flores Buitron,504,M35-39,Male,Otavalo,Imbabura,Ecuador,EC,0:44:47,2:53:40,1:53:46,0:03:40,0:03:16,5:39:10,2687,10420,6826,220,196,20350,173,159,30,233,198,44,183,171,40,173,159,30,Finisher,2281
Rodrigo ,Díaz ,Rodrigo Díaz,672,M35-39,Male,Quito,Pichincha,Ecuador,EC,0:35:50,2:53:48,2:03:37,0:02:48,0:03:23,5:39:27,2150,10428,7417,168,203,20367,174,160,31,39,37,13,110,104,24,174,160,31,Finisher,2276
Paul,Barreiro,Paul Barreiro,252,M35-39,Male,Manta,Oaxaca,Ecuador,EC,0:51:09,2:54:18,1:50:11,0:02:03,0:01:56,5:39:37,3069,10458,6611,123,116,20377,175,161,32,438,375,75,234,214,47,175,161,32,Finisher,2273
Erick,Ortiz,Erick Ortiz,433,M50-54,Male,Lima,PE-LIM,Peru,PE,0:46:32,2:58:37,1:46:24,0:05:13,0:02:59,5:39:45,2792,10717,6384,313,179,20385,176,162,7,287,244,13,266,243,14,176,162,7,Finisher,2825
Juan,Alvarez,Juan Alvarez,439,M18-24,Male,Ambato,EC-T,Ecuador,EC,0:40:58,3:04:00,1:48:01,0:04:07,0:02:48,5:39:53,2458,11040,6481,247,168,20393,177,163,17,131,117,14,257,234,23,177,163,17,Finisher,2008
Matias,Zaldumbide,Matias Zaldumbide,366,M25-29,Male,Quito,EC-EC-P,Ecuador,EC,0:40:56,2:56:02,1:55:06,0:04:02,0:03:49,5:39:54,2456,10562,6906,242,229,20394,178,164,24,130,116,15,176,164,22,178,164,24,Finisher,2627
Ricardo,Aviles Cabrera,Ricardo Aviles Cabrera,585,M45-49,Male,Quito,PICHINCHA,Ecuador,EC,0:43:38,2:54:36,1:56:22,0:02:16,0:03:19,5:40:11,2618,10476,6982,136,199,20411,179,165,17,202,176,14,163,153,15,179,165,17,Finisher,2387
Pablo,Ricaurte,Pablo Ricaurte,529,M50-54,Male,Quito,EC-P,Ecuador,EC,0:40:34,2:52:49,1:59:57,0:03:56,0:03:04,5:40:20,2434,10369,7197,236,184,20420,180,166,8,123,109,5,138,130,5,180,166,8,Finisher,2814
Alex,Paredes,Alex Paredes,559,M30-34,Male,Quito,Pichincha,Ecuador,EC,0:52:44,2:59:15,1:42:52,0:02:22,0:03:10,5:40:23,3164,10755,6172,142,190,20423,181,167,35,483,409,82,311,280,55,181,167,35,Finisher,1689
Nicolas,Cadena,Nicolas Cadena,330,M25-29,,Quito,EC-P,Ecuador,EC,0:36:02,2:54:46,2:03:17,0:02:25,0:04:03,5:40:33,2162,10486,7397,145,243,20433,182,168,25,41,39,3,115,109,13,182,168,25,Finisher,2616
Jonathan,Moreno Mainato,Jonathan Moreno Mainato,631,M35-39,Male,GUAYAQUIL,GUAYAS,Ecuador,EC,0:43:34,2:55:01,1:55:43,0:02:41,0:03:44,5:40:43,2614,10501,6943,161,224,20443,183,169,33,201,175,39,178,166,36,183,169,33,Finisher,2253
Leo J,Sepulveda A,Leo J Sepulveda A,783,M55-59,Male,CUENCA,AZUAY,Ecuador,EC,0:43:04,2:53:07,1:56:39,0:04:24,0:03:32,5:40:46,2584,10387,6999,264,212,20446,184,170,3,184,165,4,167,157,3,184,170,3,Finisher,3249
Manuel,lllescas Calle,Manuel lllescas Calle,611,M25-29,Male,Cuenca,AZUAY,Ecuador,EC,0:46:59,2:56:10,1:49:49,0:04:41,0:03:30,5:41:08,2819,10570,6589,281,210,20468,185,171,26,298,253,40,236,216,34,185,171,26,Finisher,2605
Hector,Perez Hinojosa,Hector Perez Hinojosa,536,M60-64,Male,Otavalo,IMBABURA,Ecuador,EC,0:40:42,2:50:57,2:01:21,0:03:06,0:05:11,5:41:17,2442,10257,7281,186,311,20477,186,172,2,126,112,2,126,119,2,186,172,2,Finisher,3431
Carlos Daniel,Palacios Ortega,Carlos Daniel Palacios Ortega,864,M25-29,Male,Loja,EC-L,Ecuador,EC,0:42:52,2:52:52,1:58:30,0:03:43,0:03:21,5:41:18,2572,10372,7110,223,201,20478,187,173,27,181,163,24,152,143,18,187,173,27,Finisher,2602
Luis,Gonzalez,Luis Gonzalez,564,M30-34,Male,Quito,Pichincha,Ecuador,EC,0:49:49,2:48:37,1:57:59,0:02:15,0:02:56,5:41:36,2989,10117,7079,135,176,20496,188,174,36,396,338,65,172,161,34,188,174,36,Finisher,1667
Daniel,Sandoval,Daniel Sandoval,865,M30-34,Male,QUITO,Pichincha,Ecuador,EC,0:49:17,3:06:20,1:38:49,0:03:54,0:03:45,5:42:05,2957,11180,5929,234,225,20525,189,175,37,377,320,62,365,329,69,189,175,37,Finisher,1658
Luis Manolo,Morocho,Luis Manolo Morocho,791,M35-39,Male,Cuenca,Azuay,Ecuador,EC,0:47:28,2:50:53,1:59:18,0:02:20,0:02:26,5:42:25,2848,10253,7158,140,146,20545,190,176,34,313,266,55,171,160,35,190,176,34,Finisher,2222
José,Acosta,José Acosta,683,M40-44,Male,Quito,Pichincha,Ecuador,EC,0:47:51,2:55:20,1:49:45,0:03:51,0:05:54,5:42:40,2871,10520,6585,231,354,20560,191,177,32,327,278,50,226,207,36,191,177,32,Finisher,2576
Luis,Yumbla,Luis Yumbla,437,M25-29,Male,Durán,EC-G,Ecuador,EC,0:46:15,3:01:53,1:47:53,0:03:23,0:03:18,5:42:43,2775,10913,6473,203,198,20563,192,178,28,277,235,36,277,251,35,192,178,28,Finisher,2577
Digna,Quezada,Digna Quezada,703,F35-39,Female,Giron,EC-A,Ecuador,EC,0:42:52,3:02:26,1:51:47,0:02:47,0:03:13,5:43:05,2572,10946,6707,167,193,20585,193,15,1,182,19,4,241,21,4,193,15,1,Finisher,3500
Nathaly,silvana Vásquez Lopez,Nathaly silvana Vásquez Lopez,196,F18-24,Female,Manta,EC-M,Ecuador,EC,0:48:54,2:59:26,1:50:11,0:02:15,0:02:39,5:43:25,2934,10766,6611,135,159,20605,194,16,1,367,56,3,269,25,1,194,16,1,Finisher,3500
Oscar,Ochoa,Oscar Ochoa,368,M25-29,Male,GUAYAQUIL,Guayas,Ecuador,EC,0:41:50,2:50:17,2:04:39,0:03:55,0:02:54,5:43:36,2510,10217,7479,235,174,20616,195,179,29,151,135,20,134,126,16,195,179,29,Finisher,2561
Juan Ignacio,Piñeiros,Juan Ignacio Piñeiros,634,M18-24,Male,Quito,Pichincha,Ecuador,EC,0:49:15,2:53:20,1:55:55,0:02:51,0:02:33,5:43:53,2955,10400,6955,171,153,20633,196,180,18,375,318,27,210,194,20,196,180,18,Finisher,1936
Geovany,Dominguez,Geovany Dominguez,737,M40-44,Male,Riobamba,Chimborazo,Ecuador,EC,0:54:33,2:53:57,1:48:07,0:03:33,0:03:53,5:44:03,3273,10437,6487,213,233,20643,197,181,33,533,454,83,287,260,44,197,181,33,Finisher,2552
Harold,Carrasco Cueva,Harold Carrasco Cueva,334,M35-39,Male,Quito,PICHINCHA,Ecuador,EC,0:52:44,2:43:56,1:58:35,0:03:52,0:04:57,5:44:06,3164,9836,7115,232,297,20646,198,182,35,484,410,84,166,156,34,198,182,35,Finisher,2192
Diego ,Maca,Diego Maca,658,M30-34,Male,POPAYÁN,Cauca,Colombia,CO,0:45:31,3:08:24,1:43:58,0:02:48,0:03:27,5:44:08,2731,11304,6238,168,207,20648,199,183,38,253,213,44,337,304,63,199,183,38,Finisher,1621
Cesar,Alvarado,Cesar Alvarado,373,M45-49,Male,Quito,Pichincha,Ecuador,EC,0:51:58,2:53:19,1:51:48,0:04:06,0:03:06,5:44:17,3118,10399,6708,246,186,20657,200,184,18,461,393,41,259,236,25,200,184,18,Finisher,2313
Luis,Quispe Pino,Luis Quispe Pino,427,M35-39,Male,LIMA,PE-LIM,Peru,PE,0:47:49,2:51:05,1:59:00,0:04:25,0:02:02,5:44:21,2869,10265,7140,265,122,20661,201,185,36,325,276,58,193,179,41,201,185,36,Finisher,2188
Michael ,Suárez ,Michael Suárez,286,M30-34,Male,Salinas,Santa Elena ,Ecuador,EC,0:46:38,2:58:27,1:54:09,0:03:02,0:02:10,5:44:26,2798,10707,6849,182,130,20666,202,186,39,289,246,50,242,221,42,202,186,39,Finisher,1616
Veronica,Leon,Veronica Leon,863,F35-39,Female,guayaquil,guayas,Ecuador,EC,0:44:40,3:00:20,1:53:34,0:03:34,0:02:20,5:44:27,2680,10820,6814,214,140,20667,203,17,2,229,34,9,248,22,5,203,17,2,Finisher,3475
Christian Jose,Zambrano Martrus,Christian Jose Zambrano Martrus,574,M35-39,Male,CURICÓ,Maule,Ecuador,EC,0:49:26,2:54:27,1:53:20,0:03:21,0:04:27,5:45:01,2966,10467,6800,201,267,20701,204,187,37,384,326,67,228,209,46,204,187,37,Finisher,2176
Santiago Javier,Escobar Pazmiño,Santiago Javier Escobar Pazmiño,502,M35-39,Male,Quito,Pichincha,Ecuador,EC,0:41:02,2:42:53,2:15:10,0:03:28,0:03:03,5:45:36,2462,9773,8110,208,183,20736,205,188,38,134,120,27,80,76,16,205,188,38,Finisher,2165
Pablo,Penafiel,Pablo Penafiel,869,M30-34,Male,Quito,Pichincha,Ecuador,EC,0:44:25,3:00:36,1:54:19,0:03:42,0:02:39,5:45:42,2665,10836,6859,222,159,20742,206,189,40,226,194,41,254,232,44,206,189,40,Finisher,1593
Alan,Medina Carpio,Alan Medina Carpio,204,M30-34,Male,QUITO,PICHINCHA,Ecuador,EC,0:40:02,2:57:19,2:01:22,0:03:19,0:03:52,5:45:55,2402,10639,7282,199,232,20755,207,190,41,108,95,23,169,159,33,207,190,41,Finisher,1589
Damián,Naranjo,Damián Naranjo,157,M30-34,Male,Quito,Ecuador/Pichincha/Quito,Ecuador,EC,0:40:25,3:08:03,1:51:01,0:03:27,0:03:19,5:46:15,2425,11283,6661,207,199,20775,208,191,42,121,107,27,283,256,49,208,191,42,Finisher,1583
JONATHAN ALBERTO,RUIZ DEL CASTILLO,JONATHAN ALBERTO RUIZ DEL CASTILLO,909,M35-39,Male,QUITO,PICHINCHA,Ecuador,EC,0:49:07,2:51:13,1:59:23,0:03:35,0:03:10,5:46:29,2947,10273,7163,215,190,20789,209,192,39,374,317,65,199,183,43,209,192,39,Finisher,2149
Adriano,Sauerbrey,Adriano Sauerbrey,598,M18-24,Male,Baton Rouge,US-LOUISIANA,Ecuador,EC,0:42:13,2:54:05,2:05:26,0:02:14,0:02:36,5:46:33,2533,10445,7526,134,156,20793,210,193,19,162,144,16,146,138,15,210,193,19,Finisher,1888
LUIS ALEJANDRO,PADILLA CAMPOVERD,LUIS ALEJANDRO PADILLA CAMPOVERD,374,M30-34,Male,Quito,Pichincha,Ecuador,EC,0:49:55,2:57:15,1:52:23,0:02:58,0:04:07,5:46:39,2995,10635,6743,178,247,20799,211,194,43,403,344,67,265,242,47,211,194,43,Finisher,1576
Carla ,Gordon,Carla Gordon,247,F40-44,Female,Quito,Pichincha,Ecuador,EC,0:51:22,2:57:03,1:51:12,0:03:18,0:03:46,5:46:41,3082,10623,6672,198,226,20801,212,18,4,442,64,8,278,27,5,212,18,4,Finisher,2877
Bryan Alexander,Changoluisa Simaluisa,Bryan Alexander Changoluisa Simaluisa,442,M25-29,Male,Quito,EC-P,Ecuador,EC,0:42:40,3:00:06,1:53:04,0:04:06,0:06:46,5:46:43,2560,10806,6784,246,406,20803,213,195,30,173,155,22,225,206,31,213,195,30,Finisher,2505
walter,carrillo,walter carrillo,128,M45-49,Male,miraflores,PE-LIM,Peru,PE,0:47:44,2:56:29,1:55:48,0:02:37,0:04:08,5:46:46,2864,10589,6948,157,248,20806,214,196,19,322,274,23,224,205,23,214,196,19,Finisher,2268
Natalia,Pabon,Natalia Pabon,372,F35-39,Female,Quito,EC-P,Ecuador,EC,0:44:33,2:58:47,1:57:54,0:02:41,0:02:54,5:46:49,2673,10727,7074,161,174,20809,215,19,3,227,33,8,215,18,2,215,19,3,Finisher,3432
Carlos,Trujillo,Carlos Trujillo,340,M35-39,Male,Quito,EC-P,Ecuador,EC,0:42:37,2:52:17,2:05:51,0:03:28,0:02:39,5:46:52,2557,10337,7551,208,159,20812,216,197,40,170,152,34,145,137,29,216,197,40,Finisher,2142
David,Brito,David Brito,175,M25-29,Male,Quito,Pichincha,Ecuador,EC,0:37:47,2:58:47,2:04:28,0:03:37,0:02:53,5:47:32,2267,10727,7468,217,173,20852,217,198,31,66,61,5,158,148,19,217,198,31,Finisher,2490
Sebastián,Castillo,Sebastián Castillo,338,M25-29,Male,Quito,Pichincha,Ecuador,EC,0:40:06,2:56:37,1:59:01,0:06:33,0:05:24,5:47:40,2406,10597,7141,393,324,20860,218,199,32,111,97,10,192,178,25,218,199,32,Finisher,2488
Maura,Pincay,Maura Pincay,775,F40-44,Female,San francisco,US-CA,Ecuador,EC,0:48:37,2:59:11,1:53:27,0:03:00,0:03:28,5:47:42,2917,10751,6807,180,208,20862,219,20,5,352,51,7,271,26,4,219,20,5,Finisher,2859
Paul,de Mulder,Paul de Mulder,258,M45-49,Male,Quito,Pichincha,Spain,ES,0:34:00,2:51:22,2:14:16,0:03:29,0:04:36,5:47:43,2040,10282,8056,209,276,20863,220,200,20,24,23,2,91,86,12,220,200,20,Finisher,2251
David,Cuenca,David Cuenca,723,M35-39,Male,Quito,EC-P,Ecuador,EC,0:48:34,3:06:20,1:43:20,0:05:04,0:04:34,5:47:53,2914,11180,6200,304,274,20873,221,201,41,349,299,62,371,334,69,221,201,41,Finisher,2124
Mauricio,Soto,Mauricio Soto,343,M60-64,Male,Salinas,EC-P,Ecuador,EC,0:46:08,2:58:37,1:55:28,0:03:29,0:04:13,5:47:54,2768,10717,6928,209,253,20874,222,202,3,273,231,5,244,223,3,222,202,3,Finisher,3312
Daniela,Quimbiulco,Daniela Quimbiulco,545,F30-34,Female,Quito,EC-P,Ecuador,EC,0:48:45,3:02:41,1:51:12,0:02:52,0:02:24,5:47:55,2925,10961,6672,172,144,20875,223,21,6,361,54,18,310,31,8,223,21,6,Finisher,2533
Carlos,Muñoz,Carlos Muñoz,194,M45-49,Male,Guayaquil,Guayas,Ecuador,EC,0:50:30,2:51:36,1:57:47,0:04:11,0:03:52,5:47:56,3030,10296,7067,251,232,20876,224,203,21,420,360,36,219,201,22,224,203,21,Finisher,2247
Josué ,Moreno,Josué Moreno,490,M30-34,Male,Loja,CA,Ecuador,EC,0:47:42,3:00:33,1:52:19,0:04:09,0:03:26,5:48:08,2862,10833,6739,249,206,20888,225,204,44,320,272,53,289,261,50,225,204,44,Finisher,1549
Emilio ,Arguello,Emilio Arguello,595,M18-24,Male,Quito,Pichincha,Ecuador,EC,0:54:34,2:53:15,1:53:18,0:04:09,0:03:01,5:48:16,3274,10395,6798,249,181,20896,226,205,20,534,455,31,284,257,24,226,205,20,Finisher,1857
William,Puetate Argoti,William Puetate Argoti,928,M50-54,Male,quito,pichincha,Ecuador,EC,0:50:43,2:50:50,2:01:38,0:03:12,0:02:27,5:48:49,3043,10250,7298,192,147,20929,227,206,9,431,369,22,206,190,8,227,206,9,Finisher,2661
Christian,Moncayo,Christian Moncayo,599,M35-39,Male,Cuenca,Azuay,Ecuador,EC,0:45:32,2:58:56,1:59:46,0:02:08,0:02:38,5:49:00,2732,10736,7186,128,158,20940,228,207,42,255,215,46,222,203,44,228,207,42,Finisher,2104
Stalin,Armijos,Stalin Armijos,301,M40-44,Male,AUSTIN,TX,Ecuador,EC,0:45:37,2:54:45,1:59:14,0:04:17,0:05:18,5:49:11,2737,10485,7154,257,318,20951,229,208,34,260,220,36,203,187,30,229,208,34,Finisher,2459
Wilmer,Valencia,Wilmer Valencia,478,M45-49,Male,Ibarra,Imbabura,Ecuador,EC,0:48:32,3:02:19,1:51:18,0:04:20,0:02:54,5:49:22,2912,10939,6678,260,174,20962,230,209,22,345,295,28,321,290,33,230,209,22,Finisher,2221
Pedro,Gordillo,Pedro Gordillo,158,M35-39,Male,Quito,Pichincha,Ecuador,EC,0:33:42,2:51:34,2:16:06,0:03:40,0:04:21,5:49:22,2022,10294,8166,220,261,20962,231,210,43,20,19,7,93,88,20,231,210,43,Finisher,2097
Giovanni,Nath,Giovanni Nath,365,M40-44,Male,Guayaquil,EC-G,Ecuador,EC,0:49:03,2:54:48,1:57:41,0:03:46,0:04:20,5:49:38,2943,10488,7061,226,260,20978,232,211,35,371,314,51,235,215,37,232,211,35,Finisher,2451
Renzo,Santana,Renzo Santana,695,M25-29,Male,Manta,Manabí,Ecuador,EC,0:46:12,2:51:29,2:06:02,0:02:55,0:03:00,5:49:39,2772,10289,7562,175,180,20979,233,212,33,275,233,34,168,158,20,233,212,33,Finisher,2452
Maria Paula,Cabrera,Maria Paula Cabrera,629,F25-29,Female,Manta,Manabí,Ecuador,EC,0:48:50,3:02:23,1:49:55,0:04:32,0:04:02,5:49:42,2930,10943,6595,272,242,20982,234,22,3,365,55,9,325,33,5,234,22,3,Finisher,2876
Paul,Villacres,Paul Villacres,375,M40-44,Male,Quito,EC-Pichincha,Ecuador,EC,0:47:04,2:48:53,2:07:39,0:03:14,0:02:55,5:49:45,2824,10133,7659,194,175,20985,235,213,36,300,255,46,149,140,26,235,213,36,Finisher,2449
Carlos,Arcentales,Carlos Arcentales,692,M45-49,Male,Guayaquil,EC-G,Ecuador,EC,0:39:27,2:57:32,2:02:10,0:05:46,0:05:00,5:49:55,2367,10652,7330,346,300,20995,236,214,23,89,78,9,188,175,18,236,214,23,Finisher,2211
Juan Sebastian,Del Castillo Canelos,Juan Sebastian Del Castillo Canelos,253,M25-29,Male,Quito,EC-P,Ecuador,EC,0:44:49,2:58:41,2:02:11,0:02:07,0:02:09,5:49:58,2689,10721,7331,127,129,20998,237,215,34,235,199,28,212,195,28,237,215,34,Finisher,2446
Ulises Santiago ,Bermeo Cueva ,Ulises Santiago Bermeo Cueva,667,M30-34,Male,Calvas ,Loja ,Ecuador,EC,0:52:43,2:46:35,1:59:59,0:05:47,0:05:07,5:50:11,3163,9995,7199,347,307,21011,238,216,45,481,408,81,207,191,37,238,216,45,Finisher,1512
Tomas,Davalos,Tomas Davalos,915,M18-24,Male,Quito,Pichincha,Ecuador,EC,0:36:56,3:02:44,2:03:35,0:03:40,0:03:19,5:50:13,2216,10964,7415,220,199,21013,239,217,21,56,51,9,194,180,19,239,217,21,Finisher,1822
Juan ,Mañay,Juan Mañay,227,M30-34,Male,Quito,EC-P,Ecuador,EC,0:38:26,3:04:39,1:58:24,0:03:57,0:05:13,5:50:39,2306,11079,7104,237,313,21039,240,218,46,74,68,14,227,208,38,240,218,46,Finisher,1504
Bryan,Gordillo,Bryan Gordillo,887,M25-29,Male,QUITO,Pichincha,Ecuador,EC,0:57:26,3:03:23,1:43:52,0:02:57,0:03:10,5:50:49,3446,11003,6232,177,190,21049,241,219,35,586,498,68,400,360,48,241,219,35,Finisher,2431
David,Delgado,David Delgado,166,M18-24,Male,Guayaquil,Guayas,Ecuador,EC,0:48:40,2:55:04,1:57:42,0:05:19,0:04:06,5:50:51,2920,10504,7062,319,246,21051,242,220,22,354,303,26,256,233,22,242,220,22,Finisher,1811
Angel,Sánchez ,Angel Sánchez,517,M30-34,Male,Quito,Manabí,Ecuador,EC,0:34:00,3:01:33,2:09:04,0:01:51,0:04:28,5:50:56,2040,10893,7744,111,268,21056,243,221,47,25,24,6,140,132,28,243,221,47,Finisher,1499
Byron,Vilema Vizuete,Byron Vilema Vizuete,587,M45-49,Male,Riobamba,EC-H,Ecuador,EC,0:51:22,3:07:22,1:44:43,0:04:34,0:02:58,5:50:58,3082,11242,6283,274,178,21058,244,222,24,441,378,39,396,356,44,244,222,24,Finisher,2192
Sebastián,Ortiz,Sebastián Ortiz,484,M25-29,Male,Ambato,EC-T,Ecuador,EC,0:42:45,3:02:10,2:00:44,0:02:31,0:02:54,5:51:05,2565,10930,7244,151,174,21065,245,223,36,179,161,23,233,213,33,245,223,36,Finisher,2426
Tomas ,Rodas,Tomas Rodas,812,M30-34,Male,Cuenca,Azuay,Ecuador,EC,0:41:23,3:03:06,1:59:07,0:03:25,0:04:05,5:51:06,2483,10986,7147,205,245,21066,246,224,48,140,126,31,239,219,40,246,224,48,Finisher,1496
Nicole,Haro,Nicole Haro,512,F30-34,Female,Quito,Pichincha,Ecuador,EC,0:38:42,2:59:11,2:07:33,0:02:50,0:02:53,5:51:10,2322,10751,7653,170,173,21070,247,23,7,77,8,4,175,12,7,247,23,7,Finisher,2474
Canela,Gianatelli,Canela Gianatelli,883,F45-49,Female,Guayaquil,EC-G,Ecuador,EC,0:41:42,3:01:49,2:02:40,0:02:56,0:02:13,5:51:21,2502,10909,7360,176,133,21081,248,24,2,148,16,2,221,19,3,248,24,2,Finisher,3267
Marco,Sarzosa,Marco Sarzosa,193,M35-39,Male,Quito,EC-P,Ecuador,EC,0:34:17,2:58:46,2:12:53,0:03:04,0:02:49,5:51:49,2057,10726,7973,184,169,21109,249,225,44,27,26,9,135,127,27,249,225,44,Finisher,2053
Cesar Alejandro,Ruiz Brito,Cesar Alejandro Ruiz Brito,215,M45-49,Male,QUITO,EC-P,Ecuador,EC,0:54:18,2:52:27,1:59:49,0:02:20,0:03:10,5:52:04,3258,10347,7189,140,190,21124,250,226,25,525,447,53,258,235,24,250,226,25,Finisher,2173
Andrés,Garzón Játiva,Andrés Garzón Játiva,295,M40-44,Male,Quito,Pichincha,Ecuador,EC,0:47:17,2:57:13,1:58:13,0:04:01,0:05:35,5:52:18,2837,10633,7093,241,335,21138,251,227,37,306,261,48,247,226,39,251,227,37,Finisher,2403
Alvaro,Tello,Alvaro Tello,846,M30-34,Male,Esmeraldas,Esmeraldas,Ecuador,EC,0:39:53,2:45:15,2:21:41,0:02:04,0:03:25,5:52:18,2393,9915,8501,124,205,21138,252,228,49,101,89,21,79,75,16,252,228,49,Finisher,1474
Javier ,Aviles,Javier Aviles,388,M50-54,Male,Quito,Pichincha,Ecuador,EC,0:57:51,2:46:35,1:59:04,0:05:26,0:03:38,5:52:33,3471,9995,7144,326,218,21153,253,229,10,598,506,29,264,241,13,253,229,10,Finisher,2594
Josue,Moreno,Josue Moreno,321,M30-34,Male,Quito,Pichincha,Ecuador,EC,0:46:53,3:02:51,1:52:30,0:05:03,0:05:29,5:52:47,2813,10971,6750,303,329,21167,254,230,50,295,250,51,318,287,57,254,230,50,Finisher,1466
Angelo,Loza,Angelo Loza,513,M25-29,Male,Quito,EC-P,Ecuador,EC,0:46:57,3:03:45,1:52:58,0:05:26,0:03:45,5:52:51,2817,11025,6778,326,225,21171,255,231,37,297,252,39,332,299,43,255,231,37,Finisher,2394
Luis,Ceballos,Luis Ceballos,912,M35-39,Male,Samborondon,EC-G,Ecuador,EC,0:32:00,3:03:48,2:07:17,0:04:44,0:05:23,5:53:13,1920,11028,7637,284,323,21193,256,232,45,11,10,4,165,155,33,256,232,45,Finisher,2028
Leonardo,Enroquez,Leonardo Enroquez,911,M30-34,Male,Quito,Pichincha,Ecuador,EC,0:57:57,2:52:04,1:53:03,0:05:31,0:04:40,5:53:15,3477,10324,6783,331,280,21195,257,233,51,601,509,100,322,291,59,257,233,51,Finisher,1457
Guillermo,Escalante Rojas,Guillermo Escalante Rojas,717,M55-59,Male,Quito,EC-P,Ecuador,EC,0:52:21,2:56:33,1:55:16,0:04:07,0:05:00,5:53:18,3141,10593,6916,247,300,21198,258,234,4,471,401,7,294,266,5,258,234,4,Finisher,3023
Martin,Urgiles,Martin Urgiles,416,M18-24,Male,QUITO,Pichincha,Ecuador,EC,0:48:33,3:02:26,1:54:35,0:03:58,0:03:57,5:53:29,2913,10946,6875,238,237,21209,259,235,23,346,296,25,319,288,25,259,235,23,Finisher,1763
Marisol,Llamas,Marisol Llamas,221,F40-44,Female,Leon,Guanajuato,Mexico,MX,0:47:36,3:03:33,1:58:12,0:02:18,0:02:00,5:53:40,2856,11013,7092,138,120,21220,260,25,6,318,48,6,301,30,7,260,25,6,Finisher,2752
Christian,Villalba,Christian Villalba,229,M35-39,Male,Quito,EC-P,Ecuador,EC,0:41:11,2:59:36,2:05:51,0:02:40,0:04:27,5:53:44,2471,10776,7551,160,267,21224,261,236,46,137,123,28,195,181,42,261,236,46,Finisher,2019
Luciana,Chamochumbi,Luciana Chamochumbi,123,F30-34,Female,Lima,PE-LIM,Peru,PE,0:41:25,3:12:34,1:55:20,0:02:46,0:01:58,5:54:03,2485,11554,6920,166,118,21243,262,26,8,141,15,8,339,34,9,262,26,8,Finisher,2422
Fabián Darío ,Bautista Rojas,Fabián Darío Bautista Rojas,639,M40-44,Male,Loja,EC-L,Ecuador,EC,0:57:26,2:56:35,1:51:51,0:04:23,0:03:54,5:54:09,3446,10595,6711,263,234,21249,263,237,38,587,499,91,353,319,52,263,237,38,Finisher,2370
EDISON,PEREZ,EDISON PEREZ,538,M45-49,Male,Quito,Pichincha,Ecuador,EC,0:53:38,2:56:14,1:57:57,0:03:16,0:03:13,5:54:19,3218,10574,7077,196,193,21259,264,238,26,504,428,49,295,267,31,264,238,26,Finisher,2132
Arjan,Meesterburrie,Arjan Meesterburrie,795,M50-54,Male,Cuenca,EC-A,Ecuador,EC,0:42:16,3:02:27,2:02:41,0:03:28,0:03:28,5:54:19,2536,10947,7361,208,208,21259,265,239,11,163,145,7,243,222,11,265,239,11,Finisher,2562
Roberth,Hermel,Roberth Hermel,411,M35-39,Male,Portoviejo,MANABI,Ecuador,EC,0:47:34,3:02:43,1:57:39,0:03:11,0:03:19,5:54:26,2854,10963,7059,191,199,21266,266,240,47,317,270,57,300,271,53,266,240,47,Finisher,2006
PABLO DAVID,JARRIN MAYORGA,PABLO DAVID JARRIN MAYORGA,844,M45-49,Male,Quito,EC-P,Ecuador,EC,0:56:03,2:52:03,1:58:12,0:05:04,0:03:07,5:54:29,3363,10323,7092,304,187,21269,267,241,27,561,476,57,296,268,32,267,241,27,Finisher,2129
Cristiano,Luzuriaga,Cristiano Luzuriaga,471,M35-39,Male,Machala ,EC-O,Ecuador,EC,0:57:31,2:57:56,1:49:08,0:04:04,0:05:54,5:54:32,3451,10676,6548,244,354,21272,268,242,48,589,501,103,366,330,67,268,242,48,Finisher,2004
Isaac,Cahueñas Calderón,Isaac Cahueñas Calderón,682,M35-39,Male,Quito,Pichincha,Ecuador,EC,0:42:38,2:53:01,2:12:56,0:03:34,0:02:41,5:54:51,2558,10381,7976,214,161,21291,269,243,49,172,154,35,150,141,31,269,243,49,Finisher,1999
Pablo,Lalama ,Pablo Lalama,782,M30-34,Male,Ibarra ,Imbabura,Ecuador,EC,0:50:56,2:59:52,1:57:07,0:03:46,0:03:28,5:55:09,3056,10792,7027,226,208,21309,270,244,52,433,371,75,315,284,56,270,244,52,Finisher,1423
Manuel,Araque,Manuel Araque,423,M60-64,Male,Quito,EC-P,Ecuador,EC,0:51:03,2:59:54,1:57:41,0:03:26,0:03:12,5:55:16,3063,10794,7061,206,192,21316,271,245,4,434,372,8,312,281,6,271,245,4,Finisher,3179
Mauricio,Merino,Mauricio Merino,543,M35-39,Male,Quito,EC-P,Ecuador,EC,0:46:39,3:05:59,1:55:28,0:04:27,0:02:57,5:55:30,2799,11159,6928,267,177,21330,272,246,50,290,247,52,341,307,60,272,246,50,Finisher,1987
Patricio,Bernal Rosas,Patricio Bernal Rosas,817,M40-44,Male,CUENCA,AZUAY,Ecuador,EC,0:37:32,3:00:27,2:11:33,0:03:24,0:02:48,5:55:45,2252,10827,7893,204,168,21345,273,247,39,63,58,9,180,168,29,273,247,39,Finisher,2341
Julio,Arroyo Nuñez ,Julio Arroyo Nuñez,131,M50-54,Male,La Victoria,PE-LIM,Peru,PE,0:50:10,2:53:53,2:05:16,0:03:12,0:03:23,5:55:54,3010,10433,7516,192,203,21354,274,248,12,414,354,20,229,210,9,274,248,12,Finisher,2534
Polyana,Silva,Polyana Silva,317,F30-34,Female,Contagem,BR-MG,Brazil,BR,0:43:55,2:48:40,2:15:51,0:03:18,0:04:15,5:55:59,2635,10120,8151,198,255,21359,275,27,9,214,30,11,133,8,5,275,27,9,Finisher,2387
Jorge,Cantos,Jorge Cantos,192,M35-39,Male,Manta,Manabí,Ecuador,EC,0:39:04,2:49:31,2:22:29,0:02:28,0:02:41,5:56:12,2344,10171,8549,148,161,21372,276,249,51,84,74,18,102,96,22,276,249,51,Finisher,1974
CESAR,CRUZ,CESAR CRUZ,510,M45-49,Male,QUITO,EC-P,Ecuador,EC,0:55:54,3:01:28,1:51:58,0:04:25,0:02:35,5:56:19,3354,10888,6718,265,155,21379,277,250,28,558,473,56,385,347,41,277,250,28,Finisher,2096
Fausto,Merino,Fausto Merino,447,M45-49,Male,Quito,EC-P,Ecuador,EC,0:48:24,2:52:09,2:05:30,0:05:29,0:05:11,5:56:42,2904,10329,7530,329,311,21402,278,251,29,344,294,27,216,198,21,278,251,29,Finisher,2089
Alejandro,Arellano,Alejandro Arellano,280,M40-44,Male,Quito,EC-P,Ecuador,EC,0:50:54,2:52:18,2:06:28,0:02:56,0:04:14,5:56:50,3054,10338,7588,176,254,21410,279,252,40,432,370,62,217,199,33,279,252,40,Finisher,2321
Rocio,Cordova,Rocio Cordova,371,F45-49,Female,Quito,EC-P,Ecuador,EC,0:45:25,2:55:33,2:09:56,0:02:39,0:03:25,5:56:59,2725,10533,7796,159,205,21419,280,28,3,248,39,6,196,15,2,280,28,3,Finisher,3166
Esteban ,Vallejo,Esteban Vallejo,684,M35-39,Male,Quito,Pichincha,Ecuador,EC,0:48:13,3:06:38,1:51:23,0:04:52,0:05:56,5:57:01,2893,11198,6683,292,356,21421,281,253,52,339,289,60,369,333,68,281,253,52,Finisher,1960
Fabro,Flores,Fabro Flores,394,M50-54,Male,Ibarra,IMBABURA,Ecuador,EC,0:44:04,3:01:09,2:07:02,0:02:06,0:03:02,5:57:22,2644,10869,7622,126,182,21442,282,254,13,217,186,10,230,211,10,282,254,13,Finisher,2507
Richard,Flores Flores,Richard Flores Flores,878,M45-49,Male,QUITO,PICHINCHA,Ecuador,EC,0:52:32,2:59:13,1:56:11,0:04:48,0:04:49,5:57:33,3152,10753,6971,288,289,21453,283,255,30,474,402,45,335,302,34,283,255,30,Finisher,2074
Diego,Paredes Garcés,Diego Paredes Garcés,625,M35-39,Male,Quito,Pichincha,Ecuador,EC,0:40:53,3:02:21,2:02:44,0:05:24,0:06:14,5:57:36,2453,10941,7364,324,374,21456,284,256,53,128,114,26,249,227,49,284,256,53,Finisher,1949
Martín,Carrión,Martín Carrión,840,M25-29,Male,Quito,Pichincha,Ecuador,EC,0:48:06,3:03:30,1:58:19,0:04:23,0:03:19,5:57:38,2886,11010,7099,263,199,21458,285,257,38,334,284,46,329,296,42,285,257,38,Finisher,2308
Andrea,Santamaria,Andrea Santamaria,584,F35-39,Female,Quito,EC-P,Ecuador,EC,0:43:38,3:00:48,2:06:44,0:02:53,0:03:36,5:57:39,2618,10848,7604,173,216,21459,286,29,4,203,27,7,231,20,3,286,29,4,Finisher,3237
Christian ,Sánchez ,Christian Sánchez,357,M40-44,Male,Quito,Pichincha,Ecuador,EC,0:54:33,3:02:05,1:52:30,0:04:38,0:04:03,5:57:49,3273,10925,6750,278,243,21469,287,258,41,532,453,82,382,344,59,287,258,41,Finisher,2304
Esteban,Carrillo,Esteban Carrillo,815,M35-39,Male,Quito,Pichincha,Ecuador,EC,1:01:05,2:55:46,1:52:44,0:03:15,0:05:09,5:58:00,3665,10546,6764,195,309,21480,288,259,54,647,541,112,372,335,70,288,259,54,Finisher,1942
Ricardo Fernando,Albarracín Cevallos,Ricardo Fernando Albarracín Cevallos,212,M40-44,Male,Guayaquil,Guayas,Ecuador,EC,0:37:30,3:06:56,2:05:28,0:03:24,0:05:01,5:58:19,2250,11216,7528,204,301,21499,289,260,42,61,56,8,237,217,38,289,260,42,Finisher,2295
MARCELA ,SALAZAR,MARCELA SALAZAR,185,F30-34,Female,QUITO,Pichincha ,Ecuador,EC,0:44:47,3:12:48,1:54:41,0:02:51,0:04:12,5:59:19,2687,11568,6881,171,252,21559,290,30,10,234,36,13,375,38,12,290,30,10,Finisher,2327
Kiesten,Abalco,Kiesten Abalco,575,F30-34,Female,Quito,EC-P,Ecuador,EC,0:43:27,3:19:10,1:52:49,0:02:33,0:01:50,5:59:50,2607,11950,6769,153,110,21590,291,31,11,198,26,10,414,42,13,291,31,11,Finisher,2318
JORGE HERNAN,RUIZ ORJUELA,JORGE HERNAN RUIZ ORJUELA,904,M40-44,Male,Girardot,CO-CUN,Colombia,CO,0:49:21,3:02:16,2:00:07,0:04:12,0:04:18,6:00:14,2961,10936,7207,252,258,21614,292,261,43,378,321,53,327,294,50,292,261,43,Finisher,2260
Luis Danilo,Zabala,Luis Danilo Zabala,430,M50-54,Male,Quito,Pichincha,Ecuador,EC,0:47:17,3:01:46,2:02:22,0:02:59,0:05:51,6:00:15,2837,10906,7342,179,351,21615,293,262,14,307,262,14,286,259,16,293,262,14,Finisher,2456
Diego Martin,Lara,Diego Martin Lara,660,M30-34,Male,Ambato,EC-T,Ecuador,EC,0:46:05,3:15:00,1:52:19,0:03:37,0:03:35,6:00:36,2765,11700,6739,217,215,21636,294,263,53,272,230,48,411,371,73,294,263,53,Finisher,1325
Wilmer Xavier,Mero Robles,Wilmer Xavier Mero Robles,552,M30-34,Male,Montecristi,Manabí,Ecuador,EC,0:42:06,3:03:56,2:08:03,0:03:31,0:03:22,6:00:59,2526,11036,7683,211,202,21659,295,264,54,160,143,33,261,238,45,295,264,54,Finisher,1318
Szczepan,Kosel,Szczepan Kosel,345,M40-44,Male,Wrocław,PL-DS,Poland,PL,0:44:23,3:04:34,2:04:54,0:03:37,0:03:48,6:01:18,2663,11074,7494,217,228,21678,296,265,44,224,192,30,291,263,45,296,265,44,Finisher,2241
DIEGO,GUAÑA,DIEGO GUAÑA,526,M35-39,Male,CAYAMBE,Pichincha,Ecuador,EC,0:53:59,2:59:18,1:54:51,0:04:19,0:09:02,6:01:29,3239,10758,6891,259,542,21689,297,266,55,519,442,90,348,314,63,297,266,55,Finisher,1879
Andrés,Villacís Valarezo,Andrés Villacís Valarezo,765,M35-39,Male,Loja,Loja,Ecuador,EC,0:58:28,3:02:23,1:54:59,0:03:16,0:02:38,6:01:43,3508,10943,6899,196,158,21703,298,267,56,610,513,104,403,363,77,298,267,56,Finisher,1875
Mario,Miño,Mario Miño,902,M18-24,Male,Quito,Pichincha,Ecuador,EC,0:53:09,3:00:00,2:00:44,0:04:42,0:03:36,6:02:11,3189,10800,7244,282,216,21731,299,268,24,492,417,30,350,316,26,299,268,24,Finisher,1607
Patricia,Elkfury Cominges,Patricia Elkfury Cominges,284,F25-29,Female,San Isidro,PE-LIM,Peru,PE,0:46:40,3:03:35,2:05:42,0:03:00,0:03:17,6:02:15,2800,11015,7542,180,197,21735,300,32,4,291,44,5,298,29,4,300,32,4,Finisher,2651
Paul,Álvarez,Paul Álvarez,444,M40-44,Male,Quito,EC-P,Ecuador,EC,0:44:41,3:04:03,2:05:12,0:04:29,0:03:57,6:02:22,2681,11043,7512,269,237,21742,301,269,45,232,197,32,297,269,46,301,269,45,Finisher,2222
KEVIN JOEL ,NARVAEZ MURILLO,KEVIN JOEL NARVAEZ MURILLO,501,M25-29,Male,Manta,Manabí,Ecuador,EC,0:56:57,3:06:42,1:51:26,0:03:06,0:04:17,6:02:28,3417,11202,6686,186,257,21748,302,270,39,578,491,67,426,380,49,302,270,39,Finisher,2221
Jacob,Megson,Jacob Megson,855,M40-44,Male,Bahia de Caraquez,Manabi,Ecuador,EC,0:46:16,3:12:57,1:53:31,0:03:57,0:06:08,6:02:49,2776,11577,6811,237,368,21769,303,271,46,278,236,41,394,354,61,303,271,46,Finisher,2214
César,Espinoza,César Espinoza,770,M45-49,Male,Samborodon ,EC-G,Ecuador,EC,0:44:54,3:00:08,2:07:54,0:05:41,0:04:48,6:03:25,2694,10808,7674,341,288,21805,304,272,31,236,200,15,270,245,27,304,272,31,Finisher,1968
Carlos,Espinosa,Carlos Espinosa,876,M18-24,Male,Atuntaqui,EC-I,Ecuador,EC,0:48:09,2:52:05,2:17:27,0:02:25,0:03:26,6:03:32,2889,10325,8247,145,206,21812,305,273,25,336,286,24,187,174,18,305,273,25,Finisher,1582
Nohely,Zambrano,Nohely Zambrano,628,F25-29,Female,Manta,EC-M,Ecuador,EC,0:45:57,2:59:17,2:10:21,0:03:46,0:04:26,6:03:47,2757,10757,7821,226,266,21827,306,33,5,267,42,4,255,23,2,306,33,5,Finisher,2623
Mateo,Lucero,Mateo Lucero,577,M25-29,Male,Quito,PICHINCHA,Ecuador,EC,0:43:41,2:56:23,2:13:57,0:05:35,0:04:17,6:03:53,2621,10583,8037,335,257,21833,307,274,40,206,179,26,213,196,29,307,274,40,Finisher,2196
Juan Sebastián,Gómez López,Juan Sebastián Gómez López,885,M30-34,Male,Samborondón.,Guayas,Ecuador,EC,1:02:57,3:02:14,1:53:06,0:03:23,0:02:30,6:04:09,3777,10934,6786,203,150,21849,308,275,55,669,558,108,435,389,77,308,275,55,Finisher,1261
JESSICA CECILIA ,JARAMILLO,JESSICA CECILIA JARAMILLO,469,F30-34,Female,SANTO DOMINGO,Santo Domingo de los Tsáchilas,Ecuador,EC,0:46:32,3:16:15,1:56:06,0:02:27,0:03:08,6:04:28,2792,11775,6966,147,188,21868,309,34,12,286,43,14,415,43,14,309,34,12,Finisher,2235
Sebastian,Munoz,Sebastian Munoz,418,M30-34,Male,Quito,Pichincha,Ecuador,EC,0:49:52,2:59:10,2:04:56,0:06:02,0:04:47,6:04:49,2992,10750,7496,362,287,21889,310,276,56,397,339,66,320,289,58,310,276,56,Finisher,1249
Ronald,Morocho,Ronald Morocho,792,M35-39,Male,Cuenca,Azuay,Ecuador,EC,0:47:51,2:54:45,2:14:48,0:04:09,0:03:37,6:05:09,2871,10485,8088,249,217,21909,311,277,57,326,277,59,223,204,45,311,277,57,Finisher,1813
Jorge,Saltos Bastidas,Jorge Saltos Bastidas,498,M40-44,Male,Quito,EC-P,Ecuador,EC,0:55:51,3:05:28,1:56:26,0:04:16,0:03:12,6:05:14,3351,11128,6986,256,192,21914,312,278,47,557,472,87,418,374,66,312,278,47,Finisher,2170
Vinicio,Velez,Vinicio Velez,413,M50-54,Male,Manta,MANABI,Ecuador,EC,0:43:42,3:01:39,2:13:01,0:03:17,0:03:45,6:05:24,2622,10899,7981,197,225,21924,313,279,15,207,180,9,250,228,12,313,279,15,Finisher,2363
Marco,Padilla,Marco Padilla,567,M35-39,Male,Quito,EC-P,Ecuador,EC,0:50:08,3:12:33,1:57:00,0:02:50,0:03:09,6:05:40,3008,11553,7020,170,189,21940,314,280,58,411,351,74,416,373,80,314,280,58,Finisher,1804
Martin,Pischtschan,Martin Pischtschan,562,M40-44,Male,Birmenstorf,,Germany,DE,0:43:28,3:02:00,2:10:34,0:04:58,0:04:44,6:05:44,2608,10920,7834,298,284,21944,315,281,48,200,174,27,267,244,41,315,281,48,Finisher,2161
Johanna,Rojas,Johanna Rojas,752,F40-44,Female,Quito,EC-P,Ecuador,EC,0:45:44,3:02:54,2:10:44,0:03:27,0:03:18,6:06:06,2744,10974,7844,207,198,21966,316,35,7,262,41,5,288,28,6,316,35,7,Finisher,2528
Nicol,Ruperti,Nicol Ruperti,772,F35-39,Female,Bahía de Caraquez,EC-M,Ecuador,EC,0:51:28,3:10:45,1:58:05,0:03:22,0:02:50,6:06:30,3088,11445,7085,202,170,21990,317,36,5,445,66,11,417,44,7,317,36,5,Finisher,3078
Paul,Guaman Caba,Paul Guaman Caba,476,M30-34,Male,Chillanes,Bolivar,Ecuador,EC,0:53:08,3:07:35,1:59:37,0:03:36,0:02:41,6:06:37,3188,11255,7177,216,161,21997,318,282,57,491,416,83,407,367,72,318,282,57,Finisher,1217
José,Erazo Garzón,José Erazo Garzón,805,M45-49,Male,CUENCA,AZUAY,Ecuador,EC,0:47:26,2:52:22,2:18:53,0:04:25,0:03:35,6:06:41,2846,10342,8333,265,215,22001,319,283,32,311,265,22,200,184,20,319,283,32,Finisher,1910
Carlos,Morales,Carlos Morales,696,M30-34,Male,Quito,EC-P,Ecuador,EC,0:48:11,3:04:33,2:07:15,0:03:34,0:03:09,6:06:41,2891,11073,7635,214,189,22001,320,284,58,337,287,55,334,301,62,320,284,58,Finisher,1215
CONCEPCION NATALY,ORTEGA CALAN,CONCEPCION NATALY ORTEGA CALAN,300,F35-39,Female,Tulcán,Carchi,Ecuador,EC,1:06:08,3:03:40,1:51:33,0:02:32,0:02:55,6:06:49,3968,11020,6693,152,175,22009,321,37,6,698,115,27,472,54,10,321,37,6,Finisher,3072
Diego,Durango Vela,Diego Durango Vela,778,M65-69,Male,QUITO,EC-P,Ecuador,EC,0:51:11,2:57:31,2:06:48,0:05:52,0:05:30,6:06:51,3071,10651,7608,352,330,22011,322,285,1,439,376,4,314,283,2,322,285,1,Finisher,3500
HECTOR,ALMEIDA,HECTOR ALMEIDA,223,M40-44,Male,Quito,Pichincha,Ecuador,EC,0:50:00,3:12:42,1:53:19,0:06:06,0:05:00,6:07:08,3000,11562,6799,366,300,22028,323,286,49,408,348,58,436,390,68,323,286,49,Finisher,2136
Josue ,Montero,Josue Montero,609,M25-29,Male,Cuenca,AZUAY,Ecuador,EC,0:56:25,3:02:26,2:00:47,0:04:25,0:03:12,6:07:17,3385,10946,7247,265,192,22037,324,287,41,566,479,66,395,355,47,324,287,41,Finisher,2135
Sebastian ,Jacome ,Sebastian Jacome,724,M30-34,Male,Quito,Pichincha,Ecuador,EC,0:50:09,3:05:46,2:04:09,0:03:33,0:03:51,6:07:29,3009,11146,7449,213,231,22049,325,288,59,412,352,68,364,328,68,325,288,59,Finisher,1201
Erick,Zambrano,Erick Zambrano,322,M30-34,Male,CUENCA,EC-A,Ecuador,EC,0:48:36,3:05:20,2:04:40,0:02:48,0:06:06,6:07:30,2916,11120,7480,168,366,22050,326,289,60,351,301,60,338,305,64,326,289,60,Finisher,1201
David,Martinez,David Martinez,378,M45-49,Male,Samborondon,Guayas,Ecuador,EC,0:51:44,2:55:48,2:09:45,0:05:26,0:04:53,6:07:36,3104,10548,7785,326,293,22056,327,290,33,452,386,40,293,265,30,327,290,33,Finisher,1893
Ana Belen,Salazar,Ana Belen Salazar,397,F35-39,Female,MANTA,EC-M,Ecuador,EC,0:43:24,3:17:19,2:02:20,0:01:54,0:02:43,6:07:41,2604,11839,7340,114,163,22061,328,38,7,195,24,6,392,40,6,328,38,7,Finisher,3057
Jhon David,Ortiz Coloma,Jhon David Ortiz Coloma,687,M35-39,Male,Guayaquil,Guayas,Ecuador,EC,0:45:35,3:00:13,2:15:44,0:03:41,0:02:42,6:07:55,2735,10813,8144,221,162,22075,329,291,59,259,219,48,260,237,50,329,291,59,Finisher,1763
Génesis,Vélez,Génesis Vélez,198,F30-34,Female,Manta,Manabí,Ecuador,EC,0:57:48,3:10:35,1:52:50,0:03:18,0:03:42,6:08:12,3468,11435,6770,198,222,22092,330,39,13,595,91,23,463,51,16,330,39,13,Finisher,2168
Nelson Fernando,Paez Toscano,Nelson Fernando Paez Toscano,563,M35-39,Male,quito,quito,Ecuador,EC,0:55:44,3:04:57,2:00:20,0:03:32,0:03:58,6:08:31,3344,11097,7220,212,238,22111,331,292,60,555,471,95,404,364,78,331,292,60,Finisher,1753
Freddy,Narvaez Mejia,Freddy Narvaez Mejia,303,M55-59,Male,Quito,EC-EC-PICHINCHA,Ecuador,EC,0:42:45,2:58:28,2:18:24,0:03:31,0:05:32,6:08:41,2565,10708,8304,211,332,22121,332,293,5,178,160,3,205,189,4,332,293,5,Finisher,2746
Jorge,Sanchez Castelo,Jorge Sanchez Castelo,274,M40-44,Male,Quito,Pichincha,Ecuador,EC,0:51:50,2:56:50,2:10:36,0:04:48,0:04:45,6:08:48,3110,10610,7836,288,285,22128,333,294,50,458,391,66,302,272,47,333,294,50,Finisher,2106
Enrique,Vélez,Enrique Vélez,734,M35-39,Male,Quito,EC-P,Ecuador,EC,0:45:00,3:18:43,1:55:59,0:04:37,0:04:50,6:09:08,2700,11923,6959,277,290,22148,334,295,61,239,202,45,434,388,86,334,295,61,Finisher,1742
Carlos,Espinosa,Carlos Espinosa,315,M30-34,Male,Quito,EC-Pichincha,Ecuador,EC,0:43:15,3:08:51,2:10:10,0:04:01,0:03:09,6:09:27,2595,11331,7810,241,189,22167,335,296,61,191,169,37,331,298,61,335,296,61,Finisher,1166
Juan  ,Pardo,Juan Pardo,146,M30-34,Male,Pasaje ,El Oro,Ecuador,EC,0:56:53,2:46:21,2:17:19,0:04:44,0:04:35,6:09:51,3413,9981,8239,284,275,22191,336,297,62,576,489,98,240,220,41,336,297,62,Finisher,1158
Marco,Guevara,Marco Guevara,758,M60-64,Male,QUITO,EC-P,Ecuador,EC,0:58:12,2:59:25,2:04:08,0:04:24,0:03:52,6:10:01,3492,10765,7448,264,232,22201,337,298,5,606,511,11,387,349,9,337,298,5,Finisher,2914
Karim ,Haboud ,Karim Haboud,814,M30-34,Male,Quito,EC-P,Ecuador,EC,1:08:03,2:59:39,1:54:17,0:04:26,0:03:42,6:10:06,4083,10779,6857,266,222,22206,338,299,63,710,591,113,468,416,79,338,299,63,Finisher,1154
Rafael,Garcia Chevez,Rafael Garcia Chevez,741,M45-49,Male,San José,San José,Costa Rica,CR,0:48:40,3:04:15,2:08:36,0:04:10,0:04:31,6:10:12,2920,11055,7716,250,271,22212,339,300,34,355,304,29,342,308,35,339,300,34,Finisher,1846
jacinto,Chong Martinette,jacinto Chong Martinette,761,M35-39,Male,guayaquil,guayas,Ecuador,EC,0:54:49,3:20:15,1:47:14,0:04:54,0:03:12,6:10:23,3289,12015,6434,294,192,22223,340,301,62,539,460,92,534,468,103,340,301,62,Finisher,1719
Alvaro,Zuniga,Alvaro Zuniga,837,M40-44,Male,QUITO,Pichincha,Ecuador,EC,0:57:12,2:58:04,2:07:25,0:03:48,0:04:11,6:10:40,3432,10684,7645,228,251,22240,341,302,51,584,496,89,362,326,54,341,302,51,Finisher,2072
FELIPE,OYAGUE,FELIPE OYAGUE,871,M30-34,Male,Guayaquil,Guayas,Ecuador,EC,0:40:05,3:08:27,2:15:35,0:02:30,0:04:07,6:10:44,2405,11307,8135,150,247,22244,342,303,64,110,96,24,273,247,48,342,303,64,Finisher,1142
Juan Carlos,Piñeiros,Juan Carlos Piñeiros,541,M45-49,Male,Quito,Pichincha,Ecuador,EC,0:57:47,3:01:14,2:06:17,0:03:26,0:02:08,6:10:52,3467,10874,7577,206,128,22252,343,304,35,594,504,58,390,351,43,343,304,35,Finisher,1834
Leonardo,Landazuri,Leonardo Landazuri,819,M30-34,Male,Quito,Pichincha,Ecuador,EC,0:53:52,3:01:58,2:07:48,0:02:57,0:04:31,6:11:05,3232,10918,7668,177,271,22265,344,305,65,514,437,86,356,322,67,344,305,65,Finisher,1136
William Ivan,Almeida Zambrano,William Ivan Almeida Zambrano,898,M30-34,Male,Samborondón,EC-G,Ecuador,EC,0:50:24,2:54:15,2:18:40,0:03:14,0:04:45,6:11:18,3024,10455,8320,194,285,22278,345,306,66,417,357,70,238,218,39,345,306,66,Finisher,1132
Carlos,Castellanos,Carlos Castellanos,832,M35-39,Male,Quito,Pichincha,Ecuador,EC,0:57:09,3:06:22,1:58:20,0:06:00,0:03:31,6:11:24,3429,11182,7100,360,211,22284,346,307,63,583,495,102,443,396,88,346,307,63,Finisher,1701
Adriana,Flores Orozco ,Adriana Flores Orozco,806,F25-29,Female,Ambato,Pichincha,Ecuador,EC,0:47:48,3:11:13,2:06:26,0:03:15,0:02:43,6:11:24,2868,11473,7586,195,163,22284,347,40,6,324,49,7,389,39,6,347,40,6,Finisher,2486
Christian,Albuja T.,Christian Albuja T.,432,M50-54,Male,Quito,Pichincha,Ecuador,EC,0:49:04,3:03:48,2:10:44,0:04:16,0:03:35,6:11:26,2944,11028,7844,256,215,22286,348,308,16,372,315,17,344,310,17,348,308,16,Finisher,2254
Roberto,Borja,Roberto Borja,326,M35-39,Male,Guaranda ,Bolivar ,Ecuador,EC,1:04:06,2:55:41,2:01:49,0:05:02,0:04:57,6:11:34,3846,10541,7309,302,297,22294,349,309,64,684,571,120,413,372,79,349,309,64,Finisher,1698
Vicente,Cuka,Vicente Cuka,392,M40-44,Male,Manta,FL,Ecuador,EC,0:45:28,3:05:59,2:15:22,0:02:17,0:02:29,6:11:35,2728,11159,8122,137,149,22295,350,310,52,250,211,35,306,276,48,350,310,52,Finisher,2056
Franklin Santiago,Salazar Santana,Franklin Santiago Salazar Santana,929,M35-39,Male,Sangolqui,PICHINCHA,Ecuador,EC,0:46:03,3:07:14,2:11:09,0:04:24,0:02:55,6:11:44,2763,11234,7869,264,175,22304,351,311,65,270,228,49,349,315,64,351,311,65,Finisher,1695
Esteban,Arroyo,Esteban Arroyo,184,M45-49,Male,Tumbaco,EC-P,Ecuador,EC,0:36:11,3:00:28,2:27:19,0:03:54,0:03:53,6:11:44,2171,10828,8839,234,233,22304,352,312,36,46,43,4,164,154,16,352,312,36,Finisher,1819
Mike,Möbius,Mike Möbius,379,M60-64,Male,Lutherstadt Wittenberg,ST,Germany,DE,0:49:34,2:55:09,2:15:06,0:03:45,0:08:19,6:11:53,2974,10509,8106,225,499,22313,353,313,6,387,329,7,246,225,4,353,313,6,Finisher,2880
Juan Sebastián,Sanchez,Juan Sebastián Sanchez,348,M30-34,Male,Tulcán,Guayas,Ecuador,EC,0:55:06,3:18:28,1:50:29,0:04:55,0:03:03,6:12:01,3306,11908,6629,295,183,22321,354,314,67,545,464,92,519,456,90,354,314,67,Finisher,1119
William ,Saqui,William Saqui,930,M35-39,Male,Riobamba,Chimborazo,Ecuador,EC,0:50:05,3:03:17,2:06:42,0:05:46,0:06:19,6:12:10,3005,10997,7602,346,379,22330,355,315,66,409,349,73,363,327,66,355,315,66,Finisher,1687
Ricardo,Chicaiza,Ricardo Chicaiza,594,M25-29,Male,Latacunga,Cotopaxi,Ecuador,EC,1:01:06,3:08:07,1:56:47,0:03:12,0:03:02,6:12:13,3666,11287,7007,192,182,22333,356,316,42,648,542,71,474,420,55,356,316,42,Finisher,2046
TERESA ALEXANDRA,PADILLA CAMPOVERDE,TERESA ALEXANDRA PADILLA CAMPOVERDE,370,F35-39,Female,QUITO,PICHINCHA,Ecuador,EC,0:42:11,3:20:35,2:02:40,0:03:06,0:03:43,6:12:15,2531,12035,7360,186,223,22335,357,41,8,161,18,3,420,45,8,357,41,8,Finisher,2975
Andres,Lopez Garcia,Andres Lopez Garcia,713,M25-29,Male,Cumbaya,Pichincha,Ecuador,EC,0:46:05,3:24:32,1:55:12,0:03:45,0:03:05,6:12:40,2765,12272,6912,225,185,22360,358,317,43,271,229,33,484,427,56,358,317,43,Finisher,2038
Carmita,Cueva Vivanco,Carmita Cueva Vivanco,262,F40-44,Female,Loja,EC-L,Ecuador,EC,0:52:43,3:18:00,1:55:21,0:03:15,0:03:52,6:13:12,3163,11880,6921,195,232,22392,359,42,8,482,74,9,483,57,10,359,42,8,Finisher,2400
Galo,Cardenas,Galo Cardenas,214,M40-44,Male,quito,pichincha,Ecuador,EC,0:56:21,3:02:28,2:08:24,0:03:20,0:02:40,6:13:14,3381,10948,7704,200,160,22394,360,318,53,563,477,88,388,350,60,360,318,53,Finisher,2026
Andres ,Vera,Andres Vera,494,M25-29,Male,Manta,Manabí,Ecuador,EC,0:46:30,3:02:31,2:18:29,0:02:44,0:03:11,6:13:25,2790,10951,8309,164,191,22405,361,319,44,284,242,37,279,252,36,361,319,44,Finisher,2024
Jhon,Espinoza,Jhon Espinoza,339,M35-39,Male,Riobamba,Chimborazo,Ecuador,EC,0:56:30,3:13:17,1:56:52,0:03:20,0:03:38,6:13:37,3390,11597,7012,200,218,22417,362,320,67,568,481,96,479,424,94,362,320,67,Finisher,1661
Cristian ,Cargua,Cristian Cargua,248,M40-44,Male,quito,Pichincha,Ecuador,EC,0:58:03,3:10:44,1:56:45,0:03:32,0:04:48,6:13:52,3483,11444,7005,212,288,22432,363,321,54,603,510,93,471,418,75,363,321,54,Finisher,2015
Wiktor,Przedlacki,Wiktor Przedlacki,347,M18-24,Male,Gdańsk,Pomerania,Poland,PL,0:50:39,3:14:31,1:59:53,0:05:55,0:02:57,6:13:56,3039,11671,7193,355,177,22436,364,322,26,428,366,29,458,409,28,364,322,26,Finisher,1395
Denisse,Noriega,Denisse Noriega,452,F35-39,Female,guayaquil,EC-G,Ecuador,EC,0:31:40,3:10:21,2:25:24,0:03:36,0:03:05,6:14:05,1900,11421,8724,216,185,22445,365,43,9,10,1,1,211,17,1,365,43,9,Finisher,2942
JOSE EDUARDO,TIBANLOMBO MORENO,JOSE EDUARDO TIBANLOMBO MORENO,580,M30-34,Male,QUITO,PICHINCHA,Ecuador,EC,0:48:35,3:01:59,2:11:06,0:06:22,0:06:07,6:14:09,2915,10919,7866,382,367,22449,366,323,68,350,300,59,340,306,65,366,323,68,Finisher,1081
ANDREA ,CHECA ,ANDREA CHECA,668,F30-34,Female,GUAYAQUIL ,GUAYAS,Ecuador,EC,0:38:34,3:17:03,2:11:33,0:03:18,0:04:21,6:14:49,2314,11823,7893,198,261,22489,367,44,14,76,7,3,359,35,10,367,44,14,Finisher,2048
Juan Jose,Pineda,Juan Jose Pineda,610,M35-39,Male,Quito,Pichincha,Ecuador,EC,0:56:44,3:08:29,2:03:32,0:03:57,0:02:14,6:14:56,3404,11309,7412,237,134,22496,368,324,68,573,486,98,437,391,87,368,324,68,Finisher,1637
Diego Josue ,Chacha Jara,Diego Josue Chacha Jara,459,M30-34,Male,Azogues,CANAR,Ecuador,EC,0:46:03,3:04:44,2:17:55,0:03:21,0:02:54,6:14:58,2763,11084,8275,201,174,22498,369,325,69,269,227,47,309,279,54,369,325,69,Finisher,1066
Ricardo,Maldonado,Ricardo Maldonado,826,M18-24,Male,Cuenca,Azuay,Ecuador,EC,0:41:04,2:45:41,2:43:15,0:02:23,0:02:42,6:15:05,2464,9941,9795,143,162,22505,370,326,27,135,121,15,94,89,11,370,326,27,Finisher,1374
Javier Elías,Camargo Vallejo,Javier Elías Camargo Vallejo,663,M40-44,Male,Guayaquil,CA,Ecuador,EC,0:33:52,3:10:03,2:23:39,0:02:21,0:05:22,6:15:17,2032,11403,8619,141,322,22517,371,327,55,22,21,1,218,200,34,371,327,55,Finisher,1989
Steven ,Lema,Steven Lema,296,M30-34,Male,Cayambe,Pichincha ,Ecuador,EC,0:53:37,3:07:14,2:07:41,0:03:27,0:03:28,6:15:27,3217,11234,7661,207,208,22527,372,328,70,503,427,84,406,366,71,372,328,70,Finisher,1058
Jhonatan ,Espinosa,Jhonatan Espinosa,412,M45-49,Male,Quito,Pichincha,Ecuador,EC,0:46:18,3:09:08,2:11:13,0:04:44,0:04:25,6:15:48,2778,11348,7873,284,265,22548,373,329,37,279,237,18,373,336,38,373,329,37,Finisher,1745
Juan Pablo,Rovayo Sierra,Juan Pablo Rovayo Sierra,708,M30-34,Male,Guayaquil,GUAYAS,Ecuador,EC,0:44:14,3:09:27,2:13:31,0:04:34,0:04:17,6:16:03,2654,11367,8011,274,257,22563,374,330,71,219,188,39,352,318,66,374,330,71,Finisher,1047
Andres,Vaca Villarreal,Andres Vaca Villarreal,578,M35-39,Male,Quito,Pichincha,Ecuador,EC,0:41:57,3:05:41,2:21:01,0:03:48,0:04:03,6:16:30,2517,11141,8461,228,243,22590,375,331,69,156,140,30,275,249,52,375,331,69,Finisher,1609
CARLOS ,VEGA ,CARLOS VEGA,434,M35-39,Male,QUITO,PICHINCHA,Ecuador,EC,0:59:49,2:53:48,2:14:03,0:03:31,0:05:34,6:16:43,3589,10428,8043,211,334,22603,376,332,70,632,531,108,343,309,61,376,332,70,Finisher,1605
Felipe,Bernal Escobar,Felipe Bernal Escobar,757,M45-49,Male,Lima,Lima,Colombia,CO,0:49:26,3:07:03,2:06:47,0:07:29,0:06:14,6:17:00,2966,11223,7607,449,374,22620,377,333,38,383,325,33,402,362,45,377,333,38,Finisher,1724
Damian Heriberto,Sanchez Cifuentes,Damian Heriberto Sanchez Cifuentes,679,M35-39,Male,Quito,EC-P,Ecuador,EC,0:46:37,3:03:59,2:16:52,0:03:53,0:05:41,6:17:03,2797,11039,8212,233,341,22623,378,334,71,288,245,51,313,282,55,378,334,71,Finisher,1599
Andres,Villarreal Ramirez,Andres Villarreal Ramirez,588,M30-34,Male,Tulcan,CARCHI,Ecuador,EC,0:50:25,2:55:15,2:24:28,0:04:10,0:02:47,6:17:04,3025,10515,8668,250,167,22624,379,335,72,418,358,71,263,240,46,379,335,72,Finisher,1028
Kevin,Jimenez,Kevin Jimenez,766,M30-34,Male,Guayaquil,Guayas,Ecuador,EC,0:45:49,3:15:55,2:07:49,0:03:53,0:03:38,6:17:04,2749,11755,7669,233,218,22624,380,336,73,266,225,45,419,375,74,380,336,73,Finisher,1028
Cristian,Rodríguez,Cristian Rodríguez,776,M35-39,Male,Bahía de Caráquez,EC-M,Ecuador,EC,0:40:01,3:07:49,2:21:16,0:03:01,0:05:01,6:17:08,2401,11269,8476,181,301,22628,381,337,72,106,93,23,272,246,51,381,337,72,Finisher,1598
Daniel,Larrea,Daniel Larrea,661,M35-39,Male,QUITO,Pichincha,Ecuador,EC,0:43:28,3:22:06,2:04:07,0:02:43,0:04:45,6:17:09,2608,12126,7447,163,285,22629,382,338,73,199,173,38,433,387,85,382,338,73,Finisher,1597
Andres,Quilligana Bustos,Andres Quilligana Bustos,522,M35-39,Male,Ambato,Tungurahua,Ecuador,EC,0:53:11,3:08:48,2:02:44,0:07:35,0:05:21,6:17:39,3191,11328,7364,455,321,22659,383,339,74,493,418,86,445,398,89,383,339,74,Finisher,1588
Claudia,Anaguano,Claudia Anaguano,870,F35-39,Female,Berlin,foreigner,Germany,DE,0:59:33,3:14:56,1:52:43,0:06:24,0:04:29,6:18:05,3573,11696,6763,384,269,22685,384,45,10,627,100,19,543,70,14,384,45,10,Finisher,2870
RONNY HEINZ,ATARIGUANA RAMON,RONNY HEINZ ATARIGUANA RAMON,356,M35-39,Male,Cuenca,Azuay,Ecuador,EC,0:56:39,3:00:42,2:12:40,0:04:08,0:03:58,6:18:07,3399,10842,7960,248,238,22687,385,340,75,571,484,97,384,346,73,385,340,75,Finisher,1580
Andres,Villareal,Andres Villareal,551,M35-39,Male,Quito,Pichincha,Ecuador,EC,0:54:50,2:58:05,2:18:06,0:03:38,0:03:35,6:18:15,3290,10685,8286,218,215,22695,386,341,76,541,462,93,336,303,59,386,341,76,Finisher,1577
Juan Carlos,Gandara,Juan Carlos Gandara,571,M40-44,Male,Quevedo,LOS RIOS,Ecuador,EC,0:45:04,3:08:32,2:14:29,0:03:49,0:06:49,6:18:44,2704,11312,8069,229,409,22724,387,342,56,242,205,33,346,312,51,387,342,56,Finisher,1927
Alexandra,Beltran,Alexandra Beltran,414,F45-49,Female,Quito,EC-P,Ecuador,EC,0:43:53,3:08:35,2:19:53,0:03:13,0:03:17,6:18:51,2633,11315,8393,193,197,22731,388,46,4,212,29,3,324,32,4,388,46,4,Finisher,2772
Karol,Montiel,Karol Montiel,900,F40-44,Female,Quito,EC-Pichincha,Ecuador,EC,0:57:45,3:14:35,1:59:03,0:03:59,0:03:33,6:18:54,3465,11675,7143,239,213,22734,389,47,9,593,90,13,501,60,11,389,47,9,Finisher,2297
Julio,Garcia Quirola,Julio Garcia Quirola,441,M40-44,Male,Daule ,Guayas ,Ecuador,EC,0:41:51,3:06:02,2:23:18,0:04:00,0:03:58,6:19:09,2511,11162,8598,240,238,22749,390,343,57,152,136,18,282,255,43,390,343,57,Finisher,1920
Pablo,Simbaña,Pablo Simbaña,637,M25-29,Male,Quito,Pichincha,Ecuador,EC,0:44:59,3:06:47,2:20:15,0:02:55,0:04:15,6:19:12,2699,11207,8415,175,255,22752,391,344,45,237,201,29,316,285,41,391,344,45,Finisher,1920
David,Morocho,David Morocho,593,M30-34,Male,Ibarra,Imbabura,Ecuador,EC,1:00:13,3:18:05,1:49:29,0:05:38,0:05:52,6:19:17,3613,11885,6569,338,352,22757,392,345,74,640,536,106,555,482,93,392,345,74,Finisher,989
Jorge,Palacio ,Jorge Palacio,189,M40-44,Male,Quito,Pichincha,Ecuador,EC,0:59:32,3:06:33,2:04:23,0:04:28,0:04:31,6:19:26,3572,11193,7463,268,271,22766,393,346,58,624,525,95,453,404,73,393,346,58,Finisher,1915
María Dolores,Ruiz Jiménez,María Dolores Ruiz Jiménez,764,F35-39,Female,Loja,EC-L,Ecuador,EC,0:59:59,3:15:16,1:56:28,0:03:22,0:04:24,6:19:29,3599,11716,6988,202,264,22769,394,48,11,637,103,22,521,65,13,394,48,11,Finisher,2844
Jorge Andrés ,Campoverde,Jorge Andrés Campoverde,150,M30-34,Male,Cuenca,Azuay,Ecuador,EC,0:45:29,3:06:46,2:19:36,0:03:21,0:04:30,6:19:42,2729,11206,8376,201,270,22782,395,347,75,251,212,43,323,292,60,395,347,75,Finisher,981
ROGGER,ONOFRE,ROGGER ONOFRE,888,M25-29,Male,Guayaquil,Guayaquil,Ecuador,EC,0:52:00,3:22:23,1:57:38,0:03:26,0:04:21,6:19:48,3120,12143,7058,206,261,22788,396,348,46,462,394,59,512,451,58,396,348,46,Finisher,1909
Mijail,Constante,Mijail Constante,344,M40-44,Male,EAU CLAIRE,WI,Ecuador,EC,0:43:22,3:16:30,2:13:12,0:04:34,0:02:11,6:19:49,2602,11790,7992,274,131,22789,397,349,59,194,171,25,409,369,65,397,349,59,Finisher,1908
Luis,Crespo Cedeño,Luis Crespo Cedeño,901,M45-49,Male,Guayaquil,Guayas,Ecuador,EC,0:45:35,3:08:18,2:14:47,0:05:06,0:06:04,6:19:50,2735,11298,8087,306,364,22790,398,350,39,258,218,17,360,325,37,398,350,39,Finisher,1673
Ivan,Juna,Ivan Juna,569,M40-44,Male,QUITO,EC-P,Ecuador,EC,0:44:22,3:31:27,1:58:41,0:02:14,0:03:07,6:19:51,2662,12687,7121,134,187,22791,399,351,60,222,191,29,516,454,82,399,351,60,Finisher,1907
Marlon Enrique,Pérez Mero,Marlon Enrique Pérez Mero,282,M35-39,Male,Quito,Pichincha,Ecuador,EC,0:59:53,3:00:07,2:10:06,0:05:56,0:03:55,6:19:57,3593,10807,7806,356,235,22797,400,352,77,635,534,111,422,377,81,400,352,77,Finisher,1547
Santiago,Sánchez Torres,Santiago Sánchez Torres,769,M40-44,Male,Quito,Pichincha,Ecuador,EC,1:05:39,3:09:48,1:53:40,0:04:54,0:06:00,6:20:01,3939,11388,6820,294,360,22801,401,353,61,695,581,106,537,470,85,401,353,61,Finisher,1904
Kaled,Martinez,Kaled Martinez,801,M25-29,Male,Santa Rosa,EL ORO,Ecuador,EC,0:49:33,3:16:08,2:06:24,0:04:04,0:04:20,6:20:29,2973,11768,7584,244,260,22829,402,354,47,386,328,53,448,400,51,402,354,47,Finisher,1897
Diego,Egas,Diego Egas,219,M40-44,Male,Quito,EC-P,Ecuador,EC,0:53:21,3:20:58,1:56:45,0:05:34,0:03:55,6:20:33,3201,12058,7005,334,235,22833,403,355,62,495,420,72,532,466,84,403,355,62,Finisher,1895
Cristian,Belalcázar,Cristian Belalcázar,700,M35-39,Male,Quito,EC-P,Ecuador,EC,0:53:46,2:59:57,2:16:56,0:04:51,0:05:10,6:20:39,3226,10797,8216,291,310,22839,404,356,78,511,435,89,355,321,65,404,356,78,Finisher,1534
Diana Isabel,Salazar Maldonado,Diana Isabel Salazar Maldonado,256,F40-44,Female,Quito,EC-P,Ecuador,EC,0:55:03,3:14:15,2:02:16,0:03:51,0:05:18,6:20:43,3303,11655,7336,231,318,22843,405,49,10,544,81,10,480,56,9,405,49,10,Finisher,2265
Paul Patricio,Bautista Aispur,Paul Patricio Bautista Aispur,292,M45-49,Male,Guayaquil,Guayas,Ecuador,EC,0:40:42,3:08:29,2:22:06,0:02:38,0:07:10,6:21:06,2442,11309,8526,158,430,22866,406,357,40,127,113,12,280,253,29,406,357,40,Finisher,1650
Alejandra,Bueno,Alejandra Bueno,540,F25-29,Female,Cuenca,Azuay,Ecuador,EC,0:42:01,3:25:19,2:06:32,0:02:44,0:04:32,6:21:07,2521,12319,7592,164,272,22867,407,50,7,159,17,1,449,49,9,407,50,7,Finisher,2311
VICTOR,LEMA,VICTOR LEMA,246,M40-44,Male,Quito,EC-P,Ecuador,EC,0:57:24,3:11:29,2:04:24,0:03:52,0:04:03,6:21:13,3444,11489,7464,232,243,22873,408,358,63,585,497,90,476,421,77,408,358,63,Finisher,1883
Catalina,Andrade,Catalina Andrade,678,F40-44,Female,Guayaquil,EC-G,Ecuador,EC,0:43:14,3:17:19,2:10:59,0:04:10,0:05:48,6:21:30,2594,11839,7859,250,348,22890,409,51,11,190,22,3,412,41,8,409,51,11,Finisher,2251
Tony,Zebekow,Tony Zebekow,440,M35-39,Male,CHESTERBROOK,PA,United States,US,0:52:09,3:05:49,2:10:49,0:05:50,0:06:52,6:21:30,3129,11149,7849,350,412,22890,410,359,79,467,398,83,401,361,76,410,359,79,Finisher,1519
Daniel,Rivera,Daniel Rivera,406,M35-39,Male,Quito,Pichincha,Ecuador,EC,0:51:47,2:59:39,2:19:43,0:03:17,0:07:08,6:21:34,3107,10779,8383,197,428,22894,411,360,80,454,387,78,317,286,56,411,360,80,Finisher,1518
Alex,Meneses,Alex Meneses,836,M40-44,Male,QUITO,Pichincha,Ecuador,EC,0:45:44,3:13:48,2:13:20,0:04:01,0:04:41,6:21:34,2744,11628,8000,241,281,22894,412,361,64,263,222,38,399,359,62,412,361,64,Finisher,1876
Mauricio Santiago,Córdova Nicolalde,Mauricio Santiago Córdova Nicolalde,355,M45-49,Male,Otavalo,EC-I,Ecuador,EC,0:48:43,3:09:30,2:17:26,0:02:45,0:03:12,6:21:36,2923,11370,8246,165,192,22896,413,362,41,358,306,30,377,339,39,413,362,41,Finisher,1641
Carlos,Castro,Carlos Castro,926,M40-44,Male,Quito,Pichincha,Ecuador,EC,0:53:59,3:00:12,2:17:31,0:05:27,0:04:39,6:21:48,3239,10812,8251,327,279,22908,414,363,65,518,441,77,367,331,55,414,363,65,Finisher,1872
Martina,Mendizabal,Martina Mendizabal,518,F18-24,Female,QUITO,PICHINCHA,Ecuador,EC,0:44:02,3:25:32,2:06:44,0:02:45,0:03:01,6:22:04,2642,12332,7604,165,181,22924,415,52,2,216,31,2,470,53,3,415,52,2,Finisher,2804
Zambrano,Daniel,Zambrano Daniel,597,M40-44,Male,Santo Domingo De Los Colorados,SANTO DOMINGO DE LOS TSACHILAS,Ecuador,EC,0:54:05,2:55:26,2:27:51,0:01:56,0:03:25,6:22:43,3245,10526,8871,116,205,22963,416,364,66,520,443,78,276,250,42,416,364,66,Finisher,1856
Xavier,Aillón Abril,Xavier Aillón Abril,516,M40-44,Male,Quito,EC-Pichincha,Ecuador,EC,0:54:08,3:11:26,2:03:57,0:03:39,0:09:36,6:22:45,3248,11486,7437,219,576,22965,417,365,67,524,446,79,438,392,69,417,365,67,Finisher,1855
Eduardo,Gomez,Eduardo Gomez,497,M35-39,Male,Atuntaqui,Imbabura,Ecuador,EC,0:49:38,3:02:30,2:21:56,0:05:06,0:03:36,6:22:46,2978,10950,8516,306,216,22966,418,366,81,390,332,68,345,311,62,418,366,81,Finisher,1496
Juan Diego ,Cabrera,Juan Diego Cabrera,680,M25-29,Male,Cuenca,Azuay,Ecuador,EC,0:39:15,3:02:31,2:32:28,0:02:55,0:06:08,6:23:17,2355,10951,9148,175,368,22997,419,367,48,86,75,7,204,188,27,419,367,48,Finisher,1847
Diego,Correa,Diego Correa,856,M35-39,Male,Quito,Pichincha,Ecuador,EC,0:49:54,3:16:29,2:06:08,0:05:03,0:06:05,6:23:40,2994,11789,7568,303,365,23020,420,368,82,400,342,72,461,411,92,420,368,82,Finisher,1480
Norman,Romero,Norman Romero,360,M60-64,Male,Cumbayá - Quito,Pichincha,Ecuador,EC,0:48:13,3:03:03,2:24:14,0:02:43,0:05:39,6:23:53,2893,10983,8654,163,339,23033,421,369,7,340,290,6,307,277,5,421,369,7,Finisher,2664
José Andrés,Chicaiza Salgado,José Andrés Chicaiza Salgado,463,M25-29,Male,Quito,EC-P,Ecuador,EC,0:39:42,3:12:51,2:23:54,0:03:38,0:03:57,6:24:02,2382,11571,8634,218,237,23042,422,370,49,95,84,9,333,300,44,422,370,49,Finisher,1833
Carlos,Armijos,Carlos Armijos,102,MGuide,Male,Quito,EC-P,Ecuador,EC,1:05:40,2:57:09,2:15:23,0:03:03,0:02:48,6:24:03,3940,10629,8123,183,168,23043,423,371,1,696,582,1,421,376,1,423,371,1,Finisher,3500
Jorge,Caballero,Jorge Caballero,566,M40-44,Male,Quito,Pichincha,Ecuador,EC,0:35:53,3:16:12,2:23:34,0:03:41,0:04:44,6:24:04,2153,11772,8614,221,284,23044,424,372,68,40,38,4,326,293,49,424,372,68,Finisher,1831
Diana,Marquez,Diana Marquez,788,F45-49,Female,CUENCA,AZUAY,Ecuador,EC,0:47:28,3:23:53,2:05:56,0:03:21,0:03:31,6:24:08,2848,12233,7556,201,211,23048,425,53,5,312,47,7,490,58,6,425,53,5,Finisher,2677
Pedro,Diaz,Pedro Diaz,607,M35-39,Male,Cuenca,Azuay,Ecuador,EC,0:48:34,3:13:38,2:15:27,0:04:13,0:02:24,6:24:15,2914,11618,8127,253,144,23055,426,373,83,347,297,61,424,379,82,426,373,83,Finisher,1469
Dyther Jesús ,CacuangoRocha,Dyther Jesús CacuangoRocha,182,M25-29,Male,Latacunga,Cotopaxi,Ecuador,EC,0:48:47,3:01:14,2:26:31,0:03:33,0:04:13,6:24:18,2927,10874,8791,213,253,23058,427,374,50,363,309,50,304,274,39,427,374,50,Finisher,1828
Luis,Mejia,Luis Mejia,820,M30-34,Male,Guayaquil,EC-G,Ecuador,EC,0:44:24,3:04:27,2:28:19,0:03:45,0:03:24,6:24:19,2664,11067,8899,225,204,23059,428,375,76,225,193,40,292,264,51,428,375,76,Finisher,898
Oswaldo,Molina,Oswaldo Molina,747,M18-24,Male,SALINAS,EC-SE,Ecuador,EC,0:56:55,3:14:24,2:04:29,0:04:22,0:04:10,6:24:20,3415,11664,7469,262,250,23060,429,376,28,577,490,33,496,438,29,429,376,28,Finisher,1208
Felipe,Loayza ,Felipe Loayza,261,M30-34,Male,QUITO,EC-P,Ecuador,EC,0:54:42,3:14:10,2:06:33,0:05:45,0:03:15,6:24:24,3282,11650,7593,345,195,23064,430,377,77,537,458,90,486,429,83,430,377,77,Finisher,896
Diego,Suarez,Diego Suarez,465,M25-29,Male,"Ambato, Tungurahua",EC-T,Ecuador,EC,0:47:23,3:03:30,2:27:08,0:03:15,0:03:22,6:24:38,2843,11010,8828,195,202,23078,431,378,51,310,264,41,308,278,40,431,378,51,Finisher,1822
Karla Johanna,Calderón López,Karla Johanna Calderón López,748,M40-44,Male,Cuenca,Azuay,Ecuador,EC,0:49:25,3:25:29,2:03:25,0:03:50,0:03:11,6:25:19,2965,12329,7405,230,191,23119,432,379,69,381,323,54,524,459,83,432,379,69,Finisher,1809
Samuel,Blum,Samuel Blum,821,M25-29,Male,Guayaquil,Guayas,Ecuador,EC,0:48:50,3:05:16,2:19:03,0:06:54,0:05:33,6:25:36,2930,11116,8343,414,333,23136,433,380,52,364,310,51,378,340,45,433,380,52,Finisher,1805
Isaac,Bermeo,Isaac Bermeo,664,M35-39,Male,Quito,EC-P,Ecuador,EC,0:51:47,2:56:23,2:26:48,0:05:29,0:05:11,6:25:38,3107,10583,8808,329,311,23138,434,381,84,455,388,79,305,275,54,434,381,84,Finisher,1445
Karla,Jaramillo,Karla Jaramillo,506,M35-39,Female,Manta,EC-M,Ecuador,EC,0:39:34,3:19:20,2:20:11,0:02:20,0:04:16,6:25:42,2374,11960,8411,140,256,23142,435,382,85,92,81,21,381,343,72,435,382,85,Finisher,1443
Daniel,Mejia,Daniel Mejia,894,M30-34,Male,Guayaquil,Guayas,Ecuador,EC,0:59:45,3:08:38,2:02:47,0:07:34,0:07:26,6:26:10,3585,11318,7367,454,446,23170,436,383,78,631,530,104,498,440,86,436,383,78,Finisher,865
Benito Stalin,Gonzalez Guillen,Benito Stalin Gonzalez Guillen,802,M45-49,Male,Puerto Ayora,EC-W,Ecuador,EC,0:48:46,3:09:24,2:21:44,0:03:06,0:03:12,6:26:13,2926,11364,8504,186,192,23173,437,384,42,362,308,31,383,345,40,437,384,42,Finisher,1558
Christian,Arevalo,Christian Arevalo,873,M30-34,Male,Ambato,Tungurahua,Ecuador,EC,0:53:43,3:16:01,2:10:02,0:03:15,0:03:31,6:26:33,3223,11761,7802,195,211,23193,438,385,79,510,434,85,478,423,80,438,385,79,Finisher,858
Gabriela,Soria,Gabriela Soria,905,F35-39,Female,Quito,Pichincha,Ecuador,EC,1:02:39,3:08:30,2:04:26,0:06:15,0:04:44,6:26:34,3759,11310,7466,375,284,23194,439,54,12,666,111,26,508,61,11,439,54,12,Finisher,2717
Fabian,Andrade,Fabian Andrade,556,M18-24,Male,Duluth,MN,Ecuador,EC,0:42:44,3:23:07,2:12:21,0:04:36,0:04:15,6:27:04,2564,12187,7941,276,255,23224,440,386,29,176,158,17,452,403,27,440,386,29,Finisher,1159
Joffre,Inga,Joffre Inga,486,M40-44,Male,Santo Domingo,EC-SD,Ecuador,EC,0:49:06,3:04:45,2:24:36,0:04:37,0:04:02,6:27:06,2946,11085,8676,277,242,23226,441,387,70,373,316,52,354,320,53,441,387,70,Finisher,1777
Esteban,Enriquez Rosales,Esteban Enriquez Rosales,155,M35-39,Male,QUITO,Pichincha,Estonia,EE,0:47:16,3:04:03,2:26:29,0:04:34,0:04:45,6:27:06,2836,11043,8789,274,285,23226,442,388,86,305,260,54,328,295,57,442,388,86,Finisher,1418
Guido Andres,Merino Sandoval,Guido Andres Merino Sandoval,314,M35-39,Male,QUITO,PICHINCA,Ecuador,EC,0:56:50,2:55:51,2:27:34,0:03:19,0:03:39,6:27:13,3410,10551,8854,199,219,23233,443,389,87,574,487,99,330,297,58,443,389,87,Finisher,1416
Ana Gabriela,Bader,Ana Gabriela Bader,273,F25-29,Female,Quito,EC-P,Ecuador,EC,0:47:19,3:18:51,2:12:21,0:03:13,0:05:34,6:27:18,2839,11931,7941,193,334,23238,444,55,8,308,46,6,440,47,7,444,55,8,Finisher,2200
Jaime,Salgado,Jaime Salgado,907,M45-49,Male,Latacunga,EC-X,Ecuador,EC,0:47:20,3:00:22,2:33:16,0:03:23,0:03:09,6:27:30,2840,10822,9196,203,189,23250,445,390,43,309,263,21,274,248,28,445,390,43,Finisher,1535
Naomy,Caiza,Naomy Caiza,499,F18-24,Female,Manta,EC-M,Ecuador,EC,0:36:06,3:20:34,2:23:05,0:03:03,0:05:34,6:28:22,2166,12034,8585,183,334,23302,446,56,3,44,3,1,370,37,2,446,56,3,Finisher,2690
Bryan,Paucar,Bryan Paucar,822,M30-34,Male,Sangolqui ,EC-P,Ecuador,EC,0:51:34,3:21:13,2:09:13,0:03:41,0:03:14,6:28:55,3094,12073,7753,221,194,23335,447,391,80,448,382,77,504,444,87,447,391,80,Finisher,815
Angel,Cruz Rivas,Angel Cruz Rivas,489,M40-44,Male,Quito,Pichincha,Ecuador,EC,0:46:55,3:21:03,2:08:23,0:04:25,0:08:09,6:28:55,2815,12063,7703,265,489,23335,448,392,71,296,251,45,473,419,76,448,392,71,Finisher,1744
Jose Maria,Padilla Naranjo,Jose Maria Padilla Naranjo,568,M25-29,Male,Quito,Pichincha,Ecuador,EC,0:49:59,3:16:46,2:14:48,0:03:52,0:03:36,6:29:01,2999,11806,8088,232,216,23341,449,393,53,407,347,54,454,405,52,449,393,53,Finisher,1743
Cristobal,Miño,Cristobal Miño,528,M40-44,Male,Quito,Pichincha,Ecuador,EC,0:51:35,3:05:30,2:25:19,0:02:34,0:04:07,6:29:05,3095,11130,8719,154,247,23345,450,394,72,449,383,65,368,332,56,450,394,72,Finisher,1741
Andrés,Armijo,Andrés Armijo,474,M45-49,Male,Quito,PICHINCHA,Ecuador,EC,0:53:30,3:17:08,2:07:25,0:04:59,0:06:31,6:29:33,3210,11828,7645,299,391,23373,451,395,44,500,425,48,495,437,51,451,395,44,Finisher,1498
Luis,Lascano Intriago,Luis Lascano Intriago,390,M45-49,Male,Manta,Manabí,Ecuador,EC,0:45:21,3:10:03,2:28:26,0:03:26,0:02:42,6:29:59,2721,11403,8906,206,162,23399,452,396,45,244,206,16,357,323,36,452,396,45,Finisher,1490
Cristina ,Novillo,Cristina Novillo,586,F45-49,Female,Quito,Pichincha,Ecuador,EC,0:55:39,3:11:02,2:12:27,0:05:21,0:05:38,6:30:07,3339,11462,7947,321,338,23407,453,57,6,554,84,12,465,52,5,453,57,6,Finisher,2569
Juan Francisco,Almeida,Juan Francisco Almeida,233,M40-44,Male,Quito,Pichincha,Ecuador,EC,0:57:44,3:20:52,2:03:03,0:05:32,0:03:24,6:30:35,3464,12052,7383,332,204,23435,454,397,73,592,503,92,557,483,90,454,397,73,Finisher,1714
Andrea,Rentería ,Andrea Rentería,426,F35-39,Female,Quito,Pichincha,Ecuador,EC,0:54:30,3:31:54,1:56:38,0:04:09,0:03:30,6:30:41,3270,12714,6998,249,210,23441,455,58,13,531,79,15,603,84,18,455,58,13,Finisher,2643
Jossue Alejandro,Ramirez Loaiza,Jossue Alejandro Ramirez Loaiza,859,M30-34,Male,Quito,Pichincha,Ecuador,EC,0:50:32,3:06:49,2:26:10,0:03:17,0:03:58,6:30:46,3032,11209,8770,197,238,23446,456,398,81,422,362,72,376,338,70,456,398,81,Finisher,782
Marissa,Guevara,Marissa Guevara,197,F30-34,Female,Manta,Manabi,Ecuador,EC,0:54:52,3:20:53,2:06:21,0:05:04,0:03:49,6:30:58,3292,12053,7581,304,229,23458,457,59,15,542,80,21,542,69,19,457,59,15,Finisher,1758
Felipe,Rivera Ramirez,Felipe Rivera Ramirez,862,M45-49,Male,Guayaquil,EC-G,Colombia,CO,1:05:54,3:02:42,2:14:32,0:03:29,0:04:25,6:31:02,3954,10962,8072,209,265,23462,458,399,46,697,583,71,467,415,48,458,399,46,Finisher,1471
Mateo,Baquero,Mateo Baquero,305,M18-24,Male,Quito,EC-P,Ecuador,EC,0:47:05,3:27:19,2:06:36,0:05:50,0:04:13,6:31:03,2825,12439,7596,350,253,23463,459,400,30,302,257,22,536,469,30,459,400,30,Finisher,1087
Maria Fernanda,Chavez Campuzano,Maria Fernanda Chavez Campuzano,833,F35-39,Female,pichincha,Pichincha,Ecuador,EC,0:52:08,3:07:35,2:18:51,0:06:46,0:05:47,6:31:06,3128,11255,8331,406,347,23466,460,60,14,464,69,12,425,46,9,460,60,14,Finisher,2635
Diego Andrés ,Carrillo López ,Diego Andrés Carrillo López,530,M35-39,Male,Otavalo ,Imbabura,Ecuador,EC,0:43:15,3:12:05,2:27:45,0:05:02,0:03:27,6:31:34,2595,11525,8865,302,207,23494,461,401,88,192,170,37,374,337,71,461,401,88,Finisher,1338
Alvaro,Orellana Reinoso,Alvaro Orellana Reinoso,533,M40-44,Male,Otavalo,Imbabura,Ecuador,EC,0:53:53,3:12:02,2:17:20,0:04:33,0:03:49,6:31:36,3233,11522,8240,273,229,23496,462,402,74,516,439,76,451,402,72,462,402,74,Finisher,1696
Gabriel,Tapia Albuja,Gabriel Tapia Albuja,480,M50-54,Male,Quito,Pichincha,Ecuador,EC,1:06:41,3:06:48,2:02:37,0:08:03,0:07:40,6:31:49,4001,11208,7357,483,460,23509,463,403,17,703,586,34,548,477,31,463,403,17,Finisher,1887
Sergio,Farez,Sergio Farez,919,M40-44,Male,Santo Domingo,Santo Domingo de los Tsáchilas,Ecuador,EC,0:51:08,3:12:59,2:16:02,0:06:10,0:05:33,6:31:54,3068,11579,8162,370,333,23514,464,404,75,436,374,63,450,401,71,464,404,75,Finisher,1690
Julio,Hidalgo,Julio Hidalgo,839,M35-39,Male,Quito,Pichincha,Ecuador,EC,0:48:39,3:17:01,2:13:40,0:06:08,0:06:36,6:32:05,2919,11821,8020,368,396,23525,465,405,89,353,302,63,464,413,93,465,405,89,Finisher,1328
José Carlos,Gallardo Aceves,José Carlos Gallardo Aceves,813,M25-29,Male,Aguascalientes,MX-AGU,Mexico,MX,0:46:52,3:11:38,2:26:19,0:04:05,0:03:23,6:32:16,2812,11498,8779,245,203,23536,466,406,54,294,249,38,391,352,46,466,406,54,Finisher,1685
David,Altamirano,David Altamirano,310,M40-44,Male,Quito,EC-P,Ecuador,EC,1:02:56,3:17:14,2:02:33,0:04:56,0:04:52,6:32:31,3776,11834,7353,296,292,23551,467,407,76,668,557,101,567,491,92,467,407,76,Finisher,1679
Luis Ernesto,Sud Vivanco,Luis Ernesto Sud Vivanco,473,M60-64,Male,Guayaquil,EC-G,Ecuador,EC,1:04:00,3:06:54,2:14:22,0:03:46,0:04:24,6:33:26,3840,11214,8062,226,264,23606,468,408,8,681,568,14,488,431,11,468,408,8,Finisher,2492
David,Jadán,David Jadán,712,M25-29,Male,Loja ,loja ,Ecuador,EC,0:51:28,3:14:26,2:12:43,0:06:14,0:08:38,6:33:30,3088,11666,7963,374,518,23610,469,409,55,446,380,57,469,417,54,469,409,55,Finisher,1663
Rodrigo,Almeida,Rodrigo Almeida,711,M25-29,Male,Quito,Pichincha,Ecuador,EC,0:40:23,3:26:32,2:16:06,0:03:45,0:06:58,6:33:44,2423,12392,8166,225,418,23624,470,410,56,120,106,12,455,406,53,470,410,56,Finisher,1658
Carolina,Rodriguez,Carolina Rodriguez,487,F30-34,Female,Quito,Pichincha,Ecuador,EC,0:53:46,3:13:59,2:16:44,0:04:40,0:04:38,6:33:47,3226,11639,8204,280,278,23627,471,61,16,512,77,20,475,55,17,471,61,16,Finisher,1707
Dario ,Nieto,Dario Nieto,191,M50-54,Male,quito,EC-P,Ecuador,EC,0:49:54,3:16:46,2:19:43,0:04:12,0:03:15,6:33:52,2994,11806,8383,252,195,23632,472,411,18,402,343,19,456,407,22,472,411,18,Finisher,1850
Galo,Tufiño,Galo Tufiño,151,M30-34,Male,Tumbaco,Pichincha,Ecuador,EC,0:52:39,3:19:22,2:14:39,0:03:24,0:04:06,6:34:11,3159,11962,8079,204,246,23651,473,412,82,479,406,80,494,436,85,473,412,82,Finisher,720
Juan Jose,Plaza,Juan Jose Plaza,841,M25-29,Male,Quito,Pichincha,Ecuador,EC,0:53:28,3:21:07,2:11:24,0:04:59,0:03:18,6:34:16,3208,12067,7884,299,198,23656,474,413,57,498,423,61,528,462,60,474,413,57,Finisher,1649
Cristian,Mendez,Cristian Mendez,265,M30-34,Male,Quito,EC-P,Ecuador,EC,0:48:07,3:18:54,2:16:02,0:06:20,0:04:57,6:34:21,2887,11934,8162,380,297,23661,475,414,83,335,285,54,481,425,81,475,414,83,Finisher,717
Pedro,Sevilla,Pedro Sevilla,350,M35-39,Male,Quito,Pichincha,Ecuador,EC,0:54:07,3:03:18,2:26:28,0:05:29,0:05:08,6:34:29,3247,10998,8788,329,308,23669,476,415,90,522,444,91,393,353,74,476,415,90,Finisher,1285
Antonio,Escandón Quezada,Antonio Escandón Quezada,647,M40-44,Male,Cuenca,Azuay,Ecuador,EC,0:52:39,3:07:06,2:23:07,0:04:40,0:07:11,6:34:43,3159,11226,8587,280,431,23683,477,416,77,477,404,68,408,368,64,477,416,77,Finisher,1640
JUAN SEBASTIAN,AVILA JIMÉNEZ,JUAN SEBASTIAN AVILA JIMÉNEZ,527,M35-39,Male,Cuenca,Azuay,Ecuador,EC,1:01:32,3:18:31,2:05:33,0:05:04,0:04:15,6:34:54,3692,11911,7533,304,255,23694,478,417,91,655,546,113,568,492,107,478,417,91,Finisher,1278
Edison,Guaman,Edison Guaman,736,M35-39,,Riobamba,EC-H,Ecuador,EC,1:04:50,3:03:02,2:19:25,0:03:09,0:04:33,6:34:59,3890,10982,8365,189,273,23699,479,418,92,688,574,121,457,408,90,479,418,92,Finisher,1276
Sebastian ,Ortiz ,Sebastian Ortiz,784,M25-29,Male,Cuenca,Azuay,Ecuador,EC,0:48:45,3:31:44,2:05:36,0:03:54,0:05:01,6:35:00,2925,12704,7536,234,301,23700,480,419,58,360,307,49,562,487,61,480,419,58,Finisher,1636
Mario,Gamboa ,Mario Gamboa,519,M35-39,Male,Baños de Agua Santa,Tungurahua,Ecuador,EC,0:53:38,3:19:19,2:08:46,0:06:06,0:07:22,6:35:11,3218,11959,7726,366,442,23711,481,420,93,505,429,88,526,461,99,481,420,93,Finisher,1273
Michelle,Pazmiño,Michelle Pazmiño,686,F30-34,Female,Quito,Pichincha,Ecuador,EC,0:44:40,3:11:01,2:33:35,0:03:18,0:02:49,6:35:24,2680,11461,9215,198,169,23724,482,62,17,231,35,12,361,36,11,482,62,17,Finisher,1678
Cesar,Rovayo Rodriguez,Cesar Rovayo Rodriguez,402,M50-54,Male,MANTA,Manabí,Ecuador,EC,0:45:32,3:16:46,2:26:00,0:02:23,0:04:46,6:35:27,2732,11806,8760,143,286,23727,483,421,19,254,214,12,410,370,20,483,421,19,Finisher,1822
Danny,Flor,Danny Flor,159,M45-49,Male,Quito,EC-P,Ecuador,EC,0:47:55,3:34:18,2:01:45,0:05:20,0:06:19,6:35:37,2875,12858,7305,320,379,23737,484,422,47,328,279,25,584,506,59,484,422,47,Finisher,1389
KARLA JOHANNA,GUARANDA JARAMILLO,KARLA JOHANNA GUARANDA JARAMILLO,797,F35-39,Female,QUITO,PICHINCHA,Ecuador,EC,0:59:44,3:24:38,2:04:33,0:03:53,0:03:12,6:36:01,3584,12278,7473,233,192,23761,485,63,15,630,101,20,590,81,16,485,63,15,Finisher,2547
José Julio ,Oña Suntaxi ,José Julio Oña Suntaxi,893,M30-34,Male,Quito,Pichincha,Ecuador,EC,0:39:44,3:24:00,2:24:44,0:04:05,0:03:49,6:36:21,2384,12240,8684,245,229,23781,486,423,84,97,86,19,431,385,76,486,423,84,Finisher,700
GABRIEL,LEMARIE,GABRIEL LEMARIE,509,M40-44,Male,QUITO,PICHINCHA,Ecuador,EC,0:53:03,3:18:44,2:09:38,0:08:48,0:06:16,6:36:29,3183,11924,7778,528,376,23789,487,424,78,490,415,71,540,472,87,487,424,78,Finisher,1608
Vicente,Padilla,Vicente Padilla,565,M40-44,Male,Valle de los chillos / Quito,Sierra / Pichincha,Ecuador,EC,0:54:28,3:15:35,2:17:02,0:04:31,0:04:57,6:36:33,3268,11735,8222,271,297,23793,488,425,79,530,452,81,485,428,79,488,425,79,Finisher,1607
Fernando,Sanchez,Fernando Sanchez,398,M45-49,Male,MANTA,EC-M,Ecuador,EC,0:49:45,3:09:11,2:31:33,0:02:56,0:03:09,6:36:35,2985,11351,9093,176,189,23795,489,426,48,394,336,34,386,348,42,489,426,48,Finisher,1371
Geovanny,Guerrero,Geovanny Guerrero,553,M55-59,Male,Ambato,EC-T,Ecuador,EC,0:49:36,3:13:49,2:23:36,0:06:00,0:04:01,6:37:01,2976,11629,8616,360,241,23821,490,427,6,389,331,5,441,394,6,490,427,6,Finisher,2236
Karla,Joza,Karla Joza,468,F35-39,Female,Manta,EC-MANABI,Ecuador,EC,0:52:33,3:22:28,2:15:20,0:03:13,0:03:35,6:37:09,3153,12148,8120,193,215,23829,491,64,16,475,73,13,518,63,12,491,64,16,Finisher,2526
Daniel,Ordóñez,Daniel Ordóñez,670,M35-39,Male,Quito,Pichincha,Ecuador,EC,0:49:23,3:10:33,2:23:56,0:07:07,0:06:17,6:37:15,2963,11433,8636,427,377,23835,492,428,94,380,322,66,428,382,83,492,428,94,Finisher,1235
John,Hernandez Cortez,John Hernandez Cortez,576,M30-34,Male,Quito,Pichincha,Ecuador,EC,0:32:55,3:11:58,2:40:08,0:03:49,0:08:35,6:37:25,1975,11518,9608,229,515,23845,493,429,85,15,14,4,252,230,43,493,429,85,Finisher,700
Marlon,Cumbicus,Marlon Cumbicus,749,M50-54,Male,Quito,Pichincha,Ecuador,EC,0:53:32,3:18:15,2:18:49,0:04:00,0:02:52,6:37:29,3212,11895,8329,240,172,23849,494,430,20,501,426,24,497,439,24,494,430,20,Finisher,1785
Fabian,Gavilanez,Fabian Gavilanez,922,M18-24,Male,Quito,Pichincha,Ecuador,EC,0:37:56,3:45:12,2:08:55,0:02:43,0:03:07,6:37:53,2276,13512,7735,163,187,23873,495,431,31,67,62,12,575,498,31,495,431,31,Finisher,964
EDISON GEOVANNY,ARTEAGA PEñA,EDISON GEOVANNY ARTEAGA PEñA,169,M35-39,Male,Quito,EC-P,Ecuador,EC,0:57:02,3:05:48,2:24:27,0:04:14,0:06:32,6:38:04,3422,11148,8667,254,392,23884,496,432,95,580,493,100,429,383,84,496,432,95,Finisher,1221
Fernando,Molina Zambrano,Fernando Molina Zambrano,318,M40-44,Male,Quito,Pichincha,Denmark,DK,0:50:25,3:13:19,2:25:26,0:04:25,0:04:52,6:38:27,3025,11599,8726,265,292,23907,497,433,80,419,359,61,432,386,67,497,433,80,Finisher,1572
Francisco,Paez,Francisco Paez,144,M60-64,Male,Quito,Pichincha,Ecuador,EC,0:58:28,2:55:30,2:37:20,0:04:00,0:03:31,6:38:48,3508,10530,9440,240,211,23928,498,434,9,611,514,12,351,317,7,498,434,9,Finisher,2396
Santiago Alfonso,Borja Escobar,Santiago Alfonso Borja Escobar,591,M45-49,Male,quito,pichincha,Ecuador,EC,1:00:47,3:14:06,2:16:54,0:03:18,0:03:50,6:38:55,3647,11646,8214,198,230,23935,499,435,49,646,540,66,517,455,53,499,435,49,Finisher,1329
NINOSKA KATHIUSKA,PEÑALOZA CASTRO,NINOSKA KATHIUSKA PEÑALOZA CASTRO,671,F25-29,Female,RUMIÑAHUI,Azuay,Ecuador,EC,0:48:44,3:31:51,2:09:39,0:05:16,0:03:41,6:39:11,2924,12711,7779,316,221,23951,500,65,9,359,53,8,574,77,13,500,65,9,Finisher,1986
Sol,Muñoz,Sol Muñoz,220,F50-54,Female,Quito,EC-P,Ecuador,EC,0:49:54,3:33:04,2:06:22,0:04:58,0:04:58,6:39:16,2994,12784,7582,298,298,23956,501,66,4,401,59,4,588,80,4,501,66,4,Finisher,2041
Marcelo,Valencia Avila,Marcelo Valencia Avila,460,M50-54,Male,Manta,Manabí,Ecuador,EC,0:47:40,3:24:52,2:19:21,0:04:04,0:03:21,6:39:19,2860,12292,8361,244,201,23959,502,436,21,319,271,15,505,445,25,502,436,21,Finisher,1752
Elizabeth,Muñoz,Elizabeth Muñoz,164,F40-44,Female,Quito,EC-P,Ecuador,EC,0:58:12,3:18:20,2:16:03,0:03:35,0:03:28,6:39:38,3492,11900,8163,215,208,23978,503,67,12,605,95,14,535,67,13,503,67,12,Finisher,1924
Martin,Ordoñez,Martin Ordoñez,669,M30-34,Male,Quito,EC-P,Ecuador,EC,0:48:21,3:12:47,2:22:52,0:08:08,0:07:46,6:39:54,2901,11567,8572,488,466,23994,504,437,86,341,291,57,439,393,78,504,437,86,Finisher,700
Melany,Pincay,Melany Pincay,492,F25-29,Female,Manta,EC-M,Ecuador,EC,0:57:50,3:21:38,2:11:06,0:04:54,0:04:51,6:40:18,3470,12098,7866,294,291,24018,505,68,10,597,92,15,561,75,12,505,68,10,Finisher,1966
Edison,Mullo Sosa,Edison Mullo Sosa,257,M35-39,Male,Latacunga,Cotopaxi,Ecuador,EC,1:01:40,3:18:15,2:10:29,0:04:32,0:05:33,6:40:29,3700,11895,7829,272,333,24029,506,438,96,657,548,114,563,488,105,506,438,96,Finisher,1177
Christian,Gavilánez,Christian Gavilánez,549,M45-49,Male,Quito,PICHINCHA,Ecuador,EC,0:52:20,3:44:11,1:50:43,0:08:05,0:05:12,6:40:30,3140,13451,6643,485,312,24030,507,439,50,470,400,44,664,566,66,507,439,50,Finisher,1301
August,Felso,August Felso,735,M30-34,Male,Cambridge,Massachusetts,United States,US,0:49:49,3:34:34,2:10:04,0:03:14,0:02:57,6:40:37,2989,12874,7804,194,177,24037,508,440,87,395,337,64,585,507,96,508,440,87,Finisher,700
Jorge,Ortiz,Jorge Ortiz,271,M50-54,Male,Quito,Pichincha,Ecuador,EC,0:38:56,3:01:13,2:52:03,0:03:34,0:04:53,6:40:38,2336,10873,10323,214,293,24038,509,441,22,80,71,1,198,182,7,509,441,22,Finisher,1729
Paula,Veintimilla,Paula Veintimilla,167,F18-24,Female,Guayaquil,EC-G,Ecuador,EC,0:49:55,3:22:15,2:22:05,0:04:04,0:02:29,6:40:49,2995,12135,8525,244,149,24049,510,69,4,404,60,5,500,59,4,510,69,4,Finisher,2466
Fernando,Araujo,Fernando Araujo,799,M45-49,Male,Puerto Ayora,Galapagos,Ecuador,EC,0:58:22,3:10:49,2:18:33,0:05:46,0:07:52,6:41:23,3502,11449,8313,346,472,24083,511,442,51,609,512,62,492,434,50,511,442,51,Finisher,1285
Jorge,Sanchez,Jorge Sanchez,389,M25-29,Male,Quito,Pichincha,Ecuador,EC,0:47:58,3:25:18,2:21:26,0:04:17,0:02:23,6:41:23,2878,12318,8486,257,143,24083,512,443,59,331,281,44,511,450,57,512,443,59,Finisher,1521
Leonardo,Baez,Leonardo Baez,641,M50-54,Male,Quito,Pichincha,Ecuador,EC,0:39:38,3:11:19,2:38:39,0:06:37,0:05:21,6:41:35,2378,11479,9519,397,321,24095,513,444,23,93,82,2,347,313,18,513,444,23,Finisher,1712
Richard,Vargas,Richard Vargas,653,M50-54,Male,SANGOLQUI,EC-P,Ecuador,EC,0:56:59,3:15:08,2:17:27,0:05:22,0:06:46,6:41:42,3419,11708,8247,322,406,24102,514,445,24,579,492,28,510,449,26,514,445,24,Finisher,1709
Byron,Romero,Byron Romero,648,M60-64,Male,Quito,EC-P,Ecuador,EC,0:44:12,3:10:04,2:38:50,0:04:39,0:03:59,6:41:44,2652,11404,9530,279,239,24104,515,446,10,218,187,3,358,324,8,515,446,10,Finisher,2343
Juan,Enríquez,Juan Enríquez,693,M35-39,Male,Guayaquil,Guayas,Ecuador,EC,0:57:08,3:20:57,2:16:04,0:04:15,0:03:22,6:41:46,3428,12057,8164,255,202,24106,516,447,97,582,494,101,551,479,104,516,447,97,Finisher,1154
Dennis,Conde,Dennis Conde,183,M25-29,Male,Quito,Guayas,Ecuador,EC,0:47:44,3:16:50,2:21:32,0:04:52,0:11:01,6:41:59,2864,11810,8492,292,661,24119,517,448,60,321,273,43,442,395,50,517,448,60,Finisher,1510
Pedro,Lucas,Pedro Lucas,918,M30-34,Male,Manta,Manabí,Ecuador,EC,0:56:33,3:13:24,2:18:32,0:04:47,0:08:56,6:42:12,3393,11604,8312,287,536,24132,518,449,88,569,482,95,491,433,84,518,449,88,Finisher,700
Marco,Said,Marco Said,263,M18-24,Male,Quito,Pichincha,Ecuador,EC,1:01:34,3:22:41,2:09:32,0:04:13,0:04:16,6:42:15,3694,12161,7772,253,256,24135,519,450,32,656,547,35,593,512,32,519,450,32,Finisher,885
Maria Emilia,Villacreces,Maria Emilia Villacreces,483,F18-24,Female,Ecuatoriano,Tungurahua,Ecuador,EC,0:48:54,3:34:51,2:10:46,0:04:02,0:03:48,6:42:22,2934,12891,7846,242,228,24142,520,70,5,368,57,4,587,79,6,520,70,5,Finisher,2438
Patricio,Lucero,Patricio Lucero,615,M45-49,Male,Ambato,Tungurahua,Ecuador,EC,0:54:54,3:23:47,2:11:03,0:06:02,0:06:43,6:42:29,3294,12227,7863,362,403,24149,521,451,52,543,463,54,565,490,57,521,451,52,Finisher,1265
Carlos Israel,López Hoyos,Carlos Israel López Hoyos,481,M35-39,Male,Quito,Pichincha,Ecuador,EC,0:44:19,3:22:01,2:25:01,0:04:55,0:06:35,6:42:51,2659,12121,8701,295,395,24171,522,452,98,220,189,42,459,410,91,522,452,98,Finisher,1135
Carlos,Pazmiño ,Carlos Pazmiño,450,M30-34,Male,QUITO,EC-P,Ecuador,EC,0:57:39,3:34:53,2:02:32,0:04:02,0:03:47,6:42:53,3459,12893,7352,242,227,24173,523,453,89,591,502,99,633,544,103,523,453,89,Finisher,700
Luis ,Hernandez,Luis Hernandez,457,M40-44,Male,Quito,EC-P,Ecuador,EC,0:52:40,3:14:35,2:27:16,0:04:48,0:03:58,6:43:16,3160,11675,8836,288,238,24196,524,454,81,480,407,69,466,414,74,524,454,81,Finisher,1486
Francisco,Orozco,Francisco Orozco,168,M30-34,Male,Manta,Manabí,Ecuador,EC,0:48:12,3:29:43,2:09:43,0:05:23,0:10:24,6:43:25,2892,12583,7783,323,624,24205,525,455,90,338,288,56,552,480,92,525,455,90,Finisher,700
Ana Belén,Vicuña,Ana Belén Vicuña,277,F35-39,Female,Quito,Pichincha,Ecuador,EC,0:40:05,3:40:14,2:13:54,0:04:46,0:04:31,6:43:30,2405,13214,8034,286,271,24210,526,71,17,109,14,2,566,76,15,526,71,17,Finisher,2412
Belen Jacqueline,lopez Revelo,Belen Jacqueline lopez Revelo,601,F40-44,Female,Cuenca,Azuay,Estonia,EE,0:57:37,3:23:44,2:15:25,0:02:46,0:04:00,6:43:31,3457,12224,8125,166,240,24211,527,72,13,590,89,12,556,74,14,527,72,13,Finisher,1854
Erik Israel,Armas Flores,Erik Israel Armas Flores,697,M35-39,Male,Quito,Pichincha,Ecuador,EC,1:09:03,3:22:35,2:03:02,0:04:09,0:04:52,6:43:42,4143,12155,7382,249,292,24222,528,456,99,712,593,124,627,538,113,528,456,99,Finisher,1119
Jorge,Rodriguez,Jorge Rodriguez,560,M35-39,Male,Guayaquil,EC-G,Ecuador,EC,0:47:14,3:25:59,2:21:19,0:06:22,0:03:12,6:44:06,2834,12359,8479,382,192,24246,529,457,100,304,259,53,530,464,100,529,457,100,Finisher,1112
EDDY ALEJANDRO,TORRES,EDDY ALEJANDRO TORRES,745,M25-29,Male,Quito,EC-P,Ecuador,EC,0:55:13,3:30:23,2:01:23,0:09:03,0:08:21,6:44:23,3313,12623,7283,543,501,24263,530,458,61,548,466,64,624,535,65,530,458,61,Finisher,1467
Alejandra,Borja Mendoza,Alejandra Borja Mendoza,834,F35-39,Female,Quito,Pichincha,Ecuador,EC,0:54:06,3:32:21,2:11:10,0:04:11,0:03:21,6:45:09,3246,12741,7870,251,201,24309,531,73,18,521,78,14,605,85,19,531,73,18,Finisher,2382
Alfredo Roberto,Pazmiño Alvarez,Alfredo Roberto Pazmiño Alvarez,702,M45-49,Male,Ambato,Tungurahua,Ecuador,EC,0:53:39,3:09:07,2:34:31,0:03:24,0:04:31,6:45:11,3219,11347,9271,204,271,24311,532,459,53,506,430,50,423,378,46,532,459,53,Finisher,1217
Carla ,Noriega,Carla Noriega,177,F30-34,Female,Quito,EC-P,Ecuador,EC,0:43:24,3:35:25,2:20:20,0:03:05,0:03:06,6:45:20,2604,12925,8420,185,186,24320,533,74,18,196,25,9,550,72,20,533,74,18,Finisher,1499
LUIS FELIPE,RIOS ESCALERAS,LUIS FELIPE RIOS ESCALERAS,170,M40-44,Male,QUITO,EC-P,Ecuador,EC,1:06:30,3:18:13,2:08:38,0:06:34,0:05:42,6:45:37,3990,11893,7718,394,342,24337,534,460,82,701,584,107,610,525,102,534,460,82,Finisher,1443
María Sol ,Samaniego Vivanco ,María Sol Samaniego Vivanco,524,F25-29,Female,Loja ,EC-L,Ecuador,EC,0:49:21,3:38:32,2:10:22,0:03:31,0:03:50,6:45:37,2961,13112,7822,211,230,24337,535,75,11,379,58,10,611,86,15,535,75,11,Finisher,1870
Carlos,Ramirez,Carlos Ramirez,514,M35-39,Male,Quito,Pichincha,Ecuador,EC,1:02:31,3:18:32,2:16:03,0:03:27,0:05:06,6:45:39,3751,11912,8163,207,306,24339,536,461,101,663,553,116,564,489,106,536,461,101,Finisher,1084
Enrique  Antonio,Pereira Vrabl,Enrique  Antonio Pereira Vrabl,290,M65-69,Male,Asunción,PY-ASU,Uruguay,UY,0:43:12,2:50:46,3:00:13,0:06:30,0:05:04,6:45:46,2592,10246,10813,390,304,24346,537,462,2,189,168,3,162,152,1,537,462,2,Finisher,2799
Amilcar,Rivera,Amilcar Rivera,701,M35-39,Male,San Gabriel,EC-Sucumbíos,Ecuador,EC,1:03:51,3:11:14,2:24:19,0:03:38,0:02:48,6:45:51,3831,11474,8659,218,168,24351,538,463,102,678,565,119,523,458,98,538,463,102,Finisher,1081
José Andres,Hidalgo Cueva ,José Andres Hidalgo Cueva,287,M35-39,Male,Cariamanga,Loja,Ecuador,EC,1:05:16,3:35:45,1:55:53,0:05:14,0:05:01,6:47:08,3916,12945,6953,314,301,24428,539,464,103,690,576,123,670,569,122,539,464,103,Finisher,1058
Edwin,Jacome,Edwin Jacome,895,M35-39,Male,Guayaquil,Guayas,Ecuador,EC,0:41:51,3:15:59,2:38:40,0:05:35,0:05:38,6:47:43,2511,11759,9520,335,338,24463,540,465,104,153,137,29,398,358,75,540,465,104,Finisher,1047
Pedro David,Pesántez,Pedro David Pesántez,620,M25-29,Male,Cuenca,Azuay,Ecuador,EC,0:52:55,3:28:07,2:14:08,0:05:47,0:07:32,6:48:29,3175,12487,8048,347,452,24509,541,466,62,486,412,60,580,503,62,541,466,62,Finisher,1393
Diego,Caicedo,Diego Caicedo,294,M45-49,Male,SAN RAFAEL VALLE DE LOS CHILLOS,Pichincha ,Ecuador,EC,0:52:16,3:27:59,2:19:35,0:03:55,0:04:48,6:48:32,3136,12479,8375,235,288,24512,542,467,54,468,399,43,559,485,55,542,467,54,Finisher,1156
Pedro,Leon,Pedro Leon,323,M30-34,Male,Quito,Pichincha ,Ecuador,EC,0:51:05,3:22:08,2:25:15,0:05:29,0:04:53,6:48:49,3065,12128,8715,329,293,24529,543,468,91,435,373,76,522,457,91,543,468,91,Finisher,700
Dayana,Carrera,Dayana Carrera,235,F30-34,Female,Quito,Pichincha,Ecuador,EC,0:47:55,3:26:28,2:24:35,0:03:29,0:06:56,6:49:23,2875,12388,8675,209,416,24563,544,76,19,329,50,16,515,62,18,544,76,19,Finisher,1426
Jhon,Vacacela,Jhon Vacacela,403,M30-34,Male,Quito,Pichincha,Ecuador,EC,0:59:18,3:22:25,2:18:24,0:05:31,0:04:00,6:49:38,3558,12145,8304,331,240,24578,545,469,92,620,521,102,582,504,95,545,469,92,Finisher,700
Stefania,Sanchez,Stefania Sanchez,401,F45-49,Female,Manta,EC-M,Ecuador,EC,1:06:30,3:24:14,2:12:05,0:03:06,0:03:53,6:49:48,3990,12254,7925,186,233,24588,546,77,7,700,117,14,621,89,9,546,77,7,Finisher,2215
Darwin,Lopez,Darwin Lopez,408,M35-39,Male,Quito,Pichicncha,Ecuador,EC,0:59:42,3:23:25,2:17:45,0:05:36,0:03:40,6:50:08,3582,12205,8265,336,220,24608,547,470,105,629,529,107,595,514,109,547,470,105,Finisher,1004
Ángela,Tuapanta,Ángela Tuapanta,438,F25-29,Female,Guayaquil,Guayas,Ecuador,EC,0:58:15,3:30:46,2:14:21,0:03:41,0:03:56,6:50:59,3495,12646,8061,221,236,24659,548,78,12,608,97,17,618,88,16,548,78,12,Finisher,1773
Christian,Caicedo,Christian Caicedo,333,M50-54,Male,Ibarra,Imbabura,Ecuador,EC,0:49:35,3:10:16,2:43:45,0:03:28,0:04:01,6:51:05,2975,11416,9825,208,241,24665,549,471,25,388,330,18,397,357,19,549,471,25,Finisher,1541
Henry,Guachamin,Henry Guachamin,716,M30-34,Male,Quito,Pichincha,Ecuador,EC,0:50:10,3:23:11,2:29:59,0:04:31,0:03:29,6:51:19,3010,12191,8999,271,209,24679,550,472,93,413,353,69,513,452,89,550,472,93,Finisher,700
Geovanny ,Castro,Geovanny Castro,849,M45-49,Male,Quito,EC-P,Ecuador,EC,0:57:53,3:17:32,2:23:46,0:06:25,0:05:51,6:51:28,3473,11852,8626,385,351,24688,551,473,55,599,507,60,549,478,54,551,473,55,Finisher,1103
BYRON,MORALES,BYRON MORALES,793,M30-34,Male,QUITO,EC-P,Ecuador,EC,1:01:21,3:26:47,2:13:30,0:05:18,0:04:42,6:51:39,3681,12407,8010,318,282,24699,552,474,94,652,544,107,620,532,101,552,474,94,Finisher,700
Paul Fernando ,Arcentales Chaw,Paul Fernando Arcentales Chaw,592,M40-44,Male,Portoviejo ,MANABI,Ecuador,EC,0:53:52,3:25:27,2:23:22,0:04:50,0:04:16,6:51:47,3232,12327,8602,290,256,24707,553,475,83,515,438,75,558,484,91,553,475,83,Finisher,1332
Mateo,Maldonado,Mateo Maldonado,278,M25-29,Male,quito,Pichincha,Ecuador,EC,0:48:24,3:25:54,2:28:37,0:04:27,0:04:42,6:52:03,2904,12354,8917,267,282,24723,554,476,63,343,293,47,525,460,59,554,476,63,Finisher,1329
Andrea,Alarcon,Andrea Alarcon,250,F30-34,Female,Manta,FL,Ecuador,EC,0:58:13,3:10:15,2:37:00,0:02:58,0:03:40,6:52:06,3493,11415,9420,178,220,24726,555,79,20,607,96,24,460,50,15,555,79,20,Finisher,1377
Carlos,Andrade Rueda,Carlos Andrade Rueda,308,M65-69,Male,Ibarra,Imbabura,Ecuador,EC,1:02:23,3:20:19,2:19:07,0:05:35,0:04:42,6:52:07,3743,12019,8347,335,282,24727,556,477,3,661,551,6,591,510,5,556,477,3,Finisher,2685
Juan,Enriquez Rosales,Juan Enriquez Rosales,156,M30-34,Male,Quito,Pichincha,Estonia,EE,0:47:00,3:15:41,2:40:05,0:04:58,0:04:41,6:52:25,2820,11741,9605,298,281,24745,557,478,95,299,254,52,430,384,75,557,478,95,Finisher,700
Pamela,Mendoza Díaz,Pamela Mendoza Díaz,251,F25-29,Female,Manta,Manabí,Ecuador,EC,0:51:45,3:14:26,2:38:36,0:03:26,0:04:15,6:52:28,3105,11666,9516,206,255,24748,558,80,13,453,67,13,446,48,8,558,80,13,Finisher,1747
Fabian,Vasconez,Fabian Vasconez,652,M60-64,Male,PUEMBO,Los Ríos,Ecuador,EC,0:45:47,3:18:31,2:39:00,0:05:14,0:04:05,6:52:38,2747,11911,9540,314,245,24758,559,479,11,264,223,4,444,397,10,559,479,11,Finisher,2147
Karina,Sirimarco,Karina Sirimarco,267,F50-54,Female,"CABA, Buenos Aires",Buenos Aires City Region,Argentina,AR,0:51:09,3:38:19,2:09:37,0:07:27,0:06:44,6:53:16,3069,13099,7777,447,404,24796,560,81,5,437,63,5,634,90,5,560,81,5,Finisher,1789
Diego,Basantes,Diego Basantes,386,M35-39,Male,Quito,EC-P,Ecuador,EC,0:48:42,3:30:28,2:20:39,0:06:55,0:06:52,6:53:36,2922,12628,8439,415,412,24816,561,480,106,357,305,64,578,501,108,561,480,106,Finisher,941
Alan Bayardo,Torres Rivadeneira,Alan Bayardo Torres Rivadeneira,429,M40-44,Male,Otavalo,Imbabura,Estonia,EE,0:55:37,3:22:21,2:23:38,0:07:35,0:05:11,6:54:22,3337,12141,8618,455,311,24862,562,481,84,552,469,86,573,497,95,562,481,84,Finisher,1286
Romel,Chavez,Romel Chavez,520,M35-39,Male,AMBATO,TUNGURAHUA,Ecuador,EC,0:52:08,3:18:15,2:26:48,0:09:18,0:07:58,6:54:26,3128,11895,8808,558,478,24866,563,482,107,465,396,82,531,465,101,563,482,107,Finisher,926
Carlos Eduardo,Jácome Cevallos,Carlos Eduardo Jácome Cevallos,307,M40-44,Male,Ibarra,NJ,Ecuador,EC,0:41:46,3:15:05,2:47:52,0:04:13,0:06:32,6:55:29,2506,11705,10072,253,392,24929,564,483,85,150,134,17,379,341,57,564,483,85,Finisher,1266
Eduardo,Cabay,Eduardo Cabay,176,M35-39,Male,Francisco de Orellana,Orellana,Ecuador,EC,1:03:22,3:33:21,2:07:12,0:05:19,0:06:20,6:55:33,3802,12801,7632,319,380,24933,565,484,108,674,562,118,649,554,118,565,484,108,Finisher,906
Oscar,Yagual,Oscar Yagual,435,M45-49,Male,Guayaquil,EC-G,Ecuador,EC,0:49:58,3:22:42,2:33:19,0:03:47,0:06:20,6:56:05,2998,12162,9199,227,380,24965,566,485,56,406,346,35,503,443,52,566,485,56,Finisher,1020
Mauro,Rezabala,Mauro Rezabala,327,M45-49,Male,MANTA,Manabi,Ecuador,EC,1:05:37,3:33:06,2:07:34,0:04:45,0:05:16,6:56:18,3937,12786,7654,285,316,24978,567,486,57,694,580,70,657,560,65,567,486,57,Finisher,1016
Ricardo Enrique,Ocampo Figueroa,Ricardo Enrique Ocampo Figueroa,172,M30-34,Male,Guayaquil,Guayas,Andorra,AD,0:55:57,3:37:49,2:10:55,0:06:24,0:05:36,6:56:42,3357,13069,7855,384,336,25002,568,487,96,559,474,94,644,551,106,568,487,96,Finisher,700
Santiago,Valencia,Santiago Valencia,255,M45-49,Male,QUITO,EC-P,Ecuador,EC,0:52:09,3:15:37,2:41:37,0:03:52,0:03:51,6:57:06,3129,11737,9697,232,231,25026,569,488,58,466,397,42,462,412,47,569,488,58,Finisher,1002
David,Argudo,David Argudo,933,M18-24,Male,Quito,Pichincha,Ecuador,EC,0:45:00,3:41:28,2:15:40,0:06:14,0:08:49,6:57:12,2700,13288,8140,374,529,25032,570,489,33,240,203,20,619,531,33,570,489,33,Finisher,700
Jhoanna Lizeth,Tashiguano Tutillo,Jhoanna Lizeth Tashiguano Tutillo,453,F25-29,Female,Quito,Pichincha,Ecuador,EC,0:52:57,3:32:32,2:23:20,0:04:22,0:04:25,6:57:35,3177,12752,8600,262,265,25055,571,82,14,487,75,14,599,82,14,571,82,14,Finisher,1655
Elizabeth,Cabrera,Elizabeth Cabrera,838,F40-44,Female,QUITO,Pichincha,Ecuador,EC,0:56:22,3:18:41,2:30:27,0:04:25,0:07:51,6:57:46,3382,11921,9027,265,471,25066,572,83,14,564,87,11,527,66,12,572,83,14,Finisher,1598
Danny,Vaque,Danny Vaque,828,M45-49,Male,Guayaquil ,Guayas,Ecuador,EC,0:57:55,3:22:47,2:27:07,0:05:20,0:04:45,6:57:54,3475,12167,8827,320,285,25074,573,490,59,600,508,61,577,500,58,573,490,59,Finisher,988
Santiago,Chiriboga,Santiago Chiriboga,602,M50-54,Male,Quito,EC-P,Ecuador,EC,0:45:23,3:16:53,2:47:35,0:04:41,0:03:45,6:58:17,2723,11813,10055,281,225,25097,574,491,26,247,209,11,427,381,21,574,491,26,Finisher,1411
Piotr,Przedlacki,Piotr Przedlacki,346,M50-54,Male,Gdansk,,Poland,PL,0:55:59,3:17:17,2:33:12,0:06:18,0:05:52,6:58:38,3359,11837,9192,378,352,25118,575,492,27,560,475,26,529,463,28,575,492,27,Finisher,1405
Maria de los Angeles,Rodriguez Aroca,Maria de los Angeles Rodriguez Aroca,382,F45-49,Female,Guayaquil,EC-G,Ecuador,EC,0:51:54,3:25:54,2:34:32,0:02:39,0:03:40,6:58:38,3114,12354,9272,159,220,25118,576,84,8,460,68,8,539,68,8,576,84,8,Finisher,2056
Jhon,Espinoza,Jhon Espinoza,202,M35-39,Male,quito,EC-P,Ecuador,EC,1:03:05,3:33:10,2:11:33,0:05:52,0:05:12,6:58:52,3785,12790,7893,352,312,25132,577,493,109,672,560,117,650,555,119,577,493,109,Finisher,846
Pablo Andrés,Guerra,Pablo Andrés Guerra,199,M40-44,Male,Quito,EC-P,Ecuador,EC,0:46:22,3:36:57,2:22:55,0:05:41,0:07:16,6:59:11,2782,13017,8575,341,436,25151,578,494,86,282,240,42,596,515,97,578,494,86,Finisher,1199
jose,gerstle,jose gerstle,118,M65-69,Male,"santiago, CHILE",Santiago Metropolitan Region,Chile,CL,1:03:55,3:34:36,2:12:25,0:03:40,0:04:39,6:59:15,3835,12876,7945,220,279,25155,579,495,4,680,567,7,651,556,7,579,495,4,Finisher,2556
JOHNNY,TOALOMBO,JOHNNY TOALOMBO,234,M30-34,Male,QUITO,PICHINCHA,Ecuador,EC,0:54:07,3:36:04,2:18:58,0:05:49,0:04:21,6:59:19,3247,12964,8338,349,261,25159,580,496,97,523,445,87,628,539,102,580,496,97,Finisher,700
Santiago,Andrade,Santiago Andrade,477,M50-54,Male,Otavalo,EC-I,Ecuador,EC,0:50:43,3:26:47,2:33:28,0:04:00,0:04:33,6:59:30,3043,12407,9208,240,273,25170,581,497,28,430,368,21,547,476,30,581,497,28,Finisher,1389
Santiago,Brito,Santiago Brito,908,M30-34,Male,Riobamba,Chimborazo,Ecuador,EC,1:03:34,3:20:18,2:25:31,0:04:21,0:06:25,7:00:10,3814,12018,8731,261,385,25210,582,498,98,676,564,109,589,509,97,582,498,98,Finisher,700
María Augusta ,pazmiño,María Augusta pazmiño,451,F35-39,Female,Quito,Pichincha,Ecuador,EC,0:57:59,3:35:03,2:18:52,0:04:18,0:04:06,7:00:18,3479,12903,8332,258,246,25218,583,85,19,602,93,17,635,91,21,583,85,19,Finisher,2110
Carlos,Fonseca,Carlos Fonseca,525,M30-34,Male,Loja,EC-L,Ecuador,EC,0:49:25,3:38:33,2:25:08,0:03:32,0:03:56,7:00:33,2965,13113,8708,212,236,25233,584,499,99,382,324,63,612,526,100,584,499,99,Finisher,700
Juan Carlos,Izquierdo Lara,Juan Carlos Izquierdo Lara,889,M40-44,Male,Guayaquil,Guayas,Ecuador,EC,0:46:46,3:21:35,2:42:04,0:04:34,0:05:52,7:00:50,2806,12095,9724,274,352,25250,585,500,87,292,248,44,477,422,78,585,500,87,Finisher,1169
Ivan ,Aguirre,Ivan Aguirre,534,M50-54,Male,Quito,Pichincha,Ecuador,EC,1:02:37,3:08:56,2:37:34,0:06:19,0:06:12,7:01:38,3757,11336,9454,379,372,25298,586,501,29,665,555,33,514,453,27,586,501,29,Finisher,1351
Gabriel,Morales,Gabriel Morales,722,M30-34,Male,Quito,Pichincha,Ecuador,EC,0:52:39,3:16:14,2:42:23,0:05:02,0:05:29,7:01:46,3159,11774,9743,302,329,25306,587,502,100,478,405,79,482,426,82,587,502,100,Finisher,700
Gabriel,Salas Vinueza,Gabriel Salas Vinueza,207,M35-39,Male,Quito,Pichincha,Ecuador,EC,0:51:38,3:23:32,2:34:11,0:04:45,0:08:04,7:02:10,3098,12212,9251,285,484,25330,588,503,110,450,384,76,533,467,102,588,503,110,Finisher,787
santiago,hernandez,santiago hernandez,851,M40-44,,BAHIA DE CARAQUEZ,EC-M,Ecuador,EC,0:51:13,3:08:59,2:53:07,0:04:05,0:04:57,7:02:22,3073,11339,10387,245,297,25342,589,504,88,440,377,64,405,365,63,589,504,88,Finisher,1142
Camila ,Altamirano,Camila Altamirano,331,F25-29,Female,Quito,EC-P,Ecuador,EC,0:50:38,3:27:58,2:34:57,0:05:02,0:04:21,7:02:57,3038,12478,9297,302,261,25377,590,86,15,427,62,11,553,73,11,590,86,15,Finisher,1558
Diego Andrés ,Carrillo López ,Diego Andrés Carrillo López,361,M65-69,Male,Otavalo ,Imbabura,Ecuador,EC,0:41:53,3:39:31,2:31:52,0:04:00,0:05:54,7:03:11,2513,13171,9112,240,354,25391,591,505,5,154,138,2,571,495,3,591,505,5,Finisher,2486
Diana Pamela,Escalante Cadena,Diana Pamela Escalante Cadena,241,F35-39,Female,Madrid,Madrid,Ecuador,EC,0:57:03,4:01:49,1:57:43,0:02:45,0:04:23,7:03:43,3423,14509,7063,165,263,25423,592,87,20,581,88,16,698,111,27,592,87,20,Finisher,2048
Kevin,Cando,Kevin Cando,656,M30-34,Male,Quito,Pichincha,Denmark,DK,0:55:25,3:39:02,2:21:15,0:04:21,0:04:05,7:04:09,3325,13142,8475,261,245,25449,593,506,101,549,467,93,638,546,104,593,506,101,Finisher,700
Jorge ,Montes,Jorge Montes,555,M50-54,Male,Puyo,Pastaza,Ecuador,EC,0:59:33,3:14:08,2:35:38,0:07:13,0:07:40,7:04:12,3573,11648,9338,433,460,25452,594,507,30,626,527,31,544,474,29,594,507,30,Finisher,1304
Daniel Fernando,Dominguez Estevez,Daniel Fernando Dominguez Estevez,349,M40-44,Male,Quito,Pichincha,Ecuador,EC,1:01:11,3:20:09,2:34:24,0:03:58,0:04:53,7:04:33,3671,12009,9264,238,293,25473,595,508,89,650,543,97,570,494,94,595,508,89,Finisher,1103
Edward,Briones,Edward Briones,436,M50-54,Male,Guayaquil,EC-G,Ecuador,EC,0:51:31,3:16:32,2:37:37,0:06:35,0:12:30,7:04:45,3091,11792,9457,395,750,25485,596,509,31,447,381,23,487,430,23,596,509,31,Finisher,1295
Francisco,Rosero,Francisco Rosero,351,M65-69,Male,Ibarra,IMBABURA,Ecuador,EC,0:41:31,3:46:05,2:26:07,0:04:32,0:06:46,7:05:01,2491,13565,8767,272,406,25501,597,510,6,143,128,1,616,530,6,597,510,6,Finisher,2453
EVELIN TATIANA,GUARANDA JARAMILLO,EVELIN TATIANA GUARANDA JARAMILLO,618,F30-34,Female,QUITO,PICHINCHA,Ecuador,EC,1:01:14,3:40:50,2:17:00,0:03:27,0:02:35,7:05:06,3674,13250,8220,207,155,25506,598,88,21,651,108,25,665,99,21,598,88,21,Finisher,1143
Daniel,Jarrin Checa,Daniel Jarrin Checa,547,M40-44,Male,QUITO,Pichincha,Ecuador,EC,0:43:27,3:34:26,2:38:27,0:03:35,0:05:38,7:05:33,2607,12866,9507,215,338,25533,599,511,90,197,172,26,546,475,89,599,511,90,Finisher,1085
ROBINSON,GAVILANES,ROBINSON GAVILANES,479,M18-24,Male,Ambato,tungurahua,Ecuador,EC,1:04:23,3:38:06,2:14:22,0:04:06,0:04:51,7:05:47,3863,13086,8062,246,291,25547,600,512,34,686,573,37,673,570,36,600,512,34,Finisher,700
Daniel,Orellana,Daniel Orellana,209,M35-39,Male,Quito,Pichincha,Ecuador,EC,1:09:34,3:22:30,2:23:35,0:04:21,0:05:51,7:05:52,4174,12150,8615,261,351,25552,601,513,111,713,594,125,629,540,114,601,513,111,Finisher,720
Alexandra,Bernal,Alexandra Bernal,818,F45-49,Female,Cuenca ,Azuay,Ecuador,EC,0:55:26,3:56:29,2:06:25,0:04:21,0:03:18,7:05:59,3326,14189,7585,261,198,25559,602,89,9,550,83,11,688,107,13,602,89,9,Finisher,1924
Marie Emilia ,Mosquera Cevallos ,Marie Emilia Mosquera Cevallos,415,F18-24,Female,Quito,Pichincha ,Ecuador,EC,0:52:26,3:30:04,2:32:42,0:04:19,0:06:43,7:06:14,3146,12604,9162,259,403,25574,603,90,6,472,71,7,581,78,5,603,90,6,Finisher,2009
Oscar,Fiallos,Oscar Fiallos,874,M40-44,Male,Guayaquil,Guayas,Ecuador,EC,0:54:20,3:25:46,2:35:23,0:05:04,0:05:49,7:06:21,3260,12346,9323,304,349,25581,604,514,91,527,449,80,569,493,93,604,514,91,Finisher,1070
Guido Alexander,Alava Loor,Guido Alexander Alava Loor,362,M45-49,Male,Portoviejo,Manabi,Ecuador,EC,0:59:33,3:07:38,2:43:20,0:07:30,0:08:20,7:06:21,3573,11258,9800,450,500,25581,605,515,60,628,528,64,489,432,49,605,515,60,Finisher,836
David,Valverde Rubio,David Valverde Rubio,728,M35-39,Male,Quito,Pichincha,Ecuador,EC,0:46:19,3:23:07,2:44:06,0:06:44,0:06:18,7:06:34,2779,12187,9846,404,378,25594,606,516,112,280,238,50,499,441,96,606,516,112,Finisher,708
Diego,Pardo Bermeo,Diego Pardo Bermeo,654,M40-44,Male,Cariamanga,Loja,Ecuador,EC,0:49:53,3:19:18,2:38:26,0:11:14,0:07:56,7:06:46,2993,11958,9506,674,476,25606,607,517,92,398,340,56,538,471,86,607,517,92,Finisher,1063
Anthony Stefano,Vera Carvajal,Anthony Stefano Vera Carvajal,612,M18-24,Male,Guayaquil,Guayas,Ecuador,EC,0:56:51,3:43:21,2:18:55,0:03:28,0:04:16,7:06:51,3411,13401,8335,208,256,25611,608,518,35,575,488,32,658,561,35,608,518,35,Finisher,700
Carlos,Franco Guerrero,Carlos Franco Guerrero,858,M45-49,Male,El Coca,Orellana oriental,Ecuador,EC,0:47:45,3:34:57,2:32:46,0:05:44,0:05:54,7:07:06,2865,12897,9166,344,354,25626,609,519,61,323,275,24,592,511,60,609,519,61,Finisher,822
Francisco,Lucero,Francisco Lucero,613,M35-39,Male,Ambato,Tungurahua,Ecuador,EC,0:33:43,3:50:53,2:31:17,0:05:14,0:06:01,7:07:10,2023,13853,9077,314,361,25630,610,520,113,21,20,8,600,518,110,610,520,113,Finisher,700
Carolina,Chacón,Carolina Chacón,312,F35-39,Female,Quito,EC-P,Ecuador,EC,0:43:08,3:54:17,2:22:19,0:04:10,0:03:37,7:07:30,2588,14057,8539,250,217,25650,611,91,21,187,21,5,647,95,24,611,91,21,Finisher,1980
Rosi ,Recalde,Rosi Recalde,827,F35-39,Female,Quito,Pichincha,Ecuador,EC,1:02:16,3:29:28,2:24:44,0:06:23,0:04:47,7:07:38,3736,12568,8684,383,287,25658,612,92,22,659,110,25,636,92,22,612,92,22,Finisher,1978
Carlos ,Verdezoto,Carlos Verdezoto,829,M25-29,Male,San Miguel,Bolívar,Ecuador,EC,0:51:24,3:41:41,2:26:11,0:03:25,0:05:05,7:07:46,3084,13301,8771,205,305,25666,613,521,64,444,379,56,631,542,66,613,521,64,Finisher,1046
Ulvio,Pinoargote,Ulvio Pinoargote,760,M45-49,Male,Jaramijó,EC-M,Ecuador,EC,0:50:36,3:38:27,2:26:01,0:06:06,0:07:31,7:08:41,3036,13107,8761,366,451,25721,614,522,62,425,364,38,625,536,63,614,522,62,Finisher,794
Nicolás,Bastidas,Nicolás Bastidas,917,M18-24,Male,Guayaquil,Guayas,Ecuador,EC,0:59:29,3:32:30,2:20:29,0:07:04,0:09:27,7:08:59,3569,12750,8429,424,567,25739,615,523,36,623,524,34,639,547,34,615,523,36,Finisher,700
Andrea,Manotoa,Andrea Manotoa,884,F35-39,Female,QUITO,Intl State,Ecuador,EC,0:58:38,3:37:38,2:26:09,0:03:53,0:02:53,7:09:11,3518,13058,8769,233,173,25751,616,93,23,613,98,18,643,93,23,616,93,23,Finisher,1950
Diego,Garcia Burbano,Diego Garcia Burbano,850,M35-39,Male,Springfield,VIRGINIA,Ecuador,EC,0:49:41,3:46:50,2:21:21,0:05:53,0:05:27,7:09:12,2981,13610,8481,353,327,25752,617,524,114,392,334,70,654,558,120,617,524,114,Finisher,700
Williams,Guerrero,Williams Guerrero,582,M35-39,Male,Quito,Pichincha,Ecuador,EC,1:02:20,3:31:31,2:21:58,0:06:10,0:07:21,7:09:21,3740,12691,8518,370,441,25761,618,525,115,660,550,115,642,550,117,618,525,115,Finisher,700
Gema ,Hidalgo,Gema Hidalgo,725,F35-39,Female,Portoviejo-Manabi ,Manabí,Ecuador,EC,0:50:34,3:35:14,2:33:06,0:04:33,0:05:59,7:09:26,3034,12914,9186,273,359,25766,619,94,24,423,61,10,602,83,17,619,94,24,Finisher,1945
Carlos,Echeverria,Carlos Echeverria,222,M40-44,Male,Pembroke Pines,Florida,United States,US,0:53:42,3:33:24,2:35:38,0:02:30,0:05:08,7:10:23,3222,12804,9338,150,308,25823,620,526,93,509,433,74,597,516,98,620,526,93,Finisher,998
Alex,Baquerizo,Alex Baquerizo,857,M55-59,Male,WELLINGTON,Florida,United States,US,0:57:28,3:22:44,2:34:51,0:06:31,0:08:55,7:10:29,3448,12164,9291,391,535,25829,621,527,7,588,500,8,579,502,7,621,527,7,Finisher,1634
PABLO,ALMEIDA ,PABLO ALMEIDA,424,M35-39,Male,quito,Pichincha,Ecuador,EC,0:52:50,3:19:04,2:45:40,0:05:26,0:07:47,7:10:48,3170,11944,9940,326,467,25848,622,528,116,485,411,85,507,447,97,622,528,116,Finisher,700
Juan David,Vaca,Juan David Vaca,420,M45-49,Male,Quito,Pichincha,Ecuador,EC,0:53:02,3:38:53,2:31:50,0:03:21,0:03:59,7:11:04,3182,13133,9110,201,239,25864,623,529,63,489,414,46,626,537,64,623,529,63,Finisher,751
Abel,Muñoz Galvez,Abel Muñoz Galvez,205,M50-54,Male,Manta,Manabi,Ecuador,EC,0:56:23,3:22:10,2:39:58,0:05:20,0:07:37,7:11:28,3383,12130,9598,320,457,25888,624,530,32,565,478,27,554,481,32,624,530,32,Finisher,1174
Santiago ,Salazar,Santiago Salazar,739,M40-44,Male,QUITO,EC-P,Ecuador,EC,0:54:36,3:34:04,2:34:25,0:02:55,0:05:39,7:11:39,3276,12844,9265,175,339,25899,625,531,94,535,456,84,613,527,103,625,531,94,Finisher,975
Miguel,Diaz,Miguel Diaz,446,M30-34,Male,Quito,PICHINCHA,Ecuador,EC,0:50:38,3:20:26,2:49:19,0:06:25,0:05:13,7:12:00,3038,12026,10159,385,313,25920,626,532,102,426,365,74,509,448,88,626,532,102,Finisher,700
Marco,Cadena,Marco Cadena,714,M40-44,Male, Cayambe,EC-P,Ecuador,EC,1:00:37,3:03:17,2:56:43,0:05:50,0:05:52,7:12:18,3637,10997,10603,350,352,25938,627,533,95,644,538,96,447,399,70,627,533,95,Finisher,963
Cristian,Zapata,Cristian Zapata,521,M40-44,Male,Quito,PICHINCHA,Ecuador,EC,1:03:06,3:24:41,2:38:17,0:04:11,0:02:08,7:12:23,3786,12281,9497,251,128,25943,628,534,96,673,561,102,615,529,104,628,534,96,Finisher,962
Carlos,Mayorga,Carlos Mayorga,454,M25-29,Male,Ambato ,Tungurahua,Ecuador,EC,1:02:48,3:30:57,2:25:50,0:04:57,0:08:35,7:13:06,3768,12657,8750,297,515,25986,629,535,65,667,556,72,637,545,67,629,535,65,Finisher,950
Jose Luis,Mera Fernández,Jose Luis Mera Fernández,275,M45-49,Male,Manta,Manabi,Ecuador,EC,0:53:58,3:25:02,2:39:37,0:05:15,0:09:19,7:13:11,3238,12302,9577,315,559,25991,630,536,64,517,440,52,560,486,56,630,536,64,Finisher,713
Karen A.,Calderon Espinales,Karen A. Calderon Espinales,395,F35-39,Female,Guayaquil,GUAYAS,Ecuador,EC,1:00:00,3:27:37,2:34:55,0:04:51,0:06:14,7:13:37,3600,12457,9295,291,374,26017,631,95,25,638,104,23,617,87,20,631,95,25,Finisher,1870
Christian,Ibarra,Christian Ibarra,352,M40-44,Male,Ibarra,imbabura,Ecuador,EC,1:04:15,3:22:29,2:36:53,0:04:32,0:05:41,7:13:49,3855,12149,9413,272,341,26029,632,537,97,685,572,105,609,524,101,632,537,97,Finisher,936
NICOLAS,ROJAS,NICOLAS ROJAS,619,M25-29,Male,Cuenca,Azuay,Ecuador,EC,0:51:48,3:44:36,2:28:58,0:04:01,0:05:10,7:14:33,3108,13476,8938,241,310,26073,633,538,66,456,389,58,646,552,68,633,538,66,Finisher,924
Julio,Polit Leon,Julio Polit Leon,645,M30-34,Male,Quito,Pichincha,Ecuador,EC,0:59:15,3:26:43,2:37:58,0:04:39,0:06:17,7:14:52,3555,12403,9478,279,377,26092,634,539,103,619,520,101,604,520,99,634,539,103,Finisher,700
NELSON FABIAN,LLUMIGUSIN,NELSON FABIAN LLUMIGUSIN,891,M40-44,Male,MACHACHI,Pichincha,Ecuador,EC,1:02:33,3:22:25,2:37:02,0:05:15,0:08:48,7:16:02,3753,12145,9422,315,528,26162,635,540,98,664,554,100,601,519,99,635,540,98,Finisher,896
Jorge,Guapacasa,Jorge Guapacasa,154,M35-39,Male,Guayaquil,Guayas,Ecuador,EC,1:05:14,3:25:18,2:37:46,0:03:27,0:04:47,7:16:32,3914,12318,9466,207,287,26192,636,541,117,689,575,122,622,533,111,636,541,117,Finisher,700
Héctor,Andrade Bolaños,Héctor Andrade Bolaños,875,M65-69,Male,Quito,EC-P,Ecuador,EC,0:53:39,3:24:10,2:43:35,0:09:29,0:06:20,7:17:13,3219,12250,9815,569,380,26233,637,542,7,507,431,5,583,505,4,637,542,7,Finisher,2233
Leonardo,Muñoz Aguirre ,Leonardo Muñoz Aguirre,228,M35-39,Male,Quito,EC-P,Ecuador,EC,0:53:18,3:55:59,2:19:21,0:05:11,0:03:24,7:17:13,3198,14159,8361,311,204,26233,638,543,118,494,419,87,685,580,124,638,543,118,Finisher,700
Lizzi Magdalena,Guerrero Rodríguez,Lizzi Magdalena Guerrero Rodríguez,897,F45-49,Female,Samborondon,GUAYAS,Ecuador,EC,1:01:26,3:35:34,2:28:41,0:06:03,0:05:54,7:17:37,3686,12934,8921,363,354,26257,639,96,10,653,109,13,655,97,10,639,96,10,Finisher,1714
Veronica,Grijalva Cisneros,Veronica Grijalva Cisneros,270,F35-39,Female,Quito,Pichincha,Ecuador,EC,0:59:57,3:40:07,2:26:15,0:06:16,0:05:25,7:18:00,3597,13207,8775,376,325,26280,640,97,26,636,102,21,672,103,25,640,97,26,Finisher,1791
Fernando,Jimenez,Fernando Jimenez,458,M40-44,Male,QUITO,EC-P,Ecuador,EC,0:54:36,3:29:32,2:41:23,0:04:25,0:08:13,7:18:10,3276,12572,9683,265,493,26290,641,544,99,536,457,85,594,513,96,641,544,99,Finisher,857
Daniel,Moreta Zambrano,Daniel Moreta Zambrano,581,M40-44,Male,Quito,PICHINCHA,Ecuador,EC,0:50:14,3:06:09,3:10:31,0:04:50,0:07:07,7:18:51,3014,11169,11431,290,427,26331,642,545,100,415,355,59,380,342,58,642,545,100,Finisher,845
Marcelo,Samaniego Calderón,Marcelo Samaniego Calderón,768,M30-34,Male,Riobamba ,EC-H,Ecuador,EC,0:36:11,4:00:46,2:32:25,0:06:10,0:04:28,7:20:01,2171,14446,9145,370,268,26401,643,546,104,47,44,12,656,559,108,643,546,104,Finisher,700
Pancho,Trujillo Calderón,Pancho Trujillo Calderón,796,M40-44,Male,Quito,Pichincha,Ecuador,EC,1:07:20,3:16:18,2:42:08,0:07:27,0:07:57,7:21:10,4040,11778,9728,447,477,26470,644,547,101,707,589,109,607,522,100,644,547,101,Finisher,803
Guillermo,Martillo,Guillermo Martillo,732,M40-44,Male,Guayaquil,EC-G,Ecuador,EC,0:58:59,3:39:36,2:29:02,0:05:39,0:08:30,7:21:46,3539,13176,8942,339,510,26506,645,548,102,618,519,94,663,565,106,645,548,102,Finisher,793
Miguel,Velasquez Oña,Miguel Velasquez Oña,710,M40-44,Male,Quito,pichincha,Ecuador,EC,1:03:52,3:11:56,2:56:18,0:04:59,0:04:43,7:21:48,3832,11516,10578,299,283,26508,646,549,103,679,566,104,541,473,88,646,549,103,Finisher,792
Eduardo,Rodriguez,Eduardo Rodriguez,428,M45-49,Male,Samborondón,EC-G,Ecuador,EC,0:59:19,3:27:42,2:45:05,0:04:34,0:05:10,7:21:51,3559,12462,9905,274,310,26511,647,550,65,621,522,63,614,528,62,647,550,65,Finisher,700
Fernando,Valdivieso Galvez,Fernando Valdivieso Galvez,285,M40-44,Male,Lima,Lima,Peru,PE,0:50:14,3:21:25,2:59:57,0:04:43,0:05:51,7:22:10,3014,12085,10797,283,351,26530,648,551,104,416,356,60,502,442,80,648,551,104,Finisher,785
Sandra,Lopez,Sandra Lopez,249,F35-39,Female,Quito,EC-P,Ecuador,EC,1:07:22,3:50:35,2:16:51,0:03:50,0:03:43,7:22:20,4042,13835,8211,230,223,26540,649,98,27,708,119,29,699,112,28,649,98,27,Finisher,1713
oscar,acosta,oscar acosta,217,M30-34,Male,Quito,Pichincha,Ecuador,EC,1:05:19,3:25:32,2:35:54,0:08:13,0:07:27,7:22:25,3919,12332,9354,493,447,26545,650,552,105,691,577,111,640,548,105,650,552,105,Finisher,700
Ximena,Yepez,Ximena Yepez,407,F55-59,Female,Quito,EC-P,Ecuador,EC,1:01:10,3:38:57,2:33:08,0:04:06,0:05:22,7:22:42,3670,13137,9188,246,322,26562,651,99,1,649,107,1,662,98,1,651,99,1,Finisher,3500
Paul Humberto,Parra. Caisatoa,Paul Humberto Parra. Caisatoa,384,M60-64,Male,Quito,EC-P,Ecuador,EC,1:02:24,3:42:20,2:31:07,0:04:28,0:03:02,7:23:21,3744,13340,9067,268,182,26601,652,553,12,662,552,13,678,575,15,652,553,12,Finisher,1594
Paul Santiago ,Salazar Narváez ,Paul Santiago Salazar Narváez,916,M45-49,Male,Quito,EC-P,Ecuador,EC,0:49:02,3:55:29,2:28:32,0:05:44,0:05:05,7:23:52,2942,14129,8912,344,305,26632,653,554,66,370,313,32,680,577,67,653,554,66,Finisher,700
Bruno,Quichimbo,Bruno Quichimbo,160,M35-39,Male,Quito,EC-P,Ecuador,EC,0:59:32,3:30:06,2:40:41,0:06:47,0:07:24,7:24:31,3572,12606,9641,407,444,26671,654,555,119,625,526,106,630,541,115,654,555,119,Finisher,700
Franklin ,Robles,Franklin Robles,903,M45-49,Male,Quito,EC-P,Ecuador,EC,0:57:49,3:29:09,2:45:59,0:03:59,0:07:56,7:24:53,3469,12549,9959,239,476,26693,655,556,67,596,505,59,606,521,61,655,556,67,Finisher,700
Henry,Chimbo,Henry Chimbo,721,M30-34,Male,Guaranda ,EC-B,Ecuador,EC,0:56:33,3:25:30,2:56:43,0:03:22,0:03:49,7:25:58,3393,12330,10603,202,229,26758,656,557,106,570,483,96,572,496,94,656,557,106,Finisher,700
Soledad,Tapia,Soledad Tapia,677,F50-54,Female,Quito,Pichincha,Ecuador,EC,1:03:02,3:52:08,2:20:23,0:04:47,0:06:53,7:27:14,3782,13928,8423,287,413,26834,657,100,6,670,112,8,693,109,8,657,100,6,Finisher,1178
Julio ,Castaño,Julio Castaño,673,M40-44,Male,Quito,PICHINCHA,Colombia,CO,1:01:57,3:52:12,2:21:13,0:05:49,0:06:05,7:27:15,3717,13932,8473,349,365,26835,658,558,105,658,549,99,694,585,109,658,558,105,Finisher,700
Rodrigo,Arellano,Rodrigo Arellano,496,M25-29,Male,Otavalo,Imbabura,Ecuador,EC,0:58:41,3:23:49,2:54:51,0:05:10,0:05:21,7:27:52,3521,12229,10491,310,321,26872,659,559,67,614,516,70,586,508,63,659,559,67,Finisher,700
Jorge Andrés ,Pulles Navarrete,Jorge Andrés Pulles Navarrete,304,M35-39,Male,Ibarra,Imbabura,Ecuador,EC,0:36:04,3:35:23,3:07:56,0:03:40,0:05:07,7:28:10,2164,12923,11276,220,307,26890,660,560,120,42,40,14,493,435,95,660,560,120,Finisher,700
Geyson,Deley,Geyson Deley,649,M40-44,Male,Quito,EC-P,Ecuador,EC,1:01:27,3:12:18,3:06:18,0:03:19,0:05:48,7:29:09,3687,11538,11178,199,348,26949,661,561,106,654,545,98,506,446,81,661,561,106,Finisher,700
issis,mera,issis mera,854,F25-29,Female,Bahia de Caraquez,manabi,Ecuador,EC,0:58:05,3:56:01,2:26:34,0:04:32,0:03:58,7:29:10,3485,14161,8794,272,238,26950,662,101,16,604,94,16,692,108,18,662,101,16,Finisher,1086
Jose,Carranza,Jose Carranza,800,M40-44,Male,Quito,pichincha,Monaco,MC,0:52:02,3:38:50,2:46:01,0:05:39,0:06:39,7:29:11,3122,13130,9961,339,399,26951,663,562,107,463,395,67,632,543,105,663,562,107,Finisher,700
Byron,Chavez Samaniego,Byron Chavez Samaniego,445,M55-59,Male,LOJA,LOJA,Ecuador,EC,0:49:57,3:47:52,2:39:32,0:05:52,0:06:05,7:29:19,2997,13672,9572,352,365,26959,664,563,8,405,345,6,659,562,8,664,563,8,Finisher,1295
Bryan,Sanchez,Bryan Sanchez,659,M25-29,Male,Ambato,EC-T,Ecuador,EC,0:43:09,3:41:08,2:46:32,0:06:59,0:11:58,7:29:45,2589,13268,9992,419,718,26985,665,564,68,188,167,25,608,523,64,665,564,68,Finisher,700
Eduardo,Espinoza ,Eduardo Espinoza,890,M40-44,Male,Quito,EC-P,Ecuador,EC,1:07:45,3:45:30,2:22:18,0:10:11,0:04:29,7:30:13,4065,13530,8538,611,269,27013,666,565,108,709,590,110,701,588,110,666,565,108,Finisher,700
Alex,Navarrete,Alex Navarrete,617,M40-44,Male,Quito,Pichincha,Ecuador,EC,1:07:02,3:41:25,2:34:57,0:03:48,0:03:34,7:30:45,4022,13285,9297,228,214,27045,667,566,109,705,588,108,681,578,108,667,566,109,Finisher,700
Sheyla,Garcia Prieto,Sheyla Garcia Prieto,867,F25-29,Female,Ponce Enriquez,EC-A,Ecuador,EC,0:51:23,3:25:09,3:05:35,0:04:51,0:04:06,7:31:04,3083,12309,11135,291,246,27064,668,102,17,443,65,12,545,71,10,668,102,17,Finisher,1052
Juan Diego ,Cabrera,Juan Diego Cabrera,681,M25-29,Male,Cuenca,Azuay,Ecuador,EC,0:50:41,3:59:44,2:31:17,0:06:22,0:04:43,7:32:48,3041,14384,9077,382,283,27168,669,567,69,429,367,55,690,583,70,669,567,69,Finisher,700
RONY,JUMBO,RONY JUMBO,825,M30-34,Male,SANTO DOMINGO DE LOS TSÁCHILAS,EC-SD,Ecuador,EC,1:04:01,3:40:10,2:39:50,0:05:19,0:03:35,7:32:54,3841,13210,9590,319,215,27174,670,568,107,682,569,110,679,576,110,670,568,107,Finisher,700
Galo,Salazar,Galo Salazar,243,M35-39,Male,Quito,Pichincha,Ecuador,EC,0:51:53,3:42:56,2:49:29,0:05:06,0:03:32,7:32:56,3113,13376,10169,306,212,27176,671,569,121,459,392,81,641,549,116,671,569,121,Finisher,700
Jonathan,Rodriguez,Jonathan Rodriguez,707,M30-34,Male,Guayaquil ,EC-G,Ecuador,EC,0:54:22,4:06:44,2:25:17,0:03:14,0:03:47,7:33:25,3262,14804,8717,194,227,27205,672,570,108,529,451,89,702,589,111,672,570,108,Finisher,700
Mario,Moncayo,Mario Moncayo,531,M35-39,Male,Quito,Pichincha,Ecuador,EC,0:58:42,3:36:49,2:42:48,0:08:14,0:07:44,7:34:17,3522,13009,9768,494,464,27257,673,571,122,615,517,105,660,563,121,673,571,122,Finisher,700
Josue,Gamboa,Josue Gamboa,698,M18-24,Male,Ambato ,Tungurahua,Ecuador,EC,1:04:03,3:40:11,2:39:42,0:03:56,0:06:44,7:34:36,3843,13211,9582,236,404,27276,674,572,37,683,570,36,676,573,37,674,572,37,Finisher,700
Lissette,Lopez,Lissette Lopez,729,F30-34,Female,Quito,Pichincha,Ecuador,EC,0:48:41,4:15:34,2:24:49,0:03:40,0:02:46,7:35:30,2921,15334,8689,220,166,27330,675,103,22,356,52,17,707,116,25,675,103,22,Finisher,700
Geovanny,Villa,Geovanny Villa,385,M50-54,Male,Quito,Pichincha,Ecuador,EC,0:58:58,3:37:49,2:44:39,0:07:04,0:07:15,7:35:45,3538,13069,9879,424,435,27345,676,573,33,617,518,30,661,564,33,676,573,33,Finisher,737
John,Barrera,John Barrera,153,M45-49,Male,SAMBORONDOM,EC-G,Colombia,CO,1:00:15,3:48:19,2:33:42,0:06:51,0:07:02,7:36:09,3615,13699,9222,411,422,27369,677,574,68,641,537,65,686,581,68,677,574,68,Finisher,700
David,Landeta,David Landeta,225,M30-34,Male,Quito,Pichincha,Ecuador,EC,0:59:22,3:26:08,3:01:29,0:04:07,0:05:28,7:36:34,3562,12368,10889,247,328,27394,678,575,109,622,523,103,598,517,98,678,575,109,Finisher,700
Diana,Camacho,Diana Camacho,892,F30-34,Female,Quito,Pichincha,Ecuador,EC,0:46:48,4:03:43,2:38:04,0:04:58,0:03:13,7:36:45,2808,14623,9484,298,193,27405,679,104,23,293,45,15,687,106,22,679,104,23,Finisher,700
Hernan Dario,Valenzuela Chinchero,Hernan Dario Valenzuela Chinchero,309,M30-34,Male,Quito,Pichincha,Ecuador,EC,1:06:39,3:30:40,2:50:04,0:04:53,0:05:01,7:37:17,3999,12640,10204,293,301,27437,680,576,110,702,585,112,653,557,107,680,576,110,Finisher,700
Sandra ,Rivera,Sandra Rivera,149,F45-49,Female,Guayaquil,Guayas,Ecuador,EC,0:45:00,3:30:06,3:14:08,0:03:30,0:04:58,7:37:41,2700,12606,11648,210,298,27461,681,105,11,238,37,5,520,64,7,681,105,11,Finisher,1353
Gary,Pulla,Gary Pulla,380,M35-39,Male,Guayaquil,EC-G,Ecuador,EC,0:51:42,3:35:49,2:56:37,0:06:34,0:07:16,7:37:58,3102,12949,10597,394,436,27478,682,577,123,451,385,77,623,534,112,682,577,123,Finisher,700
Nayel,Zambrano,Nayel Zambrano,879,M25-29,Male,Guayaquil,Guayas,Ecuador,EC,0:55:27,3:57:39,2:37:57,0:04:21,0:03:31,7:38:55,3327,14259,9477,261,211,27535,683,578,70,551,468,65,691,584,71,683,578,70,Finisher,700
Ricardo,Fonseca,Ricardo Fonseca,542,M30-34,Male,Quito,Pichincha,Ecuador,EC,0:54:45,3:47:55,2:47:02,0:05:43,0:04:09,7:39:34,3285,13675,10022,343,249,27574,684,579,111,538,459,91,677,574,109,684,579,111,Finisher,700
Daniela,Ochoa,Daniela Ochoa,178,F30-34,Female,Quito,Pichincha,Ecuador,EC,0:55:50,4:05:32,2:20:48,0:06:16,0:11:15,7:39:41,3350,14732,8448,376,675,27581,685,106,24,556,85,22,706,115,24,685,106,24,Finisher,700
Antonela,Navas Beltrán,Antonela Navas Beltrán,449,F40-44,Female,Samborondon,EC-G,Ecuador,EC,1:04:23,3:43:09,2:43:57,0:04:55,0:03:45,7:40:10,3863,13389,9837,295,225,27610,686,107,15,687,114,15,682,104,15,686,107,15,Finisher,835
Ali,Salazar,Ali Salazar,281,F18-24,Female,Quito,Pichincha,Ecuador,EC,0:52:17,4:02:30,2:36:23,0:06:08,0:04:24,7:41:42,3137,14550,9383,368,264,27702,687,108,7,469,70,6,696,110,7,687,108,7,Finisher,1370
Roberta,Caputi Maldonado,Roberta Caputi Maldonado,623,F35-39,Female,Guayaquil,EC-GUAYAS,Ecuador,EC,1:07:17,3:47:51,2:33:07,0:07:54,0:05:48,7:41:58,4037,13671,9187,474,348,27718,688,109,28,706,118,28,700,113,29,688,109,28,Finisher,1360
MARIA JOSE,PALMA MACIAS,MARIA JOSE PALMA MACIAS,260,F25-29,Female,MANTA,MANABI,Ecuador,EC,1:03:45,3:37:43,2:51:29,0:04:54,0:05:15,7:43:05,3825,13063,10289,294,315,27785,689,110,18,677,113,19,671,102,17,689,110,18,Finisher,836
Mily,Aulestia Mortensen,Mily Aulestia Mortensen,835,F35-39,Female,Quito,EC-P,Ecuador,EC,1:00:20,3:46:47,2:45:40,0:05:32,0:05:08,7:43:27,3620,13607,9940,332,308,27807,690,111,29,643,106,24,683,105,26,690,111,29,Finisher,1333
Santiago,Quezada,Santiago Quezada,276,M25-29,Male,Cuenca ,EC-A,Ecuador,EC,0:41:00,3:57:07,2:57:45,0:03:51,0:04:48,7:44:30,2460,14227,10665,231,288,27870,691,580,71,132,118,16,648,553,69,691,580,71,Finisher,700
Adriana ,Corti Meneses,Adriana Corti Meneses,369,F45-49,Female,Quito,Pichincha,Ecuador,EC,0:55:12,3:46:23,2:49:26,0:04:14,0:09:34,7:44:49,3312,13583,10166,254,574,27889,692,112,12,547,82,10,667,100,11,692,112,12,Finisher,1225
Erick,Serrano,Erick Serrano,163,M35-39,Male,Cuenca,Azuay,Ecuador,EC,0:59:52,4:22:36,2:15:01,0:05:12,0:03:28,7:46:09,3592,15756,8101,312,208,27969,693,581,124,634,533,110,713,594,125,693,581,124,Finisher,700
Mario Fernando,Arana Batres,Mario Fernando Arana Batres,718,M60-64,Male,Guatemala,villa Nueva,Guatemala,GT,0:56:29,3:24:24,3:16:33,0:05:07,0:05:15,7:47:49,3389,12264,11793,307,315,28069,694,582,13,567,480,10,576,499,12,694,582,13,Finisher,1153
ALBA,RUALES,ALBA RUALES,269,F50-54,Female,QUITO,PICHINCHA,Ecuador,EC,0:58:54,3:38:35,3:02:15,0:04:44,0:05:42,7:50:10,3534,13115,10935,284,342,28210,695,113,7,616,99,7,652,96,7,695,113,7,Finisher,765
Guillermo,Paez,Guillermo Paez,511,M40-44,Male,Quito ,EC-P,Ecuador,EC,1:03:23,3:38:36,3:01:27,0:03:40,0:05:10,7:52:16,3803,13116,10887,220,310,28336,696,583,110,675,563,103,666,567,107,696,583,110,Finisher,700
José Ignacio,Villacís,José Ignacio Villacís,328,M35-39,Male,Manta,Manabí,Ecuador,EC,0:42:17,4:00:02,2:57:05,0:05:09,0:08:57,7:53:31,2537,14402,10625,309,537,28411,697,584,125,164,146,32,675,572,123,697,584,125,Finisher,700
Victor,Andrade,Victor Andrade,906,M60-64,Male,Guayas,GUAYAS,Ecuador,EC,1:06:52,3:32:12,3:01:47,0:07:01,0:05:47,7:53:39,4012,12732,10907,421,347,28419,698,585,14,704,587,15,668,568,13,698,585,14,Finisher,1048
María Gabriela,Rodriguez,María Gabriela Rodriguez,203,F45-49,Female,Manta,Manabí,Ecuador,EC,0:52:31,3:46:59,3:01:55,0:06:36,0:06:30,7:54:30,3151,13619,10915,396,390,28470,699,114,13,473,72,9,669,101,12,699,114,13,Finisher,1050
Manuel,Ramos,Manuel Ramos,200,M70-74,Male,Manta,EC-M,Ecuador,EC,1:08:13,3:55:57,2:42:08,0:04:04,0:04:13,7:54:35,4093,14157,9728,244,253,28475,700,586,1,711,592,1,708,592,1,700,586,1,Finisher,3500
Michael,Baquero,Michael Baquero,302,M50-54,Male,Quito,Pichincha,Ecuador,EC,1:00:40,3:46:36,2:56:20,0:06:19,0:05:08,7:55:03,3640,13596,10580,379,308,28503,701,587,34,645,539,32,684,579,34,701,587,34,Finisher,700
Ada Belen,Gutierrez,Ada Belen Gutierrez,325,F30-34,Female,QUITO,Pichincha,Ecuador,EC,0:53:36,4:04:46,2:44:32,0:06:00,0:06:31,7:55:24,3216,14686,9872,360,391,28524,702,115,25,502,76,19,703,114,23,702,115,25,Finisher,700
Santiago ,Maldonado ,Santiago Maldonado,809,M45-49,Male,QUITO,EC-P,Ecuador,EC,1:05:35,3:48:21,2:51:33,0:06:32,0:03:57,7:55:58,3935,13701,10293,392,237,28558,703,588,69,693,579,69,695,586,70,703,588,69,Finisher,700
Graciela,Estrada Davila,Graciela Estrada Davila,726,F45-49,Female,Quito,Pichincha,Ecuador,EC,0:44:23,4:31:44,2:27:21,0:08:07,0:06:19,7:57:54,2663,16304,8841,487,379,28674,704,116,14,223,32,4,711,119,14,704,116,14,Finisher,989
Mateo,Martinez,Mateo Martinez,495,M25-29,Male,Quito ,Pichincha ,Ecuador,EC,0:58:31,4:02:35,2:43:24,0:05:51,0:07:35,7:57:56,3511,14555,9804,351,455,28676,705,589,72,612,515,69,705,591,72,705,589,72,Finisher,700
Daphne,Brisbart,Daphne Brisbart,604,F25-29,Female,Quito,Pichincha,France,FR,1:00:18,4:06:11,2:42:07,0:04:33,0:05:07,7:58:17,3618,14771,9727,273,307,28697,706,117,19,642,105,18,709,117,19,706,117,19,Finisher,700
Evelyn Karina,Suntaxi Lugmaña,Evelyn Karina Suntaxi Lugmaña,456,F50-54,Female,Quito,Pichincha,Ecuador,EC,0:56:17,3:39:18,3:18:31,0:04:50,0:04:15,8:03:11,3377,13158,11911,290,255,28991,707,118,8,562,86,6,645,94,6,707,118,8,Finisher,700
John,Barbery Taranto,John Barbery Taranto,558,M60-64,Male,Guayaquil,Guayas,Ecuador,EC,0:53:27,3:45:47,3:08:59,0:07:59,0:09:15,8:05:27,3207,13547,11339,479,555,29127,708,590,15,497,422,9,674,571,14,708,590,15,Finisher,836
Guido,Tapia Proaño,Guido Tapia Proaño,842,M45-49,Male,Sangolquí,Pichincha,Ecuador,EC,1:03:02,3:51:29,2:58:36,0:06:54,0:06:16,8:06:16,3782,13889,10716,414,376,29176,709,591,70,671,559,67,697,587,71,709,591,70,Finisher,700
CRISTIAN,SANCHEZ,CRISTIAN SANCHEZ,860,M30-34,Male,GUAYAQUIL,EC-G,Ecuador,EC,1:00:13,3:57:33,3:03:11,0:07:02,0:05:02,8:13:00,3613,14253,10991,422,302,29580,710,592,112,639,535,105,704,590,112,710,592,112,Finisher,700
Manuel,López,Manuel López,152,M45-49,Male,Santo Domingo,Santo Domingo de los Tsáchilas,Ecuador,EC,1:05:27,3:46:03,3:12:59,0:05:07,0:06:50,8:16:27,3927,13563,11579,307,410,29787,711,593,71,692,578,68,689,582,69,711,593,71,Finisher,700
Pablo,Salinas,Pablo Salinas,852,M30-34,Male,Quito,EC-P,Ecuador,EC,0:56:43,4:23:07,2:45:31,0:07:26,0:04:47,8:17:34,3403,15787,9931,446,287,29854,712,594,113,572,485,97,712,593,113,712,594,113,Finisher,700
Nora,Jaramillo,Nora Jaramillo,329,F50-54,Female,Quito,EC-P,Colombia,CO,1:06:13,4:06:17,2:59:15,0:04:26,0:04:20,8:20:30,3973,14777,10755,266,260,30030,713,119,9,699,116,9,710,118,9,713,119,9,Finisher,700
Richard Edisson,Zambrano Intriago,Richard Edisson Zambrano Intriago,201,M45-49,Male,PORTOVIEJO,MANABI,Ecuador,EC,0:51:28,3:10:31,,0:03:48,0:04:29,,3088,11431,0,228,269,0,99999,99999,99999,99999,99999,99999,99999,99999,99999,99999,99999,99999,DNF,0
Marcelo Fabian,Inca Procel,Marcelo Fabian Inca Procel,699,M30-34,Male,Riobamba,Chimborazo,Ecuador,EC,1:46:57,,,0:00:00,0:00:00,,6417,0,0,0,0,0,99999,99999,99999,99999,99999,99999,99999,99999,99999,99999,99999,99999,DNF,0
Hugo,Andrés,Hugo Andrés,733,M35-39,Male,Daule ,Guayas ,Ecuador,EC,1:20:10,3:35:50,2:28:56,0:06:28,0:07:41,7:39:07,4810,12950,8936,388,461,27547,99999,99999,99999,99999,99999,99999,99999,99999,99999,99999,99999,99999,Unofficial,0
Alejandro,Toazo,Alejandro Toazo,798,M40-44,Male,Quito,EC-P,Ecuador,EC,1:18:46,3:44:53,2:52:16,0:03:51,0:03:42,8:03:28,4726,13493,10336,231,222,29008,99999,99999,99999,99999,99999,99999,99999,99999,99999,99999,99999,99999,Unofficial,0
Tony Luis,Mosquera Chávez,Tony Luis Mosquera Chávez,823,M35-39,Male,Babahoyo,LOS RIOS,Ecuador,EC,1:13:09,3:37:12,2:31:16,0:03:37,0:04:14,7:29:26,4389,13032,9076,217,254,26966,99999,99999,99999,99999,99999,99999,99999,99999,99999,99999,99999,99999,Unofficial,0
David,Rivas Vinueza,David Rivas Vinueza,236,M40-44,Male,Quito,EC-P,Ecuador,EC,1:12:25,3:49:11,2:24:28,0:06:17,0:07:53,7:40:14,4345,13751,8668,377,473,27614,99999,99999,99999,99999,99999,99999,99999,99999,99999,99999,99999,99999,Unofficial,0
Francisco Andres,Garcia,Francisco Andres Garcia,313,M40-44,Male,Quito,Pichincha,Ecuador,EC,0:55:36,3:32:36,,0:05:49,0:00:00,,3336,12756,0,349,0,0,99999,99999,99999,99999,99999,99999,99999,99999,99999,99999,99999,99999,DNF,0
Christian,Zambrano,Christian Zambrano,746,M35-39,Male,Quito,Pichincha,Ecuador,EC,1:11:56,3:37:12,2:31:48,0:05:38,0:05:34,7:32:08,4316,13032,9108,338,334,27128,99999,99999,99999,99999,99999,99999,99999,99999,99999,99999,99999,99999,Unofficial,0
Eric,Gonzalez,Eric Gonzalez,767,M35-39,Male,Ibarra,Imbabura,Ecuador,EC,,,,0:00:00,0:00:00,,0,0,0,0,0,0,99999,99999,99999,99999,99999,99999,99999,99999,99999,99999,99999,99999,DQ,0
Christian ,Medina,Christian Medina,548,M30-34,Male,Catamayo,EC-L,Ecuador,EC,0:59:41,,,0:03:42,0:00:00,,3581,0,0,222,0,0,99999,99999,99999,99999,99999,99999,99999,99999,99999,99999,99999,99999,DNF,0
Mateo,Buenaño,Mateo Buenaño,866,M25-29,Male,RUMIÑAHUI,Pichincha,Ecuador,EC,,,,0:00:00,0:00:00,,0,0,0,0,0,0,99999,99999,99999,99999,99999,99999,99999,99999,99999,99999,99999,99999,DNS,0
Victor,Izurieta,Victor Izurieta,173,M35-39,,Francisco De Orellana,EC-D,Ecuador,EC,,,,0:00:00,0:00:00,,0,0,0,0,0,0,99999,99999,99999,99999,99999,99999,99999,99999,99999,99999,99999,99999,DQ,0
Patricio,Ordoñez,Patricio Ordoñez,180,M40-44,Male,cuenca,AK,Ecuador,EC,0:31:41,2:23:02,,0:02:29,0:02:37,,1901,8582,0,149,157,0,99999,99999,99999,99999,99999,99999,99999,99999,99999,99999,99999,99999,DNF,0
Cristian,Sarzosa,Cristian Sarzosa,750,M30-34,Male,Quito,EC-P,Ecuador,EC,1:12:45,4:02:38,2:39:11,0:04:08,0:04:03,8:02:45,4365,14558,9551,248,243,28965,99999,99999,99999,99999,99999,99999,99999,99999,99999,99999,99999,99999,Unofficial,0
David,Ramos,David Ramos,145,M30-34,Male,Machala,El Oro,Ecuador,EC,1:53:04,,,0:00:00,0:00:00,,6784,0,0,0,0,0,99999,99999,99999,99999,99999,99999,99999,99999,99999,99999,99999,99999,DNF,0
Jorge ,Figueroa ,Jorge Figueroa,400,M40-44,Male,Quito ,Pichincha,Ecuador,EC,0:37:43,2:47:10,1:25:19,0:02:06,0:03:58,4:56:17,2263,10030,5119,126,238,17777,99999,99999,99999,99999,99999,99999,99999,99999,99999,99999,99999,99999,DNF,0
Andres,Tipan,Andres Tipan,913,M30-34,Male,Quito,EC-P,Ecuador,EC,1:13:29,3:42:26,2:24:27,0:05:41,0:05:02,7:31:05,4409,13346,8667,341,302,27065,99999,99999,99999,99999,99999,99999,99999,99999,99999,99999,99999,99999,Unofficial,0
Core,Pomaquero,Core Pomaquero,363,M30-34,Male,Riobamba,Chimborazo,Ecuador,EC,1:49:16,,,0:00:00,0:00:00,,6556,0,0,0,0,0,99999,99999,99999,99999,99999,99999,99999,99999,99999,99999,99999,99999,DNF,0
John Galo,Ortiz Vera,John Galo Ortiz Vera,636,M18-24,Male,Cuenca,Azuay,Ecuador,EC,2:02:13,,,0:00:00,0:00:00,,7333,0,0,0,0,0,99999,99999,99999,99999,99999,99999,99999,99999,99999,99999,99999,99999,DNF,0
Jaime,Arce,Jaime Arce,596,M55-59,Male,Cuenca,AZUAY,Ecuador,EC,1:13:09,3:03:04,2:51:32,0:07:48,0:09:26,7:24:59,4389,10984,10292,468,566,26699,99999,99999,99999,99999,99999,99999,99999,99999,99999,99999,99999,99999,Unofficial,0
Marcos,Perez Cedeno,Marcos Perez Cedeno,213,M35-39,Male,Fayetteville,North Carolina,Ecuador,EC,1:00:32,4:06:57,3:13:39,0:04:15,0:07:13,8:32:36,3632,14817,11619,255,433,30756,99999,99999,99999,99999,99999,99999,99999,99999,99999,99999,99999,99999,Unofficial,0
David,Rovayo,David Rovayo,715,M30-34,Male,Quito,EC-P,Ecuador,EC,,,,0:00:00,0:00:00,,0,0,0,0,0,0,99999,99999,99999,99999,99999,99999,99999,99999,99999,99999,99999,99999,DQ,0
Stefanny,Nuñez,Stefanny Nuñez,381,M40-44,Female,Quito,EC-P,Ecuador,EC,1:25:33,3:44:21,2:30:26,0:03:39,0:03:09,7:47:08,5133,13461,9026,219,189,28028,99999,99999,99999,99999,99999,99999,99999,99999,99999,99999,99999,99999,Unofficial,0
Jonathan ,Quistial,Jonathan Quistial,638,M30-34,Male,Quito | PICHINCHA | Ecuador,Pichincha ,Ecuador,EC,1:54:17,,,0:00:00,0:00:00,,6857,0,0,0,0,0,99999,99999,99999,99999,99999,99999,99999,99999,99999,99999,99999,99999,DNF,0
GRIMANESA,RIVAS VERA,GRIMANESA RIVAS VERA,845,F45-49,Female,Santo Domingo De Los Colorados,Santo Domingo de los Tsáchilas,Ecuador,EC,0:49:10,3:21:56,,0:05:39,0:06:29,,2950,12116,0,339,389,0,99999,99999,99999,99999,99999,99999,99999,99999,99999,99999,99999,99999,DNF,0
Jordy,Alban,Jordy Alban,630,M30-34,Male,Pujili,Cotopaxi,Ecuador,EC,1:20:18,3:12:08,2:14:03,0:03:47,0:06:25,6:56:41,4818,11528,8043,227,385,25001,99999,99999,99999,99999,99999,99999,99999,99999,99999,99999,99999,99999,Unofficial,0
Jonathan ,Quimis,Jonathan Quimis,872,M35-39,Male,Portoviejo,MANABI,Ecuador,EC,1:49:20,,,0:00:00,0:00:00,,6560,0,0,0,0,0,99999,99999,99999,99999,99999,99999,99999,99999,99999,99999,99999,99999,DNF,0
Bryan,Sánchez,Bryan Sánchez,709,M30-34,Male,Guayaquil,EC-G,Ecuador,EC,0:52:28,4:08:15,2:44:44,0:04:16,0:02:49,7:52:32,3148,14895,9884,256,169,28352,99999,99999,99999,99999,99999,99999,99999,99999,99999,99999,99999,99999,DNF,0
Marla,Usuño,Marla Usuño,694,F25-29,Female,Guayaquil,EC-G,Ecuador,EC,1:12:33,,,0:04:55,0:00:00,,4353,0,0,295,0,0,99999,99999,99999,99999,99999,99999,99999,99999,99999,99999,99999,99999,DNF,0
David,Chafla,David Chafla,853,M40-44,Male,Quito,Pichincha,Ecuador,EC,1:20:50,2:58:57,1:45:54,0:03:37,0:03:41,6:12:59,4850,10737,6354,217,221,22379,99999,99999,99999,99999,99999,99999,99999,99999,99999,99999,99999,99999,Unofficial,0
Edison,Chávez Samaniego,Edison Chávez Samaniego,443,M45-49,Male,Quito,PICHINCHA,Ecuador,EC,0:56:27,4:12:33,,0:05:15,0:14:16,,3387,15153,0,315,856,0,99999,99999,99999,99999,99999,99999,99999,99999,99999,99999,99999,99999,DNF,0
Andrea,Baquero,Andrea Baquero,762,F35-39,Female,Quito,EC-P,Ecuador,EC,,,1:06:52,0:00:00,0:00:00,6:36:41,0,0,4012,0,0,23801,99999,99999,99999,99999,99999,99999,99999,99999,99999,99999,99999,99999,DNF,0
Patricia,Salgado Pinto,Patricia Salgado Pinto,462,F45-49,Female,QUITO,EC-P,Ecuador,EC,,,,0:00:00,0:00:00,,0,0,0,0,0,0,99999,99999,99999,99999,99999,99999,99999,99999,99999,99999,99999,99999,DNF,0
Giovanni ,samaniego,Giovanni samaniego,932,M40-44,Male,Quito,Pichincha,Ecuador,EC,1:16:20,4:04:22,2:56:53,0:13:22,0:07:05,8:38:02,4580,14662,10613,802,425,31082,99999,99999,99999,99999,99999,99999,99999,99999,99999,99999,99999,99999,Unofficial,0
Mónica Raquel,Cevallos Karolys,Mónica Raquel Cevallos Karolys,847,F40-44,Female,Edmundo Carvajal,Pichincha,Ecuador,EC,1:50:48,,,0:00:00,0:00:00,,6648,0,0,0,0,0,99999,99999,99999,99999,99999,99999,99999,99999,99999,99999,99999,99999,DNF,0
Jonathan,Loor,Jonathan Loor,605,M40-44,Male,SALINAS,Santa Elena,Ecuador,EC,,,,0:00:00,0:00:00,,0,0,0,0,0,0,99999,99999,99999,99999,99999,99999,99999,99999,99999,99999,99999,99999,DQ,0
Peter,Pazmiño,Peter Pazmiño,780,M30-34,Male,Babahoyo,Los Ríos,Ecuador,EC,1:46:21,,,0:00:00,0:00:00,,6381,0,0,0,0,0,99999,99999,99999,99999,99999,99999,99999,99999,99999,99999,99999,99999,DNF,0
Michelle ,Chavez ,Michelle Chavez,143,F30-34,Female,Riobamba ,Chimborazo,Ecuador,EC,1:15:31,3:23:56,2:19:42,0:04:12,0:03:07,7:06:28,4531,12236,8382,252,187,25588,99999,99999,99999,99999,99999,99999,99999,99999,99999,99999,99999,99999,Unofficial,0
Gil,Macias,Gil Macias,320,M60-64,Male,Duarte,CA,United States,US,1:52:38,,,0:00:00,0:00:00,,6758,0,0,0,0,0,99999,99999,99999,99999,99999,99999,99999,99999,99999,99999,99999,99999,DNF,0
JUAN JOSE ,ESPIN,JUAN JOSE ESPIN,377,M18-24,Male,Sangolquí,Pichincha,Ecuador,EC,1:49:39,,,0:00:00,0:00:00,,6579,0,0,0,0,0,99999,99999,99999,99999,99999,99999,99999,99999,99999,99999,99999,99999,DNF,0
Sebastian,Quispe Cevallos,Sebastian Quispe Cevallos,140,M35-39,Male,AMBATO,Tungurahua,Ecuador,EC,,,,0:00:00,0:00:00,,0,0,0,0,0,0,99999,99999,99999,99999,99999,99999,99999,99999,99999,99999,99999,99999,DNS,0
Wilson Patricio,Chiluiza Vásquez,Wilson Patricio Chiluiza Vásquez,740,M45-49,Male,Quito,Pichincha,Ecuador,EC,1:15:04,3:40:58,2:34:22,0:03:54,0:05:30,7:39:48,4504,13258,9262,234,330,27588,99999,99999,99999,99999,99999,99999,99999,99999,99999,99999,99999,99999,Unofficial,0
Patricio,Matute ,Patricio Matute,174,M25-29,Male,Cuenca,Azuay,Ecuador,EC,1:51:03,,,0:00:00,0:00:00,,6663,0,0,0,0,0,99999,99999,99999,99999,99999,99999,99999,99999,99999,99999,99999,99999,DNF,0
cristian,cabrera chacha,cristian cabrera chacha,676,M40-44,Male,quito,Pichincha,Ecuador,EC,1:48:12,,,0:00:00,0:00:00,,6492,0,0,0,0,0,99999,99999,99999,99999,99999,99999,99999,99999,99999,99999,99999,99999,DNF,0
Dennis,Chacon,Dennis Chacon,162,M30-34,Male,Tegucigalpa,Francisco Morazán,Honduras,HN,1:48:39,,,0:00:00,0:00:00,,6519,0,0,0,0,0,99999,99999,99999,99999,99999,99999,99999,99999,99999,99999,99999,99999,DNF,0
Wilson,Vaca,Wilson Vaca,358,M60-64,Male,Otavalo,EC-I,Ecuador,EC,,,,0:00:00,0:00:00,,0,0,0,0,0,0,99999,99999,99999,99999,99999,99999,99999,99999,99999,99999,99999,99999,DQ,0
Alex,Artieda,Alex Artieda,515,M40-44,Male,Ibarra,IMBABURA,Ecuador,EC,1:11:39,3:14:30,1:55:41,0:03:22,0:03:43,6:28:55,4299,11670,6941,202,223,23335,99999,99999,99999,99999,99999,99999,99999,99999,99999,99999,99999,99999,Unofficial,0
Jose Luis,Bruno,Jose Luis Bruno,931,M18-24,Male,Guayaquil,Guayas,Ecuador,EC,,,1:54:43,0:00:00,0:00:00,6:22:24,0,0,6883,0,0,22944,99999,99999,99999,99999,99999,99999,99999,99999,99999,99999,99999,99999,DNF,0
Paúl ,Malacatus,Paúl Malacatus,738,M40-44,Male,Quito ,Pichincha,Ecuador,EC,,,,0:00:00,0:00:00,,0,0,0,0,0,0,99999,99999,99999,99999,99999,99999,99999,99999,99999,99999,99999,99999,DQ,0
Pedro Fernando,Diaz Cevallos,Pedro Fernando Diaz Cevallos,240,M25-29,Male,QUITO,EC-P,Ecuador,EC,,,,0:00:00,0:00:00,,0,0,0,0,0,0,99999,99999,99999,99999,99999,99999,99999,99999,99999,99999,99999,99999,DNS,0
Israel,Mosquera,Israel Mosquera,614,M30-34,Male,Machachi,Pichincha /Mejia/Tambillo,Ecuador,EC,1:13:05,3:22:28,2:00:55,0:04:06,0:04:48,6:45:20,4385,12148,7255,246,288,24320,99999,99999,99999,99999,99999,99999,99999,99999,99999,99999,99999,99999,Unofficial,0
David,Castro,David Castro,927,M40-44,Male,QUITO,PICHINCHA,Ecuador,EC,1:13:17,3:05:51,2:10:35,0:05:45,0:05:27,6:40:54,4397,11151,7835,345,327,24054,99999,99999,99999,99999,99999,99999,99999,99999,99999,99999,99999,99999,Unofficial,0
Jeremmy ,Capilla,Jeremmy Capilla,259,M45-49,Male,Quito,Pichincha ,Ecuador,EC,1:51:39,,,0:00:00,0:00:00,,6699,0,0,0,0,0,99999,99999,99999,99999,99999,99999,99999,99999,99999,99999,99999,99999,DNF,0
Annabelle Joselyn ,Ramírez Borbor,Annabelle Joselyn Ramírez Borbor,624,F30-34,Female,Santa Elena,EC-SE,Ecuador,EC,1:21:12,3:33:08,2:19:27,0:03:34,0:03:41,7:21:03,4872,12788,8367,214,221,26463,99999,99999,99999,99999,99999,99999,99999,99999,99999,99999,99999,99999,Unofficial,0
Emmanuel,Iodice,Emmanuel Iodice,111,M40-44,Male,Longchamps,AR-AR-B,Argentina,AR,0:30:38,,,0:01:52,0:00:00,,1838,0,0,112,0,0,99999,99999,99999,99999,99999,99999,99999,99999,99999,99999,99999,99999,DNF,0
Pedro,Andrade,Pedro Andrade,789,M25-29,Male,"Cuenca, Azuay",Azuay,Ecuador,EC,0:36:41,2:53:01,,0:03:20,0:02:48,,2201,10381,0,200,168,0,99999,99999,99999,99999,99999,99999,99999,99999,99999,99999,99999,99999,DNF,0
Thomas,Edwards,Thomas Edwards,779,M80-84,Male,Quito,Pichincha,Ecuador,EC,0:57:22,4:02:51,,0:12:49,0:11:14,,3442,14571,0,769,674,0,99999,99999,99999,99999,99999,99999,99999,99999,99999,99999,99999,99999,DNF,0
Esteban ,Espinosa,Esteban Espinosa,811,M18-24,Male,Machachi,Pichincha,Ecuador,EC,1:16:41,3:28:09,2:50:06,0:03:24,0:03:33,7:41:54,4601,12489,10206,204,213,27714,99999,99999,99999,99999,99999,99999,99999,99999,99999,99999,99999,99999,Unofficial,0
Luis,Barragan,Luis Barragan,319,M40-44,Male,Covina,CA,United States,US,1:52:40,,,0:00:00,0:00:00,,6760,0,0,0,0,0,99999,99999,99999,99999,99999,99999,99999,99999,99999,99999,99999,99999,DNF,0
Milovan,Buenaño,Milovan Buenaño,861,M30-34,Male,QUITO,Pichincha,Ecuador,EC,1:15:29,3:52:16,2:57:21,0:07:23,0:08:14,8:20:43,4529,13936,10641,443,494,30043,99999,99999,99999,99999,99999,99999,99999,99999,99999,99999,99999,99999,Unofficial,0
Eduardo,Saavedra,Eduardo Saavedra,238,M35-39,Male,Sangolquí,Pichincha,Ecuador,EC,1:46:52,,,0:00:00,0:00:00,,6412,0,0,0,0,0,99999,99999,99999,99999,99999,99999,99999,99999,99999,99999,99999,99999,DNF,0
Ann Kathrin,Nast,Ann Kathrin Nast,113,F30-34,Female,Ludwigshafen,RHEINLAND-PFALZ,Germany,DE,,,,0:00:00,0:00:00,,0,0,0,0,0,0,99999,99999,99999,99999,99999,99999,99999,99999,99999,99999,99999,99999,DNS,0
Ivan,Vieira,Ivan Vieira,622,M25-29,Male,Manta,Manabí,Ecuador,EC,0:49:14,2:55:49,,0:02:21,0:02:39,,2954,10549,0,141,159,0,99999,99999,99999,99999,99999,99999,99999,99999,99999,99999,99999,99999,DNF,0
José,Vacacela,José Vacacela,404,M40-44,Male,Quito,PICHINCHA,Ecuador,EC,,,,0:00:00,0:00:00,,0,0,0,0,0,0,99999,99999,99999,99999,99999,99999,99999,99999,99999,99999,99999,99999,DQ,0
Diego,Arroyo,Diego Arroyo,231,M40-44,Male,Quito,Pichincha,Ecuador,EC,0:59:36,3:12:05,,0:03:18,0:04:48,,3576,11525,0,198,288,0,99999,99999,99999,99999,99999,99999,99999,99999,99999,99999,99999,99999,DNF,0
Gino,Reyes,Gino Reyes,706,M30-34,Male,Guayaquil,EC-G,Ecuador,EC,1:47:39,,,0:00:00,0:00:00,,6459,0,0,0,0,0,99999,99999,99999,99999,99999,99999,99999,99999,99999,99999,99999,99999,DNF,0
Andrea,Olalla Mendoza,Andrea Olalla Mendoza,572,F35-39,Female,QUITO,PICHINCHA,Ecuador,EC,0:54:00,3:35:20,,0:04:04,0:03:17,,3240,12920,0,244,197,0,99999,99999,99999,99999,99999,99999,99999,99999,99999,99999,99999,99999,DNF,0
Vinicio,Olivo,Vinicio Olivo,662,M50-54,Male,Quito,Pichincha,Ecuador,EC,1:24:23,,,0:00:00,0:00:00,,5063,0,0,0,0,0,99999,99999,99999,99999,99999,99999,99999,99999,99999,99999,99999,99999,DNF,0
Joseé Andrés ,Lopéz,Joseé Andrés Lopéz,324,M45-49,Male,Quito,Pichincha,Ecuador,EC,1:51:46,,,0:00:00,0:00:00,,6706,0,0,0,0,0,99999,99999,99999,99999,99999,99999,99999,99999,99999,99999,99999,99999,DNF,0
Freddy,Constante,Freddy Constante,626,M55-59,Male,QUITO,Pichincha,Ecuador,EC,0:54:03,4:44:50,,0:07:56,0:09:10,,3243,17090,0,476,550,0,99999,99999,99999,99999,99999,99999,99999,99999,99999,99999,99999,99999,DNF,0
Violeta,Briones,Violeta Briones,616,F40-44,Female,Portoviejo,EC-M,Ecuador,EC,,,,0:00:00,0:00:00,,0,0,0,0,0,0,99999,99999,99999,99999,99999,99999,99999,99999,99999,99999,99999,99999,DNF,0
DARWIN GERMAN,NUÑEZ AGUILAR,DARWIN GERMAN NUÑEZ AGUILAR,934,M30-34,Male,AMBATO,TUNGURAHUA,Ecuador,EC,,,,0:00:00,0:00:00,,0,0,0,0,0,0,99999,99999,99999,99999,99999,99999,99999,99999,99999,99999,99999,99999,DNS,0
Lino,Freire,Lino Freire,753,M35-39,Male,Guayaquil,GUAYAS,Ecuador,EC,1:12:32,3:07:49,2:10:19,0:03:45,0:04:49,6:39:14,4352,11269,7819,225,289,23954,99999,99999,99999,99999,99999,99999,99999,99999,99999,99999,99999,99999,Unofficial,0
Javier,Quishpe,Javier Quishpe,742,M35-39,Male,DISTRITO METROPOLITANO DE QUITO,Pichincha,Ireland,IE,1:49:20,,,0:00:00,0:00:00,,6560,0,0,0,0,0,99999,99999,99999,99999,99999,99999,99999,99999,99999,99999,99999,99999,DNF,0
Kevin,Manobanda,Kevin Manobanda,810,M25-29,Male,Machachi,Pichincha,Ecuador,EC,1:11:32,3:26:16,2:44:23,0:07:13,0:06:46,7:36:10,4292,12376,9863,433,406,27370,99999,99999,99999,99999,99999,99999,99999,99999,99999,99999,99999,99999,Unofficial,0
Andrés,Cajas,Andrés Cajas,570,M35-39,Male,Quito,Pichincha,Barbados,BB,,,,0:00:00,0:00:00,,0,0,0,0,0,0,99999,99999,99999,99999,99999,99999,99999,99999,99999,99999,99999,99999,DQ,0
Pablo,Vargas,Pablo Vargas,101,PC/ID,Male,Quito,Pichincha,Ecuador,EC,1:05:41,2:57:09,2:15:22,0:03:03,0:02:47,6:24:02,3941,10629,8122,183,167,23042,99999,99999,99999,99999,99999,99999,99999,99999,99999,99999,99999,99999,Finisher,700
Ana Carolina ,Toro ,Ana Carolina Toro,387,F45-49,Female,Quito,Pichincha,Ecuador,EC,0:58:43,,,0:00:00,0:00:00,,3523,0,0,0,0,0,99999,99999,99999,99999,99999,99999,99999,99999,99999,99999,99999,99999,DNF,0
Danny,Sánchez,Danny Sánchez,421,M30-34,Male,Quito,Pichincha,Ecuador,EC,0:53:24,2:46:16,,0:03:40,0:06:18,,3204,9976,0,220,378,0,99999,99999,99999,99999,99999,99999,99999,99999,99999,99999,99999,99999,DNF,0
Santiago,Chavez,Santiago Chavez,804,M25-29,Male,Quito,EC-P,Ecuador,EC,,,2:10:15,0:00:00,0:00:00,6:16:03,0,0,7815,0,0,22563,99999,99999,99999,99999,99999,99999,99999,99999,99999,99999,99999,99999,DNF,0
Santiago,Rodriguez,Santiago Rodriguez,230,M40-44,Male,Quito,EC-PICHINCHA,Ecuador,EC,0:39:48,2:40:31,,0:03:37,0:02:53,,2388,9631,0,217,173,0,99999,99999,99999,99999,99999,99999,99999,99999,99999,99999,99999,99999,DNF,0
Marco,Pérez Liberio,Marco Pérez Liberio,635,M50-54,Male,Manta,Manabi,Ecuador,EC,0:47:40,3:33:41,2:26:44,0:04:15,0:05:02,6:57:23,2860,12821,8804,255,302,25043,99999,99999,99999,99999,99999,99999,99999,99999,99999,99999,99999,99999,DNF,0
Rubén ,Nájera ,Rubén Nájera,685,M60-64,Male,Santo Domingo,Santo Domingo de los Tsáchilas,Ecuador,EC,,,,0:00:00,0:00:00,,0,0,0,0,0,0,99999,99999,99999,99999,99999,99999,99999,99999,99999,99999,99999,99999,DQ,0
Milton,Chamorro,Milton Chamorro,920,M25-29,Male,QUITO,EC-P,Ecuador,EC,0:31:00,2:35:03,1:21:30,0:02:00,0:04:09,4:33:42,1860,9303,4890,120,249,16422,99999,99999,99999,99999,99999,99999,99999,99999,99999,99999,99999,99999,DNF,0
Keisha ,Soto Blear,Keisha Soto Blear,254,F30-34,Female,El Tejar de El Guarco,CARTAGO,Costa Rica,CR,1:07:59,4:29:52,,0:03:17,0:00:00,,4079,16192,0,197,0,0,99999,99999,99999,99999,99999,99999,99999,99999,99999,99999,99999,99999,DNF,0
Alexander,Teran,Alexander Teran,503,M45-49,Male,QUITO,Pichincha ,Ecuador,EC,1:48:15,,,0:00:00,0:00:00,,6495,0,0,0,0,0,99999,99999,99999,99999,99999,99999,99999,99999,99999,99999,99999,99999,DNF,0
Teresita,Bermeo,Teresita Bermeo,923,F35-39,Female,Cuenca,Ecuador Azuay Cuenca,Ecuador,EC,1:15:02,4:22:14,,0:05:45,0:00:00,,4502,15734,0,345,0,0,99999,99999,99999,99999,99999,99999,99999,99999,99999,99999,99999,99999,DNF,0
Nicolás,Hallo,Nicolás Hallo,532,M25-29,Male,Quito,Pichincha,Ecuador,EC,1:47:46,,,0:00:00,0:00:00,,6466,0,0,0,0,0,99999,99999,99999,99999,99999,99999,99999,99999,99999,99999,99999,99999,DNF,0
LUIS,GUIJARRO,LUIS GUIJARRO,924,M25-29,Male,Quito,Pichincha,Ecuador,EC,1:26:18,3:16:59,2:22:45,0:02:57,0:05:27,7:14:25,5178,11819,8565,177,327,26065,99999,99999,99999,99999,99999,99999,99999,99999,99999,99999,99999,99999,Unofficial,0
Luis, Jaramillo,Luis Jaramillo,208,M40-44,,Guayaquil,EC-G,Ecuador,EC,1:15:30,3:14:45,2:17:57,0:04:11,0:06:29,6:58:53,4530,11685,8277,251,389,25133,99999,99999,99999,99999,99999,99999,99999,99999,99999,99999,99999,99999,Unofficial,0
Diego,Villalba,Diego Villalba,206,M35-39,Male,quito,EC-P,Ecuador,EC,1:19:50,3:11:04,2:09:25,0:03:48,0:05:18,6:49:25,4790,11464,7765,228,318,24565,99999,99999,99999,99999,99999,99999,99999,99999,99999,99999,99999,99999,Unofficial,0
Camilo Rafael,Cardenas Rodriguez,Camilo Rafael Cardenas Rodriguez,731,M40-44,Male,Quito,Pichincha,Ecuador,EC,1:16:06,3:52:01,2:36:45,0:06:37,0:06:17,7:57:46,4566,13921,9405,397,377,28666,99999,99999,99999,99999,99999,99999,99999,99999,99999,99999,99999,99999,Unofficial,0
Jessica,Vasquez,Jessica Vasquez,868,F35-39,Female,Cuenca,Azuay,Ecuador,EC,1:07:24,3:51:56,,0:03:37,0:02:42,,4044,13916,0,217,162,0,99999,99999,99999,99999,99999,99999,99999,99999,99999,99999,99999,99999,DNF,0
CARLOS,BARBERAN,CARLOS BARBERAN,824,M35-39,Male,QUITO,EC-P,Ecuador,EC,1:08:10,2:25:25,,0:05:09,0:06:25,,4090,8725,0,309,385,0,99999,99999,99999,99999,99999,99999,99999,99999,99999,99999,99999,99999,DNF,0
Raul,Banderas,Raul Banderas,419,M65-69,Male,Quito,Pichincha,Ecuador,EC,1:46:26,,,0:00:00,0:00:00,,6386,0,0,0,0,0,99999,99999,99999,99999,99999,99999,99999,99999,99999,99999,99999,99999,DNF,0
Harold,Erazo,Harold Erazo,751,M25-29,Male,Quito,Zamora Chinchipe,Ecuador,EC,,,,0:00:00,0:00:00,,0,0,0,0,0,0,99999,99999,99999,99999,99999,99999,99999,99999,99999,99999,99999,99999,DQ,0
Christian,Kaslin,Christian Kaslin,409,M40-44,Male,Quito,Pichincha,Ecuador,EC,0:55:51,3:55:04,3:22:10,0:09:29,0:12:50,8:35:23,3351,14104,12130,569,770,30923,99999,99999,99999,99999,99999,99999,99999,99999,99999,99999,99999,99999,Unofficial,0
Christian,Paredes,Christian Paredes,508,M40-44,Male,QUITO,PICHINCHA,Ecuador,EC,1:14:37,3:53:26,,0:07:34,0:07:24,,4477,14006,0,454,444,0,99999,99999,99999,99999,99999,99999,99999,99999,99999,99999,99999,99999,DNF,0
Luis,Almeida,Luis Almeida,744,M18-24,Male,Atuntaqui,Imbabura,Ecuador,EC,1:48:08,,,0:00:00,0:00:00,,6488,0,0,0,0,0,99999,99999,99999,99999,99999,99999,99999,99999,99999,99999,99999,99999,DNF,0
Carolina,Aguirre,Carolina Aguirre,148,F35-39,Female,Quito,PICHINCHA,Ecuador,EC,,,,0:00:00,0:00:00,,0,0,0,0,0,0,99999,99999,99999,99999,99999,99999,99999,99999,99999,99999,99999,99999,DNS,0
Santiago,Bustamante,Santiago Bustamante,391,M45-49,Male,Quito,EC-P,Ecuador,EC,0:45:31,,,0:04:02,0:00:00,,2731,0,0,242,0,0,99999,99999,99999,99999,99999,99999,99999,99999,99999,99999,99999,99999,DNF,0
Mario,Diaz Pinto,Mario Diaz Pinto,674,M70-74,Male,Quito,Pichincha,Ecuador,EC,1:46:50,,,0:00:00,0:00:00,,6410,0,0,0,0,0,99999,99999,99999,99999,99999,99999,99999,99999,99999,99999,99999,99999,DNF,0
Rodrigo,Beltran,Rodrigo Beltran,485,M40-44,Male,Bogotá,CO-CUN,Colombia,CO,0:57:47,3:32:38,,0:09:47,0:09:37,,3467,12758,0,587,577,0,99999,99999,99999,99999,99999,99999,99999,99999,99999,99999,99999,99999,DNF,0
Ivan,Tufiño,Ivan Tufiño,288,M40-44,Male,Quito,Pichincha,Ecuador,EC,1:46:26,,,0:00:00,0:00:00,,6386,0,0,0,0,0,99999,99999,99999,99999,99999,99999,99999,99999,99999,99999,99999,99999,DNF,0
fernanda,Del Castillo,fernanda Del Castillo,488,F35-39,Female,Quito,Pichincha,Ecuador,EC,1:11:01,3:28:55,2:29:23,0:03:24,0:05:35,7:18:17,4261,12535,8963,204,335,26297,99999,99999,99999,99999,99999,99999,99999,99999,99999,99999,99999,99999,Unofficial,0
Pamela,Rios,Pamela Rios,376,F40-44,Female,Quito,Pichincha,Ecuador,EC,,,,0:00:00,0:00:00,,0,0,0,0,0,0,99999,99999,99999,99999,99999,99999,99999,99999,99999,99999,99999,99999,DNS,0
Carlos,solis,Carlos solis,771,M30-34,Male,Salinas ,Santa Elena,Ecuador,EC,1:13:33,3:22:13,2:11:49,0:03:13,0:05:43,6:56:31,4413,12133,7909,193,343,24991,99999,99999,99999,99999,99999,99999,99999,99999,99999,99999,99999,99999,Unofficial,0
Javier,Cuzco,Javier Cuzco,467,M35-39,Male,QUITO - PICHINCHA,Pichincha,Ecuador,EC,1:18:14,3:19:17,2:11:31,0:05:44,0:06:56,7:01:43,4694,11957,7891,344,416,25303,99999,99999,99999,99999,99999,99999,99999,99999,99999,99999,99999,99999,Unofficial,0
Gabriela,Proaño,Gabriela Proaño,651,F40-44,Female,Quito,EC-P,Ecuador,EC,,,,0:00:00,0:00:00,,0,0,0,0,0,0,99999,99999,99999,99999,99999,99999,99999,99999,99999,99999,99999,99999,DNS,0
Mauricio,Figueroa,Mauricio Figueroa,299,M50-54,Male,Quito,EC-Pichincha,Ecuador,EC,,,,0:00:00,0:00:00,,0,0,0,0,0,0,99999,99999,99999,99999,99999,99999,99999,99999,99999,99999,99999,99999,DQ,0
