FirstName,LastName,FullName,Bib,AgeGroup,Gender,City,State,Country,CountryISO,SwimTime,BikeTime,RunTime,T1Time,T2Time,FinishTime,SwimSeconds,BikeSeconds,RunSeconds,T1Seconds,T2Seconds,FinishSeconds,OverallRank,GenderRank,AgeGroupRank,SwimRankOverall,SwimRankGender,SwimRankGroup,BikeRankOverall,BikeRankGender,BikeRankGroup,RunRankOverall,RunRankGender,RunRankGroup,Status,Points
Tim,Synowiec,Tim Synowiec,1215,M18-24,Male,Salisbury,MD,United States,US,0:27:44,2:07:18,1:13:26,0:02:22,0:02:57,3:53:46,1664,7638,4406,142,177,14026,1,1,1,6,6,1,1,1,1,1,1,1,Finisher,3500
Kyle,Jones,Kyle Jones,591,M30-34,Male,Boston,MA,United States,US,0:29:43,2:07:31,1:25:47,0:02:58,0:02:59,4:08:57,1783,7651,5147,178,179,14937,2,2,1,31,27,6,2,2,1,2,2,1,Finisher,3500
Zeb,Hinker,Zeb Hinker,1933,M18-24,Male,Cape May,New Jersey,United States,US,0:28:05,2:17:29,1:19:53,0:02:31,0:02:00,4:09:59,1685,8249,4793,151,120,14999,3,3,2,9,9,2,11,11,4,3,3,2,Finisher,3208
Tom,Pignatello,Tom Pignatello,254,M30-34,Male,Isle of Palms,SC,United States,US,0:32:39,2:05:42,1:26:52,0:03:24,0:03:21,4:11:57,1959,7542,5212,204,201,15117,4,4,2,146,111,22,4,4,3,4,4,2,Finisher,3446
Andrew,Gray,Andrew Gray,2553,M18-24,Male,CHERRY HILL,NJ,United States,US,0:31:21,2:14:23,1:22:06,0:02:58,0:02:55,4:13:44,1881,8063,4926,178,175,15224,5,5,3,78,57,17,13,13,5,5,5,3,Finisher,3140
Adam,Pemberton,Adam Pemberton,2376,M25-29,Male,Fishers,IN,United States,US,0:33:09,2:11:43,1:23:51,0:03:30,0:03:16,4:15:28,1989,7903,5031,210,196,15328,6,6,1,173,132,36,12,12,2,6,6,1,Finisher,3500
Bahadir,Tama,Bahadir Tama,741,M40-44,Male,Istanbul,Basaksehir,Turkey,TR,0:28:40,2:13:36,1:31:56,0:03:15,0:03:16,4:20:44,1720,8016,5516,195,196,15644,7,7,1,11,11,1,7,7,1,7,7,1,Finisher,3500
Jake,Wyatt,Jake Wyatt,577,M30-34,Male,Newport Beach,US-CA,United States,US,0:27:01,2:11:39,1:36:56,0:02:50,0:03:41,4:22:06,1621,7899,5816,170,221,15726,8,8,3,2,2,1,3,3,2,8,8,3,Finisher,3263
Seid,Lejlic,Seid Lejlic,181,M25-29,Male,FALLS CHURCH,VA,Bosnia and Herzegovina,BA,0:34:09,2:05:08,1:34:41,0:03:52,0:04:18,4:22:07,2049,7508,5681,232,258,15727,9,9,2,226,168,49,5,5,1,9,9,2,Finisher,3380
Matthew,Del Tufo,Matthew Del Tufo,256,M35-39,Male,LAVALLETTE,NJ,United States,US,0:32:17,2:14:25,1:31:05,0:03:08,0:02:33,4:23:28,1937,8065,5465,188,153,15808,10,10,1,122,90,7,15,15,1,10,10,1,Finisher,3500
Joseph,Shields,Joseph Shields,2518,M40-44,Male,Washington,DC,United States,US,0:32:39,2:12:03,1:34:25,0:02:09,0:02:49,4:24:07,1959,7923,5665,129,169,15847,11,11,2,150,114,11,10,10,2,11,11,2,Finisher,3439
Graham,Weber,Graham Weber,1079,M25-29,Male,Falls Church,VA,United States,US,0:32:36,2:19:20,1:27:50,0:03:08,0:03:09,4:26:03,1956,8360,5270,188,189,15963,12,12,3,145,110,27,36,35,9,12,12,3,Finisher,3309
Sean,Saxton,Sean Saxton,238,M25-29,Male,Dover,DE,United States,US,0:29:43,2:23:27,1:28:01,0:02:25,0:02:53,4:26:29,1783,8607,5281,145,173,15989,13,13,4,32,28,11,38,37,11,13,13,4,Finisher,3301
Westley,Adelman,Westley Adelman,467,M30-34,Male,HAMPSTEAD,NC,United States,US,0:31:59,2:17:23,1:31:07,0:02:44,0:03:27,4:26:39,1919,8243,5467,164,207,15999,14,14,4,108,78,16,20,20,6,14,14,4,Finisher,3181
Jake,Van Voorhees,Jake Van Voorhees,2219,M18-24,Male,Landenberg,PA,United States,US,0:33:29,2:17:11,1:30:55,0:03:44,0:02:45,4:28:04,2009,8231,5455,224,165,16084,15,15,4,189,142,34,31,30,9,15,15,4,Finisher,2882
Tyler,Rivenbark,Tyler Rivenbark,1962,M18-24,Male,Glenelg,MD,United States,US,0:35:51,2:15:05,1:30:44,0:03:29,0:03:35,4:28:44,2151,8105,5444,209,215,16124,16,16,5,342,256,58,32,31,10,16,16,5,Finisher,2870
Jackson,Burns,Jackson Burns,2196,M25-29,Male,HAYMARKET,VA,United States,US,0:31:43,2:19:47,1:30:24,0:03:38,0:03:14,4:28:46,1903,8387,5424,218,194,16126,17,17,5,92,64,19,37,36,10,17,17,5,Finisher,3260
Aidan,Anastario,Aidan Anastario,2378,M18-24,Male,Philadelphia,PENNSYLVANIA,United States,US,0:30:41,2:12:02,1:40:43,0:03:30,0:02:42,4:29:37,1841,7922,6043,210,162,16177,18,18,6,54,43,11,8,8,2,18,18,6,Finisher,2854
Szabolcs,Fercsik,Szabolcs Fercsik,1638,M30-34,Male,New York,US-NY,Hungary,HU,0:27:04,2:15:49,1:40:55,0:02:37,0:03:16,4:29:42,1624,8149,6055,157,196,16182,19,19,5,3,3,2,6,6,4,19,19,5,Finisher,3126
Mario,Radevic,Mario Radevic,201,M45-49,Male,Lage,NW,Germany,DE,0:32:35,2:17:19,1:33:44,0:03:20,0:03:00,4:29:58,1955,8239,5624,200,180,16198,20,20,1,142,107,7,25,25,1,20,20,1,Finisher,3500
Jon,Bruccoleri,Jon Bruccoleri,275,M30-34,Male,BRIGANTINE,NJ,United States,US,0:29:05,2:23:14,1:31:02,0:04:01,0:02:43,4:30:05,1745,8594,5462,241,163,16205,21,21,6,19,17,5,45,43,8,21,21,6,Finisher,3119
Brett,Faro,Brett Faro,298,M40-44,Male,Xenia,OH,United States,US,0:34:50,2:16:12,1:33:04,0:02:58,0:03:04,4:30:07,2090,8172,5584,178,184,16207,22,22,3,264,197,17,30,29,4,22,22,3,Finisher,3331
Scott,Holmes,Scott Holmes,967,M18-24,Male,Mechanicsville,VA,United States,US,0:30:04,2:19:30,1:32:48,0:03:59,0:04:00,4:30:22,1804,8370,5568,239,240,16222,23,23,7,44,36,10,27,27,7,23,23,7,Finisher,2841
Thomas,Wakin,Thomas Wakin,1759,M18-24,Male,Katonah,NY,United States,US,0:32:18,2:16:21,1:31:36,0:05:06,0:05:29,4:30:50,1938,8181,5496,306,329,16250,24,24,8,123,91,24,28,28,8,24,24,8,Finisher,2832
Anna,Armfield,Anna Armfield,255,F25-29,Female,VIRGINIA BCH,VA,United States,US,0:29:56,2:23:25,1:32:23,0:02:43,0:02:31,4:30:59,1796,8605,5543,163,151,16259,25,1,1,42,8,5,44,2,2,25,1,1,Finisher,3500
James,Mcerlean,James Mcerlean,1739,M25-29,Male,Hatboro,PA,United States,US,0:27:23,2:20:37,1:36:57,0:03:30,0:03:58,4:32:27,1643,8437,5817,210,238,16347,26,25,6,5,5,2,17,17,3,26,25,6,Finisher,3194
Alex,Smirnov,Alex Smirnov,1932,M30-34,Male,Coatesville,Pennsylvania,United States,US,0:32:22,2:13:10,1:39:10,0:03:31,0:04:16,4:32:30,1942,7990,5950,211,256,16350,27,26,7,128,96,19,14,14,5,27,26,7,Finisher,3076
Robert,Wisniewski,Robert Wisniewski,959,M25-29,Male,Brooklyn,NY,United States,US,0:27:49,2:21:34,1:37:03,0:03:29,0:02:56,4:32:51,1669,8494,5823,209,176,16371,28,27,7,7,7,3,23,23,6,28,27,7,Finisher,3187
Jeremy,Brule,Jeremy Brule,480,M18-24,Male,Chambly ,QC,Canada,CA,0:32:46,2:19:00,1:35:09,0:03:14,0:03:04,4:33:14,1966,8340,5709,194,184,16394,29,28,9,156,120,29,35,34,13,29,28,9,Finisher,2789
Gregory,Wood,Gregory Wood,253,M60-64,Male,ARLINGTON,VA,United States,US,0:35:41,2:16:57,1:34:10,0:03:00,0:03:30,4:33:18,2141,8217,5650,180,210,16398,30,29,1,329,245,9,41,40,1,30,29,1,Finisher,3500
Shane ,Hoffman ,Shane Hoffman,246,M25-29,Male,SCHENECTADY,NY,United States,US,0:33:54,2:15:31,1:37:41,0:03:29,0:02:55,4:33:31,2034,8131,5861,209,175,16411,31,30,8,214,160,44,24,24,7,31,30,8,Finisher,3175
Zoe,Van Winckel,Zoe Van Winckel,777,F18-24,Female,Reston,Virginia,United States,US,0:30:51,2:23:42,1:33:12,0:03:10,0:02:45,4:33:40,1851,8622,5592,190,165,16420,32,2,1,59,12,1,50,3,1,32,2,1,Finisher,3500
Luke,Brothers,Luke Brothers,252,M18-24,Male,Falls Church,Virginia,United States,US,0:32:02,2:11:20,1:44:31,0:03:30,0:03:36,4:34:58,1922,7880,6271,210,216,16498,33,31,10,112,82,23,9,9,3,33,31,10,Finisher,2758
Evan,Bender,Evan Bender,200,M25-29,Male,NEW YORK,NY,United States,US,0:31:14,2:17:59,1:40:52,0:02:25,0:02:53,4:35:22,1874,8279,6052,145,173,16522,34,32,9,76,56,17,18,18,4,34,32,9,Finisher,3141
Dana,Glodek,Dana Glodek,401,F35-39,Female,Malvern,PA,United States,US,0:30:27,2:24:42,1:34:04,0:03:19,0:03:29,4:36:01,1827,8682,5644,199,209,16561,35,3,1,52,11,1,53,5,2,35,3,1,Finisher,3500
Kenneth,Jones,Kenneth Jones,228,M45-49,Male,TAMPA,FL,United States,US,0:37:06,2:18:16,1:33:40,0:04:22,0:02:49,4:36:12,2226,8296,5620,262,169,16572,36,33,2,463,345,27,64,59,5,36,33,2,Finisher,3387
Timothy,Eckert,Timothy Eckert,1069,M30-34,Male,Washington,District of Columbia,United States,US,0:30:53,2:23:59,1:33:57,0:04:05,0:03:23,4:36:18,1853,8639,5637,245,203,16578,37,34,8,60,48,10,58,53,10,37,34,8,Finisher,3007
Zachary,Moxham,Zachary Moxham,1827,M30-34,Male,New York,NY,United States,US,0:31:49,2:25:04,1:31:10,0:04:37,0:03:41,4:36:21,1909,8704,5470,277,221,16581,38,35,9,95,67,14,81,74,12,38,35,9,Finisher,3006
Lucas,Pardew,Lucas Pardew,1925,M35-39,Male,Parkton,MD,United States,US,0:35:57,2:19:23,1:32:22,0:04:52,0:03:57,4:36:31,2157,8363,5542,292,237,16591,39,36,2,353,264,26,69,64,5,39,36,2,Finisher,3265
Dwayne,Smith,Dwayne Smith,229,M55-59,Male,Hanover,PA,United States,US,0:34:13,2:21:15,1:33:29,0:03:55,0:03:49,4:36:42,2053,8475,5609,235,229,16602,40,37,1,230,169,10,63,58,4,40,37,1,Finisher,3500
Zachary,Mittelsteadt,Zachary Mittelsteadt,2292,M18-24,Male,"Wayland, Massachusetts, United States",MA,United States,US,0:29:45,2:21:45,1:38:46,0:03:20,0:03:08,4:36:44,1785,8505,5926,200,188,16604,41,38,11,34,29,6,34,33,12,41,38,11,Finisher,2726
Jan,Burkhardt,Jan Burkhardt,402,M45-49,Male,Gladwyne,PA,United States,US,0:32:20,2:19:54,1:38:26,0:03:24,0:02:49,4:36:53,1940,8394,5906,204,169,16613,42,39,3,125,93,4,40,39,2,42,39,3,Finisher,3375
Trevor,Gardner,Trevor Gardner,190,M25-29,Male,Arlington,VA,United States,US,0:32:53,2:24:07,1:32:46,0:03:45,0:03:33,4:37:04,1973,8647,5566,225,213,16624,43,40,10,161,123,33,74,68,16,43,40,10,Finisher,3111
Charlie,Lertlumprasert,Charlie Lertlumprasert,1298,F25-29,Female,Seattle,WA,United States,US,0:31:30,2:18:55,1:40:20,0:03:26,0:03:09,4:37:20,1890,8335,6020,206,189,16640,44,4,2,84,25,9,29,1,1,44,4,2,Finisher,3385
Mark,Spottiswood,Mark Spottiswood,1227,M50-54,Male,MERRICK,NY,United States,US,0:34:50,2:17:25,1:38:48,0:03:23,0:02:58,4:37:24,2090,8245,5928,203,178,16644,45,41,1,263,196,9,39,38,1,45,41,1,Finisher,3500
Max,Verheyen,Max Verheyen,236,M25-29,Male,Baltimore,MD,United States,US,0:26:15,2:25:11,1:37:34,0:04:32,0:04:02,4:37:33,1575,8711,5854,272,242,16653,46,42,11,1,1,1,43,42,12,46,42,11,Finisher,3102
Santiago,Leon,Santiago Leon,185,M45-49,Male,DORAL,FL,Venezuela,VE,0:31:30,2:22:37,1:37:58,0:02:59,0:02:59,4:38:04,1890,8557,5878,179,179,16684,47,43,4,85,60,1,48,46,3,47,43,4,Finisher,3354
Jared,Eytcheson,Jared Eytcheson,1552,M25-29,Male,Arlington,US-VA,United States,US,0:29:26,2:20:47,1:42:03,0:03:15,0:02:48,4:38:19,1766,8447,6123,195,168,16699,48,44,12,24,21,9,26,26,8,48,44,12,Finisher,3088
Thomas,Jones,Thomas Jones,1715,M30-34,Male,Reston,VA,United States,US,0:29:52,2:18:12,1:42:01,0:04:40,0:04:00,4:38:45,1792,8292,6121,280,240,16725,49,45,10,38,32,7,22,22,7,49,45,10,Finisher,2963
Jonathan,Ravid,Jonathan Ravid,956,M18-24,Male,Virginia Beach,Virginia,United States,US,0:29:59,2:21:27,1:41:25,0:03:02,0:02:53,4:38:46,1799,8487,6085,182,173,16726,50,46,12,43,35,9,33,32,11,50,46,12,Finisher,2690
Michael,Trypaluk,Michael Trypaluk,213,M30-34,Male,Shirley,NY,United States,US,0:31:33,2:24:01,1:35:58,0:03:31,0:03:47,4:38:49,1893,8641,5758,211,227,16729,51,47,11,86,61,12,59,54,11,51,47,11,Finisher,2962
Justin,Maratea,Justin Maratea,226,M25-29,Male,West Chester,IL,United States,US,0:29:26,2:29:51,1:33:16,0:03:09,0:03:18,4:39:00,1766,8991,5596,189,198,16740,52,48,13,25,22,10,86,79,18,52,48,13,Finisher,3076
Justin,Rubin,Justin Rubin,1588,M25-29,Male,Southampton ,Pennsylvania,United States,US,0:33:49,2:22:16,1:32:44,0:04:41,0:05:37,4:39:08,2029,8536,5564,281,337,16748,53,49,14,207,155,41,75,69,17,53,49,14,Finisher,3074
Angus,Gruen,Angus Gruen,2071,M30-34,Male,Philadelphia,Pennsylvania,Australia,AU,0:35:30,2:30:06,1:23:21,0:06:10,0:04:09,4:39:15,2130,9006,5001,370,249,16755,54,50,12,309,231,36,203,186,28,54,50,12,Finisher,2954
Thomas,Heidenberger,Thomas Heidenberger,805,M35-39,Male,CHEVY CHASE,MD,United States,US,0:31:53,2:23:47,1:36:16,0:04:13,0:03:09,4:39:17,1913,8627,5776,253,189,16757,55,51,3,101,72,6,67,62,4,55,51,3,Finisher,3215
Joanne,Gribler,Joanne Gribler,1951,F35-39,Female,Washington,DC,United States,US,0:31:00,2:22:52,1:38:29,0:04:16,0:03:14,4:39:51,1860,8572,5909,256,194,16791,56,5,2,66,16,3,52,4,1,56,5,2,Finisher,3431
Christopher,Rochford,Christopher Rochford,890,M45-49,Male,ATLANTIC CITY,NJ,United States,US,0:33:02,2:22:48,1:36:54,0:03:55,0:03:29,4:40:08,1982,8568,5814,235,209,16808,57,52,5,171,130,8,65,60,6,57,52,5,Finisher,3317
Patrick,Sirois,Patrick Sirois,220,M55-59,Male,WINTER GARDEN,FL,Canada,CA,0:30:27,2:24:00,1:39:55,0:03:11,0:03:18,4:40:51,1827,8640,5995,191,198,16851,58,53,2,51,41,1,49,47,2,58,53,2,Finisher,3425
James,Grauel,James Grauel,251,M25-29,Male,WILDWOOD CRST,NJ,United States,US,0:32:40,2:16:15,1:45:09,0:03:49,0:02:59,4:40:51,1960,8175,6309,229,179,16851,59,54,15,151,115,29,21,21,5,59,54,15,Finisher,3043
Keaton,Burke,Keaton Burke,1317,M25-29,Male,DAGSBORO,DE,United States,US,0:30:31,2:30:17,1:35:03,0:02:59,0:03:14,4:42:05,1831,9017,5703,179,194,16925,60,55,16,53,42,15,103,95,21,60,55,16,Finisher,3020
Remy,Espinoza,Remy Espinoza,658,M40-44,Male,Alajuela,CR-Alajuela,Costa Rica,CR,0:35:28,2:18:01,1:42:56,0:02:56,0:03:39,4:43:00,2128,8281,6176,176,219,16980,61,56,4,305,229,24,46,44,5,61,56,4,Finisher,3099
Corry,Marcincin,Corry Marcincin,242,F40-44,Female,CENTER VALLEY,PA,United States,US,0:29:44,2:31:28,1:34:46,0:03:35,0:04:03,4:43:36,1784,9088,5686,215,243,17016,62,6,1,33,5,1,111,11,1,62,6,1,Finisher,3500
Scott,Foreman,Scott Foreman,207,M35-39,Male,Phoenix,MD,United States,US,0:32:55,2:23:10,1:41:00,0:03:16,0:03:16,4:43:36,1975,8590,6060,196,196,17016,63,57,4,164,125,9,61,56,3,63,57,4,Finisher,3137
Tyler,Alansky,Tyler Alansky,2237,M25-29,Male,Downingtown,PA,United States,US,0:31:34,2:27:10,1:37:08,0:04:14,0:03:40,4:43:47,1894,8830,5828,254,220,17027,64,58,17,87,62,18,94,86,19,64,58,17,Finisher,2990
Mark,Dooley,Mark Dooley,964,M60-64,Male,Fort Washington,PA,United States,US,0:32:33,2:24:47,1:38:47,0:04:06,0:03:54,4:44:08,1953,8687,5927,246,234,17048,65,59,2,140,105,4,80,73,2,65,59,2,Finisher,3305
Andres,Arenas,Andres Arenas,1798,M35-39,Male,Norwood,PA,Colombia,CO,0:31:50,2:28:57,1:34:11,0:05:17,0:03:55,4:44:11,1910,8937,5651,317,235,17051,66,60,5,97,68,4,124,113,18,66,60,5,Finisher,3127
Dominic,Paone,Dominic Paone,1179,M30-34,Male,Conshohocken,PA,United States,US,0:38:23,2:17:18,1:41:52,0:03:13,0:04:24,4:45:10,2303,8238,6112,193,264,17110,67,61,13,615,461,76,55,50,9,67,61,13,Finisher,2848
Sean,Pittinger,Sean Pittinger,198,M35-39,Male,Rye,NY,United States,US,0:37:23,2:21:48,1:39:43,0:03:40,0:03:06,4:45:39,2243,8508,5983,220,186,17139,68,62,6,498,372,37,93,85,12,68,62,6,Finisher,3100
Ceballos Alcoba,Rafael,Ceballos Alcoba Rafael,2330,M40-44,Male,Sevilla,ANDALUCIA,Spain,ES,0:32:26,2:26:46,1:39:20,0:03:28,0:03:55,4:45:55,1946,8806,5960,208,235,17155,69,63,5,131,99,10,89,82,12,69,63,5,Finisher,3046
Mike,Synowiec,Mike Synowiec,1226,M50-54,Male,Salisbury,MD,United States,US,0:37:14,2:24:10,1:37:36,0:03:18,0:03:46,4:46:04,2234,8650,5856,198,226,17164,70,64,2,482,362,21,110,100,5,70,64,2,Finisher,3344
Daniel,Shuman,Daniel Shuman,1390,M40-44,Male,VIRGINIA BCH,VA,United States,US,0:29:30,2:22:19,1:42:42,0:06:17,0:05:42,4:46:29,1770,8539,6162,377,342,17189,71,65,6,26,23,2,51,48,6,71,65,6,Finisher,3036
Sean,Butters,Sean Butters,244,M25-29,Male,Seattle,WA,United States,US,0:29:23,2:25:49,1:44:39,0:03:28,0:03:11,4:46:31,1763,8749,6279,208,191,17191,72,66,18,23,20,8,54,49,13,72,66,18,Finisher,2941
Ashley,Anderson,Ashley Anderson,204,F35-39,Female,NORFOLK,VA,United States,US,0:31:22,2:25:59,1:43:38,0:03:09,0:03:18,4:47:27,1882,8759,6218,189,198,17247,73,7,3,80,23,4,72,6,3,73,7,3,Finisher,3294
Michael,Dobson,Michael Dobson,1112,M40-44,Male,CHARLOTTESVLE,VA,Canada,CA,0:32:08,2:25:33,1:42:25,0:04:51,0:03:08,4:48:04,1928,8733,6145,291,188,17284,74,67,7,118,87,8,87,80,11,74,67,7,Finisher,3008
Loren,Arteche Simmons,Loren Arteche Simmons,2331,M30-34,Male,san sebastian,,Spain,ES,0:34:48,2:27:14,1:37:07,0:04:28,0:04:43,4:48:20,2088,8834,5827,268,283,17300,75,68,14,259,193,30,130,119,18,75,68,14,Finisher,2791
Wilson,Arenas,Wilson Arenas,1800,M25-29,Male,LINDENHURST,NY,Colombia,CO,0:32:21,2:31:15,1:35:29,0:05:49,0:03:29,4:48:23,1941,9075,5729,349,209,17303,76,69,19,126,94,24,164,151,27,76,69,19,Finisher,2907
Nate,Bruno,Nate Bruno,391,M55-59,Male,MIDDLETOWN,DE,United States,US,0:35:52,2:19:56,1:46:21,0:03:07,0:03:23,4:48:39,2152,8396,6381,187,203,17319,77,70,3,343,257,14,56,51,3,77,70,3,Finisher,3284
Leanne,Hemminger,Leanne Hemminger,549,F30-34,Female,Alameda,CA,United States,US,0:31:21,2:28:02,1:43:10,0:03:22,0:03:26,4:49:21,1881,8882,6190,202,206,17361,78,8,1,77,21,4,90,8,1,78,8,1,Finisher,3500
Pieter,Mingels ,Pieter Mingels,111,M35-39,Male,Alexandria,Virginia,Belgium,BE,0:35:48,2:29:17,1:37:34,0:03:31,0:03:26,4:49:37,2148,8957,5854,211,206,17377,79,71,7,336,250,23,150,138,21,79,71,7,Finisher,3029
Ari,Baum,Ari Baum,301,M45-49,Male,Brooklyn,NY,United States,US,0:36:21,2:30:17,1:34:28,0:04:35,0:04:02,4:49:43,2181,9017,5668,275,242,17383,80,72,6,389,292,19,194,178,22,80,72,6,Finisher,3144
Bartosz,Stańczak,Bartosz Stańczak,2249,M45-49,Male,Warszawa,Mazovia,Poland,PL,0:38:19,2:18:05,1:46:30,0:03:33,0:03:32,4:49:58,2299,8285,6390,213,212,17398,81,73,7,611,457,35,68,63,7,81,73,7,Finisher,3140
Ronald,Chirinos,Ronald Chirinos,569,M40-44,Male,Miami,FL,Venezuela,VE,0:29:34,2:19:01,1:54:59,0:02:52,0:03:48,4:50:14,1774,8341,6899,172,228,17414,82,74,8,28,24,3,16,16,3,82,74,8,Finisher,2969
Mauricio,Hernandez,Mauricio Hernandez,598,M30-34,Male,León de los Aldama,MX-GUA,Mexico,MX,0:41:36,2:24:56,1:36:12,0:03:56,0:03:44,4:50:25,2496,8696,5772,236,224,17425,83,75,15,1032,766,128,183,168,25,83,75,15,Finisher,2753
Tyler,Mannino,Tyler Mannino,221,M35-39,Male,Bay Shore,NY,United States,US,0:36:00,2:20:57,1:46:11,0:03:38,0:03:48,4:50:34,2160,8457,6371,218,228,17434,84,76,8,360,269,27,73,67,6,84,76,8,Finisher,3012
Frank,Arcuri Jr,Frank Arcuri Jr,942,M35-39,Male,Freeport,NY,United States,US,0:34:55,2:23:09,1:43:27,0:04:45,0:04:18,4:50:34,2095,8589,6207,285,258,17434,85,77,9,270,203,16,92,84,11,85,77,9,Finisher,3012
Max,Nordhausen,Max Nordhausen,1452,M18-24,Male,Plymouth,New Hampshire,United States,US,0:37:06,2:37:54,1:29:56,0:03:05,0:03:02,4:51:03,2226,9474,5396,185,182,17463,86,78,13,467,349,75,326,295,38,86,78,13,Finisher,2468
Bugra,Darici,Bugra Darici,525,M35-39,Male,İstanbul,ISTANBUL,Turkey,TR,0:38:42,2:21:42,1:43:15,0:04:35,0:03:30,4:51:44,2322,8502,6195,275,210,17504,87,79,10,653,487,54,114,103,15,87,79,10,Finisher,2991
Jack,Walker,Jack Walker,1693,M18-24,Male,Oceanport,NJ,United States,US,0:37:00,2:26:13,1:39:17,0:05:13,0:04:12,4:51:55,2220,8773,5957,313,252,17515,88,80,14,453,338,73,146,134,18,88,80,14,Finisher,2453
William,Shirley,William Shirley,710,M18-24,Male,STUARTS DRAFT,VA,United States,US,0:34:52,2:30:01,1:39:52,0:04:20,0:03:10,4:52:15,2092,9001,5992,260,190,17535,89,81,15,265,198,46,160,147,21,89,81,15,Finisher,2447
Noah,Cheng,Noah Cheng,2374,M25-29,Male,PHILADELPHIA,PA,United States,US,0:37:43,2:24:18,1:41:53,0:04:41,0:04:07,4:52:41,2263,8658,6113,281,247,17561,90,82,20,541,404,89,134,123,26,90,82,20,Finisher,2830
Tj,Reisdorf,Tj Reisdorf,1527,M25-29,Male,Florham Park,NEW JERSEY,United States,US,0:33:48,2:36:56,1:36:19,0:02:57,0:02:59,4:52:58,2028,9416,5779,177,179,17578,91,83,21,204,153,40,243,223,37,91,83,21,Finisher,2825
Kyle,Foster,Kyle Foster,1677,M25-29,Male,Woodbridge Township,New Jersey,United States,US,0:30:10,2:42:47,1:33:19,0:03:17,0:03:31,4:53:03,1810,9767,5599,197,211,17583,92,84,22,46,37,13,285,258,42,92,84,22,Finisher,2823
Vincent,Demario,Vincent Demario,2488,M30-34,Male,Mount Airy,MD,United States,US,0:37:10,2:25:14,1:43:33,0:04:06,0:03:13,4:53:16,2230,8714,6213,246,193,17596,93,85,16,473,355,55,131,120,19,93,85,16,Finisher,2702
Sameer,Madan,Sameer Madan,2113,M35-39,Male,NEW YORK,NY,United States,US,0:36:03,2:24:58,1:44:11,0:03:58,0:04:06,4:53:16,2163,8698,6251,238,246,17596,94,86,11,363,271,28,113,102,14,94,86,11,Finisher,2963
Eric,Heidenberger,Eric Heidenberger,807,M40-44,Male,Chevy Chase,MD,United States,US,0:32:42,2:30:19,1:43:08,0:03:47,0:03:29,4:53:25,1962,9019,6188,227,209,17605,95,87,9,153,117,12,136,124,14,95,87,9,Finisher,2911
Jason,Resch,Jason Resch,230,M40-44,Male,Malvern,PA,United States,US,0:34:48,2:22:28,1:50:09,0:03:13,0:03:06,4:53:44,2088,8548,6609,193,186,17624,96,88,10,258,192,16,71,66,8,96,88,10,Finisher,2906
Torey,Hurst,Torey Hurst,336,F18-24,Female,Charleston,SC,United States,US,0:32:08,2:25:23,1:49:28,0:03:28,0:03:20,4:53:48,1928,8723,6568,208,200,17628,97,9,2,119,32,5,78,7,2,97,9,2,Finisher,3137
Blake,Moore,Blake Moore,1691,M18-24,Male,HENRICO,VA,United States,US,0:29:56,2:18:26,1:59:01,0:03:41,0:02:59,4:54:02,1796,8306,7141,221,179,17642,98,89,16,41,34,8,19,19,6,98,89,16,Finisher,2415
Kristof,Kertesz,Kristof Kertesz,2505,M30-34,Male,Arlington,US-VA,Hungary,HU,0:28:10,2:31:12,1:47:10,0:03:39,0:04:21,4:54:31,1690,9072,6430,219,261,17671,99,90,17,10,10,4,95,87,15,99,90,17,Finisher,2679
Colin,Nolan,Colin Nolan,1490,M35-39,Male,ARDMORE,PA,United States,US,0:36:38,2:20:41,1:49:28,0:03:56,0:03:51,4:54:34,2198,8441,6568,236,231,17674,100,91,12,415,310,31,79,72,7,100,91,12,Finisher,2940
Jamil,Madati,Jamil Madati,247,M50-54,Male,Bethesda,MD,United States,US,0:34:18,2:25:04,1:47:21,0:03:42,0:04:16,4:54:40,2058,8704,6441,222,256,17680,101,92,3,235,174,5,96,88,2,101,92,3,Finisher,3189
David,Dallesandro,David Dallesandro,1885,M35-39,Male,Farmington,NY,United States,US,0:35:43,2:16:59,1:53:48,0:04:15,0:04:04,4:54:48,2143,8219,6828,255,244,17688,102,93,13,331,246,22,47,45,2,102,93,13,Finisher,2936
Cristian,Villamarin,Cristian Villamarin,2508,M35-39,Male,Toronto,ON,Canada,CA,0:39:39,2:29:29,1:37:34,0:03:42,0:04:35,4:54:58,2379,8969,5854,222,275,17698,103,94,14,779,582,71,227,207,35,103,94,14,Finisher,2933
Ray ,Reinheimer,Ray Reinheimer,1926,M40-44,Male,CRANBERRY TWP,PA,United States,US,0:30:44,2:33:04,1:43:29,0:03:54,0:03:49,4:55:00,1844,9184,6209,234,229,17700,104,95,11,56,45,7,143,131,16,104,95,11,Finisher,2883
Andres,Fernandez G,Andres Fernandez G,194,M45-49,Male,San Jose,SAN JOSE,Costa Rica,CR,0:42:28,2:18:07,1:46:32,0:04:48,0:03:14,4:55:09,2548,8287,6392,288,194,17709,105,96,8,1163,858,70,121,110,13,105,96,8,Finisher,3046
Andre,Gomez,Andre Gomez,195,M35-39,Male,san jose,CR-FL,Costa Rica,CR,0:38:10,2:23:25,1:47:07,0:03:39,0:03:01,4:55:23,2290,8605,6427,219,181,17723,106,97,15,596,444,45,119,108,17,106,97,15,Finisher,2925
Jeffrey,Walton,Jeffrey Walton,1463,M35-39,Male,CARY,NC,United States,US,0:31:43,2:32:54,1:43:45,0:03:46,0:03:31,4:55:38,1903,9174,6225,226,211,17738,107,98,16,90,63,3,144,132,20,107,98,16,Finisher,2921
Todd,Weiss,Todd Weiss,89,M30-34,Male,bloomfield hills,MI,United States,US,0:32:13,2:32:26,1:43:26,0:04:24,0:03:12,4:55:42,1933,9146,6206,264,192,17742,108,99,18,121,89,18,157,145,20,108,99,18,Finisher,2658
Joe,Pak,Joe Pak,182,M50-54,Male,London,GB-GB-ENG,United Kingdom,GB,0:36:10,2:29:21,1:40:18,0:04:30,0:05:33,4:55:52,2170,8961,6018,270,333,17752,109,100,4,371,279,12,176,162,11,109,100,4,Finisher,3167
Juan Ignacio,Costello Grinberg,Juan Ignacio Costello Grinberg,243,M45-49,Male,La Falda,AR-X,Argentina,AR,0:35:11,2:26:03,1:47:51,0:02:51,0:03:57,4:55:53,2111,8763,6471,171,237,17753,110,101,9,287,219,13,107,98,10,110,101,9,Finisher,3033
Ryan,Lawrence,Ryan Lawrence,2017,M40-44,Male,UNION CITY,PA,United States,US,0:29:53,2:27:14,1:50:35,0:03:14,0:05:02,4:55:58,1793,8834,6635,194,302,17758,111,102,12,39,33,6,70,65,7,111,102,12,Finisher,2865
Aaron,Chesky,Aaron Chesky,975,M50-54,Male,NEW YORK,NY,United States,US,0:33:23,2:29:18,1:45:31,0:03:44,0:04:05,4:56:02,2003,8958,6331,224,245,17762,112,103,5,183,138,3,129,118,6,112,103,5,Finisher,3164
Miguel,Madeira,Miguel Madeira,1275,M25-29,Male,Nesconset,New York,Portugal,PT,0:27:50,2:27:07,1:53:19,0:04:13,0:03:45,4:56:14,1670,8827,6799,253,225,17774,113,104,23,8,8,4,60,55,15,113,104,23,Finisher,2766
Reed,Mckeague,Reed Mckeague,2356,M30-34,Male,OTTAWA,ON,Canada,CA,0:37:01,2:22:48,1:47:16,0:05:17,0:03:57,4:56:18,2221,8568,6436,317,237,17778,114,105,19,457,340,50,117,106,16,114,105,19,Finisher,2647
Marcio,Fukuhara,Marcio Fukuhara,2510,M55-59,Male,Norwood,NJ,United States,US,0:33:13,2:19:37,1:55:42,0:02:55,0:04:58,4:56:25,1993,8377,6942,175,298,17785,115,106,4,178,136,6,42,41,1,115,106,4,Finisher,3145
Joseph,Rego,Joseph Rego,2139,M25-29,Male,East Providence,RI,United States,US,0:41:51,2:33:02,1:33:35,0:04:29,0:03:29,4:56:26,2511,9182,5615,269,209,17786,116,107,24,1068,791,162,351,316,53,116,107,24,Finisher,2762
Miles,Miller,Miles Miller,507,M18-24,Male,Cranberry Township,Pennsylvania,United States,US,0:34:58,2:31:58,1:40:46,0:03:50,0:05:00,4:56:33,2098,9118,6046,230,300,17793,117,108,17,274,207,47,187,172,23,117,108,17,Finisher,2369
Andrew,Bulovsky,Andrew Bulovsky,1172,M30-34,Male,Washington,DC,United States,US,0:34:57,2:31:54,1:41:23,0:04:27,0:03:54,4:56:35,2097,9114,6083,267,234,17795,118,109,20,272,205,32,197,181,26,118,109,20,Finisher,2642
Kyle,Coughenour,Kyle Coughenour,219,M35-39,Male,Harlem,GA,United States,US,0:31:28,2:27:40,1:51:29,0:03:27,0:03:07,4:57:10,1888,8860,6689,207,187,17830,119,110,17,83,59,2,88,81,9,119,110,17,Finisher,2893
John,Schmiesing,John Schmiesing,2056,M45-49,Male,York,PA,United States,US,0:39:26,2:19:29,1:49:04,0:05:00,0:04:19,4:57:19,2366,8369,6544,300,259,17839,120,111,10,751,562,44,104,96,9,120,111,10,Finisher,3007
Max,Steffen,Max Steffen,1085,M25-29,Male,New York,NY,United States,US,0:33:11,2:27:40,1:49:15,0:04:12,0:03:23,4:57:42,1991,8860,6555,252,203,17862,121,112,25,175,134,38,115,104,22,121,112,25,Finisher,2739
Caleb,Chapman,Caleb Chapman,235,M35-39,Male,Briggs,TX,United States,US,0:36:09,2:22:30,1:51:55,0:04:10,0:03:05,4:57:48,2169,8550,6715,250,185,17868,122,113,18,369,277,29,91,83,10,122,113,18,Finisher,2882
Erin,Mckee,Erin Mckee,934,F40-44,Female,Morganton,NC,United States,US,0:36:47,2:25:38,1:47:30,0:04:19,0:03:50,4:58:04,2207,8738,6450,259,230,17884,123,10,2,427,109,11,135,12,2,123,10,2,Finisher,3239
Keith,Mcinerney,Keith Mcinerney,211,M50-54,Male,Meelick,Clare,Ireland,IE,0:39:13,2:30:07,1:40:37,0:03:41,0:04:29,4:58:08,2353,9007,6037,221,269,17888,124,114,6,728,547,31,233,213,15,124,114,6,Finisher,3126
David,Labagh,David Labagh,2287,M35-39,Male,Elizabethtown,PA,United States,US,0:37:20,2:28:09,1:45:01,0:03:54,0:03:51,4:58:16,2240,8889,6301,234,231,17896,125,115,19,492,368,35,163,150,24,125,115,19,Finisher,2873
Tobias,Fleckenstein,Tobias Fleckenstein,1784,M18-24,Male,Manteo,NC,United States,US,0:33:34,2:28:52,1:48:40,0:04:09,0:03:16,4:58:31,2014,8932,6520,249,196,17911,126,116,18,193,145,35,133,122,16,126,116,18,Finisher,2334
Jackson,Graham,Jackson Graham,1185,M18-24,Male,Finksburg,Maryland,United States,US,0:34:49,2:29:12,1:46:26,0:04:26,0:03:38,4:58:31,2089,8952,6386,266,218,17911,127,117,19,262,195,45,148,136,19,127,117,19,Finisher,2334
Tyler,Slomkowski,Tyler Slomkowski,679,M35-39,Male,Hamden,CT,United States,US,0:38:14,2:30:14,1:43:53,0:03:02,0:03:11,4:58:34,2294,9014,6233,182,191,17914,128,118,20,602,449,46,199,183,29,128,118,20,Finisher,2868
Dale,Oates,Dale Oates,223,M30-34,Male,Columbus,OH,United States,US,0:40:30,2:28:11,1:41:04,0:04:55,0:03:53,4:58:34,2430,8891,6064,295,233,17914,129,119,21,874,646,108,240,220,38,129,119,21,Finisher,2606
Wesley,Swain,Wesley Swain,2320,M25-29,Male,San Antonio,TX,United States,US,0:30:48,2:24:44,1:56:34,0:03:26,0:03:20,4:58:51,1848,8684,6994,206,200,17931,130,120,26,58,47,16,57,52,14,130,120,26,Finisher,2719
Aashish,Balani,Aashish Balani,2006,M25-29,Male,Brooklyn,NEW YORK,Singapore,SG,0:42:57,2:23:50,1:42:28,0:04:54,0:04:42,4:58:51,2577,8630,6148,294,282,17931,131,121,27,1230,903,180,202,185,35,131,121,27,Finisher,2719
Michael,Marquardt,Michael Marquardt,1013,M40-44,Male,Keswick,VA,United States,US,0:34:32,2:25:56,1:51:23,0:03:46,0:03:27,4:59:03,2072,8756,6683,226,207,17943,132,122,13,241,179,15,108,99,13,132,122,13,Finisher,2810
Drew,Addis,Drew Addis,2156,M25-29,Male,Saint Davids,Pennsylvania,United States,US,0:34:56,2:30:57,1:45:37,0:03:59,0:03:37,4:59:05,2096,9057,6337,239,217,17945,133,123,28,271,204,51,173,159,31,133,123,28,Finisher,2714
Colin,Williams,Colin Williams,428,M30-34,Male,Plymouth,PA,United States,US,0:34:24,2:32:49,1:43:00,0:04:36,0:04:20,4:59:10,2064,9169,6180,276,260,17950,134,124,22,239,177,26,205,187,29,134,124,22,Finisher,2596
Kenneth,Erichsen,Kenneth Erichsen,53,M50-54,Male,Guatemala,GT-GU,Guatemala,GT,0:36:25,2:22:07,1:49:02,0:05:31,0:06:06,4:59:10,2185,8527,6542,331,366,17950,135,125,7,397,298,16,106,97,4,135,125,7,Finisher,3108
Matthew,Brown,Matthew Brown,55,M40-44,Male,Valdosta,GA,United States,US,0:42:21,2:24:37,1:44:43,0:04:21,0:03:29,4:59:30,2541,8677,6283,261,209,17970,136,126,14,1143,845,81,196,180,21,136,126,14,Finisher,2802
Samuel,Poliak,Samuel Poliak,1496,M18-24,Male,Doylestown,PA,United States,US,0:33:28,2:38:14,1:39:47,0:03:59,0:04:03,4:59:31,2008,9494,5987,239,243,17971,137,127,20,188,141,33,278,252,30,137,127,20,Finisher,2316
Rich,Harr,Rich Harr,981,M40-44,Male,SOUTHERN PNES,NC,United States,US,0:40:21,2:30:39,1:40:55,0:03:49,0:03:51,4:59:35,2421,9039,6055,229,231,17975,138,128,15,853,627,56,267,242,26,138,128,15,Finisher,2800
Benjamin,Brubaker Exner,Benjamin Brubaker Exner,2540,M35-39,Male,Rockville,MD,Germany,DE,0:39:04,2:20:35,1:51:27,0:04:00,0:04:30,4:59:35,2344,8435,6687,240,270,17975,139,129,21,703,532,63,102,94,13,139,129,21,Finisher,2849
Dylan,Isaac,Dylan Isaac,1975,M18-24,Male,Bel Air,Maryland,United States,US,0:42:59,2:39:14,1:25:46,0:04:38,0:07:15,4:59:53,2579,9554,5146,278,435,17993,140,130,21,1236,907,161,528,459,72,140,130,21,Finisher,2309
Jake,Rogerson,Jake Rogerson,2554,M30-34,Male,Virginia Beach,VA,United States,US,0:32:12,2:29:47,1:48:51,0:04:07,0:04:57,4:59:54,1932,8987,6531,247,297,17994,141,131,23,120,88,17,125,114,17,141,131,23,Finisher,2582
Jordan,Krinsky,Jordan Krinsky,1701,M35-39,Male,Arlington,VA,United States,US,0:36:57,2:38:48,1:36:30,0:04:05,0:03:49,5:00:10,2217,9528,5790,245,229,18010,142,132,22,448,335,33,360,324,48,142,132,22,Finisher,2839
Alan,Gulledge,Alan Gulledge,95,M50-54,Male,Arlington,VA,United States,US,0:37:13,2:29:01,1:46:56,0:03:19,0:03:49,5:00:17,2233,8941,6416,199,229,18017,143,133,8,479,359,20,166,153,10,143,133,8,Finisher,3088
Eric,Rowits,Eric Rowits,817,M35-39,Male,New Holland,PA,United States,US,0:33:16,2:39:05,1:38:24,0:05:06,0:04:33,5:00:24,1996,9545,5904,306,273,18024,144,134,23,181,137,10,314,283,45,144,134,23,Finisher,2835
Christopher,Hutson,Christopher Hutson,2149,M35-39,Male,Warren,New Jersey,United States,US,0:35:19,2:34:24,1:40:56,0:06:03,0:04:00,5:00:43,2119,9264,6056,363,240,18043,145,135,24,296,223,18,281,254,40,145,135,24,Finisher,2829
Hugh,Reeves,Hugh Reeves,1046,M25-29,Male,Knoxville,TN,United States,US,0:40:01,2:32:53,1:39:24,0:04:40,0:03:55,5:00:53,2401,9173,5964,280,235,18053,146,136,29,824,610,126,317,286,46,146,136,29,Finisher,2682
Dante,Blotte,Dante Blotte,212,M45-49,Male,Lima,PE-LIM,Peru,PE,,2:22:00,1:51:33,0:00:00,0:03:23,5:00:56,0,8520,6693,0,203,18056,147,137,11,99999,99999,99999,122,111,14,147,137,11,Finisher,2942
Mike,Parkins,Mike Parkins,1192,M50-54,Male,Scottsdale,AZ,United States,US,0:43:13,2:23:57,1:43:00,0:05:39,0:05:15,5:01:06,2593,8637,6180,339,315,18066,148,138,9,1267,930,61,228,208,14,148,138,9,Finisher,3073
Noah,Rindock,Noah Rindock,495,M25-29,Male,Baltimore,MD,United States,US,0:40:07,2:34:40,1:37:08,0:05:53,0:04:05,5:01:53,2407,9280,5828,353,245,18113,149,139,30,830,613,127,391,347,56,149,139,30,Finisher,2664
Lyndon,Taylor,Lyndon Taylor,125,M18-24,Male,Chicago,IL,United States,US,0:39:02,2:33:41,1:40:56,0:04:44,0:03:30,5:01:54,2342,9221,6056,284,210,18114,150,140,22,698,527,101,315,284,36,150,140,22,Finisher,2273
Jeff,Gartside,Jeff Gartside,416,M45-49,Male,GROVELAND,MA,United States,US,0:37:21,2:25:17,1:48:13,0:05:47,0:05:22,5:02:01,2241,8717,6493,347,322,18121,151,141,12,494,369,29,145,133,16,151,141,12,Finisher,2923
Tyler,Mui,Tyler Mui,1529,M18-24,Male,Tobyhanna,PA,United States,US,0:32:55,2:35:34,1:45:54,0:03:51,0:03:55,5:02:10,1975,9334,6354,231,235,18130,152,142,23,165,126,32,219,199,24,152,142,23,Finisher,2268
Tim,Brown,Tim Brown,249,M55-59,Male,Richmond,VA,United States,US,0:31:10,2:25:28,1:57:01,0:04:17,0:04:16,5:02:12,1870,8728,7021,257,256,18132,153,143,5,74,55,3,77,71,6,153,143,5,Finisher,3041
Cole,Mcginnes,Cole Mcginnes,586,M18-24,Male,New Shoreham,RI,United States,US,0:42:19,2:30:31,1:40:49,0:04:48,0:03:51,5:02:17,2539,9031,6049,288,231,18137,154,144,24,1139,842,144,318,287,37,154,144,24,Finisher,2266
Brian,Solmos,Brian Solmos,1480,M25-29,Male,Chicago,IL,United States,US,0:30:12,2:36:53,1:48:08,0:03:50,0:03:23,5:02:27,1812,9413,6488,230,203,18147,155,145,31,49,40,14,189,173,33,155,145,31,Finisher,2654
Liam,Gildea,Liam Gildea,789,M25-29,Male,Washingtonville,New York,United States,US,0:39:19,2:43:09,1:30:50,0:04:25,0:05:03,5:02:46,2359,9789,5450,265,303,18166,156,146,32,739,553,116,529,460,77,156,146,32,Finisher,2648
Abraham,Hendryx,Abraham Hendryx,2286,M30-34,Male,WASHINGTON,US-DC,United States,US,0:32:36,2:38:05,1:44:04,0:04:43,0:03:22,5:02:50,1956,9485,6244,283,202,18170,157,147,24,143,108,21,270,245,42,157,147,24,Finisher,2530
Teagan,Miller,Teagan Miller,2193,M35-39,Male,Reston,VA,United States,US,0:34:45,2:36:19,1:44:09,0:02:51,0:04:45,5:02:50,2085,9379,6249,171,285,18170,158,148,25,253,188,15,250,228,38,158,148,25,Finisher,2791
Viviane,Landry,Viviane Landry,2216,F40-44,Female,Verdun,QC,Canada,CA,0:37:18,2:36:40,1:38:33,0:05:00,0:05:25,5:02:56,2238,9400,5913,300,325,18176,159,11,3,486,123,13,344,34,4,159,11,3,Finisher,3152
Christopher,Kittle,Christopher Kittle,1279,M35-39,Male,Reston,VA,United States,US,0:37:48,2:30:23,1:47:07,0:04:13,0:03:28,5:02:58,2268,9023,6427,253,208,18178,160,149,26,555,414,41,221,201,34,160,149,26,Finisher,2789
John,Crino,John Crino,1209,M60-64,Male,Crofton,MD,United States,US,0:36:54,2:25:42,1:52:49,0:03:33,0:04:04,5:03:02,2214,8742,6769,213,244,18182,161,150,3,442,330,11,126,115,3,161,150,3,Finisher,2964
Michael,Nyman,Michael Nyman,331,M35-39,Male,ALEXANDRIA,VA,United States,US,0:37:48,2:29:56,1:48:06,0:03:32,0:03:46,5:03:08,2268,8996,6486,212,226,18188,162,151,27,553,413,40,195,179,28,162,151,27,Finisher,2786
Jeffrey,Stone,Jeffrey Stone,851,M30-34,Male,CHAMBERSBURG,PA,United States,US,0:38:52,2:29:56,1:47:38,0:03:44,0:03:00,5:03:10,2332,8996,6458,224,180,18190,163,152,25,671,504,84,223,203,34,163,152,25,Finisher,2524
Michael,Nyerges,Michael Nyerges,1706,M45-49,Male,Tujunga,CA,United States,US,0:32:21,2:21:36,1:59:29,0:05:23,0:04:26,5:03:15,1941,8496,7169,323,266,18195,164,153,13,127,95,5,62,57,4,164,153,13,Finisher,2900
Hannah,Loftus,Hannah Loftus,2138,F35-39,Female,Camden,DE,United States,US,0:32:32,2:33:57,1:50:03,0:03:15,0:03:40,5:03:27,1952,9237,6603,195,220,18207,165,12,4,138,35,7,169,14,5,165,12,4,Finisher,3006
Tyler,Harris,Tyler Harris,1510,M35-39,Male,Frederick,Maryland,United States,US,0:46:28,2:15:49,1:51:55,0:04:14,0:05:09,5:03:35,2788,8149,6715,254,309,18215,166,154,28,1615,1172,154,132,121,19,166,154,28,Finisher,2777
Kenneth,Weitzman,Kenneth Weitzman,1015,M30-34,Male,Lebanon,NH,United States,US,0:36:23,2:29:35,1:51:08,0:03:39,0:02:51,5:03:36,2183,8975,6668,219,171,18216,167,155,26,394,296,43,168,155,21,167,155,26,Finisher,2516
Trey,Seibold,Trey Seibold,489,M55-59,Male,Estero,FL,United States,US,0:31:57,2:33:49,1:49:55,0:03:40,0:04:33,5:03:54,1917,9229,6595,220,273,18234,168,156,6,104,75,5,165,152,9,168,156,6,Finisher,3010
Eric,Donahue,Eric Donahue,189,M40-44,Male,SOUTHERN PINES,NC,United States,US,0:34:55,2:46:13,1:35:46,0:03:11,0:03:54,5:03:59,2095,9973,5746,191,234,18239,169,157,16,269,202,20,470,410,49,169,157,16,Finisher,2721
Tom,Dinzeo,Tom Dinzeo,1054,M50-54,Male,Glassboro,New Jersey,United States,US,0:42:47,2:33:26,1:40:06,0:03:56,0:03:47,5:04:01,2567,9206,6006,236,227,18241,170,158,10,1204,886,57,376,337,28,170,158,10,Finisher,3020
Andy,Williams,Andy Williams,421,M35-39,Male,Alexandria,VA,United States,US,0:39:21,2:29:00,1:47:55,0:03:56,0:03:51,5:04:03,2361,8940,6475,236,231,18243,171,159,29,743,556,67,216,196,32,171,159,29,Finisher,2769
Hilary,Cairns,Hilary Cairns,2222,F55-59,Female,Washington,DC,United States,US,0:31:49,2:29:04,1:56:13,0:03:04,0:03:56,5:04:07,1909,8944,6973,184,236,18247,172,13,1,96,29,1,105,9,1,172,13,1,Finisher,3500
Ricky,Chavez,Ricky Chavez,565,M30-34,Male,Knoxville,TN,United States,US,0:41:04,2:31:03,1:45:36,0:03:35,0:02:53,5:04:11,2464,9063,6336,215,173,18251,173,160,27,953,709,122,277,251,46,173,160,27,Finisher,2505
Livingston,Timsuren,Livingston Timsuren,191,M40-44,Male,CORNELIUS,NC,United States,US,0:32:20,2:26:10,1:58:45,0:03:16,0:03:48,5:04:19,1940,8770,7125,196,228,18259,174,161,17,124,92,9,83,76,10,174,161,17,Finisher,2715
Connor,Holm,Connor Holm,522,M25-29,Male,Washington,DC,United States,US,0:37:43,2:46:46,1:32:33,0:03:37,0:03:40,5:04:19,2263,10006,5553,217,220,18259,175,162,33,542,405,90,559,482,85,175,162,33,Finisher,2620
Eva,Kodouskova,Eva Kodouskova,1844,F35-39,Female,Washington,US-DC,Czech Republic,CZ,0:34:40,2:34:07,1:48:49,0:03:25,0:03:24,5:04:25,2080,9247,6529,205,204,18265,176,14,5,248,64,12,213,20,6,176,14,5,Finisher,2988
Terry,Kooyman,Terry Kooyman,206,M50-54,Male,CONCORD TWP,OH,United States,US,0:37:19,2:25:40,1:53:07,0:03:50,0:04:32,5:04:27,2239,8740,6787,230,272,18267,177,163,11,490,366,22,137,125,7,177,163,11,Finisher,3013
Jorge,Bermudez,Jorge Bermudez,1665,M18-24,Male,San Juan,PR,Puerto Rico,PR,0:36:15,2:32:46,1:48:40,0:03:46,0:03:03,5:04:30,2175,9166,6520,226,183,18270,178,164,25,379,285,66,226,206,26,178,164,25,Finisher,2226
Jennifer,Connet,Jennifer Connet,1373,F35-39,Female,Pescadero,CA,United States,US,0:35:39,2:35:26,1:47:23,0:03:05,0:03:02,5:04:35,2139,9326,6443,185,182,18275,179,15,6,326,84,13,254,23,7,179,15,6,Finisher,2985
Unknown,See Timer,Unknown See Timer,3000,M25-29,Male,,,Unknown,,0:32:44,2:39:22,1:45:13,0:03:56,0:03:28,5:04:43,1964,9562,6313,236,208,18283,180,165,34,155,119,31,283,256,40,180,165,34,Finisher,2613
Vincent,Zona,Vincent Zona,2477,M25-29,Male,Washington,DC,United States,US,0:41:25,2:31:49,1:40:16,0:05:43,0:05:35,5:04:49,2485,9109,6016,343,335,18289,181,166,35,1003,744,149,343,310,51,181,166,35,Finisher,2611
Ben,Ramsey,Ben Ramsey,1558,M18-24,Male,Cockeysville,Maryland,United States,US,0:40:29,2:39:36,1:38:16,0:03:40,0:02:51,5:04:52,2429,9576,5896,220,171,18292,182,167,26,868,641,116,457,398,58,182,167,26,Finisher,2220
Samantha,Gomez,Samantha Gomez,32,F30-34,Female,Tampa,US-FL,United States,US,0:32:07,2:37:07,1:46:28,0:04:28,0:04:43,5:04:53,1927,9427,6388,268,283,18293,183,16,2,117,31,6,246,21,3,183,16,2,Finisher,3220
Marlon,Robins,Marlon Robins,2000,M25-29,Male,New York,FL,United States,US,0:39:12,2:35:39,1:39:39,0:06:06,0:04:47,5:05:23,2352,9339,5979,366,287,18323,184,168,36,725,546,115,400,355,60,184,168,36,Finisher,2601
Stephan,Detwiler,Stephan Detwiler,309,M45-49,Male,MAPLEWOOD,NJ,United States,US,0:35:32,2:29:13,1:52:14,0:04:19,0:04:08,5:05:27,2132,8953,6734,259,248,18327,185,169,14,311,232,16,159,146,18,185,169,14,Finisher,2861
Stephanie,Plocharski,Stephanie Plocharski,892,F45-49,Female,Guatemala,,Guatemala,GT,0:38:13,2:38:31,1:39:11,0:04:45,0:04:50,5:05:30,2293,9511,5951,285,290,18330,186,17,1,600,153,13,416,47,7,186,17,1,Finisher,3500
Andrew,Bremer,Andrew Bremer,1566,M35-39,Male,Washington,DC,United States,US,0:39:01,2:25:45,1:52:11,0:04:02,0:04:42,5:05:40,2341,8745,6731,242,282,18340,187,170,30,689,520,60,155,143,23,187,170,30,Finisher,2740
Mikey,Simunek,Mikey Simunek,292,M30-34,Male,CHERRY HILL,NJ,United States,US,0:27:19,2:30:51,2:00:44,0:03:25,0:03:33,5:05:52,1639,9051,7244,205,213,18352,188,171,28,4,4,3,82,75,13,188,171,28,Finisher,2475
Kevin,Donahue,Kevin Donahue,1074,M30-34,Male,Columbus,Ohio,United States,US,0:37:25,2:19:00,1:57:43,0:05:53,0:05:55,5:05:57,2245,8340,7063,353,355,18357,189,172,29,502,376,59,85,78,14,189,172,29,Finisher,2474
Javier,Ortega,Javier Ortega,86,M40-44,Male,New York,US-NY,Spain,ES,0:33:04,2:31:32,1:53:58,0:03:58,0:03:31,5:06:02,1984,9092,6838,238,211,18362,190,173,18,172,131,13,149,137,17,190,173,18,Finisher,2684
Grace,Reeder,Grace Reeder,1284,F25-29,Female,Davidson,NC,United States,US,0:29:32,2:31:03,1:58:05,0:03:45,0:03:57,5:06:22,1772,9063,7085,225,237,18382,191,18,3,27,4,4,109,10,3,191,18,3,Finisher,2863
Richard,Huie,Richard Huie,1163,M35-39,Male,Alexandria,VA,United States,US,0:41:48,2:24:32,1:51:18,0:04:43,0:04:06,5:06:27,2508,8672,6678,283,246,18387,192,174,31,1059,783,97,190,174,26,192,174,31,Finisher,2726
Richard ,Chudzik,Richard Chudzik,572,M40-44,Male,Orchard Park,NY,United States,US,0:34:52,2:21:42,2:01:22,0:04:21,0:04:33,5:06:49,2092,8502,7282,261,273,18409,193,175,19,266,199,18,76,70,9,193,175,19,Finisher,2670
Andrew,Peach,Andrew Peach,1041,M30-34,Male,Chicago,IL,United States,US,0:38:44,2:39:09,1:40:39,0:04:36,0:03:41,5:06:50,2324,9549,6039,276,221,18410,194,176,30,659,492,80,438,384,57,194,176,30,Finisher,2458
Patrick,Drummond,Patrick Drummond,819,M18-24,Male,Fairfax,US-VA,United States,US,0:38:27,2:30:20,1:50:45,0:03:59,0:03:30,5:07:01,2307,9020,6645,239,210,18421,195,177,27,625,469,92,225,205,25,195,177,27,Finisher,2181
Steven,Gia Yupang,Steven Gia Yupang,1455,M25-29,Male,Rockville,US-MD,Brazil,BR,0:38:02,2:31:42,1:46:21,0:05:53,0:05:04,5:07:02,2282,9102,6381,353,304,18422,196,178,37,579,429,96,274,249,39,196,178,37,Finisher,2571
Erwann,Lemenager,Erwann Lemenager,2090,M50-54,Male,Houston,TX,France,FR,0:36:44,2:32:16,1:50:51,0:03:31,0:03:43,5:07:06,2204,9136,6651,211,223,18426,197,179,12,423,315,17,222,202,13,197,179,12,Finisher,2965
Stello,Carnahan,Stello Carnahan,313,M35-39,Male,ELLICOTT CITY,MD,United States,US,0:35:38,2:25:10,1:58:40,0:04:25,0:03:22,5:07:16,2138,8710,7120,265,202,18436,198,180,32,325,242,21,118,107,16,198,180,32,Finisher,2711
Kyle,Sullivan,Kyle Sullivan,1447,M25-29,Male,NEEDHAM,MA,United States,US,0:44:24,2:39:09,1:30:46,0:06:31,0:06:28,5:07:18,2664,9549,5446,391,388,18438,199,181,38,1405,1029,209,612,521,94,199,181,38,Finisher,2567
Blake,Robinson,Blake Robinson,2465,M18-24,Male,Purcellville,VA,United States,US,0:37:30,2:22:22,1:59:35,0:03:31,0:04:24,5:07:22,2250,8542,7175,211,264,18442,200,182,28,515,385,77,99,91,14,200,182,28,Finisher,2175
Jose,Cooper,Jose Cooper,1555,M30-34,Male,Silver Spring,MD,United States,US,0:40:24,2:35:12,1:39:06,0:07:10,0:05:30,5:07:22,2424,9312,5946,430,330,18442,201,183,31,861,635,107,441,386,58,201,183,31,Finisher,2448
Marc-Antoine,Lavigne,Marc-Antoine Lavigne,1426,M25-29,Male,Montreal,QC,Canada,CA,0:39:34,2:30:47,1:50:35,0:03:47,0:02:48,5:07:30,2374,9047,6635,227,168,18450,202,184,39,765,573,120,251,229,38,202,184,39,Finisher,2563
Kevin W,Mulligan,Kevin W Mulligan,2206,M30-34,Male,Red Bank,US-NJ,United States,US,0:34:47,2:30:40,1:49:19,0:06:10,0:06:37,5:07:33,2087,9040,6559,370,397,18453,203,185,32,256,190,29,201,184,27,203,185,32,Finisher,2445
Carsten  ,Diccianni,Carsten Diccianni,139,M18-24,Male,Chalfont,PA,United States,US,0:29:08,2:36:37,1:53:03,0:04:21,0:04:31,5:07:39,1748,9397,6783,261,271,18459,204,186,29,20,18,5,178,164,22,204,186,29,Finisher,2170
Phillip,Cyphers,Phillip Cyphers,1799,M35-39,Male,LEBANON,PA,United States,US,0:37:19,2:31:16,1:51:25,0:04:25,0:03:15,5:07:40,2239,9076,6685,265,195,18460,205,187,33,488,364,34,231,211,36,205,187,33,Finisher,2704
Cole,Pade,Cole Pade,2096,M25-29,Male,Sneads Ferry,North Carolina,United States,US,0:41:04,2:30:55,1:45:45,0:05:46,0:04:17,5:07:47,2464,9055,6345,346,257,18467,206,188,40,957,713,144,320,289,47,206,188,40,Finisher,2558
Clarke,Gilbert,Clarke Gilbert,163,M40-44,Male,WAYNE,PA,United States,US,0:29:40,2:44:55,1:45:52,0:03:30,0:03:59,5:07:57,1780,9895,6352,210,239,18477,207,189,20,29,25,4,325,294,30,207,189,20,Finisher,2650
Conrad,Bower,Conrad Bower,885,M40-44,Male,Haddonfield,NJ,United States,US,0:35:20,2:29:16,1:54:54,0:04:38,0:03:56,5:08:04,2120,8956,6894,278,236,18484,208,190,21,297,224,22,161,148,19,208,190,21,Finisher,2648
Robbie,Dougherty,Robbie Dougherty,149,M18-24,Male,Salisbury,Maryland,United States,US,0:38:12,2:39:05,1:43:32,0:03:44,0:03:42,5:08:16,2292,9545,6212,224,222,18496,209,191,30,599,447,88,401,356,47,209,191,30,Finisher,2159
Daniel,O'sullivan,Daniel O'sullivan,2392,M35-39,Male,Philadelphia,PA,United States,US,0:37:22,2:32:52,1:49:38,0:04:27,0:04:01,5:08:20,2242,9172,6578,267,241,18500,210,192,34,495,370,36,265,240,39,210,192,34,Finisher,2692
Wilberto,Ayala,Wilberto Ayala,2343,M25-29,Male,Laurel,MD,El Salvador,SV,0:45:28,2:31:15,1:43:52,0:04:09,0:03:46,5:08:30,2728,9075,6232,249,226,18510,211,193,41,1515,1108,228,399,354,59,211,193,41,Finisher,2545
Jake,Baranik,Jake Baranik,998,M30-34,Male,Norristown,PA,United States,US,0:38:45,2:30:46,1:50:19,0:04:11,0:04:40,5:08:41,2325,9046,6619,251,280,18521,212,194,33,660,493,81,245,225,39,212,194,33,Finisher,2424
Alexander,Ogura,Alexander Ogura,2549,M30-34,Male,NEW YORK,NY,United States,US,0:39:19,2:30:50,1:47:34,0:05:22,0:05:51,5:08:58,2359,9050,6454,322,351,18538,213,195,34,740,554,93,273,248,45,213,195,34,Finisher,2419
Jeff,Mackey,Jeff Mackey,2480,M45-49,Male,BETHESDA,MD,United States,US,0:32:30,2:37:41,1:50:39,0:04:23,0:03:45,5:08:59,1950,9461,6639,263,225,18539,214,196,15,135,101,6,262,237,27,214,196,15,Finisher,2797
Mejd,Hutchison,Mejd Hutchison,1929,M18-24,Male,Ashburn,Virginia,State of Palestine,PS,0:30:54,2:46:07,1:45:54,0:03:13,0:02:51,5:08:59,1854,9967,6354,193,171,18539,215,197,31,61,49,12,380,340,45,215,197,31,Finisher,2146
Patrick,Mish,Patrick Mish,2544,M50-54,Male,Odenton,MD,United States,US,0:38:32,2:29:57,1:54:49,0:02:54,0:02:54,5:09:06,2312,8997,6889,174,174,18546,216,198,13,637,479,28,198,182,12,216,198,13,Finisher,2929
Darren,Meenan,Darren Meenan,931,M45-49,Male,Sayville,NY,United States,US,0:41:01,2:24:52,1:52:58,0:04:39,0:05:48,5:09:17,2461,8692,6778,279,348,18557,217,199,16,950,706,61,184,169,20,217,199,16,Finisher,2792
Jennifer,Charvat,Jennifer Charvat,167,F50-54,Female,Holbrook,NY,United States,US,0:37:18,2:33:39,1:51:44,0:03:20,0:03:22,5:09:23,2238,9219,6704,200,202,18563,218,19,1,487,124,4,256,24,2,218,19,1,Finisher,3500
Lisa,Bishop,Lisa Bishop,215,F45-49,Female,HUNTERSVILLE,NC,United States,US,0:35:34,2:31:05,1:54:34,0:03:46,0:04:28,5:09:27,2134,9065,6874,226,268,18567,219,20,2,313,80,5,181,15,1,219,20,2,Finisher,3428
Daniel,Cullen,Daniel Cullen,584,M18-24,Male,New Shoreham,Rhode Island,United States,US,0:37:06,2:33:28,1:50:43,0:04:08,0:04:03,5:09:29,2226,9208,6643,248,243,18569,220,200,32,465,347,74,266,241,29,220,200,32,Finisher,2137
Eddie,Fucci,Eddie Fucci,1830,M18-24,Male,CAPE MAY,NJ,United States,US,0:32:50,2:40:37,1:48:39,0:02:52,0:04:34,5:09:32,1970,9637,6519,172,274,18572,221,201,33,159,122,30,288,261,31,221,201,33,Finisher,2136
Gabriel,Ramos Soley,Gabriel Ramos Soley,503,M40-44,Male,Zaragoza,SV-LA LIBERTAD,El Salvador,SV,0:41:21,2:26:25,1:53:23,0:04:15,0:04:11,5:09:36,2481,8785,6803,255,251,18576,222,202,22,992,737,67,210,191,22,222,202,22,Finisher,2620
yohenry,gonzalez,yohenry gonzalez,601,M40-44,Male,Miami,FL,United States,US,0:44:57,2:20:20,1:57:07,0:03:27,0:03:45,5:09:36,2697,8420,7027,207,225,18576,223,203,23,1452,1058,97,153,141,18,223,203,23,Finisher,2620
Kyle,Bogucki,Kyle Bogucki,502,M40-44,Male,Arlington,Virginia,United States,US,0:29:42,2:43:37,1:48:45,0:03:41,0:03:58,5:09:43,1782,9817,6525,221,238,18583,224,204,24,30,26,5,301,272,28,224,204,24,Finisher,2618
Frank,Borden,Frank Borden,506,M35-39,Male,Groveland,FL,United States,US,0:39:43,2:28:35,1:54:19,0:03:42,0:03:24,5:09:43,2383,8915,6859,222,204,18583,225,205,35,786,587,73,209,190,30,225,205,35,Finisher,2667
Philip,Goo,Philip Goo,214,M40-44,Male,Washington,DC,United States,US,0:34:55,2:28:22,1:58:46,0:03:44,0:03:56,5:09:44,2095,8902,7126,224,236,18584,226,206,25,268,201,19,139,127,15,226,206,25,Finisher,2618
Richard,Stasiorowski,Richard Stasiorowski,705,M45-49,Male,Chalfont,PA,United States,US,0:32:04,2:27:54,2:00:37,0:05:00,0:04:17,5:09:53,1924,8874,7237,300,257,18593,227,207,17,114,84,3,112,101,11,227,207,17,Finisher,2781
Rootul,Patel,Rootul Patel,2547,M30-34,Male,Oyster Bay,NY,United States,US,0:40:59,2:33:50,1:46:37,0:04:34,0:03:53,5:09:53,2459,9230,6397,274,233,18593,228,208,35,945,701,119,352,317,53,228,208,35,Finisher,2403
Christopher,Smyser,Christopher Smyser,2072,M35-39,Male,Falls Church,VA,United States,US,0:39:42,2:25:29,1:52:31,0:05:55,0:06:20,5:09:56,2382,8729,6751,355,380,18596,229,209,36,783,584,72,192,176,27,229,209,36,Finisher,2663
Sean,Morin,Sean Morin,2481,M40-44,Male,Point Pleasant Beach,NJ,United States,US,0:39:36,2:29:40,1:51:04,0:04:21,0:05:17,5:09:59,2376,8980,6664,261,317,18599,230,210,26,774,581,54,241,221,25,230,210,26,Finisher,2613
Megan,Imbres,Megan Imbres,802,F45-49,Female,Los Angeles,CA,United States,US,0:37:30,2:34:27,1:49:14,0:03:49,0:05:04,5:10:03,2250,9267,6554,229,304,18603,231,21,3,513,130,11,280,27,3,231,21,3,Finisher,3418
Faith,Korbel,Faith Korbel,970,F45-49,Female,FALLS CHURCH,VA,United States,US,0:33:37,2:42:45,1:43:53,0:05:28,0:04:29,5:10:12,2017,9765,6233,328,269,18612,232,22,4,194,49,1,422,50,8,232,22,4,Finisher,3415
Bennett,Hanke,Bennett Hanke,2013,M18-24,Male,Binghamton,New York,United States,US,0:34:34,2:29:42,1:58:57,0:03:20,0:03:41,5:10:14,2074,8982,7137,200,221,18614,233,211,34,243,180,42,142,130,17,233,211,34,Finisher,2123
felipe,Pincheira,felipe Pincheira,411,M45-49,Male,Southwest Ranches,US-FL,Chile,CL,0:42:48,2:22:25,1:58:01,0:04:02,0:03:03,5:10:19,2568,8545,7081,242,183,18619,234,212,18,1208,889,74,162,149,19,234,212,18,Finisher,2773
Anthony,Rees,Anthony Rees,1270,M18-24,Male,Kings Mountain,NC,United States,US,0:33:53,2:29:04,1:56:12,0:05:48,0:05:28,5:10:25,2033,8944,6972,348,328,18625,235,213,35,212,158,39,154,142,20,235,213,35,Finisher,2120
Matthew,Zappulla,Matthew Zappulla,813,M18-24,Male,Morristown,NJ,United States,US,0:35:00,2:42:38,1:45:54,0:03:42,0:03:27,5:10:40,2100,9758,6354,222,207,18640,236,214,36,277,210,50,412,366,49,236,214,36,Finisher,2115
Carlo,Alegria,Carlo Alegria,1526,M18-24,Male,Flanders,New Jersey,United States,US,0:34:47,2:46:55,1:42:24,0:03:43,0:03:17,5:11:07,2087,10015,6144,223,197,18667,237,215,37,255,189,44,490,428,63,237,215,37,Finisher,2107
Curtis,Khol,Curtis Khol,2098,M30-34,Male,GROTON,CT,United States,US,0:36:06,2:31:30,1:50:47,0:06:40,0:06:09,5:11:11,2166,9090,6647,400,369,18671,238,216,36,366,274,40,255,232,40,238,216,36,Finisher,2379
Chris,Gorgoroso,Chris Gorgoroso,637,M45-49,Male,WASHINGTON,DC,United States,US,0:40:56,2:32:17,1:49:08,0:05:22,0:03:35,5:11:18,2456,9137,6548,322,215,18678,239,217,19,936,693,60,333,301,35,239,217,19,Finisher,2756
Chase,Oberparleiter,Chase Oberparleiter,142,M18-24,Male,Tampa,Florida,United States,US,0:34:16,2:36:29,1:54:53,0:03:07,0:02:45,5:11:30,2056,9389,6893,187,165,18690,240,218,38,232,171,41,249,227,28,240,218,38,Finisher,2100
Andrew,Wolgemuth,Andrew Wolgemuth,2229,M30-34,Male,Lancaster,PA,United States,US,0:37:25,2:32:45,1:55:40,0:02:50,0:02:50,5:11:31,2245,9165,6940,170,170,18691,241,219,37,503,377,60,232,212,37,241,219,37,Finisher,2373
Amy,Gardner,Amy Gardner,684,F25-29,Female,Arlington,Virginia,United States,US,0:34:43,2:39:02,1:49:57,0:03:36,0:04:27,5:11:45,2083,9542,6597,216,267,18705,242,23,4,249,65,21,311,31,8,242,23,4,Finisher,2766
Luke,Anzaldi,Luke Anzaldi,2043,M25-29,Male,Arlington,VA,United States,US,0:32:39,2:32:44,1:58:05,0:04:13,0:04:25,5:12:06,1959,9164,7085,253,265,18726,243,220,42,147,112,28,167,154,28,243,220,42,Finisher,2480
Jonathan,March,Jonathan March,746,M45-49,Male,Schwenksville,PA,United States,US,0:43:40,2:26:23,1:51:47,0:04:54,0:05:28,5:12:13,2620,8783,6707,294,328,18733,244,221,20,1329,973,79,269,244,28,244,221,20,Finisher,2739
Daegan,Benison,Daegan Benison,1314,M30-34,Male,New York,New York,United States,US,0:38:57,2:43:57,1:41:42,0:03:54,0:03:45,5:12:15,2337,9837,6102,234,225,18735,245,222,38,678,510,85,526,457,72,245,222,38,Finisher,2360
oliver,stevens,oliver stevens,2296,M50-54,Male,Tonbridge,England,United Kingdom,GB,0:40:39,2:22:08,2:00:05,0:04:24,0:05:00,5:12:16,2439,8528,7205,264,300,18736,246,223,14,893,661,41,141,129,9,246,223,14,Finisher,2872
Jeff,Mangual,Jeff Mangual,904,M35-39,Male,Longbeach,NY,United States,US,0:38:06,2:35:56,1:49:06,0:05:06,0:04:06,5:12:19,2286,9356,6546,306,246,18739,247,224,37,586,436,44,348,314,47,247,224,37,Finisher,2620
Jader,Zuleta,Jader Zuleta,527,M40-44,Male,Downey,CA,Colombia,CO,0:39:22,2:35:02,1:48:35,0:04:28,0:04:54,5:12:22,2362,9302,6515,268,294,18742,248,225,27,744,557,51,341,308,34,248,225,27,Finisher,2570
Adam,Chambers,Adam Chambers,853,M30-34,Male,Hollywood,MD,United States,US,0:41:38,2:37:02,1:43:27,0:05:47,0:04:29,5:12:22,2498,9422,6207,347,269,18742,249,226,39,1041,772,129,475,415,63,249,226,39,Finisher,2358
joseph,schmitz,joseph schmitz,1364,M30-34,Male,new market,Maryland,United States,US,0:34:36,2:40:37,1:49:17,0:04:30,0:03:23,5:12:24,2076,9637,6557,270,203,18744,250,227,40,245,182,27,357,321,54,250,227,40,Finisher,2357
Benjamin,Waterman,Benjamin Waterman,2511,M18-24,Male,College Park,Maryland,United States,US,0:32:40,3:02:12,1:28:50,0:04:13,0:04:32,5:12:26,1960,10932,5330,253,272,18746,251,228,39,152,116,28,854,710,107,251,228,39,Finisher,2084
Alessa,Rickmers,Alessa Rickmers,2436,F35-39,Female,New York,NY,Germany,DE,0:37:20,2:35:29,1:51:17,0:03:36,0:04:45,5:12:27,2240,9329,6677,216,285,18747,252,24,7,493,125,16,290,28,8,252,24,7,Finisher,2844
Nick,Soirez,Nick Soirez,1738,M30-34,Male,Baltimore,MD,United States,US,0:34:52,2:49:20,1:37:58,0:05:04,0:05:13,5:12:28,2092,10160,5878,304,313,18748,253,229,41,267,200,31,588,504,79,253,229,41,Finisher,2356
Zachary,Welch,Zachary Welch,174,M30-34,Male,Middletown,Maryland,United States,US,0:37:44,2:30:20,1:56:21,0:04:18,0:03:49,5:12:32,2264,9020,6981,258,229,18752,254,230,42,544,406,64,220,200,33,254,230,42,Finisher,2355
Argo,Kerner,Argo Kerner,1301,M55-59,Male,Tabasalu,Harku vald,Estonia,EE,0:39:57,2:31:53,1:51:42,0:04:27,0:04:38,5:12:37,2397,9113,6702,267,278,18757,255,231,7,819,607,32,287,260,15,255,231,7,Finisher,2853
Aaryn,Schied,Aaryn Schied,915,F35-39,Female,Reston,VA,United States,US,0:32:27,2:32:25,1:58:55,0:04:11,0:04:48,5:12:47,1947,9145,7135,251,288,18767,256,25,8,132,33,6,158,13,4,256,25,8,Finisher,2838
Sofia,Nehring Firmino,Sofia Nehring Firmino,2552,F25-29,Female,Madison,Wisconsin,United States,US,0:32:28,2:39:28,1:55:52,0:02:30,0:02:39,5:12:56,1948,9568,6952,150,159,18776,257,26,5,133,34,13,258,25,6,257,26,5,Finisher,2744
Connor,Appleyard,Connor Appleyard,2586,M25-29,Male,NEW YORK,NY,United States,US,0:40:01,2:24:32,1:57:59,0:05:14,0:05:23,5:13:09,2401,8672,7079,314,323,18789,258,232,43,822,609,125,172,158,30,258,232,43,Finisher,2461
Theodore,Sova,Theodore Sova,1435,M30-34,Male,Hopwood,Pennsylvania,United States,US,0:40:10,2:37:28,1:48:25,0:04:11,0:02:55,5:13:10,2410,9448,6505,251,175,18790,259,233,43,835,615,101,425,374,56,259,233,43,Finisher,2344
Adam,Sierakowski,Adam Sierakowski,2491,M35-39,Male,Baltimore,MD,United States,US,0:33:26,2:26:08,2:08:31,0:02:19,0:02:51,5:13:16,2006,8768,7711,139,171,18796,260,234,38,187,140,11,84,77,8,260,234,38,Finisher,2603
Lee,Mahan,Lee Mahan,372,M50-54,Male,Tulsa,OK,United States,US,0:47:20,2:23:26,1:55:22,0:03:35,0:03:37,5:13:21,2840,8606,6922,215,217,18801,261,235,15,1690,1221,83,257,233,17,261,235,15,Finisher,2852
Theo,Haast,Theo Haast,196,M55-59,Male,Moneta,VA,Netherlands,NL,0:37:39,2:38:43,1:50:05,0:03:59,0:03:32,5:13:58,2259,9523,6605,239,212,18838,262,236,8,535,400,23,386,343,18,262,236,8,Finisher,2829
Wendy,Mehaffey,Wendy Mehaffey,141,F45-49,Female,VT,US-VT,United States,US,0:35:59,2:38:43,1:51:41,0:03:47,0:04:00,5:14:10,2159,9523,6701,227,240,18850,263,27,5,358,91,8,331,32,5,263,27,5,Finisher,3344
Luis Miguel,Suito,Luis Miguel Suito,209,M45-49,Male,LIMA,PE-LIM,Peru,PE,0:36:48,2:22:51,2:07:03,0:03:55,0:03:36,5:14:13,2208,8571,7623,235,216,18853,264,237,21,431,322,24,101,93,8,264,237,21,Finisher,2703
Brandon,Wilk,Brandon Wilk,79,M35-39,Male,DALLAS,TX,United States,US,0:38:24,2:32:51,1:52:25,0:06:02,0:04:55,5:14:37,2304,9171,6745,362,295,18877,265,238,39,620,465,49,309,279,44,265,238,39,Finisher,2579
Trevor,Smith,Trevor Smith,2002,M40-44,Male,Washington,DC,United States,US,0:38:26,2:37:16,1:51:19,0:03:58,0:03:47,5:14:47,2306,9436,6679,238,227,18887,266,239,28,622,467,44,355,320,36,266,239,28,Finisher,2527
Michael,Favara,Michael Favara,1874,M40-44,Male,Media,Pennsylvania,United States,US,0:35:49,2:43:25,1:46:21,0:04:18,0:05:03,5:14:56,2149,9805,6381,258,303,18896,267,240,29,339,253,25,454,395,47,267,240,29,Finisher,2524
Nicolas,Dubreuil,Nicolas Dubreuil,268,M25-29,Male,Ste-Adèle,QC,Canada,CA,0:36:18,2:50:37,1:39:53,0:04:10,0:04:04,5:15:02,2178,10237,5993,250,244,18902,268,241,44,384,288,66,631,535,99,268,241,44,Finisher,2427
William,Rice,William Rice,755,M25-29,Male,Baltimore,MD,United States,US,0:38:36,2:45:40,1:42:36,0:04:45,0:03:32,5:15:09,2316,9940,6156,285,212,18909,269,242,45,640,481,104,581,498,90,269,242,45,Finisher,2425
John,Gares,John Gares,203,M60-64,Male,Wayne,PA,United States,US,0:40:53,2:36:55,1:50:01,0:03:42,0:03:48,5:15:19,2453,9415,6601,222,228,18919,270,243,4,928,685,16,417,370,14,270,243,4,Finisher,2743
Jackson,Livanec,Jackson Livanec,1897,M25-29,Male,Pembroke,VA,United States,US,0:36:19,2:37:33,1:53:10,0:04:37,0:03:41,5:15:20,2179,9453,6790,277,221,18920,271,244,46,386,290,67,332,300,50,271,244,46,Finisher,2422
Olivia,Flatt,Olivia Flatt,868,F18-24,Female,Lititz,PA,United States,US,0:37:11,2:41:07,1:49:19,0:03:56,0:03:51,5:15:23,2231,9667,6559,236,231,18923,272,28,3,474,119,20,434,53,4,272,28,3,Finisher,2749
Paul,Huszar,Paul Huszar,1068,M45-49,Male,Red Bank,New Jersey,United States,US,0:39:43,2:26:41,1:55:00,0:08:05,0:06:07,5:15:36,2383,8801,6900,485,367,18936,273,245,22,784,585,47,261,236,26,273,245,22,Finisher,2678
Trudy,Dalton,Trudy Dalton,385,F40-44,Female,SELBYVILLE,DE,United States,US,0:29:55,2:40:07,1:57:58,0:03:48,0:03:50,5:15:37,1795,9607,7078,228,230,18937,274,29,4,40,7,2,248,22,3,274,29,4,Finisher,2923
Hayden,Rue,Hayden Rue,1880,M18-24,Male,Stafford,Virginia,United States,US,0:35:37,2:43:19,1:49:06,0:03:49,0:03:48,5:15:38,2137,9799,6546,229,228,18938,275,246,40,321,239,56,440,385,55,275,246,40,Finisher,2026
Annabelle,Legg,Annabelle Legg,2038,F25-29,Female,Washington,District of Columbia,United Kingdom,GB,0:39:51,2:28:23,2:00:26,0:03:32,0:03:28,5:15:40,2391,8903,7226,212,208,18940,276,30,6,806,208,51,204,18,4,276,30,6,Finisher,2695
Michael,Sullivan,Michael Sullivan,974,M25-29,Male,Thornton,CO,United States,US,0:43:10,2:34:02,1:49:36,0:03:59,0:04:57,5:15:43,2590,9242,6576,239,297,18943,277,247,47,1260,924,184,408,362,62,277,247,47,Finisher,2415
Bjarni,Rasmussen,Bjarni Rasmussen,2210,M25-29,Male,NEW YORK,NY,Faroe Islands,FO,0:37:20,2:36:31,1:50:16,0:06:18,0:05:20,5:15:45,2240,9391,6616,378,320,18945,278,248,48,491,367,82,377,338,55,278,248,48,Finisher,2414
Roger,Evans,Roger Evans,2236,M30-34,Male,Phoenixville,PA,United States,US,0:38:13,2:33:05,1:56:45,0:04:09,0:03:34,5:15:46,2293,9185,7005,249,214,18946,279,249,44,601,448,73,271,246,43,279,249,44,Finisher,2297
Tyler,Anderson,Tyler Anderson,1118,M40-44,Male,Elon,NC,United States,US,0:36:40,2:33:19,1:57:49,0:03:30,0:04:31,5:15:49,2200,9199,7069,210,271,18949,280,250,30,419,313,31,238,218,24,280,250,30,Finisher,2508
David,Foust,David Foust,1520,M18-24,Male,Edgewater,Maryland,United States,US,0:38:06,2:40:57,1:47:35,0:04:46,0:04:33,5:15:57,2286,9657,6455,286,273,18957,281,251,41,588,438,85,459,400,59,281,251,41,Finisher,2020
Jun Woo,Shin,Jun Woo Shin,2439,M25-29,Male,New York,NY,United States,US,0:42:55,2:37:00,1:48:26,0:04:14,0:03:29,5:16:04,2575,9420,6506,254,209,18964,282,252,49,1222,897,177,464,405,70,282,252,49,Finisher,2409
Mehmet Hilmi,Soylu,Mehmet Hilmi Soylu,518,M45-49,Male,Ankara,,Turkey,TR,0:35:26,2:27:56,2:03:21,0:05:22,0:04:02,5:16:07,2126,8876,7401,322,242,18967,283,253,23,303,228,15,152,140,17,283,253,23,Finisher,2669
Luciano,Stellardo,Luciano Stellardo,202,M45-49,Male,Ciudad Autónoma de Buenos Aires,AR-B,Argentina,AR,0:48:48,2:21:44,1:54:20,0:05:08,0:06:13,5:16:13,2928,8504,6860,308,373,18973,284,254,24,1796,1290,101,276,250,29,284,254,24,Finisher,2667
Craig,Stocker,Craig Stocker,2577,M35-39,Male,Arlington,VA,United States,US,0:38:45,2:41:25,1:41:40,0:07:23,0:07:05,5:16:19,2325,9685,6100,443,425,18979,285,255,40,662,495,55,544,471,60,285,255,40,Finisher,2548
Matthew,Taylor,Matthew Taylor,364,M18-24,Male,Allenhurst,NJ,United States,US,0:36:04,2:37:41,1:53:54,0:04:30,0:04:18,5:16:27,2164,9461,6834,270,258,18987,286,256,42,364,272,64,328,297,39,286,256,42,Finisher,2011
Bruno,Couto,Bruno Couto,1453,M25-29,Male,Ashburn,Virginia,Portugal,PT,0:33:59,2:32:46,2:00:41,0:04:23,0:04:47,5:16:36,2039,9166,7241,263,287,18996,287,257,50,218,162,46,193,177,34,287,257,50,Finisher,2399
Natalie,Kelly,Natalie Kelly,635,F25-29,Female,Hoboken,NJ,United States,US,0:30:55,2:37:49,2:01:36,0:03:09,0:03:16,5:16:46,1855,9469,7296,189,196,19006,288,31,7,63,14,8,206,19,5,288,31,7,Finisher,2675
Robert,Macdowell,Robert Macdowell,559,M50-54,Male,Lake Grove,NY,United States,US,0:36:00,2:27:32,2:06:30,0:03:18,0:03:32,5:16:52,2160,8852,7590,198,212,19012,289,258,16,361,270,11,138,126,8,289,258,16,Finisher,2789
Austin,Nevins,Austin Nevins,382,M18-24,Male,Catharpin,VIRGINIA,United States,US,0:36:59,2:44:25,1:48:00,0:04:30,0:03:08,5:17:02,2219,9865,6480,270,188,19022,290,259,43,451,337,72,499,433,65,290,259,43,Finisher,2001
Ian,Grey,Ian Grey,305,M30-34,Male,NEW YORK,NY,United States,US,0:36:49,2:35:15,1:56:29,0:04:58,0:03:33,5:17:03,2209,9315,6989,298,213,19023,291,260,45,433,324,48,302,273,48,291,260,45,Finisher,2274
Mary,Kauffman,Mary Kauffman,2409,F35-39,Female,Brentwood,TN,United States,US,0:37:33,2:40:27,1:52:29,0:03:35,0:03:06,5:17:10,2253,9627,6749,215,186,19030,292,32,9,526,134,17,419,48,10,292,32,9,Finisher,2759
Joey,Wham,Joey Wham,1037,M25-29,Male,Chicago,Illinois,United States,US,0:37:16,2:41:16,1:48:20,0:05:10,0:05:11,5:17:12,2236,9676,6500,310,311,19032,293,261,51,484,363,81,455,396,69,293,261,51,Finisher,2388
Denz,Bugayong,Denz Bugayong,1259,M25-29,Male,Alexandria,VA,United States,US,0:41:42,2:35:33,1:52:40,0:04:03,0:03:19,5:17:16,2502,9333,6760,243,199,19036,294,262,52,1049,778,160,409,363,63,294,262,52,Finisher,2387
Andrew,Linton,Andrew Linton,1676,M18-24,Male,Washington,District of Columbia,United States,US,0:40:49,2:43:38,1:44:15,0:03:58,0:04:49,5:17:29,2449,9818,6255,238,289,19049,295,263,44,921,680,123,568,489,75,295,263,44,Finisher,1993
Trent,Smith,Trent Smith,222,M60-64,Male,WINTER GARDEN,FL,United States,US,0:35:10,2:38:31,1:56:20,0:03:38,0:03:59,5:17:39,2110,9511,6980,218,239,19059,296,264,5,286,218,7,310,280,9,296,264,5,Finisher,2701
Tom,Curran,Tom Curran,2231,M30-34,Male,Lancaster,PA,United States,US,0:37:06,2:36:07,1:55:44,0:04:10,0:04:39,5:17:46,2226,9367,6944,250,279,19066,297,265,46,466,348,52,312,281,50,297,265,46,Finisher,2261
Connor,Jarvis,Connor Jarvis,623,M18-24,Male,Harrisonburg,VA,United States,US,0:38:43,2:40:36,1:48:32,0:04:54,0:05:04,5:17:49,2323,9636,6512,294,304,19069,298,266,45,657,491,95,468,408,60,298,266,45,Finisher,1987
Ethan,Murray,Ethan Murray,2280,M18-24,Male,Bala cynwyd,foreigner,United States,US,0:31:01,2:45:02,1:52:11,0:04:13,0:05:27,5:17:54,1861,9902,6731,253,327,19074,299,267,46,67,51,14,383,342,46,299,267,46,Finisher,1985
Nicholson,Landen,Nicholson Landen,1840,M18-24,Male,Harrisonburg,Virginia,United States,US,0:36:20,2:38:18,1:53:59,0:04:04,0:05:16,5:17:57,2180,9498,6839,244,316,19077,300,268,47,387,291,67,337,304,40,300,268,47,Finisher,1984
Alex,Lewis,Alex Lewis,1438,M25-29,Male,BETHESDA,US-MD,United States,US,0:35:50,2:28:15,2:02:19,0:05:39,0:06:01,5:18:04,2150,8895,7339,339,361,19084,301,269,53,341,255,58,170,156,29,301,269,53,Finisher,2373
Phillip,Carrington,Phillip Carrington,2387,M35-39,Male,Eagleville,PA,United States,US,0:33:46,2:32:21,2:02:57,0:04:18,0:04:45,5:18:07,2026,9141,7377,258,285,19087,302,270,41,202,151,12,182,167,25,302,270,41,Finisher,2516
Patrick,Cho,Patrick Cho,1983,M18-24,Male,Washington,District of Columbia,United States,US,0:35:58,2:50:47,1:42:54,0:03:57,0:04:41,5:18:17,2158,10247,6174,237,281,19097,303,271,48,355,266,62,626,531,81,303,271,48,Finisher,1978
Patrick,DeMatteo,Patrick DeMatteo,1866,M18-24,Male,Arlington,Virginia,United States,US,0:40:44,2:35:14,1:52:21,0:05:05,0:04:54,5:18:19,2444,9314,6741,305,294,19099,304,272,49,907,669,121,403,358,48,304,272,49,Finisher,1978
Dave,Sonetto,Dave Sonetto,736,M55-59,Male,Fort Washington,PA,United States,US,0:40:36,2:35:04,1:52:24,0:05:22,0:05:07,5:18:33,2436,9304,6744,322,307,19113,305,273,9,889,657,37,402,357,20,305,273,9,Finisher,2746
Alex,Hoscheit,Alex Hoscheit,2165,M30-34,Male,NEW YORK,NY,United States,US,0:35:24,2:35:13,1:54:42,0:06:37,0:07:03,5:18:59,2124,9313,6882,397,423,19139,306,274,47,301,226,35,307,278,49,306,274,47,Finisher,2239
Michael,Lynch,Michael Lynch,1095,M60-64,Male,ANNAPOLIS,MD,United States,US,0:35:37,2:31:41,2:02:42,0:04:37,0:04:27,5:19:04,2137,9101,7362,277,267,19144,307,275,6,319,237,8,207,188,7,307,275,6,Finisher,2676
Robert,Reichanek,Robert Reichanek,2123,M45-49,Male,Marmora,NJ,United States,US,0:33:43,2:27:32,2:05:49,0:05:53,0:06:09,5:19:05,2023,8852,7549,353,369,19145,308,276,25,197,148,10,140,128,15,308,276,25,Finisher,2615
Liam,Walters,Liam Walters,2188,M25-29,Male,Miami,FL,United States,US,0:37:31,2:20:50,2:11:01,0:05:01,0:04:45,5:19:08,2251,8450,7861,301,285,19148,309,277,54,521,390,86,98,90,20,309,277,54,Finisher,2354
Mitchell,Cross ,Mitchell Cross,2197,M30-34,Male,WILDWOOD CRST,NJ,United States,US,0:33:01,2:38:38,1:56:30,0:06:07,0:04:53,5:19:10,1981,9518,6990,367,293,19150,310,278,48,170,129,23,321,290,51,310,278,48,Finisher,2236
Ray,Lee,Ray Lee,2108,M45-49,Male,Norwood,NJ,United States,US,0:40:04,2:25:04,2:04:21,0:05:31,0:04:13,5:19:12,2404,8704,7461,331,253,19152,311,279,26,829,612,51,185,170,21,311,279,26,Finisher,2613
Thomas,Cartelli,Thomas Cartelli,649,M60-64,Male,Middletown,CT,United States,US,0:32:02,2:32:44,2:05:57,0:03:41,0:05:04,5:19:27,1922,9164,7557,221,304,19167,312,280,7,111,81,1,147,135,4,312,280,7,Finisher,2669
Jessica,Kelly,Jessica Kelly,1176,F40-44,Female,LANSDALE,PA,United States,US,0:33:01,2:48:45,1:50:06,0:03:49,0:03:47,5:19:29,1981,10125,6606,229,227,19169,313,33,5,169,41,3,492,63,7,313,33,5,Finisher,2854
Mikayel,Sedrakyan,Mikayel Sedrakyan,2318,M25-29,Male,Baltimore,Maryland,United States,US,0:42:15,2:23:24,2:05:51,0:04:18,0:03:40,5:19:29,2535,8604,7551,258,220,19169,314,281,55,1129,834,169,175,161,32,314,281,55,Finisher,2347
Shane,Shannon,Shane Shannon,1498,M40-44,Male,NEW YORK,NY,United States,US,0:39:17,2:44:06,1:44:50,0:05:01,0:06:21,5:19:35,2357,9846,6290,301,381,19175,315,282,31,736,551,49,566,487,55,315,282,31,Finisher,2440
Austin,Ogule,Austin Ogule,2272,M25-29,Male,Manahawkin,NJ,United States,US,0:38:24,2:37:27,1:56:16,0:04:02,0:03:32,5:19:42,2304,9447,6976,242,212,19182,316,283,56,619,464,99,365,327,54,316,283,56,Finisher,2343
Jonathan,McCann,Jonathan McCann,193,M50-54,Male,LINCOLN UNIV,PA,United States,US,0:35:10,2:23:29,2:11:40,0:04:40,0:04:55,5:19:52,2110,8609,7900,280,295,19192,317,284,17,285,217,10,97,89,3,317,284,17,Finisher,2735
Rodrigo,Flores,Rodrigo Flores,976,M40-44,Male,Guatemala City,GUATEMALA,Guatemala,GT,0:36:52,2:39:50,1:52:53,0:06:15,0:04:02,5:19:53,2212,9590,6773,375,242,19193,318,285,32,440,328,33,444,387,46,318,285,32,Finisher,2435
Maddy,Greenway,Maddy Greenway,1122,F25-29,Female,Buffalo,NY,United States,US,0:32:58,2:42:58,1:54:57,0:04:23,0:04:46,5:20:02,1978,9778,6897,263,286,19202,319,34,8,168,40,15,384,42,12,319,34,8,Finisher,2617
Koen,Van Winckel,Koen Van Winckel,799,M55-59,Male,Reston,VA,Belgium,BE,0:42:03,2:27:01,2:01:24,0:05:04,0:04:32,5:20:04,2523,8821,7284,304,272,19204,320,286,10,1097,809,47,252,230,12,320,286,10,Finisher,2719
Michelle,Carr,Michelle Carr,1324,F35-39,Female,Schenectady,NY,United States,US,0:39:07,2:39:44,1:50:32,0:06:09,0:04:37,5:20:09,2347,9584,6632,369,277,19209,321,35,10,712,175,23,482,61,11,321,35,10,Finisher,2705
Jett,Morrow,Jett Morrow,351,M18-24,Male,Haymarket,Virginia,United States,US,0:35:58,2:51:17,1:45:43,0:03:42,0:03:37,5:20:18,2158,10277,6343,222,217,19218,322,287,50,357,267,63,629,534,82,322,287,50,Finisher,1942
Mark,Simons,Mark Simons,2467,M45-49,Male,Poolesville,MD,United States,US,0:35:24,2:49:36,1:46:00,0:04:13,0:05:12,5:20:25,2124,10176,6360,253,312,19225,323,288,27,300,225,14,587,503,53,323,288,27,Finisher,2591
Lindsey,Welter,Lindsey Welter,183,F35-39,Female,rochester,NY,United States,US,0:38:08,2:37:34,1:56:49,0:04:09,0:03:49,5:20:29,2288,9454,7009,249,229,19229,324,36,11,591,152,19,361,37,9,324,36,11,Finisher,2699
Matt,Eikenberg,Matt Eikenberg,884,M40-44,Male,Westminster,MARYLAND,United States,US,0:41:54,2:33:32,1:54:15,0:04:40,0:06:09,5:20:30,2514,9212,6855,280,369,19230,325,289,33,1081,798,75,375,336,39,325,289,33,Finisher,2424
Charles,Godet,Charles Godet,597,M30-34,Male,North Miami,FL,France,FR,0:37:36,2:31:54,2:04:14,0:03:28,0:03:23,5:20:35,2256,9114,7454,208,203,19235,326,290,49,531,396,63,230,210,36,326,290,49,Finisher,2210
Jack,Altieri,Jack Altieri,2040,M18-24,Male,Macon,Virginia,United States,US,0:42:26,2:42:24,1:44:36,0:06:14,0:05:06,5:20:47,2546,9744,6276,374,306,19247,327,291,51,1157,853,150,632,536,83,327,291,51,Finisher,1933
Kaitlin,Silver,Kaitlin Silver,824,F35-39,Female,Wayne,Pennsylvania,United States,US,0:42:34,2:43:20,1:46:53,0:04:20,0:03:42,5:20:50,2554,9800,6413,260,222,19250,328,37,12,1177,308,49,616,92,19,328,37,12,Finisher,2693
Rob,Allen,Rob Allen,379,M55-59,Male,Cornwall,ON,Canada,CA,0:33:33,2:26:31,2:14:29,0:03:29,0:03:08,5:21:10,2013,8791,8069,209,188,19270,329,292,11,192,144,8,100,92,7,329,292,11,Finisher,2699
Jocelyn,Saunders,Jocelyn Saunders,2322,F60-64,Female,Newark,DE,United States,US,0:31:41,2:51:08,1:50:40,0:03:05,0:04:40,5:21:15,1901,10268,6640,185,280,19275,330,38,1,88,26,1,498,66,3,330,38,1,Finisher,3500
Ron,Qiao,Ron Qiao,2503,M30-34,Male,Brooklyn,NY,United States,US,0:39:10,2:32:07,1:58:17,0:05:33,0:06:14,5:21:20,2350,9127,7097,333,374,19280,331,293,50,719,542,92,297,268,47,331,293,50,Finisher,2197
Francesco,Capozzoli III,Francesco Capozzoli III,944,M35-39,Male,Smithtown,NY,United States,US,0:45:39,2:41:18,1:45:53,0:04:19,0:04:22,5:21:33,2739,9678,6353,259,262,19293,332,294,42,1532,1121,142,640,542,67,332,294,42,Finisher,2454
Krista,Lewis,Krista Lewis,651,M25-29,Female,Virginia Beach,VA,United States,US,0:32:43,2:41:29,1:59:48,0:04:03,0:03:38,5:21:41,1963,9689,7188,243,218,19301,333,295,57,154,118,30,329,298,49,333,295,57,Finisher,2308
Alexandra,Porter,Alexandra Porter,241,F30-34,Female,Mountain View,CA,United States,US,0:36:23,2:30:52,2:05:23,0:04:22,0:04:46,5:21:46,2183,9052,7523,262,286,19306,334,39,3,396,99,15,200,17,2,334,39,3,Finisher,2916
Patrick,Diehl,Patrick Diehl,750,M18-24,Male,FRANKLIN,OH,United States,US,0:36:50,2:36:48,2:01:16,0:02:56,0:03:58,5:21:49,2210,9408,7276,176,238,19309,335,296,52,438,327,71,293,265,33,335,296,52,Finisher,1915
Rayze Ryan,Bugayong,Rayze Ryan Bugayong,1260,M30-34,Male,White Plains,Maryland,United States,US,0:45:03,2:33:36,1:54:48,0:04:27,0:03:58,5:21:52,2703,9216,6888,267,238,19312,336,297,51,1469,1070,166,449,391,59,336,297,51,Finisher,2187
Matan,Iarovici,Matan Iarovici,448,M25-29,Male,San Diego,CA,United States,US,0:37:29,2:41:20,1:54:50,0:04:15,0:03:59,5:21:53,2249,9680,6890,255,239,19313,337,298,58,512,383,84,447,390,68,337,298,58,Finisher,2304
Nicholas,Dornsife,Nicholas Dornsife,2041,M40-44,Male,Vienna,VA,United States,US,0:35:57,2:35:00,1:58:54,0:07:15,0:04:51,5:21:57,2157,9300,7134,435,291,19317,338,299,34,352,263,26,327,296,31,338,299,34,Finisher,2398
Kerry,Cahill,Kerry Cahill,647,F55-59,Female,Chester,CT,United States,US,0:44:28,2:33:57,1:55:23,0:03:48,0:04:24,5:21:59,2668,9237,6923,228,264,19319,339,40,2,1413,381,16,433,52,4,339,40,2,Finisher,3178
Colin,Singleton,Colin Singleton,1155,M50-54,Male,MCLEAN,US-VA,United Kingdom,GB,0:41:39,2:28:18,2:03:22,0:04:31,0:04:13,5:22:02,2499,8898,7402,271,253,19322,340,300,18,1042,773,47,259,234,18,340,300,18,Finisher,2696
Tim,Rivenbark,Tim Rivenbark,2016,M55-59,Male,GLENELG,MD,United States,US,0:41:29,2:29:23,2:01:14,0:03:36,0:06:21,5:22:03,2489,8963,7274,216,381,19323,341,301,12,1015,753,43,260,235,14,341,301,12,Finisher,2683
Dimitrije,Ibrocic,Dimitrije Ibrocic,1188,M25-29,Male,Haddonfield,New Jersey,Serbia,RS,0:38:30,2:42:14,1:54:28,0:03:39,0:03:13,5:22:05,2310,9734,6868,219,193,19325,342,302,59,630,472,101,473,413,72,342,302,59,Finisher,2300
William,Goddard,William Goddard,1507,M18-24,Male,Annapolis,Maryland,United States,US,0:35:17,2:43:07,1:55:10,0:04:40,0:03:54,5:22:08,2117,9787,6910,280,234,19328,343,303,53,294,222,54,446,389,56,343,303,53,Finisher,1909
Natalia,Szlarb,Natalia Szlarb,1846,F30-34,Female,Washington,DC,United States,US,0:41:23,2:35:13,1:58:46,0:03:28,0:03:19,5:22:09,2483,9313,7126,208,199,19329,344,41,4,1000,258,49,371,39,4,344,41,4,Finisher,2909
Alex,Bulanov,Alex Bulanov,2187,M25-29,Male,Arlington,VA,United States,US,0:43:03,2:39:20,1:47:23,0:05:55,0:06:41,5:22:22,2583,9560,6443,355,401,19342,345,304,60,1251,917,182,562,484,86,345,304,60,Finisher,2295
Tylor,Brino-Dean,Tylor Brino-Dean,519,F18-24,Female,Glenside,PA,United States,US,0:35:35,2:39:11,2:00:35,0:03:52,0:03:09,5:22:23,2135,9551,7235,232,189,19343,346,42,4,315,81,12,335,33,3,346,42,4,Finisher,2623
Jenna,Gwinn,Jenna Gwinn,1294,F25-29,Female,Weston,Florida,United States,US,0:31:43,2:50:49,1:53:11,0:03:27,0:03:21,5:22:31,1903,10249,6791,207,201,19351,347,43,9,91,28,11,501,67,16,347,43,9,Finisher,2572
Allison,Woodward,Allison Woodward,216,F60-64,Female,BALTIMORE,MD,United States,US,0:37:05,2:39:07,1:56:06,0:05:23,0:05:03,5:22:46,2225,9547,6966,323,303,19366,348,44,2,462,118,3,420,49,1,348,44,2,Finisher,3472
Shai,Turner,Shai Turner,756,M50-54,Male,New York,NY,United States,US,0:42:18,2:30:24,2:02:40,0:03:50,0:03:37,5:22:49,2538,9024,7360,230,217,19369,349,305,19,1136,839,52,292,264,23,349,305,19,Finisher,2682
James,Schwartz,James Schwartz,2150,M30-34,Male,Philadelphia,Pennsylvania,United States,US,0:38:36,2:26:10,2:07:41,0:05:32,0:04:51,5:22:50,2316,8770,7661,332,291,19370,350,306,52,639,480,78,180,166,24,350,306,52,Finisher,2170
John,Duke,John Duke,1035,M35-39,Male,Dresher,PA,United States,US,0:36:48,2:43:45,1:53:09,0:05:49,0:03:23,5:22:53,2208,9825,6789,349,203,19373,351,307,43,429,320,32,506,439,58,351,307,43,Finisher,2430
Jean “john”,Landry,Jean “john” Landry,218,M60-64,Male,Gaithersburg,US-MD,United States,US,0:32:26,2:33:45,2:07:22,0:04:32,0:04:57,5:23:02,1946,9225,7642,272,297,19382,352,308,8,130,98,2,186,171,5,352,308,8,Finisher,2604
Bill,Mclain,Bill Mclain,2500,M45-49,Male,WASHINGTON,DC,United States,US,0:34:21,2:43:46,1:54:24,0:05:02,0:05:34,5:23:07,2061,9826,6864,302,334,19387,353,309,28,238,176,11,450,392,42,353,309,28,Finisher,2543
Brigitte,Rec,Brigitte Rec,876,F30-34,Female,Boston,MA,United States,US,0:37:32,2:47:39,1:49:57,0:04:07,0:03:56,5:23:12,2252,10059,6597,247,236,19392,354,45,5,523,132,23,590,85,9,354,45,5,Finisher,2890
David,Wood,David Wood,726,M25-29,Male,Columbia,SC,United States,US,0:38:10,2:33:10,2:02:21,0:05:22,0:04:21,5:23:23,2290,9190,7341,322,261,19403,355,310,61,595,443,97,295,267,43,355,310,61,Finisher,2277
Cooper,Sharkansky,Cooper Sharkansky,340,M18-24,Male,North Easton,Massachusetts,United States,US,0:41:50,2:44:04,1:46:40,0:05:22,0:05:28,5:23:24,2510,9844,6400,322,328,19404,356,311,54,1062,785,138,639,541,86,356,311,54,Finisher,1886
Brian,Gilbert,Brian Gilbert,1094,M50-54,Male,MEDIA,PA,United States,US,0:37:07,2:47:50,1:49:32,0:05:12,0:03:46,5:23:27,2227,10070,6572,312,226,19407,357,312,20,469,351,18,613,522,41,357,312,20,Finisher,2671
Matthew,Gutshall,Matthew Gutshall,1796,M35-39,Male,Philadelphia,PA,United States,US,0:42:15,2:38:04,1:51:54,0:05:54,0:05:24,5:23:31,2535,9484,6714,354,324,19411,358,313,44,1127,833,106,504,437,56,358,313,44,Finisher,2419
Chris,Cummings,Chris Cummings,566,M30-34,Male,ATLANTA,GA,United States,US,0:37:24,2:42:58,1:54:54,0:04:00,0:04:29,5:23:46,2244,9778,6894,240,269,19426,359,314,53,501,375,58,472,412,62,359,314,53,Finisher,2153
Tony,Andreozzi,Tony Andreozzi,99,M25-29,Male,Garden City,New York,United States,US,0:39:31,2:44:48,1:49:35,0:05:38,0:04:15,5:23:47,2371,9888,6575,338,255,19427,360,315,62,760,569,119,608,518,93,360,315,62,Finisher,2270
Ainsley,Radell,Ainsley Radell,1635,F25-29,Female,Boston,Massachusetts,United States,US,0:33:14,2:39:57,2:02:35,0:04:06,0:04:02,5:23:54,1994,9597,7355,246,242,19434,361,46,10,179,43,17,308,30,7,361,46,10,Finisher,2547
Andres,Mena Carroll,Andres Mena Carroll,2371,M18-24,Male,New York,NY,Guatemala,GT,0:39:06,2:40:51,1:50:57,0:06:40,0:06:34,5:24:08,2346,9651,6657,400,394,19448,362,316,55,709,536,102,512,443,69,362,316,55,Finisher,1873
Matt,Oberhofer,Matt Oberhofer,809,M40-44,Male,CHEVY CHASE,MD,United States,US,0:36:26,2:37:05,2:02:42,0:03:54,0:04:09,5:24:17,2186,9425,7362,234,249,19457,363,317,35,399,300,29,313,282,29,363,317,35,Finisher,2356
Katelyn,Williams,Katelyn Williams,977,F18-24,Female,Chester Springs,PA,United States,US,0:40:13,2:39:16,1:55:12,0:04:44,0:05:00,5:24:24,2413,9556,6912,284,300,19464,364,47,5,843,223,33,467,60,5,364,47,5,Finisher,2586
Angie,Mullennix,Angie Mullennix,232,F40-44,Female,Whispering Pines,NC,United States,US,0:44:27,2:33:10,1:58:07,0:04:44,0:03:58,5:24:25,2667,9190,7087,284,238,19465,365,48,6,1411,379,35,437,54,5,365,48,6,Finisher,2765
Stephen,Smith,Stephen Smith,188,M45-49,Male,Miami,Florida,United Kingdom,GB,0:38:17,2:30:39,2:08:33,0:03:01,0:03:56,5:24:26,2297,9039,7713,181,236,19466,366,318,29,609,455,34,208,189,23,366,318,29,Finisher,2519
Colton,Brown,Colton Brown,2177,M25-29,Male,DAMASCUS,MD,United States,US,0:41:52,2:48:30,1:43:45,0:05:41,0:04:49,5:24:37,2512,10110,6225,341,289,19477,367,319,63,1071,793,163,776,653,123,367,319,63,Finisher,2255
Alp,Guneri,Alp Guneri,886,M18-24,Male,Los Angeles,CA,Turkey,TR,0:41:23,2:45:18,1:49:10,0:04:28,0:04:21,5:24:41,2483,9918,6550,268,261,19481,368,320,56,1001,743,132,636,538,85,368,320,56,Finisher,1863
Scott,Dickenson,Scott Dickenson,1837,M30-34,Male,Conshohocken,Pennsylvania,United States,US,0:40:20,2:40:26,1:53:50,0:04:42,0:05:23,5:24:42,2420,9626,6830,282,323,19482,369,321,54,852,626,106,491,429,67,369,321,54,Finisher,2136
Richard,Crowley,Richard Crowley,265,M50-54,Male,Pittsburgh,PA,United States,US,0:36:17,2:34:39,2:05:48,0:03:39,0:04:28,5:24:51,2177,9279,7548,219,268,19491,370,322,21,382,287,14,263,238,19,370,322,21,Finisher,2645
Chris,Donovan,Chris Donovan,1578,M25-29,Male,Leesburg,VA,United States,US,0:43:10,2:32:13,1:56:37,0:05:57,0:06:55,5:24:51,2590,9133,6997,357,415,19491,371,323,64,1259,923,183,411,365,65,371,323,64,Finisher,2251
Patrick,Cunniffe,Patrick Cunniffe,999,M55-59,Male,MIDDLETON,WI,United States,US,0:45:11,2:42:05,1:42:32,0:08:19,0:06:46,5:24:53,2711,9725,6152,499,406,19493,372,324,13,1482,1082,67,761,639,35,372,324,13,Finisher,2632
Matthew,Whelan,Matthew Whelan,2208,M25-29,Male,Arlington,VA,United States,US,0:29:19,2:32:48,2:13:46,0:04:08,0:05:01,5:25:01,1759,9168,8026,248,301,19501,373,325,65,22,19,7,127,116,24,373,325,65,Finisher,2248
Josh,Perkins,Josh Perkins,671,M45-49,Male,Union,MO,United States,US,0:39:49,2:36:17,1:59:40,0:05:04,0:04:12,5:25:02,2389,9377,7180,304,252,19502,374,326,30,798,593,49,406,360,40,374,326,30,Finisher,2508
Sam,Mottershead,Sam Mottershead,1730,M18-24,Male,Doylestown,PA,United States,US,0:32:55,2:42:11,2:00:54,0:03:41,0:05:22,5:25:04,1975,9731,7254,221,322,19504,375,327,57,162,124,31,340,307,41,375,327,57,Finisher,1856
Benjamin,Andrews,Benjamin Andrews,2228,M45-49,Male,Alexandria,VA,United States,US,0:34:31,2:50:14,1:47:20,0:06:33,0:06:27,5:25:05,2071,10214,6440,393,387,19505,376,328,31,240,178,12,642,544,59,376,328,31,Finisher,2507
Brandon,Pabst,Brandon Pabst,2141,M40-44,Male,Puyallup,WA,United States,US,0:38:14,2:31:36,2:03:09,0:06:47,0:05:21,5:25:06,2294,9096,7389,407,321,19506,377,329,36,604,451,42,294,266,27,377,329,36,Finisher,2341
John,Garrett,John Garrett,1137,M30-34,Male,Womelsdorf,Pennsylvania,United States,US,0:36:56,2:29:13,2:05:53,0:06:34,0:06:33,5:25:09,2216,8953,7553,394,393,19509,378,330,55,445,332,49,224,204,35,378,330,55,Finisher,2128
Allyce,Mcwhorter,Allyce Mcwhorter,2032,F35-39,Female,Ashburn,VA,United States,US,0:33:49,2:49:13,1:54:20,0:04:39,0:03:10,5:25:12,2029,10153,6860,279,190,19512,379,49,13,206,52,11,547,75,13,379,49,13,Finisher,2614
Arseni,Kostritsyn,Arseni Kostritsyn,258,M45-49,Male,New York,NY,United States,US,0:39:03,2:32:49,2:03:08,0:04:35,0:05:37,5:25:12,2343,9169,7388,275,337,19512,380,331,32,700,529,39,291,263,30,380,331,32,Finisher,2505
Daniel,Gordon,Daniel Gordon,2548,M35-39,Male,Media,PA,Ireland,IE,0:41:01,2:43:52,1:50:58,0:05:02,0:04:21,5:25:13,2461,9832,6658,302,261,19513,381,332,45,948,704,87,606,516,65,381,332,45,Finisher,2388
John,Nadhazi,John Nadhazi,1724,M35-39,Male,Trumbull,CT,United States,US,0:45:02,2:44:10,1:44:31,0:06:30,0:05:05,5:25:18,2702,9850,6271,390,305,19518,382,333,46,1465,1066,135,763,641,81,382,333,46,Finisher,2387
Colin,McKee,Colin McKee,2534,M30-34,Male,North Chesterfield,Virginia ,United States,US,0:47:31,2:36:46,1:50:14,0:05:36,0:05:21,5:25:28,2851,9406,6614,336,321,19528,383,334,56,1702,1230,189,605,515,82,383,334,56,Finisher,2122
Emma,Reichert,Emma Reichert,1145,F18-24,Female,Brooklyn ,New York,United States,US,0:36:01,2:48:28,1:52:49,0:04:11,0:03:59,5:25:28,2161,10108,6769,251,239,19528,384,50,6,362,92,14,576,82,7,384,50,6,Finisher,2567
Alex,Duncan,Alex Duncan,1820,M45-49,Male,Summit,NJ,Canada,CA,0:36:31,2:38:16,2:01:46,0:04:46,0:04:11,5:25:30,2191,9496,7306,286,251,19530,385,335,33,401,301,20,354,319,37,385,335,33,Finisher,2500
Eric,Westphal,Eric Westphal,1449,M45-49,Male,PORT CHESTER,NY,United States,US,0:39:45,2:36:30,1:59:05,0:05:23,0:04:51,5:25:33,2385,9390,7145,323,291,19533,386,336,34,788,588,48,421,372,41,386,336,34,Finisher,2499
Martín,Rojas Hacker,Martín Rojas Hacker,231,M45-49,Male,boca raton,FL,Venezuela,VE,0:38:47,2:35:22,2:02:31,0:05:04,0:03:51,5:25:36,2327,9322,7351,304,231,19536,387,337,35,664,497,37,349,315,36,387,337,35,Finisher,2498
Juan Pablo,Mendez-Ruiz,Juan Pablo Mendez-Ruiz,1264,M30-34,Male,New York,NY,Guatemala,GT,0:52:03,2:35:56,1:49:00,0:04:10,0:04:34,5:25:43,3123,9356,6540,250,274,19543,388,338,57,1975,1405,220,664,560,88,388,338,57,Finisher,2118
Colin,Bennett,Colin Bennett,703,M18-24,Male,New York,NY,United States,US,0:37:53,2:44:31,1:53:40,0:04:53,0:04:46,5:25:44,2273,9871,6820,293,286,19544,389,339,58,560,417,81,539,468,73,389,339,58,Finisher,1844
Nobie Anne,Clark,Nobie Anne Clark,1115,F18-24,Female,CHARLESTON,SC,United States,US,0:39:20,2:53:16,1:44:23,0:04:36,0:04:18,5:25:53,2360,10396,6263,276,258,19553,390,51,7,741,187,29,802,133,14,390,51,7,Finisher,2560
Gregory,Lee,Gregory Lee,1777,M30-34,Male,Seattle,WA,United States,US,0:30:45,2:37:51,2:10:46,0:03:26,0:03:20,5:26:09,1845,9471,7846,206,200,19569,391,340,58,57,46,9,211,192,30,391,340,58,Finisher,2110
John,Bayone,John Bayone,354,M55-59,Male,Brick,NJ,United States,US,0:37:24,2:32:44,2:05:56,0:04:02,0:06:05,5:26:11,2244,9164,7556,242,365,19571,392,341,14,500,374,19,253,231,13,392,341,14,Finisher,2609
Daniel,Gonzalez,Daniel Gonzalez,1531,M18-24,Male,Williamsburg,VA,United States,US,0:41:11,2:31:15,2:06:51,0:03:54,0:03:05,5:26:18,2471,9075,7611,234,185,19578,393,342,59,968,721,128,289,262,32,393,342,59,Finisher,1834
Graham,Harwood,Graham Harwood,1684,M30-34,Male,Washington,District of Columbia,United States,US,0:43:01,2:45:51,1:44:42,0:05:31,0:07:20,5:26:25,2581,9951,6282,331,440,19585,394,343,59,1247,914,142,737,622,99,394,343,59,Finisher,2105
Elon,Fruman,Elon Fruman,1134,M18-24,Male,McLean,Virginia,United States,US,0:39:47,2:45:51,1:45:19,0:10:23,0:05:04,5:26:25,2387,9951,6319,623,304,19585,395,344,60,793,590,111,774,651,101,395,344,60,Finisher,1832
Robert,Costa,Robert Costa,16,M45-49,Male,PLYMOUTH,MA,United States,US,0:59:19,2:58:21,1:15:51,0:06:21,0:06:34,5:26:26,3559,10701,4551,381,394,19586,396,345,36,2156,1527,120,1546,1196,100,396,345,36,Finisher,2483
Christian,Lloyd-Kohls,Christian Lloyd-Kohls,420,M45-49,Male,Orleans,Ontario,Canada,CA,0:39:09,2:47:54,1:48:07,0:05:01,0:06:16,5:26:26,2349,10074,6487,301,376,19586,397,346,37,717,541,42,661,557,60,397,346,37,Finisher,2483
Connor,Choate,Connor Choate,924,M30-34,Male,Virginia Beach,VA,United States,US,0:36:43,2:42:05,1:55:08,0:05:49,0:06:42,5:26:27,2203,9725,6908,349,402,19587,398,347,60,421,314,46,478,418,64,398,347,60,Finisher,2105
Mark,Swanlund,Mark Swanlund,2103,M60-64,Male,Stevensville,Maryland,United States,US,0:33:43,2:42:06,2:00:24,0:04:52,0:05:29,5:26:33,2023,9726,7224,292,329,19593,399,348,9,196,147,5,392,348,13,399,348,9,Finisher,2541
Christopher,Bathan,Christopher Bathan,1525,M25-29,Male,Alexandria,Virginia,United States,US,0:37:10,2:39:33,1:59:13,0:05:26,0:05:15,5:26:36,2230,9573,7153,326,315,19596,400,349,66,472,354,78,431,380,67,400,349,66,Finisher,2219
Pedro,Collazo,Pedro Collazo,2386,M65-69,Male,nanuet,NY,United States,US,0:35:06,2:31:34,2:10:35,0:05:23,0:03:58,5:26:36,2106,9094,7835,323,238,19596,401,350,1,283,215,3,212,193,1,401,350,1,Finisher,3500
Vladimir,Aronsky,Vladimir Aronsky,476,M50-54,Male,BELLMORE,NY,United States,US,0:42:27,2:34:17,2:00:31,0:04:51,0:04:32,5:26:38,2547,9257,7231,291,272,19598,402,351,22,1158,854,53,418,371,29,402,351,22,Finisher,2613
Cassidy,Freeman,Cassidy Freeman,1252,F25-29,Female,Hillsdale,NJ,United States,US,0:29:01,2:48:25,2:02:21,0:03:39,0:03:25,5:26:52,1741,10105,7341,219,205,19612,403,52,11,16,2,2,405,46,14,403,52,11,Finisher,2494
William,Spencer,William Spencer,1828,M30-34,Male,BROOKLYN,NY,United States,US,0:38:18,2:47:35,1:49:04,0:06:03,0:06:00,5:26:58,2298,10055,6544,363,360,19618,404,352,61,610,456,74,659,555,87,404,352,61,Finisher,2095
Lauren,Rosenbaum,Lauren Rosenbaum,1887,F35-39,Female,Washington,DC,United States,US,0:41:56,2:38:32,1:57:37,0:05:07,0:03:48,5:27:01,2516,9512,7057,307,228,19621,405,53,14,1085,284,45,493,64,12,405,53,14,Finisher,2582
Mark,Ryan,Mark Ryan,262,M18-24,Male,Lower Township,NJ,United States,US,0:33:42,2:36:43,2:10:43,0:02:41,0:03:18,5:27:06,2022,9403,7843,161,198,19626,406,353,61,195,146,36,234,214,27,406,353,61,Finisher,1820
Javier,Robledo Moreno,Javier Robledo Moreno,92,M30-34,Male,New York,New York,Spain,ES,0:38:06,2:28:58,2:10:13,0:05:13,0:04:41,5:27:11,2286,8938,7813,313,281,19631,407,354,62,587,437,70,215,195,31,407,354,62,Finisher,2091
James,Kent,James Kent,1851,M18-24,Male,Pittsburgh,PA,United States,US,0:33:48,2:50:57,1:54:09,0:04:44,0:04:04,5:27:43,2028,10257,6849,284,244,19663,408,355,62,205,154,38,595,508,78,408,355,62,Finisher,1808
Michael,Russo,Michael Russo,389,M18-24,Male,Cambridge,MD,United States,US,0:34:59,2:39:58,2:04:14,0:04:54,0:03:42,5:27:49,2099,9598,7454,294,222,19669,409,356,63,275,208,48,364,326,42,409,356,63,Finisher,1807
Michael,Pomales,Michael Pomales,2327,M18-24,Male,Bel Air,Maryland,United States,US,0:34:43,2:49:01,1:54:52,0:04:37,0:04:37,5:27:50,2083,10141,6892,277,277,19670,410,357,64,252,187,43,564,486,74,410,357,64,Finisher,1806
Jamie,So,Jamie So,239,F45-49,Female,Arlington,VA,United States,US,0:35:42,2:34:43,2:06:30,0:05:13,0:05:46,5:27:53,2142,9283,7590,313,346,19673,411,54,6,330,85,6,275,26,2,411,54,6,Finisher,3097
Parker,Nguyen,Parker Nguyen,523,M25-29,Male,Fairfax,VA,United States,US,0:38:32,2:46:36,1:53:00,0:05:20,0:04:28,5:27:55,2312,9996,6780,320,268,19675,412,358,67,635,477,102,619,526,95,412,358,67,Finisher,2195
Robert,Kelly,Robert Kelly,1237,M55-59,Male,Dublin,Dublin,Australia,AU,0:42:25,2:33:36,2:01:41,0:04:23,0:05:53,5:27:58,2545,9216,7301,263,353,19678,413,359,15,1153,850,52,388,345,19,413,359,15,Finisher,2577
Ben,Walters,Ben Walters,1012,M40-44,Male,SUMMIT,NJ,United States,US,0:40:52,2:39:04,2:00:42,0:04:08,0:03:15,5:28:01,2452,9544,7242,248,195,19681,414,360,37,926,683,62,463,404,48,414,360,37,Finisher,2288
James,Alderson-Smith,James Alderson-Smith,936,M30-34,Male,Brooklyn,New York,United States,US,0:31:48,2:39:26,2:07:36,0:04:14,0:05:02,5:28:06,1908,9566,7656,254,302,19686,415,361,63,94,66,13,272,247,44,415,361,63,Finisher,2075
Carl,Steinhauser,Carl Steinhauser,2336,M30-34,Male,Columbia,Maryland,United States,US,0:40:57,2:26:25,2:11:56,0:04:56,0:03:52,5:28:07,2457,8785,7916,296,232,19687,416,362,64,941,697,117,218,198,32,416,362,64,Finisher,2075
Luke,Roberts,Luke Roberts,1815,M25-29,Male,ELKTON,US-MD,United States,US,0:43:19,2:33:41,2:03:34,0:04:19,0:03:17,5:28:09,2599,9221,7414,259,197,19689,417,363,68,1283,942,188,410,364,64,417,363,68,Finisher,2191
Brendan,Miller,Brendan Miller,493,M30-34,Male,Bridgeport,PA,United States,US,0:37:23,2:41:01,1:57:59,0:06:33,0:05:19,5:28:14,2243,9661,7079,393,319,19694,418,364,65,497,371,57,481,421,66,418,364,65,Finisher,2072
David,Plachno,David Plachno,2105,M45-49,Male,Owings,MD,United States,US,0:38:49,2:41:16,1:56:29,0:05:44,0:05:58,5:28:17,2329,9676,6989,344,358,19697,419,365,38,667,500,38,495,430,46,419,365,38,Finisher,2450
Thomas,Szczur,Thomas Szczur,1285,M35-39,Male,CRANBURY,NJ,United States,US,0:44:06,2:43:22,1:53:49,0:03:46,0:03:20,5:28:23,2646,9802,6829,226,200,19703,420,366,47,1374,1005,129,638,540,66,420,366,47,Finisher,2331
Greg,Mcguire,Greg Mcguire,127,M50-54,Male,Bethesda,MD,United States,US,0:42:57,2:32:56,2:03:46,0:04:12,0:04:36,5:28:28,2577,9176,7426,252,276,19708,421,367,23,1231,904,59,372,333,27,421,367,23,Finisher,2580
Christopher,Koppang,Christopher Koppang,1735,M55-59,Male,Reston,VA,United States,US,0:31:48,2:23:53,2:23:52,0:04:07,0:04:49,5:28:28,1908,8633,8632,247,289,19708,422,368,16,93,65,4,66,61,5,422,368,16,Finisher,2568
Brian,Reilly,Brian Reilly,1963,M25-29,Male,NELLYSFORD,VA,United States,US,0:31:58,2:28:14,2:14:49,0:06:06,0:07:26,5:28:33,1918,8894,8089,366,446,19713,423,369,69,107,77,21,128,117,25,423,369,69,Finisher,2184
Seth ,McDowell,Seth McDowell,1914,M45-49,Male,Staunton,Virginia,United States,US,0:37:37,2:31:37,2:09:51,0:04:05,0:05:33,5:28:43,2257,9097,7791,245,333,19723,424,370,39,533,398,32,236,216,25,424,370,39,Finisher,2442
Joseph,Rodgers,Joseph Rodgers,2328,M30-34,Male,Arlington,VA,United States,US,0:37:07,2:28:34,2:13:58,0:04:22,0:04:49,5:28:49,2227,8914,8038,262,289,19729,425,371,66,468,350,53,177,163,23,425,371,66,Finisher,2062
Tonya,Spagnuolo,Tonya Spagnuolo,526,F55-59,Female,Shrewsbury,MA,United States,US,0:36:12,2:42:07,2:02:59,0:03:30,0:04:02,5:28:50,2172,9727,7379,210,242,19730,426,55,3,374,94,3,424,51,3,426,55,3,Finisher,3055
Stefan,Morell,Stefan Morell,2562,M30-34,Male,KAILUA,HI,United States,US,0:40:12,2:30:38,2:09:48,0:03:46,0:04:27,5:28:51,2412,9038,7788,226,267,19731,427,372,67,839,618,103,264,239,41,427,372,67,Finisher,2061
Hunter,Bernier,Hunter Bernier,1749,M18-24,Male,Beacon falls,CT,United States,US,0:36:10,2:26:36,2:18:59,0:03:19,0:03:50,5:28:54,2170,8796,8339,199,230,19734,428,373,65,370,278,65,123,112,15,428,373,65,Finisher,1787
Sara,Allen,Sara Allen,2029,F25-29,Female,WOOLWICH TWP,NJ,United States,US,0:37:58,2:35:45,2:02:21,0:05:36,0:07:14,5:28:54,2278,9345,7341,336,434,19734,429,56,12,571,148,38,350,35,9,429,56,12,Finisher,2457
Brian,Hetherington,Brian Hetherington,1625,M45-49,Male,Annapolis,MD,United States,US,0:39:06,2:20:08,2:18:38,0:06:06,0:04:58,5:28:56,2346,8408,8318,366,298,19736,430,374,40,710,537,41,120,109,12,430,374,40,Finisher,2438
Saskia,Pfurtschelker,Saskia Pfurtschelker,87,F30-34,Female,New york,New York,Austria,AT,0:42:29,2:42:03,1:56:33,0:04:11,0:03:41,5:28:58,2549,9723,6993,251,221,19738,431,57,6,1166,306,56,577,83,8,431,57,6,Finisher,2786
Katherine,Lochner,Katherine Lochner,2358,F18-24,Female,Portland,OR,United States,US,0:31:03,2:57:40,1:52:01,0:04:12,0:04:04,5:28:59,1863,10660,6721,252,244,19739,432,58,8,70,18,3,694,109,12,432,58,8,Finisher,2504
R Stephen,Stigall,R Stephen Stigall,2089,M55-59,Male,Berwyn,PA,United States,US,0:33:45,2:30:30,2:16:02,0:04:39,0:04:14,5:29:10,2025,9030,8162,279,254,19750,433,375,17,199,150,9,156,144,8,433,375,17,Finisher,2555
Thomas,Heyden,Thomas Heyden,1360,M25-29,Male,New York,NY,United States,US,0:41:15,2:42:04,1:55:11,0:05:42,0:05:02,5:29:14,2475,9724,6911,342,302,19754,434,376,70,980,730,147,579,496,89,434,376,70,Finisher,2172
Luis Mauricio,Carvajal Delgado,Luis Mauricio Carvajal Delgado,6004,M35-39,Male,Alajuela,Alajuela,Costa Rica,CR,0:51:49,2:35:18,1:51:08,0:05:56,0:05:06,5:29:17,3109,9318,6668,356,306,19757,435,377,48,1962,1393,185,704,594,71,435,377,48,Finisher,2315
Michael,Minzyk II,Michael Minzyk II,1832,M18-24,Male,Alexandria,Virginia,United States,US,0:44:53,2:35:19,1:59:03,0:05:41,0:04:24,5:29:20,2693,9319,7143,341,264,19760,436,378,66,1448,1056,186,496,431,64,436,378,66,Finisher,1779
David,Gachuz,David Gachuz,1789,M25-29,Male,Arlington,US-VIRGINIA,United States,US,0:44:44,2:32:45,2:04:59,0:03:41,0:03:11,5:29:20,2684,9165,7499,221,191,19760,437,379,71,1435,1046,212,407,361,61,437,379,71,Finisher,2170
Ethan,Smith,Ethan Smith,1073,M18-24,Male,Richmond,Virginia,United States,US,0:31:57,2:54:48,1:48:36,0:09:13,0:04:48,5:29:23,1917,10488,6516,553,288,19763,438,380,67,105,76,21,771,648,100,438,380,67,Finisher,1778
Jack,Simon,Jack Simon,2083,M25-29,Male,CLARKSVILLE,MD,United States,US,0:37:29,2:36:10,2:02:50,0:04:25,0:08:30,5:29:23,2249,9370,7370,265,510,19763,439,381,72,510,382,83,324,293,48,439,381,72,Finisher,2169
Jacob,Locklear,Jacob Locklear,883,M18-24,Male,Haymarket,VA,United States,US,0:40:39,2:37:14,2:03:50,0:04:21,0:03:21,5:29:26,2439,9434,7430,261,201,19766,440,382,68,895,663,120,435,382,54,440,382,68,Finisher,1778
Timothy,Burge,Timothy Burge,1064,M50-54,Male,Crownsville,US-MD,United States,US,0:41:14,2:31:08,2:09:54,0:03:51,0:03:25,5:29:33,2474,9068,7794,231,205,19773,441,383,24,977,728,44,286,259,22,441,383,24,Finisher,2561
E Kevin,Scanlon,E Kevin Scanlon,443,M40-44,Male,PHILADELPHIA,PA,United States,US,0:36:44,2:37:32,2:07:44,0:04:24,0:03:16,5:29:40,2204,9452,7664,264,196,19780,442,384,38,424,316,32,336,303,32,442,384,38,Finisher,2259
Roy,Llabre,Roy Llabre,504,M35-39,Male,Fort Lauderdale  ,FL,Cuba,CU,0:38:58,2:28:52,2:12:53,0:04:28,0:04:31,5:29:42,2338,8932,7973,268,271,19782,443,385,49,681,513,58,217,197,33,443,385,49,Finisher,2307
Tomasz,Obrzut,Tomasz Obrzut,126,M40-44,Male,BETHESDA,MD,Poland,PL,0:38:59,2:36:22,2:02:47,0:05:46,0:05:59,5:29:53,2339,9382,7367,346,359,19793,444,386,39,684,515,48,404,359,43,444,386,39,Finisher,2255
Christopher,Moppel,Christopher Moppel,165,M25-29,Male,Washington,District of Columbia,United States,US,0:37:54,2:52:18,1:50:10,0:05:49,0:03:47,5:29:58,2274,10338,6610,349,227,19798,445,387,73,562,419,93,772,649,122,445,387,73,Finisher,2159
Will,Serritella,Will Serritella,1290,M25-29,Male,Charlotte,NC,United States,US,0:44:45,2:41:12,1:52:54,0:06:58,0:04:19,5:30:08,2685,9672,6774,418,259,19808,446,388,74,1438,1049,215,696,587,108,446,388,74,Finisher,2156
Alison,Mccann,Alison Mccann,192,F50-54,Female,LINCOLN UNIV,PA,United States,US,0:45:13,2:41:42,1:55:00,0:03:44,0:04:39,5:30:18,2713,9702,6900,224,279,19818,447,59,2,1485,401,23,625,95,6,447,59,2,Finisher,3123
Chad,Azeroual Dray,Chad Azeroual Dray,1998,M25-29,Male,New York,NY,United States,US,0:41:42,2:38:58,1:56:22,0:06:31,0:06:50,5:30:22,2502,9538,6982,391,410,19822,448,389,75,1048,777,159,535,465,79,448,389,75,Finisher,2151
Richard,Nichols,Richard Nichols,1695,M40-44,Male,Gaithersburg,Maryland,United States,US,0:37:01,2:46:26,1:58:57,0:04:01,0:04:01,5:30:26,2221,9986,7137,241,241,19826,449,390,40,456,339,34,543,470,53,449,390,40,Finisher,2245
Juan,Arciniegas,Juan Arciniegas,542,M18-24,Male,Plantation ,Florida,Colombia,CO,0:41:35,2:35:02,2:07:24,0:03:33,0:02:57,5:30:30,2495,9302,7644,213,177,19830,450,391,69,1029,764,136,378,339,44,450,391,69,Finisher,1758
Diego,Ayala,Diego Ayala,2341,M25-29,Male,Laurel,MD,El Salvador,SV,0:41:56,2:42:27,1:54:56,0:06:08,0:05:07,5:30:34,2516,9747,6896,368,307,19834,451,392,76,1086,802,166,620,527,96,451,392,76,Finisher,2148
Raymond,Anderson,Raymond Anderson,1742,M40-44,Male,Rockville,MD,United States,US,0:40:30,2:34:03,2:04:54,0:05:26,0:06:08,5:31:02,2430,9243,7494,326,368,19862,452,393,41,873,645,58,370,332,38,452,393,41,Finisher,2234
Matt,Granteed,Matt Granteed,752,M40-44,Male,Pottstown,Pennsylvania,United States,US,0:40:24,2:34:16,2:09:37,0:04:03,0:02:51,5:31:10,2424,9256,7777,243,171,19870,453,394,42,860,634,57,339,306,33,453,394,42,Finisher,2232
Catherine,Soriano,Catherine Soriano,438,M40-44,Male,Myrtle Beach,US-SC,United States,US,0:37:39,2:27:49,2:16:33,0:04:45,0:04:25,5:31:11,2259,8869,8193,285,265,19871,454,395,43,534,399,38,179,165,20,454,395,43,Finisher,2231
David,Herzig,David Herzig,1996,M25-29,Male,New York,NY,United States,US,0:35:48,2:36:05,2:08:23,0:05:18,0:05:43,5:31:15,2148,9365,7703,318,343,19875,455,396,77,337,251,56,304,275,44,455,396,77,Finisher,2135
Sophia,Blunk,Sophia Blunk,1699,F18-24,Female,Edgewater,Maryland,United States,US,0:36:56,2:49:52,1:54:59,0:04:36,0:04:53,5:31:17,2216,10192,6899,276,293,19877,456,60,9,443,113,17,646,99,11,456,60,9,Finisher,2462
Dan,Obrien,Dan Obrien,2230,M45-49,Male,Wilmington,DE,United States,US,0:38:31,2:36:27,2:05:50,0:05:09,0:05:22,5:31:18,2311,9387,7550,309,322,19878,457,397,41,632,474,36,373,334,39,457,397,41,Finisher,2396
Lochlainn,Byrne,Lochlainn Byrne,2432,M30-34,Male,NEW YORK,NY,Ireland,IE,0:50:58,2:32:30,1:57:05,0:05:43,0:05:06,5:31:23,3058,9150,7025,343,306,19883,458,398,68,1924,1370,217,586,502,78,458,398,68,Finisher,2016
Thomas,Romeis,Thomas Romeis,1622,M60-64,Male,Wiesbaden,,Germany,DE,0:42:51,2:31:16,2:07:25,0:05:25,0:04:28,5:31:26,2571,9076,7645,325,268,19886,459,399,10,1217,894,21,353,318,11,459,399,10,Finisher,2453
Paul,Ecker,Paul Ecker,1541,M35-39,,Rehoboth Beach,DE,United States,US,0:38:02,2:45:25,1:57:57,0:04:37,0:05:27,5:31:28,2282,9925,7077,277,327,19888,460,400,50,580,430,42,557,480,61,460,400,50,Finisher,2276
Jillian,Cantrell,Jillian Cantrell,1849,F25-29,Female,Washington,District of Columbia,United States,US,0:30:22,2:44:35,2:07:23,0:04:44,0:04:39,5:31:43,1822,9875,7643,284,279,19903,461,61,13,50,10,6,356,36,10,461,61,13,Finisher,2406
Nishanth,Salinamakki,Nishanth Salinamakki,2513,M25-29,Male,Brooklyn,NY,United States,US,0:33:51,2:51:47,1:50:56,0:06:48,0:08:24,5:31:46,2031,10307,6656,408,504,19906,462,401,78,210,156,42,677,571,105,462,401,78,Finisher,2126
Sarah,Statler,Sarah Statler,2443,F18-24,Female,Bethesda,Maryland,United States,US,0:35:12,2:49:04,1:57:01,0:05:13,0:05:23,5:31:54,2112,10144,7021,313,323,19914,463,62,10,288,69,10,593,86,8,463,62,10,Finisher,2451
Zachary,Lascola,Zachary Lascola,1610,M18-24,Male,Columbia,Maryland,United States,US,0:38:10,2:40:07,2:06:23,0:03:48,0:03:29,5:31:57,2290,9607,7583,228,209,19917,464,402,70,597,445,86,430,379,53,464,402,70,Finisher,1732
Diego,Turo,Diego Turo,749,M45-49,Male,BETHESDA,MD,United States,US,0:41:39,2:53:56,1:48:18,0:04:14,0:04:01,5:32:08,2499,10436,6498,254,241,19928,465,403,42,1044,775,65,872,725,71,465,403,42,Finisher,2381
Quoc,Ngo,Quoc Ngo,1613,M45-49,Male,CONSHOHOCKEN,PA,United States,US,0:40:30,2:23:53,2:12:26,0:08:33,0:06:52,5:32:14,2430,8633,7946,513,412,19934,466,404,43,871,643,53,229,209,24,466,404,43,Finisher,2379
Kathryn,Trinh,Kathryn Trinh,486,F25-29,Female,Silver Spring,US-MD,United States,US,0:35:20,2:57:15,1:49:44,0:05:13,0:04:47,5:32:19,2120,10635,6584,313,287,19939,467,63,14,298,74,26,817,138,23,467,63,14,Finisher,2396
Parker,Sanderson,Parker Sanderson,1764,M25-29,Male,ST PETERSBURG,FL,United States,US,0:39:04,2:36:41,2:06:39,0:05:01,0:05:06,5:32:32,2344,9401,7599,301,306,19952,468,405,79,702,531,111,398,353,58,468,405,79,Finisher,2112
Kevin,Nolan,Kevin Nolan,2546,M35-39,Male,,,United States,US,0:45:25,2:44:08,1:55:05,0:04:26,0:03:29,5:32:33,2725,9848,6905,266,209,19953,469,406,51,1510,1104,138,728,614,73,469,406,51,Finisher,2256
Daniel,OBrien,Daniel OBrien,1700,M35-39,Male,Houston,Texas,United States,US,0:35:04,2:36:36,2:10:35,0:05:32,0:04:54,5:32:40,2104,9396,7835,332,294,19960,470,407,52,281,213,17,306,277,43,470,407,52,Finisher,2254
Sang Hywan,Han,Sang Hywan Han,2158,M40-44,Male,Cresskill,NJ,South Korea,KR,0:42:05,2:31:45,2:05:52,0:06:53,0:06:09,5:32:44,2525,9105,7552,413,369,19964,471,408,44,1101,813,76,395,350,41,471,408,44,Finisher,2204
David,Johns,David Johns,2564,M65-69,Male,Reston,VA,United States,US,0:39:01,2:39:02,2:02:54,0:06:19,0:05:34,5:32:51,2341,9542,7374,379,334,19971,472,409,2,693,524,5,471,411,3,472,409,2,Finisher,3387
Dante,Sena,Dante Sena,423,M18-24,Male,Bridgewater,NJ,United States,US,0:43:23,2:36:17,2:02:35,0:05:14,0:05:35,5:33:05,2603,9377,7355,314,335,19985,473,410,71,1291,948,171,480,420,61,473,410,71,Finisher,1712
Brian,Boyle,Brian Boyle,1350,M40-44,Male,Huntingtown,MD,United States,US,0:39:28,2:50:11,1:54:54,0:04:14,0:04:20,5:33:06,2368,10211,6894,254,260,19986,474,411,45,753,564,52,725,612,62,474,411,45,Finisher,2197
Terry,Rychlik,Terry Rychlik,782,M55-59,Male,Ridgefield,CT,United States,US,0:33:31,2:31:36,2:18:47,0:04:49,0:04:32,5:33:15,2011,9096,8327,289,272,19995,475,412,18,191,143,7,174,160,10,475,412,18,Finisher,2482
Elvis,Montes,Elvis Montes,1617,M25-29,Male,Falls Church,Virginia,United States,US,0:46:16,2:42:46,1:49:53,0:06:35,0:07:45,5:33:16,2776,9766,6593,395,465,19996,476,413,80,1590,1155,234,762,640,120,476,413,80,Finisher,2099
Rob,Scherer,Rob Scherer,2446,M35-39,Male,Middletown,MD,United States,US,0:37:46,2:40:24,2:04:37,0:04:52,0:05:40,5:33:18,2266,9624,7477,292,340,19998,477,414,53,548,409,39,445,388,53,477,414,53,Finisher,2243
Taylor,Moran,Taylor Moran,2233,M35-39,Male,Alexandria,VA,United States,US,0:43:27,2:33:23,2:08:50,0:03:53,0:03:44,5:33:18,2607,9203,7730,233,224,19998,478,415,54,1296,952,121,396,351,51,478,415,54,Finisher,2243
Nicole,Zanolli,Nicole Zanolli,173,F30-34,Female,Philadelphia,Pennsylvania,United States,US,0:30:09,2:53:47,2:00:25,0:03:53,0:05:06,5:33:20,1809,10427,7225,233,306,20000,479,64,7,45,9,2,551,76,7,479,64,7,Finisher,2708
Hawk,Caldwell,Hawk Caldwell,875,M35-39,Male,Solomons,MARYLAND,United States,US,0:34:17,2:32:11,2:16:49,0:05:46,0:04:18,5:33:21,2057,9131,8209,346,258,20001,480,416,55,233,172,13,214,194,31,480,416,55,Finisher,2242
Brian,Pan,Brian Pan,1940,M25-29,Male,Potomac,MD,United States,US,0:32:34,2:48:08,2:01:25,0:06:42,0:04:36,5:33:26,1954,10088,7285,402,276,20006,481,417,81,141,106,26,542,469,80,481,417,81,Finisher,2096
Maggie,Fitzgerald,Maggie Fitzgerald,2173,F25-29,Female,WASHINGTON,DC,United States,US,0:42:57,2:40:37,1:59:38,0:05:31,0:04:54,5:33:38,2577,9637,7178,331,294,20018,482,65,15,1232,328,75,583,84,18,482,65,15,Finisher,2372
Sofia,Molho,Sofia Molho,1899,F18-24,Female,New York,NY,Italy,IT,0:42:57,2:43:27,1:58:08,0:04:12,0:04:56,5:33:39,2577,9807,7088,252,296,20019,483,66,11,1227,327,44,622,94,10,483,66,11,Finisher,2420
Samantha,Scheimreif,Samantha Scheimreif,171,F30-34,Female,Delray Beach,FL,United States,US,0:37:46,2:39:50,2:06:20,0:05:06,0:04:39,5:33:40,2266,9590,7580,306,279,20020,484,67,8,547,139,24,439,55,6,484,67,8,Finisher,2702
Matthew,Lydon,Matthew Lydon,1748,M25-29,Male,Weehawken,NEW JERSEY,United States,US,0:41:28,2:41:15,1:59:31,0:05:42,0:05:49,5:33:44,2488,9675,7171,342,349,20024,485,418,82,1013,751,151,567,488,87,485,418,82,Finisher,2091
Dustin,Mclean,Dustin Mclean,1190,M40-44,Male,Kalamazoo,Michigan,United States,US,0:36:08,2:36:20,2:08:48,0:06:25,0:06:09,5:33:50,2168,9380,7728,385,369,20030,486,419,46,367,275,27,342,309,35,486,419,46,Finisher,2184
Eugenio,Mendez,Eugenio Mendez,578,M25-29,Male,Atlanta,GA,Mexico,MX,0:39:49,2:33:18,2:10:22,0:05:59,0:04:25,5:33:53,2389,9198,7822,359,265,20033,487,420,83,799,594,123,346,312,52,487,420,83,Finisher,2088
Constantinos,Karakousis,Constantinos Karakousis,757,M18-24,Male,Towson,Maryland,United States,US,0:38:11,2:37:12,2:07:35,0:06:40,0:04:16,5:33:53,2291,9432,7655,400,256,20033,488,421,72,598,446,87,429,378,52,488,421,72,Finisher,1697
Jim,Ferrell,Jim Ferrell,1761,F40-44,Female,Silver Spring,US-MD,United States,US,0:41:44,2:36:44,2:07:18,0:04:22,0:03:50,5:33:58,2504,9404,7638,262,230,20038,489,68,7,1053,273,24,443,57,6,489,68,7,Finisher,2593
Jon,David,Jon David,865,M45-49,Male,Maplewood,NJ,United States,US,0:40:51,2:44:17,1:58:33,0:05:02,0:05:17,5:34:00,2451,9857,7113,302,317,20040,490,422,44,925,682,59,614,523,57,490,422,44,Finisher,2347
Patrick,Conway,Patrick Conway,1937,M18-24,Male,West Chester,Pennsylvania,United States,US,0:37:59,2:55:50,1:52:06,0:04:05,0:04:05,5:34:05,2279,10550,6726,245,245,20045,491,423,73,574,425,84,822,682,103,491,423,73,Finisher,1694
Mandy,Fisher,Mandy Fisher,187,F45-49,Female,Norwalk,CT,United States,US,0:35:57,2:37:03,2:12:58,0:03:48,0:04:21,5:34:07,2157,9423,7978,228,261,20047,492,69,7,350,88,7,296,29,4,492,69,7,Finisher,2984
Keaton,Reidy,Keaton Reidy,1571,M25-29,Male,Winter Park,Florida,United States,US,0:39:54,2:47:34,1:53:26,0:05:51,0:07:24,5:34:10,2394,10054,6806,351,444,20050,493,424,84,810,600,124,710,599,112,493,424,84,Finisher,2083
Jeff,Cohen,Jeff Cohen,516,M45-49,Male,Foothill Ranch,CA,United States,US,0:43:57,2:48:57,1:50:21,0:05:14,0:05:42,5:34:11,2637,10137,6621,314,342,20051,494,425,45,1354,991,81,831,690,68,494,425,45,Finisher,2344
Joshua,Binkley,Joshua Binkley,482,M35-39,Male,Cleveland,TN,United States,US,0:45:29,2:30:24,2:10:00,0:04:02,0:04:23,5:34:18,2729,9024,7800,242,263,20058,495,426,56,1518,1111,140,368,330,49,495,426,56,Finisher,2225
Michele,Potter,Michele Potter,266,F60-64,Female,Clarksburg,MD,United States,US,0:38:27,2:40:52,2:05:30,0:04:08,0:05:27,5:34:23,2307,9652,7530,248,327,20063,496,70,3,626,157,4,452,59,2,496,70,3,Finisher,3263
Kristen,Pisone,Kristen Pisone,941,F25-29,Female,Falmouth,US-ME,United States,US,0:39:50,2:47:36,2:00:31,0:03:32,0:03:00,5:34:30,2390,10056,7231,212,180,20070,497,71,16,801,206,50,630,96,20,497,71,16,Finisher,2356
Michael,Scott,Michael Scott,297,M45-49,Male,West Chester,PENNSYLVANIA,United States,US,0:40:31,2:44:30,2:00:11,0:04:40,0:04:41,5:34:33,2431,9870,7211,280,281,20073,498,427,46,875,647,54,600,511,55,498,427,46,Finisher,2337
Jennifer,Burkhardt,Jennifer Burkhardt,2146,F45-49,Female,Harpers Ferry,West Virginia,United States,US,0:41:16,2:40:17,2:01:53,0:05:31,0:05:39,5:34:36,2476,9617,7313,331,339,20076,499,72,8,984,252,23,531,70,10,499,72,8,Finisher,2976
Colin,Hushon,Colin Hushon,1482,M18-24,Male,Mc Lean,VA,United States,US,0:39:10,2:57:36,1:44:01,0:06:13,0:07:35,5:34:36,2350,10656,6241,373,455,20076,500,428,74,721,544,103,961,799,120,500,428,74,Finisher,1685
Emilio Eduardo,Cura Castro,Emilio Eduardo Cura Castro,896,M45-49,Male,Pance,CO-VAC,Colombia,CO,0:42:12,2:38:04,2:04:11,0:03:54,0:06:16,5:34:37,2532,9484,7451,234,376,20077,501,429,47,1119,827,68,466,407,45,501,429,47,Finisher,2336
Tony ,Majewski,Tony Majewski,619,M40-44,Male,New York,NY,United States,US,0:37:49,2:52:21,1:49:55,0:07:36,0:07:04,5:34:46,2269,10341,6595,456,424,20086,502,430,47,556,415,39,816,679,70,502,430,47,Finisher,2167
Samantha,Davies,Samantha Davies,497,F40-44,Female,Tupper Lake,NY,United States,US,0:36:34,2:46:19,2:03:12,0:04:19,0:04:22,5:34:46,2194,9979,7392,259,262,20086,503,73,8,408,102,10,537,71,9,503,73,8,Finisher,2579
Rachael,Mallory,Rachael Mallory,2015,F35-39,Female,Rochester,NY,United States,US,0:32:50,2:51:58,2:01:30,0:03:29,0:05:12,5:35:00,1970,10318,7290,209,312,20100,504,74,15,160,38,8,561,78,14,504,74,15,Finisher,2438
Rich,Montgomery,Rich Montgomery,1636,M60-64,,,,United States,US,0:32:31,2:37:28,2:15:50,0:03:40,0:05:31,5:35:00,1951,9448,8150,220,331,20100,505,431,11,137,103,3,242,222,8,505,431,11,Finisher,2389
Michael,Stillman,Michael Stillman,1786,M45-49,Male,Waccabuc,US-NY,United States,US,0:37:30,2:53:02,1:50:54,0:04:59,0:08:39,5:35:04,2250,10382,6654,299,519,20104,506,432,48,514,384,31,756,635,65,506,432,48,Finisher,2328
Mitchell,Horrillo,Mitchell Horrillo,1976,M35-39,Male,ARLINGTON,VA,United States,US,0:39:22,2:47:36,1:57:32,0:05:09,0:05:34,5:35:14,2362,10056,7052,309,334,20114,507,433,57,745,558,68,663,559,69,507,433,57,Finisher,2208
Brandon,Ropp,Brandon Ropp,2512,M30-34,Male,Newark,Delaware,United States,US,0:38:22,2:44:01,2:04:01,0:04:36,0:04:14,5:35:14,2302,9841,7441,276,254,20114,508,434,69,613,459,75,530,461,73,508,434,69,Finisher,1946
Abby,Hendryx,Abby Hendryx,2282,F30-34,Female,MESA,AZ,United States,US,0:31:22,2:54:14,1:56:05,0:06:03,0:07:42,5:35:26,1882,10454,6965,363,462,20126,509,75,9,79,22,5,654,102,11,509,75,9,Finisher,2670
William,Lopez,William Lopez,417,M18-24,Male,Toughkenamon,PA,United States,US,0:44:05,2:37:08,2:04:23,0:05:30,0:04:21,5:35:26,2645,9428,7463,330,261,20126,510,435,75,1369,1001,177,522,453,71,510,435,75,Finisher,1670
Mia,Schloegel,Mia Schloegel,2194,F25-29,Female,Denver,CO,United States,US,0:34:47,2:41:50,2:10:05,0:03:34,0:05:14,5:35:30,2087,9710,7805,214,314,20130,511,76,17,254,66,22,379,40,11,511,76,17,Finisher,2338
Ronald,Brito,Ronald Brito,2290,M35-39,Male,ALLENTOWN,US-PA,Dominican Republic,DO,0:34:34,2:37:24,2:16:23,0:03:49,0:03:25,5:35:34,2074,9444,8183,229,205,20134,512,436,58,244,181,14,282,255,41,512,436,58,Finisher,2202
Sarah,Carruth,Sarah Carruth,1992,F45-49,Female,ARLINGTON,VA,United States,US,0:33:51,2:44:29,2:08:37,0:04:28,0:04:09,5:35:34,2031,9869,7717,268,249,20134,513,77,9,209,54,2,442,56,9,513,77,9,Finisher,2958
Leah,Yost,Leah Yost,1405,F30-34,Female,Cape May Court House,NJ,United States,US,0:37:58,2:55:41,1:52:46,0:05:15,0:03:58,5:35:37,2278,10541,6766,315,238,20137,514,78,10,569,147,30,848,144,17,514,78,10,Finisher,2667
Kj,Mazurek,Kj Mazurek,1028,M35-39,Male,Leonardo,NJ,United States,US,0:40:32,2:54:58,1:49:21,0:04:24,0:06:23,5:35:38,2432,10498,6561,264,383,20138,515,437,59,878,648,79,877,728,101,515,437,59,Finisher,2201
Lydia,Walter,Lydia Walter,2195,F30-34,Female,East Haddam,CT,United States,US,0:39:13,2:36:37,2:11:48,0:04:26,0:03:37,5:35:41,2353,9397,7908,266,217,20141,516,79,11,727,181,36,381,41,5,516,79,11,Finisher,2666
Keith,Hescock,Keith Hescock,2214,M40-44,Male,MECHANICSVLLE,VA,United States,US,0:40:54,2:33:07,2:06:49,0:06:44,0:08:08,5:35:42,2454,9187,7609,404,488,20142,517,438,48,930,687,63,397,352,42,517,438,48,Finisher,2150
William,Brantley,William Brantley,1470,M35-39,Male,NEW YORK,NY,United States,US,0:41:08,2:40:16,2:03:51,0:05:16,0:05:15,5:35:45,2468,9616,7431,316,315,20145,518,439,60,963,716,88,516,447,59,518,439,60,Finisher,2198
Kristen,Jahn,Kristen Jahn,1107,F35-39,Female,Lebanon ,New Hampshire,United States,US,0:42:30,2:46:45,1:56:33,0:04:38,0:05:22,5:35:48,2550,10005,6993,278,322,20148,519,80,16,1169,307,48,726,114,26,519,80,16,Finisher,2423
Penka,Lehne,Penka Lehne,792,F45-49,Female,Hamburg,,Germany,DE,0:43:25,2:45:02,1:59:31,0:03:47,0:04:03,5:35:48,2605,9902,7171,227,243,20148,520,81,10,1292,344,28,669,105,14,520,81,10,Finisher,2954
Austin,Day,Austin Day,1306,M18-24,Male,Gaithersburg,Maryland,United States,US,0:40:22,2:38:55,2:03:21,0:06:45,0:06:28,5:35:52,2422,9535,7401,405,388,20152,521,440,76,855,629,115,502,435,66,521,440,76,Finisher,1662
Winston ,Avil,Winston Avil,1506,M35-39,Male,New York,New York,United States,US,0:45:55,2:46:24,1:54:32,0:04:58,0:04:07,5:35:56,2755,9984,6872,298,247,20156,522,441,61,1561,1136,146,805,671,88,522,441,61,Finisher,2195
Austin,Williams,Austin Williams,1614,M25-29,Male,Haymarket,VA,United States,US,0:35:52,2:31:49,2:14:52,0:05:29,0:07:54,5:35:56,2152,9109,8092,329,474,20156,523,442,85,344,258,59,235,215,36,523,442,85,Finisher,2051
Christina ,Dorrer,Christina Dorrer,227,F50-54,Female,CROWNSVILLE,MD,United States,US,0:33:26,2:33:37,2:21:02,0:03:46,0:04:10,5:36:01,2006,9217,8462,226,250,20161,524,82,3,186,47,1,188,16,1,524,82,3,Finisher,3020
Nicolas,Lancheros,Nicolas Lancheros,1368,M30-34,Male,Norwalk,CT,Colombia,CO,0:44:35,2:45:52,1:54:09,0:05:40,0:06:02,5:36:18,2675,9952,6849,340,362,20178,525,443,70,1419,1036,156,779,656,103,525,443,70,Finisher,1927
Stuart,Markowitz,Stuart Markowitz,1532,M50-54,Male,Chalfont,PA,United States,US,0:34:37,2:40:54,2:12:13,0:04:23,0:04:11,5:36:19,2077,9654,7933,263,251,20179,526,444,25,246,183,6,367,329,26,526,444,25,Finisher,2439
Jack,Ferguson,Jack Ferguson,1959,M45-49,Male,Long Beach,NY,Iceland,IS,0:42:34,2:36:36,2:02:08,0:08:38,0:06:27,5:36:23,2554,9396,7328,518,387,20183,527,445,49,1176,869,73,550,475,48,527,445,49,Finisher,2304
David,Chung,David Chung,1300,M50-54,Male,Princeton,NJ,United States,US,0:44:51,2:23:10,2:17:28,0:06:48,0:04:20,5:36:38,2691,8590,8248,408,260,20198,528,446,26,1447,1055,71,268,243,20,528,446,26,Finisher,2433
Nderitu,Gatere,Nderitu Gatere,716,M25-29,Male,LOS ANGELES,CALIFORNIA,Kenya,KE,0:45:05,2:36:56,2:03:56,0:04:50,0:05:53,5:36:40,2705,9416,7436,290,353,20200,529,447,86,1473,1074,221,527,458,76,529,447,86,Finisher,2038
Warren,Miller,Warren Miller,1062,M50-54,Male,SALISBURY,MARYLAND,United States,US,0:32:05,2:50:29,2:04:20,0:04:41,0:05:11,5:36:45,1925,10229,7460,281,311,20205,530,448,27,115,85,2,538,467,37,530,448,27,Finisher,2431
Matthew,Liu,Matthew Liu,1019,M18-24,Male,Huntington,New York,United States,US,0:45:35,2:59:09,1:42:54,0:04:50,0:04:19,5:36:46,2735,10749,6174,290,259,20206,531,449,77,1524,1115,191,1160,940,143,531,449,77,Finisher,1646
Stuart,Sim,Stuart Sim,150,M18-24,Male,Maplewood,NJ,United States,US,0:42:30,2:39:07,2:03:51,0:06:56,0:04:23,5:36:47,2550,9547,7431,416,263,20207,532,450,78,1167,861,151,574,494,76,532,450,78,Finisher,1645
Farhad,Baqi,Farhad Baqi,1896,M30-34,Male,Smyrna,Delaware,United States,US,0:41:00,2:46:26,1:57:28,0:06:23,0:05:34,5:36:50,2460,9986,7048,383,334,20210,533,451,71,946,702,120,723,610,97,533,451,71,Finisher,1918
Ben,Jones,Ben Jones,2244,M40-44,Male,Alexandria,Virginia,United States,US,0:40:41,2:40:55,2:06:43,0:03:49,0:04:46,5:36:54,2441,9655,7603,229,286,20214,534,452,49,899,665,60,489,427,51,534,452,49,Finisher,2129
Leonardo,Martins,Leonardo Martins,395,M60-64,Male,Takoma Park,Maryland,Barbados,BB,0:39:00,2:39:08,2:07:14,0:05:52,0:05:53,5:37:06,2340,9548,7634,352,353,20226,535,453,12,688,519,14,462,403,15,535,453,12,Finisher,2351
Robert,Leder,Robert Leder,615,M50-54,Male,Doylestown,PA,United States,US,0:40:54,2:31:57,2:14:57,0:04:38,0:04:42,5:37:09,2454,9117,8097,278,282,20229,536,454,28,931,688,42,316,285,24,536,454,28,Finisher,2424
Bailey,Lutz ,Bailey Lutz,1731,M18-24,Male,Dillsburg ,Pennsylvania,United States,US,0:42:35,2:58:43,1:47:36,0:04:35,0:03:49,5:37:18,2555,10723,6456,275,229,20238,537,455,79,1180,870,153,1039,859,131,537,455,79,Finisher,1636
Thomas,Smith,Thomas Smith,1754,M30-34,Male,Arlington,Virginia,United States,US,0:36:11,2:48:07,2:02:20,0:05:43,0:05:03,5:37:23,2171,10087,7340,343,303,20243,538,456,72,372,280,42,609,519,83,538,456,72,Finisher,1908
Sara,Christ,Sara Christ,398,F18-24,Female,Houston,TX,United States,US,0:40:29,2:41:42,2:06:34,0:04:24,0:04:14,5:37:23,2429,9702,7594,264,254,20243,539,83,12,869,228,34,511,69,6,539,83,12,Finisher,2353
Carter,Norton,Carter Norton,2126,M18-24,Male,Lewes,Delaware,United States,US,0:37:24,2:47:58,2:00:58,0:06:02,0:05:05,5:37:27,2244,10078,7258,362,305,20247,540,457,80,499,373,76,644,546,87,540,457,80,Finisher,1633
Kasey,Baumgart,Kasey Baumgart,613,M25-29,Male,Sparrows Point,MD,United States,US,0:36:13,2:45:07,2:06:53,0:05:21,0:03:57,5:37:30,2173,9907,7613,321,237,20250,541,458,87,376,282,63,518,449,75,541,458,87,Finisher,2023
David,Meinhardt,David Meinhardt,1522,M30-34,Male,MECHANICSVLLE,MD,United States,US,0:36:08,2:35:26,2:14:12,0:07:01,0:04:49,5:37:36,2168,9326,8052,421,289,20256,542,459,73,368,276,41,334,302,52,542,459,73,Finisher,1904
Katherine,Sullivan,Katherine Sullivan,972,F25-29,Female,Boston,MA,United States,US,0:42:59,2:50:28,1:51:56,0:05:11,0:07:02,5:37:37,2579,10228,6716,311,422,20257,543,84,18,1239,330,76,844,143,26,543,84,18,Finisher,2300
Christopher,Del Grosso,Christopher Del Grosso,1283,M35-39,Male,Pennington,New Jersey,United States,US,0:42:33,2:48:27,1:55:43,0:05:01,0:05:57,5:37:41,2553,10107,6943,301,357,20261,544,460,62,1174,867,111,773,650,82,544,460,62,Finisher,2164
Brent,Lewis,Brent Lewis,2303,M55-59,Male,Lancaster,PA,United States,US,0:44:44,2:25:28,2:15:09,0:06:45,0:05:36,5:37:42,2684,8728,8109,405,336,20262,545,461,19,1434,1045,64,300,271,16,545,461,19,Finisher,2402
Nicholas,Skacel,Nicholas Skacel,738,M25-29,Male,Reston,VIRGINIA,United States,US,0:32:56,3:02:59,1:52:11,0:04:50,0:04:53,5:37:50,1976,10979,6731,290,293,20270,546,462,88,166,127,34,902,749,138,546,462,88,Finisher,2017
Kimberly,Dietrick,Kimberly Dietrick,152,F50-54,Female,MALVERN,PA,United States,US,0:39:10,2:42:10,2:08:20,0:03:57,0:04:23,5:38:00,2350,9730,7700,237,263,20280,547,85,4,721,178,6,487,62,4,547,85,4,Finisher,2984
Pierce ,Washburn,Pierce Washburn,319,M25-29,Male,Towson,Maryland,United States,US,0:36:05,2:49:16,2:04:05,0:04:15,0:04:26,5:38:07,2165,10156,7445,255,266,20287,548,463,89,365,273,62,598,510,92,548,463,89,Finisher,2012
Monica,Austin,Monica Austin,803,F40-44,Female,KAILUA,HI,United States,US,0:42:00,2:39:19,2:06:53,0:05:04,0:04:52,5:38:08,2520,9559,7613,304,292,20288,549,86,9,1093,287,26,507,68,8,549,86,9,Finisher,2518
Blake,Dickler,Blake Dickler,1229,M30-34,Male,Washington,US-DC,United States,US,0:37:12,3:03:00,1:45:48,0:07:33,0:04:34,5:38:08,2232,10980,6348,453,274,20288,550,464,74,478,358,56,1105,900,142,550,464,74,Finisher,1894
Ethan,Maymir,Ethan Maymir,2520,M25-29,Male,Washington,DC,United States,US,0:43:54,2:51:26,1:51:52,0:06:50,0:04:09,5:38:11,2634,10286,6712,410,249,20291,551,465,90,1350,988,197,941,783,145,551,465,90,Finisher,2011
James,Tyree,James Tyree,1407,M40-44,Male,Falls Church,Virginia,United States,US,0:42:57,2:39:04,2:02:52,0:06:18,0:07:08,5:38:19,2577,9544,7372,378,428,20299,552,466,50,1229,902,85,563,485,54,552,466,50,Finisher,2103
Coryn,Vanderwall,Coryn Vanderwall,1474,F50-54,Female,Cary,NC,United States,US,0:44:47,2:43:51,1:53:25,0:07:56,0:08:20,5:38:20,2687,9831,6805,476,500,20300,553,87,5,1441,391,21,790,129,9,553,87,5,Finisher,2978
Collin,Hassay,Collin Hassay,2142,M18-24,Male,Cape May,NJ,United States,US,0:52:53,2:41:49,1:55:50,0:03:59,0:03:51,5:38:22,3173,9709,6950,239,231,20302,554,467,81,2008,1432,229,846,703,106,554,467,81,Finisher,1617
Nikita,Korovin,Nikita Korovin,2367,M30-34,Male,Falmouth,VA,United States,US,0:40:38,2:24:21,2:23:49,0:04:48,0:04:48,5:38:24,2438,8661,8629,288,288,20304,555,468,75,892,660,111,171,157,22,555,468,75,Finisher,1889
Charles,Aguilar,Charles Aguilar,327,M30-34,Male,Arlington,Virginia,United States,US,0:46:52,2:52:47,1:46:24,0:05:12,0:07:09,5:38:24,2812,10367,6384,312,429,20304,556,469,76,1649,1193,183,1003,833,134,556,469,76,Finisher,1889
Megan,Rymdeko-Harvey,Megan Rymdeko-Harvey,642,F30-34,Female,Purcellville,VA,United States,US,0:37:55,2:53:05,2:00:36,0:03:27,0:03:27,5:38:30,2275,10385,7236,207,207,20310,557,88,12,564,145,29,740,116,13,557,88,12,Finisher,2615
Paulo,Jesus,Paulo Jesus,870,M50-54,Male,Apopka,FL,Brazil,BR,0:46:34,2:35:05,2:05:02,0:04:58,0:06:55,5:38:34,2794,9305,7502,298,415,20314,558,470,29,1623,1177,79,513,444,32,558,470,29,Finisher,2399
Riley,Hothem,Riley Hothem,2099,M30-34,Male,Washington,DC,United States,US,0:41:52,2:54:05,1:53:27,0:04:47,0:04:27,5:38:38,2512,10445,6807,287,267,20318,559,471,77,1070,792,131,900,747,117,559,471,77,Finisher,1885
Christopher,Noll,Christopher Noll,210,M35-39,Male,FARMINGVILLE,NY,United States,US,0:36:32,2:33:00,2:21:52,0:04:08,0:03:17,5:38:49,2192,9180,8512,248,197,20329,560,472,63,404,303,30,244,224,37,560,472,63,Finisher,2143
Byungjoong,Kim,Byungjoong Kim,2109,M40-44,Male,Oradell,NJ,United States,US,0:38:31,2:38:02,2:11:48,0:05:44,0:04:45,5:38:51,2311,9482,7908,344,285,20331,561,473,51,633,475,45,436,383,45,561,473,51,Finisher,2093
Jonathan,Baracat ,Jonathan Baracat,1441,M25-29,Male,Alexandria,Virginia,El Salvador,SV,0:53:18,2:45:39,1:46:26,0:06:42,0:06:54,5:38:59,3198,9939,6386,402,414,20339,562,474,91,2025,1442,295,1026,848,157,562,474,91,Finisher,1996
Sam,Sunderland,Sam Sunderland,993,M18-24,Male,Nelliston,NY,United States,US,0:35:45,3:05:04,1:47:17,0:05:42,0:05:12,5:39:00,2145,11104,6437,342,312,20340,563,475,82,334,248,57,1057,871,134,563,475,82,Finisher,1605
Damián,Maffioletti,Damián Maffioletti,1870,M25-29,Male,Hyttsville,MARYLAND,Chile,CL,0:42:56,2:41:14,2:04:48,0:04:16,0:05:54,5:39:08,2576,9674,7488,256,354,20348,564,476,92,1226,900,178,569,490,88,564,476,92,Finisher,1994
Austin,Hay,Austin Hay,1603,M35-39,Male,ARLINGTON,US-VA,United States,US,0:44:32,2:42:50,1:57:42,0:10:43,0:03:23,5:39:11,2672,9770,7062,643,203,20351,565,477,64,1415,1034,133,829,688,93,565,477,64,Finisher,2137
Corwin,Ang,Corwin Ang,367,M50-54,Male,MISSISSAUGA,ON,Canada,CA,0:41:49,2:40:54,2:08:12,0:03:58,0:04:19,5:39:13,2509,9654,7692,238,259,20353,566,478,30,1060,784,48,519,450,35,566,478,30,Finisher,2387
Sebastian,Kressley,Sebastian Kressley,791,M30-34,Male,Greenville,NC,United States,US,0:39:03,2:39:46,2:04:59,0:07:06,0:08:24,5:39:18,2343,9586,7499,426,504,20358,567,479,78,701,530,90,500,434,69,567,479,78,Finisher,1873
Julian,Conn Busch,Julian Conn Busch,261,M30-34,Male,PHILADELPHIA,PA,United States,US,0:39:00,2:50:22,1:57:42,0:06:43,0:05:37,5:39:25,2340,10222,7062,403,337,20365,568,480,79,687,518,88,777,654,102,568,480,79,Finisher,1871
David,Choi,David Choi,1326,M30-34,Male,Lynchburg,Virginia,United States,US,0:44:37,2:48:23,1:51:32,0:09:25,0:05:35,5:39:31,2677,10103,6692,565,335,20371,569,481,80,1424,1039,158,949,790,124,569,481,80,Finisher,1869
Carrie,Evans Wilson,Carrie Evans Wilson,2529,F40-44,Female,LITITZ,PA,United States,US,0:34:12,2:54:35,1:58:20,0:07:28,0:04:59,5:39:34,2052,10475,7100,448,299,20374,570,89,10,228,60,7,783,126,16,570,89,10,Finisher,2492
Sean,McCreesh,Sean McCreesh,1212,M35-39,Male,Philadelphia,Pennsylvania,United States,US,0:35:50,3:06:02,1:47:14,0:05:22,0:05:09,5:39:36,2150,11162,6434,322,309,20376,571,482,65,340,254,24,1085,887,125,571,482,65,Finisher,2129
Thomas,Stone,Thomas Stone,759,M25-29,Male,Glastonbury,Connecticut,United States,US,0:43:21,2:53:11,1:52:41,0:05:42,0:04:48,5:39:44,2601,10391,6761,342,288,20384,572,483,93,1289,947,190,942,784,146,572,483,93,Finisher,1983
Simon,Machalek,Simon Machalek,1183,M30-34,Male,Arlington,Virginia,United States,US,0:44:41,2:52:08,1:53:13,0:05:33,0:04:16,5:39:51,2681,10328,6793,333,256,20391,573,484,81,1428,1041,159,947,788,123,573,484,81,Finisher,1863
Rishi,Nangia,Rishi Nangia,1912,M50-54,Male,FALLS CHURCH,VA,United States,US,0:43:36,2:42:12,2:00:17,0:06:35,0:07:18,5:39:59,2616,9732,7217,395,438,20399,574,485,31,1315,965,64,675,569,44,574,485,31,Finisher,2373
Blase,Szyszko,Blase Szyszko,1318,M35-39,Male,Holmdel,NJ,United States,US,0:30:12,2:45:22,2:15:25,0:04:47,0:04:16,5:40:03,1812,9922,8125,287,256,20403,575,486,66,48,39,1,387,344,50,575,486,66,Finisher,2121
Eric,Hutter,Eric Hutter,1582,M35-39,Male,Fredericksburg,US-VA,United States,US,0:42:04,2:47:16,2:00:28,0:04:40,0:05:40,5:40:08,2524,10036,7228,280,340,20408,576,487,67,1099,811,104,729,615,74,576,487,67,Finisher,2120
Mac ,Mclaughlin,Mac Mclaughlin,1184,M25-29,Male,Conshohocken,PA,United States,US,0:44:26,2:41:09,2:04:40,0:05:43,0:04:19,5:40:17,2666,9669,7480,343,259,20417,577,488,94,1409,1032,210,641,543,101,577,488,94,Finisher,1973
Alexander,Mcpherson,Alexander Mcpherson,352,M65-69,Male,SOUTH BEND,IN,United States,US,0:42:47,2:33:26,2:05:36,0:10:34,0:07:55,5:40:18,2567,9206,7536,634,475,20418,578,489,3,1205,887,11,525,456,6,578,489,3,Finisher,3253
Douglas,Cahn,Douglas Cahn,248,M60-64,Male,East Atlantic Beach,NY,United States,US,0:43:03,2:31:22,2:12:51,0:05:59,0:07:03,5:40:19,2583,9082,7971,359,423,20419,579,490,13,1249,916,22,389,346,12,579,490,13,Finisher,2293
Rollo,Lutz,Rollo Lutz,1752,M30-34,Male,Reston,VA,United States,US,0:39:33,2:49:35,2:03:56,0:03:48,0:03:29,5:40:21,2373,10175,7436,228,209,20421,580,491,82,763,572,95,697,588,93,580,491,82,Finisher,1854
Ben,Litke,Ben Litke,1894,M35-39,Male,Raleigh,NC,United States,US,0:38:16,2:51:38,1:55:25,0:06:13,0:08:54,5:40:26,2296,10298,6925,373,534,20426,581,492,68,607,453,47,778,655,83,581,492,68,Finisher,2114
Macrae,Hanke,Macrae Hanke,2011,M25-29,Male,Alexandria,Virginia,United States,US,0:35:38,2:36:13,2:18:52,0:05:20,0:04:25,5:40:28,2138,9373,8332,320,265,20428,582,493,95,324,241,54,305,276,45,582,493,95,Finisher,1970
John,Stanley,John Stanley,2037,M55-59,Male,mansfield,NJ,United States,US,0:43:46,2:44:07,1:58:04,0:06:30,0:08:04,5:40:30,2626,9847,7084,390,484,20430,583,494,20,1337,979,60,736,621,33,583,494,20,Finisher,2351
Olga,Starikova,Olga Starikova,1256,F45-49,Female,WINFIELD,US-IL,United States,US,0:38:15,2:38:20,2:16:09,0:04:07,0:03:39,5:40:30,2295,9500,8169,247,219,20430,584,90,11,605,154,14,393,45,6,584,90,11,Finisher,2870
Christian,Forster,Christian Forster,2223,M45-49,Male,Madison,NJ,United States,US,0:42:27,2:41:07,2:07:15,0:04:52,0:04:50,5:40:31,2547,9667,7635,292,290,20431,585,495,50,1160,856,69,570,491,50,585,495,50,Finisher,2230
Stephen,Hanrahan,Stephen Hanrahan,2389,M30-34,Male,Washington,DC,United States,US,0:34:43,2:41:00,2:04:36,0:10:52,0:09:24,5:40:35,2083,9660,7476,652,564,20435,586,496,83,250,185,28,510,442,70,586,496,83,Finisher,1850
Don,Cain,Don Cain,225,M65-69,Male,Westerville,OH,United States,US,0:41:08,2:34:39,2:16:21,0:04:01,0:04:36,5:40:43,2468,9279,8181,241,276,20443,587,497,4,962,715,8,358,322,2,587,497,4,Finisher,3245
Cortney,Mittelsteadt,Cortney Mittelsteadt,2145,M50-54,Male,Wayland,Massachusetts,United States,US,0:42:03,2:39:35,2:06:35,0:06:09,0:06:21,5:40:44,2523,9575,7595,369,381,20444,588,498,32,1096,808,50,549,474,38,588,498,32,Finisher,2360
Nestor,Sanchez,Nestor Sanchez,1597,M40-44,Male,Branchburg,NJ,Venezuela,VE,0:41:30,2:43:49,2:01:36,0:08:22,0:05:35,5:40:51,2490,9829,7296,502,335,20451,589,499,52,1016,754,69,720,608,61,589,499,52,Finisher,2057
Christopher,Cottone,Christopher Cottone,882,M25-29,Male,Bel Air,MD,United States,US,0:40:23,2:42:21,2:09:04,0:05:01,0:04:10,5:40:58,2423,9741,7744,301,250,20458,590,500,96,858,632,130,548,473,82,590,500,96,Finisher,1961
Carson,Wolf,Carson Wolf,1931,M25-29,Male,Hyattsville,Maryland,United States,US,0:38:32,2:50:43,2:02:32,0:04:57,0:04:20,5:41:04,2312,10243,7352,297,260,20464,591,501,97,636,478,103,732,617,118,591,501,97,Finisher,1959
Holly,Greenleaf,Holly Greenleaf,264,F25-29,Female,Silver Spring,MD,United States,US,0:31:58,2:43:32,2:11:27,0:07:35,0:06:34,5:41:06,1918,9812,7887,455,394,20466,592,91,19,106,30,12,448,58,15,592,91,19,Finisher,2237
Jeffrey,Meersman,Jeffrey Meersman,1162,M18-24,Male,West Allis,WI,United States,US,0:37:46,2:37:25,2:16:03,0:04:48,0:05:05,5:41:07,2266,9445,8163,288,305,20467,593,502,83,549,410,79,369,331,43,593,502,83,Finisher,1567
George,Roose,George Roose,2308,M25-29,Male,Warwick,MD,United States,US,0:46:49,2:39:46,2:06:29,0:04:03,0:04:02,5:41:10,2809,9586,7589,243,242,20470,594,503,98,1645,1190,242,624,530,97,594,503,98,Finisher,1957
Umang,Lathia,Umang Lathia,2521,M30-34,Male,New York,NY,United States,US,0:39:02,2:54:24,1:56:19,0:06:31,0:04:54,5:41:10,2342,10464,6979,391,294,20470,595,504,84,694,525,89,879,730,113,595,504,84,Finisher,1840
Alexander,Rymdeko-Harvey,Alexander Rymdeko-Harvey,616,M35-39,Male,purcellville,VA,United States,US,0:39:01,2:49:47,2:05:13,0:03:33,0:03:40,5:41:15,2341,10187,7513,213,220,20475,596,505,69,692,523,62,673,567,70,596,505,69,Finisher,2099
Ryan,Greenberg,Ryan Greenberg,186,M35-39,Male,Millersville,MD,United States,US,0:39:11,2:37:46,2:12:09,0:06:22,0:05:49,5:41:15,2351,9466,7929,382,349,20475,597,506,70,723,545,66,451,393,54,597,506,70,Finisher,2099
Alan,Schuster,Alan Schuster,136,M18-24,Male,Yorktown,Virginia,United States,US,0:40:53,2:45:28,2:06:55,0:04:48,0:03:14,5:41:19,2453,9928,7615,288,194,20479,598,507,84,929,686,124,633,537,84,598,507,84,Finisher,1564
Alberto,Ortiz,Alberto Ortiz,918,M50-54,Male,Naples,FL,United States,US,0:33:47,2:55:29,2:00:12,0:06:34,0:05:22,5:41:23,2027,10529,7212,394,322,20483,599,508,33,203,152,4,766,644,53,599,508,33,Finisher,2348
James,Carrington,James Carrington,2131,M18-24,Male,Minneapolis,Minnesota,United States,US,0:42:13,2:42:43,2:03:13,0:08:04,0:05:26,5:41:38,2533,9763,7393,484,326,20498,600,509,85,1122,829,141,702,593,97,600,509,85,Finisher,1558
Neil,Moloney,Neil Moloney,919,M35-39,Male,Mount Laurel Township,NEW JERSEY,United States,US,0:35:57,2:29:01,2:28:19,0:03:45,0:04:40,5:41:42,2157,8941,8899,225,280,20502,601,510,71,349,262,25,151,139,22,601,510,71,Finisher,2091
Kathy,Daunt,Kathy Daunt,451,F55-59,Female,New Smyrna Beach,US-FL,United States,US,0:41:15,3:02:58,1:47:34,0:05:26,0:04:32,5:41:46,2475,10978,6454,326,272,20506,602,92,4,979,250,9,1164,223,11,602,92,4,Finisher,2822
Colleen,Jurgens,Colleen Jurgens,1411,F35-39,Female,Herndon,Virginia,United States,US,0:36:43,2:46:06,2:03:40,0:06:50,0:08:38,5:41:58,2203,9966,7420,410,518,20518,603,93,17,422,108,15,599,89,18,603,93,17,Finisher,2312
Jake,Phillips,Jake Phillips,1467,M25-29,Male,Niskayuna,New York,United States,US,0:40:58,3:02:19,1:47:35,0:05:47,0:05:23,5:42:02,2458,10939,6455,347,323,20522,604,511,99,943,699,140,1142,927,173,604,511,99,Finisher,1941
Max,Noddings,Max Noddings,468,M25-29,Male,Lexington Park,Maryland,United States,US,0:43:14,2:53:46,1:56:35,0:03:44,0:04:54,5:42:13,2594,10426,6995,224,294,20533,605,512,100,1270,932,185,899,746,137,605,512,100,Finisher,1938
Joseph,Gregory,Joseph Gregory,1781,M30-34,Male,Virginia Beach,Virginia,United States,US,0:44:57,2:36:06,2:10:59,0:04:50,0:05:32,5:42:25,2697,9366,7859,290,332,20545,606,513,85,1453,1059,163,497,432,68,606,513,85,Finisher,1817
Reece,Meyers,Reece Meyers,609,M18-24,Male,Grand Haven,MI,United States,US,0:39:36,2:59:33,1:55:09,0:04:17,0:03:50,5:42:25,2376,10773,6909,257,230,20545,607,514,86,772,579,110,975,812,123,607,514,86,Finisher,1544
Adam,Wacenske,Adam Wacenske,2454,M35-39,Male,Brooklyn,NY,United States,US,0:41:09,2:49:05,1:53:12,0:10:15,0:08:45,5:42:26,2469,10145,6792,615,525,20546,608,515,72,966,719,89,896,743,102,608,515,72,Finisher,2078
Kevin,Beaudette,Kevin Beaudette,408,M40-44,Male,Ottawa,Ontario,Canada,CA,0:35:25,2:53:29,1:57:20,0:08:39,0:07:35,5:42:28,2125,10409,7040,519,455,20548,609,516,53,302,227,23,812,676,69,609,516,53,Finisher,2028
Michael,Alter,Michael Alter,96,M55-59,Male,CAPE ELIZABETH,ME,United States,US,0:41:21,2:46:16,2:04:25,0:05:31,0:05:04,5:42:39,2481,9976,7465,331,304,20559,610,517,21,994,739,42,705,595,31,610,517,21,Finisher,2312
Aston,Dommel,Aston Dommel,282,M35-39,Male,Lebanon,Pennsylvania,United States,US,0:39:01,2:48:42,2:05:07,0:05:42,0:04:08,5:42:40,2341,10122,7507,342,248,20560,611,518,73,691,522,61,713,602,72,611,518,73,Finisher,2074
Alison,Kreideweis,Alison Kreideweis,2408,F40-44,Female,Woodcliff Lake ,New Jersey,United States,US,0:34:07,2:49:57,2:11:26,0:03:14,0:03:56,5:42:40,2047,10197,7886,194,236,20560,612,94,11,224,58,5,540,72,10,612,94,11,Finisher,2436
Bailey,Banta,Bailey Banta,2288,M30-34,Male,Arlington,VA,United States,US,0:40:32,2:47:16,2:01:55,0:07:04,0:06:02,5:42:49,2432,10036,7315,424,362,20569,613,519,86,880,650,109,748,629,100,613,519,86,Finisher,1810
Jacob,Ojalvo,Jacob Ojalvo,1038,M30-34,Male,New York,New York,United States,US,0:52:28,2:50:41,1:48:39,0:05:49,0:05:39,5:43:16,3148,10241,6519,349,339,20596,614,520,87,1991,1418,221,1139,925,145,614,520,87,Finisher,1802
Andrew,Burkhardt,Andrew Burkhardt,1303,M25-29,Male,Severn,Maryland,United States,US,0:42:49,2:32:14,2:16:38,0:05:40,0:05:59,5:43:20,2569,9134,8198,340,359,20600,615,521,101,1211,892,175,394,349,57,615,521,101,Finisher,1918
Kenny,Williams,Kenny Williams,753,M35-39,Male,Clark,NJ,United States,US,0:40:19,2:46:17,1:57:35,0:10:20,0:08:50,5:43:21,2419,9977,7055,620,530,20601,616,522,74,851,625,76,794,664,85,616,522,74,Finisher,2062
Chris,Garrison,Chris Garrison,540,M40-44,Male,VALRICO,FL,United States,US,0:39:59,2:46:52,2:05:26,0:06:09,0:04:57,5:43:23,2399,10012,7526,369,297,20603,617,523,54,821,608,55,701,592,59,617,523,54,Finisher,2012
Kevin,Bradley,Kevin Bradley,2136,M30-34,Male,Philadelphia,PA,United States,US,0:36:48,2:45:13,2:10:06,0:05:54,0:05:33,5:43:34,2208,9913,7806,354,333,20614,618,524,88,428,319,47,553,477,75,618,524,88,Finisher,1796
Val,Allen,Val Allen,388,F55-59,Female,Cornwall,ON,Canada,CA,0:42:41,2:32:55,2:18:23,0:04:49,0:04:50,5:43:38,2561,9175,8303,289,290,20618,619,95,5,1194,316,14,390,44,2,619,95,5,Finisher,2788
Biz,Beirnes,Biz Beirnes,104,F45-49,Female,Miami,FL,United States,US,0:34:33,2:48:35,2:10:39,0:04:30,0:05:27,5:43:44,2073,10115,7839,270,327,20624,620,96,12,242,63,4,545,74,11,620,96,12,Finisher,2811
Rob,Panetta,Rob Panetta,1773,M25-29,Male,Glen Mills,Pennsylvania,United States,US,0:43:30,2:48:47,2:01:28,0:05:01,0:05:03,5:43:48,2610,10127,7288,301,303,20628,621,525,102,1303,955,193,806,672,125,621,525,102,Finisher,1910
Laura,Snyder,Laura Snyder,197,F45-49,Female,Oro Valley,AZ,United States,US,0:41:06,2:51:31,2:00:23,0:04:37,0:06:13,5:43:51,2466,10291,7223,277,373,20631,622,97,13,960,246,22,804,134,18,622,97,13,Finisher,2809
Adam,Rocap,Adam Rocap,1954,M45-49,Male,Silver Spring,MD,United States,US,0:42:59,2:47:22,2:03:12,0:05:12,0:05:08,5:43:54,2579,10042,7392,312,308,20634,623,526,51,1238,909,75,760,638,66,623,526,51,Finisher,2169
Shirley,Wang,Shirley Wang,1740,F30-34,Female,Philadelphia,PA,United States,US,0:39:38,2:59:37,1:54:34,0:04:50,0:05:16,5:43:55,2378,10777,6874,290,316,20635,624,98,13,776,195,37,988,167,23,624,98,13,Finisher,2517
Scott,Newcomb,Scott Newcomb,1630,M50-54,Male,Narbertg,PENNSYLVANIA,United States,US,0:41:51,2:39:32,2:09:12,0:05:15,0:08:16,5:44:05,2511,9572,7752,315,496,20645,625,527,34,1067,790,49,514,445,33,625,527,34,Finisher,2299
Carson,Capwell,Carson Capwell,2185,M35-39,Male,West Chester,PA,United States,US,0:38:30,2:46:08,2:08:24,0:05:09,0:06:00,5:44:12,2310,9968,7704,309,360,20652,626,528,75,631,473,51,602,513,64,626,528,75,Finisher,2046
Gaia,Gregori,Gaia Gregori,71,F25-29,Female,Postojna,POSTOJNA,Slovenia,SI,0:41:28,2:34:57,2:19:16,0:03:56,0:04:41,5:44:18,2488,9297,8356,236,281,20658,627,99,20,1011,262,58,385,43,13,627,99,20,Finisher,2180
Julia,Wilson,Julia Wilson,1221,F30-34,Female,Portland,Maine,United States,US,0:29:46,2:56:47,2:08:10,0:04:37,0:05:17,5:44:37,1786,10607,7690,277,317,20677,628,100,14,35,6,1,634,97,10,628,100,14,Finisher,2505
Matthew,Quick,Matthew Quick,1021,M40-44,Male,Arlington,VA,United States,US,0:43:43,2:47:12,2:01:34,0:05:41,0:06:30,5:44:40,2623,10032,7294,341,390,20680,629,529,55,1334,976,91,791,662,65,629,529,55,Finisher,1989
Francisco,Garcia,Francisco Garcia,2380,M30-34,Male,Moseley,Virginia,United States,US,0:49:56,2:28:44,2:13:14,0:06:00,0:06:46,5:44:41,2996,8924,7994,360,406,20681,630,530,89,1867,1337,212,479,419,65,630,530,89,Finisher,1776
Bruno,Solis,Bruno Solis,675,M40-44,Male,escazu,san jose,Costa Rica,CR,0:49:41,2:50:25,1:52:29,0:05:38,0:06:28,5:44:41,2981,10225,6749,338,388,20681,631,531,56,1849,1323,118,1028,850,85,631,531,56,Finisher,1988
Tim,Dillinger,Tim Dillinger,758,M35-39,Male,Raleigh,North Carolina,United States,US,0:43:36,2:46:16,2:06:01,0:04:43,0:04:07,5:44:43,2616,9976,7561,283,247,20683,632,532,76,1318,967,125,743,625,76,632,532,76,Finisher,2037
Kelly,Paone,Kelly Paone,1178,F30-34,Female,Conshohocken,PA,United States,US,0:36:38,2:56:50,2:02:38,0:04:07,0:04:34,5:44:47,2198,10610,7358,247,274,20687,633,101,15,414,105,17,813,137,16,633,101,15,Finisher,2502
Ryan,Luby,Ryan Luby,1321,M30-34,Male,SEYMOUR,CT,United States,US,0:40:13,2:55:45,1:56:10,0:06:40,0:06:00,5:44:49,2413,10545,6970,400,360,20689,634,533,90,844,621,105,952,792,125,634,533,90,Finisher,1774
Nick,Kislowski,Nick Kislowski,879,M25-29,Male,New York,NY,United States,US,0:37:47,2:55:42,1:56:49,0:08:30,0:06:15,5:45:04,2267,10542,7009,510,375,20704,635,534,103,552,412,91,934,776,142,635,534,103,Finisher,1887
Sam,Lovern,Sam Lovern,491,M18-24,Male,Shorewood,Wisconsin,United States,US,0:46:37,2:49:49,1:59:34,0:05:35,0:03:29,5:45:05,2797,10189,7174,335,209,20705,636,535,87,1629,1181,205,937,779,118,636,535,87,Finisher,1496
Thomas,Gross,Thomas Gross,2134,M25-29,Male,Greenville,South Carolina,United States,US,0:47:05,2:39:52,2:07:36,0:05:29,0:05:09,5:45:11,2825,9592,7656,329,309,20711,637,536,104,1670,1208,245,676,570,104,637,536,104,Finisher,1885
Matthew,Schneider,Matthew Schneider,2496,M40-44,Male,Leesburg,VA,United States,US,0:39:20,2:35:24,2:20:18,0:05:32,0:04:40,5:45:14,2360,9324,8418,332,280,20714,638,537,57,742,555,50,382,341,40,638,537,57,Finisher,1979
Keelyn,Roberts,Keelyn Roberts,622,M40-44,Male,Ashburn,VA,United States,US,0:46:42,3:00:00,1:49:19,0:03:59,0:05:19,5:45:18,2802,10800,6559,239,319,20718,639,538,58,1635,1185,105,1191,964,96,639,538,58,Finisher,1977
Damarys,Sandoval,Damarys Sandoval,570,F45-49,Female,DORAL,FL,Venezuela,VE,0:42:52,2:47:11,2:08:07,0:03:37,0:03:32,5:45:19,2572,10031,7687,217,212,20719,640,102,14,1218,324,26,719,112,16,640,102,14,Finisher,2783
Jacob,Casey,Jacob Casey,921,M18-24,Male,Frederick,Maryland,United States,US,0:42:13,2:53:43,1:57:30,0:05:23,0:06:32,5:45:21,2533,10423,7050,323,392,20721,641,539,88,1123,830,142,917,759,114,641,539,88,Finisher,1491
Derek,Karsten,Derek Karsten,644,M35-39,Male,Ephrata,PA,United States,US,0:45:38,2:46:35,2:00:53,0:06:03,0:06:22,5:45:30,2738,9995,7253,363,382,20730,642,540,77,1530,1119,141,835,694,94,642,540,77,Finisher,2023
Ryan,Cartelli,Ryan Cartelli,645,M25-29,Male,Madison,CT,United States,US,0:39:10,2:40:52,2:17:03,0:04:07,0:04:23,5:45:36,2350,9652,8223,247,263,20736,643,541,105,720,543,114,465,406,71,643,541,105,Finisher,1877
Ivan,Boyarskiy,Ivan Boyarskiy,2471,M30-34,Male,Leesburg,Virginia,United States,US,0:33:53,3:10:18,1:48:45,0:07:46,0:05:06,5:45:48,2033,11418,6525,466,306,20748,644,542,91,213,159,24,1226,987,149,644,542,91,Finisher,1756
Nathan,Spicher,Nathan Spicher,1533,M30-34,Male,Baltimore,Maryland,United States,US,0:48:30,2:45:23,1:58:25,0:07:08,0:06:24,5:45:50,2910,9923,7105,428,384,20750,645,543,92,1777,1277,197,909,752,119,645,543,92,Finisher,1756
Nicole ,Urbanski,Nicole Urbanski,199,F50-54,Female,SHEPHERDSTOWN,WV,United States,US,0:39:51,2:43:32,2:12:45,0:03:56,0:05:48,5:45:52,2391,9812,7965,236,348,20752,646,103,6,805,207,8,541,73,5,646,103,6,Finisher,2843
James,Daniel Jaro,James Daniel Jaro,766,M45-49,Male,MIDDLE VLG,NY,United States,US,0:48:52,2:37:07,2:09:09,0:04:12,0:06:32,5:45:52,2932,9427,7749,252,392,20752,647,544,52,1803,1296,102,615,524,58,647,544,52,Finisher,2133
Jessica,Bowen,Jessica Bowen,1076,F35-39,Female,Washington,US-DC,United States,US,0:30:58,2:52:18,2:12:26,0:05:21,0:04:49,5:45:52,1858,10338,7946,321,289,20752,648,104,18,65,15,2,575,81,16,648,104,18,Finisher,2242
Brendan,Bozick,Brendan Bozick,415,M25-29,Male,Emmitsburg,MD,United States,US,0:47:13,2:43:31,2:03:41,0:07:11,0:04:20,5:45:57,2833,9811,7421,431,260,20757,649,545,106,1685,1217,246,824,684,127,649,545,106,Finisher,1871
Andrea,Ghiringhelli,Andrea Ghiringhelli,473,M45-49,Male,NEW YORK,NY,United States,US,0:40:36,2:44:17,2:06:33,0:07:52,0:06:40,5:45:58,2436,9857,7593,472,400,20758,650,546,53,886,655,55,685,579,63,650,546,53,Finisher,2132
Cameron,Holdaway,Cameron Holdaway,2100,M30-34,Male,SAN DIEGO,CA,United States,US,0:36:35,2:39:50,2:22:09,0:03:42,0:03:43,5:45:58,2195,9590,8529,222,223,20758,651,547,93,410,307,45,374,335,55,651,547,93,Finisher,1753
Steph,Szekely,Steph Szekely,278,F25-29,Female,DOYLESTOWN,PA,United States,US,0:30:55,3:04:24,2:01:22,0:04:21,0:05:05,5:46:07,1855,11064,7282,261,305,20767,652,105,21,62,13,7,868,147,27,652,105,21,Finisher,2147
Grant,Shah,Grant Shah,776,M25-29,Male,Boston,MA,United States,US,0:36:31,2:50:41,2:05:29,0:06:29,0:07:01,5:46:12,2191,10241,7529,389,421,20772,653,548,107,402,302,69,721,609,116,653,548,107,Finisher,1866
Maddison,Vogel,Maddison Vogel,1363,F35-39,Female,BALTIMORE,MD,United States,US,0:39:23,2:48:16,2:07:58,0:05:23,0:05:15,5:46:16,2363,10096,7678,323,315,20776,654,106,19,746,188,28,703,110,23,654,106,19,Finisher,2235
Jakob,Silvis,Jakob Silvis,285,M25-29,Male,Broadlands,Virginia,United States,US,0:41:11,2:43:59,2:09:46,0:05:34,0:05:46,5:46:17,2471,9839,7786,334,346,20777,655,549,108,969,722,146,627,532,98,655,549,108,Finisher,1865
Tim,Lewis,Tim Lewis,1421,M30-34,Male,Mount Pleasant,SC,United States,US,0:37:53,2:45:42,2:00:22,0:14:53,0:07:28,5:46:18,2273,9942,7222,893,448,20778,656,550,94,561,418,66,842,701,109,656,550,94,Finisher,1747
Jose Luis,Justiniano Perrogon,Jose Luis Justiniano Perrogon,2539,M35-39,Male,Stafford,US-VA,Bolivia,BO,0:38:28,2:32:57,2:24:17,0:05:40,0:04:57,5:46:19,2308,9177,8657,340,297,20779,657,551,78,627,470,50,303,274,42,657,551,78,Finisher,2008
Adam,Clark,Adam Clark,1143,M55-59,Male,CHARLESTON,SC,United States,US,0:40:18,2:47:50,2:09:11,0:03:54,0:05:08,5:46:21,2418,10070,7751,234,308,20781,658,552,22,850,624,34,660,556,28,658,552,22,Finisher,2246
Jondavid,Hertzel,Jondavid Hertzel,2474,M40-44,Male,Alexandria,VA,United States,US,0:38:52,2:55:09,1:58:41,0:06:11,0:07:30,5:46:23,2332,10509,7121,371,450,20783,659,553,59,669,502,47,887,736,76,659,553,59,Finisher,1958
Charles,Herlihy,Charles Herlihy,1382,M18-24,Male,Richmond,Virginia,United States,US,0:33:44,2:48:34,2:15:59,0:04:08,0:04:01,5:46:27,2024,10114,8159,248,241,20787,660,554,89,198,149,37,508,440,68,660,554,89,Finisher,1471
carson,Swarey,carson Swarey,712,M18-24,Male,Greenville,Virginia,United States,US,0:39:33,2:38:18,2:21:05,0:04:09,0:03:27,5:46:31,2373,9498,8465,249,207,20791,661,555,90,762,571,108,427,376,50,661,555,90,Finisher,1470
Sean,Riksen,Sean Riksen,2186,M25-29,Male,SPRING,TX,United States,US,0:35:48,2:35:53,2:25:36,0:04:31,0:04:45,5:46:32,2148,9353,8736,271,285,20792,662,556,109,338,252,57,284,257,41,662,556,109,Finisher,1860
Brock,Butchko,Brock Butchko,1281,M18-24,Male,Silver Spring,MD,United States,US,0:37:57,2:46:00,2:11:26,0:05:58,0:05:24,5:46:45,2277,9960,7886,358,324,20805,663,557,91,565,420,82,607,517,79,663,557,91,Finisher,1466
Justin,Heipp,Justin Heipp,1952,M40-44,Male,Kensington,MD,United States,US,0:40:45,2:37:08,2:21:14,0:04:02,0:03:37,5:46:45,2445,9428,8474,242,217,20805,664,558,60,911,673,61,426,375,44,664,558,60,Finisher,1951
Stephanie,Soviero,Stephanie Soviero,454,F40-44,Female,Belmar,NJ,United States,US,0:40:10,2:40:23,2:12:00,0:07:50,0:06:37,5:47:00,2410,9623,7920,470,397,20820,665,107,12,833,219,19,565,79,11,665,107,12,Finisher,2358
Herbert,Pereira,Herbert Pereira,2342,M18-24,Male,East Patchogue,NEW YORK,United States,US,0:41:42,2:53:44,1:59:36,0:06:33,0:05:31,5:47:06,2502,10424,7176,393,331,20826,666,559,92,1050,779,137,935,777,117,666,559,92,Finisher,1460
Storm,Smith,Storm Smith,673,M30-34,Male,Westminster,Maryland,United States,US,0:37:58,2:48:56,2:09:12,0:05:55,0:05:20,5:47:21,2278,10136,7752,355,320,20841,667,560,95,570,423,67,687,581,91,667,560,95,Finisher,1728
James,Keister,James Keister,2499,M60-64,Male,Ocean City,MARYLAND,United States,US,0:42:06,2:40:37,2:15:23,0:05:26,0:04:09,5:47:41,2526,9637,8123,326,249,20861,668,561,14,1103,815,18,560,483,16,668,561,14,Finisher,2161
Kevin,Hu,Kevin Hu,1083,M25-29,Male,Centreville,Virginia,United States,US,0:42:42,2:52:06,2:00:41,0:06:34,0:05:39,5:47:43,2562,10326,7241,394,339,20863,669,562,110,1197,881,174,918,760,140,669,562,110,Finisher,1839
Megan,Otoole,Megan Otoole,217,F50-54,Female,Lutherville,MD,United States,US,0:47:35,2:49:16,2:00:11,0:05:44,0:05:03,5:47:49,2855,10156,7211,344,303,20869,670,108,7,1710,474,33,951,160,11,670,108,7,Finisher,2808
Avi,Korenshtein,Avi Korenshtein,2179,M60-64,Male,Commack,NY,United States,US,0:45:21,2:48:14,1:58:17,0:07:58,0:07:59,5:47:50,2721,10094,7097,478,479,20870,671,563,15,1501,1096,27,923,765,21,671,563,15,Finisher,2158
Jens,Byer,Jens Byer,102,M25-29,Male,Washington,District of Columbia,United States,US,0:40:11,2:55:58,1:55:36,0:11:04,0:05:03,5:47:51,2411,10558,6936,664,303,20871,672,564,111,837,616,128,1084,886,164,672,564,111,Finisher,1837
Corey,Dascenzo,Corey Dascenzo,1433,M30-34,Male,Uniontown,Pennsylvania,United States,US,0:35:09,2:47:51,2:14:03,0:05:33,0:05:16,5:47:52,2109,10071,8043,333,316,20872,673,565,96,284,216,34,573,493,77,673,565,96,Finisher,1719
Michael,Kilgore,Michael Kilgore,1548,M25-29,Male,Pinson,AL,United States,US,0:46:35,2:41:15,2:09:48,0:05:36,0:04:39,5:47:52,2795,9675,7788,336,279,20872,674,566,112,1627,1180,238,714,603,113,674,566,112,Finisher,1836
John,Woodward,John Woodward,1917,M25-29,Male,New York,New York,United States,US,0:50:25,2:37:03,2:10:32,0:05:17,0:04:40,5:47:56,3025,9423,7832,317,280,20876,675,567,113,1889,1349,278,684,578,107,675,567,113,Finisher,1835
Ryan,Muller,Ryan Muller,836,M25-29,Male,Salisbury,MD,United States,US,0:33:12,2:48:20,2:14:09,0:05:38,0:06:41,5:48:00,1992,10100,8049,338,401,20880,676,568,114,176,135,39,534,464,78,676,568,114,Finisher,1834
Kenda,Brasch,Kenda Brasch,176,F25-29,Female,Warminster,Pennsylvania,United States,US,0:39:48,2:56:28,2:02:05,0:04:42,0:05:00,5:48:03,2388,10588,7325,282,300,20883,677,109,22,797,205,49,906,155,29,677,109,22,Finisher,2112
Izabela ,Zekuciova,Izabela Zekuciova,1296,F25-29,Female,Fprt Myers,Florida,Czech Republic,CZ,0:28:48,2:55:42,2:16:08,0:03:27,0:04:03,5:48:09,1728,10542,8168,207,243,20889,678,110,23,13,1,1,555,77,17,678,110,23,Finisher,2111
Wade,Harbin,Wade Harbin,988,M50-54,Male,CROZET,VA,United States,US,0:36:12,2:34:26,2:27:14,0:05:03,0:05:18,5:48:14,2172,9266,8834,303,318,20894,679,569,35,375,281,13,279,253,21,679,569,35,Finisher,2225
Jaclyn,Navara,Jaclyn Navara,784,F35-39,Female,Metuchen,NJ,United States,US,0:39:37,2:42:29,2:13:09,0:06:22,0:06:38,5:48:15,2377,9749,7989,382,398,20895,680,111,20,775,194,29,572,80,15,680,111,20,Finisher,2199
Dominic,Fischer,Dominic Fischer,109,M35-39,Male,east berlin,CT,United States,US,0:43:34,2:35:43,2:15:50,0:06:57,0:06:16,5:48:20,2614,9343,8150,417,376,20900,681,570,79,1310,962,123,505,438,57,681,570,79,Finisher,1972
Julie,Rivenbark,Julie Rivenbark,2014,F50-54,Female,Glenelg,MD,United States,US,0:42:25,2:32:53,2:23:41,0:04:34,0:04:51,5:48:24,2545,9173,8621,274,291,20904,682,112,8,1154,304,15,363,38,3,682,112,8,Finisher,2797
Maryam,Norouzi,Maryam Norouzi,1616,F55-59,Female,Rockville,MD,United States,US,0:39:47,2:40:31,2:17:22,0:05:23,0:05:23,5:48:25,2387,9631,8242,323,323,20905,683,113,6,791,202,6,494,65,5,683,113,6,Finisher,2702
Jeremy,Beall,Jeremy Beall,1543,M45-49,Male,Millersville,MD,United States,US,0:36:57,2:47:25,2:13:03,0:04:48,0:06:16,5:48:29,2217,10045,7983,288,376,20909,684,571,54,447,334,25,585,501,52,684,571,54,Finisher,2086
Matthew,Laclef,Matthew Laclef,1787,M18-24,Male,Washington,District of Columbia,United States,US,0:29:03,3:07:07,2:02:52,0:05:12,0:04:18,5:48:33,1743,11227,7372,312,258,20913,685,572,93,17,15,4,919,761,115,685,572,93,Finisher,1433
Rachel,Kim,Rachel Kim,1811,F30-34,Female,LORTON,VA,United States,US,0:41:20,3:01:34,1:56:24,0:05:03,0:04:13,5:48:34,2480,10894,6984,303,253,20914,686,114,16,989,255,48,1108,207,29,686,114,16,Finisher,2434
Richard,Gienopie,Richard Gienopie,2489,M50-54,Male,Merion Station,PA,United States,US,0:38:01,2:38:07,2:24:29,0:03:40,0:04:20,5:48:37,2281,9487,8669,220,260,20917,687,573,36,578,428,25,359,323,25,687,573,36,Finisher,2218
Tony,Zebekow,Tony Zebekow,1042,M35-39,Male,CHESTERBROOK,PA,United States,US,0:42:32,2:40:00,2:11:00,0:06:25,0:08:42,5:48:39,2552,9600,7860,385,522,20919,688,574,80,1173,866,110,578,495,62,688,574,80,Finisher,1966
Julie,Pagliaro,Julie Pagliaro,835,F40-44,Female,Souderton,PA,United States,US,0:41:34,2:44:16,2:12:09,0:05:20,0:05:21,5:48:40,2494,9856,7929,320,321,20920,689,115,13,1024,265,23,635,98,12,689,115,13,Finisher,2328
Abigail ,Neff,Abigail Neff,1626,F25-29,Female,Ashburn,VIRGINIA,United States,US,0:41:21,3:00:10,1:59:46,0:04:05,0:03:20,5:48:43,2481,10810,7186,245,200,20923,690,116,24,995,256,56,1023,177,33,690,116,24,Finisher,2100
Anthony,Kuo,Anthony Kuo,2410,M35-39,Male,New York,US-NY,United States,US,0:38:59,2:52:40,2:05:34,0:06:37,0:05:00,5:48:50,2339,10360,7534,397,300,20930,691,575,81,685,516,59,836,695,95,691,575,81,Finisher,1963
PJ ,Dettor,PJ Dettor,1646,M25-29,Male,Annapolis,Maryland,United States,US,0:45:43,2:53:37,1:56:55,0:07:05,0:05:35,5:48:55,2743,10417,7015,425,335,20935,692,576,115,1539,1124,231,1055,869,161,692,576,115,Finisher,1817
Nicoletta,Lisanti,Nicoletta Lisanti,1559,F40-44,Female,roma,foreigner,United States,US,0:44:58,2:59:57,1:55:13,0:05:10,0:03:41,5:49:00,2698,10797,6913,310,221,20940,693,117,14,1455,395,38,1175,225,22,693,117,14,Finisher,2322
John,Davidson,John Davidson,715,M30-34,Male,Union City,NJ,United States,US,0:37:09,2:51:03,2:11:51,0:04:42,0:04:19,5:49:05,2229,10263,7911,282,259,20945,694,577,97,470,352,54,695,586,92,694,577,97,Finisher,1697
Janine,Peacock,Janine Peacock,909,F40-44,Female,Seattle,WA,United States,US,0:48:32,2:40:34,2:08:43,0:06:16,0:05:00,5:49:05,2912,9634,7723,376,300,20945,695,118,15,1779,502,48,755,121,14,695,118,15,Finisher,2321
Nicolas,Haddad,Nicolas Haddad,1104,M25-29,Male,Washington,District of Columbia,United States,US,0:32:25,2:50:28,2:15:35,0:04:47,0:05:52,5:49:08,1945,10228,8135,287,352,20948,696,578,116,129,97,25,546,472,81,696,578,116,Finisher,1814
Rob,Viersma,Rob Viersma,838,M30-34,Male,Green,NJ,United States,US,0:49:09,2:52:25,1:56:55,0:05:45,0:04:55,5:49:10,2949,10345,7015,345,295,20950,697,579,98,1822,1307,205,1090,891,140,697,579,98,Finisher,1696
Holly,Lammert,Holly Lammert,318,F30-34,Female,South Salt Lake,UT,United States,US,0:44:27,2:54:30,2:03:04,0:03:46,0:03:27,5:49:14,2667,10470,7384,226,207,20954,698,119,17,1412,380,68,954,161,21,698,119,17,Finisher,2422
Kai,Caso,Kai Caso,1461,M18-24,Male,Vero Beach ,Florida,United States,US,0:39:25,2:45:18,2:12:45,0:05:49,0:05:59,5:49:15,2365,9918,7965,349,359,20955,699,580,94,750,561,106,621,528,80,699,580,94,Finisher,1421
Cameron,Thompson,Cameron Thompson,869,M30-34,Male,Vienna,VA,United States,US,0:40:57,2:42:46,2:13:19,0:06:00,0:06:15,5:49:17,2457,9766,7999,360,375,20957,700,581,99,942,698,118,601,512,81,700,581,99,Finisher,1694
Michael,Davis,Michael Davis,1080,M18-24,Male,Hockessin,Delaware,United States,US,0:35:13,2:51:38,2:05:31,0:05:58,0:11:02,5:49:22,2113,10298,7531,358,662,20962,701,582,95,289,220,53,688,582,95,701,582,95,Finisher,1419
Tim,Rackowski,Tim Rackowski,440,M30-34,Male,Fairfax,Virginia,United States,US,0:31:55,2:54:14,2:12:53,0:05:28,0:04:55,5:49:25,1915,10454,7973,328,295,20965,702,583,100,103,74,15,653,552,86,702,583,100,Finisher,1691
Samuel,Rioux,Samuel Rioux,951,M35-39,Male,Silver Spring,Maryland,United States,US,0:40:28,2:55:03,2:01:25,0:06:52,0:05:40,5:49:29,2428,10503,7285,412,340,20969,703,584,82,865,638,78,948,789,110,703,584,82,Finisher,1951
Josh,Ingber,Josh Ingber,1672,M25-29,Male,Hoboken,New Jersey,United States,US,0:40:29,2:56:50,2:01:50,0:05:46,0:04:42,5:49:36,2429,10610,7310,346,282,20976,704,585,117,867,640,133,964,802,150,704,585,117,Finisher,1805
Sydney,Palumbo,Sydney Palumbo,2120,F30-34,Female,Miami,FL,United States,US,0:40:34,2:51:54,2:05:49,0:04:53,0:06:35,5:49:45,2434,10314,7549,293,395,20985,705,120,18,883,231,42,807,135,15,705,120,18,Finisher,2412
Brooke,Dandurand,Brooke Dandurand,1156,F30-34,Female,Fayetteville,North Carolina,United States,US,0:42:37,2:59:17,1:58:47,0:04:56,0:04:15,5:49:51,2557,10757,7127,296,255,20991,706,121,19,1185,313,58,1065,190,27,706,121,19,Finisher,2411
Jennifer,Cirvello,Jennifer Cirvello,2283,F25-29,Female,Jamison,PA,United States,US,0:39:41,3:02:21,1:57:01,0:05:41,0:05:15,5:49:58,2381,10941,7021,341,315,20998,707,122,25,782,199,48,1102,204,38,707,122,25,Finisher,2078
Braeden,Grieb,Braeden Grieb,881,M18-24,Male,HENDERSONVILLE,TN,United States,US,0:45:54,2:40:20,2:11:41,0:05:17,0:06:47,5:49:58,2754,9620,7901,317,407,20998,708,586,96,1559,1134,196,649,549,89,708,586,96,Finisher,1408
Kevin,Mcginnis,Kevin Mcginnis,1641,M35-39,Male,WASHINGTON,DC,United States,US,0:39:48,2:45:38,2:17:08,0:03:55,0:03:34,5:50:03,2388,9938,8228,235,214,21003,709,587,83,795,592,74,592,507,63,709,587,83,Finisher,1941
Megan,McMurdo,Megan McMurdo,833,F40-44,Female,Souderton,PA,United States,US,0:45:42,2:46:48,2:07:35,0:03:39,0:06:18,5:50:03,2742,10008,7655,219,378,21003,710,123,16,1538,415,40,781,125,15,710,123,16,Finisher,2303
Richard,Kedziora,Richard Kedziora,2252,M50-54,Male,Ocean City,US-NJ,United States,US,0:38:56,2:48:30,2:09:51,0:05:17,0:07:30,5:50:05,2336,10110,7791,317,450,21005,711,588,37,677,509,29,683,577,47,711,588,37,Finisher,2191
Brett,Petriello,Brett Petriello,1139,M35-39,Male,ROYERSFORD,PA,United States,US,0:41:55,2:48:07,2:09:56,0:04:14,0:05:54,5:50:05,2515,10087,7796,254,354,21005,712,589,84,1082,799,99,733,618,75,712,589,84,Finisher,1940
Tyler,Emery,Tyler Emery,1158,M30-34,Male,Marlton,New Jersey,United States,US,0:43:12,2:41:40,2:13:52,0:05:26,0:05:55,5:50:06,2592,9700,8032,326,355,21006,713,590,101,1262,925,143,617,525,84,713,590,101,Finisher,1679
Nicholas,Dunn,Nicholas Dunn,1756,M40-44,Male,Washington,DC,Australia,AU,0:34:15,3:00:15,2:03:00,0:06:48,0:05:54,5:50:12,2055,10815,7380,408,354,21012,714,591,61,231,170,14,916,758,78,714,591,61,Finisher,1889
Drew ,Goldscheider,Drew Goldscheider,778,M18-24,Male,Pikesville,MD,United States,US,0:35:58,2:44:36,2:18:34,0:06:08,0:05:02,5:50:18,2158,9876,8314,368,302,21018,715,592,97,354,265,61,520,451,70,715,592,97,Finisher,1402
Kevin ,Beam,Kevin Beam,867,M35-39,Male,Glenmoore,Pennsylvania,United States,US,0:43:26,2:45:21,2:03:46,0:10:16,0:07:30,5:50:19,2606,9921,7426,616,450,21019,716,593,85,1295,951,120,852,708,97,716,593,85,Finisher,1936
Roger,Polack,Roger Polack,2352,M40-44,Male,WASHINGTON,US-DC,United States,US,0:42:08,2:53:06,1:58:07,0:08:06,0:09:00,5:50:27,2528,10386,7087,486,540,21027,717,594,62,1107,818,77,971,808,82,717,594,62,Finisher,1885
Alex,Oliveira,Alex Oliveira,1927,M30-34,Male,Bound Brook,NJ,Portugal,PT,0:48:47,2:49:25,1:59:22,0:06:47,0:06:09,5:50:28,2927,10165,7162,407,369,21028,718,595,102,1792,1288,199,1007,835,135,718,595,102,Finisher,1672
Anthony,Zaffino,Anthony Zaffino,859,M30-34,Male,Lansdale,Pennsylvania,United States,US,0:44:24,2:47:23,2:08:22,0:04:26,0:05:56,5:50:31,2664,10043,7702,266,356,21031,719,596,103,1404,1028,153,782,657,104,719,596,103,Finisher,1671
Jonathan,Carrozza,Jonathan Carrozza,2528,M25-29,Male,Blue Bell,Pennsylvania,United States,US,0:32:06,2:50:29,2:17:53,0:05:17,0:04:48,5:50:33,1926,10229,8273,317,288,21033,720,597,118,116,86,23,552,476,83,720,597,118,Finisher,1788
Andy,Jones,Andy Jones,590,M60-64,Male,BEDFORD,NH,United States,US,0:34:03,2:40:20,2:25:50,0:04:44,0:05:37,5:50:34,2043,9620,8750,284,337,21034,721,598,16,223,166,6,347,313,10,721,598,16,Finisher,2109
Justin,Emge,Justin Emge,1204,M25-29,Male,Parkville,MARYLAND,United States,US,0:48:12,2:32:13,2:16:57,0:07:40,0:05:33,5:50:35,2892,9133,8217,460,333,21035,722,599,119,1753,1264,254,558,481,84,722,599,119,Finisher,1787
Charlie,Evans,Charlie Evans,2533,M45-49,Male,Baltimore,MARYLAND,United States,US,0:32:01,,2:20:08,0:04:30,0:00:00,5:50:40,1921,0,8408,270,0,21040,723,600,55,110,80,2,99999,99999,99999,723,600,55,Finisher,2047
Cortney,Steiner,Cortney Steiner,404,F45-49,Female,RESTON,VA,United States,US,0:36:21,2:51:41,2:13:12,0:04:17,0:05:14,5:50:45,2181,10301,7992,257,314,21045,724,124,15,392,98,9,672,106,15,724,124,15,Finisher,2685
Christian,Garruppo,Christian Garruppo,250,M25-29,Male,Washington,DC,United States,US,0:37:59,2:40:05,2:25:35,0:03:24,0:03:48,5:50:51,2279,9605,8735,204,228,21051,725,601,120,572,424,95,415,369,66,725,601,120,Finisher,1783
Zachary,Pate,Zachary Pate,1338,M25-29,Male,Roanoke,Virginia,United States,US,0:37:04,2:43:13,2:19:57,0:04:52,0:05:44,5:50:51,2224,9793,8397,292,344,21051,726,602,121,460,343,76,484,423,73,726,602,121,Finisher,1783
Dan,Hofmeister ,Dan Hofmeister,717,M40-44,Male,Virginia Beach,Virginia,United States,US,0:36:21,2:43:36,2:15:17,0:07:09,0:08:31,5:50:55,2181,9816,8117,429,511,21055,727,603,63,393,295,28,533,463,52,727,603,63,Finisher,1876
Damon,Jensen,Damon Jensen,1201,M40-44,Male,afton,WY,United States,US,0:42:27,3:06:09,1:48:56,0:05:52,0:07:34,5:50:57,2547,11169,6536,352,454,21057,728,604,64,1159,855,82,1298,1040,101,728,604,64,Finisher,1876
Mandy,Fox,Mandy Fox,1001,F45-49,Female,Burlington,KY,United States,US,0:39:30,2:45:24,2:17:25,0:04:36,0:04:10,5:51:05,2370,9924,8245,276,250,21065,729,125,16,756,191,18,594,87,12,729,125,16,Finisher,2679
Marco,Cubillas,Marco Cubillas,1203,M50-54,Male,MIAMI,FL,Mexico,MX,0:43:59,2:43:10,2:13:04,0:05:34,0:05:23,5:51:10,2639,9790,7984,334,323,21070,730,605,38,1359,994,67,682,576,46,730,605,38,Finisher,2172
Eli,Weatherby,Eli Weatherby,2462,M25-29,Male,Chapel Hill,NC,United States,US,0:45:00,3:01:23,1:50:41,0:08:09,0:05:58,5:51:11,2700,10883,6641,489,358,21071,731,606,122,1461,1064,218,1300,1041,200,731,606,122,Finisher,1777
Jennifer,Ruch,Jennifer Ruch,1214,F40-44,Female,WESTFIELD,NJ,United States,US,0:37:40,2:49:49,2:12:25,0:06:41,0:04:47,5:51:23,2260,10189,7945,401,287,21083,732,126,17,537,137,15,730,115,13,732,126,17,Finisher,2279
Jessen,Smith,Jessen Smith,272,M30-34,Male,Norristown,PA,United States,US,0:41:01,2:40:37,2:19:09,0:05:27,0:05:09,5:51:23,2461,9637,8349,327,309,21083,733,607,104,949,705,121,532,462,74,733,607,104,Finisher,1656
David,Blackwood,David Blackwood,2174,M35-39,Male,Arnold,MD,United States,US,0:43:02,2:35:51,2:21:46,0:05:39,0:05:11,5:51:29,2582,9351,8506,339,311,21089,734,608,86,1248,915,115,477,417,55,734,608,86,Finisher,1915
Sara,LaGrange,Sara LaGrange,494,F40-44,Female,Dover,Massachusetts,United States,US,0:49:06,3:01:47,1:50:01,0:05:10,0:05:39,5:51:43,2946,10907,6601,310,339,21103,735,127,18,1817,513,49,1348,277,29,735,127,18,Finisher,2273
Juan,Sebastiani,Juan Sebastiani,1471,M50-54,Male,DORAL,FL,Venezuela,VE,0:44:10,2:39:01,2:17:36,0:05:55,0:05:04,5:51:46,2650,9541,8256,355,304,21106,736,609,39,1377,1008,69,584,500,40,736,609,39,Finisher,2161
Amanda,Field,Amanda Field,2171,F30-34,Female,Sterling,US-VA,United States,US,0:38:29,2:56:53,2:07:50,0:04:14,0:04:23,5:51:48,2309,10613,7670,254,263,21108,737,128,20,628,158,32,865,146,18,737,128,20,Finisher,2375
Darek,Mucha,Darek Mucha,2192,M30-34,Male,Jersey City,New Jersey,United States,US,0:42:28,2:54:29,2:04:44,0:04:58,0:05:09,5:51:49,2548,10469,7484,298,309,21109,738,610,105,1162,857,138,933,775,121,738,610,105,Finisher,1648
Matthew,Krass,Matthew Krass,2182,M35-39,Male,Chadds Ford,Pennsylvania,United States,US,0:43:09,2:46:58,2:08:49,0:07:06,0:05:48,5:51:51,2589,10018,7729,426,348,21111,739,611,87,1257,922,117,803,670,87,739,611,87,Finisher,1909
David,Fuentes,David Fuentes,1881,M35-39,Male,Hoboken,New Jersey,United States,US,0:45:06,2:50:59,2:00:09,0:08:54,0:06:43,5:51:51,2706,10259,7209,534,403,21111,740,612,88,1475,1076,136,1008,836,115,740,612,88,Finisher,1909
Brian,Bolger,Brian Bolger,2372,M18-24,Male,Mt. Airy,Maryland,United States,US,0:38:23,3:03:10,1:58:43,0:06:19,0:05:21,5:51:56,2303,10990,7123,379,321,21116,741,613,98,614,460,90,1107,901,137,741,613,98,Finisher,1373
Charan,Alemblaseril,Charan Alemblaseril,1728,M55-59,Male,Great Falls,VA,United States,US,0:42:39,2:49:59,2:06:49,0:06:26,0:06:08,5:52:01,2559,10199,7609,386,368,21121,742,614,23,1190,875,54,853,709,41,742,614,23,Finisher,2144
Adrián,de León,Adrián de León,1084,M50-54,Male,Cuajimalpa de Morelos,CDMX,Mexico,MX,0:43:36,2:41:22,2:08:43,0:10:49,0:07:35,5:52:06,2616,9682,7723,649,455,21126,743,615,40,1317,966,65,764,642,52,743,615,40,Finisher,2155
Drew,Alansky,Drew Alansky,2217,M25-29,Male,Bridgeport,PA,United States,US,0:35:40,3:07:22,1:55:10,0:07:30,0:06:28,5:52:10,2140,11242,6910,450,388,21130,744,616,123,327,243,55,1189,962,184,744,616,123,Finisher,1759
Trevor,Minahan,Trevor Minahan,233,M18-24,Male,CORONA,CA,United States,US,0:32:39,2:50:02,2:19:34,0:06:39,0:03:16,5:52:10,1959,10202,8374,399,196,21130,745,617,99,149,113,27,591,506,77,745,617,99,Finisher,1368
Adam,Rymar,Adam Rymar,177,M45-49,Male,PITTSBURGH,PA,Ukraine,UA,0:50:00,2:31:37,2:17:52,0:06:21,0:06:28,5:52:17,3000,9097,8272,381,388,21137,746,618,56,1871,1339,105,554,478,49,746,618,56,Finisher,2018
Luke,Sellars,Luke Sellars,1337,M18-24,Male,Earylsville,Virginia,United States,US,0:37:30,2:59:35,2:05:36,0:06:04,0:03:42,5:52:26,2250,10775,7536,364,222,21146,747,619,100,517,387,78,968,805,122,747,619,100,Finisher,1364
April,Soto,April Soto,935,F40-44,Female,Alice,TX,United States,US,0:46:19,2:59:24,1:57:11,0:04:39,0:04:58,5:52:30,2779,10764,7031,279,298,21150,748,129,19,1594,437,43,1182,226,23,748,129,19,Finisher,2259
Patrick,Kelly,Patrick Kelly,606,M25-29,Male,Staten Island,NY,United States,US,0:41:37,2:58:53,2:00:51,0:06:47,0:04:24,5:52:32,2497,10733,7251,407,264,21152,749,620,124,1037,770,156,1087,888,165,749,620,124,Finisher,1752
Keith,Rogers,Keith Rogers,1775,M25-29,Male,Somerdale,New Jersey,United States,US,0:32:48,2:47:17,2:23:24,0:05:05,0:04:00,5:52:34,1968,10037,8604,305,240,21154,750,621,125,158,121,32,485,424,74,750,621,125,Finisher,1752
Rachel,Raber,Rachel Raber,1581,F18-24,Female,Venetia,Pennsylvania,United States,US,0:35:30,3:04:29,1:59:10,0:06:56,0:06:30,5:52:35,2130,11069,7150,416,390,21155,751,130,13,310,79,11,1075,196,20,751,130,13,Finisher,2079
Thomas,Dehoney,Thomas Dehoney,2218,M30-34,Male,Galt,CA,United States,US,0:44:33,2:55:34,2:03:24,0:03:00,0:06:03,5:52:35,2673,10534,7404,180,363,21155,752,622,106,1416,1035,155,966,804,130,752,622,106,Finisher,1634
Noah,Becker,Noah Becker,1629,M40-44,Male,JUPITER,FL,United States,US,0:39:35,2:54:36,2:03:57,0:09:00,0:05:31,5:52:38,2375,10476,7437,540,331,21158,753,623,65,770,577,53,969,806,81,753,623,65,Finisher,1845
Erik,Grossgold,Erik Grossgold,1584,M45-49,Male,Virginia Beach,VA,United States,US,0:47:00,2:54:18,1:58:59,0:06:06,0:06:21,5:52:44,2820,10458,7139,366,381,21164,754,624,57,1661,1202,96,1093,893,78,754,624,57,Finisher,2010
David,StAubin,David StAubin,460,M45-49,Male,Alexandria,VA,United States,US,0:40:47,2:42:05,2:16:53,0:06:58,0:06:05,5:52:48,2447,9725,8213,418,365,21168,755,625,58,915,676,56,603,514,56,755,625,58,Finisher,2009
Jeremy,Castrodad,Jeremy Castrodad,471,M30-34,Male,Connellsville,Pennsylvania,United States,US,0:38:03,2:38:38,2:23:24,0:07:04,0:05:38,5:52:48,2283,9518,8604,424,338,21168,756,626,107,582,432,68,458,399,61,756,626,107,Finisher,1630
John-Paul,Hethcock,John-Paul Hethcock,304,M30-34,Male,Midlothian,Virginia,United States,US,0:47:46,3:02:42,1:54:50,0:04:16,0:03:20,5:52:54,2866,10962,6890,256,200,21174,757,627,108,1721,1242,192,1307,1045,159,757,627,108,Finisher,1628
Nick,Martinelli,Nick Martinelli,1860,M30-34,Male,Broomall,Pennsylvania,United States,US,0:48:52,2:47:26,2:01:13,0:08:31,0:06:52,5:52:54,2932,10046,7273,511,412,21174,758,628,109,1802,1295,202,1002,832,133,758,628,109,Finisher,1628
Erica,Rodriguez,Erica Rodriguez,1732,F18-24,Female,Latrobe,Pennsylvania,United States,US,0:40:48,2:52:13,2:10:45,0:04:22,0:04:58,5:53:07,2448,10333,7845,262,298,21187,759,131,14,918,241,38,811,136,15,759,131,14,Finisher,2069
Dave,Anshen,Dave Anshen,314,M55-59,Male,Wilmington,US-DE,United States,US,0:36:59,2:30:49,2:23:09,0:05:59,0:16:17,5:53:12,2219,9049,8589,359,977,21192,760,629,24,450,336,17,247,226,11,760,629,24,Finisher,2123
Adam,Dopkowski,Adam Dopkowski,1697,M18-24,Male,Camp Hill,Pennsylvania,United States,US,0:31:51,2:45:56,2:24:15,0:04:14,0:07:00,5:53:16,1911,9956,8655,254,420,21196,761,630,101,99,70,19,428,377,51,761,630,101,Finisher,1349
Kevin,Barlow,Kevin Barlow,1437,M30-34,Male,Bensalem,PA,United States,US,0:34:00,3:01:28,2:05:59,0:06:36,0:05:15,5:53:17,2040,10888,7559,396,315,21197,762,631,110,219,163,25,939,781,122,762,631,110,Finisher,1622
Ben,Love,Ben Love,1491,M30-34,Male,Alexandria,Virginia,United States,US,0:46:19,2:36:33,2:15:26,0:06:27,0:08:37,5:53:20,2779,9393,8126,387,517,21200,763,632,111,1595,1158,179,589,505,80,763,632,111,Finisher,1621
Tanner,Wiltrout,Tanner Wiltrout,470,M30-34,Male,Tampa,FL,United States,US,0:40:03,2:54:37,2:09:50,0:05:42,0:03:11,5:53:22,2403,10477,7790,342,191,21202,764,633,112,827,611,100,893,740,115,764,633,112,Finisher,1620
Troy,Sivak,Troy Sivak,788,M55-59,Male,Reston,VA,United States,US,0:37:27,2:38:38,2:25:55,0:05:44,0:05:49,5:53:33,2247,9518,8755,344,349,21213,765,634,25,506,379,20,423,373,22,765,634,25,Finisher,2116
Ishai,Melamede,Ishai Melamede,162,M25-29,Male,Washington D.C.,DC,United States,US,0:36:32,3:05:07,1:59:56,0:07:19,0:04:40,5:53:34,2192,11107,7196,439,280,21214,766,635,126,405,304,70,1138,924,172,766,635,126,Finisher,1734
Saliha,Yüksel,Saliha Yüksel,739,F45-49,Female,Istanbul,,Turkey,TR,0:50:56,2:49:30,2:00:52,0:06:27,0:05:50,5:53:35,3056,10170,7252,387,350,21215,767,132,17,1921,553,49,1070,193,24,767,132,17,Finisher,2634
Stephanie,Jones,Stephanie Jones,1007,F25-29,Female,Brooklyn,New York,United States,US,0:42:12,3:06:40,1:52:17,0:07:30,0:04:56,5:53:35,2532,11200,6737,450,296,21215,768,133,26,1120,293,67,1358,280,60,768,133,26,Finisher,2013
Shannon,Kearney,Shannon Kearney,342,F25-29,Female,Toms River,NJ,United States,US,0:33:12,2:49:50,2:16:09,0:06:51,0:07:35,5:53:36,1992,10190,8169,411,455,21216,769,134,27,177,42,16,604,90,19,769,134,27,Finisher,2012
Sasha,Wendin,Sasha Wendin,902,F25-29,Female,New York,New York,United Kingdom,GB,0:47:00,3:02:35,1:52:28,0:05:30,0:06:04,5:53:36,2820,10955,6748,330,364,21216,770,135,28,1660,459,100,1318,267,54,770,135,28,Finisher,2012
Daniel,Perez,Daniel Perez,1574,M45-49,Male,Bethesda,MD,Ecuador,EC,0:46:58,2:37:26,2:17:28,0:05:07,0:06:40,5:53:39,2818,9446,8248,307,400,21219,771,636,59,1658,1200,94,596,509,54,771,636,59,Finisher,1993
Ryan,de Silva,Ryan de Silva,933,M25-29,Male,Beltsville,MD,Sri Lanka,LK,0:43:25,2:49:12,2:11:11,0:05:18,0:04:41,5:53:48,2605,10152,7871,318,281,21228,772,637,127,1293,949,191,825,685,128,772,637,127,Finisher,1730
James,Mcguire,James Mcguire,2116,M30-34,Male,Cumberland,RI,United States,US,0:42:59,2:44:34,2:15:22,0:05:56,0:04:58,5:53:49,2579,9874,8122,356,298,21229,773,638,113,1237,908,141,715,604,96,773,638,113,Finisher,1612
Scott,Mclallen,Scott Mclallen,2461,M55-59,Male,Alexandria,VA,United States,US,0:30:41,2:43:35,2:30:38,0:04:27,0:04:30,5:53:50,1841,9815,9038,267,270,21230,774,639,26,55,44,2,338,305,17,774,639,26,Finisher,2111
Boris,Bourget,Boris Bourget,2254,M35-39,Male,Silver Spring,MD,United States,US,0:41:56,2:53:50,2:08:03,0:05:10,0:04:56,5:53:55,2516,10430,7683,310,296,21235,775,640,89,1084,801,100,905,751,104,775,640,89,Finisher,1871
Charlie,Baisley,Charlie Baisley,2054,M50-54,Male,Alexandria,VA,United States,US,0:34:43,2:44:36,2:19:49,0:07:19,0:07:33,5:54:00,2083,9876,8389,439,453,21240,776,641,41,251,186,7,515,446,34,776,641,41,Finisher,2121
David,Fine,David Fine,997,M50-54,Male,STAMFORD,Connecticut,United States,US,0:28:56,2:52:22,2:20:38,0:05:25,0:06:45,5:54:06,1736,10342,8438,325,405,21246,777,642,42,14,13,1,521,452,36,777,642,42,Finisher,2119
Joe,Thompson,Joe Thompson,2204,M35-39,Male,Arlington,US-VA,United States,US,0:40:45,2:54:27,2:06:24,0:06:34,0:06:11,5:54:21,2445,10467,7584,394,371,21261,778,643,90,912,674,83,928,770,107,778,643,90,Finisher,1864
Hayle,Stoltzfus,Hayle Stoltzfus,845,F18-24,Female,Mifflinburg,Pennsylvania,United States,US,0:36:58,3:00:31,2:06:51,0:05:38,0:04:27,5:54:26,2218,10831,7611,338,267,21266,779,136,15,449,114,18,967,163,16,779,136,15,Finisher,2046
Angus,Worthing,Angus Worthing,2003,M50-54,Male,Washington,District of Columbia,United States,US,0:42:40,2:56:57,2:04:23,0:06:04,0:04:24,5:54:28,2560,10617,7463,364,264,21268,780,644,43,1191,876,54,1027,849,63,780,644,43,Finisher,2112
Kelli,Marchewka,Kelli Marchewka,88,F45-49,Female,ORLANDO,FL,United States,US,0:45:52,3:09:10,1:50:04,0:04:54,0:04:33,5:54:34,2752,11350,6604,294,273,21274,781,137,18,1556,423,35,1458,318,34,781,137,18,Finisher,2616
Matt,Zhao,Matt Zhao,1942,M25-29,Male,Long Island City,NY,United States,US,0:39:09,2:47:27,2:16:40,0:07:14,0:04:09,5:54:38,2349,10047,8200,434,249,21278,782,645,128,715,540,113,724,611,117,782,645,128,Finisher,1715
Erin,Weick,Erin Weick,1406,F35-39,Female,Garnet Valley,PA,United States,US,0:32:55,2:51:12,2:19:52,0:05:28,0:05:12,5:54:39,1975,10272,8392,328,312,21279,783,138,21,163,39,9,597,88,17,783,138,21,Finisher,2084
Nicole,Millar,Nicole Millar,1839,F25-29,Female,Washington,DC,United States,US,0:42:10,3:11:11,1:49:07,0:05:13,0:07:01,5:54:42,2530,11471,6547,313,421,21282,784,139,29,1115,291,65,1422,303,64,784,139,29,Finisher,1993
Hunter,Hollenbeck,Hunter Hollenbeck,1650,M18-24,Male,Washington,DC,United States,US,0:36:50,2:36:32,2:34:06,0:03:29,0:03:48,5:54:46,2210,9392,9246,209,228,21286,785,646,102,437,326,70,298,269,34,785,646,102,Finisher,1322
Ryan,Crowley,Ryan Crowley,1478,M45-49,Male,MONTGOMERY,AL,United States,US,0:39:24,2:43:26,2:20:48,0:06:11,0:05:12,5:55:01,2364,9806,8448,371,312,21301,786,647,60,749,560,43,580,497,51,786,647,60,Finisher,1969
Lee,Clasby,Lee Clasby,1469,M45-49,Male,ROCKVILLE,MD,Ireland,IE,0:33:25,2:39:28,2:30:42,0:05:08,0:06:20,5:55:03,2005,9568,9042,308,380,21303,787,648,61,185,139,9,323,292,33,787,648,61,Finisher,1968
Lucca ,Mazzola ,Lucca Mazzola,508,M18-24,Male,Pasadena,Maryland,United States,US,0:35:37,2:45:05,2:24:53,0:05:20,0:04:08,5:55:04,2137,9905,8693,320,248,21304,788,649,103,320,238,55,503,436,67,788,649,103,Finisher,1316
Andrew,Moran,Andrew Moran,2498,M30-34,Male,RICHMOND,VA,United States,US,0:35:47,2:45:37,2:23:48,0:05:21,0:04:35,5:55:07,2147,9937,8628,321,275,21307,789,650,114,335,249,39,524,455,71,789,650,114,Finisher,1589
Fiorella,Navarro,Fiorella Navarro,674,F40-44,Female,DORAL,FL,Peru,PE,0:55:58,2:55:52,1:54:33,0:04:31,0:04:16,5:55:10,3358,10552,6873,271,256,21310,790,140,20,2090,608,59,1357,279,30,790,140,20,Finisher,2211
Katelyn,Brady,Katelyn Brady,498,F35-39,Female,Virginia Beach,VA,United States,US,0:41:44,2:44:59,2:15:06,0:06:08,0:07:13,5:55:10,2504,9899,8106,368,433,21310,791,141,22,1051,272,41,691,108,22,791,141,22,Finisher,2075
Alex,Odenwalder,Alex Odenwalder,2434,M35-39,Male,台北,Taipei City,United States,US,0:40:39,2:50:32,2:15:06,0:04:22,0:04:34,5:55:13,2439,10232,8106,262,274,21313,792,651,91,894,662,81,758,636,80,792,651,91,Finisher,1848
Caleb,Bulten,Caleb Bulten,624,M25-29,Male,Norfolk ,VIRGINIA,United States,US,0:38:30,2:59:11,2:05:37,0:06:09,0:05:52,5:55:19,2310,10751,7537,369,352,21319,793,652,129,629,471,100,983,817,151,793,652,129,Finisher,1702
Justin,Gravatt,Justin Gravatt,888,M45-49,Male,Chesterfield,VA,United States,US,0:35:33,2:38:14,2:33:02,0:03:56,0:04:39,5:55:25,2133,9494,9182,236,279,21325,794,653,62,312,233,17,319,288,31,794,653,62,Finisher,1961
Kevin,Chai,Kevin Chai,1743,M35-39,Male,Rockville,MD,United States,US,0:45:58,2:51:58,2:06:07,0:05:59,0:05:23,5:55:25,2758,10318,7567,359,323,21325,795,654,92,1569,1141,148,985,819,112,795,654,92,Finisher,1844
Trinity,Bivalacqua,Trinity Bivalacqua,2394,M50-54,Male,BALTIMORE,MD,United States,US,0:43:01,2:52:45,2:05:35,0:07:38,0:06:27,5:55:26,2581,10365,7535,458,387,21326,796,655,44,1246,913,60,973,810,59,796,655,44,Finisher,2095
Riley,Hicks,Riley Hicks,704,F25-29,Female,NEW YORK,NY,United States,US,0:42:03,3:03:08,2:00:19,0:04:43,0:05:14,5:55:27,2523,10988,7219,283,314,21327,797,142,30,1095,288,63,1172,224,41,797,142,30,Finisher,1979
Chris,Chivvis,Chris Chivvis,2326,M55-59,Male,BETHESDA,MD,United States,US,0:36:19,2:52:20,2:14:34,0:05:39,0:06:36,5:55:28,2179,10340,8074,339,396,21328,798,656,27,385,289,15,735,620,32,798,656,27,Finisher,2082
David,Umana Ramirez ,David Umana Ramirez,1682,M18-24,Male,Silver Spring,MD,Colombia,CO,0:46:03,2:53:36,2:06:04,0:05:28,0:04:23,5:55:35,2763,10416,7564,328,263,21335,799,657,104,1574,1143,198,1016,841,128,799,657,104,Finisher,1307
Eddie,Kunigonis,Eddie Kunigonis,2294,M40-44,Male,Alexandria,VA,United States,US,0:38:00,2:39:03,2:22:10,0:08:01,0:08:24,5:55:38,2280,9543,8530,481,504,21338,800,658,66,576,426,40,483,422,50,800,658,66,Finisher,1791
Ryan,Burrows,Ryan Burrows,1608,M25-29,Male,Columbus,Ohio,United States,US,0:39:35,2:47:05,2:19:26,0:04:34,0:05:02,5:55:41,2375,10025,8366,274,302,21341,801,659,130,768,575,121,637,539,100,801,659,130,Finisher,1696
Justin,Myers,Justin Myers,6001,M45-49,Male,Eldersburg,MARYLAND,United States,US,0:37:19,2:40:56,2:27:19,0:05:35,0:04:36,5:55:45,2239,9656,8839,335,276,21345,802,660,63,489,365,28,460,401,43,802,660,63,Finisher,1955
Alexander,Cain,Alexander Cain,1149,M30-34,Male,Baltimore,Maryland,United States,US,0:38:06,3:11:51,1:56:07,0:05:39,0:04:09,5:55:51,2286,11511,6967,339,249,21351,803,661,115,585,435,69,1336,1062,162,803,661,115,Finisher,1575
Christopher,Gamio,Christopher Gamio,573,M35-39,Male,Quakertown,Pennsylvania,United States,US,0:39:34,2:47:37,2:10:30,0:08:10,0:10:01,5:55:52,2374,10057,7830,490,601,21352,804,662,93,766,574,69,753,633,79,804,662,93,Finisher,1836
Jonathan,Hubble,Jonathan Hubble,115,M40-44,Male,Chesapeake,VA,United States,US,0:38:15,2:52:07,2:12:21,0:06:44,0:06:29,5:55:57,2295,10327,7941,404,389,21357,805,663,67,606,452,43,796,665,66,805,663,67,Finisher,1786
Gabe,Leary,Gabe Leary,1747,M25-29,Male,,,United States,US,0:40:44,2:56:04,2:07:45,0:05:34,0:05:54,5:56:00,2444,10564,7665,334,354,21360,806,664,131,905,668,136,946,787,147,806,664,131,Finisher,1690
Kacey,Carrig,Kacey Carrig,2251,M30-34,Male,Watchung,New Jersey,United States,US,0:41:13,2:40:43,2:22:26,0:06:31,0:05:11,5:56:04,2473,9643,8546,391,311,21364,807,665,116,974,726,124,571,492,76,807,665,116,Finisher,1571
eduardo,pares,eduardo pares,1292,M60-64,,Skillman,NJ,Argentina,AR,0:43:18,2:48:01,2:16:45,0:04:03,0:03:58,5:56:06,2598,10081,8205,243,238,21366,808,666,17,1278,939,23,754,634,18,808,666,17,Finisher,2009
Matt,Feichtel,Matt Feichtel,1247,M50-54,Male,BETHLEHEM,PA,United States,US,0:42:56,2:42:23,2:14:30,0:09:07,0:07:15,5:56:12,2576,9743,8070,547,435,21372,809,667,45,1224,898,58,738,623,51,809,667,45,Finisher,2081
Parker,Lester,Parker Lester,2348,M30-34,Male,Washington,District of Columbia,United States,US,0:38:09,2:59:16,2:00:22,0:08:36,0:09:50,5:56:12,2289,10756,7222,516,590,21372,810,668,117,594,442,72,1044,862,138,810,668,117,Finisher,1569
Thomas,Lavelle,Thomas Lavelle,1675,M18-24,Male,Washington DC,US-DC,United States,US,0:32:36,2:53:02,2:16:55,0:05:46,0:07:55,5:56:14,1956,10382,8215,346,475,21374,811,669,105,144,109,26,645,547,88,811,669,105,Finisher,1295
Brian,Klemenz,Brian Klemenz,1504,M35-39,Male,Washington,DC,United States,US,0:47:52,2:45:23,2:08:34,0:08:00,0:06:34,5:56:24,2872,9923,7714,480,394,21384,812,670,94,1734,1252,164,915,757,106,812,670,94,Finisher,1827
Craig,Louis,Craig Louis,560,M60-64,Male,Arlington,US-TX,United States,US,0:46:29,2:18:59,2:38:48,0:05:36,0:06:33,5:56:25,2789,8339,9528,336,393,21385,813,671,18,1617,1173,33,191,175,6,813,671,18,Finisher,2003
Justin,Ramirez,Justin Ramirez,825,M40-44,Male,Colts Neck,New Jersey,United States,US,0:41:50,2:43:57,2:18:18,0:05:36,0:06:45,5:56:26,2510,9837,8298,336,405,21386,814,672,68,1063,786,73,643,545,57,814,672,68,Finisher,1777
Daniel,Bogota,Daniel Bogota,621,M40-44,Male,MANASQUAN,NJ,United States,US,0:41:48,2:47:56,2:18:03,0:03:37,0:05:01,5:56:26,2508,10076,8283,217,301,21386,815,673,69,1058,782,72,711,600,60,815,673,69,Finisher,1777
Spencer,Day,Spencer Day,1729,M18-24,Male,West Caldwell,New Jersey,United States,US,0:39:48,3:07:55,2:00:44,0:04:01,0:04:01,5:56:29,2388,11275,7244,241,241,21389,816,674,106,794,591,112,1218,981,152,816,674,106,Finisher,1291
Katerina,Parmele,Katerina Parmele,1063,F55-59,Female,Edgewater,MD,United States,US,0:42:15,2:53:48,2:11:41,0:04:43,0:04:03,5:56:30,2535,10428,7901,283,243,21390,817,143,7,1128,295,11,903,154,10,817,143,7,Finisher,2557
Robert,Lang,Robert Lang,2321,M45-49,Male,Swanbourne,WA,Australia,AU,0:40:15,2:32:50,2:33:46,0:05:17,0:04:24,5:56:32,2415,9170,9226,317,264,21392,818,675,64,845,622,52,330,299,34,818,675,64,Finisher,1941
Wyatt,Granger,Wyatt Granger,1813,M25-29,Male,Elkton,US-MD,United States,US,0:44:24,2:52:33,2:12:31,0:03:36,0:03:39,5:56:42,2664,10353,7951,216,219,21402,819,676,132,1403,1027,208,897,744,136,819,676,132,Finisher,1677
Darya,Macmillan,Darya Macmillan,1147,F18-24,Female,Arlington,Virginia,United States,US,0:45:15,2:53:11,2:04:24,0:08:25,0:05:29,5:56:45,2715,10391,7464,505,329,21405,820,144,16,1489,403,51,1069,192,19,820,144,16,Finisher,2004
Andres,Diaz,Andres Diaz,1361,M40-44,Male,Whitby,ON,Canada,CA,0:46:31,2:51:41,2:06:28,0:05:37,0:06:29,5:56:46,2791,10301,7588,337,389,21406,821,677,70,1618,1174,104,982,816,83,821,677,70,Finisher,1771
Alexander,Thillet,Alexander Thillet,2369,M18-24,Male,Arlington,Virginia,United States,US,0:48:57,2:57:47,1:57:46,0:05:34,0:06:47,5:56:51,2937,10667,7066,334,407,21411,822,678,107,1809,1299,216,1232,991,155,822,678,107,Finisher,1284
Joseph,Szczerba,Joseph Szczerba,1657,M25-29,Male,Wilmington,Delaware,United States,US,0:36:49,2:52:06,2:18:38,0:04:42,0:04:37,5:56:52,2209,10326,8318,282,277,21412,823,679,133,432,323,72,717,606,114,823,679,133,Finisher,1674
Luca,Carboy,Luca Carboy,1008,M18-24,Male,Lansdale,Pennsylvania,United States,US,0:39:17,3:00:32,2:07:49,0:05:05,0:04:10,5:56:52,2357,10832,7669,305,250,21412,824,680,108,735,550,105,1004,834,127,824,680,108,Finisher,1284
Cynthia,Yee,Cynthia Yee,1745,F25-29,Female,Los Altos,CA,United States,US,0:35:19,2:57:50,2:14:20,0:04:42,0:04:55,5:57:05,2119,10670,8060,282,295,21425,825,145,31,295,73,25,820,140,24,825,145,31,Finisher,1950
Matthew,Murdock,Matthew Murdock,2114,M25-29,Male,Spring,Texas,United States,US,0:34:02,3:09:53,2:04:19,0:04:54,0:03:58,5:57:05,2042,11393,7459,294,238,21425,826,681,134,222,165,48,1134,920,171,826,681,134,Finisher,1670
Charlie,Berkinshaw,Charlie Berkinshaw,325,M45-49,Male,Arlington,VA,United States,US,0:39:32,3:04:10,1:59:14,0:07:01,0:07:18,5:57:14,2372,11050,7154,421,438,21434,827,682,65,761,570,45,1192,965,81,827,682,65,Finisher,1929
Sujan ,Sureender,Sujan Sureender,640,M18-24,Male,Puducherry ,Puducherry ,India,IN,0:53:28,2:49:55,2:04:25,0:05:25,0:04:03,5:57:16,3208,10195,7465,325,243,21436,828,683,109,2032,1447,233,1133,919,139,828,683,109,Finisher,1277
Laura,Taylor,Laura Taylor,914,F50-54,Female,KEY BISCAYNE,FL,United States,US,0:39:48,2:49:34,2:12:18,0:06:46,0:08:57,5:57:23,2388,10174,7938,406,537,21443,829,146,9,796,204,7,780,124,7,829,146,9,Finisher,2636
Josh,SomdeCerff,Josh SomdeCerff,932,M30-34,Male,Saint Petersburg,Florida,United States,US,0:42:09,2:49:35,2:12:00,0:07:24,0:06:15,5:57:23,2529,10175,7920,444,375,21443,830,684,118,1109,819,136,855,711,110,830,684,118,Finisher,1548
Shane,Neyer,Shane Neyer,2207,M18-24,Male,Stamford,Connecticut,United States,US,0:32:33,2:52:19,2:17:39,0:07:18,0:07:38,5:57:26,1953,10339,8259,438,458,21446,831,685,110,139,104,25,665,561,90,831,685,110,Finisher,1274
Reagan,Thomson ,Reagan Thomson,2176,F25-29,Female,Chatham Township,New Jersey,United States,US,0:42:10,2:57:27,2:03:00,0:06:54,0:08:03,5:57:34,2530,10647,7380,414,483,21454,832,147,32,1116,292,66,1058,187,34,832,147,32,Finisher,1941
Alex,Mcgonagle,Alex Mcgonagle,657,M25-29,Male,Chevy Chase,MD,United States,US,0:44:12,2:57:49,1:59:05,0:08:11,0:08:19,5:57:35,2652,10669,7145,491,499,21455,833,686,135,1381,1011,204,1178,953,181,833,686,135,Finisher,1661
Jackson,Hite,Jackson Hite,496,M18-24,Male,FAIRFAX,VA,United States,US,0:38:57,3:08:47,1:57:23,0:06:00,0:06:33,5:57:39,2337,11327,7043,360,393,21459,834,687,111,679,511,99,1279,1025,160,834,687,111,Finisher,1270
Peter,Conti-Brown,Peter Conti-Brown,180,M45-49,Male,Ambler,PA,United States,US,0:52:03,2:40:55,2:09:05,0:08:17,0:07:20,5:57:40,3123,9655,7745,497,440,21460,835,688,66,1974,1404,111,914,756,73,835,688,66,Finisher,1921
Iris,Klionsky,Iris Klionsky,1488,F35-39,Female,Cedar Park,TX,United States,US,0:33:15,2:53:11,2:20:05,0:05:27,0:05:42,5:57:40,1995,10391,8405,327,342,21460,836,148,23,180,44,10,657,104,21,836,148,23,Finisher,2030
Nicole,Killeen,Nicole Killeen,1651,F25-29,Female,Chicago,IL,United States,US,0:40:31,2:53:53,2:10:44,0:05:49,0:06:42,5:57:40,2431,10433,7844,349,402,21460,837,149,33,877,230,54,889,152,28,837,149,33,Finisher,1939
Jeffrey,Smith,Jeffrey Smith,969,M55-59,Male,Watertown,NY,United States,US,0:43:19,2:32:34,2:23:06,0:08:20,0:10:27,5:57:46,2599,9154,8586,500,627,21466,838,689,28,1284,943,58,469,409,23,838,689,28,Finisher,2040
Jonathan,KOREN,Jonathan KOREN,124,M45-49,Male,Brooklyn,NY,United States,US,0:48:33,2:23:55,2:28:06,0:07:23,0:09:50,5:57:47,2913,8635,8886,443,590,21467,839,690,67,1782,1279,99,362,325,38,839,690,67,Finisher,1919
Charles,Eckman,Charles Eckman,1459,M65-69,Male,Dallas,PA,United States,US,0:42:16,2:38:18,2:24:01,0:06:06,0:07:26,5:58:07,2536,9498,8641,366,446,21487,840,691,5,1130,835,10,517,448,4,840,691,5,Finisher,2932
Anthony,Forte,Anthony Forte,2172,M18-24,Male,Somers Point,NJ,United States,US,0:42:26,3:04:10,1:56:02,0:08:43,0:06:46,5:58:07,2546,11050,6962,523,406,21487,841,692,112,1156,852,149,1327,1057,166,841,692,112,Finisher,1261
Elizabeth,Guerriero,Elizabeth Guerriero,551,F40-44,Female,Hewitt,NJ,United States,US,0:33:30,3:02:41,2:11:54,0:04:53,0:05:14,5:58:13,2010,10961,7914,293,314,21493,842,150,21,190,48,4,911,158,18,842,150,21,Finisher,2156
Marcelo,Garcia,Marcelo Garcia,2076,M18-24,Male,McAllen,TX,Mexico,MX,0:38:27,3:00:06,2:11:39,0:03:48,0:04:13,5:58:13,2307,10806,7899,228,253,21493,843,693,113,624,468,91,944,786,119,843,693,113,Finisher,1259
Caroline,Tyrrell,Caroline Tyrrell,1387,F25-29,Female,Davidsonville,MD,United States,US,0:36:20,2:54:18,2:19:03,0:03:53,0:04:46,5:58:20,2180,10458,8343,233,286,21500,844,151,34,388,97,31,742,118,21,844,151,34,Finisher,1927
Peter,Gauthier,Peter Gauthier,1751,M18-24,Male,Winchester,Connecticut,United States,US,0:31:59,2:55:59,2:21:19,0:04:21,0:04:46,5:58:24,1919,10559,8479,261,286,21504,845,694,114,109,79,22,671,566,93,845,694,114,Finisher,1256
Micah,Yost,Micah Yost,1077,M18-24,Male,Stanardsville,Virginia,United States,US,0:35:52,2:43:21,2:29:12,0:04:28,0:05:34,5:58:28,2152,9801,8952,268,334,21508,846,695,115,345,259,59,456,397,57,846,695,115,Finisher,1255
David,Purkert,David Purkert,2463,M35-39,Male,Alexandria,VA,United States,US,0:38:20,2:53:00,2:16:40,0:06:34,0:03:55,5:58:29,2300,10380,8200,394,235,21509,847,696,95,612,458,48,823,683,90,847,696,95,Finisher,1789
Carmel,Coyne,Carmel Coyne,208,F50-54,Female,Galway,Galway,Ireland,IE,0:44:19,2:52:59,2:09:37,0:05:27,0:06:07,5:58:29,2659,10379,7777,327,367,21509,848,152,10,1394,373,19,957,162,12,848,152,10,Finisher,2616
Connor,Schmid,Connor Schmid,328,M30-34,Male,Dover,Delaware,United States,US,0:39:00,2:59:01,2:09:47,0:05:14,0:05:33,5:58:34,2340,10741,7787,314,333,21514,849,697,119,686,517,87,970,807,131,849,697,119,Finisher,1526
Nicolas,Pogu,Nicolas Pogu,627,M40-44,Male,SAN DIEGO,CA,United States,US,0:37:12,2:32:49,2:39:45,0:03:19,0:05:32,5:58:36,2232,9169,9585,199,332,21516,850,698,71,477,357,36,237,217,23,850,698,71,Finisher,1738
Turner,Davis,Turner Davis,600,M25-29,Male,Essex,Connecticut,United States,US,0:37:14,2:54:51,2:06:07,0:09:55,0:10:34,5:58:41,2234,10491,7567,595,634,21521,851,699,136,481,361,80,936,778,143,851,699,136,Finisher,1642
Travis,Boatright,Travis Boatright,1311,M30-34,Male,Philadelphia,Pennsylvania,United States,US,0:41:31,3:00:36,2:04:01,0:06:09,0:06:26,5:58:41,2491,10836,7441,369,386,21521,852,700,120,1019,755,127,1115,907,144,852,700,120,Finisher,1524
Steven,Tortora,Steven Tortora,681,M18-24,Male,Guilford,CT,United States,US,0:43:00,2:44:09,2:21:13,0:05:03,0:05:17,5:58:42,2580,9849,8473,303,317,21522,853,701,116,1242,911,162,666,562,91,853,701,116,Finisher,1251
John,Wartonick,John Wartonick,837,M30-34,Male,Pittsburgh,PA,United States,US,0:45:00,2:51:49,2:06:55,0:09:18,0:05:41,5:58:43,2700,10309,7615,558,341,21523,854,702,121,1459,1063,164,1046,864,139,854,702,121,Finisher,1524
Frank,Bohn,Frank Bohn,1511,M35-39,Male,Conowingo,Maryland,United States,US,0:39:05,2:58:47,2:04:41,0:07:59,0:08:34,5:59:05,2345,10727,7481,479,514,21545,855,703,96,706,534,64,1036,857,118,855,703,96,Finisher,1778
Vicente,Idiaquez,Vicente Idiaquez,638,M35-39,Male,San Pedro Sula,Cortes,Honduras,HN,0:59:25,2:55:13,1:51:57,0:05:27,0:07:04,5:59:06,3565,10513,6717,327,424,21546,856,704,97,2157,1528,197,1463,1144,159,856,704,97,Finisher,1778
Ellie,Keck,Ellie Keck,2279,F25-29,Female,Palmyra ,Pennsylvania,United States,US,0:29:18,3:22:30,1:58:21,0:04:29,0:04:29,5:59:07,1758,12150,7101,269,269,21547,857,153,35,21,3,3,1355,278,59,857,153,35,Finisher,1913
Brett,Sweeney,Brett Sweeney,2298,M25-29,Male,Annapolis,US-MD,United States,US,0:41:57,3:18:03,1:47:07,0:06:19,0:05:43,5:59:09,2517,11883,6427,379,343,21549,858,705,137,1087,803,167,1591,1224,238,858,705,137,Finisher,1633
Michael,DeCarlo,Michael DeCarlo,1243,M18-24,Male,GOLDEN,Colorado,United States,US,0:43:14,2:57:17,2:08:28,0:04:41,0:05:37,5:59:16,2594,10637,7708,281,337,21556,859,706,117,1268,931,167,1018,843,129,859,706,117,Finisher,1241
Hannah,Tepper,Hannah Tepper,458,F25-29,Female,Stroudsburg,Pennsylvania,United States,US,0:35:15,3:12:45,2:01:40,0:05:14,0:04:45,5:59:38,2115,11565,7300,314,285,21578,860,154,36,291,70,24,1262,249,48,860,154,36,Finisher,1904
Dustin,Byrum,Dustin Byrum,1194,M50-54,Male,Falls Church,VA,United States,US,0:45:24,2:47:58,2:13:22,0:08:02,0:04:55,5:59:42,2724,10078,8002,482,295,21582,861,707,46,1507,1102,75,920,762,57,861,707,46,Finisher,2018
Alejandro,Neira,Alejandro Neira,2400,M35-39,Male,New York,NY,Ecuador,EC,0:41:37,3:04:53,2:00:31,0:07:13,0:05:29,5:59:43,2497,11093,7231,433,329,21583,862,708,98,1035,768,95,1278,1024,147,862,708,98,Finisher,1767
Benjamin,Radus,Benjamin Radus,2004,M18-24,Male,Arlington,Virginia,United States,US,0:43:33,2:49:59,2:14:54,0:06:36,0:04:43,5:59:45,2613,10199,8094,396,283,21585,863,709,118,1308,960,173,883,733,108,863,709,118,Finisher,1232
Scott,Fulton,Scott Fulton,1011,M55-59,Male,Washington,DC,United States,US,0:38:24,2:37:38,2:33:23,0:05:19,0:05:04,5:59:48,2304,9458,9203,319,304,21588,864,710,29,617,462,26,413,367,21,864,710,29,Finisher,2004
Drew,Peterson,Drew Peterson,2066,M18-24,Male,Sterling,Virginia,United States,US,0:38:14,2:59:05,2:11:56,0:05:41,0:05:05,6:00:00,2294,10745,7916,341,305,21600,865,711,119,603,450,89,962,800,121,865,711,119,Finisher,1227
Dante,Smith,Dante Smith,166,M25-29,Male,Chicago,Illinois,United States,US,0:31:53,3:11:31,2:07:50,0:04:39,0:04:14,6:00:06,1913,11491,7670,279,254,21606,866,712,138,100,71,20,1110,903,167,866,712,138,Finisher,1616
Nowel John,Caya,Nowel John Caya,762,M25-29,Male,Sunnyside,NY,Philippines,PH,0:48:18,2:43:09,2:17:42,0:04:24,0:06:38,6:00:11,2898,9789,8262,264,398,21611,867,713,139,1762,1271,256,768,646,121,867,713,139,Finisher,1615
Bobby,Rush,Bobby Rush,1023,M25-29,Male,Philadelphia,Pennsylvania,United States,US,0:28:57,2:55:05,2:26:35,0:05:02,0:04:32,6:00:11,1737,10505,8795,302,272,21611,868,714,140,15,14,5,582,499,91,868,714,140,Finisher,1615
Joshua,McGinnis,Joshua McGinnis,1090,M25-29,Male,Powell,TN,United States,US,0:46:48,2:56:06,2:07:23,0:04:50,0:05:06,6:00:14,2808,10566,7643,290,306,21614,869,715,141,1642,1188,241,1104,899,166,869,715,141,Finisher,1614
Erin,Hendricks,Erin Hendricks,1282,F40-44,Female,Fredericksburg,VA,United States,US,0:34:09,3:08:03,2:03:33,0:07:21,0:07:08,6:00:14,2049,11283,7413,441,428,21614,870,155,22,227,59,6,1159,220,21,870,155,22,Finisher,2120
Erin,Tobin,Erin Tobin,2423,F45-49,Female,NEW YORK,NY,United States,US,0:39:38,2:54:33,2:12:45,0:05:42,0:07:39,6:00:17,2378,10473,7965,342,459,21617,871,156,19,777,196,19,875,148,20,871,156,19,Finisher,2513
Martín ,Harari,Martín Harari,1483,M35-39,Male,Wayne,Pennsylvania,Argentina,AR,0:46:07,2:47:18,2:16:32,0:05:33,0:04:53,6:00:23,2767,10038,8192,333,293,21623,872,716,99,1582,1149,150,851,707,96,872,716,99,Finisher,1755
Josh,Green,Josh Green,908,M40-44,Male,River Edge,NJ,United States,US,0:43:01,2:49:00,2:12:26,0:06:57,0:09:00,6:00:24,2581,10140,7946,417,540,21624,873,717,72,1244,912,86,850,706,73,873,717,72,Finisher,1706
Matthew,Morris,Matthew Morris,2486,M18-24,Male,Alexandria,VA,United States,US,0:31:53,2:55:08,2:21:33,0:05:41,0:06:10,6:00:25,1913,10508,8493,341,370,21625,874,718,120,102,73,20,681,575,94,874,718,120,Finisher,1220
Laurent,Lavigne,Laurent Lavigne,1415,M25-29,Male,Montréal,QC,Canada,CA,0:40:22,2:43:49,2:24:46,0:07:22,0:04:10,6:00:29,2422,9829,8686,442,250,21629,875,719,142,856,630,129,651,551,102,875,719,142,Finisher,1609
Benjamin,Smith,Benjamin Smith,78,M35-39,Male,Baltimore,Maryland,United States,US,0:51:47,2:45:32,2:09:50,0:07:13,0:06:11,6:00:33,3107,9932,7790,433,371,21633,876,720,100,1958,1391,184,996,827,113,876,720,100,Finisher,1752
Nathalie,Evans,Nathalie Evans,381,F45-49,Female,Virginia Beach,VA,United States,US,0:36:59,2:49:08,2:26:29,0:04:17,0:03:39,6:00:33,2219,10148,8789,257,219,21633,877,157,20,452,115,10,618,93,13,877,157,20,Finisher,2509
Roger,Evans,Roger Evans,2238,M55-59,Male,Lincoln University,PA,United States,US,0:40:13,2:53:34,2:15:35,0:05:46,0:05:27,6:00:35,2413,10414,8135,346,327,21635,878,721,30,842,620,33,862,717,42,878,721,30,Finisher,1990
William,Corbett,William Corbett,1661,M18-24,Male,Basking Ridge,New Jersey,United States,US,0:41:26,3:03:03,2:06:21,0:04:42,0:05:10,6:00:42,2486,10983,7581,282,310,21642,879,722,121,1006,746,133,1147,932,141,879,722,121,Finisher,1215
Rabea,Pfaff,Rabea Pfaff,971,F25-29,Female,Lincoln Univeristy,PA,United States,US,0:31:41,3:06:40,2:09:12,0:05:59,0:07:11,6:00:43,1901,11200,7752,359,431,21643,880,158,37,89,27,10,995,169,31,880,158,37,Finisher,1884
Aaron,Liebert,Aaron Liebert,1196,M50-54,Male,Arlington,VA,United States,US,0:39:02,2:48:44,2:19:26,0:06:31,0:07:01,6:00:44,2342,10124,8366,391,421,21644,881,723,47,697,526,30,734,619,50,881,723,47,Finisher,2000
Eric,Kania,Eric Kania,983,M50-54,Male,Howell Township,NJ,United States,US,0:47:48,2:52:26,2:05:56,0:07:47,0:06:53,6:00:49,2868,10346,7556,467,413,21649,882,724,48,1724,1245,88,1109,902,67,882,724,48,Finisher,1998
Christopher,Bettwy,Christopher Bettwy,1224,M35-39,Male,NOTTINGHAM,MD,United States,US,0:42:24,2:52:22,2:16:53,0:04:24,0:04:50,6:00:53,2544,10342,8213,264,290,21653,883,725,101,1151,849,108,856,712,98,883,725,101,Finisher,1746
Lauren,Kelly,Lauren Kelly,1128,F35-39,Female,BUFFALO,NY,United States,US,0:41:05,2:43:16,2:22:44,0:07:07,0:06:43,6:00:54,2465,9796,8564,427,403,21654,884,159,24,958,245,37,647,100,20,884,159,24,Finisher,1972
Matthew,Ferns,Matthew Ferns,1451,M35-39,Male,Crofton,MARYLAND,United States,US,0:43:03,2:48:12,2:19:43,0:05:02,0:05:00,6:01:00,2583,10092,8383,302,300,21660,885,726,102,1252,918,116,784,658,84,885,726,102,Finisher,1744
Juho,Bay,Juho Bay,1876,M18-24,Male,Ellicott City,US-MD,United States,US,0:38:55,2:39:41,2:24:59,0:06:46,0:10:41,6:01:02,2335,9581,8699,406,641,21662,886,727,122,674,506,96,488,426,62,886,727,122,Finisher,1209
Spencer,Baron,Spencer Baron,322,M30-34,Male,Sarasota,Florida,United States,US,0:49:14,2:53:44,2:08:58,0:04:40,0:04:35,6:01:11,2954,10424,7738,280,275,21671,887,728,122,1826,1310,206,1099,897,141,887,728,122,Finisher,1479
Sara,Cosenza,Sara Cosenza,2350,F30-34,Female,Fairfax,VA,United States,US,0:36:15,2:57:29,2:11:47,0:06:25,0:09:17,6:01:13,2175,10649,7907,385,557,21673,888,160,21,381,95,13,886,151,19,888,160,21,Finisher,2206
Huan,Shu,Huan Shu,1236,M40-44,Male,Cary,NC,China,CN,0:44:58,2:48:42,2:16:53,0:04:42,0:06:04,6:01:20,2698,10122,8213,282,364,21680,889,729,73,1456,1061,98,840,699,71,889,729,73,Finisher,1689
Emily,Kahn-Perry,Emily Kahn-Perry,1231,F30-34,Female,Washington,US-DC,United States,US,0:35:28,3:07:18,2:07:09,0:05:37,0:05:53,6:01:26,2128,11238,7629,337,353,21686,890,161,22,306,77,9,1118,211,30,890,161,22,Finisher,2202
Jess,Fassler,Jess Fassler,2523,M45-49,Male,UNIVERSITY PARK,MD,United States,US,0:39:35,3:08:14,2:00:46,0:06:33,0:06:21,6:01:29,2375,11294,7246,393,381,21689,891,730,68,771,578,46,1294,1038,87,891,730,68,Finisher,1852
Harshita,Jain,Harshita Jain,2515,F25-29,Female,Edison,NJ,United States,US,0:44:21,3:08:36,1:53:43,0:07:16,0:07:33,6:01:29,2661,11316,6823,436,453,21689,892,162,38,1396,374,86,1465,320,67,892,162,38,Finisher,1871
Erika,Leimkuhler,Erika Leimkuhler,133,F18-24,Female,Sykesville,Maryland,United States,US,0:36:51,3:05:07,2:10:15,0:04:45,0:04:35,6:01:34,2211,11107,7815,285,275,21694,893,163,17,439,112,16,1061,188,18,893,163,17,Finisher,1917
Lauren,Macpherson,Lauren Macpherson,1126,F35-39,Female,BUFFALO,NY,United States,US,0:48:47,2:50:28,2:07:28,0:05:50,0:09:02,6:01:36,2927,10228,7648,350,542,21696,894,164,25,1793,505,72,1014,174,29,894,164,25,Finisher,1959
Ryan,Hunt,Ryan Hunt,1509,M25-29,Male,Brooklyn,New York,United States,US,0:38:53,3:16:44,1:56:52,0:04:34,0:04:34,6:01:37,2333,11804,7012,274,274,21697,895,731,143,673,505,108,1464,1145,222,895,731,143,Finisher,1589
Mariela,Rojas Q,Mariela Rojas Q,1663,F35-39,Female,San Jose,San José,Costa Rica,CR,0:44:45,3:02:20,2:04:08,0:04:52,0:05:33,6:01:38,2685,10940,7448,292,333,21698,896,165,26,1439,390,58,1225,239,39,896,165,26,Finisher,1958
Casey,Kuhn,Casey Kuhn,544,M50-54,Male,Ambler,PA,United States,US,0:38:09,2:44:49,2:28:40,0:05:00,0:05:15,6:01:54,2289,9889,8920,300,315,21714,897,732,49,593,441,27,556,479,39,897,732,49,Finisher,1979
Paul,Ikemire,Paul Ikemire,2079,M45-49,Male,Exeter,NH,United States,US,0:44:16,2:34:44,2:33:36,0:04:57,0:04:21,6:01:55,2656,9284,9216,297,261,21715,898,733,69,1389,1018,82,461,402,44,898,733,69,Finisher,1844
Nikki,Hamon,Nikki Hamon,447,F25-29,Female,Groton,Connecticut,United States,US,0:46:33,2:54:48,2:13:19,0:03:40,0:03:35,6:01:56,2793,10488,7999,220,215,21716,899,166,39,1622,446,99,1012,173,32,899,166,39,Finisher,1862
Tom,Cahill,Tom Cahill,1010,M50-54,Male,Hawthorn Woods,IL,United States,US,0:41:32,2:46:55,2:24:48,0:04:43,0:04:16,6:02:13,2492,10015,8688,283,256,21733,900,734,50,1022,758,45,706,596,48,900,734,50,Finisher,1973
Patrick,Jones,Patrick Jones,1965,M30-34,Male,Henrico,Virginia,United States,US,0:42:14,2:54:41,2:13:03,0:06:03,0:06:12,6:02:13,2534,10481,7983,363,372,21733,901,735,123,1125,832,137,959,797,128,901,735,123,Finisher,1461
Julia,Martin,Julia Martin,2250,F30-34,Female,Fort George G. Meade,MD,United States,US,0:42:18,3:02:24,2:05:22,0:05:45,0:06:26,6:02:14,2538,10944,7522,345,386,21734,902,167,23,1134,297,55,1184,227,33,902,167,23,Finisher,2188
Austin,Athey,Austin Athey,631,M30-34,Male,Indialantic,FL,United States,US,0:44:01,3:03:56,2:03:45,0:05:23,0:05:10,6:02:15,2641,11036,7425,323,310,21735,903,736,124,1364,998,150,1266,1015,155,903,736,124,Finisher,1460
Robb,Nesbitt,Robb Nesbitt,1123,M55-59,Male,PUNXSUTAWNEY,PA,United States,US,0:40:57,3:01:54,2:02:33,0:07:10,0:09:47,6:02:20,2457,10914,7353,430,587,21740,904,737,31,939,696,39,1174,950,60,904,737,31,Finisher,1958
Jean,Compton,Jean Compton,394,F65-69,Female,Caledon East,ON,Canada,CA,0:37:27,2:55:15,2:15:59,0:07:11,0:06:42,6:02:33,2247,10515,8159,431,402,21753,905,168,1,505,127,2,876,149,1,905,168,1,Finisher,3500
Zachary,Esrig,Zachary Esrig,1253,M30-34,Male,New York,NY,United States,US,0:32:30,3:03:38,2:10:49,0:07:25,0:08:12,6:02:34,1950,11018,7849,445,492,21754,906,738,125,136,102,20,977,813,132,906,738,125,Finisher,1454
Justin,Finkel,Justin Finkel,1788,M18-24,Male,Cheshire,CT,United States,US,0:28:45,2:42:41,2:40:31,0:05:27,0:05:16,6:02:39,1725,9761,9631,327,316,21759,907,739,123,12,12,3,299,270,35,907,739,123,Finisher,1180
Scott,Chico,Scott Chico,172,M35-39,Male,Bridgewater,Virginia,United States,US,0:43:47,2:59:00,2:08:07,0:06:06,0:05:49,6:02:49,2627,10740,7687,366,349,21769,908,740,103,1340,982,126,1136,922,130,908,740,103,Finisher,1711
Hugh,Ogorman,Hugh Ogorman,680,M40-44,Male,BROOKLYN,NY,United States,US,0:43:42,2:49:41,2:16:19,0:06:45,0:06:23,6:02:50,2622,10181,8179,405,383,21770,909,741,74,1331,974,89,884,734,75,909,741,74,Finisher,1662
Lexi,Basantis,Lexi Basantis,2081,F30-34,Female,Ellicott City,MD,United States,US,0:37:55,2:52:00,2:24:05,0:04:43,0:04:20,6:03:03,2275,10320,8645,283,260,21783,910,169,24,563,144,28,744,119,14,910,169,24,Finisher,2173
Alec,Fatta,Alec Fatta,1861,M25-29,Male,Wrightsville,PA,United States,US,0:33:58,2:57:18,2:19:03,0:06:36,0:06:09,6:03:03,2038,10638,8343,396,369,21783,911,742,144,217,161,45,821,681,126,911,742,144,Finisher,1563
Nicholas,Broccoli,Nicholas Broccoli,2398,M35-39,Male,Lancaster,Pennsylvania,United States,US,0:48:01,3:02:05,1:57:29,0:08:31,0:07:12,6:03:18,2881,10925,7049,511,432,21798,912,743,104,1739,1254,165,1423,1120,153,912,743,104,Finisher,1703
Chelsea,Heier,Chelsea Heier,1502,F30-34,Female,Mission Viejo,California,United States,US,0:41:52,3:01:07,2:05:43,0:09:07,0:05:38,6:03:27,2512,10867,7543,547,338,21807,913,170,25,1069,278,52,1229,241,36,913,170,25,Finisher,2166
Kevin,Mcgill,Kevin Mcgill,700,M45-49,Male,Atlanta,GA,United States,US,0:36:39,2:50:32,2:25:23,0:04:54,0:06:00,6:03:29,2199,10232,8723,294,360,21809,914,744,70,417,312,22,662,558,61,914,744,70,Finisher,1816
Benjamin,Samuel,Benjamin Samuel,359,M50-54,Male,Leesburg,US-VA,United States,US,0:36:23,2:38:52,2:34:24,0:06:53,0:06:57,6:03:29,2183,9532,9264,413,417,21809,915,745,51,395,297,15,432,381,30,915,745,51,Finisher,1950
Edward,Zelezen,Edward Zelezen,1957,M50-54,Male,New York,NY,United States,US,0:47:47,3:08:05,1:55:15,0:05:57,0:06:28,6:03:32,2867,11285,6915,357,388,21812,916,746,52,1723,1244,87,1498,1168,84,916,746,52,Finisher,1949
Jane,McConnell,Jane McConnell,1818,F30-34,Female,Conshohocken,PA,United States,US,0:48:03,3:04:24,1:58:22,0:04:49,0:07:54,6:03:32,2883,11064,7102,289,474,21812,917,171,26,1741,486,85,1384,289,45,917,171,26,Finisher,2164
Rafael,Gonzalez,Rafael Gonzalez,1609,M35-39,Male,Guatemala,Guatemala,Guatemala,GT,0:35:35,2:40:02,2:36:26,0:05:46,0:05:44,6:03:33,2135,9602,9386,346,344,21813,918,747,105,314,234,20,414,368,52,918,747,105,Finisher,1698
ivan,dejesus,ivan dejesus,991,M18-24,Male,Hamburg,New York,United States,US,0:29:48,3:01:20,2:23:29,0:04:47,0:04:14,6:03:37,1788,10880,8609,287,254,21817,919,748,124,36,30,7,769,647,99,919,748,124,Finisher,1162
Mike,Martin,Mike Martin,685,M18-24,Male,Flowery Branch,GA,United States,US,0:42:48,3:07:55,2:02:26,0:05:43,0:04:57,6:03:49,2568,11275,7346,343,297,21829,920,749,125,1210,891,158,1361,1080,171,920,749,125,Finisher,1159
Arthur,Tonietto Lovato,Arthur Tonietto Lovato,2438,M30-34,Male,New York,NEW YORK,Brazil,BR,0:38:43,2:39:48,2:33:28,0:04:59,0:06:54,6:03:53,2323,9588,9208,299,414,21833,921,750,126,656,490,79,453,394,60,921,750,126,Finisher,1431
Rei,Silva,Rei Silva,2502,M25-29,Male,Las Vegas,NV,United States,US,0:44:44,2:55:17,2:11:32,0:06:07,0:06:21,6:04:02,2684,10517,7892,367,381,21842,922,751,145,1436,1047,213,1047,865,160,922,751,145,Finisher,1545
Christina,Cavalluzzo,Christina Cavalluzzo,2384,F18-24,Female,Doylestown,PA,United States,US,0:33:19,2:51:42,2:28:53,0:05:01,0:05:19,6:04:14,1999,10302,8933,301,319,21854,923,172,18,182,45,7,610,91,9,923,172,18,Finisher,1869
Brian,Quillin,Brian Quillin,320,M35-39,Male,Highland,Maryland,United States,US,0:53:23,2:49:12,2:13:27,0:04:18,0:04:00,6:04:20,3203,10152,8007,258,240,21860,924,752,106,2027,1443,189,1071,878,122,924,752,106,Finisher,1684
Zach,Shefska,Zach Shefska,137,M30-34,Male,Washington,US-DC,United States,US,0:41:28,3:05:57,2:02:09,0:08:35,0:06:16,6:04:26,2488,11157,7329,515,376,21866,925,753,127,1012,750,126,1347,1071,163,925,753,127,Finisher,1421
Nathan,Marocco,Nathan Marocco,1920,M40-44,Male,CHICAGO,IL,United States,US,0:46:25,2:58:40,2:09:57,0:03:56,0:05:27,6:04:27,2785,10720,7797,236,327,21867,926,754,75,1608,1167,103,1141,926,93,926,754,75,Finisher,1633
Jerome,Vaneberg,Jerome Vaneberg,2243,M40-44,Male,Vienna,VA,Madagascar,MG,0:40:58,3:01:13,2:10:00,0:06:43,0:05:36,6:04:31,2458,10873,7800,403,336,21871,927,755,76,944,700,64,1137,923,92,927,755,76,Finisher,1631
Scott,Matts,Scott Matts,1454,M40-44,Male,Wilmington,DE,United States,US,0:42:09,2:57:10,2:11:33,0:06:38,0:07:03,6:04:33,2529,10630,7893,398,423,21873,928,756,77,1110,820,78,1042,861,87,928,756,77,Finisher,1631
Nathan,Burns,Nathan Burns,861,M25-29,Male,Jamesville,NY,United States,US,0:41:53,3:02:09,2:08:16,0:07:15,0:05:04,6:04:37,2513,10929,7696,435,304,21877,929,757,146,1075,794,164,1205,972,188,929,757,146,Finisher,1535
Kyle,Morris,Kyle Morris,466,M25-29,Male,Lexington Park,Maryland,United States,US,0:41:40,3:05:02,2:05:32,0:05:12,0:07:13,6:04:40,2500,11102,7532,312,433,21880,930,758,147,1045,776,158,1223,985,189,930,758,147,Finisher,1534
Sebastian,Magana,Sebastian Magana,1906,M25-29,Male,Arlington,VA,United States,US,0:45:04,2:51:39,2:13:47,0:08:17,0:05:55,6:04:42,2704,10299,8027,497,355,21882,931,759,148,1472,1073,220,1009,837,154,931,759,148,Finisher,1533
Mason ,Robinette,Mason Robinette,1335,F18-24,Female,Washington,District of Columbia,United States,US,0:39:56,3:11:46,2:01:00,0:04:40,0:07:20,6:04:43,2396,11506,7260,280,440,21883,932,173,19,818,212,31,1359,281,27,932,173,19,Finisher,1861
Brian,McCloskey,Brian McCloskey,1834,M45-49,Male,Princeton,NJ,United States,US,0:40:50,2:59:40,2:14:41,0:04:34,0:04:59,6:04:44,2450,10780,8081,274,299,21884,933,760,71,923,681,58,1013,840,76,933,760,71,Finisher,1794
Bradley,Benjamin,Bradley Benjamin,1981,M40-44,Male,Arnold,MD,United States,US,0:37:33,2:54:15,2:24:53,0:04:39,0:03:29,6:04:49,2253,10455,8693,279,209,21889,934,761,78,525,392,37,787,660,64,934,761,78,Finisher,1626
Meg,Bowen,Meg Bowen,446,F25-29,Female,Baltimore,Maryland,United States,US,0:38:53,3:03:56,2:09:38,0:04:54,0:07:32,6:04:52,2333,11036,7778,294,452,21892,935,174,40,672,168,42,1103,205,39,935,174,40,Finisher,1810
Victoria,Lieb,Victoria Lieb,2005,F30-34,Female,Hoboken,New Jersey,United States,US,0:38:23,3:04:26,2:11:07,0:04:27,0:06:30,6:04:53,2303,11066,7867,267,390,21893,936,175,27,616,155,31,1086,199,28,936,175,27,Finisher,2140
Tony,Calderon,Tony Calderon,60,M35-39,Male,Fredericksburg,Virginia,United States,US,0:42:58,3:08:48,2:03:40,0:05:06,0:04:31,6:05:02,2578,11328,7420,306,271,21902,937,762,107,1235,906,114,1374,1089,150,937,762,107,Finisher,1671
Morgan,Myers,Morgan Myers,1892,F18-24,Female,Woodstock,VT,United States,US,0:38:39,2:54:12,2:21:04,0:04:09,0:07:01,6:05:06,2319,10452,8464,249,421,21906,938,176,20,645,162,26,795,131,13,938,176,20,Finisher,1854
Robert,Ackerman,Robert Ackerman,2275,M55-59,Male,Crozet,VA,United States,US,0:35:45,2:54:15,2:24:14,0:05:51,0:05:08,6:05:13,2145,10455,8654,351,308,21913,939,763,32,333,247,13,767,645,36,939,763,32,Finisher,1906
Gary,Ward,Gary Ward,128,M35-39,Male,Bethesda,MD,United States,US,0:44:14,2:45:32,2:19:22,0:08:13,0:07:53,6:05:14,2654,9932,8362,493,473,21914,940,764,108,1383,1012,130,826,686,91,940,764,108,Finisher,1668
Patrick,Walsh,Patrick Walsh,353,M55-59,Male,Bristow,Virginia,United States,US,0:38:49,2:40:38,2:34:53,0:05:05,0:05:54,6:05:18,2329,9638,9293,305,354,21918,941,765,33,666,499,28,476,416,25,941,765,33,Finisher,1905
Michael,Smith,Michael Smith,452,M30-34,Male,Westminster,Maryland,United States,US,0:49:48,3:06:17,2:00:54,0:04:11,0:04:17,6:05:28,2988,11177,7254,251,257,21928,942,766,128,1858,1329,210,1467,1147,179,942,766,128,Finisher,1402
Eileen,Neville,Eileen Neville,550,F55-59,Female,Ridgewood,NJ,United States,US,0:41:30,2:44:53,2:29:28,0:05:11,0:04:29,6:05:31,2490,9893,8968,311,269,21931,943,177,8,1017,263,10,652,101,6,943,177,8,Finisher,2394
Daniel,Garcia-Salas,Daniel Garcia-Salas,958,M50-54,Male,Guatemala,,Guatemala,GT,0:37:44,2:47:42,2:27:28,0:07:06,0:05:44,6:05:44,2264,10062,8848,426,344,21944,944,767,53,545,407,24,679,573,45,944,767,53,Finisher,1910
Joseph,King,Joseph King,1907,M55-59,Male,BETHLEHEM,PA,United States,US,0:38:37,2:48:45,2:27:27,0:05:31,0:05:39,6:05:58,2317,10125,8847,331,339,21958,945,768,34,641,482,27,692,584,29,945,768,34,Finisher,1893
Zachary,Glienke,Zachary Glienke,1518,M18-24,Male,Edgewater,MD,United States,US,0:43:17,2:54:39,2:17:07,0:06:03,0:04:56,6:06:01,2597,10479,8227,363,296,21961,946,769,126,1276,938,168,987,821,124,946,769,126,Finisher,1119
Bobby,Moore,Bobby Moore,168,M60-64,Male,BLUE POINT,NY,United States,US,0:36:26,2:47:42,2:28:05,0:06:37,0:07:21,6:06:10,2186,10062,8885,397,441,21970,947,770,19,398,299,10,628,533,17,947,770,19,Finisher,1828
Elizabeth,Gower,Elizabeth Gower,2045,F25-29,Female,Cambridge,MA,United States,US,0:42:34,3:07:13,2:03:49,0:05:19,0:07:19,6:06:15,2554,11233,7429,319,439,21975,948,178,41,1178,309,70,1320,268,55,948,178,41,Finisher,1785
Peter,Truog,Peter Truog,2569,M35-39,Male,Cleveland,OH,United States,US,0:41:57,3:01:01,2:05:57,0:08:48,0:08:31,6:06:15,2517,10861,7557,528,511,21975,949,771,109,1089,804,101,1220,982,139,949,771,109,Finisher,1649
Jimmy,Burton,Jimmy Burton,1567,M25-29,Male,Baltimore,Maryland,United States,US,0:32:03,2:55:27,2:29:01,0:05:12,0:04:36,6:06:19,1923,10527,8941,312,276,21979,950,772,149,113,83,22,680,574,106,950,772,149,Finisher,1504
Sean,O'Connor,Sean O'Connor,979,M25-29,Male,Nashville,TN,United States,US,0:38:42,2:54:51,2:19:57,0:06:03,0:06:48,6:06:20,2322,10491,8397,363,408,21980,951,773,150,651,486,105,864,719,132,951,773,150,Finisher,1504
Sam,Allard,Sam Allard,1882,M18-24,Male,Hingham,Massachusetts,United States,US,0:42:20,3:05:43,2:04:21,0:06:50,0:07:09,6:06:23,2540,11143,7461,410,429,21983,952,774,127,1141,844,145,1313,1048,163,952,774,127,Finisher,1112
Kyle,Pinkin,Kyle Pinkin,982,M18-24,Male,Westfield,NJ,United States,US,0:38:56,2:49:17,2:29:45,0:04:36,0:03:50,6:06:24,2336,10157,8985,276,230,21984,953,775,128,676,508,98,689,583,96,953,775,128,Finisher,1112
Dylan,Damer,Dylan Damer,1200,M18-24,Male,Culpeper,Virginia,United States,US,0:43:08,2:54:32,2:20:48,0:03:49,0:04:13,6:06:30,2588,10472,8448,229,253,21990,954,776,129,1256,921,165,921,763,116,954,776,129,Finisher,1110
David,Seidl,David Seidl,2456,M25-29,Male,Washington,District of Columbia,United States,US,0:48:56,3:20:29,1:44:37,0:06:22,0:06:09,6:06:33,2936,12029,6277,382,369,21993,955,777,151,1807,1298,264,1763,1320,257,955,777,151,Finisher,1500
Angelina,Heyse,Angelina Heyse,668,F30-34,Female,Conshohocken,PA,United States,US,0:35:36,2:52:03,2:29:53,0:04:12,0:04:59,6:06:42,2136,10323,8993,252,299,22002,956,179,28,317,82,10,656,103,12,956,179,28,Finisher,2107
Benjamin,Dobbs,Benjamin Dobbs,1099,M25-29,Male,Orefield,Pennsylvania,United States,US,0:45:16,2:57:21,2:13:03,0:06:02,0:05:06,6:06:49,2716,10641,7983,362,306,22009,957,778,152,1493,1090,224,1125,914,169,957,778,152,Finisher,1495
Tristan,Pickett,Tristan Pickett,735,M18-24,Male,HENRICO,VA,United States,US,0:35:00,3:08:08,2:12:47,0:05:57,0:04:58,6:06:50,2100,11288,7967,357,298,22010,958,779,130,276,209,49,1143,928,140,958,779,130,Finisher,1104
Michael,Laycock,Michael Laycock,1607,M25-29,Male,Haymarket,VA,United States,US,0:35:56,2:57:30,2:22:45,0:05:23,0:05:17,6:06:50,2156,10650,8565,323,317,22010,959,780,153,348,261,60,847,704,130,959,780,153,Finisher,1495
James,Cosgrove,James Cosgrove,373,M55-59,Male,CUMBERLAND,MD,United States,US,0:47:33,2:39:23,2:27:01,0:05:57,0:06:59,6:06:53,2853,9563,8821,357,419,22013,960,781,35,1705,1233,76,693,585,30,960,781,35,Finisher,1876
Blake ,Bandeff,Blake Bandeff,2199,M30-34,Male,Chatham,New Jersey,United States,US,0:51:48,2:59:38,2:03:41,0:06:15,0:05:34,6:06:56,3108,10778,7421,375,334,22016,961,782,129,1960,1392,218,1398,1105,172,961,782,129,Finisher,1376
Cameron,McCoy,Cameron McCoy,1078,M50-54,Male,Bernardsville,NJ,United States,US,0:39:55,2:59:09,2:14:57,0:07:59,0:05:14,6:07:14,2395,10749,8097,479,314,22034,962,783,54,815,604,37,1081,884,65,962,783,54,Finisher,1883
Oscar,Champigneulle,Oscar Champigneulle,1911,M25-29,Male,Brooklyn,New York,United States,US,0:41:34,3:07:28,2:06:14,0:06:47,0:05:10,6:07:14,2494,11248,7574,407,310,22034,963,784,154,1026,761,154,1343,1068,205,963,784,154,Finisher,1488
Kyle,Webster,Kyle Webster,1414,M25-29,Male,Washington,District of Columbia,United States,US,0:36:53,2:50:14,2:26:42,0:06:32,0:07:02,6:07:22,2213,10214,8802,392,422,22042,964,785,155,441,329,73,718,607,115,964,785,155,Finisher,1485
Paul,Davis,Paul Davis,1171,M25-29,Male,ALEXANDRIA,VA,United States,US,0:40:47,2:51:30,2:22:23,0:05:58,0:06:51,6:07:30,2447,10290,8543,358,411,22050,965,786,156,917,677,138,834,693,129,965,786,156,Finisher,1483
Laurel,Coleman,Laurel Coleman,894,F35-39,Female,WOODSTOWN,NJ,United States,US,0:40:42,2:46:33,2:28:01,0:06:00,0:06:14,6:07:30,2442,9993,8881,360,374,22050,966,180,27,901,236,35,708,111,24,966,180,27,Finisher,1853
Ryan,SEHER,Ryan SEHER,2403,M45-49,Male,New York,US-NY,United States,US,0:48:37,2:52:48,2:13:34,0:07:05,0:05:27,6:07:32,2917,10368,8014,425,327,22052,967,787,72,1786,1283,100,1121,910,80,967,787,72,Finisher,1743
Jake,Cronin,Jake Cronin,2482,M30-34,Male,New York,NY,United States,US,0:41:08,2:53:04,2:19:03,0:06:14,0:08:04,6:07:33,2468,10384,8343,374,484,22053,968,788,130,965,718,123,894,741,116,968,788,130,Finisher,1365
Alex,Choi,Alex Choi,2349,M25-29,Male,Baltimore,MD,United States,US,0:49:32,2:50:21,2:17:28,0:04:54,0:05:38,6:07:53,2972,10221,8248,294,338,22073,969,789,157,1840,1318,268,998,829,153,969,789,157,Finisher,1476
Andrew,Guilliams,Andrew Guilliams,1604,M40-44,Male,Baltimore,Maryland,United States,US,0:54:26,2:46:27,2:12:49,0:06:15,0:07:57,6:07:55,3266,9987,7969,375,477,22075,970,790,79,2057,1462,131,1082,885,89,970,790,79,Finisher,1570
Lucy,Resar,Lucy Resar,2036,F25-29,Female,Stevenson,Maryland,United States,US,0:35:23,3:00:15,2:21:59,0:05:21,0:05:11,6:08:09,2123,10815,8519,321,311,22089,971,181,42,299,75,27,907,156,30,971,181,42,Finisher,1751
Jennifer,Waszelewski,Jennifer Waszelewski,1825,F35-39,Female,SPARROWS PT,MD,United States,US,0:39:09,2:56:57,2:16:02,0:09:01,0:07:09,6:08:17,2349,10617,8162,541,429,22097,972,182,28,716,176,24,1015,175,30,972,182,28,Finisher,1839
Dahlia,Hirsh,Dahlia Hirsh,386,F18-24,Female,Naples,FL,United States,US,0:31:01,3:17:13,2:11:43,0:04:26,0:03:56,6:08:20,1861,11833,7903,266,236,22100,973,183,21,68,17,2,1244,245,25,973,183,21,Finisher,1796
Nathan,Hargraves,Nathan Hargraves,796,M35-39,Male,Houston,PA,United States,US,0:41:37,2:45:31,2:27:48,0:07:39,0:05:47,6:08:21,2497,9931,8868,459,347,22101,974,791,110,1036,769,96,746,627,77,974,791,110,Finisher,1612
Karla ,Martucci ,Karla Martucci,1286,F35-39,Female,Miami,Florida,United States,US,0:47:02,3:03:54,2:08:40,0:03:51,0:04:57,6:08:24,2822,11034,7720,231,297,22104,975,184,29,1667,461,65,1309,264,40,975,184,29,Finisher,1837
Matthew,Grasso,Matthew Grasso,1103,M18-24,Male,Hammonton,New Jersey,United States,US,0:45:43,2:39:37,2:29:36,0:09:30,0:04:00,6:08:26,2743,9577,8976,570,240,22106,976,792,131,1541,1125,194,747,628,98,976,792,131,Finisher,1076
Alexandra,St. Romain,Alexandra St. Romain,1853,F30-34,Female,ROCKVILLE,MD,United States,US,0:45:38,3:00:58,2:10:38,0:05:49,0:05:34,6:08:38,2738,10858,7838,349,334,22118,977,185,29,1529,411,74,1235,242,37,977,185,29,Finisher,2072
Cassie,Calia,Cassie Calia,949,F30-34,Female,PHILADELPHIA,PA,United States,US,0:39:54,3:12:07,2:06:56,0:05:27,0:04:14,6:08:39,2394,11527,7616,327,254,22119,978,186,30,809,210,39,1392,292,46,978,186,30,Finisher,2072
Hannarae,Heasley,Hannarae Heasley,450,F25-29,Female,Monterey,CA,United States,US,0:38:42,2:54:17,2:28:34,0:03:45,0:03:25,6:08:42,2322,10457,8914,225,205,22122,979,187,43,652,166,41,792,130,22,979,187,43,Finisher,1741
Bruce,Beckmann,Bruce Beckmann,1757,M35-39,Male,Madison,Connecticut,United States,US,0:40:25,3:05:12,2:09:18,0:06:52,0:06:58,6:08:44,2425,11112,7758,412,418,22124,980,793,111,862,636,77,1237,995,141,980,793,111,Finisher,1605
Justin,Wychunis,Justin Wychunis,1763,M40-44,Male,GILBERTSVILLE,PA,United States,US,0:49:13,2:44:52,2:17:27,0:09:50,0:07:31,6:08:53,2953,9892,8247,590,451,22133,981,794,80,1825,1309,117,986,820,84,981,794,80,Finisher,1553
Amie,Weber,Amie Weber,611,F45-49,Female,Rockville Centre,NY,United States,US,0:44:00,2:54:19,2:20:47,0:04:02,0:05:47,6:08:55,2640,10459,8447,242,347,22135,982,188,21,1362,366,32,945,159,21,982,188,21,Finisher,2358
Sam,Broughton,Sam Broughton,926,M30-34,Male,Virginia Beach,VA,United States,US,0:44:36,3:11:45,1:53:47,0:09:32,0:09:16,6:08:56,2676,11505,6827,572,556,22136,983,795,131,1422,1037,157,1582,1218,195,983,795,131,Finisher,1340
Nicolas,Libreros,Nicolas Libreros,2306,M25-29,Male,Houston,TX,United States,US,0:33:52,2:53:30,2:31:58,0:05:36,0:04:11,6:09:06,2032,10410,9118,336,251,22146,984,796,158,211,157,43,700,591,109,984,796,158,Finisher,1454
Ethan,Lipset,Ethan Lipset,954,M18-24,Male,Boston,Massachusetts,United States,US,0:47:32,2:58:05,2:10:28,0:05:46,0:07:16,6:09:07,2852,10685,7828,346,436,22147,985,797,132,1703,1231,207,1209,975,150,985,797,132,Finisher,1063
Audrey,Lewis,Audrey Lewis,267,F25-29,Female,Boston,Massachusetts,United States,US,0:41:31,3:06:07,2:08:45,0:06:57,0:05:49,6:09:08,2491,11167,7725,417,349,22148,986,189,44,1018,264,59,1301,260,50,986,189,44,Finisher,1733
Martin,Strauch,Martin Strauch,106,M40-44,Male,Washington,DC,Argentina,AR,0:46:50,2:38:32,2:32:56,0:06:09,0:04:44,6:09:10,2810,9512,9176,369,284,22150,987,798,81,1646,1191,106,648,548,58,987,798,81,Finisher,1548
Colin,Goldfinch,Colin Goldfinch,2051,M40-44,Male,WASHINGTON,DC,United States,US,0:47:51,2:47:40,2:18:14,0:06:36,0:08:51,6:09:12,2871,10060,8294,396,531,22152,988,799,82,1731,1250,112,940,782,79,988,799,82,Finisher,1547
Liam,Dennehy,Liam Dennehy,1448,M18-24,Male,Milford,DELAWARE,United States,US,0:37:47,3:15:23,2:04:31,0:05:04,0:06:29,6:09:14,2267,11723,7471,304,389,22154,989,800,133,551,411,80,1415,1115,175,989,800,133,Finisher,1061
Karina,Savchenko,Karina Savchenko,2535,F30-34,Female,Arlington,VA,United States,US,0:51:28,3:05:22,2:01:19,0:05:29,0:05:43,6:09:22,3088,11122,7279,329,343,22162,990,190,31,1948,563,94,1503,333,51,990,190,31,Finisher,2059
Maggie,Mallon,Maggie Mallon,2026,F40-44,Female,Media,PA,United States,US,0:39:13,2:52:28,2:25:54,0:05:30,0:06:30,6:09:35,2353,10348,8754,330,390,22175,991,191,23,730,182,17,801,132,17,991,191,23,Finisher,1952
Drew,Maguire,Drew Maguire,1132,M18-24,Male,Great Falls,VIRGINIA,United States,US,0:44:12,2:58:44,2:15:02,0:06:24,0:05:20,6:09:42,2652,10724,8102,384,320,22182,992,801,134,1380,1010,180,1151,936,142,992,801,134,Finisher,1053
thomas,Nguyen,thomas Nguyen,1262,M18-24,Male,Annandale,Virginia,United States,US,0:41:59,3:08:01,2:09:34,0:06:00,0:04:12,6:09:46,2519,11281,7774,360,252,22186,993,802,135,1091,806,139,1346,1070,168,993,802,135,Finisher,1052
Dylan,Fox,Dylan Fox,646,M30-34,Male,East Providence,RI,United States,US,0:39:50,2:52:31,2:25:47,0:05:52,0:05:52,6:09:53,2390,10351,8747,352,352,22193,994,803,132,803,597,98,833,692,108,994,803,132,Finisher,1323
Adam,Gaughan,Adam Gaughan,1718,M25-29,Male,O'Fallon,MO,United States,US,0:44:45,3:01:09,2:11:52,0:05:15,0:06:52,6:09:53,2685,10869,7912,315,412,22193,995,804,159,1437,1048,214,1201,969,186,995,804,159,Finisher,1440
Ari,Yasunaga,Ari Yasunaga,1088,F40-44,Female,Philadelphia,Pennsylvania,United States,US,0:47:23,2:55:47,2:09:47,0:05:38,0:11:21,6:09:55,2843,10547,7787,338,681,22195,996,192,24,1693,471,46,1132,214,20,996,192,24,Finisher,1946
Angela,Canale,Angela Canale,1721,F30-34,Female,Atco,New Jersey,United States,US,0:38:44,3:03:53,2:15:06,0:06:50,0:05:24,6:09:56,2324,11033,8106,410,324,22196,997,193,32,658,167,34,1155,217,32,997,193,32,Finisher,2049
Daniel,Fernandes,Daniel Fernandes,1982,M25-29,Male,New York,New York,United Kingdom,GB,0:41:53,3:09:32,2:06:58,0:06:03,0:05:30,6:09:57,2513,11372,7618,363,330,22197,998,805,160,1077,796,165,1393,1101,213,998,805,160,Finisher,1439
Robert,Barton,Robert Barton,108,M30-34,Male,Huntsville,AL,United States,US,0:39:50,2:46:35,2:30:43,0:06:22,0:06:31,6:10:02,2390,9995,9043,382,391,22202,999,806,133,802,596,97,686,580,90,999,806,133,Finisher,1320
Emmanuelle,Riess,Emmanuelle Riess,2413,F55-59,Female,NEW YORK,NY,France,FR,0:48:25,2:58:49,2:09:43,0:05:33,0:07:37,6:10:07,2905,10729,7783,333,457,22207,1000,194,9,1773,499,24,1252,247,13,1000,194,9,Finisher,2312
Brendan,Harrington,Brendan Harrington,2479,M35-39,Male,Brooklyn,NY,United States,US,0:43:18,2:53:29,2:17:20,0:07:59,0:08:01,6:10:08,2598,10409,8240,479,481,22208,1001,807,112,1280,940,119,999,830,114,1001,807,112,Finisher,1580
Farrin,Saba,Farrin Saba,2198,F25-29,Female,Great Falls,Virginia,United States,US,0:37:44,3:03:17,2:17:36,0:05:54,0:05:42,6:10:12,2264,10997,8256,354,342,22212,1002,195,45,543,138,37,1074,195,36,1002,195,45,Finisher,1714
Michael,Cerone,Michael Cerone,363,M55-59,Male,Ringwood,NJ,United States,US,0:48:05,2:36:54,2:31:24,0:06:34,0:07:33,6:10:30,2885,9414,9084,394,453,22230,1003,808,36,1744,1258,78,650,550,27,1003,808,36,Finisher,1811
AJ,Kosinski,AJ Kosinski,871,M18-24,Male,Elkton,Maryland,United States,US,0:51:57,2:48:13,2:16:07,0:08:37,0:05:39,6:10:33,3117,10093,8167,517,339,22233,1004,809,136,1967,1398,226,1131,918,138,1004,809,136,Finisher,1037
Lisa,Goines,Lisa Goines,1093,F50-54,Female,Ellicott City,MD,United States,US,0:33:55,3:01:38,2:25:46,0:04:31,0:04:44,6:10:34,2035,10898,8746,271,284,22234,1005,196,11,215,55,2,881,150,10,1005,196,11,Finisher,2398
Tyler,Boruff,Tyler Boruff,1791,M30-34,Male,Fayetteville,NC,United States,US,0:40:11,2:52:38,2:27:54,0:04:33,0:05:27,6:10:44,2411,10358,8874,273,327,22244,1006,810,134,838,617,102,809,674,106,1006,810,134,Finisher,1307
Sarah,Whelan,Sarah Whelan,2097,F35-39,Female,NORTH WALES,PA,United States,US,0:41:53,2:48:05,2:26:02,0:06:20,0:08:27,6:10:47,2513,10085,8762,380,507,22247,1007,197,30,1073,280,44,785,127,28,1007,197,30,Finisher,1794
Frank,Salvo,Frank Salvo,718,M65-69,Male,EMERALD ISLE,NC,United States,US,0:34:49,2:47:43,2:38:14,0:04:12,0:05:51,6:10:49,2089,10063,9494,252,351,22249,1008,811,6,261,194,2,523,454,5,1008,811,6,Finisher,2704
Xiao,Wang,Xiao Wang,1265,F40-44,Female,Astoria,NY,United States,US,0:53:05,2:54:25,2:12:27,0:06:20,0:04:35,6:10:53,3185,10465,7947,380,275,22253,1009,198,25,2017,581,56,1282,255,26,1009,198,25,Finisher,1928
Matthew,Kuron,Matthew Kuron,1161,M35-39,Male,Arlington,US-VA,United States,US,0:40:56,2:59:07,2:19:33,0:05:48,0:05:39,6:11:03,2456,10747,8373,348,339,22263,1010,812,113,935,692,85,1038,858,119,1010,812,113,Finisher,1563
James,Clement,James Clement,2127,M30-34,Male,ARLINGTON,Virginia,United States,US,0:44:43,2:51:38,2:22:20,0:06:24,0:05:59,6:11:04,2683,10298,8540,384,359,22264,1011,813,135,1432,1044,160,955,794,126,1011,813,135,Finisher,1301
Jack,Barrett,Jack Barrett,277,M18-24,Male,Vienna,Virginia,United States,US,0:43:19,2:50:51,2:20:38,0:06:11,0:10:12,6:11:11,2599,10251,8438,371,612,22271,1012,814,137,1282,941,169,892,739,111,1012,814,137,Finisher,1026
Michael,Anderson,Michael Anderson,1347,M35-39,Male,BROOKLYN,NY,United States,US,0:51:21,3:02:03,1:57:39,0:07:44,0:12:29,6:11:16,3081,10923,7059,464,749,22276,1013,815,114,1944,1383,183,1483,1159,160,1013,815,114,Finisher,1559
Cameron,Callahan,Cameron Callahan,1399,M25-29,,Mooresville,North Carolina,United States,US,0:37:57,2:58:14,2:24:05,0:04:58,0:06:06,6:11:19,2277,10694,8645,298,366,22279,1014,816,161,566,421,94,913,755,139,1014,816,161,Finisher,1414
Madison,Thomas,Madison Thomas,2388,F25-29,Female,Washington,District of Columbia,United States,US,0:45:08,3:01:44,2:11:13,0:07:56,0:05:24,6:11:24,2708,10904,7873,476,324,22284,1015,199,46,1478,400,92,1308,263,52,1015,199,46,Finisher,1692
Virginia,Angus,Virginia Angus,439,F60-64,Female,BOYERTOWN,PA,United States,US,0:43:20,2:47:05,2:31:35,0:04:03,0:05:27,6:11:31,2600,10025,9095,243,327,22291,1016,200,4,1288,342,10,741,117,5,1016,200,4,Finisher,2595
Aysegul,Gozu,Aysegul Gozu,2397,F50-54,Female,Clarksville,MD,United States,US,0:43:03,2:57:32,2:19:01,0:06:13,0:05:47,6:11:36,2583,10652,8341,373,347,22296,1017,201,12,1250,334,16,1063,189,17,1017,201,12,Finisher,2380
Shayne,Hudson,Shayne Hudson,1273,M25-29,Male,Columbia,MD,United States,US,0:48:17,2:47:54,2:22:32,0:05:52,0:07:11,6:11:46,2897,10074,8552,352,431,22306,1018,817,162,1761,1270,255,938,780,144,1018,817,162,Finisher,1406
Nicole,Harrell,Nicole Harrell,1187,F50-54,Female,SUFFOLK,VA,United States,US,0:40:41,3:00:51,2:21:04,0:04:02,0:05:16,6:11:54,2441,10851,8464,242,316,22314,1019,202,13,897,234,11,1022,176,14,1019,202,13,Finisher,2374
Nils,Carapetyan,Nils Carapetyan,1159,M40-44,Male,Cherry Hill,New Jersey,United States,US,0:40:37,3:01:27,2:12:07,0:08:24,0:09:22,6:11:56,2437,10887,7927,504,562,22316,1020,818,83,890,658,59,1185,958,95,1020,818,83,Finisher,1498
John,Chambers III,John Chambers III,539,M25-29,Male,Harrington,Delaware,United States,US,0:45:09,3:20:31,1:54:35,0:05:31,0:06:10,6:11:57,2709,12031,6875,331,370,22317,1021,819,163,1479,1079,222,1695,1283,248,1021,819,163,Finisher,1403
William,Scott,William Scott,80,M18-24,Male,Bird in Hand,PA,United States,US,0:42:50,3:15:33,2:01:53,0:05:51,0:05:50,6:11:58,2570,11733,7313,351,350,22318,1022,820,138,1213,893,159,1552,1199,186,1022,820,138,Finisher,1012
Olen,Huffman,Olen Huffman,907,M25-29,Male,Hydes,MD,United States,US,0:42:17,2:58:18,2:15:38,0:09:54,0:05:54,6:12:01,2537,10698,8138,594,354,22321,1023,821,164,1133,837,170,1186,959,182,1023,821,164,Finisher,1402
Bryan ,Farevaag,Bryan Farevaag,906,M40-44,Male,River Edge,NJ,Canada,CA,0:45:52,2:56:40,2:16:50,0:06:57,0:05:44,6:12:03,2752,10600,8210,417,344,22323,1024,822,84,1555,1133,102,1157,939,94,1024,822,84,Finisher,1496
Ben,Hutsell,Ben Hutsell,1978,M18-24,Male,Glen mills ,Pennsylvania,United States,US,0:38:59,3:00:16,2:21:01,0:06:31,0:05:16,6:12:03,2339,10816,8461,391,316,22323,1025,823,139,683,514,100,1030,852,130,1025,823,139,Finisher,1010
Marc,Stern,Marc Stern,1772,M25-29,Male,Chappaqua,New York,United States,US,0:29:49,2:58:29,2:27:55,0:08:12,0:07:40,6:12:05,1789,10709,8875,492,460,22325,1026,824,165,37,31,12,788,661,124,1026,824,165,Finisher,1400
John,Gunsbury,John Gunsbury,1312,M25-29,Male,Philadelphia,Pennsylvania,United States,US,0:44:06,3:02:02,2:10:06,0:07:53,0:08:02,6:12:10,2646,10922,7806,473,482,22330,1027,825,166,1375,1006,202,1288,1032,198,1027,825,166,Finisher,1399
Angela,Epelbaum,Angela Epelbaum,1503,F45-49,Female,Schwenksville,PA,United States,US,0:43:06,2:54:07,2:22:46,0:06:25,0:05:47,6:12:11,2586,10447,8566,385,347,22331,1028,203,22,1255,335,27,980,165,22,1028,203,22,Finisher,2299
John,Austin,John Austin,240,M70-74,Male,Wake Forest,NC,United States,US,0:45:23,3:01:05,2:13:32,0:07:02,0:05:14,6:12:16,2723,10865,8012,422,314,22336,1029,826,1,1506,1101,7,1269,1016,6,1029,826,1,Finisher,3500
Pimpi,Gonzalez,Pimpi Gonzalez,995,M50-54,Male,Ciudad de Guatemala,Guatemala,Guatemala,GT,0:34:47,2:50:44,2:34:24,0:06:42,0:05:51,6:12:28,2087,10244,9264,402,351,22348,1030,827,55,257,191,8,668,564,43,1030,827,55,Finisher,1788
Marshall,Wardrope,Marshall Wardrope,2062,M25-29,Male,Dillsburg,Pennsylvania,United States,US,0:41:02,2:46:36,2:31:27,0:05:37,0:07:45,6:12:28,2462,9996,9087,337,465,22348,1031,828,167,951,707,141,707,597,110,1031,828,167,Finisher,1394
Hunter,Ward,Hunter Ward,2313,M30-34,Male,Hollins,Virginia,United States,US,0:43:56,3:06:04,2:07:51,0:08:12,0:06:28,6:12:32,2636,11164,7671,492,388,22352,1032,829,136,1351,989,149,1413,1113,174,1032,829,136,Finisher,1275
Rachel,Lin,Rachel Lin,2153,F25-29,Female,ELLICOTT CITY,MD,United States,US,0:37:40,3:17:06,2:07:45,0:05:05,0:05:12,6:12:48,2260,11826,7665,305,312,22368,1033,204,47,536,136,36,1455,316,66,1033,204,47,Finisher,1667
Luke,Smith,Luke Smith,2031,M35-39,Male,LUTHVLE TIMON,MD,United States,US,0:43:35,2:55:53,2:17:37,0:07:34,0:08:10,6:12:49,2615,10553,8257,454,490,22369,1034,830,115,1313,963,124,1078,882,123,1034,830,115,Finisher,1531
Estrella,Peinado Vara,Estrella Peinado Vara,955,F50-54,Female,WASHINGTON,DC,Spain,ES,0:45:58,3:11:19,2:01:46,0:07:28,0:06:32,6:13:03,2758,11479,7306,448,392,22383,1035,205,14,1567,427,28,1565,358,29,1035,205,14,Finisher,2354
Jenny,Gathright,Jenny Gathright,2565,F30-34,Female,Washington,DC,United States,US,0:31:11,3:06:27,2:23:53,0:05:53,0:05:46,6:13:10,1871,11187,8633,353,346,22390,1036,206,33,75,20,3,976,164,22,1036,206,33,Finisher,1991
Lydia,Ware,Lydia Ware,1345,F30-34,Female,Chestnut Hill,Massachusetts,United States,US,0:37:52,3:12:45,2:13:16,0:04:39,0:04:41,6:13:13,2272,11565,7996,279,281,22393,1037,207,34,559,143,27,1325,270,41,1037,207,34,Finisher,1990
Marci,Cascanette ,Marci Cascanette,695,F50-54,Female,Whitby ,ONTARIO,Canada,CA,0:39:57,2:59:03,2:22:35,0:05:12,0:06:31,6:13:18,2397,10743,8555,312,391,22398,1038,208,15,820,213,10,991,168,13,1038,208,15,Finisher,2349
Jon,Bleuit,Jon Bleuit,1736,M55-59,Male,Gilbertsville,PA,United States,US,0:47:27,2:52:59,2:19:59,0:06:20,0:06:35,6:13:20,2847,10379,8399,380,395,22400,1039,831,37,1699,1227,75,1062,874,53,1039,831,37,Finisher,1760
Victoria,Atkinson,Victoria Atkinson,2220,F25-29,Female,Norfolk,VA,United States,US,0:32:46,3:23:42,2:09:22,0:03:50,0:03:44,6:13:23,1966,12222,7762,230,224,22403,1040,209,48,157,37,14,1468,321,68,1040,209,48,Finisher,1656
Tyler,Sandy,Tyler Sandy,1410,M30-34,Male,Mechanicsville,Maryland,United States,US,0:45:02,3:05:42,2:12:28,0:05:27,0:04:46,6:13:26,2702,11142,7948,327,286,22406,1041,832,137,1466,1067,165,1352,1075,164,1041,832,137,Finisher,1259
Will,White ,Will White,2030,M18-24,Male,Huntington,NY,United States,US,1:01:15,3:02:13,1:54:50,0:08:22,0:06:51,6:13:31,3675,10933,6890,502,411,22411,1042,833,140,2184,1541,245,1704,1290,203,1042,833,140,Finisher,984
Jeffrey,Williams,Jeffrey Williams,224,M50-54,Male,CINCINNATI,OH,United States,US,0:37:09,3:27:43,1:58:07,0:05:14,0:05:24,6:13:37,2229,12463,7087,314,324,22417,1043,834,56,471,353,19,1675,1271,93,1043,834,56,Finisher,1768
Caitlin,Clayton,Caitlin Clayton,779,F18-24,Female,Wall Township ,New Jersey,United States,US,0:41:54,3:16:26,2:03:22,0:05:31,0:06:27,6:13:40,2514,11786,7402,331,387,22420,1044,210,22,1078,282,40,1543,349,37,1044,210,22,Finisher,1700
Adam,Foldenauer,Adam Foldenauer,2557,M50-54,Male,Midlothian,VA,United States,US,0:39:40,2:39:31,2:44:03,0:06:00,0:04:29,6:13:43,2380,9571,9843,360,269,22423,1045,835,57,781,583,34,486,425,31,1045,835,57,Finisher,1766
Mackinley,Foster,Mackinley Foster,630,M30-34,Male,OLD SAYBROOK,Connecticut,United States,US,0:37:30,2:54:52,2:21:17,0:09:32,0:10:34,6:13:45,2250,10492,8477,572,634,22425,1046,836,138,516,386,61,932,774,120,1046,836,138,Finisher,1253
Felipe,Deidan,Felipe Deidan,1293,M25-29,Male,WASHINGTON,US-DC,United States,US,0:50:02,3:07:00,2:04:58,0:05:18,0:06:29,6:13:47,3002,11220,7498,318,389,22427,1047,837,168,1872,1340,275,1504,1171,226,1047,837,168,Finisher,1370
Justin,Oreizi,Justin Oreizi,2278,M35-39,Male,LEESBURG,VA,United States,US,0:32:29,2:40:38,2:49:53,0:05:53,0:04:54,6:13:48,1949,9638,10193,353,294,22428,1048,838,116,134,100,8,345,311,46,1048,838,116,Finisher,1514
Carlos,Aguilar,Carlos Aguilar,948,M35-39,Male,Brentwood ,New York ,United States,US,0:46:19,2:58:55,2:13:32,0:08:19,0:06:54,6:13:59,2779,10735,8012,499,414,22439,1049,839,117,1597,1160,152,1270,1017,145,1049,839,117,Finisher,1510
Ryan,Chaban,Ryan Chaban,1205,M30-34,Male,Washington,DC,United States,US,0:44:26,2:59:46,2:15:06,0:08:41,0:06:05,6:14:04,2666,10786,8106,521,365,22444,1050,840,139,1408,1031,154,1254,1007,152,1050,840,139,Finisher,1247
Zackary,Szlezinger,Zackary Szlezinger,41,M25-29,Male,Washington,District of Columbia,United States,US,0:39:29,3:13:36,2:12:32,0:04:40,0:03:48,6:14:05,2369,11616,7952,280,228,22445,1051,841,169,755,565,117,1402,1107,215,1051,841,169,Finisher,1364
Sara,Bielski,Sara Bielski,1334,F35-39,Female,DALTON,PA,United States,US,0:39:16,2:49:34,2:34:57,0:04:53,0:05:30,6:14:10,2356,10174,9297,293,330,22450,1052,211,31,734,185,26,722,113,25,1052,211,31,Finisher,1733
Richard,Pendell,Richard Pendell,155,M55-59,Male,Marion,AR,United States,US,0:48:21,2:49:55,2:26:11,0:05:09,0:04:36,6:14:13,2901,10195,8771,309,276,22453,1053,842,38,1767,1273,81,974,811,47,1053,842,38,Finisher,1744
Carly,Capwell,Carly Capwell,2183,F40-44,Female,West Chester,Pennsylvania,United States,US,0:46:52,3:10:52,1:55:08,0:09:05,0:12:21,6:14:18,2812,11452,6908,545,741,22458,1054,212,26,1648,456,45,1603,374,40,1054,212,26,Finisher,1867
Anthony,Salas,Anthony Salas,154,M25-29,Male,New York City,NY,United States,US,0:53:40,2:56:20,2:08:05,0:08:42,0:07:33,6:14:20,3220,10580,7685,522,453,22460,1055,843,170,2038,1451,296,1427,1124,218,1055,843,170,Finisher,1360
Isabel,Riley,Isabel Riley,146,F18-24,Female,Philadelphia,Pennsylvania,United States,US,0:42:50,3:19:10,2:02:06,0:06:12,0:04:04,6:14:22,2570,11950,7326,372,244,22462,1056,213,23,1214,321,43,1642,392,42,1056,213,23,Finisher,1687
Rodrigo,Haristoy,Rodrigo Haristoy,310,M45-49,Male,Aberdeen,US-MD,Chile,CL,0:44:59,2:50:21,2:26:27,0:06:25,0:06:12,6:14:23,2699,10221,8787,385,372,22463,1057,844,73,1458,1062,85,926,768,74,1057,844,73,Finisher,1620
Cesar,Trelles,Cesar Trelles,599,M50-54,Male,Queens Village,NY,United States,US,0:43:32,2:49:05,2:26:14,0:08:59,0:06:40,6:14:29,2612,10145,8774,539,400,22469,1058,845,58,1306,958,62,924,766,58,1058,845,58,Finisher,1752
Taylor,Vinlove,Taylor Vinlove,392,F35-39,Female,BELLEVILLE,IL,United States,US,0:41:41,2:58:12,2:22:51,0:06:07,0:05:48,6:14:38,2501,10692,8571,367,348,22478,1059,214,32,1046,270,40,1043,182,31,1059,214,32,Finisher,1724
Evan,Dolphin,Evan Dolphin,291,M25-29,Male,Philadelphia,PA,United States,US,0:41:27,3:06:51,2:14:01,0:05:36,0:06:44,6:14:39,2487,11211,8041,336,404,22479,1060,846,171,1008,748,150,1285,1029,197,1060,846,171,Finisher,1354
William,Brown,William Brown,488,M55-59,Male,BOYNTON BEACH,FL,United States,US,0:36:36,2:54:02,2:29:59,0:07:01,0:07:00,6:14:39,2196,10442,8999,421,420,22479,1061,847,39,411,308,16,815,678,37,1061,847,39,Finisher,1736
Don,Cabrera,Don Cabrera,437,M60-64,Male,WILDWOOD CRST,NJ,United States,US,0:42:33,2:52:52,2:27:43,0:06:21,0:05:14,6:14:43,2553,10372,8863,381,314,22483,1062,848,20,1175,868,19,927,769,22,1062,848,20,Finisher,1674
Jonah,Jurick,Jonah Jurick,164,M25-29,Male,NYC,New York,United States,US,0:43:30,3:26:43,1:55:37,0:04:35,0:04:20,6:14:46,2610,12403,6937,275,260,22486,1063,849,172,1304,956,194,1749,1310,254,1063,849,172,Finisher,1352
Apollo,Sarrimanolis,Apollo Sarrimanolis,2460,M18-24,Male,Chapel Hill,North Carolina,Greece,GR,0:43:52,3:11:30,2:01:06,0:09:15,0:09:03,6:14:46,2632,11490,7266,555,543,22486,1064,850,141,1346,986,175,1560,1204,187,1064,850,141,Finisher,962
Ryan,Bateman,Ryan Bateman,1540,M25-29,Male,Silver Spring,MD,United States,US,0:39:07,3:16:01,2:06:57,0:07:37,0:05:06,6:14:48,2347,11761,7617,457,306,22488,1065,851,173,713,538,112,1514,1178,229,1065,851,173,Finisher,1352
Ann,Young,Ann Young,1973,F50-54,Female,Arnold,MD,United States,US,0:45:26,2:59:57,2:18:19,0:05:54,0:05:21,6:14:57,2726,10797,8299,354,321,22497,1066,215,16,1511,407,24,1203,233,21,1066,215,16,Finisher,2319
Francisco,Vinueza,Francisco Vinueza,775,M18-24,Male,Jersey City,New Jersey,United States,US,0:56:46,3:01:20,2:01:24,0:09:19,0:06:09,6:14:57,3406,10880,7284,559,369,22497,1067,852,142,2110,1494,238,1619,1238,192,1067,852,142,Finisher,958
Cole,Woods,Cole Woods,169,M25-29,Male,Nashville,Tennessee,United States,US,0:41:29,3:07:44,2:11:09,0:09:25,0:05:14,6:15:01,2489,11264,7869,565,314,22501,1068,853,174,1014,752,152,1424,1121,217,1068,853,174,Finisher,1348
Scott,Nussel,Scott Nussel,93,M35-39,Male,Silver Spring,US-MD,United States,US,0:47:09,3:07:09,2:08:12,0:06:59,0:05:36,6:15:06,2829,11229,7692,419,336,22506,1069,854,118,1677,1212,161,1484,1160,161,1069,854,118,Finisher,1490
Sean,Bilbrough,Sean Bilbrough,1339,M35-39,Male,Centreville,MD,United States,US,0:44:14,2:57:08,2:22:20,0:05:41,0:05:43,6:15:07,2654,10628,8540,341,343,22507,1070,855,119,1384,1013,131,1080,883,124,1070,855,119,Finisher,1490
Mark,Simonsen,Mark Simonsen,1369,M25-29,Male,Arlington,VA,United States,US,0:32:57,3:02:25,2:20:54,0:10:24,0:08:28,6:15:08,1977,10945,8454,624,508,22508,1071,856,175,167,128,35,1029,851,158,1071,856,175,Finisher,1346
Chase,Kincer,Chase Kincer,1040,M25-29,Male,Glen Burnie,MD,United States,US,0:44:07,2:52:33,2:27:56,0:05:14,0:05:23,6:15:12,2647,10353,8876,314,323,22512,1072,857,176,1376,1007,203,931,773,141,1072,857,176,Finisher,1344
Sean,Henry,Sean Henry,2289,M40-44,Male,Washington,DC,United States,US,0:42:32,2:57:44,2:02:40,0:06:41,0:25:44,6:15:21,2552,10664,7360,401,1544,22521,1073,858,85,1172,865,83,1076,880,88,1073,858,85,Finisher,1436
Elizabeth,Barrett,Elizabeth Barrett,1895,F35-39,Female,RED BANK,NJ,United States,US,0:41:47,3:11:41,2:04:40,0:09:49,0:07:24,6:15:22,2507,11501,7480,589,444,22522,1074,216,33,1056,275,42,1528,344,46,1074,216,33,Finisher,1711
Robert,Scott,Robert Scott,2140,M55-59,Male,new york mills,NY,United States,US,0:51:58,2:57:00,2:06:43,0:10:27,0:09:15,6:15:23,3118,10620,7603,627,555,22523,1075,859,40,1969,1400,88,1445,1133,74,1075,859,40,Finisher,1723
Jack,Dunn,Jack Dunn,2285,M18-24,Male,Dallas,TX,United States,US,0:43:04,3:05:20,2:13:09,0:07:50,0:06:07,6:15:31,2584,11120,7989,470,367,22531,1076,860,143,1253,919,163,1353,1076,169,1076,860,143,Finisher,948
Charles,Curia,Charles Curia,1845,M45-49,Male,Centreville,VA,United States,US,0:37:28,2:54:26,2:29:07,0:07:25,0:07:08,6:15:34,2248,10466,8947,445,428,22534,1077,861,74,507,380,30,859,714,69,1077,861,74,Finisher,1599
Simon,Dellinger,Simon Dellinger,1819,M18-24,Male,Quantico ,Virginia,United States,US,0:44:46,3:04:40,2:10:21,0:05:42,0:10:10,6:15:39,2686,11080,7821,342,610,22539,1078,862,144,1440,1050,184,1321,1053,164,1078,862,144,Finisher,946
Collin,Smith,Collin Smith,978,M35-39,Male,Arlington,VA,United States,US,0:40:36,3:00:28,2:19:49,0:09:18,0:05:35,6:15:46,2436,10828,8389,558,335,22546,1079,863,120,887,656,80,1181,956,136,1079,863,120,Finisher,1478
Joshua,Cotten,Joshua Cotten,656,M35-39,Male,Selma,NC,United States,US,0:42:16,2:52:55,2:27:25,0:05:51,0:07:23,6:15:50,2536,10375,8845,351,443,22550,1080,864,121,1131,836,107,910,753,105,1080,864,121,Finisher,1477
Sameer,Ziaee,Sameer Ziaee,1164,M25-29,Male,Brooklyn,NY,Australia,AU,0:48:53,2:38:01,2:37:06,0:06:23,0:05:29,6:15:51,2933,9481,9426,383,329,22551,1081,865,177,1805,1297,263,709,598,111,1081,865,177,Finisher,1333
Erica,Parriott,Erica Parriott,234,F30-34,Female,RINGWOOD,NJ,United States,US,0:40:17,3:00:56,2:26:04,0:03:41,0:04:58,6:15:55,2417,10856,8764,221,298,22555,1082,217,35,849,226,40,1005,171,25,1082,217,35,Finisher,1941
Dann,Gladnick,Dann Gladnick,1723,M30-34,Male,Wilmington,DE,United States,US,0:40:55,2:48:16,2:35:44,0:06:22,0:04:48,6:16:05,2455,10096,9344,382,288,22565,1083,866,140,934,691,115,759,637,101,1083,866,140,Finisher,1211
Charlie,Nyerges,Charlie Nyerges,1707,M25-29,Male,Alexandria,VA,United States,US,0:56:49,2:52:32,2:14:33,0:06:00,0:06:17,6:16:10,3409,10352,8073,360,377,22570,1084,867,178,2111,1495,306,1328,1058,202,1084,867,178,Finisher,1327
Scott,Bentley,Scott Bentley,332,M35-39,Male,Bernardsville,New Jersey,United States,US,0:45:22,3:08:35,2:05:08,0:08:19,0:08:47,6:16:12,2722,11315,7508,499,527,22572,1085,868,122,1502,1097,137,1501,1169,162,1085,868,122,Finisher,1470
Bobby,Lythgoe,Bobby Lythgoe,2593,M18-24,Male,Haverford,Pennsylvania,United States,US,0:42:10,3:10:16,2:14:11,0:04:16,0:05:21,6:16:14,2530,11416,8051,256,321,22574,1086,869,145,1114,824,140,1369,1085,173,1086,869,145,Finisher,935
Ethan,Schroen,Ethan Schroen,1713,M18-24,Male,Salisbury ,MD,United States,US,0:39:35,2:59:28,2:25:30,0:05:30,0:06:14,6:16:17,2375,10768,8730,330,374,22577,1087,870,146,769,576,109,997,828,126,1087,870,146,Finisher,934
Tino,Majoni,Tino Majoni,2429,M35-39,Male,Brooklyn,New York,United States,US,0:50:54,2:59:43,2:08:56,0:08:57,0:08:00,6:16:30,3054,10783,7736,537,480,22590,1088,871,123,1916,1367,179,1447,1134,156,1088,871,123,Finisher,1465
Lindsey,Bloom,Lindsey Bloom,846,F25-29,Female,Washington,District of Columbia,United States,US,0:33:46,3:11:02,2:19:31,0:06:11,0:06:04,6:16:33,2026,11462,8371,371,364,22593,1089,218,49,201,51,20,1196,230,42,1089,218,49,Finisher,1599
Davis,Hallman,Davis Hallman,2068,M25-29,Male,Wrightstown,New Jersey,United States,US,0:46:39,2:54:30,2:23:30,0:07:30,0:04:25,6:16:33,2799,10470,8610,450,265,22593,1090,872,179,1631,1183,239,1124,913,168,1090,872,179,Finisher,1320
Katrina,Damiano,Katrina Damiano,529,F50-54,Female,Kanata,ON,Canada,CA,0:44:24,2:45:48,2:32:09,0:06:21,0:07:55,6:16:36,2664,9948,9129,381,475,22596,1091,219,17,1400,375,20,789,128,8,1091,219,17,Finisher,2290
Matthew,Tones,Matthew Tones,350,M45-49,Male,Bedford,NH,New Zealand,NZ,0:42:31,2:39:19,2:43:40,0:05:21,0:05:50,6:16:41,2551,9559,9820,321,350,22601,1092,873,75,1171,864,72,536,466,47,1092,873,75,Finisher,1579
Nathan,Zick,Nathan Zick,2305,M30-34,Male,Arlington,VA,United States,US,0:43:29,2:51:00,2:30:51,0:05:37,0:05:48,6:16:44,2609,10260,9051,337,348,22604,1093,874,141,1300,954,147,882,732,114,1093,874,141,Finisher,1199
Natalia,Sitnikov,Natalia Sitnikov,1022,F35-39,Female,Arlington,Virginia,United States,US,0:39:17,3:14:20,2:11:08,0:05:48,0:06:24,6:16:56,2357,11660,7868,348,384,22616,1094,220,34,737,186,27,1444,312,44,1094,220,34,Finisher,1683
Todd,Waszelewski,Todd Waszelewski,1826,M35-39,Male,Baltimore,MD,United States,US,0:42:03,2:56:57,2:24:43,0:06:12,0:07:08,6:17:03,2523,10617,8683,372,428,22623,1095,875,124,1094,807,102,1019,844,116,1095,875,124,Finisher,1455
Andrew,Fraser,Andrew Fraser,827,M35-39,Male,Clarksburg,Maryland,United States,US,0:42:45,3:05:34,2:14:09,0:08:50,0:05:46,6:17:04,2565,11134,8049,530,346,22624,1096,876,125,1202,885,112,1381,1094,151,1096,876,125,Finisher,1455
Michael,Simpson,Michael Simpson,1563,M30-34,Male,Washington,DC,United States,US,0:45:39,3:04:39,2:11:06,0:07:46,0:07:56,6:17:06,2739,11079,7866,466,476,22626,1097,877,142,1531,1120,172,1409,1109,173,1097,877,142,Finisher,1193
Matthew,Wesolowski,Matthew Wesolowski,1536,M35-39,Male,Batavia,NY,United States,US,0:38:40,3:03:26,2:22:53,0:07:39,0:04:30,6:17:08,2320,11006,8573,459,270,22628,1098,878,126,650,485,53,1168,945,134,1098,878,126,Finisher,1454
Paige,Loose,Paige Loose,2166,F25-29,Female,Philadelphia,Pennsylvania,United States,US,0:42:36,3:04:08,2:10:59,0:12:31,0:06:58,6:17:12,2556,11048,7859,751,418,22632,1099,221,50,1182,311,72,1440,310,65,1099,221,50,Finisher,1588
Benjamin,Franich,Benjamin Franich,1342,M40-44,Male,New Market,MD,United States,US,0:43:39,2:51:56,2:32:44,0:04:53,0:04:01,6:17:14,2619,10316,9164,293,241,22634,1100,879,86,1327,971,88,895,742,77,1100,879,86,Finisher,1403
Ryan,Erdely,Ryan Erdely,263,M55-59,Male,ALLISON PARK,PA,United States,US,0:41:16,3:00:46,2:23:35,0:05:16,0:06:22,6:17:16,2476,10846,8615,316,382,22636,1101,880,41,983,732,41,1088,889,56,1101,880,41,Finisher,1689
Mitch,Brudy,Mitch Brudy,1542,M30-34,Male,media,PA,United States,US,0:40:45,2:52:34,2:31:56,0:06:31,0:05:32,6:17:19,2445,10354,9116,391,332,22639,1102,881,143,910,672,113,873,726,112,1102,881,143,Finisher,1189
Daniel,Benitez,Daniel Benitez,2312,M25-29,Male,Houston,TX,United States,US,0:44:51,2:49:43,2:28:19,0:05:36,0:08:51,6:17:19,2691,10183,8899,336,531,22639,1103,882,180,1445,1053,217,885,735,135,1103,882,180,Finisher,1306
Faith,Davis,Faith Davis,2300,F25-29,Female,MECHANICSVLLE,MD,United States,US,0:44:27,3:05:21,2:15:14,0:04:54,0:07:27,6:17:23,2667,11121,8114,294,447,22643,1104,222,51,1410,378,89,1303,261,51,1104,222,51,Finisher,1584
Ryan,Trask,Ryan Trask,2449,M30-34,Male,Raleigh,NC,United States,US,0:42:06,2:39:50,2:38:23,0:08:41,0:08:24,6:17:24,2526,9590,9503,521,504,22644,1105,883,144,1104,816,135,623,529,85,1105,883,144,Finisher,1187
Michael,Labs,Michael Labs,1537,M30-34,Male,davidsonville,maryland,United States,US,0:40:38,3:07:03,2:16:26,0:07:08,0:06:09,6:17:24,2438,11223,8186,428,369,22644,1106,884,145,891,659,110,1312,1047,160,1106,884,145,Finisher,1187
Eren,Onat,Eren Onat,1708,M18-24,Male,Mendham,NJ,Turkey,TR,0:39:15,2:53:37,2:31:31,0:07:21,0:05:40,6:17:24,2355,10417,9091,441,340,22644,1107,885,147,732,549,104,888,737,109,1107,885,147,Finisher,914
Erika,Carlson,Erika Carlson,2459,F45-49,Female,RESTON,VA,United States,US,0:38:27,2:59:42,2:22:15,0:07:40,0:09:22,6:17:26,2307,10782,8535,460,562,22646,1108,223,23,623,156,15,1033,179,23,1108,223,23,Finisher,2205
Ryan,McCoy,Ryan McCoy,1659,M25-29,Male,Millsboro,Delaware,United States,US,0:35:13,3:00:09,2:31:40,0:04:36,0:05:52,6:17:30,2113,10809,9100,276,352,22650,1109,886,181,290,221,52,880,731,134,1109,886,181,Finisher,1303
Annie,Bartley,Annie Bartley,1481,F18-24,Female,Richmond,Virginia,United States,US,0:32:39,3:08:55,2:22:47,0:05:45,0:07:23,6:17:30,1959,11335,8567,345,443,22650,1110,224,24,148,36,6,1091,200,21,1110,224,24,Finisher,1631
Molly,Fuller,Molly Fuller,610,F50-54,Female,WINSTON SALEM,NC,United States,US,0:49:26,2:55:43,2:20:06,0:06:36,0:05:42,6:17:32,2966,10543,8406,396,342,22652,1111,225,18,1836,521,38,1219,238,22,1111,225,18,Finisher,2273
Graham,Haabestad,Graham Haabestad,2129,M25-29,Male,Conshohocken,Pennsylvania,United States,US,0:41:51,2:55:07,2:28:09,0:05:42,0:06:48,6:17:37,2511,10507,8889,342,408,22657,1112,887,182,1066,789,161,953,793,149,1112,887,182,Finisher,1301
Elizabeth,Gokhman,Elizabeth Gokhman,2007,F30-34,Female,Hoboken,New Jersey,United States,US,0:37:47,3:09:44,2:21:50,0:03:37,0:04:42,6:17:39,2267,11384,8510,217,282,22659,1113,226,36,550,140,25,1200,232,35,1113,226,36,Finisher,1910
Raeanna,Dunn,Raeanna Dunn,1823,F30-34,Female,Cornwall,VT,United States,US,0:41:17,2:58:18,2:26:38,0:05:13,0:06:23,6:17:50,2477,10698,8798,313,383,22670,1114,227,37,986,253,47,1001,170,24,1114,227,37,Finisher,1907
sol,kraiem,sol kraiem,123,M35-39,Male,brooklyn,NY,United States,US,0:47:09,2:51:20,2:24:59,0:07:42,0:06:47,6:17:57,2829,10280,8699,462,407,22677,1115,888,127,1674,1210,160,1050,866,120,1115,888,127,Finisher,1439
Danielle,London,Danielle London,669,F35-39,Female,Bedford,New Hampshire,United States,US,0:41:57,3:16:27,2:08:53,0:04:58,0:05:48,6:18:03,2517,11787,7733,298,348,22683,1116,228,35,1088,285,46,1532,345,47,1116,228,35,Finisher,1663
Megan,Mccreesh ,Megan Mccreesh,1545,F30-34,Female,Plymouth Meeting,Pennsylvania,United States,US,0:36:11,3:19:57,2:08:43,0:06:52,0:06:35,6:18:18,2171,11997,7723,412,395,22698,1117,229,38,373,93,12,1523,340,54,1117,229,38,Finisher,1898
Ariel,Manalo,Ariel Manalo,2504,M55-59,Male,Holtsville,NY,United States,US,0:50:04,2:48:33,2:25:14,0:08:25,0:06:04,6:18:19,3004,10113,8714,505,364,22699,1118,889,42,1873,1341,82,1077,881,55,1118,889,42,Finisher,1670
Leo,Perlstein,Leo Perlstein,2130,M18-24,Male,Villanova,Pennsylvania,United States,US,0:45:16,3:11:54,2:10:28,0:05:40,0:05:09,6:18:27,2716,11514,7828,340,309,22707,1119,890,148,1491,1088,188,1518,1180,184,1119,890,148,Finisher,895
Henriette,Keiser Donis,Henriette Keiser Donis,1561,F35-39,Female,Washington,DC,United States,US,0:43:27,2:59:03,2:23:30,0:05:17,0:07:12,6:18:30,2607,10743,8610,317,432,22710,1120,230,36,1297,345,50,1106,206,34,1120,230,36,Finisher,1655
Max,Buglisi,Max Buglisi,1517,M18-24,Male,Emerald Isle,North Carolina,United States,US,0:41:26,3:04:44,2:15:50,0:08:59,0:07:37,6:18:36,2486,11084,8150,539,457,22716,1121,891,149,1007,747,134,1322,1054,165,1121,891,149,Finisher,893
Emily,Orr,Emily Orr,938,F25-29,Female,Moon Township,Pennsylvania,United States,US,0:41:07,3:05:28,2:18:27,0:06:06,0:07:29,6:18:37,2467,11128,8307,366,449,22717,1122,231,52,961,247,55,1245,246,47,1122,231,52,Finisher,1562
Jon,Orr,Jon Orr,940,M50-54,Male,Moon Township,PA,United States,US,0:41:12,3:05:23,2:18:27,0:06:04,0:07:35,6:18:41,2472,11123,8307,364,455,22721,1123,892,59,970,723,43,1242,998,73,1123,892,59,Finisher,1676
Sen,Kenneally,Sen Kenneally,1235,M25-29,Male,Morehead City,NC,United States,US,0:37:50,3:06:39,2:19:02,0:08:31,0:06:40,6:18:42,2270,11199,8342,511,400,22722,1124,893,183,558,416,92,1258,1010,195,1124,893,183,Finisher,1281
Ted,Kenneally,Ted Kenneally,1228,M55-59,Male,MOREHEAD CITY,NC,United States,US,0:34:18,3:05:49,2:20:47,0:08:20,0:09:35,6:18:47,2058,11149,8447,500,575,22727,1125,894,43,236,175,11,1119,908,57,1125,894,43,Finisher,1662
Claudia,Mccarthy,Claudia Mccarthy,1989,F25-29,Female,Alexandria,VA,United States,US,0:40:17,3:10:18,2:19:03,0:05:18,0:03:52,6:18:48,2417,11418,8343,318,232,22728,1126,232,53,847,225,53,1344,276,58,1126,232,53,Finisher,1559
Scott,Beckmann,Scott Beckmann,1762,M40-44,Male,Brooklyn,New York,United States,US,0:45:13,3:06:24,2:07:45,0:09:55,0:09:39,6:18:56,2713,11184,7665,595,579,22736,1127,895,87,1487,1085,99,1490,1163,110,1127,895,87,Finisher,1372
Bethany,Wolcott,Bethany Wolcott,1124,F25-29,Female,Grand Island,NY,United States,US,0:53:14,2:59:13,2:16:17,0:05:25,0:04:50,6:18:59,3194,10753,8177,325,290,22739,1128,233,54,2023,582,121,1404,297,62,1128,233,54,Finisher,1556
Zaven,Norigian,Zaven Norigian,1127,M45-49,Male,NATICK,MA,United States,US,0:40:49,2:54:46,2:30:38,0:06:40,0:06:14,6:19:07,2449,10486,9038,400,374,22747,1129,896,76,920,679,57,943,785,75,1129,896,76,Finisher,1535
Bryson,Williams,Bryson Williams,90,M25-29,Male,Garden City,New York,United States,US,0:49:06,3:01:06,2:16:04,0:07:11,0:05:40,6:19:07,2946,10866,8164,431,340,22747,1130,897,184,1818,1305,266,1389,1099,212,1130,897,184,Finisher,1274
Jeremy,Clark,Jeremy Clark,1308,M40-44,Male,LOUISVILLE,KY,United States,US,0:46:56,3:02:48,2:07:23,0:11:47,0:10:17,6:19:11,2816,10968,7643,707,617,22751,1131,898,88,1654,1197,107,1489,1162,109,1131,898,88,Finisher,1367
Ryan,Williams,Ryan Williams,1379,M40-44,Male,Coatesville,Pennsylvania,United States,US,0:45:17,3:02:52,2:17:18,0:06:57,0:06:56,6:19:21,2717,10972,8238,417,416,22761,1132,899,89,1495,1092,100,1319,1052,102,1132,899,89,Finisher,1364
Emily,Silva,Emily Silva,1948,F18-24,Female,Somerville,MA,United States,US,0:54:45,3:01:07,2:12:32,0:04:58,0:06:07,6:19:29,3285,10867,7952,298,367,22769,1133,234,25,2068,599,71,1479,324,35,1133,234,25,Finisher,1595
Collins,Fiscus,Collins Fiscus,607,M18-24,Male,Fort Washington,Maryland,United States,US,0:44:00,3:03:03,2:20:35,0:06:39,0:05:17,6:19:36,2640,10983,8435,399,317,22776,1134,900,150,1360,995,176,1277,1023,159,1134,900,150,Finisher,875
Aimee,Sala,Aimee Sala,2442,F45-49,Female,EAGLEVILLE,PA,United States,US,0:49:07,3:02:39,2:15:51,0:05:27,0:06:34,6:19:38,2947,10959,8151,327,394,22778,1135,235,24,1820,514,45,1382,288,28,1135,235,24,Finisher,2165
Zachary,Soderlund,Zachary Soderlund,1988,M25-29,Male,Martinsburg,West Virginia,United States,US,0:47:46,2:50:29,2:29:28,0:06:04,0:05:53,6:19:39,2866,10229,8968,364,353,22779,1136,901,185,1722,1243,250,994,826,152,1136,901,185,Finisher,1264
Lily ,Jones,Lily Jones,1857,F18-24,Female,Wayne,Pennsylvania,United States,US,0:43:58,3:28:05,1:58:32,0:04:32,0:04:33,6:19:40,2638,12485,7112,272,273,22780,1137,236,26,1356,365,48,1785,454,51,1137,236,26,Finisher,1592
Kennedy,Urban,Kennedy Urban,1776,F25-29,Female,New York,New York,United States,US,0:39:29,3:23:18,2:07:01,0:05:00,0:05:01,6:19:48,2369,12198,7621,300,301,22788,1138,237,55,754,190,46,1629,386,80,1138,237,55,Finisher,1541
Michael,Vesperman,Michael Vesperman,1556,M45-49,Male,Brooklyn,NY,United States,US,0:41:20,2:53:15,2:35:25,0:05:21,0:04:32,6:19:53,2480,10395,9325,321,272,22793,1139,902,77,990,735,63,878,729,72,1139,902,77,Finisher,1521
Phil,Regan,Phil Regan,2501,M25-29,Male,Bryn Mawr,Pennsylvania,United States,US,0:39:01,3:13:05,2:15:53,0:05:14,0:06:42,6:19:54,2341,11585,8153,314,402,22794,1140,903,186,690,521,109,1388,1098,211,1140,903,186,Finisher,1260
Steve,Hanagan,Steve Hanagan,461,M55-59,Male,Ballston Lake,NY,United States,US,0:43:47,3:00:57,2:23:19,0:04:39,0:07:12,6:19:54,2627,10857,8599,279,432,22794,1141,904,44,1341,983,61,1152,937,59,1141,904,44,Finisher,1642
Alyson,Rowse,Alyson Rowse,844,F30-34,Female,Washington,DC,United States,US,0:43:12,3:24:15,2:02:28,0:05:03,0:04:59,6:19:57,2592,12255,7348,303,299,22797,1142,238,39,1261,337,62,1716,426,64,1142,238,39,Finisher,1869
Christopher,Harvell,Christopher Harvell,1479,M30-34,Male,Bel Air,MARYLAND,United States,US,0:44:51,3:00:27,2:21:30,0:07:28,0:05:46,6:20:01,2691,10827,8490,448,346,22801,1143,905,146,1446,1054,161,1250,1004,151,1143,905,146,Finisher,1140
Nick,Dunbar,Nick Dunbar,1340,M30-34,Male,Baltimore,Maryland,United States,US,0:39:23,3:15:32,2:12:42,0:07:44,0:04:41,6:20:02,2363,11732,7962,464,281,22802,1144,906,147,747,559,94,1511,1176,183,1144,906,147,Finisher,1140
Jack,Hannah,Jack Hannah,1374,M25-29,Male,Arlington,Virginia,United States,US,0:51:37,3:02:27,2:12:17,0:07:43,0:06:10,6:20:13,3097,10947,7937,463,370,22813,1145,907,187,1952,1388,287,1497,1167,225,1145,907,187,Finisher,1254
Diego,Nieto,Diego Nieto,2368,M25-29,Male,Arlington,VIRGINIA,United States,US,0:44:04,2:52:45,2:31:35,0:05:39,0:06:09,6:20:13,2644,10365,9095,339,369,22813,1146,908,188,1368,1000,201,950,791,148,1146,908,188,Finisher,1254
Heather,Urban,Heather Urban,571,F30-34,Female,Philadelphia,PA,United States,US,0:35:38,3:12:39,2:18:32,0:07:13,0:06:15,6:20:16,2138,11559,8312,433,375,22816,1147,239,40,323,83,11,1332,272,42,1147,239,40,Finisher,1863
Sabrina,Monaco,Sabrina Monaco,2034,F25-29,Female,Pensacola,FL,United States,US,0:42:08,2:59:49,2:28:18,0:04:57,0:05:10,6:20:23,2528,10789,8898,297,310,22823,1148,240,56,1108,290,64,1073,194,35,1148,240,56,Finisher,1530
Matt,Semcesen,Matt Semcesen,1822,M18-24,Male,Arlington,US-VA,United States,US,0:49:10,2:54:51,2:18:18,0:09:03,0:09:05,6:20:26,2950,10491,8298,543,545,22826,1149,909,151,1823,1308,217,1259,1011,157,1149,909,151,Finisher,860
Elizabeth,Gerritt,Elizabeth Gerritt,1514,F40-44,Female,Greenwood,DE,United States,US,0:34:49,3:06:14,2:27:45,0:05:07,0:06:32,6:20:27,2089,11174,8865,307,392,22827,1150,241,27,260,67,8,1049,184,19,1150,241,27,Finisher,1756
London,Coats,London Coats,356,M18-24,Male,ATHENS,GA,United States,US,0:31:26,2:57:22,2:30:31,0:09:35,0:11:38,6:20:32,1886,10642,9031,575,698,22832,1151,910,152,82,58,18,839,698,105,1151,910,152,Finisher,858
Samuel,Cleaves,Samuel Cleaves,1829,M35-39,Male,Washington,DC,United States,US,0:42:53,3:02:47,2:17:52,0:09:19,0:07:43,6:20:33,2573,10967,8272,559,463,22833,1152,911,128,1219,895,113,1316,1050,148,1152,911,128,Finisher,1392
Catherine,Miah,Catherine Miah,990,F50-54,Female,CORNELIUS,NC,Ireland,IE,0:40:46,2:59:54,2:29:28,0:04:56,0:05:30,6:20:34,2446,10794,8968,296,330,22834,1153,242,19,914,239,12,1024,178,15,1153,242,19,Finisher,2218
John,Nash,John Nash,1130,M50-54,Male,Virginia Beach,Virginia,United States,US,0:40:29,2:58:56,2:29:05,0:05:23,0:06:43,6:20:36,2429,10736,8945,323,403,22836,1154,912,60,870,642,40,1000,831,60,1154,912,60,Finisher,1642
Zachary,Coons,Zachary Coons,365,M18-24,Male,Salt Lake City,UT,United States,US,0:43:20,2:47:48,2:30:31,0:07:13,0:11:46,6:20:39,2600,10068,9031,433,706,22839,1155,913,153,1287,946,170,838,697,104,1155,913,153,Finisher,856
Florence,Kraus-Guenther,Florence Kraus-Guenther,2418,F40-44,Female,Hoboken,New Jersey,Germany,DE,0:45:59,3:02:00,2:20:09,0:06:23,0:06:10,6:20:41,2759,10920,8409,383,370,22841,1156,243,28,1570,429,42,1295,257,27,1156,243,28,Finisher,1752
Marina,Rodriguez,Marina Rodriguez,1242,F35-39,Female,ROCKVILLE,MD,United States,US,0:38:40,2:52:33,2:39:29,0:04:18,0:05:50,6:20:49,2320,10353,9569,258,350,22849,1157,244,37,649,165,21,757,122,27,1157,244,37,Finisher,1613
Brookelynn,Weinberg,Brookelynn Weinberg,2478,F18-24,Female,Sandy Spring,Maryland,United States,US,0:34:12,3:07:31,2:30:35,0:04:32,0:04:00,6:20:50,2052,11251,9035,272,240,22850,1158,245,27,229,61,9,1051,185,17,1158,245,27,Finisher,1571
Leah,Frederick,Leah Frederick,2453,F30-34,Female,Boulder,CO,United States,US,0:41:15,3:03:40,2:24:51,0:05:56,0:05:13,6:20:56,2475,11020,8691,356,313,22856,1159,246,41,981,251,46,1193,228,34,1159,246,41,Finisher,1851
Alexander,Counoupas,Alexander Counoupas,1202,M18-24,Male,Midlothian,Virginia,United States,US,0:35:56,3:01:14,2:34:12,0:03:38,0:06:01,6:21:01,2156,10874,9252,218,361,22861,1160,914,154,347,260,60,904,750,112,1160,914,154,Finisher,849
Connor,Oakman,Connor Oakman,1995,M25-29,Male,Manlius,New York,United States,US,0:49:45,3:19:55,2:01:44,0:04:38,0:05:03,6:21:06,2985,11995,7304,278,303,22866,1161,915,189,1854,1326,270,1738,1303,252,1161,915,189,Finisher,1238
Arzu,Singh,Arzu Singh,2379,F25-29,Female,Washington,District of Columbia,United States,US,0:43:22,3:17:17,2:02:42,0:09:03,0:08:45,6:21:08,2602,11837,7362,543,525,22868,1162,247,57,1290,343,77,1662,402,86,1162,247,57,Finisher,1517
Gabriel,Veytsman,Gabriel Veytsman,1734,M18-24,Male,Cresskill,New Jersey,United States,US,0:39:31,3:10:47,2:20:22,0:05:31,0:05:04,6:21:15,2371,11447,8422,331,304,22875,1163,916,155,759,568,107,1342,1067,167,1163,916,155,Finisher,845
Kenneth,Rohl,Kenneth Rohl,1106,M25-29,Male,Babylon,NY,United States,US,0:38:45,3:02:08,2:27:15,0:05:50,0:07:17,6:21:16,2325,10928,8835,350,437,22876,1164,917,190,661,494,107,1060,873,162,1164,917,190,Finisher,1235
Victor,Garcia Valencia,Victor Garcia Valencia,2426,M40-44,Male,Middle Village,New York,United States,US,0:36:39,3:19:19,2:06:36,0:11:24,0:07:24,6:21:21,2199,11959,7596,684,444,22881,1165,918,90,416,311,30,1615,1236,116,1165,918,90,Finisher,1328
Catherine,Leighty,Catherine Leighty,1443,F25-29,Female,Reston,Virginia,United States,US,0:51:04,3:08:26,2:04:25,0:09:06,0:08:23,6:21:23,3064,11306,7465,546,503,22883,1166,248,58,1930,556,117,1650,395,83,1166,248,58,Finisher,1512
Claire,Burkhardt,Claire Burkhardt,2339,F18-24,Female,Harpers Ferry,WV,United States,US,0:37:29,3:13:01,2:15:00,0:08:04,0:07:51,6:21:25,2249,11581,8100,484,471,22885,1167,249,28,511,129,21,1421,302,32,1167,249,28,Finisher,1560
Tyler,Theodorakis,Tyler Theodorakis,1805,M30-34,Male,Newark,DE,United States,US,0:45:23,2:58:39,2:25:07,0:06:17,0:06:05,6:21:31,2723,10719,8707,377,365,22891,1168,919,148,1505,1100,169,1180,955,146,1168,919,148,Finisher,1113
Austin,Conway,Austin Conway,1325,M18-24,Male,Apex,North Carolina,United States,US,0:41:03,2:44:28,2:42:43,0:06:44,0:06:34,6:21:32,2463,9868,9763,404,394,22892,1169,920,156,952,708,126,670,565,92,1169,920,156,Finisher,840
Sven,Rivera,Sven Rivera,629,M35-39,Male,San Diego,CA,United States,US,0:49:17,3:12:06,2:08:36,0:05:36,0:06:02,6:21:38,2957,11526,7716,336,362,22898,1170,921,129,1832,1314,172,1607,1232,167,1170,921,129,Finisher,1373
Sean,Mccracken,Sean Mccracken,1287,F40-44,Male,CONSHOHOCKEN,PA,United States,US,0:42:38,3:25:16,2:04:56,0:03:59,0:04:56,6:21:44,2558,12316,7496,239,296,22904,1171,250,29,1187,314,29,1705,415,43,1171,250,29,Finisher,1733
Kevin,Mulvey,Kevin Mulvey,361,M50-54,Male,Philadelphia,PA,United States,US,0:46:21,2:40:48,2:43:45,0:05:04,0:05:50,6:21:48,2781,9648,9825,304,350,22908,1172,922,61,1602,1162,77,667,563,42,1172,922,61,Finisher,1620
Colin,Rainey,Colin Rainey,1793,M30-34,Male,Timonium,Maryland,United States,US,0:35:41,3:10:20,2:21:50,0:06:43,0:07:17,6:21:50,2141,11420,8510,403,437,22910,1173,923,149,328,244,38,1246,1000,150,1173,923,149,Finisher,1108
Maia,Lee,Maia Lee,1803,F18-24,Female,Poolesville,Maryland,United States,US,0:46:10,3:19:54,2:03:52,0:07:21,0:04:45,6:22:02,2770,11994,7432,441,285,22922,1174,251,29,1586,435,56,1728,430,50,1174,251,29,Finisher,1549
James,Tayloe,James Tayloe,2189,M25-29,Male,Arlington,Virginia,United States,US,0:44:02,2:57:09,2:30:35,0:04:43,0:05:34,6:22:02,2642,10629,9035,283,334,22922,1175,924,191,1366,999,200,1041,860,159,1175,924,191,Finisher,1221
Jeff,Gordon,Jeff Gordon,237,M65-69,Male,Arlington,VA,United States,US,0:47:20,2:38:49,2:40:34,0:06:47,0:08:43,6:22:13,2840,9529,9634,407,523,22933,1176,925,7,1691,1222,16,698,589,7,1176,925,7,Finisher,2498
Natalie,Grodecki,Natalie Grodecki,946,F25-29,Female,Lindenhurst,NY,United States,US,0:35:44,3:08:55,2:22:50,0:06:24,0:08:21,6:22:15,2144,11335,8570,384,501,22935,1177,252,59,332,86,29,1199,231,43,1177,252,59,Finisher,1497
Adrienne,Fyock,Adrienne Fyock,1817,F45-49,Female,LEWES,DE,United States,US,0:34:01,2:56:05,2:41:59,0:05:06,0:05:05,6:22:16,2041,10565,9719,306,305,22936,1178,253,25,220,57,3,751,120,17,1178,253,25,Finisher,2118
Orlando Henrique,Ferreira Santos,Orlando Henrique Ferreira Santos,116,M45-49,Male,Balneário Camboriú,BR-SC,Brazil,BR,0:55:02,2:46:41,2:30:23,0:05:36,0:04:41,6:22:23,3302,10001,9023,336,281,22943,1179,926,78,2077,1474,116,1089,890,77,1179,926,78,Finisher,1476
Hunter,McCardle,Hunter McCardle,2086,M50-54,Male,North Garden,Virginia,United States,US,0:42:18,3:01:25,2:27:36,0:05:23,0:05:51,6:22:32,2538,10885,8856,323,351,22952,1180,927,62,1135,838,51,1144,929,69,1180,927,62,Finisher,1607
Vitor,Vieira,Vitor Vieira,2433,M30-34,Male,New York,NY,Brazil,BR,0:38:52,2:57:30,2:31:55,0:06:25,0:08:01,6:22:43,2332,10650,9115,385,481,22963,1181,928,150,670,503,83,958,796,127,1181,928,150,Finisher,1092
Candice,Harris,Candice Harris,444,F45-49,Female,Mims,FL,United States,US,0:43:39,2:49:56,2:36:14,0:05:39,0:07:17,6:22:45,2619,10196,9374,339,437,22965,1182,254,26,1325,355,30,857,145,19,1182,254,26,Finisher,2109
Kara,Schwartz,Kara Schwartz,1778,F30-34,Female,Philadelphia,Pennsylvania,United States,US,0:48:47,3:06:50,2:12:34,0:07:19,0:07:16,6:22:46,2927,11210,7954,439,436,22966,1183,255,42,1794,506,89,1521,339,53,1183,255,42,Finisher,1818
Haley,Flores,Haley Flores,769,F18-24,Female,Jersey City,New Jersey,United States,US,0:47:24,3:06:18,2:19:12,0:05:06,0:05:02,6:23:02,2844,11178,8352,306,302,22982,1184,256,30,1695,472,59,1431,305,33,1184,256,30,Finisher,1531
Aaron,Wenger,Aaron Wenger,2125,M35-39,Male,RAEFORD,NC,United States,US,0:47:02,2:53:50,2:31:19,0:06:34,0:04:22,6:23:06,2822,10430,9079,394,262,22986,1185,929,130,1666,1206,158,1094,894,126,1185,929,130,Finisher,1346
Andrew,Evans,Andrew Evans,383,M50-54,Male,Sauble Beach,ON,Canada,CA,0:40:09,3:05:51,2:23:04,0:08:07,0:05:58,6:23:09,2409,11151,8584,487,358,22989,1186,930,63,831,614,38,1291,1035,76,1186,930,63,Finisher,1596
Marina,Ireland,Marina Ireland,1299,F30-34,Female,Rockwood,ON,Canada,CA,0:41:12,3:12:52,2:17:53,0:05:57,0:05:16,6:23:10,2472,11572,8273,357,316,22990,1187,257,43,972,248,45,1460,319,49,1187,257,43,Finisher,1811
Jason,Burns,Jason Burns,1114,M55-59,Male,Dorado,PR,United States,US,0:37:41,2:50:43,2:42:34,0:06:42,0:05:32,6:23:12,2261,10243,9754,402,332,22992,1188,931,45,540,403,24,750,631,34,1188,931,45,Finisher,1583
Mike,Cerutti,Mike Cerutti,2435,M30-34,Male,New York,NY,United States,US,0:54:38,2:57:47,2:16:33,0:08:00,0:06:19,6:23:17,3278,10667,8193,480,379,22997,1189,932,151,2063,1465,230,1471,1150,180,1189,932,151,Finisher,1082
Matthew,Stern,Matthew Stern,1349,M30-34,Male,New York,New York,United States,US,0:40:12,3:14:10,2:11:22,0:08:32,0:09:02,6:23:18,2412,11650,7882,512,542,22998,1190,933,152,841,619,104,1520,1182,185,1190,933,152,Finisher,1081
Matthew,Thompson,Matthew Thompson,403,M50-54,Male,Marmora,NJ,United States,US,0:38:08,2:31:40,3:03:00,0:03:44,0:06:47,6:23:19,2288,9100,10980,224,407,22999,1191,934,64,590,439,26,239,219,16,1191,934,64,Finisher,1593
Henry,Koppels,Henry Koppels,2332,M18-24,Male,Annapolis,Maryland,United States,US,0:41:21,3:08:57,2:08:37,0:13:46,0:10:46,6:23:26,2481,11337,7717,826,646,23006,1192,935,157,991,736,130,1548,1197,185,1192,935,157,Finisher,806
Liam,Rock,Liam Rock,2395,M25-29,Male,Annapolis,Maryland,United States,US,0:50:20,3:05:22,2:09:46,0:08:38,0:09:29,6:23:35,3020,11122,7786,518,569,23015,1193,936,192,1886,1347,277,1554,1201,233,1193,936,192,Finisher,1193
Justine,Yu,Justine Yu,1207,F30-34,Female,Arlington,VA,United States,US,0:36:49,3:07:37,2:29:06,0:04:58,0:05:14,6:23:44,2209,11257,8946,298,314,23024,1194,258,44,435,110,20,1154,216,31,1194,258,44,Finisher,1801
Maia,Mccann,Maia Mccann,1569,F40-44,Female,NEW YORK,NY,United States,US,0:42:58,3:07:55,2:20:48,0:05:45,0:06:21,6:23:46,2578,11275,8448,345,381,23026,1195,259,30,1233,329,30,1367,283,31,1195,259,30,Finisher,1697
Nicholas,Orlando,Nicholas Orlando,1750,M25-29,Male,Staten Island,New York,United States,US,0:50:54,3:11:20,2:08:42,0:06:14,0:06:38,6:23:47,3054,11480,7722,374,398,23027,1196,937,193,1915,1366,283,1645,1252,245,1196,937,193,Finisher,1190
Jack,Sutphin,Jack Sutphin,901,M30-34,Male,Monmouth Beach,NJ,United States,US,0:47:07,2:51:36,2:33:56,0:06:27,0:04:49,6:23:54,2827,10296,9236,387,289,23034,1197,938,153,1672,1209,186,1017,842,136,1197,938,153,Finisher,1070
Max,Lazerwitz,Max Lazerwitz,1553,M25-29,Male,New York,New York,United States,US,0:46:43,3:08:52,2:11:48,0:07:29,0:09:07,6:24:00,2803,11332,7908,449,547,23040,1198,939,194,1636,1186,240,1525,1184,231,1198,939,194,Finisher,1186
Kevan,Carroll,Kevan Carroll,1513,F30-34,Female,Lebanon Spg,NY,United States,US,0:40:57,3:08:49,2:19:57,0:07:04,0:07:18,6:24:04,2457,11329,8397,424,438,23044,1199,260,45,940,244,44,1372,285,44,1199,260,45,Finisher,1795
Matthew,Chin,Matthew Chin,1930,M25-29,Male,WASHINGTON,DC,United States,US,0:34:39,2:25:31,3:13:43,0:04:55,0:05:34,6:24:21,2079,8731,11623,295,334,23061,1200,940,195,247,184,50,116,105,23,1200,940,195,Finisher,1180
Jeff,Jeon,Jeff Jeon,2440,M30-34,Male,New York,NY,South Korea,KR,0:46:24,3:13:32,2:13:12,0:05:29,0:05:49,6:24:27,2784,11612,7992,329,349,23067,1201,941,154,1606,1165,180,1574,1213,193,1201,941,154,Finisher,1061
Ray,Witte,Ray Witte,2299,M35-39,Male,Annapolis,MD,United States,US,0:44:37,3:00:35,2:23:52,0:06:52,0:08:32,6:24:28,2677,10835,8632,412,512,23068,1202,942,131,1425,1040,134,1228,988,140,1202,942,131,Finisher,1322
Ryan,Kennedy,Ryan Kennedy,832,M35-39,Male,Ocean City,MD,United States,US,0:43:59,3:03:56,2:24:02,0:05:17,0:07:19,6:24:33,2639,11036,8642,317,439,23073,1203,943,132,1357,992,128,1260,1012,144,1203,943,132,Finisher,1320
Rachael,Overland,Rachael Overland,1766,F25-29,Female,Brooklyn,New York,United States,US,0:39:09,3:01:32,2:31:02,0:07:00,0:06:00,6:24:42,2349,10892,9062,420,360,23082,1204,261,60,718,177,45,1100,203,37,1204,261,60,Finisher,1453
Nick,DiBias,Nick DiBias,1660,M25-29,Male,Bedminster,New Jersey,United States,US,0:41:21,3:12:25,2:18:40,0:07:01,0:05:16,6:24:44,2481,11545,8320,421,316,23084,1205,944,196,993,738,148,1475,1152,224,1205,944,196,Finisher,1173
Bob,Bazata,Bob Bazata,841,M55-59,Male,NEW CANAAN,CT,United States,US,0:42:11,2:54:39,2:34:25,0:06:44,0:06:52,6:24:52,2531,10479,9265,404,412,23092,1206,945,46,1117,825,49,979,815,48,1206,945,46,Finisher,1553
Raymond,Prati,Raymond Prati,1848,M18-24,Male,McLean,Virginia,United States,US,0:40:54,3:08:05,2:26:34,0:05:12,0:04:08,6:24:53,2454,11285,8794,312,248,23093,1207,946,158,932,689,125,1292,1036,161,1207,946,158,Finisher,779
Shannon,Kurtz,Shannon Kurtz,1384,F18-24,Female,Somerset,NJ,United States,US,0:31:06,3:19:57,2:16:23,0:05:35,0:12:02,6:25:02,1866,11997,8183,335,722,23102,1208,262,31,73,19,4,1368,284,28,1208,262,31,Finisher,1495
Ryan,Barrett,Ryan Barrett,2202,M25-29,Male,New York,New York,United States,US,0:59:55,2:58:49,2:08:00,0:08:02,0:10:20,6:25:06,3595,10729,7680,482,620,23106,1209,947,197,2165,1532,314,1601,1228,240,1209,947,197,Finisher,1166
Alexander,Lopez,Alexander Lopez,1043,M18-24,Male,Gaithersburg,Maryland,United States,US,0:38:56,3:07:48,2:28:08,0:04:15,0:06:04,6:25:11,2336,11268,8888,255,364,23111,1210,948,159,675,507,97,1197,967,148,1210,948,159,Finisher,774
Shiwei,Luo,Shiwei Luo,1146,F50-54,Female,Herndon,VA,United States,US,0:50:30,2:58:23,2:26:42,0:04:31,0:05:07,6:25:12,3030,10703,8802,271,307,23112,1211,263,20,1896,542,42,1267,252,25,1211,263,20,Finisher,2135
Joshua,Potts,Joshua Potts,1211,M30-34,Male,Washingont,DC,United States,US,0:44:55,2:48:04,2:38:01,0:06:42,0:07:32,6:25:14,2695,10084,9481,402,452,23114,1212,949,155,1450,1057,162,870,723,111,1212,949,155,Finisher,1046
Emily,King,Emily King,286,F18-24,Female,Monrovia,Maryland,United States,US,0:48:19,3:16:18,2:06:08,0:07:17,0:07:16,6:25:18,2899,11778,7568,437,436,23118,1213,264,32,1763,492,61,1708,418,48,1213,264,32,Finisher,1490
Scott,Mullins,Scott Mullins,1792,M45-49,Male,Arlington,VA,United States,US,0:39:53,3:09:34,2:24:32,0:05:49,0:05:30,6:25:18,2393,11374,8672,349,330,23118,1214,950,79,808,599,50,1326,1056,89,1214,950,79,Finisher,1424
David,Humphries,David Humphries,1101,M18-24,Male,Atco,New Jersey,United States,US,0:49:29,2:59:27,2:22:13,0:07:31,0:06:39,6:25:20,2969,10767,8533,451,399,23120,1215,951,160,1838,1317,218,1362,1081,172,1215,951,160,Finisher,771
Betty,Weinstock,Betty Weinstock,419,F30-34,Female,SPRING VALLEY,NY,United States,US,0:46:53,3:11:23,2:08:59,0:07:52,0:10:22,6:25:29,2813,11483,7739,472,622,23129,1216,265,46,1650,457,81,1587,366,57,1216,265,46,Finisher,1769
Javier,Sanchez,Javier Sanchez,2069,M55-59,Male,bayville,NJ,United States,US,0:42:38,2:54:20,2:37:50,0:06:24,0:04:35,6:25:47,2558,10460,9470,384,275,23147,1217,952,47,1188,874,53,972,809,46,1217,952,47,Finisher,1536
Kolin,May,Kolin May,472,M30-34,Male,Dunbar,Pennsylvania,United States,US,0:52:38,2:59:18,2:21:54,0:06:18,0:05:46,6:25:54,3158,10758,8514,378,346,23154,1218,953,156,2000,1425,222,1414,1114,175,1218,953,156,Finisher,1034
Michael,McKenzie,Michael McKenzie,1655,M25-29,Male,Charlotte,North Carolina,United States,US,0:36:13,3:10:15,2:27:10,0:06:25,0:05:55,6:25:58,2173,11415,8830,385,355,23158,1219,954,198,377,283,64,1255,1008,194,1219,954,198,Finisher,1151
Laura,Wixon,Laura Wixon,1233,F35-39,Female,Finksburg,MD,United States,US,0:47:21,3:00:04,2:30:05,0:04:17,0:04:14,6:26:00,2841,10804,9005,257,254,23160,1220,266,38,1692,470,66,1215,236,38,1220,266,38,Finisher,1520
Jordan,Kattler,Jordan Kattler,650,M30-34,Male,painesville,OH,United States,US,0:40:52,2:51:33,2:44:20,0:04:42,0:04:33,6:26:01,2452,10293,9860,282,273,23161,1221,955,157,927,684,114,797,666,105,1221,955,157,Finisher,1032
Donny,Estes,Donny Estes,2364,M35-39,Male,Charlottesville,Maryland,United States,US,0:42:04,2:57:57,2:30:42,0:08:07,0:07:11,6:26:01,2524,10677,9042,487,431,23161,1222,956,133,1098,810,103,1112,905,128,1222,956,133,Finisher,1294
Hadley,Rhue,Hadley Rhue,2265,F25-29,Female,Rehoboth Beach,DE,United States,US,0:42:49,3:02:31,2:24:13,0:07:16,0:09:20,6:26:08,2569,10951,8653,436,560,23168,1223,267,61,1212,320,74,1241,244,46,1223,267,61,Finisher,1427
Connor,Cosgrove,Connor Cosgrove,1898,M18-24,Male,Pittsburgh,Pennsylvania ,United States,US,0:43:06,2:51:14,2:39:52,0:05:53,0:06:02,6:26:08,2586,10274,9592,353,362,23168,1224,957,161,1254,920,164,891,738,110,1224,957,161,Finisher,757
James,Robertson,James Robertson,2057,M25-29,Male,Twentynine palms,California,United States,US,0:46:27,3:02:26,2:23:40,0:06:29,0:07:07,6:26:09,2787,10946,8620,389,427,23169,1225,958,199,1611,1170,236,1329,1059,203,1225,958,199,Finisher,1147
Moises,Zetune Zaga,Moises Zetune Zaga,641,M18-24,Male,Washington,District of Columbia,Mexico,MX,0:44:10,3:09:52,2:14:53,0:07:30,0:09:49,6:26:15,2650,11392,8093,450,589,23175,1226,959,162,1379,1009,179,1491,1164,182,1226,959,162,Finisher,755
Kellie,Burns,Kellie Burns,2055,F25-29,Female,Arlington,,United States,US,0:42:35,3:02:28,2:23:40,0:10:28,0:07:04,6:26:15,2555,10948,8620,628,424,23175,1226,268,62,1179,310,71,1334,273,56,1226,268,62,Finisher,1425
Joe,Millet,Joe Millet,375,M75-79,Male,Lansdale,PA,United States,US,0:36:21,2:59:24,2:36:52,0:07:13,0:06:25,6:26:16,2181,10764,9412,433,385,23176,1228,960,1,391,294,1,960,798,1,1228,960,1,Finisher,3500
Ignacio,Cortes Niilus,Ignacio Cortes Niilus,639,M18-24,Male,Washington,District of Columbia,Argentina,AR,0:42:23,3:09:54,2:14:53,0:09:23,0:09:48,6:26:21,2543,11394,8093,563,588,23181,1229,961,163,1147,846,146,1494,1166,183,1229,961,163,Finisher,753
Nico,Gigante,Nico Gigante,1336,M40-44,Male,Silver Spring,MARYLAND,United States,US,0:50:55,2:48:53,2:28:00,0:08:39,0:09:55,6:26:21,3055,10133,8880,519,595,23181,1230,962,91,1918,1368,123,1120,909,90,1230,962,91,Finisher,1238
Geoff ,Matrangola,Geoff Matrangola,1005,M55-59,Male,Columbia,MD,United States,US,0:38:04,2:43:17,2:52:46,0:05:11,0:07:05,6:26:23,2284,9797,10366,311,425,23183,1231,963,48,583,433,25,509,441,26,1231,963,48,Finisher,1525
Hayden,Gerhart,Hayden Gerhart,1924,M35-39,Male,SLIPPERY ROCK,PA,United States,US,0:41:16,2:43:49,2:47:53,0:06:50,0:06:36,6:26:23,2476,9829,10073,410,396,23183,1232,964,134,982,731,91,658,554,68,1232,964,134,Finisher,1287
Marty,Munson,Marty Munson,2417,F60-64,Female,New York,NY,United States,US,0:39:33,3:00:59,2:29:57,0:06:58,0:09:05,6:26:32,2373,10859,8997,418,545,23192,1233,269,5,764,192,5,1096,202,8,1233,269,5,Finisher,2324
Zara,Hall,Zara Hall,1683,F18-24,Female,Washington,District of Columbia,United States,US,0:39:11,3:24:44,2:03:31,0:07:57,0:11:10,6:26:33,2351,12284,7411,477,670,23193,1234,270,33,724,179,28,1706,416,47,1234,270,33,Finisher,1468
Alvin,Carter,Alvin Carter,2444,M45-49,Male,Chesapeake,VA,United States,US,0:43:12,3:03:01,2:28:57,0:06:22,0:05:07,6:26:39,2592,10981,8937,382,307,23199,1235,965,80,1264,927,76,1239,996,83,1235,965,80,Finisher,1399
Brian,Mcgill,Brian Mcgill,698,M45-49,Male,Springfield,VA,United States,US,0:36:15,2:52:46,2:45:35,0:05:25,0:06:57,6:26:59,2175,10366,9935,325,417,23219,1236,966,81,380,286,18,739,624,64,1236,966,81,Finisher,1393
Denis,Eremin,Denis Eremin,6002,M45-49,Male,Protvino,Central Federal District,Unknown,,0:43:38,3:20:54,2:12:06,0:04:34,0:05:48,6:27:00,2618,12054,7926,274,348,23220,1237,967,82,1320,968,77,1654,1256,104,1237,967,82,Finisher,1393
Anastasiia,Eremina,Anastasiia Eremina,161,F18-24,Female,Jersey City,New Jersey,United States,US,0:44:43,3:20:52,2:12:08,0:03:29,0:05:48,6:27:00,2683,12052,7928,209,348,23220,1238,271,34,1433,389,50,1653,398,43,1238,271,34,Finisher,1460
Christopher,Amico,Christopher Amico,1120,M25-29,Male,Buffalo,NY,United States,US,0:47:26,3:03:35,2:22:51,0:06:33,0:06:36,6:27:01,2846,11015,8571,393,396,23221,1239,968,200,1698,1226,249,1395,1102,214,1239,968,200,Finisher,1132
Joe,Cassizzi,Joe Cassizzi,1365,M25-29,Male,Arlington,VA,United States,US,0:37:37,3:05:06,2:26:45,0:08:17,0:09:17,6:27:01,2257,11106,8805,497,557,23221,1240,969,201,532,397,87,1198,968,185,1240,969,201,Finisher,1132
Jake ,Gottschalk ,Jake Gottschalk,1755,M25-29,Male,Bel Air,Maryland,United States,US,0:41:10,3:16:28,2:17:19,0:06:14,0:06:03,6:27:14,2470,11788,8239,374,363,23234,1241,970,202,967,720,145,1544,1195,232,1241,970,202,Finisher,1128
Jose Ignacio,Garcia Cueto,Jose Ignacio Garcia Cueto,143,M40-44,Male,Chevy chase,US-MD,Spain,ES,0:43:44,2:48:44,2:42:22,0:06:27,0:06:08,6:27:25,2624,10124,9742,387,368,23245,1242,971,92,1336,978,92,849,705,72,1242,971,92,Finisher,1219
Mark,Graminski,Mark Graminski,1141,M70-74,Male,red hook,NY,United States,US,0:41:17,2:47:26,2:47:30,0:06:02,0:05:11,6:27:26,2477,10046,10050,362,311,23246,1243,972,2,985,733,4,745,626,1,1243,972,2,Finisher,3227
Samantha,Fuentes,Samantha Fuentes,1220,F40-44,Female,Peachtree city,GA,United States,US,0:50:54,3:00:37,2:24:06,0:05:23,0:06:26,6:27:27,3054,10837,8646,323,386,23247,1244,272,31,1917,550,53,1376,287,32,1244,272,31,Finisher,1630
James,Warrick-Alexander,James Warrick-Alexander,2221,M40-44,Male,New York,New York,United States,US,0:41:12,3:02:30,2:26:03,0:08:25,0:09:19,6:27:28,2472,10950,8763,505,559,23248,1245,973,93,973,725,65,1230,989,98,1245,973,93,Finisher,1218
Paige,Simonsen,Paige Simonsen,1371,F25-29,Female,Arlington,VA,United States,US,0:42:45,3:02:23,2:24:09,0:09:40,0:08:39,6:27:35,2565,10943,8649,580,519,23255,1246,273,63,1203,318,73,1310,265,53,1246,273,63,Finisher,1401
Chris,Steckline,Chris Steckline,2107,M55-59,Male,Newark,DE,United States,US,0:35:38,3:01:54,2:38:29,0:05:33,0:06:13,6:27:47,2138,10914,9509,333,373,23267,1247,974,49,322,240,12,963,801,45,1247,974,49,Finisher,1500
Joe ,Breen,Joe Breen,1166,M35-39,Male,Arnold,MD,United States,US,0:42:28,3:10:29,2:23:18,0:05:43,0:05:53,6:27:51,2548,11429,8598,343,353,23271,1248,975,135,1164,859,109,1425,1122,154,1248,975,135,Finisher,1261
Justin,Gerber,Justin Gerber,1535,M40-44,Male,Dumfries,VA,United States,US,0:44:14,3:03:55,2:26:19,0:07:32,0:06:02,6:28:01,2654,11035,8779,452,362,23281,1249,976,94,1385,1014,94,1339,1064,103,1249,976,94,Finisher,1208
Kelly,Kenney,Kelly Kenney,289,F45-49,Female,Washington,DC,United States,US,0:41:54,3:12:01,2:23:26,0:05:36,0:05:09,6:28:06,2514,11521,8606,336,309,23286,1250,274,27,1079,283,25,1446,313,31,1250,274,27,Finisher,2013
Will,Simpson,Will Simpson,1381,M18-24,Male,Charlottesville,VIRGINIA,United States,US,0:44:22,3:12:02,2:23:05,0:04:25,0:04:14,6:28:07,2662,11522,8585,265,254,23287,1251,977,164,1397,1023,181,1477,1154,178,1251,977,164,Finisher,721
Thomas ,Popdan,Thomas Popdan,2335,M65-69,Male,Lahaina,Hawai'i,United States,US,0:34:17,2:56:56,2:39:27,0:08:32,0:08:59,6:28:10,2057,10616,9567,512,539,23290,1252,978,8,234,173,1,871,724,9,1252,978,8,Finisher,2391
Julia ,Sellers,Julia Sellers,2406,F35-39,Female,BROOKLYN,New York,United States,US,0:43:28,2:59:05,2:31:21,0:06:14,0:08:21,6:28:29,2608,10745,9081,374,501,23309,1253,275,39,1298,346,51,1130,213,35,1253,275,39,Finisher,1475
Larry,Hipp,Larry Hipp,580,M45-49,Male,JOHNS CREEK,GA,United States,US,0:37:03,2:35:16,3:05:24,0:05:42,0:05:16,6:28:41,2223,9316,11124,342,316,23321,1254,979,83,459,342,26,322,291,32,1254,979,83,Finisher,1363
Nick,Tedesco,Nick Tedesco,583,M40-44,Male,East Lyme,CT,United States,US,0:44:16,2:49:20,2:41:59,0:06:03,0:07:06,6:28:43,2656,10160,9719,363,426,23323,1255,980,95,1390,1019,95,867,721,74,1255,980,95,Finisher,1196
Anchal,Dwivedi,Anchal Dwivedi,1218,M50-54,Male,CARY,NC,United States,US,0:48:36,2:52:56,2:34:53,0:06:10,0:06:09,6:28:43,2916,10376,9293,370,369,23323,1256,981,65,1785,1282,89,1101,898,66,1256,981,65,Finisher,1496
David,Terry,David Terry,1712,M40-44,Male,Arlington,VA,United States,US,0:50:45,2:39:24,2:45:22,0:06:59,0:06:17,6:28:47,3045,9564,9922,419,377,23327,1257,982,96,1910,1364,122,799,668,67,1257,982,96,Finisher,1195
David,Khani,David Khani,377,M60-64,Male,Palm Beach Gardens,FL,United States,US,0:46:19,2:46:50,2:42:10,0:06:08,0:07:22,6:28:49,2779,10010,9730,368,442,23329,1258,983,21,1596,1159,32,858,713,20,1258,983,21,Finisher,1420
Charles,Altuzarra,Charles Altuzarra,138,M30-34,Male,New York,NY,United States,US,0:49:01,3:04:44,2:24:06,0:05:29,0:05:32,6:28:52,2941,11084,8646,329,332,23332,1259,984,158,1813,1302,203,1439,1130,176,1259,984,158,Finisher,981
Dylan,Greenhouse ,Dylan Greenhouse,682,M25-29,Male,Washington,District of Columbia,United States,US,0:37:13,3:13:38,2:25:48,0:06:11,0:06:05,6:28:55,2233,11618,8748,371,365,23335,1260,985,203,480,360,79,1379,1092,210,1260,985,203,Finisher,1097
Brian,Spitzer,Brian Spitzer,2337,M30-34,Male,Arlington,Virginia,United States,US,0:55:41,3:03:18,2:18:06,0:04:38,0:07:13,6:28:56,3341,10998,8286,278,433,23336,1261,986,159,2086,1479,232,1536,1190,189,1261,986,159,Finisher,980
Kevin,O'Connor,Kevin O'Connor,2033,M40-44,Male,Baden,PENNSYLVANIA,United States,US,0:47:12,3:20:42,2:04:50,0:08:40,0:07:40,6:29:03,2832,12042,7490,520,460,23343,1262,987,97,1683,1216,109,1784,1331,126,1262,987,97,Finisher,1190
Christopher,Smith,Christopher Smith,270,M60-64,Male,LANCASTER,PA,United States,US,0:45:10,2:49:56,2:38:51,0:08:27,0:06:44,6:29:08,2710,10196,9531,507,404,23348,1263,988,22,1481,1081,26,978,814,23,1263,988,22,Finisher,1415
Rafael,Rodriguez,Rafael Rodriguez,1475,M55-59,Male,DORAL,FL,Venezuela,VE,0:43:38,2:51:29,2:41:21,0:06:25,0:06:15,6:29:09,2618,10289,9681,385,375,23349,1264,989,50,1322,969,59,922,764,43,1264,989,50,Finisher,1475
Jodi,Walsh,Jodi Walsh,625,F55-59,Female,Aston,PA,United States,US,0:40:11,2:53:10,2:45:30,0:04:29,0:05:55,6:29:14,2411,10390,9930,269,355,23354,1265,276,10,836,221,7,818,139,8,1265,276,10,Finisher,1967
Emilia,Jones,Emilia Jones,1268,F18-24,Female,Charlottesville,VIRGINIA,United States,US,0:37:48,3:05:47,2:34:57,0:04:48,0:06:07,6:29:26,2268,11147,9297,288,367,23366,1266,277,35,554,141,23,1117,210,22,1266,277,35,Finisher,1416
Tara,Bopp,Tara Bopp,2407,F35-39,Female,NEW YORK,NY,United States,US,0:38:58,3:00:03,2:35:38,0:07:23,0:07:32,6:29:33,2338,10803,9338,443,452,23373,1267,278,40,682,169,22,1054,186,32,1267,278,40,Finisher,1456
Marvin,Miller,Marvin Miller,652,M60-64,Male,Fayetteville,NC,United States,US,1:06:24,2:52:59,2:14:46,0:06:55,0:08:36,6:29:40,3984,10379,8086,415,516,23380,1268,990,23,2213,1563,50,1590,1223,34,1268,990,23,Finisher,1405
Spencer,Pitcher,Spencer Pitcher,1020,M30-34,Male,ALEXANDRIA,VA,United States,US,0:38:58,2:59:45,2:25:58,0:11:48,0:13:11,6:29:40,2338,10785,8758,708,791,23380,1269,991,160,680,512,86,1188,961,147,1269,991,160,Finisher,967
Rishi ,Balani,Rishi Balani,2009,M18-24,Male,Ellicott City,Maryland,United States,US,0:54:09,2:49:21,2:29:55,0:09:16,0:07:02,6:29:43,3249,10161,8995,556,422,23383,1270,992,165,2050,1459,235,1249,1003,156,1270,992,165,Finisher,700
Deanne,Webster,Deanne Webster,435,F50-54,Female,ALBANY,NY,United States,US,0:50:33,3:14:34,2:11:18,0:05:34,0:07:47,6:29:46,3033,11674,7878,334,467,23386,1271,279,21,1898,543,43,1687,408,36,1271,279,21,Finisher,2053
Doug,Weeks,Doug Weeks,563,M55-59,Male,SILVER SPRING,MD,United States,US,0:42:13,3:06:32,2:28:51,0:05:39,0:06:31,6:29:48,2533,11192,8931,339,391,23388,1272,993,51,1124,831,50,1297,1039,66,1272,993,51,Finisher,1464
Evan,Wallace,Evan Wallace,307,M35-39,Male,Spring City,PA,United States,US,0:50:25,2:56:23,2:30:32,0:06:05,0:06:23,6:29:49,3025,10583,9032,365,383,23389,1273,994,136,1893,1352,177,1256,1009,143,1273,994,136,Finisher,1225
Sunday,Lantos Swett,Sunday Lantos Swett,2344,F30-34,Female,Silver Spring,MD,United States,US,0:44:35,2:51:56,2:35:37,0:09:20,0:08:21,6:29:49,2675,10316,9337,560,501,23389,1274,280,47,1421,385,69,1037,180,26,1274,280,47,Finisher,1691
Alejandro,Perez,Alejandro Perez,2267,M25-29,Male,Ann Arbor,MI,United States,US,0:42:08,2:47:51,2:49:22,0:05:16,0:05:13,6:29:50,2528,10071,10162,316,313,23390,1275,995,204,1106,817,168,752,632,119,1275,995,204,Finisher,1081
Anna,Weirich,Anna Weirich,2132,F25-29,Female,Washington,US-DC,United States,US,0:45:01,3:16:05,2:14:44,0:06:05,0:07:58,6:29:53,2701,11765,8084,365,478,23393,1276,281,64,1462,398,91,1610,378,79,1276,281,64,Finisher,1359
Moriah,Vincent,Moriah Vincent,1564,F30-34,Female,ALEXANDRIA,VA,United States,US,0:47:51,3:15:56,2:05:10,0:12:19,0:08:42,6:29:58,2871,11756,7510,739,522,23398,1277,282,48,1733,482,84,1775,450,68,1277,282,48,Finisher,1688
Jonathan,Quillin,Jonathan Quillin,2428,M25-29,Male,Astoria,NY,United States,US,0:44:19,2:50:07,2:43:07,0:05:27,0:07:00,6:29:59,2659,10207,9787,327,420,23399,1278,996,205,1393,1021,207,874,727,133,1278,996,205,Finisher,1078
Enrique,Villa,Enrique Villa,2276,M50-54,Male,Arlington,Virginia,United States,US,0:45:21,3:07:26,2:18:46,0:09:36,0:08:59,6:30:08,2721,11246,8326,576,539,23408,1279,997,66,1500,1095,74,1505,1172,85,1279,997,66,Finisher,1470
Kenji,Konishi,Kenji Konishi,1679,M35-39,Male,Frederick,Maryland,United States,US,0:51:04,2:48:31,2:37:16,0:07:16,0:06:05,6:30:11,3064,10111,9436,436,365,23411,1280,998,137,1929,1374,181,1066,876,121,1280,998,137,Finisher,1219
Kelly,Ransier,Kelly Ransier,370,F35-39,Female,Laurel,US-MD,United States,US,0:47:48,3:04:35,2:27:11,0:05:18,0:05:33,6:30:25,2868,11075,8831,318,333,23425,1281,283,41,1725,480,69,1399,294,43,1281,283,41,Finisher,1440
Stephen,Mazzola,Stephen Mazzola,465,M55-59,Male,pasadena,MD,United States,US,0:43:00,3:02:54,2:31:52,0:06:01,0:06:40,6:30:26,2580,10974,9112,361,400,23426,1282,999,52,1240,910,57,1224,986,63,1282,999,52,Finisher,1452
Marty,Mckenna,Marty Mckenna,524,M50-54,Male,Edgewater,MD,United States,US,0:39:13,3:13:43,2:24:50,0:05:44,0:06:56,6:30:27,2353,11623,8690,344,416,23427,1283,1000,67,729,548,32,1426,1123,80,1283,1000,67,Finisher,1465
Andrew,Kestler,Andrew Kestler,1223,M30-34,Male,Monrovia,Maryland,United States,US,0:37:30,2:50:34,2:51:02,0:04:53,0:06:29,6:30:29,2250,10234,10262,293,389,23429,1284,1001,161,520,389,62,699,590,94,1284,1001,161,Finisher,952
Brian,White,Brian White,1152,M45-49,Male,Winston Salem,North Carolina,United States,US,0:45:04,3:03:57,2:22:56,0:08:44,0:09:52,6:30:32,2704,11037,8576,524,592,23432,1285,1002,84,1471,1072,87,1401,1106,92,1285,1002,84,Finisher,1329
Cody,Ledbetter,Cody Ledbetter,259,M30-34,Male,Herndon,VA,United States,US,0:46:07,2:58:49,2:27:09,0:09:06,0:09:23,6:30:33,2767,10729,8829,546,563,23433,1286,1003,162,1581,1148,178,1289,1033,158,1286,1003,162,Finisher,951
Carlos,Pelaez,Carlos Pelaez,1150,M45-49,Male,Urbandale,IA,United States,US,0:41:35,3:05:41,2:22:55,0:12:30,0:07:56,6:30:37,2495,11141,8575,750,476,23437,1287,1004,85,1027,762,64,1452,1138,96,1287,1004,85,Finisher,1328
David,Friesch,David Friesch,1624,M30-34,Male,Milwaukee,Wisconsin,United States,US,0:31:02,2:57:52,2:49:10,0:04:30,0:08:05,6:30:39,1862,10672,10150,270,485,23439,1288,1005,163,69,52,11,712,601,95,1288,1005,163,Finisher,949
William,Mcgregor,William Mcgregor,279,M25-29,Male,Moorestown,NJ,United States,US,0:38:16,3:08:54,2:21:10,0:06:28,0:15:52,6:30:40,2296,11334,8470,388,952,23440,1289,1006,206,608,454,98,1274,1020,196,1289,1006,206,Finisher,1066
Jordan,Knerl,Jordan Knerl,1403,F18-24,Female,Springfield ,VIRGINIA,United States,US,0:43:10,3:08:01,2:27:12,0:05:42,0:06:37,6:30:41,2590,11281,8832,342,397,23441,1290,284,36,1258,336,46,1375,286,29,1290,284,36,Finisher,1393
Michael,Mathesz,Michael Mathesz,1534,M40-44,Male,GAMBRILLS,MD,United States,US,0:51:44,2:57:04,2:25:55,0:07:22,0:08:43,6:30:47,3104,10624,8755,442,523,23447,1291,1007,98,1957,1390,127,1351,1074,104,1291,1007,98,Finisher,1159
Ronjoseph,Babiera,Ronjoseph Babiera,1436,M25-29,Male,Chesapeake,VA,United States,US,0:53:05,3:06:50,2:12:45,0:08:33,0:09:39,6:30:52,3185,11210,7965,513,579,23452,1292,1008,207,2018,1437,294,1647,1254,246,1292,1008,207,Finisher,1062
John,Gogel,John Gogel,2532,M65-69,Male,chalfont,PA,United States,US,0:37:36,3:01:23,2:39:35,0:05:10,0:07:21,6:31:05,2256,10883,9575,310,441,23465,1293,1009,9,529,394,4,989,822,10,1293,1009,9,Finisher,2339
Liam,Combs,Liam Combs,1746,M18-24,Male,20120,US-Virginia,United States,US,0:39:56,3:06:44,2:31:41,0:08:09,0:04:36,6:31:06,2396,11204,9101,489,276,23466,1294,1010,166,817,606,113,1311,1046,162,1294,1010,166,Finisher,700
Nicholas,McMillan,Nicholas McMillan,1500,M30-34,Male,Washington,District of Columbia,United States,US,0:30:11,2:56:22,2:50:37,0:05:55,0:08:02,6:31:07,1811,10582,10237,355,482,23467,1295,1011,164,47,38,8,678,572,89,1295,1011,164,Finisher,941
James,McKiernan,James McKiernan,773,M25-29,Male,Clayton,North Carolina,United States,US,0:47:19,3:22:44,2:04:11,0:08:28,0:08:42,6:31:23,2839,12164,7451,508,522,23483,1296,1012,208,1689,1220,248,1820,1354,268,1296,1012,208,Finisher,1053
Nyle,Kafeel,Nyle Kafeel,2591,M25-29,Male,New York,NY,United States,US,0:37:30,3:08:00,2:35:25,0:05:00,0:05:33,6:31:27,2250,11280,9325,300,333,23487,1297,1013,209,518,388,85,1187,960,183,1297,1013,209,Finisher,1052
Danny,Cullen,Danny Cullen,1304,M40-44,Male,Westminster,Maryland,United States,US,0:37:01,2:47:34,2:45:17,0:05:28,0:16:09,6:31:30,2221,10054,9917,328,969,23490,1298,1014,99,458,341,35,611,520,56,1298,1014,99,Finisher,1146
Michael,Vojnik,Michael Vojnik,1809,M25-29,Male,Trafford,PENNSYLVANIA,United States,US,0:36:57,3:10:20,2:33:36,0:05:12,0:05:31,6:31:35,2217,11420,9216,312,331,23495,1299,1015,210,446,333,75,1236,994,190,1299,1015,210,Finisher,1049
Caroline,Tyndall,Caroline Tyndall,1658,F25-29,Female,Hollidaysburg,PA,United States,US,0:36:50,3:08:12,2:28:29,0:08:33,0:09:34,6:31:37,2210,11292,8909,513,574,23497,1300,285,65,436,111,33,1272,254,49,1300,285,65,Finisher,1328
Scot,Kleinman,Scot Kleinman,1129,M45-49,Male,Virginia Beach,Virginia,United States,US,0:42:12,3:15:09,2:19:26,0:06:27,0:08:23,6:31:37,2532,11709,8366,387,503,23497,1301,1016,86,1118,826,67,1541,1194,99,1301,1016,86,Finisher,1310
Albert,Berchtold,Albert Berchtold,2074,M45-49,Male,Fredericksburg,VA,United States,US,0:43:46,3:03:54,2:28:22,0:08:17,0:07:19,6:31:39,2626,11034,8902,497,439,23499,1302,1017,87,1339,981,80,1345,1069,90,1302,1017,87,Finisher,1309
James,Garrison,James Garrison,1656,M25-29,Male,Washington,US-DC,United States,US,0:44:29,3:03:40,2:28:28,0:08:06,0:07:01,6:31:44,2669,11020,8908,486,421,23504,1303,1018,211,1414,1033,211,1354,1077,207,1303,1018,211,Finisher,1047
Karuna,Shipper,Karuna Shipper,1572,F25-29,Female,Arlington,Virginia,United States,US,0:47:01,2:57:17,2:34:24,0:06:59,0:06:12,6:31:53,2821,10637,9264,419,372,23513,1304,286,66,1663,460,101,1206,234,44,1304,286,66,Finisher,1323
Scott,Merkel,Scott Merkel,1877,M30-34,Male,Edgewater,Maryland,United States,US,0:53:13,3:06:23,2:18:31,0:08:27,0:05:24,6:31:58,3193,11183,8311,507,324,23518,1305,1019,165,2021,1440,224,1637,1248,198,1305,1019,165,Finisher,925
Steve,Mccormick,Steve Mccormick,303,M75-79,Male,Chadds Ford,PA,United States,US,0:52:53,2:50:36,2:32:34,0:07:50,0:08:07,6:31:59,3173,10236,9154,470,487,23519,1306,1020,2,2007,1431,2,1207,973,2,1306,1020,2,Finisher,3397
Francisco Julian,Echazarreta,Francisco Julian Echazarreta,980,M35-39,Male,Austin,Texas,Argentina,AR,0:52:35,3:08:39,2:16:05,0:06:46,0:07:58,6:32:03,3155,11319,8165,406,478,23523,1307,1021,138,1998,1424,187,1635,1247,170,1307,1021,138,Finisher,1185
Christian,Sporre,Christian Sporre,1696,M18-24,Male,Reston,Virginia,United States,US,0:44:50,3:31:05,2:02:25,0:07:58,0:05:57,6:32:15,2690,12665,7345,478,357,23535,1308,1022,167,1443,1052,185,1882,1390,218,1308,1022,167,Finisher,700
Thomas,Stubbs,Thomas Stubbs,913,M30-34,Male,Columbia,South Carolina,United States,US,0:45:26,3:10:10,2:27:32,0:05:12,0:04:06,6:32:26,2726,11410,8852,312,246,23546,1309,1023,166,1512,1105,170,1476,1153,181,1309,1023,166,Finisher,917
Eddie,Hollingsworth ,Eddie Hollingsworth,1869,M25-29,Male,Philadelphia,Pennsylvania,United States,US,0:50:26,2:48:09,2:34:00,0:11:02,0:08:51,6:32:27,3026,10089,9240,662,531,23547,1310,1024,212,1894,1353,280,1162,941,177,1310,1024,212,Finisher,1034
Mollie,Manier,Mollie Manier,170,F50-54,Female,Silver Spring,MD,United States,US,0:37:32,3:04:31,2:42:32,0:03:50,0:04:10,6:32:35,2252,11071,9752,230,250,23555,1311,287,22,524,133,5,1040,181,16,1311,287,22,Finisher,2002
Gregory,Benton,Gregory Benton,2200,M35-39,Male,Hoboken,New Jersey,United States,US,0:41:00,3:01:32,2:36:09,0:06:09,0:07:54,6:32:43,2460,10892,9369,369,474,23563,1312,1025,139,947,703,86,1127,915,129,1312,1025,139,Finisher,1173
Jack,Camarote,Jack Camarote,2263,M18-24,Male,Middletown,Maryland,United States,US,0:46:21,3:26:43,2:07:40,0:05:27,0:06:33,6:32:44,2781,12403,7660,327,393,23564,1313,1026,168,1601,1161,201,1821,1355,212,1313,1026,168,Finisher,700
Iago,Martins,Iago Martins,1395,M30-34,Male,Harrison,New Jersey,United States,US,0:50:24,2:56:09,2:25:45,0:10:30,0:09:59,6:32:47,3024,10569,8745,630,599,23567,1314,1027,167,1888,1348,213,1380,1093,169,1314,1027,167,Finisher,911
Jessica,Hood,Jessica Hood,1153,F25-29,Female,Washington,DC,United States,US,0:47:18,3:15:34,2:16:32,0:06:24,0:07:02,6:32:50,2838,11734,8192,384,422,23570,1315,288,67,1688,469,106,1655,399,84,1315,288,67,Finisher,1306
Brian,Iwashyna,Brian Iwashyna,1051,M50-54,Male,Richmond,VA,United States,US,0:46:58,3:04:05,2:21:03,0:10:15,0:10:32,6:32:53,2818,11045,8463,615,632,23573,1316,1028,68,1657,1199,81,1485,1161,82,1316,1028,68,Finisher,1421
Emily,Salmons,Emily Salmons,257,F60-64,Female,WILMINGTON,DE,United States,US,0:42:51,2:56:34,2:40:10,0:06:44,0:06:43,6:33:02,2571,10594,9610,404,403,23582,1317,289,6,1216,323,9,1048,183,7,1317,289,6,Finisher,2207
Avery,Weissman,Avery Weissman,945,F25-29,Female,Mill Neck,New York,United States,US,0:44:05,3:13:42,2:22:54,0:06:49,0:05:33,6:33:03,2645,11622,8574,409,333,23583,1318,290,68,1372,369,85,1559,356,76,1318,290,68,Finisher,1302
Kalila,Abu-Sharr,Kalila Abu-Sharr,1601,F35-39,Female,New York,NY,United States,US,0:40:01,3:16:21,2:23:58,0:06:23,0:06:22,6:33:05,2401,11781,8638,383,382,23585,1319,291,42,825,215,31,1516,338,45,1319,291,42,Finisher,1392
Kadeynn,McInnis,Kadeynn McInnis,2319,F25-29,Female,Balitmore,Maryland,United States,US,0:35:29,3:16:42,2:31:05,0:05:06,0:04:49,6:33:12,2129,11802,9065,306,289,23592,1320,292,69,308,78,28,1387,290,61,1320,292,69,Finisher,1300
Mike,Fletcher,Mike Fletcher,1554,M35-39,Male,Washington,DC,United States,US,0:37:40,3:13:52,2:26:12,0:07:27,0:08:01,6:33:13,2260,11632,8772,447,481,23593,1321,1029,140,538,401,38,1436,1128,155,1321,1029,140,Finisher,1164
Sarah,Dombrowski,Sarah Dombrowski,1621,F35-39,Female,Groton,Connecticut,United States,US,0:31:23,3:10:25,2:37:18,0:07:42,0:06:26,6:33:15,1883,11425,9438,462,386,23595,1322,293,43,81,24,5,1158,219,36,1322,293,43,Finisher,1389
Juliana,Guzman,Juliana Guzman,1263,F35-39,Female,New York,NY,Colombia,CO,0:45:20,3:04:54,2:32:37,0:04:40,0:05:47,6:33:18,2720,11094,9157,280,347,23598,1323,294,44,1499,405,60,1314,266,41,1323,294,44,Finisher,1388
Brian,Drennen,Brian Drennen,1366,M50-54,Male,Blacksburg,Virginia,United States,US,0:49:48,3:08:36,2:20:50,0:07:36,0:06:31,6:33:21,2988,11316,8450,456,391,23601,1324,1030,69,1856,1327,92,1584,1220,86,1324,1030,69,Finisher,1412
Cristina,Trias,Cristina Trias,1666,F45-49,Female,Miami,FL,United States,US,0:46:39,3:13:38,2:18:27,0:07:02,0:07:37,6:33:23,2799,11618,8307,422,457,23603,1325,295,28,1632,449,38,1613,379,41,1325,295,28,Finisher,1918
Ivette,Furneisen,Ivette Furneisen,122,F35-39,Female,Rock Hall,MD,United States,US,0:45:46,3:18:13,2:20:08,0:05:05,0:04:14,6:33:26,2746,11893,8408,305,254,23606,1326,296,45,1547,420,62,1652,397,54,1326,296,45,Finisher,1386
Euan,Clarke,Euan Clarke,406,M18-24,Male,"The Ferry, Dundee",Scotland,United Kingdom,GB,0:42:18,3:08:39,2:25:32,0:10:10,0:06:59,6:33:37,2538,11319,8732,610,419,23617,1327,1031,169,1138,841,143,1482,1158,181,1327,1031,169,Finisher,700
Steffen,Vestal,Steffen Vestal,1135,M30-34,Male,Stafford,VA,United States,US,0:46:04,3:00:15,2:38:23,0:05:05,0:04:09,6:33:57,2764,10815,9503,305,249,23637,1328,1032,168,1578,1146,177,1210,976,148,1328,1032,168,Finisher,890
Masha,Morgunova,Masha Morgunova,2425,F25-29,Female,New York,New York,United States,US,0:45:13,3:24:48,2:11:22,0:06:07,0:06:31,6:34:01,2713,12288,7882,367,391,23641,1329,297,70,1486,402,93,1776,451,95,1329,297,70,Finisher,1285
Ian M,MacFawn,Ian M MacFawn,378,M70-74,Male,La Vale,Maryland,United States,US,0:37:28,2:53:54,2:49:39,0:05:29,0:08:00,6:34:30,2248,10434,10179,329,480,23670,1330,1033,3,508,381,2,793,663,3,1330,1033,3,Finisher,3099
Danny,Arcila,Danny Arcila,1131,M18-24,Male,Davie,Florida,United States,US,0:47:49,3:14:44,2:18:53,0:07:16,0:05:55,6:34:38,2869,11684,8333,436,355,23678,1331,1034,170,1728,1247,211,1666,1264,196,1331,1034,170,Finisher,700
Gabe,Rupar,Gabe Rupar,347,M18-24,Male,Fairfax,VA,United States,US,0:34:09,3:03:39,2:39:10,0:09:04,0:08:42,6:34:42,2049,11019,9550,544,522,23682,1332,1035,171,225,167,40,1067,877,135,1332,1035,171,Finisher,700
Ellie,Meyerstein,Ellie Meyerstein,1045,M18-24,Male,Rockville,Maryland,United States,US,0:42:40,3:06:50,2:36:35,0:04:11,0:04:25,6:34:42,2560,11210,9395,251,265,23682,1333,1036,172,1193,878,155,1276,1022,158,1333,1036,172,Finisher,700
Theresa,Newton,Theresa Newton,479,F60-64,Female,Halfmoon,NY,United States,US,0:46:21,3:03:38,2:29:15,0:07:52,0:07:36,6:34:43,2781,11018,8955,472,456,23683,1334,298,7,1600,440,11,1403,296,10,1334,298,7,Finisher,2177
Darek,Thomas,Darek Thomas,2475,M18-24,,,,United States,US,0:31:04,3:21:37,2:27:11,0:05:24,0:09:32,6:34:48,1864,12097,8831,324,572,23688,1335,1037,173,71,53,15,1410,1110,174,1335,1037,173,Finisher,700
Liz,Lalor,Liz Lalor,1272,F18-24,Female,Durham,North Carolina,United States,US,0:42:24,3:35:43,2:04:57,0:05:40,0:06:05,6:34:49,2544,12943,7497,340,365,23689,1336,299,37,1152,303,42,1881,492,56,1336,299,37,Finisher,1319
Scott,Miller,Scott Miller,1175,M55-59,Male,Jeffersonville ,IN,United States,US,0:41:31,2:34:36,3:03:52,0:08:17,0:06:37,6:34:53,2491,9276,11032,497,397,23693,1337,1038,53,1020,756,44,474,414,24,1337,1038,53,Finisher,1372
Brannon,Franklin,Brannon Franklin,464,M35-39,Male,Fairfax,VA,United States,US,0:50:14,2:51:10,2:32:14,0:09:56,0:11:29,6:35:03,3014,10270,9134,596,689,23703,1338,1039,141,1879,1344,176,1208,974,138,1338,1039,141,Finisher,1131
Jack,Fassino,Jack Fassino,2128,M25-29,Male,Anderson,South Carolina,United States,US,0:44:49,2:52:58,2:44:27,0:07:40,0:05:10,6:35:04,2689,10378,9867,460,310,23704,1339,1040,213,1442,1051,216,1021,846,156,1339,1040,213,Finisher,987
Noah,Bautista,Noah Bautista,1392,M18-24,Male,Newark,Delaware,United States,US,0:47:25,3:02:51,2:27:09,0:08:28,0:09:12,6:35:05,2845,10971,8829,508,552,23705,1340,1041,174,1697,1225,206,1428,1125,177,1340,1041,174,Finisher,700
Idael,Fundora ,Idael Fundora,815,M18-24,Male,High Point,North Carolina,Cuba,CU,0:46:32,2:52:47,2:46:24,0:04:57,0:04:26,6:35:05,2792,10367,9984,297,266,23705,1341,1042,175,1619,1175,203,992,824,125,1341,1042,175,Finisher,700
Vanessa,De Samame,Vanessa De Samame,1412,F50-54,Female,Darien,CT,United States,US,0:39:53,3:01:01,2:40:14,0:07:25,0:06:33,6:35:06,2393,10861,9614,445,393,23706,1342,300,23,807,209,9,1116,209,20,1342,300,23,Finisher,1957
Leslie,Bartoshesky,Leslie Bartoshesky,655,F65-69,Female,Mardela Springs,MD,United States,US,0:38:40,3:03:22,2:39:53,0:06:08,0:07:04,6:35:06,2320,11002,9593,368,424,23706,1343,301,2,646,163,3,1113,208,4,1343,301,2,Finisher,2914
Tim,Billings,Tim Billings,2091,M50-54,,Street,MD,United States,US,0:43:53,3:04:49,2:36:19,0:05:04,0:05:03,6:35:08,2633,11089,9379,304,303,23708,1344,1043,70,1349,987,66,1280,1026,74,1344,1043,70,Finisher,1380
Eric,Vasil,Eric Vasil,293,M35-39,Male,Ambler,Pennsylvania,United States,US,0:44:25,2:46:59,2:52:13,0:06:12,0:05:19,6:35:09,2665,10019,10333,372,319,23709,1345,1044,142,1407,1030,132,814,677,89,1345,1044,142,Finisher,1129
Sam,Anders,Sam Anders,1425,M25-29,Male,Norristown,Pennsylvania,United States,US,0:42:36,3:12:52,2:25:16,0:06:56,0:07:49,6:35:29,2556,11572,8716,416,469,23729,1346,1045,214,1184,872,173,1506,1173,227,1346,1045,214,Finisher,979
Christopher,Rodriguez,Christopher Rodriguez,1409,M60-64,Male,22180,Virginia,United States,US,0:41:22,3:18:40,2:16:50,0:10:38,0:08:01,6:35:31,2482,11920,8210,638,481,23731,1347,1046,24,996,740,17,1686,1279,38,1347,1046,24,Finisher,1300
Christopher,Jones,Christopher Jones,794,M40-44,Male,Washington,PA,United States,US,0:51:00,3:05:26,2:24:21,0:06:52,0:07:56,6:35:35,3060,11126,8661,412,476,23735,1348,1047,100,1925,1371,124,1529,1185,111,1348,1047,100,Finisher,1072
Hannah,Ashe,Hannah Ashe,1711,F25-29,Female,Potomac,US-MD,United States,US,0:43:36,3:24:17,2:15:16,0:05:07,0:07:21,6:35:37,2616,12257,8116,307,441,23737,1349,302,71,1316,351,79,1721,429,90,1349,302,71,Finisher,1256
Juene,Rader,Juene Rader,686,F45-49,Female,ALEXANDRIA,VA,United States,US,0:48:22,3:09:30,2:27:45,0:05:16,0:04:49,6:35:42,2902,11370,8865,316,289,23742,1350,303,29,1769,496,44,1527,343,37,1350,303,29,Finisher,1876
Blythe,Edwards,Blythe Edwards,2357,F25-29,Female,Coronado,California,United States,US,0:56:50,3:15:52,2:09:07,0:07:15,0:06:45,6:35:50,3410,11752,7747,435,405,23750,1351,304,72,2112,617,127,1843,477,98,1351,304,72,Finisher,1252
Ethan ,Speyer,Ethan Speyer,1168,M25-29,Male,Stafford,VA,United States,US,0:40:28,3:02:34,2:41:23,0:06:21,0:05:08,6:35:54,2428,10954,9683,381,308,23754,1352,1048,215,866,639,132,1153,938,176,1352,1048,215,Finisher,972
Michelle,Gonzalez,Michelle Gonzalez,768,F25-29,Female,Jackson Heights,New York,United States,US,0:47:09,3:06:11,2:25:44,0:07:12,0:09:41,6:35:56,2829,11171,8744,432,581,23756,1353,305,73,1675,465,104,1472,322,69,1353,305,73,Finisher,1250
Christopher,Overcash,Christopher Overcash,1835,M55-59,Male,Phoenix,MD,United States,US,0:45:23,2:44:24,2:48:27,0:08:19,0:09:34,6:36:07,2723,9864,10107,499,574,23767,1354,1049,54,1504,1099,70,830,689,38,1354,1049,54,Finisher,1350
Dylan,Watkins,Dylan Watkins,1879,M25-29,Male,Columbia,MD,United States,US,0:44:16,3:12:02,2:17:51,0:11:07,0:11:00,6:36:16,2656,11522,8271,667,660,23776,1355,1050,216,1388,1017,205,1618,1237,243,1355,1050,216,Finisher,965
Alexis,Yribarren,Alexis Yribarren,35,F25-29,Female,New York,New York,United States,US,0:35:02,3:21:41,2:27:14,0:04:54,0:07:27,6:36:19,2102,12101,8834,294,447,23779,1356,306,74,278,68,23,1492,328,70,1356,306,74,Finisher,1244
Zach,Mcfadden,Zach Mcfadden,2323,M35-39,Male,Falls Church,VA,United States,US,0:43:15,2:58:10,2:39:09,0:07:49,0:08:02,6:36:25,2595,10690,9549,469,482,23785,1357,1051,143,1274,936,118,1149,934,131,1357,1051,143,Finisher,1106
Hannah,Ludlow,Hannah Ludlow,1704,F30-34,Female,Ewing,NJ,United States,US,0:44:01,3:05:19,2:34:41,0:05:03,0:07:20,6:36:25,2641,11119,9281,303,440,23785,1358,307,49,1365,367,66,1296,258,39,1358,307,49,Finisher,1572
Kate,Ginty,Kate Ginty,178,F45-49,Female,Philadelphia,PA,United States,US,0:44:34,3:12:23,2:27:52,0:05:07,0:06:30,6:36:27,2674,11543,8872,307,390,23787,1359,308,30,1417,382,33,1500,332,36,1359,308,30,Finisher,1862
Howard,Chan,Howard Chan,1560,M45-49,Male,Washington,DC,United States,US,0:49:06,3:23:23,2:10:03,0:08:03,0:05:55,6:36:30,2946,12203,7803,483,355,23790,1360,1052,88,1819,1306,103,1854,1372,113,1360,1052,88,Finisher,1222
Philippa,Duncan,Philippa Duncan,1797,F45-49,Female,Jersey City,New Jersey,Canada,CA,0:39:02,3:09:54,2:36:44,0:05:46,0:05:06,6:36:33,2342,11394,9404,346,306,23793,1361,309,31,696,171,16,1305,262,27,1361,309,31,Finisher,1861
Lisa,Campisi,Lisa Campisi,1026,F45-49,Female,Marlton,NJ,United States,US,0:46:46,3:13:23,2:23:59,0:06:16,0:06:09,6:36:33,2806,11603,8639,376,369,23793,1362,310,32,1639,453,41,1594,369,39,1362,310,32,Finisher,1861
Kathryn,Flodquist,Kathryn Flodquist,490,F60-64,Female,Terryville,CT,United States,US,0:35:57,2:51:40,2:58:37,0:05:14,0:05:10,6:36:36,2157,10300,10717,314,310,23796,1363,311,8,351,89,2,690,107,4,1363,311,8,Finisher,2143
Franca,Jones,Franca Jones,548,F55-59,Female,Rockville,MD,United States,US,0:34:20,2:55:15,2:53:41,0:06:20,0:07:02,6:36:37,2060,10515,10421,380,422,23797,1364,312,11,237,62,2,770,123,7,1364,312,11,Finisher,1835
Eric,Estvanko,Eric Estvanko,1802,M35-39,Male,Dumfries,Virginia,United States,US,0:54:05,3:00:56,2:25:53,0:07:16,0:08:29,6:36:40,3245,10856,8753,436,509,23800,1365,1053,144,2048,1458,191,1502,1170,163,1365,1053,144,Finisher,1102
Alex,Heil,Alex Heil,1910,M55-59,Male,Maplewood,NJ,Germany,DE,0:44:57,3:05:22,2:29:30,0:09:33,0:07:20,6:36:42,2697,11122,8970,573,440,23802,1366,1054,55,1454,1060,65,1456,1140,75,1366,1054,55,Finisher,1340
William,Giannaras,William Giannaras,2567,M30-34,Male,Baltimore,MD,United States,US,0:45:56,2:45:11,2:53:47,0:06:16,0:05:35,6:36:45,2756,9911,10427,376,335,23805,1367,1055,169,1563,1138,175,810,675,107,1367,1055,169,Finisher,839
Margaret,Brooks,Margaret Brooks,1240,F45-49,Female,SPRINGFIELD,PA,United States,US,0:46:09,3:08:38,2:25:47,0:06:36,0:09:41,6:36:50,2769,11318,8747,396,581,23810,1368,313,33,1585,434,37,1486,325,35,1368,313,33,Finisher,1856
Macarena,Carrillo,Macarena Carrillo,1358,F25-29,Female,Potomac,MD,United States,US,0:48:48,3:12:29,2:25:23,0:04:47,0:05:24,6:36:51,2928,11549,8723,287,324,23811,1369,314,75,1800,507,112,1586,365,78,1369,314,75,Finisher,1234
Jana,Riedmann,Jana Riedmann,916,F50-54,Female,HUDSON,OH,Czech Republic,CZ,0:44:50,2:59:28,2:34:13,0:07:39,0:10:41,6:36:52,2690,10768,9253,459,641,23812,1370,315,24,1444,392,22,1227,240,23,1370,315,24,Finisher,1925
Gleb,Epelbaum,Gleb Epelbaum,1505,M45-49,Male,SCHWENKSVILLE,PA,United States,US,0:46:41,2:59:30,2:35:50,0:07:37,0:07:17,6:36:56,2801,10770,9350,457,437,23816,1371,1056,89,1634,1184,92,1281,1027,86,1371,1056,89,Finisher,1214
Jaron,May,Jaron May,1468,M25-29,Male,Cincinnati,Ohio,United States,US,0:45:18,3:03:40,2:38:23,0:05:05,0:04:32,6:36:59,2718,11020,9503,305,272,23819,1372,1057,217,1496,1093,225,1290,1034,199,1372,1057,217,Finisher,952
Bob,Blackhurst,Bob Blackhurst,1782,M35-39,Male,WILMINGTON,DE,United States,US,0:41:20,2:49:34,2:53:16,0:06:13,0:06:49,6:37:12,2480,10174,10396,373,409,23832,1373,1058,145,988,734,92,798,667,86,1373,1058,145,Finisher,1092
Kirk,Morgan,Kirk Morgan,2084,M50-54,Male,Bethesda,Maryland,United States,US,0:47:30,2:59:33,2:40:50,0:04:46,0:04:39,6:37:18,2850,10773,9650,286,279,23838,1374,1059,71,1701,1229,85,1221,983,72,1374,1059,71,Finisher,1341
Thomas,Coonick,Thomas Coonick,131,M50-54,Male,Lyndhurst,NJ,United States,US,0:52:46,2:47:18,2:44:53,0:06:22,0:06:00,6:37:19,3166,10038,9893,382,360,23839,1375,1060,72,2004,1428,98,1056,870,64,1375,1060,72,Finisher,1341
Andrew,Caraballo,Andrew Caraballo,1769,M45-49,Male,Weehawken,NJ,United States,US,0:46:49,2:57:08,2:38:35,0:07:46,0:07:04,6:37:21,2809,10628,9515,466,424,23841,1376,1061,90,1644,1189,93,1217,980,82,1376,1061,90,Finisher,1207
Cole,Baker,Cole Baker,1878,M25-29,Male,Baltimore,Maryland,United States,US,0:43:38,2:58:40,2:39:28,0:06:49,0:08:49,6:37:24,2618,10720,9568,409,529,23844,1377,1062,218,1323,970,196,1146,931,175,1377,1062,218,Finisher,945
Brandon,Wiebusch,Brandon Wiebusch,1864,M40-44,Male,Boyds,Maryland,United States,US,0:41:14,3:16:44,2:21:11,0:10:33,0:08:04,6:37:46,2474,11804,8471,633,484,23866,1378,1063,101,975,727,66,1648,1255,118,1378,1063,101,Finisher,1033
Kristine,Hime,Kristine Hime,2027,F40-44,Female,Virginia Beach,VA,United States,US,0:39:05,3:24:37,2:17:49,0:09:46,0:06:41,6:37:58,2345,12277,8269,586,401,23878,1379,316,32,707,173,16,1729,431,45,1379,316,32,Finisher,1441
Jamil,Castro,Jamil Castro,678,M35-39,Male,Astoria,New York,Ecuador,EC,1:04:30,3:25:37,1:53:19,0:07:19,0:07:16,6:38:00,3870,12337,6799,439,436,23880,1380,1064,146,2206,1558,201,2034,1477,190,1380,1064,146,Finisher,1078
Lauren,Griffiths,Lauren Griffiths,1004,F40-44,Female,BROADVIEW HTS,OH,United States,US,0:49:15,2:56:50,2:38:23,0:06:52,0:06:41,6:38:01,2955,10610,9503,412,401,23881,1381,317,33,1829,517,50,1257,248,25,1381,317,33,Finisher,1440
Susan,Kolko,Susan Kolko,1117,F60-64,Female,Beverly Hills,CA,United States,US,0:42:16,3:12:28,2:27:33,0:07:10,0:08:36,6:38:02,2536,11548,8853,430,516,23882,1382,318,9,1132,296,7,1499,331,13,1382,318,9,Finisher,2117
Tyson,Brown,Tyson Brown,787,M40-44,Male,Arlington,VA,United States,US,0:42:09,2:58:51,2:47:17,0:04:47,0:05:05,6:38:09,2529,10731,10037,287,305,23889,1383,1065,102,1111,821,79,1032,854,86,1383,1065,102,Finisher,1026
Anker,Ford,Anker Ford,702,M18-24,Male,New York,NY,United States,US,0:41:15,3:19:19,2:27:14,0:05:25,0:04:58,6:38:11,2475,11959,8834,325,298,23891,1384,1066,176,978,729,129,1583,1219,189,1384,1066,176,Finisher,700
Conor,McGuigan,Conor McGuigan,733,M30-34,Male,Bethpage,NY,United States,US,0:43:13,3:03:02,2:33:25,0:10:58,0:07:34,6:38:12,2593,10982,9205,658,454,23892,1385,1067,170,1266,929,144,1383,1095,170,1385,1067,170,Finisher,813
Joe,Vaskas,Joe Vaskas,730,M35-39,Male,Lindenhurst,NY,United States,US,0:51:01,2:53:36,2:37:38,0:09:05,0:06:57,6:38:16,3061,10416,9458,545,417,23896,1386,1068,147,1926,1372,180,1275,1021,146,1386,1068,147,Finisher,1073
Sally Ann,Pauw,Sally Ann Pauw,1865,F45-49,Female,Rockville,MD,South Africa,ZA,0:40:50,3:12:18,2:33:22,0:04:52,0:07:01,6:38:24,2450,11538,9202,292,421,23904,1387,319,34,922,242,21,1405,298,30,1387,319,34,Finisher,1827
Kurt,Kovacs,Kurt Kovacs,843,M18-24,Male,FRUITLAND,MD,United States,US,0:45:46,2:51:34,2:45:37,0:08:59,0:06:28,6:38:24,2746,10294,9937,539,388,23904,1388,1069,177,1551,1129,195,1053,868,133,1388,1069,177,Finisher,700
Nicholas,Cluen,Nicholas Cluen,530,M60-64,Male,BLOOMFIELD,NJ,United States,US,0:46:04,2:53:23,2:48:09,0:04:51,0:06:00,6:38:28,2764,10403,10089,291,360,23908,1389,1070,25,1579,1147,29,993,825,24,1389,1070,25,Finisher,1247
Mariah,Derkach,Mariah Derkach,808,F30-34,Female,Woolford,Maryland,United States,US,0:42:00,3:12:42,2:26:56,0:08:55,0:07:55,6:38:28,2520,11562,8816,535,475,23908,1390,320,50,1092,286,54,1535,346,55,1390,320,50,Finisher,1535
Bruce,Weinelt,Bruce Weinelt,1565,M50-54,Male,ARLINGTON,VA,Germany,DE,0:49:39,3:05:54,2:29:14,0:06:06,0:07:41,6:38:34,2979,11154,8954,366,461,23914,1391,1071,73,1845,1320,91,1493,1165,83,1391,1071,73,Finisher,1319
Christopher,D'Emic,Christopher D'Emic,848,M60-64,Male,Ossining,NY,United States,US,0:47:15,3:04:07,2:31:41,0:08:59,0:06:34,6:38:36,2835,11047,9101,539,394,23916,1392,1072,26,1686,1218,35,1469,1148,31,1392,1072,26,Finisher,1244
Ryan,Langmaid,Ryan Langmaid,1144,M25-29,Male,Virginia Beach,Virginia,United States,US,0:43:28,2:57:36,2:41:28,0:08:38,0:07:28,6:38:38,2608,10656,9688,518,448,23918,1393,1073,219,1299,953,192,1165,942,178,1393,1073,219,Finisher,923
Mike,McCulloch,Mike McCulloch,1258,M35-39,Male,Sewickley,Pennsylvania,United States,US,0:43:30,2:47:04,2:54:04,0:07:24,0:06:38,6:38:41,2610,10024,10444,444,398,23921,1394,1074,148,1305,957,122,827,687,92,1394,1074,148,Finisher,1066
Nicholas,Wong,Nicholas Wong,1867,M25-29,Male,Rockville,MD,United States,US,0:43:57,3:08:32,2:33:21,0:06:19,0:06:36,6:38:46,2637,11312,9201,379,396,23926,1395,1075,220,1353,990,198,1430,1126,219,1395,1075,220,Finisher,920
Victoria,Piccirillo,Victoria Piccirillo,694,F35-39,Female,LaKe RONKONKOMA,NY,United States,US,0:40:43,3:17:13,2:25:14,0:07:38,0:08:01,6:38:50,2443,11833,8714,458,481,23930,1396,321,46,903,237,36,1577,362,50,1396,321,46,Finisher,1289
Reid,Gohlke,Reid Gohlke,1389,M25-29,Male,Arlington,VIRGINIA,United States,US,0:45:03,3:08:52,2:22:58,0:08:58,0:13:02,6:38:53,2703,11332,8578,538,782,23933,1397,1076,221,1468,1069,219,1519,1181,230,1397,1076,221,Finisher,918
Erick,Caicedo,Erick Caicedo,1059,M30-34,Male,Howell,NJ,Colombia,CO,0:58:36,3:01:56,2:29:23,0:03:58,0:05:04,6:38:56,3516,10916,8963,238,304,23936,1398,1077,171,2148,1521,241,1557,1202,191,1398,1077,171,Finisher,800
Elizabeth,Carroll-Anderson,Elizabeth Carroll-Anderson,1528,F35-39,Female,Washington,DC,United States,US,0:43:41,2:54:11,2:38:30,0:11:43,0:10:54,6:38:58,2621,10451,9510,703,654,23938,1399,322,47,1330,357,53,1161,221,37,1399,322,47,Finisher,1286
Phil,Gilbert,Phil Gilbert,691,M65-69,Male,Kewadin,MI,United States,US,0:45:02,2:45:25,2:51:22,0:07:53,0:09:19,6:39:02,2702,9925,10282,473,559,23942,1400,1078,10,1467,1068,13,837,696,8,1400,1078,10,Finisher,2196
Meagan,David,Meagan David,1154,F30-34,Female,Wilmington,North Carolina,United States,US,0:44:43,3:22:50,2:16:22,0:06:20,0:08:51,6:39:06,2683,12170,8182,380,531,23946,1401,323,51,1430,388,70,1731,432,65,1401,323,51,Finisher,1524
Riley,Pickrel,Riley Pickrel,1785,M30-34,Male,Allentown,PA,United States,US,0:44:23,3:04:23,2:34:47,0:07:49,0:07:47,6:39:10,2663,11063,9287,469,467,23950,1402,1079,172,1399,1025,152,1365,1083,166,1402,1079,172,Finisher,796
James,Brown,James Brown,2311,M50-54,Male,Columbia,MD,United States,US,0:52:07,2:56:07,2:34:51,0:07:25,0:08:44,6:39:12,3127,10567,9291,445,524,23952,1403,1080,74,1979,1409,95,1337,1063,78,1403,1080,74,Finisher,1307
Nick,Kalfas,Nick Kalfas,899,M35-39,Male,Essex,Maryland,United States,US,0:54:39,2:57:45,2:32:05,0:07:23,0:07:27,6:39:20,3279,10665,9125,443,447,23960,1404,1081,149,2065,1467,192,1453,1139,158,1404,1081,149,Finisher,1054
Nicolas,Colonna,Nicolas Colonna,1439,M30-34,Male,Bay Shore,NY,United States,US,0:36:33,3:06:13,2:35:16,0:10:26,0:10:54,6:39:23,2193,11173,9316,626,654,23963,1405,1082,173,407,306,44,1261,1013,153,1405,1082,173,Finisher,792
Megan,Roldan,Megan Roldan,334,F25-29,,,,United States,US,0:43:38,3:12:53,2:27:28,0:07:30,0:07:57,6:39:26,2618,11573,8848,450,477,23966,1406,324,76,1321,353,81,1547,351,75,1406,324,76,Finisher,1187
Tatjana,Kunz,Tatjana Kunz,2381,F25-29,Female,Washington,District of Columbia,United States,US,0:43:39,3:28:29,2:12:14,0:07:50,0:07:15,6:39:28,2619,12509,7934,470,435,23968,1407,325,77,1326,356,83,1844,478,99,1407,325,77,Finisher,1187
Aiden,Maurer,Aiden Maurer,1515,M18-24,Male,Chatham Township,NJ,United States,US,0:41:22,3:36:51,2:08:46,0:05:44,0:06:48,6:39:31,2482,13011,7726,344,408,23971,1408,1083,178,998,742,131,1883,1391,219,1408,1083,178,Finisher,700
Peter,Raymond,Peter Raymond,1727,M65-69,Male,RESTON,VA,United States,US,0:52:42,3:08:55,2:26:18,0:05:16,0:06:24,6:39:35,3162,11335,8778,316,384,23975,1409,1084,11,2001,1426,20,1604,1230,13,1409,1084,11,Finisher,2186
Colin,Cillo,Colin Cillo,1388,M25-29,Male,Havre De Grace,Maryland,United States,US,0:42:53,3:00:52,2:44:53,0:04:56,0:06:04,6:39:38,2573,10852,9893,296,364,23978,1410,1085,222,1220,896,176,1128,916,170,1410,1085,222,Finisher,905
Matthew,Streichler,Matthew Streichler,2008,M25-29,Male,Rye Brook,New York,United States,US,0:51:34,3:21:14,2:05:53,0:10:51,0:10:19,6:39:52,3094,12074,7553,651,619,23992,1411,1086,223,1950,1387,286,1879,1388,277,1411,1086,223,Finisher,900
Bradford,Ashley,Bradford Ashley,1222,M35-39,Male,Marietta,US-GA,United States,US,0:31:51,2:56:54,2:56:40,0:06:08,0:08:22,6:39:54,1911,10614,10600,368,502,23994,1412,1087,150,98,69,5,749,630,78,1412,1087,150,Finisher,1044
Dana,Peele,Dana Peele,84,F55-59,Female,Birmingham,AL,United States,US,0:42:48,2:51:27,2:54:46,0:05:59,0:04:56,6:39:56,2568,10287,10486,359,296,23996,1413,326,12,1207,319,15,890,153,9,1413,326,12,Finisher,1775
Zachary,Streichler,Zachary Streichler,1993,M30-34,Male,Austin,Texas,United States,US,0:48:48,3:21:12,2:05:54,0:13:44,0:10:18,6:39:56,2928,12072,7554,824,618,23996,1414,1088,174,1799,1293,201,1880,1389,217,1414,1088,174,Finisher,782
Gavin,Bowie,Gavin Bowie,2390,M50-54,Male,Richmond,VA,United States,US,0:39:50,2:53:50,2:52:45,0:05:57,0:07:39,6:40:02,2390,10430,10365,357,459,24002,1415,1089,75,800,595,35,866,720,56,1415,1089,75,Finisher,1292
Alain,Watson,Alain Watson,585,M60-64,Male,Lithia,Florida,United States,US,0:48:34,2:53:04,2:46:23,0:05:57,0:06:12,6:40:10,2914,10384,9983,357,372,24010,1416,1090,27,1783,1280,37,1097,895,25,1416,1090,27,Finisher,1216
Michael,Mcdermott,Michael Mcdermott,628,M60-64,Male,WESLEY CHAPEL,FL,United States,US,0:47:10,3:01:23,2:34:52,0:06:23,0:10:28,6:40:15,2830,10883,9292,383,628,24015,1417,1091,28,1679,1214,34,1315,1049,28,1417,1091,28,Finisher,1214
Kristen,Black,Kristen Black,1600,F30-34,Female,Medford,New Jersey,United States,US,0:40:28,3:11:25,2:27:09,0:10:53,0:10:20,6:40:15,2428,11485,8829,653,620,24015,1418,327,52,864,227,41,1515,337,52,1418,327,52,Finisher,1503
Tyler,Kerr,Tyler Kerr,889,M18-24,Male,Brentwood,Tennessee,United States,US,0:46:35,3:09:10,2:26:36,0:09:26,0:08:28,6:40:16,2795,11350,8796,566,508,24016,1419,1092,179,1625,1178,204,1571,1211,188,1419,1092,179,Finisher,700
Jayson,Campos,Jayson Campos,1357,M40-44,Male,Ajax,ON,Canada,CA,0:45:47,3:17:42,2:27:19,0:03:19,0:06:19,6:40:26,2747,11862,8839,199,379,24026,1420,1093,103,1553,1131,101,1602,1229,115,1420,1093,103,Finisher,985
Joel,Wolf,Joel Wolf,329,M55-59,Male,Washington,District of Columbia,United States,US,0:40:22,3:10:26,2:35:28,0:07:30,0:06:55,6:40:41,2422,11426,9328,450,415,24041,1421,1094,56,857,631,35,1416,1116,72,1421,1094,56,Finisher,1268
Kathryn,Ryan,Kathryn Ryan,2464,F25-29,Female,Severna Park,Maryland,United States,US,0:41:47,3:26:45,2:14:44,0:07:34,0:09:59,6:40:49,2507,12405,8084,454,599,24049,1422,328,78,1057,276,61,1774,449,94,1422,328,78,Finisher,1163
Collin,Mccord,Collin Mccord,793,M30-34,Male,Concord,NC,United States,US,0:35:36,3:24:34,2:26:59,0:07:30,0:06:13,6:40:52,2136,12274,8819,450,373,24052,1423,1095,175,318,236,37,1624,1241,197,1423,1095,175,Finisher,765
Michael,Prado,Michael Prado,1400,M25-29,Male,Miami,Florida,United States,US,0:50:32,3:33:16,2:01:09,0:09:18,0:06:43,6:40:57,3032,12796,7269,558,403,24057,1424,1096,224,1897,1355,281,1992,1454,294,1424,1096,224,Finisher,881
Bryan,Zhang,Bryan Zhang,701,M25-29,Male,Arlington,Virginia,United States,US,0:41:35,3:04:19,2:37:13,0:08:43,0:09:08,6:40:58,2495,11059,9433,523,548,24058,1425,1097,225,1031,765,155,1302,1042,201,1425,1097,225,Finisher,881
Elizabeth,Rose,Elizabeth Rose,500,F40-44,Female,Mechanicsville,Virginia,United States,US,0:39:54,3:06:17,2:43:57,0:05:31,0:05:24,6:41:03,2394,11177,9837,331,324,24063,1426,329,34,812,211,18,1216,237,24,1426,329,34,Finisher,1385
Peter,Deskovich,Peter Deskovich,1579,M40-44,Male,Alexandria,VA,United States,US,0:41:38,3:00:53,2:46:32,0:06:11,0:05:49,6:41:03,2498,10853,9992,371,349,24063,1427,1098,104,1038,771,70,1129,917,91,1427,1098,104,Finisher,974
Jay,Leblang,Jay Leblang,2516,M40-44,Male,Washington,DC,United States,US,0:47:37,3:14:40,2:23:05,0:09:17,0:06:32,6:41:12,2857,11680,8585,557,392,24072,1428,1099,105,1711,1237,111,1700,1287,121,1428,1099,105,Finisher,971
Matthew,Tirrell,Matthew Tirrell,330,M18-24,Male,GAINESVILLE,VA,United States,US,0:35:05,3:11:37,2:42:51,0:05:32,0:06:08,6:41:13,2105,11497,9771,332,368,24073,1429,1100,180,282,214,52,1231,990,154,1429,1100,180,Finisher,700
Sviatlana,Phelan,Sviatlana Phelan,1495,F45-49,Female,Arlington,Virginia,United States,US,0:48:21,3:15:29,2:22:32,0:08:03,0:06:51,6:41:17,2901,11729,8552,483,411,24077,1430,330,35,1768,495,43,1707,417,45,1430,330,35,Finisher,1775
Molly,Streit,Molly Streit,110,F18-24,Female,Afton,Virginia,United States,US,0:36:27,3:14:57,2:35:25,0:07:06,0:07:27,6:41:22,2187,11697,9325,426,447,24082,1431,331,38,400,100,15,1420,301,31,1431,331,38,Finisher,1201
Matthew,Lebo,Matthew Lebo,2382,M40-44,Male,New York,NY,United States,US,0:47:51,2:59:04,2:43:45,0:05:49,0:04:57,6:41:26,2871,10744,9825,349,297,24086,1432,1101,106,1732,1251,113,1247,1001,99,1432,1101,106,Finisher,967
Rebecca,Stevens,Rebecca Stevens,2431,F25-29,Female,NEW YORK,NY,United States,US,0:38:34,3:10:54,2:39:00,0:06:05,0:07:10,6:41:43,2314,11454,9540,365,430,24103,1433,332,79,638,159,39,1335,274,57,1433,332,79,Finisher,1146
Nicholas,Crawford,Nicholas Crawford,2262,M30-34,Male,Baltimore,Maryland,United States,US,0:40:56,3:07:58,2:29:43,0:11:58,0:11:15,6:41:49,2456,11278,8983,718,675,24109,1434,1102,176,937,694,116,1480,1156,182,1434,1102,176,Finisher,748
Joel,Galatas,Joel Galatas,986,M40-44,Male,Metairie,Louisiana,United States,US,0:38:32,3:24:12,2:28:49,0:05:05,0:05:16,6:41:55,2312,12252,8929,305,316,24115,1435,1103,107,634,476,46,1631,1244,117,1435,1103,107,Finisher,958
Kieran,O'Neill,Kieran O'Neill,1647,M25-29,Male,Lutherville,Maryland,United States,US,0:48:32,3:20:33,2:20:15,0:06:48,0:05:51,6:41:59,2912,12033,8415,408,351,24119,1436,1104,226,1781,1278,257,1766,1321,258,1436,1104,226,Finisher,862
COLE,TIBBS,COLE TIBBS,689,M25-29,Male,Christiansburg,VA,Tokelau,TK,0:42:58,2:43:41,3:05:24,0:05:06,0:04:51,6:42:00,2578,9821,11124,306,291,24120,1437,1105,227,1234,905,181,655,553,103,1437,1105,227,Finisher,862
Antonina,Pianykh,Antonina Pianykh,1909,F35-39,Female,Burlington,Ontario,Canada,CA,0:40:10,3:23:51,2:23:54,0:06:10,0:07:56,6:42:01,2410,12231,8634,370,476,24121,1438,333,48,834,220,33,1677,405,55,1438,333,48,Finisher,1232
Sarah,Symes,Sarah Symes,2106,F25-29,Female,Middletown,Delaware,United States,US,0:47:57,3:25:14,2:15:48,0:06:31,0:06:38,6:42:08,2877,12314,8148,391,398,24128,1439,334,80,1735,483,108,1837,473,97,1439,334,80,Finisher,1139
Holly,Shenk,Holly Shenk,1852,F35-39,Female,Warrington,PA,United States,US,0:45:01,3:28:51,2:18:23,0:04:26,0:05:32,6:42:11,2701,12531,8303,266,332,24131,1440,335,49,1463,399,59,1815,465,64,1440,335,49,Finisher,1229
Jason,Levine,Jason Levine,295,M40-44,Male,Arlington,Virginia,United States,US,0:44:24,2:58:46,2:39:09,0:09:35,0:10:21,6:42:14,2664,10726,9549,575,621,24134,1441,1106,108,1401,1026,96,1248,1002,100,1441,1106,108,Finisher,953
Kent ,Mackowiak,Kent Mackowiak,1291,M18-24,Male,Boston,Massachusetts,United States,US,0:38:39,3:04:04,2:43:31,0:07:37,0:08:30,6:42:20,2319,11044,9811,457,510,24140,1442,1107,181,644,483,93,1179,954,145,1442,1107,181,Finisher,700
David,Andrews,David Andrews,937,M50-54,Male,Glenville,NY,United States,US,0:47:24,3:19:32,2:16:58,0:10:42,0:07:46,6:42:22,2844,11972,8218,642,466,24142,1443,1108,76,1694,1223,84,1806,1344,98,1443,1108,76,Finisher,1250
Ashleigh,Lacy,Ashleigh Lacy,2203,F25-29,Female,Albany,New York,United States,US,0:43:53,3:14:44,2:28:57,0:06:23,0:08:28,6:42:24,2633,11684,8937,383,508,24144,1444,336,81,1348,362,84,1567,359,77,1444,336,81,Finisher,1134
Emily,Quisenberry,Emily Quisenberry,1987,F25-29,Female,Washington,District of Columbia,United States,US,0:44:25,3:29:28,2:10:26,0:08:56,0:09:22,6:42:37,2665,12568,7826,536,562,24157,1445,337,82,1406,377,88,1871,489,103,1445,337,82,Finisher,1130
Joe,Isseks,Joe Isseks,1420,M25-29,Male,Newark,Delaware,United States,US,0:36:21,3:03:57,2:42:55,0:09:34,0:09:54,6:42:41,2181,11037,9775,574,594,24161,1446,1109,228,390,293,68,1170,947,180,1446,1109,228,Finisher,850
Henry,Cunningham ,Henry Cunningham,2184,M18-24,Male,McLean,Virginia,United States,US,0:50:38,2:48:20,2:42:50,0:07:09,0:13:45,6:42:41,3038,10100,9770,429,825,24161,1447,1110,182,1902,1359,223,1045,863,132,1447,1110,182,Finisher,700
Matthew,Lau,Matthew Lau,1313,M25-29,Male,Davie,Florida,United States,US,0:36:47,3:23:44,2:30:43,0:06:27,0:05:05,6:42:46,2207,12224,9043,387,305,24166,1448,1111,229,426,318,71,1605,1231,241,1448,1111,229,Finisher,848
Maciej ,Chodynicki ,Maciej Chodynicki,100,M55-59,Male,Baltimore,Maryland,United States,US,0:41:44,3:09:47,2:36:19,0:07:53,0:07:08,6:42:51,2504,11387,9379,473,428,24171,1449,1112,57,1052,780,46,1443,1132,73,1449,1112,57,Finisher,1229
Sarah,Leam,Sarah Leam,744,F25-29,Female,NORFOLK,VA,United States,US,0:38:37,2:54:52,2:59:14,0:04:32,0:05:48,6:43:03,2317,10492,10754,272,348,24183,1450,338,83,642,160,40,828,141,25,1450,338,83,Finisher,1122
Taylor,Searles,Taylor Searles,1323,M30-34,Male,PROSPECT,CT,United States,US,0:39:08,2:59:31,2:48:57,0:07:10,0:08:34,6:43:21,2348,10771,10137,430,514,24201,1451,1113,177,714,539,91,1035,856,137,1451,1113,177,Finisher,720
Elizabeth,Niesent,Elizabeth Niesent,1916,F18-24,Female,Fredericksburg,US-VA,United States,US,0:37:00,3:26:13,2:28:22,0:04:36,0:07:12,6:43:23,2220,12373,8902,276,432,24203,1452,339,39,454,116,19,1630,387,41,1452,339,39,Finisher,1165
Kathryn,Lind,Kathryn Lind,1570,F35-39,Female,Astoria,New York,United States,US,0:44:16,3:24:12,2:20:11,0:08:44,0:06:06,6:43:29,2656,12252,8411,524,366,24209,1453,340,50,1391,372,57,1799,459,62,1453,340,50,Finisher,1205
Thomas,Moore,Thomas Moore,806,M30-34,Male,Brandon,Mississippi,United States,US,0:48:11,3:11:52,2:32:01,0:05:27,0:06:04,6:43:35,2891,11512,9121,327,364,24215,1454,1114,178,1751,1263,194,1575,1214,194,1454,1114,178,Finisher,716
Jamilyn,Smyser,Jamilyn Smyser,2070,F65-69,Female,ARNOLD,MD,United States,US,0:43:01,2:55:00,2:53:52,0:05:45,0:05:59,6:43:37,2581,10500,10432,345,359,24217,1455,341,3,1245,333,6,981,166,2,1455,341,3,Finisher,2760
Bridget,Woolley,Bridget Woolley,1824,F30-34,Female,Wilmington,DE,United States,US,0:50:07,2:55:18,2:44:11,0:07:07,0:06:55,6:43:38,3007,10518,9851,427,415,24218,1456,342,53,1875,533,92,1238,243,38,1456,342,53,Finisher,1442
Brandon,Yeager,Brandon Yeager,1591,M35-39,Male,Millersburg,PA,United States,US,0:45:56,2:57:19,2:46:23,0:06:40,0:07:21,6:43:39,2756,10639,9983,400,441,24219,1457,1115,151,1564,1139,147,1173,949,135,1457,1115,151,Finisher,976
Jacob,Harbolt,Jacob Harbolt,1377,M35-39,Male,Alexandria,VA,United States,US,0:40:55,3:09:04,2:37:14,0:08:31,0:08:04,6:43:48,2455,11344,9434,511,484,24228,1458,1116,152,933,690,84,1419,1119,152,1458,1116,152,Finisher,974
Charles,Ricard,Charles Ricard,2354,M30-34,Male,Lancaster,PA,United States,US,0:39:55,3:07:59,2:43:17,0:06:07,0:06:38,6:43:56,2395,11279,9797,367,398,24236,1459,1117,179,816,605,99,1287,1031,157,1459,1117,179,Finisher,710
Christopher,Carrington,Christopher Carrington,1516,M40-44,Male,Philadelphia,PA,United States,US,1:10:51,2:40:41,2:41:32,0:05:27,0:05:30,6:44:01,4251,9641,9692,327,330,24241,1460,1118,109,2229,1571,137,1377,1090,105,1460,1118,109,Finisher,920
Andres,Diaz,Andres Diaz,1359,F40-44,Male,Whitby,ON,Canada,CA,0:40:44,3:16:53,2:29:52,0:08:59,0:07:40,6:44:07,2444,11813,8992,539,460,24247,1461,343,35,906,238,21,1598,372,39,1461,343,35,Finisher,1330
Virginia,Wang,Virginia Wang,2178,F25-29,Female,Alexandria,VA,United States,US,0:41:52,3:13:46,2:33:54,0:06:57,0:07:37,6:44:07,2512,11626,9234,417,457,24247,1462,344,84,1072,279,62,1510,335,72,1462,344,84,Finisher,1103
Matthew,Guy,Matthew Guy,2550,M40-44,Male,North Laurel,MD,United States,US,0:50:25,2:53:00,2:41:01,0:08:04,0:11:39,6:44:09,3025,10380,9661,484,699,24249,1463,1119,110,1890,1350,120,1211,977,97,1463,1119,110,Finisher,918
Bradley,Hartman,Bradley Hartman,2377,M40-44,Male,Kensington,MD,United States,US,0:34:57,2:57:51,3:00:16,0:04:34,0:06:34,6:44:13,2097,10671,10816,274,394,24253,1464,1120,111,273,206,21,808,673,68,1464,1120,111,Finisher,917
Leonard,Atienza,Leonard Atienza,323,M40-44,Male,Dumont,NJ,Philippines,PH,1:01:36,2:50:57,2:38:29,0:05:04,0:08:15,6:44:20,3696,10257,9509,304,495,24260,1465,1121,112,2187,1544,134,1397,1104,106,1465,1121,112,Finisher,915
Jacob,Ziv,Jacob Ziv,1058,M18-24,Male,Pikesville,MD,United States,US,0:41:31,3:03:03,2:48:51,0:06:39,0:04:17,6:44:21,2491,10983,10131,399,257,24261,1466,1122,183,1021,757,135,1202,970,149,1466,1122,183,Finisher,700
Justin,Land,Justin Land,1494,M40-44,Male,Wyndmoor,PA,United States,US,0:50:20,3:07:26,2:32:41,0:07:55,0:06:00,6:44:23,3020,11246,9161,475,360,24263,1467,1123,113,1884,1346,119,1579,1216,113,1467,1123,113,Finisher,914
Connor,Sparta,Connor Sparta,1125,M30-34,Male,Andover,NJ,United States,US,0:45:03,3:09:20,2:34:23,0:08:26,0:07:19,6:44:32,2703,11360,9263,506,439,24272,1468,1124,180,1470,1071,167,1517,1179,184,1468,1124,180,Finisher,700
Collin,Brunk,Collin Brunk,1807,M18-24,Male,Bridgewater,Virginia,United States,US,0:47:40,3:13:54,2:30:04,0:06:19,0:06:43,6:44:40,2860,11634,9004,379,403,24280,1469,1125,184,1714,1238,209,1633,1245,193,1469,1125,184,Finisher,700
Morgan,Mathews,Morgan Mathews,1174,F25-29,Female,Frostburg,Maryland,United States,US,0:51:18,2:52:11,2:41:03,0:05:59,0:14:09,6:44:40,3078,10331,9663,359,849,24280,1470,345,85,1942,561,118,1156,218,40,1470,345,85,Finisher,1093
Eric,Van Houten,Eric Van Houten,922,M35-39,Male,West Chester,Pennsylvania,United States,US,0:45:41,3:10:56,2:35:57,0:06:07,0:06:02,6:44:42,2741,11456,9357,367,362,24282,1471,1126,153,1534,1122,143,1513,1177,164,1471,1126,153,Finisher,957
Samyak,Jain,Samyak Jain,1960,M18-24,Male,Frederick,Maryland,India,IN,0:36:49,3:37:27,2:16:36,0:08:24,0:05:30,6:44:47,2209,13047,8196,504,330,24287,1472,1127,185,434,325,69,1869,1381,216,1472,1127,185,Finisher,700
Ahan,Shah,Ahan Shah,2487,M25-29,Male,Centreville,Virginia,United States,US,0:43:15,3:12:54,2:12:12,0:08:48,0:27:41,6:44:50,2595,11574,7932,528,1661,24290,1473,1128,230,1273,935,187,1566,1208,235,1473,1128,230,Finisher,811
Tony,King,Tony King,1422,M60-64,Male,Baltimore,Maryland,United States,US,0:48:04,3:06:03,2:32:57,0:09:16,0:08:37,6:44:56,2884,11163,9177,556,517,24296,1474,1129,29,1742,1256,36,1531,1187,33,1474,1129,29,Finisher,1130
Talley,Applewhite,Talley Applewhite,1821,F18-24,Female,Annapolis,Maryland,United States,US,0:47:11,3:26:51,2:14:44,0:08:14,0:07:59,6:45:00,2831,12411,8084,494,479,24300,1475,346,40,1681,466,58,1864,487,54,1475,346,40,Finisher,1136
Kimberly,Wallace,Kimberly Wallace,1971,F55-59,Female,Scarborough,MAINE,United States,US,0:48:10,2:56:31,2:48:21,0:06:17,0:05:46,6:45:06,2890,10591,10101,377,346,24306,1476,347,13,1749,487,22,1195,229,12,1476,347,13,Finisher,1682
Arsenio,Naranjo,Arsenio Naranjo,810,M55-59,Male,Altamonte Springs,FL,United States,US,0:48:17,2:52:13,2:50:56,0:06:04,0:07:36,6:45:06,2897,10333,10256,364,456,24306,1477,1130,58,1760,1269,80,1059,872,52,1477,1130,58,Finisher,1188
Aldo,Chandra,Aldo Chandra,1248,M25-29,Male,Philadelphia,PA,United States,US,0:49:14,3:21:21,2:22:17,0:06:24,0:05:51,6:45:08,2954,12081,8537,384,351,24308,1478,1131,231,1827,1311,267,1792,1335,264,1478,1131,231,Finisher,806
Constantin,Andreae,Constantin Andreae,1771,M50-54,Male,Ridgewood,New Jersey,France,FR,0:53:50,3:15:32,2:20:00,0:08:49,0:06:58,6:45:09,3230,11732,8400,529,418,24309,1479,1132,77,2041,1453,100,1814,1350,99,1479,1132,77,Finisher,1200
Raymond,Gajkowski,Raymond Gajkowski,1586,M30-34,Male,Washington,DC,United States,US,0:47:25,3:02:10,2:39:56,0:07:11,0:08:28,6:45:10,2845,10930,9596,431,508,24310,1480,1133,181,1696,1224,188,1371,1087,168,1480,1133,181,Finisher,700
Anthony,Palumbo,Anthony Palumbo,1081,M30-34,Male,WASHINGTON,District of Columbia,United States,US,0:45:55,3:15:37,2:29:20,0:08:18,0:06:04,6:45:15,2755,11737,8960,498,364,24315,1481,1134,182,1562,1137,174,1667,1265,199,1481,1134,182,Finisher,700
Steven Aaron,Jacobs,Steven Aaron Jacobs,290,M30-34,Male,Danville,PA,United States,US,0:45:45,3:23:18,2:11:13,0:11:20,0:13:43,6:45:18,2745,12198,7873,680,823,24318,1482,1135,183,1545,1127,173,1850,1369,216,1482,1135,183,Finisher,700
C. Ozgur,Guneri,C. Ozgur Guneri,898,M50-54,Male,Sherman Oaks,CALIFORNIA,Turkey,TR,0:59:40,3:10:06,2:16:52,0:09:57,0:08:46,6:45:21,3580,11406,8212,597,526,24321,1483,1136,78,2162,1530,111,1838,1365,100,1483,1136,78,Finisher,1196
Megan,Morgan,Megan Morgan,887,F30-34,Female,Severn,MD,United States,US,0:49:32,3:11:56,2:34:03,0:04:20,0:05:35,6:45:26,2972,11516,9243,260,335,24326,1484,348,54,1841,523,90,1581,364,56,1484,348,54,Finisher,1410
Brian,Rodkey,Brian Rodkey,1257,M35-39,Male,New York,New York,United States,US,0:40:42,3:26:21,2:23:41,0:06:18,0:08:32,6:45:34,2442,12381,8621,378,512,24334,1485,1137,154,902,666,82,1726,1297,173,1485,1137,154,Finisher,942
Christian ,Wiskur,Christian Wiskur,1934,M30-34,Male,Washington,District of Columbia,United States,US,0:47:01,3:19:45,2:20:38,0:09:16,0:09:05,6:45:44,2821,11985,8438,556,545,24344,1486,1138,184,1664,1204,185,1771,1325,209,1486,1138,184,Finisher,700
Suzanne,Sullivan,Suzanne Sullivan,1863,F45-49,Female,Rockville,MD,United States,US,0:37:59,3:13:00,2:41:10,0:06:30,0:07:06,6:45:45,2279,11580,9670,390,426,24345,1487,349,36,575,150,12,1394,293,29,1487,349,36,Finisher,1695
Jordan,Gorleski,Jordan Gorleski,1031,M25-29,Male,Burlington,New Jersey,United States,US,0:43:35,3:07:38,2:41:08,0:05:48,0:07:38,6:45:48,2615,11258,9668,348,458,24348,1488,1139,232,1314,964,195,1378,1091,209,1488,1139,232,Finisher,794
Parke,Byron,Parke Byron,737,M70-74,Male,Ringwood,NJ,United States,US,0:43:46,2:59:56,2:50:33,0:04:53,0:06:51,6:45:59,2626,10796,10233,293,411,24359,1489,1140,4,1338,980,6,1122,911,5,1489,1140,4,Finisher,2893
Annie ,Hill,Annie Hill,1705,F30-34,Female,Alexandria,Virginia,United States,US,0:42:55,3:20:00,2:24:15,0:09:25,0:09:26,6:46:00,2575,12000,8655,565,566,24360,1490,350,55,1221,325,60,1713,423,63,1490,350,55,Finisher,1400
Alan,Calfee,Alan Calfee,2119,M40-44,Male,Pensacola,FL,United States,US,0:50:44,2:45:40,2:55:13,0:06:21,0:08:07,6:46:05,3044,9940,10513,381,487,24365,1491,1141,114,1908,1362,121,956,795,80,1491,1141,114,Finisher,883
Graham,McBane,Graham McBane,288,M18-24,Male,Egg Harbor Township,New Jersey,United States,US,0:47:49,3:14:46,2:29:15,0:07:06,0:07:12,6:46:08,2869,11686,8955,426,432,24368,1492,1142,186,1726,1246,210,1661,1260,195,1492,1142,186,Finisher,700
Geoffrey,Weg,Geoffrey Weg,344,M40-44,Male,DEAL,NJ,United States,US,0:41:54,3:12:27,2:30:48,0:11:48,0:09:13,6:46:10,2514,11547,9048,708,553,24370,1493,1143,115,1080,797,74,1588,1222,114,1493,1143,115,Finisher,882
Michael,Vaden,Michael Vaden,2093,M25-29,Male,Washington,District of Columbia,United States,US,0:34:01,3:08:15,2:47:24,0:07:27,0:09:04,6:46:12,2041,11295,10044,447,544,24372,1494,1144,233,221,164,47,1166,943,179,1494,1144,233,Finisher,786
Jeanna,Buck-Simpson,Jeanna Buck-Simpson,1562,F35-39,Female,Washington,DC,United States,US,0:49:39,3:08:12,2:36:37,0:06:33,0:05:12,6:46:14,2979,11292,9397,393,312,24374,1495,351,51,1844,525,74,1555,354,49,1495,351,51,Finisher,1156
Diane,Martori,Diane Martori,2404,F40-44,Female,Forest Hills,NY,United States,US,0:41:14,3:24:37,2:23:08,0:06:42,0:10:38,6:46:18,2474,12277,8588,402,638,24378,1496,352,36,976,249,22,1717,427,44,1496,352,36,Finisher,1291
David,Schrage,David Schrage,1915,M65-69,Male,STONINGTON,CT,United States,US,0:45:27,3:12:47,2:32:23,0:08:12,0:07:31,6:46:19,2727,11567,9143,492,451,24379,1497,1145,12,1514,1107,14,1595,1226,12,1497,1145,12,Finisher,2065
Stacy,Crockett,Stacy Crockett,724,F45-49,Female,WINSTON SALEM,NC,United States,US,0:39:24,3:08:02,2:45:47,0:05:53,0:07:16,6:46:22,2364,11282,9947,353,436,24382,1498,353,37,748,189,17,1265,251,26,1498,353,37,Finisher,1684
Grace,Overcash,Grace Overcash,1833,F18-24,Female,Phoenix,Maryland,United States,US,0:48:52,3:12:10,2:32:52,0:06:41,0:05:48,6:46:23,2932,11530,9172,401,348,24383,1499,354,41,1804,508,63,1627,385,40,1499,354,41,Finisher,1111
Ella,Kiley,Ella Kiley,1416,F25-29,Female,Washington,District of Columbia,United States,US,0:42:20,3:27:31,2:26:20,0:04:57,0:05:29,6:46:35,2540,12451,8780,297,329,24395,1500,355,86,1142,298,68,1747,438,92,1500,355,86,Finisher,1059
William,Rodriguez,William Rodriguez,158,M45-49,Male,FPO,AE,Puerto Rico,PR,0:50:40,2:54:50,2:45:47,0:08:04,0:07:15,6:46:36,3040,10490,9947,484,435,24396,1501,1146,91,1903,1360,106,1271,1018,84,1501,1146,91,Finisher,1040
Charles,Rossi,Charles Rossi,205,M60-64,Male,Hamilton,US-VA,United States,US,0:43:32,2:46:49,3:02:16,0:06:01,0:07:59,6:46:37,2612,10009,10936,361,479,24397,1502,1147,30,1307,959,24,786,659,19,1502,1147,30,Finisher,1100
Delaney,McOmber,Delaney McOmber,284,F18-24,Female,California,MD,United States,US,0:39:04,3:13:20,2:41:12,0:05:18,0:07:46,6:46:40,2344,11600,9672,318,466,24400,1503,356,42,704,172,27,1400,295,30,1503,356,42,Finisher,1106
Sean,Harmer,Sean Harmer,2466,M35-39,Male,Lakewood,CO,United States,US,0:38:49,2:53:52,2:55:18,0:11:09,0:07:56,6:47:05,2329,10432,10518,669,476,24425,1504,1148,155,665,498,57,984,818,111,1504,1148,155,Finisher,914
Katrina,Wiegmann,Katrina Wiegmann,2161,F18-24,Female,Farmington,CT,United States,US,0:52:57,3:32:54,2:09:40,0:06:08,0:05:26,6:47:05,3177,12774,7780,368,326,24425,1505,357,43,2011,578,69,1973,527,61,1505,357,43,Finisher,1098
Katelyn,Kight,Katelyn Kight,2094,F30-34,Female,Gainesville,FL,United States,US,0:37:23,3:22:46,2:27:24,0:09:46,0:09:50,6:47:08,2243,12166,8844,586,590,24428,1506,358,56,496,126,22,1670,404,60,1506,358,56,Finisher,1379
Javin,Sepke,Javin Sepke,2355,M18-24,Male,Hamburg,PA,United States,US,0:50:15,2:41:04,3:01:43,0:06:30,0:07:36,6:47:08,3015,9664,10903,390,456,24428,1507,1149,187,1881,1345,221,819,680,102,1507,1149,187,Finisher,700
Parker,Sampson,Parker Sampson,1780,M25-29,Male,Alexandria,VA,United States,US,0:38:43,3:02:00,2:48:57,0:08:23,0:09:06,6:47:08,2323,10920,10137,503,546,24428,1508,1150,234,655,489,106,1145,930,174,1508,1150,234,Finisher,770
Marisa,Maratea,Marisa Maratea,1027,F30-34,Female,Lemont,Illinois,United States,US,0:42:36,3:24:11,2:29:47,0:05:19,0:05:16,6:47:08,2556,12251,8987,319,316,24428,1509,359,57,1183,312,57,1710,420,62,1509,359,57,Finisher,1379
Matthew,Loreg,Matthew Loreg,2024,M25-29,Male,PHILADELPHIA,Pennsylvania,United States,US,0:43:15,3:24:40,2:21:21,0:08:24,0:09:29,6:47:09,2595,12280,8481,504,569,24429,1510,1151,235,1272,934,186,1779,1327,261,1510,1151,235,Finisher,769
Ezequiel,Guozden,Ezequiel Guozden,1953,M25-29,Male,Rockville,Maryland,United States,US,0:52:17,3:01:02,2:38:44,0:06:16,0:08:50,6:47:10,3137,10862,9524,376,530,24430,1511,1152,236,1985,1414,290,1448,1135,221,1511,1152,236,Finisher,769
Patrick,Almeida,Patrick Almeida,2542,M30-34,Male,Alexandria,VA,Brazil,BR,0:41:50,3:04:14,2:44:58,0:09:10,0:06:59,6:47:11,2510,11054,9898,550,419,24431,1512,1153,185,1064,787,130,1323,1055,161,1512,1153,185,Finisher,700
Jose Antonio,Herrera,Jose Antonio Herrera,2151,M30-34,Male,New York,NY,Colombia,CO,0:53:26,3:06:31,2:29:35,0:06:05,0:11:36,6:47:13,3206,11191,8975,365,696,24433,1513,1154,186,2031,1446,225,1585,1221,196,1513,1154,186,Finisher,700
Miroslav,Georgiev,Miroslav Georgiev,1009,M18-24,Male,Veliko Tarnovo,Veliko Tarnovo,Bulgaria,BG,0:45:29,3:25:17,2:24:37,0:05:14,0:06:53,6:47:30,2729,12317,8677,314,413,24450,1514,1155,188,1517,1110,189,1767,1322,208,1514,1155,188,Finisher,700
Brian,Nolan,Brian Nolan,1492,M60-64,Male,Lafayette Hill,PA,United States,US,0:49:51,3:10:51,2:30:53,0:09:06,0:06:50,6:47:32,2991,11451,9053,546,410,24452,1515,1156,31,1863,1333,38,1664,1262,36,1515,1156,31,Finisher,1083
Jonathon,Grooms,Jonathon Grooms,910,M45-49,Male,Reston,VA,United States,US,0:48:29,3:06:49,2:34:59,0:08:25,0:08:59,6:47:42,2909,11209,9299,505,539,24462,1516,1157,92,1776,1276,98,1539,1192,98,1516,1157,92,Finisher,1020
Danny,Iadanza,Danny Iadanza,2022,M30-34,Male,NEW YORK,NY,United States,US,0:43:50,3:47:14,1:59:33,0:10:21,0:06:47,6:47:45,2630,13634,7173,621,407,24465,1517,1158,187,1343,984,148,2065,1490,231,1517,1158,187,Finisher,700
Lorie,Grooms,Lorie Grooms,900,F45-49,Female,Reston,VA,United States,US,0:44:40,3:12:17,2:34:58,0:06:51,0:09:00,6:47:48,2680,11537,9298,411,540,24468,1518,360,38,1427,387,34,1542,348,38,1518,360,38,Finisher,1658
Tye,Murree,Tye Murree,1315,M18-24,Male,Coronado,California,United States,US,0:42:26,3:03:35,2:53:00,0:04:24,0:04:23,6:47:48,2546,11015,10380,264,263,24468,1519,1159,189,1155,851,148,1183,957,146,1519,1159,189,Finisher,700
Victoria,Wall,Victoria Wall,1330,F40-44,Female,Baltimore,MD,United States,US,0:47:57,3:06:52,2:38:51,0:06:53,0:07:19,6:47:52,2877,11212,9531,413,439,24472,1520,361,37,1736,484,47,1496,330,34,1520,361,37,Finisher,1263
Elizabeth,Harraka,Elizabeth Harraka,1768,F30-34,Female,Baltimore,Maryland,United States,US,0:44:04,3:39:12,2:12:52,0:06:14,0:05:46,6:48:08,2644,13152,7972,374,346,24488,1521,362,58,1367,368,67,1949,519,81,1521,362,58,Finisher,1361
Justin,Mann,Justin Mann,690,M40-44,Male,Wilmington,Delaware,United States,US,0:48:39,3:11:08,2:26:27,0:10:29,0:11:25,6:48:08,2919,11468,8787,629,685,24488,1522,1160,116,1789,1286,116,1680,1275,119,1522,1160,116,Finisher,846
Margaret,Taylor,Margaret Taylor,2001,F50-54,Female,Washington,District of Columbia,United States,US,0:45:32,3:14:49,2:25:09,0:09:57,0:12:45,6:48:13,2732,11689,8709,597,765,24493,1523,363,25,1520,408,25,1681,406,35,1523,363,25,Finisher,1721
William,Tyndall,William Tyndall,1653,M55-59,Male,HOLLIDAYSBURG,PA,United States,US,0:42:04,3:04:18,2:45:26,0:08:20,0:08:05,6:48:13,2524,11058,9926,500,485,24493,1524,1161,59,1100,812,48,1304,1043,67,1524,1161,59,Finisher,1132
ryan,schaad,ryan schaad,345,M40-44,Male,York,Pennsylvania,United States,US,1:02:51,3:01:46,2:31:36,0:05:42,0:06:25,6:48:21,3771,10906,9096,342,385,24501,1525,1162,117,2198,1553,135,1683,1276,120,1525,1162,117,Finisher,842
Becky,Yasso,Becky Yasso,1180,F35-39,Female,Reading,US-PA,United States,US,0:41:49,3:15:59,2:34:06,0:08:31,0:07:57,6:48:22,2509,11759,9246,511,477,24502,1526,364,52,1061,277,43,1592,368,51,1526,364,52,Finisher,1117
Cindy,Palinkas,Cindy Palinkas,449,F45-49,Female,Easton,MD,United States,US,0:43:30,2:58:32,2:55:39,0:05:24,0:05:20,6:48:25,2610,10712,10539,324,320,24505,1527,365,39,1302,348,29,1095,201,25,1527,365,39,Finisher,1647
Milko,Bozza,Milko Bozza,1473,M50-54,Male,DORAL,FL,United States,US,0:40:23,2:52:50,3:03:10,0:05:12,0:06:51,6:48:27,2423,10370,10990,312,411,24507,1528,1163,79,859,633,39,841,700,55,1528,1163,79,Finisher,1141
Gene,Perrigo,Gene Perrigo,2273,M55-59,Male,OGDENSBURG,New York,United States,US,0:48:10,3:22:32,2:24:16,0:06:27,0:07:15,6:48:40,2890,12152,8656,387,435,24520,1529,1164,60,1748,1262,79,1797,1339,81,1529,1164,60,Finisher,1124
Nick,Smith,Nick Smith,156,M35-39,Male,Baltimore,MD,United States,US,0:46:55,2:48:40,3:00:16,0:06:14,0:06:44,6:48:49,2815,10120,10816,374,404,24529,1530,1165,156,1653,1196,157,929,771,108,1530,1165,156,Finisher,883
Steve,Grudziecki,Steve Grudziecki,728,M55-59,Male,OLNEY,MD,United States,US,0:51:17,2:38:52,2:59:07,0:08:03,0:11:45,6:49:03,3077,9532,10747,483,705,24543,1531,1166,61,1940,1380,85,832,691,39,1531,1166,61,Finisher,1117
Trish,Clouse,Trish Clouse,1355,F50-54,Female,Ajax,ON,Canada,CA,0:42:14,2:58:21,2:56:16,0:06:17,0:06:09,6:49:17,2534,10701,10576,377,369,24557,1532,366,26,1126,294,14,1068,191,18,1532,366,26,Finisher,1701
Jugat,Singh,Jugat Singh,1620,M18-24,Male,MALVERN,Pennsylvania,United States,US,0:48:14,3:28:49,2:13:23,0:09:45,0:09:07,6:49:18,2894,12529,8003,585,547,24558,1533,1167,190,1755,1266,213,1917,1413,223,1533,1167,190,Finisher,700
Dianna,David,Dianna David,1709,M50-54,Male,Robbinsville,US-NJ,United States,US,0:39:54,3:07:00,2:44:28,0:08:53,0:09:14,6:49:29,2394,11220,9868,533,554,24569,1534,1168,80,814,603,36,1341,1066,79,1534,1168,80,Finisher,1122
clay,VanderWall,clay VanderWall,1476,M50-54,Male,Cary,North Carolina,United States,US,0:49:19,2:55:44,2:46:53,0:08:49,0:08:46,6:49:32,2959,10544,10013,529,526,24572,1535,1169,81,1834,1315,90,1283,1028,75,1535,1169,81,Finisher,1121
Nathaniel,Lardieri,Nathaniel Lardieri,1642,M25-29,Male,Toms River,New Jersey,United States,US,0:33:11,3:04:22,2:55:40,0:09:16,0:07:16,6:49:45,1991,11062,10540,556,436,24585,1536,1170,237,174,133,37,1064,875,163,1536,1170,237,Finisher,722
Jacob,Eliason,Jacob Eliason,2346,M30-34,Male,Arlington,Virginia,United States,US,0:53:46,3:16:32,2:23:58,0:07:06,0:08:25,6:49:47,3226,11792,8638,426,505,24587,1537,1171,188,2040,1452,226,1801,1341,211,1537,1171,188,Finisher,700
Jessica,Miller,Jessica Miller,1060,F45-49,Female,SALISBURY,MD,United States,US,0:54:56,3:09:06,2:30:12,0:06:48,0:08:53,6:49:55,3296,11346,9012,408,533,24595,1538,367,40,2075,603,59,1688,409,44,1538,367,40,Finisher,1620
Pedro,Celis,Pedro Celis,2147,M45-49,Male,Skillman,NJ,Colombia,CO,0:54:43,3:15:11,2:26:57,0:06:29,0:06:40,6:50:01,3283,11711,8817,389,400,24601,1539,1172,93,2067,1469,115,1781,1329,110,1539,1172,93,Finisher,979
Kathy ,Crawford,Kathy Crawford,511,F55-59,Female,Lincoln University,PA,United States,US,0:48:58,3:02:14,2:43:56,0:07:33,0:07:25,6:50:06,2938,10934,9836,453,445,24606,1540,368,14,1810,511,26,1429,304,15,1540,368,14,Finisher,1592
Jennifer,Crissman,Jennifer Crissman,850,F50-54,Female,Hatfield,PA,United States,US,0:47:57,3:13:46,2:35:38,0:05:38,0:07:10,6:50:09,2877,11626,9338,338,430,24609,1541,369,27,1737,485,35,1616,380,31,1541,369,27,Finisher,1686
Darren,Del Priore,Darren Del Priore,855,M55-59,Male,Montvale,NJ,United States,US,0:37:32,2:56:58,3:00:46,0:07:14,0:07:46,6:50:16,2252,10618,10846,434,466,24616,1542,1173,62,522,391,21,925,767,44,1542,1173,62,Finisher,1095
Jon,Suber,Jon Suber,2497,M45-49,Male,Laurel,MD,United States,US,0:52:05,3:09:24,2:32:57,0:08:43,0:07:11,6:50:20,3125,11364,9177,523,431,24620,1543,1174,94,1976,1406,112,1678,1273,107,1543,1174,94,Finisher,973
Carlos,Valdez,Carlos Valdez,1332,M25-29,Male,Silver Spring,MARYLAND,United States,US,0:39:03,3:10:40,2:49:40,0:05:45,0:05:16,6:50:23,2343,11440,10180,345,316,24623,1544,1175,238,699,528,110,1331,1060,204,1544,1175,238,Finisher,711
Jeff,Cox,Jeff Cox,1309,M35-39,Male,GLEN BURNIE,MD,United States,US,0:46:35,2:45:19,3:04:18,0:07:48,0:06:27,6:50:26,2795,9919,11058,468,387,24626,1545,1176,157,1626,1179,155,869,722,100,1545,1176,157,Finisher,854
William,Pederson,William Pederson,245,M70-74,Male,BERWYN,PA,United States,US,0:43:13,2:44:12,3:04:19,0:08:36,0:10:10,6:50:30,2593,9852,11059,516,610,24630,1546,1177,5,1265,928,5,775,652,2,1546,1177,5,Finisher,2811
Nicholas,Cano,Nicholas Cano,132,M35-39,Male,LYNDHURST,NJ,United States,US,0:46:17,3:02:22,2:47:33,0:07:29,0:06:52,6:50:33,2777,10942,10053,449,412,24633,1547,1178,158,1591,1156,151,1350,1073,149,1547,1178,158,Finisher,852
Adrienne,Chavez,Adrienne Chavez,1838,F35-39,Female,Boyds,Maryland,United States,US,0:44:14,3:34:14,2:15:04,0:07:35,0:09:31,6:50:38,2654,12854,8104,455,571,24638,1548,370,53,1382,371,56,1909,504,69,1548,370,53,Finisher,1076
Devin,Maciejewski,Devin Maciejewski,2175,M18-24,Male,Rehoboth Beach,DE,United States,US,0:40:49,3:02:53,2:51:09,0:07:12,0:08:40,6:50:44,2449,10973,10269,432,520,24644,1549,1179,191,919,678,122,1194,966,147,1549,1179,191,Finisher,700
Carol Grace,Andrews,Carol Grace Andrews,612,F18-24,Female,Virginia Beach,Virginia,United States,US,0:39:39,3:09:37,2:48:02,0:05:59,0:07:41,6:50:58,2379,11377,10082,359,461,24658,1550,371,44,778,197,30,1324,269,26,1550,371,44,Finisher,1028
Delaney,Beigh,Delaney Beigh,2169,F18-24,Female,enola ,Pennsylvania,United States,US,0:41:17,3:17:49,2:41:57,0:05:05,0:04:51,6:50:59,2477,11869,9717,305,291,24659,1551,372,45,987,254,39,1550,352,38,1551,372,45,Finisher,1028
Hilary,Crall,Hilary Crall,492,F55-59,Female,Westfield,New Jersey,United States,US,0:46:03,3:13:59,2:36:20,0:06:08,0:08:33,6:51:02,2763,11639,9380,368,513,24662,1552,373,15,1573,431,19,1589,367,20,1552,373,15,Finisher,1575
Dan,Lubowitz,Dan Lubowitz,91,M35-39,Male,Annapolis,MD,United States,US,0:38:46,3:05:45,2:56:15,0:05:14,0:05:09,6:51:08,2326,11145,10575,314,309,24668,1553,1180,159,663,496,56,1167,944,133,1553,1180,159,Finisher,842
Elena,Conklin,Elena Conklin,1177,F18-24,Female,Bainbridge Island,Washington,United States,US,0:37:58,3:40:44,2:22:10,0:04:50,0:05:35,6:51:16,2278,13244,8530,290,335,24676,1554,374,46,568,146,24,1877,491,55,1554,374,46,Finisher,1023
Julia,Murray,Julia Murray,1189,F18-24,Female,MERRICK,NY,United States,US,0:40:31,3:15:41,2:40:38,0:07:28,0:07:03,6:51:20,2431,11741,9638,448,423,24680,1555,375,47,876,229,35,1538,347,36,1555,375,47,Finisher,1022
Scott,Alexaki,Scott Alexaki,396,M50-54,Male,Malvern,PA,United States,US,0:45:16,2:43:06,3:11:36,0:05:08,0:06:17,6:51:22,2716,9786,11496,308,377,24682,1556,1181,82,1490,1087,73,716,605,49,1556,1181,82,Finisher,1088
Mark,Smith,Mark Smith,929,M65-69,Male,Louisville,KY,United States,US,0:42:10,3:26:29,2:28:55,0:07:05,0:06:48,6:51:26,2530,12389,8935,425,408,24686,1557,1182,13,1113,823,9,1762,1319,16,1557,1182,13,Finisher,1973
Veronica,Pizzini,Veronica Pizzini,699,F55-59,Female,WHITE HSE STA,NJ,United States,US,0:46:27,3:27:21,2:23:59,0:05:57,0:07:45,6:51:28,2787,12441,8639,357,465,24688,1558,376,16,1612,442,21,1840,475,25,1558,376,16,Finisher,1567
Tonnie,Warfield,Tonnie Warfield,620,F45-49,Female,Baltimore,MD,United States,US,0:45:58,3:23:43,2:21:58,0:11:46,0:08:05,6:51:30,2758,12223,8518,706,485,24690,1559,377,41,1568,428,36,1861,486,51,1559,377,41,Finisher,1592
Kristin,OConnor,Kristin OConnor,1984,F50-54,Female,Quincy,Massachusetts,United States,US,0:35:27,3:10:44,2:49:41,0:07:03,0:08:36,6:51:31,2127,11444,10181,423,516,24691,1560,378,28,304,76,3,1263,250,24,1560,378,28,Finisher,1661
John,Blackwood,John Blackwood,2180,M35-39,Male,Vancouver ,BC,Canada,CA,0:45:43,3:11:22,2:37:13,0:07:14,0:10:01,6:51:33,2743,11482,9433,434,601,24693,1561,1183,160,1542,1126,144,1553,1200,166,1561,1183,160,Finisher,834
John,Stephens,John Stephens,1632,M25-29,Male,Huntsville,AL,United States,US,0:41:04,3:35:18,2:18:10,0:06:50,0:10:14,6:51:36,2464,12918,8290,410,614,24696,1562,1184,239,956,712,143,1875,1385,276,1562,1184,239,Finisher,700
Maeve,Snover,Maeve Snover,706,F25-29,Female,New York,New York,United States,US,0:53:35,3:31:32,2:14:16,0:06:05,0:06:18,6:51:45,3215,12692,8056,365,378,24705,1563,379,87,2034,586,122,1967,524,107,1563,379,87,Finisher,966
Jenifer,McGuire,Jenifer McGuire,1645,F35-39,Female,Newark,Delaware,United States,US,1:07:17,3:11:14,2:16:24,0:06:37,0:10:29,6:52:01,4037,11474,8184,397,629,24721,1564,380,54,2219,654,88,1893,496,67,1564,380,54,Finisher,1052
Keith,Bushman,Keith Bushman,1615,M45-49,Male,New Castle,Colorado,United States,US,0:44:42,3:06:14,2:44:50,0:07:59,0:08:23,6:52:06,2682,11174,9890,479,503,24726,1565,1185,95,1429,1042,84,1433,1127,94,1565,1185,95,Finisher,941
Joseph,Lee,Joseph Lee,1353,M18-24,Male,Pittsburg,Kansas,United States,US,0:45:35,3:14:54,2:36:59,0:06:51,0:07:58,6:52:17,2735,11694,9419,411,478,24737,1566,1186,192,1525,1116,192,1614,1235,191,1566,1186,192,Finisher,700
Andy,Wong,Andy Wong,1790,M25-29,Male,Brooklyn,New York,United States,US,0:49:51,3:08:59,2:35:53,0:08:36,0:09:01,6:52:20,2991,11339,9353,516,541,24740,1567,1187,240,1861,1331,271,1620,1239,244,1567,1187,240,Finisher,700
Brendan,Healy,Brendan Healy,1288,M35-39,Male,Baltimore,MD,United States,US,0:35:28,3:04:54,2:56:47,0:08:57,0:06:26,6:52:32,2128,11094,10607,537,386,24752,1568,1188,161,307,230,19,1150,935,132,1568,1188,161,Finisher,816
Brian,Whitfield,Brian Whitfield,2260,M18-24,Male,Rockville,Maryland,United States,US,0:51:10,3:24:20,2:26:05,0:05:52,0:05:06,6:52:32,3070,12260,8765,352,306,24752,1569,1189,193,1934,1378,225,1860,1375,215,1569,1189,193,Finisher,700
Rachel,Romano,Rachel Romano,105,F18-24,Female,Nashville,US-TN,United States,US,0:37:35,3:23:59,2:43:44,0:03:30,0:03:48,6:52:36,2255,12239,9824,210,228,24756,1570,381,48,528,135,22,1569,360,39,1570,381,48,Finisher,999
Olivia,Durant,Olivia Durant,2258,F25-29,Female,North Bethesda,Maryland,United States,US,0:44:24,3:15:39,2:35:37,0:08:03,0:08:53,6:52:36,2664,11739,9337,483,533,24756,1571,382,88,1402,376,87,1640,390,81,1571,382,88,Finisher,950
Hannah,Gallian,Hannah Gallian,1619,F30-34,Female,Falls Church,Virginia,United States,US,0:48:41,3:26:21,2:26:43,0:04:53,0:06:00,6:52:37,2921,12381,8803,293,360,24757,1572,383,59,1791,504,88,1842,476,73,1572,383,59,Finisher,1281
Trent,Myers,Trent Myers,754,M55-59,Male,Bluffton,SC,United States,US,0:40:44,2:57:02,2:59:13,0:06:24,0:09:19,6:52:41,2444,10622,10753,384,559,24761,1573,1190,63,904,667,38,990,823,49,1573,1190,63,Finisher,1052
Joseph,O'Such,Joseph O'Such,1692,M18-24,Male,Reston,Virginia,United States,US,0:46:09,3:42:33,2:11:11,0:07:15,0:05:36,6:52:44,2769,13353,7871,435,336,24764,1574,1191,194,1584,1151,199,2024,1472,233,1574,1191,194,Finisher,700
Madeleine,Strokis,Madeleine Strokis,1271,F25-29,Female,Washington,DC,United States,US,0:36:34,3:14:15,2:46:42,0:07:14,0:08:07,6:52:53,2194,11655,10002,434,487,24773,1575,384,89,409,103,32,1408,300,63,1575,384,89,Finisher,945
Maria,Kramer,Maria Kramer,912,F60-64,Female,HAGERSTOWN,MD,United States,US,0:42:50,3:02:47,2:56:38,0:04:01,0:06:41,6:52:57,2570,10967,10598,241,401,24777,1576,385,10,1215,322,8,1163,222,9,1576,385,10,Finisher,1849
Cooper,Joyal,Cooper Joyal,456,M18-24,Male,Longmeadow,MA,United States,US,0:48:14,3:17:38,2:27:09,0:09:11,0:10:47,6:52:59,2894,11858,8829,551,647,24779,1577,1192,195,1754,1265,212,1752,1313,207,1577,1192,195,Finisher,700
Jake,Gavin,Jake Gavin,1419,M30-34,Male,Annapolis,Maryland,United States,US,0:47:42,3:12:10,2:33:50,0:10:06,0:09:22,6:53:11,2862,11530,9230,606,562,24791,1578,1193,189,1719,1240,190,1673,1269,200,1578,1193,189,Finisher,700
Jack,Johnson,Jack Johnson,1979,M25-29,Male,Leesburg,Virginia,United States,US,0:45:56,3:24:41,2:18:41,0:14:31,0:09:21,6:53:11,2756,12281,8321,871,561,24791,1579,1194,241,1565,1140,232,1894,1398,279,1579,1194,241,Finisher,700
Marvin,Yap,Marvin Yap,1484,M50-54,Male,RALEIGH,NC,United States,US,0:57:03,3:01:32,2:39:42,0:08:03,0:06:51,6:53:11,3423,10892,9582,483,411,24791,1580,1195,83,2115,1496,104,1600,1227,87,1580,1195,83,Finisher,1055
Reagan,Lawlor,Reagan Lawlor,1142,M25-29,Male,Philadelphia,Pennsylvania,United States,US,0:40:56,3:26:53,2:32:54,0:07:03,0:05:33,6:53:19,2456,12413,9174,423,333,24799,1581,1196,242,938,695,139,1750,1311,255,1581,1196,242,Finisher,700
Tom,Traynham,Tom Traynham,113,M55-59,Male,Columbia,South Carolina,United States,US,0:39:50,3:36:20,2:27:56,0:04:52,0:04:23,6:53:22,2390,12980,8876,292,263,24802,1582,1197,64,804,598,29,1858,1374,84,1582,1197,64,Finisher,1040
Tamara,Mckenzie-Hartman,Tamara Mckenzie-Hartman,2391,F45-49,Female,KENSINGTON,MD,United States,US,0:43:52,3:10:37,2:46:16,0:05:21,0:07:23,6:53:28,2632,11437,9976,321,443,24808,1583,386,42,1345,360,31,1454,315,32,1583,386,42,Finisher,1556
Chelsea,Sullivan,Chelsea Sullivan,2324,F30-34,Female,Arlington,VA,United States,US,0:38:38,3:12:23,2:44:52,0:07:55,0:09:40,6:53:28,2318,11543,9892,475,580,24808,1584,387,60,643,161,33,1434,307,47,1584,387,60,Finisher,1265
Matthew,Allan,Matthew Allan,2329,M30-34,Male,Arlington,VA,United States,US,0:38:24,3:09:19,2:44:52,0:08:59,0:11:53,6:53:28,2304,11359,9892,539,713,24808,1585,1198,190,621,466,77,1370,1086,167,1585,1198,190,Finisher,700
Kevin,Chin,Kevin Chin,873,M30-34,Male,Great Falls,VA,United States,US,0:48:19,3:20:47,2:27:44,0:07:57,0:08:46,6:53:33,2899,12047,8864,477,526,24813,1586,1199,191,1764,1272,196,1793,1336,210,1586,1199,191,Finisher,700
John,Dillinger,John Dillinger,1687,M25-29,Male,York,PENNSYLVANIA,United States,US,0:35:59,3:35:07,2:25:12,0:11:26,0:05:52,6:53:36,2159,12907,8712,686,352,24816,1587,1200,243,359,268,61,1867,1380,275,1587,1200,243,Finisher,700
Alden,Iaconis,Alden Iaconis,1216,F25-29,Female,Arlington,Virginia,United States,US,0:39:06,3:16:44,2:43:08,0:07:16,0:07:45,6:54:00,2346,11804,9788,436,465,24840,1588,388,90,711,174,44,1526,342,74,1588,388,90,Finisher,925
Sean,Harrison,Sean Harrison,1116,M45-49,Male,Newark,DE,United States,US,0:41:05,2:46:27,3:09:28,0:04:49,0:12:16,6:54:05,2465,9987,11368,289,736,24845,1589,1201,96,959,714,62,674,568,62,1589,1201,96,Finisher,905
Cole,Gambone,Cole Gambone,1105,M18-24,Male,Atco,New Jersey,United States,US,0:45:54,2:59:54,2:55:11,0:05:47,0:07:24,6:54:10,2754,10794,10511,347,444,24850,1590,1202,196,1560,1135,197,1213,979,151,1590,1202,196,Finisher,700
Amer,Juntado,Amer Juntado,2430,M35-39,Male,Queens Village,NY,United States,US,0:38:40,3:02:56,3:01:13,0:04:03,0:07:20,6:54:12,2320,10976,10873,243,440,24852,1591,1203,162,648,484,52,1025,847,117,1591,1203,162,Finisher,786
Eric,Wagaman,Eric Wagaman,1238,M30-34,Male,Lititz,PA,United States,US,0:47:10,3:40:04,2:16:06,0:06:03,0:04:49,6:54:13,2830,13204,8166,363,289,24853,1592,1204,192,1678,1213,187,1993,1455,228,1592,1204,192,Finisher,700
Kevin ,Tokarick,Kevin Tokarick,474,M60-64,Male,Kinderhook,New York,United States,US,0:40:46,3:07:21,2:53:09,0:06:11,0:06:50,6:54:17,2446,11241,10389,371,410,24857,1593,1205,32,913,675,15,1293,1037,27,1593,1205,32,Finisher,962
Gabriel,Holder,Gabriel Holder,535,M18-24,Male,Lorton,Virginia,United States,US,0:52:14,3:31:54,2:10:43,0:10:30,0:08:56,6:54:17,3134,12714,7843,630,536,24857,1594,1206,197,1984,1413,227,2006,1462,232,1594,1206,197,Finisher,700
Genevieve,Ebaugh,Genevieve Ebaugh,1884,F18-24,Female,Landenberg,Pennsylvania,United States,US,0:42:06,3:18:12,2:36:28,0:10:40,0:06:51,6:54:17,2526,11892,9388,640,411,24857,1595,389,49,1105,289,41,1690,410,45,1595,389,49,Finisher,968
Nora,Graham,Nora Graham,2437,F30-34,Female,Brooklyn,New York,United States,US,0:46:28,3:15:38,2:39:40,0:05:34,0:06:58,6:54:17,2788,11738,9580,334,418,24857,1596,390,61,1614,443,78,1623,383,59,1596,390,61,Finisher,1251
James,Boylan,James Boylan,1941,M45-49,Male,PHOENIXVILLE,PA,United States,US,0:36:37,2:50:01,3:09:32,0:09:11,0:08:57,6:54:18,2197,10201,11372,551,537,24858,1597,1207,97,413,309,21,765,643,67,1597,1207,97,Finisher,902
Kevin,Mcdermott,Kevin Mcdermott,1939,M30-34,Male,ALLENTOWN,PA,United States,US,0:40:44,3:11:49,2:47:01,0:07:28,0:07:20,6:54:22,2444,11509,10021,448,440,24862,1598,1208,193,909,671,112,1461,1142,177,1598,1208,193,Finisher,700
Rick,Briemann,Rick Briemann,1889,M50-54,Male,Pasadena,MD,United States,US,0:42:44,2:56:41,3:03:14,0:05:56,0:05:57,6:54:32,2564,10601,10994,356,357,24872,1599,1209,84,1200,884,56,1020,845,62,1599,1209,84,Finisher,1031
Jessica,Straghan,Jessica Straghan,510,F60-64,Female,WEST CHESTER,PA,United States,US,0:41:26,2:51:51,3:09:30,0:05:17,0:06:31,6:54:35,2486,10311,11370,317,391,24875,1600,391,11,1005,260,6,843,142,6,1600,391,11,Finisher,1820
Alexander,Caprara,Alexander Caprara,1955,M25-29,Male,Rockville,US-MD,United States,US,0:49:58,3:15:54,2:38:39,0:05:31,0:04:44,6:54:46,2998,11754,9519,331,284,24886,1601,1210,244,1870,1338,274,1697,1285,249,1601,1210,244,Finisher,700
Jessica,Wachter,Jessica Wachter,960,F50-54,Female,Merion Station,PA,United States,US,0:41:37,3:28:28,2:22:27,0:08:13,0:14:01,6:54:46,2497,12508,8547,493,841,24886,1602,392,29,1034,267,13,1816,466,44,1602,392,29,Finisher,1603
Greg,Leasure,Greg Leasure,1254,M25-29,Male,Columbia,Maryland,United States,US,0:46:25,3:02:39,2:52:27,0:07:02,0:06:17,6:54:50,2785,10959,10347,422,377,24890,1603,1211,245,1609,1168,235,1349,1072,206,1603,1211,245,Finisher,700
Rebecca,Scharfstein,Rebecca Scharfstein,2420,F35-39,Female,New York,New York,United States,US,0:38:07,2:59:50,3:01:16,0:09:05,0:06:45,6:55:04,2287,10790,10876,545,405,24904,1604,393,55,589,151,18,1079,197,33,1604,393,55,Finisher,997
Cameron,Cox,Cameron Cox,58,M35-39,Male,Vero Beach,Florida,United States,US,0:46:24,2:49:02,3:08:30,0:05:07,0:06:02,6:55:05,2784,10142,11310,307,362,24905,1605,1212,163,1605,1164,153,898,745,103,1605,1212,163,Finisher,770
Jessica,Yu,Jessica Yu,725,F18-24,Female,Fremont,California,United States,US,0:48:23,3:35:33,2:14:04,0:07:37,0:09:31,6:55:08,2903,12933,8044,457,571,24908,1606,394,50,1770,497,62,1969,526,60,1606,394,50,Finisher,953
David,Garrett,David Garrett,676,M45-49,Male,Glenside,PENNSYLVANIA,United States,US,0:38:02,3:12:53,2:48:24,0:08:08,0:07:42,6:55:09,2282,11573,10104,488,462,24909,1607,1213,98,581,431,33,1438,1129,95,1607,1213,98,Finisher,886
Lindsay,Porter,Lindsay Porter,2393,F45-49,Female,Gulfport,Florida,United States,US,0:49:47,3:13:29,2:40:11,0:05:07,0:06:50,6:55:23,2987,11609,9611,307,410,24923,1608,395,43,1855,529,46,1643,393,42,1608,395,43,Finisher,1522
Mark,Mcdonald,Mark Mcdonald,581,M40-44,Male,Pickering,ON,Canada,CA,0:48:04,3:05:24,2:47:50,0:06:14,0:08:10,6:55:42,2884,11124,10070,374,490,24942,1609,1214,118,1743,1257,114,1451,1137,108,1609,1214,118,Finisher,710
Taylor,Moritz,Taylor Moritz,1140,F25-29,Female,Philadelphia,Pennsylvania,United States,US,0:41:23,3:22:29,2:38:50,0:07:17,0:05:50,6:55:49,2483,12149,9530,437,350,24949,1610,396,91,999,257,57,1694,412,87,1610,396,91,Finisher,893
Jeffrey,Bixler,Jeffrey Bixler,2157,M55-59,Male,Ocean View,DE,United States,US,0:37:36,3:09:33,2:57:48,0:05:13,0:05:42,6:55:52,2256,11373,10668,313,342,24952,1611,1215,65,530,395,22,1233,992,64,1611,1215,65,Finisher,995
PATRICK,COYE,PATRICK COYE,130,M35-39,Male,ALEXANDRIA,Virginia,United States,US,0:47:03,2:54:50,3:03:07,0:05:43,0:05:14,6:55:58,2823,10490,10987,343,314,24958,1612,1216,164,1669,1207,159,1098,896,127,1612,1216,164,Finisher,755
Noah,Friedman,Noah Friedman,538,M18-24,Male,Lawrence,New York,United States,US,0:40:35,3:21:09,2:41:42,0:06:15,0:06:20,6:56:01,2435,12069,9702,375,380,24961,1613,1217,198,884,653,119,1634,1246,194,1613,1217,198,Finisher,700
Dj,Maccarrick,Dj Maccarrick,453,M18-24,Male,Lakewood ,NJ,United States,US,0:42:48,3:04:27,2:58:54,0:04:39,0:05:21,6:56:08,2568,11067,10734,279,321,24968,1614,1218,199,1206,888,156,1222,984,153,1614,1218,199,Finisher,700
Chauncey,Whiting,Chauncey Whiting,1774,M35-39,Male,Severna Park,Maryland,United States,US,0:43:52,2:51:19,3:08:55,0:06:43,0:05:21,6:56:09,2632,10279,11335,403,321,24969,1615,1219,165,1344,985,127,930,772,109,1615,1219,165,Finisher,751
Erin,Song,Erin Song,2095,F40-44,Female,North Wales,PA,United States,US,0:37:17,3:21:48,2:40:29,0:07:23,0:09:14,6:56:11,2237,12108,9629,443,554,24971,1616,397,38,485,122,12,1596,370,38,1616,397,38,Finisher,1113
Marc,Okolowicz,Marc Okolowicz,1165,M50-54,Male,Lewes,DELAWARE,United States,US,0:57:35,3:18:13,2:22:07,0:08:28,0:09:50,6:56:12,3455,11893,8527,508,590,24972,1617,1220,85,2130,1506,105,1886,1394,104,1617,1220,85,Finisher,1001
David,Ryan,David Ryan,546,M35-39,Male,New York,NEW YORK,Ireland,IE,0:48:25,3:16:04,2:34:11,0:08:38,0:09:04,6:56:22,2905,11764,9251,518,544,24982,1618,1221,166,1772,1274,167,1723,1294,172,1618,1221,166,Finisher,747
Matthew,Slacum,Matthew Slacum,76,M50-54,Male,Jupiter,FL,United States,US,0:43:33,2:59:06,3:00:38,0:06:11,0:07:07,6:56:36,2613,10746,10838,371,427,24996,1619,1222,86,1309,961,63,1135,921,68,1619,1222,86,Finisher,994
JASON,ZHENG,JASON ZHENG,1944,M18-24,Male,WANTAGH,New York,United States,US,0:40:33,3:21:43,2:37:37,0:08:09,0:08:39,6:56:40,2433,12103,9457,489,519,25000,1620,1223,200,881,651,117,1684,1277,197,1620,1223,200,Finisher,700
Brooks,Smith,Brooks Smith,1065,M55-59,Male,Richmond,Virginia,United States,US,0:46:55,3:07:28,2:44:55,0:10:12,0:07:15,6:56:45,2815,11248,9895,612,435,25005,1621,1224,66,1652,1195,73,1558,1203,77,1621,1224,66,Finisher,979
Brett,Abramson,Brett Abramson,1908,M35-39,Male,Millersville,MD,United States,US,0:41:33,2:51:38,3:11:12,0:06:10,0:06:26,6:56:59,2493,10298,11472,370,386,25019,1622,1225,167,1023,759,94,860,715,99,1622,1225,167,Finisher,736
Jorge,Escobar Jr,Jorge Escobar Jr,175,M25-29,Male,Philadelphia,Pennsylvania,United States,US,0:44:00,3:23:32,2:33:42,0:07:00,0:08:52,6:57:06,2640,12212,9222,420,532,25026,1623,1226,246,1361,996,199,1740,1305,253,1623,1226,246,Finisher,700
John,McDonough,John McDonough,1295,M25-29,Male,Richmond,Virginia,United States,US,0:47:01,3:02:49,2:51:08,0:09:27,0:06:42,6:57:06,2821,10969,10268,567,402,25026,1624,1227,247,1662,1203,244,1441,1131,220,1624,1227,247,Finisher,700
Debra,Stroiney,Debra Stroiney,335,F45-49,Female,FAIRFAX,VA,United States,US,0:47:34,3:05:27,2:50:41,0:06:52,0:06:39,6:57:13,2854,11127,10241,412,399,25033,1625,398,44,1709,473,42,1457,317,33,1625,398,44,Finisher,1489
Vincent,Muehlstedt,Vincent Muehlstedt,144,M18-24,Male,Rockville,Maryland,United States,US,0:41:08,3:38:38,2:25:42,0:06:28,0:05:18,6:57:14,2468,13118,8742,388,318,25034,1626,1228,201,964,717,127,1910,1406,221,1626,1228,201,Finisher,700
Melanie ,Canizares Diaz,Melanie Canizares Diaz,287,F30-34,Female,Philadelphia,Pennsylvania,United States,US,0:50:43,3:24:10,2:26:56,0:07:59,0:07:28,6:57:16,3043,12250,8816,479,448,25036,1627,399,62,1907,546,93,1872,490,75,1627,399,62,Finisher,1197
Danielle,Elder,Danielle Elder,923,F30-34,Female,Ballston Spa ,New York ,United States,US,0:44:58,3:18:39,2:25:31,0:13:06,0:15:08,6:57:22,2698,11919,8731,786,908,25042,1628,400,63,1457,396,72,1787,455,70,1628,400,63,Finisher,1195
Tristan,Maraan,Tristan Maraan,1261,M25-29,Male,Fort Washington ,Maryland,United States,US,0:47:50,3:14:13,2:45:33,0:04:21,0:05:25,6:57:22,2870,11653,9933,261,325,25042,1629,1229,248,1729,1248,251,1593,1225,239,1629,1229,248,Finisher,700
Elton,Yu,Elton Yu,727,M18-24,Male,Fremont,California,United States,US,0:42:30,3:26:52,2:28:59,0:07:44,0:11:18,6:57:24,2550,12412,8939,464,678,25044,1630,1230,202,1168,862,152,1794,1337,209,1630,1230,202,Finisher,700
Jared,Beaulieu,Jared Beaulieu,818,M30-34,Male,Reston,Virginia,United States,US,0:41:27,3:17:00,2:48:18,0:04:57,0:05:42,6:57:24,2487,11820,10098,297,342,25044,1631,1231,194,1009,749,125,1533,1188,187,1631,1231,194,Finisher,700
Allyson,Price,Allyson Price,1493,F40-44,Female,Kensington,MD,United States,US,0:43:53,3:07:08,2:55:35,0:04:24,0:06:27,6:57:26,2633,11228,10535,264,387,25046,1632,401,39,1347,361,33,1330,271,28,1632,401,39,Finisher,1091
Linda,Cerone,Linda Cerone,362,F55-59,,RINGWOOD,NJ,United States,US,0:39:15,3:19:45,2:46:43,0:05:39,0:06:05,6:57:27,2355,11985,10003,339,365,25047,1633,402,17,733,184,4,1562,357,19,1633,402,17,Finisher,1460
Natasha,Skelton,Natasha Skelton,2164,F35-39,Female,Fallston,Maryland,United States,US,0:46:20,3:02:27,2:53:33,0:06:52,0:08:16,6:57:28,2780,10947,10413,412,496,25048,1634,403,56,1599,439,63,1338,275,42,1634,403,56,Finisher,953
Vincent,Bogan,Vincent Bogan,1157,M65-69,Male,Lorton,VA,United States,US,0:52:13,3:13:07,2:29:42,0:11:12,0:11:16,6:57:30,3133,11587,8982,672,676,25050,1635,1232,14,1983,1412,19,1783,1330,17,1635,1232,14,Finisher,1863
Mariellen,Poynter,Mariellen Poynter,925,F30-34,Female,Virginia Beach,VA,United States,US,0:46:47,3:18:43,2:25:32,0:11:26,0:15:04,6:57:32,2807,11923,8732,686,904,25052,1636,404,64,1640,454,79,1791,457,71,1636,404,64,Finisher,1192
Joshua,Gotay,Joshua Gotay,101,M35-39,Male,Washington,US-DC,Puerto Rico,PR,0:52:48,3:31:19,2:20:20,0:06:37,0:06:33,6:57:39,3168,12679,8420,397,393,25059,1637,1233,168,2005,1429,188,1963,1440,184,1637,1233,168,Finisher,724
Lauren,Abate,Lauren Abate,708,F40-44,Female,Leesburg,VA,United States,US,0:42:22,3:10:08,2:49:42,0:06:52,0:08:39,6:57:43,2542,11408,10182,412,519,25063,1638,405,40,1146,301,27,1442,311,33,1638,405,40,Finisher,1085
Tim,White,Tim White,1551,M35-39,Male,WEST ORANGE,NJ,United States,US,0:45:46,3:18:15,2:29:12,0:10:59,0:13:37,6:57:49,2746,11895,8952,659,817,25069,1639,1234,169,1552,1130,145,1751,1312,174,1639,1234,169,Finisher,721
Michel,Laudier,Michel Laudier,1726,M45-49,Male,Falls Church,Virginia,United States,US,0:36:48,2:55:24,3:09:57,0:07:22,0:08:19,6:57:50,2208,10524,11397,442,499,25070,1640,1235,99,430,321,23,863,718,70,1640,1235,99,Finisher,838
Chitti,Korukonda,Chitti Korukonda,1904,M50-54,Male,ALDIE,US-VA,United States,US,0:52:31,3:05:06,2:37:23,0:10:51,0:12:01,6:57:51,3151,11106,9443,651,721,25071,1641,1236,87,1995,1422,97,1646,1253,89,1641,1236,87,Finisher,971
Kristi,Reis,Kristi Reis,697,F40-44,Female,Whitby,ON,Canada,CA,0:45:53,3:09:52,2:46:18,0:06:57,0:08:57,6:57:58,2753,11392,9978,417,537,25078,1642,406,41,1557,424,41,1512,336,35,1642,406,41,Finisher,1081
Kim,McDonough,Kim McDonough,343,F50-54,Female,Annapolis,US-MD,United States,US,0:52:12,3:18:08,2:35:24,0:06:25,0:05:51,6:57:59,3132,11888,9324,385,351,25079,1643,407,30,1981,571,46,1789,456,42,1643,407,30,Finisher,1545
Abel,Flint,Abel Flint,1255,M30-34,Male,Long Island City,NY,United States,US,0:41:59,3:06:27,2:56:31,0:05:34,0:07:30,6:58:01,2519,11187,10591,334,450,25081,1644,1237,195,1090,805,133,1286,1030,156,1644,1237,195,Finisher,700
JOHNATHAN,PARK,JOHNATHAN PARK,2506,M35-39,Male,LOS ANGELES,CA,United States,US,0:52:34,3:24:42,2:23:46,0:08:13,0:08:46,6:58:01,3154,12282,8626,493,526,25081,1645,1238,170,1997,1423,186,1900,1402,179,1645,1238,170,Finisher,718
Cynthia,Benedict,Cynthia Benedict,761,F65-69,Female,WILMINGTON,DE,United States,US,0:51:01,3:11:31,2:43:28,0:04:55,0:07:09,6:58:04,3061,11491,9808,295,429,25084,1646,408,4,1927,555,9,1621,382,6,1646,408,4,Finisher,2500
Callie,Brown,Callie Brown,720,F40-44,Female,Winston-Salem,North Carolina,United States,US,0:44:35,3:15:56,2:41:42,0:06:38,0:09:13,6:58:04,2675,11756,9702,398,553,25084,1647,409,42,1420,384,36,1609,377,41,1647,409,42,Finisher,1079
Joe,Kassas,Joe Kassas,1097,M25-29,Male,Philadelphia,PA,Lebanon,LB,0:49:51,3:27:05,2:25:00,0:08:58,0:07:13,6:58:07,2991,12425,8700,538,433,25087,1648,1239,249,1862,1332,272,1905,1404,282,1648,1239,249,Finisher,700
Anastasia,Cherepkova,Anastasia Cherepkova,1770,F40-44,Female,Kennett Square,Pennsylvania,United States,US,0:46:20,3:05:59,2:42:19,0:12:08,0:11:33,6:58:19,2780,11159,9739,728,693,25099,1649,410,43,1598,438,44,1556,355,36,1649,410,43,Finisher,1075
Sara,Lappano,Sara Lappano,281,F45-49,Female,Galesville,MD,United States,US,0:50:40,3:10:23,2:41:34,0:07:39,0:08:05,6:58:22,3040,11423,9694,459,485,25102,1650,411,45,1904,544,47,1651,396,43,1650,411,45,Finisher,1468
Katherine,Arthur,Katherine Arthur,1843,F45-49,Female,Vienna,Virginia,United States,US,0:53:01,3:13:48,2:32:04,0:07:58,0:11:34,6:58:26,3181,11628,9124,478,694,25106,1651,412,46,2013,579,53,1748,439,46,1651,412,46,Finisher,1467
Paget,Kellogg,Paget Kellogg,1057,M18-24,Male,Oxford,Maryland,United States,US,0:40:22,3:20:28,2:39:20,0:09:47,0:08:37,6:58:33,2422,12028,9560,587,517,25113,1652,1240,203,854,628,114,1685,1278,198,1652,1240,203,Finisher,700
Benjamin,Shaver,Benjamin Shaver,333,M25-29,Male,New York,New York,United States,US,0:45:11,3:25:43,2:22:41,0:11:24,0:13:34,6:58:33,2711,12343,8561,684,814,25113,1653,1241,250,1483,1083,223,1865,1378,274,1653,1241,250,Finisher,700
Kymani,Brown,Kymani Brown,1905,M25-29,Male,Frederick,US-MD,United States,US,0:57:05,3:12:38,2:32:29,0:06:17,0:10:04,6:58:33,3425,11558,9149,377,604,25113,1654,1242,251,2116,1497,307,1768,1323,259,1654,1242,251,Finisher,700
Rafael,Medina,Rafael Medina,1213,M25-29,Male,Waco,TX,United States,US,1:17:18,3:14:26,2:10:53,0:05:26,0:10:55,6:58:58,4638,11666,7853,326,655,25138,1655,1243,252,2239,1581,322,2033,1476,301,1655,1243,252,Finisher,700
Bryan,Burns,Bryan Burns,2261,M55-59,Male,Haymarket,VA,United States,US,0:42:41,2:49:31,3:12:41,0:06:29,0:07:39,6:59:01,2561,10171,11561,389,459,25141,1656,1244,67,1195,879,55,845,702,40,1656,1244,67,Finisher,938
Salvatore,Ricci,Salvatore Ricci,2536,M25-29,Male,Towson,Maryland,United States,US,0:36:56,3:06:21,2:46:38,0:13:02,0:16:20,6:59:16,2216,11181,9998,782,980,25156,1657,1245,253,444,331,74,1356,1078,208,1657,1245,253,Finisher,700
Sebastián,Daza Uribe,Sebastián Daza Uribe,1901,M30-34,Male,Bogotá,Cundinamarca,Colombia,CO,0:39:43,2:48:02,3:18:09,0:06:27,0:06:59,6:59:19,2383,10082,11889,387,419,25159,1658,1246,196,785,586,96,731,616,98,1658,1246,196,Finisher,700
Kara,Neilson ,Kara Neilson,1457,F25-29,Female,Frostburg,Maryland,United States,US,0:43:37,3:31:21,2:22:50,0:10:40,0:11:06,6:59:34,2617,12681,8570,640,666,25174,1659,413,92,1319,352,80,1903,500,104,1659,413,92,Finisher,825
Noah ,Goldberg,Noah Goldberg,387,M18-24,Male,Meadowbrook,PA,United States,US,0:43:44,3:11:26,2:53:40,0:05:40,0:05:12,6:59:42,2624,11486,10420,340,312,25182,1660,1247,204,1335,977,174,1478,1155,179,1660,1247,204,Finisher,700
Kristin,Paintal,Kristin Paintal,1417,F40-44,Female,New York,NY,United States,US,0:41:47,3:17:40,2:44:40,0:08:42,0:06:53,6:59:43,2507,11860,9880,522,413,25183,1661,414,44,1055,274,25,1641,391,42,1661,414,44,Finisher,1049
Will,Galbraith,Will Galbraith,1538,M18-24,Male,Richmond,Virginia,United States,US,0:44:23,3:07:39,2:54:47,0:06:16,0:06:45,6:59:51,2663,11259,10487,376,405,25191,1662,1248,205,1398,1024,182,1417,1117,176,1662,1248,205,Finisher,700
John,Brechbill,John Brechbill,1969,M30-34,Male,Hummelstown,PA,United States,US,0:48:39,3:13:25,2:42:15,0:07:55,0:07:43,6:59:58,2919,11605,9735,475,463,25198,1663,1249,197,1790,1287,198,1674,1270,201,1663,1249,197,Finisher,700
Jacinthe,Babin,Jacinthe Babin,2411,F50-54,Female,NEW YORK,NY,Canada,CA,0:47:38,2:59:56,2:57:19,0:05:50,0:09:19,7:00:03,2858,10796,10639,350,559,25203,1664,415,31,1712,475,34,1268,253,26,1664,415,31,Finisher,1508
Andrew,Sturgess,Andrew Sturgess,1794,M25-29,Male,Bethesda,Maryland,United States,US,0:46:58,3:19:43,2:34:49,0:10:04,0:08:34,7:00:07,2818,11983,9289,604,514,25207,1665,1250,254,1656,1198,243,1788,1333,263,1665,1250,254,Finisher,700
William,Oliff,William Oliff,2560,M35-39,Male,DAVIDSONVILLE,MD,United States,US,0:47:30,3:36:42,2:16:22,0:11:50,0:07:47,7:00:10,2850,13002,8182,710,467,25210,1666,1251,171,1700,1228,162,2026,1473,189,1666,1251,171,Finisher,700
Danielle,Killeen,Danielle Killeen,1649,F18-24,Female,Washington,DC,United States,US,0:43:14,3:00:12,3:04:46,0:05:14,0:06:44,7:00:10,2594,10812,11086,314,404,25210,1667,416,51,1269,338,47,1126,212,23,1667,416,51,Finisher,863
Doug,Killeen,Doug Killeen,1648,M55-59,Male,Littleton,CO,United States,US,0:41:04,2:59:40,3:04:46,0:07:52,0:06:48,7:00:10,2464,10780,11086,472,408,25210,1668,1252,68,955,711,40,1123,912,58,1668,1252,68,Finisher,917
Ryan,Rodgers,Ryan Rodgers,2059,M18-24,Male,Elkridge,Maryland,United States,US,0:48:37,3:14:27,2:42:25,0:07:51,0:07:01,7:00:22,2917,11667,9745,471,421,25222,1669,1253,206,1787,1284,215,1689,1280,199,1669,1253,206,Finisher,700
Levente,Toszegi Sabath,Levente Toszegi Sabath,2490,M18-24,Male,Mount Rainier,Maryland,Hungary,HU,0:46:25,3:24:20,2:25:02,0:15:35,0:09:10,7:00:31,2785,12260,8702,935,550,25231,1670,1254,207,1607,1166,202,1911,1407,222,1670,1254,207,Finisher,700
Philippe,Gonzales,Philippe Gonzales,2527,M50-54,Male,Doral,FL,Peru,PE,0:54:28,2:54:38,2:58:21,0:06:24,0:06:42,7:00:32,3268,10478,10701,384,402,25232,1671,1255,88,2058,1463,101,1333,1061,77,1671,1255,88,Finisher,923
Harsh,Padhye,Harsh Padhye,2092,M25-29,Male,Washington,District of Columbia,United States,US,0:52:52,3:26:49,2:26:24,0:07:07,0:07:23,7:00:36,3172,12409,8784,427,443,25236,1672,1256,255,2006,1430,293,1916,1412,283,1672,1256,255,Finisher,700
Mecca,Adams,Mecca Adams,1047,F55-59,Female,Winterville,NORTH CAROLINA,United States,US,0:48:20,3:13:03,2:46:31,0:06:38,0:06:09,7:00:41,2900,11583,9991,398,369,25241,1673,417,18,1765,493,23,1636,389,21,1673,417,18,Finisher,1401
Devin,Thomas,Devin Thomas,1244,M45-49,Male,New York,NY,United States,US,0:51:58,3:25:50,2:21:54,0:08:56,0:12:07,7:00:44,3118,12350,8514,536,727,25244,1674,1257,100,1968,1399,108,1915,1411,116,1674,1257,100,Finisher,786
Zeno,Cho,Zeno Cho,2159,M40-44,Male,Old Tappan,New Jersey,United States,US,0:51:20,3:10:56,2:37:33,0:12:22,0:08:46,7:00:58,3080,11456,9453,742,526,25258,1675,1258,119,1943,1382,126,1744,1307,124,1675,1258,119,Finisher,700
Gerard ,Nicholson ,Gerard Nicholson,1599,M18-24,Male,Staten Island,NY,United States,US,0:52:58,3:28:59,2:26:08,0:06:23,0:06:29,7:00:58,3178,12539,8768,383,389,25258,1676,1259,208,2012,1434,231,1937,1423,226,1676,1259,208,Finisher,700
Ryan ,Brannon,Ryan Brannon,917,M35-39,Male,Millersville,Maryland,United States,US,0:41:12,3:01:32,3:02:46,0:07:50,0:07:44,7:01:04,2472,10892,10966,470,464,25264,1677,1260,172,971,724,90,1190,963,137,1677,1260,172,Finisher,700
Benjamin,Gatehouse,Benjamin Gatehouse,801,M18-24,Male,Vienna,Virginia,United States,US,0:44:43,2:58:55,3:04:55,0:06:15,0:06:19,7:01:07,2683,10735,11095,375,379,25267,1678,1261,209,1431,1043,183,1171,948,144,1678,1261,209,Finisher,700
Jeffrey,Hummel,Jeffrey Hummel,1170,M45-49,Male,Middletown,Delaware,United States,US,0:41:53,3:20:33,2:42:49,0:07:24,0:08:30,7:01:08,2513,12033,9769,444,510,25268,1679,1262,101,1076,795,66,1665,1263,106,1679,1262,101,Finisher,779
Denton,Deutsch,Denton Deutsch,1066,M45-49,Male,SAN ANTONIO,TX,United States,US,0:45:14,3:01:46,2:57:56,0:07:43,0:08:34,7:01:13,2714,10906,10676,463,514,25273,1680,1263,102,1488,1086,88,1306,1044,88,1680,1263,102,Finisher,777
Kyle,Moran,Kyle Moran,1322,M35-39,Male,Prospect,Connecticut,United States,US,0:42:09,3:09:18,2:49:58,0:08:10,0:11:42,7:01:18,2529,11358,10198,490,702,25278,1681,1264,173,1112,822,105,1449,1136,157,1681,1264,173,Finisher,700
Carson,Shoals,Carson Shoals,36,M25-29,Male,Jacksonville Beach,US-FL,United States,US,0:40:32,3:05:23,3:00:55,0:06:57,0:07:32,7:01:19,2432,11123,10855,417,452,25279,1682,1265,256,879,649,134,1253,1006,193,1682,1265,256,Finisher,700
Marielos,Burgos,Marielos Burgos,501,F35-39,Female,Zaragoza ,Baja California,El Salvador,SV,0:52:54,3:12:36,2:40:26,0:06:30,0:08:56,7:01:23,3174,11556,9626,390,536,25283,1683,418,57,2009,577,80,1709,419,56,1683,418,57,Finisher,883
Jason,Katz,Jason Katz,2121,M25-29,Male,Chappaqua,NY,United States,US,0:52:00,3:32:20,2:23:53,0:06:40,0:06:31,7:01:24,3120,12740,8633,400,391,25284,1684,1266,257,1971,1401,289,1966,1443,290,1684,1266,257,Finisher,700
Sara,Enis,Sara Enis,864,F50-54,Female,MONROE TOWNSHIP,NJ,United States,US,0:43:18,3:24:33,2:38:34,0:06:17,0:08:42,7:01:24,2598,12273,9514,377,522,25284,1685,419,32,1279,340,17,1735,435,40,1685,419,32,Finisher,1483
Jackson,Burkey,Jackson Burkey,1921,M25-29,Male,Chester,Virginia,United States,US,0:39:45,3:05:54,3:03:25,0:06:56,0:05:36,7:01:36,2385,11154,11005,416,336,25296,1686,1267,258,790,589,122,1240,997,191,1686,1267,258,Finisher,700
Michael,Crowley,Michael Crowley,1913,M45-49,Male,Chicago,IL,United States,US,0:49:40,3:05:35,2:55:40,0:05:08,0:05:33,7:01:37,2980,11135,10540,308,333,25297,1687,1268,103,1847,1322,104,1470,1149,97,1687,1268,103,Finisher,770
Richard,Hellander,Richard Hellander,723,M35-39,Male,Medford,NJ,United States,US,0:49:17,3:27:11,2:25:25,0:11:28,0:08:32,7:01:54,2957,12431,8725,688,512,25314,1688,1269,174,1831,1313,171,1932,1420,180,1688,1269,174,Finisher,700
Meredith,Fagan,Meredith Fagan,1386,F25-29,Female,LONG BEACH,NY,United States,US,0:40:03,3:18:31,2:53:22,0:04:27,0:05:34,7:01:57,2403,11911,10402,267,334,25317,1689,420,93,828,217,52,1524,341,73,1689,420,93,Finisher,782
Xandi,Barrett,Xandi Barrett,147,F30-34,Female,St. Louis,MO,United States,US,0:39:13,3:25:56,2:41:17,0:06:00,0:09:31,7:01:58,2353,12356,9677,360,571,25318,1690,421,65,726,180,35,1693,411,61,1690,421,65,Finisher,1112
John,Williams,John Williams,1230,M45-49,Male,Arlington,VA,United States,US,0:43:40,3:13:23,2:49:47,0:07:41,0:07:40,7:02:10,2620,11603,10187,461,460,25330,1691,1270,104,1328,972,78,1564,1207,102,1691,1270,104,Finisher,760
Shawn,Belovich,Shawn Belovich,891,M50-54,Male,North Bethesda,MD,United States,US,0:41:36,3:01:08,3:03:50,0:07:26,0:08:14,7:02:14,2496,10868,11030,446,494,25334,1692,1271,89,1033,767,46,1177,952,71,1692,1271,89,Finisher,893
Elizabeth,Rivera,Elizabeth Rivera,713,F30-34,Female,Clayton,US-NC,United States,US,0:36:17,2:58:54,3:14:39,0:05:49,0:06:37,7:02:16,2177,10734,11679,349,397,25336,1693,422,66,383,96,14,908,157,20,1693,422,66,Finisher,1107
Nicholas,Mitrione,Nicholas Mitrione,2495,M30-34,Male,Washington,DC,United States,US,0:46:51,2:51:47,3:09:01,0:04:27,0:10:15,7:02:21,2811,10307,11341,267,615,25341,1694,1272,198,1647,1192,182,965,803,129,1694,1272,198,Finisher,700
Christopher,Nelson,Christopher Nelson,2077,M60-64,Male,Easton,PA,United States,US,0:38:24,3:02:18,3:05:15,0:09:05,0:07:48,7:02:50,2304,10938,11115,545,468,25370,1695,1273,33,618,463,13,1169,946,26,1695,1273,33,Finisher,808
Christine,Skovira,Christine Skovira,2556,F35-39,Female,downingtown,Pennsylvania,United States,US,0:52:36,3:17:35,2:38:46,0:05:28,0:08:32,7:02:56,3156,11855,9526,328,512,25376,1696,423,58,1999,575,79,1760,442,59,1696,423,58,Finisher,855
Matthew,Frank,Matthew Frank,780,M45-49,Male,WHITE PLAINS,NY,United States,US,0:42:31,3:00:02,3:08:41,0:05:33,0:06:10,7:02:57,2551,10802,11321,333,370,25377,1697,1274,105,1170,863,71,1111,904,79,1697,1274,105,Finisher,746
Owen,Kalucki,Owen Kalucki,665,M25-29,Male,Chester Springs,Pennsylvania,United States,US,0:29:03,2:59:49,3:15:25,0:10:31,0:08:12,7:03:00,1743,10789,11725,631,492,25380,1698,1275,259,18,16,6,861,716,131,1698,1275,259,Finisher,700
Shelby ,Kloosterboer ,Shelby Kloosterboer,1119,F30-34,Female,Ashburn,Virginia,United States,US,0:48:23,3:37:16,2:23:51,0:07:05,0:06:43,7:03:20,2903,13036,8631,425,403,25400,1699,424,67,1771,498,87,1988,537,84,1699,424,67,Finisher,1088
Kelsey,Johnson,Kelsey Johnson,1557,F35-39,Female,Savannah,GA,United States,US,0:55:19,3:23:14,2:31:00,0:06:38,0:07:12,7:03:23,3319,12194,9060,398,432,25403,1700,425,59,2078,604,82,1895,497,68,1700,425,59,Finisher,847
Mark,MacVittie,Mark MacVittie,561,M50-54,Male,Burlington,ON,Canada,CA,0:37:33,3:03:26,3:04:17,0:08:12,0:09:55,7:03:23,2253,11006,11057,492,595,25403,1701,1276,90,527,393,23,1148,933,70,1701,1276,90,Finisher,872
John,Taber,John Taber,2255,M45-49,Male,ALEXANDRIA,VA,United States,US,0:44:36,3:06:03,2:59:38,0:07:40,0:05:33,7:03:30,2676,11163,10778,460,333,25410,1702,1277,106,1423,1038,83,1418,1118,93,1702,1277,106,Finisher,736
Josie,Carlson,Josie Carlson,2087,F30-34,Female,arnold,MD,United States,US,0:36:31,3:10:04,3:00:16,0:07:54,0:08:46,7:03:32,2191,11404,10816,474,526,25412,1703,426,68,403,101,16,1299,259,40,1703,426,68,Finisher,1084
Thomas,Gentry,Thomas Gentry,930,M40-44,Male,Frederick ,MD,United States,US,0:41:25,3:43:13,2:17:27,0:11:17,0:10:28,7:03:50,2485,13393,8247,677,628,25430,1704,1278,120,1004,745,68,2023,1471,131,1704,1278,120,Finisher,700
MIRELLA,MANILLA,MIRELLA MANILLA,33,F25-29,Female,washington,DC,United States,US,0:53:42,3:19:58,2:36:09,0:06:36,0:07:31,7:03:55,3222,11998,9369,396,451,25435,1705,427,94,2039,588,123,1849,481,100,1705,427,94,Finisher,747
Guillermo,Martin Nieto,Guillermo Martin Nieto,1370,M18-24,Male,Burgos,Castille & Leon,Spain,ES,1:01:00,3:19:24,2:24:08,0:08:28,0:10:58,7:03:58,3660,11964,8648,508,658,25438,1706,1279,210,2179,1540,244,1940,1426,228,1706,1279,210,Finisher,700
Kelly,McCreesh,Kelly McCreesh,1547,F30-34,Female,Plymouth meeting,Pennsylvania,United States,US,0:37:00,3:40:40,2:30:53,0:08:00,0:07:25,7:03:58,2220,13240,9053,480,445,25438,1707,428,69,455,117,21,1904,501,78,1707,428,69,Finisher,1076
Ciara,Harquail-Hackett,Ciara Harquail-Hackett,1136,F25-29,Female,New York,NY,United States,US,0:42:22,3:31:10,2:35:18,0:07:06,0:08:04,7:03:59,2542,12670,9318,426,484,25439,1708,429,95,1145,300,69,1856,484,101,1708,429,95,Finisher,746
William,Richmond,William Richmond,135,M35-39,Male,Arlington,Virginia,United States,US,0:40:17,3:30:45,2:35:52,0:07:04,0:10:02,7:04:01,2417,12645,9352,424,602,25441,1709,1280,175,848,623,75,1813,1349,176,1709,1280,175,Finisher,700
James,Cunningham,James Cunningham,1593,M45-49,Male,VIRGINIA BCH,VA,United States,US,0:39:05,3:05:14,2:59:32,0:09:19,0:10:52,7:04:02,2345,11114,10772,559,652,25442,1710,1281,107,705,533,40,1273,1019,85,1710,1281,107,Finisher,726
Jong,Kim,Jong Kim,2201,M50-54,Male,Closter,New Jersey,United States,US,0:58:34,3:09:13,2:40:51,0:07:47,0:07:43,7:04:07,3514,11353,9651,467,463,25447,1711,1282,91,2147,1520,108,1758,1318,96,1711,1282,91,Finisher,859
Ashley,Nguyen,Ashley Nguyen,1783,F18-24,Female,Mclean,US-VA,United States,US,0:50:57,3:18:45,2:39:29,0:07:31,0:07:42,7:04:24,3057,11925,9569,451,462,25464,1712,430,52,1923,554,66,1800,460,52,1712,430,52,Finisher,786
Garry,Young,Garry Young,2170,M60-64,Male,Arlington,VA,United States,US,0:42:35,3:09:24,2:57:13,0:07:58,0:07:19,7:04:28,2555,11364,10633,478,439,25468,1713,1283,34,1181,871,20,1459,1141,30,1713,1283,34,Finisher,779
Jessica,Arnold,Jessica Arnold,1808,F25-29,Female,Washington,District of Columbia,United States,US,0:35:55,3:27:57,2:45:18,0:05:41,0:09:48,7:04:41,2155,12477,9918,341,588,25481,1714,431,96,346,87,30,1659,401,85,1714,431,96,Finisher,733
Shane,Smith,Shane Smith,2021,M55-59,Male,Fairfax,US-VA,United States,US,0:41:35,2:54:45,3:06:00,0:09:27,0:13:13,7:05:00,2495,10485,11160,567,793,25500,1715,1284,69,1028,763,45,1031,853,50,1715,1284,69,Finisher,830
Johnice,Comer,Johnice Comer,513,F60-64,Female,Cambridge,MD,United States,US,0:51:48,3:39:56,2:19:36,0:06:34,0:07:20,7:05:13,3108,13196,8376,394,440,25513,1716,432,12,1961,569,20,2043,561,18,1716,432,12,Finisher,1628
Elena,Gagarina,Elena Gagarina,564,F50-54,Female,Markham,ON,Canada,CA,0:49:18,3:18:10,2:47:07,0:05:01,0:05:47,7:05:23,2958,11890,10027,301,347,25523,1717,433,33,1833,519,36,1715,425,39,1717,433,33,Finisher,1412
Caleb,Benendict,Caleb Benendict,1182,M25-29,Male,Guilford,Connecticut,United States,US,0:42:18,3:27:34,2:33:05,0:09:04,0:13:26,7:05:27,2538,12454,9185,544,806,25527,1718,1285,260,1137,840,171,1826,1358,269,1718,1285,260,Finisher,700
Erik,Torres,Erik Torres,2340,M40-44,Male,WARMINSTER,PA,Puerto Rico,PR,0:43:15,3:11:42,2:53:45,0:09:06,0:07:47,7:05:35,2595,11502,10425,546,467,25535,1719,1286,121,1275,937,87,1549,1198,112,1719,1286,121,Finisher,700
Matthew,Bassham,Matthew Bassham,2297,M30-34,Male,Springfield,US-VA,United States,US,0:43:20,3:07:56,2:55:39,0:08:58,0:09:46,7:05:39,2600,11276,10539,538,586,25539,1720,1287,199,1286,945,146,1466,1146,178,1720,1287,199,Finisher,700
Hannah,McGinnis,Hannah McGinnis,880,F25-29,Female,Powell,TN,United States,US,0:50:52,3:30:03,2:31:52,0:06:28,0:06:30,7:05:46,3052,12603,9112,388,390,25546,1721,434,97,1914,549,115,1925,509,105,1721,434,97,Finisher,713
Beth,Crompton,Beth Crompton,384,F55-59,Female,Raleigh,NC,United States,US,0:44:39,3:11:35,2:56:14,0:05:11,0:08:11,7:05:49,2679,11495,10574,311,491,25549,1722,435,19,1426,386,17,1487,326,17,1722,435,19,Finisher,1309
Ethan,Hill,Ethan Hill,1854,M18-24,Male,Philadelphia,Pennsylvania,United States,US,0:40:34,2:55:29,3:19:31,0:05:02,0:05:15,7:05:51,2434,10529,11971,302,315,25551,1723,1288,211,882,652,118,912,754,113,1723,1288,211,Finisher,700
Anna,Francisco,Anna Francisco,543,F25-29,Female,Austin,TX,United States,US,0:33:46,3:22:41,2:58:56,0:05:13,0:05:14,7:05:51,2026,12161,10736,313,314,25551,1724,436,98,200,50,19,1495,329,71,1724,436,98,Finisher,712
Vincent,Mancini,Vincent Mancini,878,M55-59,Male,philadelphia,PA,United States,US,0:47:33,3:00:08,3:03:05,0:07:23,0:07:45,7:05:53,2853,10808,10985,443,465,25553,1725,1289,70,1706,1234,77,1317,1051,68,1725,1289,70,Finisher,814
Lori,Elliott,Lori Elliott,83,F60-64,Female,Jacksonville,FLORIDA,United States,US,0:47:42,3:04:28,3:02:22,0:05:51,0:05:35,7:05:58,2862,11068,10942,351,335,25558,1726,437,13,1718,479,13,1406,299,11,1726,437,13,Finisher,1615
Rob,Purcell,Rob Purcell,1637,M50-54,Male,WILMINGTON,NC,United States,US,0:46:38,3:14:57,2:44:21,0:11:48,0:08:14,7:05:58,2798,11697,9861,708,494,25558,1727,1290,92,1630,1182,80,1727,1298,94,1727,1290,92,Finisher,825
Michael,Hutchins,Michael Hutchins,2211,M55-59,,alexandria,VA,United States,US,0:45:50,3:01:40,3:02:36,0:08:14,0:07:39,7:05:59,2750,10900,10956,494,459,25559,1728,1291,71,1554,1132,71,1340,1065,69,1728,1291,71,Finisher,812
Laith,Tuma,Laith Tuma,1678,M18-24,Male,Bethesda,MARYLAND,United States,US,0:37:58,3:40:34,2:33:04,0:09:20,0:05:22,7:06:18,2278,13234,9184,560,322,25578,1729,1292,212,567,422,83,1930,1418,225,1729,1292,212,Finisher,700
Matthew,Pitell,Matthew Pitell,299,M25-29,Male,Newark,DE,United States,US,0:48:06,2:54:37,3:05:58,0:08:34,0:09:08,7:06:23,2886,10477,11158,514,548,25583,1730,1293,261,1745,1259,252,1204,971,187,1730,1293,261,Finisher,700
Rafael,Brito Gropen,Rafael Brito Gropen,672,M25-29,Male,Belo Horizonte ,Minas Gerais,Brazil,BR,0:37:41,3:22:18,2:50:46,0:07:15,0:08:35,7:06:34,2261,12138,10246,435,515,25594,1731,1294,262,539,402,88,1611,1233,242,1731,1294,262,Finisher,700
Todd,Tracy,Todd Tracy,1801,M70-74,Male,FALLS CHURCH,VA,United States Minor Outlying Islands,UM,0:51:41,3:09:54,2:32:50,0:16:07,0:16:03,7:06:35,3101,11394,9170,967,963,25595,1732,1295,6,1955,1389,9,1808,1345,9,1732,1295,6,Finisher,2522
Joel,Castillo,Joel Castillo,1779,M25-29,Male,Mount Penn,Pennsylvania,United States,US,1:10:07,3:15:00,2:25:34,0:07:17,0:08:54,7:06:51,4207,11700,8734,437,534,25611,1733,1296,263,2226,1568,320,1979,1449,292,1733,1296,263,Finisher,700
Steve,Goodman,Steve Goodman,1523,M60-64,Male,Audubon,NEW JERSEY,United States,US,0:55:22,3:23:40,2:32:49,0:07:21,0:07:50,7:07:03,3322,12220,9169,441,470,25623,1734,1297,35,2080,1475,44,1912,1408,44,1734,1297,35,Finisher,732
Greg,Gustitis,Greg Gustitis,1320,M40-44,Male,Springfield,PA,United States,US,0:43:43,3:31:24,2:38:07,0:07:42,0:06:25,7:07:20,2623,12684,9487,462,385,25640,1735,1298,122,1332,975,90,1870,1382,128,1735,1298,122,Finisher,700
Steve,Breeden,Steve Breeden,1850,M70-74,Male,Charlotte,NC,United States,US,0:39:31,3:10:15,3:01:28,0:07:48,0:08:25,7:07:27,2371,11415,10888,468,505,25647,1736,1299,7,757,566,3,1396,1103,7,1736,1299,7,Finisher,2506
Helen,Panayiotou,Helen Panayiotou,693,F50-54,Female,Pickering,ON,Canada,CA,0:46:23,3:09:59,2:50:20,0:11:01,0:09:47,7:07:29,2783,11399,10220,661,587,25649,1737,438,34,1604,441,29,1617,381,32,1737,438,34,Finisher,1374
Michael,Del Grande,Michael Del Grande,2080,M25-29,Male,New York,New York,United States,US,0:45:19,2:59:56,2:54:57,0:12:47,0:14:35,7:07:33,2719,10796,10497,767,875,25653,1738,1300,264,1498,1094,226,1407,1108,216,1738,1300,264,Finisher,700
Max,Wehr,Max Wehr,399,M25-29,Male,Blandon,PENNSYLVANIA,United States,US,0:43:19,3:47:51,2:17:54,0:08:40,0:10:07,7:07:51,2599,13671,8274,520,607,25671,1739,1301,265,1285,944,189,2055,1487,303,1739,1301,265,Finisher,700
Scott,Hanyen,Scott Hanyen,1239,M45-49,Male,Greenwich,CT,United States,US,0:52:01,3:23:02,2:38:38,0:07:12,0:06:58,7:07:51,3121,12182,9518,432,418,25671,1740,1302,108,1972,1402,109,1863,1377,114,1740,1302,108,Finisher,700
Kylie,Thompson,Kylie Thompson,2167,F25-29,Female,Mechanicsburg,Pennsylvania,United States,US,0:45:53,3:27:40,2:38:56,0:07:43,0:07:45,7:07:58,2753,12460,9536,463,465,25678,1741,439,99,1558,425,97,1859,485,102,1741,439,99,Finisher,700
Kyle,Andrus,Kyle Andrus,1974,M25-29,Male,Bel Air,Maryland,United States,US,0:54:54,3:23:56,2:32:00,0:06:44,0:10:30,7:08:04,3294,12236,9120,404,630,25684,1742,1303,266,2073,1471,299,1901,1403,281,1742,1303,266,Finisher,700
Boyd,Tomasetti,Boyd Tomasetti,2362,M55-59,Male,FALLS CHURCH,VA,United States,US,0:45:06,2:57:56,3:04:24,0:08:28,0:12:18,7:08:12,2706,10676,11064,508,738,25692,1743,1304,72,1476,1077,66,1212,978,62,1743,1304,72,Finisher,773
Kevin,Miller,Kevin Miller,2117,M30-34,Male,Baltimore,Maryland,United States,US,0:42:29,3:25:57,2:42:43,0:09:30,0:07:36,7:08:16,2549,12357,9763,570,456,25696,1744,1305,200,1165,860,139,1812,1348,212,1744,1305,200,Finisher,700
Victoria,Holtje,Victoria Holtje,732,F35-39,Female,Lindenhurst,New York,United States,US,0:46:35,3:09:09,2:54:29,0:08:17,0:09:49,7:08:19,2795,11349,10469,497,589,25699,1745,440,60,1628,448,64,1545,350,48,1745,440,60,Finisher,758
Jana,Balzerova,Jana Balzerova,2405,F40-44,Female,New York,NY,United States,US,0:54:16,3:36:22,2:19:26,0:08:01,0:10:26,7:08:31,3256,12982,8366,481,626,25711,1746,441,45,2053,593,58,2048,564,59,1746,441,45,Finisher,891
Angela,Lisowski,Angela Lisowski,617,F60-64,Female,HOWELL,NJ,United States,US,0:50:41,3:02:57,3:01:16,0:06:00,0:07:52,7:08:46,3041,10977,10876,360,472,25726,1747,442,14,1906,545,19,1450,314,12,1747,442,14,Finisher,1564
Gabriel,Ovalle,Gabriel Ovalle,1487,M18-24,Male,Laurel ,Maryland,United States,US,0:48:16,3:43:09,2:26:05,0:06:27,0:04:54,7:08:51,2896,13389,8765,387,294,25731,1748,1306,213,1758,1268,214,2037,1478,234,1748,1306,213,Finisher,700
Christopher,Fabian,Christopher Fabian,839,M18-24,Male,Washington,District of Columbia,United States,US,0:31:06,3:08:37,3:12:15,0:07:38,0:09:40,7:09:16,1866,11317,11535,458,580,25756,1749,1307,214,72,54,16,1092,892,136,1749,1307,214,Finisher,700
Amanda,South,Amanda South,2155,F18-24,Female,Kitty Hawk,North Carolina,United States,US,0:58:58,3:25:52,2:31:52,0:05:48,0:06:49,7:09:19,3538,12352,9112,348,409,25759,1750,443,53,2152,629,75,1960,523,59,1750,443,53,Finisher,700
Jay,Spafford,Jay Spafford,2215,M30-34,Male,Towson,MD,United States,US,0:49:14,3:13:55,2:40:30,0:12:08,0:13:41,7:09:28,2954,11635,9630,728,821,25768,1751,1308,201,1828,1312,207,1753,1314,207,1751,1308,201,Finisher,700
Daniel,Pierson,Daniel Pierson,1741,M30-34,Male,Washington,District of Columbia,United States,US,0:47:45,3:23:56,2:42:30,0:07:19,0:07:59,7:09:29,2865,12236,9750,439,479,25769,1752,1309,202,1720,1241,191,1828,1359,214,1752,1309,202,Finisher,700
Andrew,Spence,Andrew Spence,562,M18-24,Male,Phoenix,US-MD,United States,US,0:43:26,3:25:30,2:49:59,0:05:46,0:04:50,7:09:31,2606,12330,10199,346,290,25771,1753,1310,215,1294,950,172,1745,1308,206,1753,1310,215,Finisher,700
Nicholas,Cass,Nicholas Cass,1173,M30-34,Male,Ridgefield,Connecticut,United States,US,0:35:04,3:31:44,2:48:54,0:07:26,0:06:40,7:09:48,2104,12704,10134,446,400,25788,1754,1311,203,280,212,33,1737,1302,206,1754,1311,203,Finisher,700
James,Mcdonough,James Mcdonough,1680,M50-54,Male,Annapolis,MD,United States,US,0:51:56,3:18:45,2:46:41,0:05:31,0:06:56,7:09:49,3116,11925,10001,331,416,25789,1755,1312,93,1966,1397,94,1778,1326,97,1755,1312,93,Finisher,756
Daniel,Lung,Daniel Lung,1623,M30-34,Male,Reston,VA,United States,US,0:50:47,3:00:16,3:07:53,0:05:25,0:05:42,7:10:03,3047,10816,11273,325,342,25803,1756,1313,204,1912,1365,216,1363,1082,165,1756,1313,204,Finisher,700
Joseph,Santangelo,Joseph Santangelo,2257,M35-39,Male,Baltimore,Maryland,United States,US,0:39:05,3:22:00,2:52:19,0:06:36,0:10:02,7:10:04,2345,12120,10339,396,602,25804,1757,1314,176,708,535,65,1625,1242,169,1757,1314,176,Finisher,700
Nicholas,Zhang,Nicholas Zhang,1151,M18-24,Male,FREMONT,CA,United States,US,0:36:44,3:26:45,2:49:02,0:07:55,0:09:38,7:10:05,2204,12405,10142,475,578,25805,1758,1315,216,425,317,68,1698,1286,201,1758,1315,216,Finisher,700
Liam,Grant,Liam Grant,1289,M18-24,Male,Astoria,New York,United States,US,0:42:48,3:06:45,3:07:18,0:06:50,0:06:31,7:10:12,2568,11205,11238,410,391,25812,1759,1316,217,1209,890,157,1360,1079,170,1759,1316,217,Finisher,700
Caitlin,Dawson,Caitlin Dawson,957,F25-29,Female,Knoxville,Tennessee,United States,US,0:37:11,3:30:32,2:53:22,0:04:38,0:04:30,7:10:14,2231,12632,10402,278,270,25814,1760,444,100,475,120,34,1714,424,89,1760,444,100,Finisher,700
Dairius,Kawewehi ,Dairius Kawewehi,1544,M30-34,Male,CHANTILLY,Virginia,United States,US,0:50:30,3:27:20,2:30:35,0:12:27,0:09:33,7:10:24,3030,12440,9035,747,573,25824,1761,1317,205,1895,1354,214,1957,1436,225,1761,1317,205,Finisher,700
John,McDonald,John McDonald,1990,M25-29,Male,,,United States,US,0:54:59,3:24:06,2:28:06,0:13:48,0:09:26,7:10:25,3299,12246,8886,828,566,25825,1762,1318,267,2076,1473,300,1991,1453,293,1762,1318,267,Finisher,700
Martin,Wildgoose,Martin Wildgoose,341,M70-74,Male,Laguna Hills,CA,United States,US,0:51:14,3:01:41,2:50:37,0:12:50,0:14:08,7:10:29,3074,10901,10237,770,848,25829,1763,1319,8,1939,1379,8,1580,1217,8,1763,1319,8,Finisher,2452
Humberto,Linares,Humberto Linares,634,M40-44,Male,San Pedro Sula,CORTES,Honduras,HN,0:48:07,2:39:51,3:31:45,0:06:00,0:04:57,7:10:40,2887,9591,12705,360,297,25840,1764,1320,123,1747,1261,115,727,613,63,1764,1320,123,Finisher,700
Maddie,Thompson,Maddie Thompson,2163,F18-24,Female,Hampton,Virginia,United States,US,0:46:02,3:07:22,3:05:07,0:05:36,0:06:33,7:10:41,2762,11242,11107,336,393,25841,1765,445,54,1572,430,54,1437,309,34,1765,445,54,Finisher,700
Cody,Gordon,Cody Gordon,85,M25-29,Male,Nicholasville,KY,United States,US,0:45:35,3:26:04,2:47:17,0:06:45,0:05:07,7:10:49,2735,12364,10037,405,307,25849,1766,1321,268,1526,1117,230,1818,1352,267,1766,1321,268,Finisher,700
Claire,Kutner,Claire Kutner,1875,F18-24,Female,Williamsburg,VA,United States,US,0:57:28,3:39:17,2:15:53,0:07:59,0:10:17,7:10:55,3448,13157,8153,479,617,25855,1767,446,55,2126,624,73,2096,589,70,1767,446,55,Finisher,700
Dallin,Hammond,Dallin Hammond,2587,M30-34,Male,Arlington,Virginia,United States,US,0:49:29,3:23:45,2:28:10,0:16:26,0:13:08,7:10:58,2969,12225,8890,986,788,25858,1768,1322,206,1837,1316,208,1951,1431,224,1768,1322,206,Finisher,700
Alexa,McKone,Alexa McKone,822,F40-44,Female,Sellersville,PENNSYLVANIA,United States,US,0:45:42,3:28:32,2:43:45,0:06:12,0:06:50,7:11:00,2742,12512,9825,372,410,25860,1769,447,46,1537,414,39,1853,482,51,1769,447,46,Finisher,846
Denny Fransua,Mejia,Denny Fransua Mejia,636,M35-39,Male,San Pedro Sula,HN-Cortes,Honduras,HN,0:49:56,3:10:07,2:57:11,0:08:04,0:05:43,7:11:01,2996,11407,10631,484,343,25861,1770,1323,177,1866,1336,175,1639,1250,171,1770,1323,177,Finisher,700
Krista,Lewis,Krista Lewis,653,F50-54,Female,Virginia Beach,VA,United States,US,0:54:22,3:06:24,2:58:41,0:04:31,0:07:06,7:11:04,3262,11184,10721,271,426,25864,1771,448,35,2054,594,50,1573,361,30,1771,448,35,Finisher,1309
Marissa,Kozen,Marissa Kozen,2537,F45-49,Female,Silver Spring,Maryland,United States,US,0:52:28,3:32:39,2:32:33,0:07:20,0:06:05,7:11:06,3148,12759,9153,440,365,25866,1772,449,47,1990,573,52,1981,531,54,1772,449,47,Finisher,1239
Marci,Bruno,Marci Bruno,722,F40-44,Female,PFAFFTOWN,NC,United States,US,0:43:58,3:13:01,2:57:20,0:08:40,0:08:20,7:11:17,2638,11581,10640,520,500,25877,1773,450,47,1355,364,34,1578,363,37,1773,450,47,Finisher,841
Randy ,Delgado,Randy Delgado,1968,M45-49,Male,Cary,NORTH CAROLINA,United States,US,0:45:46,3:20:45,2:50:21,0:07:36,0:06:52,7:11:21,2746,12045,10221,456,412,25881,1774,1324,109,1550,1128,90,1736,1301,108,1774,1324,109,Finisher,700
Evan,Johnson,Evan Johnson,829,M40-44,Male,Raleigh,North Carolina,United States,US,0:47:32,3:12:05,2:41:50,0:14:45,0:15:10,7:11:23,2852,11525,9710,885,910,25883,1775,1325,124,1704,1232,110,1739,1304,122,1775,1325,124,Finisher,700
Kimon,Kanelakis,Kimon Kanelakis,1702,M50-54,Male,Annapolis,MD,United States,US,0:47:33,3:05:55,3:03:58,0:06:34,0:07:27,7:11:26,2853,11155,11038,394,447,25886,1776,1326,94,1707,1235,86,1462,1143,81,1776,1326,94,Finisher,727
Jacopo,Bracco,Jacopo Bracco,1662,M55-59,Male,MIAMI BEACH,FL,Italy,IT,0:39:54,2:58:09,2:52:05,0:14:21,0:27:02,7:11:32,2394,10689,10325,861,1622,25892,1777,1327,73,811,601,30,1234,993,65,1777,1327,73,Finisher,713
Tommaso,Bracco,Tommaso Bracco,1664,M18-24,Male,Waltham,Massachusetts,United States,US,0:44:05,3:13:00,2:52:04,0:10:12,0:12:14,7:11:35,2645,11580,10324,612,734,25895,1778,1328,218,1370,1002,178,1612,1234,190,1778,1328,218,Finisher,700
Jessica,Routzahn,Jessica Routzahn,1376,F30-34,Female,Hyattsville,MARYLAND,United States,US,0:44:54,3:16:36,2:57:34,0:05:31,0:07:04,7:11:39,2694,11796,10654,331,424,25899,1779,451,70,1449,393,71,1608,376,58,1779,451,70,Finisher,938
Alexander,Baca,Alexander Baca,1508,M35-39,Male,Washington,District of Columbia,United States,US,0:38:05,3:18:07,2:55:59,0:07:25,0:12:05,7:11:41,2285,11887,10559,445,725,25901,1780,1329,178,584,434,43,1537,1191,165,1780,1329,178,Finisher,700
Catherine,Johnson,Catherine Johnson,1477,F18-24,Female,Longmeadow,Massachusetts,United States,US,0:49:02,3:16:04,2:53:01,0:06:20,0:07:33,7:12:00,2942,11764,10381,380,453,25920,1781,452,56,1816,512,65,1699,413,46,1781,452,56,Finisher,700
Mark,Milton,Mark Milton,1391,M55-59,Male,New York,New York,United States,US,0:45:16,3:12:42,2:44:58,0:14:49,0:14:22,7:12:07,2716,11562,9898,889,862,25927,1782,1330,74,1494,1091,69,1719,1291,79,1782,1330,74,Finisher,702
Rebecca,Na,Rebecca Na,1193,F30-34,Female,Gainesville,VA,United States,US,0:47:13,3:03:34,3:07:35,0:05:46,0:08:13,7:12:21,2833,11014,11255,346,493,25941,1783,453,71,1684,468,83,1364,282,43,1783,453,71,Finisher,926
Akil,Kasubhai,Akil Kasubhai,1689,M18-24,Male,Washington DC,US-DC,United States,US,0:42:37,3:20:45,2:54:22,0:07:51,0:06:52,7:12:28,2557,12045,10462,471,412,25948,1784,1331,219,1186,873,154,1696,1284,200,1784,1331,219,Finisher,700
Joseph ,RIGI,Joseph RIGI,1667,M25-29,Male,Hanover,Maryland,United States,US,0:46:27,3:40:24,2:30:25,0:08:36,0:06:51,7:12:43,2787,13224,9025,516,411,25963,1785,1332,269,1613,1171,237,2017,1468,298,1785,1332,269,Finisher,700
Dillon,Park,Dillon Park,1352,M25-29,Male,Colmar,PA,South Korea,KR,0:48:59,3:11:40,2:52:36,0:09:01,0:10:30,7:12:47,2939,11500,10356,541,630,25967,1786,1333,270,1811,1300,265,1660,1259,247,1786,1333,270,Finisher,700
Nicholas,DeChristopher,Nicholas DeChristopher,1985,M25-29,Male,Vienna,Virginia,United States,US,0:40:44,3:19:16,2:01:54,0:29:47,0:41:10,7:12:52,2444,11956,7314,1787,2470,25972,1787,1334,271,908,670,137,1953,1433,288,1787,1334,271,Finisher,700
Caleb,Steckmann,Caleb Steckmann,1445,M30-34,Male,Norfolk ,VA,United States,US,0:38:51,3:14:41,2:59:48,0:11:44,0:07:48,7:12:52,2331,11681,10788,704,468,25972,1788,1335,207,668,501,82,1572,1212,192,1788,1335,207,Finisher,700
Andras,Kovacs,Andras Kovacs,842,M60-64,Male,Fruitland,MARYLAND,United States,US,0:37:26,3:09:48,3:05:33,0:09:37,0:10:33,7:12:57,2246,11388,11133,577,633,25977,1789,1336,36,504,378,12,1373,1088,29,1789,1336,36,Finisher,700
Reganne,Engstler,Reganne Engstler,531,F18-24,Female,Fairfield,US-PA,United States,US,0:40:42,3:01:30,3:16:44,0:06:48,0:07:21,7:13:04,2442,10890,11804,408,441,25984,1790,454,57,900,235,37,1140,215,24,1790,454,57,Finisher,700
Chris,Gazzio,Chris Gazzio,1714,M30-34,Male,Hershey,Pennsylvania,United States,US,0:53:58,3:27:46,2:32:42,0:07:43,0:10:58,7:13:06,3238,12466,9162,463,658,25986,1791,1337,208,2043,1455,228,1948,1430,223,1791,1337,208,Finisher,700
Alex,Wayman,Alex Wayman,2447,M25-29,Male,Washington,District of Columbia,United States,US,0:59:47,3:12:13,2:43:30,0:07:49,0:10:03,7:13:21,3587,11533,9810,469,603,26001,1792,1338,272,2163,1531,313,1841,1366,272,1792,1338,272,Finisher,700
Christopher ,Lee,Christopher Lee,1328,M30-34,Male,Baltimore,Maryland,United States,US,1:18:24,3:07:09,2:34:05,0:07:17,0:06:31,7:13:27,4704,11229,9245,437,391,26007,1793,1339,209,2240,1582,245,1990,1452,227,1793,1339,209,Finisher,700
Mario,Selvas Habib,Mario Selvas Habib,2248,M18-24,Male,Rockville,Maryland,United States,US,0:49:34,3:26:57,2:38:48,0:07:57,0:10:20,7:13:36,2974,12417,9528,477,620,26016,1794,1340,220,1842,1319,219,1889,1396,220,1794,1340,220,Finisher,700
Santiago,Dipilla,Santiago Dipilla,1539,M30-34,Male,Miami,Florida,United States,US,0:43:14,3:07:59,3:00:16,0:12:08,0:10:09,7:13:46,2594,11279,10816,728,609,26026,1795,1341,210,1271,933,145,1530,1186,186,1795,1341,210,Finisher,700
Richard,Little,Richard Little,114,M55-59,Male,Alpharetta,GA,United States,US,0:47:01,2:48:43,3:19:02,0:11:10,0:07:52,7:13:49,2821,10123,11942,670,472,26029,1796,1342,75,1665,1205,74,1072,879,54,1796,1342,75,Finisher,700
Emma,Smith,Emma Smith,1072,F18-24,Female,Richmond,VA,United States,US,0:33:51,3:28:43,2:58:14,0:07:46,0:05:16,7:13:49,2031,12523,10694,466,316,26029,1797,455,58,208,53,8,1682,407,44,1797,455,58,Finisher,700
Amanda,Buck,Amanda Buck,785,F35-39,Female,Virginia beach,VA,United States,US,0:41:38,3:16:12,2:58:42,0:09:10,0:08:10,7:13:51,2498,11772,10722,550,490,26031,1798,456,61,1040,269,39,1606,375,53,1798,456,61,Finisher,700
Dylan,Zarcone,Dylan Zarcone,431,M18-24,Male,Bridgewater,New Jersey,United States,US,0:52:57,3:18:34,2:50:53,0:06:04,0:05:22,7:13:51,3177,11914,10253,364,322,26031,1799,1343,221,2010,1433,230,1805,1343,210,1799,1343,221,Finisher,700
Kaitlin,Pollman,Kaitlin Pollman,1673,F25-29,Female,Brooklyn,New York,United States,US,0:39:02,3:26:23,2:50:15,0:09:58,0:08:23,7:14:01,2342,12383,10215,598,503,26041,1800,457,101,695,170,43,1755,440,93,1800,457,101,Finisher,700
Lars,Oetjen,Lars Oetjen,2545,M45-49,Male,New York,New York,United States,US,0:58:58,3:13:00,2:47:16,0:07:31,0:07:16,7:14:02,3538,11580,10036,451,436,26042,1801,1344,110,2153,1524,119,1836,1364,112,1801,1344,110,Finisher,700
Ricky,Ma,Ricky Ma,2476,M30-34,Male,BROOKLYN,NY,United States,US,0:44:19,3:15:20,2:53:11,0:12:03,0:09:20,7:14:13,2659,11720,10391,723,560,26053,1802,1345,211,1395,1022,151,1703,1289,204,1802,1345,211,Finisher,700
Brayden,Green,Brayden Green,781,M18-24,Male,Chester,Virginia,United States,US,0:30:58,3:25:26,3:06:47,0:04:37,0:06:27,7:14:16,1858,12326,11207,277,387,26056,1803,1346,222,64,50,13,1481,1157,180,1803,1346,222,Finisher,700
Melissa,Wobbe,Melissa Wobbe,648,F50-54,Female,Brooklyn,US-NY,United States,US,0:46:33,3:00:06,3:10:17,0:07:15,0:10:26,7:14:37,2793,10806,11417,435,626,26077,1804,458,36,1621,445,30,1284,256,27,1804,458,36,Finisher,1245
Mikaela,Schwartz,Mikaela Schwartz,2152,F30-34,Female,Philadelphia,Pennsylvania,United States,US,0:41:35,3:47:47,2:23:22,0:11:08,0:10:54,7:14:45,2495,13667,8602,668,654,26085,1805,459,72,1030,266,51,2059,571,91,1805,459,72,Finisher,882
Quang,Le,Quang Le,2191,M25-29,Male,Arlington,Virginia,United States,US,0:58:18,3:12:50,2:43:27,0:08:04,0:12:13,7:14:52,3498,11570,9807,484,733,26092,1806,1347,273,2142,1515,311,1832,1362,270,1806,1347,273,Finisher,700
Tracy,Bingaman,Tracy Bingaman,895,F35-39,Female,Orefield,PA,United States,US,0:43:48,3:17:33,2:59:26,0:05:13,0:08:55,7:14:55,2628,11853,10766,313,535,26095,1807,460,62,1342,359,54,1597,371,52,1807,460,62,Finisher,700
Jack,Terzi,Jack Terzi,121,M25-29,Male,Oakhurst ,Nj,United States,US,0:39:31,2:58:36,3:21:30,0:06:55,0:08:51,7:15:24,2371,10716,12090,415,531,26124,1808,1348,274,758,567,118,1011,839,155,1808,1348,274,Finisher,700
Samuel,Lapointe,Samuel Lapointe,1394,M25-29,Male,Saint-Hyacinthe,QUEBEC,Canada,CA,0:40:41,3:17:09,3:03:59,0:07:21,0:06:17,7:15:27,2441,11829,11039,441,377,26127,1809,1349,275,898,664,135,1570,1210,236,1809,1349,275,Finisher,700
Robert,Morgan,Robert Morgan,1970,M30-34,Male,Earleville,Maryland,United States,US,0:46:53,3:17:42,2:55:44,0:08:23,0:06:48,7:15:31,2813,11862,10544,503,408,26131,1810,1350,212,1651,1194,184,1720,1292,205,1810,1350,212,Finisher,700
Meaghan,Lyons,Meaghan Lyons,296,F25-29,Female,Atlanta,Georgia,United States,US,0:37:29,3:56:41,2:26:03,0:07:10,0:08:18,7:15:41,2249,14201,8763,430,498,26141,1811,461,102,509,128,35,2064,575,114,1811,461,102,Finisher,700
Samuel,Shapiro,Samuel Shapiro,2082,M30-34,Male,Englewood,New Jersey,United States,US,0:56:43,3:16:08,2:34:44,0:14:16,0:13:51,7:15:42,3403,11768,9284,856,831,26142,1812,1351,213,2107,1492,235,1921,1416,220,1812,1351,213,Finisher,700
Jeremy ,Brewington,Jeremy Brewington,804,M50-54,Male,Fayetteville,North Carolina,United States,US,0:45:10,2:45:58,3:31:51,0:06:02,0:06:45,7:15:46,2710,9958,12711,362,405,26146,1813,1352,95,1480,1080,72,800,669,54,1813,1352,95,Finisher,700
Heather,Berryhill,Heather Berryhill,475,F35-39,Female,Oceanside,CA,United States,US,0:40:15,3:20:13,2:47:56,0:13:29,0:14:00,7:15:52,2415,12013,10076,809,840,26152,1814,462,63,846,224,34,1732,433,57,1814,462,63,Finisher,700
Alyssa,Andre,Alyssa Andre,1397,F30-34,Female,Harrisburg,Pennsylvania,United States,US,0:49:40,3:28:24,2:46:07,0:06:44,0:05:08,7:16:03,2980,12504,9967,404,308,26163,1815,463,73,1848,526,91,1892,495,77,1815,463,73,Finisher,859
Liam,Madden ,Liam Madden,1842,M35-39,Male,Pearl River,New York,United States,US,1:01:57,3:42:26,2:07:52,0:14:46,0:09:05,7:16:07,3717,13346,7672,886,545,26167,1816,1353,179,2194,1550,200,2169,1548,200,1816,1353,179,Finisher,700
Josh,Ingle,Josh Ingle,2101,M30-34,Male,Capitol Heights,MD,United States,US,0:51:52,2:52:15,3:23:57,0:04:04,0:04:06,7:16:15,3112,10335,12237,244,246,26175,1817,1354,214,1965,1396,219,1114,906,143,1817,1354,214,Finisher,700
Diego,Calderon,Diego Calderon,2304,M60-64,Male,Darnestown,MD,United States,US,0:45:25,3:15:03,2:56:33,0:09:00,0:10:34,7:16:35,2725,11703,10593,540,634,26195,1818,1355,37,1509,1103,28,1657,1258,35,1818,1355,37,Finisher,700
Amy,Gionta,Amy Gionta,1668,F25-29,Female,New York,New York,United States,US,0:50:56,3:31:50,2:38:12,0:06:24,0:09:15,7:16:36,3056,12710,9492,384,555,26196,1819,464,103,1919,551,116,1944,517,106,1819,464,103,Finisher,700
Farol,Tomson,Farol Tomson,499,M55-59,Male,Gaithersburg,MD,United States,US,0:37:12,3:02:17,3:25:05,0:06:48,0:05:15,7:16:37,2232,10937,12305,408,315,26197,1820,1356,76,476,356,18,1052,867,51,1820,1356,76,Finisher,700
Krista,Lewis,Krista Lewis,595,M25-29,Female,Virginia Beach,VA,United States,US,0:52:29,3:19:10,2:52:13,0:06:13,0:06:31,7:16:37,3149,11950,10333,373,391,26197,1821,1357,276,1992,1419,291,1811,1347,265,1821,1357,276,Finisher,700
Jordan,Faina,Jordan Faina,1868,M25-29,Male,Manassas,VA,Philippines,PH,1:01:53,3:24:05,2:32:14,0:09:53,0:08:31,7:16:37,3713,12245,9134,593,511,26197,1822,1358,277,2191,1548,315,2022,1470,299,1822,1358,277,Finisher,700
Joshua,Coker,Joshua Coker,1744,M25-29,Male,Brunswick,Marylandunit,United States,US,0:37:05,3:08:18,3:18:07,0:07:23,0:05:45,7:16:37,2225,11298,11887,443,345,26197,1823,1359,278,461,344,77,1251,1005,192,1823,1359,278,Finisher,700
Rachel,Quesinberry,Rachel Quesinberry,2085,F30-34,Female,Saint Johns,Florida,United States,US,0:33:57,3:31:32,2:53:32,0:09:07,0:08:41,7:16:49,2037,12692,10412,547,521,26209,1824,465,74,216,56,7,1742,436,66,1824,465,74,Finisher,845
Steven,Brooks,Steven Brooks,661,M40-44,Male,DARIEN,CT,United States,US,0:42:12,3:22:37,2:48:42,0:12:38,0:10:42,7:16:52,2532,12157,10122,758,642,26212,1825,1360,125,1121,828,80,1803,1342,127,1825,1360,125,Finisher,700
Jennifer,Strine,Jennifer Strine,747,F25-29,Female,Spring Grove,Pennsylvania,United States,US,0:33:24,3:11:41,3:17:22,0:06:32,0:07:52,7:16:52,2004,11501,11842,392,472,26212,1826,466,104,184,46,18,1214,235,45,1826,466,104,Finisher,700
Harnaik,Dhami,Harnaik Dhami,2012,M30-34,Male,Chantilly,Virginia,United States,US,0:49:44,3:08:23,2:54:07,0:12:02,0:12:49,7:17:04,2984,11303,10447,722,769,26224,1827,1361,215,1853,1325,209,1676,1272,202,1827,1361,215,Finisher,700
Sherry,Keyt,Sherry Keyt,1310,F60-64,Female,NEW PROVIDENCE,NJ,United States,US,0:50:19,3:44:46,2:26:53,0:06:55,0:08:14,7:17:06,3019,13486,8813,415,494,26226,1828,467,15,1883,538,18,2071,577,19,1828,467,15,Finisher,1414
Carmen,Roy,Carmen Roy,2039,F18-24,Female,Baltimore,MD,United States,US,0:48:56,3:39:32,2:37:30,0:05:41,0:05:29,7:17:09,2936,13172,9450,341,329,26229,1829,468,59,1808,510,64,2003,544,63,1829,468,59,Finisher,700
Pete,Williamson,Pete Williamson,1855,M60-64,Male,Frankford,DE,United States,US,0:46:12,3:18:35,2:59:28,0:06:18,0:07:01,7:17:34,2772,11915,10768,378,421,26254,1830,1362,38,1588,1153,31,1692,1282,39,1830,1362,38,Finisher,700
Tracy,Hoffman,Tracy Hoffman,436,F50-54,Female,Fishersville,VA,United States,US,0:53:02,3:12:21,2:56:47,0:06:51,0:08:55,7:17:55,3182,11541,10607,411,535,26275,1831,469,37,2014,580,47,1711,421,38,1831,469,37,Finisher,1186
Maggie,Voss,Maggie Voss,157,F25-29,Female,WASHINGTON,IA,United States,US,0:45:00,3:21:48,2:50:04,0:11:44,0:09:29,7:18:05,2700,12108,10204,704,569,26285,1832,470,105,1460,397,90,1823,467,96,1832,470,105,Finisher,700
David ,Bowers ,David Bowers,576,M60-64,Male,Smithsburg,MD,United States,US,0:46:09,3:10:05,3:10:44,0:06:18,0:04:50,7:18:05,2769,11405,11444,378,290,26285,1833,1363,39,1583,1150,30,1508,1174,32,1833,1363,39,Finisher,700
Audrey,Do,Audrey Do,1671,F18-24,Female,Fairfax,Virginia,United States,US,0:40:02,3:43:11,2:37:37,0:09:20,0:07:58,7:18:08,2402,13391,9457,560,478,26288,1834,471,60,826,216,32,1983,532,62,1834,471,60,Finisher,700
Jennifer,Kenneally,Jennifer Kenneally,1949,F35-39,Female,Alexandria,Virginia,United States,US,0:54:38,3:25:15,2:37:52,0:08:20,0:12:10,7:18:15,3278,12315,9472,500,730,26295,1835,472,64,2062,598,81,1934,513,70,1835,472,64,Finisher,700
Lily,Min,Lily Min,1640,F18-24,Female,Vienna,VIRGINIA,United States,US,0:52:32,3:31:34,2:38:32,0:04:54,0:10:45,7:18:17,3152,12694,9512,294,645,26297,1836,473,61,1996,574,68,1942,516,57,1836,473,61,Finisher,700
Avery,Mengenhauser,Avery Mengenhauser,1096,F25-29,Female,Reston,Virginia,United States,US,0:45:41,3:39:50,2:37:42,0:09:56,0:05:12,7:18:21,2741,13190,9462,596,312,26301,1837,474,106,1535,413,96,2016,549,111,1837,474,106,Finisher,700
Jana,Vavasseur,Jana Vavasseur,556,F50-54,Female,Edgewater,Maryland,United States,US,0:54:04,3:10:53,2:59:11,0:06:39,0:07:39,7:18:26,3244,11453,10751,399,459,26306,1838,475,38,2047,590,49,1701,414,37,1838,475,38,Finisher,1177
Jamie,McNatt,Jamie McNatt,1530,F45-49,Female,Bear,Delaware,United States,US,1:08:52,3:25:51,2:33:44,0:04:47,0:05:15,7:18:28,4132,12351,9224,287,315,26308,1839,476,48,2224,658,67,2054,568,58,1839,476,48,Finisher,1106
RJ,Rusnak,RJ Rusnak,1446,M18-24,Male,Chevy Chase,Maryland,United States,US,0:35:03,4:27:29,2:02:10,0:07:46,0:06:08,7:18:37,2103,16049,7330,466,368,26317,1840,1364,223,279,211,51,2200,1564,248,1840,1364,223,Finisher,700
Julia,Wakin,Julia Wakin,797,F25-29,Female,Princeton,NJ,United States,US,0:43:38,3:22:58,2:51:52,0:07:26,0:12:47,7:18:40,2618,12178,10312,446,767,26320,1841,477,107,1324,354,82,1733,434,91,1841,477,107,Finisher,700
Neicia,Smith,Neicia Smith,485,F18-24,Female,Watertown,New York,United States,US,0:46:03,3:45:16,2:24:57,0:09:05,0:13:19,7:18:41,2763,13516,8697,545,799,26321,1842,478,62,1576,432,55,2058,570,67,1842,478,62,Finisher,700
Edward,Wandall,Edward Wandall,1082,M60-64,Male,Perkasie,PA,United States,US,0:54:41,3:21:07,2:42:44,0:10:10,0:10:03,7:18:45,3281,12067,9764,610,603,26325,1843,1365,40,2066,1468,43,1908,1405,43,1843,1365,40,Finisher,700
Jackson,Glenn,Jackson Glenn,798,M18-24,Male,Sykesville,MD,United States,US,0:45:30,3:22:59,2:51:53,0:05:37,0:12:50,7:18:49,2730,12179,10313,337,770,26329,1844,1366,224,1519,1112,190,1734,1300,205,1844,1366,224,Finisher,700
Jérémy,De Bellefeuille,Jérémy De Bellefeuille,1396,M25-29,Male,St-Hyacinthe,QC,Canada,CA,0:47:15,3:10:05,3:05:38,0:08:14,0:07:42,7:18:55,2835,11405,11138,494,462,26335,1845,1367,279,1687,1219,247,1576,1215,237,1845,1367,279,Finisher,700
Ezra,Bell,Ezra Bell,1810,M30-34,Male,Patuxent River,Maryland,United States,US,0:56:10,3:08:06,3:01:44,0:05:58,0:07:04,7:19:02,3370,11286,10904,358,424,26342,1846,1368,216,2095,1485,234,1679,1274,203,1846,1368,216,Finisher,700
Paul,Langstaff,Paul Langstaff,605,M60-64,Male,Ajax,ON,Canada,CA,1:02:55,3:16:41,2:39:31,0:09:14,0:10:53,7:19:14,3775,11801,9571,554,653,26354,1847,1369,41,2199,1554,49,1938,1424,45,1847,1369,41,Finisher,700
Jacob,Ragusa,Jacob Ragusa,2078,M30-34,Male,New York,NY,United States,US,0:46:33,3:33:56,2:44:57,0:07:24,0:06:28,7:19:18,2793,12836,9897,444,388,26358,1848,1370,217,1620,1176,181,1931,1419,221,1848,1370,217,Finisher,700
Jan,Debeuckelaer,Jan Debeuckelaer,1169,M35-39,Male,SHORT HILLS,NJ,United States,US,0:49:42,3:09:56,2:54:59,0:07:57,0:16:50,7:19:24,2982,11396,10499,477,1010,26364,1849,1371,180,1851,1324,173,1622,1240,168,1849,1371,180,Finisher,700
Anne,Re,Anne Re,390,F55-59,Female,Raleigh,NC,United States,US,0:40:12,3:08:01,3:04:52,0:12:22,0:14:20,7:19:47,2412,11281,11092,742,860,26387,1850,479,20,840,222,8,1474,323,16,1850,479,20,Finisher,1058
Kyle,Locklear,Kyle Locklear,1432,M25-29,Male,Greater Landover,Maryland,United States,US,0:48:38,3:53:51,2:22:26,0:07:03,0:07:57,7:19:54,2918,14031,8546,423,477,26394,1851,1372,280,1788,1285,259,2124,1523,310,1851,1372,280,Finisher,700
Mark,Van Kirk,Mark Van Kirk,117,M65-69,Male,mclean,US-VA,United States,US,0:40:35,3:18:49,3:05:39,0:09:03,0:05:51,7:19:56,2435,11929,11139,543,351,26396,1852,1373,15,885,654,7,1644,1251,14,1852,1373,15,Finisher,1460
Joanne,Siegel,Joanne Siegel,692,F65-69,Female,Cleveland Heights,OH,United States,US,0:39:44,3:32:37,2:44:04,0:12:12,0:11:32,7:20:09,2384,12757,9844,732,692,26409,1853,480,5,787,200,4,1890,494,9,1853,480,5,Finisher,2103
Salik,Mansoor,Salik Mansoor,1758,M35-39,Male,Karachi,SINDH,Pakistan,PK,1:01:31,3:26:30,2:28:09,0:10:24,0:13:41,7:20:16,3691,12390,8889,624,821,26416,1854,1374,181,2186,1543,198,2045,1484,192,1854,1374,181,Finisher,700
Christopher,Davis,Christopher Davis,2137,M30-34,Male,Silver Spring,MD,United States,US,0:48:15,3:23:10,2:55:03,0:07:41,0:06:07,7:20:16,2895,12190,10503,461,367,26416,1855,1375,218,1756,1267,195,1829,1360,215,1855,1375,218,Finisher,700
Carolyn,Pontari,Carolyn Pontari,2168,F30-34,Female,Philadelphia,Pennsylvania,United States,US,0:37:50,3:17:05,3:07:38,0:06:31,0:11:20,7:20:24,2270,11825,11258,391,680,26424,1856,481,75,557,142,26,1488,327,50,1856,481,75,Finisher,781
Robert,Ruhl,Robert Ruhl,858,M18-24,Male,Virginia Beach,VA,United States,US,0:43:12,3:25:13,2:50:51,0:11:56,0:09:16,7:20:30,2592,12313,10251,716,556,26430,1857,1376,225,1263,926,166,1851,1370,214,1857,1376,225,Finisher,700
Carlie,Bissler,Carlie Bissler,823,F40-44,Female,Midlothian,VA,United States,US,0:49:15,3:23:51,2:51:49,0:06:38,0:08:58,7:20:30,2955,12231,10309,398,538,26430,1858,482,48,1830,518,51,1839,474,50,1858,482,48,Finisher,700
Jim,Kilyk,Jim Kilyk,1767,M30-34,Male,Crownsville,Maryland,United States,US,0:49:01,3:04:13,3:05:06,0:10:30,0:11:40,7:20:31,2941,11053,11106,630,700,26431,1859,1377,219,1815,1304,204,1540,1193,190,1859,1377,219,Finisher,700
Amanda,Hendrix,Amanda Hendrix,947,F30-34,Female,PHILADELPHIA,PA,United States,US,0:42:44,3:11:19,3:16:38,0:04:53,0:04:56,7:20:32,2564,11479,11798,293,296,26432,1860,483,76,1201,317,59,1435,308,48,1860,483,76,Finisher,778
Kimberly ,Stiles,Kimberly Stiles,1032,F40-44,Female,Old Town,Maine,United States,US,0:42:27,3:43:53,2:42:35,0:05:57,0:05:45,7:20:37,2547,13433,9755,357,345,26437,1861,484,49,1161,305,28,1978,530,55,1861,484,49,Finisher,700
Mark,Maroldo,Mark Maroldo,1053,M50-54,Male,MOUNT LAUREL,NJ,United States,US,0:51:17,2:47:36,3:26:32,0:06:08,0:09:11,7:20:44,3077,10056,12392,368,551,26444,1862,1378,96,1941,1381,93,1010,838,61,1862,1378,96,Finisher,700
Jake,Andrich,Jake Andrich,2058,M30-34,Male,Herndon,Virginia,United States,US,0:41:55,3:32:50,2:37:31,0:11:45,0:16:43,7:20:44,2515,12770,9451,705,1003,26444,1863,1379,220,1083,800,132,1914,1410,219,1863,1379,220,Finisher,700
Brian,Handly,Brian Handly,1087,M45-49,Male,MECHANICSBURG,PA,United States,US,1:00:23,3:30:05,2:35:47,0:07:43,0:06:57,7:20:55,3623,12605,9347,463,417,26455,1864,1380,111,2174,1538,122,2041,1481,118,1864,1380,111,Finisher,700
Meridith,Leubner,Meridith Leubner,532,F50-54,Female,PITTSFORD,NY,United States,US,0:57:53,3:02:38,3:02:58,0:07:21,0:10:06,7:20:56,3473,10958,10978,441,606,26456,1865,485,39,2138,626,53,1632,388,33,1865,485,39,Finisher,1132
Brianna,Millar,Brianna Millar,1269,F30-34,Female,atco,NJ,United States,US,0:48:20,3:40:52,2:31:03,0:09:29,0:11:24,7:21:09,2900,13252,9063,569,684,26469,1866,486,77,1766,494,86,2049,565,90,1866,486,77,Finisher,767
Igor,Saracevic,Igor Saracevic,1643,M55-59,Male,BETHESDA,MD,United States,US,0:39:54,3:06:50,3:17:01,0:09:52,0:08:05,7:21:42,2394,11210,11821,592,485,26502,1867,1381,77,813,602,31,1366,1084,70,1867,1381,77,Finisher,700
Allison,Keller,Allison Keller,2468,F30-34,Female,Aspers,Pennsylvania,United States,US,0:42:55,3:24:47,2:57:28,0:08:27,0:08:07,7:21:44,2575,12287,10648,507,487,26504,1868,487,78,1223,326,61,1777,452,69,1868,487,78,Finisher,757
Alberto,Kabbabe Machado,Alberto Kabbabe Machado,2028,M35-39,Male,SAN FRANCISCO,CA,Venezuela,VE,0:59:02,3:28:13,2:42:00,0:04:44,0:07:53,7:21:51,3542,12493,9720,284,473,26511,1869,1382,182,2155,1526,196,1972,1446,185,1869,1382,182,Finisher,700
Stephanie,Senigo,Stephanie Senigo,2102,F35-39,Female,New Castle,DE,United States,US,0:49:37,3:18:41,2:55:25,0:07:36,0:10:32,7:21:51,2977,11921,10525,456,632,26511,1870,488,65,1843,524,73,1765,445,60,1870,488,65,Finisher,700
Nicholas,De Young,Nicholas De Young,283,M25-29,Male,New York,US-NY,United States,US,0:51:07,3:16:03,2:57:20,0:08:14,0:09:27,7:22:11,3067,11763,10640,494,567,26531,1871,1383,281,1933,1377,285,1756,1316,256,1871,1383,281,Finisher,700
THERESA,SANLORENZO-CASWELL,THERESA SANLORENZO-CASWELL,1148,F65-69,Female,Edgewater,MD,United States,US,0:49:57,3:10:09,3:06:28,0:07:36,0:08:19,7:22:30,2997,11409,11188,456,499,26550,1872,489,6,1869,532,8,1626,384,7,1872,489,6,Finisher,2060
Jean,Payer,Jean Payer,618,F55-59,Female,Columbia,MD,United States,US,0:42:38,3:18:59,3:05:01,0:08:14,0:07:43,7:22:34,2558,11939,11101,494,463,26554,1873,490,21,1189,315,13,1668,403,22,1873,490,21,Finisher,1007
Lee,Artle,Lee Artle,2338,M30-34,Male,Arlington,VA,United States,US,0:45:05,3:10:15,3:09:25,0:08:13,0:09:36,7:22:34,2705,11415,11365,493,576,26554,1874,1384,221,1474,1075,168,1534,1189,188,1874,1384,221,Finisher,700
Chelsea ,Engle,Chelsea Engle,1919,F18-24,Female,Tempe,Arizona,United States,US,0:44:34,3:20:12,2:59:12,0:07:53,0:10:59,7:22:51,2674,12012,10752,473,659,26571,1875,491,63,1418,383,49,1718,428,49,1875,491,63,Finisher,700
Tracey,Zhai,Tracey Zhai,1546,F30-34,Female,Alexandria,VA,United States,US,0:45:18,3:52:57,2:19:41,0:17:45,0:07:41,7:23:22,2718,13977,8381,1065,461,26602,1876,492,79,1497,404,73,2154,614,98,1876,492,79,Finisher,727
Nick,Mucci,Nick Mucci,1720,M18-24,Male,Horseheads,NEW YORK,United States,US,1:00:15,3:23:22,2:40:59,0:08:51,0:09:58,7:23:26,3615,12202,9659,531,598,26606,1877,1385,226,2172,1537,243,1982,1451,231,1877,1385,226,Finisher,700
Mark,Longabaugh,Mark Longabaugh,568,M65-69,Male,Tilghman Island,MD,United States,US,0:52:06,2:55:38,3:14:42,0:10:23,0:10:36,7:23:26,3126,10538,11682,623,636,26606,1878,1386,16,1978,1408,17,1412,1112,11,1878,1386,16,Finisher,1397
Brandon,Hallbrook,Brandon Hallbrook,1458,M25-29,Male,Hurlock,MD,United States,US,0:42:23,3:09:56,3:15:17,0:08:14,0:08:01,7:23:51,2543,11396,11717,494,481,26631,1879,1387,282,1148,847,172,1473,1151,223,1879,1387,282,Finisher,700
avery,pickrel,avery pickrel,1795,M25-29,Male,Piqua,OH,United States,US,0:58:30,3:19:35,2:49:52,0:09:01,0:06:58,7:23:55,3510,11975,10192,541,418,26635,1880,1388,283,2145,1518,312,1920,1415,285,1880,1388,283,Finisher,700
Joe,Roberts ,Joe Roberts,271,M45-49,Male,Bristow,virginia,United States,US,0:51:52,2:58:18,3:19:12,0:07:19,0:07:28,7:24:08,3112,10698,11952,439,448,26648,1881,1389,112,1964,1395,107,1391,1100,91,1881,1389,112,Finisher,700
Lilian,Soo Hoo,Lilian Soo Hoo,2419,F55-59,Female,ASTORIA,NY,United States,US,0:50:18,3:19:37,2:56:07,0:09:29,0:08:42,7:24:14,3018,11977,10567,569,522,26654,1882,493,22,1882,537,29,1833,471,24,1882,493,22,Finisher,977
Katharine,Biagi,Katharine Biagi,1113,F45-49,Female,Virginia Beach,VA,United States,US,0:51:13,3:19:59,3:00:18,0:05:56,0:06:58,7:24:23,3073,11999,10818,356,418,26663,1883,494,49,1938,560,51,1796,458,48,1883,494,49,Finisher,1000
Avery,Trinh,Avery Trinh,594,M25-29,Male,Columbia,US-MD,United States,US,0:50:34,3:43:57,2:20:42,0:18:22,0:10:55,7:24:30,3034,13437,8442,1102,655,26670,1884,1390,284,1899,1356,282,2145,1536,312,1884,1390,284,Finisher,700
Aparajita,Tripathi,Aparajita Tripathi,2422,F35-39,Female,New York,NY,United States,US,0:51:10,3:39:46,2:33:23,0:10:09,0:10:14,7:24:42,3070,13186,9203,609,614,26682,1885,495,66,1935,557,77,2062,574,77,1885,495,66,Finisher,700
Jeremiah,Walton,Jeremiah Walton,541,M45-49,Male,FLEMING ISLE,FL,United States,US,0:45:36,3:19:09,3:03:07,0:05:00,0:12:01,7:24:54,2736,11949,10987,300,721,26694,1886,1391,113,1527,1118,89,1663,1261,105,1886,1391,113,Finisher,700
Devinne,Greene,Devinne Greene,1017,M25-29,Male,Germantown,Maryland,United States,US,0:50:13,3:41:26,2:41:02,0:05:28,0:06:49,7:24:58,3013,13286,9662,328,409,26698,1887,1392,285,1877,1343,276,2032,1475,300,1887,1392,285,Finisher,700
Julio,De Souza Rodrigues,Julio De Souza Rodrigues,670,M18-24,Male,Arlington,Virginia,Brazil,BR,0:47:34,3:23:33,2:54:38,0:08:56,0:10:20,7:25:01,2854,12213,10478,536,620,26701,1888,1393,227,1708,1236,208,1845,1367,213,1888,1393,227,Finisher,700
Amy,Hooper,Amy Hooper,575,F40-44,Female,Ellicott City,MD,United States,US,0:43:18,3:40:08,2:45:46,0:07:01,0:08:56,7:25:09,2598,13208,9946,421,536,26709,1889,496,50,1281,341,32,1958,522,54,1889,496,50,Finisher,700
Charlotte,Baker,Charlotte Baker,1249,F18-24,Female,Richmond,VA,United States,US,0:51:43,3:40:33,2:41:27,0:05:11,0:06:27,7:25:22,3103,13233,9687,311,387,26722,1890,497,64,1956,567,67,2036,559,66,1890,497,64,Finisher,700
Hugh,Harris,Hugh Harris,534,M55-59,Male,New Carrollton,MD,United States,US,0:40:30,3:04:23,3:29:17,0:05:13,0:06:00,7:25:24,2430,11063,12557,313,360,26724,1891,1394,78,872,644,36,1176,951,61,1891,1394,78,Finisher,700
elizabeth,celentano,elizabeth celentano,1765,F18-24,Female,Sandston,Virginia,United States,US,0:45:46,3:53:16,2:33:07,0:06:22,0:06:53,7:25:26,2746,13996,9187,382,413,26726,1892,498,65,1549,422,53,2101,592,71,1892,498,65,Finisher,700
Samuel,Hrncir,Samuel Hrncir,1583,M25-29,Male,Alexandria,US-VA,United States,US,0:51:06,3:14:11,3:05:04,0:08:01,0:07:05,7:25:27,3066,11651,11104,481,425,26727,1893,1395,286,1931,1375,284,1725,1296,251,1893,1395,286,Finisher,700
Steven,Olender,Steven Olender,1903,M35-39,Male,Washington,DC,United States,US,0:47:50,3:27:52,2:42:29,0:14:59,0:12:23,7:25:33,2870,12472,9749,899,743,26733,1894,1396,183,1730,1249,163,1961,1438,183,1894,1396,183,Finisher,700
Kera,Ritter,Kera Ritter,1372,F50-54,Female,Baltimore,MD,United States,US,0:54:47,3:31:36,2:46:14,0:06:19,0:06:39,7:25:35,3287,12696,9974,379,399,26735,1895,499,40,2070,600,52,1987,536,47,1895,499,40,Finisher,1048
Trent,Loehring,Trent Loehring,2133,M50-54,Male,0wings,MD,United States,US,0:52:13,3:15:44,3:03:46,0:07:23,0:06:41,7:25:47,3133,11744,11026,443,401,26747,1896,1397,97,1982,1411,96,1754,1315,95,1896,1397,97,Finisher,700
Libby,Cass,Libby Cass,1891,F30-34,Female,Philadelphia,Pennsylvania,United States,US,0:45:43,3:38:49,2:45:17,0:07:30,0:08:28,7:25:47,2743,13129,9917,450,508,26747,1897,500,80,1543,417,75,1976,528,82,1897,500,80,Finisher,700
Brianna,Johnson,Brianna Johnson,2050,F30-34,Female,Washington,District of Columbia,United States,US,0:43:29,3:40:33,2:39:10,0:11:38,0:11:03,7:25:52,2609,13233,9550,698,663,26752,1898,501,81,1301,347,64,2020,552,86,1898,501,81,Finisher,700
Alfred Benjamin,Arnold,Alfred Benjamin Arnold,145,M40-44,Male,Rockville,US-MD,United States,US,0:41:46,3:08:46,3:19:53,0:07:34,0:07:53,7:25:52,2506,11326,11993,454,473,26752,1899,1398,126,1054,781,71,1411,1111,107,1899,1398,126,Finisher,700
Maja,Inthavixay,Maja Inthavixay,1737,F25-29,Female,Chevy Chase,US-MD,United States,US,0:51:36,3:29:18,2:38:33,0:10:27,0:16:01,7:25:55,3096,12558,9513,627,961,26755,1900,502,108,1951,564,119,1968,525,108,1900,502,108,Finisher,700
Kyle,Priest,Kyle Priest,2451,M50-54,Male,KATY,TX,United States,US,0:54:39,3:15:27,2:57:13,0:10:03,0:08:41,7:26:02,3279,11727,10633,603,521,26762,1901,1399,98,2064,1466,102,1848,1368,101,1901,1399,98,Finisher,700
Kristina,Balogh,Kristina Balogh,811,F35-39,Female,Collegeville,PA,United States,US,0:50:20,3:40:35,2:40:38,0:07:52,0:06:45,7:26:10,3020,13235,9638,472,405,26770,1902,503,67,1885,539,76,2050,566,75,1902,503,67,Finisher,700
Rachel,Hensel,Rachel Hensel,1266,F25-29,Female,Vienna,Virginia,United States,US,0:45:25,3:48:12,2:35:21,0:09:49,0:07:23,7:26:10,2725,13692,9321,589,443,26770,1903,504,109,1508,406,94,2083,585,115,1903,504,109,Finisher,700
Dante,Distefano,Dante Distefano,1628,M25-29,Male,NEW YORK,NY,United States,US,0:48:34,3:16:06,3:01:16,0:08:35,0:11:43,7:26:13,2914,11766,10876,515,703,26773,1904,1400,287,1784,1281,258,1724,1295,250,1904,1400,287,Finisher,700
Cathryn,Maroon,Cathryn Maroon,371,F30-34,Female,Miami,FL,United States,US,1:07:40,3:02:17,3:03:07,0:06:09,0:07:06,7:26:19,4060,10937,10987,369,426,26779,1905,505,82,2221,656,105,1773,448,67,1905,505,82,Finisher,700
Patricia,Clifford,Patricia Clifford,1618,F65-69,Female,Rockville,US-MD,United States,US,0:37:14,3:01:00,3:34:59,0:06:42,0:06:33,7:26:29,2234,10860,12899,402,393,26789,1906,506,7,483,121,1,1006,172,3,1906,506,7,Finisher,1989
Heidi,Sleasman,Heidi Sleasman,432,F50-54,Female,Chesapeake,Virginia,United States,US,0:49:23,3:17:18,3:03:52,0:09:10,0:06:48,7:26:31,2963,11838,11032,550,408,26791,1907,507,41,1835,520,37,1764,444,41,1907,507,41,Finisher,1031
Rebekah,Lawrence,Rebekah Lawrence,434,F45-49,Female,Norfolk,VA,United States,US,0:54:37,3:15:00,3:03:53,0:06:05,0:07:01,7:26:35,3277,11700,11033,365,421,26795,1908,508,50,2061,597,57,1761,443,47,1908,508,50,Finisher,960
Sahil,Patel,Sahil Patel,1804,M25-29,Male,Philadelphia,Pennsylvania,United States,US,1:06:26,3:27:19,2:37:40,0:07:58,0:07:13,7:26:35,3986,12439,9460,478,433,26795,1909,1401,288,2214,1564,319,2067,1491,305,1909,1401,288,Finisher,700
Susanna,Stevens,Susanna Stevens,2227,F45-49,Female,Durham,NC,United States,US,0:46:43,3:24:49,3:01:53,0:06:14,0:06:57,7:26:36,2803,12289,10913,374,417,26796,1910,509,51,1637,451,40,1809,464,49,1910,509,51,Finisher,960
George,Rhodes,George Rhodes,1393,M18-24,Male,Galloway,New Jersey,United States,US,0:56:12,3:20:12,2:44:40,0:12:27,0:13:06,7:26:37,3372,12012,9880,747,786,26797,1911,1402,228,2096,1486,237,1939,1425,227,1911,1402,228,Finisher,700
Raymond,Cushmore,Raymond Cushmore,1250,M65-69,Male,Rockville Centre,NY,United States,US,0:39:26,3:22:52,3:07:38,0:08:41,0:08:04,7:26:40,2366,12172,11258,521,484,26800,1912,1403,17,752,563,6,1691,1281,15,1912,1403,17,Finisher,1338
Bill,Mccarthy,Bill Mccarthy,2115,M55-59,Male,SANDY HOOK,CT,United States,US,0:53:59,3:14:51,3:00:37,0:09:54,0:07:36,7:26:58,3239,11691,10837,594,456,26818,1913,1404,79,2045,1456,90,1824,1357,83,1913,1404,79,Finisher,700
Thomas,Binion,Thomas Binion,2485,M35-39,Male,Alexandria,VA,United States,US,0:39:36,3:42:29,2:48:53,0:08:30,0:07:32,7:26:59,2376,13349,10133,510,452,26819,1914,1405,184,773,580,70,1959,1437,182,1914,1405,184,Finisher,700
Paul,Sipera,Paul Sipera,160,M55-59,Male,Haddonfield,NJ,United States,US,0:52:06,3:23:48,2:51:07,0:09:32,0:10:27,7:27:00,3126,12228,10267,572,627,26820,1915,1406,80,1977,1407,89,1899,1401,86,1915,1406,80,Finisher,700
Amanda,Jaxheimer,Amanda Jaxheimer,939,F45-49,Female,Bridgeton,NJ,United States,US,0:39:47,3:21:09,3:12:05,0:05:42,0:08:19,7:27:02,2387,12069,11525,342,499,26822,1916,510,52,792,203,20,1599,373,40,1916,510,52,Finisher,952
Michael,Dugan,Michael Dugan,2366,M50-54,Male,VIENNA,VA,United States,US,0:42:40,3:31:54,2:51:32,0:10:41,0:10:16,7:27:03,2560,12714,10292,641,616,26823,1917,1407,99,1192,877,55,1896,1399,105,1917,1407,99,Finisher,700
Karen,Dickey,Karen Dickey,1862,F65-69,Female,Stevensville,MD,United States,US,0:48:56,3:40:39,2:39:20,0:06:31,0:12:09,7:27:36,2936,13239,9560,391,729,26856,1918,511,8,1806,509,7,2027,554,11,1918,511,8,Finisher,1969
Eisley ,Kim,Eisley Kim,1883,M25-29,Male,Gaithersburg,Maryland,United States,US,0:55:25,3:29:12,2:40:59,0:09:22,0:12:54,7:27:52,3325,12552,9659,562,774,26872,1919,1408,289,2083,1478,302,1999,1457,295,1919,1408,289,Finisher,700
Claire,Nolan,Claire Nolan,2551,F35-39,Female,Media,PA,United States,US,0:47:39,3:34:16,2:47:34,0:08:05,0:10:27,7:28:01,2859,12856,10054,485,627,26881,1920,512,68,1713,476,67,1954,521,72,1920,512,68,Finisher,700
Brandon,Hebert,Brandon Hebert,1670,M25-29,Male,Hamilton,New Jersey,United States,US,0:45:33,3:26:07,2:59:34,0:06:43,0:10:13,7:28:10,2733,12367,10774,403,613,26890,1921,1409,290,1521,1113,229,1817,1351,266,1921,1409,290,Finisher,700
Michaela,Altland,Michaela Altland,6003,F25-29,Female,Middltown,US-NJ,United States,US,0:45:57,3:40:50,2:49:54,0:05:54,0:05:36,7:28:11,2757,13250,10194,354,336,26891,1922,513,110,1566,426,98,1986,535,109,1922,513,110,Finisher,700
Cristina,Tesoro,Cristina Tesoro,950,F30-34,Female,Danville,VIRGINIA,United States,US,1:06:14,3:26:12,2:42:46,0:05:34,0:07:29,7:28:15,3974,12372,9766,334,449,26895,1923,514,83,2212,650,103,2039,560,88,1923,514,83,Finisher,700
Christopher,Martinez,Christopher Martinez,1549,M35-39,Male,Mendham,New Jersey,United States,US,1:10:09,3:28:40,2:24:40,0:13:09,0:11:53,7:28:30,4209,12520,8680,789,713,26910,1924,1410,185,2227,1569,203,2137,1531,195,1924,1410,185,Finisher,700
James,McFadden,James McFadden,312,M30-34,Male,Germantown,Maryland,United States,US,0:46:01,3:04:12,3:20:38,0:07:04,0:10:44,7:28:39,2761,11052,12038,424,644,26919,1925,1411,222,1571,1142,176,1386,1097,171,1925,1411,222,Finisher,700
Atticus,Schlosser,Atticus Schlosser,2541,M18-24,Male,Falling Waters,West Virginia,United States,US,0:42:24,3:45:14,2:25:34,0:18:56,0:16:35,7:28:43,2544,13514,8734,1136,995,26923,1926,1412,229,1149,848,147,2107,1512,240,1926,1412,229,Finisher,700
Danielle ,Dagounis,Danielle Dagounis,856,F35-39,Female,Fanwood,NJ,United States,US,0:44:10,3:30:42,2:58:22,0:07:41,0:07:57,7:28:52,2650,12642,10702,461,477,26932,1927,515,69,1378,370,55,1868,488,66,1927,515,69,Finisher,700
Samuel,Burgess,Samuel Burgess,1245,M30-34,Male,Fallston,Maryland,United States,US,0:37:44,3:30:09,3:04:40,0:10:38,0:05:51,7:29:02,2264,12609,11080,638,351,26942,1928,1413,223,546,408,65,1822,1356,213,1928,1413,223,Finisher,700
zachary ,sperry,zachary sperry,677,M18-24,Male,Guilford,Connecticut,United States,US,0:42:56,3:29:51,2:56:45,0:10:07,0:09:38,7:29:17,2576,12591,10605,607,578,26957,1929,1414,230,1225,899,160,1873,1383,217,1929,1414,230,Finisher,700
Francis,Mann,Francis Mann,2301,F40-44,Female,Asbury Park,NEW JERSEY,United States,US,0:44:56,3:21:58,3:06:57,0:08:42,0:06:50,7:29:22,2696,12118,11217,522,410,26962,1930,516,51,1451,394,37,1759,441,46,1930,516,51,Finisher,700
Jessica,Habel,Jessica Habel,893,F30-34,Female,Chitose,HOKKAIDO,United States,US,0:45:46,3:46:07,2:42:51,0:06:44,0:07:58,7:29:25,2746,13567,9771,404,478,26965,1931,517,84,1546,419,76,2047,563,89,1931,517,84,Finisher,700
Matt,Barinholtz,Matt Barinholtz,1831,M50-54,Male,Baltimore,Maryland,United States,US,0:58:42,3:22:07,2:45:24,0:11:39,0:11:38,7:29:30,3522,12127,9924,699,698,26970,1932,1415,100,2150,1522,109,1980,1450,107,1932,1415,100,Finisher,700
Bridget ,McKenna ,Bridget McKenna,2421,F45-49,Female,Brooklyn,New York,United States,US,0:53:26,3:48:30,2:33:30,0:06:21,0:07:58,7:29:44,3206,13710,9210,381,478,26984,1933,518,53,2030,585,55,2114,597,60,1933,518,53,Finisher,903
Tracye,Howard,Tracye Howard,1055,F50-54,Female,Arlington,VA,United States,US,0:51:10,3:29:46,2:55:10,0:06:02,0:07:55,7:30:03,3070,12586,10510,362,475,27003,1934,519,42,1936,558,45,1918,505,45,1934,519,42,Finisher,968
Mari,Teh,Mari Teh,1003,F18-24,Female,McLean,Virginia,United States,US,0:43:00,3:57:17,2:38:56,0:05:24,0:06:02,7:30:40,2580,14237,9536,324,362,27040,1935,520,66,1243,332,45,2103,594,72,1935,520,66,Finisher,700
Luke,DeMember,Luke DeMember,1922,M18-24,Male,Monrovia,MD,United States,US,0:45:41,3:50:58,2:37:24,0:11:23,0:05:30,7:30:56,2741,13858,9444,683,330,27056,1936,1416,231,1536,1123,193,2113,1517,242,1936,1416,231,Finisher,700
Elizabeth,Hancock,Elizabeth Hancock,429,F55-59,Female,Cambridge,MD,United States,US,0:39:34,3:06:39,3:23:42,0:11:11,0:10:01,7:31:07,2374,11199,12222,671,601,27067,1937,521,23,767,193,5,1390,291,14,1937,521,23,Finisher,854
Eric,Dyckman,Eric Dyckman,1160,M55-59,Male,Jarrettsville,MD,United States,US,0:51:33,3:28:23,2:55:41,0:10:14,0:05:18,7:31:08,3093,12503,10541,614,318,27068,1938,1417,81,1949,1386,87,1956,1435,88,1938,1417,81,Finisher,700
Jonathan,Lee,Jonathan Lee,1423,M25-29,Male,Milford,Delaware,Mauritius,MU,0:40:26,3:15:12,3:18:23,0:09:00,0:08:08,7:31:09,2426,11712,11903,540,488,27069,1939,1418,291,863,637,131,1561,1205,234,1939,1418,291,Finisher,700
Michael,Wennemer,Michael Wennemer,441,M18-24,Male,Media,Pennsylvania,United States,US,0:38:43,3:28:13,2:59:26,0:11:31,0:13:17,7:31:09,2323,12493,10766,691,797,27069,1940,1419,232,654,488,94,1819,1353,211,1940,1419,232,Finisher,700
Kasi,Karnati,Kasi Karnati,2360,M50-54,Male,Clarksburg,MD,United States,US,0:57:50,3:33:36,2:33:05,0:14:49,0:11:53,7:31:14,3470,12816,9185,889,713,27074,1941,1420,101,2137,1512,107,2106,1511,111,1941,1420,101,Finisher,700
Keira ,Kelley ,Keira Kelley,269,F25-29,Female,Philadelphia,Pennsylvania,United States,US,0:45:39,3:44:16,2:45:50,0:08:39,0:06:50,7:31:14,2739,13456,9950,519,410,27074,1942,522,111,1533,412,95,2046,562,112,1942,522,111,Finisher,700
Alain,Zemmour,Alain Zemmour,2291,M55-59,Male,Sugar Hill,Georgia,United States,US,0:42:41,3:11:07,3:18:10,0:09:07,0:10:16,7:31:23,2561,11467,11890,547,616,27083,1943,1421,82,1196,880,56,1522,1183,76,1943,1421,82,Finisher,700
Sean,Morrow,Sean Morrow,1686,M45-49,Male,Collegeville,PA,United States,US,0:46:13,3:20:20,3:06:57,0:08:12,0:09:44,7:31:26,2773,12020,11217,492,584,27086,1944,1422,114,1589,1154,91,1746,1309,109,1944,1422,114,Finisher,700
Sean,Linehan,Sean Linehan,707,M60-64,Male,Newton Square,PA,United States,US,0:51:23,3:09:00,3:12:20,0:09:29,0:09:17,7:31:29,3083,11340,11540,569,557,27089,1945,1423,42,1946,1385,39,1669,1266,37,1945,1423,42,Finisher,700
Sarah,Fischer,Sarah Fischer,734,F18-24,Female,Washington,DC,United States,US,0:37:59,3:51:11,2:46:55,0:07:35,0:08:01,7:31:41,2279,13871,10015,455,481,27101,1946,523,67,573,149,25,2030,556,65,1946,523,67,Finisher,700
Huixian,Xu,Huixian Xu,98,M55-59,Male,Potomac,US-MD,United States,US,1:00:09,3:24:26,2:52:45,0:06:07,0:08:29,7:31:56,3609,12266,10365,367,509,27116,1947,1424,83,2171,1536,95,1962,1439,89,1947,1424,83,Finisher,700
Mike,Acuna,Mike Acuna,427,M60-64,Male,Gaithersburg,Maryland,United States,US,0:56:21,3:41:58,2:32:05,0:10:12,0:11:22,7:31:58,3381,13318,9125,612,682,27118,1948,1425,43,2099,1488,46,2115,1518,47,1948,1425,43,Finisher,700
Kathy,Hoganbruen,Kathy Hoganbruen,1580,F55-59,Female,Washington,US-DC,United States,US,0:46:06,3:39:03,2:48:27,0:09:52,0:08:36,7:32:04,2766,13143,10107,592,516,27124,1949,524,24,1580,433,20,2010,546,29,1949,524,24,Finisher,836
Hunter,Booth,Hunter Booth,2213,M30-34,Male,Wilmington,Delaware,United States,US,0:42:05,3:04:24,3:31:50,0:06:50,0:07:05,7:32:13,2525,11064,12710,410,425,27133,1950,1426,224,1102,814,134,1264,1014,154,1950,1426,224,Finisher,700
Rinie,Marin,Rinie Marin,567,F45-49,Female,MIAMI,FL,Venezuela,VE,1:02:57,3:17:30,2:59:24,0:05:29,0:06:58,7:32:18,3777,11850,10764,329,418,27138,1951,525,54,2201,646,65,1906,502,53,1951,525,54,Finisher,857
Giuliana,Gechelin,Giuliana Gechelin,1100,F25-29,Female,Hollywood,FL,Peru,PE,0:47:49,4:00:54,2:23:50,0:09:20,0:10:27,7:32:20,2869,14454,8630,560,627,27140,1952,526,112,1727,481,107,2164,619,122,1952,526,112,Finisher,700
Joe,Boice,Joe Boice,1460,M40-44,Male,SUFFOLK,VA,United States,US,0:47:11,3:21:23,3:11:02,0:06:00,0:06:56,7:32:31,2831,12083,11462,360,416,27151,1953,1427,127,1680,1215,108,1741,1306,123,1953,1427,127,Finisher,700
Kayla,Edwards,Kayla Edwards,324,F18-24,Female,WASHINGTON,DC,United States,US,0:57:57,3:41:44,2:43:00,0:03:58,0:06:03,7:32:41,3477,13304,9780,238,363,27161,1954,527,68,2139,627,74,2086,586,69,1954,527,68,Finisher,700
Trish,Byron,Trish Byron,462,F65-69,Female,PHOENIXVILLE,PA,United States,US,0:40:47,3:17:36,3:20:51,0:05:50,0:08:05,7:33:08,2447,11856,12051,350,485,27188,1955,528,9,916,240,5,1551,353,5,1955,528,9,Finisher,1869
Hannah,Nairn,Hannah Nairn,1710,F18-24,Female,Chevy Chase,US-MD,United States,US,0:46:45,3:38:17,2:45:52,0:04:32,0:17:52,7:33:19,2805,13097,9952,272,1072,27199,1956,529,69,1638,452,57,1950,520,58,1956,529,69,Finisher,700
Patrick,Jacquot,Patrick Jacquot,393,M60-64,Male,cleveland,GA,United States,US,0:45:07,3:28:08,3:03:16,0:09:07,0:08:11,7:33:49,2707,12488,10996,547,491,27229,1957,1428,44,1477,1078,25,1866,1379,41,1957,1428,44,Finisher,700
Glen,Sears,Glen Sears,2277,M45-49,Male,Washington,DISTRICT OF COLUMBIA,United States,US,0:53:12,3:22:59,2:58:57,0:08:34,0:10:08,7:33:51,3192,12179,10737,514,608,27231,1958,1429,115,2020,1439,114,1891,1397,115,1958,1429,115,Finisher,700
Rafael,Ferraz Bannitz,Rafael Ferraz Bannitz,1841,M35-39,Male,BROOKLINE,MA,Brazil,BR,0:41:50,3:00:08,3:31:25,0:10:41,0:10:03,7:34:08,2510,10808,12685,641,603,27248,1959,1430,186,1065,788,98,1243,999,142,1959,1430,186,Finisher,700
Owen,Richter,Owen Richter,1698,M25-29,Male,York,Pennsylvania,United States,US,0:41:04,3:37:39,2:59:01,0:08:18,0:08:10,7:34:11,2464,13059,10741,498,490,27251,1960,1431,292,954,710,142,1919,1414,284,1960,1431,292,Finisher,700
Karen,Nuss,Karen Nuss,1466,F60-64,Female,South Harrison,NJ,United States,US,0:48:32,3:25:15,2:49:29,0:14:02,0:16:59,7:34:16,2912,12315,10169,842,1019,27256,1961,530,16,1780,503,14,1929,512,14,1961,530,16,Finisher,1105
Sam,Braunstein,Sam Braunstein,2401,F55-59,Female,NEW YORK,NY,United States,US,0:50:13,3:14:21,3:06:34,0:11:57,0:11:11,7:34:17,3013,11661,11194,717,671,27257,1962,531,25,1878,535,27,1782,453,23,1962,531,25,Finisher,797
Claire,Giordano,Claire Giordano,1961,F35-39,Female,Browns Mills,NJ,United States,US,0:40:09,3:38:32,2:55:56,0:09:34,0:10:20,7:34:30,2409,13112,10556,574,620,27270,1963,532,70,832,218,32,1935,514,71,1963,532,70,Finisher,700
Casey ,Greener,Casey Greener,2073,F30-34,Female,Fort Lauderdale,Florida,United States,US,0:35:16,3:36:22,3:05:15,0:08:28,0:09:29,7:34:51,2116,12982,11115,508,569,27291,1964,533,85,292,71,8,1847,480,74,1964,533,85,Finisher,700
Larry,Dipiano,Larry Dipiano,771,M55-59,Male,York,PA,United States,US,0:44:15,3:05:22,3:28:22,0:07:40,0:09:13,7:34:53,2655,11122,12502,460,553,27293,1965,1432,84,1386,1015,63,1385,1096,71,1965,1432,84,Finisher,700
Peter,Glennon,Peter Glennon,2053,M25-29,Male,Phoenixville,Pennsylvania,United States,US,0:41:39,3:41:53,2:55:07,0:08:29,0:08:06,7:35:14,2499,13313,10507,509,486,27314,1966,1433,293,1043,774,157,1974,1447,291,1966,1433,293,Finisher,700
Caroline,Swenson,Caroline Swenson,1946,F25-29,Female,Dayton,MA,United States,US,0:47:08,3:32:14,2:54:06,0:14:31,0:07:55,7:35:53,2828,12734,10446,871,475,27353,1967,534,113,1673,464,103,1997,541,110,1967,534,113,Finisher,700
Olivia,Ladehoff,Olivia Ladehoff,593,F25-29,Female,Norfolk ,VA,United States,US,0:49:11,3:50:23,2:36:13,0:09:10,0:11:01,7:35:58,2951,13823,9373,550,661,27358,1968,535,114,1824,516,113,2117,599,118,1968,535,114,Finisher,700
Justin,Mudryk,Justin Mudryk,1947,M25-29,Male,Dayton,OH,United States,US,0:51:52,3:32:20,2:54:05,0:09:47,0:07:54,7:35:58,3112,12740,10445,587,474,27358,1969,1434,294,1963,1394,288,2000,1458,296,1969,1434,294,Finisher,700
Lauren,Kelly,Lauren Kelly,763,F25-29,Female,East Greenbush,NEW YORK,United States,US,0:43:34,3:22:44,3:17:50,0:05:56,0:05:57,7:36:01,2614,12164,11870,356,357,27361,1970,536,115,1312,350,78,1712,422,88,1970,536,115,Finisher,700
William,Gomez,William Gomez,2048,M18-24,Male,Arlington,VA,United States,US,1:01:45,3:19:34,2:52:33,0:08:24,0:13:53,7:36:08,3705,11974,10353,504,833,27368,1971,1435,233,2189,1546,246,1952,1432,230,1971,1435,233,Finisher,700
Saumitra,Mokasdar,Saumitra Mokasdar,1098,M25-29,Male,Highland Park,New Jersey,United States,US,0:36:13,3:19:32,3:26:57,0:06:49,0:06:41,7:36:12,2173,11972,12417,409,401,27372,1972,1436,295,378,284,65,1509,1175,228,1972,1436,295,Finisher,700
William,Pinto,William Pinto,1519,M18-24,Male,Basking Ridge,New Jersey,United States,US,0:53:25,3:10:26,3:14:26,0:07:50,0:10:11,7:36:18,3205,11426,11666,470,611,27378,1973,1437,234,2029,1445,232,1702,1288,202,1973,1437,234,Finisher,700
Bethany,Mcdermott,Bethany Mcdermott,626,F25-29,Female,Wesley Chapel,FL,United States,US,0:41:41,3:20:36,3:21:09,0:06:18,0:06:53,7:36:37,2501,12036,12069,378,413,27397,1974,537,116,1047,271,60,1649,394,82,1974,537,116,Finisher,700
Elissa,Presslein,Elissa Presslein,994,F25-29,Female,Catonsville,MD,United States,US,0:56:16,3:47:37,2:42:03,0:05:07,0:05:36,7:36:39,3376,13657,9723,307,336,27399,1975,538,117,2097,611,126,2118,600,119,1975,538,117,Finisher,700
Angela,Kromm,Angela Kromm,2160,F40-44,Female,Bel Air,MD,United States,US,0:51:47,3:18:16,3:04:53,0:08:43,0:13:10,7:36:48,3107,11896,11093,523,790,27408,1976,539,52,1959,568,55,1825,468,48,1976,539,52,Finisher,700
Barbara,Clarke,Barbara Clarke,1333,F65-69,Female,WEST CHESTER,PA,United States,US,0:51:37,3:21:47,3:09:41,0:06:00,0:07:43,7:36:49,3097,12107,11381,360,463,27409,1977,540,10,1953,565,10,1834,472,8,1977,540,10,Finisher,1803
Aaron,Lavoie,Aaron Lavoie,410,M30-34,Male,Holly Ridge,NC,United States,US,0:54:00,3:27:20,2:55:26,0:10:14,0:09:51,7:36:51,3240,12440,10526,614,591,27411,1978,1438,225,2046,1457,229,1970,1444,226,1978,1438,225,Finisher,700
Omar,El Gamal,Omar El Gamal,765,M30-34,Male,Pickering,Ontario,Canada,CA,0:37:06,2:57:43,3:49:40,0:05:56,0:06:38,7:37:03,2226,10663,13780,356,398,27423,1979,1439,226,464,346,51,901,748,118,1979,1439,226,Finisher,700
John,Barrett,John Barrett,280,M60-64,Male,Vienna,VA,United States,US,0:55:24,3:15:50,3:03:12,0:12:22,0:10:17,7:37:04,3324,11750,10992,742,617,27424,1980,1440,45,2082,1477,45,1878,1387,42,1980,1440,45,Finisher,700
Marc,Vestal,Marc Vestal,1133,M55-59,Male,Wynnewood,Pennsylvania,United States,US,0:55:57,3:22:58,2:59:03,0:07:32,0:11:36,7:37:05,3357,12178,10743,452,696,27425,1981,1441,85,2089,1482,92,1913,1409,87,1981,1441,85,Finisher,700
Jocelyn,Roberts,Jocelyn Roberts,1886,F50-54,Female,Washington,DC,United States,US,0:45:34,2:57:07,3:44:07,0:04:28,0:05:52,7:37:07,2734,10627,13447,268,352,27427,1982,541,43,1522,409,26,1083,198,19,1982,541,43,Finisher,840
Gaurav,Jindal,Gaurav Jindal,1110,M45-49,Male,BALTIMORE,MD,United States,US,0:59:58,3:36:17,2:33:00,0:14:32,0:13:53,7:37:39,3598,12977,9180,872,833,27459,1983,1442,116,2167,1534,121,2131,1526,121,1983,1442,116,Finisher,700
Gregory,Steiger,Gregory Steiger,1836,M45-49,Male,Huntington Station,New York,United States,US,0:47:41,3:13:53,3:21:23,0:06:10,0:08:38,7:37:44,2861,11633,12083,370,518,27464,1984,1443,117,1717,1239,97,1628,1243,103,1984,1443,117,Finisher,700
William,Heidlage,William Heidlage,1052,M35-39,Male,Washington,DC,United States,US,0:49:01,3:30:11,2:55:26,0:12:49,0:10:20,7:37:47,2941,12611,10526,769,620,27467,1985,1444,187,1814,1303,170,1975,1448,186,1985,1444,187,Finisher,700
Sara,Wood,Sara Wood,1331,F35-39,Female,Mitchell,CA-ON,Canada,CA,0:38:40,3:34:09,3:13:49,0:04:51,0:06:23,7:37:52,2320,12849,11629,291,383,27472,1986,542,71,647,164,20,1807,463,63,1986,542,71,Finisher,700
Matthew,Luneburg,Matthew Luneburg,2359,M25-29,Male,New York,New York,United States,US,0:56:21,3:39:28,2:42:35,0:08:32,0:11:07,7:38:03,3381,13168,9755,512,667,27483,1987,1445,296,2100,1489,304,2093,1505,308,1987,1445,296,Finisher,700
Eliza,Shaw,Eliza Shaw,1986,F25-29,Female,Washington,District of Columbia,United States,US,0:56:53,3:52:49,2:31:44,0:08:13,0:08:29,7:38:08,3413,13969,9104,493,509,27488,1988,543,118,2113,618,128,2161,618,121,1988,543,118,Finisher,700
John,Cashin,John Cashin,2315,M30-34,Male,San Francisco,California,United States,US,0:57:06,3:20:25,3:00:20,0:06:53,0:13:42,7:38:27,3426,12025,10820,413,822,27507,1989,1446,227,2117,1498,236,1888,1395,218,1989,1446,227,Finisher,700
Caitlin,Cronin,Caitlin Cronin,1688,F30-34,Female,Washington,District of Columbia,United States,US,0:53:59,3:38:41,2:45:47,0:09:31,0:10:31,7:38:30,3239,13121,9947,571,631,27510,1990,544,86,2044,589,96,2072,578,92,1990,544,86,Finisher,700
Alex,Hampton,Alex Hampton,515,M55-59,Male,Virginia Beach,VA,United States,US,1:12:08,3:12:13,2:59:11,0:07:19,0:07:49,7:38:40,4328,11533,10751,439,469,27520,1991,1447,86,2231,1573,96,1971,1445,90,1991,1447,86,Finisher,700
Coy,Allen,Coy Allen,826,M50-54,Male,Blacksburg,VA,United States,US,0:44:06,3:18:35,3:18:18,0:07:18,0:10:25,7:38:42,2646,11915,11898,438,625,27522,1992,1448,102,1373,1004,68,1672,1268,92,1992,1448,102,Finisher,700
Emilio,Abordo,Emilio Abordo,790,M70-74,Male,Chula Vista,US-CA,United States,US,1:02:48,3:35:08,2:43:54,0:09:33,0:07:21,7:38:43,3768,12908,9834,573,441,27523,1993,1449,9,2197,1552,10,2109,1513,10,1993,1449,9,Finisher,1943
Arsalaan,Ali,Arsalaan Ali,2190,M25-29,Male,Clifton,Virginia,United States,US,0:50:25,3:29:25,3:03:09,0:08:27,0:07:36,7:39:02,3025,12565,10989,507,456,27542,1994,1450,297,1892,1351,279,1936,1422,286,1994,1450,297,Finisher,700
Joy,Iocca,Joy Iocca,1612,F45-49,Female,Yardley,PA,United States,US,0:51:11,3:22:41,3:12:57,0:06:39,0:05:47,7:39:16,3071,12161,11577,399,347,27556,1995,545,55,1937,559,50,1855,483,50,1995,545,55,Finisher,732
Krysta,Fryer,Krysta Fryer,477,F30-34,Female,Boise,ID,United States,US,0:40:51,3:26:31,3:06:50,0:11:45,0:13:26,7:39:22,2451,12391,11210,705,806,27562,1996,546,87,924,243,43,1830,470,72,1996,546,87,Finisher,700
Rickard,Larne,Rickard Larne,905,M55-59,Male,Great Falls,VA,Sweden,SE,0:42:19,3:16:53,3:28:55,0:05:49,0:05:48,7:39:44,2539,11813,12535,349,348,27584,1997,1451,87,1140,843,51,1568,1209,78,1997,1451,87,Finisher,700
Collin,Logan,Collin Logan,545,M18-24,Male,Holliston,Massachusetts,United States,US,0:59:25,3:23:55,3:07:38,0:04:15,0:04:48,7:40:01,3565,12235,11258,255,288,27601,1998,1452,235,2158,1529,240,1928,1417,224,1998,1452,235,Finisher,700
Tobin,Connell,Tobin Connell,558,M18-24,Male,Norwalk,CT,United States,US,0:54:25,3:13:52,3:20:56,0:05:24,0:05:29,7:40:06,3265,11632,12056,324,329,27606,1999,1453,236,2056,1461,236,1730,1299,204,1999,1453,236,Finisher,700
Elina,Harutyunyan,Elina Harutyunyan,2412,F30-34,Female,NEW YORK,New York,United States,US,0:46:49,3:44:10,2:42:32,0:13:07,0:13:45,7:40:22,2809,13450,9752,787,825,27622,2000,547,88,1643,455,80,2090,588,94,2000,547,88,Finisher,700
Carlee,Myers,Carlee Myers,2046,F40-44,Female,Lansdale,Pennsylvania,United States,US,0:35:16,3:30:05,3:09:45,0:10:39,0:14:54,7:40:39,2116,12605,11385,639,894,27639,2001,548,53,293,72,9,1769,446,47,2001,548,53,Finisher,700
David,Turetzky,David Turetzky,1938,M45-49,Male,Rydal,PA,United States,US,0:46:58,3:22:00,3:12:33,0:08:51,0:10:18,7:40:40,2818,12120,11553,531,618,27640,2002,1454,118,1659,1201,95,1810,1346,111,2002,1454,118,Finisher,700
Jeff,Wilbert,Jeff Wilbert,1654,M50-54,Male,Monmouth Beach ,New Jersey,United States,US,0:46:26,3:26:20,3:11:42,0:08:45,0:07:29,7:40:41,2786,12380,11502,525,449,27641,2003,1455,103,1610,1169,78,1862,1376,102,2003,1455,103,Finisher,700
Casey,Riley,Casey Riley,943,F18-24,Female,Charleston,South Carolina,United States,US,0:45:44,3:41:52,2:58:44,0:07:26,0:06:57,7:40:44,2744,13312,10724,446,417,27644,2004,549,70,1544,418,52,2011,547,64,2004,549,70,Finisher,700
Alexander,Levesque,Alexander Levesque,2558,M35-39,Male,Baltimore,MD,United States,US,0:50:44,3:34:53,2:57:32,0:09:27,0:08:29,7:41:05,3044,12893,10652,567,509,27665,2005,1456,188,1909,1363,178,2012,1465,187,2005,1456,188,Finisher,700
John,Staiger,John Staiger,2310,M25-29,Male,Houston,Texas,United States,US,0:44:17,3:27:07,3:13:25,0:08:04,0:08:35,7:41:28,2657,12427,11605,484,515,27688,2006,1457,298,1392,1020,206,1835,1363,271,2006,1457,298,Finisher,700
Ahmed,Attia,Ahmed Attia,2455,M45-49,Male,SHORT HILLS,NJ,Egypt,EG,0:58:27,3:22:33,2:57:11,0:12:27,0:10:59,7:41:37,3507,12153,10631,747,659,27697,2007,1458,119,2144,1517,118,1994,1456,117,2007,1458,119,Finisher,700
Matthew,Parker,Matthew Parker,743,M18-24,Male,Glastonbury,Connecticut,United States,US,0:46:10,3:45:53,2:56:26,0:06:52,0:06:30,7:41:51,2770,13553,10586,412,390,27711,2008,1459,237,1587,1152,200,2051,1485,235,2008,1459,237,Finisher,700
David,Coons,David Coons,366,M60-64,Male,GIG HARBOR,WA,United States,US,0:57:30,3:04:00,3:12:35,0:15:19,0:13:02,7:42:27,3450,11040,11555,919,782,27747,2009,1460,46,2128,1504,47,1790,1334,40,2009,1460,46,Finisher,700
Edward,Sadowski,Edward Sadowski,1138,M55-59,Male,Columbus,NJ,United States,US,0:50:04,3:36:09,2:56:36,0:09:05,0:10:41,7:42:35,3004,12969,10596,545,641,27755,2010,1461,88,1874,1342,83,2014,1467,92,2010,1461,88,Finisher,700
Isabella,Arend,Isabella Arend,348,F18-24,Female,Washington,DC,Mexico,MX,1:01:54,3:31:41,2:54:34,0:07:24,0:07:17,7:42:50,3714,12701,10474,444,437,27770,2011,550,71,2193,644,76,2061,573,68,2011,550,71,Finisher,700
Rowdy,Garcia,Rowdy Garcia,1753,M40-44,Male,Springfield,VIRGINIA,United States,US,0:44:00,3:22:51,3:15:02,0:09:28,0:11:31,7:42:52,2640,12171,11702,568,691,27772,2012,1462,128,1363,997,93,1780,1328,125,2012,1462,128,Finisher,700
Ashley,David,Ashley David,1524,F35-39,Female,Ellicott City,Maryland,United States,US,0:48:27,3:24:01,3:15:09,0:07:38,0:07:40,7:42:54,2907,12241,11709,458,460,27774,2013,551,72,1774,500,71,1846,479,65,2013,551,72,Finisher,700
Sean,Hicks,Sean Hicks,1039,M30-34,Male,Arnold,MD,United States,US,0:56:09,4:07:37,2:24:49,0:07:16,0:07:05,7:42:57,3369,14857,8689,436,425,27777,2014,1463,228,2094,1484,233,2203,1566,240,2014,1463,228,Finisher,700
Steven,Mosey,Steven Mosey,1816,M35-39,Male,Morgantown,West Virginia,United States,US,0:57:29,3:22:40,3:03:20,0:09:59,0:09:28,7:42:57,3449,12160,11000,599,568,27777,2015,1464,189,2127,1503,194,1955,1434,181,2015,1464,189,Finisher,700
Elizabeth,McCoy,Elizabeth McCoy,360,F40-44,Female,Stratford,New Jersey,United States,US,0:40:39,3:33:14,3:17:53,0:05:05,0:06:15,7:43:06,2439,12794,11873,305,375,27786,2016,552,54,896,233,20,1827,469,49,2016,552,54,Finisher,700
Jennifer,Watson,Jennifer Watson,1935,F50-54,Female,Washington,DC,United States,US,0:43:43,3:19:13,3:24:43,0:06:37,0:09:02,7:43:18,2623,11953,12283,397,542,27798,2017,553,44,1333,358,18,1658,400,34,2017,553,44,Finisher,729
Sean,Welch,Sean Welch,748,M50-54,Male,Virginia Beach,VIRGINIA,United States,US,0:47:09,3:12:08,3:26:04,0:09:59,0:08:12,7:43:32,2829,11528,12364,599,492,27812,2018,1465,104,1676,1211,82,1656,1257,90,2018,1465,104,Finisher,700
John,Quach,John Quach,1812,M25-29,Male,Catonsville,Maryland,United States,US,0:48:48,3:33:11,3:07:01,0:07:25,0:07:18,7:43:43,2928,12791,11221,445,438,27823,2019,1466,299,1797,1291,260,1947,1429,287,2019,1466,299,Finisher,700
Jacqueline,Braun-Mcgee,Jacqueline Braun-Mcgee,73,F35-39,Female,Burnsville,MN,United States,US,0:47:40,4:06:15,2:35:58,0:07:28,0:07:00,7:44:21,2860,14775,9358,448,420,27861,2020,554,73,1715,477,68,2180,626,84,2020,554,73,Finisher,700
Dominic,Ramirez,Dominic Ramirez,1186,M35-39,Male,Denver,US-Colorado,Puerto Rico,PR,0:48:03,3:58:40,2:39:53,0:08:22,0:09:41,7:44:38,2883,14320,9593,502,581,27878,2021,1467,190,1740,1255,166,2151,1539,197,2021,1467,190,Finisher,700
Dylan,Zimmerman,Dylan Zimmerman,400,M25-29,Male,Blandon,PENNSYLVANIA,United States,US,0:56:34,3:34:59,2:54:39,0:08:23,0:10:06,7:44:42,3394,12899,10479,503,606,27882,2022,1468,300,2102,1490,305,2056,1488,304,2022,1468,300,Finisher,700
Emily,Partch,Emily Partch,1760,F30-34,Female,St. Clair Shores,MI,United States,US,0:43:57,3:33:27,3:13:15,0:07:00,0:07:11,7:44:50,2637,12807,11595,420,431,27890,2023,555,89,1352,363,65,1887,493,76,2023,555,89,Finisher,700
Michele,Axt,Michele Axt,659,F45-49,Female,Ridgewood,NY,United States,US,0:41:38,4:02:05,2:48:51,0:06:17,0:06:03,7:44:53,2498,14525,10131,377,363,27893,2024,556,56,1039,268,24,2126,602,62,2024,556,56,Finisher,700
Adam,Wallace,Adam Wallace,1450,M25-29,Male,North Potomac ,MARYLAND,United States,US,0:42:57,4:19:47,2:33:59,0:03:35,0:04:39,7:44:56,2577,15587,9239,215,279,27896,2025,1469,301,1228,901,179,2192,1559,318,2025,1469,301,Finisher,700
Anthony,Vasco,Anthony Vasco,2064,M25-29,Male,Franklintown,Pennsylvania,United States,US,0:57:40,3:39:35,2:57:01,0:05:07,0:05:41,7:45:04,3460,13175,10621,307,341,27904,2026,1470,302,2134,1509,309,2074,1496,306,2026,1470,302,Finisher,700
Juergen,Habner,Juergen Habner,355,M70-74,Male,Fort Myers,FL,United States,US,0:36:33,3:03:39,3:52:09,0:05:37,0:07:18,7:45:17,2193,11019,13929,337,438,27917,2027,1471,10,406,305,1,1034,855,4,2027,1471,10,Finisher,1825
Riley,Ammerman,Riley Ammerman,1297,M25-29,Male,West Chester,Pennsylvania,United States,US,0:45:23,3:44:33,2:59:20,0:08:08,0:08:05,7:45:29,2723,13473,10760,488,485,27929,2028,1472,303,1503,1098,227,2040,1480,302,2028,1472,303,Finisher,700
Kristine,Midcap,Kristine Midcap,368,F55-59,Female,Wheeling,US-WV,United States,US,0:42:22,3:11:15,3:35:04,0:08:51,0:08:17,7:45:48,2542,11475,12904,531,497,27948,2029,557,26,1144,299,12,1507,334,18,2029,557,26,Finisher,700
Yianni,Konstantopoulos,Yianni Konstantopoulos,952,M45-49,Male,Waverton,NSW,United States,US,0:45:01,3:12:52,3:31:31,0:06:47,0:09:37,7:45:48,2701,11572,12691,407,577,27948,2030,1473,120,1464,1065,86,1563,1206,101,2030,1473,120,Finisher,700
William,Walsh,William Walsh,2561,M25-29,Male,,,United States,US,0:49:40,3:38:47,2:59:17,0:06:18,0:12:04,7:46:06,2980,13127,10757,378,724,27966,2031,1474,304,1846,1321,269,2008,1463,297,2031,1474,304,Finisher,700
Yaritza,Rodriguez,Yaritza Rodriguez,1208,F30-34,Female,WASHINGTON,US-DC,Mexico,MX,0:41:27,3:37:58,3:11:14,0:08:05,0:07:45,7:46:30,2487,13078,11474,485,465,27990,2032,558,90,1010,261,50,1926,510,80,2032,558,90,Finisher,700
Agata,Gluszek,Agata Gluszek,1429,F40-44,Female,Alexandria,Virginia,United States,US,0:53:20,3:30:59,3:02:19,0:09:36,0:10:20,7:46:35,3200,12659,10939,576,620,27995,2033,559,55,2026,584,57,1998,542,56,2033,559,55,Finisher,700
Isaac,Evans,Isaac Evans,1633,M25-29,Male,Athens,Alabama,United States,US,0:46:03,3:24:36,3:22:43,0:06:00,0:07:18,7:46:40,2763,12276,12163,360,438,28000,2034,1475,305,1575,1144,233,1786,1332,262,2034,1475,305,Finisher,700
Kristy,Chapman,Kristy Chapman,831,F45-49,Female,Quakertown ,Pa,United States,US,0:53:18,3:30:35,3:07:21,0:08:42,0:06:51,7:46:46,3198,12635,11241,522,411,28006,2035,560,57,2024,583,54,1984,533,55,2035,560,57,Finisher,700
Marisa,Babb,Marisa Babb,82,F30-34,Female,San Diego,California,United States,US,0:39:45,3:40:24,3:09:25,0:07:12,0:10:32,7:47:18,2385,13224,11365,432,632,28038,2036,561,91,789,201,38,1924,508,79,2036,561,91,Finisher,700
Jinwoong,Shin,Jinwoong Shin,2351,M55-59,Male,New York,New York,South Korea,KR,1:12:31,3:39:07,2:38:15,0:09:30,0:08:02,7:47:25,4351,13147,9495,570,482,28045,2037,1476,89,2233,1575,98,2178,1554,97,2037,1476,89,Finisher,700
Mark,Duncan,Mark Duncan,118,M65-69,Male,Annapolis,MD,United States,US,0:52:10,4:00:33,2:40:04,0:07:05,0:07:45,7:47:38,3130,14433,9604,425,465,28058,2038,1477,18,1980,1410,18,2172,1549,21,2038,1477,18,Finisher,961
Amy,Cruz,Amy Cruz,849,F35-39,Female,Troy,NY,United States,US,0:41:25,3:49:14,2:59:56,0:08:24,0:09:08,7:48:07,2485,13754,10796,504,548,28087,2039,562,74,1002,259,38,2052,567,76,2039,562,74,Finisher,700
Jordan,Kearney ,Jordan Kearney,1999,M25-29,Male,Staten Island ,New York,United States,US,0:54:30,3:50:29,2:47:44,0:08:23,0:07:22,7:48:28,3270,13829,10064,503,442,28108,2040,1478,306,2059,1464,298,2147,1537,313,2040,1478,306,Finisher,700
Rosalie,Yassine,Rosalie Yassine,1674,F35-39,Female,Alexandria,Virginia,United States,US,0:42:24,3:24:45,3:25:26,0:07:28,0:08:44,7:48:45,2544,12285,12326,448,524,28125,2041,563,75,1150,302,47,1743,437,58,2041,563,75,Finisher,700
Rudolph,Peter,Rudolph Peter,2555,M55-59,Male,MILLTOWN,NJ,United States,US,0:46:22,3:17:46,3:22:00,0:08:58,0:13:41,7:48:47,2782,11866,12120,538,821,28127,2042,1479,90,1603,1163,72,1722,1293,80,2042,1479,90,Finisher,700
Nicole,Garris,Nicole Garris,953,F45-49,Female,Kempton,Pennsylvania,United States,US,0:54:08,3:40:24,2:59:25,0:08:12,0:06:58,7:49:07,3248,13224,10765,492,418,28147,2043,564,58,2049,591,56,2077,581,59,2043,564,58,Finisher,700
Lori,Mangual,Lori Mangual,903,F60-64,Female,merrick,NY,United States,US,0:54:14,3:16:21,3:10:03,0:18:48,0:09:50,7:49:16,3254,11781,11403,1128,590,28156,2044,565,17,2052,592,21,1946,518,15,2044,565,17,Finisher,835
Romeo,Manoza,Romeo Manoza,2025,M25-29,Male,Virginia Beach,Virginia,United States,US,0:48:50,3:27:29,3:15:33,0:09:01,0:08:52,7:49:45,2930,12449,11733,541,532,28185,2045,1480,307,1801,1294,262,1897,1400,280,2045,1480,307,Finisher,700
Syed ,Sajjad,Syed Sajjad,2010,M30-34,Male,Burtonville,MD,United States,US,0:57:36,3:26:46,3:06:28,0:09:42,0:09:21,7:49:53,3456,12406,11188,582,561,28193,2046,1481,229,2131,1507,238,2001,1459,229,2046,1481,229,Finisher,700
Quinn,Kieselowsky,Quinn Kieselowsky,1329,M25-29,Male,Blairstown,New Jersey,United States,US,0:48:48,3:28:13,3:14:27,0:07:00,0:11:36,7:50:04,2928,12493,11667,420,696,28204,2047,1482,308,1798,1292,261,1885,1393,278,2047,1482,308,Finisher,700
Sophia,Wasserwald,Sophia Wasserwald,1086,F35-39,Female,Bryn Mawr,Pa,United States,US,0:57:37,3:41:39,2:51:49,0:06:26,0:12:33,7:50:04,3457,13299,10309,386,753,28204,2048,566,76,2132,625,84,2104,595,80,2048,566,76,Finisher,700
Paul,Aloe,Paul Aloe,877,M65-69,,,,United States,US,0:53:02,3:26:31,3:11:25,0:08:39,0:10:33,7:50:09,3182,12391,11485,519,633,28209,2049,1483,19,2016,1436,21,1933,1421,19,2049,1483,19,Finisher,916
Eric,Stevens,Eric Stevens,1424,M55-59,Male,BETHLEHEM,PA,United States,US,0:43:59,3:25:21,3:22:54,0:07:49,0:10:14,7:50:16,2639,12321,12174,469,614,28216,2050,1484,91,1358,993,62,1798,1340,82,2050,1484,91,Finisher,700
Zuzanna,Rybicka,Zuzanna Rybicka,1900,F30-34,Female,ARLINGTON,VA,United States,US,0:56:09,3:53:40,2:46:51,0:06:58,0:06:57,7:50:35,3369,14020,10011,418,417,28235,2051,567,92,2092,610,97,2155,615,99,2051,567,92,Finisher,700
Nabeel,M,Nabeel M,2363,M40-44,Male,WASHINGTON,DC,United States,US,1:16:49,3:18:50,2:57:47,0:08:32,0:08:41,7:50:39,4609,11930,10667,512,521,28239,2052,1485,129,2237,1579,139,2091,1503,134,2052,1485,129,Finisher,700
Rachel,Kranz,Rachel Kranz,2259,F35-39,Female,Reston,VA,United States,US,0:43:34,3:20:51,3:26:56,0:11:39,0:07:52,7:50:52,2614,12051,12416,699,472,28252,2053,568,77,1311,349,52,1772,447,61,2053,568,77,Finisher,700
Ellie,Cifaloglio,Ellie Cifaloglio,2240,F40-44,Female,Upper Township,New Jersey,United States,US,0:37:30,4:13:54,2:46:04,0:06:10,0:07:17,7:50:56,2250,15234,9964,370,437,28256,2054,569,56,519,131,14,2160,617,60,2054,569,56,Finisher,700
Prithvi,Prasanna,Prithvi Prasanna,1362,M25-29,Male,Durham,North Carolina,United States,US,0:52:42,3:20:51,3:23:04,0:06:50,0:07:38,7:51:04,3162,12051,12184,410,458,28264,2055,1486,309,2002,1427,292,1852,1371,273,2055,1486,309,Finisher,700
hung ,pham,hung pham,2530,M40-44,Male,Springfield,Virginia,United States,US,0:52:22,3:36:21,3:02:47,0:10:20,0:09:21,7:51:11,3142,12981,10967,620,561,28271,2056,1487,130,1987,1416,128,2053,1486,132,2056,1487,130,Finisher,700
Julia,Whelan,Julia Whelan,57,F25-29,Female,Washington,DC,United States,US,0:50:50,4:02:52,2:44:34,0:06:00,0:07:04,7:51:20,3050,14572,9874,360,424,28280,2057,570,119,1913,548,114,2170,622,124,2057,570,119,Finisher,700
Drake,Costlow,Drake Costlow,1681,M35-39,Male,Columbia,MD,United States,US,0:41:22,3:55:12,2:52:43,0:08:10,0:14:04,7:51:31,2482,14112,10363,490,844,28291,2058,1488,191,997,741,93,2095,1507,193,2058,1488,191,Finisher,700
Ottis,Bishop,Ottis Bishop,862,M30-34,Male,Virginia Beach,Virginia,United States,US,1:00:26,3:33:15,2:59:02,0:08:09,0:10:55,7:51:48,3626,12795,10742,489,655,28308,2059,1489,230,2175,1539,242,2068,1492,232,2059,1489,230,Finisher,700
Yasmeen Amira,Brahimi,Yasmeen Amira Brahimi,721,F30-34,Female,philadelphia ,Pennsylvania,United States,US,0:57:11,3:22:05,3:03:46,0:12:51,0:16:06,7:51:59,3431,12125,11026,771,966,28319,2060,571,93,2121,621,99,1977,529,83,2060,571,93,Finisher,700
Juliette,Arnold,Juliette Arnold,662,F30-34,Female,FORT WORTH,TX,United States,US,0:43:17,3:52:56,3:03:01,0:06:25,0:06:27,7:52:05,2597,13976,10981,385,387,28325,2061,572,94,1277,339,63,2076,580,93,2061,572,94,Finisher,700
Logan James,Ocampo,Logan James Ocampo,2023,M18-24,Male,Fort Washington,Maryland,United States,US,0:59:56,3:36:44,2:57:32,0:06:49,0:11:16,7:52:16,3596,13004,10652,409,676,28336,2062,1490,238,2166,1533,241,2084,1499,237,2062,1490,238,Finisher,700
Abir,Ghosh,Abir Ghosh,2268,M18-24,Male,Kensington,Maryland,India,IN,0:53:32,3:43:06,2:52:09,0:12:36,0:10:55,7:52:18,3212,13386,10329,756,655,28338,2063,1491,239,2033,1448,234,2120,1520,243,2063,1491,239,Finisher,700
Adi,Ghosh,Adi Ghosh,2270,M45-49,Male,EDISON,NJ,India,IN,0:56:44,3:43:02,2:52:09,0:09:36,0:10:54,7:52:25,3404,13382,10329,576,654,28345,2064,1492,121,2108,1493,117,2121,1521,120,2064,1492,121,Finisher,700
Ella,Clayton,Ella Clayton,2375,F45-49,Female,Washington,DC,United States,US,0:50:46,3:55:17,2:48:21,0:07:33,0:10:46,7:52:43,3046,14117,10101,453,646,28363,2065,573,59,1911,547,48,2148,611,63,2065,573,59,Finisher,700
Joseph,Hernandez,Joseph Hernandez,483,M35-39,Male,Rockville,MD,United States,US,0:46:48,3:57:27,2:52:39,0:08:34,0:07:28,7:52:56,2808,14247,10359,514,448,28376,2066,1493,192,1641,1187,156,2142,1535,196,2066,1493,192,Finisher,700
Mary,Adam,Mary Adam,968,F18-24,Female,Chamblee,Georgia,United States,US,0:35:58,4:19:12,2:46:08,0:05:18,0:06:23,7:52:59,2158,15552,9968,318,383,28379,2067,574,72,356,90,13,2175,624,74,2067,574,72,Finisher,700
Daniella,Leifer,Daniella Leifer,731,F35-39,Female,Lindenhurst,NY,United States,US,0:59:40,3:37:12,3:03:09,0:06:25,0:07:08,7:53:34,3580,13032,10989,385,428,28414,2068,575,78,2161,632,85,2082,584,79,2068,575,78,Finisher,700
Kendra,Jones,Kendra Jones,1587,F30-34,Female,New York,NY,United States,US,1:01:14,3:36:33,2:43:44,0:13:11,0:18:56,7:53:38,3674,12993,9824,791,1136,28418,2069,576,95,2183,643,102,2133,606,96,2069,576,95,Finisher,700
Kyle,Giannaula,Kyle Giannaula,2473,M35-39,Male,Philadelphia,PA,United States,US,0:49:00,3:37:47,3:10:49,0:08:21,0:07:51,7:53:48,2940,13067,11449,501,471,28428,2070,1494,193,1812,1301,169,2013,1466,188,2070,1494,193,Finisher,700
Mark,Leppo,Mark Leppo,2162,M65-69,Male,BEL AIR,MD,United States,US,0:44:05,3:26:14,3:23:37,0:08:51,0:11:40,7:54:28,2645,12374,12217,531,700,28468,2071,1495,20,1371,1003,12,1831,1361,18,2071,1495,20,Finisher,838
Lauren,Colvin,Lauren Colvin,1341,F50-54,Female,ANNAPOLIS,MD,United States,US,0:46:34,3:43:47,3:06:48,0:10:17,0:07:06,7:54:32,2794,13427,11208,617,426,28472,2072,577,45,1624,447,31,2060,572,49,2072,577,45,Finisher,700
Gaby,Esquivel,Gaby Esquivel,412,F25-29,Female,CLARKSVILLE,MD,United States,US,0:48:12,3:59:19,2:39:04,0:13:47,0:14:16,7:54:38,2892,14359,9544,827,856,28478,2073,578,120,1752,489,110,2179,625,125,2073,578,120,Finisher,700
Lee-Anne,Clare,Lee-Anne Clare,533,F50-54,Female,Kanata,ON,Canada,CA,0:45:43,3:07:38,3:47:34,0:05:31,0:08:14,7:54:39,2743,11258,13654,331,494,28479,2074,579,46,1540,416,27,1432,306,28,2074,579,46,Finisher,700
Corinne,Serafin,Corinne Serafin,2385,F35-39,Female,Brick,NJ,United States,US,0:40:01,3:45:39,3:08:05,0:08:01,0:13:17,7:55:02,2401,13539,11285,481,797,28502,2075,580,79,823,214,30,1995,539,74,2075,580,79,Finisher,700
Kunwoo,Shin,Kunwoo Shin,2353,M25-29,Male,New York,New York,United States,US,0:41:34,3:14:44,2:38:20,0:47:57,0:32:27,7:55:02,2494,11684,9500,2877,1947,28502,2076,1496,310,1025,760,153,2092,1504,307,2076,1496,310,Finisher,700
Matt,Ryan,Matt Ryan,1943,M30-34,Male,Fenton,Illinois,United States,US,0:42:43,4:31:56,2:21:45,0:05:47,0:12:55,7:55:06,2563,16316,8505,347,775,28506,2077,1497,231,1199,883,140,2218,1574,244,2077,1497,231,Finisher,700
Edward,Shin,Edward Shin,2317,M18-24,Male,New York,New York,United States,US,0:45:11,3:48:20,2:55:41,0:11:24,0:14:31,7:55:06,2711,13700,10541,684,871,28506,2078,1498,240,1484,1084,187,2097,1508,238,2078,1498,240,Finisher,700
Cameron,Teasley,Cameron Teasley,1945,F30-34,Female,California,Maryland,United States,US,0:36:40,4:36:54,2:23:52,0:07:03,0:10:44,7:55:12,2200,16614,8632,423,644,28512,2079,581,96,418,106,18,2220,646,103,2079,581,96,Finisher,700
Heather,Killeen,Heather Killeen,1652,F55-59,Female,Littleton,Colorado,United States,US,0:48:31,3:30:48,3:15:53,0:07:53,0:12:08,7:55:14,2911,12648,11753,473,728,28514,2080,582,27,1778,501,25,1922,506,26,2080,582,27,Finisher,700
Kelsey,Sabo,Kelsey Sabo,1418,F30-34,Female,Baltimore,Maryland,United States,US,1:00:09,4:04:25,2:34:48,0:08:09,0:07:45,7:55:16,3609,14665,9288,489,465,28516,2081,583,97,2170,635,101,2207,640,102,2081,583,97,Finisher,700
Mike,Curtis,Mike Curtis,1966,M35-39,Male,Haymarket,Virginia,United States,US,0:48:28,3:25:42,3:20:37,0:08:44,0:12:12,7:55:42,2908,12342,12037,524,732,28542,2082,1499,194,1775,1275,168,1874,1384,178,2082,1499,194,Finisher,700
Samantha,Fody,Samantha Fody,1197,F30-34,Female,Middlesex,North Carolina,United States,US,0:46:18,3:37:45,3:12:44,0:11:20,0:07:48,7:55:55,2778,13065,11564,680,468,28555,2083,584,98,1593,436,77,2015,548,85,2083,584,98,Finisher,700
Maria,Schneider,Maria Schneider,1893,F60-64,Female,N WILDWOOD,NJ,United States,US,0:49:57,3:52:13,2:53:28,0:10:40,0:10:30,7:56:48,2997,13933,10408,640,630,28608,2084,585,18,1868,531,17,2144,609,21,2084,585,18,Finisher,700
Ryan,Bixler,Ryan Bixler,2224,M35-39,Male,Baltimore,Maryland,United States,US,0:46:04,3:45:58,2:51:47,0:25:14,0:07:53,7:56:57,2764,13558,10307,1514,473,28617,2085,1500,195,1577,1145,149,2158,1542,199,2085,1500,195,Finisher,700
Vincent ,Crocker,Vincent Crocker,1512,M35-39,Male,Monkton,Maryland,United States,US,1:09:36,3:32:15,2:59:35,0:07:12,0:08:21,7:56:59,4176,12735,10775,432,501,28619,2086,1501,196,2225,1567,202,2119,1519,194,2086,1501,196,Finisher,700
Kristine,Doolan ,Kristine Doolan,1398,F35-39,Female,Albany,NEW YORK,United States,US,0:51:40,4:04:33,2:48:45,0:06:40,0:05:34,7:57:11,3100,14673,10125,400,334,28631,2087,586,80,1954,566,78,2183,629,85,2087,586,80,Finisher,700
Nessa,Vavasseur,Nessa Vavasseur,554,F50-54,Female,Geismar,LA,United States,US,0:50:23,3:35:49,3:13:52,0:07:55,0:09:19,7:57:18,3023,12949,11632,475,559,28638,2088,587,47,1887,540,41,2002,543,48,2088,587,47,Finisher,700
Sidney ,Crockett,Sidney Crockett,2543,M18-24,Male,Shepherdstown,West Virginia,United States,US,0:52:30,3:49:06,2:54:18,0:09:24,0:12:13,7:57:31,3150,13746,10458,564,733,28651,2089,1502,241,1993,1420,228,2134,1528,244,2089,1502,241,Finisher,700
Umang,Jain,Umang Jain,1958,M18-24,Male,New York,NY,India,IN,0:50:40,3:31:44,3:22:41,0:06:43,0:05:43,7:57:31,3040,12704,12161,403,343,28651,2090,1503,242,1905,1361,224,1943,1427,229,2090,1503,242,Finisher,700
Tina,Hayden,Tina Hayden,745,F60-64,Female,Schenectady,NY,United States,US,0:49:31,3:37:42,3:10:51,0:08:15,0:11:26,7:57:46,2971,13062,11451,495,686,28666,2091,588,19,1839,522,16,2018,550,17,2091,588,19,Finisher,700
Carrie,Jackson,Carrie Jackson,77,F40-44,Female,Arvada,CO,United States,US,0:49:51,3:37:31,3:15:48,0:07:21,0:07:25,7:57:56,2991,13051,11748,441,445,28676,2092,589,57,1860,530,52,2007,545,57,2092,589,57,Finisher,700
Rodolfo,Lota,Rodolfo Lota,1070,M55-59,Male,Winchester,US-CA,United States,US,0:51:21,3:25:00,3:24:33,0:07:39,0:09:28,7:58:01,3081,12300,12273,459,568,28681,2093,1504,92,1945,1384,86,1884,1392,85,2093,1504,92,Finisher,700
Mark,Johnson,Mark Johnson,992,M50-54,Male,Mc Lean,VA,United States,US,0:39:18,3:22:27,3:42:28,0:06:19,0:07:48,7:58:21,2358,12147,13348,379,468,28701,2094,1505,105,738,552,33,1638,1249,88,2094,1505,105,Finisher,700
Joe,Gregoire,Joe Gregoire,1431,M40-44,Male,Wallingford,CT,United States,US,0:53:02,3:25:04,3:20:34,0:17:45,0:02:05,7:58:30,3182,12304,12034,1065,125,28710,2095,1506,131,2015,1435,129,2021,1469,130,2095,1506,131,Finisher,700
Ursula,Levitov,Ursula Levitov,1111,F45-49,Female,Norfolk,Virginia,United States,US,0:46:41,3:31:24,3:22:46,0:07:33,0:10:09,7:58:32,2801,12684,12166,453,609,28712,2096,590,60,1633,450,39,1902,499,52,2096,590,60,Finisher,700
Michael,Bryant,Michael Bryant,1967,M75-79,Male,BALTIMORE,MD,United States,US,0:58:54,3:27:05,3:03:01,0:11:59,0:17:36,7:58:35,3534,12425,10981,719,1056,28715,2097,1507,3,2151,1523,3,2038,1479,3,2097,1507,3,Finisher,1838
Darren,Hendricks,Darren Hendricks,1280,M40-44,Male,Fredericksburg,VA,United States,US,0:57:09,3:41:00,2:58:32,0:12:47,0:09:08,7:58:37,3429,13260,10712,767,548,28717,2098,1508,132,2120,1500,133,2132,1527,136,2098,1508,132,Finisher,700
Alex,Mirkow,Alex Mirkow,62,M55-59,Male,Bethesda,MD,United States,US,0:54:46,3:40:29,3:06:19,0:09:12,0:08:36,7:59:23,3286,13229,11179,552,516,28763,2099,1509,93,2069,1470,91,2094,1506,96,2099,1509,93,Finisher,700
Diane,Bacher,Diane Bacher,1462,F65-69,Female,Monroeville,NJ,United States,US,0:56:07,3:31:07,3:08:44,0:08:17,0:15:26,7:59:40,3367,12667,11324,497,926,28780,2100,591,11,2091,609,11,2019,551,10,2100,591,11,Finisher,1391
David,Aguirre,David Aguirre,1722,M30-34,Male,Forest hill Md,US-MD,United States,US,0:57:31,3:48:14,3:00:34,0:06:12,0:07:25,7:59:57,3451,13694,10834,372,445,28797,2101,1510,232,2129,1505,237,2136,1530,235,2101,1510,232,Finisher,700
James,Ramirez,James Ramirez,1595,M40-44,Male,ELIZABETH,NJ,United States,US,1:36:51,3:07:19,2:58:50,0:06:23,0:10:43,8:00:06,5811,11239,10730,383,643,28806,2102,1511,133,2241,1583,140,2128,1525,135,2102,1511,133,Finisher,700
Mike,Steiginga,Mike Steiginga,2075,M18-24,Male,Charlotte,North Carolina,United States,US,1:02:20,3:51:50,2:52:32,0:04:55,0:08:43,8:00:20,3740,13910,10352,295,523,28820,2103,1512,243,2196,1551,247,2168,1547,246,2103,1512,243,Finisher,700
Gina,Acuna,Gina Acuna,442,F60-64,Female,MONTGOMRY VLG,MD,United States,US,1:03:41,3:54:14,2:45:42,0:08:34,0:08:14,8:00:25,3821,14054,9942,514,494,28825,2104,592,20,2204,647,24,2193,634,24,2104,592,20,Finisher,700
Peggy,Delaney,Peggy Delaney,455,F70-74,Female,Lewes,DE,United States,US,0:57:14,3:20:17,3:25:12,0:08:25,0:09:22,8:00:30,3434,12017,12312,505,562,28830,2105,593,1,2123,622,1,1907,503,1,2105,593,1,Finisher,3500
Serena,Vanhoose,Serena Vanhoose,582,F50-54,Female,Brandon,FL,United States,US,0:50:11,3:18:20,3:30:42,0:08:56,0:12:46,8:00:55,3011,11900,12642,536,766,28855,2106,594,48,1876,534,40,1802,461,43,2106,594,48,Finisher,700
jerry,bryant,jerry bryant,1000,M50-54,Male,Severna Park,MARYLAND,United States,US,0:53:24,3:28:18,3:20:23,0:09:11,0:09:43,8:00:59,3204,12498,12023,551,583,28859,2107,1513,106,2028,1444,99,1965,1442,106,2107,1513,106,Finisher,700
Lauren,Nesbitt,Lauren Nesbitt,1605,F40-44,Female,Columbia,MD,United States,US,0:56:40,3:20:20,3:23:24,0:08:24,0:12:12,8:00:59,3400,12020,12204,504,732,28859,2108,595,58,2105,614,60,1898,498,52,2108,595,58,Finisher,700
Devin,Protzko,Devin Protzko,2559,M30-34,Male,MARRIOTTSVILLE,MD,United States,US,0:38:08,3:53:12,3:04:52,0:11:36,0:13:33,8:01:21,2288,13992,11092,696,813,28881,2109,1514,233,592,440,71,2080,1498,233,2109,1514,233,Finisher,700
Daniel,Garza,Daniel Garza,2325,M25-29,Male,Arlington,Virginia,United States,US,0:54:10,3:26:39,3:20:56,0:09:56,0:09:53,8:01:34,3250,12399,12056,596,593,28894,2110,1515,311,2051,1460,297,1964,1441,289,2110,1515,311,Finisher,700
Isabelle,Bergiven,Isabelle Bergiven,1923,F25-29,Female,Hatboro,Pennsylvania,United States,US,0:47:12,4:16:36,2:43:11,0:06:33,0:08:03,8:01:36,2832,15396,9791,393,483,28896,2111,596,121,1682,467,105,2201,637,127,2111,596,121,Finisher,700
Ryan,Yezman,Ryan Yezman,1685,M30-34,Male,Alexandria,Virginia,United States,US,0:48:00,3:22:15,3:11:54,0:19:07,0:20:50,8:02:05,2880,12135,11514,1147,1250,28925,2112,1516,234,1738,1253,193,1945,1428,222,2112,1516,234,Finisher,700
Lauren,Crawford,Lauren Crawford,1456,F25-29,Female,Lincoln University,PA,United States,US,0:48:11,3:47:26,3:03:08,0:12:57,0:10:32,8:02:13,2891,13646,10988,777,632,28933,2113,597,122,1750,488,109,2116,598,117,2113,597,122,Finisher,700
Kristen,Craft,Kristen Craft,2241,F25-29,Female,Philadelphia,PA,United States,US,0:55:21,3:50:23,3:01:44,0:07:33,0:07:20,8:02:22,3321,13823,10904,453,440,28942,2114,598,123,2079,605,124,2146,610,120,2114,598,123,Finisher,700
Ronan,Williams,Ronan Williams,1351,M25-29,Male,Washington,District of Columbia,United States,US,0:35:36,3:30:31,3:35:12,0:09:55,0:11:48,8:03:00,2136,12631,12912,595,708,28980,2115,1517,312,316,235,53,1770,1324,260,2115,1517,312,Finisher,700
Joshua,Malcolm,Joshua Malcolm,812,M55-59,Male,Pembroke,NC,United States,US,1:12:15,3:47:34,2:47:09,0:08:11,0:08:00,8:03:10,4335,13654,10029,491,480,28990,2116,1518,94,2232,1574,97,2197,1562,98,2116,1518,94,Finisher,700
Anthony,Ulloa,Anthony Ulloa,148,M40-44,Male,California,Maryland,United States,US,0:55:51,3:37:13,3:13:17,0:08:06,0:08:53,8:03:20,3351,13033,11597,486,533,29000,2117,1519,134,2087,1480,132,2063,1489,133,2117,1519,134,Finisher,700
Gary,Whitehead-Nudd,Gary Whitehead-Nudd,20,MGuide,Male,CHATTANOOGA,TN,United States,US,1:01:26,4:06:28,2:39:08,0:07:51,0:08:47,8:03:40,3686,14788,9548,471,527,29020,2118,1520,1,2185,1542,1,2209,1569,1,2118,1520,1,Finisher,3500
Mathias,Dias,Mathias Dias,2154,M50-54,Male,Westport,CT,United States,US,0:58:59,3:24:14,3:15:33,0:11:25,0:13:56,8:04:07,3539,12254,11733,685,836,29047,2119,1521,107,2154,1525,110,2005,1461,108,2119,1521,107,Finisher,700
JoAnn,Bennett,JoAnn Bennett,2264,F55-59,Female,Hampton Bays,NY,United States,US,0:50:25,3:44:01,3:06:58,0:07:57,0:14:53,8:04:13,3025,13441,11218,477,893,29053,2120,599,28,1891,541,30,2075,579,31,2120,599,28,Finisher,700
Alexandra,Ramirez,Alexandra Ramirez,1191,F35-39,Female,Denver,Colorado,Puerto Rico,PR,1:00:39,3:42:34,3:06:18,0:07:27,0:07:24,8:04:21,3639,13354,11178,447,444,29061,2121,600,81,2178,639,86,2130,605,82,2121,600,81,Finisher,700
Amy,Liu,Amy Liu,357,F55-59,Female,CHERRY HILL,NJ,United States,US,1:01:02,3:57:02,2:47:33,0:09:14,0:09:54,8:04:46,3662,14222,10053,554,594,29086,2122,601,29,2180,640,34,2195,635,34,2122,601,29,Finisher,700
Valeria,De Giorgi,Valeria De Giorgi,740,F45-49,Female,BETHESDA,US-MD,United States,US,0:54:54,3:34:20,3:18:18,0:06:48,0:10:29,8:04:48,3294,12860,11898,408,629,29088,2123,602,61,2072,602,58,2025,553,56,2123,602,61,Finisher,700
Tatiana,Titova,Tatiana Titova,663,F45-49,Female,LONDON,GB-England,United Kingdom,GB,0:56:31,3:59:37,2:51:36,0:08:39,0:09:38,8:06:02,3391,14377,10296,519,578,29162,2124,603,62,2101,612,61,2189,632,66,2124,603,62,Finisher,700
Philip,Clanor,Philip Clanor,2457,M18-24,Male,Fairfax,Virginia,United States,US,1:05:01,3:25:50,3:15:53,0:11:00,0:08:30,8:06:13,3901,12350,11753,660,510,29173,2125,1522,244,2209,1561,248,2069,1493,236,2125,1522,244,Finisher,700
Jason,Perry,Jason Perry,2104,M45-49,Male,Medford Lakes,New Jersey,United States,US,0:52:18,3:42:17,3:13:24,0:09:23,0:09:31,8:06:53,3138,13337,11604,563,571,29213,2126,1523,122,1986,1415,113,2089,1502,119,2126,1523,122,Finisher,700
Michelle,Alexander,Michelle Alexander,294,F55-59,Female,Gettysburg,PENNSYLVANIA,United States,US,0:45:46,3:36:10,3:29:20,0:07:03,0:09:24,8:07:44,2746,12970,12560,423,564,29264,2127,604,30,1548,421,18,1941,515,27,2127,604,30,Finisher,700
Carolyn,Kao,Carolyn Kao,1217,F18-24,Female,New York,New York,United States,US,0:40:36,3:30:12,3:40:34,0:06:45,0:09:50,8:07:57,2436,12612,13234,405,590,29277,2128,605,73,888,232,36,1804,462,53,2128,605,73,Finisher,700
Seth,McCready,Seth McCready,1048,M18-24,Male,Charlottesville,VIRGINIA,United States,US,1:05:26,3:30:32,3:12:47,0:09:21,0:09:55,8:08:01,3926,12632,11567,561,595,29281,2129,1524,245,2211,1562,249,2100,1509,239,2129,1524,245,Finisher,700
Christopher,Mcarthur,Christopher Mcarthur,1375,M50-54,Male,Chesapeake,SC,United States,US,0:56:36,3:36:29,3:15:57,0:10:31,0:08:35,8:08:09,3396,12989,11757,631,515,29289,2130,1525,108,2103,1491,103,2085,1500,110,2130,1525,108,Finisher,700
Zach,Arnold,Zach Arnold,553,M30-34,Male,Salisbury,MD,United States,US,0:45:35,3:23:55,3:44:19,0:06:02,0:08:32,8:08:22,2735,12235,13459,362,512,29302,2131,1526,235,1523,1114,171,1757,1317,208,2131,1526,235,Finisher,700
Ada,Coonerty,Ada Coonerty,97,F50-54,Female,Garden City,NY,United States,US,0:50:56,3:46:59,3:15:14,0:07:31,0:07:46,8:08:25,3056,13619,11714,451,466,29305,2132,606,49,1920,552,44,2102,593,50,2132,606,49,Finisher,700
Jasmine,Byrd,Jasmine Byrd,920,F35-39,Female,Bronx,New York,United States,US,1:07:03,3:57:03,2:47:52,0:05:37,0:10:56,8:08:32,4023,14223,10072,337,656,29312,2133,607,82,2218,653,87,2199,636,87,2133,607,82,Finisher,700
Christopher,Hauser,Christopher Hauser,2365,M25-29,Male,Washington,District of Columbia,United States,US,1:02:55,3:43:48,3:04:52,0:10:45,0:07:13,8:09:34,3775,13428,11092,645,433,29374,2134,1527,313,2200,1555,317,2159,1543,316,2134,1527,313,Finisher,700
Gabriel,Neris,Gabriel Neris,2509,M25-29,Male,Oxon Hill,Maryland,United States,US,1:04:41,3:52:45,2:57:02,0:06:54,0:08:19,8:09:42,3881,13965,10622,414,499,29382,2135,1528,314,2207,1559,318,2187,1557,317,2135,1528,314,Finisher,700
Haylee,Baptist,Haylee Baptist,1181,F18-24,Female,gaithersburg,Maryland,United States,US,0:56:46,4:08:47,2:51:23,0:06:44,0:06:26,8:10:06,3406,14927,10283,404,386,29406,2136,608,74,2109,616,72,2205,638,75,2136,608,74,Finisher,700
Aidan,Stanislavsky,Aidan Stanislavsky,37,M18-24,Male,Ellicott City,Maryland,United States,US,1:08:32,3:57:21,2:53:36,0:05:33,0:05:11,8:10:14,4112,14241,10416,333,311,29414,2137,1529,246,2223,1566,250,2204,1567,249,2137,1529,246,Finisher,700
Nicholas ,Luckey ,Nicholas Luckey,1936,M30-34,Male,Luray,Virginia,United States,US,0:53:11,4:14:13,2:41:34,0:11:48,0:09:41,8:10:27,3191,15253,9694,708,581,29427,2138,1530,236,2019,1438,223,2217,1573,243,2138,1530,236,Finisher,700
Timothy,Lehman,Timothy Lehman,1413,M30-34,Male,Coaldale,PA,United States,US,0:49:50,3:51:39,3:14:32,0:08:00,0:06:50,8:10:51,2990,13899,11672,480,410,29451,2139,1531,237,1859,1330,211,2122,1522,234,2139,1531,237,Finisher,700
Kylie,Beller,Kylie Beller,1442,F25-29,Female,Hellertown,Pennsylvania,United States,US,0:57:01,3:41:15,3:12:31,0:06:50,0:14:07,8:11:44,3421,13275,11551,410,847,29504,2140,609,124,2114,619,129,2098,590,116,2140,609,124,Finisher,700
KENDALL,BARON,KENDALL BARON,321,F30-34,Female,SARASOTA,Florida,United States,US,0:52:00,3:54:32,3:12:34,0:06:17,0:06:36,8:11:59,3120,14072,11554,377,396,29519,2141,610,99,1970,570,95,2143,608,97,2141,610,99,Finisher,700
Jose,Aponte,Jose Aponte,2472,M30-34,Male,Wallkill,New York,United States,US,0:50:34,3:37:16,3:19:57,0:10:29,0:14:16,8:12:33,3034,13036,11997,629,856,29553,2142,1532,238,1900,1357,215,2044,1483,230,2142,1532,238,Finisher,700
Madison,Dewey,Madison Dewey,1109,F25-29,Female,Raleigh,NC,United States,US,0:39:39,4:38:08,2:42:17,0:06:16,0:06:51,8:13:10,2379,16688,9737,376,411,29590,2143,611,125,780,198,47,2228,652,130,2143,611,125,Finisher,700
John ,Young Jr,John Young Jr,830,M25-29,Male,Cortlandt Manor,New York,United States,US,0:55:24,3:46:19,3:15:55,0:09:23,0:06:10,8:13:11,3324,13579,11755,563,370,29591,2144,1533,315,2081,1476,301,2135,1529,311,2144,1533,315,Finisher,700
Nakiya,Whitaker,Nakiya Whitaker,311,F45-49,Female,Washington,MD,United States,US,0:55:33,3:50:07,3:12:39,0:09:39,0:06:26,8:14:25,3333,13807,11559,579,386,29665,2145,612,63,2085,607,60,2152,613,64,2145,612,63,Finisher,700
Jessica,Crowley,Jessica Crowley,1434,F30-34,Female,Coopersburg,Pennsylvania ,United States,US,1:06:43,3:43:19,3:08:55,0:08:15,0:07:19,8:14:31,4003,13399,11335,495,439,29671,2146,613,100,2216,652,104,2165,620,100,2146,613,100,Finisher,700
Cheryl,Casone,Cheryl Casone,2416,F55-59,Female,NEW YORK,NY,United States,US,0:52:25,3:51:04,3:13:41,0:06:44,0:10:38,8:14:33,3145,13864,11621,404,638,29673,2147,614,31,1989,572,31,2127,603,33,2147,614,31,Finisher,700
Andy,Pena,Andy Pena,1918,M30-34,Male,Centreville,Virginia,United States,US,0:58:08,4:10:07,2:41:29,0:09:37,0:15:21,8:14:42,3488,15007,9689,577,921,29682,2148,1534,239,2141,1514,240,2214,1572,242,2148,1534,239,Finisher,700
Matthew,Van Horn,Matthew Van Horn,840,M25-29,Male,Falls Church,VIRGINIA,United States,US,0:55:56,3:54:38,3:11:06,0:06:29,0:06:38,8:14:47,3356,14078,11466,389,398,29687,2149,1535,316,2088,1481,303,2156,1541,315,2149,1535,316,Finisher,700
Raymond,Banaag,Raymond Banaag,1378,M40-44,Male,Virginia Beach,VA,United States,US,0:53:13,3:32:15,3:32:59,0:09:23,0:07:08,8:14:58,3193,12735,12779,563,428,29698,2150,1536,135,2022,1441,130,2009,1464,129,2150,1536,135,Finisher,700
George,Daka,George Daka,1276,M50-54,Male,Croydon,PA,United States,US,0:57:37,3:35:52,3:24:56,0:08:47,0:08:06,8:15:19,3457,12952,12296,527,486,29719,2151,1537,109,2133,1508,106,2073,1495,109,2151,1537,109,Finisher,700
Deric,Decicco,Deric Decicco,965,M40-44,Male,Brooklyn,NY,United States,US,0:38:01,2:34:42,3:16:54,0:07:11,1:38:49,8:15:37,2281,9282,11814,431,5929,29737,2152,1538,136,577,427,41,366,328,37,2152,1538,136,Finisher,700
Anna,Fyodorova,Anna Fyodorova,963,F45-49,Female,BROOKLYN,NY,United States,US,1:00:32,3:29:47,3:16:55,0:07:08,0:21:20,8:15:42,3632,12587,11815,428,1280,29742,2153,615,64,2176,637,63,2035,558,57,2153,615,64,Finisher,700
brian,Furr,brian Furr,1858,M35-39,Male,Baltimore,Maryland,United States,US,1:17:04,3:35:42,3:07:03,0:07:29,0:08:46,8:16:04,4624,12942,11223,449,526,29764,2154,1539,197,2238,1580,204,2173,1550,201,2154,1539,197,Finisher,700
Jonathan,Viccary,Jonathan Viccary,2452,M35-39,Male,Phoenix,Maryland,United States,US,0:57:14,3:32:58,3:28:04,0:08:03,0:09:51,8:16:10,3434,12778,12484,483,591,29770,2155,1540,198,2124,1502,193,2042,1482,191,2155,1540,198,Finisher,700
Samuel,Schwartz,Samuel Schwartz,2531,M18-24,Male,Valley Stream,NY,United States,US,0:50:36,3:56:48,3:08:04,0:11:31,0:09:16,8:16:15,3036,14208,11284,691,556,29775,2156,1541,247,1901,1358,222,2167,1546,245,2156,1541,247,Finisher,700
Stephanie,Causby,Stephanie Causby,2345,M40-44,Female,DENVER,NC,United States,US,0:51:03,3:59:05,3:01:03,0:16:04,0:09:04,8:16:18,3063,14345,10863,964,544,29778,2157,1542,137,1928,1373,125,2191,1558,138,2157,1542,137,Finisher,700
Rebecca,Boniface,Rebecca Boniface,2148,F45-49,Female,Crofton,MD,United States,US,1:07:54,3:42:33,3:10:29,0:06:38,0:08:49,8:16:23,4074,13353,11429,398,529,29783,2158,616,65,2222,657,66,2157,616,65,2158,616,65,Finisher,700
Hunter,Burke,Hunter Burke,2373,M25-29,Male,Philadelphia,Pennsylvania,United States,US,0:48:07,4:12:33,2:58:14,0:09:48,0:07:49,8:16:31,2887,15153,10694,588,469,29791,2159,1543,317,1746,1260,253,2202,1565,319,2159,1543,317,Finisher,700
Mackenzie ,Beyer ,Mackenzie Beyer,1034,F25-29,Female,Old Town ,Maine ,United States,US,0:55:28,3:37:17,3:27:38,0:07:26,0:08:52,8:16:40,3328,13037,12458,446,532,29800,2160,617,126,2084,606,125,2057,569,113,2160,617,126,Finisher,700
thomas,scheer,thomas scheer,418,M50-54,Male,Cheltenham,US-MD,United States,US,0:45:28,3:16:29,4:00:14,0:07:57,0:06:45,8:16:53,2728,11789,14414,477,405,29813,2161,1544,110,1516,1109,76,1671,1267,91,2161,1544,110,Finisher,700
Rebecca,Arnold,Rebecca Arnold,2088,F40-44,Female,Westminster,MD,United States,US,0:51:23,3:29:37,3:43:29,0:06:16,0:06:30,8:17:14,3083,12577,13409,376,390,29834,2162,618,59,1947,562,54,1923,507,53,2162,618,59,Finisher,700
Tamala,Mullins,Tamala Mullins,374,F60-64,Female,Saint Petersburg,FLORIDA,United States,US,1:00:17,3:37:28,3:27:49,0:05:28,0:06:19,8:17:21,3617,13048,12469,328,379,29841,2163,619,21,2173,636,22,2081,583,20,2163,619,21,Finisher,700
Roger,Lemley,Roger Lemley,1278,M35-39,Male,Alexandria,VA,United States,US,0:51:07,3:19:38,3:53:42,0:06:22,0:07:07,8:17:57,3067,11978,14022,382,427,29877,2164,1545,199,1932,1376,182,1795,1338,175,2164,1545,199,Finisher,700
Stephanie ,Belanger,Stephanie Belanger,140,F40-44,Female,Richmond ,VA,United States,US,0:57:06,3:58:01,3:06:37,0:07:05,0:09:13,8:18:02,3426,14281,11197,425,553,29882,2165,620,60,2119,620,61,2182,628,61,2165,620,60,Finisher,700
Johnnie,Burnett,Johnnie Burnett,1733,M55-59,Male,Jackson,US-AL,United States,US,0:50:56,3:38:30,3:22:48,0:12:33,0:13:16,8:18:03,3056,13110,12168,753,796,29883,2166,1546,95,1922,1369,84,2070,1494,93,2166,1546,95,Finisher,700
Kristina,German,Kristina German,1050,F35-39,Female,Harrison Township,NJ,United States,US,0:45:37,3:44:01,3:25:34,0:13:12,0:10:45,8:19:09,2737,13441,12334,792,645,29949,2167,621,83,1528,410,61,2079,582,78,2167,621,83,Finisher,700
Upreet,Bhandari,Upreet Bhandari,2361,M45-49,Male,Bethesda,US-MD,United States,US,0:52:02,3:51:24,3:19:03,0:08:49,0:07:52,8:19:10,3122,13884,11943,529,472,29950,2168,1547,123,1973,1403,110,2138,1532,122,2168,1547,123,Finisher,700
Julie,Michels,Julie Michels,457,F55-59,Female,Shoreham,NY,United States,US,0:54:50,3:31:32,3:36:37,0:06:14,0:10:09,8:19:21,3290,12692,12997,374,609,29961,2169,622,32,2071,601,32,1985,534,28,2169,622,32,Finisher,700
Destiney,Davis,Destiney Davis,1167,F30-34,Female,MCKEESPORT,PA,United States,US,0:41:53,3:49:58,3:25:16,0:13:17,0:09:08,8:19:33,2513,13798,12316,797,548,29973,2170,623,101,1074,281,53,2099,591,95,2170,623,101,Finisher,700
Reza,Azadi,Reza Azadi,1430,M40-44,Male,Rockville,Maryland,Iran,IR,1:12:53,3:39:03,3:09:11,0:08:56,0:10:10,8:20:14,4373,13143,11351,536,610,30014,2171,1548,138,2234,1576,138,2177,1553,137,2171,1548,138,Finisher,700
David,Weingard,David Weingard,521,M60-64,Male,New York,NY,United States,US,0:53:36,3:47:04,3:24:23,0:07:01,0:08:27,8:20:30,3216,13624,12263,421,507,30030,2172,1549,47,2036,1450,42,2111,1515,46,2172,1549,47,Finisher,700
Samantha,Walker,Samantha Walker,574,F18-24,Female,Harrisburg,PENNSYLVANIA,United States,US,0:47:40,3:43:57,3:25:54,0:15:42,0:07:35,8:20:49,2860,13437,12354,942,455,30049,2173,624,75,1716,478,60,2108,596,73,2173,624,75,Finisher,700
Shivani,Guturu,Shivani Guturu,2519,F25-29,Female,Long Island City,NY,United States,US,1:05:23,3:55:53,2:53:41,0:17:38,0:08:16,8:20:50,3923,14153,10421,1058,496,30050,2174,625,127,2210,649,131,2215,643,128,2174,625,127,Finisher,700
Todd,Michels,Todd Michels,459,M55-59,Male,Shoreham,NY,United States,US,0:45:16,3:31:30,3:36:19,0:17:31,0:10:20,8:20:57,2716,12690,12979,1051,620,30057,2175,1550,96,1492,1089,68,2004,1460,91,2175,1550,96,Finisher,700
Loren,Kane,Loren Kane,1590,F60-64,Female,Westminster,MD,United States,US,1:07:20,3:46:29,3:14:11,0:05:58,0:07:17,8:21:15,4040,13589,11651,358,437,30075,2176,626,22,2220,655,25,2171,623,23,2176,626,22,Finisher,700
Stanislav,Yanev,Stanislav Yanev,772,M55-59,Male,Sterling,VA,United States,US,0:57:42,3:36:15,3:28:30,0:09:51,0:09:02,8:21:20,3462,12975,12510,591,542,30080,2177,1551,97,2136,1511,94,2087,1501,95,2177,1551,97,Finisher,700
Ran,Zhao,Ran Zhao,1577,M35-39,Male,Avon,CT,United States,US,1:01:49,3:50:54,3:14:11,0:08:09,0:06:21,8:21:24,3709,13854,11651,489,381,30084,2178,1552,200,2190,1547,199,2176,1552,202,2178,1552,200,Finisher,700
Denise,Randon,Denise Randon,1464,F55-59,Female,MANTUA,NJ,United States,US,0:57:19,3:37:01,3:28:58,0:09:32,0:08:40,8:21:29,3439,13021,12538,572,520,30089,2179,627,33,2125,623,33,2088,587,32,2179,627,33,Finisher,700
Jackie,Rairden,Jackie Rairden,478,F35-39,Female,Schenectady,New York,United States,US,0:39:15,3:45:02,3:38:01,0:08:29,0:11:05,8:21:52,2355,13502,13081,509,665,30112,2180,628,84,731,183,25,1989,538,73,2180,628,84,Finisher,700
Kevin,Perkins,Kevin Perkins,1440,M65-69,Male,Annapolis,US-MD,United States,US,0:46:17,3:54:50,3:21:35,0:08:26,0:10:59,8:22:08,2777,14090,12095,506,659,30128,2181,1553,21,1592,1157,15,2125,1524,20,2181,1553,21,Finisher,700
Katherine,Dagenais,Katherine Dagenais,2110,F35-39,Female,Pasadena ,MD,United States,US,0:56:43,3:48:53,3:23:27,0:07:04,0:06:10,8:22:16,3403,13733,12207,424,370,30136,2182,629,85,2106,615,83,2141,607,83,2182,629,85,Finisher,700
Katherine,Eberhardt,Katherine Eberhardt,1061,F35-39,Female,Watervliet,NY,United States,US,0:48:17,3:51:43,3:20:10,0:10:38,0:11:40,8:22:27,2897,13903,12010,638,700,30147,2183,630,86,1759,491,70,2129,604,81,2183,630,86,Finisher,700
AJ,Sala,AJ Sala,2445,M18-24,Male,Eagleville,Pennsylvania,United States,US,0:58:34,3:40:59,3:25:46,0:08:07,0:09:08,8:22:34,3514,13259,12346,487,548,30154,2184,1554,248,2146,1519,239,2110,1514,241,2184,1554,248,Finisher,700
Andrew,Lunney,Andrew Lunney,820,M60-64,Male,Fort Washington,Pennsylvania,United States,US,0:52:24,3:45:30,3:16:40,0:14:32,0:13:44,8:22:50,3144,13530,11800,872,824,30170,2185,1555,48,1988,1417,40,2139,1533,48,2185,1555,48,Finisher,700
Rich,Robertson,Rich Robertson,814,M60-64,Male,Flourtown,PA,United States,US,0:52:31,3:45:40,3:16:44,0:14:22,0:13:43,8:23:00,3151,13540,11804,862,823,30180,2186,1556,49,1994,1421,41,2140,1534,49,2186,1556,49,Finisher,700
Denise,Ortegae,Denise Ortegae,555,F45-49,Female,springfield,US-VA,United States,US,1:00:05,3:43:04,3:27:57,0:06:21,0:06:05,8:23:31,3605,13384,12477,381,365,30211,2187,631,66,2169,634,62,2123,601,61,2187,631,66,Finisher,700
Natalie,Shaver,Natalie Shaver,770,F35-39,Female,Hatfield,PA,United States,US,0:49:44,4:06:13,3:07:42,0:09:15,0:11:28,8:24:21,2984,14773,11262,555,688,30261,2188,632,87,1852,528,75,2190,633,86,2188,632,87,Finisher,700
Dino,Babu John,Dino Babu John,2458,M30-34,Male,New Haven,Connecticut,India,IN,1:16:14,3:40:53,3:08:42,0:07:05,0:11:32,8:24:26,4574,13253,11322,425,692,30266,2189,1557,240,2236,1578,244,2186,1556,239,2189,1557,240,Finisher,700
Brandy,Bierley,Brandy Bierley,857,F50-54,Female,CAMBRIDGE,Maryland,United States,US,0:54:24,3:59:58,3:09:43,0:10:14,0:10:27,8:24:45,3264,14398,11383,614,627,30285,2190,633,50,2055,595,51,2188,631,51,2190,633,50,Finisher,700
Steve,Jones,Steve Jones,987,M50-54,Male,Aberdeen,MD,United States,US,1:06:57,3:49:45,3:09:12,0:09:49,0:09:35,8:25:18,4017,13785,11352,589,575,30318,2191,1558,111,2217,1565,112,2194,1560,112,2191,1558,111,Finisher,700
Bobbie,Erwin,Bobbie Erwin,358,M60-64,Male,Indpls.,US-IN,United States,US,1:01:42,3:44:15,3:16:02,0:12:06,0:11:19,8:25:24,3702,13455,11762,726,679,30324,2192,1559,50,2188,1545,48,2163,1545,50,2192,1559,50,Finisher,700
Jacqueline (Jackie),Woods,Jacqueline (Jackie) Woods,1343,F30-34,Female,Oak Park,Illinois,United States,US,0:36:40,3:49:48,3:28:08,0:10:17,0:20:46,8:25:39,2200,13788,12488,617,1246,30339,2193,634,102,420,107,19,2031,557,87,2193,634,102,Finisher,700
Brad,Kirley,Brad Kirley,1108,M80-84,Male,Lake Anna,VA,United States,US,0:56:09,3:32:38,3:42:37,0:07:52,0:06:49,8:26:05,3369,12758,13357,472,409,30365,2194,1560,1,2093,1483,1,2029,1474,1,2194,1560,1,Finisher,3500
Jane,Clawson-Palfi,Jane Clawson-Palfi,425,F50-54,Female,VAN BUREN TWP,MI,United States,US,0:47:03,3:31:52,3:48:47,0:08:40,0:10:44,8:27:06,2823,12712,13727,520,644,30426,2195,635,51,1668,462,32,1927,511,46,2195,635,51,Finisher,700
Eliana,Rosenthal,Eliana Rosenthal,2383,F25-29,Female,Washington,US-DC,United States,US,1:02:17,4:21:46,2:46:46,0:07:47,0:09:08,8:27:46,3737,15706,10006,467,548,30466,2196,636,128,2195,645,130,2237,657,132,2196,636,128,Finisher,700
Nami,Jain,Nami Jain,1956,F18-24,Female,Edison,New Jersey,United States,US,0:54:34,4:24:05,2:51:22,0:09:42,0:08:30,8:28:13,3274,15845,10282,582,510,30493,2197,637,76,2060,596,70,2232,653,76,2197,637,76,Finisher,700
Jack,Lynch,Jack Lynch,557,M80-84,Male,Cincinnati,OH,United States,US,0:56:17,3:39:58,3:31:26,0:09:52,0:10:52,8:28:27,3377,13198,12686,592,652,30507,2198,1561,2,2098,1487,2,2105,1510,2,2198,1561,2,Finisher,3457
Ryan,Lutz,Ryan Lutz,2274,M25-29,Male,Little Egg Harbor Township,New Jersey,United States,US,0:49:52,3:45:40,3:29:03,0:12:09,0:11:50,8:28:34,2992,13540,12543,729,710,30514,2199,1562,318,1864,1334,273,2112,1516,309,2199,1562,318,Finisher,700
Sharon,Roberts,Sharon Roberts,430,F60-64,Female,WOODHAVEN,MI,United States,US,0:46:29,3:36:42,3:41:49,0:10:34,0:13:14,8:28:47,2789,13002,13309,634,794,30527,2200,638,23,1616,444,12,1996,540,16,2200,638,23,Finisher,700
Howard,Rathbun,Howard Rathbun,1277,M55-59,Male,Los Alamos,NM,United States,US,0:57:13,3:36:26,3:38:53,0:09:10,0:08:07,8:29:49,3433,12986,13133,550,487,30589,2201,1563,98,2122,1501,93,2078,1497,94,2201,1563,98,Finisher,700
Omkar,Chaubal,Omkar Chaubal,1307,M25-29,Male,Dayton,New Jersey,United States,US,0:58:04,4:18:45,2:51:32,0:12:36,0:09:04,8:30:01,3484,15525,10292,756,544,30601,2202,1564,319,2140,1513,310,2234,1580,321,2202,1564,319,Finisher,700
Nick,Kennedy,Nick Kennedy,2514,M30-34,Male,Smithfield,VA,United States,US,0:54:56,3:54:35,3:21:57,0:10:46,0:08:06,8:30:19,3296,14075,12117,646,486,30619,2203,1565,241,2074,1472,231,2174,1551,237,2203,1565,241,Finisher,700
Taylor,Hebert,Taylor Hebert,1669,F25-29,Female,Robbinsville Township,New Jersey,United States,US,0:52:46,3:57:40,3:24:30,0:08:28,0:07:43,8:31:07,3166,14260,12270,508,463,30667,2204,639,129,2003,576,120,2166,621,123,2204,639,129,Finisher,700
James,Carey,James Carey,1444,M18-24,Male,Springfield,PA,United States,US,0:49:48,4:17:47,3:03:14,0:13:42,0:07:12,8:31:43,2988,15467,10994,822,432,30703,2205,1566,249,1857,1328,220,2221,1575,250,2205,1566,249,Finisher,700
Vinay,Kapoor,Vinay Kapoor,1246,M45-49,Male,New York,NY,United States,US,1:11:00,4:01:50,3:00:21,0:09:59,0:09:02,8:32:12,4260,14510,10821,599,542,30732,2206,1567,124,2230,1572,125,2225,1576,124,2206,1567,124,Finisher,700
Kunal,Chaudhary,Kunal Chaudhary,2266,M40-44,Male,Potomac,MD,United States,US,1:03:10,3:59:24,3:13:01,0:06:45,0:10:00,8:32:21,3790,14364,11581,405,600,30741,2207,1568,139,2203,1557,136,2198,1563,139,2207,1568,139,Finisher,700
Michael,Williams,Michael Williams,1319,M35-39,Male,Fairfax,Virginia,United States,US,0:58:19,3:45:22,3:22:53,0:12:06,0:15:04,8:33:44,3499,13522,12173,726,904,30824,2208,1569,201,2143,1516,195,2153,1540,198,2208,1569,201,Finisher,700
Daniel,Pacheco,Daniel Pacheco,129,M30-34,Male,Stafford,Virginia,United States,US,1:02:59,4:46:42,2:29:38,0:07:02,0:08:03,8:34:24,3779,17202,8978,422,483,30864,2209,1570,242,2202,1556,243,2240,1582,245,2209,1570,242,Finisher,700
Cameron,Benson,Cameron Benson,2269,M25-29,Male,Bel Air,Maryland,United States,US,0:57:06,3:47:45,3:32:48,0:09:19,0:08:47,8:35:45,3426,13665,12768,559,527,30945,2210,1571,320,2118,1499,308,2150,1538,314,2210,1571,320,Finisher,700
Elizabeth ,West,Elizabeth West,2414,F65-69,Female,NEW YORK,NY,United States,US,1:01:12,4:06:50,3:10:34,0:09:40,0:08:05,8:36:20,3672,14810,11434,580,485,30980,2211,640,12,2182,642,12,2213,642,12,2211,640,12,Finisher,731
Charles,Peralo,Charles Peralo,2570,M30-34,,,,United States,US,0:53:55,3:53:54,3:26:12,0:10:11,0:13:33,8:37:45,3235,14034,12372,611,813,31065,2212,1572,243,2042,1454,227,2162,1544,236,2212,1572,243,Finisher,700
Brenda,Tally,Brenda Tally,1092,F60-64,Female,Flat Rock,MI,United States,US,0:49:09,3:56:44,3:31:59,0:07:56,0:12:05,8:37:53,2949,14204,12719,476,725,31073,2213,641,24,1821,515,15,2149,612,22,2213,641,24,Finisher,700
Lisa,Loughery,Lisa Loughery,1872,F40-44,Female,REGO PARK,NY,United States,US,1:03:46,4:17:13,2:51:43,0:12:13,0:13:15,8:38:10,3826,15433,10303,733,795,31090,2214,642,61,2205,648,64,2238,658,64,2214,642,61,Finisher,700
Justin,Kostelac,Justin Kostelac,1067,M50-54,Male,SALISBURY,MD,United States,US,0:44:15,3:32:20,4:09:05,0:06:52,0:07:39,8:40:11,2655,12740,14945,412,459,31211,2215,1573,112,1387,1016,70,1876,1386,103,2215,1573,112,Finisher,700
Bryan,Cruz,Bryan Cruz,632,M35-39,Male,San pedro sula ,CORTES,Honduras,HN,0:49:55,3:25:14,4:09:38,0:05:38,0:10:27,8:40:53,2995,12314,14978,338,627,31253,2216,1574,202,1865,1335,174,1857,1373,177,2216,1574,202,Finisher,700
Dominic,Dantona,Dominic Dantona,579,M35-39,Male,Apex,North Carolina,United States,US,0:45:26,4:31:46,3:10:51,0:07:19,0:07:06,8:42:28,2726,16306,11451,439,426,31348,2217,1575,203,1513,1106,139,2230,1578,204,2217,1575,203,Finisher,700
Erin,Schram,Erin Schram,1814,F40-44,Female,Lancaster,Pennsylvania,United States,US,0:43:00,3:43:58,3:53:54,0:09:34,0:14:04,8:44:30,2580,13438,14034,574,844,31470,2218,643,62,1241,331,31,2028,555,58,2218,643,62,Finisher,700
Joseph,Welsko,Joseph Welsko,1568,M18-24,Male,Cambridge,Maryland,United States,US,1:00:03,3:59:37,3:27:09,0:08:01,0:10:24,8:45:14,3603,14377,12429,481,624,31514,2219,1576,250,2168,1535,242,2196,1561,247,2219,1576,250,Finisher,700
Jackline,Scott,Jackline Scott,326,F50-54,Female,Cumberland,RI,United States,US,0:53:37,4:17:07,3:16:35,0:09:46,0:08:35,8:45:40,3217,15427,11795,586,515,31540,2220,644,52,2037,587,48,2219,645,53,2220,644,52,Finisher,700
Michael,Grim,Michael Grim,317,M35-39,Male,Uniontown,Pennsylvania,United States,US,0:53:35,4:15:17,3:21:05,0:07:32,0:08:26,8:45:54,3215,15317,12065,452,506,31554,2221,1577,204,2035,1449,190,2210,1570,203,2221,1577,204,Finisher,700
Maria,Barbosa-Mejia,Maria Barbosa-Mejia,1030,F60-64,Female,long branch,NJ,United States,US,1:01:05,4:18:25,3:08:15,0:09:14,0:09:39,8:46:39,3665,15505,11295,554,579,31599,2222,645,25,2181,641,23,2233,654,25,2222,645,25,Finisher,700
Mohammad,Sarhan,Mohammad Sarhan,2402,M45-49,Male,Roslyn,New York,United States,US,1:10:37,,3:27:06,0:06:51,0:00:00,8:51:26,4237,0,12426,411,0,31886,2223,1578,125,2228,1570,124,99999,99999,99999,2223,1578,125,Finisher,700
Ingrid,Thone,Ingrid Thone,1725,F25-29,Female,Newark,Delaware,United States,US,0:47:06,4:02:11,3:39:04,0:12:24,0:10:52,8:51:37,2826,14531,13144,744,652,31897,2224,646,130,1671,463,102,2181,627,126,2224,646,130,Finisher,700
Samyak,Mishra,Samyak Mishra,1305,M25-29,Male,Aurora,IL,United States,US,1:01:54,4:26:55,3:02:56,0:11:32,0:08:29,8:51:47,3714,16015,10976,692,509,31907,2225,1579,321,2192,1549,316,2239,1581,322,2225,1579,321,Finisher,700
Lindsay,Craig,Lindsay Craig,1977,F40-44,Female,Hamilton,NJ,United States,US,0:59:30,4:16:10,3:24:51,0:05:46,0:06:07,8:52:24,3570,15370,12291,346,367,31944,2226,647,63,2159,630,62,2222,647,63,2226,647,63,Finisher,700
Karla,Rosas,Karla Rosas,984,F30-34,Female,Occoquan Historic District,Virginia,United States,US,0:56:39,3:56:36,3:39:18,0:10:26,0:10:55,8:53:53,3399,14196,13158,626,655,32033,2227,648,103,2104,613,98,2185,630,101,2227,648,103,Finisher,700
Lori,Mansfield,Lori Mansfield,1367,F35-39,Female,Oak Park,Illinois,United States,US,0:36:36,4:06:58,3:23:04,0:39:18,0:08:31,8:54:26,2196,14818,12184,2358,511,32066,2228,649,88,412,104,14,2226,650,88,2228,649,88,Finisher,700
Jorge,Escobar,Jorge Escobar,1056,M45-49,Male,Wimauma,FL,United States,US,1:04:49,4:03:06,3:29:28,0:09:25,0:08:15,8:55:03,3889,14586,12568,565,495,32103,2229,1580,126,2208,1560,123,2212,1571,123,2229,1580,126,Finisher,700
Ann,Sywensky,Ann Sywensky,1928,F50-54,Female,Whitehall,PA,United States,US,0:49:42,4:15:17,3:25:18,0:12:12,0:12:48,8:55:17,2982,15317,12318,732,768,32117,2230,650,53,1850,527,39,2211,641,52,2230,650,53,Finisher,700
Ryan,Brann,Ryan Brann,1847,F30-34,Female,Arlington,US-VA,United States,US,0:46:57,4:29:26,3:26:45,0:05:50,0:07:11,8:56:09,2817,16166,12405,350,431,32169,2231,651,104,1655,458,82,2223,648,104,2231,651,104,Finisher,700
Matthew,Lundberg,Matthew Lundberg,517,M30-34,Male,Virginia Beach,VA,United States,US,0:57:42,4:06:33,3:34:22,0:09:23,0:08:31,8:56:29,3462,14793,12862,563,511,32189,2232,1581,244,2135,1510,239,2208,1568,241,2232,1581,244,Finisher,700
Saul,Machuca,Saul Machuca,2225,M30-34,Male,North Bergen,New Jersey,El Salvador,SV,0:48:48,4:01:21,3:51:22,0:13:24,0:07:29,9:02:23,2928,14481,13882,804,449,32543,2233,1582,245,1795,1289,200,2184,1555,238,2233,1582,245,Finisher,700
Andrew,Ash,Andrew Ash,1703,M40-44,Male,Patuxent River,Maryland,United States,US,0:42:43,4:35:38,3:31:33,0:07:59,0:07:01,9:04:54,2563,16538,12693,479,421,32694,2234,1583,140,1198,882,84,2231,1579,140,2234,1583,140,Finisher,700
Jordan ,Byfield ,Jordan Byfield,339,M25-29,Male,Kettering,Ohio,United States,US,1:14:38,4:03:34,3:28:03,0:06:11,0:12:33,9:04:58,4478,14614,12483,371,753,32698,2235,1584,322,2235,1577,321,2229,1577,320,2235,1584,322,Finisher,700
Lauren,Michaels,Lauren Michaels,273,F25-29,Female,Freeport,North Carolina,United States,US,1:06:35,4:15:55,3:28:03,0:07:35,0:08:37,9:06:46,3995,15355,12483,455,517,32806,2236,652,131,2215,651,132,2235,655,131,2236,652,131,Finisher,700
Colleen,Lamb,Colleen Lamb,872,F55-59,Female,Niskayuna,NY,United States,US,0:50:14,3:43:18,4:20:03,0:07:55,0:07:31,9:09:01,3014,13398,15603,475,451,32941,2237,653,34,1880,536,28,2066,576,30,2237,653,34,Finisher,700
Victoria,Vardon,Victoria Vardon,847,F40-44,Female,Stafford,Virginia,United States,US,0:59:37,4:04:26,3:49:35,0:08:38,0:07:38,9:09:54,3577,14666,13775,518,458,32994,2238,654,64,2160,631,63,2206,639,62,2238,654,64,Finisher,700
Penny,Monnig,Penny Monnig,2234,F45-49,Female,GREENDALE,IN,United States,US,1:00:36,4:09:14,3:45:11,0:09:16,0:11:29,9:15:46,3636,14954,13511,556,689,33346,2239,655,67,2177,638,64,2216,644,67,2239,655,67,Finisher,700
Joyce,Thomas,Joyce Thomas,1049,F50-54,Female,POTOMAC,MD,United States,US,0:59:47,4:14:34,3:46:38,0:08:59,0:07:41,9:17:39,3587,15274,13598,539,461,33459,2240,656,54,2164,633,54,2227,651,54,2240,656,54,Finisher,700
Jaelynn ,King,Jaelynn King,688,F25-29,Female,Washington,District of Columbia ,United States,US,0:48:15,4:27:45,3:46:40,0:06:40,0:14:16,9:23:37,2895,16065,13600,400,856,33817,2241,657,132,1757,490,111,2224,649,129,2241,657,132,Finisher,700
Alejandra,Aguilar,Alejandra Aguilar,1198,F30-34,Female,Washington,DC,United States,US,0:58:41,4:21:54,3:49:03,0:10:51,0:10:13,9:30:43,3521,15714,13743,651,613,34243,2242,658,105,2149,628,100,2236,656,105,2242,658,105,Finisher,700
Harold,Axelrod,Harold Axelrod,874,M70-74,Male,GREAT NECK,NY,United States,US,1:03:11,,,0:11:36,0:00:00,,3791,0,0,696,0,0,99999,99999,99999,99999,99999,99999,99999,99999,99999,99999,99999,99999,DNF,0
Kay,Siglos,Kay Siglos,764,F45-49,Female,New York,NY,United States,US,1:06:51,3:50:21,,0:06:39,0:08:18,,4011,13821,0,399,498,0,99999,99999,99999,99999,99999,99999,99999,99999,99999,99999,99999,99999,DNF,0
Lemuel,Que,Lemuel Que,315,M55-59,Male,Elmhurst,NY,Philippines,PH,,,,0:00:00,0:00:00,,0,0,0,0,0,0,99999,99999,99999,99999,99999,99999,99999,99999,99999,99999,99999,99999,DNF,0
Erick,Walker,Erick Walker,1472,M35-39,Male,New York,New York,United States,US,0:34:50,3:17:32,,0:09:01,0:16:27,,2090,11852,0,541,987,0,99999,99999,99999,99999,99999,99999,99999,99999,99999,99999,99999,99999,DNF,0
Matthew,Zenz,Matthew Zenz,1606,M35-39,Male,AUSTIN,TX,United States,US,0:39:59,2:34:17,,0:03:24,0:04:17,,2399,9257,0,204,257,0,99999,99999,99999,99999,99999,99999,99999,99999,99999,99999,99999,99999,DNF,0
Jannalex,Alviarez,Jannalex Alviarez,633,F40-44,Female,,,United States,US,,,,0:00:00,0:00:00,,0,0,0,0,0,0,99999,99999,99999,99999,99999,99999,99999,99999,99999,99999,99999,99999,DNS,0
Tyrrell,Autry,Tyrrell Autry,1234,M25-29,Male,JACKSONVILLE,FL,United States,US,,,,0:00:00,0:00:00,,0,0,0,0,0,0,99999,99999,99999,99999,99999,99999,99999,99999,99999,99999,99999,99999,DNS,0
Judy,Sweeney,Judy Sweeney,2427,F60-64,Female,NEW YORK,NY,United States,US,1:03:31,4:08:57,,0:12:13,0:00:00,,3811,14937,0,733,0,0,99999,99999,99999,99999,99999,99999,99999,99999,99999,99999,99999,99999,DNF,0
Scott,Conway,Scott Conway,1327,M55-59,Male,Apex,NC,United States,US,0:41:33,2:58:33,,0:06:57,0:10:42,,2493,10713,0,417,642,0,99999,99999,99999,99999,99999,99999,99999,99999,99999,99999,99999,99999,DNF,0
Rodger,Krause,Rodger Krause,18,M65-69,Male,READING,PA,United States,US,,,,0:00:00,0:00:00,,0,0,0,0,0,0,99999,99999,99999,99999,99999,99999,99999,99999,99999,99999,99999,99999,DNS,0
Edward,Colon,Edward Colon,2118,M60-64,Male,WHITE HSE STA,NJ,United States,US,1:16:00,,,0:00:00,0:00:00,,4560,0,0,0,0,0,99999,99999,99999,99999,99999,99999,99999,99999,99999,99999,99999,99999,DNF,0
William,Crawford,William Crawford,512,M55-59,Male,Lincoln University,PA,United States,US,,,,0:00:00,0:00:00,,0,0,0,0,0,0,99999,99999,99999,99999,99999,99999,99999,99999,99999,99999,99999,99999,DNS,0
Shruti,Dubey,Shruti Dubey,1219,F45-49,Female,Cary,NC,United States,US,1:38:02,,,0:00:00,0:00:00,,5882,0,0,0,0,0,99999,99999,99999,99999,99999,99999,99999,99999,99999,99999,99999,99999,DNF,0
Ralph,Jore,Ralph Jore,308,M40-44,Male,Bowie,Maryland,United States,US,,,,0:00:00,0:00:00,,0,0,0,0,0,0,99999,99999,99999,99999,99999,99999,99999,99999,99999,99999,99999,99999,DNF,0
Sara,Black,Sara Black,184,F40-44,Female,Dunn Loring,VA,United States,US,0:29:26,2:26:37,,0:03:05,0:05:22,,1766,8797,0,185,322,0,99999,99999,99999,99999,99999,99999,99999,99999,99999,99999,99999,99999,DNF,0
Vinh,Dang,Vinh Dang,1873,M25-29,Male,Philadelphia,Pennsylvania,United States,US,,,,0:00:00,0:00:00,,0,0,0,0,0,0,99999,99999,99999,99999,99999,99999,99999,99999,99999,99999,99999,99999,DNS,0
Brendon,Wilson,Brendon Wilson,1044,M35-39,Male,Phoenixville,PA,United States,US,0:40:51,3:01:44,,0:05:37,0:06:14,,2451,10904,0,337,374,0,99999,99999,99999,99999,99999,99999,99999,99999,99999,99999,99999,99999,DNF,0
Jose,Moreno,Jose Moreno,1575,M65-69,Male,Wayne,Pennsylvania,United States,US,0:58:31,3:54:52,,0:08:28,0:06:58,,3511,14092,0,508,418,0,99999,99999,99999,99999,99999,99999,99999,99999,99999,99999,99999,99999,DNF,0
Eric,Ambroz,Eric Ambroz,56,M40-44,Male,TAMPA,FL,United States,US,,,,0:00:00,0:00:00,,0,0,0,0,0,0,99999,99999,99999,99999,99999,99999,99999,99999,99999,99999,99999,99999,DNS,0
Robert,Whitley,Robert Whitley,346,M55-59,Male,New Bern,NC,United States,US,0:49:31,4:10:10,,0:07:26,0:07:58,,2971,15010,0,446,478,0,99999,99999,99999,99999,99999,99999,99999,99999,99999,99999,99999,99999,DNF,0
Adam,Minakowski,Adam Minakowski,1550,M45-49,Male,Annapolis,MD,United States,US,1:01:22,4:37:21,,0:14:06,0:00:00,,3682,16641,0,846,0,0,99999,99999,99999,99999,99999,99999,99999,99999,99999,99999,99999,99999,DNF,0
Daniel,Quevedo,Daniel Quevedo,407,M60-64,Male,Gaithersburg,MD,United States,US,0:36:10,2:40:47,,0:05:12,0:05:56,,2170,9647,0,312,356,0,99999,99999,99999,99999,99999,99999,99999,99999,99999,99999,99999,99999,DNF,0
Ethan,Haggerty,Ethan Haggerty,514,M18-24,Male,Milford,PA,United States,US,,,,0:00:00,0:00:00,,0,0,0,0,0,0,99999,99999,99999,99999,99999,99999,99999,99999,99999,99999,99999,99999,DNS,0
Camilo,Albarran,Camilo Albarran,1631,M25-29,Male,Frederick,Maryland,United States,US,,,,0:00:00,0:00:00,,0,0,0,0,0,0,99999,99999,99999,99999,99999,99999,99999,99999,99999,99999,99999,99999,DNF,0
David,Lyons,David Lyons,528,M55-59,Male,Shrewsbury,MA,United States,US,,,,0:00:00,0:00:00,,0,0,0,0,0,0,99999,99999,99999,99999,99999,99999,99999,99999,99999,99999,99999,99999,DNS,0
Rebecca,Kelly,Rebecca Kelly,2370,F25-29,Female,Cooksville,MD,United States,US,0:39:27,,,0:05:29,0:00:00,,2367,0,0,329,0,0,99999,99999,99999,99999,99999,99999,99999,99999,99999,99999,99999,99999,DNF,0
Carter,Hall,Carter Hall,989,F25-29,Female,Philadelphia,PA,United States,US,0:48:40,3:42:50,,0:08:01,0:07:13,,2920,13370,0,481,433,0,99999,99999,99999,99999,99999,99999,99999,99999,99999,99999,99999,99999,DNF,0
Troy,Miller,Troy Miller,1859,M30-34,Male,Hagerstown,Maryland,United States,US,,,,0:00:00,0:00:00,,0,0,0,0,0,0,99999,99999,99999,99999,99999,99999,99999,99999,99999,99999,99999,99999,DNS,0
Gerard,Brew,Gerard Brew,11,PC/ID,Male,ALLENDALE,NJ,United States,US,1:02:23,3:36:47,2:37:05,0:15:11,0:01:10,7:32:35,3743,13007,9425,911,70,27155,99999,99999,99999,99999,99999,99999,99999,99999,99999,99999,99999,99999,Finisher,700
Scott,Cameron,Scott Cameron,34,M25-29,Male,New York City,NY,United States,US,,,,0:00:00,0:00:00,,0,0,0,0,0,0,99999,99999,99999,99999,99999,99999,99999,99999,99999,99999,99999,99999,DNS,0
Chris,Disotell,Chris Disotell,683,M18-24,Male,Clinton,CT,United States,US,0:38:47,2:46:56,,0:06:00,0:00:00,,2327,10016,0,360,0,0,99999,99999,99999,99999,99999,99999,99999,99999,99999,99999,99999,99999,DNF,0
Kimberly,Danahy-Coyne,Kimberly Danahy-Coyne,1071,F55-59,Female,Avon,NY,United States,US,0:46:15,3:25:35,,0:05:19,0:10:39,,2775,12335,0,319,639,0,99999,99999,99999,99999,99999,99999,99999,99999,99999,99999,99999,99999,DNF,0
Eric,Lawson,Eric Lawson,2450,M40-44,Male,Damascus,MD,United States,US,,,,0:00:00,0:00:00,,0,0,0,0,0,0,99999,99999,99999,99999,99999,99999,99999,99999,99999,99999,99999,99999,DNF,0
Gordon,White,Gordon White,2507,M30-34,Male,Medfield,Massachusetts,United States,US,0:59:37,4:31:17,,0:11:49,0:00:00,,3577,16277,0,709,0,0,99999,99999,99999,99999,99999,99999,99999,99999,99999,99999,99999,99999,DNF,0
Alice,Turbiville,Alice Turbiville,816,F45-49,Female,Swarthmore,PA,United States,US,0:48:17,3:14:13,,0:05:20,0:06:05,,2897,11653,0,320,365,0,99999,99999,99999,99999,99999,99999,99999,99999,99999,99999,99999,99999,DNF,0
Michele,Getty,Michele Getty,860,F60-64,Female,West Chester,PA,United States,US,,,,0:00:00,0:00:00,,0,0,0,0,0,0,99999,99999,99999,99999,99999,99999,99999,99999,99999,99999,99999,99999,DNF,0
Raymond,Kannapell,Raymond Kannapell,866,M75-79,Male,CHARLOTTESVLE,VA,United States,US,0:42:57,,,0:10:23,0:00:00,,2577,0,0,623,0,0,99999,99999,99999,99999,99999,99999,99999,99999,99999,99999,99999,99999,DNF,0
Raymond,Campeau,Raymond Campeau,795,M65-69,Male,Bedminster,NJ,United States,US,0:38:08,2:36:40,,0:05:23,0:07:28,,2288,9400,0,323,448,0,99999,99999,99999,99999,99999,99999,99999,99999,99999,99999,99999,99999,DNF,0
Luke,Baker,Luke Baker,1521,M25-29,Male,Florence,South Carolina,United States,US,0:40:56,4:03:34,,0:13:50,0:02:20,,2456,14614,0,830,140,0,99999,99999,99999,99999,99999,99999,99999,99999,99999,99999,99999,99999,DNF,0
David,Hayes,David Hayes,424,M60-64,Male,AURORA,IL,United States,US,,,,0:00:00,0:00:00,,0,0,0,0,0,0,99999,99999,99999,99999,99999,99999,99999,99999,99999,99999,99999,99999,DNS,0
Isaac,Solomon,Isaac Solomon,509,M18-24,Male,Woodmere,NY,United States,US,1:03:02,3:51:49,,0:10:46,0:09:47,,3782,13909,0,646,587,0,99999,99999,99999,99999,99999,99999,99999,99999,99999,99999,99999,99999,DNF,0
Lloyd,Clark,Lloyd Clark,2143,M45-49,Male,Hanover,MD,United States,US,,,,0:00:00,0:00:00,,0,0,0,0,0,0,99999,99999,99999,99999,99999,99999,99999,99999,99999,99999,99999,99999,DNF,0
Beck ,Liles ,Beck Liles,1465,M18-24,Male,Columbus,Ohio,United States,US,0:42:27,4:00:00,,0:05:10,0:06:23,,2547,14400,0,310,383,0,99999,99999,99999,99999,99999,99999,99999,99999,99999,99999,99999,99999,DNF,0
Will,Lawrence,Will Lawrence,2049,M35-39,Male,LAWRENCE,KS,United States,US,,,,0:00:00,0:00:00,,0,0,0,0,0,0,99999,99999,99999,99999,99999,99999,99999,99999,99999,99999,99999,99999,DNS,0
Paul,Meyer,Paul Meyer,643,M60-64,Male,murfreesboro,TN,United States,US,1:07:43,,,0:10:01,0:00:00,,4063,0,0,601,0,0,99999,99999,99999,99999,99999,99999,99999,99999,99999,99999,99999,99999,DNF,0
Erick,Vigil,Erick Vigil,52,M25-29,Male,México city,MÉXICO CITY,Mexico,MX,,,,0:00:00,0:00:00,,0,0,0,0,0,0,99999,99999,99999,99999,99999,99999,99999,99999,99999,99999,99999,99999,DNS,0
Dale,Johnson,Dale Johnson,729,M65-69,Male,GRASONVILLE,MD,United States,US,,,,0:00:00,0:00:00,,0,0,0,0,0,0,99999,99999,99999,99999,99999,99999,99999,99999,99999,99999,99999,99999,DNS,0
Lou,Malfi,Lou Malfi,1014,M55-59,Male,Ashburn,VA,United States,US,0:47:11,3:02:45,,0:07:02,0:00:00,,2831,10965,0,422,0,0,99999,99999,99999,99999,99999,99999,99999,99999,99999,99999,99999,99999,DNF,0
Robert,Piper,Robert Piper,72,M45-49,Male,Baltimore,MD,United States,US,0:37:36,2:44:47,,0:07:17,0:09:27,,2256,9887,0,437,567,0,99999,99999,99999,99999,99999,99999,99999,99999,99999,99999,99999,99999,DNF,0
David,Fagan,David Fagan,1380,M60-64,Male,LONG BEACH,NY,United States,US,0:44:27,3:27:16,,0:07:57,0:09:49,,2667,12436,0,477,589,0,99999,99999,99999,99999,99999,99999,99999,99999,99999,99999,99999,99999,DNF,0
Thomas,Little,Thomas Little,1716,M18-24,Male,Brookeville,Maryland,United States,US,1:13:11,,,0:00:00,0:00:00,,4391,0,0,0,0,0,99999,99999,99999,99999,99999,99999,99999,99999,99999,99999,99999,99999,DNF,0
Jimmy,Eberle,Jimmy Eberle,2589,M30-34,Male,Hummelstown,Pennsylvania,United States,US,0:45:17,,,3:27:57,0:00:00,,2717,0,0,12477,0,0,99999,99999,99999,99999,99999,99999,99999,99999,99999,99999,99999,99999,DNF,0
Jill,Smith,Jill Smith,1627,F40-44,Female,Minneola,FL,United States,US,0:57:40,,,0:06:10,0:00:00,,3460,0,0,370,0,0,99999,99999,99999,99999,99999,99999,99999,99999,99999,99999,99999,99999,DNF,0
Elizabeth,Weaver,Elizabeth Weaver,397,F70-74,Female,Washington,DC,United States,US,,,,0:00:00,0:00:00,,0,0,0,0,0,0,99999,99999,99999,99999,99999,99999,99999,99999,99999,99999,99999,99999,DNS,0
Madison,Johnson,Madison Johnson,1206,F25-29,Female,Bullock,NC,United States,US,0:55:41,,,0:08:38,0:00:00,,3341,0,0,518,0,0,99999,99999,99999,99999,99999,99999,99999,99999,99999,99999,99999,99999,DNF,0
Sam,Altland,Sam Altland,2035,M30-34,Male,Middletown,US-NJ,United States,US,0:49:41,3:22:06,,0:07:22,0:07:00,,2981,12126,0,442,420,0,99999,99999,99999,99999,99999,99999,99999,99999,99999,99999,99999,99999,DNF,0
Yael,Bartur,Yael Bartur,2415,F40-44,Female,NEW YORK,NY,Israel,IL,0:48:23,5:06:30,,0:08:40,0:00:00,,2903,18390,0,520,0,0,99999,99999,99999,99999,99999,99999,99999,99999,99999,99999,99999,99999,DNF,0
Hayley,Besaw,Hayley Besaw,1,F30-34,Female,Pooler,GA,United States,US,,,,0:00:00,0:00:00,,0,0,0,0,0,0,99999,99999,99999,99999,99999,99999,99999,99999,99999,99999,99999,99999,DNS,0
Julia,Dinh,Julia Dinh,537,F18-24,Female,Norman,Oklahoma,United States,US,,,,0:00:00,0:00:00,,0,0,0,0,0,0,99999,99999,99999,99999,99999,99999,99999,99999,99999,99999,99999,99999,DNF,0
Nicholas,Bennett,Nicholas Bennett,1589,M35-39,Male,Harpers ferry,West Virginia,United States,US,,,,0:00:00,0:00:00,,0,0,0,0,0,0,99999,99999,99999,99999,99999,99999,99999,99999,99999,99999,99999,99999,DNF,0
Ray,Fearing,Ray Fearing,481,F55-59,Male,ELK GROVE VLG,IL,United States,US,1:09:00,,,0:10:55,0:00:00,,4140,0,0,655,0,0,99999,99999,99999,99999,99999,99999,99999,99999,99999,99999,99999,99999,DNF,0
Elyse,Braner,Elyse Braner,2307,F40-44,Female,Washington,DC,United States,US,1:02:17,4:14:56,,0:10:06,0:00:00,,3737,15296,0,606,0,0,99999,99999,99999,99999,99999,99999,99999,99999,99999,99999,99999,99999,DNF,0
Howard,Sanborn,Howard Sanborn,15,PC/ID,Male,Denver,CO,United States,US,0:36:45,2:20:22,1:01:34,0:05:01,0:02:52,4:06:33,2205,8422,3694,301,172,14793,99999,99999,99999,99999,99999,99999,99999,99999,99999,99999,99999,99999,Finisher,700
Phong,Nguyen,Phong Nguyen,1719,M25-29,Male,Roanoke,Virginia,United States,US,,,,0:00:00,0:00:00,,0,0,0,0,0,0,99999,99999,99999,99999,99999,99999,99999,99999,99999,99999,99999,99999,DNF,0
Jennifer,Baird,Jennifer Baird,828,F40-44,Female,Frederick ,MD,United States,US,,,,0:00:00,0:00:00,,0,0,0,0,0,0,99999,99999,99999,99999,99999,99999,99999,99999,99999,99999,99999,99999,DNS,0
Milly,Smith,Milly Smith,484,F60-64,Female,Watertown,NY,United States,US,1:05:21,4:14:48,,0:15:01,0:00:00,,3921,15288,0,901,0,0,99999,99999,99999,99999,99999,99999,99999,99999,99999,99999,99999,99999,DNF,0
Brian,Yates,Brian Yates,338,M55-59,Male,Selkirk,NY,United States,US,,,,0:00:00,0:00:00,,0,0,0,0,0,0,99999,99999,99999,99999,99999,99999,99999,99999,99999,99999,99999,99999,DNS,0
Kendall,Savage,Kendall Savage,2314,F35-39,Female,Chestertown,Maryland,United States,US,1:02:01,,,0:10:22,0:00:00,,3721,0,0,622,0,0,99999,99999,99999,99999,99999,99999,99999,99999,99999,99999,99999,99999,DNF,0
William,Davis,William Davis,13,PC/ID,Male,Jersey City,NJ,United States,US,,,,0:00:00,0:00:00,,0,0,0,0,0,0,99999,99999,99999,99999,99999,99999,99999,99999,99999,99999,99999,99999,DNS,0
Jessica,Burgoyne,Jessica Burgoyne,2566,F40-44,Female,Philadelphia,PA,United States,US,0:51:10,,,0:05:27,0:00:00,,3070,0,0,327,0,0,99999,99999,99999,99999,99999,99999,99999,99999,99999,99999,99999,99999,DNF,0
Rebecca,Maccaroni,Rebecca Maccaroni,602,F50-54,Female,Charlotte,NC,United States,US,0:38:12,2:54:24,,0:06:27,0:10:45,,2292,10464,0,387,645,0,99999,99999,99999,99999,99999,99999,99999,99999,99999,99999,99999,99999,DNF,0
Richard,Stewart,Richard Stewart,2112,M40-44,Male,New Market,Maryland,United States,US,,,,0:00:00,0:00:00,,0,0,0,0,0,0,99999,99999,99999,99999,99999,99999,99999,99999,99999,99999,99999,99999,DNS,0
Jasmine,Parreno,Jasmine Parreno,1950,F45-49,Female,Lindenhurst,NY,United States,US,,,,0:00:00,0:00:00,,0,0,0,0,0,0,99999,99999,99999,99999,99999,99999,99999,99999,99999,99999,99999,99999,DNS,0
Christer,Holloman,Christer Holloman,2525,M45-49,Male,NEW YORK,NY,Sweden,SE,0:48:32,3:29:07,,0:08:33,0:10:13,,2912,12547,0,513,613,0,99999,99999,99999,99999,99999,99999,99999,99999,99999,99999,99999,99999,DNF,0
Irfaan,Rahaman,Irfaan Rahaman,445,M30-34,Male,CARY,NC,United States,US,0:44:48,3:33:02,,0:05:55,0:06:47,,2688,12782,0,355,407,0,99999,99999,99999,99999,99999,99999,99999,99999,99999,99999,99999,99999,DNF,0
Sean,Weiss,Sean Weiss,1501,M30-34,Male,Clark,New Jersey,United States,US,0:52:16,4:22:49,,0:11:22,0:00:00,,3136,15769,0,682,0,0,99999,99999,99999,99999,99999,99999,99999,99999,99999,99999,99999,99999,DNF,0
Bryan,Pantaleon,Bryan Pantaleon,927,M30-34,Male,Petersburg,VA,United States,US,,,,0:00:00,0:00:00,,0,0,0,0,0,0,99999,99999,99999,99999,99999,99999,99999,99999,99999,99999,99999,99999,DNF,0
Laura,Wickramaratne,Laura Wickramaratne,1210,F18-24,Female,Reston,VA,United States,US,0:55:47,,,0:07:25,0:00:00,,3347,0,0,445,0,0,99999,99999,99999,99999,99999,99999,99999,99999,99999,99999,99999,99999,DNF,0
Austin,Mishaw,Austin Mishaw,1991,M35-39,Male,Wilmington,DE,United States,US,,,,0:00:00,0:00:00,,0,0,0,0,0,0,99999,99999,99999,99999,99999,99999,99999,99999,99999,99999,99999,99999,DNF,0
Alexandra,Williams,Alexandra Williams,2333,F35-39,Female,Alexandria ,VA,United States,US,,,,0:00:00,0:00:00,,0,0,0,0,0,0,99999,99999,99999,99999,99999,99999,99999,99999,99999,99999,99999,99999,DNS,0
Megan,Oakman,Megan Oakman,1997,F25-29,Female,Manlius,NY,United States,US,0:53:01,4:38:33,,0:05:42,0:00:00,,3181,16713,0,342,0,0,99999,99999,99999,99999,99999,99999,99999,99999,99999,99999,99999,99999,DNF,0
Christine ,Valdes ,Christine Valdes,31,F50-54,Female,TAMPA,FL,United States,US,,,,0:00:00,0:00:00,,0,0,0,0,0,0,99999,99999,99999,99999,99999,99999,99999,99999,99999,99999,99999,99999,DNS,0
Katie,Suchodolski,Katie Suchodolski,2205,F30-34,Female,Wilmington,Delaware,United States,US,,,,0:00:00,0:00:00,,0,0,0,0,0,0,99999,99999,99999,99999,99999,99999,99999,99999,99999,99999,99999,99999,DNF,0
Reed,Haabestad,Reed Haabestad,2135,M25-29,Male,Philadelphia,PA,United States,US,,,,0:00:00,0:00:00,,0,0,0,0,0,0,99999,99999,99999,99999,99999,99999,99999,99999,99999,99999,99999,99999,DNS,0
Lance,Slaughter,Lance Slaughter,1994,M70-74,Male,Chevy Chase,177710000,United States,US,0:56:32,3:36:32,,0:09:41,0:11:30,,3392,12992,0,581,690,0,99999,99999,99999,99999,99999,99999,99999,99999,99999,99999,99999,99999,DNF,0
Abby,Carr,Abby Carr,2067,F18-24,Female,Washington DC,District of Columbia,United States,US,0:29:59,2:54:08,,0:04:26,0:04:45,,1799,10448,0,266,285,0,99999,99999,99999,99999,99999,99999,99999,99999,99999,99999,99999,99999,DNF,0
Ronald,Woloshan,Ronald Woloshan,608,M80-84,Male,TRIADELPHIA,WV,United States,US,,,,0:00:00,0:00:00,,0,0,0,0,0,0,99999,99999,99999,99999,99999,99999,99999,99999,99999,99999,99999,99999,DNS,0
Byoung In,Tak,Byoung In Tak,1428,M70-74,Male,centerville,VA,United States,US,1:26:52,3:43:10,,0:07:35,0:13:55,,5212,13390,0,455,835,0,99999,99999,99999,99999,99999,99999,99999,99999,99999,99999,99999,99999,DNF,0
Cullen,Jones,Cullen Jones,1344,M30-34,Male,Baltimore,Maryland,United States,US,0:39:24,4:02:46,,0:07:37,0:07:06,,2364,14566,0,457,426,0,99999,99999,99999,99999,99999,99999,99999,99999,99999,99999,99999,99999,DNF,0
Michael,Gegick,Michael Gegick,1029,M50-54,Male,Laurel,MD,United States,US,0:37:07,2:36:33,,0:06:40,0:09:58,,2227,9393,0,400,598,0,99999,99999,99999,99999,99999,99999,99999,99999,99999,99999,99999,99999,DNF,0
John,Miller,John Miller,1025,M55-59,Male,Marlton,NJ,United States,US,0:34:50,2:34:54,,0:05:23,0:04:55,,2090,9294,0,323,295,0,99999,99999,99999,99999,99999,99999,99999,99999,99999,99999,99999,99999,DNF,0
Brian,Steiner,Brian Steiner,409,M45-49,Male,Reston,US-VA,United States,US,,,,0:00:00,0:00:00,,0,0,0,0,0,0,99999,99999,99999,99999,99999,99999,99999,99999,99999,99999,99999,99999,DNS,0
Jody,Christopher,Jody Christopher,985,F60-64,Female,BURKE,VA,United States,US,,,,0:00:00,0:00:00,,0,0,0,0,0,0,99999,99999,99999,99999,99999,99999,99999,99999,99999,99999,99999,99999,DNS,0
Jeff,Scheffee,Jeff Scheffee,786,M60-64,Male,Monon,IN,United States,US,0:45:33,3:14:43,,0:07:16,0:08:44,,2733,11683,0,436,524,0,99999,99999,99999,99999,99999,99999,99999,99999,99999,99999,99999,99999,DNF,0
Luke,Straight,Luke Straight,2302,M18-24,Male,Zionsville,Pennsylvania,United States,US,,,,0:00:00,0:00:00,,0,0,0,0,0,0,99999,99999,99999,99999,99999,99999,99999,99999,99999,99999,99999,99999,DNS,0
Lindsey,Goodwin,Lindsey Goodwin,2209,F30-34,Female,Neptune,NJ,United States,US,,,,0:00:00,0:00:00,,0,0,0,0,0,0,99999,99999,99999,99999,99999,99999,99999,99999,99999,99999,99999,99999,DNS,0
Tom,Borish,Tom Borish,714,M50-54,Male,Dover,NH,United States,US,0:32:00,2:20:14,,0:05:43,0:26:22,,1920,8414,0,343,1582,0,99999,99999,99999,99999,99999,99999,99999,99999,99999,99999,99999,99999,DNF,0
Ryne,Montgomery,Ryne Montgomery,1585,M35-39,Male,Alexandria,VA,United States,US,0:42:07,3:17:22,,0:10:15,0:11:11,,2527,11842,0,615,671,0,99999,99999,99999,99999,99999,99999,99999,99999,99999,99999,99999,99999,DNF,0
Steven,Wheeler,Steven Wheeler,2316,M40-44,Male,STILL POND,MD,United States,US,0:47:22,4:20:49,,0:24:48,0:21:52,,2842,15649,0,1488,1312,0,99999,99999,99999,99999,99999,99999,99999,99999,99999,99999,99999,99999,DNF,0
Jeryl,Hayes,Jeryl Hayes,1598,F40-44,Female,SILVER SPRING,US-MD,United States,US,0:52:39,4:06:35,,0:07:53,0:09:03,,3159,14795,0,473,543,0,99999,99999,99999,99999,99999,99999,99999,99999,99999,99999,99999,99999,DNF,0
Hunter,Hobson,Hunter Hobson,2522,M60-64,Male,Great Falls,VA,United States,US,0:36:39,2:21:37,,0:04:24,0:00:00,,2199,8497,0,264,0,0,99999,99999,99999,99999,99999,99999,99999,99999,99999,99999,99999,99999,DNF,0
Nathalie,Grandjean,Nathalie Grandjean,376,F45-49,Female,Sauble beach,Ont,Canada,CA,0:40:07,3:24:52,,0:06:49,0:09:10,,2407,12292,0,409,550,0,99999,99999,99999,99999,99999,99999,99999,99999,99999,99999,99999,99999,DNF,0
Andy,Lieberman,Andy Lieberman,2592,M60-64,Male,Santa Rosa,CA,United States,US,0:44:58,2:34:54,,0:08:59,0:10:17,,2698,9294,0,539,617,0,99999,99999,99999,99999,99999,99999,99999,99999,99999,99999,99999,99999,DNF,0
Jim,Chaney,Jim Chaney,961,M55-59,Male,Salisbury,MD,United States,US,,,,0:00:00,0:00:00,,0,0,0,0,0,0,99999,99999,99999,99999,99999,99999,99999,99999,99999,99999,99999,99999,DNS,0
Robert,Qiao,Robert Qiao,2538,M30-34,Male,Jersey City,NJ,United States,US,,,,0:00:00,0:00:00,,0,0,0,0,0,0,99999,99999,99999,99999,99999,99999,99999,99999,99999,99999,99999,99999,DNS,0
Jamie,Taber,Jamie Taber,2256,F45-49,Female,Alexandria,VA,United States,US,0:51:13,,,0:00:00,0:00:00,,3073,0,0,0,0,0,99999,99999,99999,99999,99999,99999,99999,99999,99999,99999,99999,99999,DNF,0
Dinh,Nguyen,Dinh Nguyen,2470,M50-54,Male,Falls Church,VA,United States,US,,,,0:00:00,0:00:00,,0,0,0,0,0,0,99999,99999,99999,99999,99999,99999,99999,99999,99999,99999,99999,99999,DNF,0
Rebecca,Birnbaum,Rebecca Birnbaum,2,F50-54,Female,New York,New York,United States,US,,,,0:00:00,0:00:00,,0,0,0,0,0,0,99999,99999,99999,99999,99999,99999,99999,99999,99999,99999,99999,99999,DNS,0
Yin Yiing,Yeoh,Yin Yiing Yeoh,1485,F35-39,Female,Arlington,Virginia,Malaysia,MY,1:04:04,4:16:18,3:36:34,0:06:08,0:08:05,9:11:09,3844,15378,12994,368,485,33069,99999,99999,99999,99999,99999,99999,99999,99999,99999,99999,99999,99999,DNF,0
Denise,Hughes,Denise Hughes,696,F55-59,Female,Bohemia,NY,United States,US,,,,0:00:00,0:00:00,,0,0,0,0,0,0,99999,99999,99999,99999,99999,99999,99999,99999,99999,99999,99999,99999,DNS,0
Robert,Botti,Robert Botti,1902,M40-44,Male,Frederick,MD,United States,US,0:39:25,,,0:07:43,0:00:00,,2365,0,0,463,0,0,99999,99999,99999,99999,99999,99999,99999,99999,99999,99999,99999,99999,DNF,0
Frank,Salvo,Frank Salvo,783,F60-64,Male,EMERALD ISLE,NC,United States,US,0:50:10,3:47:23,,0:08:37,0:00:00,,3010,13643,0,517,0,0,99999,99999,99999,99999,99999,99999,99999,99999,99999,99999,99999,99999,DNF,0
Thomas,Kennedy,Thomas Kennedy,2235,M50-54,Male,Westport,Connecticut,Ireland,IE,1:23:49,,,0:00:00,0:00:00,,5029,0,0,0,0,0,99999,99999,99999,99999,99999,99999,99999,99999,99999,99999,99999,99999,DNF,0
Stella,Guio,Stella Guio,1888,F35-39,Female,Silver Spring,Maryland,United States,US,1:06:48,4:16:40,,0:08:26,0:09:31,,4008,15400,0,506,571,0,99999,99999,99999,99999,99999,99999,99999,99999,99999,99999,99999,99999,DNF,0
Matteo,Brenna,Matteo Brenna,973,M40-44,Male,New York,NY,Italy,IT,0:39:43,2:30:54,,0:04:23,0:00:00,,2383,9054,0,263,0,0,99999,99999,99999,99999,99999,99999,99999,99999,99999,99999,99999,99999,DNF,0
Robyn,Guthridge,Robyn Guthridge,592,F50-54,Female,Winchester,VA,United States,US,,,,0:00:00,0:00:00,,0,0,0,0,0,0,99999,99999,99999,99999,99999,99999,99999,99999,99999,99999,99999,99999,DNF,0
Mark,Steakley,Mark Steakley,2052,M60-64,Male,Reston,VA,United States,US,0:38:02,,,0:08:20,0:00:00,,2282,0,0,500,0,0,99999,99999,99999,99999,99999,99999,99999,99999,99999,99999,99999,99999,DNF,0
Juliana,Perea,Juliana Perea,1267,F35-39,Female,LONG IS CITY,NY,Colombia,CO,,,,0:00:00,0:00:00,,0,0,0,0,0,0,99999,99999,99999,99999,99999,99999,99999,99999,99999,99999,99999,99999,DNS,0
Matt,Hullana,Matt Hullana,760,M18-24,Male,Baltimore,MD,United States,US,,,,0:00:00,0:00:00,,0,0,0,0,0,0,99999,99999,99999,99999,99999,99999,99999,99999,99999,99999,99999,99999,DNF,0
Billy,Loder,Billy Loder,1089,M18-24,Male,Hammonton,New Jersey,United States,US,,,,0:00:00,0:00:00,,0,0,0,0,0,0,99999,99999,99999,99999,99999,99999,99999,99999,99999,99999,99999,99999,DNS,0
Andrea,Weingard,Andrea Weingard,520,F60-64,Female,NEW YORK,NY,United States,US,,,,0:00:00,0:00:00,,0,0,0,0,0,0,99999,99999,99999,99999,99999,99999,99999,99999,99999,99999,99999,99999,DNS,0
Vincent,Sabathier,Vincent Sabathier,2448,M60-64,Male,Virginia Beach,Virginia,United States,US,0:40:12,3:02:13,,0:06:00,0:00:00,,2412,10933,0,360,0,0,99999,99999,99999,99999,99999,99999,99999,99999,99999,99999,99999,99999,DNF,0
Natalie,St. Hill,Natalie St. Hill,1121,F25-29,Female,Allentown,Pennsylvania,United States,US,0:51:04,,,0:12:38,0:00:00,,3064,0,0,758,0,0,99999,99999,99999,99999,99999,99999,99999,99999,99999,99999,99999,99999,DNF,0
Nick,Lyon,Nick Lyon,75,M40-44,Male,Chevy Chase,Maryland,United States,US,,,,0:00:00,0:00:00,,0,0,0,0,0,0,99999,99999,99999,99999,99999,99999,99999,99999,99999,99999,99999,99999,DNS,0
Silvio,Krvaric,Silvio Krvaric,306,M50-54,Male,Bethesda,MD,United States,US,0:45:23,2:52:44,,0:07:30,0:06:36,,2723,10364,0,450,396,0,99999,99999,99999,99999,99999,99999,99999,99999,99999,99999,99999,99999,DNF,0
Ryan,Rieboldt,Ryan Rieboldt,112,M30-34,Male,Washington,District of Columbia,United States,US,,,,0:00:00,0:00:00,,0,0,0,0,0,0,99999,99999,99999,99999,99999,99999,99999,99999,99999,99999,99999,99999,DNF,0
Kevin,Mallery,Kevin Mallery,667,M65-69,Male,LAKE PLACID,NY,United States,US,0:44:49,2:59:34,,0:07:01,0:07:57,,2689,10774,0,421,477,0,99999,99999,99999,99999,99999,99999,99999,99999,99999,99999,99999,99999,DNF,0
Natalie,Gomez,Natalie Gomez,19,PC/ID,Female,Douglasville,GA,United States,US,,,,0:00:00,0:00:00,,0,0,0,0,0,0,99999,99999,99999,99999,99999,99999,99999,99999,99999,99999,99999,99999,DNS,0
Sedar,Labarre,Sedar Labarre,1232,M55-59,Male,McLean,VA,United States,US,0:48:34,2:52:21,,0:07:35,0:08:47,,2914,10341,0,455,527,0,99999,99999,99999,99999,99999,99999,99999,99999,99999,99999,99999,99999,DNF,0
Brian,Barr,Brian Barr,426,M60-64,Male,VAN BUREN TWP,MI,United States,US,0:49:06,4:21:36,,0:11:21,0:11:49,,2946,15696,0,681,709,0,99999,99999,99999,99999,99999,99999,99999,99999,99999,99999,99999,99999,DNF,0
Wendy,Robinson,Wendy Robinson,1006,F50-54,Female,Columbia,MD,United States,US,,,,0:00:00,0:00:00,,0,0,0,0,0,0,99999,99999,99999,99999,99999,99999,99999,99999,99999,99999,99999,99999,DNS,0
Lisanna,Stotts,Lisanna Stotts,54,F60-64,Female,Swarthmore,PA,United States,US,,,,0:00:00,0:00:00,,0,0,0,0,0,0,99999,99999,99999,99999,99999,99999,99999,99999,99999,99999,99999,99999,DNS,0
Cathy,Needleman,Cathy Needleman,800,F60-64,Female,Middleburgh,New York,United States,US,,,,0:00:00,0:00:00,,0,0,0,0,0,0,99999,99999,99999,99999,99999,99999,99999,99999,99999,99999,99999,99999,DNS,0
Chaim,Lieff,Chaim Lieff,302,M35-39,Male,jackson,NJ,United States,US,0:54:00,3:08:35,,0:10:55,0:00:00,,3240,11315,0,655,0,0,99999,99999,99999,99999,99999,99999,99999,99999,99999,99999,99999,99999,DNF,0
Sara,Elster,Sara Elster,316,F18-24,Female,Kensington,US-MD,United States,US,0:40:00,5:22:04,,0:04:01,0:00:00,,2400,19324,0,241,0,0,99999,99999,99999,99999,99999,99999,99999,99999,99999,99999,99999,99999,DNF,0
Marianne,Talbot,Marianne Talbot,349,F65-69,Female,Arlington,US-VA,United States,US,0:59:57,3:44:48,,0:10:30,0:10:15,,3597,13488,0,630,615,0,99999,99999,99999,99999,99999,99999,99999,99999,99999,99999,99999,99999,DNF,0
Matthew,Place,Matthew Place,1602,M35-39,Male,WILMINGTON,DE,United States,US,0:54:45,3:19:29,,0:09:21,0:09:46,,3285,11969,0,561,586,0,99999,99999,99999,99999,99999,99999,99999,99999,99999,99999,99999,99999,DNF,0
Sarah,Ball,Sarah Ball,1195,F40-44,Female,Raleigh,NC,United States,US,,,,0:00:00,0:00:00,,0,0,0,0,0,0,99999,99999,99999,99999,99999,99999,99999,99999,99999,99999,99999,99999,DNS,0
Mike,Spiotta,Mike Spiotta,81,M30-34,Male,Beach Haven,NEW JERSEY,United States,US,,,,0:00:00,0:00:00,,0,0,0,0,0,0,99999,99999,99999,99999,99999,99999,99999,99999,99999,99999,99999,99999,DNS,0
Jonathan,Louro,Jonathan Louro,1980,M25-29,Male,Monroe Township,New Jersey,United States,US,0:40:05,2:51:25,,0:05:43,0:05:40,,2405,10285,0,343,340,0,99999,99999,99999,99999,99999,99999,99999,99999,99999,99999,99999,99999,DNF,0
Mike,Martin,Mike Martin,687,M45-49,Male,Flowery Branch,GA,United States,US,,,,0:00:00,0:00:00,,0,0,0,0,0,0,99999,99999,99999,99999,99999,99999,99999,99999,99999,99999,99999,99999,DNS,0
Roberto,Ramirez,Roberto Ramirez,2060,M18-24,Male,Woodbridge,Virginia,United States,US,0:56:33,4:25:32,,0:08:17,0:06:58,,3393,15932,0,497,418,0,99999,99999,99999,99999,99999,99999,99999,99999,99999,99999,99999,99999,DNF,0
Cipriana,Cuevas,Cipriana Cuevas,74,F40-44,Female,Jersey city,NJ,United States,US,,,,0:00:00,0:00:00,,0,0,0,0,0,0,99999,99999,99999,99999,99999,99999,99999,99999,99999,99999,99999,99999,DNS,0
Stephanie,Causby,Stephanie Causby,2347,F40-44,Female,DENVER,NC,United States,US,0:56:38,4:24:04,,0:10:38,0:12:34,,3398,15844,0,638,754,0,99999,99999,99999,99999,99999,99999,99999,99999,99999,99999,99999,99999,DNF,0
Michelle,Jeitler,Michelle Jeitler,1499,F50-54,Female,Marietta,OH,Canada,CA,0:52:05,3:36:43,,0:06:08,0:11:47,,3125,13003,0,368,707,0,99999,99999,99999,99999,99999,99999,99999,99999,99999,99999,99999,99999,DNF,0
Allen,Lockwood,Allen Lockwood,709,M60-64,Male,Cambridge,MD,United States,US,,,,0:00:00,0:00:00,,0,0,0,0,0,0,99999,99999,99999,99999,99999,99999,99999,99999,99999,99999,99999,99999,DNF,0
Maura,Demouy,Maura Demouy,742,F55-59,Female,Rockville,MD,United States,US,0:55:37,,,0:08:16,0:00:00,,3337,0,0,496,0,0,99999,99999,99999,99999,99999,99999,99999,99999,99999,99999,99999,99999,DNF,0
Brendan,Boylan,Brendan Boylan,107,M30-34,Male,College Park,Maryland,United States,US,1:06:49,,,0:14:48,0:00:00,,4009,0,0,888,0,0,99999,99999,99999,99999,99999,99999,99999,99999,99999,99999,99999,99999,DNF,0
Eian,Butler,Eian Butler,1346,M18-24,Male,Hanover,MD,United States,US,,,,0:00:00,0:00:00,,0,0,0,0,0,0,99999,99999,99999,99999,99999,99999,99999,99999,99999,99999,99999,99999,DNF,0
Howard,Rahmlow,Howard Rahmlow,1497,M60-64,Male,Lansdale,PA,United States,US,0:50:39,4:46:42,,0:12:08,0:10:54,,3039,17202,0,728,654,0,99999,99999,99999,99999,99999,99999,99999,99999,99999,99999,99999,99999,DNF,0
Leah,Mele,Leah Mele,2271,F30-34,Female,PHILADELPHIA,PA,United States,US,0:45:20,3:40:49,,0:10:46,0:10:37,,2720,13249,0,646,637,0,99999,99999,99999,99999,99999,99999,99999,99999,99999,99999,99999,99999,DNF,0
Alison,McKenna,Alison McKenna,134,F45-49,Female,Long Branch,NJ,United States,US,1:08:07,,,0:11:18,0:00:00,,4087,0,0,678,0,0,99999,99999,99999,99999,99999,99999,99999,99999,99999,99999,99999,99999,DNF,0
Viviana,Coy,Viviana Coy,1890,F25-29,Female,Rockville,Maryland,Colombia,CO,1:04:24,4:23:02,,0:08:10,0:00:00,,3864,15782,0,490,0,0,99999,99999,99999,99999,99999,99999,99999,99999,99999,99999,99999,99999,DNF,0
Jesus,Orozco,Jesus Orozco,59,M45-49,Male,Miami,Florida,Venezuela,VE,,,,0:00:00,0:00:00,,0,0,0,0,0,0,99999,99999,99999,99999,99999,99999,99999,99999,99999,99999,99999,99999,DNS,0
jason,ramirez,jason ramirez,1404,M18-24,Male,Orlando,Florida,United States,US,0:37:33,3:25:54,,0:04:20,0:05:59,,2253,12354,0,260,359,0,99999,99999,99999,99999,99999,99999,99999,99999,99999,99999,99999,99999,DNF,0
Shane,Cahill,Shane Cahill,2492,M40-44,Male,Washington,US-DC,Ireland,IE,,,,0:00:00,0:00:00,,0,0,0,0,0,0,99999,99999,99999,99999,99999,99999,99999,99999,99999,99999,99999,99999,DNS,0
Lori,Myers,Lori Myers,774,F55-59,Female,Bluffton,SC,United States,US,1:08:44,,,0:06:48,0:00:00,,4124,0,0,408,0,0,99999,99999,99999,99999,99999,99999,99999,99999,99999,99999,99999,99999,DNF,0
Robin,Vaneberg,Robin Vaneberg,2245,M35-39,Male,Colombier,Neuchâtel,Switzerland,CH,,,,0:00:00,0:00:00,,0,0,0,0,0,0,99999,99999,99999,99999,99999,99999,99999,99999,99999,99999,99999,99999,DNS,0
Shaun,Mcgarvey,Shaun Mcgarvey,966,M45-49,Male,MOUNT AIRY,MD,United States,US,,,,0:00:00,0:00:00,,0,0,0,0,0,0,99999,99999,99999,99999,99999,99999,99999,99999,99999,99999,99999,99999,DNS,0
James,Lanham,James Lanham,151,M40-44,Male,Parkville,Maryland,United States,US,1:05:20,3:56:26,,0:09:10,0:12:55,,3920,14186,0,550,775,0,99999,99999,99999,99999,99999,99999,99999,99999,99999,99999,99999,99999,DNF,0
Michael,Brady,Michael Brady,414,M80-84,Male,Caledon East,ON,Canada,CA,,,,0:00:00,0:00:00,,0,0,0,0,0,0,99999,99999,99999,99999,99999,99999,99999,99999,99999,99999,99999,99999,DNS,0
Vipin,Mamidi,Vipin Mamidi,2563,M25-29,Male,Bethesda,Maryland,India,IN,1:03:47,,,0:09:11,0:00:00,,3827,0,0,551,0,0,99999,99999,99999,99999,99999,99999,99999,99999,99999,99999,99999,99999,DNF,0
Daniel,Kalinowski,Daniel Kalinowski,2309,M35-39,Male,WASHINGTON,US-DC,United States,US,0:42:20,3:37:56,,0:06:33,0:00:00,,2540,13076,0,393,0,0,99999,99999,99999,99999,99999,99999,99999,99999,99999,99999,99999,99999,DNF,0
Chris,Clouse,Chris Clouse,1316,M55-59,Male,Ajax,ON,Canada,CA,1:12:08,,,0:00:00,0:00:00,,4328,0,0,0,0,0,99999,99999,99999,99999,99999,99999,99999,99999,99999,99999,99999,99999,DNF,0
Chelsea,Mailler,Chelsea Mailler,2441,F35-39,Female,ASTORIA,NY,United States,US,0:37:31,2:49:16,,0:03:43,0:06:04,,2251,10156,0,223,364,0,99999,99999,99999,99999,99999,99999,99999,99999,99999,99999,99999,99999,DNF,0
Elizabeth,Flynn,Elizabeth Flynn,2590,F55-59,Female,Ellicott City,MD,United States,US,,,,0:00:00,0:00:00,,0,0,0,0,0,0,99999,99999,99999,99999,99999,99999,99999,99999,99999,99999,99999,99999,DNS,0
Ssuarlin,Maldonado,Ssuarlin Maldonado,2246,M40-44,Male,Bayshore,NY,Guatemala,GT,,,,0:00:00,0:00:00,,0,0,0,0,0,0,99999,99999,99999,99999,99999,99999,99999,99999,99999,99999,99999,99999,DNF,0
Jennifer,Coyne,Jennifer Coyne,614,F50-54,Female,Severn,MD,United States,US,,,,0:00:00,0:00:00,,0,0,0,0,0,0,99999,99999,99999,99999,99999,99999,99999,99999,99999,99999,99999,99999,DNS,0
Samuel ,Velasco,Samuel Velasco,153,M25-29,Male,Charleston,South Carolina,United States,US,,,,0:00:00,0:00:00,,0,0,0,0,0,0,99999,99999,99999,99999,99999,99999,99999,99999,99999,99999,99999,99999,DNF,0
Félix,Nasr,Félix Nasr,413,M18-24,Male,candiac,QC,Canada,CA,0:35:36,,,0:03:05,0:00:00,,2136,0,0,185,0,0,99999,99999,99999,99999,99999,99999,99999,99999,99999,99999,99999,99999,DNF,0
