FirstName,LastName,FullName,Bib,AgeGroup,Gender,City,State,Country,CountryISO,SwimTime,BikeTime,RunTime,T1Time,T2Time,FinishTime,SwimSeconds,BikeSeconds,RunSeconds,T1Seconds,T2Seconds,FinishSeconds,OverallRank,GenderRank,AgeGroupRank,SwimRankOverall,SwimRankGender,SwimRankGroup,BikeRankOverall,BikeRankGender,BikeRankGroup,RunRankOverall,RunRankGender,RunRankGroup,Status,Points
Mateo,Bustos Pecaut,Mateo Bustos Pecaut,113,M30-34,Male,Tandil,AR-B,Argentina,AR,0:28:36,2:10:59,1:26:39,0:01:13,0:01:24,4:08:51,1716,7859,5199,73,84,14931,1,1,1,2,2,1,1,1,1,1,1,1,Finisher,3500
David,Guete,David Guete,589,MPRO,Male,Bogotá,CO-DC,Colombia,CO,0:26:44,2:17:36,1:21:23,0:01:39,0:01:52,4:09:16,1604,8256,4883,99,112,14956,2,2,1,1,1,1,3,3,1,2,2,1,Finisher,3500
Guillermo,Garcia,Guillermo Garcia,114,M35-39,Male,Bariloche,RIO NEGRO,Argentina,AR,0:31:23,2:15:45,1:24:10,0:01:04,0:01:20,4:13:42,1883,8145,5050,64,80,15222,3,3,1,18,16,8,5,5,1,3,3,1,Finisher,3500
Andrés Felipe,Camelo Ocampo,Andrés Felipe Camelo Ocampo,123,M30-34,Male,Bogotá,CO-DC,Colombia,CO,0:29:42,2:14:45,1:29:25,0:01:12,0:01:50,4:16:55,1782,8085,5365,72,110,15415,4,4,2,9,8,3,2,2,2,4,4,2,Finisher,3354
David ,Sarmiento,David Sarmiento,725,M30-34,Male,Bogota DC,CO-DC,Colombia,CO,0:29:36,2:20:43,1:24:14,0:01:19,0:01:39,4:17:30,1776,8443,5054,79,99,15450,5,5,3,8,7,2,8,8,4,5,5,3,Finisher,3344
Cristian David,Zapata,Cristian David Zapata,517,M35-39,Male,MEDELLIN,Antioquia,Colombia,CO,0:29:22,2:20:10,1:26:11,0:00:52,0:01:44,4:18:19,1762,8410,5171,52,104,15499,6,6,2,5,4,2,6,6,2,6,6,2,Finisher,3416
Manuel,Torrente,Manuel Torrente,826,M30-34,Male,Bogotá,Distrito Capital,Colombia,CO,0:29:50,2:16:30,1:31:27,0:01:33,0:01:42,4:21:02,1790,8190,5487,93,102,15662,7,7,4,10,9,4,4,4,3,7,7,4,Finisher,3280
Erick,Garcia Rossi,Erick Garcia Rossi,540,M40-44,Male,Santo Domingo,DO-01,Dominican Republic,DO,0:35:38,2:19:55,1:27:04,0:02:18,0:01:29,4:26:23,2138,8395,5224,138,89,15983,8,8,1,63,58,11,12,12,2,8,8,1,Finisher,3500
Juan Sebastian,Ulloa,Juan Sebastian Ulloa,440,M35-39,Male,Bogotá,CO-CUN,Colombia,CO,0:28:44,2:20:03,1:34:07,0:01:54,0:02:08,4:26:56,1724,8403,5647,114,128,16016,9,9,3,4,3,1,7,7,3,9,9,3,Finisher,3261
Emiliano,Mandarano,Emiliano Mandarano,115,M35-39,Male,Hudson,AR-B,Argentina,AR,0:30:42,2:24:28,1:29:19,0:01:22,0:01:50,4:27:40,1842,8668,5359,82,110,16060,10,10,4,15,13,5,10,10,5,10,10,4,Finisher,3248
Juan Sebastian,Blanco Calixto,Juan Sebastian Blanco Calixto,400,M25-29,Male,Bucaramanga,SANTANDER,Colombia,CO,0:33:55,2:26:27,1:25:54,0:01:25,0:02:08,4:29:50,2035,8787,5154,85,128,16190,11,11,1,39,37,4,15,15,2,11,11,1,Finisher,3500
Felipe,Echeverri A,Felipe Echeverri A,107,M35-39,Male,Medellín,CO-ANT,Colombia,CO,0:35:12,2:19:03,1:32:28,0:01:36,0:02:23,4:30:43,2112,8343,5548,96,143,16243,12,12,5,55,50,15,9,9,4,12,12,5,Finisher,3193
Rafael,Palomino,Rafael Palomino,816,M25-29,Male,Cartagena de Indias,CO-BOL,Colombia,CO,0:35:24,2:37:37,1:14:36,0:02:04,0:01:47,4:31:28,2124,9457,4476,124,107,16288,13,13,2,57,52,8,64,61,9,13,13,2,Finisher,3470
Fernando,Morales Rengifo,Fernando Morales Rengifo,798,M35-39,Male,Cartagena,Bolívar,Colombia,CO,0:29:32,2:28:35,1:31:14,0:01:01,0:01:53,4:32:15,1772,8915,5474,61,113,16335,14,14,6,6,5,3,13,13,6,14,14,6,Finisher,3166
Martin,Capriotti,Martin Capriotti,484,M40-44,Male,Villa María,AR-X,Argentina,AR,0:32:36,2:23:54,1:32:40,0:01:06,0:02:16,4:32:31,1956,8634,5560,66,136,16351,15,15,2,25,23,5,11,11,1,15,15,2,Finisher,3389
Mateo,Nuñez Oviedo,Mateo Nuñez Oviedo,521,M25-29,Male,cota,CO-CUN,Colombia,CO,0:36:00,2:21:56,1:32:04,0:01:57,0:01:28,4:33:26,2160,8516,5524,117,88,16406,16,16,3,73,65,11,14,14,1,16,16,3,Finisher,3435
Julian,Leal,Julian Leal,238,M25-29,Male,Bogota,CO-DC,Colombia,CO,0:31:45,2:30:29,1:28:12,0:02:27,0:02:39,4:35:31,1905,9029,5292,147,159,16531,17,17,4,20,18,1,28,28,4,17,17,4,Finisher,3397
Luis alberto,Lovera hernandez ,Luis alberto Lovera hernandez,685,M18-24,Male,Bogotá,Distrito Capital,Colombia,CO,0:35:59,2:26:28,1:31:11,0:01:46,0:01:59,4:37:23,2159,8788,5471,106,119,16643,18,18,1,71,64,3,23,23,1,18,18,1,Finisher,3500
Rafael,Pulido,Rafael Pulido,125,M35-39,Male,Bogota,CO-DC,Colombia,CO,0:35:27,2:27:22,1:31:20,0:02:01,0:01:56,4:38:05,2127,8842,5480,121,116,16685,19,19,7,59,54,17,29,29,10,19,19,7,Finisher,3061
Andrés,Cárdenas,Andrés Cárdenas,172,M25-29,Male,Bogotá,DISTRITO CAPITAL DE BOGOTA,Colombia,CO,0:36:18,2:27:11,1:32:07,0:01:43,0:01:27,4:38:46,2178,8831,5527,103,87,16726,20,20,5,82,72,12,30,30,5,20,20,5,Finisher,3339
Camilo,Ortiz,Camilo Ortiz,119,M45-49,Male,Bogotá,DISTRITO CAPITAL DE BOGOTA,Colombia,CO,0:32:24,2:29:22,1:34:38,0:01:22,0:02:11,4:39:57,1944,8962,5678,82,131,16797,21,21,1,23,21,3,18,18,1,21,21,1,Finisher,3500
Alvaro,Sabbagh,Alvaro Sabbagh,286,M40-44,Male,Bogotá,CO-DC,Colombia,CO,0:33:43,2:27:10,1:36:32,0:01:24,0:01:44,4:40:34,2023,8830,5792,84,104,16834,22,22,3,37,35,7,17,17,3,22,22,3,Finisher,3244
Gildebran,Gil Arenas,Gildebran Gil Arenas,479,M40-44,Male,Envigado,Antioquia,Colombia,CO,0:36:34,2:25:07,1:35:45,0:02:05,0:01:53,4:41:23,2194,8707,5745,125,113,16883,23,23,4,89,78,15,20,20,5,23,23,4,Finisher,3230
Andres,Serna,Andres Serna,485,M35-39,Male,Cali,Valle del Cauca,Colombia,CO,0:34:48,2:32:50,1:29:43,0:01:41,0:02:45,4:41:47,2088,9170,5383,101,165,16907,24,24,8,52,47,14,43,42,15,24,24,8,Finisher,2994
Isaac,Henares,Isaac Henares,128,M45-49,Male,Puerto Aventuras,MX-ROO,Mexico,MX,0:31:54,2:30:19,1:35:13,0:02:06,0:02:22,4:41:55,1914,9019,5713,126,142,16915,25,25,2,21,19,2,25,25,3,25,25,2,Finisher,3464
Nico,Ortiz,Nico Ortiz,509,M40-44,Male,Bogota,Valle del Cauca,Colombia,CO,0:29:35,2:36:43,1:32:09,0:01:20,0:02:24,4:42:11,1775,9403,5529,80,144,16931,26,26,5,7,6,1,38,37,9,26,26,5,Finisher,3215
Cristian Ariel,Aranda Ayala,Cristian Ariel Aranda Ayala,279,M30-34,Male,Asunción,Central,Paraguay,PY,0:33:48,2:34:41,1:29:32,0:01:57,0:02:40,4:42:37,2028,9281,5372,117,160,16957,27,27,5,38,36,6,44,43,6,27,27,5,Finisher,2892
Juan Esteban,Mejia-Villegas,Juan Esteban Mejia-Villegas,294,M40-44,Male,La Ceja,CO-ANT,Colombia,CO,0:34:17,2:27:19,1:36:55,0:01:38,0:02:31,4:42:40,2057,8839,5815,98,151,16960,28,28,6,44,41,9,19,19,4,28,28,6,Finisher,3206
Lina,Raga,Lina Raga,635,F35-39,Female,ARMENIA,quindio,Colombia,CO,0:28:36,2:36:30,1:33:50,0:01:22,0:02:29,4:42:47,1716,9390,5630,82,149,16967,29,1,1,3,1,1,34,1,1,29,1,1,Finisher,3500
Alejandro,Mesa,Alejandro Mesa,179,M25-29,Male,marinilla,CO-ANT,Colombia,CO,0:35:41,2:26:33,1:36:56,0:02:02,0:01:43,4:42:55,2141,8793,5816,122,103,16975,30,29,6,65,59,9,24,24,3,30,29,6,Finisher,3264
Ernesto ,Sarmiento Combariza ,Ernesto Sarmiento Combariza,506,M35-39,Male,Bogotá,Distrito Capital,Colombia,CO,0:30:49,2:34:20,1:35:45,0:02:17,0:01:57,4:45:08,1849,9260,5745,137,117,17108,31,30,9,17,15,7,37,36,13,31,30,9,Finisher,2934
Juan Felipe,González Restrepo ,Juan Felipe González Restrepo,454,M35-39,Male,MEDELLIN,CO-ANT,Colombia,CO,0:35:25,2:26:42,1:38:48,0:02:24,0:02:36,4:45:55,2125,8802,5928,144,156,17155,32,31,10,58,53,16,27,27,9,32,31,10,Finisher,2920
Andres Santiago,Suarez Baquero,Andres Santiago Suarez Baquero,270,M18-24,Male,540: Soacha | Cundinamarca,Cundinamarca,Colombia,CO,0:36:01,2:31:25,1:35:56,0:00:59,0:01:54,4:46:15,2161,9085,5756,59,114,17175,33,32,2,74,66,4,40,39,2,33,32,2,Finisher,3340
Jose,Reyes,Jose Reyes,120,M50-54,Male,Bogota,Distrito Capital,Colombia,CO,0:37:06,2:27:56,1:37:27,0:02:00,0:02:39,4:47:08,2226,8876,5847,120,159,17228,34,33,1,99,87,3,35,34,1,34,33,1,Finisher,3500
Sebastián,González Vásquez,Sebastián González Vásquez,562,M25-29,Male,MEDELLÍN,ANTIOQUIA,Colombia,CO,0:33:02,2:34:28,1:37:33,0:01:36,0:01:52,4:48:31,1982,9268,5853,96,112,17311,35,34,7,31,29,3,41,40,6,35,34,7,Finisher,3163
Pablo Andres,Quintero Vallejo,Pablo Andres Quintero Vallejo,438,M45-49,Male,Manizales,CO-CAL,Colombia,CO,0:31:30,2:31:34,1:42:10,0:01:06,0:02:30,4:48:50,1890,9094,6130,66,150,17330,36,35,3,19,17,1,22,22,2,36,35,3,Finisher,3340
Luisa,Zapata,Luisa Zapata,710,F30-34,Female,cali,CO-VAC,Colombia,CO,0:30:34,2:43:21,1:32:39,0:00:58,0:01:58,4:49:31,1834,9801,5559,58,118,17371,37,2,1,14,2,1,62,3,1,37,2,1,Finisher,3500
Cristian,Moreno,Cristian Moreno,646,M35-39,Male,Bogotá,CO-DC,Colombia,CO,0:35:56,2:30:09,1:39:52,0:02:13,0:02:36,4:50:47,2156,9009,5992,133,156,17447,38,36,11,69,62,19,39,38,14,38,36,11,Finisher,2832
Leonardo,Montero,Leonardo Montero,659,M40-44,Male,Bogota,CO-DC,Colombia,CO,0:30:30,2:31:49,1:45:05,0:01:30,0:02:16,4:51:09,1830,9109,6305,90,136,17469,39,37,7,13,12,3,21,21,6,39,37,7,Finisher,3054
Natasha,Mendez,Natasha Mendez,253,F35-39,Female,Santiago ,Santiago,Dominican Republic,DO,0:34:30,2:43:47,1:28:39,0:02:11,0:02:02,4:51:10,2070,9827,5319,131,122,17470,40,3,2,50,5,3,88,5,3,40,3,2,Finisher,3349
Javier,Sanchez-Mateos Enrique,Javier Sanchez-Mateos Enrique,702,M35-39,Male,Ciudad de Mexico,CIUDAD DE MEXICO,Spain,ES,0:36:58,2:37:41,1:31:37,0:02:13,0:03:43,4:52:12,2218,9461,5497,133,223,17532,41,38,12,97,85,21,70,67,18,41,38,12,Finisher,2807
Rafael,Astudillo Arcos,Rafael Astudillo Arcos,436,M35-39,Male,LOS ANDES,Valparaíso,Chile,CL,0:36:05,2:35:46,1:37:45,0:01:04,0:01:47,4:52:26,2165,9346,5865,64,107,17546,42,39,13,76,67,20,53,52,16,42,39,13,Finisher,2802
Natalia,Arbelaez,Natalia Arbelaez,217,F35-39,Female,Cali,CO-CUN,Colombia,CO,0:34:23,2:36:59,1:35:52,0:03:14,0:02:09,4:52:37,2063,9419,5752,194,129,17557,43,4,3,49,4,2,60,2,2,43,4,3,Finisher,3323
Ronald Yesid,González Nieves,Ronald Yesid González Nieves,406,M35-39,Male,Cartagena,CO-BOL,Colombia,CO,0:44:46,2:31:22,1:32:28,0:02:22,0:02:06,4:53:04,2686,9082,5548,142,126,17584,44,40,14,323,281,48,76,72,19,44,40,14,Finisher,2791
Marcelo,Gutierrez,Marcelo Gutierrez,661,M35-39,Male,Manizales,CAL,Colombia,CO,0:38:37,2:23:05,1:47:01,0:02:40,0:02:14,4:53:37,2317,8585,6421,160,134,17617,45,41,15,142,126,26,26,26,8,45,41,15,Finisher,2781
Joaquín,Cardona Meléndez,Joaquín Cardona Meléndez,780,M18-24,Male,cali,VALLE DEL CAUCA,Colombia,CO,0:36:20,2:37:20,1:35:55,0:02:14,0:02:15,4:54:05,2180,9440,5755,134,135,17645,46,42,3,83,73,5,66,63,3,46,42,3,Finisher,3199
Victor Manuel,Garcia Perea,Victor Manuel Garcia Perea,235,M25-29,Male,La Paila ,VALLE DEL CAUCA,Colombia,CO,0:34:20,2:35:14,1:41:11,0:01:45,0:01:40,4:54:11,2060,9314,6071,105,100,17651,47,43,8,45,42,6,46,45,7,47,43,8,Finisher,3061
Antonio ,Colles,Antonio Colles,182,M50-54,Male,Merida ,MERIDA,Venezuela,VE,0:35:15,2:36:17,1:37:59,0:02:33,0:02:24,4:54:29,2115,9377,5879,153,144,17669,48,44,2,56,51,1,57,56,3,48,44,2,Finisher,3367
Andres,Lastra,Andres Lastra,628,M30-34,Male,Bogota,Bogota,Colombia,CO,0:38:03,2:40:25,1:33:46,0:01:53,0:01:19,4:55:26,2283,9625,5626,113,79,17726,49,45,6,122,107,20,86,82,14,49,45,6,Finisher,2661
Sebastian,Torres Yepes,Sebastian Torres Yepes,688,M30-34,Male,Medellin,CO-ANT,Colombia,CO,0:34:10,2:32:15,1:43:00,0:02:46,0:03:25,4:55:35,2050,9135,6180,166,205,17735,50,46,7,43,40,7,42,41,5,50,46,7,Finisher,2658
Andres ,Rodriguez,Andres Rodriguez,127,M35-39,Male,Bucaramanga,CO-SAN,Colombia,CO,0:30:43,2:30:19,1:51:31,0:01:01,0:02:01,4:55:36,1843,9019,6691,61,121,17736,51,47,16,16,14,6,16,16,7,51,47,16,Finisher,2745
Luis,Romero,Luis Romero,760,M30-34,Male,Santo Domingo,DO-01,Dominican Republic,DO,0:34:23,2:34:14,1:40:56,0:02:36,0:03:48,4:55:57,2063,9254,6056,156,228,17757,52,48,8,48,45,8,45,44,7,52,48,8,Finisher,2652
Esteban,Guerrero Álvarez,Esteban Guerrero Álvarez,309,M30-34,Male,Bogotá,Bogotá,Colombia,CO,0:39:33,2:40:01,1:30:36,0:02:48,0:03:21,4:56:19,2373,9601,5436,168,201,17779,53,49,9,158,138,26,103,98,18,53,49,9,Finisher,2645
Federico,Pardo,Federico Pardo,536,M50-54,Male,Bogota,Distrito Capital,Colombia,CO,0:35:58,2:31:03,1:42:02,0:04:46,0:03:15,4:57:05,2158,9063,6122,286,195,17825,54,50,3,70,63,2,48,47,2,54,50,3,Finisher,3320
Rafael,Sanchez Nazariega,Rafael Sanchez Nazariega,118,M55-59,Male,Mexico. D.F.,MX-CMX,Mexico,MX,0:41:05,2:33:37,1:37:37,0:01:38,0:03:50,4:57:47,2465,9217,5857,98,230,17867,55,51,1,201,174,9,68,65,1,55,51,1,Finisher,3500
Alexander,Gomez,Alexander Gomez,347,M45-49,Male,armenia,quindio,Colombia,CO,0:41:22,2:41:51,1:30:54,0:01:35,0:02:37,4:58:19,2482,9711,5454,95,157,17899,56,52,4,217,188,29,118,112,13,56,52,4,Finisher,3169
Camilo Alejandro,Sierra Hernandez,Camilo Alejandro Sierra Hernandez,395,M35-39,Male,san andres islas,CO-SAP,Colombia,CO,0:30:23,2:35:06,1:48:38,0:01:49,0:02:32,4:58:28,1823,9306,6518,109,152,17908,57,53,17,12,11,4,36,35,12,57,53,17,Finisher,2694
Alejandro,Monsalve,Alejandro Monsalve,105,M40-44,Male,Bogotá,CO-DC,Colombia,CO,0:34:21,2:28:58,1:50:50,0:02:07,0:02:28,4:58:44,2061,8938,6650,127,148,17924,58,54,8,46,43,10,32,32,7,58,54,8,Finisher,2917
Andres,Mora,Andres Mora,728,M45-49,Male,SANTA MARTA,AU-WA,Colombia,CO,0:36:06,2:33:21,1:44:26,0:02:07,0:03:25,4:59:26,2166,9201,6266,127,205,17966,59,55,5,77,68,8,47,46,4,59,55,5,Finisher,3149
Patrick,Brotons,Patrick Brotons,292,M50-54,Male,peymeinade,,France,FR,0:39:34,2:33:27,1:42:07,0:01:56,0:02:25,4:59:28,2374,9207,6127,116,145,17968,60,56,4,159,139,7,63,60,4,60,56,4,Finisher,3278
David,Castañeda Insuasty,David Castañeda Insuasty,561,M35-39,Male,Bogotá,CO-Bogotá,Colombia,CO,0:39:40,2:40:56,1:34:34,0:03:19,0:02:17,5:00:45,2380,9656,5674,199,137,18045,61,57,18,161,141,29,115,109,27,61,57,18,Finisher,2653
Giovanny Alberto ,Rondón Archila ,Giovanny Alberto Rondón Archila,534,M45-49,Male,Piedecuesta,CO-SAN,Colombia,CO,0:41:31,2:31:44,1:43:24,0:01:24,0:02:47,5:00:49,2491,9104,6204,84,167,18049,62,58,6,223,193,30,61,59,7,62,58,6,Finisher,3124
Luis Miguel ,Ramírez Arcila,Luis Miguel Ramírez Arcila,608,M30-34,Male,Rionegro,Antioquia ,Colombia,CO,0:32:45,2:43:49,1:38:29,0:02:54,0:03:17,5:01:14,1965,9829,5909,174,197,18074,63,59,10,27,25,5,82,78,13,63,59,10,Finisher,2557
Raul Eduardo,Garces Jimenez,Raul Eduardo Garces Jimenez,132,M40-44,Male,Viña del mar,VALPARAISO,Chile,CL,0:30:10,2:33:48,1:53:16,0:01:57,0:02:30,5:01:40,1810,9228,6796,117,150,18100,64,60,9,11,10,2,33,33,8,64,60,9,Finisher,2864
Pedro,Abad,Pedro Abad,520,M18-24,Male,Medellín,Antioquia,Colombia,CO,0:34:58,2:42:00,1:40:29,0:03:10,0:01:48,5:02:25,2098,9720,6029,190,108,18145,65,61,4,54,49,2,85,81,4,65,61,4,Finisher,3049
Juan Felipe,Ramirez Buitrago,Juan Felipe Ramirez Buitrago,546,M40-44,Male,Rionegro,Antioquia,Colombia,CO,0:36:33,2:35:08,1:46:55,0:02:02,0:03:04,5:03:42,2193,9308,6415,122,184,18222,66,62,10,88,77,14,54,53,11,66,62,10,Finisher,2828
Stefania,Ramos,Stefania Ramos,129,F30-34,Female,BOGOTÁ,CO-CO-DC,Colombia,CO,0:35:39,2:40:13,1:44:22,0:02:07,0:01:33,5:03:55,2139,9613,6262,127,93,18235,67,5,2,64,6,2,73,4,2,67,5,2,Finisher,3240
Juan,Torrado,Juan Torrado,679,M45-49,Male,South Lyon,MI,Colombia,CO,0:37:30,2:39:44,1:43:03,0:01:32,0:02:07,5:03:57,2250,9584,6183,92,127,18237,68,63,7,107,95,10,78,74,9,68,63,7,Finisher,3068
Hermes Andres,Fajardo Cantillo,Hermes Andres Fajardo Cantillo,370,M45-49,Male,BOGOTA,DISTRITO CAPITAL DE BOGOTA,Colombia,CO,0:38:52,2:44:37,1:36:35,0:02:17,0:01:44,5:04:05,2332,9877,5795,137,104,18245,69,64,8,145,128,17,123,115,15,69,64,8,Finisher,3065
Andrea,Castano,Andrea Castano,699,F25-29,Female,Cartagena,CO-BOL,Colombia,CO,0:36:17,2:49:32,1:34:52,0:01:25,0:02:30,5:04:36,2177,10172,5692,85,150,18276,70,6,1,81,10,1,135,9,1,70,6,1,Finisher,3500
Juan,Sabbagh,Juan Sabbagh,122,M30-34,Male,Bogotá DC,Distrito Capital,Colombia,CO,0:38:07,2:31:31,1:49:32,0:02:34,0:02:53,5:04:36,2287,9091,6572,154,173,18276,71,65,11,127,111,22,51,50,8,71,65,11,Finisher,2496
Sebastián,Benítez,Sebastián Benítez,325,M40-44,Male,Medellín,CO-ANT,Colombia,CO,0:38:24,2:37:49,1:43:28,0:02:35,0:02:31,5:04:48,2304,9469,6208,155,151,18288,72,66,11,136,120,24,79,75,15,72,66,11,Finisher,2808
Mario Fernando ,Camargo Gómez,Mario Fernando Camargo Gómez,493,M40-44,Male,Cali,Valle del Cauca,Colombia,CO,0:45:51,2:33:25,1:41:12,0:02:37,0:02:03,5:05:09,2751,9205,6072,157,123,18309,73,67,12,364,315,75,100,95,22,73,67,12,Finisher,2802
Daniel Eduardo,Gallo Usma,Daniel Eduardo Gallo Usma,745,M40-44,Male,anserma,CO-CAL,Colombia,CO,0:42:40,2:37:48,1:41:03,0:01:11,0:02:29,5:05:10,2560,9468,6063,71,149,18310,74,68,13,254,217,51,96,91,20,74,68,13,Finisher,2801
Camilo Andrés,Gutiérrez Boada,Camilo Andrés Gutiérrez Boada,116,M40-44,Male,Bogota,CO-DC,Colombia,CO,0:43:47,2:33:46,1:44:49,0:01:24,0:01:33,5:05:18,2627,9226,6289,84,93,18318,75,69,14,293,253,57,81,77,16,75,69,14,Finisher,2799
Juan Diego,Jaramillo,Juan Diego Jaramillo,656,M45-49,Male,La Calera,Cundinamarca,Colombia,CO,0:36:17,2:33:43,1:49:16,0:02:03,0:04:22,5:05:42,2177,9223,6556,123,262,18342,76,70,9,80,71,9,49,48,5,76,70,9,Finisher,3036
Camilo,Lopez,Camilo Lopez,112,M40-44,Male,Bogotá,CO-DC,Colombia,CO,0:39:58,2:50:13,1:30:29,0:01:52,0:03:44,5:06:16,2398,10213,5429,112,224,18376,77,71,15,167,147,31,168,157,38,77,71,15,Finisher,2782
Diego Alejandro,Pardo,Diego Alejandro Pardo,684,M35-39,Male,IBAGUÉ,Tolima,Colombia,CO,0:39:50,2:42:34,1:40:44,0:01:31,0:02:09,5:06:47,2390,9754,6044,91,129,18407,78,72,19,166,146,30,116,110,28,78,72,19,Finisher,2544
Herbert Alexander,Benavides Garzón,Herbert Alexander Benavides Garzón,233,M30-34,Male,Cajicá,Cundinamarca,Colombia,CO,0:36:14,2:42:33,1:39:39,0:02:30,0:06:16,5:07:12,2174,9753,5979,150,376,18432,79,73,12,79,70,13,92,87,15,79,73,12,Finisher,2449
Luis Alejandro,Castañeda,Luis Alejandro Castañeda,387,M35-39,Male,Bogotá,Distrito Capital,Colombia,CO,0:33:33,2:44:09,1:43:30,0:02:45,0:03:40,5:07:36,2013,9849,6210,165,220,18456,80,74,20,33,31,11,87,83,21,80,74,20,Finisher,2529
Andres,Baron,Andres Baron,297,M35-39,Male,Bogota,Bogota DC,Colombia,CO,0:38:03,2:39:08,1:46:35,0:01:38,0:02:22,5:07:46,2283,9548,6395,98,142,18466,81,75,21,121,106,23,80,76,20,81,75,21,Finisher,2526
Diego Alfonso,Prieto Torres,Diego Alfonso Prieto Torres,184,M30-34,Male,Bogotá,DISTRITO CAPITAL DE BOGOTA,Colombia,CO,0:39:00,2:32:27,1:51:09,0:02:53,0:02:33,5:08:03,2340,9147,6669,173,153,18483,82,76,13,146,129,24,59,58,10,82,76,13,Finisher,2434
Nicolas,Galvis,Nicolas Galvis,296,M30-34,Male,BOGOTA,Bogotá D.C.,Colombia,CO,0:36:13,2:44:22,1:44:09,0:01:21,0:02:24,5:08:28,2173,9862,6249,81,144,18508,83,77,14,78,69,12,101,96,17,83,77,14,Finisher,2426
Edgar,Hernandez Otero ,Edgar Hernandez Otero,736,M30-34,Male,bucaramanga,CO-SAN,Colombia,CO,0:36:58,2:37:30,1:50:33,0:01:22,0:02:09,5:08:32,2218,9450,6633,82,129,18512,84,78,15,96,84,16,65,62,11,84,78,15,Finisher,2425
Lina ,Herrera ,Lina Herrera,467,F40-44,Female,Cali,CO-VAC,Colombia,CO,0:42:23,2:40:41,1:40:52,0:02:04,0:03:04,5:09:04,2543,9641,6052,124,184,18544,85,7,1,246,37,2,119,7,1,85,7,1,Finisher,3500
Andres,Serrano,Andres Serrano,439,M40-44,Male,Bucaramanga,CO-SAN,Colombia,CO,0:39:49,2:37:01,1:48:03,0:01:21,0:03:08,5:09:21,2389,9421,6483,81,188,18561,86,79,16,165,145,30,74,70,12,86,79,16,Finisher,2726
Aaron,Miranda,Aaron Miranda,314,M30-34,Male,Panama,Panama,Panama,PA,0:36:21,2:35:36,1:53:16,0:01:57,0:02:59,5:10:11,2181,9336,6796,117,179,18611,87,80,16,84,74,14,55,54,9,87,80,16,Finisher,2396
Mateo,Moreno,Mateo Moreno,701,M30-34,Male,Pasto,Nariño,Colombia,CO,0:42:50,2:45:30,1:37:27,0:02:34,0:02:12,5:10:32,2570,9930,5847,154,132,18632,88,81,17,261,224,36,157,146,26,88,81,17,Finisher,2389
MIGUEL,RIANO,MIGUEL RIANO,304,M45-49,Male,BOGOTA / SUBA,Distrito Capital,Colombia,CO,0:40:11,2:29:26,1:55:03,0:03:09,0:03:45,5:11:35,2411,8966,6903,189,225,18695,89,82,10,175,153,22,52,51,6,89,82,10,Finisher,2930
Sara Melissa,Musalan Castro,Sara Melissa Musalan Castro,664,F30-34,Female,Medellin,CO-ANT,Colombia,CO,0:37:31,2:47:04,1:44:09,0:01:04,0:01:57,5:11:44,2251,10024,6249,64,117,18704,90,8,3,108,13,5,121,8,3,90,8,3,Finisher,3100
Jose Eduardo,González,Jose Eduardo González,399,M40-44,Male,Bogotá D.C.,DISTRITO CAPITAL DE BOGOTA,Colombia,CO,0:44:02,2:42:43,1:41:27,0:01:23,0:02:23,5:11:58,2642,9763,6087,83,143,18718,91,83,17,304,263,59,141,132,29,91,83,17,Finisher,2679
Arthur,Santana,Arthur Santana,810,M35-39,Male,Barranquilla,CO-ATL,Cook Islands,CK,0:49:39,2:35:46,1:42:01,0:03:22,0:02:04,5:12:51,2979,9346,6121,202,124,18771,92,84,22,477,413,78,145,136,31,92,84,22,Finisher,2435
Andres,Cajiao,Andres Cajiao,161,M40-44,Male,Bogotá,CO-DC,Colombia,CO,0:40:22,2:50:16,1:37:59,0:02:26,0:02:08,5:13:11,2422,10216,5879,146,128,18791,93,85,18,180,156,34,176,163,40,93,85,18,Finisher,2657
Jhon,Vega ,Jhon Vega,418,M40-44,Male,Sogamoso,CO-BOY,Colombia,CO,0:42:24,2:44:16,1:42:01,0:01:40,0:03:14,5:13:34,2544,9856,6121,100,194,18814,94,86,19,247,210,45,142,133,30,94,86,19,Finisher,2650
Santiago,Idárraga Álvarez,Santiago Idárraga Álvarez,769,M30-34,Male,BOGOTA,Colorado,Colombia,CO,0:43:53,2:41:22,1:45:06,0:01:46,0:01:30,5:13:38,2633,9682,6306,106,90,18818,95,87,18,298,258,39,132,124,23,95,87,18,Finisher,2333
Fabio,souza,Fabio souza,284,M45-49,Male,Sao Paulo,BR-SP,Brazil,BR,0:40:14,2:33:51,1:54:53,0:02:40,0:02:07,5:13:44,2414,9231,6893,160,127,18824,96,88,11,178,155,23,69,66,8,96,88,11,Finisher,2891
Andres,Sanchez Vega,Andres Sanchez Vega,575,M30-34,Male,Rionegro,ANTIOQUIA,Colombia,CO,0:35:32,2:39:47,1:53:03,0:01:37,0:04:22,5:14:21,2132,9587,6783,97,262,18861,97,89,19,61,56,11,71,68,12,97,89,19,Finisher,2321
Felipe,Gomez Angel,Felipe Gomez Angel,437,M45-49,Male,Medellin,Antioquia,Colombia,CO,0:44:52,2:38:33,1:45:45,0:02:44,0:02:44,5:14:38,2692,9513,6345,164,164,18878,98,90,12,331,289,49,125,117,16,98,90,12,Finisher,2875
Marlon,Martinez,Marlon Martinez,665,M35-39,Male,Medellin,CO-ANT,Colombia,CO,0:52:28,2:35:42,1:43:13,0:01:17,0:02:01,5:14:41,3148,9342,6193,77,121,18881,99,91,23,550,471,88,151,141,33,99,91,23,Finisher,2402
John Andres,Gomez,John Andres Gomez,442,M45-49,Male,Sabaneta,CO-ANT,Colombia,CO,0:42:41,2:35:28,1:49:30,0:01:55,0:05:27,5:15:01,2561,9328,6570,115,327,18901,100,92,13,255,218,34,84,80,10,100,92,13,Finisher,2868
David,Gonzalez,David Gonzalez,126,M35-39,Male,Bogota DC,Distrito Capital,Colombia,CO,0:32:57,2:29:43,2:07:32,0:02:43,0:02:38,5:15:34,1977,8983,7652,163,158,18934,101,93,24,29,27,10,31,31,11,101,93,24,Finisher,2386
Edgar Alejandro,Chaparro,Edgar Alejandro Chaparro,774,M40-44,Male,cali,valle del cauca,Colombia,CO,0:32:22,2:37:57,2:01:21,0:01:51,0:02:13,5:15:44,1942,9477,7281,111,133,18944,102,94,20,22,20,4,50,49,10,102,94,20,Finisher,2611
Rommel,Miranda,Rommel Miranda,451,M40-44,Male,Quito,EC-P,Ecuador,EC,0:41:37,2:36:32,1:54:26,0:01:23,0:03:02,5:16:59,2497,9392,6866,83,182,19019,103,95,21,230,199,42,83,79,17,103,95,21,Finisher,2589
Juan Nicolás,Torres Jaramillo,Juan Nicolás Torres Jaramillo,687,M50-54,Male,Puerto colombia,CO-ATL,Colombia,CO,0:40:47,2:34:53,1:53:40,0:05:08,0:02:50,5:17:19,2447,9293,6820,308,170,19039,104,96,5,192,166,8,90,85,6,104,96,5,Finisher,2956
Juan Pablo,Leiva,Juan Pablo Leiva,221,M25-29,Male,San Luis Potosi,San Luis Potosi,Mexico,MX,0:41:06,2:32:33,1:57:09,0:03:36,0:03:01,5:17:24,2466,9153,7029,216,181,19044,105,97,9,202,175,21,72,69,10,105,97,9,Finisher,2643
William,Montoya Usma,William Montoya Usma,108,M45-49,Male,medellin )bello),CO-ANT,Colombia,CO,0:45:41,2:38:24,1:48:31,0:02:37,0:02:24,5:17:37,2741,9504,6511,157,144,19057,106,98,14,355,309,56,129,121,19,106,98,14,Finisher,2822
Giuliana,Cosoli,Giuliana Cosoli,198,F35-39,Female,La plata,Buenos Aires,Argentina,AR,0:38:01,2:51:01,1:45:05,0:01:46,0:01:48,5:17:41,2281,10261,6305,106,108,19061,107,9,4,120,15,5,155,11,4,107,9,4,Finisher,2871
Juan Carlos,Peña,Juan Carlos Peña,237,M55-59,Male,BOGOTA,CO-CUN,Colombia,CO,0:37:18,2:42:47,1:52:01,0:01:53,0:04:11,5:18:10,2238,9767,6721,113,251,19090,108,99,2,102,90,2,102,97,2,108,99,2,Finisher,3133
German Guillermo ,Culma Tovar ,German Guillermo Culma Tovar,224,M40-44,Male,Ibague ,CO-TOL,Colombia,CO,0:47:13,2:34:07,1:52:10,0:02:29,0:02:12,5:18:12,2833,9247,6730,149,132,19092,109,100,22,403,350,83,112,106,25,109,100,22,Finisher,2567
Raphael,Valencia,Raphael Valencia,641,M30-34,Male,manizales,CALDAS,Colombia,CO,0:34:36,2:48:33,1:50:20,0:02:21,0:02:28,5:18:19,2076,10113,6620,141,148,19099,110,101,20,51,46,9,120,113,20,110,101,20,Finisher,2249
Felipe,Cuellar B,Felipe Cuellar B,266,M35-39,Male,BOGOTÁ,CUNDINAMARCA,Colombia,CO,0:39:10,2:42:30,1:51:28,0:01:27,0:03:48,5:18:23,2350,9750,6688,87,228,19103,111,102,25,151,134,27,107,101,25,111,102,25,Finisher,2335
Didier,Benjumea,Didier Benjumea,648,M40-44,Male,Pereira,RISARALDA,Colombia,CO,0:46:43,2:45:28,1:44:00,0:02:02,0:01:27,5:19:40,2803,9928,6240,122,87,19180,112,103,23,382,332,79,186,173,46,112,103,23,Finisher,2540
Josua,Perez,Josua Perez,319,M35-39,Male,Barranquilla,Atlantico,Colombia,CO,0:39:38,2:31:36,2:03:22,0:02:47,0:02:30,5:19:52,2378,9096,7402,167,150,19192,113,104,26,160,140,28,56,55,17,113,104,26,Finisher,2309
Luca,Arosemena,Luca Arosemena,321,M25-29,Male,Panama City,PA-8,Panama,PA,0:37:13,2:35:02,2:03:51,0:02:02,0:01:45,5:19:53,2233,9302,7431,122,105,19193,114,105,10,101,89,14,58,57,8,114,105,10,Finisher,2599
Manuel,Sanchez,Manuel Sanchez,612,M30-34,Male,BUCARAMANGA,Santander,Colombia,CO,0:41:17,2:40:46,1:54:26,0:01:23,0:02:25,5:20:16,2477,9646,6866,83,145,19216,115,106,21,211,182,29,108,102,19,115,106,21,Finisher,2214
Camila,Ardila,Camila Ardila,662,F18-24,Female,Los Patios,CO-NSA,Colombia,CO,0:36:00,2:46:08,1:55:23,0:00:57,0:01:54,5:20:22,2160,9968,6923,57,114,19222,116,10,1,72,8,2,106,6,1,116,10,1,Finisher,3500
Arturo Andrés,Fernández Ulloa,Arturo Andrés Fernández Ulloa,385,M35-39,Male,,,Chile,CL,0:41:44,2:49:27,1:45:27,0:01:35,0:02:12,5:20:24,2504,10167,6327,95,132,19224,117,107,27,233,201,38,172,160,34,117,107,27,Finisher,2299
Jose,Calderon,Jose Calderon,476,M50-54,Male,Valledupar,CO-CES,Colombia,CO,0:37:18,2:35:51,2:02:14,0:02:54,0:03:01,5:21:19,2238,9351,7334,174,181,19279,118,108,6,104,92,4,67,64,5,118,108,6,Finisher,2884
Sergio ,Cortes,Sergio Cortes,518,M45-49,Male,Bogota,Distrito Capital,Colombia,CO,0:43:21,2:42:38,1:51:17,0:01:52,0:02:15,5:21:23,2601,9758,6677,112,135,19283,119,109,15,276,236,38,140,131,21,119,109,15,Finisher,2754
Juan Sebastián,Hernández Cortes,Juan Sebastián Hernández Cortes,402,M35-39,Male,Bogotá,CO-DISTRITO CAPITAL DE BOGOTA,Colombia,CO,0:41:27,2:34:32,1:56:08,0:05:38,0:04:07,5:21:52,2487,9272,6968,338,247,19312,120,110,28,221,192,37,95,90,22,120,110,28,Finisher,2273
Diego Fernando,Marin Ardila,Diego Fernando Marin Ardila,708,M40-44,Male,Bogota,DISTRITO CAPITAL DE BOGOTA,Colombia,CO,0:37:24,2:40:51,1:56:51,0:03:03,0:03:52,5:22:01,2244,9651,7011,183,232,19321,121,111,24,105,93,18,93,88,19,121,111,24,Finisher,2498
Andres,Rodríguez Martínez,Andres Rodríguez Martínez,617,M40-44,Male,Bogota,CO-DC,Colombia,CO,0:41:23,2:36:29,1:58:53,0:02:40,0:02:41,5:22:06,2483,9389,7133,160,161,19326,122,112,25,218,189,41,89,84,18,122,112,25,Finisher,2497
Daniel,Franco,Daniel Franco,475,M18-24,Male,Barranquilla,CO-ATL,Colombia,CO,0:43:36,2:45:00,1:48:40,0:03:15,0:02:26,5:22:57,2616,9900,6520,195,146,19377,123,113,5,284,244,14,166,155,7,123,113,5,Finisher,2679
Arturo,Olier,Arturo Olier,277,M30-34,Male,"CARTAGENA, BOLIVAR",Bolívar,Colombia,CO,0:43:14,2:42:31,1:52:07,0:02:03,0:03:23,5:23:17,2594,9751,6727,123,203,19397,124,114,22,274,235,37,139,130,24,124,114,22,Finisher,2160
José Sebastian,Triana Malagón,José Sebastian Triana Malagón,359,M30-34,Male,Bogotá,CO-DC,Colombia,CO,0:39:33,2:53:07,1:45:52,0:02:00,0:02:58,5:23:30,2373,10387,6352,120,178,19410,125,115,23,157,137,25,191,178,29,125,115,23,Finisher,2156
Carlos ,Rodríguez ,Carlos Rodríguez,605,M40-44,Male,Cartagena D.C y T,CO-BOL,Colombia,CO,0:36:28,2:38:19,1:59:48,0:03:34,0:05:25,5:23:33,2188,9499,7188,214,325,19413,126,116,26,86,76,13,75,71,13,126,116,26,Finisher,2471
Giovanni,Torres,Giovanni Torres,353,M40-44,Male,Panama,PA-PA-8,Colombia,CO,0:40:01,2:44:23,1:54:24,0:02:46,0:02:30,5:24:04,2401,9863,6864,166,150,19444,127,117,27,168,148,32,133,125,27,127,117,27,Finisher,2461
Hader Norvey,Gómez Gómez,Hader Norvey Gómez Gómez,489,M55-59,Male,Antioquia,Envigado,Colombia,CO,0:38:08,2:48:55,1:50:16,0:03:25,0:03:47,5:24:31,2288,10135,6616,205,227,19471,128,118,3,130,114,4,153,143,4,128,118,3,Finisher,3018
Luis,Lopez,Luis Lopez,522,M35-39,Male,Bogota,CO-DC,Colombia,CO,0:51:03,2:45:12,1:43:06,0:02:22,0:02:55,5:24:37,3063,9912,6186,142,175,19477,129,119,29,523,451,83,226,207,41,129,119,29,Finisher,2223
Carolina,Garcia Triana,Carolina Garcia Triana,657,F40-44,Female,La Calera,CO-CUN,Colombia,CO,0:41:08,2:45:54,1:53:26,0:01:46,0:02:25,5:24:39,2468,9954,6806,106,145,19479,130,11,2,204,28,1,146,10,2,130,11,2,Finisher,3219
Jaime,Baquero,Jaime Baquero,435,M40-44,Male,Cucuta,CO-NSA,Colombia,CO,0:39:40,2:54:01,1:45:05,0:02:19,0:03:48,5:24:52,2380,10441,6305,139,228,19492,131,120,28,162,142,28,203,189,51,131,120,28,Finisher,2447
Oscar alberto ,Peniche soto ,Oscar alberto Peniche soto,739,M30-34,Male,Barranquilla,Atlántico,Colombia,CO,0:42:46,2:45:25,1:52:07,0:02:33,0:02:09,5:25:00,2566,9925,6727,153,129,19500,132,121,24,258,221,35,154,144,25,132,121,24,Finisher,2129
Lucas,Angulo,Lucas Angulo,586,M35-39,Male,Bogotá,CO-CUN,Colombia,CO,0:38:01,2:54:19,1:47:30,0:01:50,0:03:24,5:25:04,2281,10459,6450,110,204,19504,133,122,30,119,105,22,185,172,36,133,122,30,Finisher,2215
Julio ,Calle ,Julio Calle,603,M60-64,Male,Medellin,ANTIOQUIA,Colombia,CO,0:36:49,2:42:20,2:00:39,0:02:41,0:03:03,5:25:30,2209,9740,7239,161,183,19530,134,123,1,93,81,1,98,93,1,134,123,1,Finisher,3500
Albeiro,García Ariza,Albeiro García Ariza,342,M40-44,Male,Barranquilla,CO-ATL,Colombia,CO,0:46:04,2:43:55,1:49:32,0:03:09,0:03:11,5:25:50,2764,9835,6572,189,191,19550,135,124,29,370,321,78,177,164,41,135,124,29,Finisher,2429
Juan Manuel,Maya Díaz,Juan Manuel Maya Díaz,811,M30-34,Male,Bogotá,Bogotá,Colombia,CO,0:37:41,2:45:17,1:54:54,0:03:57,0:04:04,5:25:53,2261,9917,6894,237,244,19553,136,125,25,113,99,19,131,123,22,136,125,25,Finisher,2113
Hector Mauricio,Daza,Hector Mauricio Daza,614,M40-44,Male,São Paulo,BR-SP,Brazil,BR,0:45:34,2:41:45,1:48:18,0:05:52,0:04:30,5:25:59,2734,9705,6498,352,270,19559,137,126,30,353,307,71,178,165,42,137,126,30,Finisher,2427
Edgar,Bucheli Barona,Edgar Bucheli Barona,594,M25-29,Male,Pasto,Nariño,Colombia,CO,0:47:47,2:37:46,1:52:30,0:03:49,0:04:11,5:26:03,2867,9466,6750,229,251,19563,138,127,11,422,366,36,150,140,13,138,127,11,Finisher,2488
Carlos,Aragon,Carlos Aragon,616,M25-29,Male,MEDELLIN,Antioquia,Colombia,CO,0:34:54,2:47:23,1:57:20,0:01:35,0:04:53,5:26:05,2094,10043,7040,95,293,19565,139,128,12,53,48,7,113,107,11,139,128,12,Finisher,2487
Jorge,Vargas Miranda,Jorge Vargas Miranda,398,M40-44,Male,Ibagué,CO-TOL,Colombia,CO,0:36:57,2:51:19,1:50:14,0:02:53,0:04:49,5:26:13,2217,10279,6614,173,289,19573,140,129,31,95,83,17,161,150,33,140,129,31,Finisher,2423
Manuel,Cardozo P,Manuel Cardozo P,445,M35-39,Male,BOGOTA,DISTRITO CAPITAL DE BOGOTA,Colombia,CO,0:40:36,2:40:46,1:59:20,0:02:18,0:03:17,5:26:17,2436,9646,7160,138,197,19577,141,130,31,187,162,32,110,104,26,141,130,31,Finisher,2193
Jaime,Buelvas,Jaime Buelvas,713,M35-39,Male,Medellín,Antioquia,Colombia,CO,0:49:36,2:47:01,1:44:35,0:02:35,0:02:35,5:26:22,2976,10021,6275,155,155,19582,142,131,32,475,411,76,229,210,42,142,131,32,Finisher,2192
diego alejandro,zapata alzate,diego alejandro zapata alzate,598,M35-39,Male,Medellín,CO-ANT,Colombia,CO,0:32:43,2:46:22,2:01:36,0:03:25,0:02:25,5:26:31,1963,9982,7296,205,145,19591,143,132,33,26,24,9,104,99,24,143,132,33,Finisher,2189
Maria Alejandra,Arias Montoya,Maria Alejandra Arias Montoya,307,F35-39,Female,Bogota,CO-DC,Colombia,CO,0:42:23,2:52:39,1:46:05,0:02:55,0:02:42,5:26:45,2543,10359,6365,175,162,19605,144,12,5,245,36,8,221,18,6,144,12,5,Finisher,2708
Rafael,Rojas,Rafael Rojas,433,M40-44,Male,BOGOTA,Distrito Capital,Colombia,CO,0:45:55,2:41:39,1:52:32,0:03:45,0:02:58,5:26:49,2755,9699,6752,225,178,19609,145,133,32,367,318,77,163,152,35,145,133,32,Finisher,2412
Carlos Eduardo,Sánchez Martinez,Carlos Eduardo Sánchez Martinez,310,M40-44,Male,RIONEGRO,ANTIOQUIA,Colombia,CO,0:39:25,2:39:54,1:58:54,0:04:30,0:04:18,5:27:02,2365,9594,7134,270,258,19622,146,134,33,156,136,27,111,105,24,146,134,33,Finisher,2408
Jhonatan,Gil Magaña,Jhonatan Gil Magaña,762,M40-44,Male,Circasia - Vereda Lna Park,QUINDIO,Colombia,CO,0:33:28,2:46:47,2:02:19,0:03:12,0:01:55,5:27:41,2008,10007,7339,192,115,19661,147,135,34,32,30,6,109,103,23,147,135,34,Finisher,2396
Daniela,Marquez,Daniela Marquez,218,F35-39,Female,Bogotá,CO-DC,Colombia,CO,0:36:44,2:53:50,1:53:09,0:01:55,0:02:03,5:27:42,2204,10430,6789,115,123,19662,148,13,6,91,12,4,171,12,5,148,13,6,Finisher,2691
Oscar Fernando,Perez Bueno,Oscar Fernando Perez Bueno,528,M35-39,Male,PASTO,Nariño,Colombia,CO,0:33:35,2:46:41,2:02:51,0:01:37,0:03:11,5:27:55,2015,10001,7371,97,191,19675,149,136,34,34,32,12,99,94,23,149,136,34,Finisher,2164
Camilo,Castellanos Rivera,Camilo Castellanos Rivera,422,M40-44,Male,duitama,boyaca,Colombia,CO,0:41:19,2:50:25,1:49:51,0:03:43,0:03:59,5:29:17,2479,10225,6591,223,239,19757,150,137,35,213,184,39,197,183,48,150,137,35,Finisher,2367
Ramiro,Niampira Hortua,Ramiro Niampira Hortua,590,M35-39,Male,Yopal,CO-CAS,Colombia,CO,0:38:37,2:46:41,1:58:24,0:03:05,0:02:36,5:29:22,2317,10001,7104,185,156,19762,151,138,35,141,125,25,143,134,30,151,138,35,Finisher,2138
Iván Román,Melgarejo,Iván Román Melgarejo,541,M40-44,Male,Santo Domingo,DO-01,Dominican Republic,DO,0:37:41,2:54:55,1:48:12,0:03:16,0:05:22,5:29:26,2261,10495,6492,196,322,19766,152,139,36,114,100,20,202,188,50,152,139,36,Finisher,2365
Julian,Urrutia Albrecht,Julian Urrutia Albrecht,459,M30-34,Male,Bogotá,Distrito Capital,Colombia,CO,0:35:31,2:43:10,2:05:14,0:02:47,0:02:45,5:29:27,2131,9790,7514,167,165,19767,153,140,26,60,55,10,94,89,16,153,140,26,Finisher,2049
Andres Felipe ,Rivera Barreto ,Andres Felipe Rivera Barreto,696,M30-34,,BOGOTA,CO-DC,Colombia,CO,0:38:04,2:58:40,1:46:26,0:03:18,0:03:02,5:29:30,2284,10720,6386,198,182,19770,154,141,27,124,109,21,238,216,33,154,141,27,Finisher,2048
carlos mauricio,saldana osorio,carlos mauricio saldana osorio,246,M35-39,Male,Aguachica,César,Colombia,CO,0:44:42,2:47:37,1:52:06,0:02:02,0:03:14,5:29:41,2682,10057,6726,122,194,19781,155,142,36,321,279,47,188,175,37,155,142,36,Finisher,2132
Daniel,Guevara Gonzalez,Daniel Guevara Gonzalez,588,M45-49,Male,PEREIRA,Risaralda,Colombia,CO,0:32:59,2:46:28,2:03:35,0:03:08,0:03:44,5:29:53,1979,9988,7415,188,224,19793,156,143,16,30,28,5,105,100,11,156,143,16,Finisher,2601
Luis Gabriel,Camargo,Luis Gabriel Camargo,332,M45-49,Male,Barranquilla,Atlántico,Colombia,CO,0:40:11,2:43:56,1:59:02,0:02:11,0:04:47,5:30:07,2411,9836,7142,131,287,19807,157,144,17,174,152,21,126,118,17,157,144,17,Finisher,2597
Helmut Guisseppe,Calderon Viana,Helmut Guisseppe Calderon Viana,315,M40-44,Male,Barrio Boston,Atlántico,Colombia,CO,0:42:28,2:44:27,1:58:03,0:01:47,0:03:29,5:30:14,2548,9867,7083,107,209,19814,158,145,37,249,212,47,144,135,31,158,145,37,Finisher,2350
German,Morales,German Morales,707,M45-49,Male,BOGOTA,CO-DC,Colombia,CO,0:43:45,2:40:18,2:00:29,0:01:40,0:04:13,5:30:25,2625,9618,7229,100,253,19825,159,146,18,291,251,43,122,114,14,159,146,18,Finisher,2591
Patricio ,Villacreses,Patricio Villacreses,463,M35-39,Male,Quito,EC-P,Ecuador,EC,0:41:01,2:44:41,1:59:20,0:03:17,0:02:21,5:30:38,2461,9881,7160,197,141,19838,160,147,37,199,172,35,148,138,32,160,147,37,Finisher,2115
Santiago,FERNANDEZ,Santiago FERNANDEZ,374,M40-44,Male,MERIDA,MX-YUC,Colombia,CO,0:43:45,2:36:54,2:04:29,0:03:28,0:02:49,5:31:25,2625,9414,7469,208,169,19885,161,148,38,292,252,56,117,111,26,161,148,38,Finisher,2329
Harold,Pacheco Mendoza,Harold Pacheco Mendoza,607,M40-44,Male,Soledad,CO-ATL,Colombia,CO,0:54:45,2:55:47,1:32:57,0:05:06,0:03:25,5:32:00,3285,10547,5577,306,205,19920,162,149,39,591,508,114,377,334,79,162,149,39,Finisher,2318
Juan,Fajardo,Juan Fajardo,610,M30-34,Male,Bogotá,Bogotá,Colombia,CO,0:38:07,2:50:34,1:58:22,0:02:43,0:02:18,5:32:03,2287,10234,7102,163,138,19923,163,150,28,128,112,23,164,153,27,163,150,28,Finisher,2002
Alejandra,Bonnelly,Alejandra Bonnelly,543,F25-29,Female,Santo Domingo,,Dominican Republic,DO,0:39:23,2:58:21,1:50:45,0:02:02,0:02:00,5:32:31,2363,10701,6645,122,120,19951,164,14,2,155,20,3,234,21,4,164,14,2,Finisher,2997
Angela Patricia,Parra Jaimes,Angela Patricia Parra Jaimes,737,F25-29,Female,Bucaramanga,Santander,Colombia,CO,0:50:20,2:51:37,1:44:32,0:02:18,0:03:47,5:32:34,3020,10297,6272,138,227,19954,165,15,3,502,69,9,271,27,6,165,15,3,Finisher,2996
Juan Diego,Céspedes Henao,Juan Diego Céspedes Henao,705,M40-44,Male,Barranquilla,CO-ATL,Colombia,CO,0:36:47,2:42:38,2:06:20,0:02:22,0:04:46,5:32:53,2207,9758,7580,142,286,19973,166,151,40,92,80,16,97,92,21,166,151,40,Finisher,2303
Richard,López bran,Richard López bran,824,M35-39,Male,Cartagena,CO-BOL,Colombia,CO,0:38:04,2:54:01,1:54:47,0:03:22,0:03:13,5:33:27,2284,10441,6887,202,193,20007,167,152,38,125,110,24,198,184,39,167,152,38,Finisher,2064
Mauricio,Páez,Mauricio Páez,660,M50-54,Male,Barranquilla,CO-ATL,Colombia,CO,0:42:52,2:45:20,1:58:44,0:02:37,0:03:58,5:33:31,2572,9920,7124,157,238,20011,168,153,7,265,228,15,156,145,7,168,153,7,Finisher,2665
Erasmo,Giraldo,Erasmo Giraldo,817,M55-59,Male,Medellín,ANTIOQUIA,Colombia,CO,0:38:08,2:45:59,2:03:37,0:03:22,0:02:34,5:33:40,2288,9959,7417,202,154,20020,169,154,4,129,113,3,138,129,3,169,154,4,Finisher,2854
Robinson ,Chalapud ,Robinson Chalapud,503,M40-44,Male,Ipiales,Nariño,Colombia,CO,0:57:15,2:17:43,2:12:10,0:03:46,0:02:49,5:33:44,3435,8263,7930,226,169,20024,170,155,41,612,526,119,77,73,14,170,155,41,Finisher,2287
Raimundo,Emiliani,Raimundo Emiliani,507,M45-49,Male,Barranquilla,ATLANTICO,Colombia,CO,0:35:36,3:02:55,1:48:54,0:03:32,0:02:47,5:33:44,2136,10975,6534,212,167,20024,171,156,19,62,57,7,257,232,37,171,156,19,Finisher,2531
HERNAN ANTONIO,MENESES GAMBOA,HERNAN ANTONIO MENESES GAMBOA,458,M40-44,Male,Barranquilla,Atlántico,Chile,CL,0:44:29,2:48:57,1:54:21,0:03:41,0:02:38,5:34:05,2669,10137,6861,221,158,20045,172,157,42,310,269,61,216,199,53,172,157,42,Finisher,2281
Manuel,Diaz Aponte,Manuel Diaz Aponte,397,M40-44,Male,Puerto Ordaz,Bolivar,Venezuela,VE,0:40:39,2:50:35,1:54:48,0:03:35,0:04:33,5:34:11,2439,10235,6888,215,273,20051,173,158,43,189,164,35,194,180,47,173,158,43,Finisher,2279
Jose,Barbaran,Jose Barbaran,663,M40-44,Male,caucasia,CO-ANT,Colombia,CO,0:49:47,2:42:21,1:57:55,0:01:43,0:02:29,5:34:16,2987,9741,7075,103,149,20056,174,159,44,480,416,97,182,169,44,174,159,44,Finisher,2278
Gabriel ,Florez ,Gabriel Florez,640,M45-49,Male,"Bogotá, D.C.",Distrito Capital,Colombia,CO,0:39:08,2:55:52,1:53:24,0:02:28,0:03:31,5:34:23,2348,10552,6804,148,211,20063,175,160,20,149,132,18,219,202,32,175,160,20,Finisher,2520
Julio Cesar,Amador Pinilla,Julio Cesar Amador Pinilla,145,M50-54,Male,Bogota,DISTRITO CAPITAL DE BOGOTA,Colombia,CO,0:44:37,2:46:12,1:55:05,0:04:11,0:04:20,5:34:24,2677,9972,6905,251,260,20064,176,161,8,318,276,19,196,182,10,176,161,8,Finisher,2649
Juan Andrés ,Melo Poveda ,Juan Andrés Melo Poveda,413,M25-29,Male,Barranquilla,Atlántico,Colombia,CO,0:40:55,2:54:43,1:50:49,0:04:16,0:04:03,5:34:45,2455,10483,6649,256,243,20085,177,162,13,196,169,20,237,215,16,177,162,13,Finisher,2331
William,Acosta Bohorquez,William Acosta Bohorquez,502,M30-34,Male,Puerto Colombia,Atlantico,Colombia,CO,0:47:05,2:46:27,1:54:45,0:03:01,0:03:27,5:34:47,2825,9987,6885,181,207,20087,178,163,29,400,347,50,207,191,30,178,163,29,Finisher,1953
Santiago,Vieira,Santiago Vieira,569,M45-49,Male,Rionegro,Antioquia,Colombia,CO,0:38:04,2:51:29,1:58:25,0:02:32,0:04:31,5:35:01,2284,10289,7105,152,271,20101,179,164,21,123,108,13,169,158,24,179,164,21,Finisher,2508
Edgar,Moya,Edgar Moya,727,M40-44,Male,Bogotá,CO-DC,Colombia,CO,0:46:55,2:51:30,1:51:32,0:02:26,0:02:40,5:35:04,2815,10290,6692,146,160,20104,180,165,45,392,339,81,248,225,61,180,165,45,Finisher,2263
Julian,Higuera Pinilla,Julian Higuera Pinilla,552,M45-49,Male,BOGOTA,Distrito Capital,Colombia,CO,0:38:19,2:45:25,2:05:07,0:03:31,0:02:42,5:35:04,2299,9925,7507,211,162,20104,181,166,22,134,118,15,136,127,20,181,166,22,Finisher,2507
Cristian,Díaz ,Cristian Díaz,159,M35-39,Male,Barranquilla,CO-ATL,Colombia,CO,0:53:18,2:43:24,1:48:51,0:05:40,0:04:01,5:35:15,3198,9804,6531,340,241,20115,182,167,39,569,487,91,259,233,43,182,167,39,Finisher,2032
Manuel,Baquero,Manuel Baquero,151,M45-49,Male,Cúcuta,Norte de Santander,Colombia,CO,0:43:48,2:43:25,2:03:42,0:01:36,0:02:52,5:35:24,2628,9805,7422,96,172,20124,183,168,23,295,255,44,147,137,22,183,168,23,Finisher,2501
Javier,Taboada,Javier Taboada,121,M55-59,Male,bogota,DISTRITO CAPITAL DE BOGOTA,Colombia,CO,0:40:39,2:50:01,1:59:50,0:01:30,0:03:30,5:35:31,2439,10201,7190,90,210,20131,184,169,5,188,163,8,170,159,5,184,169,5,Finisher,2820
Luis Camilo,Palacios Zarate,Luis Camilo Palacios Zarate,178,M50-54,Male,Puerto Colombia,atlantico,Colombia,CO,0:43:29,2:43:08,2:00:41,0:04:20,0:03:57,5:35:34,2609,9788,7241,260,237,20134,185,170,9,280,240,16,158,147,8,185,170,9,Finisher,2628
Jeneffer,Solano,Jeneffer Solano,371,F30-34,Female,Bogota,CO-CUN,Colombia,CO,0:35:55,2:54:58,2:01:54,0:01:58,0:02:21,5:37:06,2155,10498,7314,118,141,20226,186,16,4,68,7,3,173,13,4,186,16,4,Finisher,2643
Rodrigo,Pique,Rodrigo Pique,555,M45-49,Male,Valinhos,BR-SP,Brazil,BR,0:37:46,2:53:41,2:00:17,0:02:48,0:02:49,5:37:20,2266,10421,7217,168,169,20240,187,171,24,116,102,11,187,174,26,187,171,24,Finisher,2467
María Alexandra,Bertolani Morantes,María Alexandra Bertolani Morantes,288,F30-34,Female,Caracas,Caracas,Venezuela,VE,0:38:43,2:55:05,1:58:56,0:02:19,0:02:26,5:37:30,2323,10505,7136,139,146,20250,188,17,5,143,17,6,204,15,5,188,17,5,Finisher,2636
Mateo,Gonzalez,Mateo Gonzalez,722,M25-29,Male,Bogota,Bogota,Colombia,CO,0:40:23,2:55:30,1:49:08,0:03:31,0:09:01,5:37:33,2423,10530,6548,211,541,20253,189,172,14,181,157,18,232,212,15,189,172,14,Finisher,2281
Esteven,Cespedes,Esteven Cespedes,457,M30-34,Male,Bogota,Cundinamarca,Colombia,CO,0:42:09,2:49:13,2:00:53,0:03:10,0:02:23,5:37:47,2529,10153,7253,190,143,20267,190,173,30,243,209,34,190,177,28,190,173,30,Finisher,1899
Jimena,Ortiz Lievano,Jimena Ortiz Lievano,447,F45-49,Female,BOGOTA,BOGOTA,Colombia,CO,0:40:03,2:59:02,1:53:26,0:02:02,0:03:26,5:37:58,2403,10742,6806,122,206,20278,191,18,1,171,22,1,250,24,3,191,18,1,Finisher,3500
Diego,Escobar,Diego Escobar,615,M40-44,Male,Bogota,CO-DC,Colombia,CO,0:42:06,3:05:39,1:42:13,0:03:33,0:04:29,5:38:01,2526,11139,6133,213,269,20281,192,174,46,242,208,44,327,293,73,192,174,46,Finisher,2210
Felipe Nicolás ,Lledó Barrientos ,Felipe Nicolás Lledó Barrientos,106,M30-34,Male,Pucón,CL-AR,Chile,CL,0:36:36,3:09:31,1:46:11,0:01:28,0:04:53,5:38:38,2196,11371,6371,88,293,20318,193,175,31,90,79,15,291,262,42,193,175,31,Finisher,1883
Jorge Eduardo,Gordillo Pardo,Jorge Eduardo Gordillo Pardo,571,M45-49,Male,Cota,Cundinamarca,Colombia,CO,0:54:11,2:40:09,1:57:08,0:03:56,0:03:36,5:39:00,3251,9609,7028,236,216,20340,194,176,25,582,499,93,222,204,34,194,176,25,Finisher,2437
Freissman,Carvajal Perkins,Freissman Carvajal Perkins,201,M18-24,Male,San Pablo,Heredia,Costa Rica,CR,0:42:59,2:52:01,1:59:19,0:02:03,0:02:50,5:39:12,2579,10321,7159,123,170,20352,195,177,6,268,230,13,214,197,9,195,177,6,Finisher,2387
David,Ramirez,David Ramirez,634,M30-34,Male,Cali,Valle del cauca,Colombia,CO,0:41:37,2:57:04,1:53:54,0:02:46,0:03:52,5:39:14,2497,10624,6834,166,232,20354,196,178,32,229,198,32,253,229,35,196,178,32,Finisher,1873
Juan Pablo ,Rivera Otalvaro,Juan Pablo Rivera Otalvaro,778,M45-49,Male,Rionegro,CO-ANT,Colombia,CO,0:43:49,2:44:45,2:05:18,0:02:23,0:03:03,5:39:17,2629,9885,7518,143,183,20357,197,179,26,296,256,45,159,148,23,197,179,26,Finisher,2432
Daniel,H Nadal,Daniel H Nadal,316,M55-59,Male,Bogotá,Distrito Capital,Colombia,CO,0:38:52,2:51:41,1:59:18,0:03:55,0:05:32,5:39:18,2332,10301,7158,235,332,20358,198,180,6,144,127,5,189,176,6,198,180,6,Finisher,2752
Julian,Pedraza,Julian Pedraza,176,M35-39,Male,Bogotá,Bogotá,Colombia,CO,0:43:22,2:58:35,1:53:54,0:01:30,0:02:36,5:39:57,2602,10715,6834,90,156,20397,199,181,40,278,238,41,266,240,44,199,181,40,Finisher,1947
Laura Sofia,Lastra Alvarez,Laura Sofia Lastra Alvarez,627,F25-29,Female,Bogota,Cundinamarca,Colombia,CO,0:45:25,3:03:54,1:45:26,0:02:25,0:02:48,5:39:58,2725,11034,6326,145,168,20398,200,19,4,346,44,6,335,37,7,200,19,4,Finisher,2863
Luis Fernando,Guzmán Zapatero,Luis Fernando Guzmán Zapatero,377,M50-54,Male,cajica,CUNDINAMARCA,Colombia,CO,0:44:11,2:48:47,2:01:36,0:02:47,0:02:37,5:39:59,2651,10127,7296,167,157,20399,201,182,10,306,265,18,201,187,12,201,182,10,Finisher,2548
Lina Maria,Perez Grisales,Lina Maria Perez Grisales,136,F45-49,Female,cucuta,NORTE DE SANTANDER,Colombia,CO,0:48:15,2:49:07,1:57:37,0:01:57,0:03:30,5:40:26,2895,10147,7057,117,210,20426,202,20,2,439,60,8,231,20,1,202,20,2,Finisher,3455
Sebastian,Vega,Sebastian Vega,697,M45-49,Male,VILLAMARIA,CALDAS,Colombia,CO,0:38:34,2:56:24,2:00:08,0:01:54,0:03:37,5:40:38,2314,10584,7208,114,217,20438,203,183,27,140,124,16,210,194,30,203,183,27,Finisher,2407
Jean Carlo ,Insignares Vargas ,Jean Carlo Insignares Vargas,368,M25-29,Male,Barranquilla,Atlántico,Colombia,CO,0:43:23,2:56:31,1:55:33,0:02:47,0:02:53,5:41:08,2603,10591,6933,167,173,20468,204,184,15,279,239,25,262,236,19,204,184,15,Finisher,2216
Angel David,Paez,Angel David Paez,596,M25-29,Male,Barranquilla ,Atlántico,Colombia,CO,0:35:42,2:50:38,2:08:36,0:03:28,0:02:44,5:41:08,2142,10238,7716,208,164,20468,205,185,16,66,60,10,152,142,14,205,185,16,Finisher,2216
Luis Tomas,Mendez Polanco,Luis Tomas Mendez Polanco,308,M60-64,Male,Santiago,DO-25,Dominican Republic,DO,0:37:18,2:45:26,2:10:51,0:03:46,0:04:01,5:41:23,2238,9926,7851,226,241,20483,206,186,2,103,91,2,127,119,2,206,186,2,Finisher,3214
David Rogelio,Cortes Torres,David Rogelio Cortes Torres,393,M45-49,Male,Cota,CO-CUN,Colombia,CO,0:43:39,2:49:37,1:59:31,0:03:33,0:05:07,5:41:27,2619,10177,7171,213,307,20487,207,187,28,288,248,42,209,193,29,207,187,28,Finisher,2393
IVAN ANDRES,FLOREZ LOPEZ,IVAN ANDRES FLOREZ LOPEZ,580,M35-39,Male,Medellín,Antioquia,Colombia,CO,0:40:56,2:42:04,2:11:24,0:03:46,0:03:24,5:41:34,2456,9724,7884,226,204,20494,208,188,41,198,171,34,130,122,29,208,188,41,Finisher,1918
Andres,Amaya,Andres Amaya,349,M50-54,Male,Bogotá,CO-CUN,Colombia,CO,0:43:36,2:48:19,2:02:57,0:03:37,0:03:13,5:41:41,2616,10099,7377,217,193,20501,209,189,11,283,243,17,199,185,11,209,189,11,Finisher,2518
Juan Estebab,Castañeda Muñoz,Juan Estebab Castañeda Muñoz,416,M25-29,Male,Cartagena,"Bolivar, Cartagena",Colombia,CO,0:37:32,3:00:12,1:56:19,0:04:16,0:04:14,5:42:33,2252,10812,6979,256,254,20553,210,190,17,109,96,16,256,231,18,210,190,17,Finisher,2191
Felipe,Buitrago,Felipe Buitrago,446,M50-54,Male,Bogotá,Bogotá,Colombia,CO,0:45:16,2:51:10,1:59:49,0:02:27,0:04:10,5:42:51,2716,10270,7189,147,250,20571,211,191,12,342,299,20,227,208,13,211,191,12,Finisher,2497
fernando,oliva,fernando oliva,320,M30-34,Male,Gral. Las Heras,Buenos Aires Province,Argentina,AR,0:37:32,2:46:24,2:13:48,0:02:06,0:03:15,5:43:06,2252,9984,8028,126,195,20586,212,192,33,110,97,18,124,116,21,212,192,33,Finisher,1803
Susan Natalia,Ruiz,Susan Natalia Ruiz,452,F25-29,Female,Cartagena,CUNDINAMARCA,Colombia,CO,0:40:51,2:53:31,2:04:18,0:02:32,0:01:56,5:43:09,2451,10411,7458,152,116,20589,213,21,5,195,27,4,211,17,3,213,21,5,Finisher,2806
Carlos,Esteban Blanco,Carlos Esteban Blanco,818,M45-49,Male,Chia,Cundinamarca,Colombia,CO,0:41:41,2:53:31,2:02:04,0:01:50,0:04:03,5:43:10,2501,10411,7324,110,243,20590,214,193,29,231,200,32,213,196,31,214,193,29,Finisher,2362
Diego,Carrero,Diego Carrero,443,M40-44,Male,Cúcuta ,Norte de Santander,Colombia,CO,0:34:09,2:57:44,2:05:34,0:02:02,0:03:42,5:43:11,2049,10664,7534,122,222,20591,215,194,47,42,39,8,184,171,45,215,194,47,Finisher,2117
Jhon,Benavides,Jhon Benavides,600,M30-34,Male,Cartagena de Indias,CO-BOL,Colombia,CO,0:43:32,2:57:02,1:56:26,0:03:25,0:03:10,5:43:36,2612,10622,6986,205,190,20616,216,195,34,281,241,38,269,243,39,216,195,34,Finisher,1794
Lorena,Maya Lopez,Lorena Maya Lopez,117,F55-59,Female,MEXICO DF,MX-CMX,Mexico,MX,0:46:48,2:45:26,2:06:19,0:02:32,0:02:42,5:43:46,2808,9926,7579,152,162,20626,217,22,1,385,52,1,192,14,1,217,22,1,Finisher,3500
Javier,Corona,Javier Corona,441,M40-44,Male,Cúcuta,Norte de Santander,Colombia,CO,0:39:47,2:50:02,2:10:03,0:01:29,0:02:30,5:43:50,2387,10202,7803,89,150,20630,218,196,48,164,144,29,162,151,34,218,196,48,Finisher,2105
César Arnulfo,Pedraza Martinez,César Arnulfo Pedraza Martinez,110,M40-44,Male,bogota,CO-DC,Colombia,CO,0:47:24,2:56:30,1:53:03,0:03:34,0:03:33,5:44:04,2844,10590,6783,214,213,20644,219,197,49,407,353,84,289,261,65,219,197,49,Finisher,2101
Maricarmen,Del Valle,Maricarmen Del Valle,222,F25-29,Female,San Luis Potosi,San Luis Potosi,Mexico,MX,0:36:31,2:57:18,2:06:24,0:02:22,0:02:02,5:44:36,2191,10638,7584,142,122,20676,220,23,6,87,11,2,205,16,2,220,23,6,Finisher,2780
Yesid Fernando,Benavides Ordoñez,Yesid Fernando Benavides Ordoñez,102,MGuide,Male,Bogotá,CO-DC,Colombia,CO,0:53:14,2:38:16,2:06:30,0:03:18,0:03:22,5:44:39,3194,9496,7590,198,202,20679,221,198,1,568,486,2,193,179,1,221,198,1,Finisher,3500
Esteban ,Alvarado ,Esteban Alvarado,742,M18-24,Male,Bogotá,CO-CUN,Colombia,CO,0:41:49,3:07:47,1:51:01,0:02:06,0:02:01,5:44:44,2509,11267,6661,126,121,20684,222,199,7,235,203,11,333,297,12,222,199,7,Finisher,2287
Andrés,Garavito,Andrés Garavito,192,M25-29,Male,Tunja,Boyacá,Colombia,CO,0:36:51,2:45:47,2:12:55,0:04:35,0:04:41,5:44:49,2211,9947,7975,275,281,20689,223,200,18,94,82,13,134,126,12,223,200,18,Finisher,2150
David,Rojas Reyes,David Rojas Reyes,775,M18-24,Male,ARMENIA,Quindio,Colombia,CO,0:33:41,2:46:02,2:21:50,0:01:20,0:02:01,5:44:53,2021,9962,8510,80,121,20693,224,201,8,35,33,1,91,86,5,224,201,8,Finisher,2285
Julián,Ramírez,Julián Ramírez,704,M40-44,Male,Bogota,CO-CUN,Colombia,CO,0:38:16,2:44:35,2:13:34,0:04:25,0:04:07,5:44:57,2296,9875,8014,265,247,20697,225,202,50,133,117,23,137,128,28,225,202,50,Finisher,2085
Carlos Fabián,Galindo Cruz,Carlos Fabián Galindo Cruz,283,M30-34,Male,Soacha,CO-CUN,Colombia,CO,0:57:41,2:53:39,1:47:24,0:02:30,0:04:02,5:45:17,3461,10419,6444,150,242,20717,226,203,35,615,529,72,357,317,51,226,203,35,Finisher,1764
Jose,Alvare,Jose Alvare,791,M45-49,Male,Cota,Cundinamarca,Colombia,CO,0:54:16,2:51:48,1:52:58,0:03:25,0:02:56,5:45:22,3256,10308,6778,205,176,20722,227,204,30,583,500,94,306,276,48,227,204,30,Finisher,2322
Jorge Ferney,Bayona Sanchez,Jorge Ferney Bayona Sanchez,167,M45-49,Male,Bogotá,CO-CUN,Colombia,CO,0:41:12,3:02:23,1:55:36,0:02:39,0:03:32,5:45:23,2472,10943,6936,159,212,20723,228,205,31,206,178,25,281,254,43,228,205,31,Finisher,2322
Martin,López Marken,Martin López Marken,554,M35-39,Male,envigado,antioquia,Colombia,CO,0:34:21,3:00:39,2:04:25,0:02:17,0:03:43,5:45:25,2061,10839,7465,137,223,20725,229,206,42,47,44,13,218,201,40,229,206,42,Finisher,1849
Lorena ,Gomez ,Lorena Gomez,247,F25-29,Female,Bogota,Distrito Capital,Colombia,CO,0:43:58,2:54:50,2:00:43,0:02:52,0:03:11,5:45:33,2638,10490,7243,172,191,20733,230,24,7,301,41,5,254,25,5,230,24,7,Finisher,2762
Jordi,González Baró,Jordi González Baró,494,M50-54,Male,Bellaterra,BARCELONA [BARCELONA],Spain,ES,0:41:34,2:54:35,2:04:39,0:03:30,0:02:01,5:46:19,2494,10475,7479,210,121,20779,231,207,13,226,196,11,233,213,14,231,207,13,Finisher,2434
Ricardo,Gaitán Reyes,Ricardo Gaitán Reyes,285,M55-59,Male,Bogotá,Nueva zelandia,Colombia,CO,0:42:41,2:58:45,1:57:27,0:03:18,0:04:16,5:46:27,2561,10725,7047,198,256,20787,232,208,7,256,219,11,272,245,9,232,208,7,Finisher,2624
Fabio,Florez Agudelo,Fabio Florez Agudelo,642,M30-34,Male,Floridablanca,Santander,Colombia,CO,0:40:56,3:02:30,1:54:53,0:04:20,0:03:49,5:46:27,2456,10950,6893,260,229,20787,233,209,36,197,170,28,293,264,43,233,209,36,Finisher,1743
Elias,Marun,Elias Marun,519,M40-44,Male,BOGOTA,Distrito Capital,Colombia,CO,0:42:34,2:47:03,2:12:09,0:01:30,0:03:22,5:46:38,2554,10023,7929,90,202,20798,234,210,51,251,214,49,160,149,32,234,210,51,Finisher,2055
Alvaro,Pena Nunez,Alvaro Pena Nunez,794,M45-49,Male,BOGOTA,CO-DC,Colombia,CO,0:43:12,2:51:16,2:06:00,0:03:24,0:03:06,5:46:57,2592,10276,7560,204,186,20817,235,211,32,272,233,37,220,203,33,235,211,32,Finisher,2294
Anny,Vargas Carranza,Anny Vargas Carranza,587,F30-34,Female,RIONEGRO,Antioquia,Colombia,CO,0:40:29,2:59:33,2:02:36,0:02:02,0:02:34,5:47:14,2429,10773,7356,122,154,20834,236,25,6,185,25,9,258,26,7,236,25,6,Finisher,2461
Felipe,Cortés,Felipe Cortés,651,M40-44,Male,FloridaBlanca,Córdoba,Colombia,CO,0:43:13,2:47:47,2:02:32,0:07:27,0:06:20,5:47:19,2593,10067,7352,447,380,20839,237,212,52,273,234,53,224,205,55,237,212,52,Finisher,2043
Carlos Alfredo,Acosta Juliao,Carlos Alfredo Acosta Juliao,134,M45-49,Male,Barranquilla,Atlántico,Colombia,CO,0:48:09,2:56:16,1:57:34,0:02:36,0:02:49,5:47:24,2889,10576,7054,156,169,20844,238,213,33,434,378,64,285,258,45,238,213,33,Finisher,2285
Rafael,Quinones,Rafael Quinones,362,M45-49,Male,Caracas,Distrito capital,Venezuela,VE,0:39:20,2:45:28,2:17:01,0:01:48,0:03:49,5:47:25,2360,9928,8221,108,229,20845,239,214,34,154,135,19,128,120,18,239,214,34,Finisher,2285
Andrés Felipe,Salgado Umbarila,Andrés Felipe Salgado Umbarila,300,M30-34,Male,Bogotá,CO-DC,Colombia,CO,0:47:57,2:57:45,1:54:05,0:02:31,0:05:23,5:47:42,2877,10665,6845,151,323,20862,240,215,37,427,371,53,298,268,45,240,215,37,Finisher,1720
luis carlos ,urrego rodriguez ,luis carlos urrego rodriguez,703,M40-44,Male,Bogota,CO-DC,Colombia,CO,0:51:34,2:46:22,2:03:50,0:02:45,0:03:31,5:48:02,3094,9982,7430,165,211,20882,241,216,53,536,462,105,245,223,59,241,216,53,Finisher,2030
NICOLAS,CORREDOR,NICOLAS CORREDOR,187,M40-44,Male,CALI,CO-VAC,Colombia,CO,0:36:24,2:54:08,2:09:42,0:02:20,0:05:38,5:48:12,2184,10448,7782,140,338,20892,242,217,54,85,75,12,174,161,39,242,217,54,Finisher,2027
Cape,Sanchez,Cape Sanchez,170,M40-44,Male,Barranquilla,Atlántico,Colombia,CO,0:45:53,2:50:15,2:03:03,0:04:35,0:04:29,5:48:15,2753,10215,7383,275,269,20895,243,218,55,366,317,76,246,224,60,243,218,55,Finisher,2026
Oscar,Sanchez,Oscar Sanchez,805,M45-49,Male,Albania,CO-LAG,Colombia,CO,0:46:10,2:51:17,2:04:00,0:02:43,0:04:06,5:48:16,2770,10277,7440,163,246,20896,244,219,35,373,324,57,239,217,36,244,219,35,Finisher,2270
Mauricio,Vargas,Mauricio Vargas,678,M45-49,Male,Aventura,FL,Colombia,CO,0:44:31,2:56:24,1:59:49,0:02:56,0:04:49,5:48:28,2671,10584,7189,176,289,20908,245,220,36,311,270,47,268,242,38,245,220,36,Finisher,2266
Brayan Steven,Higuera Neira,Brayan Steven Higuera Neira,551,M35-39,Male,Bogotá,DISTRITO CAPITAL DE BOGOTA,Colombia,CO,0:45:02,2:46:35,2:09:43,0:03:18,0:03:55,5:48:33,2702,9995,7783,198,235,20913,246,221,43,335,292,50,195,181,38,246,221,43,Finisher,1792
Jose,Granados,Jose Granados,280,M40-44,Male,MEDELLIN,ANTIOQUIA,Colombia,CO,0:38:15,3:01:45,2:03:06,0:02:35,0:02:57,5:48:38,2295,10905,7386,155,177,20918,247,222,56,131,115,22,261,235,62,247,222,56,Finisher,2019
santiago,riaño,santiago riaño,695,M18-24,Male,sopo,Cundinamarca,Colombia,CO,0:40:11,2:56:02,2:05:35,0:02:22,0:04:30,5:48:41,2411,10562,7535,142,270,20921,248,223,9,176,154,8,225,206,10,248,223,9,Finisher,2216
Andres,Molano Durango,Andres Molano Durango,609,M35-39,Male,Cartagena,Bolivar,Colombia,CO,0:47:09,3:01:50,1:53:25,0:03:35,0:02:51,5:48:49,2829,10910,6805,215,171,20929,249,224,44,401,348,58,347,308,57,249,224,44,Finisher,1787
Jorge Luis,Ayala Noriega,Jorge Luis Ayala Noriega,631,M45-49,Male,Cali,Valle del Cauca,Colombia,CO,0:43:37,2:48:12,2:11:30,0:01:50,0:04:04,5:49:14,2617,10092,7890,110,244,20954,250,225,37,286,246,41,180,167,25,250,225,37,Finisher,2252
German,Casas Patiño,German Casas Patiño,357,M40-44,Male,Bogotá,Distrito Capital,Colombia,CO,0:40:05,2:48:21,2:11:57,0:03:32,0:05:22,5:49:17,2405,10101,7917,212,322,20957,251,226,57,172,150,33,167,156,37,251,226,57,Finisher,2007
Alina Sophia,Buscher,Alina Sophia Buscher,183,F30-34,Female,Bogota,Bogota,Germany,DE,0:40:45,2:55:07,2:09:09,0:02:25,0:02:06,5:49:32,2445,10507,7749,145,126,20972,252,26,7,190,26,10,223,19,6,252,26,7,Finisher,2419
Leonardo,Capacho,Leonardo Capacho,262,M40-44,Male,cucuta,CO-NSA,Colombia,CO,0:43:22,2:50:09,2:07:31,0:03:28,0:05:11,5:49:40,2602,10209,7651,208,311,20980,253,227,58,277,237,54,212,195,52,253,227,58,Finisher,2000
Colas,Martinet,Colas Martinet,644,M55-59,Male,Paris,,France,FR,0:45:57,2:51:43,2:05:02,0:02:30,0:04:32,5:49:44,2757,10303,7502,150,272,20984,254,228,8,368,319,15,240,218,7,254,228,8,Finisher,2564
William Felipe,Quiroz,William Felipe Quiroz,407,M18-24,Male,LAKE MARY,FL,Colombia,CO,0:43:59,2:46:56,2:11:51,0:03:00,0:03:58,5:49:44,2639,10016,7911,180,238,20984,255,229,10,302,261,15,183,170,8,255,229,10,Finisher,2197
Juan Pablo,Vasquez,Juan Pablo Vasquez,709,M40-44,Male,Bogota,CO-DC,Colombia,CO,0:55:13,2:44:39,2:02:05,0:03:20,0:04:31,5:49:49,3313,9879,7325,200,271,20989,256,230,59,596,512,116,265,239,64,256,230,59,Finisher,1998
Freddy,Cadena,Freddy Cadena,160,M40-44,Male,Bogotá,Cundinamarca,Colombia,CO,0:44:12,2:44:28,2:12:00,0:03:07,0:06:06,5:49:53,2652,9868,7920,187,366,20993,257,231,60,307,266,60,165,154,36,257,231,60,Finisher,1997
Manuel ,Tibaduisa,Manuel Tibaduisa,158,M18-24,Male,Panamá,,Panama,PA,0:41:03,2:45:45,2:18:35,0:02:25,0:02:10,5:49:58,2463,9945,8315,145,130,20998,258,232,11,200,173,9,149,139,6,258,232,11,Finisher,2193
Margarita María,Ruidiaz Reyes,Margarita María Ruidiaz Reyes,376,F50-54,Female,Ibagué,CO-TOL,Colombia,CO,0:39:12,2:58:02,2:06:38,0:02:37,0:03:32,5:50:00,2352,10682,7598,157,212,21000,259,27,1,152,18,1,235,22,1,259,27,1,Finisher,3500
Laura,Clavijo,Laura Clavijo,639,F45-49,Female,Bogotá,Distrito Capital,Colombia,CO,0:41:42,2:56:30,2:07:23,0:02:39,0:02:15,5:50:28,2502,10590,7643,159,135,21028,260,28,3,232,32,2,247,23,2,260,28,3,Finisher,3275
Emily,Rek,Emily Rek,626,F30-34,Female,STAMFORD,LIN,United Kingdom,GB,0:40:17,3:02:56,2:00:07,0:04:16,0:02:59,5:50:35,2417,10976,7207,256,179,21035,261,29,8,179,24,8,290,29,9,261,29,8,Finisher,2400
KAREN DANIELA,SIERRA HERNANDEZ,KAREN DANIELA SIERRA HERNANDEZ,394,F30-34,Female,SAN ANDRES ISLAS,CO-SAP,Colombia,CO,0:36:03,3:08:50,1:59:01,0:02:16,0:04:30,5:50:40,2163,11330,7141,136,270,21040,262,30,9,75,9,4,286,28,8,262,30,9,Finisher,2399
Joel Felipe,Mora Guarin,Joel Felipe Mora Guarin,654,M35-39,Male,Bogota,CO-DC,Colombia,CO,0:40:02,2:48:41,2:13:14,0:04:10,0:04:53,5:51:00,2402,10121,7994,250,293,21060,263,233,45,170,149,31,175,162,35,263,233,45,Finisher,1748
Andres Felipe,Gomez Moreno,Andres Felipe Gomez Moreno,367,M30-34,Male,Medellín,CO-ANT,Colombia,CO,0:50:21,2:43:41,2:10:47,0:03:03,0:03:19,5:51:11,3021,9821,7847,183,199,21071,264,234,38,503,434,61,215,198,31,264,234,38,Finisher,1658
Danny Jose,Bravo Martinez,Danny Jose Bravo Martinez,545,M35-39,Male,Barranquilla,Atlantico,Colombia,CO,0:49:54,2:57:24,1:57:23,0:03:12,0:03:38,5:51:31,2994,10644,7043,192,218,21091,265,235,46,487,422,80,313,281,53,265,235,46,Finisher,1739
Eric,Otero,Eric Otero,492,M50-54,Male,San Juan,PR,Puerto Rico,PR,0:54:37,2:51:42,1:59:01,0:02:20,0:04:03,5:51:44,3277,10302,7141,140,243,21104,266,236,14,589,506,41,302,272,17,266,236,14,Finisher,2337
Leonardo Fabio,Diaz Cepeda,Leonardo Fabio Diaz Cepeda,538,M40-44,Male,Bogotá,CO-DC,Colombia,CO,0:48:39,2:57:16,1:55:51,0:04:56,0:05:36,5:52:17,2919,10636,6951,296,336,21137,267,237,61,450,389,91,322,289,71,267,237,61,Finisher,1953
CAMILO,VILLANUEVA,CAMILO VILLANUEVA,786,M35-39,Male,6666,Cundinamarca,Colombia,CO,0:49:36,2:50:50,2:04:40,0:04:29,0:03:10,5:52:45,2976,10250,7480,269,190,21165,268,238,47,475,411,76,274,247,45,268,238,47,Finisher,1717
Nicolas,Iregui,Nicolas Iregui,533,M45-49,Male,Bogotá,CO-DC,Colombia,CO,0:41:37,3:04:42,1:53:20,0:06:18,0:06:50,5:52:46,2497,11082,6800,378,410,21166,269,239,38,228,197,31,348,309,52,269,239,38,Finisher,2189
Javier,Villavicencio,Javier Villavicencio,211,M35-39,Male,Samborondón,Guayas,Ecuador,EC,0:47:55,2:58:34,1:59:11,0:02:26,0:04:54,5:53:00,2875,10714,7151,146,294,21180,270,240,48,426,370,64,303,273,52,270,240,48,Finisher,1712
Maria Camila,Suarez,Maria Camila Suarez,508,F30-34,Female,Chía,Cundinamarca,Colombia,CO,0:41:53,3:06:50,2:00:19,0:01:31,0:03:07,5:53:41,2513,11210,7219,91,187,21221,271,31,10,239,34,13,311,32,10,271,31,10,Finisher,2345
Diego Mauricio ,Navarro Bernal,Diego Mauricio Navarro Bernal,337,M35-39,Male,Barranquilla,Atlántico,Colombia,CO,0:45:22,3:02:33,1:58:12,0:03:38,0:04:01,5:53:45,2722,10953,7092,218,241,21225,272,241,49,344,301,51,332,296,56,272,241,49,Finisher,1699
Lino Saúl,Rodríguez Bernal,Lino Saúl Rodríguez Bernal,667,M40-44,Male,Bogotá,Distrito Capital,Colombia,CO,0:45:18,3:12:17,1:52:05,0:02:28,0:02:25,5:54:32,2718,11537,6725,148,145,21272,273,242,62,343,300,69,412,365,86,273,242,62,Finisher,1913
Juan Jose,Reyes Salgado,Juan Jose Reyes Salgado,232,M35-39,Male,Tegucigalpa,FRANCISCO MORAZAN,Honduras,HN,0:49:33,2:57:20,2:02:54,0:01:42,0:03:18,5:54:47,2973,10640,7374,102,198,21287,274,243,50,473,409,74,301,271,51,274,243,50,Finisher,1680
Cure,Samir,Cure Samir,383,M45-49,Male,Ibague,CO-TOL,Colombia,CO,0:38:15,2:53:58,2:13:05,0:04:05,0:05:33,5:54:57,2295,10438,7985,245,333,21297,275,244,39,132,116,14,206,190,27,275,244,39,Finisher,2150
Sheila,Brooks,Sheila Brooks,672,F45-49,Female,Bentonville,AR,Colombia,CO,0:46:54,3:06:04,1:55:39,0:02:52,0:03:31,5:55:00,2814,11164,6939,172,211,21300,276,32,4,391,53,5,381,45,7,276,32,4,Finisher,3193
Heider Fernando,Morales Bedoya,Heider Fernando Morales Bedoya,498,M40-44,Male,Cali,Valle del cauca,Colombia,CO,0:49:12,2:48:47,2:12:08,0:01:52,0:03:01,5:55:00,2952,10127,7928,112,181,21300,277,245,63,462,400,94,236,214,56,277,245,63,Finisher,1904
Kennya,Estrella,Kennya Estrella,313,F50-54,Female,Santiago,CL-RM,Chile,CL,0:45:43,3:04:13,1:59:22,0:02:15,0:03:37,5:55:10,2743,11053,7162,135,217,21310,278,33,2,358,47,3,340,39,3,278,33,2,Finisher,3407
Juan Carlos,Gomez,Juan Carlos Gomez,257,M40-44,Male,Bogotá D.C.,CO-DC,Colombia,CO,0:47:05,2:59:00,2:01:43,0:03:31,0:04:00,5:55:19,2825,10740,7303,211,240,21319,279,246,64,398,345,82,307,277,67,279,246,64,Finisher,1899
Laura,Martinez ,Laura Martinez,740,F18-24,Female,Bogota,CO-CUN,Colombia,CO,0:37:41,3:15:16,1:57:27,0:02:02,0:02:57,5:55:22,2261,11716,7047,122,177,21322,280,34,2,112,14,3,368,42,3,280,34,2,Finisher,2870
Juan ,Vaquiro,Juan Vaquiro,792,M18-24,Male,Bogotá,Distrito Capital,Colombia,CO,0:46:15,3:03:42,1:58:44,0:02:32,0:04:53,5:56:06,2775,11022,7124,152,293,21366,281,247,12,374,325,18,346,307,14,281,247,12,Finisher,2083
Marijose,Olea Gluyas,Marijose Olea Gluyas,186,F18-24,Female,Ciudad de México,Mexico City,Mexico,MX,0:41:29,3:15:39,1:53:58,0:02:32,0:02:32,5:56:10,2489,11739,6838,152,152,21370,282,35,3,222,30,6,409,46,4,282,35,3,Finisher,2855
Miguel Fernando,Rodriguez Suarez,Miguel Fernando Rodriguez Suarez,268,M25-29,Male,Bogotá,CO-DC,Colombia,CO,0:54:46,2:53:53,2:02:10,0:02:13,0:03:34,5:56:36,3286,10433,7330,133,214,21396,283,248,19,592,509,45,323,290,22,283,248,19,Finisher,1938
Nicolas,Prada,Nicolas Prada,599,M30-34,Male,Bogota,CO-DC,Colombia,CO,0:47:05,3:04:06,1:55:48,0:03:55,0:05:45,5:56:40,2825,11046,6948,235,345,21400,284,249,39,399,346,49,369,327,53,284,249,39,Finisher,1559
Jairo,Rodriguez,Jairo Rodriguez,694,M35-39,Male,Barranquilla,CO-ATL,Colombia,CO,0:48:07,2:49:50,2:05:40,0:07:25,0:06:06,5:57:08,2887,10190,7540,445,366,21428,285,250,51,432,376,65,276,249,46,285,250,51,Finisher,1638
Hernando,Alfonso,Hernando Alfonso,135,M40-44,Male,Chia,CO-CUN,Colombia,CO,0:44:49,3:06:28,1:56:42,0:04:19,0:05:26,5:57:44,2689,11188,7002,259,326,21464,286,251,65,327,285,65,376,333,78,286,251,65,Finisher,1855
David,Lozano,David Lozano,768,M40-44,Male,Bogotá,Distrito Capital,Colombia,CO,0:58:07,2:54:58,1:56:20,0:03:02,0:05:18,5:57:46,3487,10498,6980,182,318,21466,287,252,66,618,531,120,383,338,80,287,252,66,Finisher,1855
Santiago,Cañón,Santiago Cañón,474,M25-29,Male,Mainz,Rheinland Pfalz,Germany,DE,0:44:50,3:06:46,1:56:23,0:03:58,0:05:52,5:57:48,2690,11206,6983,238,352,21468,288,253,20,328,286,28,375,332,26,288,253,20,Finisher,1916
Alejandra,Zuleta,Alejandra Zuleta,566,F40-44,Female,Rionegro,Antioquia,Colombia,CO,0:45:27,3:00:16,2:01:37,0:04:26,0:06:29,5:58:16,2727,10816,7297,266,389,21496,289,36,3,349,45,4,310,31,3,289,36,3,Finisher,2614
Sergio,Varela Leon,Sergio Varela Leon,295,M45-49,Male,Bogotá,Bogotá,Colombia,CO,0:45:32,3:04:29,2:02:40,0:01:46,0:03:51,5:58:18,2732,11069,7360,106,231,21498,290,254,40,352,306,55,336,299,51,290,254,40,Finisher,2089
Kevin,Toro,Kevin Toro,206,M40-44,Male,DORAL,FL,Colombia,CO,0:42:28,3:06:49,2:01:10,0:03:00,0:04:52,5:58:20,2548,11209,7270,180,292,21500,291,255,67,250,213,48,342,303,74,291,255,67,Finisher,1844
Ricardo,Gavilan Beltran,Ricardo Gavilan Beltran,763,M50-54,Male,BOGOTA,CO-DC,Colombia,CO,0:41:33,2:59:27,2:10:40,0:03:10,0:03:45,5:58:34,2493,10767,7840,190,225,21514,292,256,15,224,194,10,270,244,16,292,256,15,Finisher,2214
Oscar,Olaya,Oscar Olaya,720,M35-39,Male,Cartagena de Indias,CO-BOL,Colombia,CO,0:49:49,3:01:22,1:59:04,0:05:10,0:03:16,5:58:42,2989,10882,7144,310,196,21522,293,257,52,483,419,79,385,340,65,293,257,52,Finisher,1610
Diana Lizeth,Vergara Villada,Diana Lizeth Vergara Villada,345,F35-39,Female,Bogotá,Cundinamarca,Colombia,CO,0:47:37,3:01:10,2:01:16,0:02:45,0:06:17,5:59:05,2857,10870,7276,165,377,21545,294,37,7,414,56,12,331,36,7,294,37,7,Finisher,2126
Erick,Osorio Chimá,Erick Osorio Chimá,771,M40-44,Male,Bogotá DC,CO-DC,Colombia,CO,0:44:46,2:48:06,2:10:53,0:07:34,0:07:48,5:59:07,2686,10086,7853,454,468,21547,295,258,68,322,280,63,242,220,57,295,258,68,Finisher,1830
Paulo,Zurita,Paulo Zurita,150,M40-44,Male,Bogota,Distrito Capital,Ecuador,EC,0:42:25,2:52:14,2:18:36,0:02:31,0:03:25,5:59:11,2545,10334,8316,151,205,21551,296,259,69,248,211,46,217,200,54,296,259,69,Finisher,1829
Juan Carlos,Rivera Castro,Juan Carlos Rivera Castro,197,M35-39,Male,bogota,CO-DC,Colombia,CO,0:44:50,3:10:54,1:57:08,0:02:49,0:03:58,5:59:40,2690,11454,7028,169,238,21580,297,260,53,329,287,49,399,354,70,297,260,53,Finisher,1592
Jhonatan javier,Diaz cabarcas,Jhonatan javier Diaz cabarcas,417,M35-39,Male,Cartagena,Bolívar,Colombia,CO,0:47:23,3:06:03,1:59:13,0:03:56,0:03:11,5:59:45,2843,11163,7153,236,191,21585,298,261,54,406,352,60,388,343,66,298,261,54,Finisher,1591
Mateo,Muñetones,Mateo Muñetones,553,M30-34,Male,Medellín,Antioquia,Colombia,CO,0:37:12,3:02:46,2:11:24,0:03:38,0:04:52,5:59:52,2232,10966,7884,218,292,21592,299,262,40,100,88,17,267,241,38,299,262,40,Finisher,1501
Olga,Navas Mejia,Olga Navas Mejia,219,F50-54,Female,bogota,CO-DC,Colombia,CO,0:39:15,3:08:36,2:05:34,0:02:44,0:03:52,6:00:00,2355,11316,7534,164,232,21600,300,38,3,153,19,2,316,33,2,300,38,3,Finisher,3320
Julieth,Sanclemente,Julieth Sanclemente,241,F30-34,Female,BOGOTA ,Distrito Capital,Colombia,CO,0:41:35,3:07:13,2:06:00,0:02:41,0:02:59,6:00:28,2495,11233,7560,161,179,21628,301,39,11,227,31,11,330,35,11,301,39,11,Finisher,2222
juan David,sarmiento Diaz,juan David sarmiento Diaz,782,M18-24,Male,Bogotá,Distrito Capital,Colombia,CO,0:59:42,2:52:17,2:01:51,0:03:50,0:03:19,6:00:58,3582,10337,7311,230,199,21658,302,263,13,628,539,24,379,336,16,302,263,13,Finisher,1995
RICARDO,GARCIA VILLAMARIN,RICARDO GARCIA VILLAMARIN,515,M35-39,Male,Bogotá D.C.,CO-DC,Colombia,CO,0:49:29,3:01:03,2:02:04,0:03:56,0:04:37,6:01:09,2969,10863,7324,236,277,21669,303,264,55,471,407,73,364,323,62,303,264,55,Finisher,1565
Simon,Piñeres ,Simon Piñeres,404,M45-49,Male,barranquilla,CO-ATL,Colombia,CO,0:41:17,2:58:43,2:09:31,0:05:23,0:06:19,6:01:12,2477,10723,7771,323,379,21672,304,265,41,212,183,27,277,250,41,304,265,41,Finisher,2037
Maria Fernanda,Ortiz Gonzalez,Maria Fernanda Ortiz Gonzalez,333,F40-44,Female,Barranquilla,CO-ATL,Colombia,CO,0:44:35,3:11:45,1:57:16,0:03:34,0:04:08,6:01:17,2675,11505,7036,214,248,21677,305,40,4,315,42,3,411,47,4,305,40,4,Finisher,2560
Josue Enmanuel,Aguilon Telon,Josue Enmanuel Aguilon Telon,776,M30-34,Male,Guatemala,Guatemala,Guatemala,GT,0:40:27,2:57:06,2:17:38,0:03:23,0:02:55,6:01:30,2427,10626,8258,203,175,21690,306,266,41,184,160,27,249,226,34,306,266,41,Finisher,1472
Camilo,Fajardo,Camilo Fajardo,372,M35-39,Male,Bogotá,CO-DC,Colombia,CO,0:51:12,3:09:23,1:55:26,0:02:51,0:02:38,6:01:30,3072,11363,6926,171,158,21690,307,267,56,527,455,85,441,389,75,307,267,56,Finisher,1559
Leonardo,Diaz,Leonardo Diaz,174,M35-39,Male,Bogotá D.C,Cundinamarca,Colombia,CO,0:52:14,3:08:17,1:52:48,0:04:22,0:03:54,6:01:35,3134,11297,6768,262,234,21695,308,268,57,546,468,86,447,395,76,308,268,57,Finisher,1558
Juan Esteban,Zea Munera,Juan Esteban Zea Munera,425,M50-54,Male,Medellin,CO-ANT,Colombia,CO,0:53:24,2:56:28,2:05:42,0:03:03,0:03:17,6:01:54,3204,10588,7542,183,197,21714,309,269,16,571,489,38,352,312,23,309,269,16,Finisher,2154
Cristian ,López ,Cristian López,825,M30-34,Male,Cartagena ,BOLIVAR,Colombia,CO,0:48:57,2:51:55,2:11:45,0:04:33,0:04:59,6:02:10,2937,10315,7905,273,299,21730,310,270,42,458,397,58,278,251,40,310,270,42,Finisher,1460
Sophia,Acosta Agudelo,Sophia Acosta Agudelo,527,F30-34,Female,Bogotá,CO-DC,Colombia,CO,0:41:51,3:09:57,2:03:25,0:04:02,0:03:02,6:02:16,2511,11397,7405,242,182,21736,311,41,12,236,33,12,380,44,12,311,41,12,Finisher,2190
Camilo,Riveros,Camilo Riveros,815,M45-49,Male,Bogota,Bogota,Colombia,CO,0:41:17,2:59:53,2:10:06,0:04:44,0:06:22,6:02:22,2477,10793,7806,284,382,21742,312,271,42,210,181,26,279,252,42,312,271,42,Finisher,2016
Óscar Andres,Giraldo,Óscar Andres Giraldo,620,M45-49,Male,Bogota,CO-DC,Colombia,CO,0:48:04,3:03:40,2:03:02,0:03:32,0:04:06,6:02:24,2884,11020,7382,212,246,21744,313,272,43,430,374,63,370,328,54,313,272,43,Finisher,2015
Nelson Fernando,Arias Joya,Nelson Fernando Arias Joya,751,M40-44,Male,Bogotá,Distrito Capital,Colombia,CO,0:51:24,2:57:59,2:04:30,0:04:06,0:04:26,6:02:25,3084,10679,7470,246,266,21745,314,273,70,534,460,103,354,314,75,314,273,70,Finisher,1771
Jesus,Londoño,Jesus Londoño,431,M30-34,Male,Bogotá,CO-DC,Colombia,CO,0:44:39,3:01:15,2:05:35,0:06:28,0:04:37,6:02:34,2679,10875,7535,388,277,21754,315,274,43,320,278,44,343,304,49,315,274,43,Finisher,1453
Jenny,Cortes,Jenny Cortes,109,F45-49,Female,BOGOTA,CO-DC,Colombia,CO,0:48:15,3:10:48,1:57:32,0:03:14,0:03:15,6:03:04,2895,11448,7052,194,195,21784,316,42,5,438,59,7,431,51,8,316,42,5,Finisher,3048
Marcela,Meza centeno,Marcela Meza centeno,618,F45-49,Female,Pasto,Nariño,Colombia,CO,0:50:34,2:58:40,2:07:14,0:02:55,0:03:45,6:03:08,3034,10720,7634,175,225,21788,317,43,6,509,70,12,339,38,6,317,43,6,Finisher,3047
Carlos Andrés,Carvajal Castaño,Carlos Andrés Carvajal Castaño,733,M40-44,Male,Chia,CO-CUN,Colombia,CO,0:41:13,2:50:00,2:21:50,0:04:30,0:05:46,6:03:18,2473,10200,8510,270,346,21798,318,275,71,207,179,38,200,186,49,318,275,71,Finisher,1755
Ivan,Rojas,Ivan Rojas,706,M45-49,Male,Norwalk,CT,Colombia,CO,0:50:31,2:54:17,2:10:13,0:02:09,0:06:14,6:03:24,3031,10457,7813,129,374,21804,319,276,44,507,438,79,284,257,44,319,276,44,Finisher,1997
Esteban,Garcia,Esteban Garcia,821,M25-29,Male,Bogota,Distrito Capital,Colombia,CO,0:37:25,3:04:54,2:11:42,0:04:56,0:04:29,6:03:25,2245,11094,7902,296,269,21805,320,277,21,106,94,15,288,260,21,320,277,21,Finisher,1815
Dario Asnauer,Gomez rivera ,Dario Asnauer Gomez rivera,363,M45-49,Male,cali,Valle del Cauca,Colombia,CO,0:32:29,2:49:26,2:32:48,0:01:58,0:06:49,6:03:30,1949,10166,9168,118,409,21810,321,278,45,24,22,4,114,108,12,321,278,45,Finisher,1996
Javier Manolo,Soler Cruz,Javier Manolo Soler Cruz,690,M50-54,Male,BOGOTA,CO-CUN,Colombia,CO,0:49:20,2:49:51,2:16:50,0:02:29,0:05:02,6:03:32,2960,10191,8210,149,302,21812,322,279,17,466,403,30,255,230,15,322,279,17,Finisher,2124
Jairo,Moreno,Jairo Moreno,449,M40-44,Male,Bogota,CO-DC,Colombia,CO,0:41:20,3:07:54,2:10:23,0:01:17,0:02:51,6:03:45,2480,11274,7823,77,171,21825,323,280,72,214,185,40,314,282,69,323,280,72,Finisher,1747
Ronald Jesús,Sanabria Villamizar,Ronald Jesús Sanabria Villamizar,456,M30-34,Male,Cúcuta,Norte de Santander,Colombia,CO,0:48:02,3:02:33,2:06:27,0:03:00,0:03:44,6:03:46,2882,10953,7587,180,224,21826,324,281,44,429,373,54,355,315,50,324,281,44,Finisher,1431
Néstor,Paz,Néstor Paz,581,M30-34,Male,Madrid,Cundinamarca,Colombia,CO,0:43:55,3:06:07,2:07:23,0:04:16,0:02:36,6:04:18,2635,11167,7643,256,156,21858,325,282,45,300,260,40,363,322,52,325,282,45,Finisher,1421
Federico,Garcia,Federico Garcia,822,M18-24,Male,Bogota,Distrito Capital,Colombia,CO,0:37:50,3:17:45,1:55:07,0:06:22,0:07:22,6:04:26,2270,11865,6907,382,442,21866,326,283,14,117,103,6,428,379,17,326,283,14,Finisher,1933
Diego Francisco,Bautista Medellin,Diego Francisco Bautista Medellin,408,M50-54,Male,Bogota,CO-CUN,Colombia,CO,0:50:05,3:05:36,2:01:58,0:03:56,0:03:22,6:04:56,3005,11136,7318,236,202,21896,327,284,18,492,427,32,408,363,27,327,284,18,Finisher,2099
Katherine,Castillo,Katherine Castillo,203,F45-49,Female,bogota dc,Bogotá D.C.,Colombia,CO,0:42:59,3:05:38,2:10:49,0:02:18,0:03:34,6:05:18,2579,11138,7849,138,214,21918,328,44,7,267,38,3,324,34,5,328,44,7,Finisher,3008
Juan,Gonzalez,Juan Gonzalez,229,M30-34,Male,Bogota,CO-DC,Colombia,CO,0:44:12,3:13:18,1:59:05,0:03:32,0:05:14,6:05:21,2652,11598,7145,212,314,21921,329,285,46,308,267,41,423,375,58,329,285,46,Finisher,1403
Luis Miguel,Otero Sánchez ,Luis Miguel Otero Sánchez,735,M30-34,Male,Barranquilla,CO-ATL,Colombia,CO,,2:59:52,2:14:24,0:00:00,0:02:37,6:05:22,0,10792,8064,0,157,21922,330,286,47,99999,99999,99999,300,270,46,330,286,47,Finisher,1402
Oscar Andres,Monsalve Cuervo,Oscar Andres Monsalve Cuervo,324,M45-49,Male,Huixquilucan,MX-MEX,Mexico,MX,0:43:32,3:08:48,2:05:42,0:03:03,0:05:00,6:06:05,2612,11328,7542,183,300,21965,331,287,46,282,242,39,372,329,55,331,287,46,Finisher,1949
Mario,Cruz,Mario Cruz,275,M40-44,Male,Bogotá,Distrito Capital,Colombia,CO,0:40:50,3:06:01,2:11:53,0:03:27,0:04:03,6:06:15,2450,11161,7913,207,243,21975,332,288,73,194,168,37,312,280,68,332,288,73,Finisher,1702
Marcos,Pijuan,Marcos Pijuan,111,M60-64,Male,Bogota,CO-CUN,Argentina,AR,0:40:06,2:56:54,2:22:13,0:03:34,0:03:46,6:06:35,2406,10614,8533,214,226,21995,333,289,3,173,151,3,244,222,3,333,289,3,Finisher,2760
Ricardo,Cuenca,Ricardo Cuenca,155,M45-49,Male,Bogotá,Bogotá,Colombia,CO,0:45:14,2:56:06,2:16:57,0:03:33,0:04:58,6:06:48,2714,10566,8217,213,298,22008,334,290,47,341,298,53,273,246,39,334,290,47,Finisher,1936
Rafael,Arrieta,Rafael Arrieta,281,M45-49,Male,Barranquilla,Atlántico,Colombia,CO,0:49:50,2:59:57,2:08:16,0:04:45,0:04:37,6:07:26,2990,10797,7696,285,277,22046,335,291,48,485,421,71,366,325,53,335,291,48,Finisher,1925
Andres,Visbal,Andres Visbal,137,M40-44,Male,Miami,FL,Colombia,CO,0:43:38,3:03:12,2:12:51,0:04:12,0:03:43,6:07:36,2618,10992,7971,252,223,22056,336,292,74,287,247,55,325,291,72,336,292,74,Finisher,1678
simon,gomez,simon gomez,756,M25-29,Male,ENVIGADO (ANT),Antioquia,Colombia,CO,0:32:51,3:06:00,2:23:03,0:02:16,0:03:37,6:07:47,1971,11160,8583,136,217,22067,337,293,22,28,26,2,251,227,17,337,293,22,Finisher,1736
Andres,Echavarria,Andres Echavarria,344,M35-39,Male,Cartagena,Bolívar,Colombia,CO,0:49:35,2:57:23,2:11:42,0:03:43,0:05:32,6:07:55,2975,10643,7902,223,332,22075,338,294,58,474,410,75,318,285,55,338,294,58,Finisher,1444
Edward,Rodriguez Bernal,Edward Rodriguez Bernal,785,M40-44,Male,Cota,Cundinamarca,Colombia,CO,0:47:52,2:50:20,2:24:29,0:02:21,0:03:00,6:08:02,2872,10220,8669,141,180,22082,339,295,75,425,369,89,243,221,58,339,295,75,Finisher,1670
Daniel,Rada,Daniel Rada,146,M35-39,Male,Sunnyside,NY,Colombia,CO,0:44:31,3:09:32,2:09:54,0:02:05,0:02:08,6:08:10,2671,11372,7794,125,128,22090,340,296,59,312,271,45,384,339,64,340,296,59,Finisher,1439
JULIAN DAVID,BELTRAN GARCIA,JULIAN DAVID BELTRAN GARCIA,153,M35-39,Male,BOGOTA,Distrito Capital,Colombia,CO,0:47:28,3:01:37,2:11:11,0:04:40,0:03:31,6:08:28,2848,10897,7871,280,211,22108,341,297,60,408,354,61,356,316,58,341,297,60,Finisher,1434
Hugo,Perez,Hugo Perez,592,M40-44,Male,Pasto,CO-NAR,Colombia,CO,0:48:51,3:00:48,2:11:01,0:04:51,0:03:21,6:08:52,2931,10848,7861,291,201,22132,342,298,76,457,396,92,365,324,76,342,298,76,Finisher,1655
Juan,Virviescas,Juan Virviescas,511,M35-39,Male,Bogotá,DISTRITO CAPITAL DE BOGOTA,Colombia,CO,0:49:19,3:00:52,2:11:02,0:04:00,0:03:57,6:09:10,2959,10852,7862,240,237,22150,343,299,61,465,402,72,361,320,60,343,299,61,Finisher,1421
Diana,Figueroa Aguilar,Diana Figueroa Aguilar,403,F35-39,Female,Bogotá,DISTRITO CAPITAL DE BOGOTA,Colombia,CO,0:43:06,3:14:13,2:04:43,0:03:38,0:03:30,6:09:11,2586,11653,7483,218,210,22151,344,45,8,271,39,9,422,48,9,344,45,8,Finisher,1944
Juan Diego ,Mercado Altamar,Juan Diego Mercado Altamar,814,M25-29,Male,Barranquilla,CO-ATL,Colombia,CO,0:45:04,3:04:49,2:13:11,0:02:57,0:03:10,6:09:11,2704,11089,7991,177,190,22151,345,300,23,338,295,29,351,311,24,345,300,23,Finisher,1711
Erick,Algarin,Erick Algarin,341,M35-39,Male,Barranquilla,YT,Colombia,CO,0:35:51,3:14:49,2:10:52,0:03:33,0:04:09,6:09:12,2151,11689,7852,213,249,22152,346,301,62,67,61,18,362,321,61,346,301,62,Finisher,1421
David,Cabrales,David Cabrales,721,M35-39,Male,Bogotá D.C.,Distrito Capital,Colombia,CO,1:05:37,2:50:19,2:05:08,0:04:16,0:03:57,6:09:17,3937,10219,7508,256,237,22157,347,302,63,645,553,98,414,367,71,347,302,63,Finisher,1419
Luis Enrique,Mendez,Luis Enrique Mendez,806,M55-59,Male,Rionegro,CO-ANT,Colombia,CO,0:45:51,3:01:38,2:13:59,0:03:15,0:04:48,6:09:32,2751,10898,8039,195,288,22172,348,303,9,365,316,14,319,286,10,348,303,9,Finisher,2208
Juan Pablo,Jimenez F,Juan Pablo Jimenez F,559,M45-49,Male,BARRANQUILLA,CO-ATL,Colombia,CO,0:53:10,3:10:05,1:59:43,0:03:41,0:02:57,6:09:38,3190,11405,7183,221,177,22178,349,304,49,566,484,89,463,409,74,349,304,49,Finisher,1885
Tomas,DIAZ,Tomas DIAZ,741,M18-24,Male,Bogotá d.c.,Bogotá D.C.,Colombia,CO,0:46:05,3:20:31,1:57:39,0:02:58,0:02:39,6:09:51,2765,12031,7059,178,159,22191,350,305,15,371,322,17,481,424,19,350,305,15,Finisher,1835
Manuel,Herrera,Manuel Herrera,698,M40-44,Male,Puerto Colombia,Atlántico,Colombia,CO,0:38:33,3:01:37,2:21:46,0:03:00,0:05:06,6:10:02,2313,10897,8506,180,306,22202,351,306,77,138,122,25,264,238,63,351,306,77,Finisher,1634
Daniel Eduardo ,Rivera Arguello,Daniel Eduardo Rivera Arguello,323,M25-29,Male,Bogotá,Bogotá,Colombia,CO,0:49:56,3:05:31,2:06:31,0:04:00,0:04:06,6:10:03,2996,11131,7591,240,246,22203,352,307,24,488,423,39,405,360,28,352,307,24,Finisher,1696
Samuel,Delgado Solano,Samuel Delgado Solano,133,M30-34,Male,barranquilla,ATLANTICO,Colombia,CO,0:46:28,3:08:54,2:09:49,0:02:37,0:02:23,6:10:12,2788,11334,7789,157,143,22212,353,308,48,375,326,47,395,350,55,353,308,48,Finisher,1315
Javier,Rizo,Javier Rizo,711,M45-49,Male,Chía,Cundinamarca,Colombia,CO,0:43:54,2:58:59,2:17:50,0:04:56,0:04:35,6:10:14,2634,10739,8270,296,275,22214,354,309,50,299,259,46,294,265,46,354,309,50,Finisher,1874
Jhon,Herrera,Jhon Herrera,789,M35-39,Male,Cota,CO-CUN,Colombia,CO,0:47:15,2:56:16,2:21:06,0:02:29,0:03:11,6:10:18,2835,10576,8466,149,191,22218,355,310,64,404,351,59,280,253,47,355,310,64,Finisher,1401
Henry Leonardo,Nieto Santander,Henry Leonardo Nieto Santander,421,M45-49,Male,Barranquilla,Atlántico,Colombia,CO,0:46:53,2:52:51,2:19:18,0:05:26,0:06:04,6:10:33,2813,10371,8358,326,364,22233,356,311,51,390,338,58,275,248,40,356,311,51,Finisher,1869
Roberto,Molina,Roberto Molina,567,M40-44,Male,CANOVANAS,PR,Puerto Rico,PR,0:39:08,2:51:07,2:33:55,0:03:25,0:03:04,6:10:40,2348,10267,9235,205,184,22240,357,312,78,150,133,26,181,168,43,357,312,78,Finisher,1622
Ana Cristina,Pérez,Ana Cristina Pérez,674,F18-24,Female,Barranquilla,Atlántico,Colombia,CO,0:41:14,3:21:25,1:59:47,0:04:20,0:04:47,6:11:33,2474,12085,7187,260,287,22293,358,46,4,208,29,5,464,55,5,358,46,4,Finisher,2578
Camilo,Rodriguez,Camilo Rodriguez,514,M45-49,Male,Bogota,DISTRITO CAPITAL DE BOGOTA,Colombia,CO,0:33:41,3:01:02,2:32:25,0:01:58,0:02:28,6:11:34,2021,10862,9145,118,148,22294,359,313,52,36,34,6,208,192,28,359,313,52,Finisher,1850
Cesar,Baron,Cesar Baron,388,M45-49,Male,BOGOTA,CO-DC,Colombia,CO,0:41:52,3:19:41,2:00:42,0:05:20,0:04:03,6:11:38,2512,11981,7242,320,243,22298,360,314,53,238,205,33,461,407,73,360,314,53,Finisher,1849
Jeronimo,Duran,Jeronimo Duran,483,M18-24,Male,Bogotá,Distrito Capital,Colombia,CO,0:38:19,3:10:14,2:13:42,0:05:18,0:04:20,6:11:53,2299,11414,8022,318,260,22313,361,315,16,135,119,7,358,318,15,361,315,16,Finisher,1799
Juan Sebastian,Salas Morron,Juan Sebastian Salas Morron,675,M25-29,Male,Barranquilla,CO-ATL,Colombia,CO,0:51:16,2:50:36,2:19:46,0:04:31,0:05:45,6:11:53,3076,10236,8386,271,345,22313,362,316,25,528,456,40,282,255,20,362,316,25,Finisher,1663
Hernando,Cortes Rodríguez,Hernando Cortes Rodríguez,361,M30-34,Male,Selecciona tu ciudad,CO-DC,Colombia,CO,0:47:33,2:59:23,2:17:17,0:03:52,0:03:55,6:11:59,2853,10763,8237,232,235,22319,363,317,49,410,356,52,321,288,48,363,317,49,Finisher,1283
jhon edward,ramos cortes,jhon edward ramos cortes,412,M18-24,Male,Barranquilla,Atlántico,Colombia,CO,0:46:57,2:59:10,2:16:18,0:05:35,0:04:10,6:12:10,2817,10750,8178,335,250,22330,364,318,17,394,341,19,334,298,13,364,318,17,Finisher,1793
Paola,Paternina,Paola Paternina,516,F35-39,Female,Sincelejo,CO-SUC,Colombia,CO,0:46:40,3:17:38,1:57:23,0:05:25,0:05:05,6:12:11,2800,11858,7043,325,305,22331,365,47,9,379,50,11,484,58,11,365,47,9,Finisher,1890
Fabian,Vega,Fabian Vega,773,M35-39,Male,San Diego,César,Colombia,CO,0:42:51,3:04:29,2:14:38,0:03:16,0:07:05,6:12:17,2571,11069,8078,196,425,22337,366,319,65,262,225,40,317,284,54,366,319,65,Finisher,1365
Walter,Vega,Walter Vega,584,M45-49,Male,MEDELLIN,Antioquia,Colombia,CO,0:48:22,3:04:29,2:11:46,0:03:03,0:04:41,6:12:21,2902,11069,7906,183,281,22341,367,320,54,443,383,65,382,337,56,367,320,54,Finisher,1836
Daniela,Perez,Daniela Perez,712,F30-34,Female,Cartagena de Indias,CO-BOL,Colombia,CO,0:40:14,3:18:49,2:06:35,0:02:57,0:03:49,6:12:24,2414,11929,7595,177,229,22344,368,48,13,177,23,7,429,50,13,368,48,13,Finisher,2008
Francisco Javier,Parada Cordova,Francisco Javier Parada Cordova,312,M50-54,Male,Santiago,Santiago Metropolitan Region,Chile,CL,0:38:34,2:51:18,2:34:39,0:03:22,0:04:46,6:12:39,2314,10278,9279,202,286,22359,369,321,19,139,123,5,179,166,9,369,321,19,Finisher,1960
Felipe,Ferronato ,Felipe Ferronato,570,M30-34,Male,Xanxere,Santa Catarina,Brazil,BR,0:48:16,3:04:04,2:09:32,0:06:33,0:04:27,6:12:53,2896,11044,7772,393,267,22373,370,322,50,440,380,56,401,356,56,370,322,50,Finisher,1267
Lilibeth Rocío,Navarro Bernal,Lilibeth Rocío Navarro Bernal,338,F40-44,Female,Barranquilla,Atlántico,Colombia,CO,0:48:59,3:14:13,2:00:21,0:05:23,0:04:34,6:13:30,2939,11653,7221,323,274,22410,371,49,5,459,62,8,473,57,7,371,49,5,Finisher,2340
Willians,Coss,Willians Coss,542,M45-49,Male,Santo Domingo,DO-01,Venezuela,VE,0:38:00,2:57:16,2:30:41,0:03:37,0:04:12,6:13:46,2280,10636,9041,217,252,22426,372,323,55,118,104,12,228,209,35,372,323,55,Finisher,1811
Karen,Bustos,Karen Bustos,386,F35-39,Female,Bogota,Distrito Capital,Colombia,CO,0:43:16,3:07:28,2:19:18,0:02:00,0:03:39,6:15:41,2596,11248,8358,120,219,22541,373,50,10,275,40,10,349,40,8,373,50,10,Finisher,1827
Juan Camilo,Almonacid Muñoz,Juan Camilo Almonacid Muñoz,401,M25-29,Male,Bogotá,CO-DC,Colombia,CO,0:51:20,3:12:33,2:03:42,0:03:00,0:05:05,6:15:41,3080,11553,7422,180,305,22541,374,324,26,532,459,41,462,408,34,374,324,26,Finisher,1594
Ricardo,Gomez,Ricardo Gomez,104,MGuide,Male,Bucaramanga,CO-SAN,Colombia,CO,0:46:28,2:52:46,2:31:20,0:02:03,0:03:12,6:15:50,2788,10366,9080,123,192,22550,375,325,2,377,328,1,252,228,2,375,325,2,Finisher,2938
Fernan,Manrique ,Fernan Manrique,156,M55-59,Male,Barranquilla,Atlántico,Colombia,CO,0:54:07,3:09:00,2:01:41,0:06:02,0:05:05,6:15:55,3247,11340,7301,362,305,22555,376,326,10,581,498,21,478,421,15,376,326,10,Finisher,2093
Sergio Andres,Guerrero Prieto,Sergio Andres Guerrero Prieto,743,M30-34,Male,Bogota DC,CO-DC,Colombia,CO,0:42:03,3:06:29,2:20:41,0:01:37,0:05:14,6:16:04,2523,11189,8441,97,314,22564,377,327,51,241,207,33,309,279,47,377,327,51,Finisher,1210
Daniel,Saldaña,Daniel Saldaña,668,M30-34,Male,Bogota,Bogota,Colombia,CO,0:41:26,2:54:19,2:31:58,0:03:31,0:04:59,6:16:13,2486,10459,9118,211,299,22573,378,328,52,220,191,31,230,211,32,378,328,52,Finisher,1207
Harold Ernesto,Mora Guarin,Harold Ernesto Mora Guarin,655,M35-39,Male,Bogota,Distrito Capital,Colombia,CO,0:49:15,3:06:03,2:14:06,0:03:08,0:03:47,6:16:19,2955,11163,8046,188,227,22579,379,329,66,463,401,71,398,353,69,379,329,66,Finisher,1292
Pedro Ricardo,Torres Baez,Pedro Ricardo Torres Baez,652,M40-44,Male,Bogotá,Distrito Capital,Colombia,CO,0:44:47,3:10:09,2:05:36,0:06:41,0:09:12,6:16:25,2687,11409,7536,401,552,22585,380,330,79,324,282,64,425,377,88,380,330,79,Finisher,1519
Bruno,Mahsoudi,Bruno Mahsoudi,248,M60-64,Male,london,"LONDON, CITY OF",Belgium,BE,0:42:51,3:03:14,2:23:34,0:01:37,0:05:10,6:16:26,2571,10994,8614,97,310,22586,381,331,4,263,226,4,292,263,4,381,331,4,Finisher,2583
Luciano,Gaviria Decaillet,Luciano Gaviria Decaillet,828,M18-24,Male,Geneve,Geneva,Colombia,CO,0:41:52,3:05:40,2:19:46,0:03:50,0:05:25,6:16:32,2512,11140,8386,230,325,22592,382,332,18,237,204,12,328,294,11,382,332,18,Finisher,1715
Lisandro,Rodriguez,Lisandro Rodriguez,289,M50-54,Male,Bay Harbor Islands,FL,Venezuela,VE,0:42:52,3:12:51,2:11:43,0:04:25,0:04:46,6:16:37,2572,11571,7903,265,286,22597,383,333,20,264,227,14,413,366,28,383,333,20,Finisher,1889
David ,Garcia Diaz,David Garcia Diaz,783,M30-34,Male,Manizales,CO-CAL,Colombia,CO,0:48:08,3:15:57,2:03:00,0:04:31,0:05:21,6:16:58,2888,11757,7380,271,321,22618,384,334,53,433,377,55,474,417,60,384,334,53,Finisher,1193
Julián Felipe,Llanos Castro,Julián Felipe Llanos Castro,747,M40-44,Male,Guatemala,guatemala,Colombia,CO,0:45:46,3:09:26,2:15:09,0:03:12,0:03:27,6:16:59,2746,11366,8109,192,207,22619,385,335,80,360,312,74,397,352,83,385,335,80,Finisher,1509
Ana Maria,Arciniegas,Ana Maria Arciniegas,216,F40-44,Female,"BOGOTA, D.C.",BOGOTA,Colombia,CO,0:47:21,3:14:45,2:09:29,0:03:30,0:01:56,6:17:01,2841,11685,7769,210,116,22621,386,51,6,405,54,6,455,54,6,386,51,6,Finisher,2276
Pablo,Palencia,Pablo Palencia,382,M45-49,Male,Barranquilla,Atlántico,Colombia,CO,0:54:26,3:05:05,2:04:27,0:05:57,0:07:07,6:17:01,3266,11105,7467,357,427,22621,387,336,56,586,503,97,454,401,70,387,336,56,Finisher,1752
Luís Guillermo,Franco Barrios,Luís Guillermo Franco Barrios,249,M50-54,Male,barranquilla,Atlántico,Venezuela,VE,0:47:00,3:06:51,2:07:34,0:07:39,0:08:38,6:17:41,2820,11211,7654,459,518,22661,388,337,21,395,342,25,424,376,30,388,337,21,Finisher,1870
Jaime,Parra,Jaime Parra,299,M40-44,Male,Bogota,CO-DC,Colombia,CO,0:47:44,3:06:19,2:13:45,0:04:56,0:04:59,6:17:43,2864,11179,8025,296,299,22663,389,338,81,420,364,86,402,357,84,389,338,81,Finisher,1496
Andres,Vargas,Andres Vargas,473,M30-34,Male,Barranquilla,CO-ATL,Colombia,CO,0:58:51,2:45:54,2:27:02,0:03:22,0:02:44,6:17:53,3531,9954,8822,202,164,22673,390,339,54,624,535,73,297,267,44,390,339,54,Finisher,1177
Juan Sebastian ,Aranguren Perez,Juan Sebastian Aranguren Perez,619,M25-29,Male,Cartagena,Bolívar,Colombia,CO,0:34:00,3:14:37,2:21:43,0:03:46,0:03:59,6:18:05,2040,11677,8503,226,239,22685,391,340,27,40,38,5,344,305,23,391,340,27,Finisher,1551
Dorian,Florez,Dorian Florez,234,M45-49,Male,Barranquilla,Atlántico,Colombia,CO,0:41:20,3:03:45,2:19:07,0:06:17,0:07:42,6:18:11,2480,11025,8347,377,462,22691,392,341,57,216,187,28,329,295,50,392,341,57,Finisher,1731
Oscar,Bustillo Mendoza,Oscar Bustillo Mendoza,793,M45-49,Male,Bogotá,DISTRITO CAPITAL DE BOGOTA,Colombia,CO,0:45:04,3:08:20,2:15:45,0:04:17,0:05:00,6:18:26,2704,11300,8145,257,300,22706,393,342,58,337,294,52,393,348,58,393,342,58,Finisher,1727
Jose,Puche,Jose Puche,236,M45-49,Male,Barranquilla,Atlántico,Colombia,CO,0:43:37,3:10:11,2:14:29,0:05:27,0:04:48,6:18:31,2617,11411,8069,327,288,22711,394,343,59,285,245,40,403,358,60,394,343,59,Finisher,1725
Harold,Ramírez,Harold Ramírez,265,M35-39,Male,Rionegro,Antioquia,Colombia,CO,0:47:34,3:17:16,2:06:41,0:03:06,0:03:55,6:18:33,2854,11836,7601,186,235,22713,395,344,67,411,357,62,469,414,78,395,344,67,Finisher,1252
Camilo ,Niño,Camilo Niño,230,M30-34,Male,Nemocón ,CO-CUN,Colombia,CO,0:48:22,3:23:02,1:57:03,0:05:26,0:04:40,6:18:33,2902,12182,7023,326,280,22713,396,345,55,444,384,57,514,451,62,396,345,55,Finisher,1165
Luis,Gomez Negret,Luis Gomez Negret,557,M55-59,Male,COLOMBIA,New Mexico,Colombia,CO,0:41:07,2:57:00,2:34:10,0:02:10,0:04:21,6:18:47,2467,10620,9250,130,261,22727,397,346,11,203,176,10,241,219,8,397,346,11,Finisher,2042
TATIANA,GOMEZ,TATIANA GOMEZ,188,F45-49,Female,"Barranquilla, Atlántico, Colombia",Atlántico,Colombia,CO,0:47:36,2:54:47,2:26:27,0:05:43,0:04:29,6:19:02,2856,10487,8787,343,269,22742,398,52,8,413,55,6,296,30,4,398,52,8,Finisher,2760
Martin,Kayser,Martin Kayser,181,M55-59,Male,Sindelfingen,BW,Germany,DE,0:49:11,3:03:37,2:19:18,0:01:47,0:05:33,6:19:27,2951,11017,8358,107,333,22767,399,347,12,461,399,17,367,326,13,399,347,12,Finisher,2030
Wilmer,Lopez,Wilmer Lopez,245,M45-49,Male,CALI,CO-VAC,Colombia,CO,0:52:51,3:04:34,2:16:37,0:02:54,0:03:23,6:20:20,3171,11074,8197,174,203,22820,400,348,60,558,478,86,415,368,62,400,348,60,Finisher,1693
MariaPaula,Gomez Sanchez,MariaPaula Gomez Sanchez,453,F35-39,Female,Bogotá,Distrito Capital,Colombia,CO,0:40:02,3:19:16,2:14:38,0:02:39,0:04:02,6:20:38,2402,11956,8078,159,242,22838,401,53,11,169,21,6,427,49,10,401,53,11,Finisher,1738
David ,Perea,David Perea,336,M35-39,Male,Barranquilla,CO-ATL,Colombia,CO,0:58:33,3:13:28,2:00:43,0:03:50,0:04:13,6:20:48,3513,11608,7243,230,253,22848,402,349,68,623,534,95,508,446,84,402,349,68,Finisher,1212
Andrés,Garcia,Andrés Garcia,572,M35-39,Male,Barranquilla ,CO-ATL,Colombia,CO,0:43:53,3:08:56,2:19:01,0:04:47,0:04:26,6:21:04,2633,11336,8341,287,266,22864,403,350,69,297,257,43,390,345,67,403,350,69,Finisher,1207
Mario,Mercado,Mario Mercado,700,M40-44,Male,Bogotá,Distrito Capital,Colombia,CO,0:42:55,3:15:53,2:12:48,0:04:32,0:05:07,6:21:14,2575,11753,7968,272,307,22874,404,351,82,266,229,52,440,388,90,404,351,82,Finisher,1432
jordan,Florez,jordan Florez,779,M30-34,Male,Villavicencio,Distrito Capital,Colombia,CO,0:44:23,3:11:33,2:15:59,0:05:01,0:04:28,6:21:24,2663,11493,8159,301,268,22884,405,352,56,309,268,42,421,374,57,405,352,56,Finisher,1114
Yeimy Carolina,Quiroz Ramirez,Yeimy Carolina Quiroz Ramirez,339,F40-44,Female,Puerto Colombia,Atlantico,Colombia,CO,0:45:32,3:13:22,2:15:24,0:04:21,0:02:55,6:21:34,2732,11602,8124,261,175,22894,406,54,7,351,46,5,439,52,5,406,54,7,Finisher,2195
Crhistian,Pardo,Crhistian Pardo,432,M30-34,Male,Bogota,Bogota,Colombia,CO,0:54:28,2:49:33,2:31:22,0:03:09,0:03:20,6:21:52,3268,10173,9082,189,200,22912,407,353,57,587,504,66,287,259,41,407,353,57,Finisher,1105
Carlos,Porras,Carlos Porras,448,M40-44,Male,Bogota,CO-DC,Colombia,CO,0:45:10,3:10:40,2:21:00,0:01:29,0:03:33,6:21:52,2710,11440,8460,89,213,22912,408,354,83,339,296,67,387,342,81,408,354,83,Finisher,1421
Diego Alejandro,Lozano Lozano,Diego Alejandro Lozano Lozano,356,M35-39,Male,Bogotá,Distrito Capital,Colombia,CO,0:47:01,2:59:37,2:30:01,0:01:35,0:03:57,6:22:11,2821,10777,9001,95,237,22931,409,355,70,396,343,57,299,269,50,409,355,70,Finisher,1187
JEFFERSON EMIGDIO,CORREA CARREÑO,JEFFERSON EMIGDIO CORREA CARREÑO,378,M30-34,Male,"BOGOTÁ, D.C.",--BOGOTA--,Colombia,CO,0:56:23,2:58:03,2:21:20,0:02:31,0:04:00,6:22:17,3383,10683,8480,151,240,22937,410,356,58,606,521,70,386,341,54,410,356,58,Finisher,1098
Verónica,Calderón Vidal,Verónica Calderón Vidal,477,F18-24,Female,Bogotá,CO-DC,Colombia,CO,0:38:05,3:12:35,2:25:14,0:03:15,0:03:13,6:22:21,2285,11555,8714,195,193,22941,411,55,5,126,16,4,359,41,2,411,55,5,Finisher,2384
Santiago,Lopez,Santiago Lopez,331,M45-49,Male,BARRANQUILLA,ATLANTICO,Colombia,CO,0:49:22,3:32:02,1:53:28,0:03:31,0:04:30,6:22:54,2962,12722,6808,211,270,22974,412,357,61,468,405,69,557,488,91,412,357,61,Finisher,1646
John Jairo ,Henao Zapata,John Jairo Henao Zapata,199,M50-54,Male,Bogotá,Distrito Capital,Colombia,CO,0:45:26,3:06:53,2:22:14,0:03:26,0:04:56,6:22:55,2726,11213,8534,206,296,22975,413,358,22,347,303,21,378,335,24,413,358,22,Finisher,1775
Javier,Martinez,Javier Martinez,539,M50-54,Male,bogota,CO-DC,Colombia,CO,0:47:41,3:00:50,2:26:26,0:02:01,0:06:19,6:23:18,2861,10850,8786,121,379,22998,414,359,23,416,360,27,315,283,18,414,359,23,Finisher,1769
Matteo,Campiño Gutierrez,Matteo Campiño Gutierrez,738,M30-34,Male,"BOGOTÁ, D.C.",Distrito Capital,Colombia,CO,0:45:04,2:54:29,2:37:33,0:03:12,0:03:07,6:23:25,2704,10469,9453,192,187,23005,415,360,59,336,293,45,263,237,37,415,360,59,Finisher,1077
Andres,Perez,Andres Perez,790,M45-49,Male,BOGOTA,CO-CUN,Colombia,CO,0:43:05,3:14:10,2:19:21,0:02:21,0:04:40,6:23:36,2585,11650,8361,141,280,23016,416,361,62,270,232,36,407,362,61,416,361,62,Finisher,1634
Camilo Andres,Perez,Camilo Andres Perez,808,M40-44,Male,Bogota,CO-CUN,Colombia,CO,0:53:35,3:12:09,2:07:02,0:04:39,0:06:12,6:23:37,3215,11529,7622,279,372,23017,417,362,84,573,491,112,486,428,100,417,362,84,Finisher,1389
Juan Nicolás,Hernández Pérez,Juan Nicolás Hernández Pérez,683,M25-29,Male,Bogota DC,Distrito Capital,Colombia,CO,0:46:53,3:03:15,2:26:45,0:03:12,0:03:33,6:23:38,2813,10995,8805,192,213,23018,418,363,28,389,337,33,353,313,25,418,363,28,Finisher,1451
Juan Carlos,Acosta Llano,Juan Carlos Acosta Llano,267,M40-44,Male,BOGOTA,Distrito Capital de Bogotá,Colombia,CO,0:48:06,2:58:41,2:28:18,0:02:28,0:06:13,6:23:45,2886,10721,8898,148,373,23025,419,364,85,431,375,90,305,275,66,419,364,85,Finisher,1387
Andres Camilo ,Rodriguez Diaz,Andres Camilo Rodriguez Diaz,225,M40-44,Male,Chía,Cundinamarca,Colombia,CO,0:49:03,3:04:56,2:21:13,0:03:49,0:04:48,6:23:49,2943,11096,8473,229,288,23029,420,365,86,460,398,93,394,349,82,420,365,86,Finisher,1386
Jose Pablo,Ballesteros Pinzon,Jose Pablo Ballesteros Pinzon,154,M18-24,Male,Bucaramanga,Santander,Colombia,CO,0:48:40,3:11:46,2:16:06,0:04:36,0:02:51,6:23:59,2920,11506,8166,276,171,23039,421,366,19,451,390,21,449,396,18,421,366,19,Finisher,1581
David ,Pagan,David Pagan,578,M25-29,Male,Carolina,Puerto Rico,Puerto Rico,PR,0:47:04,3:09:44,2:19:08,0:02:01,0:06:19,6:24:16,2824,11384,8348,121,379,23056,422,367,29,397,344,34,400,355,27,422,367,29,Finisher,1440
Miguel,Chaparro,Miguel Chaparro,271,M30-34,Male,Bogota,Bogota,Colombia,CO,0:41:20,2:57:19,2:37:31,0:03:50,0:04:44,6:24:43,2480,10639,9451,230,284,23083,423,368,60,215,186,30,260,234,36,423,368,60,Finisher,1054
Andres,Manrique,Andres Manrique,604,M40-44,Male,Bogota,CO-DC,Colombia,CO,0:41:54,3:41:31,1:53:10,0:04:30,0:03:59,6:25:05,2514,13291,6790,270,239,23105,424,369,87,240,206,43,570,500,115,424,369,87,Finisher,1363
Andrea,Peña,Andrea Peña,335,F35-39,Female,BARRANQUILLA,CO-ATL,Colombia,CO,0:52:52,3:16:50,2:06:51,0:04:28,0:04:23,6:25:23,3172,11810,7611,268,263,23123,425,56,12,559,81,15,500,61,13,425,56,12,Finisher,1653
Jhonatan,Casadiego Salcedo,Jhonatan Casadiego Salcedo,638,M40-44,Male,Barranquilla,Atlántico,Colombia,CO,0:53:13,2:59:39,2:25:13,0:02:38,0:04:50,6:25:34,3193,10779,8713,158,290,23134,426,370,88,567,485,111,373,330,77,426,370,88,Finisher,1354
Eduardo,Sorkar,Eduardo Sorkar,260,M35-39,Male,Barranquilla,Atlántico,Colombia,CO,0:51:06,3:27:47,1:58:34,0:03:35,0:04:58,6:26:01,3066,12467,7114,215,298,23161,427,371,71,525,453,84,544,475,92,427,371,71,Finisher,1118
LUIS,SAITO,LUIS SAITO,409,M45-49,Male,BARRANQUILLA,CO-ATL,Colombia,CO,0:59:40,3:00:00,2:16:39,0:05:10,0:05:27,6:26:56,3580,10800,8199,310,327,23216,428,372,63,627,538,102,446,394,69,428,372,63,Finisher,1574
Nicolas Fernando ,Cardenas Montoya,Nicolas Fernando Cardenas Montoya,629,M25-29,Male,Bogotá ,Distrito Capital,Colombia,CO,0:46:50,3:10:30,2:22:42,0:03:17,0:03:40,6:26:58,2810,11430,8562,197,220,23218,429,373,30,387,335,32,416,369,30,429,373,30,Finisher,1391
Ivan,Recaman,Ivan Recaman,427,M55-59,Male,Bogotá,CO-DC,Colombia,CO,0:39:07,3:06:03,2:30:57,0:06:04,0:04:52,6:27:03,2347,11163,9057,364,292,23223,430,374,13,148,131,6,326,292,11,430,374,13,Finisher,1893
Guillermo,Peña Belalcazar,Guillermo Peña Belalcazar,719,M35-39,Male,Cali,Valle del Cauca,Colombia,CO,0:46:28,2:55:41,2:36:39,0:04:31,0:03:49,6:27:08,2788,10541,9399,271,229,23228,431,375,72,376,327,53,283,256,48,431,375,72,Finisher,1098
López Sepulveda ,María Fernanda ,López Sepulveda María Fernanda,461,F50-54,Female,"Bogotá, D.C.",Distrito Capital,Colombia,CO,0:48:13,3:04:01,2:24:49,0:03:09,0:07:26,6:27:38,2893,11041,8689,189,446,23258,432,57,4,436,57,5,371,43,4,432,57,4,Finisher,2822
Herman ,Leon Duenas,Herman Leon Duenas,550,M50-54,Male,Puerto Colombia ,Atlántico,Colombia,CO,0:56:28,3:10:56,2:10:28,0:05:12,0:04:48,6:27:52,3388,11456,7828,312,288,23272,433,376,24,607,522,43,496,436,34,433,376,24,Finisher,1686
Fredy,Rincon,Fredy Rincon,355,M40-44,Male,Cali,CO-VAC,Colombia,CO,0:54:38,3:19:00,2:08:16,0:02:23,0:04:01,6:28:18,3278,11940,7696,143,241,23298,434,377,89,590,507,113,509,447,105,434,377,89,Finisher,1305
Andres Felipe,Ramirez Rivillas,Andres Felipe Ramirez Rivillas,272,M40-44,Male,Rionegro,CO-ANT,Colombia,CO,0:52:38,3:11:22,2:19:35,0:02:03,0:02:41,6:28:19,3158,11482,8375,123,161,23299,435,378,90,554,474,108,458,404,95,435,378,90,Finisher,1305
John ,Rojas,John Rojas,585,M35-39,Male,San Andres,CO-SAP,Colombia,CO,0:45:43,3:13:51,2:23:13,0:02:51,0:03:21,6:28:59,2743,11631,8593,171,201,23339,436,379,73,357,311,52,432,381,73,436,379,73,Finisher,1064
Iván Felipe,Reyes Cortés,Iván Felipe Reyes Cortés,131,M35-39,Male,Ibague,Tolima,Colombia,CO,0:43:45,3:09:41,2:30:19,0:02:07,0:03:10,6:29:02,2625,11381,9019,127,190,23342,437,380,74,290,250,42,374,331,63,437,380,74,Finisher,1064
Luis carlos,Escorcia ospino,Luis carlos Escorcia ospino,544,M35-39,Male,BARRANQUILLA,Atlántico,Colombia,CO,0:46:38,3:06:51,2:27:35,0:04:09,0:03:50,6:29:03,2798,11211,8855,249,230,23343,438,381,75,378,329,54,391,346,68,438,381,75,Finisher,1063
Gustavo,Nuñez,Gustavo Nuñez,827,M45-49,Male,Yopal ,CASANARE,Colombia,CO,0:50:38,3:06:49,2:19:28,0:05:44,0:06:36,6:29:14,3038,11209,8368,344,396,23354,439,382,64,511,441,80,437,386,66,439,382,64,Finisher,1532
Javier,Llanos,Javier Llanos,282,M35-39,Male,barranquilla,CO-ATL,Colombia,CO,0:48:44,3:13:08,2:18:04,0:04:44,0:04:44,6:29:23,2924,11588,8284,284,284,23363,440,383,76,453,392,70,460,406,77,440,383,76,Finisher,1057
Alison Vanessa,Zapata Merlano,Alison Vanessa Zapata Merlano,143,F35-39,Female,Barranquilla,Atlantico,Colombia,CO,0:42:15,3:22:16,2:14:44,0:06:39,0:03:44,6:29:38,2535,12136,8084,399,224,23378,441,58,13,244,35,7,490,59,12,441,58,13,Finisher,1576
Rafael Andres,Sanchez Sanchez,Rafael Andres Sanchez Sanchez,731,M30-34,Male,Bogota,DISTRITO CAPITAL DE BOGOTA,Colombia,CO,0:46:42,3:18:25,2:15:40,0:05:49,0:03:04,6:29:40,2802,11905,8140,349,184,23380,442,384,61,381,331,48,489,431,61,442,384,61,Finisher,965
Angelo,Chavez Silvera,Angelo Chavez Silvera,434,M35-39,Male,Barranquilla,Atlantico,Colombia,CO,0:51:02,3:27:30,2:01:13,0:03:45,0:06:12,6:29:42,3062,12450,7273,225,372,23382,443,385,77,522,450,82,542,473,90,443,385,77,Finisher,1052
Jose Alejandro,Herrera Castellanos,Jose Alejandro Herrera Castellanos,163,M45-49,Male,Bogota,Distrito Capital,Colombia,CO,0:45:30,3:16:47,2:15:11,0:07:23,0:04:59,6:29:49,2730,11807,8111,443,299,23389,444,386,65,350,305,54,483,426,78,444,386,65,Finisher,1522
Franco Javier,Vallejo Garcia,Franco Javier Vallejo Garcia,242,M45-49,Male,Barranquilla,CO-ATL,Colombia,CO,0:46:56,2:56:41,2:35:32,0:06:00,0:04:54,6:30:03,2816,10601,9332,360,294,23403,445,387,66,393,340,59,308,278,49,445,387,66,Finisher,1518
Luis Fernando ,Arias Garcia,Luis Fernando Arias Garcia,305,M40-44,Male,Bogotá,CO-DC,Colombia,CO,0:40:45,3:21:01,2:16:15,0:06:48,0:05:24,6:30:13,2445,12061,8175,408,324,23413,446,388,91,191,165,36,472,416,97,446,388,91,Finisher,1271
Juan Carlos,Ruiz,Juan Carlos Ruiz,274,M40-44,Male,Bogota,CO-DC,Colombia,CO,0:45:26,3:09:57,2:19:56,0:09:59,0:05:27,6:30:44,2726,11397,8396,599,327,23444,447,389,92,348,304,70,451,398,93,447,389,92,Finisher,1261
ANDRES,GOMEZ,ANDRES GOMEZ,682,M50-54,Male,BOGOTA,Distrito Capital,Colombia,CO,0:48:48,3:16:53,2:14:48,0:05:38,0:04:46,6:30:54,2928,11813,8088,338,286,23454,448,390,25,455,394,29,492,433,33,448,390,25,Finisher,1632
Wilmar Yuvan,Soto Jaramillo,Wilmar Yuvan Soto Jaramillo,415,M40-44,Male,Guadalajara de Buga,CO-VAC,Colombia,CO,0:51:08,3:05:56,2:23:43,0:03:53,0:06:45,6:31:25,3068,11156,8623,233,405,23485,449,391,93,526,454,101,420,373,87,449,391,93,Finisher,1249
Juan,Ariza,Juan Ariza,468,M45-49,Male,Bogota,Bogota,Colombia,CO,0:50:19,3:34:33,1:52:31,0:09:06,0:05:03,6:31:32,3019,12873,6751,546,303,23492,450,392,67,501,433,76,593,517,96,450,392,67,Finisher,1491
Sofia,Villanueva,Sofia Villanueva,200,F30-34,Female,Santa Marta,CO-MAG,Colombia,CO,0:44:58,3:30:18,2:05:12,0:05:45,0:05:45,6:31:59,2698,12618,7512,345,345,23519,451,59,14,333,43,14,532,67,17,451,59,14,Finisher,1655
Jose Fernando,Lotero Ramirez,Jose Fernando Lotero Ramirez,223,M45-49,Male,PEREIRA,RISARALDA,Colombia,CO,0:49:58,3:21:54,2:11:20,0:04:10,0:04:44,6:32:05,2998,12114,7880,250,284,23525,452,393,68,490,425,73,510,448,82,452,393,68,Finisher,1481
Hernan,Tenjo,Hernan Tenjo,525,M40-44,Male,Bogota,Cundinamarca,Colombia,CO,0:37:42,3:07:55,2:37:12,0:05:10,0:04:07,6:32:07,2262,11275,9432,310,247,23527,453,394,94,115,101,21,320,287,70,453,394,94,Finisher,1236
Arnoldo,Casas,Arnoldo Casas,625,M45-49,Male,Bogota,DC,Colombia,CO,0:47:44,3:11:25,2:26:05,0:03:36,0:03:40,6:32:29,2864,11485,8765,216,220,23549,454,395,69,418,362,61,434,383,64,454,395,69,Finisher,1474
Diego Fernando,Arias Ortiz,Diego Fernando Arias Ortiz,758,M40-44,Male,Barranquilla,CO-ATL,Colombia,CO,0:51:26,3:14:22,2:20:02,0:03:08,0:03:30,6:32:29,3086,11662,8402,188,210,23549,455,396,95,535,461,104,477,420,99,455,396,95,Finisher,1230
Fabian,Roncancio,Fabian Roncancio,796,M35-39,Male,Bogota,Bogota dc,Colombia,CO,0:46:49,3:10:28,2:24:51,0:03:38,0:07:09,6:32:54,2809,11428,8691,218,429,23574,456,397,78,386,334,55,419,372,72,456,397,78,Finisher,994
Alfonso,Osorio,Alfonso Osorio,464,M30-34,Male,Barranquilla,Atlántico,Colombia,CO,0:54:51,3:21:02,2:04:52,0:02:59,0:09:16,6:33:01,3291,12062,7492,179,556,23581,457,398,62,593,510,68,520,455,64,457,398,62,Finisher,905
John,Sandoval,John Sandoval,244,M45-49,Male,Cali,Valle del Cauca,Colombia,CO,0:48:00,3:14:55,2:20:08,0:04:23,0:05:44,6:33:09,2880,11695,8408,263,344,23589,458,399,70,428,372,62,466,411,75,458,399,70,Finisher,1462
Bernardo,Londono,Bernardo Londono,379,M45-49,Male,Bogota ,FL,Colombia,CO,0:53:43,3:23:29,2:05:35,0:03:52,0:06:51,6:33:30,3223,12209,7535,232,411,23610,459,400,71,575,493,91,535,467,86,459,400,71,Finisher,1456
Eduardo,Santander Martinez,Eduardo Santander Martinez,499,M45-49,Male,Bogota,Distrito Capital,Colombia,CO,0:51:05,3:02:07,2:27:51,0:05:05,0:07:29,6:33:37,3065,10927,8871,305,449,23617,460,401,72,524,452,83,396,351,59,460,401,72,Finisher,1454
Javier,Solis Corrales,Javier Solis Corrales,530,M45-49,Male,barranquilla,atantico,Colombia,CO,0:40:25,3:05:20,2:40:29,0:03:10,0:04:31,6:33:55,2425,11120,9629,190,271,23635,461,402,73,182,158,24,304,274,47,461,402,73,Finisher,1448
Juan Pablo,Sarmiento Diaz,Juan Pablo Sarmiento Diaz,301,M25-29,Male,Bogotá,Bogotá,Colombia,CO,0:55:16,3:24:13,2:02:09,0:04:58,0:07:29,6:34:06,3316,12253,7329,298,449,23646,462,403,31,599,515,47,554,485,40,462,403,31,Finisher,1263
Nicolás Ignacio,Escalante Barrios,Nicolás Ignacio Escalante Barrios,529,M40-44,Male,Bucaramanga,Santander,Colombia,CO,0:47:45,3:24:01,2:14:57,0:03:48,0:03:40,6:34:12,2865,12241,8097,228,220,23652,463,404,96,421,365,87,505,443,104,463,404,96,Finisher,1199
Jhon,Matta,Jhon Matta,360,M40-44,Male,Bogota,Bogota,Colombia,CO,0:45:12,3:10:26,2:28:56,0:03:54,0:05:56,6:34:24,2712,11426,8936,234,356,23664,464,405,97,340,297,68,406,361,85,464,405,97,Finisher,1195
Will Snehider,Pardo Salazar,Will Snehider Pardo Salazar,191,M50-54,Male,Bogota,CO-DC,Colombia,CO,0:50:13,3:09:13,2:27:21,0:03:21,0:05:11,6:35:18,3013,11353,8841,201,311,23718,465,406,26,497,431,34,435,384,31,465,406,26,Finisher,1553
Juan Francisco,Silva Suarez,Juan Francisco Silva Suarez,165,M35-39,Male,Barranquilla,Atlántico,Colombia,CO,0:48:16,3:30:10,2:03:42,0:07:14,0:06:11,6:35:34,2896,12610,7422,434,371,23734,466,407,79,441,381,67,559,490,94,466,407,79,Finisher,946
Hugo,Patiño,Hugo Patiño,481,M50-54,Male,Barranquilla,Atlántico,Colombia,CO,0:42:44,3:07:06,2:38:50,0:02:35,0:04:27,6:35:42,2564,11226,9530,155,267,23742,467,408,27,257,220,12,345,306,21,467,408,27,Finisher,1545
diego,gomez,diego gomez,547,M25-29,Male,panama,PA-8,Panama,PA,0:44:10,3:18:02,2:28:22,0:03:13,0:02:38,6:36:24,2650,11882,8902,193,158,23784,468,409,32,305,264,26,452,399,33,468,409,32,Finisher,1221
LUIS FERNANDO,LOPEZ LEON,LUIS FERNANDO LOPEZ LEON,680,M40-44,Male,BARRANCABERMEJA,Santander,Colombia,CO,0:49:22,3:11:57,2:27:48,0:02:20,0:04:59,6:36:26,2962,11517,8868,140,299,23786,469,410,98,467,404,95,442,390,91,469,410,98,Finisher,1159
Diego Mauricio,Hurtado Arias,Diego Mauricio Hurtado Arias,470,M50-54,Male,BOGOTA,CO-DC,Colombia,CO,0:54:07,3:23:06,2:10:57,0:06:02,0:02:19,6:36:32,3247,12186,7857,362,139,23792,470,411,28,580,497,40,547,478,40,470,411,28,Finisher,1530
Jairo Ever,Lopez Sanchez,Jairo Ever Lopez Sanchez,512,M45-49,Male,BOGOTA,CUNDINAMARCA,Colombia,CO,0:53:39,3:07:19,2:28:01,0:03:17,0:04:35,6:36:52,3219,11239,8881,197,275,23812,471,412,74,574,492,90,444,392,68,471,412,74,Finisher,1395
Moises,Smeke Kalach,Moises Smeke Kalach,350,M35-39,Male,Lomas del Chamizal,Estado de Mexico,Mexico,MX,0:41:14,3:22:35,2:20:44,0:06:49,0:05:31,6:36:52,2474,12155,8444,409,331,23812,472,413,80,209,180,36,488,430,82,472,413,80,Finisher,923
Santiago,Gomez,Santiago Gomez,423,M18-24,Male,Barranquilla,Atlantico,Colombia,CO,0:41:09,4:08:30,1:42:23,0:02:17,0:02:35,6:36:54,2469,14910,6143,137,155,23814,473,414,20,205,177,10,635,549,23,473,414,20,Finisher,1348
Adrián,Santana Castro,Adrián Santana Castro,180,M45-49,Male,Bogotá,CO-DC,Colombia,CO,0:39:47,3:10:33,2:32:55,0:07:14,0:06:43,6:37:12,2387,11433,9175,434,403,23832,474,415,75,163,143,20,389,344,57,474,415,75,Finisher,1389
Julio Cesar,Torres,Julio Cesar Torres,152,M50-54,Male,Bogota D.C.,BOGOTA D.C.,Colombia,CO,0:50:39,3:02:22,2:34:00,0:04:38,0:05:55,6:37:35,3039,10942,9240,278,355,23855,475,416,29,514,443,35,392,347,25,475,416,29,Finisher,1511
Mauricio,Moreno,Mauricio Moreno,157,M45-49,Male,Barranquillla,CO-ATL,Colombia,CO,0:49:45,3:10:37,2:23:57,0:05:23,0:08:13,6:37:54,2985,11437,8637,323,493,23874,476,417,76,479,415,70,456,402,71,476,417,76,Finisher,1376
Rodrigo,Reyes,Rodrigo Reyes,405,M45-49,Male,CARTAGENA,CO-BOL,Colombia,CO,0:56:07,3:07:01,2:23:03,0:06:13,0:05:38,6:38:01,3367,11221,8583,373,338,23881,477,418,77,604,519,100,479,422,76,477,418,77,Finisher,1374
Jorge,Gonzalez,Jorge Gonzalez,214,M55-59,Male,San José,Jalisco,Costa Rica,CR,0:58:04,3:08:51,2:19:22,0:05:09,0:07:05,6:38:32,3484,11331,8362,309,425,23912,478,419,14,617,530,23,495,435,16,478,419,14,Finisher,1686
Mario,Salazar,Mario Salazar,352,M45-49,Male,Barranquilla,Atlantico,Colombia,CO,0:53:46,3:03:48,2:28:05,0:05:26,0:07:28,6:38:32,3226,11028,8885,326,448,23912,479,420,78,576,494,92,436,385,65,479,420,78,Finisher,1365
Juan Carlos,Gonzalez Vargas,Juan Carlos Gonzalez Vargas,723,M55-59,Male,,,Colombia,CO,1:01:04,3:00:16,2:25:25,0:05:58,0:06:08,6:38:51,3664,10816,8725,358,368,23931,480,421,15,634,544,25,467,412,14,480,421,15,Finisher,1680
Diego R,Perez,Diego R Perez,770,M45-49,Male,Bogota ,Distrito Capital,Colombia,CO,0:48:29,3:09:48,2:29:59,0:04:10,0:06:25,6:38:51,2909,11388,8999,250,385,23931,481,422,79,446,386,66,433,382,63,481,422,79,Finisher,1359
Fernan,Madrid dominguez,Fernan Madrid dominguez,574,M30-34,Female,Barranquilla,Atlántico,Colombia,CO,0:44:38,3:17:32,2:30:37,0:03:16,0:03:14,6:39:18,2678,11852,9037,196,194,23958,482,423,63,319,277,43,453,400,59,482,423,63,Finisher,791
Andrés,Sánchez,Andrés Sánchez,797,M25-29,Male,BOGOTA (BOGOTA D.E.),Capital District,Colombia,CO,0:40:30,3:14:11,2:30:11,0:05:58,0:08:31,6:39:21,2430,11651,9011,358,511,23961,483,424,33,186,161,19,418,371,31,483,424,33,Finisher,1168
Carlos,Aleman Mercado,Carlos Aleman Mercado,254,M50-54,Male,BARRANQUILLA,Atlántico,Colombia,CO,0:46:03,3:11:52,2:29:52,0:06:22,0:05:13,6:39:22,2763,11512,8992,382,313,23962,484,425,30,369,320,23,445,393,32,484,425,30,Finisher,1479
Johanna Lorena,Lasso Luna,Johanna Lorena Lasso Luna,715,F40-44,Female,Pasto,NARINO,Colombia,CO,0:51:57,3:29:45,2:08:20,0:06:19,0:03:35,6:39:56,3117,12585,7700,379,215,23996,485,60,8,542,77,10,572,71,10,485,60,8,Finisher,1864
Daniel,Ortega H,Daniel Ortega H,166,M35-39,Male,Barranquilla,Atlantico,Colombia,CO,0:44:36,2:59:22,2:48:56,0:03:53,0:04:33,6:41:19,2676,10762,10136,233,273,24079,486,426,81,316,274,46,295,266,49,486,426,81,Finisher,842
Plinio Fabián,Mendoza,Plinio Fabián Mendoza,766,M40-44,Male,Cartagena,Bolívar,Colombia,CO,1:05:58,3:11:41,2:18:10,0:01:36,0:04:15,6:41:40,3958,11501,8290,96,255,24100,487,427,99,649,556,125,524,459,108,487,427,99,Finisher,1064
Carlos,Barros,Carlos Barros,259,M30-34,Male,Barranquilla,Atlantico,Colombia,CO,0:56:44,3:29:04,2:06:50,0:04:50,0:04:20,6:41:48,3404,12544,7610,290,260,24108,488,428,64,609,524,71,580,506,69,488,428,64,Finisher,746
Brian,Miner,Brian Miner,364,M40-44,Male,Dayton,OH,United States,US,0:47:44,3:19:23,2:26:58,0:04:08,0:04:03,6:42:16,2864,11963,8818,248,243,24136,489,429,100,419,363,85,491,432,101,489,429,100,Finisher,1054
Andres Julian ,Ovalle Fonseca ,Andres Julian Ovalle Fonseca,195,M25-29,Male,Chía,CO-CUN,Colombia,CO,0:53:29,3:21:57,2:17:09,0:05:17,0:04:28,6:42:19,3209,12117,8229,317,268,24139,490,430,34,572,490,43,530,464,37,490,430,34,Finisher,1115
John,Padilla Valverde,John Padilla Valverde,450,M35-39,Male,Barranquilla,Atlántico,Peru,PE,0:48:11,3:25:14,2:18:16,0:06:02,0:05:07,6:42:51,2891,12314,8296,362,307,24171,491,431,82,435,379,66,526,461,88,491,431,82,Finisher,815
Carlos ,Villota,Carlos Villota,328,M45-49,Male,Quito,EC-P,Ecuador,EC,0:52:35,3:08:44,2:30:13,0:05:11,0:06:19,6:43:03,3155,11324,9013,311,379,24183,492,432,80,553,473,85,459,405,72,492,432,80,Finisher,1284
RAFAEL,DURAN,RAFAEL DURAN,597,M40-44,Male,CAJICÁ,Cundinamarca,Colombia,CO,0:50:32,3:05:55,2:27:31,0:10:40,0:08:31,6:43:09,3032,11155,8851,640,511,24189,493,433,101,508,439,99,465,410,96,493,433,101,Finisher,1038
Magier,Dupperley,Magier Dupperley,505,M35-39,Male,SINCELEJO,CO-SUC,Colombia,CO,0:46:50,3:01:56,2:43:35,0:05:11,0:05:38,6:43:10,2810,10916,9815,311,338,24190,494,434,83,388,336,56,360,319,59,494,434,83,Finisher,809
Juan Pablo,Molano Grautoff,Juan Pablo Molano Grautoff,649,M50-54,Male,Bogotá,CO-DC,Colombia,CO,0:49:27,3:06:43,2:38:31,0:03:16,0:05:29,6:43:25,2967,11203,9511,196,329,24205,495,435,31,470,406,31,404,359,26,495,435,31,Finisher,1406
Paul,Gribbon,Paul Gribbon,455,M55-59,Male,Southend On Sea,Essex,United Kingdom,GB,0:43:39,3:02:55,2:47:18,0:05:29,0:04:23,6:43:43,2619,10975,10038,329,263,24223,496,436,16,289,249,12,337,300,12,496,436,16,Finisher,1593
Luis,Alva Román,Luis Alva Román,689,M50-54,Male,Lima,Lima,Peru,PE,0:46:40,3:11:29,2:37:27,0:02:28,0:05:42,6:43:46,2800,11489,9447,148,342,24226,497,437,32,380,330,24,417,370,29,497,437,32,Finisher,1400
Andrés Felipe,Sánchez Galvis,Andrés Felipe Sánchez Galvis,732,M45-49,Male,Bogota,DISTRITO CAPITAL DE BOGOTA,Colombia,CO,0:44:48,3:24:09,2:25:45,0:04:27,0:05:48,6:44:57,2688,12249,8745,267,348,24297,498,438,81,326,284,48,497,437,80,498,438,81,Finisher,1250
Alberto,Madero,Alberto Madero,334,M40-44,Male,Barranquilla,Atlántico,Colombia,CO,0:46:44,3:14:32,2:38:10,0:03:53,0:03:03,6:46:22,2804,11672,9490,233,183,24382,499,439,102,383,333,80,450,397,92,499,439,102,Finisher,980
Marcela,Perez Salcedo,Marcela Perez Salcedo,251,F50-54,Female,Bogotá,Cundinamarca,Colombia,CO,0:45:45,3:29:56,2:21:20,0:02:48,0:06:41,6:46:30,2745,12596,8480,168,401,24390,500,61,5,359,48,4,519,65,5,500,61,5,Finisher,2483
Yuri Ximena,Castañeda Castiblanco,Yuri Ximena Castañeda Castiblanco,764,F40-44,Female,Bogotá D.C.,Bogotá D.C.,Colombia,CO,0:48:39,3:29:04,2:19:10,0:03:38,0:06:05,6:46:36,2919,12544,8350,218,365,24396,501,62,9,449,61,7,536,69,9,501,62,9,Finisher,1744
Jaime ,Erazo ,Jaime Erazo,149,M35-39,Male,Chía ,CUNDINAMARCA,Colombia,CO,0:57:25,3:15:40,2:23:21,0:05:17,0:05:02,6:46:45,3445,11740,8601,317,302,24405,502,440,84,614,528,93,518,454,85,502,440,84,Finisher,745
Daniel Felipe,Alvarez Pacheco,Daniel Felipe Alvarez Pacheco,480,M25-29,Male,Bogotá,Distrito Capital,Colombia,CO,0:49:49,3:37:02,2:01:45,0:07:31,0:11:02,6:47:09,2989,13022,7305,451,662,24429,503,441,35,484,420,38,594,518,45,503,441,35,Finisher,1028
Juan Diego,Giraldo Salazar,Juan Diego Giraldo Salazar,669,M35-39,Male,Bogota,CO-DC,Colombia,CO,0:44:01,3:23:12,2:34:15,0:02:18,0:03:48,6:47:33,2641,12192,9255,138,228,24453,504,442,85,303,262,44,480,423,81,504,442,85,Finisher,730
Carlos,Meza,Carlos Meza,144,M45-49,Male,Barranquilla,Atlantico,Colombia,CO,0:50:03,3:17:31,2:32:35,0:04:00,0:03:26,6:47:34,3003,11851,9155,240,206,24454,505,443,82,491,426,74,493,434,79,505,443,82,Finisher,1202
Julio Vicente,Borrego Lopez,Julio Vicente Borrego Lopez,202,M45-49,Male,VALLEDUPAR,Cesar,Colombia,CO,0:50:10,3:28:58,2:18:26,0:05:30,0:04:53,6:47:56,3010,12538,8306,330,293,24476,506,444,83,495,430,75,555,486,90,506,444,83,Finisher,1196
Daniela,Devis,Daniela Devis,673,F30-34,Female,Barranquilla,Atlántico,Colombia,CO,0:45:49,3:23:04,2:27:55,0:05:46,0:05:36,6:48:10,2749,12184,8875,346,336,24490,507,63,15,362,49,15,502,62,15,507,63,15,Finisher,1364
Coki,Mingo,Coki Mingo,396,M50-54,Male,Capital Federal,Buenos Aires,Argentina,AR,0:39:05,3:10:17,2:52:36,0:02:44,0:03:59,6:48:42,2345,11417,10356,164,239,24522,508,445,33,147,130,6,338,301,19,508,445,33,Finisher,1311
RODOLFO,DONADO,RODOLFO DONADO,430,M35-39,Male,Bogotá,CO-DC,Colombia,CO,0:53:00,3:10:07,2:34:04,0:05:44,0:05:58,6:48:54,3180,11407,9244,344,358,24534,509,446,86,563,481,90,475,418,80,509,446,86,Finisher,706
Jarrinson,Prieto ,Jarrinson Prieto,686,M35-39,Male,Bogotá,Distrito Capital,Colombia,CO,1:05:06,3:04:24,2:22:11,0:05:52,0:11:24,6:48:57,3906,11064,8531,352,684,24537,510,447,87,643,552,97,504,442,83,510,447,87,Finisher,705
Paula,Gelvez,Paula Gelvez,490,F25-29,Female,Yopal,CO-CAS,Colombia,CO,0:51:24,3:08:36,2:34:49,0:04:56,0:10:20,6:50:06,3084,11316,9289,296,620,24606,511,64,8,533,74,10,448,53,8,511,64,8,Finisher,1601
Carlos,Villamil,Carlos Villamil,750,M40-44,Male,Bogotá,CO-DC,Colombia,CO,0:53:10,3:12:45,2:34:42,0:02:58,0:06:38,6:50:13,3190,11565,9282,178,398,24613,512,448,103,565,483,110,476,419,98,512,448,103,Finisher,911
Jesús Donaldo ,Salas Lara ,Jesús Donaldo Salas Lara,354,M25-29,Male,Barranquilla,Atlántico,Colombia,CO,1:08:25,3:21:43,2:08:29,0:03:34,0:08:25,6:50:35,4105,12103,7709,214,505,24635,513,449,36,652,559,48,592,516,44,513,449,36,Finisher,966
Javier,Celis,Javier Celis,269,M45-49,Male,BOGOTA D.C,BOGOTA D.C,Colombia,CO,1:00:51,3:19:06,2:20:10,0:01:57,0:08:54,6:50:58,3651,11946,8410,117,534,24658,514,450,84,632,542,104,538,469,87,514,450,84,Finisher,1141
Jaime,Corva Pérez,Jaime Corva Pérez,293,M45-49,Male,La Calera,Cundinamarca,Colombia,CO,0:47:42,3:07:12,2:39:00,0:08:45,0:08:19,6:50:59,2862,11232,9540,525,499,24659,515,451,85,417,361,60,443,391,67,515,451,85,Finisher,1141
Andreina,Farias,Andreina Farias,830,F45-49,Female,Pereira,Risaralda,Venezuela,VE,0:46:45,3:34:49,2:19:52,0:04:49,0:05:12,6:51:26,2805,12889,8392,289,312,24686,516,65,9,384,51,4,562,70,11,516,65,9,Finisher,2177
Saul,Rios,Saul Rios,812,M50-54,Male,Medellin,Antioquia,Colombia,CO,0:41:23,3:06:22,2:54:17,0:04:30,0:05:54,6:52:26,2483,11182,10457,270,354,24746,517,452,34,219,190,9,341,302,20,517,452,34,Finisher,1244
Bernardo,Silva,Bernardo Silva,420,M45-49,Male,CARTAGENA,BOLIVAR,Colombia,CO,0:59:34,3:14:45,2:29:45,0:03:18,0:05:13,6:52:35,3574,11685,8985,198,313,24755,518,453,86,625,536,101,517,453,83,518,453,86,Finisher,1112
Nicolas,Valencia,Nicolas Valencia,717,M30-34,Male,Bogota,Distrito Capital,Colombia,CO,0:45:24,3:27:41,2:24:19,0:10:22,0:05:05,6:52:51,2724,12461,8659,622,305,24771,519,454,65,345,302,46,548,479,65,519,454,65,Finisher,700
Catherine,Avellaneda rojas,Catherine Avellaneda rojas,252,F40-44,Female,Cali,Valle del Cauca,Colombia,CO,0:57:12,3:18:59,2:27:29,0:04:21,0:04:53,6:52:54,3432,11939,8849,261,293,24774,520,66,10,611,86,15,528,66,8,520,66,10,Finisher,1631
ivan,Perez Carra,ivan Perez Carra,595,M40-44,Male,Bogotá,CO-CO-DC,Argentina,AR,0:43:48,3:15:25,2:47:57,0:02:31,0:03:14,6:52:55,2628,11725,10077,151,194,24775,521,455,104,294,254,58,426,378,89,521,455,104,Finisher,862
Stefany,Tunarosa Avila,Stefany Tunarosa Avila,556,F30-34,Female,Bogota,Cundinamarca,Colombia,CO,0:52:23,3:35:25,2:17:26,0:03:57,0:04:10,6:53:21,3143,12925,8246,237,250,24801,522,67,16,547,79,17,586,75,18,522,67,16,Finisher,1271
SANTIAGO,CALDERON NAVARRETE,SANTIAGO CALDERON NAVARRETE,601,M40-44,Male,Barranquilla,CO-ATL,Colombia,CO,1:04:48,3:16:46,2:20:36,0:04:42,0:06:46,6:53:37,3888,11806,8436,282,406,24817,523,456,105,642,551,123,561,492,113,523,456,105,Finisher,849
Christian,Nieva Quintero,Christian Nieva Quintero,754,M40-44,Male,MEDELLÍN,CO-ANT,Colombia,CO,0:56:56,3:13:55,2:33:41,0:05:18,0:04:33,6:54:23,3416,11635,9221,318,273,24863,524,457,106,610,525,118,511,449,106,524,457,106,Finisher,836
Miguel,Gonzalez,Miguel Gonzalez,643,M55-59,Male,Chia,Cundinamarca,Colombia,CO,0:52:25,3:19:59,2:35:17,0:04:17,0:02:37,6:54:33,3145,11999,9317,257,157,24873,525,458,17,549,470,20,512,450,17,525,458,17,Finisher,1398
ruben dario,gallego cortina,ruben dario gallego cortina,298,M35-39,Male,San Andrés,CO-SAP,Colombia,CO,0:52:24,3:26:10,2:28:59,0:03:32,0:03:36,6:54:41,3144,12370,8939,212,216,24881,526,459,88,548,469,87,541,472,89,526,459,88,Finisher,700
Luz Ariadna,Loaiza Serrano,Luz Ariadna Loaiza Serrano,472,F18-24,Female,Guadalajara de Buga,Valle del Cauca,Colombia,CO,0:34:03,3:40:05,2:33:01,0:02:58,0:04:40,6:54:46,2043,13205,9181,178,280,24886,527,68,6,41,3,1,515,64,6,527,68,6,Finisher,1800
Andres,Quitian,Andres Quitian,429,M40-44,Male,Bogota,CO-DC,Colombia,CO,0:45:42,3:24:48,2:34:47,0:04:46,0:05:07,6:55:10,2742,12288,9287,286,307,24910,528,460,107,356,310,73,503,441,103,528,460,107,Finisher,821
Elver,Velasquez,Elver Velasquez,175,M45-49,Male,BOGOTA D.C.,CO-DC,Colombia,CO,0:50:30,3:23:09,2:30:39,0:06:03,0:05:26,6:55:48,3030,12189,9039,363,326,24948,529,461,87,506,437,78,527,462,84,529,461,87,Finisher,1054
Julin ,Botero H,Julin Botero H,424,M30-34,Male,Bahia Malaga,Valle del Cauca,Colombia,CO,1:03:22,3:22:22,2:21:16,0:03:45,0:05:12,6:55:58,3802,12142,8476,225,312,24958,530,462,66,636,546,74,577,503,68,530,462,66,Finisher,700
Gladys,Villegas,Gladys Villegas,482,M65-69,Female,,,Colombia,CO,0:50:37,3:18:32,2:36:53,0:05:14,0:04:52,6:56:08,3037,11912,9413,314,292,24968,531,463,1,510,440,1,501,440,2,531,463,1,Finisher,3500
Eva,Martin,Eva Martin,302,F25-29,Female,Groissiat,Auvergne-Rhône-Alpes,France,FR,0:49:24,3:32:51,2:23:56,0:06:00,0:04:14,6:56:24,2964,12771,8636,360,254,24984,532,69,9,469,64,7,574,72,9,532,69,9,Finisher,1487
Fabrizio,Viñas Picon,Fabrizio Viñas Picon,365,M30-34,Male,Barranquilla,ATLANTICO,Colombia,CO,0:56:10,3:35:07,2:12:00,0:07:19,0:06:36,6:57:13,3370,12907,7920,439,396,25033,533,464,67,605,520,69,615,535,70,533,464,67,Finisher,700
Lizmariel ,Tirado Rouco,Lizmariel Tirado Rouco,579,F30-34,Female,Trujillo Alto,,Puerto Rico,PR,0:53:51,3:20:27,2:37:10,0:02:24,0:03:24,6:57:17,3231,12027,9430,144,204,25037,534,70,17,577,83,18,513,63,16,534,70,17,Finisher,1200
Jonatan,Moreno Daza,Jonatan Moreno Daza,753,M45-49,Male,Bogotá,Distrito Capital,Colombia,CO,0:50:22,3:15:30,2:43:47,0:03:47,0:03:59,6:57:25,3022,11730,9827,227,239,25045,535,465,88,504,435,77,482,425,77,535,465,88,Finisher,1025
fredy,reyes,fredy reyes,177,M55-59,Male,bogota,Distrito Capital,Colombia,CO,0:58:20,3:32:43,2:17:08,0:04:53,0:05:17,6:58:21,3500,12763,8228,293,317,25101,536,466,18,622,533,24,602,524,24,536,466,18,Finisher,1329
Julian,Garcia,Julian Garcia,819,M25-29,Male,Bogotá,CO-DC,Colombia,CO,0:38:31,3:18:50,2:51:56,0:04:42,0:04:55,6:58:54,2311,11930,10316,282,295,25134,537,467,37,137,121,17,430,380,32,537,467,37,Finisher,816
Felipe ,Child ,Felipe Child,636,M45-49,Male,Bogotá,Distrito Capital,Colombia,CO,0:51:19,3:29:08,2:30:40,0:03:52,0:04:27,6:59:25,3079,12548,9040,232,267,25165,538,468,89,530,457,84,552,483,89,538,468,89,Finisher,989
Annie,Rosas Marken,Annie Rosas Marken,469,F40-44,Female,BOGOTA,BOGOTA,Colombia,CO,0:50:17,3:36:58,2:11:22,0:09:23,0:13:05,7:01:05,3017,13018,7882,563,785,25265,539,71,11,500,68,9,606,79,11,539,71,11,Finisher,1483
Jose,Dulcey Ospino,Jose Dulcey Ospino,488,M25-29,Male,Barranquilla,Atlántico,Colombia,CO,0:49:48,3:36:48,2:26:39,0:04:10,0:03:44,7:01:09,2988,13008,8799,250,224,25269,540,469,38,481,417,37,581,507,41,540,469,38,Finisher,776
Carmenza,Mendez,Carmenza Mendez,346,F60-64,Female,Bogotá,CO-CUN,Colombia,CO,0:51:41,3:46:13,2:13:24,0:05:16,0:04:41,7:01:15,3101,13573,8004,316,281,25275,541,72,1,540,76,1,624,82,1,541,72,1,Finisher,3500
Juan,Gonzalez Baron,Juan Gonzalez Baron,389,M18-24,Male,Denver,CO,Colombia,CO,0:47:35,3:29:29,2:37:12,0:03:50,0:03:45,7:01:50,2855,12569,9432,230,225,25310,542,470,21,412,358,20,531,465,20,542,470,21,Finisher,899
Nicolas,Fiorillo,Nicolas Fiorillo,162,M25-29,Male,Buenos Aires,Ciudad Autonoma de Buenos Aires,Argentina,AR,0:43:01,3:23:02,2:46:14,0:03:44,0:06:09,7:02:10,2581,12182,9974,224,369,25330,543,471,39,269,231,24,485,427,35,543,471,39,Finisher,758
Margarita,MAY,Margarita MAY,317,F45-49,Female,San Andres,CO-SAP,Colombia,CO,0:50:10,3:18:19,2:45:37,0:03:14,0:04:52,7:02:12,3010,11899,9937,194,292,25332,544,73,10,496,66,11,494,60,9,544,73,10,Finisher,1983
JAVIER,BELTRAN,JAVIER BELTRAN,583,M40-44,Male,Barranquilla,Atlántico,Colombia,CO,0:45:36,3:21:45,2:42:10,0:06:28,0:06:34,7:02:34,2736,12105,9730,388,394,25354,545,472,108,354,308,72,498,438,102,545,472,108,Finisher,700
Mario,Ovalles,Mario Ovalles,141,M40-44,Male,Cucuta,CO-NSA,Colombia,CO,0:44:51,3:16:12,2:50:54,0:04:42,0:06:11,7:02:51,2691,11772,10254,282,371,25371,546,473,109,330,288,66,457,403,94,546,473,109,Finisher,700
Julian,Cardenas,Julian Cardenas,239,M18-24,Male,Bogota D.c,DISTRITO CAPITAL DE BOGOTA,Colombia,CO,0:48:50,3:37:02,2:28:31,0:03:44,0:04:45,7:02:52,2930,13022,8911,224,285,25372,547,474,22,456,395,22,578,504,22,547,474,22,Finisher,881
Sebastian,Mendoza,Sebastian Mendoza,351,M40-44,Male,Villavicencio,CO-MET,Colombia,CO,0:49:39,3:25:24,2:33:53,0:03:57,0:10:43,7:03:36,2979,12324,9233,237,643,25416,548,475,110,478,414,96,521,456,107,548,475,110,Finisher,700
CHRISTIAN CAMILO,TORRES GUTIERREZ,CHRISTIAN CAMILO TORRES GUTIERREZ,173,M35-39,Male,Bogotá ,Cundinamarca,Colombia,CO,1:00:20,3:26:38,2:29:11,0:03:00,0:04:46,7:03:56,3620,12398,8951,180,286,25436,549,476,89,630,541,96,579,505,95,549,476,89,Finisher,700
Carlos Andrés,Baquero Ospino,Carlos Andrés Baquero Ospino,602,M18-24,Male,Bogotá D.C.,CO-CUN,Colombia,CO,0:50:27,3:30:00,2:38:29,0:01:33,0:03:26,7:03:56,3027,12600,9509,93,206,25436,550,477,23,505,436,23,539,470,21,550,477,23,Finisher,862
Nathalia ,Duque,Nathalia Duque,228,F35-39,Female,Barranquilla,CO-ATL,Colombia,CO,1:04:00,3:26:28,2:22:24,0:05:25,0:06:33,7:04:50,3840,12388,8544,325,393,25490,551,74,14,638,91,19,601,78,17,551,74,14,Finisher,943
Julian camilo,alvarez,Julian camilo alvarez,208,M25-29,Male,bogota,Distrito Capital,Colombia,CO,0:47:40,3:30:44,2:36:51,0:04:47,0:05:36,7:05:39,2860,12644,9411,287,336,25539,552,478,40,415,359,35,546,477,39,552,478,40,Finisher,700
Carolina,Velasco,Carolina Velasco,757,F45-49,Female,Bogota,DISTRITO CAPITAL DE BOGOTA,Colombia,CO,0:50:46,3:25:50,2:37:44,0:04:28,0:07:31,7:06:18,3046,12350,9464,268,451,25578,553,75,11,516,72,13,534,68,10,553,75,11,Finisher,1910
Juan,Borda,Juan Borda,311,M40-44,Male,Barranquilla,CO-ATL,Colombia,CO,0:52:48,3:24:25,2:37:32,0:04:51,0:06:55,7:06:31,3168,12265,9452,291,415,25591,554,479,111,556,476,109,540,471,109,554,479,111,Finisher,700
Aldemar,Corzo Medina ,Aldemar Corzo Medina,147,M35-39,Male,Barranquilla,Atlántico,Colombia,CO,0:48:31,3:14:33,2:54:49,0:05:03,0:04:08,7:07:04,2911,11673,10489,303,248,25624,555,480,90,447,387,69,471,415,79,555,480,90,Finisher,700
Sergio,Valencia,Sergio Valencia,716,M30-34,Male,Bogota,Distrito Capital,Colombia,CO,0:51:51,3:27:48,2:38:50,0:04:04,0:04:57,7:07:30,3111,12468,9530,244,297,25650,556,481,68,541,465,63,549,480,66,556,481,68,Finisher,700
Hans,Guzman,Hans Guzman,633,M40-44,Male,Barranquilla,Atlantico,Colombia,CO,1:07:36,3:25:25,2:24:18,0:05:01,0:05:49,7:08:07,4056,12325,8658,301,349,25687,557,482,112,651,558,126,612,533,124,557,482,112,Finisher,700
Alixmar,Amaya Daza,Alixmar Amaya Daza,487,F35-39,Female,Barranquilla,Atlántico,Colombia,CO,0:58:11,3:33:38,2:29:36,0:03:46,0:04:29,7:09:41,3491,12818,8976,226,269,25781,558,76,15,620,89,18,599,77,16,558,76,15,Finisher,855
Sergio,Murcia,Sergio Murcia,256,M35-39,Male,bogota,DISTRITO CAPITAL DE BOGOTA,Colombia,CO,0:58:11,3:39:02,2:24:46,0:04:33,0:03:52,7:10:26,3491,13142,8686,273,232,25826,559,483,91,621,532,94,621,541,98,559,483,91,Finisher,700
Solon,Deluque,Solon Deluque,537,M45-49,Male,Barranquilla,Atlantico,Colombia,CO,0:45:02,3:38:51,2:37:07,0:03:31,0:05:58,7:10:29,2702,13131,9427,211,358,25829,560,484,90,334,291,51,565,495,92,560,484,90,Finisher,790
Adolfo,Meiseles,Adolfo Meiseles,142,M65-69,Male,bogota,CO-DC,Colombia,CO,0:53:20,3:08:57,2:56:43,0:05:36,0:05:54,7:10:30,3200,11337,10603,336,354,25830,561,485,2,570,488,2,468,413,1,561,485,2,Finisher,3241
angie paola,herrera abello,angie paola herrera abello,804,F35-39,Female,BOGOTA,Distrito Capital,Colombia,CO,0:50:38,3:35:01,2:36:00,0:03:27,0:05:33,7:10:39,3038,12901,9360,207,333,25839,562,77,16,512,71,13,576,74,14,562,77,16,Finisher,838
Juan Fernando,Donado,Juan Fernando Donado,306,M35-39,Male,Barranquilla,Atlantico,Colombia,CO,0:52:53,3:20:29,2:45:51,0:05:46,0:06:01,7:10:59,3173,12029,9951,346,361,25859,563,486,92,560,479,89,523,458,87,563,486,92,Finisher,700
camilo ,soto,camilo soto,491,M45-49,Male,yopal,CO-CAS,Colombia,CO,0:53:01,3:17:50,2:49:36,0:04:59,0:05:34,7:11:00,3181,11870,10176,299,334,25860,564,487,91,564,482,88,507,445,81,564,487,91,Finisher,781
Javier,Polania Silva,Javier Polania Silva,366,M50-54,Male,Ciudad de Guatemala,,Guatemala,GT,0:55:51,3:18:45,2:46:04,0:04:48,0:05:42,7:11:10,3351,11925,9964,288,342,25870,565,488,35,601,517,42,525,460,37,565,488,35,Finisher,907
Alejandra,Alzate Alzate,Alejandra Alzate Alzate,577,F30-34,Female,Bogotá,CO-DC,Colombia,CO,0:51:17,3:12:37,2:57:31,0:04:03,0:05:51,7:11:19,3077,11557,10651,243,351,25879,566,78,18,529,73,16,470,56,14,566,78,18,Finisher,947
Juan Sebastian,Zamora Grajales,Juan Sebastian Zamora Grajales,576,M40-44,Male,Bogotá,CO-DC,Colombia,CO,0:51:19,3:30:24,2:41:07,0:03:58,0:04:33,7:11:22,3079,12624,9667,238,273,25882,567,489,113,531,458,102,560,491,112,567,489,113,Finisher,700
Eduin,Ballesteros Carrillo,Eduin Ballesteros Carrillo,164,M50-54,Male,cartagena,CO-BOL,Colombia,CO,0:50:52,2:57:35,3:14:47,0:04:19,0:04:05,7:11:37,3052,10655,11687,259,245,25897,568,490,36,518,446,36,350,310,22,568,490,36,Finisher,899
Harold,Arias,Harold Arias,681,M45-49,Male,Bogota,CO-DC,Colombia,CO,0:52:54,3:36:20,2:29:34,0:06:37,0:06:32,7:11:56,3174,12980,8974,397,392,25916,569,491,92,561,480,87,600,523,99,569,491,92,Finisher,764
Salomon,Janna A.,Salomon Janna A.,803,M40-44,Male,BARRANQUILLA,Atlántico,Colombia,CO,0:37:35,3:50:04,2:37:40,0:03:31,0:03:09,7:11:59,2255,13804,9460,211,189,25919,570,492,114,111,98,19,583,509,118,570,492,114,Finisher,700
Alberto Rafael,Carmona Coronel,Alberto Rafael Carmona Coronel,765,M45-49,Male,PEREIRA,CO-RIS,Colombia,CO,0:51:01,3:23:55,2:45:47,0:05:37,0:05:45,7:12:05,3061,12235,9947,337,345,25925,571,493,93,520,448,82,529,463,85,571,493,93,Finisher,761
Oscar,Simmonds,Oscar Simmonds,724,M45-49,Male,Bogotá,DISTRITO CAPITAL DE BOGOTA,Colombia,CO,0:50:49,3:28:51,2:35:27,0:08:30,0:08:32,7:12:10,3049,12531,9327,510,512,25930,572,494,94,517,445,81,573,502,93,572,494,94,Finisher,760
Juan Carlos,Correa Henao,Juan Carlos Correa Henao,462,M55-59,Male,Medellin,Antioquia,Colombia,CO,0:37:00,3:53:31,2:33:14,0:04:41,0:03:57,7:12:23,2220,14011,9194,281,237,25943,573,495,19,98,86,1,597,521,23,573,495,19,Finisher,1077
Pablo,Rodriguez,Pablo Rodriguez,381,M25-29,Male,Bogotá,Distrito Capital,Colombia,CO,0:55:14,3:31:26,2:37:20,0:04:36,0:04:05,7:12:41,3314,12686,9440,276,245,25961,574,496,41,597,513,46,584,510,42,574,496,41,Finisher,700
Oscar,Mayorga,Oscar Mayorga,726,M50-54,Male,Bogota,CO-DC,Colombia,CO,0:53:56,3:17:46,2:52:22,0:03:57,0:04:48,7:12:49,3236,11866,10342,237,288,25969,575,497,37,579,496,39,506,444,36,575,497,37,Finisher,877
Armando jeyson,Orozco donado,Armando jeyson Orozco donado,80,M30-34,Male,Cartagena,Bolívar,Colombia,CO,0:50:13,3:45:48,2:29:03,0:02:55,0:05:36,7:13:35,3013,13548,8943,175,336,26015,576,498,69,498,432,60,618,538,71,576,498,69,Finisher,700
Gonzalo Jafet,Palacio Peñaloza,Gonzalo Jafet Palacio Peñaloza,419,M30-34,Male,BARRANQUILLA,Atlántico,Colombia,CO,0:49:31,3:54:22,2:20:45,0:05:53,0:03:20,7:13:51,2971,14062,8445,353,200,26031,577,499,70,472,408,59,633,548,73,577,499,70,Finisher,700
Andrea Liliana,Ortiz Gonzalez,Andrea Liliana Ortiz Gonzalez,330,F45-49,Female,Santa Marta,Magdalena,Colombia,CO,1:05:39,3:38:18,2:20:45,0:03:41,0:05:57,7:14:19,3939,13098,8445,221,357,26059,578,79,12,646,93,15,629,84,13,578,79,12,Finisher,1765
Ronald,Barreneche,Ronald Barreneche,795,M45-49,Male,bogota,Distrito Capital,Colombia,CO,0:44:54,3:39:45,2:32:57,0:10:31,0:07:39,7:15:46,2694,13185,9177,631,459,26146,579,500,95,332,290,50,596,520,98,579,500,95,Finisher,700
John,Betancur,John Betancur,807,M50-54,Male,Copacabana,Antioquia,Colombia,CO,0:42:50,3:33:52,2:51:21,0:04:21,0:04:26,7:16:48,2570,12832,10281,261,266,26208,580,501,38,260,223,13,533,466,38,580,501,38,Finisher,806
Jean Carlos ,Durán Martínez ,Jean Carlos Durán Martínez,573,M25-29,Male,Barranquilla,ATLANTICO,Colombia,CO,0:52:50,3:39:25,2:33:28,0:05:21,0:06:35,7:17:39,3170,13165,9208,321,395,26259,581,502,42,557,477,42,611,532,47,581,502,42,Finisher,700
Luis ,A. Manzo,Luis A. Manzo,240,M40-44,Male,Medellin ,ANTIOQUIA,Denmark,DK,0:52:13,3:37:26,2:39:14,0:03:53,0:05:08,7:17:55,3133,13046,9554,233,308,26275,582,503,115,545,467,107,591,515,120,582,503,115,Finisher,700
Diego,Jaimes,Diego Jaimes,213,M45-49,Male,Floridablanca,Santander,Colombia,CO,1:04:13,3:25:05,2:40:19,0:02:19,0:06:26,7:18:21,3853,12305,9619,139,386,26301,583,504,96,640,549,107,585,511,94,583,504,96,Finisher,700
Rocio,Melo,Rocio Melo,759,F45-49,Female,Bogotá,Distrito Capital,Colombia,CO,0:58:09,3:44:20,2:20:19,0:10:30,0:05:37,7:18:55,3489,13460,8419,630,337,26335,584,80,13,619,88,14,639,88,15,584,80,13,Finisher,1682
Raul,Vasquez Bautista,Raul Vasquez Bautista,755,M40-44,Male,Barranquilla,CO-ATL,Colombia,CO,1:05:55,3:18:19,2:44:49,0:03:44,0:06:21,7:19:07,3955,11899,9889,224,381,26347,585,505,116,648,555,124,571,501,116,585,505,116,Finisher,700
Williams,Herrera,Williams Herrera,261,M50-54,Male,Naguanagua estado carabobo,CARABOBO,Venezuela,VE,0:48:24,3:31:07,2:52:43,0:03:11,0:03:55,7:19:20,2904,12667,10363,191,235,26360,586,506,39,445,385,28,545,476,39,586,506,39,Finisher,760
Claudine ,Suarez,Claudine Suarez,460,F50-54,Female,Bogota,CO-DC,Colombia,CO,0:48:15,3:36:28,2:45:43,0:03:33,0:05:24,7:19:23,2895,12988,9943,213,324,26363,587,81,6,437,58,6,575,73,6,587,81,6,Finisher,1891
julian,orjuela,julian orjuela,582,M45-49,Male,Barranquilla,Atlántico,Colombia,CO,0:48:41,3:35:26,2:39:39,0:09:18,0:06:24,7:19:29,2921,12926,9579,558,384,26369,588,507,97,452,391,67,590,514,95,588,507,97,Finisher,700
José Alfonso,Cortés Velosa,José Alfonso Cortés Velosa,375,M55-59,Male,BOGOTA,CO-CUN,Colombia,CO,0:51:35,3:38:57,2:37:52,0:05:49,0:05:32,7:19:45,3095,13137,9472,349,332,26385,589,508,20,537,463,19,604,526,25,589,508,20,Finisher,944
Calixto,Perez Segura,Calixto Perez Segura,558,M40-44,Male,Barranquilla,Atlántico,Colombia,CO,0:44:33,3:34:46,2:49:47,0:04:52,0:06:09,7:20:06,2673,12886,10187,292,369,26406,590,509,117,313,272,62,551,482,110,590,509,117,Finisher,700
Pablo,Correa,Pablo Correa,676,M30-34,Male,DACULA,GA,United States,US,0:47:13,3:26:44,2:58:43,0:03:17,0:04:52,7:20:48,2833,12404,10723,197,292,26448,591,510,71,402,349,51,516,452,63,591,510,71,Finisher,700
JUAN DIEGO,DIEZ FERNANDEZ,JUAN DIEGO DIEZ FERNANDEZ,622,M30-34,Male,Malambo,Atlántico,Colombia,CO,0:51:36,3:57:06,2:20:26,0:06:20,0:05:34,7:21:03,3096,14226,8426,380,334,26463,592,511,72,538,464,62,641,552,74,592,511,72,Finisher,700
Camilo,Cabrales,Camilo Cabrales,671,M45-49,Male,Bogota,Distrito Capital,Colombia,CO,1:09:20,3:39:12,2:19:46,0:06:43,0:06:19,7:21:20,4160,13152,8386,403,379,26480,593,512,98,653,560,108,642,553,107,593,512,98,Finisher,700
Nestor,Tous,Nestor Tous,264,M45-49,Male,Sincelejo,CO-SUC,Colombia,CO,1:00:16,3:33:43,2:32:38,0:08:38,0:06:26,7:21:42,3616,12823,9158,518,386,26502,594,513,99,629,540,103,623,542,104,594,513,99,Finisher,700
Jorge,Heredia,Jorge Heredia,591,M45-49,Male,Cota,Cundinamarca,Colombia,CO,1:03:58,3:31:01,2:35:58,0:03:54,0:07:13,7:22:03,3838,12661,9358,234,433,26523,595,514,100,637,547,106,617,537,102,595,514,100,Finisher,700
Julian,Barrios,Julian Barrios,650,M25-29,Male,Bogotá,Distrito Capital,Colombia,CO,0:44:48,3:41:18,2:42:22,0:06:33,0:07:39,7:22:39,2688,13278,9742,393,459,26559,596,515,43,325,283,27,589,513,43,596,515,43,Finisher,700
Gerardo,Gomez,Gerardo Gomez,486,M45-49,Male,Barranquilla,CO-ATL,Colombia,CO,0:54:17,3:35:27,2:43:34,0:05:12,0:05:24,7:23:54,3257,12927,9814,312,324,26634,597,516,101,584,501,95,595,519,97,597,516,101,Finisher,700
Elkin M,De La Cruz H,Elkin M De La Cruz H,148,M55-59,Male,Barranquilla,Atlantico,Colombia,CO,0:57:24,3:26:11,2:49:27,0:03:56,0:07:00,7:23:58,3444,12371,10167,236,420,26638,598,517,21,613,527,22,567,497,20,598,517,21,Finisher,868
Sebastián Mateo,Ospina Garcia,Sebastián Mateo Ospina Garcia,291,M25-29,Male,Barranquilla ,ATLANTICO,Colombia,CO,0:45:51,3:09:03,3:19:43,0:04:58,0:05:44,7:25:19,2751,11343,11983,298,344,26719,599,518,44,363,314,30,410,364,29,599,518,44,Finisher,700
Victor Miguel,Quintero Patiño,Victor Miguel Quintero Patiño,630,M45-49,Male,MADRID,Cundinamarca,Colombia,CO,0:55:15,3:45:36,2:31:22,0:05:25,0:08:07,7:25:45,3315,13536,9082,325,487,26745,600,519,102,598,514,98,627,544,105,600,519,102,Finisher,700
Julio Enrique,Soto Torrado,Julio Enrique Soto Torrado,495,M55-59,Male,Ocaña,CO-NSA,Colombia,CO,0:44:37,3:50:46,2:39:44,0:03:14,0:07:44,7:26:03,2677,13846,9584,194,464,26763,601,520,22,317,275,13,614,534,26,601,520,22,Finisher,831
Pascual,Aguirre,Pascual Aguirre,250,M25-29,Male,Barranquilla,Atlantico,Colombia,CO,0:46:09,3:19:00,3:09:37,0:05:24,0:06:19,7:26:28,2769,11940,11377,324,379,26788,602,521,45,372,323,31,487,429,36,602,521,45,Finisher,700
Flavio,Aguilera,Flavio Aguilera,326,M70-74,Male,Oxnard,CA,Mexico,MX,0:51:00,4:01:50,2:27:39,0:02:47,0:03:45,7:27:02,3060,14510,8859,167,225,26822,603,522,1,519,447,1,643,554,1,603,522,1,Finisher,3500
Julian Felipe ,Chitiva Vega,Julian Felipe Chitiva Vega,606,M35-39,Male,Bogota ,Bogotá ,Colombia,CO,0:40:50,3:50:39,2:40:58,0:05:07,0:09:48,7:27:22,2450,13839,9658,307,588,26842,604,523,93,193,167,33,605,527,97,604,523,93,Finisher,700
Alejandro,Diaz,Alejandro Diaz,535,M35-39,Male,Bogota,Distrito Capital,Colombia,CO,0:50:38,3:28:26,2:56:47,0:03:22,0:08:09,7:27:22,3038,12506,10607,202,489,26842,605,524,94,513,442,81,543,474,91,605,524,94,Finisher,700
Oscar,Gasca,Oscar Gasca,767,M35-39,Male,Granada,Meta,Colombia,CO,0:56:34,3:03:59,3:18:32,0:02:40,0:05:41,7:27:25,3394,11039,11912,160,341,26845,606,525,95,608,523,92,438,387,74,606,525,95,Finisher,700
Ricardo,Diaz,Ricardo Diaz,392,M45-49,Male,Barranquilla,Atlántico,Colombia,CO,0:55:58,3:39:26,2:44:26,0:04:52,0:06:26,7:31:09,3358,13166,9866,292,386,27069,607,526,103,603,518,99,619,539,103,607,526,103,Finisher,700
Yadid,Ruiz Ossio,Yadid Ruiz Ossio,563,F45-49,Female,Barranquilla,CO-ATL,Colombia,CO,0:49:52,3:47:14,2:42:43,0:06:24,0:05:15,7:31:27,2992,13634,9763,384,315,27087,608,82,14,486,65,10,625,83,12,608,82,14,Finisher,1457
JOSIE ENRIQUE,JOSIECOL,JOSIE ENRIQUE JOSIECOL,813,M35-39,Male,BARRANQUILLA,Atlántico,Colombia,CO,0:48:17,3:33:53,2:59:59,0:03:26,0:05:54,7:31:30,2897,12833,10799,206,354,27090,609,527,96,442,382,68,558,489,93,609,527,96,Finisher,700
Alexandra,Bolivar Mojica,Alexandra Bolivar Mojica,193,F25-29,Female,Barranquilla,Atlántico,Colombia,CO,0:50:14,3:42:55,2:43:09,0:09:06,0:06:10,7:31:33,3014,13375,9789,546,370,27093,610,83,10,499,67,8,622,81,10,610,83,10,Finisher,854
Diego Fernando,Cruz Saenz,Diego Fernando Cruz Saenz,746,M40-44,Male,Barrancabermeja,Santander,Colombia,CO,0:59:35,3:34:05,2:49:30,0:03:45,0:04:55,7:31:52,3575,12845,10170,225,295,27112,611,528,118,626,537,121,609,530,122,611,528,118,Finisher,700
Felipe,Quintero,Felipe Quintero,207,M35-39,Male,BOGOTA,DISTRITO CAPITAL DE BOGOTA,Colombia,CO,0:42:38,3:31:46,3:03:28,0:04:38,0:09:26,7:31:56,2558,12706,11008,278,566,27116,612,529,97,253,216,39,522,457,86,612,529,97,Finisher,700
Luis,Ferla,Luis Ferla,290,M55-59,Male,ELIZABETH,NJ,United States,US,0:49:48,3:27:28,2:54:06,0:10:11,0:10:32,7:32:05,2988,12448,10446,611,632,27125,613,530,23,482,418,18,566,496,19,613,530,23,Finisher,722
Alonso,Quispe Castro,Alonso Quispe Castro,194,M55-59,Male,Miraflores,PE-LIM,Peru,PE,1:04:28,3:50:25,2:31:05,0:04:37,0:01:45,7:32:20,3868,13825,9065,277,105,27140,614,531,24,641,550,27,646,555,27,614,531,24,Finisher,718
Gladys,Montt,Gladys Montt,564,F40-44,Female,Barranquilla,Atlantico,Colombia,CO,1:05:25,3:44:48,2:31:05,0:05:26,0:05:59,7:32:43,3925,13488,9065,326,359,27163,615,84,12,644,92,16,644,90,15,615,84,12,Finisher,914
Juan Camilo,Cuao Sanchez,Juan Camilo Cuao Sanchez,384,M25-29,Male,Barranquilla,Atlántico,Colombia,CO,0:41:47,3:35:19,3:05:07,0:04:19,0:06:35,7:33:07,2507,12919,11107,259,395,27187,616,532,46,234,202,23,537,468,38,616,532,46,Finisher,700
Oscar,Murillo,Oscar Murillo,348,M55-59,Male,rionegro,Antioquia,Colombia,CO,0:48:38,3:29:32,2:59:37,0:06:30,0:08:51,7:33:08,2918,12572,10777,390,531,27188,617,533,25,448,388,16,556,487,18,617,533,25,Finisher,703
claudia,Barbosa,claudia Barbosa,380,F40-44,Female,barranquilla,Atlántico,Colombia,CO,0:53:00,3:54:14,2:34:20,0:05:28,0:06:24,7:33:26,3180,14054,9260,328,384,27206,618,85,13,562,82,13,637,87,13,618,85,13,Finisher,901
Jorge,Arizal,Jorge Arizal,624,M40-44,Male,Bogotá,CO-CUN,Colombia,CO,0:51:58,3:35:43,2:56:41,0:04:15,0:05:13,7:33:49,3118,12943,10601,255,313,27229,619,534,119,544,466,106,587,512,119,619,534,119,Finisher,700
Juliana,Velez,Juliana Velez,623,F35-39,Female,Bogota,CO-CUN,Colombia,CO,0:57:53,3:30:59,2:56:39,0:03:10,0:05:15,7:33:55,3473,12659,10599,190,315,27235,620,86,17,616,87,17,588,76,15,620,86,17,Finisher,700
Elkin,Suarez,Elkin Suarez,444,M55-59,Male,Bogota,Distrito Capital,Colombia,CO,0:40:26,3:40:51,3:00:56,0:06:19,0:06:23,7:34:55,2426,13251,10856,379,383,27295,621,535,26,183,159,7,568,498,21,621,535,26,Finisher,700
Yojairo,Garcia,Yojairo Garcia,835,M40-44,Male,BARRANQUILLA,ATLANTICO,Colombia,CO,0:42:36,3:38:28,3:07:51,0:03:16,0:03:46,7:35:57,2556,13108,11271,196,226,27357,622,536,120,252,215,50,553,484,111,622,536,120,Finisher,700
Dayana ,Torres Mosquera ,Dayana Torres Mosquera,809,F40-44,Female,Itagüi,CO-DC,Colombia,CO,0:54:56,3:52:20,2:38:54,0:04:22,0:06:38,7:37:10,3296,13940,9534,262,398,27430,623,87,14,595,84,14,634,86,12,623,87,14,Finisher,834
Alvaro,Acevedo,Alvaro Acevedo,215,M40-44,Male,Miami,FL,Colombia,CO,0:55:49,3:28:09,3:05:26,0:03:01,0:06:30,7:38:55,3349,12489,11126,181,390,27535,624,537,121,600,516,117,564,494,114,624,537,121,Finisher,700
Mauricio,Velasquez,Mauricio Velasquez,138,M40-44,Male,Barranquilla,Atlantico,Colombia,CO,0:50:06,3:35:21,3:01:41,0:05:39,0:08:09,7:40:55,3006,12921,10901,339,489,27655,625,538,122,494,429,98,582,508,117,625,538,122,Finisher,700
Paola,Royo,Paola Royo,210,F45-49,Female,Barranquilla,Atlántico,Colombia,CO,0:49:18,3:51:25,2:39:38,0:08:47,0:12:12,7:41:19,2958,13885,9578,527,732,27679,626,88,15,464,63,9,631,85,14,626,88,15,Finisher,1279
Jesus,Quintero,Jesus Quintero,196,M45-49,Male,Sabaneta,Antioquia,Colombia,CO,0:42:49,3:32:31,3:06:49,0:08:45,0:10:43,7:41:38,2569,12751,11209,525,643,27698,627,539,104,259,222,35,550,481,88,627,539,104,Finisher,700
Guillermo,Rocha,Guillermo Rocha,658,M40-44,Male,Bogota,CO-CUN,Colombia,CO,1:03:04,3:49:53,2:34:21,0:07:14,0:07:16,7:41:48,3784,13793,9261,434,436,27708,628,540,123,635,545,122,647,556,126,628,540,123,Finisher,700
Francisco ,Lo,Francisco Lo,171,M18-24,Male,Pedasí,Los Santos,Panama,PA,1:07:20,3:52:19,2:36:05,0:03:16,0:02:49,7:41:48,4040,13939,9365,196,169,27708,629,541,24,650,557,25,650,559,25,629,541,24,Finisher,700
Halder,Lam,Halder Lam,209,M50-54,Male,Willemstad,North Brabant,Curaçao,CW,0:47:31,3:52:00,2:48:04,0:08:33,0:06:28,7:42:36,2851,13920,10084,513,388,27756,630,542,40,409,355,26,630,546,42,630,542,40,Finisher,700
Juan Diego,Colmenares,Juan Diego Colmenares,734,M30-34,Male,Bogotá,CO-DC,Colombia,CO,0:52:44,3:29:52,3:09:10,0:04:21,0:06:41,7:42:48,3164,12592,11350,261,401,27768,631,543,73,555,475,65,563,493,67,631,543,73,Finisher,700
David,De la Hoz,David De la Hoz,637,M25-29,Male,Barranquilla,CO-ATL,Colombia,CO,0:41:34,3:50:02,3:01:35,0:04:25,0:05:44,7:43:21,2494,13802,10895,265,344,27801,632,544,47,225,195,22,603,525,46,632,544,47,Finisher,700
Francisco,Cortazar,Francisco Cortazar,781,M45-49,Male,Cartagena,Bolívar,Colombia,CO,0:49:56,3:44:10,2:55:58,0:04:34,0:08:59,7:43:38,2996,13450,10558,274,539,27818,633,545,105,489,424,72,616,536,101,633,545,105,Finisher,700
Jorge,Parra,Jorge Parra,729,M45-49,Male,Barranquilla,Atlántico,Colombia,CO,0:54:26,3:37:44,2:58:25,0:04:54,0:08:27,7:43:55,3266,13064,10705,294,507,27835,634,546,106,585,502,96,607,528,100,634,546,106,Finisher,700
Diego,Guzman,Diego Guzman,358,M25-29,Male,Santa Marta,Magdalena,Colombia,CO,0:53:55,4:03:45,2:40:07,0:02:54,0:03:47,7:44:27,3235,14625,9607,174,227,27867,635,547,48,578,495,44,648,557,48,635,547,48,Finisher,700
Diana,Echeverry,Diana Echeverry,632,F35-39,Female,Yumbo,Valle del Cauca,Colombia,CO,0:55:57,3:37:12,3:00:59,0:04:58,0:05:28,7:44:33,3357,13032,10859,298,328,27873,636,89,18,602,85,16,613,80,18,636,89,18,Finisher,700
Jaime ,Betancourt ,Jaime Betancourt,647,M60-64,Male,Rionegro ,Antioquia,Central African Republic,CF,1:09:32,3:44:07,2:38:29,0:07:11,0:05:31,7:44:50,4172,13447,9509,431,331,27890,637,548,5,654,561,5,649,558,5,637,548,5,Finisher,992
Johan ,Ruiz Vargas,Johan Ruiz Vargas,189,M30-34,Male,Bogotá,Distrito Capital,Colombia,CO,0:52:29,3:53:42,2:47:42,0:03:21,0:07:45,7:44:58,3149,14022,10062,201,465,27898,638,549,74,551,472,64,632,547,72,638,549,74,Finisher,700
Gonzalo Eduardo,Pinto Suárez,Gonzalo Eduardo Pinto Suárez,823,M35-39,Male,Duitama ,CO-BOY,Colombia,CO,0:47:52,3:44:13,3:04:42,0:03:27,0:07:29,7:47:42,2872,13453,11082,207,449,28062,639,550,98,424,368,63,598,522,96,639,550,98,Finisher,700
Leidy,Otálora,Leidy Otálora,426,F35-39,Female,Bogotá,Distrito Capital,Colombia,CO,0:51:41,4:07:11,2:38:09,0:05:47,0:04:58,7:47:46,3101,14831,9489,347,298,28066,640,90,19,539,75,14,653,92,19,640,90,19,Finisher,700
Johann Eduardo,Moreno Acosta,Johann Eduardo Moreno Acosta,613,M40-44,Male,"Bogotá, D.C.",Distrito Capital,Colombia,CO,0:54:53,3:37:49,3:03:35,0:04:32,0:07:08,7:47:58,3293,13069,11015,272,428,28078,641,551,124,594,511,115,608,529,121,641,551,124,Finisher,700
Alberth Javier,Cermeño Romero,Alberth Javier Cermeño Romero,787,M50-54,Male,Cota,CO-CUN,Colombia,CO,0:51:02,3:17:04,3:20:28,0:05:49,0:13:51,7:48:13,3062,11824,12028,349,831,28093,642,552,41,521,449,37,499,439,35,642,552,41,Finisher,700
Oriana,Pardo saldarriaga ,Oriana Pardo saldarriaga,411,F25-29,Female,cartagena,CO-BOL,Colombia,CO,1:00:49,4:07:37,2:34:29,0:06:02,0:04:32,7:53:28,3649,14857,9269,362,272,28408,643,91,11,631,90,11,655,93,11,643,91,11,Finisher,700
Jose Omar,Torres Penaloza,Jose Omar Torres Penaloza,263,M55-59,Male,CUCUTA,CO-NSA,Colombia,CO,1:04:10,3:16:14,3:24:11,0:07:20,0:07:52,7:59:48,3850,11774,12251,440,472,28788,644,553,27,639,548,26,569,499,22,644,553,27,Finisher,700
Maria Camila,Aguirre Coronado,Maria Camila Aguirre Coronado,204,F40-44,Female,Bogota,Distrito Capital,Colombia,CO,0:51:57,3:57:25,3:04:37,0:05:21,0:06:06,8:05:26,3117,14245,11077,321,366,29126,645,92,15,543,78,11,640,89,14,645,92,15,Finisher,700
gustavo,upegui,gustavo upegui,318,M45-49,Male,Bogotá,CO-DC,Colombia,CO,1:00:59,3:38:18,3:08:01,0:08:19,0:10:07,8:05:45,3659,13098,11281,499,607,29145,646,554,107,633,543,105,628,545,106,646,554,107,Finisher,700
Marco,Viquez,Marco Viquez,168,M18-24,Male,Pozos,San José,Costa Rica,CR,0:44:33,3:56:32,3:11:46,0:11:03,0:06:37,8:10:32,2673,14192,11506,663,397,29432,647,555,25,314,273,16,636,550,24,647,555,25,Finisher,700
Gonzalo,Viquez,Gonzalo Viquez,169,M50-54,Male,San Jose,San Jose,Costa Rica,CR,0:50:05,3:57:13,3:11:58,0:05:33,0:05:51,8:10:41,3005,14233,11518,333,351,29441,648,556,42,493,428,33,638,551,43,648,556,42,Finisher,700
Fabian Augusto,Ramirez Salamanca,Fabian Augusto Ramirez Salamanca,526,M45-49,Male,BUCARAMANGA,CO-SAN,Colombia,CO,0:48:45,4:06:06,3:03:11,0:08:16,0:04:24,8:10:42,2925,14766,10991,496,264,29442,649,557,108,454,393,68,651,560,108,649,557,108,Finisher,700
Paolita,Correa,Paolita Correa,410,F40-44,Female,Cartagena,Bolívar,Colombia,CO,0:52:30,4:00:08,3:09:15,0:05:06,0:03:58,8:10:56,3150,14408,11355,306,238,29456,650,93,16,552,80,12,645,91,16,650,93,16,Finisher,700
Angel,Lopez Pabon,Angel Lopez Pabon,761,M40-44,Male,CARTAGENA,CO-BOL,Colombia,CO,0:50:46,3:45:58,3:24:32,0:05:00,0:06:05,8:12:21,3046,13558,12272,300,365,29541,651,558,125,515,444,100,620,540,125,651,558,125,Finisher,700
Cesar ,Caro Durango,Cesar Caro Durango,504,M40-44,Male,San Antonio de Prado,medellin,Colombia,CO,0:47:50,3:41:20,3:30:39,0:08:17,0:07:40,8:15:46,2870,13280,12639,497,460,29746,652,559,126,423,367,88,610,531,123,652,559,126,Finisher,700
Hugo,Nuñez,Hugo Nuñez,513,M50-54,Male,,,Colombia,CO,0:45:48,3:53:18,3:28:44,0:04:51,0:07:03,8:19:44,2748,13998,12524,291,423,29984,653,560,43,361,313,22,626,543,41,653,560,43,Finisher,700
Mauricio ,Rodriguez,Mauricio Rodriguez,832,M30-34,Male,Cartagena,CO-BOL,Colombia,CO,1:05:47,3:53:47,3:17:57,0:03:48,0:07:49,8:29:09,3947,14027,11877,228,469,30549,654,561,75,647,554,75,652,561,75,654,561,75,Finisher,700
 Camilo,Páez ,Camilo Páez,801,M30-34,Male,Bogotá,CO-CUN,Colombia,CO,0:54:29,4:11:55,3:15:20,0:02:34,0:05:16,8:29:34,3269,15115,11720,154,316,30574,655,562,76,588,505,67,654,562,76,655,562,76,Finisher,700
Yuri Carolina,Morales Barreto,Yuri Carolina Morales Barreto,691,F35-39,Female,Bogotá,DISTRITO CAPITAL DE BOGOTA,Colombia,CO,1:16:19,,,0:00:00,0:06:08,,4579,0,0,0,368,0,99999,99999,99999,99999,99999,99999,99999,99999,99999,99999,99999,99999,DNF,0
Carlos,Garzon,Carlos Garzon,670,M40-44,Male,BOGOTA,Cundinamarca,Colombia,CO,,,,0:00:00,0:00:00,,0,0,0,0,0,0,99999,99999,99999,99999,99999,99999,99999,99999,99999,99999,99999,99999,DNF,0
Melissa,Silva,Melissa Silva,549,F30-34,Female,Barranquilla,Atlantico,Colombia,CO,1:11:12,3:48:44,2:38:30,0:05:37,0:03:37,7:47:40,4272,13724,9510,337,217,28060,99999,99999,99999,99999,99999,99999,99999,99999,99999,99999,99999,99999,Unofficial,0
Harold,Pineda,Harold Pineda,124,M40-44,Male,Bogota,CO-DC,Colombia,CO,0:43:15,,,0:01:35,0:00:00,,2595,0,0,95,0,0,99999,99999,99999,99999,99999,99999,99999,99999,99999,99999,99999,99999,DNF,0
F,Chip 2,F Chip 2,8002,M45-49,Male,Cdmx,ME,Mexico,MX,,,,0:00:00,0:00:00,,0,0,0,0,0,0,99999,99999,99999,99999,99999,99999,99999,99999,99999,99999,99999,99999,DNS,0
Tito,Crissien,Tito Crissien,500,M50-54,Male,BARRANQUILLA,foreigner,Colombia,CO,0:50:25,4:21:50,3:11:03,0:05:40,0:06:54,8:35:53,3025,15710,11463,340,414,30953,99999,99999,99999,99999,99999,99999,99999,99999,99999,99999,99999,99999,Unofficial,0
Carlos,Coy,Carlos Coy,465,M35-39,Male,Envigado,CO-ANT,Colombia,CO,,,,0:00:00,0:00:00,,0,0,0,0,0,0,99999,99999,99999,99999,99999,99999,99999,99999,99999,99999,99999,99999,DNS,0
Neil,Viloria Arzuaga,Neil Viloria Arzuaga,340,M45-49,Male,Barranquilla,Atlantico,Colombia,CO,0:44:21,2:43:26,,0:04:15,0:03:50,,2661,9806,0,255,230,0,99999,99999,99999,99999,99999,99999,99999,99999,99999,99999,99999,99999,DNF,0
Patrícia,Mendes Franco,Patrícia Mendes Franco,568,F35-39,Female,BH,mg,Brazil,BR,0:35:30,3:38:32,,0:02:09,1:21:18,,2130,13112,0,129,4878,0,99999,99999,99999,99999,99999,99999,99999,99999,99999,99999,99999,99999,DNF,0
Margarita,Villegas,Margarita Villegas,303,F60-64,Female,Quito,PICHINCHA,Ecuador,EC,1:01:42,4:35:29,,0:04:47,0:04:37,,3702,16529,0,287,277,0,99999,99999,99999,99999,99999,99999,99999,99999,99999,99999,99999,99999,DNF,0
David,García Guillén,David García Guillén,532,M35-39,Male,Bogotá ,CUNDINAMARCA,Spain,ES,0:35:39,2:42:07,,0:02:18,0:02:41,,2139,9727,0,138,161,0,99999,99999,99999,99999,99999,99999,99999,99999,99999,99999,99999,99999,DNF,0
Jhonatan,Galvis,Jhonatan Galvis,428,M35-39,Male,Bogotá,CO-DC,Colombia,CO,1:13:08,4:22:49,,0:04:28,0:05:32,,4388,15769,0,268,332,0,99999,99999,99999,99999,99999,99999,99999,99999,99999,99999,99999,99999,DNF,0
David,Rodriguez,David Rodriguez,466,M40-44,Male,"BOGOTÁ, D.C.",DC,Colombia,CO,0:44:26,2:52:11,,0:02:18,0:00:00,,2666,10331,0,138,0,0,99999,99999,99999,99999,99999,99999,99999,99999,99999,99999,99999,99999,DNF,0
Andrés,Villota,Andrés Villota,329,M40-44,Male,Quito,Pichincha,Ecuador,EC,,,,0:00:00,0:00:00,,0,0,0,0,0,0,99999,99999,99999,99999,99999,99999,99999,99999,99999,99999,99999,99999,DQ,0
ANDRE,SCHELLER,ANDRE SCHELLER,343,M55-59,Male,SANTA MARTA,Magdalena,Colombia,CO,1:01:36,3:23:08,2:31:27,0:03:00,0:05:11,7:04:22,3696,12188,9087,180,311,25462,99999,99999,99999,99999,99999,99999,99999,99999,99999,99999,99999,99999,DNF,0
F,Chip 2,F Chip 2,8003,M45-49,Male,Cdmx,ME,Mexico,MX,,,,0:00:00,0:00:00,,0,0,0,0,0,0,99999,99999,99999,99999,99999,99999,99999,99999,99999,99999,99999,99999,DNS,0
Michael,Barragán,Michael Barragán,829,M30-34,Male,Yopal,Casanare,Colombia,CO,,,,0:00:00,0:00:00,,0,0,0,0,0,0,99999,99999,99999,99999,99999,99999,99999,99999,99999,99999,99999,99999,DQ,0
Nelson,Visbal,Nelson Visbal,231,M40-44,Male,Barranquilla,Atlantico,Colombia,CO,0:51:35,4:18:33,3:11:23,0:05:26,0:07:02,8:33:59,3095,15513,11483,326,422,30839,99999,99999,99999,99999,99999,99999,99999,99999,99999,99999,99999,99999,Unofficial,0
Horacio,Caicedo,Horacio Caicedo,255,M35-39,Male,barranquilla,atlantico,Colombia,CO,,,,0:00:00,0:00:00,,0,0,0,0,0,0,99999,99999,99999,99999,99999,99999,99999,99999,99999,99999,99999,99999,DQ,0
Saul Alejandro,Aceituno,Saul Alejandro Aceituno,322,M35-39,Male,Panama,PA-8,Panama,PA,0:37:01,2:35:59,,0:01:43,0:02:13,,2221,9359,0,103,133,0,99999,99999,99999,99999,99999,99999,99999,99999,99999,99999,99999,99999,DNF,0
Adrian Arturo,Rincon Alvarez,Adrian Arturo Rincon Alvarez,185,M35-39,Male,Bogota,CO-DC,Colombia,CO,,,,0:00:00,0:00:00,,0,0,0,0,0,0,99999,99999,99999,99999,99999,99999,99999,99999,99999,99999,99999,99999,DQ,0
RAFAEL,PERDOMO DIAZ,RAFAEL PERDOMO DIAZ,548,M60-64,Male,LOS PATIOS ,Norte de Santander,Venezuela,VE,0:54:30,4:18:51,,0:06:15,0:09:22,,3270,15531,0,375,562,0,99999,99999,99999,99999,99999,99999,99999,99999,99999,99999,99999,99999,DNF,0
Juan,Mercado González,Juan Mercado González,140,M45-49,Male,Barranquilla,ATLANTICO,Denmark,DK,,,,0:00:00,0:00:00,,0,0,0,0,0,0,99999,99999,99999,99999,99999,99999,99999,99999,99999,99999,99999,99999,DNF,0
ANDRES FELIPE,AVILA VARGAS,ANDRES FELIPE AVILA VARGAS,677,M30-34,Male,Bogota D.C.,Distrito Capital,Canada,CA,,,,0:00:00,0:00:00,,0,0,0,0,0,0,99999,99999,99999,99999,99999,99999,99999,99999,99999,99999,99999,99999,DQ,0
Julian Alberto,Soler Cruz,Julian Alberto Soler Cruz,692,M45-49,Male,BOGOTA,CUNDINAMARCA,Colombia,CO,0:53:55,4:04:43,3:41:07,0:06:51,0:04:02,8:50:37,3235,14683,13267,411,242,31837,99999,99999,99999,99999,99999,99999,99999,99999,99999,99999,99999,99999,Unofficial,0
Caroline,Chamoun,Caroline Chamoun,227,F45-49,Female,ROCKVILLE,MD,United States,US,1:25:05,,,0:00:00,0:00:00,,5105,0,0,0,0,0,99999,99999,99999,99999,99999,99999,99999,99999,99999,99999,99999,99999,DNF,0
Angel,Vilema,Angel Vilema,327,M45-49,Male,Puerto Ayora,Galápagos,Ecuador,EC,0:42:29,3:22:14,,0:03:23,0:04:39,,2549,12134,0,203,279,0,99999,99999,99999,99999,99999,99999,99999,99999,99999,99999,99999,99999,DNF,0
Dario Arturo,Rodriguez Silva,Dario Arturo Rodriguez Silva,130,M45-49,Male,Bogotá DC,Distrito Capital,Colombia,CO,0:45:11,3:22:39,,0:02:44,0:06:26,,2711,12159,0,164,386,0,99999,99999,99999,99999,99999,99999,99999,99999,99999,99999,99999,99999,DNF,0
Valentina,Meneses Paternina,Valentina Meneses Paternina,834,F35-39,Female,medellin,antioquia,Colombia,CO,,,,0:00:00,0:00:00,,0,0,0,0,0,0,99999,99999,99999,99999,99999,99999,99999,99999,99999,99999,99999,99999,DNS,0
GERARDO ALFONSO ,ARAUJO PARRA ,GERARDO ALFONSO ARAUJO PARRA,220,M45-49,Male,Playa del Carmen,MX-ROO,Venezuela,VE,,,,0:00:00,0:00:00,,0,0,0,0,0,0,99999,99999,99999,99999,99999,99999,99999,99999,99999,99999,99999,99999,DNS,0
David,Labrador,David Labrador,287,M50-54,Male,DUNELLEN,NJ,United States,US,,,,0:00:00,0:00:00,,0,0,0,0,0,0,99999,99999,99999,99999,99999,99999,99999,99999,99999,99999,99999,99999,DQ,0
Javier,Tous,Javier Tous,772,M40-44,Male,Puerto Colombia,Atlántico,Colombia,CO,0:52:36,3:46:43,,0:05:28,0:05:58,,3156,13603,0,328,358,0,99999,99999,99999,99999,99999,99999,99999,99999,99999,99999,99999,99999,DNF,0
Sergio Andres,Lopez Lozano,Sergio Andres Lopez Lozano,414,M30-34,Male,bogota,Distrito Capital,Colombia,CO,1:12:10,3:40:55,2:02:44,0:02:38,0:02:46,7:01:14,4330,13255,7364,158,166,25274,99999,99999,99999,99999,99999,99999,99999,99999,99999,99999,99999,99999,Unofficial,0
emilio,rodriguez,emilio rodriguez,212,M30-34,Male,Medellín,Antioquia,Colombia,CO,1:23:04,3:32:12,1:52:28,0:03:42,0:03:54,6:55:20,4984,12732,6748,222,234,24920,99999,99999,99999,99999,99999,99999,99999,99999,99999,99999,99999,99999,DNF,0
DANIEL,SUAREZ,DANIEL SUAREZ,621,M35-39,Male,Bogota,Distrito Capital,Colombia,CO,1:13:08,4:11:19,0:12:03,0:02:55,0:04:56,5:44:21,4388,15079,723,175,296,20661,99999,99999,99999,99999,99999,99999,99999,99999,99999,99999,99999,99999,DNF,0
Evens Mauricio,Aguirre Quiñonez,Evens Mauricio Aguirre Quiñonez,205,M65-69,Male,Bogotá,Distrito Capital,Colombia,CO,,,,0:00:00,0:00:00,,0,0,0,0,0,0,99999,99999,99999,99999,99999,99999,99999,99999,99999,99999,99999,99999,DNF,0
Felipe,Garcia,Felipe Garcia,802,M18-24,Male,Marbella,MALAGA,Colombia,CO,0:35:03,,,0:02:02,0:00:00,,2103,0,0,122,0,0,99999,99999,99999,99999,99999,99999,99999,99999,99999,99999,99999,99999,DNF,0
Misael,Benitez,Misael Benitez,565,M45-49,Male,COTA,CUNDINAMARCA,Colombia,CO,0:41:29,2:59:08,,0:03:34,0:06:55,,2489,10748,0,214,415,0,99999,99999,99999,99999,99999,99999,99999,99999,99999,99999,99999,99999,DNF,0
Juan Pablo,Cerro,Juan Pablo Cerro,226,M40-44,Male,Barranquilla,Atlántico,Colombia,CO,,,,0:00:00,0:00:00,6:22:27,0,0,0,0,0,22947,99999,99999,99999,99999,99999,99999,99999,99999,99999,99999,99999,99999,DNF,0
Cristian ,Nariño Niño,Cristian Nariño Niño,390,M45-49,Male,Bogotá,CO-DC,Colombia,CO,1:13:28,4:11:53,3:00:57,0:04:50,0:09:21,8:40:28,4408,15113,10857,290,561,31228,99999,99999,99999,99999,99999,99999,99999,99999,99999,99999,99999,99999,Unofficial,0
Nicolas,Quintero Rivera ,Nicolas Quintero Rivera,471,M18-24,Male,Barranquilla,Atlántico,Colombia,CO,0:39:48,3:30:53,,0:05:56,0:05:48,,2388,12653,0,356,348,0,99999,99999,99999,99999,99999,99999,99999,99999,99999,99999,99999,99999,DNF,0
Francisco,Narvaez,Francisco Narvaez,784,M40-44,Male,Queens,NY,United States,US,0:58:28,3:49:01,,0:07:47,0:11:31,,3508,13741,0,467,691,0,99999,99999,99999,99999,99999,99999,99999,99999,99999,99999,99999,99999,DNF,0
Alberto,Carrillo,Alberto Carrillo,101,PC/ID,Male,BOGOTA,CO-DC,Spain,ES,0:53:14,2:38:16,2:06:30,0:03:18,0:03:21,5:44:39,3194,9496,7590,198,201,20679,99999,99999,99999,99999,99999,99999,99999,99999,99999,99999,99999,99999,Finisher,700
Camila,Murcia,Camila Murcia,523,F35-39,Female,Bogotá,CO-DC,Colombia,CO,0:47:02,,,0:03:28,0:00:00,,2822,0,0,208,0,0,99999,99999,99999,99999,99999,99999,99999,99999,99999,99999,99999,99999,DNF,0
edwar camilo,ardila medina,edwar camilo ardila medina,799,M30-34,Male,Provincia de Cartagena,Bolívar,Colombia,CO,1:12:21,3:26:56,2:16:04,0:02:03,0:02:17,6:59:41,4341,12416,8164,123,137,25181,99999,99999,99999,99999,99999,99999,99999,99999,99999,99999,99999,99999,Unofficial,0
Ezio,Pezzano,Ezio Pezzano,744,M65-69,Male,Barranquilla,ON,Colombia,CO,0:48:05,4:37:31,,0:03:50,0:00:00,,2885,16651,0,230,0,0,99999,99999,99999,99999,99999,99999,99999,99999,99999,99999,99999,99999,DNF,0
Danilo Jesus,Diaz Rodriguez,Danilo Jesus Diaz Rodriguez,510,M40-44,Male,Valledupar,César,Colombia,CO,,,,0:00:00,0:00:00,,0,0,0,0,0,0,99999,99999,99999,99999,99999,99999,99999,99999,99999,99999,99999,99999,DNF,0
Oscar,Fonnegra,Oscar Fonnegra,501,M30-34,Male,Medellín,Antioquia,Colombia,CO,0:41:46,2:35:26,,0:01:59,0:02:55,,2506,9326,0,119,175,0,99999,99999,99999,99999,99999,99999,99999,99999,99999,99999,99999,99999,DNF,0
SEBASTIAN,RENGIFO MORENO,SEBASTIAN RENGIFO MORENO,593,M30-34,Male,Pasto,Nariño,Colombia,CO,0:38:50,2:48:24,,0:02:55,0:29:08,,2330,10104,0,175,1748,0,99999,99999,99999,99999,99999,99999,99999,99999,99999,99999,99999,99999,DNF,0
Duberney,Manrique Rodríguez,Duberney Manrique Rodríguez,752,M40-44,Male,Bogotá,Bogotá,Colombia,CO,,,,0:00:00,0:00:00,,0,0,0,0,0,0,99999,99999,99999,99999,99999,99999,99999,99999,99999,99999,99999,99999,DQ,0
Julian David,Colorado Agudelo,Julian David Colorado Agudelo,653,M35-39,Male,Sabaneta,Antioquia,Colombia,CO,,,,0:00:00,0:00:00,,0,0,0,0,0,0,99999,99999,99999,99999,99999,99999,99999,99999,99999,99999,99999,99999,DQ,0
Alex Rodrigo,Castro Linares,Alex Rodrigo Castro Linares,273,M35-39,Male,Bucaramanga,Santander,Colombia,CO,1:00:58,3:38:34,,0:05:40,0:06:41,,3658,13114,0,340,401,0,99999,99999,99999,99999,99999,99999,99999,99999,99999,99999,99999,99999,DNF,0
Michael,Villamil Penagos,Michael Villamil Penagos,103,PC/ID,Male,Cali,Valle del Cauca,Colombia,CO,0:46:29,2:52:45,2:31:20,0:02:04,0:03:12,6:15:49,2789,10365,9080,124,192,22549,99999,99999,99999,99999,99999,99999,99999,99999,99999,99999,99999,99999,Finisher,700
VANESSA,FERNANDEZ,VANESSA FERNANDEZ,788,F35-39,Female,cota,CO-CUN,Colombia,CO,,,,0:00:00,0:00:00,,0,0,0,0,0,0,99999,99999,99999,99999,99999,99999,99999,99999,99999,99999,99999,99999,DNS,0
Ivan,Iguaran Pajaro,Ivan Iguaran Pajaro,693,M45-49,Male,Barranquilla,Atlantico,Colombia,CO,,,,0:00:00,0:00:00,,0,0,0,0,0,0,99999,99999,99999,99999,99999,99999,99999,99999,99999,99999,99999,99999,DNS,0
Andres,Alarcon,Andres Alarcon,645,M40-44,Male,Chia,ME,Colombia,CO,0:42:59,,,0:02:50,0:00:00,,2579,0,0,170,0,0,99999,99999,99999,99999,99999,99999,99999,99999,99999,99999,99999,99999,DNF,0
Alex,Borrero,Alex Borrero,243,M30-34,Male,Barranquilla,Atlantico,Colombia,CO,1:11:31,3:26:50,2:29:02,0:04:23,0:06:31,7:18:17,4291,12410,8942,263,391,26297,99999,99999,99999,99999,99999,99999,99999,99999,99999,99999,99999,99999,Unofficial,0
Stella,Logan,Stella Logan,714,F65-69,Female,La Salle,IL,Colombia,CO,1:02:21,4:19:57,2:56:09,0:11:25,0:05:44,8:35:37,3741,15597,10569,685,344,30937,99999,99999,99999,99999,99999,99999,99999,99999,99999,99999,99999,99999,Unofficial,0
Nelson ,Ávila ,Nelson Ávila,748,M40-44,Male,Bogotá,CO-CUN,Colombia,CO,1:12:56,3:24:37,2:22:18,0:01:26,0:05:43,7:07:00,4376,12277,8538,86,343,25620,99999,99999,99999,99999,99999,99999,99999,99999,99999,99999,99999,99999,Unofficial,0
Luis,Narvaez Freyre,Luis Narvaez Freyre,276,M45-49,Male,mosquera,Cundinamarca,Colombia,CO,0:52:18,3:45:44,,0:02:49,0:08:34,,3138,13544,0,169,514,0,99999,99999,99999,99999,99999,99999,99999,99999,99999,99999,99999,99999,DNF,0
F,Chip 2,F Chip 2,8004,M45-49,Male,Cdmx,ME,Mexico,MX,,,,0:00:00,0:00:00,,0,0,0,0,0,0,99999,99999,99999,99999,99999,99999,99999,99999,99999,99999,99999,99999,DNS,0
Mauricio,Garcia Hillon,Mauricio Garcia Hillon,478,F50-54,Male,Armenia,Quindio,Colombia,CO,0:41:34,,,0:02:22,0:00:00,,2494,0,0,142,0,0,99999,99999,99999,99999,99999,99999,99999,99999,99999,99999,99999,99999,DNF,0
Jaime,Estrada,Jaime Estrada,190,M45-49,Male,Bogotá,Distrito Capital,Colombia,CO,,,,0:00:00,0:00:00,,0,0,0,0,0,0,99999,99999,99999,99999,99999,99999,99999,99999,99999,99999,99999,99999,DNS,0
Leidy Tatiana,Ruiz Algarra,Leidy Tatiana Ruiz Algarra,833,F30-34,Female,Soacha,Cundinamarca,Colombia,CO,0:55:43,3:53:30,3:26:13,0:09:23,0:06:52,8:31:42,3343,14010,12373,563,412,30702,99999,99999,99999,99999,99999,99999,99999,99999,99999,99999,99999,99999,Unofficial,0
Andres,Sifontes Gehin,Andres Sifontes Gehin,560,M35-39,Male,Miami,FL,Venezuela,VE,,,,0:00:00,0:00:00,,0,0,0,0,0,0,99999,99999,99999,99999,99999,99999,99999,99999,99999,99999,99999,99999,DQ,0
Federico,Acosta,Federico Acosta,497,M45-49,Male,envigado,Antioquia,Colombia,CO,0:49:38,3:14:18,,0:04:50,0:05:52,,2978,11658,0,290,352,0,99999,99999,99999,99999,99999,99999,99999,99999,99999,99999,99999,99999,DNF,0
Walter Elias,Afanador Fortich,Walter Elias Afanador Fortich,496,M40-44,Male,Barranquilla,Atlántico,Colombia,CO,0:59:00,4:04:49,,0:04:29,0:06:00,,3540,14689,0,269,360,0,99999,99999,99999,99999,99999,99999,99999,99999,99999,99999,99999,99999,DNF,0
F,Chip 2,F Chip 2,8001,M45-49,Male,Cdmx,ME,Mexico,MX,,,,0:00:00,0:00:00,,0,0,0,0,0,0,99999,99999,99999,99999,99999,99999,99999,99999,99999,99999,99999,99999,DNS,0
Y. Sofia,NIEBLES PACHECO,Y. Sofia NIEBLES PACHECO,373,F30-34,Female,Barranquilla,Soledad ,Colombia,CO,,,,0:00:00,0:00:00,,0,0,0,0,0,0,99999,99999,99999,99999,99999,99999,99999,99999,99999,99999,99999,99999,DNF,0
Oscar ,Piñeros Nariño,Oscar Piñeros Nariño,391,M25-29,Male,Chía,Cundinamarca,Colombia,CO,1:13:27,3:05:43,2:20:05,0:05:05,0:07:20,6:51:39,4407,11143,8405,305,440,24699,99999,99999,99999,99999,99999,99999,99999,99999,99999,99999,99999,99999,Unofficial,0
Laura Valentina,Ruiz Hurtado,Laura Valentina Ruiz Hurtado,278,F18-24,Female,Cajicá,CO-CUN,Colombia,CO,1:11:28,3:23:35,2:24:59,0:02:31,0:06:58,7:09:30,4288,12215,8699,151,418,25770,99999,99999,99999,99999,99999,99999,99999,99999,99999,99999,99999,99999,Unofficial,0
Billy,Haeckermann,Billy Haeckermann,718,M35-39,Male,Barranquilla,Atlántico,Colombia,CO,1:13:30,3:36:40,2:11:57,0:04:03,0:04:23,7:10:32,4410,13000,7917,243,263,25832,99999,99999,99999,99999,99999,99999,99999,99999,99999,99999,99999,99999,Unofficial,0
William,Vallejo,William Vallejo,524,M40-44,Male,Puerto Colombia,Putumayo,Colombia,CO,0:52:57,3:33:43,,0:07:14,0:08:00,,3177,12823,0,434,480,0,99999,99999,99999,99999,99999,99999,99999,99999,99999,99999,99999,99999,DNF,0
Luisa,Lopez Trigos,Luisa Lopez Trigos,369,F30-34,Female,Barranquilla,Átlantico,Colombia,CO,0:32:34,,,0:00:00,0:00:00,,1954,0,0,0,0,0,99999,99999,99999,99999,99999,99999,99999,99999,99999,99999,99999,99999,DNF,0
Wilmer Leandro,Munzon Munzon,Wilmer Leandro Munzon Munzon,611,M40-44,Male,Barranquilla,Atlántico,Colombia,CO,1:14:35,4:03:54,3:04:32,0:06:34,0:06:21,8:35:57,4475,14634,11072,394,381,30957,99999,99999,99999,99999,99999,99999,99999,99999,99999,99999,99999,99999,Unofficial,0
Juan Andres,Rubio Pineda,Juan Andres Rubio Pineda,531,M45-49,Male,Barranquilla,Atlántico,Colombia,CO,,,,0:00:00,0:00:00,,0,0,0,0,0,0,99999,99999,99999,99999,99999,99999,99999,99999,99999,99999,99999,99999,DNF,0
Santiago,Noguera,Santiago Noguera,258,M35-39,Male,Bogota,Distrito Capital,Colombia,CO,,,,0:00:00,0:00:00,,0,0,0,0,0,0,99999,99999,99999,99999,99999,99999,99999,99999,99999,99999,99999,99999,DNS,0
Nicolas,Garcia,Nicolas Garcia,820,M55-59,Male,Bogota,CO-DC,Colombia,CO,0:46:11,3:13:25,,0:06:06,0:08:12,,2771,11605,0,366,492,0,99999,99999,99999,99999,99999,99999,99999,99999,99999,99999,99999,99999,DNF,0
Matthew ,Avila,Matthew Avila,777,M18-24,Male,Sopo,Cundinamarca,Colombia,CO,,,,0:00:00,0:00:00,,0,0,0,0,0,0,99999,99999,99999,99999,99999,99999,99999,99999,99999,99999,99999,99999,DNS,0
Daniel,Lozano,Daniel Lozano,730,M40-44,Male,Chicago,IL,Colombia,CO,1:03:28,4:15:17,3:02:25,0:02:08,0:09:53,8:33:10,3808,15317,10945,128,593,30790,99999,99999,99999,99999,99999,99999,99999,99999,99999,99999,99999,99999,Unofficial,0
Rafael ,Maldonado ,Rafael Maldonado,749,M40-44,Male,Barranquilla ,Atlántico,Denmark,DK,,,,0:00:00,0:00:00,,0,0,0,0,0,0,99999,99999,99999,99999,99999,99999,99999,99999,99999,99999,99999,99999,DNF,0
