FirstName,LastName,FullName,Bib,AgeGroup,Gender,City,State,Country,CountryISO,SwimTime,BikeTime,RunTime,T1Time,T2Time,FinishTime,SwimSeconds,BikeSeconds,RunSeconds,T1Seconds,T2Seconds,FinishSeconds,OverallRank,GenderRank,AgeGroupRank,SwimRankOverall,SwimRankGender,SwimRankGroup,BikeRankOverall,BikeRankGender,BikeRankGroup,RunRankOverall,RunRankGender,RunRankGroup,Status,Points
Chen,Rongheng,Chen Rongheng,10007,MPRO,Male,龙岩市,福建省,China,CN,0:24:25,2:03:45,1:16:37,0:01:06,0:01:30,3:47:22,1465,7425,4597,66,90,13642,1,1,1,2,2,2,2,2,2,1,1,1,Finisher,3500
Simon,Shi,Simon Shi,10003,MPRO,Male,Santa Ana,CA,United States,US,0:24:45,2:01:58,1:23:43,0:01:25,0:02:08,3:54:00,1485,7318,5023,85,128,14040,2,2,2,3,3,3,1,1,1,2,2,2,Finisher,3380
Fan,Junjie,Fan Junjie,10004,MPRO,Male,北京,CN-BJ,China,CN,0:24:22,2:07:31,1:23:01,0:01:20,0:02:36,3:58:50,1462,7651,4981,80,156,14330,3,3,3,1,1,1,3,3,3,3,3,3,Finisher,3293
YANLONG,KAI,YANLONG KAI,27,M35-39,Male,马鞍山,ANHUI,China,CN,0:31:55,2:06:29,1:21:42,0:01:56,0:02:04,4:04:07,1915,7589,4902,116,124,14647,4,4,1,40,33,6,8,7,1,4,4,1,Finisher,3500
Garrett,Mayeaux,Garrett Mayeaux,10002,MPRO,Male,Irving,TX,United States,US,0:28:00,2:04:31,1:28:49,0:01:13,0:02:05,4:04:37,1680,7471,5329,73,125,14677,5,5,4,12,9,5,4,4,4,5,5,4,Finisher,3189
Alanis,Siffert,Alanis Siffert,5001,FPRO,Female,Villars-sur-Glâne,Fribourg,Switzerland,CH,0:27:11,2:11:25,1:24:10,0:01:06,0:01:38,4:05:30,1631,7885,5050,66,98,14730,6,1,1,8,1,1,7,1,1,6,1,1,Finisher,3500
Peter,Wolkowicz,Peter Wolkowicz,605,M40-44,Male,Celle,,Germany,DE,0:29:03,2:08:22,1:24:38,0:01:51,0:01:52,4:05:45,1743,7702,5078,111,112,14745,7,6,1,17,13,2,6,6,1,7,6,1,Finisher,3500
Norman,Stüwe,Norman Stüwe,30,M45-49,Male,Bad Boll,BW,Germany,DE,0:31:17,2:09:23,1:24:50,0:01:32,0:02:17,4:09:21,1877,7763,5090,92,137,14961,8,7,1,35,28,6,9,8,1,8,7,1,Finisher,3500
Zhengyu,Duan,Zhengyu Duan,224,M30-34,Male,昆明,Yunnan,China,CN,0:25:28,2:09:30,1:31:00,0:01:37,0:01:50,4:09:25,1528,7770,5460,97,110,14965,9,8,1,4,4,1,5,5,1,9,8,1,Finisher,3500
LIU,DEBIN,LIU DEBIN,699,M45-49,Male,东莞,,China,CN,0:30:57,2:09:56,1:24:54,0:02:07,0:01:45,4:09:38,1857,7796,5094,127,105,14978,10,9,2,30,24,5,10,9,2,10,9,2,Finisher,3494
Ronald ,Setiawan,Ronald Setiawan,158,M18-24,Male,"Wiroborang, Mayangan, Probolinggo",East Java,Indonesia,ID,0:28:16,2:14:18,1:23:23,0:02:13,0:02:02,4:10:13,1696,8058,5003,133,122,15013,11,10,1,13,10,1,12,11,1,11,10,1,Finisher,3500
Fenghang,Wu,Fenghang Wu,35,M25-29,Male,Hangzhou City,CN-ZJ,China,CN,0:34:42,2:07:02,1:23:02,0:03:40,0:02:23,4:10:49,2082,7622,4982,220,143,15049,12,11,1,67,58,6,14,13,1,12,11,1,Finisher,3500
Lichang,Zhu,Lichang Zhu,517,M40-44,Male,Hefei,Anhui,China,CN,0:33:20,2:09:50,1:24:49,0:01:43,0:02:10,4:11:52,2000,7790,5089,103,130,15112,13,12,2,55,47,8,13,12,2,13,12,2,Finisher,3389
Po,Yang,Po Yang,212,M25-29,Male,雲林縣,,Taiwan,TW,0:31:55,2:14:57,1:21:40,0:01:59,0:02:34,4:13:06,1915,8097,4900,119,154,15186,14,13,2,41,34,4,24,22,4,14,13,2,Finisher,3458
Xinyu,Lin,Xinyu Lin,5004,FPRO,Female,Beijing ,Beijing,China,CN,0:27:15,2:18:36,1:24:23,0:01:00,0:02:22,4:13:36,1635,8316,5063,60,142,15216,15,2,2,9,2,2,16,2,2,15,2,2,Finisher,3354
Roman,Lysenko,Roman Lysenko,226,M30-34,Male,Saint-Petersburg ,Northwestern Federal District,Unknown,,0:29:16,2:17:17,1:22:27,0:02:44,0:02:17,4:14:01,1756,8237,4947,164,137,15241,16,14,2,19,15,2,26,24,4,16,14,2,Finisher,3417
Hongwei,Jiang,Hongwei Jiang,23,M30-34,Male,CHONGQING,CN-CQ,China,CN,0:35:26,2:12:37,1:22:57,0:01:30,0:01:38,4:14:08,2126,7957,4977,90,98,15248,17,15,3,82,71,9,27,25,5,17,15,3,Finisher,3415
Joe,Cant,Joe Cant,40,M30-34,Male,London,,United Kingdom,GB,0:34:12,2:10:55,1:28:38,0:02:22,0:01:39,4:17:46,2052,7855,5318,142,99,15466,18,16,4,62,54,8,18,16,3,18,16,4,Finisher,3349
Ibrahim,Alzaidi,Ibrahim Alzaidi,189,M25-29,Male,Riyadh,AR RIYA?,Saudi Arabia,SA,0:32:18,2:12:57,1:27:54,0:03:06,0:01:47,4:18:02,1938,7977,5274,186,107,15482,19,17,3,47,39,5,20,18,2,19,17,3,Finisher,3370
Robert,Knight,Robert Knight,65,M35-39,Male,Shanghai,CN-SH,United Kingdom,GB,0:34:27,2:12:59,1:28:46,0:02:26,0:02:01,4:20:39,2067,7979,5326,146,121,15639,20,18,2,65,56,11,30,28,4,20,18,2,Finisher,3202
Riley,Mcclung,Riley Mcclung,20,M18-24,Male,,NSW,Australia,AU,0:31:37,2:15:54,1:31:12,0:01:43,0:01:58,4:22:24,1897,8154,5472,103,118,15744,21,19,2,37,30,2,25,23,2,21,19,2,Finisher,3280
Vladimir,Kozhevnikov,Vladimir Kozhevnikov,90,M40-44,Male,Almaty,Almaty,Kazakhstan,KZ,0:29:51,2:15:05,1:33:02,0:02:13,0:02:32,4:22:43,1791,8105,5582,133,152,15763,22,20,3,23,18,3,17,15,3,22,20,3,Finisher,3194
Xing,Zeng,Xing Zeng,38,M30-34,Male,重庆,CN-CQ,China,CN,0:38:27,2:12:37,1:27:39,0:02:37,0:02:14,4:23:34,2307,7957,5259,157,134,15814,23,21,5,145,123,14,45,41,8,23,21,5,Finisher,3245
Erik,Genze,Erik Genze,320,M30-34,Male,Novosibirsk,,Unknown,,0:31:05,2:11:21,1:36:29,0:02:10,0:02:43,4:23:48,1865,7881,5789,130,163,15828,24,22,6,32,25,4,11,10,2,24,22,6,Finisher,3241
Kairat,Kabyshev ,Kairat Kabyshev,678,M40-44,Male,Актобе,Aktobe Region,Kazakhstan,KZ,0:35:45,2:13:45,1:28:56,0:02:42,0:02:46,4:23:54,2145,8025,5336,162,166,15834,25,23,4,89,77,15,39,37,7,25,23,4,Finisher,3173
George,Beecher,George Beecher,53,M45-49,Male,ATLANTA,GA,South Africa,ZA,0:27:46,2:18:55,1:33:42,0:02:06,0:02:03,4:24:31,1666,8335,5622,126,123,15871,26,24,3,10,8,1,22,20,3,26,24,3,Finisher,3227
Bryce ,Chong,Bryce Chong,10006,MPRO,Male,Singapore ,Singapore ,Singapore,SG,0:26:10,2:18:39,1:34:59,0:01:29,0:03:47,4:25:05,1570,8319,5699,89,227,15905,27,25,5,6,6,4,15,14,5,27,25,5,Finisher,2821
Dandan,Li,Dandan Li,629,M40-44,Male,Beijing,CN-BJ,China,CN,0:31:15,2:16:46,1:31:37,0:02:26,0:03:06,4:25:10,1875,8206,5497,146,186,15910,28,26,5,33,26,5,32,30,4,28,26,5,Finisher,3150
Matias,Conti,Matias Conti,100,M45-49,Male,Mar del plata,AR-B,Argentina,AR,0:32:01,2:15:42,1:32:54,0:01:56,0:02:42,4:25:15,1921,8142,5574,116,162,15915,29,27,4,42,35,7,28,26,4,29,27,4,Finisher,3213
家杰,冯,家杰 冯,476,M35-39,Male,shanghai,CN-SH,China,CN,0:30:06,2:14:19,1:35:17,0:03:14,0:02:32,4:25:29,1806,8059,5717,194,152,15929,30,28,3,24,19,1,19,17,2,30,28,3,Finisher,3115
Huang,Bangyuan,Huang Bangyuan,177,M25-29,Male,sanming,Fujian,China,CN,0:29:42,2:16:37,1:34:51,0:02:28,0:02:38,4:26:17,1782,8197,5691,148,158,15977,31,29,4,20,16,3,23,21,3,31,29,4,Finisher,3221
ChengDan,Lin,ChengDan Lin,45,M40-44,Male,Wuxi,CN-JS,China,CN,0:34:33,2:17:31,1:31:11,0:02:07,0:02:12,4:27:34,2073,8251,5471,127,132,16054,32,30,6,66,57,11,49,45,11,32,30,6,Finisher,3107
Walter,Kaspirowitsch,Walter Kaspirowitsch,31,M45-49,Male,Alfter,NW,Germany,DE,0:35:27,2:12:20,1:36:34,0:02:00,0:02:00,4:28:20,2127,7940,5794,120,120,16100,33,31,5,83,72,12,29,27,5,33,31,5,Finisher,3158
Caroline,Bridges,Caroline Bridges,1000,F30-34,Female,Dubai,Dubai,United States,US,0:27:54,2:23:27,1:32:31,0:02:06,0:02:36,4:28:34,1674,8607,5551,126,156,16114,34,3,1,11,3,1,43,3,1,34,3,1,Finisher,3500
Haiyang,Xu,Haiyang Xu,73,M35-39,Male,北京,CN-BJ,China,CN,0:31:52,2:16:49,1:35:59,0:02:12,0:02:36,4:29:28,1912,8209,5759,132,156,16168,35,32,4,39,32,5,35,33,5,35,32,4,Finisher,3043
xiaolong,CHU,xiaolong CHU,300,M30-34,Male,云梦,湖北省,China,CN,0:33:42,2:14:25,1:37:53,0:02:40,0:02:12,4:30:53,2022,8065,5873,160,132,16253,36,33,7,58,50,7,34,32,7,36,33,7,Finisher,3113
Yernur,Zhalenov,Yernur Zhalenov,28,M40-44,Male,Astana,Astana,Kazakhstan,KZ,0:41:42,2:15:48,1:29:17,0:02:24,0:02:23,4:31:33,2502,8148,5357,144,143,16293,37,34,7,231,196,49,69,64,15,37,34,7,Finisher,3035
Rikigoro,Shinozuka,Rikigoro Shinozuka,10005,MPRO,Male,Bukit Jalil,WILAYAH PERSEKUTUAN KUALA LUMPUR,Malaysia,MY,0:31:32,2:26:38,1:29:43,0:01:54,0:02:00,4:31:47,1892,8798,5383,114,120,16307,38,35,6,36,29,6,70,65,6,38,35,6,Finisher,2700
Him Chun,Lau,Him Chun Lau,362,M35-39,Male,Hong Kong ,Hong Kong,Hong Kong,HK,0:41:51,2:16:39,1:29:31,0:03:34,0:02:11,4:33:46,2511,8199,5371,214,131,16426,39,36,5,234,198,35,77,72,13,39,36,5,Finisher,2966
Huan,Xia,Huan Xia,1003,M45-49,Male,合肥,CN-AH,China,CN,0:34:58,2:16:59,1:36:54,0:02:27,0:02:42,4:33:59,2098,8219,5814,147,162,16439,40,37,6,73,64,11,51,47,9,40,37,6,Finisher,3056
King Hei,Ko,King Hei Ko,70,M35-39,Male,HONG KONG,Hong Kong,Hong Kong,HK,0:31:44,2:27:29,1:31:36,0:01:37,0:01:51,4:34:17,1904,8849,5496,97,111,16457,41,38,6,38,31,4,71,66,12,41,38,6,Finisher,2957
Zhou,Minghao,Zhou Minghao,208,M25-29,Male,BeiJing,BeiJing,China,CN,0:38:12,2:22:22,1:28:48,0:03:00,0:02:29,4:34:51,2292,8542,5328,180,149,16491,42,39,5,140,119,13,88,82,9,42,39,5,Finisher,3067
Yimin,Lu,Yimin Lu,716,M45-49,Male,SHANGHAI,Shanghai,Bhutan,BT,0:34:11,2:16:34,1:39:02,0:03:15,0:02:10,4:35:13,2051,8194,5942,195,130,16513,43,40,7,61,53,10,47,43,8,43,40,7,Finisher,3034
Damir,Akhmedov,Damir Akhmedov,285,M30-34,Male,Kazan,,Romania,RO,0:33:16,2:14:25,1:43:01,0:02:17,0:03:03,4:36:02,1996,8065,6181,137,183,16562,44,41,8,54,46,6,31,29,6,44,41,8,Finisher,3020
Wei,Ge,Wei Ge,52,M45-49,Male,北京,CN-BJ,China,CN,0:35:33,2:20:48,1:35:03,0:02:21,0:03:06,4:36:50,2133,8448,5703,141,186,16610,45,42,8,85,74,13,60,56,12,45,42,8,Finisher,3005
Jack,Chan,Jack Chan,69,M35-39,Male,sha tin,Hong Kong,Hong Kong,HK,0:32:34,2:23:31,1:37:14,0:01:49,0:02:29,4:37:38,1954,8611,5834,109,149,16658,46,43,7,51,43,9,57,53,7,46,43,7,Finisher,2896
Ilia,Dmitriuk,Ilia Dmitriuk,554,M40-44,Male,Ussuriisk,"
primorskii region",Unknown,,0:36:28,2:12:39,1:41:48,0:04:39,0:03:14,4:38:49,2188,7959,6108,279,194,16729,47,44,8,108,94,20,46,42,9,47,44,8,Finisher,2904
Ang,Zhao,Ang Zhao,186,M25-29,Male,天津市,CN-TJ,China,CN,0:35:39,2:16:10,1:41:28,0:02:32,0:03:05,4:38:55,2139,8170,6088,152,185,16735,48,45,6,88,76,8,50,46,6,48,45,6,Finisher,2994
Ottema,Johnny,Ottema Johnny,109,M50-54,Male,深圳,Guangdong,Netherlands,NL,0:34:57,2:19:17,1:38:26,0:03:34,0:02:53,4:39:08,2097,8357,5906,214,173,16748,49,46,1,72,63,2,55,51,2,49,46,1,Finisher,3500
Alexander,Tsapkov,Alexander Tsapkov,110,M50-54,Male,Krasnogorsk,MOSKOVSKAYA OBLAST',Unknown,,0:38:06,2:19:44,1:37:19,0:01:45,0:02:15,4:39:09,2286,8384,5839,105,135,16749,50,47,2,135,114,10,66,61,3,50,47,2,Finisher,3499
Kaiye,Mai,Kaiye Mai,5007,FPRO,Female,beijing,Beijing,China,CN,0:28:46,2:37:45,1:29:48,0:01:10,0:01:55,4:39:25,1726,9465,5388,70,115,16765,51,4,3,16,4,3,115,11,5,51,4,3,Finisher,2889
zhenlong,yang,zhenlong yang,547,M40-44,Male,衢州市,浙江省,China,CN,0:33:39,2:15:58,1:44:50,0:02:05,0:02:58,4:39:30,2019,8158,6290,125,178,16770,52,48,9,56,48,9,37,35,6,52,48,9,Finisher,2892
Jess,Ripper,Jess Ripper,797,M45-49,Male,Niseko,JP-01,Australia,AU,0:33:42,2:19:11,1:40:02,0:03:01,0:03:49,4:39:45,2022,8351,6002,181,229,16785,53,49,9,57,49,8,53,49,10,53,49,9,Finisher,2952
Vladimir,Larin,Vladimir Larin,453,M35-39,Male,Moscow,Central Federal District,Unknown,,0:39:28,2:17:21,1:39:54,0:02:19,0:02:35,4:41:39,2368,8241,5994,139,155,16899,54,50,8,168,143,23,64,59,9,54,50,8,Finisher,2824
Nurlan,Bainiyazov,Nurlan Bainiyazov,46,M40-44,Male,Astana,ASTANA,Kazakhstan,KZ,0:41:08,2:18:17,1:37:28,0:02:37,0:02:10,4:41:40,2468,8297,5848,157,130,16900,55,51,10,212,181,44,75,70,16,55,51,10,Finisher,2853
Vincent,OSTERMANN,Vincent OSTERMANN,113,M50-54,Male,Shanghai,CN-SH,France,FR,0:28:42,2:19:03,1:48:46,0:02:47,0:02:46,4:42:04,1722,8343,6526,167,166,16924,56,52,3,14,11,1,33,31,1,56,52,3,Finisher,3447
Ian,Perez Lozano,Ian Perez Lozano,405,M35-39,Male,"Zhaoyuan, Yantai",SHANDONG,Spain,ES,0:32:55,2:22:29,1:40:03,0:04:12,0:02:40,4:42:19,1975,8549,6003,252,160,16939,57,53,9,52,44,10,67,62,11,57,53,9,Finisher,2812
Nicole,Valentine,Nicole Valentine,5002,FPRO,Female,Breckenridge,CO,United States,US,0:36:40,2:24:26,1:37:46,0:01:38,0:01:53,4:42:23,2200,8666,5866,98,113,16943,58,5,4,113,16,6,81,6,4,58,5,4,Finisher,2836
Muravyov,Yevgeniy,Muravyov Yevgeniy,592,M40-44,Male,Nur-Sultan,Akmola,Kazakhstan,KZ,0:38:30,2:17:13,1:41:22,0:02:10,0:03:09,4:42:24,2310,8233,6082,130,189,16944,59,54,11,146,124,30,56,52,12,59,54,11,Finisher,2840
Hao,Chen,Hao Chen,850,M50-54,Male,Baoshan,CN-SH,China,CN,0:44:35,2:22:04,1:30:55,0:02:35,0:02:22,4:42:31,2675,8524,5455,155,142,16951,60,55,4,325,275,24,124,112,8,60,55,4,Finisher,3439
Olivia,Dietzel,Olivia Dietzel,5005,FPRO,Female,Dickeyville,WI,United States,US,0:36:37,2:32:34,1:28:16,0:02:17,0:02:53,4:42:37,2197,9154,5296,137,173,16957,61,6,5,112,15,5,136,16,6,61,6,5,Finisher,2831
Sergei,Degtiarev,Sergei Degtiarev,535,M40-44,Male,Dubai,Dubai,United Arab Emirates,AE,0:35:15,2:21:09,1:42:00,0:02:20,0:02:41,4:43:25,2115,8469,6120,140,161,17005,62,56,12,76,66,13,61,57,14,62,56,12,Finisher,2822
Jing,Yan,Jing Yan,763,M45-49,Male,上海,上海,China,CN,0:29:12,2:28:14,1:40:10,0:03:32,0:02:24,4:43:34,1752,8894,6010,212,144,17014,63,57,10,18,14,2,73,68,13,63,57,10,Finisher,2884
Ou,Wang,Ou Wang,29,M40-44,Male,Xiamen,CN-FJ,China,CN,0:35:22,2:14:56,1:46:04,0:03:45,0:03:48,4:43:54,2122,8096,6364,225,228,17034,64,58,13,81,70,14,48,44,10,64,58,13,Finisher,2813
Valerio,Di Florio,Valerio Di Florio,222,M25-29,Male,Nanjing,New South Wales,Italy,IT,0:35:58,2:24:15,1:38:49,0:03:01,0:02:33,4:44:35,2158,8655,5929,181,153,17075,65,59,7,93,80,9,85,79,8,65,59,7,Finisher,2892
Marlingga,Prima,Marlingga Prima,61,M25-29,Male,"Kelurahan Argopuro, Kecamatan La",East Java,Indonesia,ID,0:27:09,2:31:28,1:40:35,0:02:50,0:02:33,4:44:35,1629,9088,6035,170,153,17075,66,60,8,7,7,2,74,69,7,66,60,8,Finisher,2892
Salavat,Valeev,Salavat Valeev,875,M50-54,Male,Учалы ,,Unknown,,0:39:12,2:26:01,1:35:28,0:02:05,0:02:30,4:45:16,2352,8761,5728,125,150,17116,67,61,5,164,139,13,113,103,7,67,61,5,Finisher,3389
Oleg,Nossov,Oleg Nossov,59,M55-59,Male,Almaty,Florida,Kazakhstan,KZ,0:32:27,2:25:16,1:43:12,0:02:02,0:02:34,4:45:30,1947,8716,6192,122,154,17130,68,62,1,49,41,2,68,63,1,68,62,1,Finisher,3500
Xin,Li,Xin Li,83,F40-44,Female,北京,Beijing,China,CN,0:36:48,2:24:51,1:38:34,0:02:28,0:02:54,4:45:35,2208,8691,5914,148,174,17135,69,7,1,115,18,3,93,8,2,69,7,1,Finisher,3500
Fanchen,Zeng,Fanchen Zeng,24,M30-34,Male,海淀区（Haidian District）,CN-BJ,China,CN,0:35:59,2:26:34,1:38:27,0:01:39,0:03:15,4:45:53,2159,8794,5907,99,195,17153,70,63,9,94,81,10,94,86,11,70,63,9,Finisher,2843
Minggang,Lu,Minggang Lu,730,M50-54,Male,无锡市,江苏省,China,CN,0:44:36,2:24:43,1:29:32,0:03:24,0:03:42,4:45:57,2676,8683,5372,204,222,17157,71,64,6,326,276,25,151,133,10,71,64,6,Finisher,3377
Marco,Lovisetto,Marco Lovisetto,544,M40-44,Male,Venezia,Italia,Italy,IT,0:33:12,2:22:40,1:44:24,0:02:33,0:03:09,4:45:58,1992,8560,6264,153,189,17158,72,65,14,53,45,7,59,55,13,72,65,14,Finisher,2776
Ilia,Murlin,Ilia Murlin,486,M35-39,Male,St-Petersburg,Northwestern Federal District,Unknown,,0:38:58,2:25:28,1:33:49,0:03:18,0:04:30,4:46:04,2338,8728,5629,198,270,17164,73,66,10,156,132,21,116,105,23,73,66,10,Finisher,2744
Oleg,Kopenko,Oleg Kopenko,81,M40-44,Male,Belgorod,,Unknown,,0:30:15,2:19:39,1:52:31,0:01:43,0:02:18,4:46:26,1815,8379,6751,103,138,17186,74,67,15,25,20,4,36,34,5,74,67,15,Finisher,2767
Weiqi,Wang,Weiqi Wang,562,M40-44,Male,SHANGHAI,CN-SH,China,CN,0:38:08,2:25:07,1:38:13,0:02:36,0:02:50,4:46:55,2288,8707,5893,156,170,17215,75,68,16,139,118,27,102,93,21,75,68,16,Finisher,2759
Almas,Kabduakhit,Almas Kabduakhit,42,M35-39,Male,Астана,Astana,Kazakhstan,KZ,0:40:11,2:17:34,1:45:14,0:01:49,0:02:16,4:47:05,2411,8254,6314,109,136,17225,76,69,11,185,159,27,65,60,10,76,69,11,Finisher,2726
A Qiang,Mao,A Qiang Mao,39,M30-34,Male,金堂县,CN-SC,China,CN,0:36:13,2:24:09,1:40:21,0:03:08,0:03:21,4:47:12,2173,8649,6021,188,201,17232,77,70,10,100,87,12,86,80,9,77,70,10,Finisher,2819
Anton,Vydrov,Anton Vydrov,707,M45-49,Male,Blagoveshchensk,"
Amur",Unknown,,0:33:57,2:20:11,1:46:32,0:03:27,0:03:35,4:47:42,2037,8411,6392,207,215,17262,78,71,11,59,51,9,54,50,11,78,71,11,Finisher,2809
Jaray,Jearnai,Jaray Jearnai,99,M45-49,Male,Phuket,,Thailand,TH,0:29:45,2:20:18,1:52:48,0:02:22,0:02:35,4:47:48,1785,8418,6768,142,155,17268,79,72,12,21,17,3,41,39,6,79,72,12,Finisher,2807
Lie,Zhang,Lie Zhang,473,M35-39,Male,Shanghai,Shanghai,China,CN,0:45:44,2:16:55,1:37:17,0:04:19,0:03:47,4:48:02,2744,8215,5837,259,227,17282,80,73,12,373,311,66,110,100,21,80,73,12,Finisher,2709
James,Tan,James Tan,62,M25-29,Male,Pok Fu Lam,Hong Kong,Hong Kong,HK,0:25:54,2:23:50,1:53:20,0:02:19,0:02:43,4:48:05,1554,8630,6800,139,163,17285,81,74,9,5,5,1,38,36,5,81,74,9,Finisher,2829
Ying,Xu,Ying Xu,436,F35-39,Female,长春市,CN-JL,China,CN,0:41:21,2:27:49,1:34:09,0:02:41,0:02:32,4:48:31,2481,8869,5649,161,152,17311,82,8,1,219,35,5,141,17,1,82,8,1,Finisher,3500
Liam,Winston,Liam Winston,931,M55-59,Male,Shanghai,CN-SH,Ireland,IE,0:37:51,2:28:55,1:35:45,0:02:55,0:03:07,4:48:33,2271,8935,5745,175,187,17313,83,75,2,131,110,5,125,113,3,83,75,2,Finisher,3445
Dina,Shaimerdenova,Dina Shaimerdenova,666,F40-44,Female,Almaty,Almaty,Kazakhstan,KZ,0:34:13,2:26:30,1:41:42,0:03:19,0:03:12,4:48:56,2053,8790,6102,199,192,17336,84,9,2,63,9,2,91,7,1,84,9,2,Finisher,3439
Dong,Mingang,Dong Mingang,813,M45-49,Male,shanghai,shanghai,China,CN,0:30:55,2:19:49,1:52:57,0:02:04,0:03:11,4:48:57,1855,8389,6777,124,191,17337,85,76,13,29,23,4,42,40,7,85,76,13,Finisher,2787
Feng,Wang,Feng Wang,806,M45-49,Male,上海,CN-SH,China,CN,0:43:22,2:18:52,1:38:56,0:04:58,0:02:50,4:48:59,2602,8332,5936,298,170,17339,86,77,14,281,237,33,112,102,14,86,77,14,Finisher,2786
Lin,Xu,Lin Xu,49,F45-49,Female,Shanghai,CN-SH,China,CN,0:35:49,2:25:56,1:41:46,0:02:40,0:02:51,4:49:04,2149,8756,6106,160,171,17344,87,10,1,90,13,1,96,9,1,87,10,1,Finisher,3500
Xiang,Ao,Xiang Ao,50,F45-49,Female,上海,CN-SH,China,CN,0:39:10,2:24:42,1:40:03,0:02:28,0:02:58,4:49:22,2350,8682,6003,148,178,17362,88,11,2,161,25,2,107,10,2,88,11,2,Finisher,3494
Ruiwen,Xie,Ruiwen Xie,264,F30-34,Female,三明市,CN-FJ,China,CN,0:40:27,2:28:09,1:36:19,0:02:22,0:02:17,4:49:34,2427,8889,5779,142,137,17374,89,12,2,191,27,7,132,15,4,89,12,2,Finisher,3122
Yerzhan,Serikbayev,Yerzhan Serikbayev,704,M45-49,Male,Astana,Astana,Kazakhstan,KZ,0:36:32,2:32:07,1:36:30,0:02:08,0:03:29,4:50:47,2192,9127,5790,128,209,17447,90,78,15,109,95,14,131,117,16,90,78,15,Finisher,2754
Andrei,Ivaniuk,Andrei Ivaniuk,411,M35-39,Male,Saint-Petersberg,Northwestern Federal District,Unknown,,0:44:02,2:24:12,1:37:23,0:02:32,0:02:58,4:51:08,2642,8652,5843,152,178,17468,91,79,13,301,254,52,129,115,27,91,79,13,Finisher,2653
XIAOCHEN,LIU,XIAOCHEN LIU,684,M40-44,Male,北京,Beijing,China,CN,0:41:27,2:23:03,1:41:57,0:02:15,0:03:02,4:51:44,2487,8583,6117,135,182,17504,92,80,17,220,185,46,109,99,25,92,80,17,Finisher,2672
Pavel,Bolshanikov,Pavel Bolshanikov,95,M40-44,Male,Novosibirsk,NOVOSIBIRSKAYA OBLAST',Unknown,,0:34:47,2:30:42,1:41:04,0:02:24,0:02:51,4:51:48,2087,9042,6064,144,171,17508,93,81,18,70,61,12,118,107,26,93,81,18,Finisher,2671
Dmitry,Titov,Dmitry Titov,532,M40-44,Male,Kursk,Kursk region,Unknown,,0:38:24,2:25:03,1:43:18,0:02:26,0:03:17,4:52:27,2304,8703,6198,146,197,17547,94,82,19,143,122,29,104,95,22,94,82,19,Finisher,2659
Peter,Wiki,Peter Wiki,43,M35-39,Male,Kuesnacht,,Switzerland,CH,0:40:38,2:19:08,1:46:19,0:02:23,0:04:10,4:52:37,2438,8348,6379,143,250,17557,95,83,14,194,167,29,78,73,14,95,83,14,Finisher,2627
Almas,Nurgaliyev,Almas Nurgaliyev,111,M50-54,Male,Astana,Astana,Kazakhstan,KZ,0:38:05,2:20:12,1:49:42,0:02:39,0:02:41,4:53:20,2285,8412,6582,159,161,17600,96,84,7,134,113,9,72,67,4,96,84,7,Finisher,3244
Chen,Zhao,Chen Zhao,363,M35-39,Male,天津,Tianjin,China,CN,0:31:16,2:28:06,1:48:18,0:03:12,0:02:50,4:53:41,1876,8886,6498,192,170,17621,97,85,15,34,27,3,80,75,16,97,85,15,Finisher,2607
Dmitrii,Gubanov,Dmitrii Gubanov,903,M50-54,Male,Tbilisi ,TBILISI,Tajikistan,TJ,0:36:18,2:23:42,1:48:08,0:02:50,0:03:11,4:54:09,2178,8622,6488,170,191,17649,98,86,8,103,90,6,83,77,5,98,86,8,Finisher,3229
Dmitrii,Golubov,Dmitrii Golubov,499,M35-39,Male,Kursk,Tsentral'nyy Federal'nyy Okrug,Unknown,,0:46:29,2:31:07,1:31:42,0:02:17,0:02:38,4:54:13,2789,9067,5502,137,158,17653,99,87,16,399,335,70,198,173,38,99,87,16,Finisher,2598
大川,曾,大川 曾,141,M18-24,Male,北京,海淀区,China,CN,0:34:02,2:21:44,1:54:22,0:02:19,0:02:46,4:55:14,2042,8504,6862,139,166,17714,100,88,3,60,52,3,58,54,3,100,88,3,Finisher,2689
James,Courtney,James Courtney,735,M45-49,Male,Belgian Gardens,QLD,Australia,AU,0:43:29,2:21:34,1:43:52,0:02:36,0:03:44,4:55:15,2609,8494,6232,156,224,17715,101,89,16,285,241,34,114,104,15,101,89,16,Finisher,2673
Andrey,Bruma,Andrey Bruma,334,M30-34,Male,Novosibirsk,Novosibirskaya oblast,Unknown,,0:30:37,2:31:22,1:47:23,0:02:28,0:03:27,4:55:17,1837,9082,6443,148,207,17717,102,90,11,26,21,3,97,88,12,102,90,11,Finisher,2674
Maksim,Medvedev ,Maksim Medvedev,1005,M40-44,Male,Dubai,Dubai,Andorra,AD,0:35:51,2:26:28,1:44:49,0:03:09,0:05:11,4:55:28,2151,8788,6289,189,311,17728,103,91,20,91,78,16,99,90,20,103,91,20,Finisher,2605
Xiangcheng,Ding,Xiangcheng Ding,474,M35-39,Male,苏州市,CN-JS,China,CN,0:30:44,2:20:29,1:57:51,0:03:37,0:02:49,4:55:29,1844,8429,7071,217,169,17729,104,92,17,27,22,2,52,48,6,104,92,17,Finisher,2575
Gentiel,Gielen,Gentiel Gielen,961,M60-64,Male,"Kec. Tahunan
Jepara, 59427","
Jawa Tengah",Belgium,BE,0:36:24,2:23:16,1:50:51,0:02:21,0:03:15,4:56:07,2184,8596,6651,141,195,17767,105,93,1,105,92,2,76,71,1,105,93,1,Finisher,3500
Gaurav,Makkar,Gaurav Makkar,766,M45-49,Male,Gurgaon,Haryana,India,IN,0:38:48,2:31:29,1:38:18,0:04:24,0:03:52,4:56:51,2328,9089,5898,264,232,17811,106,94,17,153,129,18,164,145,21,106,94,17,Finisher,2645
Rowen,Gao,Rowen Gao,88,M40-44,Male,北京,CN-BJ,China,CN,0:43:31,2:24:22,1:42:23,0:03:41,0:02:56,4:56:53,2611,8662,6143,221,176,17813,107,95,21,287,243,57,138,122,30,107,95,21,Finisher,2579
Gleb,Iunitcin,Gleb Iunitcin,488,M35-39,Male,Владивосток ,Far Eastern Federal District,Unknown,,0:32:03,2:24:08,1:56:30,0:02:36,0:02:09,4:57:25,1923,8648,6990,156,129,17845,108,96,18,44,37,7,62,58,8,108,96,18,Finisher,2540
张,鑫磊,张 鑫磊,210,M25-29,Male,上海,市,China,CN,0:40:21,2:31:15,1:41:03,0:02:25,0:02:50,4:57:54,2421,9075,6063,145,170,17874,109,97,10,187,161,15,160,141,14,109,97,10,Finisher,2652
Vladimir,Savelchenko,Vladimir Savelchenko,577,M40-44,Male,Novosibirsk,Novosibirsk region,Unknown,,0:47:52,2:25:48,1:34:41,0:05:02,0:04:33,4:57:57,2872,8748,5681,302,273,17877,110,98,22,439,365,84,191,166,41,110,98,22,Finisher,2560
Alexey,Muzykantov,Alexey Muzykantov,807,M45-49,Male,Petropavlovsk,Kazakhstan,Kazakhstan,KZ,0:44:38,2:24:26,1:43:23,0:03:21,0:02:14,4:58:01,2678,8666,6203,201,134,17881,111,99,18,329,279,36,144,127,19,111,99,18,Finisher,2624
Aleksei,Zhiganov,Aleksei Zhiganov,36,M25-29,Male,Almaty,Almaty,Unknown,,0:34:47,2:36:33,1:41:02,0:02:46,0:02:55,4:58:03,2087,9393,6062,166,175,17883,112,100,11,69,60,7,161,142,15,112,100,11,Finisher,2649
Yura,Byazin,Yura Byazin,404,M35-39,Male,Dubai,Dubai,Kyrgyzstan,KG,0:32:31,2:14:18,2:06:37,0:01:50,0:02:50,4:58:07,1951,8058,7597,110,170,17887,113,101,19,50,42,8,21,19,3,113,101,19,Finisher,2528
Rodrigo,Vasconcellos,Rodrigo Vasconcellos,833,M50-54,Male,Sao paulo,BR-SP,Brazil,BR,0:35:08,2:24:58,1:50:18,0:03:46,0:03:57,4:58:07,2108,8698,6618,226,237,17887,114,102,9,74,65,3,90,84,6,114,102,9,Finisher,3158
Dimitri,Trofim,Dimitri Trofim,590,M40-44,Male,Limassol,Limassol,Germany,DE,0:40:06,2:22:49,1:48:39,0:03:32,0:03:11,4:58:16,2406,8569,6519,212,191,17896,115,103,23,181,155,39,108,98,24,115,103,23,Finisher,2554
Hongqi,Liu,Hongqi Liu,724,M45-49,Male,上海市,上海市,China,CN,0:40:40,2:28:15,1:43:50,0:02:59,0:02:43,4:58:27,2440,8895,6230,179,163,17907,116,104,19,195,168,22,142,125,18,116,104,19,Finisher,2616
Sergei,Marchukov,Sergei Marchukov,67,M35-39,Male,Moscow,MOSKVA,Unknown,,0:45:13,2:18:15,1:48:19,0:02:52,0:03:55,4:58:34,2713,8295,6499,172,235,17914,117,105,20,352,295,61,106,97,20,117,105,20,Finisher,2519
Shoufeng,Zhang,Shoufeng Zhang,694,M40-44,Male,河东区,Tianjin,China,CN,0:39:51,2:20:35,1:50:51,0:03:58,0:03:22,4:58:38,2391,8435,6651,238,202,17918,118,106,24,177,151,38,95,87,18,118,106,24,Finisher,2548
Luan,Pham Duc,Luan Pham Duc,456,M35-39,Male,Ha Noi,Hanoi,Vietnam,VN,0:45:32,2:35:07,1:32:57,0:02:48,0:02:36,4:59:01,2732,9307,5577,168,156,17941,119,107,21,364,304,63,218,191,44,119,107,21,Finisher,2511
Juqian,Wei,Juqian Wei,41,F35-39,Female,深圳,CN-GD,China,CN,0:44:39,2:29:02,1:41:18,0:02:22,0:02:14,4:59:35,2679,8942,6078,142,134,17975,120,13,2,330,51,8,175,22,2,120,13,2,Finisher,3300
Huaizhi,Li,Huaizhi Li,920,M55-59,Male,Tianjin,CN-TJ,China,CN,0:39:08,2:21:30,1:51:35,0:02:58,0:04:28,4:59:39,2348,8490,6695,178,268,17979,121,108,3,160,136,7,89,83,2,121,108,3,Finisher,3245
Haruka,Saito,Haruka Saito,213,F25-29,Female,杉並区,,Japan,JP,0:37:46,2:34:25,1:41:11,0:03:18,0:03:03,4:59:44,2266,9265,6071,198,183,17984,122,14,1,130,21,3,170,20,2,122,14,1,Finisher,3500
Mason,Swayne,Mason Swayne,149,M18-24,Male,Kunshan,CN-JS,United States,US,0:35:38,2:33:21,1:43:20,0:03:35,0:04:05,4:59:59,2138,9201,6200,215,245,17999,123,109,4,86,75,4,148,130,4,123,109,4,Finisher,2604
Evgenii,Liadov,Evgenii Liadov,495,M35-39,Male,SEVASTOPOL,Sebastopol,Unknown,,0:36:04,2:32:06,1:46:52,0:02:01,0:03:15,5:00:18,2164,9126,6412,121,195,18018,124,110,22,96,83,15,128,114,26,124,110,22,Finisher,2488
Xueyan,Jiang,Xueyan Jiang,22,F30-34,Female,Wuxi,CN-JS,China,CN,0:42:06,2:25:43,1:48:37,0:02:04,0:02:05,5:00:35,2526,8743,6517,124,125,18035,125,15,3,240,38,12,126,13,3,125,15,3,Finisher,2923
Svenja Sabrina,Taenzer,Svenja Sabrina Taenzer,275,F30-34,Female,Elmshorn,,Germany,DE,0:37:33,2:30:00,1:48:55,0:01:38,0:02:31,5:00:37,2253,9000,6535,98,151,18037,126,16,4,125,19,5,123,12,2,126,16,4,Finisher,2923
Mirbek,Toktogaraev,Mirbek Toktogaraev,489,M35-39,Male,Bishkek,Bishkek,Kyrgyzstan,KG,0:41:29,2:34:30,1:39:19,0:02:58,0:02:27,5:00:43,2489,9270,5959,178,147,18043,127,111,23,221,186,31,194,169,37,127,111,23,Finisher,2481
Luis,Henriquez,Luis Henriquez,349,M35-39,Male,Santiago,Santiago Metropolitan Region,Chile,CL,0:44:13,2:26:32,1:40:41,0:06:30,0:03:18,5:01:14,2653,8792,6041,390,198,18074,128,112,24,308,261,55,176,154,33,128,112,24,Finisher,2471
Craig,Williams,Craig Williams,570,M40-44,Male,Shanghai,Shanghai,South Africa,ZA,0:28:43,2:20:32,2:03:36,0:03:04,0:05:23,5:01:17,1723,8432,7416,184,323,18077,129,113,25,15,12,1,40,38,8,129,113,25,Finisher,2500
Vuong,Bao Long,Vuong Bao Long,108,M50-54,Male,Hanoi,Hanoi,Vietnam,VN,0:38:50,2:31:00,1:45:02,0:03:24,0:03:04,5:01:20,2330,9060,6302,204,184,18080,130,114,10,154,130,11,157,138,11,130,114,10,Finisher,3100
Darkhan,Izbassarov,Darkhan Izbassarov,347,M35-39,Male,Nur-Sultan,Nur-Sultan,Kazakhstan,KZ,0:37:36,2:34:47,1:42:46,0:03:01,0:03:19,5:01:28,2256,9287,6166,181,199,18088,131,115,25,128,108,18,169,150,31,131,115,25,Finisher,2467
José Henrique,Vieira Martins,José Henrique Vieira Martins,447,M35-39,Male,Lages,BR-SC,Brazil,BR,0:45:54,2:28:34,1:40:31,0:03:23,0:03:09,5:01:31,2754,8914,6031,203,189,18091,132,116,26,379,317,67,183,160,35,132,116,26,Finisher,2466
Brittany,Higgins,Brittany Higgins,5003,FPRO,Female,CLEARWATER,FL,United States,US,0:31:03,2:20:58,2:05:30,0:01:35,0:02:38,5:01:45,1863,8458,7530,95,158,18105,133,17,6,31,7,4,44,4,3,133,17,6,Finisher,2487
Pannapat,Krarunpetch,Pannapat Krarunpetch,25,F30-34,Female,samutprakarn,,Thailand,TH,0:32:10,2:41:03,1:42:41,0:02:50,0:03:19,5:02:03,1930,9663,6161,170,199,18123,134,18,5,46,8,2,174,21,6,134,18,5,Finisher,2897
Chris,Utomo Liu,Chris Utomo Liu,388,M35-39,Male,Tangerang Selatan,Banten,Indonesia,ID,0:36:33,2:22:14,1:57:07,0:03:38,0:02:36,5:02:07,2193,8534,7027,218,156,18127,135,117,27,111,97,17,79,74,15,135,117,27,Finisher,2456
Aleksandr,Bogomolov,Aleksandr Bogomolov,437,M35-39,Male,Blagoveshchensk,"
Amur Region",Unknown,,0:42:00,2:21:03,1:54:23,0:02:36,0:02:25,5:02:27,2520,8463,6863,156,145,18147,136,118,28,236,200,36,101,92,19,136,118,28,Finisher,2450
Dauren,Ayetov,Dauren Ayetov,319,M30-34,Male,Aktobe,Aktobe,Kazakhstan,KZ,0:36:04,2:25:37,1:55:33,0:02:25,0:02:55,5:02:34,2164,8737,6933,145,175,18154,137,119,12,97,84,11,92,85,10,137,119,12,Finisher,2543
Yerkin,Kurmanov,Yerkin Kurmanov,57,M50-54,Male,Atyrau,Atyrau Region,Kazakhstan,KZ,0:44:37,2:23:14,1:49:16,0:02:56,0:03:08,5:03:11,2677,8594,6556,176,188,18191,138,120,11,327,277,26,130,116,9,138,120,11,Finisher,3067
Sergey,Kalinin,Sergey Kalinin,540,M40-44,Male,Belgorod,,Unknown,,0:32:07,2:38:18,1:47:29,0:02:26,0:03:06,5:03:25,1927,9498,6449,146,186,18205,139,121,26,45,38,6,152,134,34,139,121,26,Finisher,2462
Alexander,Gashnikov,Alexander Gashnikov,977,M60-64,Male,Berdsk,Siberian Federal District,Unknown,,0:49:07,2:25:15,1:42:41,0:02:55,0:04:00,5:03:58,2947,8715,6161,175,240,18238,140,122,2,479,401,11,177,155,3,140,122,2,Finisher,3358
Steven,Matthews,Steven Matthews,48,M40-44,Male,Chongqing,CN-CQ,United Kingdom,GB,0:39:11,2:25:21,1:51:48,0:03:34,0:04:07,5:04:01,2351,8721,6708,214,247,18241,141,123,27,162,137,34,120,109,28,141,123,27,Finisher,2451
Inna,Samitova,Inna Samitova,530,F40-44,Female,Dubai,DXB,Spain,ES,0:29:48,2:38:26,1:51:42,0:01:48,0:02:17,5:04:02,1788,9506,6702,108,137,18242,142,19,3,22,5,1,127,14,3,142,19,3,Finisher,3167
Ilia,Kiselev,Ilia Kiselev,601,M40-44,Male,Sevastopol,Central Federal District,Unknown,,0:37:34,2:39:57,1:39:45,0:02:54,0:03:56,5:04:06,2254,9597,5985,174,236,18246,143,124,28,127,107,24,201,176,45,143,124,28,Finisher,2449
建文,王,建文 王,648,M40-44,Male,西安,陕西,China,CN,0:37:21,2:38:27,1:37:56,0:05:46,0:04:40,5:04:10,2241,9507,5876,346,280,18250,144,125,29,123,105,23,208,183,49,144,125,29,Finisher,2448
Mashikhin,Andrey,Mashikhin Andrey,66,M35-39,Male,Aktobe,Aktobe Region,Kazakhstan,KZ,0:43:28,2:16:29,1:57:54,0:02:47,0:03:44,5:04:23,2608,8189,7074,167,224,18263,145,126,29,283,239,48,82,76,17,145,126,29,Finisher,2415
Gurjot,Singh,Gurjot Singh,589,M40-44,Male,Bangalore,Karnataka,India,IN,0:36:17,2:36:55,1:41:04,0:04:56,0:05:11,5:04:24,2177,9415,6064,296,311,18264,146,127,30,102,89,18,185,162,40,146,127,30,Finisher,2444
Kun,Xiao,Kun Xiao,369,M35-39,Male,盐城市,Jiangsu,China,CN,0:35:15,2:31:52,1:47:18,0:04:37,0:05:27,5:04:29,2115,9112,6438,277,327,18269,147,128,30,77,67,13,139,123,28,147,128,30,Finisher,2413
Peng,Zeng,Peng Zeng,34,M25-29,Male,Coventry,,China,CN,0:36:05,2:33:09,1:50:28,0:02:08,0:02:48,5:04:39,2165,9189,6628,128,168,18279,148,129,12,98,85,11,134,119,13,148,129,12,Finisher,2531
Denis,Guzev,Denis Guzev,681,M40-44,Male,Казань,"
Республика Татарстан",Unknown,,0:43:11,2:27:22,1:47:55,0:02:38,0:03:40,5:04:48,2591,8842,6475,158,220,18288,149,130,31,275,231,55,156,137,35,149,130,31,Finisher,2437
Chengxiang,Wang,Chengxiang Wang,78,M40-44,Male,成都市,CN-SC,China,CN,0:38:17,2:31:42,1:49:36,0:02:33,0:02:41,5:04:49,2297,9102,6576,153,161,18289,150,131,32,141,120,28,147,129,32,150,131,32,Finisher,2436
Murat,Kanafin,Murat Kanafin,91,M40-44,Male,Astana,Zhetisu,Kazakhstan,KZ,0:41:08,2:23:36,1:54:28,0:03:19,0:02:41,5:05:12,2468,8616,6868,199,161,18312,151,132,33,213,182,45,119,108,27,151,132,33,Finisher,2429
Mikhail,Reshetnikov,Mikhail Reshetnikov,520,M40-44,Male,Moscow,MOSKVA,Unknown,,0:34:17,2:26:07,1:58:54,0:03:09,0:03:13,5:05:40,2057,8767,7134,189,193,18340,152,133,34,64,55,10,87,81,17,152,133,34,Finisher,2421
Elizaveta,Pokrovskaia,Elizaveta Pokrovskaia,202,F25-29,Female,Tashkent ,TOSHKENT,Kazakhstan,KZ,0:30:47,2:26:17,2:04:57,0:01:50,0:02:13,5:06:05,1847,8777,7497,110,133,18365,153,20,2,28,6,1,63,5,1,153,20,2,Finisher,3385
Khaidar,Yermashev,Khaidar Yermashev,519,M40-44,Male,Aqtobe,Aqtobe,Kazakhstan,KZ,0:39:11,2:29:00,1:52:26,0:03:12,0:03:01,5:06:51,2351,8940,6746,192,181,18411,154,134,35,163,138,35,135,120,29,154,134,35,Finisher,2400
Wen,Kuang,Wen Kuang,257,M30-34,Male,青岛市,,China,CN,0:39:57,2:27:00,1:51:26,0:04:04,0:04:34,5:07:00,2397,8820,6686,244,274,18420,155,135,13,179,153,17,133,118,13,155,135,13,Finisher,2463
Valentina,KUKRUS,Valentina KUKRUS,55,F50-54,Female,Bishkek,Ysyk-Kol Region,Kyrgyzstan,KG,0:35:18,2:34:48,1:51:14,0:02:19,0:04:09,5:07:49,2118,9288,6674,139,249,18469,156,21,1,79,11,1,145,18,1,156,21,1,Finisher,3500
Aleksandr,Khaymurzin,Aleksandr Khaymurzin,782,M45-49,Male,Blagoveschensk,"
Amur",Unknown,,0:38:42,2:28:53,1:51:36,0:03:56,0:04:43,5:07:51,2322,8933,6696,236,283,18471,157,136,20,150,126,17,137,121,17,157,136,20,Finisher,2447
Mathieu,Conte-maiorino,Mathieu Conte-maiorino,77,M35-39,Male,Shanghai,CN-SH,France,FR,0:42:42,2:31:59,1:48:07,0:02:49,0:03:07,5:08:45,2562,9119,6487,169,187,18525,158,137,31,260,219,40,180,158,34,158,137,31,Finisher,2336
Harimurty,Rusli,Harimurty Rusli,303,M30-34,Male,"Buakana, Rappocini
90222","Sulawesi selatan
Makassar",India,IN,0:44:20,2:29:06,1:47:03,0:04:39,0:03:42,5:08:50,2660,8946,6423,279,222,18530,159,138,14,312,265,31,184,161,16,159,138,14,Finisher,2430
Arifur,Rahman,Arifur Rahman,84,M40-44,Male,Dhaka,DHAKA,Bangladesh,BD,0:40:20,2:41:14,1:40:12,0:03:12,0:04:13,5:09:11,2420,9674,6012,192,253,18551,160,139,36,186,160,41,233,206,55,160,139,36,Finisher,2358
Rahmat Idris,Manggabarani,Rahmat Idris Manggabarani,82,M40-44,Male,"mamajang
90131","sulawesi selatan
indonesia",Indonesia,ID,0:38:03,2:24:50,1:59:08,0:02:34,0:04:38,5:09:14,2283,8690,7148,154,278,18554,161,140,37,132,111,25,98,89,19,161,140,37,Finisher,2357
铭涛,叶,铭涛 叶,178,M25-29,Male,唐山,Hebei,China,CN,0:44:55,2:28:53,1:49:23,0:03:35,0:02:40,5:09:27,2695,8933,6563,215,160,18567,162,141,13,343,287,23,178,156,16,162,141,13,Finisher,2444
九德,王,九德 王,361,M35-39,Male,江苏省常熟市,CN-JS,China,CN,0:45:08,2:27:10,1:50:13,0:03:38,0:03:27,5:09:36,2708,8830,6613,218,207,18576,163,142,32,347,290,59,172,152,32,163,142,32,Finisher,2321
Clement,Ip,Clement Ip,479,M35-39,Male,Wanchai,Hong Kong,Hong Kong,HK,0:40:41,2:29:44,1:53:02,0:03:22,0:02:56,5:09:45,2441,8984,6782,202,176,18585,164,143,33,196,169,30,158,139,29,164,143,33,Finisher,2318
Benedikt ,Pauli,Benedikt Pauli,64,M30-34,Male,Langwedel,NI,Germany,DE,0:44:41,2:24:55,1:53:11,0:03:35,0:03:53,5:10:16,2681,8695,6791,215,233,18616,165,144,15,332,281,37,155,136,14,165,144,15,Finisher,2404
KUN,XU,KUN XU,607,M40-44,Male,Beijing,BEIJING,China,CN,0:44:39,2:30:30,1:47:12,0:03:35,0:04:22,5:10:19,2679,9030,6432,215,262,18619,166,145,38,331,280,63,192,167,42,166,145,38,Finisher,2337
Shinichiro,Ishikawa,Shinichiro Ishikawa,939,M55-59,Male,Setagayaku,JP-13,Japan,JP,0:37:13,2:30:55,1:54:05,0:03:38,0:04:49,5:10:39,2233,9055,6845,218,289,18639,167,146,4,120,102,4,140,124,4,167,146,4,Finisher,3047
思元,杨,思元 杨,188,M25-29,Male,上海,CN-SH,China,CN,0:36:02,2:26:00,1:59:04,0:06:10,0:03:44,5:11:00,2162,8760,7144,370,224,18660,168,147,14,95,82,10,121,110,12,168,147,14,Finisher,2416
Kwok Fan,Li,Kwok Fan Li,668,M40-44,Male,Tuen Mun,Hong Kong,Hong Kong,HK,0:40:10,2:28:48,1:56:03,0:03:21,0:02:43,5:11:05,2410,8928,6963,201,163,18665,169,148,39,183,157,40,143,126,31,169,148,39,Finisher,2324
Svetlana,Uvarova,Svetlana Uvarova,322,F30-34,Female,Moscow,Central Federal District,United Kingdom,GB,0:40:44,2:38:47,1:45:11,0:03:30,0:02:59,5:11:10,2444,9527,6311,210,179,18670,170,22,6,198,28,8,213,27,9,170,22,6,Finisher,2733
Changbo,Zhang,Changbo Zhang,645,M40-44,Male,苏州,CN-JS,China,CN,0:43:54,2:29:14,1:53:08,0:01:40,0:03:26,5:11:21,2634,8954,6788,100,206,18681,171,149,40,295,250,59,167,148,37,171,149,40,Finisher,2319
Nail,Enikeev,Nail Enikeev,564,M40-44,Male,Kazan,"Tatarstan
",Unknown,,0:51:14,2:30:26,1:44:53,0:02:53,0:02:41,5:12:07,3074,9026,6293,173,161,18727,172,150,41,543,452,108,232,205,54,172,150,41,Finisher,2305
Kamonphorn,Buranasiri,Kamonphorn Buranasiri,37,F25-29,Female,Wattana,,Thailand,TH,0:35:11,2:45:19,1:43:19,0:05:27,0:03:39,5:12:55,2111,9919,6199,327,219,18775,173,23,3,75,10,2,242,29,4,173,23,3,Finisher,3262
Hanno,Karweit,Hanno Karweit,618,M40-44,Male,Xuhui,Shanghai,Germany,DE,0:36:25,2:38:51,1:50:16,0:03:47,0:03:52,5:13:10,2185,9531,6616,227,232,18790,174,151,42,106,93,19,195,170,44,174,151,42,Finisher,2286
Chi Wai,Yeung,Chi Wai Yeung,56,M50-54,Male,Koto City,JP-13,Hong Kong,HK,0:42:11,2:28:28,1:56:03,0:03:51,0:02:42,5:13:16,2531,8908,6963,231,162,18796,175,152,12,241,203,21,163,144,12,175,152,12,Finisher,2885
Qijun,Xia,Qijun Xia,166,M18-24,Male,重庆,CN-CQ,China,CN,0:42:21,2:36:12,1:50:32,0:02:18,0:02:17,5:13:41,2541,9372,6632,138,137,18821,176,153,5,249,210,6,205,180,5,176,153,5,Finisher,2357
Meng Ziang,Chy,Meng Ziang Chy,636,M40-44,Male,Shanghai,Shanghai,Switzerland,CH,0:48:58,2:35:12,1:43:29,0:03:14,0:03:35,5:14:28,2938,9312,6209,194,215,18868,177,154,43,476,399,94,254,224,61,177,154,43,Finisher,2263
Yuan,Xiaodong,Yuan Xiaodong,880,M50-54,Male,杭州,CN-ZJ,China,CN,0:41:02,2:43:53,1:43:13,0:03:16,0:03:04,5:14:29,2462,9833,6193,196,184,18869,178,155,13,208,177,19,261,230,14,178,155,13,Finisher,2863
David,Renz,David Renz,751,M45-49,Male,Braunschweig,,Germany,DE,0:41:54,2:31:01,1:56:35,0:02:28,0:02:47,5:14:45,2514,9061,6995,148,167,18885,179,156,21,235,199,26,168,149,23,179,156,21,Finisher,2322
Xu,Yuzhe,Xu Yuzhe,246,M30-34,Male,济南,山东,China,CN,0:45:22,2:40:59,1:42:50,0:02:28,0:03:46,5:15:24,2722,9659,6170,148,226,18924,180,157,16,358,299,39,274,240,31,180,157,16,Finisher,2312
Ilia,Shmelev,Ilia Shmelev,408,M35-39,Male,Саратов,Volga Federal District,Unknown,,0:34:43,2:29:05,2:00:33,0:05:16,0:06:02,5:15:39,2083,8945,7233,316,362,18939,181,158,34,68,59,12,122,111,25,181,158,34,Finisher,2212
任薇,段,任薇 段,317,F30-34,Female,成都,CN-SC,China,CN,0:45:13,2:29:59,1:55:30,0:02:38,0:03:08,5:16:29,2713,8999,6930,158,188,18989,182,24,7,353,58,14,182,23,7,182,24,7,Finisher,2637
Yukiatsu,Ishikawa,Yukiatsu Ishikawa,897,M50-54,Male,Sumida-ku,Tokyo,Japan,JP,0:41:13,2:37:05,1:51:17,0:03:30,0:03:36,5:16:41,2473,9425,6677,210,216,19001,183,159,14,215,183,20,209,184,13,183,159,14,Finisher,2824
Enrico,Guarnieri,Enrico Guarnieri,68,M35-39,Male,Chuo-ku,JP-13,Italy,IT,0:40:08,2:37:27,1:53:40,0:02:53,0:02:56,5:17:04,2408,9447,6820,173,176,19024,184,160,35,182,156,26,203,178,41,184,160,35,Finisher,2186
Valeriy,Podlesny,Valeriy Podlesny,985,M65-69,Male,Toshkent,TOSHKENT,Uzbekistan,UZ,0:36:33,2:33:39,2:01:09,0:02:49,0:03:11,5:17:19,2193,9219,7269,169,191,19039,185,161,1,110,96,1,153,135,2,185,161,1,Finisher,3500
Ronny Patrick,Rothen,Ronny Patrick Rothen,674,M40-44,Male,,,Switzerland,CH,0:44:28,2:25:56,2:00:15,0:04:20,0:03:00,5:17:59,2668,8756,7215,260,180,19079,186,162,44,318,269,62,165,146,36,186,162,44,Finisher,2199
Joerg,Pauls,Joerg Pauls,610,M40-44,Male,Wolfsburg,,Germany,DE,0:36:56,2:26:11,2:07:31,0:02:59,0:04:26,5:18:03,2216,8771,7651,179,266,19083,187,163,45,117,99,21,105,96,23,187,163,45,Finisher,2198
Dana,Nurmaganova,Dana Nurmaganova,480,F35-39,Female,Astana,Astana,Kazakhstan,KZ,0:44:49,2:40:01,1:47:24,0:03:21,0:02:33,5:18:07,2689,9601,6444,201,153,19087,188,25,3,340,54,10,260,31,4,188,25,3,Finisher,2967
Lawrence Ka Ho,Wong,Lawrence Ka Ho Wong,86,M40-44,Male,Quarry Bay,Hong Kong,Hong Kong,HK,0:39:46,2:39:02,1:51:15,0:04:19,0:04:00,5:18:23,2386,9542,6675,259,240,19103,189,164,46,173,147,37,215,188,51,189,164,46,Finisher,2192
Daryl,Lainathan,Daryl Lainathan,144,M18-24,Male,Suzhou,Jiangsu,Indonesia,ID,0:41:42,2:42:41,1:47:09,0:03:33,0:03:52,5:18:58,2502,9761,6429,213,232,19138,190,165,6,232,197,5,258,228,6,190,165,6,Finisher,2262
Zheng,Yang,Zheng Yang,196,M25-29,Male,Vancouver,BC,China,CN,0:42:15,2:40:54,1:50:27,0:02:42,0:03:01,5:19:19,2535,9654,6627,162,181,19159,191,166,15,243,204,17,241,213,18,191,166,15,Finisher,2267
Sean James,Hagerty,Sean James Hagerty,231,M30-34,Male,Hong Kong,Hong Kong,United Kingdom,GB,0:42:40,2:38:46,1:52:23,0:02:44,0:02:58,5:19:31,2560,9526,6743,164,178,19171,192,167,17,256,215,23,228,201,21,192,167,17,Finisher,2238
Iurii,Nosulenko,Iurii Nosulenko,745,M45-49,Male,Moscow,MOSKVA,Unknown,,0:37:27,2:32:24,2:03:39,0:02:44,0:03:31,5:19:46,2247,9144,7419,164,211,19186,193,168,22,124,106,16,149,131,20,193,168,22,Finisher,2232
Irina,Kovalenko,Irina Kovalenko,265,F30-34,Female,Moscow,,Unknown,,0:36:41,2:43:09,1:54:22,0:02:53,0:03:16,5:20:21,2201,9789,6862,173,196,19221,194,26,8,114,17,4,212,26,8,194,26,8,Finisher,2567
Yang,Yongjun,Yang Yongjun,192,M25-29,Male,北京市,CN-BJ,China,CN,0:41:04,2:39:10,1:53:03,0:03:02,0:04:10,5:20:30,2464,9550,6783,182,250,19230,195,169,16,210,179,16,217,190,17,195,169,16,Finisher,2245
Semen,Sukhomlin,Semen Sukhomlin,402,M35-39,Male,Khabarovsk,Far Eastern Federal District,Unknown,,0:43:35,2:36:15,1:50:02,0:07:18,0:03:28,5:20:39,2615,9375,6602,438,208,19239,196,170,36,288,244,49,251,222,50,196,170,36,Finisher,2122
Nan,Liu,Nan Liu,318,F30-34,Female,Guangzhou,GUANGDONG,China,CN,0:45:43,2:40:04,1:48:39,0:03:16,0:03:17,5:20:59,2743,9604,6519,196,197,19259,197,27,9,371,62,15,277,35,11,197,27,9,Finisher,2556
Jingyi,Wu,Jingyi Wu,195,M25-29,Male,Haidian District,Beijing,China,CN,0:38:23,2:23:04,2:12:17,0:04:25,0:03:01,5:21:10,2303,8584,7937,265,181,19270,198,171,17,142,121,14,103,94,11,198,171,17,Finisher,2233
Hoi Tik,Kwong,Hoi Tik Kwong,54,M50-54,Male,Hong Kong,HK,Hong Kong,HK,0:35:19,2:49:57,1:49:50,0:03:11,0:02:58,5:21:15,2119,10197,6590,191,178,19275,199,172,15,80,69,5,268,236,16,199,172,15,Finisher,2741
Zhuohang,Yang,Zhuohang Yang,239,M30-34,Male,Shang Hai,Shang Hai,China,CN,0:44:29,2:25:59,2:03:15,0:03:59,0:03:40,5:21:22,2669,8759,7395,239,220,19282,200,173,18,320,270,34,162,143,15,200,173,18,Finisher,2204
Aldiyar,Aitkenov,Aldiyar Aitkenov,252,M30-34,Male,Astana,ASTANA,Kazakhstan,KZ,0:41:41,2:37:55,1:54:18,0:03:56,0:03:32,5:21:23,2501,9475,6858,236,212,19283,201,174,19,228,193,22,221,194,19,201,174,19,Finisher,2204
Pierre,Gilson,Pierre Gilson,430,M35-39,Male,Shanghai,SHANGHAI,France,FR,0:39:31,2:25:47,2:10:41,0:02:31,0:02:54,5:21:24,2371,8747,7841,151,174,19284,202,175,37,169,144,24,117,106,24,202,175,37,Finisher,2108
Yingfeng,Huang,Yingfeng Huang,795,M45-49,Male,上海,上海市,China,CN,0:50:53,2:33:35,1:49:02,0:04:27,0:03:55,5:21:53,3053,9215,6542,267,235,19313,203,176,23,532,442,65,275,241,29,203,176,23,Finisher,2194
SHUYUN,ZHANG,SHUYUN ZHANG,198,F25-29,Female,shanghai,CN-SH,China,CN,0:43:01,2:30:50,2:00:01,0:04:38,0:03:28,5:21:58,2581,9050,7201,278,208,19318,204,28,4,268,44,6,190,25,3,204,28,4,Finisher,3099
Anton,Egorkin,Anton Egorkin,102,M45-49,Male,Москва,,Romania,RO,0:42:59,2:41:49,1:49:13,0:04:12,0:03:52,5:22:04,2579,9709,6553,252,232,19324,205,177,24,266,223,30,276,242,30,205,177,24,Finisher,2191
Xiaochuan,Zhou,Xiaochuan Zhou,586,M40-44,Male,jinan,CN-SD,China,CN,0:47:32,2:25:46,2:03:37,0:02:21,0:02:50,5:22:05,2852,8746,7417,141,170,19325,206,178,47,425,353,81,171,151,38,206,178,47,Finisher,2126
Guan,Wang,Guan Wang,441,M35-39,Male,guangzhou,CN-GD,China,CN,0:47:27,2:24:47,1:59:35,0:05:55,0:04:48,5:22:32,2847,8687,7175,355,288,19352,207,179,38,420,350,74,187,164,36,207,179,38,Finisher,2088
Yao,Li,Yao Li,392,M35-39,Male,Changzhou,Jiangsu ,China,CN,0:42:31,2:36:50,1:56:00,0:03:49,0:03:32,5:22:42,2551,9410,6960,229,212,19362,208,180,39,254,214,39,216,189,43,208,180,39,Finisher,2085
Michael,Klose,Michael Klose,32,M60-64,Male,"Cherng Talay, Thalang",,Germany,DE,0:38:06,2:36:39,2:01:42,0:02:56,0:03:22,5:22:47,2286,9399,7302,176,202,19367,209,181,3,137,116,3,181,159,4,209,181,3,Finisher,3020
Md.Faruque,Hossain,Md.Faruque Hossain,551,M40-44,Male,Dhaka,Dhaka,Bangladesh,BD,0:41:31,2:32:50,1:59:41,0:04:30,0:04:22,5:22:55,2491,9170,7181,270,262,19375,210,182,48,223,188,47,193,168,43,210,182,48,Finisher,2111
Bastian,Kleine,Bastian Kleine,350,M35-39,Male,Beijing,Beijing,Germany,DE,0:39:15,2:47:01,1:48:12,0:03:42,0:04:49,5:23:00,2355,10021,6492,222,289,19380,211,183,40,165,140,22,285,249,53,211,183,40,Finisher,2080
Cheng,Wang,Cheng Wang,728,M45-49,Male,Shanghai ,CN-SH,China,CN,0:46:16,2:35:13,1:56:13,0:03:17,0:02:29,5:23:29,2776,9313,6973,197,149,19409,212,184,25,392,328,42,234,207,26,212,184,25,Finisher,2165
zheming,zhang,zheming zhang,274,M30-34,Male,长春,吉林省 — Jilin Sheng,China,CN,0:43:50,2:39:51,1:53:13,0:02:58,0:03:44,5:23:35,2630,9591,6793,178,224,19415,213,185,20,293,248,27,246,217,26,213,185,20,Finisher,2165
Iulia,Krasikova,Iulia Krasikova,463,F35-39,Female,Novosibirsk,,Spain,ES,0:41:17,2:45:18,1:51:03,0:03:18,0:02:47,5:23:43,2477,9918,6663,198,167,19423,214,29,4,218,34,4,284,36,7,214,29,4,Finisher,2866
Shuchuan,Wang,Shuchuan Wang,187,M25-29,Male,Beijing,Beijing,China,CN,0:36:19,2:48:20,1:55:00,0:01:49,0:02:29,5:23:55,2179,10100,6900,109,149,19435,215,186,18,104,91,12,244,215,19,215,186,18,Finisher,2184
Duncan,Holland,Duncan Holland,94,M40-44,Male,Zuoz,foreigner,United Kingdom,GB,0:49:25,2:37:52,1:48:30,0:04:20,0:04:19,5:24:25,2965,9472,6510,260,259,19465,216,187,49,487,408,97,293,256,67,216,187,49,Finisher,2084
wang,hongfei,wang hongfei,345,M35-39,Male,Yantai,SHANDONG,China,CN,0:51:38,2:35:57,1:49:41,0:04:15,0:03:53,5:25:24,3098,9357,6581,255,233,19524,217,188,41,555,464,95,296,259,55,217,188,41,Finisher,2036
Ekaterina,Nechukhaeva,Ekaterina Nechukhaeva,328,F30-34,Female,Shanghai,Shanghai,Unknown,,0:55:18,2:36:39,1:45:41,0:04:39,0:03:11,5:25:29,3318,9399,6341,279,191,19529,218,30,10,654,109,21,342,48,13,218,30,10,Finisher,2475
Annemarie,Moder,Annemarie Moder,63,F30-34,Female,Torino,Piemonte,Italy,IT,0:41:16,2:28:22,2:09:25,0:03:24,0:03:02,5:25:29,2476,8902,7765,204,182,19529,219,31,11,217,33,10,154,19,5,219,31,11,Finisher,2475
Gleb Kolotov,Kolotov,Gleb Kolotov Kolotov,271,M30-34,Male,Auckland,North Island,New Zealand,NZ,0:32:21,3:03:32,1:44:41,0:02:14,0:02:48,5:25:37,1941,11012,6281,134,168,19537,220,189,21,48,40,5,363,314,36,220,189,21,Finisher,2128
Rinat,Aripov,Rinat Aripov,587,M40-44,Male,Aktobe,Aktobe region,Kazakhstan,KZ,0:40:24,2:36:35,2:00:48,0:03:48,0:04:06,5:25:41,2424,9395,7248,228,246,19541,221,190,50,189,163,42,204,179,46,221,190,50,Finisher,2061
Darren,Chew,Darren Chew,273,M30-34,Male,Singapore,,Singapore,SG,0:45:33,2:33:41,1:55:54,0:06:22,0:04:13,5:25:43,2733,9221,6954,382,253,19543,222,191,22,365,305,40,238,210,25,222,191,22,Finisher,2126
Anthony,Quinn,Anthony Quinn,585,M40-44,Male,North Richland Hills,TX,United States,US,0:40:54,2:55:36,1:44:59,0:02:32,0:02:03,5:26:03,2454,10536,6299,152,123,19563,223,192,51,205,175,43,366,316,85,223,192,51,Finisher,2054
Demin,Zhu,Demin Zhu,505,M35-39,Male,上海,CN-SH,China,CN,0:43:50,2:33:56,2:02:48,0:02:39,0:03:31,5:26:44,2630,9236,7368,159,211,19604,224,193,42,292,247,51,202,177,40,224,193,42,Finisher,2012
Feichen,Rong,Feichen Rong,72,M35-39,Male,上海,CN-SH,China,CN,0:40:35,2:37:29,1:59:06,0:05:26,0:04:19,5:26:56,2435,9449,7146,326,259,19616,225,194,43,192,165,28,219,192,45,225,194,43,Finisher,2009
Chenglong,Lin,Chenglong Lin,464,M35-39,Male,Jinan,37,China,CN,0:43:17,2:36:11,1:57:46,0:04:42,0:05:01,5:26:56,2597,9371,7066,282,301,19616,226,195,44,279,235,46,227,200,47,226,195,44,Finisher,2009
昊,陈,昊 陈,440,M35-39,Male,杭州市,Zhejiang,China,CN,0:50:29,2:32:25,1:56:25,0:03:56,0:03:45,5:27:00,3029,9145,6985,236,225,19620,227,196,45,520,432,88,249,220,49,227,196,45,Finisher,2008
Artem,Polyakov,Artem Polyakov,567,M40-44,Male,Kursk,,Unknown,,0:44:10,2:33:20,2:01:24,0:03:52,0:04:19,5:27:05,2650,9200,7284,232,259,19625,228,197,52,305,258,61,207,182,48,228,197,52,Finisher,2036
Andrei,Shostak,Andrei Shostak,796,M45-49,Male,Vladivostok,Far Eastern Federal District,Unknown,,0:40:42,2:48:55,1:51:39,0:03:06,0:02:58,5:27:20,2442,10135,6699,186,178,19640,229,198,26,197,170,23,309,270,37,229,198,26,Finisher,2096
Anastasia ,Ekzarkhova,Anastasia Ekzarkhova,185,F25-29,Female,,,Unknown,,0:38:33,2:48:04,1:53:40,0:04:17,0:03:29,5:28:02,2313,10084,6820,257,209,19682,230,32,5,147,23,4,289,37,5,230,32,5,Finisher,2990
Aleksandr,Kondratiuk,Aleksandr Kondratiuk,323,M30-34,Male,Irkutsk,"Irkutsk state
",Kazakhstan,KZ,0:41:32,2:43:24,1:53:41,0:03:32,0:06:01,5:28:09,2492,9804,6821,212,361,19689,231,199,23,224,189,21,269,237,30,231,199,23,Finisher,2082
Konstantin,Kafanov,Konstantin Kafanov,941,M55-59,Male,Belogorsk,"Amyrskay oblast
",Unknown,,0:40:51,2:32:53,2:06:46,0:04:33,0:03:06,5:28:09,2451,9173,7606,273,186,19689,232,200,5,202,174,11,189,165,5,232,200,5,Finisher,2732
Harold,Haight,Harold Haight,672,M40-44,Male,sigean,,France,FR,0:39:26,2:48:06,1:51:21,0:04:19,0:05:01,5:28:12,2366,10086,6681,259,301,19692,233,201,53,166,141,36,297,260,70,233,201,53,Finisher,2015
Oleg,Sukhodolin,Oleg Sukhodolin,984,M65-69,Male,Tomsk,Siberian Federal District,Uzbekistan,UZ,0:41:05,2:29:16,2:13:00,0:02:05,0:03:02,5:28:29,2465,8956,7980,125,182,19709,234,202,2,211,180,3,146,128,1,234,202,2,Finisher,3299
Liu,Biaopeng,Liu Biaopeng,790,M45-49,Male,天津,天津,China,CN,0:38:56,2:36:39,2:04:36,0:04:29,0:04:07,5:28:48,2336,9399,7476,269,247,19728,235,203,27,155,131,19,199,174,24,235,203,27,Finisher,2069
John,Doe,John Doe,808,M45-49,Male,常熟,CN-JS,China,CN,0:47:56,2:40:06,1:50:58,0:04:27,0:05:22,5:28:49,2876,9606,6658,267,322,19729,236,204,28,443,369,52,307,268,36,236,204,28,Finisher,2069
Bryant Frazier,Kandani,Bryant Frazier Kandani,142,M18-24,Male,Jakarta,Jakarta,Indonesia,ID,0:47:54,2:42:47,1:51:48,0:03:21,0:02:58,5:28:49,2874,9767,6708,201,178,19729,237,205,7,441,367,11,319,278,7,237,205,7,Finisher,2085
YONGHO,LEE,YONGHO LEE,366,M35-39,Male,Seoul,Seoul-teukbyeolsi,South Korea,KR,0:38:08,2:31:19,2:11:41,0:04:25,0:03:27,5:29:00,2288,9079,7901,265,207,19740,238,206,46,138,117,20,159,140,30,238,206,46,Finisher,1972
Yalin,Li,Yalin Li,627,M40-44,Male,上海,CN-SH,China,CN,0:45:49,2:49:04,1:43:01,0:06:15,0:05:01,5:29:09,2749,10144,6181,375,301,19749,239,207,54,376,314,74,397,343,91,239,207,54,Finisher,1998
YUAN,YUAN,YUAN YUAN,574,M40-44,Male,shanghai,CN-SH,China,CN,0:45:11,2:37:29,1:58:11,0:05:03,0:04:02,5:29:55,2711,9449,7091,303,242,19795,240,208,55,350,293,67,255,225,62,240,208,55,Finisher,1985
XU,CHENXIN,XU CHENXIN,245,M30-34,Male,Yixing,Jiangsu Province,China,CN,0:39:31,2:41:41,2:02:42,0:02:33,0:03:28,5:29:56,2371,9701,7362,153,208,19796,241,209,24,170,145,15,222,195,20,241,209,24,Finisher,2050
Mike,OBrien,Mike OBrien,315,M30-34,Male,Birmingham,West Midlands,Ireland,IE,0:37:17,2:42:51,2:03:17,0:04:06,0:02:37,5:30:08,2237,9771,7397,246,157,19808,242,210,25,122,104,13,229,202,22,242,210,25,Finisher,2047
Sönke,Tedt,Sönke Tedt,944,M55-59,Male,Donauwörth,Bavaria,Germany,DE,0:49:25,2:32:34,1:56:52,0:06:21,0:05:05,5:30:17,2965,9154,7012,381,305,19817,243,211,6,488,409,21,265,234,9,243,211,6,Finisher,2693
Julia,Golyakina,Julia Golyakina,683,F40-44,Female,MOSCOW,,Unknown,,0:46:45,2:47:12,1:51:34,0:02:12,0:02:35,5:30:18,2805,10032,6694,132,155,19818,244,33,4,405,67,9,339,47,9,244,33,4,Finisher,2695
Dmitry,Borisenko,Dmitry Borisenko,98,M45-49,Male,Moscow,MOSKVA,Unknown,,0:46:03,2:35:15,1:59:43,0:05:49,0:03:46,5:30:37,2763,9315,7183,349,226,19837,245,212,29,385,322,40,250,221,27,245,212,29,Finisher,2037
Luka,Milosavljevic,Luka Milosavljevic,279,M30-34,Male,Beograd,Central Serbia,Serbia,RS,0:44:29,2:37:37,2:00:45,0:04:35,0:03:52,5:31:19,2669,9457,7245,275,232,19879,246,213,26,321,271,35,247,218,27,246,213,26,Finisher,2025
Yijin,Tang,Yijin Tang,466,M35-39,Male,上海市,上海市,China,CN,0:46:04,2:49:55,1:48:08,0:03:45,0:03:50,5:31:43,2764,10195,6488,225,230,19903,247,214,47,386,323,69,375,324,72,247,214,47,Finisher,1923
Albert,Kamalov,Albert Kamalov,515,M40-44,Male,Mytishhi,,Unknown,,0:46:07,2:45:43,1:52:57,0:03:44,0:03:17,5:31:48,2767,9943,6777,224,197,19908,248,215,56,390,326,76,333,287,79,248,215,56,Finisher,1951
Holly,Taylor,Holly Taylor,490,F35-39,Female,Cambridge,England,United Kingdom,GB,0:42:58,2:46:28,1:53:17,0:04:32,0:04:44,5:31:59,2578,9988,6797,272,284,19919,249,34,5,265,43,6,318,41,9,249,34,5,Finisher,2717
DENYS,DOVBII,DENYS DOVBII,744,M45-49,Male,中山,GUANGDONG,Ukraine,UA,0:43:13,2:27:43,2:12:06,0:03:49,0:05:38,5:32:29,2593,8863,7926,229,338,19949,250,216,30,277,233,31,166,147,22,250,216,30,Finisher,2003
Jianan,Song,Jianan Song,513,M35-39,Male,北京,CN-BJ,China,CN,0:42:21,2:33:38,2:09:06,0:04:08,0:03:16,5:32:29,2541,9218,7746,248,196,19949,251,217,48,251,212,38,200,175,39,251,217,48,Finisher,1909
Jiqing,Xia,Jiqing Xia,528,F40-44,Female,上海,Shanghai,China,CN,0:37:33,2:37:28,2:11:39,0:03:08,0:02:42,5:32:31,2253,9448,7899,188,162,19951,252,35,5,126,20,4,188,24,4,252,35,5,Finisher,2655
Steffen,Dekoj,Steffen Dekoj,673,M40-44,Male,Zwickau,SN,Germany,DE,0:53:30,2:32:43,2:00:48,0:02:28,0:03:52,5:33:21,3210,9163,7248,148,232,20001,253,218,57,604,505,126,272,239,64,253,218,57,Finisher,1923
妍,王,妍 王,368,F35-39,Female,上海,Taichung,China,CN,0:35:38,2:46:26,2:05:29,0:02:45,0:03:27,5:33:45,2138,9986,7529,165,207,20025,254,36,6,87,12,1,236,28,3,254,36,6,Finisher,2685
Alexey,Tiutiunnikov,Alexey Tiutiunnikov,233,M30-34,Male,,,Unknown,,0:51:19,2:48:05,1:46:03,0:03:08,0:05:18,5:33:54,3079,10085,6363,188,318,20034,255,219,27,548,457,51,411,354,39,255,219,27,Finisher,1979
Oscar,Zhang,Oscar Zhang,162,M18-24,Male,Palo Alto,California,China,CN,0:43:59,2:51:07,1:47:55,0:04:13,0:06:44,5:33:58,2639,10267,6475,253,404,20038,256,220,8,300,253,7,370,320,9,256,220,8,Finisher,1992
Marcel,Brinkmann,Marcel Brinkmann,575,M40-44,Male,Osnabrück,Deutschland ,Germany,DE,0:43:29,2:35:41,2:03:36,0:05:37,0:05:36,5:34:00,2609,9341,7416,337,336,20040,257,221,58,286,242,56,235,208,56,257,221,58,Finisher,1911
Cristina,Capaldi-Cosas,Cristina Capaldi-Cosas,873,F50-54,Female,Singapore,,United Kingdom,GB,0:42:49,2:53:27,1:50:41,0:03:51,0:03:19,5:34:08,2569,10407,6641,231,199,20048,258,37,2,262,42,3,380,52,2,258,37,2,Finisher,3026
Vladimir,Yanin,Vladimir Yanin,646,M40-44,Male,SanurDenpasar,Bali,Kyrgyzstan,KG,0:42:18,2:40:53,2:03:23,0:03:34,0:04:03,5:34:10,2538,9653,7403,214,243,20050,259,222,59,245,206,50,248,219,59,259,222,59,Finisher,1908
Miqueias,Novais,Miqueias Novais,80,M40-44,Male,North Point,Hong Kong,Brazil,BR,0:42:40,2:25:52,2:18:58,0:04:10,0:02:55,5:34:34,2560,8752,8338,250,175,20074,260,223,60,257,216,52,150,132,33,260,223,60,Finisher,1901
DAO,ZHOU,DAO ZHOU,426,M35-39,Male,BEIJING,BEIJING,China,CN,0:47:24,2:47:43,1:50:39,0:04:14,0:04:39,5:34:39,2844,10063,6639,254,279,20079,261,224,49,418,348,73,371,321,70,261,224,49,Finisher,1870
Lin,Haoran,Lin Haoran,21,M25-29,Male,扬州,CN-JS,China,CN,0:44:45,2:16:43,2:26:40,0:04:07,0:02:31,5:34:46,2685,8203,8800,247,151,20086,262,225,19,336,284,22,100,91,10,262,225,19,Finisher,1988
Nikolay,Iakovtsev,Nikolay Iakovtsev,487,M35-39,Male,Dolgoprudnii,MOSKOVSKAYA OBLAST',Unknown,,0:43:14,2:51:18,1:53:49,0:03:31,0:02:58,5:34:51,2594,10278,6829,211,178,20091,263,226,50,278,234,45,362,313,68,263,226,50,Finisher,1866
Zhao,Liu,Zhao Liu,415,M35-39,Male,Beijing,Beijing,China,CN,0:38:03,2:24:48,1:57:53,0:04:19,0:30:28,5:35:31,2283,8688,7073,259,1828,20131,264,227,51,133,112,19,111,101,22,264,227,51,Finisher,1854
Yejian,Zhang,Yejian Zhang,393,M35-39,Male,Shanghai,Shanghai,China,CN,0:51:18,2:38:48,1:59:46,0:03:16,0:02:56,5:36:02,3078,9528,7186,196,176,20162,265,228,52,546,455,93,313,273,58,265,228,52,Finisher,1845
Iskandar,Shakhov,Iskandar Shakhov,996,M70-74,Male,Krasnoursk,,Uzbekistan,UZ,0:37:37,2:45:21,2:05:03,0:02:41,0:05:26,5:36:08,2257,9921,7503,161,326,20168,266,229,1,129,109,1,240,212,2,266,229,1,Finisher,3500
Victor,Smirnov,Victor Smirnov,980,M60-64,Male,Moscow,Moscow,Unknown,,0:47:59,2:42:47,1:56:05,0:04:59,0:04:22,5:36:11,2879,9767,6965,299,262,20171,267,230,4,444,370,10,334,288,10,267,230,4,Finisher,2778
Danny,Jia,Danny Jia,87,M40-44,Male,北京市,CN-BJ,China,CN,0:51:17,2:30:36,2:06:55,0:03:45,0:04:03,5:36:37,3077,9036,7615,225,243,20197,268,231,61,545,454,110,239,211,57,268,231,61,Finisher,1864
Maksim,Sinkin,Maksim Sinkin,642,M40-44,Male,Новокузнецк,Кемеровская область,Unknown,,0:46:17,2:31:41,2:09:40,0:05:51,0:03:21,5:36:50,2777,9101,7780,351,201,20210,269,232,62,393,329,78,223,196,52,269,232,62,Finisher,1860
Elliot,Xiao,Elliot Xiao,316,M30-34,Male,Luoyang,Henan,China,CN,0:41:04,2:43:01,2:06:21,0:03:47,0:03:15,5:37:29,2464,9781,7581,227,195,20249,270,233,28,209,178,20,256,226,28,270,233,28,Finisher,1914
Leonardo,Tanujaya,Leonardo Tanujaya,47,M40-44,Male,Banjarmasin,KALIMANTAN SELATAN,Indonesia,ID,0:51:50,2:30:24,2:07:09,0:05:01,0:03:51,5:38:16,3110,9024,7629,301,231,20296,271,234,63,561,468,113,252,223,60,271,234,63,Finisher,1834
Keith,Yeung,Keith Yeung,825,M45-49,Male,,,Hong Kong,HK,0:47:35,2:44:45,1:57:16,0:04:46,0:03:55,5:38:17,2855,9885,7036,286,235,20297,272,235,31,429,357,50,347,299,39,272,235,31,Finisher,1899
Koji,Muroya,Koji Muroya,33,M60-64,Male,Aoyama 7 chomeOtsu,,Japan,JP,0:42:04,2:43:56,2:05:39,0:03:38,0:03:02,5:38:19,2524,9836,7539,218,182,20299,273,236,5,238,202,4,279,244,5,273,236,5,Finisher,2740
Kitibodee,Teptong,Kitibodee Teptong,546,M40-44,Male,"ตลิ่งชั่น , ท่าศาลา",นครศรีธรรมราช,Thailand,TH,0:55:02,2:43:41,1:48:01,0:06:32,0:05:09,5:38:25,3302,9821,6481,392,309,20305,274,237,64,646,540,133,438,376,99,274,237,64,Finisher,1832
Evgeniya,Karbusheva,Evgeniya Karbusheva,449,F35-39,Female,Astana,Astana,Kazakhstan,KZ,0:44:47,2:52:35,1:53:57,0:03:22,0:03:59,5:38:40,2687,10355,6837,202,239,20320,275,38,7,338,53,9,388,53,10,275,38,7,Finisher,2597
Wen,Li,Wen Li,354,M35-39,Male,天津市,Tianjin,China,CN,0:51:11,2:39:38,1:58:50,0:03:26,0:05:48,5:38:52,3071,9578,7130,206,348,20332,276,238,53,542,451,92,321,279,59,276,238,53,Finisher,1794
Valerii,Kuprii,Valerii Kuprii,538,M40-44,Male,Москва,Москва,Unknown,,0:50:43,2:53:29,1:48:05,0:03:24,0:03:18,5:38:58,3043,10409,6485,204,198,20338,277,239,65,524,436,105,459,396,104,277,239,65,Finisher,1822
Sergey,Seliverstov,Sergey Seliverstov,706,M45-49,Male,Mosrentgen,Tsentral'nyy Federal'nyy Okrug,Unknown,,0:42:42,2:38:37,2:12:12,0:02:44,0:02:49,5:39:03,2562,9517,7932,164,169,20343,278,240,32,259,218,29,226,199,25,278,240,32,Finisher,1885
Henri Kurniadi ,Herman,Henri Kurniadi Herman,218,M25-29,Male,"Kembangan, Joglo, Jakarta",Jakarta,Indonesia,ID,0:43:29,2:45:21,2:02:41,0:04:45,0:03:08,5:39:23,2609,9921,7361,285,188,20363,279,241,20,284,240,20,316,276,22,279,241,20,Finisher,1905
Julie,Monh,Julie Monh,576,F40-44,Female,Charron,,France,FR,0:52:41,2:43:30,1:53:41,0:05:33,0:04:01,5:39:26,3161,9810,6821,333,241,20366,280,39,6,578,97,16,404,55,10,280,39,6,Finisher,2530
Alexandr,Lyan,Alexandr Lyan,235,M30-34,Male,Bishkek,DE,Kyrgyzstan,KG,0:44:37,2:35:48,2:09:40,0:04:02,0:05:20,5:39:28,2677,9348,7780,242,320,20368,281,242,29,328,278,36,231,204,23,281,242,29,Finisher,1879
Inna,Alekseeva,Inna Alekseeva,734,F45-49,Female,Moscow,,Kyrgyzstan,KG,0:44:44,2:49:30,1:56:17,0:05:30,0:03:36,5:39:37,2684,10170,6977,330,216,20377,282,40,3,335,52,4,374,51,5,282,40,3,Finisher,2590
Valerii,Tingaev,Valerii Tingaev,974,M60-64,Male,Blagoveshensk,"
Amurskaia",Unknown,,0:47:17,2:40:27,2:06:21,0:03:07,0:02:31,5:39:44,2837,9627,7581,187,151,20384,283,243,6,415,346,9,288,252,6,283,243,6,Finisher,2714
Peng,Liu,Peng Liu,785,M45-49,Male,Shanghai,Shanghai,China,CN,0:48:28,2:34:42,2:06:34,0:05:14,0:04:53,5:39:51,2908,9282,7594,314,293,20391,284,244,33,461,385,54,267,235,28,284,244,33,Finisher,1871
Ronan,Chow,Ronan Chow,764,M45-49,Male,Hong Kong,Hong Kong,Hong Kong,HK,0:43:18,2:51:28,1:54:45,0:05:02,0:05:26,5:40:00,2598,10288,6885,302,326,20400,285,245,34,280,236,32,377,326,45,285,245,34,Finisher,1868
Wen,Jiang,Wen Jiang,425,F35-39,Female,Yinchuan,CN-NX,China,CN,0:43:55,2:45:07,2:03:56,0:03:56,0:03:15,5:40:08,2635,9907,7436,236,195,20408,286,41,8,298,47,7,311,40,8,286,41,8,Finisher,2570
Chester,Wang,Chester Wang,559,M40-44,Male,Melbourne,Victoria,Australia,AU,0:52:50,2:38:04,1:59:25,0:06:13,0:03:36,5:40:08,3170,9484,7165,373,216,20408,287,246,66,585,487,123,348,300,81,287,246,66,Finisher,1801
Adel,Gan,Adel Gan,287,F30-34,Female,Singapore,,Singapore,SG,0:42:06,2:56:54,1:51:58,0:05:21,0:04:03,5:40:23,2526,10614,6718,321,243,20423,288,42,12,239,37,11,430,61,16,288,42,12,Finisher,2207
bin,wang,bin wang,614,M40-44,,大连,辽宁,China,CN,0:51:47,2:26:42,2:13:27,0:03:24,0:05:08,5:40:27,3107,8802,8007,204,308,20427,289,247,67,558,466,112,210,185,50,289,247,67,Finisher,1795
Trevor,Tully,Trevor Tully,983,M65-69,Male,Wanchai,HONG KONG SAR,Ireland,IE,0:40:47,2:35:12,2:17:23,0:03:07,0:03:59,5:40:28,2447,9312,8243,187,239,20428,290,248,3,201,173,2,196,171,3,290,248,3,Finisher,3083
Yermek,Bizhanov,Yermek Bizhanov,591,M40-44,Male,Aktobe,Aktobe,Kazakhstan,KZ,0:45:09,2:43:16,2:03:45,0:03:38,0:04:49,5:40:37,2709,9796,7425,218,289,20437,291,249,68,349,292,66,299,262,72,291,249,68,Finisher,1792
Zhijing,Wu,Zhijing Wu,197,F25-29,Female,Beijing,,China,CN,0:45:08,2:43:30,2:02:52,0:03:28,0:05:40,5:40:37,2708,9810,7372,208,340,20437,292,43,6,346,57,9,300,38,6,292,43,6,Finisher,2764
Lucas,Mischi,Lucas Mischi,277,M30-34,Male,Longiaru,BZ,Italy,IT,0:43:07,2:41:44,2:10:00,0:03:28,0:02:32,5:40:50,2587,9704,7800,208,152,20450,293,250,30,274,230,26,264,233,29,293,250,30,Finisher,1854
Gilson,Chua,Gilson Chua,101,M45-49,Male,Hong Kong,CN-GD,Hong Kong,HK,0:48:41,2:49:34,1:53:04,0:02:45,0:06:46,5:40:51,2921,10174,6784,165,406,20451,294,251,35,469,392,57,396,342,47,294,251,35,Finisher,1853
Qiaozhi,Ye,Qiaozhi Ye,364,M35-39,Male,深圳,GUANGDONG,China,CN,0:55:47,2:42:36,1:49:35,0:07:29,0:05:26,5:40:52,3347,9756,6575,449,326,20452,295,252,54,663,554,114,445,383,83,295,252,54,Finisher,1758
jue,wang,jue wang,617,M40-44,Male,Dalian,Liaoning,China,CN,0:48:09,2:45:40,1:59:26,0:04:14,0:03:37,5:41:06,2889,9940,7166,254,217,20466,296,253,69,453,378,88,361,312,84,296,253,69,Finisher,1783
富平,高,富平 高,753,M45-49,Male,苏州,江苏,China,CN,0:57:15,2:45:08,1:48:27,0:03:01,0:07:18,5:41:10,3435,9908,6507,181,438,20470,297,254,36,691,575,85,440,378,59,297,254,36,Finisher,1847
Xiyuan,Zhang,Xiyuan Zhang,725,M45-49,Male,海口市,CN-HI,China,CN,0:44:44,2:45:46,2:04:56,0:01:54,0:04:04,5:41:24,2684,9946,7496,114,244,20484,298,255,37,334,283,37,305,267,35,298,255,37,Finisher,1843
Antons,Kho81,Antons Kho81,737,M45-49,Male,Pekanbaru,Riau,India,IN,0:52:16,2:32:27,2:07:37,0:04:37,0:04:32,5:41:29,3136,9147,7657,277,272,20489,299,256,38,568,474,70,278,243,31,299,256,38,Finisher,1841
Daniel,Beck,Daniel Beck,348,M35-39,Male,Beijing,11,Germany,DE,0:43:45,2:36:53,2:13:07,0:03:44,0:04:12,5:41:41,2625,9413,7987,224,252,20501,300,257,55,291,246,50,230,203,48,300,257,55,Finisher,1743
Rob,Moore,Rob Moore,598,M40-44,Male,Singapore,,United Kingdom,GB,0:48:25,2:52:23,1:49:22,0:06:43,0:05:21,5:42:14,2905,10343,6562,403,321,20534,301,258,70,460,384,89,458,395,103,301,258,70,Finisher,1763
Burin,Sangsuwanlert,Burin Sangsuwanlert,427,M35-39,Male,"Thanon Phrayathai ,Ratchatewi",,Thailand,TH,0:45:08,2:38:15,2:08:29,0:06:40,0:03:43,5:42:16,2708,9495,7709,400,223,20536,302,259,56,348,291,60,286,250,54,302,259,56,Finisher,1733
VLADISLAV,KHASANOV,VLADISLAV KHASANOV,243,M30-34,Male,Иркутск,Siberian Federal District,Unknown,,0:39:53,2:51:35,2:03:36,0:03:42,0:03:56,5:42:42,2393,10295,7416,222,236,20562,303,260,31,178,152,16,330,285,34,303,260,31,Finisher,1820
Valentina ,Ferrari ,Valentina Ferrari,309,F30-34,Female,Shanghai,CN-SH,Italy,IT,0:39:43,2:51:54,2:01:52,0:03:39,0:05:48,5:42:57,2383,10314,7312,219,348,20577,304,44,13,172,26,6,331,46,12,304,44,13,Finisher,2161
Zhi,Wu,Zhi Wu,492,M35-39,Male,娄底市,CN-HN,China,CN,0:48:09,2:35:55,2:06:30,0:04:10,0:08:26,5:43:09,2889,9355,7590,250,506,20589,305,261,57,452,377,78,262,231,51,305,261,57,Finisher,1717
Steve,Sutandinata,Steve Sutandinata,191,M25-29,Male,Jakarta,DKI Jakarta,Indonesia,ID,0:43:41,2:39:24,2:12:12,0:03:22,0:04:38,5:43:16,2621,9564,7932,202,278,20596,306,262,21,290,245,21,245,216,20,306,262,21,Finisher,1835
Sidiq Pradipta,Laksmana,Sidiq Pradipta Laksmana,294,M30-34,Male,"Kecamatan bontoala
Makassar","
Sulawesi selatan",Indonesia,ID,0:46:53,2:27:32,2:21:48,0:03:44,0:03:22,5:43:19,2813,8852,8508,224,202,20599,307,263,32,409,341,42,186,163,17,307,263,32,Finisher,1809
Brian,Schmitt,Brian Schmitt,116,M55-59,Male,CHICAGO,IL,United States,US,0:38:43,2:45:00,2:09:37,0:04:19,0:05:48,5:43:28,2323,9900,7777,259,348,20608,308,264,7,151,127,6,259,229,8,308,264,7,Finisher,2456
guanghui,sun,guanghui sun,119,M60-64,Male,Tianjin,CN-TJ,China,CN,0:46:20,2:40:36,2:09:14,0:04:11,0:03:06,5:43:28,2780,9636,7754,251,186,20608,309,265,7,397,333,8,291,254,7,309,265,7,Finisher,2647
Konstantin,Chernobrovkin,Konstantin Chernobrovkin,481,M35-39,Male,Ussuriisk,Far Eastern Federal District,Unknown,,0:46:03,2:43:46,2:06:22,0:03:28,0:04:02,5:43:41,2763,9826,7582,208,242,20621,310,266,58,382,319,68,312,272,57,310,266,58,Finisher,1707
Zhixing,Xu,Zhixing Xu,360,M35-39,Male,Shanghai,Shanghai,China,CN,0:54:54,2:53:09,1:46:48,0:04:06,0:04:51,5:43:47,3294,10389,6408,246,291,20627,311,267,59,638,535,106,496,426,95,311,267,59,Finisher,1706
Danhong,Xu,Danhong Xu,729,F45-49,Female,Wuxi,JiangSu,China,CN,0:50:25,2:40:53,2:04:06,0:03:25,0:05:04,5:43:53,3025,9653,7446,205,304,20633,312,45,4,518,88,7,327,44,3,312,45,4,Finisher,2513
Hui,HUANG,Hui HUANG,432,M35-39,Male,嘉兴市,ZHEJIANG,China,CN,0:55:15,2:56:40,1:40:09,0:06:43,0:05:22,5:44:10,3315,10600,6009,403,322,20650,313,268,60,651,544,111,542,459,99,313,268,60,Finisher,1699
Timothy,Neo,Timothy Neo,508,M35-39,Male,singapore,Singapore,Singapore,SG,0:47:29,2:38:57,2:06:50,0:05:51,0:05:12,5:44:19,2849,9537,7610,351,312,20659,314,269,61,423,352,75,302,264,56,314,269,61,Finisher,1696
Jianrong,Liu,Jianrong Liu,478,M35-39,Male,Singapore,Singapore,Singapore,SG,0:44:05,2:49:36,2:01:35,0:04:17,0:04:56,5:44:28,2645,10176,7295,257,296,20668,315,270,62,302,255,53,357,308,65,315,270,62,Finisher,1693
Ivan,Kholodilov,Ivan Kholodilov,693,M40-44,Male,Moscow,Central Federal District,Unknown,,0:37:09,2:40:36,2:19:41,0:03:16,0:03:48,5:44:30,2229,9636,8381,196,228,20670,316,271,71,119,101,22,206,181,47,316,271,71,Finisher,1722
标贤,刘,标贤 刘,541,M40-44,Male,Shanghai,SHANGHAI,China,CN,0:52:43,2:46:15,1:55:43,0:04:59,0:04:56,5:44:37,3163,9975,6943,299,296,20677,317,272,72,581,484,121,426,366,96,317,272,72,Finisher,1720
Jessica,Finch,Jessica Finch,640,F40-44,Female,Singapore,,United Kingdom,GB,0:46:06,2:45:57,2:05:54,0:02:39,0:04:13,5:44:48,2766,9957,7554,159,253,20688,318,46,7,388,64,8,326,43,7,318,46,7,Finisher,2434
敦国,牟,敦国 牟,989,M65-69,Male,北京,北京,China,CN,0:47:46,2:48:46,1:57:25,0:03:54,0:07:06,5:44:58,2866,10126,7045,234,426,20698,319,273,4,435,361,5,385,333,4,319,273,4,Finisher,3002
Chuntao,Xie,Chuntao Xie,697,M40-44,Male,Tianjin,CN-TJ,China,CN,0:47:41,2:38:28,2:09:25,0:05:30,0:03:55,5:44:59,2861,9508,7765,330,235,20699,320,274,73,433,360,83,294,257,68,320,274,73,Finisher,1713
Kai Ieong,Ho,Kai Ieong Ho,163,M18-24,Male,MACAU,MACAU,Macao,MO,0:46:06,2:43:26,2:06:58,0:04:59,0:03:46,5:45:14,2766,9806,7618,299,226,20714,321,275,9,387,324,10,324,282,8,321,275,9,Finisher,1789
HUIQIANG,WU,HUIQIANG WU,107,M50-54,Male,SHANGHAI,CN-SH,China,CN,0:46:43,2:39:21,2:13:54,0:02:11,0:03:09,5:45:18,2803,9561,8034,131,189,20718,322,276,16,404,338,32,263,232,15,322,276,16,Finisher,2309
Louise,Terhorst,Louise Terhorst,148,F18-24,Female,Oberursel (Taunus),Hesse,Germany,DE,0:48:11,2:52:27,1:57:18,0:04:07,0:03:16,5:45:20,2891,10347,7038,247,196,20720,323,47,1,456,76,4,436,62,2,323,47,1,Finisher,3500
Leo,Jiang,Leo Jiang,313,M30-34,Male,Dalian,Liaoning,China,CN,0:40:22,2:35:41,2:22:30,0:03:40,0:03:22,5:45:34,2422,9341,8550,220,202,20734,324,277,33,188,162,19,197,172,18,324,277,33,Finisher,1769
James,Blue,James Blue,542,M40-44,Male,Shanghai,Shanghai,Australia,AU,0:41:40,2:39:26,2:16:20,0:05:13,0:03:46,5:46:24,2500,9566,8180,313,226,20784,325,278,74,227,192,48,243,214,58,325,278,74,Finisher,1688
Nigel,Holdsworth,Nigel Holdsworth,579,M40-44,Male,Pudong District,Shanghai,Australia,AU,0:43:04,2:56:52,1:56:40,0:05:01,0:04:53,5:46:31,2584,10612,7000,301,293,20791,326,279,75,272,228,54,437,375,98,326,279,75,Finisher,1686
张,春海,张 春海,461,M35-39,Male,,,China,CN,0:43:27,2:42:29,2:13:15,0:03:53,0:04:12,5:47:16,2607,9749,7995,233,252,20836,327,280,63,282,238,47,283,248,52,327,280,63,Finisher,1643
Kristof,Vanherle,Kristof Vanherle,657,M40-44,Male,Beijing,Beijing,Belgium,BE,0:35:54,2:37:16,2:24:10,0:04:20,0:05:38,5:47:18,2154,9436,8650,260,338,20838,328,281,76,92,79,17,179,157,39,328,281,76,Finisher,1672
Laura,Ungarova,Laura Ungarova,398,F35-39,Female,Astana,Astana,Kazakhstan,KZ,0:38:25,2:46:34,2:15:46,0:03:23,0:03:33,5:47:40,2305,9994,8146,203,213,20860,329,48,9,144,22,2,266,32,5,329,48,9,Finisher,2435
Qi,Xiao,Qi Xiao,655,M40-44,Male,Tianjin,CN-TJ,China,CN,0:48:05,2:47:06,2:02:57,0:05:42,0:03:55,5:47:45,2885,10026,7377,342,235,20865,330,282,77,447,372,85,393,339,88,330,282,77,Finisher,1664
Natalia,Shkurko,Natalia Shkurko,115,F55-59,Female,Tashkent,Tashkent,Uzbekistan,UZ,0:45:58,2:42:37,2:11:48,0:03:54,0:03:42,5:47:58,2758,9757,7908,234,222,20878,331,49,1,380,63,4,306,39,1,331,49,1,Finisher,3500
Roman,Logov,Roman Logov,93,M40-44,Male,Moskva,Tsentral'nyy Federal'nyy Okrug,Unknown,,0:43:03,2:44:22,2:07:18,0:04:23,0:09:00,5:48:05,2583,9862,7638,263,540,20885,332,283,78,270,226,53,295,258,69,332,283,78,Finisher,1658
Jan,Settels,Jan Settels,503,M35-39,Male,Shanghai,Shanghai,Netherlands,NL,0:41:42,2:37:12,2:22:27,0:03:04,0:03:45,5:48:09,2502,9432,8547,184,225,20889,333,284,64,229,194,34,211,186,42,333,284,64,Finisher,1627
Ivan,Kulakov,Ivan Kulakov,949,M55-59,Male,Netanya,Central District,Israel,IL,0:42:21,2:40:16,2:16:52,0:05:18,0:04:06,5:48:54,2541,9616,8212,318,246,20934,334,285,8,250,211,13,257,227,7,334,285,8,Finisher,2358
Roman,Fakhrutdinov,Roman Fakhrutdinov,523,M40-44,Male,Shenzhen,Guandong,Unknown,,0:48:47,2:41:01,2:11:30,0:03:00,0:04:43,5:49:02,2927,9661,7890,180,283,20942,335,286,79,473,396,92,310,271,74,335,286,79,Finisher,1640
Mingnan,Wang,Mingnan Wang,482,M35-39,Male,威海,山东省,China,CN,0:47:02,2:46:17,2:07:44,0:03:19,0:04:42,5:49:04,2822,9977,7664,199,282,20944,336,287,65,411,343,71,343,295,62,336,287,65,Finisher,1610
xueying,sun,xueying sun,314,F30-34,Female,天津市,天津市,China,CN,0:46:33,2:47:17,2:08:01,0:03:20,0:03:54,5:49:05,2793,10037,7681,200,234,20945,337,50,14,401,66,17,350,49,14,337,50,14,Finisher,2050
Biyun,Zhang,Biyun Zhang,475,F35-39,Female,成都,Sichuan,China,CN,0:50:12,2:48:19,2:02:19,0:03:39,0:05:19,5:49:49,3012,10099,7339,219,319,20989,338,51,10,510,86,16,408,57,11,338,51,10,Finisher,2396
SHUANGYU,YE,SHUANGYU YE,401,M35-39,Male,苏州,,China,CN,0:49:45,2:46:57,2:05:28,0:03:59,0:04:22,5:50:30,2985,10017,7528,239,262,21030,339,288,66,499,417,86,387,335,77,339,288,66,Finisher,1585
Tomasz,Kozlowski,Tomasz Kozlowski,793,M45-49,Male,Shenzhen,CN-GD,Poland,PL,0:46:03,2:36:55,2:11:00,0:08:00,0:08:33,5:50:32,2763,9415,7860,480,513,21032,340,289,39,383,320,39,290,253,33,340,289,39,Finisher,1678
JUN JI,SEE,JUN JI SEE,227,M30-34,Male,Singapore,,Singapore,SG,0:49:17,2:46:04,2:05:42,0:05:51,0:03:40,5:50:34,2957,9964,7542,351,220,21034,341,290,34,486,407,48,400,346,38,341,290,34,Finisher,1679
Khalid,Bekka,Khalid Bekka,965,M60-64,Male,Ijamsville,MD,Morocco,MA,0:43:56,2:45:02,2:12:26,0:04:32,0:04:41,5:50:38,2636,9902,7946,272,281,21038,342,291,8,299,252,7,314,274,8,342,291,8,Finisher,2518
Long,JIA,Long JIA,472,M35-39,Male,SHANGHAI,CN-SH,China,CN,0:52:11,2:53:27,1:56:54,0:04:10,0:04:00,5:50:42,3131,10407,7014,250,240,21042,343,292,67,567,473,96,479,412,90,343,292,67,Finisher,1581
Jae Moon,Han,Jae Moon Han,801,M45-49,Male,의정부시,경기도,South Korea,KR,0:44:31,2:52:29,2:00:35,0:04:58,0:08:16,5:50:50,2671,10349,7235,298,496,21050,344,293,40,322,272,35,406,351,52,344,293,40,Finisher,1673
Chun Zhi,Lim,Chun Zhi Lim,811,M45-49,Male,Singapore,Singapore,Singapore,SG,0:41:01,2:53:20,2:08:07,0:05:04,0:03:24,5:50:55,2461,10400,7687,304,204,21055,345,294,41,207,176,24,373,323,43,345,294,41,Finisher,1671
Samer,Tabbara,Samer Tabbara,701,M45-49,Male,Midlothian,TX,United States,US,0:49:08,2:48:44,2:06:23,0:03:16,0:03:26,5:50:57,2948,10124,7583,196,206,21057,346,295,42,480,402,58,398,344,48,346,295,42,Finisher,1671
Andrew,Cumming,Andrew Cumming,572,M40-44,Male,Melbourne ,Victoria,Australia,AU,0:38:33,2:41:04,2:24:32,0:04:14,0:02:42,5:51:04,2313,9664,8672,254,162,21064,347,296,80,148,125,31,224,197,53,347,296,80,Finisher,1604
Christian,Groth,Christian Groth,382,M35-39,Male,Stuttgart,BW,Germany,DE,0:43:00,2:50:43,2:05:50,0:06:13,0:05:19,5:51:05,2580,10243,7550,373,319,21065,348,297,68,267,224,43,378,327,73,348,297,68,Finisher,1574
Anton,Johansson,Anton Johansson,200,M25-29,Male,Shanghai,SHANGHAI SHI,Sweden,SE,0:54:50,2:53:48,1:49:08,0:07:14,0:06:22,5:51:22,3290,10428,6548,434,382,21082,349,298,22,636,533,37,522,446,32,349,298,22,Finisher,1690
Anastasia,Raykova,Anastasia Raykova,477,F35-39,Female,São Domingos de Rana,Continental Portugal,Portugal,PT,0:47:31,2:55:27,2:02:19,0:03:06,0:03:05,5:51:28,2851,10527,7339,186,185,21088,350,52,11,424,72,13,446,63,13,350,52,11,Finisher,2366
Ting,Hu,Ting Hu,596,F40-44,Female,南通市,CN-JS,China,CN,0:47:07,2:45:52,2:13:50,0:01:46,0:02:53,5:51:28,2827,9952,8030,106,173,21088,351,53,8,413,69,10,328,45,8,351,53,8,Finisher,2314
Jose Malcoz,Vergara,Jose Malcoz Vergara,558,M40-44,Male,"Canlubang, Calamba",,Philippines,PH,0:44:08,2:44:12,2:13:42,0:03:33,0:05:53,5:51:28,2648,9852,8022,213,353,21088,352,299,81,303,256,60,298,261,71,352,299,81,Finisher,1597
Nu,Zhang,Nu Zhang,619,M40-44,Male,Shanghai,Shanghai,China,CN,0:51:06,2:45:26,2:08:13,0:03:28,0:03:26,5:51:38,3066,9926,7693,208,206,21098,353,300,82,540,449,107,379,328,86,353,300,82,Finisher,1594
Christopher,Corbett,Christopher Corbett,374,M35-39,Male,Newcastle,,United Kingdom,GB,0:42:46,2:53:35,2:06:05,0:03:55,0:05:19,5:51:40,2566,10415,7565,235,319,21100,354,301,69,261,220,41,382,330,74,354,301,69,Finisher,1564
Alua,Zhylkibayeva,Alua Zhylkibayeva,351,F35-39,Female,Astana,Illinois,Kazakhstan,KZ,0:49:44,2:54:42,1:59:49,0:03:15,0:04:11,5:51:41,2984,10482,7189,195,251,21101,355,54,12,498,82,15,460,64,14,355,54,12,Finisher,2363
Kadyrzhan,Zhetessov,Kadyrzhan Zhetessov,251,M30-34,Male,Aktobe,Aqtobe,Kazakhstan,KZ,0:44:22,2:41:45,2:18:25,0:03:40,0:03:31,5:51:42,2662,9705,8305,220,211,21102,356,302,35,314,267,32,282,247,32,356,302,35,Finisher,1658
Alexander,Romanov,Alexander Romanov,92,M40-44,Male,Milano,LOMBARDIA,Italy,IT,0:45:14,2:52:29,2:07:31,0:03:09,0:03:23,5:51:46,2714,10349,7651,189,203,21106,357,303,83,354,296,68,391,337,87,357,303,83,Finisher,1591
Dong,Yu,Dong Yu,512,M35-39,Male,shanghai,Shanfhai,China,CN,0:47:07,2:58:12,1:58:22,0:04:02,0:04:03,5:51:47,2827,10692,7102,242,243,21107,358,304,70,414,345,72,472,406,89,358,304,70,Finisher,1562
Jia,Li,Jia Li,433,M35-39,Male,,YN,China,CN,0:48:33,2:48:31,2:06:13,0:04:51,0:03:40,5:51:48,2913,10111,7573,291,220,21108,359,305,71,463,387,81,405,350,80,359,305,71,Finisher,1561
立峤,宋,立峤 宋,249,M30-34,Male,青岛,Shandong,China,CN,0:51:22,2:36:22,2:13:52,0:04:36,0:05:54,5:52:05,3082,9382,8032,276,354,21125,360,306,36,550,459,52,304,266,33,360,306,36,Finisher,1652
伟,张,伟 张,741,M45-49,Male,常熟市,江苏省,China,CN,0:52:43,2:50:48,1:56:35,0:05:30,0:06:57,5:52:34,3163,10248,6995,330,417,21154,361,307,43,582,485,72,469,403,62,361,307,43,Finisher,1642
Aleksei,Nikolaev,Aleksei Nikolaev,71,M35-39,Male,Moscow,MOSKVA,Unknown,,0:50:38,2:43:47,2:10:20,0:03:33,0:04:42,5:53:00,3038,9827,7820,213,282,21180,362,308,72,522,434,89,358,309,66,362,308,72,Finisher,1540
Ivan,Chimbel,Ivan Chimbel,691,M40-44,Male,Petropavlovsk,Pavlodar,Kazakhstan,KZ,0:51:35,2:32:54,2:22:03,0:04:07,0:02:51,5:53:31,3095,9174,8523,247,171,21211,363,309,84,554,463,111,270,238,63,363,309,84,Finisher,1560
Xiaoyang,Xie,Xiaoyang Xie,491,M35-39,Male,Shanghai,Shanghai,China,CN,0:47:32,2:33:08,2:25:36,0:03:19,0:04:01,5:53:36,2852,9188,8736,199,241,21216,364,310,73,426,354,76,225,198,46,364,310,73,Finisher,1529
Derek,Wong,Derek Wong,777,M45-49,Male,Tsim Sha Tsui,Hong Kong,Hong Kong,HK,0:46:07,2:42:39,2:19:05,0:02:33,0:03:20,5:53:45,2767,9759,8345,153,200,21225,365,311,44,389,325,41,292,255,34,365,311,44,Finisher,1620
Thorud,Andreas,Thorud Andreas,761,M45-49,Male,Shanghai,CN-SH,Norway,NO,0:49:36,2:54:59,1:58:18,0:06:17,0:04:45,5:53:54,2976,10499,7098,377,285,21234,366,312,45,493,413,62,488,419,67,366,312,45,Finisher,1618
Li,Lin,Li Lin,680,M40-44,Male,Singapore,01,China,CN,0:54:01,2:56:57,1:52:39,0:04:21,0:06:24,5:54:21,3241,10617,6759,261,384,21261,367,313,85,620,519,129,517,441,115,367,313,85,Finisher,1545
泽轩,鲁,泽轩 鲁,507,M35-39,Male,北京,,China,CN,0:41:38,2:53:44,2:09:01,0:05:30,0:04:44,5:54:37,2498,10424,7741,330,284,21277,368,314,74,226,191,33,392,338,78,368,314,74,Finisher,1511
FUJUN,WEN,FUJUN WEN,860,M50-54,Male,上海,上海,China,CN,0:50:07,2:52:23,2:02:19,0:04:49,0:05:11,5:54:49,3007,10343,7339,289,311,21289,369,315,17,508,424,40,454,391,26,369,315,17,Finisher,2137
刘,晓曦,刘 晓曦,471,M35-39,Male,北京市,北京市,China,CN,0:53:35,2:35:43,2:11:38,0:06:04,0:07:49,5:54:49,3215,9343,7898,364,469,21289,370,316,75,608,509,102,332,286,60,370,316,75,Finisher,1507
Paul,David,Paul David,154,M18-24,Male,Nantes,Pays de la Loire,France,FR,0:56:57,2:46:46,2:01:13,0:04:52,0:05:05,5:54:52,3417,10006,7273,292,305,21292,371,317,10,687,572,17,466,401,12,371,317,10,Finisher,1616
Pornteera,Sethsompope,Pornteera Sethsompope,26,F35-39,Female,Wangthonglang,KRUNG THEP MAHA NAKHON,Thailand,TH,0:41:10,2:43:47,2:23:11,0:03:40,0:03:15,5:55:03,2470,9827,8591,220,195,21303,372,55,13,214,32,3,271,33,6,372,55,13,Finisher,2302
Sing,Wiryawan,Sing Wiryawan,776,M45-49,Male,Kel. Maloku Kec. Ujung PandangMakassar 90112,Sulawesi Selatan,Indonesia,ID,0:55:36,2:37:59,2:08:58,0:07:10,0:05:28,5:55:10,3336,9479,7738,430,328,21310,373,318,46,660,551,80,389,336,46,373,318,46,Finisher,1595
Luciana Yumi,Utsunomiya Montanha,Luciana Yumi Utsunomiya Montanha,459,F35-39,Female,Dubai,Dubai,Brazil,BR,0:54:02,2:52:34,2:01:11,0:03:56,0:03:33,5:55:16,3242,10354,7271,236,213,21316,374,56,14,621,102,18,485,69,16,374,56,14,Finisher,2298
Vittorio,Trusso Sfrazzetto,Vittorio Trusso Sfrazzetto,911,M55-59,Male,Hong Kong,ITA,Italy,IT,0:32:03,2:59:42,2:14:44,0:04:45,0:04:13,5:55:27,1923,10782,8084,285,253,21327,375,319,9,43,36,1,341,294,11,375,319,9,Finisher,2240
Sheung Chit Ethan,Lee,Sheung Chit Ethan Lee,182,M25-29,Male,Hong Kong,Hong Kong,Hong Kong,HK,0:47:49,2:40:55,2:15:22,0:05:55,0:05:42,5:55:43,2869,9655,8122,355,342,21343,376,320,23,437,363,24,325,283,23,376,320,23,Finisher,1611
Bob,Ang,Bob Ang,789,M45-49,Male,Singapore,01,Singapore,SG,0:49:58,2:41:34,2:11:32,0:06:53,0:06:02,5:55:59,2998,9694,7892,413,362,21359,377,321,47,505,422,64,364,315,42,377,321,47,Finisher,1580
Larisa,Shastun,Larisa Shastun,288,F30-34,Female,Sevastopol ,Crimea,Unknown,,0:36:27,2:49:20,2:24:10,0:03:00,0:03:03,5:55:59,2187,10160,8650,180,183,21359,378,57,15,107,14,3,273,34,10,378,57,15,Finisher,1926
Vladimir,Musienko,Vladimir Musienko,990,M65-69,Male,Krasnoyarsk,,Unknown,,0:44:55,2:55:26,2:06:52,0:05:07,0:03:44,5:56:04,2695,10526,7612,307,224,21364,379,322,5,344,288,4,441,379,5,379,322,5,Finisher,2802
Haiyang,Hu,Haiyang Hu,181,M25-29,Male,,,China,CN,1:00:37,2:56:18,1:47:04,0:07:34,0:04:38,5:56:11,3637,10578,6424,454,278,21371,380,323,24,741,611,40,600,504,33,380,323,24,Finisher,1603
Yunnuan,Liu,Yunnuan Liu,770,F45-49,Female,JinLin,CN-JL,China,CN,0:59:00,2:51:17,1:58:33,0:04:07,0:03:26,5:56:22,3540,10277,7113,247,206,21382,381,58,5,719,125,11,508,75,7,381,58,5,Finisher,2288
Liselore,Kolff,Liselore Kolff,469,F35-39,Female,Shanghai,Xinjiang,Netherlands,NL,0:54:58,2:57:56,1:55:15,0:03:44,0:04:47,5:56:40,3298,10676,6915,224,287,21400,382,59,15,640,104,19,530,80,17,382,59,15,Finisher,2273
shichao,Zhang,shichao Zhang,714,M45-49,Male,Shanghai,Shanghai,China,CN,0:46:24,2:51:38,2:10:12,0:03:09,0:05:31,5:56:54,2784,10298,7812,189,331,21414,383,324,48,398,334,45,399,345,49,383,324,48,Finisher,1564
Tatiana,Starikova,Tatiana Starikova,922,F55-59,Female,Владивосток,Far Eastern Federal District,Unknown,,0:52:01,2:46:34,2:11:22,0:03:23,0:03:37,5:56:57,3121,9994,7882,203,217,21417,384,60,2,565,94,7,407,56,2,384,60,2,Finisher,3338
Zhenya,Mei,Zhenya Mei,904,M50-54,Male,Guangzhou,CN-GD,China,CN,1:01:02,2:52:58,1:50:30,0:05:42,0:06:45,5:56:58,3662,10378,6630,342,405,21418,385,325,18,747,615,58,554,468,39,385,325,18,Finisher,2099
Sze Wang,Chung,Sze Wang Chung,829,M50-54,Male,Hong kong,Hong Kong,Hong Kong,HK,0:39:47,3:00:09,2:08:09,0:04:40,0:04:20,5:57:06,2387,10809,7689,280,260,21426,386,326,19,174,148,14,433,372,24,386,326,19,Finisher,2096
Chantelle,Golding,Chantelle Golding,295,F30-34,,,,United Kingdom,GB,0:44:52,2:53:45,2:10:58,0:04:36,0:03:00,5:57:12,2692,10425,7858,276,180,21432,387,61,16,342,56,13,418,60,15,387,61,16,Finisher,1904
Haijiang,Dong,Haijiang Dong,545,M40-44,Male,上海,上海,China,CN,0:39:01,2:48:36,2:16:06,0:06:39,0:06:56,5:57:19,2341,10116,8166,399,416,21439,388,327,86,157,133,33,322,280,77,388,327,86,Finisher,1491
Hao,Wu,Hao Wu,780,M45-49,Male,上海市,上海市,China,CN,0:49:11,2:57:30,2:00:08,0:05:56,0:04:40,5:57:24,2951,10650,7208,356,280,21444,389,328,49,481,403,59,498,428,68,389,328,49,Finisher,1555
Dmitry,Sosedov,Dmitry Sosedov,417,M35-39,Male,Shanghai,Shanghai,Unknown,,0:45:41,2:57:56,1:59:06,0:07:53,0:06:59,5:57:35,2741,10676,7146,473,419,21455,390,329,76,369,308,64,492,423,94,390,329,76,Finisher,1457
Zekai,Zhu,Zekai Zhu,176,M25-29,Male,Hangzhou,Zhejiang,China,CN,0:43:07,2:49:34,2:15:40,0:05:07,0:04:12,5:57:40,2587,10174,8140,307,252,21460,391,330,25,273,229,19,354,305,25,391,330,25,Finisher,1576
CHeng,Min,CHeng Min,757,M45-49,Male,宁波,浙江,China,CN,0:39:27,2:58:35,2:10:07,0:04:44,0:05:06,5:57:59,2367,10715,7807,284,306,21479,392,331,50,167,142,21,413,356,54,392,331,50,Finisher,1544
Runda,Ye,Runda Ye,335,M30-34,Male,上海,Shanghai,China,CN,0:55:24,2:54:37,1:55:59,0:07:34,0:04:39,5:58:13,3324,10477,6959,454,279,21493,393,332,37,657,548,62,536,455,45,393,332,37,Finisher,1541
Michael,Welsh,Michael Welsh,962,M60-64,Male,Kennedy Town,Hong Kong,France,FR,0:34:56,2:35:24,2:37:30,0:05:39,0:04:52,5:58:21,2096,9324,9450,339,292,21501,394,333,9,71,62,1,173,153,2,394,333,9,Finisher,2379
Azamat,Sariyev,Azamat Sariyev,373,M35-39,Male,Almaty,Almaty,Kazakhstan,KZ,0:41:30,2:53:36,2:14:14,0:05:11,0:04:09,5:58:39,2490,10416,8054,311,249,21519,395,334,77,222,187,32,383,331,75,395,334,77,Finisher,1438
Dini,Tri Lestari,Dini Tri Lestari,686,F40-44,Female,Makassar,SULAWESI SELATAN,Indonesia,ID,0:52:37,2:49:54,2:05:17,0:05:16,0:05:37,5:58:41,3157,10194,7517,316,337,21521,396,62,9,576,96,15,461,65,11,396,62,9,Finisher,2184
Yifei,Dai,Yifei Dai,812,M45-49,Male,上海,CN-SH,China,CN,0:53:38,2:43:40,2:08:25,0:07:11,0:06:06,5:58:59,3218,9820,7705,431,366,21539,397,335,51,610,511,76,432,371,58,397,335,51,Finisher,1526
Seong  Jin,Park,Seong  Jin Park,943,M55-59,Male,의정부시,KR-41,South Korea,KR,0:51:47,2:52:39,2:03:42,0:06:34,0:04:19,5:59:00,3107,10359,7422,394,259,21540,398,336,10,559,467,27,490,421,16,398,336,10,Finisher,2177
Anna,Alekseeva,Anna Alekseeva,179,F25-29,Female,Москва,Central Federal District,Unknown,,0:44:24,3:01:01,2:07:19,0:03:28,0:02:49,5:59:01,2664,10861,7639,208,169,21541,399,63,7,315,48,8,468,66,7,399,63,7,Finisher,2432
JI,CHEN,JI CHEN,660,M40-44,Male,Shanghai,CN-SH,China,CN,0:55:31,2:43:26,2:03:59,0:10:25,0:05:58,5:59:19,3331,9806,7439,625,358,21559,400,337,87,659,550,134,473,407,109,400,337,87,Finisher,1455
博,张,博 张,470,M35-39,Male,beijing,beijing,China,CN,0:44:10,2:53:08,2:09:27,0:07:06,0:05:31,5:59:21,2650,10388,7767,426,331,21561,401,338,78,304,257,54,431,370,82,401,338,78,Finisher,1425
Scott,Layton,Scott Layton,772,M45-49,Male,Singapore,CENTRAL SINGAPORE,United States,US,0:56:01,2:37:03,2:17:14,0:04:58,0:04:28,5:59:43,3361,9423,8234,298,268,21583,402,339,52,668,556,83,360,311,41,402,339,52,Finisher,1513
Yining,Zhu,Yining Zhu,184,M25-29,Male,Shanghai,Shanghai,China,CN,0:51:35,2:48:12,2:09:11,0:06:02,0:04:53,5:59:53,3095,10092,7751,362,293,21593,403,340,26,553,462,29,443,381,29,403,340,26,Finisher,1536
Minghai,Du,Minghai Du,378,M35-39,Male,重庆市,开州区,China,CN,0:44:14,2:48:04,2:16:00,0:05:21,0:06:16,5:59:55,2654,10084,8160,321,376,21595,404,341,79,309,262,56,353,304,64,404,341,79,Finisher,1415
Laurent,SIRIEIX,Laurent SIRIEIX,930,M55-59,Male,Shenzhen,CN-GD,France,FR,0:40:44,2:39:05,2:32:12,0:03:42,0:04:36,6:00:18,2444,9545,9132,222,276,21618,405,342,11,199,171,9,220,193,6,405,342,11,Finisher,2153
Douglas,Ling,Douglas Ling,259,M30-34,Male,HK,Hong Kong,Hong Kong,HK,1:00:54,2:50:08,2:00:55,0:04:58,0:03:35,6:00:30,3654,10208,7255,298,215,21630,406,343,38,745,613,70,523,447,43,406,343,38,Finisher,1500
Maria Luisa,Azzi,Maria Luisa Azzi,261,F30-34,Female,Lucca,,Italy,IT,0:40:54,3:08:51,1:59:21,0:06:30,0:05:01,6:00:36,2454,11331,7161,390,301,21636,407,64,17,204,30,9,524,77,17,407,64,17,Finisher,1843
Natalia,Beloborodova,Natalia Beloborodova,815,F45-49,Female,Perm,PERMSKIY KRAY,Uzbekistan,UZ,0:50:55,3:00:59,1:59:54,0:04:25,0:04:33,6:00:46,3055,10859,7194,265,273,21646,408,65,6,534,91,9,525,78,8,408,65,6,Finisher,2209
Chung Kai,Wang,Chung Kai Wang,685,M40-44,Male,无锡市,CN-JS,Taiwan,TW,0:46:52,2:56:49,2:03:56,0:05:59,0:07:27,6:01:03,2812,10609,7436,359,447,21663,409,344,88,408,340,80,477,410,110,409,344,88,Finisher,1424
晓东,陈,晓东 陈,628,M40-44,Male,上海,CN-SH,China,CN,0:52:40,2:42:21,2:12:21,0:06:00,0:08:04,6:01:25,3160,9741,7941,360,484,21685,410,345,89,577,481,119,395,341,90,410,345,89,Finisher,1418
Yiqing,Zhou,Yiqing Zhou,167,F18-24,Female,Shanghai,Shanghai,China,CN,0:54:07,2:54:50,2:04:17,0:03:01,0:05:17,6:01:32,3247,10490,7457,181,317,21692,411,66,2,624,103,5,495,70,3,411,66,2,Finisher,3208
Yupeng,Tong,Yupeng Tong,852,M50-54,Male,上海市,CN-SH,China,CN,0:48:19,2:46:00,2:05:05,0:12:24,0:09:50,6:01:38,2899,9960,7505,744,590,21698,412,346,20,459,383,38,450,387,25,412,346,20,Finisher,2015
Michael,Krasilnikov,Michael Krasilnikov,74,M35-39,Male,Moscow,Central Federal District,Unknown,,0:56:59,3:05:37,1:48:53,0:04:18,0:06:09,6:01:56,3419,11137,6533,258,369,21716,413,347,80,688,573,117,630,528,113,413,347,80,Finisher,1379
Guanyi,Liu,Guanyi Liu,299,M30-34,Male,Chingqing,CHONGQING,China,CN,0:51:55,2:52:57,2:06:56,0:06:00,0:04:10,6:01:59,3115,10377,7616,360,250,21719,414,348,39,563,470,53,489,420,40,414,348,39,Finisher,1473
Anna,Zaginaylova,Anna Zaginaylova,75,F35-39,Female,Moscow,,Unknown,,0:45:29,2:52:32,2:14:10,0:05:07,0:04:49,6:02:08,2729,10352,8050,307,289,21728,415,67,16,362,60,12,416,59,12,415,67,16,Finisher,2174
Christopher,Lee,Christopher Lee,890,M50-54,Male,Hong Kong,Hong Kong,Canada,CA,0:35:17,3:13:09,2:01:23,0:06:55,0:05:30,6:02:13,2117,11589,7283,415,330,21733,416,349,21,78,68,4,518,442,33,416,349,21,Finisher,2004
Akzhan,Talgar,Akzhan Talgar,444,M35-39,Male,Almaty,Алматы,Kazakhstan,KZ,0:47:48,2:52:02,2:10:27,0:07:11,0:05:03,6:02:31,2868,10322,7827,431,303,21751,417,350,81,436,362,77,452,389,84,417,350,81,Finisher,1368
Saranya,Romsaithong,Saranya Romsaithong,103,F45-49,Female,Mueang Kalasin ,KALASIN,Thailand,TH,0:44:29,2:50:32,2:20:55,0:03:26,0:03:15,6:02:36,2669,10232,8455,206,195,21756,418,68,7,319,50,3,365,50,4,418,68,7,Finisher,2176
Jason,Briscoe,Jason Briscoe,907,M50-54,Male,Shanghai,Shanghai,United States,US,0:40:37,2:57:35,2:14:34,0:05:20,0:04:39,6:02:44,2437,10655,8074,320,279,21764,419,351,22,193,166,18,422,362,23,419,351,22,Finisher,1995
Alexei,Sharov,Alexei Sharov,556,F40-44,Female,Москва,Central Federal District,Unknown,,0:52:37,2:52:20,2:04:10,0:08:32,0:05:08,6:02:47,3157,10340,7450,512,308,21767,420,69,10,575,95,14,504,73,12,420,69,10,Finisher,2110
Arif,Prijadi,Arif Prijadi,917,M55-59,Male,"Cipinang Cempedak, Jatinegara13",Jakarta,Indonesia,ID,0:42:41,2:51:40,2:18:10,0:03:32,0:06:54,6:02:57,2561,10300,8290,212,414,21777,421,352,12,258,217,14,356,307,13,421,352,12,Finisher,2105
Jemma,Adzievski,Jemma Adzievski,160,F18-24,Female,,NSW,Australia,AU,0:43:54,2:53:20,2:18:11,0:03:37,0:04:01,6:03:03,2634,10400,8291,217,241,21783,422,70,3,297,46,1,390,54,1,422,70,3,Finisher,3181
Jan-Michael,Hagemann,Jan-Michael Hagemann,661,M40-44,Male,Hefei,Shushan District,Germany,DE,0:50:12,2:37:58,2:26:54,0:04:21,0:03:51,6:03:16,3012,9478,8814,261,231,21796,423,353,90,511,425,99,308,269,73,423,353,90,Finisher,1384
William Sivali,Liongso,William Sivali Liongso,171,M25-29,Male,S'hang'hai,Taichung,Indonesia,ID,0:52:24,3:05:19,1:55:37,0:07:12,0:03:08,6:03:40,3144,11119,6937,432,188,21820,424,354,27,571,477,31,605,509,34,424,354,27,Finisher,1468
肖,正福,肖 正福,612,M40-44,Male,Suzhou,Anhui,China,CN,0:54:15,2:49:53,2:09:53,0:04:11,0:05:30,6:03:42,3255,10193,7793,251,330,21822,425,355,91,627,524,130,464,399,106,425,355,91,Finisher,1376
Jianpei,Ye,Jianpei Ye,611,M40-44,Male,柳州,Kanagawa,China,CN,0:53:41,2:55:23,2:03:57,0:04:19,0:06:26,6:03:46,3221,10523,7437,259,386,21826,426,356,92,612,513,128,503,431,113,426,356,92,Finisher,1375
Tym,Armstrong,Tym Armstrong,675,M40-44,Male,Singapore,,Canada,CA,0:42:20,2:58:00,2:12:30,0:05:47,0:05:23,6:03:59,2540,10680,7950,347,323,21839,427,357,93,247,208,51,447,384,101,427,357,93,Finisher,1371
William,Zhao,William Zhao,215,M25-29,Male,Singapore,,Singapore,SG,0:49:41,2:50:01,2:15:39,0:04:22,0:04:22,6:04:05,2981,10201,8139,262,262,21845,428,358,28,496,416,26,427,367,27,428,358,28,Finisher,1461
Liang,Cheng,Liang Cheng,775,M45-49,Male,连云港市,CN-JS,China,CN,0:45:17,2:52:44,2:10:32,0:05:54,0:09:40,6:04:07,2717,10364,7832,354,580,21847,429,359,53,357,298,38,425,365,55,429,359,53,Finisher,1434
Ken,Stuyt,Ken Stuyt,267,M30-34,Male,Hong Kong,Hong Kong,Australia,AU,0:43:04,2:52:02,2:21:24,0:04:07,0:03:34,6:04:12,2584,10322,8484,247,214,21852,430,360,40,271,227,25,368,318,37,430,360,40,Finisher,1433
Kelly Marie,Beecher,Kelly Marie Beecher,667,F40-44,Female,Atlanta,GA,United States,US,0:38:36,2:45:18,2:33:10,0:03:21,0:03:55,6:04:20,2316,9918,9190,201,235,21860,431,71,11,149,24,5,253,30,5,431,71,11,Finisher,2082
Song,Gao,Song Gao,625,M40-44,Male,Dalian,Liaoning,China,CN,0:47:38,2:51:24,2:15:02,0:04:12,0:06:19,6:04:35,2858,10284,8102,252,379,21875,432,361,94,431,359,82,419,359,93,432,361,94,Finisher,1361
Hao,Chen,Hao Chen,506,M35-39,Male,San Jose,CA,China,CN,0:54:59,2:38:38,2:20:41,0:05:42,0:05:02,6:05:02,3299,9518,8441,342,302,21902,433,362,82,642,538,107,369,319,69,433,362,82,Finisher,1323
Larry,Zhang,Larry Zhang,624,M40-44,Male,Shanghai,Shanghai,China,CN,0:46:19,2:52:54,2:17:03,0:04:39,0:04:21,6:05:16,2779,10374,8223,279,261,21916,434,363,95,396,332,79,424,364,95,434,363,95,Finisher,1348
Dizheng,Du,Dizheng Du,869,M50-54,Male,Shanghai ,Shanghai ,China,CN,0:44:33,2:59:35,2:09:07,0:06:44,0:05:43,6:05:41,2673,10775,7747,404,343,21941,435,364,23,324,274,23,487,418,29,435,364,23,Finisher,1942
Yusuke,Nishida,Yusuke Nishida,496,M35-39,Male,Miyoshi,JP-23,Japan,JP,0:45:28,2:45:40,2:23:40,0:04:40,0:06:18,6:05:46,2728,9940,8620,280,378,21946,436,365,83,361,302,62,335,289,61,436,365,83,Finisher,1310
Simon,Li,Simon Li,443,M35-39,Male,Toronto,Ontario,Canada,CA,0:48:10,2:53:53,2:13:49,0:05:09,0:04:46,6:05:48,2890,10433,8029,309,286,21948,437,366,84,454,379,79,453,390,85,437,366,84,Finisher,1309
Feng,Gu,Feng Gu,802,M45-49,Male,青浦区,Shanghai,China,CN,0:42:28,2:51:33,2:08:28,0:10:05,0:13:23,6:05:57,2548,10293,7708,605,803,21957,438,367,54,253,213,28,428,368,56,438,367,54,Finisher,1401
Maxim,Dragunov,Maxim Dragunov,485,M35-39,Male,Parede,,Unknown,,0:52:19,2:42:34,2:22:39,0:03:06,0:05:41,6:06:20,3139,9754,8559,186,341,21980,439,368,85,569,475,97,359,310,67,439,368,85,Finisher,1300
Richard,Teo,Richard Teo,602,M40-44,Male,Shanghai,CN-SH,Singapore,SG,0:50:23,2:45:22,2:17:56,0:05:13,0:07:26,6:06:20,3023,9922,8276,313,446,21980,440,369,96,517,430,102,394,340,89,440,369,96,Finisher,1329
Henry,Ong,Henry Ong,794,M45-49,Male,Singapore,Singapore,Singapore,SG,0:48:17,2:48:26,2:19:11,0:06:02,0:04:26,6:06:23,2897,10106,8351,362,266,21983,441,370,55,458,382,53,412,355,53,441,370,55,Finisher,1393
LAMARQUE,Alexandre,LAMARQUE Alexandre,867,M50-54,Male,"Baoshan, Shanghai",shanghai ,France,FR,0:40:11,2:51:42,2:24:46,0:04:08,0:05:40,6:06:28,2411,10302,8686,248,340,21988,442,371,24,184,158,16,338,292,17,442,371,24,Finisher,1928
Xun,Xing,Xun Xing,877,M50-54,Male,Shanghai,CN-SH,China,CN,0:53:02,2:54:19,2:07:39,0:06:53,0:04:54,6:06:46,3182,10459,7659,413,294,22006,443,372,25,596,497,44,506,433,31,443,372,25,Finisher,1922
Aleksandr ,Demchenko,Aleksandr Demchenko,711,M45-49,Male,Kursk,Georgia,Unknown,,0:53:03,2:51:48,2:13:25,0:04:20,0:04:24,6:07:01,3183,10308,8005,260,264,22021,444,373,56,597,498,73,470,404,63,444,373,56,Finisher,1382
Ka Kin,Chan,Ka Kin Chan,740,M45-49,Male,Hong Kong ,Hong Kong,Hong Kong,HK,0:46:36,3:01:49,2:05:37,0:07:21,0:06:17,6:07:40,2796,10909,7537,441,377,22060,445,374,57,402,336,46,521,445,71,445,374,57,Finisher,1370
Marco,Mascareno,Marco Mascareno,145,M18-24,Male,Chula Vista,California,United States,US,0:44:19,2:57:27,2:20:15,0:02:52,0:03:00,6:07:53,2659,10647,8415,172,180,22073,446,375,11,311,264,8,434,373,11,446,375,11,Finisher,1382
Genadiy,Petrov,Genadiy Petrov,995,M70-74,Male,Новосибирск,,Unknown,,0:41:15,2:37:58,2:40:48,0:03:53,0:04:00,6:07:55,2475,9478,9648,233,240,22075,447,376,2,216,184,2,214,187,1,447,376,2,Finisher,2927
Thomas,Baccino,Thomas Baccino,748,M45-49,Male,Hong Kong ,Hong Kong,France,FR,0:41:42,2:43:57,2:29:51,0:04:08,0:08:20,6:07:58,2502,9837,8991,248,500,22078,448,377,58,230,195,25,281,246,32,448,377,58,Finisher,1364
Maxim,Korochkin,Maxim Korochkin,552,M40-44,Male,Moscow,,Unknown,,0:45:53,2:40:10,2:33:49,0:04:30,0:03:54,6:08:15,2753,9610,9229,270,234,22095,449,378,97,378,316,75,287,251,66,449,378,97,Finisher,1295
James,Chua,James Chua,654,M40-44,Male,Singapore,Singapore,Singapore,SG,0:54:42,2:45:30,2:17:26,0:05:38,0:05:02,6:08:18,3282,9930,8246,338,302,22098,450,379,98,635,532,132,444,382,100,450,379,98,Finisher,1294
Zhiqian,Dong,Zhiqian Dong,365,M35-39,Male,上海市松江区,Shanghai,China,CN,0:48:41,2:48:19,2:20:50,0:04:28,0:06:07,6:08:25,2921,10099,8450,268,367,22105,451,380,86,466,390,82,401,347,79,451,380,86,Finisher,1262
Rujie,Lai,Rujie Lai,582,F40-44,Female,Shanghai,Shanghai,China,CN,1:03:42,2:52:56,1:58:20,0:06:43,0:07:02,6:08:43,3822,10376,7100,403,422,22123,452,72,12,763,141,28,589,93,16,452,72,12,Finisher,2003
Pavel,Ljukhanov,Pavel Ljukhanov,434,M35-39,Male,Tyumen ,Tyumen oblast,Unknown,,0:56:46,2:41:33,2:21:23,0:04:31,0:04:31,6:08:43,3406,9693,8483,271,271,22123,453,381,87,684,569,116,415,357,81,453,381,87,Finisher,1257
Zhuangye,WANG,Zhuangye WANG,653,M40-44,Male,上海市,CN-SH,China,CN,0:43:50,2:41:55,2:26:49,0:07:48,0:08:23,6:08:46,2630,9715,8809,468,503,22126,454,382,99,294,249,58,315,275,75,454,382,99,Finisher,1285
永军,迟,永军 迟,878,M50-54,Male,上海,上海,China,CN,0:49:14,2:51:06,2:21:10,0:02:52,0:04:50,6:09:12,2954,10266,8470,172,290,22152,455,383,26,484,405,39,417,358,21,455,383,26,Finisher,1878
HAIMENG,DAI,HAIMENG DAI,391,M35-39,Male,Chongqing,Chongqing,China,CN,0:45:44,2:59:24,2:06:50,0:07:32,0:09:43,6:09:13,2744,10764,7610,452,583,22153,456,384,88,372,310,65,499,429,96,456,384,88,Finisher,1248
Hongfeng,Ji,Hongfeng Ji,510,M35-39,Male,,,China,CN,0:42:58,2:47:51,2:26:19,0:06:15,0:05:55,6:09:18,2578,10071,8779,375,355,22158,457,385,89,264,222,42,346,298,63,457,385,89,Finisher,1246
Yihan,Wang,Yihan Wang,665,F40-44,,,,China,CN,0:58:56,2:54:52,2:07:25,0:04:13,0:04:05,6:09:31,3536,10492,7645,253,245,22171,458,73,13,718,124,24,538,83,15,458,73,13,Finisher,1989
Richard,Molnar,Richard Molnar,608,M40-44,Male,Shanghai,SHANGHAI,Germany,DE,0:52:33,2:31:57,2:34:57,0:05:09,0:04:57,6:09:33,3153,9117,9297,309,297,22173,459,386,100,573,479,117,280,245,65,459,386,100,Finisher,1271
Young Hoon,Kim,Young Hoon Kim,118,M60-64,Male,경기도 의정부시,KR-41,South Korea,KR,0:43:02,2:46:37,2:30:13,0:04:51,0:04:53,6:09:36,2582,9997,9013,291,293,22176,460,387,10,269,225,6,323,281,9,460,387,10,Finisher,2177
Rebecca,Hatten,Rebecca Hatten,616,F40-44,Female,Singapore,,Singapore,SG,0:40:57,2:49:05,2:31:07,0:04:08,0:04:25,6:09:41,2457,10145,9067,248,265,22181,461,74,14,206,31,6,320,42,6,461,74,14,Finisher,1986
JI,QI,JI QI,626,M40-44,Male,Hangzhou,Zhejiang,China,CN,0:45:48,2:57:10,2:15:50,0:05:42,0:05:18,6:09:47,2748,10630,8150,342,318,22187,462,388,101,375,313,73,467,402,108,462,388,101,Finisher,1267
LIANG,SHANG,LIANG SHANG,613,M40-44,Male,上海,CN-SH,China,CN,1:02:33,3:08:18,1:47:30,0:07:33,0:04:19,6:10:13,3753,11298,6450,453,259,22213,463,389,102,755,619,142,684,569,134,463,389,102,Finisher,1259
Huuphoc,Nguy,Huuphoc Nguy,114,M50-54,Male,Shanghai,CN-SH,France,FR,0:44:13,3:07:10,2:09:54,0:04:59,0:04:22,6:10:38,2653,11230,7794,299,262,22238,464,390,27,307,260,22,526,448,34,464,390,27,Finisher,1853
Huuphoc,Nguy,Huuphoc Nguy,60,F18-24,Male,Shanghai,CN-SH,France,FR,0:44:28,3:07:14,2:09:36,0:04:46,0:04:35,6:10:39,2668,11234,7776,286,275,22239,465,75,4,317,49,2,527,79,4,465,75,4,Finisher,3044
Fahrizal,Arrahman Husein,Fahrizal Arrahman Husein,302,M30-34,Male,"Kassi-Kassi, Rappocini
Makassar","
Sulawesi Selatan",India,IN,0:57:26,3:03:08,2:01:15,0:04:37,0:04:30,6:10:56,3446,10988,7275,277,270,22256,466,391,41,694,576,66,608,512,57,466,391,41,Finisher,1312
Archer,Kee,Archer Kee,293,M30-34,Male,Singapore,Singapore,Singapore,SG,0:59:19,2:55:56,2:03:59,0:07:18,0:04:30,6:11:01,3559,10556,7439,438,270,22261,467,392,42,725,600,68,582,491,55,467,392,42,Finisher,1311
Nurlybek,Jenisbekuly ,Nurlybek Jenisbekuly,435,M35-39,Male,Atyrau,Atyrau region ,Kazakhstan,KZ,0:55:08,2:57:44,2:13:11,0:01:58,0:03:29,6:11:30,3308,10664,7991,118,209,22290,468,393,90,649,542,110,511,436,97,468,393,90,Finisher,1207
Timothy,Sing Key,Timothy Sing Key,826,M45-49,Male,Dulles,VA,United States,US,0:42:03,2:56:12,2:24:14,0:03:18,0:05:55,6:11:42,2523,10572,8654,198,355,22302,469,394,59,237,201,27,402,348,50,469,394,59,Finisher,1297
Jing,Zhao,Jing Zhao,431,F35-39,Female,Shanghai,CN-SH,China,CN,0:58:43,2:47:15,2:16:35,0:03:52,0:05:20,6:11:47,3523,10035,8195,232,320,22307,470,76,17,714,122,23,481,68,15,470,76,17,Finisher,2001
Alexandra,Voskresenskaya,Alexandra Voskresenskaya,637,F40-44,Female,Rostov-on-Don,Rostov,Unknown,,0:42:37,3:08:44,2:13:01,0:03:50,0:03:39,6:11:51,2557,11324,7981,230,219,22311,471,77,15,255,41,7,516,76,13,471,77,15,Finisher,1947
ROD,ELRIFAI,ROD ELRIFAI,700,M45-49,Male,Flower Mound,Texas,United States,US,0:49:13,2:56:21,2:18:17,0:04:38,0:03:30,6:11:58,2953,10581,8297,278,210,22318,472,395,60,483,404,60,483,415,66,472,395,60,Finisher,1292
Ngan Ha,Pham Thi,Ngan Ha Pham Thi,786,F45-49,Female,Ha Noi,Hanoi,Vietnam,VN,0:55:50,2:59:02,2:07:43,0:04:21,0:05:21,6:12:17,3350,10742,7663,261,321,22337,473,78,8,664,110,10,548,85,9,473,78,8,Finisher,2002
My,Phan Trà,My Phan Trà,106,F45-49,Female,Yên Hòa,Hà Nội,Vietnam,VN,0:45:36,2:52:09,2:25:59,0:05:01,0:03:41,6:12:27,2736,10329,8759,301,221,22347,474,79,9,366,61,5,414,58,6,474,79,9,Finisher,1999
jie,xie,jie xie,679,M40-44,Male,shanghai,China/shanghai/qingpu,China,CN,0:52:01,2:41:40,2:25:14,0:08:31,0:05:09,6:12:36,3121,9700,8714,511,309,22356,475,396,103,564,471,114,409,352,92,475,396,103,Finisher,1216
陈,自群,陈 自群,174,M25-29,Male,钦州市,广西壮族自治区,China,CN,0:42:21,2:44:54,2:37:51,0:04:58,0:02:45,6:12:49,2541,9894,9471,298,165,22369,476,397,29,248,209,18,301,263,21,476,397,29,Finisher,1304
Jason,Ekberg,Jason Ekberg,881,M50-54,Male,Shanghai,Jiangxi,United States,US,0:36:48,3:15:03,2:08:38,0:05:27,0:07:10,6:13:07,2208,11703,7718,327,430,22387,477,398,28,116,98,7,534,454,37,477,398,28,Finisher,1808
Andrew,Thackray,Andrew Thackray,854,M50-54,Male,Prestatyn,Wales,United Kingdom,GB,0:39:08,2:57:33,2:27:18,0:03:48,0:05:30,6:13:17,2348,10653,8838,228,330,22397,478,399,29,158,134,12,386,334,20,478,399,29,Finisher,1805
Francois,Brits,Francois Brits,228,M30-34,Male,Shanghai,Shanghai,South Africa,ZA,0:44:24,3:15:10,2:02:36,0:07:09,0:03:59,6:13:18,2664,11710,7356,429,239,22398,479,400,43,316,268,33,626,526,58,479,400,43,Finisher,1270
Yu,Zhang,Yu Zhang,695,M40-44,Male,Beijing,Beijing,China,CN,0:45:42,2:43:00,2:34:24,0:05:06,0:05:06,6:13:19,2742,9780,9264,306,306,22399,480,401,104,370,309,72,317,277,76,480,401,104,Finisher,1203
斯文,徐,斯文 徐,501,F35-39,Female,烟台市,CN-SD,China,CN,0:54:59,3:06:00,1:52:45,0:08:36,0:11:13,6:13:33,3299,11160,6765,516,673,22413,481,80,18,643,105,20,649,105,19,481,80,18,Finisher,1969
Konstantin,Stelmakh,Konstantin Stelmakh,708,M45-49,Male,VLADIVOSTOK,"
PRIMORSKIY",Unknown,,0:48:29,2:48:42,2:20:17,0:06:59,0:09:21,6:13:48,2909,10122,8417,419,561,22428,482,402,61,462,386,55,429,369,57,482,402,61,Finisher,1259
Jun,Cui,Jun Cui,705,M45-49,Male,北京市,Beijing,China,CN,0:57:30,2:53:14,2:08:13,0:08:05,0:07:04,6:14:06,3450,10394,7693,485,424,22446,483,403,62,697,579,86,545,461,72,483,403,62,Finisher,1254
Fengming,Huang,Fengming Huang,709,M45-49,Male,Shanghai,Shanghai,China,CN,0:47:37,2:50:18,2:26:06,0:03:46,0:06:26,6:14:13,2857,10218,8766,226,386,22453,484,404,63,430,358,51,403,349,51,484,404,63,Finisher,1252
Ake,Krisnavarin,Ake Krisnavarin,934,M55-59,Male,Ladprao,Bangkok,Thailand,TH,0:48:46,3:13:56,1:56:40,0:08:15,0:06:49,6:14:26,2926,11636,7000,495,409,22466,485,405,13,472,395,20,656,547,25,485,405,13,Finisher,1899
Yiwei,Jiang,Yiwei Jiang,1004,F25-29,Female,jinan,shandong,China,CN,0:43:39,3:05:36,2:17:06,0:03:28,0:04:38,6:14:28,2619,11136,8226,208,278,22468,486,81,8,289,45,7,500,71,8,486,81,8,Finisher,2154
Quanlin,Dong,Quanlin Dong,604,M40-44,Male,Shanghai,Shanghai,China,CN,0:50:55,2:41:38,2:29:52,0:05:17,0:06:54,6:14:37,3055,9698,8992,317,414,22477,487,406,105,535,444,106,355,306,83,487,406,105,Finisher,1180
Samuel,Lee,Samuel Lee,816,M45-49,Male,London,ENG,Hong Kong,HK,0:46:37,3:01:13,2:16:11,0:06:01,0:04:49,6:14:51,2797,10873,8171,361,289,22491,488,407,64,403,337,47,505,432,69,488,407,64,Finisher,1241
Gregor ,Wateler,Gregor Wateler,970,M60-64,Male,Shanghai,SHANGHAI SHI,Germany,DE,0:42:18,2:57:33,2:23:18,0:05:48,0:05:54,6:14:51,2538,10653,8598,348,354,22491,489,408,11,244,205,5,442,380,11,489,408,11,Finisher,2082
Fan,Yingtao,Fan Yingtao,935,M55-59,Male,Beijing,BEIJING,China,CN,0:57:50,2:54:49,2:09:44,0:07:05,0:05:28,6:14:55,3470,10489,7784,425,328,22495,490,409,14,704,585,34,555,469,19,490,409,14,Finisher,1890
Jake,Bown,Jake Bown,304,M30-34,Male,Shanghai,Shanghai,United Kingdom,GB,0:45:12,2:45:30,2:32:44,0:05:13,0:06:20,6:15:00,2712,9930,9164,313,380,22500,491,410,44,351,294,38,336,290,35,491,410,44,Finisher,1239
Jie,Liu,Jie Liu,817,M45-49,Male,上海,New Taipei City,China,CN,0:37:13,3:04:36,2:11:09,0:07:29,0:15:05,6:15:32,2233,11076,7869,449,905,22532,492,411,65,121,103,15,471,405,64,492,411,65,Finisher,1228
Rob,Hewett,Rob Hewett,950,M55-59,Male,Maidstone ,Kent,United Kingdom,GB,0:36:15,2:56:08,2:32:17,0:05:09,0:06:02,6:15:51,2175,10568,9137,309,362,22551,493,412,15,101,88,3,352,303,12,493,412,15,Finisher,1873
姜,贺隆,姜 贺隆,204,M25-29,Male,,,China,CN,0:53:35,2:42:59,2:31:16,0:02:31,0:05:46,6:16:07,3215,9779,9076,151,346,22567,494,413,30,609,510,33,367,317,26,494,413,30,Finisher,1244
Dingwei,Zhu,Dingwei Zhu,921,M50-54,Male,Hangzhou,Zhejiang,China,CN,0:57:01,2:58:27,2:10:58,0:06:35,0:04:38,6:17:39,3421,10707,7858,395,278,22659,495,414,30,689,574,52,578,488,44,495,414,30,Finisher,1726
Zhao,Wang,Zhao Wang,399,M35-39,Male,南京,Jiangsu,China,CN,0:48:11,2:55:15,2:24:16,0:04:00,0:06:01,6:17:42,2891,10515,8656,240,361,22662,496,415,91,455,380,80,456,393,87,496,415,91,Finisher,1095
Jiantian ,Liang,Jiantian Liang,498,M35-39,Male,fosan,Guangdong,China,CN,0:54:52,2:52:23,2:21:15,0:03:21,0:06:03,6:17:54,3292,10343,8475,201,363,22674,497,416,92,637,534,105,486,417,93,497,416,92,Finisher,1091
BO,FENG,BO FENG,622,M40-44,Male,tianjin,tianjin,China,CN,0:50:32,2:46:00,2:26:21,0:06:58,0:08:12,6:18:03,3032,9960,8781,418,492,22683,498,417,106,521,433,104,421,361,94,498,417,106,Finisher,1118
Radina,Arnaudova,Radina Arnaudova,483,F35-39,Female,Varna,"Not Applicable
",Bulgaria,BG,0:50:19,3:05:57,2:10:37,0:05:35,0:05:48,6:18:15,3019,11157,7837,335,348,22695,499,82,19,514,87,17,577,90,18,499,82,19,Finisher,1884
Arian,Zakharov,Arian Zakharov,871,M50-54,Male,Yakutsk,"SAHA, RESPUBLIKA",Unknown,,0:48:05,2:56:07,2:24:25,0:05:30,0:04:48,6:18:55,2885,10567,8665,330,288,22735,500,418,31,448,373,37,478,411,28,500,418,31,Finisher,1703
焦·,虹,焦· 虹,864,F50-54,Female,长治市,CN-SX,China,CN,0:51:42,3:08:11,2:08:32,0:05:21,0:05:24,6:19:10,3102,11291,7712,321,324,22750,501,83,3,556,92,5,609,97,4,501,83,3,Finisher,2215
Fei,Zhao,Fei Zhao,842,M50-54,Male,南通启东,江苏省南通市,China,CN,0:56:31,2:50:17,2:22:01,0:04:19,0:06:16,6:19:24,3391,10217,8521,259,376,22764,502,419,32,680,565,50,491,422,30,502,419,32,Finisher,1695
Justin,Keh,Justin Keh,747,M45-49,Male,Singapore,Singapore,Singapore,SG,0:46:18,2:58:03,2:24:34,0:05:04,0:05:54,6:19:52,2778,10683,8674,304,354,22792,503,420,66,394,330,43,475,408,65,503,420,66,Finisher,1150
Shunhong,Liu,Shunhong Liu,500,M35-39,Male,Singapore,Singapore,Singapore,SG,0:48:42,3:03:45,2:15:06,0:06:23,0:06:03,6:20:00,2922,11025,8106,383,363,22800,504,421,93,470,393,83,546,462,101,504,421,93,Finisher,1054
LEE,Wai Kit,LEE Wai Kit,446,M35-39,Male,Hong Kong,Hong Kong,Hong Kong,HK,0:44:31,3:13:12,2:07:26,0:07:43,0:07:10,6:20:02,2671,11592,7646,463,430,22802,505,422,94,323,273,57,613,515,109,505,422,94,Finisher,1053
Zheng,Ye,Zheng Ye,778,M45-49,Male,上海,CN-SH,China,CN,0:48:41,2:42:22,2:39:10,0:06:06,0:03:59,6:20:17,2921,9742,9550,366,239,22817,506,423,67,467,391,56,349,301,40,506,423,67,Finisher,1143
Xiaoyi,Chen,Xiaoyi Chen,338,F35-39,Female,北京,CN-BJ,China,CN,0:56:12,3:21:48,1:53:31,0:04:40,0:04:24,6:20:35,3372,12108,6811,280,264,22835,507,84,20,670,113,21,705,119,22,507,84,20,Finisher,1842
JIAYIN,CHEN,JIAYIN CHEN,529,M40-44,Male,上海,Shanghai,China,CN,0:50:17,2:57:25,2:19:53,0:06:45,0:06:21,6:20:41,3017,10645,8393,405,381,22841,508,424,107,512,426,100,509,434,114,508,424,107,Finisher,1071
Murod,Khusanov,Murod Khusanov,634,M40-44,Male,Tashkent,Tashkent region,Uzbekistan,UZ,0:45:32,2:56:48,2:24:52,0:06:15,0:07:31,6:20:58,2732,10608,8692,375,451,22858,509,425,108,363,303,70,465,400,107,509,425,108,Finisher,1066
Jon,Chevry-Nezam,Jon Chevry-Nezam,594,M40-44,Male,Bangkok,Bangkok,France,FR,0:48:08,3:12:21,2:11:07,0:04:54,0:04:40,6:21:10,2888,11541,7867,294,280,22870,510,426,109,451,376,87,612,514,126,510,426,109,Finisher,1062
Taku,Mizukami,Taku Mizukami,676,M40-44,Male,Binhai New Area,Tianjin,Japan,JP,0:52:24,3:05:51,2:11:25,0:06:21,0:05:24,6:21:25,3144,11151,7885,381,324,22885,511,427,110,570,476,116,603,507,123,511,427,110,Finisher,1058
Yixing,Lou,Yixing Lou,104,M45-49,Male,Shanghai,CN-SH,China,CN,0:53:34,3:05:32,2:11:39,0:04:47,0:06:06,6:21:39,3214,11132,7899,287,366,22899,512,428,68,607,508,75,593,499,76,512,428,68,Finisher,1118
Damian,Quiroga,Damian Quiroga,924,M55-59,Male,Shanghain,CN-SH,Argentina,AR,0:48:00,3:05:27,2:15:37,0:06:27,0:06:19,6:21:50,2880,11127,8137,387,379,22910,513,429,16,445,371,19,557,471,20,513,429,16,Finisher,1766
JINSONG,XIAO,JINSONG XIAO,919,M55-59,Male,GUANGZHOU,Guangdong,China,CN,0:59:36,2:43:46,2:21:40,0:07:00,0:09:55,6:21:57,3576,9826,8500,420,595,22917,514,430,17,729,603,35,484,416,15,514,430,17,Finisher,1763
Jimin,Cheng,Jimin Cheng,1002,F25-29,Female,合肥,Anhui,China,CN,0:56:15,2:54:53,2:25:14,0:03:11,0:02:37,6:22:10,3375,10493,8714,191,157,22930,515,85,9,672,114,14,507,74,10,515,85,9,Finisher,2016
Mengchi,Wang,Mengchi Wang,569,M40-44,Male,beijing,beijing,China,CN,0:48:55,3:01:45,2:20:07,0:05:50,0:05:42,6:22:18,2935,10905,8407,350,342,22938,516,431,111,474,397,93,528,449,116,516,431,111,Finisher,1042
Bauyrzhan,Kaidarov,Bauyrzhan Kaidarov,927,M55-59,Male,Astana,ASTANA,Kazakhstan,KZ,0:46:48,2:41:09,2:45:29,0:04:21,0:04:35,6:22:23,2808,9669,9929,261,275,22943,517,432,18,406,339,17,303,265,10,517,432,18,Finisher,1756
卫斌,马,卫斌 马,416,M35-39,Male,上海市,上海市,China,CN,0:53:11,2:48:03,2:24:22,0:08:35,0:08:27,6:22:39,3191,10083,8662,515,507,22959,518,433,95,599,500,101,480,413,91,518,433,95,Finisher,1006
WEI,YUNYI,WEI YUNYI,242,F30-34,Female,Beijiing,Beijing,China,CN,0:49:12,3:09:50,2:14:39,0:04:20,0:04:43,6:22:44,2952,11390,8079,260,283,22964,519,86,18,482,79,18,590,94,19,519,86,18,Finisher,1445
Samuel Kent,Van Steenbergh,Samuel Kent Van Steenbergh,828,M45-49,Male,Shanghai,Shanghai,United States,US,0:39:08,2:55:46,2:37:24,0:04:53,0:05:38,6:22:49,2348,10546,9444,293,338,22969,520,434,69,159,135,20,376,325,44,520,434,69,Finisher,1097
Apichai,Chitviriyakul,Apichai Chitviriyakul,913,M55-59,Male,Phayatai,,Thailand,TH,0:45:16,2:53:53,2:36:11,0:03:12,0:04:35,6:23:07,2716,10433,9371,192,275,22987,521,435,19,355,297,15,410,353,14,521,435,19,Finisher,1742
Wei,Wang,Wei Wang,260,M30-34,Male,BEIJING,BEIJING,China,CN,0:54:09,2:51:30,2:26:18,0:05:59,0:05:19,6:23:14,3249,10290,8778,359,319,22994,522,436,45,625,522,59,493,424,41,522,436,45,Finisher,1091
Varut,Tientamnoon,Varut Tientamnoon,783,M45-49,Male,Dindaeng,Bangkok,Thailand,TH,0:55:45,2:43:11,2:28:06,0:07:13,0:09:09,6:23:24,3345,9791,8886,433,549,23004,523,437,70,662,553,82,448,385,60,523,437,70,Finisher,1087
Fan,Yang,Fan Yang,866,M50-54,Male,Nanjing,JIANGSU,China,CN,0:54:01,2:57:03,2:20:07,0:07:24,0:05:17,6:23:52,3241,10623,8407,444,317,23032,524,438,33,618,518,46,541,458,38,524,438,33,Finisher,1614
Oon Jin,Chng,Oon Jin Chng,838,M50-54,Male,Mid Levels West,HONG KONG SAR,Hong Kong,HK,0:40:26,2:56:37,2:33:51,0:06:25,0:06:41,6:24:00,2426,10597,9231,385,401,23040,525,439,34,190,164,17,420,360,22,525,439,34,Finisher,1612
Nailya,Appassova,Nailya Appassova,739,F45-49,Female,Астана,Астана,Kazakhstan,KZ,0:48:03,3:09:07,2:17:30,0:04:37,0:04:43,6:24:01,2883,11347,8250,277,283,23041,526,87,10,446,75,6,575,89,10,526,87,10,Finisher,1790
Aditya,Budhihartanto,Aditya Budhihartanto,872,M50-54,Male,"Gambir
Jakarta","
DKI Jakarta",Indonesia,ID,0:37:07,2:54:41,2:38:03,0:04:50,0:09:22,6:24:03,2227,10481,9483,290,562,23043,527,440,35,118,100,8,344,296,18,527,440,35,Finisher,1611
Mateusz,Szwed,Mateusz Szwed,151,M18-24,Male,Olsztyn,Warmińsko-Mazurskie,Poland,PL,0:49:57,3:06:09,2:15:30,0:07:51,0:04:51,6:24:16,2997,11169,8130,471,291,23056,528,441,12,504,421,14,594,500,14,528,441,12,Finisher,1087
hyunsook,won,hyunsook won,942,F55-59,Female,의정부시,KR-41,South Korea,KR,0:45:17,3:05:29,2:19:28,0:08:00,0:06:03,6:24:17,2717,11129,8368,480,363,23057,529,88,3,356,59,3,544,84,4,529,88,3,Finisher,2846
Josephine,Tay,Josephine Tay,58,F50-54,Female,Singapore,,Singapore,SG,0:59:22,3:15:56,1:58:31,0:06:06,0:04:36,6:24:31,3562,11756,7111,366,276,23071,530,89,4,726,126,8,702,118,7,530,89,4,Finisher,2119
Hao,Jiang,Hao Jiang,385,M35-39,Male,Shanghai,--- Select One ---,China,CN,0:42:19,2:58:49,2:32:14,0:06:15,0:05:04,6:24:42,2539,10729,9134,375,304,23082,531,442,96,246,207,37,455,392,86,531,442,96,Finisher,969
欣,原,欣 原,353,M35-39,Male,大连,辽宁,China,CN,1:00:09,2:41:33,2:28:07,0:06:10,0:08:48,6:24:47,3609,9693,8887,370,528,23087,532,443,97,734,607,124,462,397,88,532,443,97,Finisher,968
Sawangjit,Saengow,Sawangjit Saengow,557,F40-44,Female,Bangkok,KRUNG THEP MAHA NAKHON,Thailand,TH,1:08:25,2:50:03,2:10:53,0:08:22,0:07:42,6:25:25,4105,10203,7853,502,462,23125,533,90,16,775,145,29,627,101,18,533,90,16,Finisher,1703
Bích Thuỷ,Lê Thị,Bích Thuỷ Lê Thị,758,F45-49,Female,Hanoi,VN-HN,Vietnam,VN,0:50:47,3:10:59,2:16:26,0:03:45,0:03:35,6:25:33,3047,11459,8186,225,215,23133,534,91,11,527,89,8,614,99,11,534,91,11,Finisher,1763
Hwee Lim,Wong,Hwee Lim Wong,862,M50-54,Male,Singapore,04,Singapore,SG,0:47:56,3:01:50,2:19:24,0:10:16,0:06:39,6:26:04,2876,10910,8364,616,399,23164,535,444,36,442,368,36,558,472,40,535,444,36,Finisher,1575
Ildar,Samitov,Ildar Samitov,779,M45-49,Male,Москва,Central Federal District,Romania,RO,0:53:54,2:58:56,2:21:04,0:07:24,0:04:51,6:26:09,3234,10736,8464,444,291,23169,536,445,71,615,515,77,560,474,73,536,445,71,Finisher,1037
丽惠,梅,丽惠 梅,910,F55-59,Female,东营市,山东省东营市东营区,China,CN,0:49:52,3:03:35,2:23:49,0:03:53,0:05:11,6:26:20,2992,11015,8629,233,311,23180,537,92,4,501,83,6,535,81,3,537,92,4,Finisher,2809
Eugene,Khoo,Eugene Khoo,732,M45-49,Male,Singapore,SOUTH EAST,Singapore,SG,0:46:18,2:46:07,2:46:19,0:04:30,0:03:25,6:26:39,2778,9967,9979,270,205,23199,538,446,72,395,331,44,345,297,38,538,446,72,Finisher,1028
Thomas,Lee,Thomas Lee,238,M30-34,Male,Shanghai,Shanghai,Italy,IT,0:42:51,3:23:09,2:09:13,0:05:01,0:07:00,6:27:15,2571,12189,7753,301,420,23235,539,447,46,263,221,24,657,548,63,539,447,46,Finisher,1019
Ping,Zheng,Ping Zheng,929,F55-59,Female,上海市,CN-SH,China,CN,0:55:06,3:00:59,2:19:09,0:05:28,0:06:33,6:27:15,3306,10859,8349,328,393,23235,540,93,5,648,107,8,570,88,6,540,93,5,Finisher,2792
boyang,Li,boyang Li,651,M40-44,Male,beijing,Beijing,China,CN,0:49:15,3:01:46,2:21:44,0:08:52,0:05:40,6:27:17,2955,10906,8504,532,340,23237,541,448,112,485,406,96,556,470,119,541,448,112,Finisher,952
Qichen,Pan,Qichen Pan,330,M30-34,Male,上海,CN-SH,China,CN,0:50:41,3:12:22,2:13:26,0:05:27,0:05:36,6:27:32,3041,11542,8006,327,336,23252,542,449,47,523,435,49,640,536,60,542,449,47,Finisher,1013
Tatiana,Kamardina,Tatiana Kamardina,621,F40-44,Female,Novosibirsk,,Unknown,,0:51:47,3:06:20,2:13:57,0:09:11,0:06:41,6:27:56,3107,11180,8037,551,401,23276,543,94,17,560,93,13,635,104,19,543,94,17,Finisher,1657
Tin Lap,Wan,Tin Lap Wan,887,M50-54,Male,Kowloon,Hong Kong,Hong Kong,HK,0:44:49,3:04:39,2:28:09,0:05:33,0:04:47,6:27:57,2689,11079,8889,333,287,23277,544,450,37,339,286,27,515,440,32,544,450,37,Finisher,1541
Yang,Yang,Yang Yang,690,F40-44,Female,武威市,甘肃省,China,CN,0:52:52,3:10:44,2:07:19,0:10:45,0:06:24,6:28:03,3172,11444,7639,645,384,23283,545,95,18,587,99,18,670,113,22,545,95,18,Finisher,1655
Ngok Pang Ronald,Chan,Ngok Pang Ronald Chan,682,M40-44,Male,New Territories,Hong Kong,Hong Kong,HK,0:44:47,3:11:08,2:16:33,0:09:09,0:06:28,6:28:05,2687,11468,8193,549,388,23285,546,451,113,337,285,64,607,511,125,546,451,113,Finisher,938
Serik,Sagynov,Serik Sagynov,269,M30-34,Male,Aktobe,Aktobe,Kazakhstan,KZ,0:59:33,2:52:55,2:23:33,0:06:56,0:05:13,6:28:11,3573,10375,8613,416,313,23291,547,452,48,728,602,69,551,466,48,547,452,48,Finisher,1002
Yuchen,Xiao,Yuchen Xiao,372,M35-39,Male,上海,,China,CN,0:52:54,2:52:07,2:25:31,0:10:00,0:08:13,6:28:43,3174,10327,8731,600,493,23323,548,453,98,589,490,99,514,439,98,548,453,98,Finisher,897
Jingjing,XIANG,Jingjing XIANG,220,F25-29,Female,Bordeaux,Nouvelle-Aquitaine,China,CN,1:00:29,2:57:24,2:19:34,0:06:18,0:05:00,6:28:45,3629,10644,8374,378,300,23325,549,96,10,737,129,15,598,95,12,549,96,10,Finisher,1897
迎康,许,迎康 许,420,M35-39,Male,无锡市,Hong Kong,China,CN,0:55:02,3:01:51,2:15:09,0:08:45,0:08:01,6:28:47,3302,10911,8109,525,481,23327,550,454,99,645,539,108,615,516,110,550,454,99,Finisher,896
Stephen ,Choy,Stephen Choy,117,M60-64,Male,Singapore ,Singapore,Singapore,SG,0:56:20,2:48:25,2:36:26,0:04:48,0:02:50,6:28:50,3380,10105,9386,288,170,23330,551,455,12,677,562,16,476,409,12,551,455,12,Finisher,1831
CHU,CHUN HO KURT,CHU CHUN HO KURT,555,M40-44,,Hong Kong,Hong Kong,Hong Kong,HK,0:38:06,2:52:59,2:47:56,0:05:21,0:04:57,6:29:19,2286,10379,10076,321,297,23359,552,456,114,136,115,26,340,293,80,552,456,114,Finisher,915
建刚,王,建刚 王,914,M55-59,Male,Changshu,Jiangsu,China,CN,0:55:20,2:52:07,2:29:08,0:07:32,0:05:20,6:29:26,3320,10327,8948,452,320,23366,553,457,20,655,546,30,513,438,17,553,457,20,Finisher,1629
一凡,吴,一凡 吴,165,M18-24,Male,南京,,China,CN,0:53:28,2:56:48,2:31:33,0:04:25,0:03:21,6:29:35,3208,10608,9093,265,201,23375,554,458,13,602,503,15,510,435,13,554,458,13,Finisher,991
Wei,Zhao,Wei Zhao,810,M45-49,Male,Shanghai,Shanghai ,China,CN,1:04:38,3:00:31,2:10:51,0:06:33,0:07:11,6:29:43,3878,10831,7851,393,431,23383,555,459,73,767,625,93,661,552,81,555,459,73,Finisher,973
Rustam,Bureev,Rustam Bureev,749,M45-49,Male,,,Unknown,,0:51:04,3:05:10,2:22:37,0:05:33,0:05:38,6:30:02,3064,11110,8557,333,338,23402,556,460,74,538,447,66,574,486,74,556,460,74,Finisher,967
栩丞,包,栩丞 包,193,M25-29,Male,启东市,江苏省,China,CN,0:50:55,2:51:02,2:41:17,0:03:20,0:03:34,6:30:07,3055,10262,9677,200,214,23407,557,461,31,533,443,28,439,377,28,557,461,31,Finisher,992
Zhiying,Yan,Zhiying Yan,262,M30-34,Male,,,China,CN,0:54:06,3:00:15,2:24:15,0:04:57,0:07:25,6:30:58,3246,10815,8655,297,445,23458,558,462,49,623,521,58,550,465,47,558,462,49,Finisher,952
Pietro Luigi,Ghigo,Pietro Luigi Ghigo,581,M40-44,Male,Shanghai,SHANGHAI,Italy,IT,0:52:37,2:55:11,2:35:11,0:04:46,0:03:46,6:31:30,3157,10511,9311,286,226,23490,559,463,115,574,480,118,497,427,112,559,463,115,Finisher,876
xianzhen,zhu,xianzhen zhu,380,M35-39,Male,shanghai,Shanxi,China,CN,0:52:51,3:04:26,2:20:45,0:07:15,0:06:15,6:31:32,3171,11066,8445,435,375,23492,560,464,100,586,488,98,601,505,107,560,464,100,Finisher,846
Lj,Burrows,Lj Burrows,736,M45-49,Male,Bulford,,United Kingdom,GB,0:54:27,3:06:39,2:19:20,0:04:42,0:06:31,6:31:39,3267,11199,8360,282,391,23499,561,465,75,632,529,79,617,518,77,561,465,75,Finisher,938
Feng,Wang,Feng Wang,893,M50-54,Male,Shanghai,CN-SH,China,CN,0:45:48,3:10:35,2:26:08,0:03:52,0:05:21,6:31:44,2748,11435,8768,232,321,23504,562,466,38,374,312,30,561,475,41,562,466,38,Finisher,1473
Zhihuan,Li,Zhihuan Li,553,M40-44,Male,jilin,,China,CN,0:50:28,2:41:34,2:52:14,0:02:43,0:04:47,6:31:47,3028,9694,10334,163,287,23507,563,467,116,519,431,103,329,284,78,563,467,116,Finisher,871
Wiebke,Weniger ,Wiebke Weniger,539,F40-44,Female,Shanghai,Shanghai,Germany,DE,0:57:25,2:52:57,2:25:22,0:07:37,0:08:58,6:32:19,3445,10377,8722,457,538,23539,564,97,19,693,118,22,537,82,14,564,97,19,Finisher,1578
yunong,Miao,yunong Miao,357,M35-39,Male,Beijing,beijing,China,CN,0:54:22,3:04:52,2:17:53,0:07:11,0:08:43,6:33:01,3262,11092,8273,431,523,23581,565,468,101,630,527,104,621,522,112,565,468,101,Finisher,819
Twin,Panichsombat,Twin Panichsombat,847,M50-54,Male,Jatujak,KRUNG THEP MAHA NAKHON,Thailand,TH,0:45:27,2:55:38,2:36:49,0:06:21,0:08:53,6:33:09,2727,10538,9409,381,533,23589,566,469,39,360,301,28,457,394,27,566,469,39,Finisher,1447
TIRAN,ZHOU,TIRAN ZHOU,214,F25-29,Female,beijing,CN-BJ,China,CN,0:50:08,3:23:15,2:11:58,0:04:01,0:04:02,6:33:24,3008,12195,7918,241,242,23604,567,98,11,509,85,12,679,114,14,567,98,11,Finisher,1814
Sophi,Riessner,Sophi Riessner,216,F25-29,Female,München,Bavaria,Germany,DE,0:42:14,3:18:42,2:16:15,0:09:56,0:06:18,6:33:25,2534,11922,8175,596,378,23605,568,99,12,242,39,5,655,109,13,568,99,12,Finisher,1813
Harrison,Holt,Harrison Holt,205,M25-29,Male,Shanghai,SHANGHAI,United States,US,0:52:59,3:06:46,2:22:27,0:05:58,0:05:48,6:33:58,3179,11206,8547,358,348,23638,569,470,32,592,493,32,616,517,35,569,470,32,Finisher,923
Lijia,Liu,Lijia Liu,936,F55-59,Female,Bad Kreuznach,,China,CN,0:49:04,3:02:49,2:30:02,0:07:33,0:05:00,6:34:28,2944,10969,9002,453,300,23668,570,100,6,478,78,5,552,86,5,570,100,6,Finisher,2663
Artem,Anashev,Artem Anashev,254,M30-34,Male,Almaty,Алматы,Kazakhstan,KZ,0:40:01,3:09:10,2:32:48,0:07:51,0:04:38,6:34:28,2401,11350,9168,471,278,23668,571,471,50,180,154,18,532,452,44,571,471,50,Finisher,889
Rex,Mok,Rex Mok,767,M45-49,Male,Tin Shui Wai,Hong Kong,Hong Kong,HK,0:53:56,3:07:10,2:20:04,0:07:03,0:06:17,6:34:30,3236,11230,8404,423,377,23670,572,472,76,616,516,78,638,534,79,572,472,76,Finisher,887
Shiu Bong,Lo,Shiu Bong Lo,822,M45-49,Male,Hong Kong,Hong Kong,Hong Kong,HK,0:56:40,3:10:46,2:14:21,0:05:47,0:07:02,6:34:35,3400,11446,8061,347,422,23675,573,473,77,681,566,84,667,555,83,573,473,77,Finisher,885
Weiyi,Zhang,Weiyi Zhang,521,M40-44,Male,Shanghai,CN-SH,China,CN,0:52:45,3:18:45,2:05:55,0:09:05,0:08:31,6:35:00,3165,11925,7555,545,511,23700,574,474,117,583,486,122,696,579,136,574,474,117,Finisher,813
Reza,Rajasa,Reza Rajasa,639,M40-44,Male,South Jakarta,Jakarta,India,IN,0:53:21,2:47:29,2:45:19,0:03:52,0:05:08,6:35:09,3201,10049,9919,232,308,23709,575,475,118,601,502,125,435,374,97,575,475,118,Finisher,810
Pisit,Srikae,Pisit Srikae,827,Unknown,Male,T.Thasak A.Muang,Nahonsrithammarat,Thailand,TH,0:58:47,2:54:28,2:30:19,0:06:17,0:05:20,6:35:11,3527,10468,9019,377,320,23711,576,476,1,716,593,1,553,467,1,576,476,1,Finisher,3500
Shih Wei,Liao,Shih Wei Liao,923,M55-59,Male,嘉義縣,TW-CYQ,China,CN,0:49:55,3:02:06,2:28:36,0:08:08,0:06:30,6:35:15,2995,10926,8916,488,390,23715,577,477,21,503,420,22,559,473,21,577,477,21,Finisher,1524
Artem,Zavialov,Artem Zavialov,266,M30-34,Male,Irkutsk,Siberian Federal District,Unknown,,0:43:54,3:05:33,2:36:18,0:03:56,0:05:39,6:35:20,2634,11133,9378,236,339,23720,578,478,51,296,251,28,502,430,42,578,478,51,Finisher,873
Korrapin,Krisnavarin,Korrapin Krisnavarin,839,F50-54,Female,Ladprao,Bangkok,Thailand,TH,0:49:43,3:13:54,2:20:36,0:05:59,0:05:27,6:35:39,2983,11634,8436,359,327,23739,579,101,5,497,81,4,650,106,6,579,101,5,Finisher,1919
Vitsakorn,Pindech,Vitsakorn Pindech,563,M40-44,Male,Naimuang,Nakhonsithammarat,Thailand,TH,0:45:40,3:07:08,2:26:22,0:06:28,0:10:01,6:35:40,2740,11228,8782,388,601,23740,580,479,119,368,307,71,549,464,118,580,479,119,Finisher,801
Ling,Lv,Ling Lv,836,M50-54,Male,Shanghai Qingpu,Sahnghai,China,CN,0:56:14,2:58:17,2:20:48,0:10:05,0:10:35,6:35:58,3374,10697,8448,605,635,23758,581,480,40,671,558,49,602,506,46,581,480,40,Finisher,1397
Aleksandra ,Zykina,Aleksandra Zykina,199,F25-29,Female,Владивосток,Far Eastern Federal District,Unknown,,0:46:52,3:11:02,2:31:14,0:03:36,0:03:18,6:36:02,2812,11462,9074,216,198,23762,582,102,13,407,68,10,569,87,11,582,102,13,Finisher,1766
姚,卓,姚 卓,423,M35-39,Male,大连市,辽宁省,China,CN,0:55:05,2:37:45,2:52:15,0:06:33,0:04:58,6:36:35,3305,9465,10335,393,298,23795,583,481,102,647,541,109,372,322,71,583,481,102,Finisher,755
HOI TI,WU,HOI TI WU,788,M45-49,Male,Hong Kong,Hong Kong,Hong Kong,HK,0:51:04,3:13:00,2:23:03,0:05:22,0:04:34,6:37:04,3064,11580,8583,322,274,23824,584,482,78,539,448,67,648,544,80,584,482,78,Finisher,841
Rongqiang,You,Rongqiang You,727,M45-49,Male,南京,江苏,China,CN,0:51:21,2:58:48,2:36:44,0:05:29,0:04:46,6:37:08,3081,10728,9404,329,286,23828,585,483,79,549,458,69,519,443,70,585,483,79,Finisher,839
Bo,Zhu,Bo Zhu,874,M50-54,Male,Chongqing,Chongqing,China,CN,0:54:56,3:08:13,2:16:53,0:08:16,0:08:51,6:37:08,3296,11293,8213,496,531,23828,586,484,41,639,536,48,659,550,51,586,484,41,Finisher,1376
Turar,Abish,Turar Abish,966,M60-64,Male,Atyrau,Atyrau,Kazakhstan,KZ,0:56:18,3:01:36,2:25:40,0:05:51,0:07:57,6:37:23,3378,10896,8740,351,477,23843,587,485,13,674,560,15,592,498,14,587,485,13,Finisher,1677
Mikhail,Tkachev ,Mikhail Tkachev,370,M35-39,Male,Krasnoyarsk,Siberian Federal District,Unknown,,0:51:28,3:09:43,2:24:26,0:07:23,0:04:35,6:37:34,3088,11383,8666,443,275,23854,588,486,103,552,461,94,643,539,117,588,486,103,Finisher,737
Nobukazu,Tanaka,Nobukazu Tanaka,916,M55-59,Male,Shinjuku-ku,JP-13,Japan,JP,0:53:39,3:04:27,2:25:22,0:06:03,0:08:35,6:38:05,3219,11067,8722,363,515,23885,589,487,22,611,512,29,595,501,23,589,487,22,Finisher,1473
Ho Seng,Wong,Ho Seng Wong,971,M60-64,Male,Hong Kong,Hong Kong,Hong Kong,HK,0:57:29,3:12:14,2:14:40,0:09:44,0:04:22,6:38:29,3449,11534,8080,584,262,23909,590,488,14,696,578,17,691,574,16,590,488,14,Finisher,1657
Paul,Yang,Paul Yang,533,M40-44,Male,Shanghai,Shanghai,China,CN,0:51:14,3:08:03,2:25:28,0:07:47,0:06:25,6:38:58,3074,11283,8728,467,385,23938,591,489,120,544,453,109,634,531,130,591,489,120,Finisher,742
Chris,Miller,Chris Miller,580,M40-44,Male,Shanghai,Shanghai,United States,US,0:53:31,3:05:17,2:28:43,0:07:48,0:04:02,6:39:20,3211,11117,8923,468,242,23960,592,490,121,605,506,127,624,524,129,592,490,121,Finisher,735
Ning Sang Jessica,Tan,Ning Sang Jessica Tan,256,F30-34,Female,Mui Wo,Hong Kong,Hong Kong,HK,0:49:35,3:13:18,2:27:11,0:04:02,0:05:16,6:39:21,2975,11598,8831,242,316,23961,593,103,19,490,80,19,631,103,21,593,103,19,Finisher,1145
Daniesh,Musthafa,Daniesh Musthafa,723,M45-49,Male,"kesiman kertalangu
Denpasar","Bali
Bali",Indonesia,ID,0:49:55,2:51:56,2:47:32,0:04:59,0:05:19,6:39:41,2995,10316,10052,299,319,23981,594,491,80,502,419,63,451,388,61,594,491,80,Finisher,794
Ashish,Bargoti,Ashish Bargoti,631,M40-44,Male,jaipur,Rajasthan,India,IN,0:54:22,3:11:40,2:17:54,0:08:50,0:07:08,6:39:54,3262,11500,8274,530,428,23994,595,492,122,629,526,131,673,560,132,595,492,122,Finisher,725
Xiaobo,Fan,Xiaobo Fan,928,M55-59,Male,上海市,上海市,China,CN,0:56:56,3:06:02,2:22:14,0:06:16,0:08:27,6:39:55,3416,11162,8534,376,507,23995,596,493,23,686,571,32,646,542,24,596,493,23,Finisher,1440
Zhi Yuan,Chew,Zhi Yuan Chew,225,M30-34,Male,Singapore,Singapore,Singapore,SG,0:44:13,3:08:44,2:31:12,0:08:20,0:07:36,6:40:05,2653,11324,9072,500,456,24005,597,494,52,306,259,29,568,482,50,597,494,52,Finisher,788
Zhenming,He,Zhenming He,689,M40-44,Male,Shenzhen,CN-GD,China,CN,0:52:41,2:55:14,2:41:03,0:03:55,0:07:28,6:40:20,3161,10514,9663,235,448,24020,598,495,123,579,482,120,494,425,111,598,495,123,Finisher,717
Megan,Reinders,Megan Reinders,367,F35-39,Female,市辖区,BEIJING,South Africa,ZA,0:47:39,3:17:34,2:25:33,0:04:43,0:05:10,6:40:39,2859,11854,8733,283,310,24039,599,104,21,432,73,14,652,108,21,599,104,21,Finisher,1481
Anna,Battige,Anna Battige,298,F30-34,Female,Beijing ,Beijing,Germany,DE,0:55:52,3:26:31,2:10:43,0:04:13,0:03:29,6:40:49,3352,12391,7843,253,209,24049,600,105,20,666,111,22,713,121,25,600,105,20,Finisher,1119
Minghua,Hu,Minghua Hu,308,M30-34,Male,Beijing,CN-BJ,China,CN,0:56:25,2:59:08,2:34:35,0:07:01,0:05:23,6:42:32,3385,10748,9275,421,323,24152,601,496,53,678,563,65,583,492,56,601,496,53,Finisher,743
Wenqin,Zhang,Wenqin Zhang,527,M40-44,Male,Xuzhou,Jiangsu,China,CN,0:57:48,3:01:10,2:31:38,0:05:11,0:06:51,6:42:39,3468,10870,9098,311,411,24159,602,497,124,703,584,138,596,502,122,602,497,124,Finisher,700
Li,Nie,Li Nie,550,M40-44,Male,Shanghai,Shanghai,China,CN,0:56:20,2:33:10,2:54:07,0:07:42,0:11:19,6:42:39,3380,9190,10447,462,679,24159,603,498,125,675,561,135,351,302,82,603,498,125,Finisher,700
FRANCISCO JAVIER,SANCHEZ SUAREZ,FRANCISCO JAVIER SANCHEZ SUAREZ,286,M30-34,Male,Corregidora,MX-QUE,Mexico,MX,1:03:41,2:51:39,2:34:29,0:06:56,0:06:18,6:43:03,3821,10299,9269,416,378,24183,604,499,54,762,622,71,581,490,54,604,499,54,Finisher,734
XINGYU,CHEN,XINGYU CHEN,281,M30-34,Male,SHANGHAI,SHANGHAI,China,CN,0:46:53,3:14:36,2:31:03,0:06:57,0:03:59,6:43:28,2813,11676,9063,417,239,24208,605,500,55,410,342,43,639,535,59,605,500,55,Finisher,727
nan,suo,nan suo,623,F40-44,Female,Beijing,Beijing,China,CN,0:47:44,3:20:38,2:22:27,0:03:40,0:09:09,6:43:38,2864,12038,8547,220,549,24218,606,106,20,434,74,12,663,110,20,606,106,20,Finisher,1375
Jesus Arturo ,Aviles Rodriguez ,Jesus Arturo Aviles Rodriguez,814,M45-49,Male,Shanghai ,Taoyuan City,Mexico,MX,0:47:04,3:19:32,2:15:40,0:12:10,0:09:46,6:44:12,2824,11972,8140,730,586,24252,607,501,81,412,344,48,685,570,87,607,501,81,Finisher,712
JIAWEI,ZHANG,JIAWEI ZHANG,809,M45-49,Male,shanghai,Shanghai,China,CN,0:53:32,3:05:48,2:30:33,0:07:04,0:07:20,6:44:17,3212,11148,9033,424,440,24257,608,502,82,606,507,74,620,521,78,608,502,82,Finisher,711
Hao,Yang,Hao Yang,244,M30-34,Male,Shanghai,Shanghai,China,CN,0:54:26,3:06:50,2:26:44,0:07:56,0:08:29,6:44:25,3266,11210,8804,476,509,24265,609,503,56,631,528,60,645,541,61,609,503,56,Finisher,710
Tianjian,Pan,Tianjian Pan,462,M35-39,Male,Shanghai,Shanghai,China,CN,0:59:18,2:55:24,2:32:12,0:08:47,0:08:49,6:44:29,3558,10524,9132,527,529,24269,610,504,104,724,599,121,591,497,105,610,504,104,Finisher,700
Yiu Kwan,Chan,Yiu Kwan Chan,543,M40-44,Male,North Point,Hong Kong,Hong Kong,HK,0:56:40,3:18:55,2:15:44,0:06:50,0:06:33,6:44:42,3400,11935,8144,410,393,24282,611,505,126,682,567,136,703,585,137,611,505,126,Finisher,700
Zhicong,Chen,Zhicong Chen,649,M40-44,Male,Shanghai,CN-SH,China,CN,0:45:22,2:49:28,2:47:28,0:11:37,0:11:00,6:44:55,2722,10168,10048,697,660,24295,612,506,127,359,300,69,449,386,102,612,506,127,Finisher,700
Abel,Goh,Abel Goh,857,M50-54,Male,Singapore,,Singapore,SG,0:57:46,2:53:37,2:41:44,0:05:25,0:06:50,6:45:21,3466,10417,9704,325,410,24321,613,507,42,702,583,54,531,451,35,613,507,42,Finisher,1228
Ethan Kahn,Firtanto,Ethan Kahn Firtanto,143,M18-24,Male,Shanghai,SHANGHAI SHI,India,IN,0:44:21,2:56:03,2:58:31,0:03:12,0:03:24,6:45:30,2661,10563,10711,192,204,24330,614,508,14,313,266,9,423,363,10,614,508,14,Finisher,704
Boxue,Wang,Boxue Wang,248,M30-34,Male,beijing,Beijing,China,CN,0:47:29,2:34:09,3:16:22,0:03:29,0:04:05,6:45:34,2849,9249,11782,209,245,24334,615,509,57,422,351,44,237,209,24,615,509,57,Finisher,700
Rafael,Bekshentayev,Rafael Bekshentayev,371,M35-39,Male,Astana,Astana,Kazakhstan,KZ,0:44:43,3:04:36,2:25:20,0:16:04,0:15:05,6:45:47,2683,11076,8720,964,905,24347,616,510,105,333,282,58,611,513,108,616,510,105,Finisher,700
Xiao,Wang,Xiao Wang,409,M35-39,Male,shanghai,CN-SH,China,CN,0:55:22,2:57:39,2:39:02,0:05:58,0:07:49,6:45:49,3322,10659,9542,358,469,24349,617,511,106,656,547,112,547,463,102,617,511,106,Finisher,700
Xiaotian,Xu,Xiaotian Xu,957,M55-59,Male,Shanghai,上海,China,CN,0:56:53,3:23:28,2:07:51,0:08:43,0:09:33,6:46:27,3413,12208,7671,523,573,24387,618,512,24,685,570,31,722,597,34,618,512,24,Finisher,1322
Yaoren,Zhu,Yaoren Zhu,253,M30-34,Male,嘉兴市,浙江省,China,CN,0:46:00,3:08:00,2:39:25,0:07:07,0:06:35,6:47:07,2760,11280,9565,427,395,24427,619,513,58,381,318,41,567,481,49,619,513,58,Finisher,700
YUHAN,QIANG,YUHAN QIANG,206,F25-29,Female,天津,天津,China,CN,0:48:41,2:58:53,2:45:56,0:05:37,0:08:24,6:47:31,2921,10733,9956,337,504,24451,620,107,14,468,77,11,501,72,9,620,107,14,Finisher,1559
Hang,Jin,Hang Jin,534,M40-44,Male,SHANGHAI,CN-SH,China,CN,0:48:45,3:24:26,2:14:47,0:09:27,0:10:16,6:47:41,2925,12266,8087,567,616,24461,621,514,128,471,394,91,704,586,138,621,514,128,Finisher,700
Christopher,Cheong,Christopher Cheong,805,M45-49,Male,Singapore,,Singapore,SG,0:59:42,2:57:19,2:38:58,0:05:40,0:06:18,6:47:56,3582,10639,9538,340,378,24476,622,515,83,731,605,88,585,494,75,622,515,83,Finisher,700
LUO,CAIHONG,LUO CAIHONG,305,F30-34,Male,,,China,CN,1:00:19,3:13:01,2:25:17,0:04:07,0:05:29,6:48:13,3619,11581,8717,247,329,24493,623,108,21,735,128,27,680,115,23,623,108,21,Finisher,986
Jayden,Ng,Jayden Ng,146,M18-24,Male,Singapore,,Singapore,SG,0:48:07,3:15:42,2:35:29,0:04:44,0:05:18,6:49:20,2887,11742,9329,284,318,24560,624,516,15,450,375,12,642,538,16,624,516,15,Finisher,700
William,CHEN,William CHEN,280,M30-34,Male,Shanghai,Shanghai,China,CN,0:50:48,3:04:49,2:41:13,0:06:05,0:06:30,6:49:24,3048,11089,9673,365,390,24564,625,517,59,528,439,50,573,485,52,625,517,59,Finisher,700
AL AMIN,SALIM,AL AMIN SALIM,484,M35-39,Male,DHAKA,Uttar Pradesh,Bangladesh,BD,0:55:25,3:08:07,2:35:02,0:05:18,0:05:36,6:49:27,3325,11287,9302,318,336,24567,626,518,107,658,549,113,644,540,118,626,518,107,Finisher,700
Gemma,Bruce,Gemma Bruce,282,F30-34,Female,Shanghai,Shanghai ,United Kingdom,GB,0:50:06,3:10:44,2:36:27,0:06:00,0:06:18,6:49:35,3006,11444,9387,360,378,24575,627,109,22,507,84,20,628,102,20,627,109,22,Finisher,961
ALVIN,NG,ALVIN NG,754,M45-49,Male,Singapore,Singapore,Singapore,SG,1:05:04,3:08:34,2:25:45,0:05:35,0:04:44,6:49:41,3904,11314,8745,335,284,24581,628,519,84,770,627,95,688,572,88,628,519,84,Finisher,700
HEO,GIJONG,HEO GIJONG,889,M50-54,Male,Yangju-si,Gyeonggi-do,South Korea,KR,0:57:43,2:53:30,2:38:20,0:10:35,0:09:52,6:50:00,3463,10410,9500,635,592,24600,629,520,43,701,582,53,576,487,43,629,520,43,Finisher,1144
Sabyr,Abekenov,Sabyr Abekenov,522,M40-44,Male,Los Angeles ,California,Kazakhstan,KZ,0:49:36,2:59:06,2:48:08,0:07:51,0:05:19,6:50:01,2976,10746,10088,471,319,24601,630,521,129,494,414,98,529,450,117,630,521,129,Finisher,700
Antonius Richard,Rusli,Antonius Richard Rusli,289,M30-34,Male,Jakarta,JK,Indonesia,ID,1:08:30,3:04:42,2:24:07,0:06:39,0:06:31,6:50:29,4110,11082,8647,399,391,24629,631,522,60,776,631,72,692,575,65,631,522,60,Finisher,700
jing,zhang,jing zhang,584,M40-44,,江苏省苏州市,省,China,CN,0:48:38,3:07:06,2:37:17,0:08:56,0:08:40,6:50:36,2918,11226,9437,536,520,24636,632,523,130,465,389,90,604,508,124,632,523,130,Finisher,700
繁洋,孔,繁洋 孔,356,M35-39,Male,咸阳市,Shaanxi,China,CN,0:49:35,3:07:24,2:41:33,0:05:41,0:06:24,6:50:37,2975,11244,9693,341,384,24637,633,524,108,491,411,85,584,493,104,633,524,108,Finisher,700
Xianzhe,CHEN,Xianzhe CHEN,457,M35-39,Male,Lingshui,Hainan,China,CN,0:50:49,3:04:27,2:37:20,0:05:34,0:12:30,6:50:40,3049,11067,9440,334,750,24640,634,525,109,530,441,91,563,477,103,634,525,109,Finisher,700
LINGWEI,ZHANG,LINGWEI ZHANG,190,M25-29,Male,HANGZHOU,Osaka,China,CN,1:00:59,2:49:40,2:46:15,0:05:05,0:08:46,6:50:46,3659,10180,9975,305,526,24646,635,526,33,746,614,41,520,444,31,635,526,33,Finisher,700
Guang,Yang,Guang Yang,615,M40-44,Male,Shanghai,SHANGHAI SHI,China,CN,0:53:01,3:16:26,2:32:09,0:04:56,0:04:29,6:51:00,3181,11786,9129,296,269,24660,636,527,131,594,495,124,671,558,131,636,527,131,Finisher,700
Katrin,Buchta,Katrin Buchta,938,F55-59,Female,Shanghai,Shanghai,Germany,DE,0:40:52,3:15:24,2:43:25,0:05:56,0:05:35,6:51:13,2452,11724,9805,356,335,24673,637,110,7,203,29,1,580,91,7,637,110,7,Finisher,2361
Darrick,Ong,Darrick Ong,258,M30-34,Male,Singapore,,Singapore,SG,0:53:57,3:02:04,2:43:25,0:06:03,0:05:47,6:51:17,3237,10924,9805,363,347,24677,638,528,61,617,517,57,579,489,53,638,528,61,Finisher,700
Hanqing,Li,Hanqing Li,247,F30-34,Female,Nanchang,,China,CN,0:57:08,3:07:30,2:30:38,0:07:45,0:08:22,6:51:23,3428,11250,9038,465,502,24683,639,111,23,690,116,24,664,111,22,639,111,23,Finisher,929
Artur,Baimukhanov,Artur Baimukhanov,169,M25-29,Male,Nice,foreigner,Kazakhstan,KZ,0:50:04,2:40:17,3:10:55,0:05:37,0:05:09,6:52:02,3004,9617,11455,337,309,24722,640,529,34,506,423,27,337,291,24,640,529,34,Finisher,700
Chung,Ho,Chung Ho,428,M35-39,Male,hongkong,Hong Kong,Hong Kong,HK,0:43:12,2:51:24,3:07:43,0:05:42,0:04:57,6:52:58,2592,10284,11263,342,297,24778,641,530,110,276,232,44,384,332,76,641,530,110,Finisher,700
Jin,Wei,Jin Wei,968,M60-64,Male,成都市,,China,CN,0:59:12,2:59:27,2:44:11,0:04:36,0:05:46,6:53:13,3552,10767,9851,276,346,24793,642,531,15,722,597,20,588,496,13,642,531,15,Finisher,1392
Melissa,Dorr,Melissa Dorr,884,F50-54,Female,Auckland,AUK,United States,US,0:41:43,3:03:28,2:59:26,0:04:13,0:04:43,6:53:33,2503,11008,10766,253,283,24813,643,112,6,233,36,2,474,67,3,643,112,6,Finisher,1596
changkun,wang,changkun wang,352,M35-39,Male,杭州,浙江,China,CN,0:56:31,3:02:08,2:42:58,0:05:32,0:06:35,6:53:44,3391,10928,9778,332,395,24824,644,532,111,679,564,115,597,503,106,644,532,111,Finisher,700
DAISUKE,YOSHIDA,DAISUKE YOSHIDA,896,M50-54,Male,Shanghai,Shanghai,Japan,JP,0:54:05,3:13:27,2:14:13,0:17:16,0:15:04,6:54:06,3245,11607,8053,1036,904,24846,645,533,44,622,520,47,709,590,56,645,533,44,Finisher,1070
Rachel,Zhang,Rachel Zhang,159,F18-24,,Amsterdam,North Holland,China,CN,0:47:27,3:26:06,2:29:29,0:05:38,0:05:29,6:54:09,2847,12366,8969,338,329,24849,646,113,5,421,71,3,687,116,5,646,113,5,Finisher,2261
Fredrik,Kirkhus,Fredrik Kirkhus,630,M40-44,Male,Messery,,France,FR,0:38:44,3:05:00,3:00:35,0:04:24,0:05:50,6:54:34,2324,11100,10835,264,350,24874,647,534,132,152,128,32,463,398,105,647,534,132,Finisher,700
Tatiana,Bozhenko,Tatiana Bozhenko,451,F35-39,Female,Novosibirsk,,Unknown,,0:44:51,3:18:53,2:38:31,0:06:04,0:06:19,6:54:38,2691,11933,9511,364,379,24878,648,114,22,341,55,11,651,107,20,648,114,22,Finisher,1229
Ruiqing,Li,Ruiqing Li,671,F40-44,Female,上海,Shanghai,China,CN,0:55:00,3:28:14,2:15:51,0:06:44,0:09:12,6:55:00,3300,12494,8151,404,552,24900,649,115,21,644,106,20,725,128,25,649,115,21,Finisher,1170
Torsten,Dietze,Torsten Dietze,898,M50-54,Male,Seiffen,CN-BJ,Holy See,VA,0:59:53,2:55:31,2:45:30,0:07:47,0:06:34,6:55:16,3593,10531,9930,467,394,24916,650,535,45,733,606,56,587,495,45,650,535,45,Finisher,1049
Alvin,Chia,Alvin Chia,803,M45-49,Male,Singapore,Singapore,Singapore,SG,0:51:19,3:18:00,2:31:48,0:08:10,0:06:00,6:55:17,3079,11880,9108,490,360,24917,651,536,85,547,456,68,681,566,85,651,536,85,Finisher,700
Christian,Mayrhofer,Christian Mayrhofer,272,M30-34,Male,上海市虹口区,上海市虹口区,Germany,DE,0:47:34,3:30:08,2:26:51,0:06:29,0:04:35,6:55:37,2854,12608,8811,389,275,24937,652,537,62,428,356,45,708,589,69,652,537,62,Finisher,700
林峰,陈,林峰 陈,331,M30-34,Male,常州市,江苏省,China,CN,0:56:02,3:16:19,2:27:20,0:08:51,0:07:11,6:55:44,3362,11779,8840,531,431,24944,653,538,63,669,557,64,700,583,68,653,538,63,Finisher,700
Fenghua,Chen,Fenghua Chen,310,F30-34,Female,Beijing,Beijing,China,CN,0:57:51,3:21:01,2:19:16,0:09:09,0:08:29,6:55:46,3471,12061,8356,549,509,24946,654,116,24,705,120,26,720,124,26,654,116,24,Finisher,850
Mark,Blick,Mark Blick,831,M50-54,Male,,,Hong Kong,HK,0:39:47,3:50:01,2:10:15,0:10:37,0:05:09,6:55:49,2387,13801,7815,637,309,24949,655,539,46,175,149,15,754,616,60,655,539,46,Finisher,1039
Yuanyuan,Wen,Yuanyuan Wen,524,F40-44,Female,Beijing,Beijing,China,CN,1:00:40,3:13:23,2:20:34,0:12:56,0:09:00,6:56:33,3640,11603,8434,776,540,24993,656,117,22,742,131,25,715,122,23,656,117,22,Finisher,1142
Yijun,Gu,Yijun Gu,336,F30-34,Female,Shanghai,Shanghai ,China,CN,0:57:15,3:24:23,2:21:43,0:07:58,0:05:14,6:56:34,3435,12263,8503,478,314,24994,657,118,25,692,117,25,723,126,27,657,118,25,Finisher,836
Usserbayev,Nurzhan,Usserbayev Nurzhan,376,M35-39,Male,Aktobe,Aktobe Region,Kazakhstan,KZ,0:49:32,3:12:33,2:46:08,0:04:57,0:03:52,6:57:04,2972,11553,9968,297,232,25024,658,540,112,489,410,84,633,530,114,658,540,112,Finisher,700
Kyung Hyun,Joeng,Kyung Hyun Joeng,891,M50-54,Male,jeju,Ho Chi Minh City,South Korea,KR,1:05:23,3:16:49,2:20:23,0:08:28,0:06:04,6:57:06,3923,11809,8423,508,364,25026,659,541,47,773,629,61,730,600,57,659,541,47,Finisher,1016
竹,叶,竹 叶,988,M65-69,Male,上海,CN-SH,China,CN,0:51:00,2:57:13,2:43:22,0:12:39,0:13:10,6:57:24,3060,10633,9802,759,790,25044,660,542,6,537,446,7,564,478,6,660,542,6,Finisher,1698
Mathew,Duxbury,Mathew Duxbury,278,M30-34,Male,Nanjing,Jiangsu,United Kingdom,GB,0:58:52,3:01:52,2:40:27,0:08:31,0:08:50,6:58:32,3532,10912,9627,511,530,25112,661,543,64,717,594,67,647,543,62,661,543,64,Finisher,700
Jin Hong,Kim,Jin Hong Kim,979,M60-64,Male,의정부시,녹양동,South Korea,KR,0:53:20,3:19:46,2:28:25,0:10:16,0:06:47,6:58:33,3200,11986,8905,616,407,25113,662,544,16,600,501,14,706,587,18,662,544,16,Finisher,1296
Daria,Vasilenko,Daria Vasilenko,588,F40-44,Female,Denpasar,Bali,India,IN,0:58:32,3:10:39,2:39:17,0:03:53,0:06:39,6:59:00,3512,11439,9557,233,399,25140,663,119,23,711,121,23,665,112,21,663,119,23,Finisher,1098
KE,MA,KE MA,509,M35-39,Male,,,China,CN,1:09:09,3:24:13,2:12:12,0:05:45,0:07:52,6:59:11,4149,12253,7932,345,472,25151,664,545,113,777,632,128,751,613,125,664,545,113,Finisher,700
haoxiang,zhu,haoxiang zhu,899,M50-54,Male,shanghai,Shanghai,China,CN,1:03:36,,2:35:36,0:00:00,0:00:00,6:59:15,3816,0,9336,0,0,25155,665,546,48,760,621,60,99999,99999,99999,665,546,48,Finisher,977
毛宁,毛,毛宁 毛,994,M65-69,Male,上海,Shanghai,China,CN,0:50:49,3:29:43,2:28:43,0:04:56,0:05:10,6:59:21,3049,12583,8923,296,310,25161,666,547,7,529,440,6,711,592,8,666,547,7,Finisher,1663
SHENG,YANG,SHENG YANG,840,M50-54,Male,,,China,CN,0:53:52,3:07:35,2:47:55,0:05:28,0:05:12,7:00:02,3232,11255,10075,328,312,25202,667,548,49,614,514,45,632,529,49,667,548,49,Finisher,963
Sajia Sultana,Happi,Sajia Sultana Happi,518,F40-44,Female,Dhaka,Dhaka,Bangladesh,BD,1:01:10,3:32:07,2:15:11,0:04:48,0:07:15,7:00:31,3670,12727,8111,288,435,25231,668,120,24,749,133,26,750,138,28,668,120,24,Finisher,1071
Lisa,Low,Lisa Low,956,F55-59,Female,Singapore,Singapore,Singapore,SG,0:57:34,3:01:53,2:47:45,0:05:52,0:07:29,7:00:33,3454,10913,10065,352,449,25233,669,121,8,698,119,9,610,98,8,669,121,8,Finisher,2193
Xavier,Desfertilles,Xavier Desfertilles,856,M50-54,Male,Changzhou,Occitania,France,FR,0:47:49,2:48:40,3:16:14,0:03:39,0:05:05,7:01:26,2869,10120,11774,219,305,25286,670,549,50,438,364,34,381,329,19,670,549,50,Finisher,938
Wing Hang Vince,Lau,Wing Hang Vince Lau,738,M45-49,Male,Hong Kong,Hong Kong,Hong Kong,HK,0:55:40,3:24:17,2:27:55,0:06:40,0:07:16,7:01:48,3340,12257,8875,400,436,25308,671,550,86,661,552,81,714,593,89,671,550,86,Finisher,700
morgan,acas,morgan acas,755,M45-49,Male,shanghai,CN-SH,France,FR,0:52:26,3:10:59,2:42:10,0:08:19,0:08:22,7:02:17,3146,11459,9730,499,502,25337,672,551,87,572,478,71,662,553,82,672,551,87,Finisher,700
Boyu,Zhao,Boyu Zhao,332,M30-34,Male,Shanghai,Shanxi,China,CN,0:53:04,2:58:13,2:58:00,0:06:56,0:06:34,7:02:48,3184,10693,10680,416,394,25368,673,552,65,598,499,56,540,457,46,673,552,65,Finisher,700
帅,李,帅 李,422,M35-39,Male,北京,BEIJING,China,CN,0:54:12,3:06:48,2:48:00,0:06:52,0:06:59,7:02:51,3252,11208,10080,412,419,25371,674,553,114,626,523,103,637,533,115,674,553,114,Finisher,700
丹,梁,丹 梁,731,M45-49,Male,宿迁市,江苏省,Switzerland,CH,0:47:26,3:54:54,2:09:30,0:06:14,0:05:03,7:03:07,2846,14094,7770,374,303,25387,675,554,88,419,349,49,764,624,94,675,554,88,Finisher,700
Jiaxin,Gao,Jiaxin Gao,297,F30-34,Female,Shanghai ,Shanghai ,China,CN,0:55:55,3:23:13,2:31:01,0:06:39,0:06:41,7:03:28,3355,12193,9061,399,401,25408,676,122,26,667,112,23,712,120,24,676,122,26,Finisher,711
Jiyun,Ye,Jiyun Ye,906,F50-54,Female,Philadelphia,PA,China,CN,0:54:01,3:06:50,2:52:53,0:05:41,0:04:23,7:03:48,3241,11210,10373,341,263,25428,677,123,7,619,101,6,622,100,5,677,123,7,Finisher,1412
ZHAO,YUANHAO,ZHAO YUANHAO,733,M45-49,Male,shenzhen,guangdong,China,CN,0:49:35,3:19:13,2:39:01,0:09:07,0:07:03,7:04:01,2975,11953,9541,547,423,25441,678,555,89,492,412,61,682,567,86,678,555,89,Finisher,700
Katechai,Norrachetwuttiwai,Katechai Norrachetwuttiwai,918,M55-59,Male,Bangkok,Bangkok,Thailand,TH,0:57:41,3:05:38,2:44:43,0:10:15,0:05:51,7:04:07,3461,11138,9883,615,351,25447,679,556,25,700,581,33,668,556,27,679,556,25,Finisher,1004
Olga,Gracheva,Olga Gracheva,209,F25-29,Female,Ramenskoye,,Unknown,,0:50:51,3:29:09,2:21:11,0:10:20,0:12:45,7:04:15,3051,12549,8471,620,765,25455,680,124,15,531,90,13,727,129,15,680,124,15,Finisher,1258
Siu Keung,Ho,Siu Keung Ho,868,M50-54,Male,Hong Kong ,Hong Kong,Hong Kong,HK,0:58:41,3:28:15,2:21:40,0:09:23,0:06:39,7:04:38,3521,12495,8500,563,399,25478,681,557,51,713,592,55,743,608,58,681,557,51,Finisher,881
Mafalda Sofia,Aleixo Freixial,Mafalda Sofia Aleixo Freixial,234,F30-34,Female,Shanghai,SHANGHAI,Portugal,PT,0:46:32,3:57:40,2:10:41,0:05:27,0:04:27,7:04:48,2792,14260,7841,327,267,25488,682,125,27,400,65,16,766,142,29,682,125,27,Finisher,700
Jason Shawtse,Tan,Jason Shawtse Tan,774,M45-49,Male,,,Hong Kong,HK,1:04:06,3:17:55,2:22:24,0:08:47,0:11:40,7:04:53,3846,11875,8544,527,700,25493,683,558,90,766,624,92,731,601,90,683,558,90,Finisher,700
春龙,王,春龙 王,650,M40-44,Male,无锡市,Jiangsu,China,CN,0:58:40,3:31:40,2:21:40,0:06:58,0:05:59,7:04:57,3520,12700,8500,418,359,25497,684,559,133,712,591,139,745,609,139,684,559,133,Finisher,700
浩同,裴,浩同 裴,236,M30-34,Male,西安市,陕西省,China,CN,0:55:10,2:57:45,2:53:40,0:08:44,0:09:47,7:05:06,3310,10665,10420,524,587,25506,685,560,66,650,543,61,572,484,51,685,560,66,Finisher,700
栋新,徐,栋新 徐,905,M50-54,Male,,,China,CN,0:47:53,3:01:36,2:54:04,0:07:46,0:14:03,7:05:22,2873,10896,10444,466,843,25522,686,561,52,440,366,35,533,453,36,686,561,52,Finisher,867
Ci,Ren,Ci Ren,390,F35-39,Female,Shanghai,Shanghai,China,CN,1:01:52,3:20:28,2:23:27,0:07:28,0:12:39,7:05:54,3712,12028,8607,448,759,25554,687,126,23,752,134,25,724,127,23,687,126,23,Finisher,1027
Anthony,Poh,Anthony Poh,201,M25-29,Male,Singapore,NORTH EAST,Singapore,SG,0:51:53,2:56:05,3:06:43,0:06:58,0:05:28,7:07:06,3113,10565,11203,418,328,25626,688,562,35,562,469,30,512,437,30,688,562,35,Finisher,700
小北,兴,小北 兴,155,M18-24,Male,北京市,北京市,China,CN,0:58:08,3:02:16,2:50:05,0:07:24,0:09:15,7:07:08,3488,10936,10205,444,555,25628,689,563,16,708,588,18,636,532,15,689,563,16,Finisher,700
Hui Juin,Lim,Hui Juin Lim,424,F35-39,Female,Singapore,01,Singapore,SG,1:02:05,3:20:54,2:29:57,0:07:57,0:07:01,7:07:54,3725,12054,8997,477,421,25674,690,127,24,753,135,26,732,131,24,690,127,24,Finisher,991
Yerbol,Tymbayev,Yerbol Tymbayev,851,M50-54,Male,Almaty,Алматы,Kazakhstan,KZ,0:46:03,3:07:18,3:00:04,0:07:42,0:07:12,7:08:19,2763,11238,10804,462,432,25699,691,564,53,384,321,31,565,479,42,691,564,53,Finisher,814
Sergey,Minin,Sergey Minin,561,M40-44,Male,Almaty,Алматы,Kazakhstan,KZ,0:46:12,3:07:09,3:00:07,0:07:43,0:07:19,7:08:29,2772,11229,10807,463,439,25709,692,565,134,391,327,77,566,480,121,692,565,134,Finisher,700
Joko,Wirawan,Joko Wirawan,713,M45-49,Male,"Cikarang, Bekasi",West Java,Indonesia,ID,1:00:24,3:07:38,2:46:48,0:08:21,0:05:53,7:09:05,3624,11258,10008,501,353,25745,693,566,91,736,608,89,675,562,84,693,566,91,Finisher,700
Lichao,Song,Lichao Song,502,M35-39,Male,上海,上海虹口,China,CN,0:58:10,3:03:05,2:48:49,0:09:04,0:10:29,7:09:36,3490,10985,10129,544,629,25776,694,567,115,709,589,120,653,545,119,694,567,115,Finisher,700
Yiu Kwok,Lam,Yiu Kwok Lam,863,M50-54,Male,,,Hong Kong,HK,0:56:41,3:08:19,2:49:33,0:08:53,0:06:13,7:09:39,3401,11299,10173,533,373,25779,695,568,54,683,568,51,669,557,52,695,568,54,Finisher,790
Wenjie,Xie,Wenjie Xie,960,F60-64,Female,珠海市,广东省,China,CN,1:05:19,3:19:59,2:29:27,0:07:05,0:07:52,7:09:42,3919,11999,8967,425,472,25782,696,128,1,771,144,1,737,134,1,696,128,1,Finisher,3500
Sergey,Egorov,Sergey Egorov,992,M65-69,Male,92130,CA,United States,US,0:51:09,3:19:43,2:48:02,0:06:07,0:05:03,7:10:04,3069,11983,10082,367,303,25804,697,569,8,541,450,8,677,564,7,697,569,8,Finisher,1470
JIANG,WU,JIANG WU,932,M55-59,Male,,,China,CN,0:50:21,3:19:26,2:42:44,0:10:12,0:08:10,7:10:53,3021,11966,9764,612,490,25853,698,570,26,516,429,24,693,576,30,698,570,26,Finisher,883
THEODOROS,Gkitzos,THEODOROS Gkitzos,946,M55-59,Male,Shanghai,AU-WA,Greece,GR,0:41:37,3:12:47,3:04:30,0:07:10,0:05:16,7:11:20,2497,11567,11070,430,316,25880,699,571,27,225,190,12,571,483,22,699,571,27,Finisher,875
Jefferson,Aranda,Jefferson Aranda,375,M35-39,Male,Kobe,,Ecuador,EC,1:01:05,3:16:01,2:41:42,0:07:04,0:06:01,7:11:53,3665,11761,9702,424,361,25913,700,572,116,748,616,125,707,588,123,700,572,116,Finisher,700
XINYI,LIN,XINYI LIN,241,F30-34,Female,上海,上海,China,CN,1:03:04,3:34:52,2:10:34,0:16:25,0:07:20,7:12:16,3784,12892,7834,985,440,25936,701,129,28,756,137,29,773,145,30,701,129,28,Finisher,700
Tie Jun,Lou,Tie Jun Lou,933,M55-59,Male,上海,CN-SH,China,CN,0:50:20,3:29:33,2:39:12,0:07:50,0:05:40,7:12:34,3020,12573,9552,470,340,25954,702,573,28,515,428,23,718,595,33,702,573,28,Finisher,852
Jean-Louis,GUILLAUME-COMBECAVE,Jean-Louis GUILLAUME-COMBECAVE,915,M55-59,Male,Rambouillet,Île-de-France,France,FR,0:40:45,3:24:35,2:52:05,0:07:43,0:07:25,7:12:34,2445,12275,10325,463,445,25954,703,574,29,200,172,10,666,554,26,703,574,29,Finisher,852
Lin,Zhu,Lin Zhu,384,M35-39,Male,Hangzhou,Zhejiang,China,CN,0:49:51,3:13:54,2:57:35,0:06:42,0:05:45,7:13:45,2991,11634,10655,402,345,26025,704,575,117,500,418,87,654,546,120,704,575,117,Finisher,700
Richard,Wang,Richard Wang,849,M50-54,Male,台北市,台北市,United States,US,0:52:54,3:07:23,3:01:00,0:06:25,0:06:18,7:14:00,3174,11243,10860,385,378,26040,705,576,55,590,491,43,625,525,47,705,576,55,Finisher,712
Leon,Loukeris,Leon Loukeris,859,M50-54,Male,Shanghai,Shanghai,Greece,GR,0:45:37,3:26:02,2:51:18,0:05:32,0:06:17,7:14:46,2737,12362,10278,332,377,26086,706,577,56,367,306,29,678,565,54,706,577,56,Finisher,700
Shane ,Du Plessis ,Shane Du Plessis,292,M30-34,Male,Wenzhou,ZHEJIANG SHENG,South Africa,ZA,0:48:35,3:27:24,2:50:13,0:04:17,0:04:28,7:14:56,2915,12444,10213,257,268,26096,707,578,67,464,388,46,694,577,66,707,578,67,Finisher,700
Andrew,Ranson,Andrew Ranson,843,M50-54,Male,Encinitas,CA,United States,US,0:47:32,3:11:06,3:02:37,0:08:14,0:05:42,7:15:12,2852,11466,10957,494,342,26112,708,579,57,427,355,33,629,527,48,708,579,57,Finisher,700
Philippe,Bruneau,Philippe Bruneau,940,M55-59,Male,shanghai,Shanghai,France,FR,0:45:52,3:06:40,3:12:29,0:05:35,0:05:44,7:16:21,2752,11200,11549,335,344,26181,709,580,30,377,315,16,539,456,18,709,580,30,Finisher,784
Robin ,Ford-Coron,Robin Ford-Coron,344,M35-39,Male,Beijing,BEIJING,France,FR,0:50:45,3:09:49,3:05:11,0:05:21,0:05:49,7:16:56,3045,11389,11111,321,349,26216,710,581,118,526,438,90,618,519,111,710,581,118,Finisher,700
Carrie,Jaques,Carrie Jaques,662,F40-44,Female,Shanghai,Shanghai,Australia,AU,0:47:22,3:11:52,3:07:35,0:04:58,0:05:40,7:17:27,2842,11512,11255,298,340,26247,711,130,25,417,70,11,599,96,17,711,130,25,Finisher,766
Mikhail,Galanin,Mikhail Galanin,633,M40-44,Male,Moscow,MOSKVA,Unknown,,0:49:02,3:12:12,3:05:24,0:04:55,0:06:05,7:17:37,2942,11532,11124,295,365,26257,712,582,135,477,400,95,619,520,127,712,582,135,Finisher,700
Mengdi,Li,Mengdi Li,418,F35-39,Female,Beijing,Beijing,China,CN,1:03:09,3:37:01,2:21:42,0:09:14,0:07:47,7:18:52,3789,13021,8502,554,467,26332,713,131,25,758,138,27,765,141,27,713,131,25,Finisher,793
Olga,Shmidko,Olga Shmidko,909,F55-59,Female,Shymkent,,Unknown,,1:00:37,3:13:33,2:53:05,0:05:17,0:07:14,7:19:45,3637,11613,10385,317,434,26385,714,132,9,740,130,10,690,117,9,714,132,9,Finisher,1847
Cecilia ,Perdomo ,Cecilia Perdomo,525,F40-44,Female,Shanghai ,Shanghai ,Venezuela,VE,1:02:07,3:33:47,2:33:04,0:05:03,0:05:53,7:19:53,3727,12827,9184,303,353,26393,715,133,26,754,136,27,755,139,29,715,133,26,Finisher,722
Cian,Fraser,Cian Fraser,219,M25-29,Male,Cupar,Scotland,United Kingdom,GB,0:49:40,3:51:04,2:28:32,0:05:44,0:05:40,7:20:40,2980,13864,8912,344,340,26440,716,583,36,495,415,25,762,622,39,716,583,36,Finisher,700
William,Ang,William Ang,967,M60-64,Male,Singapore,SOUTH EAST,Singapore,SG,0:51:24,3:08:33,3:09:51,0:05:00,0:06:01,7:20:48,3084,11313,11391,300,361,26448,717,584,17,551,460,12,606,510,15,717,584,17,Finisher,895
Paul,Rice,Paul Rice,973,M60-64,Male,SHANGHAI,SHANGHAI,United Kingdom,GB,0:57:59,3:32:24,2:36:01,0:09:12,0:05:16,7:20:51,3479,12744,9361,552,316,26451,718,585,18,707,587,18,752,614,20,718,585,18,Finisher,894
Tao,Liang,Tao Liang,858,M50-54,Male,GuangZhou,CN-GD,China,CN,1:00:34,3:13:12,2:55:10,0:06:43,0:07:16,7:22:55,3634,11592,10510,403,436,26575,719,586,58,739,610,57,695,578,55,719,586,58,Finisher,700
Chan,Wen,Chan Wen,327,F30-34,Female,Singapore,,China,CN,1:03:47,3:22:30,2:48:20,0:05:29,0:03:24,7:23:30,3827,12150,10100,329,204,26610,720,134,29,764,142,30,735,133,28,720,134,29,Finisher,700
Tong,Jin,Tong Jin,355,M35-39,Male,,,China,CN,0:53:01,2:59:12,3:18:42,0:06:30,0:06:27,7:23:52,3181,10752,11922,390,387,26632,721,587,119,595,496,100,543,460,100,721,587,119,Finisher,700
亮,徐,亮 徐,566,M40-44,Male,无锡市,Jiangsu,China,CN,0:52:01,3:14:22,2:44:26,0:12:58,0:20:27,7:24:14,3121,11662,9866,778,1227,26654,722,588,136,566,472,115,689,573,135,722,588,136,Finisher,700
Xuelai,Wang,Xuelai Wang,568,M40-44,Male,irvine,CA,United States,US,0:57:27,3:08:54,2:56:32,0:11:47,0:09:37,7:24:17,3447,11334,10592,707,577,26657,723,589,137,695,577,137,683,568,133,723,589,137,Finisher,700
Qing,Tan,Qing Tan,632,F40-44,Female,廣州,廣東,China,CN,0:53:45,3:28:42,2:45:19,0:09:10,0:07:40,7:24:36,3225,12522,9919,550,460,26676,724,135,27,613,100,19,734,132,27,724,135,27,Finisher,700
Yang,Fan,Yang Fan,692,F40-44,,BeiJing,China BeiJing,China,CN,0:55:16,3:21:46,2:47:23,0:11:21,0:08:55,7:24:41,3316,12106,10043,681,535,26681,725,136,28,652,108,21,721,125,24,725,136,28,Finisher,700
MAO,DAQING,MAO DAQING,7777,M55-59,Male,Beijing,CN-BJ,China,CN,1:03:06,3:29:57,2:33:03,0:08:53,0:09:49,7:24:47,3786,12597,9183,533,589,26687,726,590,31,757,620,36,756,617,36,726,590,31,Finisher,700
HONG WAI,TAN ,HONG WAI TAN,450,F35-39,Male,Telok Panglima Garang,Selangor,Malaysia,MY,0:59:42,3:29:16,2:42:40,0:06:49,0:06:38,7:25:05,3582,12556,9760,409,398,26705,727,137,26,732,127,24,742,135,25,727,137,26,Finisher,700
Yat Man Jim ,Leung,Yat Man Jim Leung,183,M25-29,Male,HK,Hong Kong,Hong Kong,HK,0:54:18,3:43:02,2:33:52,0:06:17,0:08:03,7:25:32,3258,13382,9232,377,483,26732,728,591,37,628,525,34,759,620,38,728,591,37,Finisher,700
Alexander,Kurniawan,Alexander Kurniawan,948,M55-59,Male,Jakarta,Jakarta,Indonesia,ID,0:50:57,3:25:04,2:50:39,0:11:37,0:07:51,7:26:08,3057,12304,10239,697,471,26768,729,592,32,536,445,25,717,594,32,729,592,32,Finisher,700
KIRILL,BORISOV,KIRILL BORISOV,421,M35-39,Male,Volgograd,VOLGOGRADSKAJA OBLAST',Unknown,,0:57:57,3:37:47,2:36:51,0:06:56,0:06:50,7:26:22,3477,13067,9411,416,410,26782,730,593,120,706,586,119,758,619,127,730,593,120,Finisher,700
Johnnie,Tsai,Johnnie Tsai,769,M45-49,Male,shanghai,CN-SH,Taiwan,TW,1:04:51,3:24:09,2:43:44,0:08:39,0:05:49,7:27:13,3891,12249,9824,519,349,26833,731,594,92,768,626,94,748,611,92,731,594,92,Finisher,700
Bowei,Sun,Bowei Sun,658,M40-44,Male,Shanghai,Shanghai,China,CN,0:48:07,3:06:44,3:17:41,0:05:28,0:09:25,7:27:25,2887,11204,11861,328,565,26845,732,595,138,449,374,86,562,476,120,732,595,138,Finisher,700
Carvey,Horng,Carvey Horng,442,M35-39,Male,Shanghai,SHANGHAI SHI,Philippines,PH,0:59:36,3:32:14,2:33:32,0:10:24,0:11:46,7:27:33,3576,12734,9212,624,706,26853,733,596,121,730,604,123,757,618,126,733,596,121,Finisher,700
Hongwei,Shen,Hongwei Shen,952,M55-59,Male,上海,Shanghai,China,CN,0:51:43,3:20:08,3:02:37,0:05:07,0:08:38,7:28:13,3103,12008,10957,307,518,26893,734,597,33,557,465,26,676,563,28,734,597,33,Finisher,700
Bo,Zhang,Bo Zhang,240,M30-34,Male,Beijing,CN-BJ,China,CN,0:55:50,3:20:25,3:04:24,0:04:26,0:06:28,7:31:34,3350,12025,11064,266,388,27094,735,598,68,665,555,63,698,581,67,735,598,68,Finisher,700
Glenn,Jones,Glenn Jones,964,M60-64,Male,Shanghai,SHANGHAI,Ireland,IE,0:58:28,3:13:57,3:01:51,0:08:12,0:09:30,7:31:59,3508,11637,10911,492,570,27119,736,599,19,710,590,19,697,580,17,736,599,19,Finisher,700
Wang,Yaodong,Wang Yaodong,892,M50-54,Male,SHANGHAI,CN-SH,China,CN,0:52:41,3:12:57,3:15:17,0:05:35,0:06:00,7:32:29,3161,11577,11717,335,360,27149,737,600,59,580,483,42,658,549,50,737,600,59,Finisher,700
Pengfei,Tao,Pengfei Tao,339,M35-39,Male,上海,CN-SH,China,CN,1:08:01,3:30:03,2:37:33,0:06:46,0:10:25,7:32:49,4081,12603,9453,406,625,27169,738,601,122,774,630,127,760,621,128,738,601,122,Finisher,700
KAM PING,NG,KAM PING NG,883,F50-54,Female,Hong Kong,Hong Kong,Hong Kong,HK,0:58:45,3:20:41,2:56:23,0:07:37,0:09:38,7:33:03,3525,12041,10583,457,578,27183,739,138,8,715,123,7,716,123,8,739,138,8,Finisher,885
Yun Qi,Zhao,Yun Qi Zhao,389,M35-39,Male,北京,北京,China,CN,0:39:33,3:24:34,3:13:35,0:04:25,0:11:07,7:33:14,2373,12274,11615,265,667,27194,740,602,123,171,146,25,641,537,116,740,602,123,Finisher,700
Qiaochu,Jiang,Qiaochu Jiang,414,M35-39,Male,Xuhui,Shanghai,China,CN,0:57:39,3:17:39,3:05:46,0:06:05,0:07:10,7:34:18,3459,11859,11146,365,430,27258,741,603,124,699,580,118,701,584,122,741,603,124,Finisher,700
Arun,Malik,Arun Malik,912,M55-59,Male,New Delhi,Delhi,India,IN,0:39:50,3:34:19,3:03:49,0:04:56,0:12:30,7:35:23,2390,12859,11029,296,750,27323,742,604,34,176,150,8,686,571,29,742,604,34,Finisher,700
Felik,Chandra,Felik Chandra,670,M40-44,Male,Jakarta,DKI Jakarta,Indonesia,ID,1:01:34,2:54:25,3:18:50,0:10:36,0:11:47,7:37:12,3694,10465,11930,636,707,27432,743,605,139,751,618,141,623,523,128,743,605,139,Finisher,700
Adrian,Pang,Adrian Pang,762,M45-49,Male,,,Singapore,SG,0:59:09,3:33:51,2:49:21,0:07:22,0:07:42,7:37:25,3549,12831,10161,442,462,27445,744,606,93,721,596,87,753,615,93,744,606,93,Finisher,700
Dingwei,Wu,Dingwei Wu,438,M35-39,Male,shanghai,CN-SH,China,CN,1:05:20,3:15:25,3:03:59,0:07:09,0:06:16,7:38:08,3920,11725,11039,429,376,27488,745,607,125,772,628,126,719,596,124,745,607,125,Finisher,700
Jacques,Van Blerk,Jacques Van Blerk,325,M30-34,Male,Vereeniging,Gauteng,South Africa,ZA,0:53:00,3:32:20,3:00:42,0:04:48,0:07:51,7:38:41,3180,12740,10842,288,471,27521,746,608,69,593,494,55,726,598,70,746,608,69,Finisher,700
miaomiao,cui,miaomiao cui,306,F30-34,Female,,,China,CN,1:00:41,2:56:42,3:29:41,0:05:41,0:07:03,7:39:48,3641,10602,12581,341,423,27588,747,139,30,743,132,28,586,92,18,747,139,30,Finisher,700
Chi Wah,Lam,Chi Wah Lam,987,M65-69,Male,Shanghai,CN-SH,Hong Kong,HK,1:00:33,3:17:03,3:00:53,0:13:34,0:08:02,7:40:06,3633,11823,10853,814,482,27606,748,609,9,738,609,9,733,602,9,748,609,9,Finisher,929
韩,博,韩 博,458,M35-39,Male,Beijing,Beijing,China,CN,0:35:32,3:08:22,3:35:09,0:05:59,0:15:25,7:40:27,2132,11302,12909,359,925,27627,749,610,126,84,73,14,482,414,92,749,610,126,Finisher,700
Hwee Lian,Khoo,Hwee Lian Khoo,750,M45-49,Male,singapore,Singapore,Singapore,SG,1:03:52,3:24:46,3:03:06,0:04:03,0:04:46,7:40:33,3832,12286,10986,243,286,27633,750,611,94,765,623,91,739,605,91,750,611,94,Finisher,700
Pobsuk,Tangpitaggul ,Pobsuk Tangpitaggul,156,M18-24,Male,Bangkok,Bangkok,Thailand,TH,0:48:14,3:31:44,3:03:18,0:10:36,0:06:54,7:40:46,2894,12704,10998,636,414,27646,751,612,17,457,381,13,729,599,17,751,612,17,Finisher,700
Sergei,Tarasov,Sergei Tarasov,412,M35-39,Male,Kursk,Kursk region,Unknown,,0:59:32,3:05:47,3:22:56,0:06:09,0:06:45,7:41:10,3572,11147,12176,369,405,27670,752,613,127,727,601,122,660,551,121,752,613,127,Finisher,700
Marx,Chong,Marx Chong,147,M18-24,Male,Singapore,,Singapore,SG,0:55:17,3:51:43,2:44:07,0:05:32,0:04:37,7:41:16,3317,13903,9847,332,277,27676,753,614,18,653,545,16,768,625,18,753,614,18,Finisher,700
weirong,du,weirong du,230,M30-34,Male,SHANGHAI,China,China,CN,0:52:58,3:18:00,3:24:52,0:04:57,0:06:26,7:47:14,3178,11880,12292,297,386,28034,754,615,70,591,492,54,674,561,64,754,615,70,Finisher,700
Paul,Deranek,Paul Deranek,172,M25-29,Male,"Shanghai, Hongkou District",Shanghai,Germany,DE,0:54:33,3:45:10,2:52:46,0:08:49,0:06:00,7:47:17,3273,13510,10366,529,360,28037,755,616,38,634,531,36,763,623,40,755,616,38,Finisher,700
Yihua,Dai,Yihua Dai,455,F35-39,Female,Keelung City,31,China,CN,0:56:20,3:35:39,2:51:58,0:13:44,0:12:39,7:50:19,3380,12939,10318,824,759,28219,756,140,27,676,115,22,761,140,26,756,140,27,Finisher,700
Yiannis,Manologlou,Yiannis Manologlou,861,M50-54,Male,Artemida,Attica,Greece,GR,1:01:20,3:28:02,3:05:31,0:08:14,0:08:39,7:51:46,3680,12482,11131,494,519,28306,757,617,60,750,617,59,747,610,59,757,617,60,Finisher,700
Xu,Biao,Xu Biao,565,M40-44,Male,,,China,CN,0:59:17,3:28:32,3:04:00,0:10:02,0:12:22,7:54:13,3557,12512,11040,602,742,28453,758,618,140,723,598,140,749,612,140,758,618,140,Finisher,700
Javier,Ng,Javier Ng,229,M30-34,Male,Singapore,,Singapore,SG,0:48:56,3:34:18,3:12:31,0:10:44,0:07:56,7:54:25,2936,12858,11551,644,476,28465,759,619,71,475,398,47,740,606,71,759,619,71,Finisher,700
Joe Teddy Yosua,Sanjaya,Joe Teddy Yosua Sanjaya,194,M25-29,Male,Singapore,01,India,IN,0:54:28,3:27:25,3:17:37,0:10:44,0:06:41,7:56:55,3268,12445,11857,644,401,28615,760,620,39,633,530,35,738,604,37,760,620,39,Finisher,700
Union HY,HSIEH,Union HY HSIEH,284,M30-34,Male,Hong Kong,Hong Kong,Taiwan,TW,0:44:15,4:01:00,2:50:55,0:08:17,0:13:44,7:58:11,2655,14460,10255,497,824,28691,761,621,72,310,263,30,772,628,72,761,621,72,Finisher,700
Indira,Yustikania,Indira Yustikania,638,F40-44,Female,Jakarta,JAKARTA RAYA,Indonesia,ID,0:52:46,3:28:15,3:20:44,0:09:31,0:07:23,7:58:38,3166,12495,12044,571,443,28718,762,141,29,584,98,17,728,130,26,762,141,29,Finisher,700
Ivan,Velasco,Ivan Velasco,894,M50-54,Male,Riverside,CONNECTICUT,Canada,CA,0:50:45,3:11:30,3:25:40,0:12:35,0:18:28,7:58:57,3045,11490,12340,755,1108,28737,763,622,61,525,437,41,672,559,53,763,622,61,Finisher,700
Duangkamol,Saisee,Duangkamol Saisee,752,F45-49,Female,,,Thailand,TH,1:03:40,3:42:19,2:58:51,0:06:50,0:08:22,8:00:02,3820,13339,10731,410,502,28802,764,142,12,761,140,13,770,144,13,764,142,12,Finisher,700
Liu,Min,Liu Min,620,M40-44,Male,shanghai,shanghai,China,CN,0:50:19,3:52:33,2:59:48,0:10:18,0:08:11,8:01:09,3019,13953,10788,618,491,28869,765,623,141,513,427,101,771,627,141,765,623,141,Finisher,700
敏芳,华,敏芳 华,718,F45-49,Female,无锡,Kaohsiung City,China,CN,1:03:09,3:21:49,3:11:51,0:12:24,0:12:30,8:01:44,3789,12109,11511,744,750,28904,766,143,13,759,139,12,746,137,12,766,143,13,Finisher,700
文波,裘,文波 裘,379,M35-39,Male,杭州,CN-ZJ,China,CN,0:36:13,2:24:29,4:57:14,0:02:25,0:03:20,8:03:40,2173,8669,17834,145,200,29020,767,624,128,99,86,16,84,78,18,767,624,128,Finisher,700
"Man Biu, Bill",Cheng,"Man Biu, Bill Cheng",958,M55-59,Male,上海,CN-SH,Hong Kong,HK,0:53:29,3:31:17,3:20:22,0:07:28,0:11:26,8:04:01,3209,12677,12022,448,686,29041,768,625,35,603,504,28,736,603,35,768,625,35,Finisher,700
Maria-Silvia,Hewett,Maria-Silvia Hewett,926,F55-59,Female,Lenham,KENT,Brazil,BR,0:42:22,3:45:45,3:18:31,0:08:23,0:09:48,8:04:48,2542,13545,11911,503,588,29088,769,144,10,252,40,2,744,136,10,769,144,10,Finisher,1037
Dingkun,Hu,Dingkun Hu,175,M25-29,Male,Hangzhou,Zhejiang,China,CN,0:54:58,3:17:33,3:34:28,0:08:37,0:09:43,8:05:20,3298,11853,12868,517,583,29120,770,626,40,641,537,38,699,582,36,770,626,40,Finisher,700
卫国,祝,卫国 祝,969,M60-64,Male,,,China,CN,0:52:52,3:34:10,3:24:15,0:06:57,0:09:06,8:07:20,3172,12850,12255,417,546,29240,771,627,20,588,489,13,741,607,19,771,627,20,Finisher,700
Jung,Goh,Jung Goh,954,M55-59,Male,Shanghai,CN-SH,Australia,AU,0:47:17,3:29:04,3:36:55,0:08:44,0:06:08,8:08:08,2837,12544,13015,524,368,29288,772,628,36,416,347,18,710,591,31,772,628,36,Finisher,700
Zan,Qin,Zan Qin,759,M45-49,Male,,,China,CN,1:00:43,3:41:28,3:08:24,0:10:35,0:08:32,8:09:42,3643,13288,11304,635,512,29382,773,629,95,744,612,90,769,626,95,773,629,95,Finisher,700
Wang,Xiuyi,Wang Xiuyi,221,M25-29,Male,Shanghai,Baoshan,China,CN,0:56:17,4:01:48,3:01:21,0:05:36,0:06:08,8:11:10,3377,14508,10881,336,368,29470,774,630,41,673,559,39,774,629,41,774,630,41,Finisher,700
yuhong,Ma,yuhong Ma,865,F50-54,Female,广州市,广东省,China,CN,1:04:53,3:36:36,3:14:18,0:09:36,0:08:14,8:13:38,3893,12996,11658,576,494,29618,775,145,9,769,143,9,767,143,9,775,145,9,Finisher,700
Zhong,YuQi,Zhong YuQi,997,M70-74,Male,Shanghai,Shanghai,China,CN,0:59:06,4:04:10,2:49:56,0:11:27,0:12:09,8:16:48,3546,14650,10196,687,729,29808,776,631,3,720,595,3,776,631,3,776,631,3,Finisher,700
Zhi,Li,Zhi Li,647,M40-44,Male,Beijing,BEIJING,China,CN,0:45:07,4:15:48,3:07:12,0:05:01,0:06:33,8:19:42,2707,15348,11232,301,393,29982,777,632,142,345,289,65,775,630,142,777,632,142,Finisher,700
Pavel,Artyushenko,Pavel Artyushenko,798,M45-49,Male,Almaty,Almaty,Kazakhstan,KZ,,,,0:00:00,0:00:00,,0,0,0,0,0,0,99999,99999,99999,99999,99999,99999,99999,99999,99999,99999,99999,99999,DNS,0
Natalia,Markanova,Natalia Markanova,832,F50-54,Female,Красноярск,Siberian Federal District,Unknown,,,,,0:00:00,0:00:00,,0,0,0,0,0,0,99999,99999,99999,99999,99999,99999,99999,99999,99999,99999,99999,99999,DNF,0
Jack ,王,Jack 王,232,M30-34,Male,Shanghai,Shanghai,China,CN,1:26:38,,,0:00:00,0:00:00,,5198,0,0,0,0,0,99999,99999,99999,99999,99999,99999,99999,99999,99999,99999,99999,99999,DNF,0
David,Leigh,David Leigh,324,M30-34,Male,HONG KONG,Hong Kong,Sweden,SE,,,,0:00:00,0:00:00,,0,0,0,0,0,0,99999,99999,99999,99999,99999,99999,99999,99999,99999,99999,99999,99999,DNS,0
Albert,Samitov,Albert Samitov,900,M50-54,Male,Bodrum,MUGLA,Turkey,TR,,,,0:00:00,0:00:00,,0,0,0,0,0,0,99999,99999,99999,99999,99999,99999,99999,99999,99999,99999,99999,99999,DNS,0
Xuanji,He,Xuanji He,168,M25-29,Male,厦门市,Fujian,China,CN,,,,0:00:00,0:00:00,,0,0,0,0,0,0,99999,99999,99999,99999,99999,99999,99999,99999,99999,99999,99999,99999,DNS,0
Tim,Cunningham,Tim Cunningham,511,M35-39,Male,shanghai,CN-SH,United States,US,,,,0:00:00,0:00:00,,0,0,0,0,0,0,99999,99999,99999,99999,99999,99999,99999,99999,99999,99999,99999,99999,DNS,0
Yang,Yu,Yang Yu,593,M40-44,Male,shanghai,CN-SH,China,CN,,,,0:00:00,0:00:00,,0,0,0,0,0,0,99999,99999,99999,99999,99999,99999,99999,99999,99999,99999,99999,99999,DNS,0
Tao,Liang,Tao Liang,845,M50-54,Male,GuangZhou,CN-GD,China,CN,,,,0:00:00,0:00:00,,0,0,0,0,0,0,99999,99999,99999,99999,99999,99999,99999,99999,99999,99999,99999,99999,DNS,0
武,涛,武 涛,888,M50-54,Male,shanghai,CN-SH,China,CN,,,,0:00:00,0:00:00,,0,0,0,0,0,0,99999,99999,99999,99999,99999,99999,99999,99999,99999,99999,99999,99999,DNS,0
ZHANG,MATTHEW,ZHANG MATTHEW,702,M45-49,Male,上海,,China,CN,1:17:50,,,0:00:00,0:00:00,,4670,0,0,0,0,0,99999,99999,99999,99999,99999,99999,99999,99999,99999,99999,99999,99999,DNF,0
Chen,Xu,Chen Xu,358,M35-39,Male,cupertino,CA,Canada,CA,,,,0:00:00,0:00:00,,0,0,0,0,0,0,99999,99999,99999,99999,99999,99999,99999,99999,99999,99999,99999,99999,DNS,0
Johan Hendik Adriaan,Smit,Johan Hendik Adriaan Smit,342,M35-39,Male,Springs,Gauteng,South Africa,ZA,,,,0:00:00,0:00:00,,0,0,0,0,0,0,99999,99999,99999,99999,99999,99999,99999,99999,99999,99999,99999,99999,DNF,0
Paul,Heddebaut,Paul Heddebaut,76,M35-39,Male,SAINT LAURENT DU VAR,,France,FR,,,,0:00:00,0:00:00,,0,0,0,0,0,0,99999,99999,99999,99999,99999,99999,99999,99999,99999,99999,99999,99999,DNF,0
Yi,Ren,Yi Ren,578,M40-44,Male,Beijing,CN-BJ,China,CN,,,,0:00:00,0:00:00,,0,0,0,0,0,0,99999,99999,99999,99999,99999,99999,99999,99999,99999,99999,99999,99999,DNS,0
YIJUN,ZHANG,YIJUN ZHANG,606,M40-44,Male,上海,CN-SH,China,CN,1:22:56,,,0:00:00,0:00:00,,4976,0,0,0,0,0,99999,99999,99999,99999,99999,99999,99999,99999,99999,99999,99999,99999,DNF,0
Koki,Ono,Koki Ono,687,M40-44,Male,Hatsukaichi City,JP-34,Japan,JP,,,,0:00:00,0:00:00,,0,0,0,0,0,0,99999,99999,99999,99999,99999,99999,99999,99999,99999,99999,99999,99999,DNS,0
Fan,Xia,Fan Xia,698,M40-44,Male,成都,Sichuan,China,CN,,,,0:00:00,0:00:00,,0,0,0,0,0,0,99999,99999,99999,99999,99999,99999,99999,99999,99999,99999,99999,99999,DNS,0
Jiahui,Chen,Jiahui Chen,439,F35-39,Female,shenzhen,GUANGDONG,China,CN,1:13:55,3:26:35,2:46:24,0:05:11,0:07:19,7:39:25,4435,12395,9984,311,439,27565,99999,99999,99999,99999,99999,99999,99999,99999,99999,99999,99999,99999,Unofficial,0
Teerawat,Chansawang,Teerawat Chansawang,395,M35-39,Male,Wangthonglang,KRUNG THEP MAHA NAKHON,Thailand,TH,0:43:19,,,0:06:11,0:00:00,,2599,0,0,371,0,0,99999,99999,99999,99999,99999,99999,99999,99999,99999,99999,99999,99999,DNF,0
令芳,陈,令芳 陈,953,F55-59,Female,天津,天津,China,CN,1:12:05,3:31:57,2:49:12,0:03:11,0:05:40,7:42:07,4325,12717,10152,191,340,27727,99999,99999,99999,99999,99999,99999,99999,99999,99999,99999,99999,99999,Unofficial,0
Ivan,Ang,Ivan Ang,573,M40-44,Male,Singapore,,Singapore,SG,1:01:56,3:17:02,2:36:29,0:06:56,0:05:22,7:07:46,3716,11822,9389,416,322,25666,99999,99999,99999,99999,99999,99999,99999,99999,99999,99999,99999,99999,DNF,0
Mingyuan,Hu,Mingyuan Hu,346,M35-39,Male,Chongqing,Chongqing,China,CN,0:50:58,,,0:06:18,0:00:00,,3058,0,0,378,0,0,99999,99999,99999,99999,99999,99999,99999,99999,99999,99999,99999,99999,DNF,0
CHEN,DINWEI,CHEN DINWEI,804,M45-49,Male,Shenzhen,CN-GD,Taiwan,TW,,,,0:00:00,0:00:00,,0,0,0,0,0,0,99999,99999,99999,99999,99999,99999,99999,99999,99999,99999,99999,99999,DNS,0
Alexey,Bondarenko,Alexey Bondarenko,895,M50-54,Male,Novosibirsk,,Unknown,,,,,0:00:00,0:00:00,,0,0,0,0,0,0,99999,99999,99999,99999,99999,99999,99999,99999,99999,99999,99999,99999,DQ,0
理锋 LI FENG,陆 LU,理锋 LI FENG 陆 LU,784,M45-49,Male,张家港,CN-JS,China,CN,,,,0:00:00,0:00:00,,0,0,0,0,0,0,99999,99999,99999,99999,99999,99999,99999,99999,99999,99999,99999,99999,DNS,0
Nikos,Ntaifas,Nikos Ntaifas,853,M50-54,Male,Volos,Thessaly,Greece,GR,,,,0:00:00,0:00:00,,0,0,0,0,0,0,99999,99999,99999,99999,99999,99999,99999,99999,99999,99999,99999,99999,DNS,0
Wensheng,Luo,Wensheng Luo,955,M55-59,Male,Beecroft ,NSW,Australia,AU,,,,0:00:00,0:00:00,,0,0,0,0,0,0,99999,99999,99999,99999,99999,99999,99999,99999,99999,99999,99999,99999,DNS,0
Yuchuan,Liu,Yuchuan Liu,164,M18-24,Male,Beijing,Beijing,China,CN,,,,0:00:00,0:00:00,,0,0,0,0,0,0,99999,99999,99999,99999,99999,99999,99999,99999,99999,99999,99999,99999,DNS,0
Simon,Wu,Simon Wu,333,M30-34,Male,,,China,CN,,,,0:00:00,0:00:00,,0,0,0,0,0,0,99999,99999,99999,99999,99999,99999,99999,99999,99999,99999,99999,99999,DNS,0
Malik,Kappanov,Malik Kappanov,105,M45-49,Male,Astana,Astana,Kazakhstan,KZ,,,,0:00:00,0:00:00,,0,0,0,0,0,0,99999,99999,99999,99999,99999,99999,99999,99999,99999,99999,99999,99999,DNS,0
Hendro,Huang,Hendro Huang,603,M40-44,Male,"Pluit
Jakarta 14440","DKI Jakarta
DKI Jakarta",Indonesia,ID,,,,0:00:00,0:00:00,,0,0,0,0,0,0,99999,99999,99999,99999,99999,99999,99999,99999,99999,99999,99999,99999,DNS,0
Baizhan,Kanafin,Baizhan Kanafin,712,M45-49,Male,Astana,Astana,Kazakhstan,KZ,,,,0:00:00,0:00:00,,0,0,0,0,0,0,99999,99999,99999,99999,99999,99999,99999,99999,99999,99999,99999,99999,DNS,0
Duangporn,Prom-On,Duangporn Prom-On,844,F50-54,Female,"Hua Mak, Bang Kapi",KRUNG THEP MAHA NAKHON,Thailand,TH,1:16:27,3:27:33,2:57:04,0:06:55,0:05:55,7:53:55,4587,12453,10624,415,355,28435,99999,99999,99999,99999,99999,99999,99999,99999,99999,99999,99999,99999,Unofficial,0
Ting Piu,Chong,Ting Piu Chong,663,M40-44,Male,Hong kong,Hong Kong,Hong Kong,HK,,,,0:00:00,0:00:00,,0,0,0,0,0,0,99999,99999,99999,99999,99999,99999,99999,99999,99999,99999,99999,99999,DNS,0
Makoto ,Miwa ,Makoto Miwa,830,M50-54,Male,Ichihara,Kanto,Japan,JP,1:13:17,3:47:31,,0:05:47,0:09:30,,4397,13651,0,347,570,0,99999,99999,99999,99999,99999,99999,99999,99999,99999,99999,99999,99999,DNF,0
Yerlan,Bekmurzayev,Yerlan Bekmurzayev,595,M40-44,Male,Astana,Astana,Kazakhstan,KZ,,,,0:00:00,0:00:00,,0,0,0,0,0,0,99999,99999,99999,99999,99999,99999,99999,99999,99999,99999,99999,99999,DNS,0
郁志,郭,郁志 郭,719,M45-49,Male,无锡市,Hong Kong,China,CN,,,,0:00:00,0:00:00,,0,0,0,0,0,0,99999,99999,99999,99999,99999,99999,99999,99999,99999,99999,99999,99999,DNS,0
Binghui,Cai,Binghui Cai,341,F35-39,Female,宁波市,浙江省,China,CN,,,,0:00:00,0:00:00,,0,0,0,0,0,0,99999,99999,99999,99999,99999,99999,99999,99999,99999,99999,99999,99999,DNS,0
Fransisca,Harlijanto,Fransisca Harlijanto,819,F45-49,Female,Tangerang City,BT,Indonesia,ID,,,,0:00:00,0:00:00,,0,0,0,0,0,0,99999,99999,99999,99999,99999,99999,99999,99999,99999,99999,99999,99999,DNS,0
Valikhan,Ten,Valikhan Ten,773,M45-49,Male,Almaty,Алматы,Kazakhstan,KZ,1:10:18,2:49:59,2:36:06,0:08:59,0:08:21,6:53:43,4218,10199,9366,539,501,24823,99999,99999,99999,99999,99999,99999,99999,99999,99999,99999,99999,99999,Unofficial,0
Binita,Morar,Binita Morar,445,F35-39,Female,Johannesburg,,South Africa,ZA,,,,0:00:00,0:00:00,,0,0,0,0,0,0,99999,99999,99999,99999,99999,99999,99999,99999,99999,99999,99999,99999,DNS,0
Chi Lik,Lam,Chi Lik Lam,870,M50-54,Male,Hong Kong,Hong Kong,Hong Kong,HK,,,,0:00:00,0:00:00,,0,0,0,0,0,0,99999,99999,99999,99999,99999,99999,99999,99999,99999,99999,99999,99999,DNS,0
Xin,Yao,Xin Yao,599,F40-44,Female,北京,beijing,China,CN,0:46:29,3:07:12,,0:06:46,0:03:56,,2789,11232,0,406,236,0,99999,99999,99999,99999,99999,99999,99999,99999,99999,99999,99999,99999,DNF,0
Zengrui,WANG,Zengrui WANG,207,F25-29,Female,Hangzhou,Zhejiang,China,CN,,,,0:00:00,0:00:00,,0,0,0,0,0,0,99999,99999,99999,99999,99999,99999,99999,99999,99999,99999,99999,99999,DNS,0
Aleksandra ,Randi,Aleksandra Randi,203,F25-29,Female,Shanghai,Shanghai,Unknown,,1:18:32,,,0:00:00,0:00:00,,4712,0,0,0,0,0,99999,99999,99999,99999,99999,99999,99999,99999,99999,99999,99999,99999,DNF,0
天宇,闻,天宇 闻,467,M35-39,Male,杭州,CN-ZJ,China,CN,,,,0:00:00,0:00:00,,0,0,0,0,0,0,99999,99999,99999,99999,99999,99999,99999,99999,99999,99999,99999,99999,DNS,0
涤秋,唐,涤秋 唐,397,F35-39,Female,Suzhou,Jiangsu,China,CN,1:13:28,,,0:00:00,0:00:00,,4408,0,0,0,0,0,99999,99999,99999,99999,99999,99999,99999,99999,99999,99999,99999,99999,DNF,0
Ying,Yin,Ying Yin,659,F40-44,Female,上海,上海,China,CN,1:18:41,2:53:38,2:25:39,0:05:14,0:05:59,6:49:10,4721,10418,8739,314,359,24550,99999,99999,99999,99999,99999,99999,99999,99999,99999,99999,99999,99999,DNF,0
树生,马,树生 马,504,M35-39,Male,北京市,,China,CN,1:18:59,,2:36:19,0:00:00,0:00:00,6:51:25,4739,0,9379,0,0,24685,99999,99999,99999,99999,99999,99999,99999,99999,99999,99999,99999,99999,DNF,0
Thomas,Hitchings,Thomas Hitchings,791,M45-49,Male,,,United Kingdom,GB,,,,0:00:00,0:00:00,,0,0,0,0,0,0,99999,99999,99999,99999,99999,99999,99999,99999,99999,99999,99999,99999,DNS,0
Zachary Yong Jun,Tan,Zachary Yong Jun Tan,211,M25-29,Male,Singapore,Singapore,Singapore,SG,1:11:16,2:46:18,2:03:27,0:08:02,0:04:08,6:13:11,4276,9978,7407,482,248,22391,99999,99999,99999,99999,99999,99999,99999,99999,99999,99999,99999,99999,Unofficial,0
Andrea,Costa Ardissone,Andrea Costa Ardissone,173,M25-29,Male,上海,Taipei City,Italy,IT,,,,0:00:00,0:00:00,,0,0,0,0,0,0,99999,99999,99999,99999,99999,99999,99999,99999,99999,99999,99999,99999,DNS,0
Jayden,Kuijpers,Jayden Kuijpers,10001,MPRO,Male,Burnaby,BC,New Zealand,NZ,,,,0:00:00,0:00:00,,0,0,0,0,0,0,99999,99999,99999,99999,99999,99999,99999,99999,99999,99999,99999,99999,DNS,0
Congda,Fang,Congda Fang,161,M18-24,Male,shanghai,CN-SH,China,CN,,,,0:00:00,0:00:00,,0,0,0,0,0,0,99999,99999,99999,99999,99999,99999,99999,99999,99999,99999,99999,99999,DNS,0
Romain,Camerman,Romain Camerman,765,M45-49,Male,happy valley,New York,Hong Kong,HK,,,,0:00:00,0:00:00,,0,0,0,0,0,0,99999,99999,99999,99999,99999,99999,99999,99999,99999,99999,99999,99999,DNS,0
Jose Maria,Lopez Mosti,Jose Maria Lopez Mosti,383,M35-39,Male,Huixquilucan,Estado De Mexico,Mexico,MX,0:41:10,,,0:09:41,0:00:00,,2470,0,0,581,0,0,99999,99999,99999,99999,99999,99999,99999,99999,99999,99999,99999,99999,DNF,0
Adam,Arthur,Adam Arthur,986,M65-69,Male,LOS ANGELES,CA,United States,US,1:01:55,4:02:25,3:05:01,0:10:22,0:07:52,8:27:36,3715,14545,11101,622,472,30456,99999,99999,99999,99999,99999,99999,99999,99999,99999,99999,99999,99999,DNF,0
Pavel ,Papich,Pavel Papich,742,M45-49,Male,,,Unknown,,,,,0:00:00,0:00:00,,0,0,0,0,0,0,99999,99999,99999,99999,99999,99999,99999,99999,99999,99999,99999,99999,DNS,0
Amarit,Sukhavanij,Amarit Sukhavanij,959,M55-59,Male,"Hua Mak, Bang Kapi",,Thailand,TH,,,,0:00:00,0:00:00,,0,0,0,0,0,0,99999,99999,99999,99999,99999,99999,99999,99999,99999,99999,99999,99999,DNS,0
Dongming,Ge,Dongming Ge,937,M55-59,Male,上海市,上海市,China,CN,,,,0:00:00,0:00:00,,0,0,0,0,0,0,99999,99999,99999,99999,99999,99999,99999,99999,99999,99999,99999,99999,DNF,0
Colin,Zhang,Colin Zhang,329,M30-34,Male,singapore,01,Australia,AU,,,,0:00:00,0:00:00,,0,0,0,0,0,0,99999,99999,99999,99999,99999,99999,99999,99999,99999,99999,99999,99999,DNF,0
Xin,Luo,Xin Luo,600,M40-44,Male,北京,CN-BJ,China,CN,,,,0:00:00,0:00:00,,0,0,0,0,0,0,99999,99999,99999,99999,99999,99999,99999,99999,99999,99999,99999,99999,DNS,0
chen,zewen,chen zewen,377,M35-39,Male,上海,Shanghai,China,CN,,,,0:00:00,0:00:00,,0,0,0,0,0,0,99999,99999,99999,99999,99999,99999,99999,99999,99999,99999,99999,99999,DNF,0
Yoan,Rigart-Lenisa,Yoan Rigart-Lenisa,652,M40-44,Male,Shanghai,CN-SH,France,FR,,,,0:00:00,0:00:00,,0,0,0,0,0,0,99999,99999,99999,99999,99999,99999,99999,99999,99999,99999,99999,99999,DNS,0
晓鸣,胡,晓鸣 胡,710,M45-49,Male,昆明,云南省,China,CN,,,,0:00:00,0:00:00,,0,0,0,0,0,0,99999,99999,99999,99999,99999,99999,99999,99999,99999,99999,99999,99999,DNS,0
Jean-Philippe,Odunlami,Jean-Philippe Odunlami,771,M45-49,Male,Marugame-shiMarugame-shi,Kagawa-ken,France,FR,,,,0:00:00,0:00:00,,0,0,0,0,0,0,99999,99999,99999,99999,99999,99999,99999,99999,99999,99999,99999,99999,DNS,0
Hao,Xu,Hao Xu,403,M35-39,Male,Beijing,Beijing,China,CN,,,,0:00:00,0:00:00,,0,0,0,0,0,0,99999,99999,99999,99999,99999,99999,99999,99999,99999,99999,99999,99999,DNS,0
Michael,O Grady,Michael O Grady,975,M60-64,Male,Sheffield,Yorkshire,Ireland,IE,0:49:58,2:39:47,,0:04:21,0:09:03,,2998,9587,0,261,543,0,99999,99999,99999,99999,99999,99999,99999,99999,99999,99999,99999,99999,DNF,0
Carmen,Choi,Carmen Choi,882,F50-54,Female,"HONG KONG, CHINA",Hong Kong,Hong Kong,HK,0:51:49,2:49:58,,0:05:15,0:10:33,,3109,10198,0,315,633,0,99999,99999,99999,99999,99999,99999,99999,99999,99999,99999,99999,99999,DNF,0
Inaki,Viteri,Inaki Viteri,583,M40-44,Male,Arrasate,Euskadi,Spain,ES,,,,0:00:00,0:00:00,,0,0,0,0,0,0,99999,99999,99999,99999,99999,99999,99999,99999,99999,99999,99999,99999,DNS,0
Francis,Choong,Francis Choong,787,M45-49,Male,Singapore,Singapore,Singapore,SG,1:21:48,2:53:20,2:45:46,0:06:47,0:06:57,7:14:39,4908,10400,9946,407,417,26079,99999,99999,99999,99999,99999,99999,99999,99999,99999,99999,99999,99999,Unofficial,0
Claire,O'Brien,Claire O'Brien,792,F45-49,Female,Shanghai,CN-SH,United Kingdom,GB,0:57:50,3:46:21,,0:09:10,0:28:18,,3470,13581,0,550,1698,0,99999,99999,99999,99999,99999,99999,99999,99999,99999,99999,99999,99999,DNF,0
JINPING,GU,JINPING GU,746,M45-49,Male,南京,CN-JS,China,CN,0:56:26,,,0:11:55,0:00:00,,3386,0,0,715,0,0,99999,99999,99999,99999,99999,99999,99999,99999,99999,99999,99999,99999,DNF,0
Juliano,Goedert,Juliano Goedert,609,M40-44,Male,Shenzhen,CN-GD,Brazil,BR,,,,0:00:00,0:00:00,,0,0,0,0,0,0,99999,99999,99999,99999,99999,99999,99999,99999,99999,99999,99999,99999,DNS,0
Samrat,Aizharykov,Samrat Aizharykov,321,M30-34,Male,Aktobe,Aktobe,Kazakhstan,KZ,,,,0:00:00,0:00:00,,0,0,0,0,0,0,99999,99999,99999,99999,99999,99999,99999,99999,99999,99999,99999,99999,DNF,0
XIAOWEI,FENG,XIAOWEI FENG,722,M45-49,Male,,,China,CN,,,,0:00:00,0:00:00,,0,0,0,0,0,0,99999,99999,99999,99999,99999,99999,99999,99999,99999,99999,99999,99999,DNF,0
Khalifa,Altamimi,Khalifa Altamimi,340,M35-39,Male,Dubai,Dubai,United Arab Emirates,AE,,,,0:00:00,0:00:00,,0,0,0,0,0,0,99999,99999,99999,99999,99999,99999,99999,99999,99999,99999,99999,99999,DNF,0
John,Keenan,John Keenan,991,M65-69,Male,Botany Downs,,New Zealand,NZ,0:55:32,3:52:43,,0:11:59,0:16:37,,3332,13963,0,719,997,0,99999,99999,99999,99999,99999,99999,99999,99999,99999,99999,99999,99999,DNF,0
Chen,Wei,Chen Wei,296,M30-34,Male,北京,北京市,China,CN,0:28:54,2:10:09,,0:02:14,0:02:34,,1734,7809,0,134,154,0,99999,99999,99999,99999,99999,99999,99999,99999,99999,99999,99999,99999,DNF,0
Vladislav,Onischenko,Vladislav Onischenko,846,M50-54,Male,Petah-Tiqwa,TEL AVIV,Israel,IL,,,,0:00:00,0:00:00,,0,0,0,0,0,0,99999,99999,99999,99999,99999,99999,99999,99999,99999,99999,99999,99999,DNS,0
Jiwei,Liu,Jiwei Liu,429,M35-39,Male,wuhan,Hubei,China,CN,,,,0:00:00,0:00:00,,0,0,0,0,0,0,99999,99999,99999,99999,99999,99999,99999,99999,99999,99999,99999,99999,DNS,0
Lefeng,Zhou,Lefeng Zhou,781,M45-49,Male,Shanghai,Shanghai,China,CN,,,,0:00:00,0:00:00,,0,0,0,0,0,0,99999,99999,99999,99999,99999,99999,99999,99999,99999,99999,99999,99999,DNF,0
Pwe,Klangpapun,Pwe Klangpapun,947,M55-59,Male,Patumthani,,Thailand,TH,1:11:21,2:52:33,2:55:09,0:05:34,0:10:15,7:14:52,4281,10353,10509,334,615,26092,99999,99999,99999,99999,99999,99999,99999,99999,99999,99999,99999,99999,Unofficial,0
Vasily,Lukin,Vasily Lukin,448,M35-39,Male,,DXB,Unknown,,,,,0:00:00,0:00:00,,0,0,0,0,0,0,99999,99999,99999,99999,99999,99999,99999,99999,99999,99999,99999,99999,DNS,0
KEYI,CAI,KEYI CAI,237,M30-34,Male,china,JIANGSU,China,CN,,,,0:00:00,0:00:00,,0,0,0,0,0,0,99999,99999,99999,99999,99999,99999,99999,99999,99999,99999,99999,99999,DNS,0
Alexey,Vshivtsev,Alexey Vshivtsev,343,M35-39,Male,Актобе,Актобе,Kazakhstan,KZ,,,,0:00:00,0:00:00,,0,0,0,0,0,0,99999,99999,99999,99999,99999,99999,99999,99999,99999,99999,99999,99999,DQ,0
Zhi,Wang,Zhi Wang,406,M35-39,Male,上海,CN-SH,China,CN,,,,0:00:00,0:00:00,,0,0,0,0,0,0,99999,99999,99999,99999,99999,99999,99999,99999,99999,99999,99999,99999,DNS,0
Alexandr,Martynov,Alexandr Martynov,460,M35-39,Male,Moscow,,Romania,RO,,,,0:00:00,0:00:00,,0,0,0,0,0,0,99999,99999,99999,99999,99999,99999,99999,99999,99999,99999,99999,99999,DNS,0
Jamilya,Akmoldayeva,Jamilya Akmoldayeva,703,F45-49,Female,Astana,Astana,Kazakhstan,KZ,,,,0:00:00,0:00:00,,0,0,0,0,0,0,99999,99999,99999,99999,99999,99999,99999,99999,99999,99999,99999,99999,DNS,0
Medvedev,Dmitry,Medvedev Dmitry,537,M40-44,Male,Kursk,Central Federal District,Unknown,,,,,0:00:00,0:00:00,,0,0,0,0,0,0,99999,99999,99999,99999,99999,99999,99999,99999,99999,99999,99999,99999,DNS,0
Wen,Zhang,Wen Zhang,386,M35-39,Male,Shanghai,Taoyuan City,China,CN,,,,0:00:00,0:00:00,,0,0,0,0,0,0,99999,99999,99999,99999,99999,99999,99999,99999,99999,99999,99999,99999,DNS,0
HONG WAI,TAN ,HONG WAI TAN,925,M55-59,Male,Telok Panglima Garang,Selangor,Malaysia,MY,,,,0:00:00,0:00:00,,0,0,0,0,0,0,99999,99999,99999,99999,99999,99999,99999,99999,99999,99999,99999,99999,DNF,0
Tatsuo,Murao,Tatsuo Murao,976,M60-64,Male,Minato City,Fukushima,Japan,JP,1:06:04,3:30:58,3:28:23,0:11:26,0:10:02,8:26:53,3964,12658,12503,686,602,30413,99999,99999,99999,99999,99999,99999,99999,99999,99999,99999,99999,99999,DNF,0
Zhikang,Wu,Zhikang Wu,217,M25-29,Male,hangzhou,zhejiang,China,CN,,,,0:00:00,0:00:00,,0,0,0,0,0,0,99999,99999,99999,99999,99999,99999,99999,99999,99999,99999,99999,99999,DNS,0
Jamal,Hussain,Jamal Hussain,885,M50-54,Male,dubai,Abu Dhabi,Saint Kitts & Nevis,KN,,,,0:00:00,0:00:00,,0,0,0,0,0,0,99999,99999,99999,99999,99999,99999,99999,99999,99999,99999,99999,99999,DNS,0
Andrey,Ivanchikhin,Andrey Ivanchikhin,799,M45-49,Male,Paphos,Paphos,Cyprus,CY,,,,0:00:00,0:00:00,,0,0,0,0,0,0,99999,99999,99999,99999,99999,99999,99999,99999,99999,99999,99999,99999,DNS,0
Futai,Bao,Futai Bao,311,M30-34,Male,,,China,CN,,,,0:00:00,0:00:00,,0,0,0,0,0,0,99999,99999,99999,99999,99999,99999,99999,99999,99999,99999,99999,99999,DNS,0
Bob Sheng,Lee,Bob Sheng Lee,454,M35-39,Male,Chaoyang,Beijing,Hong Kong,HK,1:05:51,3:42:12,3:35:31,0:07:05,0:04:30,8:35:09,3951,13332,12931,425,270,30909,99999,99999,99999,99999,99999,99999,99999,99999,99999,99999,99999,99999,Unofficial,0
Kazuki,Takayama,Kazuki Takayama,835,M50-54,Male,横浜市神奈川区,神奈川県,Japan,JP,,,,0:00:00,0:00:00,,0,0,0,0,0,0,99999,99999,99999,99999,99999,99999,99999,99999,99999,99999,99999,99999,DNS,0
逸心,颜,逸心 颜,413,M35-39,Male,上海,CN-SH,China,CN,,,,0:00:00,0:00:00,,0,0,0,0,0,0,99999,99999,99999,99999,99999,99999,99999,99999,99999,99999,99999,99999,DNS,0
Mengting,Zhu,Mengting Zhu,263,F30-34,Female,Shanghai,Shanghai,China,CN,,,,0:00:00,0:00:00,,0,0,0,0,0,0,99999,99999,99999,99999,99999,99999,99999,99999,99999,99999,99999,99999,DNS,0
Xianyu,Wang,Xianyu Wang,150,M18-24,Male,成都,Sichuan,China,CN,1:20:17,,,0:00:00,0:00:00,,4817,0,0,0,0,0,99999,99999,99999,99999,99999,99999,99999,99999,99999,99999,99999,99999,DNF,0
Mikhail,Bobylev,Mikhail Bobylev,51,M45-49,Male,Los Angeles,CALIFORNIA,United States,US,0:40:12,2:38:16,,0:04:25,0:03:15,,2412,9496,0,265,195,0,99999,99999,99999,99999,99999,99999,99999,99999,99999,99999,99999,99999,DNF,0
Kamkarn,Sriprasarn,Kamkarn Sriprasarn,823,F45-49,Female,"Chomphol, Jatujak",Bangkok,Thailand,TH,,,,0:00:00,0:00:00,,0,0,0,0,0,0,99999,99999,99999,99999,99999,99999,99999,99999,99999,99999,99999,99999,DNF,0
Vitalii,Kucher,Vitalii Kucher,536,M40-44,Male,Chelyabinsk,Ural Federal District,Unknown,,,,,0:00:00,0:00:00,,0,0,0,0,0,0,99999,99999,99999,99999,99999,99999,99999,99999,99999,99999,99999,99999,DNS,0
Zhoucheng,Ni,Zhoucheng Ni,359,M35-39,Male,Kunshan,Jiangsu,China,CN,,,,0:00:00,0:00:00,,0,0,0,0,0,0,99999,99999,99999,99999,99999,99999,99999,99999,99999,99999,99999,99999,DNS,0
Andrew,Johnson,Andrew Johnson,972,M60-64,Male,Farrell,PA,United States,US,,,,0:00:00,0:00:00,,0,0,0,0,0,0,99999,99999,99999,99999,99999,99999,99999,99999,99999,99999,99999,99999,DNS,0
BENJAMIN,ZHANG,BENJAMIN ZHANG,180,M25-29,,,,China,CN,,,,0:00:00,0:00:00,,0,0,0,0,0,0,99999,99999,99999,99999,99999,99999,99999,99999,99999,99999,99999,99999,DNF,0
Yeqi,Sun,Yeqi Sun,270,M30-34,Male,吉林省,CN-JL,China,CN,0:46:19,,,0:03:00,0:00:00,,2779,0,0,180,0,0,99999,99999,99999,99999,99999,99999,99999,99999,99999,99999,99999,99999,DNF,0
Noor,Alqabandi,Noor Alqabandi,381,F35-39,Female,Kuwait ,,Kuwait,KW,,,,0:00:00,0:00:00,,0,0,0,0,0,0,99999,99999,99999,99999,99999,99999,99999,99999,99999,99999,99999,99999,DNS,0
Tiebin,Sun,Tiebin Sun,902,M50-54,Male,北京,北京朝阳区,China,CN,1:10:11,3:15:44,2:45:24,0:07:04,0:08:07,7:26:30,4211,11744,9924,424,487,26790,99999,99999,99999,99999,99999,99999,99999,99999,99999,99999,99999,99999,Unofficial,0
jie,Gao,jie Gao,387,M35-39,Male,,,China,CN,,,,0:00:00,0:00:00,,0,0,0,0,0,0,99999,99999,99999,99999,99999,99999,99999,99999,99999,99999,99999,99999,DNS,0
Mahir,Ahmed,Mahir Ahmed,468,M35-39,Male,Dhaka,,Bangladesh,BD,,,,0:00:00,0:00:00,,0,0,0,0,0,0,99999,99999,99999,99999,99999,99999,99999,99999,99999,99999,99999,99999,DNS,0
John Ho Chuen,Lee,John Ho Chuen Lee,855,M50-54,Male,Mid Levels,Hong Kong,Hong Kong,HK,0:55:04,3:57:33,,0:07:47,0:11:18,,3304,14253,0,467,678,0,99999,99999,99999,99999,99999,99999,99999,99999,99999,99999,99999,99999,DNF,0
Michael,Bique,Michael Bique,635,M40-44,Male,geneve,,France,FR,,,,0:00:00,0:00:00,,0,0,0,0,0,0,99999,99999,99999,99999,99999,99999,99999,99999,99999,99999,99999,99999,DNS,0
Carlene,Hamley,Carlene Hamley,879,F50-54,Female,Putaruru,,New Zealand,NZ,,,,0:00:00,0:00:00,,0,0,0,0,0,0,99999,99999,99999,99999,99999,99999,99999,99999,99999,99999,99999,99999,DNS,0
Steven,Le Cornu,Steven Le Cornu,326,M30-34,Male,Happy Valley,West Virginia,Jersey,JE,,,,0:00:00,0:00:00,,0,0,0,0,0,0,99999,99999,99999,99999,99999,99999,99999,99999,99999,99999,99999,99999,DNS,0
倪,佳,倪 佳,721,M45-49,Male,上海,上海,China,CN,,,,0:00:00,0:00:00,,0,0,0,0,0,0,99999,99999,99999,99999,99999,99999,99999,99999,99999,99999,99999,99999,DNS,0
Ilya,Nesterov,Ilya Nesterov,96,M45-49,Male,Dubai,Dubai,United Arab Emirates,AE,0:35:03,2:27:16,,0:02:27,0:02:36,,2103,8836,0,147,156,0,99999,99999,99999,99999,99999,99999,99999,99999,99999,99999,99999,99999,DNF,0
MD LUTFOR,RAHMAN,MD LUTFOR RAHMAN,982,M60-64,Male,DHAKA,Dhaka,Bangladesh,BD,,,,0:00:00,0:00:00,,0,0,0,0,0,0,99999,99999,99999,99999,99999,99999,99999,99999,99999,99999,99999,99999,DNF,0
Michael,Bouchut,Michael Bouchut,400,M35-39,Male,上海,CN-SH,France,FR,,,,0:00:00,0:00:00,,0,0,0,0,0,0,99999,99999,99999,99999,99999,99999,99999,99999,99999,99999,99999,99999,DNS,0
Evgeny,Maslov,Evgeny Maslov,876,M50-54,Male,Moscow,,Romania,RO,,,,0:00:00,0:00:00,,0,0,0,0,0,0,99999,99999,99999,99999,99999,99999,99999,99999,99999,99999,99999,99999,DNS,0
Huayang,Sun,Huayang Sun,664,M40-44,Male,Shanghai,Shanghai,China,CN,,,,0:00:00,0:00:00,,0,0,0,0,0,0,99999,99999,99999,99999,99999,99999,99999,99999,99999,99999,99999,99999,DQ,0
PAUL,PEMBERTON,PAUL PEMBERTON,394,M35-39,Male,Penrith,New South Wales,Australia,AU,,,,0:00:00,0:00:00,,0,0,0,0,0,0,99999,99999,99999,99999,99999,99999,99999,99999,99999,99999,99999,99999,DNS,0
Anthony,O'Brien,Anthony O'Brien,908,M50-54,Male,Shanghai,CN-SH,United Kingdom,GB,,,,0:00:00,0:00:00,,0,0,0,0,0,0,99999,99999,99999,99999,99999,99999,99999,99999,99999,99999,99999,99999,DNS,0
YiFan,Huang,YiFan Huang,516,M40-44,Male,广州,CN-GD,China,CN,0:30:46,2:10:01,,0:02:13,0:02:06,,1846,7801,0,133,126,0,99999,99999,99999,99999,99999,99999,99999,99999,99999,99999,99999,99999,DNF,0
Chun Ho Keith,Yiu,Chun Ho Keith Yiu,743,M45-49,Male,Hong kong,Hong Kong,Hong Kong,HK,1:23:11,,,0:00:00,0:00:00,,4991,0,0,0,0,0,99999,99999,99999,99999,99999,99999,99999,99999,99999,99999,99999,99999,DNF,0
Kun,Han,Kun Han,514,M35-39,Male,shanghai,CN-SH,China,CN,0:45:31,2:47:05,,0:02:58,0:03:15,,2731,10025,0,178,195,0,99999,99999,99999,99999,99999,99999,99999,99999,99999,99999,99999,99999,DNF,0
Rachel,Faulds,Rachel Faulds,5006,FPRO,Female,Guelph,ON,Canada,CA,0:32:38,,,0:01:38,0:00:00,,1958,0,0,98,0,0,99999,99999,99999,99999,99999,99999,99999,99999,99999,99999,99999,99999,DNF,0
Guofeng,Pan,Guofeng Pan,760,M45-49,Male,Shanghai,Shanghai,China,CN,1:10:16,3:11:06,2:14:20,0:05:32,0:05:20,6:46:34,4216,11466,8060,332,320,24394,99999,99999,99999,99999,99999,99999,99999,99999,99999,99999,99999,99999,Unofficial,0
Sam,Ong,Sam Ong,837,M50-54,Male,Singapore,Singapore,Singapore,SG,,,,0:00:00,0:00:00,,0,0,0,0,0,0,99999,99999,99999,99999,99999,99999,99999,99999,99999,99999,99999,99999,DQ,0
ZHI SHENG,LIANG,ZHI SHENG LIANG,818,M45-49,Male,广州,CN-GD,China,CN,,,,0:00:00,0:00:00,,0,0,0,0,0,0,99999,99999,99999,99999,99999,99999,99999,99999,99999,99999,99999,99999,DNS,0
东伟,席,东伟 席,526,M40-44,Male,三门峡灵宝市,,China,CN,,,,0:00:00,0:00:00,,0,0,0,0,0,0,99999,99999,99999,99999,99999,99999,99999,99999,99999,99999,99999,99999,DNF,0
丽丽,沈,丽丽 沈,848,F50-54,Female,东营,Shandong,China,CN,,,,0:00:00,0:00:00,,0,0,0,0,0,0,99999,99999,99999,99999,99999,99999,99999,99999,99999,99999,99999,99999,DNF,0
DAWO,GU,DAWO GU,998,M80-84,Male,银川市,CN-NX,China,CN,1:23:24,,,0:00:00,0:00:00,,5004,0,0,0,0,0,99999,99999,99999,99999,99999,99999,99999,99999,99999,99999,99999,99999,DNF,0
Felix Christopher Victor,Nah,Felix Christopher Victor Nah,677,M40-44,Male,jakarta,Jakarta,Indonesia,ID,1:14:18,3:25:53,3:29:16,0:11:04,0:08:51,8:29:23,4458,12353,12556,664,531,30563,99999,99999,99999,99999,99999,99999,99999,99999,99999,99999,99999,99999,Unofficial,0
Patrick,Chan,Patrick Chan,901,M50-54,Male,Kowloon ,Hong Kong,Hong Kong,HK,,,,0:00:00,0:00:00,,0,0,0,0,0,0,99999,99999,99999,99999,99999,99999,99999,99999,99999,99999,99999,99999,DNF,0
Adrian,Klementowski ,Adrian Klementowski,688,M40-44,Male,Shenzhen,Maryland,Poland,PL,,,,0:00:00,0:00:00,,0,0,0,0,0,0,99999,99999,99999,99999,99999,99999,99999,99999,99999,99999,99999,99999,DNS,0
哲,迟,哲 迟,841,M50-54,Male,上海市,上海市,China,CN,,,,0:00:00,0:00:00,,0,0,0,0,0,0,99999,99999,99999,99999,99999,99999,99999,99999,99999,99999,99999,99999,DNF,0
Joey,Chen,Joey Chen,644,M40-44,Male,Shanghai,Shanghai,Hong Kong,HK,,,,0:00:00,0:00:00,,0,0,0,0,0,0,99999,99999,99999,99999,99999,99999,99999,99999,99999,99999,99999,99999,DNS,0
Richad,Kumala,Richad Kumala,669,M40-44,Male,Jakarta,Jakarta,Indonesia,ID,,1:17:24,,0:00:00,0:00:00,,0,4644,0,0,0,0,99999,99999,99999,99999,99999,99999,99999,99999,99999,99999,99999,99999,DNF,0
Lisa,Yin,Lisa Yin,291,F30-34,Female,Beijing,BEIJING,Germany,DE,,,,0:00:00,0:00:00,,0,0,0,0,0,0,99999,99999,99999,99999,99999,99999,99999,99999,99999,99999,99999,99999,DNF,0
Se,Wang,Se Wang,549,M40-44,Male,深圳市,,China,CN,1:34:16,,,0:00:00,0:00:00,,5656,0,0,0,0,0,99999,99999,99999,99999,99999,99999,99999,99999,99999,99999,99999,99999,DNF,0
Margarita,Kunts,Margarita Kunts,290,F30-34,Female,Lisbon,Lisbon,Saudi Arabia,SA,,,,0:00:00,0:00:00,,0,0,0,0,0,0,99999,99999,99999,99999,99999,99999,99999,99999,99999,99999,99999,99999,DNS,0
Jun,Wang,Jun Wang,715,M45-49,Male,shanghai,CN-SH,China,CN,,,,0:00:00,0:00:00,,0,0,0,0,0,0,99999,99999,99999,99999,99999,99999,99999,99999,99999,99999,99999,99999,DNS,0
Jiayi ,Fan,Jiayi Fan,560,F40-44,Female,Zhengzhou,Henan,China,CN,,,,0:00:00,0:00:00,,0,0,0,0,0,0,99999,99999,99999,99999,99999,99999,99999,99999,99999,99999,99999,99999,DNS,0
Barry,Easterby,Barry Easterby,993,M65-69,Male,Edmonton,AB,Canada,CA,,,,0:00:00,0:00:00,,0,0,0,0,0,0,99999,99999,99999,99999,99999,99999,99999,99999,99999,99999,99999,99999,DNS,0
King Fung,Lok,King Fung Lok,824,M45-49,Male,,,Hong Kong,HK,,,,0:00:00,0:00:00,,0,0,0,0,0,0,99999,99999,99999,99999,99999,99999,99999,99999,99999,99999,99999,99999,DNF,0
Victor,CHAN,Victor CHAN,307,M30-34,Male,Yuen Long,New Territories,Hong Kong,HK,1:13:54,3:47:08,2:26:47,0:06:07,0:06:39,7:40:35,4434,13628,8807,367,399,27635,99999,99999,99999,99999,99999,99999,99999,99999,99999,99999,99999,99999,Unofficial,0
zou,yibin,zou yibin,419,M35-39,Male,无锡,江苏省,China,CN,,,,0:00:00,0:00:00,,0,0,0,0,0,0,99999,99999,99999,99999,99999,99999,99999,99999,99999,99999,99999,99999,DNS,0
Essy Dwi,Damayanthi,Essy Dwi Damayanthi,643,F40-44,Female,"Kelurahan komet
Banjarbaru","Kalimantan selatan
Indonesia",Indonesia,ID,,,,0:00:00,0:00:00,,0,0,0,0,0,0,99999,99999,99999,99999,99999,99999,99999,99999,99999,99999,99999,99999,DNF,0
Wenhao,Zhou,Wenhao Zhou,337,M35-39,Male,changsha,Indiana,China,CN,0:28:48,2:17:31,,0:02:18,0:02:56,,1728,8251,0,138,176,0,99999,99999,99999,99999,99999,99999,99999,99999,99999,99999,99999,99999,DNF,0
Ng Sio Wai,Ng,Ng Sio Wai Ng,726,M45-49,Male,Macau,Macau,Macao,MO,,,,0:00:00,0:00:00,,0,0,0,0,0,0,99999,99999,99999,99999,99999,99999,99999,99999,99999,99999,99999,99999,DNS,0
Kevin ,Butler,Kevin Butler,641,M40-44,Male,Discovery Bay,Hong Kong,Hong Kong,HK,,,,0:00:00,0:00:00,,0,0,0,0,0,0,99999,99999,99999,99999,99999,99999,99999,99999,99999,99999,99999,99999,DNS,0
Naruhito,Morooka,Naruhito Morooka,981,M60-64,Male,Minato-ku,Tokyo Prefecture,Japan,JP,,,,0:00:00,0:00:00,,0,0,0,0,0,0,99999,99999,99999,99999,99999,99999,99999,99999,99999,99999,99999,99999,DNS,0
