FirstName,LastName,FullName,Bib,AgeGroup,Gender,City,State,Country,CountryISO,SwimTime,BikeTime,RunTime,T1Time,T2Time,FinishTime,SwimSeconds,BikeSeconds,RunSeconds,T1Seconds,T2Seconds,FinishSeconds,OverallRank,GenderRank,AgeGroupRank,SwimRankOverall,SwimRankGender,SwimRankGroup,BikeRankOverall,BikeRankGender,BikeRankGroup,RunRankOverall,RunRankGender,RunRankGroup,Status,Points
Pengcheng,Li,Pengcheng Li,304,M35-39,Male,Chengdu,Sichuan,China,CN,0:24:59,1:56:34,1:21:22,0:05:02,0:03:27,3:51:23,1499,6994,4882,302,207,13883,1,1,1,3,2,1,1,1,1,1,1,1,Finisher,3500
Peter,Wolkowicz,Peter Wolkowicz,561,M40-44,Male,Celle,NI,Unknown,,0:27:03,2:04:16,1:21:30,0:04:08,0:02:49,3:59:46,1623,7456,4890,248,169,14386,2,2,1,10,8,2,2,2,1,2,2,1,Finisher,3500
Junyu,Cao,Junyu Cao,24,M35-39,Male,Chongqing,CN-CN-CQ,China,CN,0:26:10,2:05:38,1:24:03,0:05:06,0:03:07,4:04:04,1570,7538,5043,306,187,14644,3,3,2,6,4,2,3,3,2,3,3,2,Finisher,3271
Zhengyu,Duan,Zhengyu Duan,177,M30-34,Male,昆明,YUNNAN SHENG,China,CN,0:23:52,2:09:12,1:24:50,0:04:17,0:03:25,4:05:35,1432,7752,5090,257,205,14735,4,4,1,1,1,1,4,4,1,4,4,1,Finisher,3500
Ke,Cai,Ke Cai,36,M25-29,Male,佛山,CN-GD,China,CN,0:37:10,2:04:12,1:20:46,0:06:24,0:02:37,4:11:10,2230,7452,4846,384,157,15070,5,5,1,130,115,17,19,18,2,5,5,1,Finisher,3500
Hongwei,Jiang,Hongwei Jiang,4,M30-34,Male,CHONGQING,CN-CQ,China,CN,0:31:43,2:08:05,1:26:55,0:04:13,0:02:47,4:13:44,1903,7685,5215,253,167,15224,6,6,2,44,38,5,9,9,2,6,6,2,Finisher,3353
LIU,DEBIN,LIU DEBIN,671,M45-49,Male,东莞,CN-GD,China,CN,0:29:21,2:08:58,1:28:35,0:04:42,0:02:50,4:14:27,1761,7738,5315,282,170,15267,7,7,1,18,14,3,6,6,1,7,7,1,Finisher,3500
YiFan,Huang,YiFan Huang,489,M40-44,Male,广州,CN-GD,China,CN,0:28:21,2:10:48,1:29:22,0:04:42,0:02:54,4:16:07,1701,7848,5362,282,174,15367,8,8,2,13,11,3,8,8,4,8,8,2,Finisher,3205
Roman,Lysenko,Roman Lysenko,183,M30-34,Male,Saint-Petersburg ,Northwestern Federal District,Afghanistan,AF,0:26:40,2:11:50,1:29:51,0:05:42,0:04:12,4:18:15,1600,7910,5391,342,252,15495,9,9,3,9,7,2,10,10,3,9,9,3,Finisher,3272
Liao,Ling,Liao Ling,49,M40-44,Male,遂宁市,CN-SC,China,CN,0:30:44,2:14:18,1:26:20,0:05:20,0:03:05,4:19:47,1844,8058,5180,320,185,15587,10,10,3,33,29,6,23,22,8,10,10,3,Finisher,3139
Jing,Guo,Jing Guo,405,M35-39,Male,酒泉,甘肃省酒泉市肃州区,China,CN,0:30:44,2:09:44,1:31:53,0:04:24,0:03:23,4:20:07,1844,7784,5513,264,203,15607,11,11,3,32,28,7,13,13,3,11,11,3,Finisher,2982
Xing,Zeng,Xing Zeng,18,M30-34,Male,重庆,CN-CQ,China,CN,0:33:40,2:10:01,1:29:04,0:05:35,0:02:53,4:21:12,2020,7801,5344,335,173,15672,12,12,4,64,56,11,21,20,5,12,12,4,Finisher,3218
Caroline,Bridges,Caroline Bridges,970,F30-34,Female,Dubai,Dubai,United States,US,0:24:55,2:17:37,1:31:20,0:05:01,0:03:39,4:22:32,1495,8257,5480,301,219,15752,13,1,1,2,1,1,18,1,1,13,1,1,Finisher,3500
Enoch Kai,Kang,Enoch Kai Kang,47,M35-39,Male,Hong Kong,Hong Kong,Hong Kong,HK,0:30:23,2:54:56,0:50:47,0:01:18,0:05:53,4:23:17,1823,10496,3047,78,353,15797,14,13,4,27,23,4,221,204,47,14,13,4,Finisher,2925
Haiyang,Xu,Haiyang Xu,46,M35-39,Male,北京,CN-BJ,China,CN,0:30:30,2:11:45,1:35:45,0:05:12,0:04:01,4:27:14,1830,7905,5745,312,241,16034,15,14,5,28,24,5,15,15,5,15,14,5,Finisher,2854
Alexander,Pupkevich,Alexander Pupkevich,500,M40-44,Male,Saint-Petersburg,Saint-PetersburgRussia,Afghanistan,AF,0:31:13,2:06:28,1:41:22,0:04:48,0:03:53,4:27:45,1873,7588,6082,288,233,16065,16,15,4,38,33,8,5,5,2,16,15,4,Finisher,2996
Pengqi,Liu,Pengqi Liu,22,M35-39,Male,Beijing,CN-BJ,China,CN,0:31:24,2:09:44,1:37:11,0:05:57,0:03:30,4:27:46,1884,7784,5831,357,210,16066,17,16,6,40,34,9,14,14,4,17,16,6,Finisher,2845
Ryosuke,Ohata,Ryosuke Ohata,9,M40-44,Male,TOKYO,JP-13,Japan,JP,0:26:31,2:11:09,1:40:04,0:05:48,0:04:35,4:28:07,1591,7869,6004,348,275,16087,18,17,5,8,6,1,7,7,3,18,17,5,Finisher,2989
Jiachao,Wang,Jiachao Wang,305,M35-39,Male,Kunming,CN-YN,China,CN,0:28:10,2:19:18,1:30:35,0:07:17,0:03:36,4:28:56,1690,8358,5435,437,216,16136,19,18,7,12,10,3,30,29,6,19,18,7,Finisher,2824
Dandan,Li,Dandan Li,597,M40-44,Male,Beijing,CN-BJ,China,CN,0:29:12,2:15:27,1:34:50,0:05:26,0:04:13,4:29:07,1752,8127,5690,326,253,16147,20,19,6,16,13,4,22,21,7,20,19,6,Finisher,2971
Fubo,Chen,Fubo Chen,105,M25-29,Male,福州,Fujian,China,CN,0:25:16,2:16:12,1:38:47,0:06:01,0:03:42,4:29:57,1516,8172,5927,361,222,16197,21,20,2,5,3,1,16,16,1,21,20,2,Finisher,3161
Pavel,Artyushenko,Pavel Artyushenko,754,M45-49,Male,Almaty,KZ-ALA,Unknown,,0:27:22,2:11:44,1:38:33,0:05:16,0:08:08,4:31:03,1642,7904,5913,316,488,16263,22,21,2,11,9,1,11,11,2,22,21,2,Finisher,3201
Yong,Li,Yong Li,967,M35-39,Male,宜宾市,CN-SC,China,CN,0:36:38,2:16:32,1:31:13,0:03:59,0:03:03,4:31:26,2198,8192,5473,239,183,16286,23,22,8,112,100,18,36,35,7,23,22,8,Finisher,2779
ChengDan,Lin,ChengDan Lin,25,M40-44,Male,Wuxi,CN-JS,China,CN,0:31:49,2:07:29,1:43:54,0:05:16,0:03:28,4:31:56,1909,7649,6234,316,208,16316,24,23,7,45,39,9,12,12,5,24,23,7,Finisher,2921
Alexey,YABLOCHKIN,Alexey YABLOCHKIN,60,M45-49,Male,Kemerovo,RU-KEM,Afghanistan,AF,0:30:10,2:19:20,1:34:19,0:05:31,0:02:41,4:32:02,1810,8360,5659,331,161,16322,25,24,3,25,21,5,32,31,4,25,24,3,Finisher,3183
Ou,Wang,Ou Wang,8,M40-44,Male,Xiamen,CN-35,China,CN,0:31:56,2:10:13,1:42:34,0:05:25,0:04:06,4:34:14,1916,7813,6154,325,246,16454,26,25,8,47,41,10,17,17,6,26,25,8,Finisher,2879
Haocheng,Liu,Haocheng Liu,16,M25-29,Male,重庆市,CN-CQ,China,CN,0:32:14,2:13:55,1:39:58,0:04:45,0:03:40,4:34:32,1934,8035,5998,285,220,16472,27,26,3,49,42,6,24,23,3,27,26,3,Finisher,3079
安其,吴,安其 吴,166,M25-29,Male,成都,四川,China,CN,0:35:37,2:14:32,1:36:55,0:05:20,0:03:11,4:35:35,2137,8072,5815,320,191,16535,28,27,4,91,82,14,33,32,5,28,27,4,Finisher,3060
Ottema,Johnny,Ottema Johnny,67,M50-54,Male,深圳,Guangdong,Unknown,,0:30:07,2:16:01,1:40:01,0:05:59,0:03:45,4:35:52,1807,8161,6001,359,225,16552,29,28,1,23,19,1,25,24,1,29,28,1,Finisher,3500
Minggang,Lu,Minggang Lu,877,M50-54,Male,无锡市,江苏省,China,CN,0:40:33,2:18:21,1:30:19,0:05:20,0:03:26,4:38:00,2433,8301,5419,320,206,16680,30,29,2,228,196,15,58,56,5,30,29,2,Finisher,3461
Muravyov,Yevgeniy,Muravyov Yevgeniy,564,M40-44,Male,Astana,KZ-AST,Kazakhstan,KZ,0:38:19,2:10:55,1:40:11,0:05:37,0:03:31,4:38:33,2299,7855,6011,337,211,16713,31,30,9,162,143,31,31,30,10,31,30,9,Finisher,2801
A Qiang,Mao,A Qiang Mao,20,M30-34,Male,金堂县,CN-SC,China,CN,0:33:38,2:08:49,1:47:25,0:05:53,0:03:20,4:39:05,2018,7729,6445,353,200,16745,32,31,5,62,54,10,20,19,4,32,31,5,Finisher,2897
Zongfei,Xie,Zongfei Xie,434,M35-39,Male,chongqing,CN-CQ,China,CN,0:40:47,2:16:06,1:35:13,0:04:34,0:03:25,4:40:04,2447,8166,5713,274,205,16804,33,32,9,235,203,42,47,46,9,33,32,9,Finisher,2623
Shenhui,Li,Shenhui Li,54,M40-44,Male,上海,CN-SH,China,CN,0:34:29,2:23:01,1:32:21,0:06:15,0:04:54,4:40:59,2069,8581,5541,375,294,16859,34,33,10,77,69,18,55,53,15,34,33,10,Finisher,2758
Yimin,Lu,Yimin Lu,685,M45-49,Male,SHANGHAI,Shanghai,China,CN,0:31:32,2:15:35,1:46:54,0:05:51,0:03:16,4:43:08,1892,8135,6414,351,196,16988,35,34,4,42,36,6,27,26,3,35,34,4,Finisher,2983
紫州,朱,紫州 朱,595,M40-44,Male,北京,CN-BJ,Unknown,,0:37:38,2:18:04,1:38:14,0:06:59,0:03:56,4:44:51,2258,8284,5894,419,236,17091,36,35,11,139,124,28,50,49,14,36,35,11,Finisher,2688
Hanlong,Zheng,Hanlong Zheng,21,M35-39,Male,北京市,CN-BJ,China,CN,0:38:14,2:16:54,1:40:40,0:06:17,0:04:11,4:46:15,2294,8214,6040,377,251,17175,37,36,10,158,139,25,46,45,8,37,36,10,Finisher,2512
MINGQIAN,SUN,MINGQIAN SUN,19,M30-34,Male,beijing ,CN-BJ,China,CN,0:43:23,2:14:47,1:38:25,0:06:39,0:03:20,4:46:34,2603,8087,5905,399,200,17194,38,37,6,318,275,33,60,58,9,38,37,6,Finisher,2762
Ruiwen,Xie,Ruiwen Xie,218,F30-34,Female,三明市,CN-FJ,China,CN,0:36:33,2:21:30,1:41:04,0:04:51,0:03:34,4:47:32,2193,8490,6064,291,214,17252,39,2,2,110,11,4,52,2,2,39,2,2,Finisher,3050
Siming,Ji,Siming Ji,965,F25-29,Female,Beijing,Beijing,China,CN,0:38:37,2:21:18,1:37:45,0:06:38,0:03:47,4:48:05,2317,8478,5865,398,227,17285,40,3,1,171,21,5,69,4,1,40,3,1,Finisher,3500
Roy,Chui,Roy Chui,234,M30-34,Male,Central,Hong Kong,United Kingdom,GB,0:33:54,2:21:12,1:42:25,0:07:10,0:03:47,4:48:28,2034,8472,6145,430,227,17308,41,38,7,68,60,12,49,48,8,41,38,7,Finisher,2728
Runze,Zhang,Runze Zhang,14,M25-29,Male,Beijing,CN-11,China,CN,0:38:32,2:11:10,1:46:27,0:07:52,0:04:28,4:48:29,2312,7870,6387,472,268,17309,42,39,5,168,148,22,37,36,6,42,39,5,Finisher,2828
Lianqin,Yu,Lianqin Yu,68,M50-54,Male,成都,CN-SC,China,CN,0:41:40,2:21:31,1:35:11,0:06:51,0:03:39,4:48:52,2500,8491,5711,411,219,17332,43,40,3,270,232,17,93,88,9,43,40,3,Finisher,3266
Andrew,Shen,Andrew Shen,13,M25-29,Male,Jersey City,NJ,United States,US,0:36:47,2:16:47,1:45:43,0:06:09,0:03:27,4:48:54,2207,8207,6343,369,207,17334,44,41,6,119,106,15,41,40,9,44,41,6,Finisher,2820
Gao,YiDian,Gao YiDian,111,M25-29,Male,YangZhou,JIANGSU,China,CN,0:34:59,2:19:00,1:46:29,0:05:36,0:03:31,4:49:35,2099,8340,6389,336,211,17375,45,42,7,83,75,12,40,39,8,45,42,7,Finisher,2808
ERIC,ZHOU,ERIC ZHOU,838,M50-54,Male,北京,CN-BJ,China,CN,0:34:56,2:23:18,1:42:54,0:05:45,0:03:44,4:50:37,2096,8598,6174,345,224,17437,46,43,4,82,74,5,56,54,4,46,43,4,Finisher,3234
Trevor,Watchman,Trevor Watchman,966,M50-54,Male,Junourton,AU-VIC,Australia,AU,0:38:00,2:14:06,1:48:30,0:07:16,0:03:53,4:51:45,2280,8046,6510,436,233,17505,47,44,5,147,129,11,39,38,3,47,44,5,Finisher,3214
Matt,Guo,Matt Guo,125,M25-29,Male,Chalfont,US-PA,United States,US,0:26:28,2:25:26,1:48:43,0:06:39,0:04:30,4:51:46,1588,8726,6523,399,270,17506,48,45,8,7,5,2,38,37,7,48,45,8,Finisher,2769
Neil,McLoughlin,Neil McLoughlin,158,M25-29,Male,Chiang Mai,CHIANG MAI,United Kingdom,GB,0:29:27,2:26:11,1:46:47,0:06:36,0:04:08,4:53:09,1767,8771,6407,396,248,17589,49,46,9,19,15,3,48,47,10,49,46,9,Finisher,2744
Afonso Celso,Xavier Guilhon Filho,Afonso Celso Xavier Guilhon Filho,777,M45-49,Male,Hong Kong,CN-91,Brazil,BR,0:35:41,2:20:19,1:46:18,0:07:05,0:05:09,4:54:32,2141,8419,6378,425,309,17672,50,47,5,93,84,11,53,51,7,50,47,5,Finisher,2778
Simon,Belfitt,Simon Belfitt,50,M40-44,Male,Hong Kong,CN-HK,Hong Kong,HK,0:34:35,2:13:17,1:56:43,0:06:08,0:04:10,4:54:53,2075,7997,7003,368,250,17693,51,48,12,79,71,20,29,28,9,51,48,12,Finisher,2507
Xinlei,Fan,Xinlei Fan,394,M35-39,Male,Beijing,CN-BJ,China,CN,0:43:07,2:29:49,1:28:16,0:08:00,0:05:50,4:55:03,2587,8989,5296,480,350,17703,52,49,11,312,270,57,178,165,39,52,49,11,Finisher,2354
Lei,Wang,Lei Wang,590,M40-44,Male,北京市,北京市,China,CN,0:32:52,2:27:34,1:43:19,0:06:10,0:05:11,4:55:06,1972,8854,6199,370,311,17706,53,50,13,55,47,12,70,66,20,53,50,13,Finisher,2504
Chaojun,Peng,Chaojun Peng,635,M40-44,Male,Blagnac,Occitania,China,CN,0:34:35,2:16:05,1:55:53,0:05:13,0:03:58,4:55:45,2075,8165,6953,313,238,17745,54,51,14,78,70,19,35,34,11,54,51,14,Finisher,2492
雨旱,陈,雨旱 陈,320,M35-39,Male,CHENGDU,SICHUAN,China,CN,0:34:43,2:25:17,1:40:59,0:09:21,0:05:54,4:56:15,2083,8717,6059,561,354,17775,55,52,12,80,72,13,87,82,15,55,52,12,Finisher,2332
Yisu,Liu,Yisu Liu,628,M40-44,Male,SAINT LOUIS,MO,United States,US,0:45:46,2:16:48,1:43:05,0:05:44,0:04:52,4:56:15,2746,8208,6185,344,292,17775,56,53,15,398,338,75,83,78,23,56,53,15,Finisher,2483
Chao,Cai,Chao Cai,6,F35-39,Female,Beijing,BEIJING,China,CN,0:36:42,2:30:41,1:37:03,0:06:38,0:05:39,4:56:44,2202,9041,5823,398,339,17804,57,4,1,114,13,3,120,10,1,57,4,1,Finisher,3500
Aaron,Wang,Aaron Wang,81,M18-24,Male,East Walpiole,US-MA,United States,US,0:30:39,2:29:43,1:45:13,0:07:03,0:04:07,4:56:45,1839,8983,6313,423,247,17805,58,54,1,30,26,2,76,71,3,58,54,1,Finisher,3500
Lin,Haoran,Lin Haoran,1,M25-29,Male,扬州,CN-JS,China,CN,0:35:10,2:11:04,1:59:13,0:06:23,0:05:11,4:56:59,2110,7864,7153,383,311,17819,59,55,10,84,76,13,26,25,4,59,55,10,Finisher,2675
Junfei,He,Junfei He,26,M40-44,Male,重庆,CN-50,China,CN,0:33:53,2:20:26,1:52:00,0:06:14,0:04:46,4:57:19,2033,8426,6720,374,286,17839,60,56,16,66,58,15,44,43,12,60,56,16,Finisher,2464
XIAODI,ZENG,XIAODI ZENG,390,M35-39,Male,Shenzhen,CN-44,China,CN,0:34:24,2:31:09,1:40:41,0:06:58,0:04:15,4:57:27,2064,9069,6041,418,255,17847,61,57,13,76,68,12,108,102,23,61,57,13,Finisher,2310
xu,yuanbao,xu yuanbao,373,M35-39,Male,haerbin,heilongjiang,China,CN,0:41:29,2:19:26,1:47:43,0:05:55,0:02:54,4:57:29,2489,8366,6463,355,174,17849,62,58,14,265,228,49,71,67,11,62,58,14,Finisher,2310
Ke,Li,Ke Li,333,M35-39,Female,成都,CN-SC,China,CN,0:36:41,2:27:04,1:44:39,0:05:56,0:04:01,4:58:20,2201,8824,6279,356,241,17900,63,59,15,113,101,19,89,84,17,63,59,15,Finisher,2294
Dimitri,Gubanov,Dimitri Gubanov,871,M50-54,Male,Blagoveschensk,RU-AMU,United States,US,0:32:45,2:17:16,1:58:24,0:05:46,0:04:22,4:58:33,1965,8236,7104,346,262,17913,64,60,6,52,45,3,34,33,2,64,60,6,Finisher,3091
力,钱,力 钱,513,M40-44,Male,宁波,Zhejiang,China,CN,0:30:08,2:25:05,1:52:32,0:05:57,0:04:56,4:58:38,1808,8705,6752,357,296,17918,65,61,17,24,20,5,45,44,13,65,61,17,Finisher,2440
Xiaochuan,Zhou,Xiaochuan Zhou,571,M40-44,Male,jinan,CN-SD,China,CN,0:40:15,2:21:31,1:46:56,0:05:15,0:04:46,4:58:43,2415,8491,6416,315,286,17923,66,62,18,219,188,45,74,69,21,66,62,18,Finisher,2438
Wang,Xiaolong,Wang Xiaolong,438,M35-39,Male,南通市,江苏省,China,CN,0:39:14,2:22:46,1:47:02,0:05:54,0:03:55,4:58:51,2354,8566,6422,354,235,17931,67,63,16,191,165,33,79,74,13,67,63,16,Finisher,2285
Yu,Yue,Yu Yue,785,M45-49,Male,shenzhen,Guangdong,China,CN,0:33:39,2:20:17,1:54:42,0:06:18,0:04:03,4:59:00,2019,8417,6882,378,243,17940,68,64,6,63,55,8,42,41,5,68,64,6,Finisher,2698
Qingwei,Zang,Qingwei Zang,534,M40-44,Male,昆明市,CN-YN,China,CN,0:39:17,2:27:41,1:39:47,0:08:07,0:04:34,4:59:25,2357,8861,5987,487,274,17965,69,65,19,192,166,38,131,121,31,69,65,19,Finisher,2426
Lui,Ka Cheuk Samson,Lui Ka Cheuk Samson,12,M25-29,Male,Hong Kong,Hong Kong,Hong Kong,HK,0:33:58,2:25:20,1:49:04,0:07:49,0:03:49,4:59:59,2038,8720,6544,469,229,17999,70,66,11,70,62,8,75,70,11,70,66,11,Finisher,2621
HaoChen,Jiang,HaoChen Jiang,229,M30-34,Male,北京,CN-BJ,China,CN,0:32:55,2:19:38,1:55:56,0:07:54,0:04:24,5:00:47,1975,8378,6956,474,264,18047,71,67,8,57,49,7,43,42,7,71,67,8,Finisher,2506
Zeliang,Guo,Zeliang Guo,3,M30-34,Male,Beijing,CN-BJ,China,CN,0:36:32,2:25:09,1:49:05,0:06:13,0:04:21,5:01:19,2192,8709,6545,373,261,18079,72,68,9,109,99,14,80,75,10,72,68,9,Finisher,2496
Yuan,Mo,Yuan Mo,609,M40-44,Male,南宁,广西,China,CN,0:40:53,2:28:18,1:41:41,0:06:59,0:03:52,5:01:44,2453,8898,6101,419,232,18104,73,69,20,240,205,50,140,130,36,73,69,20,Finisher,2384
Matthew,Pine,Matthew Pine,758,M45-49,Male,Hong Kong,CN-91,United States,US,0:28:57,2:31:03,1:51:10,0:06:33,0:04:05,5:01:47,1737,9063,6670,393,245,18107,74,70,7,15,12,2,68,65,10,74,70,7,Finisher,2648
Ahmed,Sali,Ahmed Sali,45,M35-39,Male,Germiston,Gauteng,Unknown,,0:33:33,2:21:56,1:53:32,0:08:43,0:04:05,5:01:49,2013,8516,6812,523,245,18109,75,71,17,61,53,10,57,55,10,75,71,17,Finisher,2232
豪,蒙,豪 蒙,290,M30-34,Male,杭州,CN-ZJ,China,CN,0:33:14,2:11:43,2:04:20,0:08:02,0:04:37,5:01:56,1994,7903,7460,482,277,18116,76,72,10,59,51,9,28,27,6,76,72,10,Finisher,2485
lu,qibin,lu qibin,716,M45-49,,beijibg,Nuevo León,China,CN,0:42:38,2:25:28,1:43:23,0:06:29,0:04:42,5:02:40,2558,8728,6203,389,282,18160,77,73,8,298,258,32,128,118,11,77,73,8,Finisher,2632
Xueyan,Jiang,Xueyan Jiang,2,F30-34,Female,Wuxi,CN-JS,China,CN,0:37:46,2:23:26,1:53:51,0:05:40,0:03:16,5:03:59,2266,8606,6831,340,196,18239,78,5,3,144,17,6,72,5,3,78,5,3,Finisher,2753
Sergei,Marchukov,Sergei Marchukov,41,M35-39,Male,Moscow,RU-MOW,Afghanistan,AF,0:41:23,2:20:46,1:52:32,0:05:24,0:03:57,5:04:02,2483,8446,6752,324,237,18242,79,74,18,261,224,47,77,72,12,79,74,18,Finisher,2192
Li,jiajun,Li jiajun,325,M35-39,Male,chongqing,Chongqing,China,CN,0:36:02,2:27:58,1:49:58,0:07:06,0:03:25,5:04:30,2162,8878,6598,426,205,18270,80,75,19,100,91,16,100,95,22,80,75,19,Finisher,2183
Peiyu,Li,Peiyu Li,667,M40-44,Male,重庆,CN-CQ,China,CN,0:42:05,2:23:42,1:48:29,0:05:50,0:04:28,5:04:34,2525,8622,6509,350,268,18274,81,76,21,282,244,61,104,98,25,81,76,21,Finisher,2333
Yu,Zhang,Yu Zhang,28,M45-49,Male,北京,Beijing,China,CN,0:35:35,2:20:06,1:56:34,0:07:58,0:05:18,5:05:31,2135,8406,6994,478,318,18331,82,77,9,90,81,10,54,52,8,82,77,9,Finisher,2580
Hoi Tik,Kwong,Hoi Tik Kwong,32,M50-54,Male,Hong Kong,HK,Hong Kong,HK,0:33:26,2:26:48,1:55:11,0:06:43,0:03:38,5:05:46,2006,8808,6911,403,218,18346,83,78,7,60,52,4,73,68,6,83,78,7,Finisher,2961
Ka lung,Chan,Ka lung Chan,180,M30-34,Male,Hong Kong ,Hong Kong,Hong Kong,HK,0:31:09,2:40:25,1:43:25,0:06:52,0:04:10,5:06:00,1869,9625,6205,412,250,18360,84,79,11,37,32,4,153,142,17,84,79,11,Finisher,2412
Yao,Li,Yao Li,339,M35-39,Male,Changzhou,CN-32,China,CN,0:38:42,2:29:20,1:47:54,0:06:08,0:04:01,5:06:05,2322,8960,6474,368,241,18365,85,80,20,173,151,28,124,114,27,85,80,20,Finisher,2155
蒙,张,蒙 张,552,M40-44,Male,北京,CN-BJ,China,CN,0:38:33,2:20:45,1:56:40,0:06:24,0:04:11,5:06:33,2313,8445,7000,384,251,18393,86,81,22,170,150,34,63,60,16,86,81,22,Finisher,2297
Ping,Li,Ping Li,682,M45-49,Male,GUIYANG,CN-GZ,China,CN,0:29:52,2:27:21,1:55:18,0:09:17,0:05:28,5:07:16,1792,8841,6918,557,328,18436,87,82,10,22,18,4,67,64,9,87,82,10,Finisher,2549
QIJUN,XIA,QIJUN XIA,100,M18-24,Male,Chongqing,CN-50,China,CN,0:38:06,2:24:45,1:56:11,0:06:10,0:03:26,5:08:38,2286,8685,6971,370,206,18518,88,83,2,154,136,5,85,80,4,88,83,2,Finisher,3286
Sergei,G o ro k h,Sergei G o ro k h,599,M40-44,Male,Vladivostok,RU-PRI,Afghanistan,AF,0:36:46,2:31:43,1:50:03,0:06:22,0:04:09,5:09:04,2206,9103,6603,382,249,18544,89,84,23,117,104,24,130,120,30,89,84,23,Finisher,2252
xiaochen,yu,xiaochen yu,381,M35-39,Male,chongqin,chongqin,China,CN,0:36:09,2:26:47,1:55:52,0:06:30,0:04:29,5:09:47,2169,8807,6952,390,269,18587,90,85,21,101,92,17,88,83,16,90,85,21,Finisher,2088
磊,辜,磊 辜,317,M35-39,Male,成都,四川省,China,CN,0:42:49,2:30:39,1:45:00,0:07:19,0:04:10,5:09:56,2569,9039,6300,439,250,18596,91,86,22,302,261,54,174,162,38,91,86,22,Finisher,2086
Peng,Yan,Peng Yan,361,M35-39,Male,南宁,CN-广西,China,CN,0:38:55,2:24:29,1:55:34,0:07:22,0:04:07,5:10:27,2335,8669,6934,442,247,18627,92,87,23,181,158,31,97,92,20,92,87,23,Finisher,2076
真宇,田,真宇 田,633,M40-44,Male,沈阳市,辽宁省,China,CN,0:49:05,2:26:31,1:44:44,0:06:24,0:04:22,5:11:06,2945,8791,6284,384,262,18666,93,88,24,512,437,100,186,173,46,93,88,24,Finisher,2216
Sun,Yiming,Sun Yiming,38,M30-34,Male,Shenzhen,CN-GD,China,CN,0:33:01,2:30:04,1:56:29,0:06:49,0:04:50,5:11:14,1981,9004,6989,409,290,18674,94,89,12,58,50,8,91,86,13,94,89,12,Finisher,2318
lingfeng,Guan,lingfeng Guan,392,M35-39,Male,Chengdu,CN-SICHUAN,China,CN,0:46:23,2:19:25,1:51:54,0:08:37,0:05:05,5:11:23,2783,8365,6714,517,305,18683,95,90,24,424,358,79,126,116,28,95,90,24,Finisher,2060
宇彤,施,宇彤 施,90,M18-24,Male,武汉市,湖北,China,CN,0:41:56,2:16:51,2:03:17,0:05:39,0:03:49,5:11:32,2516,8211,7397,339,229,18692,96,91,3,278,240,10,59,57,1,96,91,3,Finisher,3233
Yuhan,ZHANG,Yuhan ZHANG,196,F30-34,Female,市辖区,Beijing,China,CN,0:25:04,2:41:23,1:54:39,0:06:18,0:04:36,5:12:00,1504,9683,6879,378,276,18720,97,6,4,4,2,2,111,8,4,97,6,4,Finisher,2609
Christopher ,Carter,Christopher Carter,160,M25-29,Male,Hong Kong ,Hong Kong ,Hong Kong,HK,0:34:05,2:29:01,1:56:32,0:07:51,0:04:31,5:12:00,2045,8941,6992,471,271,18720,98,92,12,72,64,9,98,93,13,98,92,12,Finisher,2405
Zhenyu,Tang,Zhenyu Tang,468,M35-39,Male,宜宾,CN-SC,China,CN,0:40:16,2:26:12,1:48:14,0:10:36,0:07:07,5:12:25,2416,8772,6494,636,427,18745,99,93,25,220,189,38,145,135,32,99,93,25,Finisher,2041
Tao,Liang,Tao Liang,870,M50-54,Male,长春市,CN-JL,China,CN,0:37:20,2:24:08,2:00:49,0:06:13,0:04:08,5:12:37,2240,8648,7249,373,248,18757,100,94,8,133,118,9,78,73,7,100,94,8,Finisher,2838
Xuye,Wei,Xuye Wei,277,M30-34,Male,成都,CN-SC,China,CN,0:46:05,2:19:14,1:55:13,0:07:31,0:04:40,5:12:43,2765,8354,6913,451,280,18763,101,95,13,412,349,47,114,106,14,101,95,13,Finisher,2291
Duanwu,Zhao,Duanwu Zhao,461,M35-39,Male,Singapore,SOUTH EAST,China,CN,0:38:45,2:25:15,1:59:06,0:06:23,0:03:35,5:13:04,2325,8715,7146,383,215,18784,102,96,26,175,153,29,95,90,18,102,96,26,Finisher,2029
Valentina,Kukrus,Valentina Kukrus,33,F50-54,Female,Moskow,RU-MOW,Afghanistan,AF,0:31:06,2:34:28,1:56:36,0:05:56,0:05:12,5:13:18,1866,9268,6996,356,312,18798,103,7,1,36,5,2,103,6,1,103,7,1,Finisher,3500
Ye,Feng,Ye Feng,786,M45-49,Male,北京市,河北省,China,CN,0:36:00,2:21:03,2:04:26,0:05:48,0:06:14,5:13:31,2160,8463,7466,348,374,18811,104,97,11,99,90,14,51,50,6,104,97,11,Finisher,2436
Ruqiang,Wang,Ruqiang Wang,395,M35-39,Male,chengdu,CN-SC,China,CN,0:44:53,2:28:36,1:49:18,0:06:45,0:04:38,5:14:10,2693,8916,6558,405,278,18850,105,98,27,381,323,71,165,153,35,105,98,27,Finisher,2009
YAJUN,ZHANG,YAJUN ZHANG,360,M35-39,Male,榆林市,CN-SN,China,CN,0:46:08,2:20:34,1:54:30,0:06:50,0:06:18,5:14:21,2768,8434,6870,410,378,18861,106,99,28,415,352,78,117,108,25,106,99,28,Finisher,2006
敏刚,郑,敏刚 郑,864,M50-54,Male,长春市,CN-JL,China,CN,0:36:12,2:27:02,1:59:42,0:06:31,0:05:18,5:14:45,2172,8822,7182,391,318,18885,107,100,9,103,93,7,90,85,8,107,100,9,Finisher,2800
Xiaofei,Zhao,Xiaofei Zhao,696,M45-49,Male,beijing,CN-BJ,China,CN,0:43:08,2:27:52,1:50:08,0:07:46,0:06:07,5:15:01,2588,8872,6608,466,367,18901,108,101,12,313,271,35,154,143,13,108,101,12,Finisher,2409
XIAO,XUAN,XIAO XUAN,645,M40-44,Male,WUHAN,HUBEI,China,CN,0:36:57,2:26:43,2:01:19,0:06:37,0:03:49,5:15:25,2217,8803,7279,397,229,18925,109,102,25,124,111,25,94,89,24,109,102,25,Finisher,2138
Wong,Wai Ho,Wong Wai Ho,370,M35-39,Male,Hong kong,Hong Kong,Hong Kong,HK,0:34:09,2:32:52,1:53:38,0:08:37,0:06:59,5:16:14,2049,9172,6818,517,419,18974,110,103,29,74,66,11,134,124,30,110,103,29,Finisher,1972
Kamonphorn,Buranasiri,Kamonphorn Buranasiri,15,F25-29,Female,Wattana,,Unknown,,0:31:22,2:46:16,1:46:19,0:07:32,0:05:03,5:16:32,1882,9976,6379,452,303,18992,111,8,2,39,6,1,209,17,4,111,8,2,Finisher,2987
HEFENG,LYU,HEFENG LYU,242,M30-34,Male,HAMI,CN-XJ,China,CN,0:34:08,2:28:06,2:03:34,0:06:12,0:04:33,5:16:33,2048,8886,7414,372,273,18993,112,104,14,73,65,13,84,79,12,112,104,14,Finisher,2222
EVA,GRAF,EVA GRAF,94,F18-24,Female,Dubai,Dubai,Austria,AT,0:28:24,2:32:29,2:07:12,0:04:43,0:03:51,5:16:39,1704,9149,7632,283,231,18999,113,9,1,14,3,1,62,3,1,113,9,1,Finisher,3500
JIA,MA,JIA MA,634,M40-44,Male,Kunming,Yunnan,China,CN,0:40:42,2:23:53,1:58:00,0:08:58,0:05:40,5:17:13,2442,8633,7080,538,340,19033,114,105,26,234,202,49,118,109,29,114,105,26,Finisher,2105
Yang,Zhao,Yang Zhao,735,F45-49,Female,suqi,Yunnan,China,CN,0:39:23,2:34:56,1:52:24,0:06:33,0:04:02,5:17:19,2363,9296,6744,393,242,19039,115,10,1,195,28,1,176,13,2,115,10,1,Finisher,3500
Konstantin,Kafanov,Konstantin Kafanov,916,M55-59,Male,Belogorsk,RU-AMU,Afghanistan,AF,0:36:43,2:26:39,2:01:33,0:08:21,0:04:21,5:17:38,2203,8799,7293,501,261,19058,116,106,1,115,102,5,105,99,2,116,106,1,Finisher,3500
Weiwei,Wang,Weiwei Wang,653,M40-44,Male,chengdu,Sichuan,China,CN,0:39:26,2:34:03,1:53:41,0:06:43,0:03:46,5:17:38,2366,9243,6821,403,226,19058,117,107,27,199,171,39,164,152,42,117,107,27,Finisher,2098
Xuedong,Sun,Xuedong Sun,925,M55-59,Male,昆明,CN-云南,China,CN,0:38:02,2:32:06,1:55:06,0:07:43,0:04:47,5:17:45,2282,9126,6906,463,287,19065,118,108,2,150,132,7,148,138,4,118,108,2,Finisher,3497
Jingzhuo,Hu,Jingzhuo Hu,17,F30-34,Female,Shenzhen,CN-GD,China,CN,0:36:59,2:29:33,2:00:44,0:06:32,0:04:10,5:17:58,2219,8973,7244,392,250,19078,119,11,5,127,15,5,115,9,5,119,11,5,Finisher,2502
龙,赵,龙 赵,414,M35-39,Male,合肥,ANHUI,China,CN,0:44:41,2:31:46,1:47:53,0:08:54,0:05:12,5:18:25,2681,9106,6473,534,312,19105,120,109,30,372,316,69,211,194,45,120,109,30,Finisher,1933
quan,li,quan li,300,M30-34,Male,chengdu,sichuan,China,CN,0:38:05,2:35:46,1:51:45,0:07:31,0:05:52,5:19:00,2285,9346,6705,451,352,19140,121,110,15,153,135,18,182,169,20,121,110,15,Finisher,2178
Zhijing,Wu,Zhijing Wu,123,F25-29,Female,Beijing,CN-BJ,China,CN,0:36:11,2:28:56,2:01:46,0:07:33,0:04:42,5:19:09,2171,8936,7306,453,282,19149,122,12,3,102,10,2,110,7,2,122,12,3,Finisher,2940
睿杰,李,睿杰 李,601,M40-44,Male,KUNMING,Yunnan,China,CN,0:39:49,2:20:57,2:06:20,0:07:23,0:04:43,5:19:12,2389,8457,7580,443,283,19152,123,111,28,209,180,41,81,76,22,123,111,28,Finisher,2070
Kai,Liao,Kai Liao,43,M35-39,Male,shenzhen,CN-GD,China,CN,0:39:07,2:31:15,1:54:12,0:10:00,0:04:55,5:19:28,2347,9075,6852,600,295,19168,124,112,31,185,161,32,167,155,37,124,112,31,Finisher,1914
Mikey,Leung,Mikey Leung,141,M25-29,Male,Hong Kong ,Hong Kong,Hong Kong,HK,0:34:44,2:39:19,1:55:23,0:06:36,0:04:03,5:20:05,2084,9559,6923,396,243,19205,125,113,13,81,73,11,171,159,20,125,113,13,Finisher,2259
Jian,Mai,Jian Mai,329,M35-39,Male,Shanghai,CN-SH,China,CN,0:41:15,2:33:59,1:50:31,0:08:25,0:06:07,5:20:17,2475,9239,6631,505,367,19217,126,114,32,258,222,46,199,184,43,126,114,32,Finisher,1899
Danhong,Xu,Danhong Xu,713,F45-49,Female,Wuxi,JiangSu,China,CN,0:42:39,2:30:03,1:57:32,0:05:40,0:04:32,5:20:25,2559,9003,7052,340,272,19225,127,13,2,299,41,5,152,11,1,127,13,2,Finisher,3444
Liu,Maodi,Liu Maodi,52,M40-44,Male,Beijing,CN-BJ,China,CN,0:32:43,2:27:14,2:09:22,0:06:13,0:04:53,5:20:25,1963,8834,7762,373,293,19225,128,115,29,51,44,11,64,61,17,128,115,29,Finisher,2048
KENTA,FUKUSHIMA,KENTA FUKUSHIMA,276,M30-34,Male,Sapporo,Hokkaido,Japan,JP,0:41:42,2:30:48,1:51:00,0:10:08,0:06:54,5:20:32,2502,9048,6660,608,414,19232,129,116,16,271,233,29,192,178,22,129,116,16,Finisher,2150
Mingfeng,Jiang,Mingfeng Jiang,655,M40-44,Male,常州,CN-JS,China,CN,0:42:26,2:22:33,2:03:56,0:07:13,0:04:28,5:20:36,2546,8553,7436,433,268,19236,130,117,30,294,254,64,107,101,26,130,117,30,Finisher,2045
Leonardo,Gross Paitinger,Leonardo Gross Paitinger,528,M40-44,Male,Hang Dong,Chiang Mai,Brazil,BR,0:33:51,2:32:18,2:02:31,0:06:37,0:05:19,5:20:37,2031,9138,7351,397,319,19237,131,118,31,65,57,14,112,104,27,131,118,31,Finisher,2044
wu,ling,wu ling,555,M40-44,Male,haidian,BEIJING,China,CN,0:38:25,2:34:30,1:57:17,0:06:51,0:03:40,5:20:43,2305,9270,7037,411,220,19243,132,119,32,165,145,32,161,149,40,132,119,32,Finisher,2042
Qian,Cui,Qian Cui,596,F40-44,Female,沈阳,CN-LN,China,CN,0:46:03,2:35:20,1:47:57,0:06:36,0:04:56,5:20:51,2763,9320,6477,396,296,19251,133,14,1,409,63,12,230,19,2,133,14,1,Finisher,3500
Yipin,Zhang,Yipin Zhang,217,M30-34,Male,beijing,beijing,China,CN,0:44:13,2:26:15,1:58:58,0:05:43,0:05:59,5:21:08,2653,8775,7138,343,359,19268,134,120,17,348,299,37,141,131,16,134,120,17,Finisher,2140
Meng Ziang,Chy,Meng Ziang Chy,636,M40-44,Male,Shanghai,Shanghai,Unknown,,0:46:20,2:28:32,1:56:18,0:05:40,0:04:18,5:21:09,2780,8912,6978,340,258,19269,135,121,33,422,357,79,169,157,43,135,121,33,Finisher,2035
Sheng,Yang,Sheng Yang,226,M30-34,Male,Shanghai,Shnaghai,China,CN,0:31:54,2:41:11,1:55:12,0:07:31,0:05:26,5:21:14,1914,9671,6912,451,326,19274,136,122,18,46,40,6,170,158,19,136,122,18,Finisher,2138
雪峰,金,雪峰 金,519,M40-44,Male,宜昌市港窑路西江康城,CN-HE,United States,US,0:38:50,2:40:45,1:49:47,0:07:09,0:04:45,5:21:16,2330,9645,6587,429,285,19276,137,123,34,178,156,36,223,206,53,137,123,34,Finisher,2033
Ludovic,Boisrame,Ludovic Boisrame,31,M50-54,Male,Shanghaï,CN-31,France,FR,0:38:45,2:28:31,2:01:59,0:06:45,0:05:20,5:21:21,2325,8911,7319,405,320,19281,138,124,10,176,154,12,121,111,11,138,124,10,Finisher,2681
Fei,YAN,Fei YAN,535,M40-44,Male,佛山市,CN-GD,China,CN,0:46:28,2:23:24,1:57:43,0:09:12,0:04:49,5:21:35,2788,8604,7063,552,289,19295,139,125,35,427,361,80,155,144,39,139,125,35,Finisher,2027
Salvatore,Guagliano,Salvatore Guagliano,977,M50-54,Male,Obrigheim,foreigner,Unknown,,0:44:04,2:20:57,2:06:26,0:07:09,0:03:39,5:22:16,2644,8457,7586,429,219,19336,140,126,11,342,294,26,106,100,10,140,126,11,Finisher,2664
施,晨,施 晨,437,M35-39,Male,昆明市,云南省,China,CN,0:44:22,2:34:15,1:46:12,0:09:51,0:07:57,5:22:37,2662,9255,6372,591,477,19357,141,127,33,356,304,65,235,215,49,141,127,33,Finisher,1857
Steven,Matthews,Steven Matthews,27,M40-44,Male,Chongqing,CN-CQ,United Kingdom,GB,0:36:19,2:22:56,2:12:29,0:07:02,0:04:21,5:23:08,2179,8576,7949,422,261,19388,142,128,36,105,95,23,66,63,19,142,128,36,Finisher,1999
Guan,Du,Guan Du,313,M35-39,Male,海口市,海南省,China,CN,0:41:46,2:22:29,2:05:30,0:08:53,0:04:56,5:23:35,2506,8549,7530,533,296,19415,143,129,34,273,235,50,116,107,24,143,129,34,Finisher,1840
Runyi,Wu,Runyi Wu,134,M25-29,Male,Quzhou,Zhejiang,China,CN,0:50:18,2:35:08,1:45:22,0:07:55,0:04:57,5:23:40,3018,9308,6322,475,297,19420,144,130,14,546,458,47,277,251,27,144,130,14,Finisher,2195
VALERII,TINGAEV,VALERII TINGAEV,945,M60-64,Male,Blagoveshensk,RU-AMU,Afghanistan,AF,0:41:31,2:40:12,1:51:59,0:06:17,0:03:55,5:23:55,2491,9612,6719,377,235,19435,145,131,1,266,229,5,232,212,3,145,131,1,Finisher,3500
Haobo,Lian,Haobo Lian,163,M25-29,Male,杭州,浙江,China,CN,0:29:27,2:35:11,2:06:00,0:06:50,0:07:17,5:24:45,1767,9311,7560,410,437,19485,146,132,15,20,16,4,102,97,14,146,132,15,Finisher,2175
茂雄,周,茂雄 周,318,M35-39,Male,榆林市,CN-SX,China,CN,0:41:05,2:36:04,1:56:15,0:06:26,0:05:01,5:24:52,2465,9364,6975,386,301,19492,147,133,35,249,213,44,198,183,42,147,133,35,Finisher,1817
亚萌,杨,亚萌 杨,351,M35-39,Male,chongqing,BEIJING,China,CN,0:30:41,2:37:21,2:04:31,0:06:28,0:06:08,5:25:09,1841,9441,7471,388,368,19509,148,134,36,31,27,6,127,117,29,148,134,36,Finisher,1812
Jie,Li,Jie Li,506,M40-44,Male,昆明,CN-YN,China,CN,0:42:07,2:27:42,2:05:13,0:05:47,0:04:41,5:25:31,2527,8862,7513,347,281,19531,149,135,37,285,247,62,133,123,33,149,135,37,Finisher,1956
Qingyue,Li,Qingyue Li,971,F40-44,Female,Xian,CN-SN,China,CN,0:41:34,2:34:45,1:57:32,0:06:34,0:05:38,5:26:03,2494,9285,7052,394,338,19563,150,15,2,267,38,7,194,15,1,150,15,2,Finisher,3406
Zhiming,Zhao,Zhiming Zhao,624,M40-44,Male,温州,CN-ZJ,China,CN,0:35:40,2:32:29,2:05:41,0:06:57,0:05:17,5:26:04,2140,9149,7541,417,317,19564,151,136,38,92,83,21,132,122,32,151,136,38,Finisher,1946
Chi Man,Cheong,Chi Man Cheong,463,M35-39,Male,MACAU,Macao,Macao,MO,0:39:49,2:31:13,2:02:05,0:06:54,0:06:04,5:26:05,2389,9073,7325,414,364,19565,152,137,37,208,179,35,149,139,33,152,137,37,Finisher,1795
chenlei,wang,chenlei wang,575,M40-44,Male,shanghai,CN-SH,China,CN,0:39:07,2:42:12,1:50:26,0:08:45,0:05:37,5:26:06,2347,9732,6626,525,337,19566,153,138,39,186,162,37,248,226,57,153,138,39,Finisher,1946
任薇,段,任薇 段,275,F30-34,Female,成都,CN-SC,China,CN,0:44:51,2:31:15,1:57:38,0:06:27,0:06:29,5:26:41,2691,9075,7058,387,389,19601,154,16,6,380,58,9,190,14,6,154,16,6,Finisher,2345
Xinhua,Xu,Xinhua Xu,969,M40-44,Male,东莞市,CN-GD,China,CN,0:38:13,2:29:53,2:06:46,0:07:50,0:04:05,5:26:46,2293,8993,7606,470,245,19606,155,139,40,157,138,30,137,127,34,155,139,40,Finisher,1934
瑞鸿翔,何,瑞鸿翔 何,55,M40-44,Male,永川区,CN-50,China,CN,0:44:36,2:23:56,2:04:19,0:08:28,0:05:56,5:27:15,2676,8636,7459,508,356,19635,156,140,41,367,313,72,144,134,37,156,140,41,Finisher,1925
Harvey,Davis,Harvey Davis,963,M55-59,Male,Kata,,Unknown,,0:32:32,2:33:51,2:08:43,0:07:17,0:04:54,5:27:17,1952,9231,7723,437,294,19637,157,141,3,50,43,1,119,110,3,157,141,3,Finisher,3326
Julian,Dimov,Julian Dimov,843,M50-54,Male,Sofia,Sofia-Grad,Unknown,,0:39:25,2:45:39,1:46:08,0:09:42,0:06:27,5:27:20,2365,9939,6368,582,387,19640,158,142,12,197,169,13,296,267,21,158,142,12,Finisher,2573
cuoshi,zhou,cuoshi zhou,338,M35-39,Male,重庆,CN-Chongqing,China,CN,0:44:12,2:20:05,2:12:17,0:06:24,0:04:33,5:27:29,2652,8405,7937,384,273,19649,159,143,38,347,298,63,96,91,19,159,143,38,Finisher,1770
Tiberiu,Paraschiv,Tiberiu Paraschiv,23,M35-39,Male,Galati,GALATI,Unknown,,0:43:56,2:38:26,1:52:35,0:07:31,0:05:35,5:28:04,2636,9506,6755,451,335,19684,160,144,39,337,291,59,246,224,52,160,144,39,Finisher,1759
Joseph,Wong,Joseph Wong,895,M55-59,Male,shanghai,CN-SH,Unknown,,0:36:12,2:27:11,2:12:07,0:08:01,0:04:49,5:28:21,2172,8831,7927,481,289,19701,161,145,4,104,94,3,101,96,1,161,145,4,Finisher,3307
tianyi,li,tianyi li,324,M35-39,Male,Foshan,Guangdong,China,CN,0:47:31,2:33:49,1:53:47,0:06:02,0:07:19,5:28:29,2851,9229,6827,362,439,19709,162,146,40,461,394,88,225,208,48,162,146,40,Finisher,1752
Liheng,Liang,Liheng Liang,162,M25-29,Male,Guangzhou,Guangdong,China,CN,0:46:19,2:24:28,2:05:50,0:07:04,0:04:58,5:28:38,2779,8668,7550,424,298,19718,163,147,16,421,356,40,147,137,17,163,147,16,Finisher,2105
Mikhail,Bobylev,Mikhail Bobylev,29,M45-49,Male,Los Angeles,US-CA,United States,US,0:40:50,2:32:54,2:03:00,0:07:04,0:04:52,5:28:40,2450,9174,7380,424,292,19720,164,148,13,238,204,27,175,163,16,164,148,13,Finisher,2164
kaixiang,zhang,kaixiang zhang,88,M18-24,Male,天津,TIANJIN,China,CN,0:35:50,2:32:34,2:10:33,0:05:46,0:04:27,5:29:10,2150,9154,7833,346,267,19750,165,149,4,97,88,3,123,113,5,165,149,4,Finisher,2916
Oswald,Wong,Oswald Wong,10,M50-54,Male,Singapore,SG-03,Unknown,,0:43:03,2:30:45,2:01:10,0:07:08,0:07:06,5:29:12,2583,9045,7270,428,426,19752,166,150,13,310,268,21,179,166,13,166,150,13,Finisher,2540
He,Yang,He Yang,521,M40-44,Male,Guangyuan,CN-51,China,CN,0:40:01,2:33:47,2:04:24,0:06:00,0:05:31,5:29:43,2401,9227,7464,360,331,19783,167,151,42,213,183,42,162,150,41,167,151,42,Finisher,1880
Wei,XIAO,Wei XIAO,572,M40-44,Male,baotou,inner mongolia,China,CN,0:44:29,2:30:49,2:00:16,0:07:56,0:06:15,5:29:45,2669,9049,7216,476,375,19785,168,152,43,360,306,71,196,181,50,168,152,43,Finisher,1880
Xu,Peng,Xu Peng,116,M25-29,Male,昆明市,YUNNAN SHENG,Andorra,AD,0:39:10,2:34:28,2:04:46,0:07:05,0:04:40,5:30:09,2350,9268,7486,425,280,19809,169,153,17,189,163,23,172,160,21,169,153,17,Finisher,2078
Xiaoan,Liu,Xiaoan Liu,858,M50-54,Male,银川,Ningxia,China,CN,0:43:43,2:22:08,2:09:22,0:08:23,0:06:41,5:30:17,2623,8528,7762,503,401,19817,170,154,14,328,284,25,125,115,12,170,154,14,Finisher,2520
Zhang,Fan,Zhang Fan,760,M45-49,Male,北京,北京,China,CN,0:37:15,2:35:11,2:04:10,0:08:58,0:05:02,5:30:36,2235,9311,7450,538,302,19836,171,155,14,131,116,18,183,170,17,171,155,14,Finisher,2129
Max,Mcconachie,Max Mcconachie,148,M25-29,Male,Singapore,Singapore,United Kingdom,GB,0:33:53,2:45:52,1:58:19,0:07:54,0:04:38,5:30:36,2033,9952,7099,474,278,19836,172,156,18,67,59,7,227,209,23,172,156,18,Finisher,2070
Roman,Fakhrutdinov,Roman Fakhrutdinov,496,M40-44,Male,Shenzhen,CN-44,Afghanistan,AF,0:40:31,2:29:19,2:09:25,0:06:15,0:05:14,5:30:44,2431,8959,7765,375,314,19844,173,157,44,226,194,47,139,129,35,173,157,44,Finisher,1862
Linhai,Gu,Linhai Gu,875,M50-54,Male,昆明,CN-YN,China,CN,0:46:36,2:40:24,1:50:51,0:08:23,0:04:32,5:30:46,2796,9624,6651,503,272,19846,174,158,15,431,365,35,303,272,22,174,158,15,Finisher,2511
Luka,Milosavljevic,Luka Milosavljevic,219,M30-34,Male,Beograd,Central Serbia,Unknown,,0:39:11,2:37:51,1:59:43,0:08:10,0:06:16,5:31:11,2351,9471,7183,490,376,19871,175,159,19,190,164,22,210,193,25,175,159,19,Finisher,1959
占博,乔,占博 乔,245,M30-34,Male,nanjing,Jiangsu,China,CN,0:43:21,2:43:32,1:51:45,0:08:48,0:04:35,5:32:01,2601,9812,6705,528,275,19921,176,160,20,316,273,32,304,273,35,176,160,20,Finisher,1944
Yang,xi,Yang xi,472,M35-39,Male,昆明,CN-YN,China,CN,0:47:19,2:40:40,1:50:34,0:08:56,0:04:34,5:32:03,2839,9640,6634,536,274,19923,177,161,41,451,385,85,318,284,63,177,161,41,Finisher,1688
Yang,Deng,Yang Deng,724,M45-49,Male,成都,四川省,China,CN,0:35:14,2:36:37,2:07:53,0:08:06,0:04:21,5:32:12,2114,9397,7673,486,261,19932,178,162,15,86,78,9,163,151,14,178,162,15,Finisher,2100
Yingchao,Yu,Yingchao Yu,464,M35-39,Male,DALIAN,CN-LN,China,CN,0:36:59,2:35:39,2:04:15,0:08:32,0:06:55,5:32:20,2219,9339,7455,512,415,19940,179,163,42,126,112,22,181,168,40,179,163,42,Finisher,1682
Weiyu,Ding,Weiyu Ding,144,M25-29,Male,kunming,CN-YN,China,CN,0:42:06,2:31:02,2:08:09,0:06:12,0:04:52,5:32:21,2526,9062,7689,372,292,19941,180,164,19,283,245,32,159,147,19,180,164,19,Finisher,2038
Scott,Layton,Scott Layton,738,M45-49,Male,Singapore,CENTRAL SINGAPORE,United States,US,0:37:44,2:28:31,2:12:29,0:08:29,0:05:35,5:32:48,2264,8911,7949,509,335,19968,181,165,16,142,126,20,129,119,12,181,165,16,Finisher,2089
jinghe,ren,jinghe ren,285,F30-34,Female,杭州,浙江,China,CN,0:39:35,2:40:04,1:58:08,0:07:47,0:07:27,5:33:01,2375,9604,7088,467,447,19981,182,17,7,201,29,8,226,18,7,182,17,7,Finisher,2231
Shuhang,HE,Shuhang HE,483,M35-39,Male,Chengdu,Sichuan,China,CN,0:42:09,2:34:52,1:55:53,0:12:47,0:07:38,5:33:19,2529,9292,6953,767,458,19999,183,166,43,286,248,52,244,222,51,183,166,43,Finisher,1665
Youfa,Xu,Youfa Xu,928,M55-59,Male,danyang,CN-JS,China,CN,0:43:52,2:36:37,2:01:33,0:05:41,0:05:36,5:33:20,2632,9397,7293,341,336,20000,184,167,5,334,288,12,217,200,8,184,167,5,Finisher,3217
Lei,WANG,Lei WANG,646,M40-44,Male,重庆,CN-CQ,China,CN,0:45:41,2:46:46,1:50:17,0:07:38,0:04:09,5:34:30,2741,10006,6617,458,249,20070,185,168,45,396,336,74,347,310,79,185,168,45,Finisher,1794
Sanjay,Radhakrishnan,Sanjay Radhakrishnan,35,M18-24,Male,Epping,AU-NSW,Australia,AU,0:36:29,2:44:52,2:00:41,0:08:15,0:04:16,5:34:33,2189,9892,7241,495,256,20073,186,169,5,108,98,4,241,220,9,186,169,5,Finisher,2819
Liu,Biaopeng,Liu Biaopeng,731,M45-49,Male,天津,天津,China,CN,0:35:48,2:39:44,2:02:45,0:08:46,0:07:49,5:34:51,2148,9584,7365,526,469,20091,187,170,17,95,86,12,203,188,20,187,170,17,Finisher,2052
雪飞,吴,雪飞 吴,452,M35-39,Male,四川省 成都,CN-SC,China,CN,0:42:58,2:20:56,2:19:30,0:07:07,0:04:23,5:34:55,2578,8456,8370,427,263,20095,188,171,44,306,265,56,99,94,21,188,171,44,Finisher,1636
Jack,Hon,Jack Hon,61,M45-49,Male,Hk,Lower Saxony,Unknown,,0:41:14,2:34:43,2:02:16,0:10:32,0:06:12,5:34:57,2474,9283,7336,632,372,20097,189,172,18,257,221,28,219,202,23,189,172,18,Finisher,2051
Kun,Liu,Kun Liu,902,M55-59,Male,昆明,CN-YN,China,CN,0:38:00,2:36:02,2:10:30,0:06:27,0:04:32,5:35:31,2280,9362,7830,387,272,20131,190,173,6,148,130,6,168,156,7,190,173,6,Finisher,3178
julien,gattegno,julien gattegno,274,M30-34,,hong kong,Hong Kong,France,FR,0:29:41,2:46:45,2:05:23,0:07:59,0:05:52,5:35:40,1781,10005,7523,479,352,20140,191,174,21,21,17,3,204,189,23,191,174,21,Finisher,1878
Qiang,Shen,Qiang Shen,559,M40-44,Male,Chongqing,CHONGQING,China,CN,0:51:14,2:34:50,1:55:28,0:08:27,0:05:56,5:35:56,3074,9290,6928,507,356,20156,192,175,46,581,481,109,295,266,67,192,175,46,Finisher,1769
Danny,Jia,Danny Jia,53,M40-44,Male,北京市,CN-11,China,CN,0:46:53,2:26:17,2:08:05,0:08:23,0:06:34,5:36:12,2813,8777,7685,503,394,20172,193,176,47,443,377,84,184,171,45,193,176,47,Finisher,1764
TAN,YangQing,TAN YangQing,541,M40-44,Male,江苏省无锡市,CN-JS,China,CN,0:54:33,2:34:46,1:51:08,0:09:22,0:06:47,5:36:35,3273,9286,6668,562,407,20195,194,177,48,647,530,120,333,298,74,194,177,48,Finisher,1757
xu,lei,xu lei,553,M40-44,Male,NANNING,GUANGXI,China,CN,0:48:47,2:41:17,1:53:04,0:08:32,0:05:00,5:36:40,2927,9677,6784,512,300,20200,195,178,49,505,432,97,331,296,73,195,178,49,Finisher,1755
Mikael,Ledain,Mikael Ledain,611,M40-44,Male,SINGAPORE,SG-01,France,FR,0:33:55,2:40:09,2:08:21,0:08:30,0:05:47,5:36:42,2035,9609,7701,510,347,20202,196,179,50,69,61,16,191,177,48,196,179,50,Finisher,1755
叶海锋,13712251116,叶海锋 13712251116,812,M50-54,Male,东莞市,Guangdong,China,CN,0:41:00,2:32:50,2:08:18,0:08:38,0:05:57,5:36:43,2460,9170,7698,518,357,20203,197,180,16,247,211,16,189,176,14,197,180,16,Finisher,2404
Laurent,SIRIEIX,Laurent SIRIEIX,909,M55-59,Male,Shenzhen,CN-GD,France,FR,0:35:47,2:33:09,2:12:48,0:09:07,0:05:59,5:36:50,2147,9189,7968,547,359,20210,198,181,7,94,85,2,150,140,5,198,181,7,Finisher,3154
JianJun,Hong,JianJun Hong,815,M50-54,Male,Kunming,Yuannan,China,CN,0:44:05,2:39:01,2:03:26,0:06:39,0:04:04,5:37:16,2645,9541,7406,399,244,20236,199,182,17,343,295,27,243,221,16,199,182,17,Finisher,2394
Haitao,Yang,Haitao Yang,792,M45-49,Male,云南大理市,云南省大理白族自治州大理市,China,CN,0:44:57,2:30:38,2:06:02,0:09:26,0:06:32,5:37:35,2697,9038,7562,566,392,20255,200,183,19,383,325,42,207,192,21,200,183,19,Finisher,2003
Jia,Li,Jia Li,450,M35-39,Male,昆明,YN,China,CN,0:41:08,2:44:10,2:00:21,0:07:40,0:04:28,5:37:46,2468,9850,7221,460,268,20266,201,184,45,251,215,45,273,248,57,201,184,45,Finisher,1585
Liang,Qiao,Liang Qiao,62,M45-49,Male,Beijing,CN-BJ,China,CN,0:43:02,2:40:48,1:53:53,0:10:24,0:10:01,5:38:08,2582,9648,6833,624,601,20288,202,185,20,309,267,33,290,262,34,202,185,20,Finisher,1993
Yuanchun,Wang,Yuanchun Wang,121,M25-29,Male,Beijing,Beijing,China,CN,0:39:45,2:38:22,2:07:56,0:06:31,0:05:36,5:38:09,2385,9502,7676,391,336,20289,203,186,20,206,177,26,206,191,22,203,186,20,Finisher,1934
Junlin,He,Junlin He,167,M25-29,Male,Kunming,Yunnan,China,CN,0:37:43,2:34:20,2:14:15,0:07:02,0:05:01,5:38:21,2263,9260,8055,422,301,20301,204,187,21,141,125,18,157,145,18,204,187,21,Finisher,1930
Marwan,Alsherif,Marwan Alsherif,772,M45-49,Male,Al Ain,EG-C,Egypt,EG,0:38:01,2:35:25,2:12:25,0:07:19,0:05:24,5:38:33,2281,9325,7945,439,324,20313,205,188,21,149,131,21,173,161,15,205,188,21,Finisher,1986
龙鑫,徐,龙鑫 徐,293,M30-34,Male,ShiJiaZhuang,HEBEI,China,CN,0:39:25,2:21:50,2:27:09,0:06:57,0:03:46,5:39:07,2365,8510,8829,417,226,20347,206,189,22,198,170,23,82,77,11,206,189,22,Finisher,1816
Siméone,de Fremond,Siméone de Fremond,140,F25-29,Female,Geneva,CH-GE,France,FR,0:36:58,2:42:48,2:04:35,0:09:33,0:05:16,5:39:09,2218,9768,7475,573,316,20349,207,18,4,125,14,3,238,21,5,207,18,4,Finisher,2580
Yue,Yin,Yue Yin,44,F35-39,Female,南京,CN-CN-JS,China,CN,0:49:41,2:36:12,2:00:52,0:06:28,0:06:04,5:39:16,2981,9372,7252,388,364,20356,208,19,2,530,83,15,266,25,3,208,19,2,Finisher,2734
SHUYU,ZHANG,SHUYU ZHANG,168,M25-29,Male,BEIJING,BEIJING,China,CN,0:43:59,2:17:47,2:23:43,0:08:10,0:06:09,5:39:48,2639,8267,8623,490,369,20388,209,190,22,338,292,36,92,87,12,209,190,22,Finisher,1904
维东,李,维东 李,769,M45-49,Male,长春,吉林,China,CN,0:40:08,2:41:27,2:03:17,0:08:50,0:06:20,5:40:02,2408,9687,7397,530,380,20402,210,191,22,217,186,25,250,228,26,210,191,22,Finisher,1959
Kai Ieong,Ho,Kai Ieong Ho,95,M18-24,Male,MACAU,MACAU,Macao,MO,0:40:37,2:33:29,2:12:00,0:08:08,0:05:51,5:40:06,2437,9209,7920,488,351,20406,211,192,6,229,197,7,187,174,7,211,192,6,Finisher,2719
Jian,Liu,Jian Liu,703,M45-49,Male,中山,广东,China,CN,0:42:35,2:32:23,2:09:20,0:08:48,0:07:17,5:40:24,2555,9143,7760,528,437,20424,212,193,23,295,255,30,200,185,18,212,193,23,Finisher,1952
范,宇,范 宇,753,M45-49,Male,北京,北京,China,CN,0:37:28,2:44:02,2:03:40,0:09:29,0:06:01,5:40:40,2248,9842,7420,569,361,20440,213,194,24,134,119,19,255,233,28,213,194,24,Finisher,1948
Hao,Wang,Hao Wang,741,M45-49,Male,Ninger,云南省,Chile,CL,0:38:29,2:50:04,2:01:31,0:06:44,0:03:56,5:40:43,2309,10204,7291,404,236,20443,214,195,25,166,146,22,301,270,37,214,195,25,Finisher,1947
Hong,Wang,Hong Wang,353,M35-39,Male,YuXi,Taichung City,China,CN,0:49:37,2:53:24,1:43:51,0:08:29,0:06:07,5:41:28,2977,10404,6231,509,367,20488,215,196,46,528,446,98,471,409,92,215,196,46,Finisher,1518
Fuling,SHEN,Fuling SHEN,178,M30-34,Male,广州市,Guangdong,China,CN,0:48:12,,1:59:09,0:00:00,0:05:09,5:42:03,2892,0,7149,0,309,20523,216,197,23,489,419,53,324,290,41,216,197,23,Finisher,1763
Jin,Wang,Jin Wang,422,M35-39,Male,成都,CN-SC,China,CN,0:47:00,2:44:47,1:56:57,0:07:40,0:05:44,5:42:08,2820,9887,7017,460,344,20528,217,198,47,444,378,83,341,305,70,217,198,47,Finisher,1506
Yi,Wu,Yi Wu,42,M35-39,Male,北京,Beijing,China,CN,0:31:03,2:29:43,2:25:58,0:08:15,0:07:36,5:42:36,1863,8983,8758,495,456,20556,218,199,48,35,31,8,86,81,14,218,199,48,Finisher,1498
Dongwen,Huang,Dongwen Huang,759,M45-49,Male,Guangzhou,Guangdong,China,CN,0:38:57,2:41:34,2:09:03,0:06:46,0:06:29,5:42:49,2337,9694,7743,406,389,20569,219,200,26,182,159,23,224,207,24,219,200,26,Finisher,1909
Zhi,Wu,Zhi Wu,459,M35-39,Male,娄底市,CN-HN,China,CN,0:46:03,2:31:23,2:09:23,0:08:21,0:07:52,5:43:03,2763,9083,7763,501,472,20583,220,201,49,410,347,77,214,197,46,220,201,49,Finisher,1490
Huiying,Yang,Huiying Yang,11,F25-29,Female,beijing,CN-BJ,China,CN,0:39:10,2:40:29,2:13:02,0:05:24,0:05:02,5:43:08,2350,9629,7982,324,302,20588,221,20,5,188,26,9,208,16,3,221,20,5,Finisher,2509
Zihao,Liu,Zihao Liu,155,M25-29,Male,Shanghai,CN-SH,China,CN,0:39:24,2:51:58,1:56:20,0:09:50,0:05:56,5:43:28,2364,10318,6980,590,356,20608,222,202,23,196,168,24,358,319,31,222,202,23,Finisher,1838
Zhenxi,Yin,Zhenxi Yin,278,M30-34,Male,Shanghai,CN-SH,China,CN,0:47:24,2:38:16,2:01:57,0:10:17,0:05:33,5:43:28,2844,9496,7317,617,333,20608,223,203,24,456,390,49,308,276,36,223,203,24,Finisher,1738
zhen,chen,zhen chen,884,F50-54,Female,西宁市,青海省,China,CN,0:35:34,2:47:01,2:07:36,0:07:05,0:06:25,5:43:40,2134,10021,7656,425,385,20620,224,21,2,89,9,3,242,22,3,224,21,2,Finisher,2953
Elizaveta,Prokhorova,Elizaveta Prokhorova,454,F35-39,Female,Muang Phuket,PHUKET,Unknown,,0:38:21,2:49:44,2:05:43,0:05:58,0:04:04,5:43:50,2301,10184,7543,358,244,20630,225,22,3,164,20,4,286,28,5,225,22,3,Finisher,2652
XueQian,Wang,XueQian Wang,268,F30-34,Female,北京,CN-BJ,China,CN,0:47:53,2:33:35,2:11:31,0:06:32,0:04:32,5:44:03,2873,9215,7891,392,272,20643,226,23,8,472,69,11,231,20,8,226,23,8,Finisher,2032
Winky,Leong,Winky Leong,129,F25-29,Female,Hong Kong,CN-HK,Unknown,,0:45:53,2:51:56,1:55:05,0:06:33,0:04:37,5:44:04,2753,10316,6905,393,277,20644,227,24,6,402,62,15,399,46,10,227,24,6,Finisher,2492
Wenting,Zhu,Wenting Zhu,357,F35-39,Female,YINCHUAN,CN-NX,China,CN,0:44:21,2:44:35,2:03:11,0:07:44,0:04:14,5:44:05,2661,9875,7391,464,254,20645,228,25,4,355,52,7,315,34,6,228,25,4,Finisher,2647
Dongming,Peng,Dongming Peng,823,M50-54,Male, 昆明,Yunnan,China,CN,0:43:25,2:42:48,2:03:47,0:08:11,0:06:00,5:44:12,2605,9768,7427,491,360,20652,229,204,18,320,277,22,292,264,20,229,204,18,Finisher,2270
Weixiao,Liang,Weixiao Liang,524,M40-44,Male,广州市,天河区,China,CN,0:49:02,2:41:22,1:57:24,0:10:19,0:06:04,5:44:12,2942,9682,7044,619,364,20652,230,205,51,511,436,99,353,315,82,230,205,51,Finisher,1620
辰炀,刘,辰炀 刘,600,M40-44,Male,长春,吉林省,China,CN,0:51:11,2:42:41,1:55:48,0:08:47,0:05:45,5:44:12,3071,9761,6948,527,345,20652,231,206,52,578,480,108,382,339,88,231,206,52,Finisher,1620
Alper,Goek,Alper Goek,466,M35-39,Male,Beijing,Beijing,Turkey,TR,0:40:56,2:43:33,2:04:34,0:09:21,0:06:01,5:44:25,2456,9813,7474,561,361,20665,232,207,50,244,208,43,284,257,58,232,207,50,Finisher,1465
Xudong,Wang,Xudong Wang,423,M35-39,Male,曲靖市,Taoyuan City,China,CN,0:39:23,2:43:29,2:05:50,0:08:56,0:06:49,5:44:26,2363,9809,7550,536,409,20666,233,208,51,194,167,34,261,238,55,233,208,51,Finisher,1465
Xu,Zhifeng,Xu Zhifeng,228,M30-34,Male,Suzhou,Jiangsu,China,CN,0:42:17,2:34:55,2:13:47,0:08:15,0:05:14,5:44:28,2537,9295,8027,495,314,20668,234,209,25,290,252,31,213,196,26,234,209,25,Finisher,1720
Qi,Xiao,Qi Xiao,631,M40-44,Male,Tianjin,CN-TJ,China,CN,0:47:53,2:34:57,2:09:02,0:07:38,0:04:57,5:44:28,2873,9297,7742,458,297,20668,235,210,53,473,404,91,251,229,58,235,210,53,Finisher,1615
Zhen,Ding,Zhen Ding,570,M40-44,Male,南宁,CN-GX,China,CN,0:41:38,2:41:54,1:57:17,0:16:44,0:07:06,5:44:38,2498,9714,7037,1004,426,20678,236,211,54,269,231,59,349,311,80,236,211,54,Finisher,1612
Shuai,Ma,Shuai Ma,244,M30-34,Male,Shenzhen,Guangdong,China,CN,0:37:58,2:42:39,2:08:59,0:09:14,0:06:06,5:44:58,2278,9759,7739,554,366,20698,237,212,26,145,128,17,245,223,30,237,212,26,Finisher,1711
YIM ,SHUM,YIM SHUM,898,F55-59,Female,Hong Kong,Hong Kong,Hong Kong,HK,0:37:59,2:52:17,2:03:15,0:07:34,0:03:54,5:44:59,2279,10337,7395,454,234,20699,238,26,1,146,18,1,325,35,3,238,26,1,Finisher,3500
Wenbo,Lu,Wenbo Lu,106,M25-29,Male,chengdushi,sichuansheng,China,CN,0:39:36,2:45:44,2:05:51,0:07:45,0:06:09,5:45:06,2376,9944,7551,465,369,20706,239,213,24,202,173,25,274,249,26,239,213,24,Finisher,1809
Yun,Dong,Yun Dong,919,M55-59,Male,Guangzhou,CN-GD,China,CN,0:39:38,2:50:03,1:58:33,0:11:34,0:05:20,5:45:08,2378,10203,7113,694,320,20708,240,214,8,203,174,8,361,321,12,240,214,8,Finisher,3005
Wan,Wensong,Wan Wensong,191,M30-34,Male,beijing,CN-BJ,China,CN,0:45:58,2:29:30,2:13:17,0:08:59,0:07:33,5:45:17,2758,8970,7997,539,453,20717,241,215,27,407,345,46,205,190,24,241,215,27,Finisher,1705
Zhu,Kuangjie,Zhu Kuangjie,725,M45-49,Male,昆明,云南省,Unknown,,0:36:45,2:45:59,2:07:03,0:08:56,0:06:57,5:45:40,2205,9959,7623,536,417,20740,242,216,27,116,103,16,260,237,29,242,216,27,Finisher,1858
Guanyi,Liu,Guanyi Liu,249,M30-34,Male,Chingqing,CN-50,China,CN,0:51:42,2:44:30,1:56:16,0:07:55,0:05:24,5:45:48,3102,9870,6976,475,324,20748,243,217,28,592,488,66,398,353,48,243,217,28,Finisher,1696
Steffen,Dekoj,Steffen Dekoj,656,M40-44,Male,Zwickau,SN,Unknown,,0:54:40,2:34:56,2:04:26,0:07:01,0:04:59,5:46:02,3280,9296,7466,421,299,20762,244,218,55,651,533,121,314,281,70,244,218,55,Finisher,1587
Liying,Cao,Liying Cao,256,F30-34,Female,Chengdu,Taichung,China,CN,0:48:55,2:51:32,1:53:27,0:06:07,0:06:08,5:46:09,2935,10292,6807,367,368,20769,245,27,9,508,75,13,415,50,12,245,27,9,Finisher,1994
Eliza,Luckhurst,Eliza Luckhurst,126,F25-29,Female,Chavey Down,WEST BERKSHIRE,United Kingdom,GB,0:44:18,2:52:10,1:59:57,0:06:17,0:03:31,5:46:12,2658,10330,7197,377,211,20772,246,28,7,353,51,13,384,45,9,246,28,7,Finisher,2453
义东,卢,义东 卢,691,M45-49,Male,昆明市,云南省,China,CN,0:47:11,2:44:54,2:00:02,0:08:25,0:06:01,5:46:33,2831,9894,7202,505,361,20793,247,219,28,447,381,48,350,312,43,247,219,28,Finisher,1842
Jun,Fu,Jun Fu,829,F50-54,Female,昆明市,云南省,China,CN,0:55:04,2:45:55,1:50:33,0:09:16,0:05:47,5:46:35,3304,9955,6633,556,347,20795,248,29,3,660,121,14,453,60,5,248,29,3,Finisher,2900
HUIQIANG,WU,HUIQIANG WU,66,M50-54,Male,SHANGHAI,CN-SH,China,CN,0:43:35,2:35:07,2:15:08,0:08:00,0:04:46,5:46:37,2615,9307,8108,480,286,20797,249,220,19,325,282,24,222,205,15,249,220,19,Finisher,2226
Xuehua,Qiu,Xuehua Qiu,764,M45-49,Male,曲靖市,CN-YN,China,CN,0:54:58,2:46:14,1:48:08,0:09:32,0:08:29,5:47:21,3298,9974,6488,572,509,20841,250,221,29,658,539,69,463,402,54,250,221,29,Finisher,1827
shichao,Zhang,shichao Zhang,681,M45-49,Male,Shanghai,Shanghai,China,CN,0:43:17,2:47:40,2:02:06,0:06:57,0:07:37,5:47:37,2597,10060,7326,417,457,20857,251,222,30,315,272,36,326,291,40,251,222,30,Finisher,1823
进南,董,进南 董,170,M25-29,Male,杭州市,CN-ZJ,China,CN,0:38:03,2:30:26,2:24:36,0:07:58,0:06:43,5:47:46,2283,9026,8676,478,403,20866,252,223,25,151,133,19,143,133,16,252,223,25,Finisher,1761
Yuhua,Tao,Yuhua Tao,34,F60-64,Female,日照,CN-SD,China,CN,0:43:59,2:45:43,2:07:28,0:06:01,0:04:43,5:47:55,2639,9943,7648,361,283,20875,253,30,1,339,47,1,305,32,1,253,30,1,Finisher,3500
junkai,wang,junkai wang,82,M18-24,Male,Harbin,Heilongjiang,China,CN,0:43:23,2:28:15,2:23:06,0:09:18,0:04:01,5:48:03,2603,8895,8586,558,241,20883,254,224,7,317,274,11,177,164,6,254,224,7,Finisher,2576
亮亮,李,亮亮 李,462,F35-39,Female,沈阳,Liaoning,China,CN,0:44:17,2:42:32,2:08:08,0:06:54,0:06:21,5:48:13,2657,9752,7688,414,381,20893,255,31,5,351,50,6,281,27,4,255,31,5,Finisher,2573
JU,YE,JU YE,393,M35-39,Male,Hangzhou,CN-ZJ,China,CN,0:40:33,2:28:17,2:28:06,0:07:09,0:04:15,5:48:20,2433,8897,8886,429,255,20900,256,225,52,227,195,40,138,128,31,256,225,52,Finisher,1394
JINQIANG,CHENG,JINQIANG CHENG,267,M30-34,Male,changzhou,CN-JS,China,CN,0:51:02,2:49:08,1:52:58,0:08:35,0:06:42,5:48:24,3062,10148,6778,515,402,20904,257,226,29,573,476,63,436,381,53,257,226,29,Finisher,1649
Chuntao,Xie,Chuntao Xie,670,M40-44,Male,Tianjin,CN-TJ,China,CN,0:41:08,2:32:40,2:18:41,0:09:16,0:06:43,5:48:29,2468,9160,8321,556,403,20909,258,227,56,252,216,55,195,180,49,258,227,56,Finisher,1543
欣楠,林,欣楠 林,589,M40-44,Male,成都,四川省,China,CN,0:53:21,2:19:32,2:19:37,0:09:28,0:06:39,5:48:38,3201,8372,8377,568,399,20918,259,228,57,631,518,116,188,175,47,259,228,57,Finisher,1540
Chin Kuan,Ao,Chin Kuan Ao,712,M45-49,Male,Macau,Macao,Macao,MO,0:46:46,2:39:24,2:10:02,0:07:15,0:05:13,5:48:41,2806,9564,7802,435,313,20921,260,229,31,437,371,47,278,252,32,260,229,31,Finisher,1803
zhenghao,zhou,zhenghao zhou,588,M40-44,Male,重庆市,重庆市,China,CN,1:00:08,2:27:36,1:55:45,0:14:46,0:10:30,5:48:46,3608,8856,6945,886,630,20926,261,230,58,724,586,129,380,337,87,261,230,58,Finisher,1538
Heidi,Groensedt,Heidi Groensedt,851,F50-54,Female,Dubai Marina,Dubai,Unknown,,0:29:13,2:41:21,2:24:12,0:08:31,0:05:35,5:48:53,1753,9681,8652,511,335,20933,262,32,4,17,4,1,156,12,2,262,32,4,Finisher,2859
标贤,刘,标贤 刘,516,M40-44,Male,Shanghai,SHANGHAI,China,CN,0:48:10,2:45:20,2:00:25,0:08:13,0:06:45,5:48:53,2890,9920,7225,493,405,20933,263,231,59,486,416,94,367,326,85,263,231,59,Finisher,1535
张,强,张 强,421,M35-39,Male,长春,吉林省,China,CN,0:40:18,2:29:35,2:23:02,0:09:15,0:06:47,5:48:56,2418,8975,8582,555,407,20936,264,232,53,221,190,39,158,146,34,264,232,53,Finisher,1384
YUE,CHENG,YUE CHENG,533,F40-44,Female,Hefei,Anhui,China,CN,0:40:51,2:53:00,2:03:10,0:07:47,0:04:09,5:48:57,2451,10380,7390,467,249,20937,265,33,3,239,35,5,366,41,4,265,33,3,Finisher,2994
Zhidan,Huang,Zhidan Huang,546,M40-44,Male,大理州南涧彝族自治县,Yunnan,China,CN,0:38:43,2:43:30,2:14:10,0:06:38,0:06:15,5:49:16,2323,9810,8050,398,375,20956,266,233,60,174,152,35,236,216,55,266,233,60,Finisher,1529
Haijiang,Dong,Haijiang Dong,511,M40-44,Male,上海,上海,China,CN,0:37:31,2:43:19,2:09:14,0:11:29,0:07:47,5:49:19,2251,9799,7754,689,467,20959,267,234,61,135,120,27,265,241,61,267,234,61,Finisher,1528
Keith,Chung,Keith Chung,145,M25-29,Male,Hong Kong,Hong Kong,Hong Kong,HK,0:34:13,2:58:58,2:04:19,0:06:37,0:05:18,5:49:26,2053,10738,7459,397,318,20966,268,235,26,75,67,10,346,309,29,268,235,26,Finisher,1731
Tatiana,Starikova,Tatiana Starikova,899,F55-59,Female,Владивосток,Far Eastern Federal District,Afghanistan,AF,0:47:27,2:40:48,2:07:33,0:06:34,0:07:13,5:49:35,2847,9648,7653,394,433,20975,269,34,2,458,67,5,297,30,2,269,34,2,Finisher,3417
Zhigang,Li ,Zhigang Li,659,M40-44,Male,南宁市,CN-GX,China,CN,0:41:10,2:30:18,2:20:20,0:09:32,0:08:14,5:49:35,2470,9018,8420,572,494,20975,270,236,62,254,218,57,180,167,44,270,236,62,Finisher,1523
周,文学,周 文学,622,M40-44,Male,宜宾,CN-SC,China,CN,0:45:56,2:46:07,2:05:08,0:07:06,0:05:20,5:49:36,2756,9967,7508,426,320,20976,271,237,63,404,342,76,339,303,77,271,237,63,Finisher,1523
Quanbao,He,Quanbao He,736,M45-49,Male,泸水市,CN-YN,Tuvalu,TV,0:55:30,2:39:47,2:01:51,0:07:47,0:04:42,5:49:37,3330,9587,7311,467,282,20977,272,238,32,665,542,70,386,341,44,272,238,32,Finisher,1787
Burin,Sangsuwanlert,Burin Sangsuwanlert,369,M35-39,Male,"Thanon Phrayathai ,Ratchatewi",,Unknown,,0:39:52,2:34:30,2:19:26,0:09:11,0:06:37,5:49:37,2392,9270,8366,551,397,20977,273,239,54,211,182,37,197,182,41,273,239,54,Finisher,1371
Yuhui,Li,Yuhui Li,743,M45-49,Male,Shenzhen,CN-GD,China,CN,0:47:55,2:55:31,1:51:47,0:09:04,0:05:28,5:49:45,2875,10531,6707,544,328,20985,274,240,33,475,406,50,483,419,58,274,240,33,Finisher,1784
Nha,Lu Thanh,Nha Lu Thanh,59,M45-49,Male,Hồ Chí Minh,VN-SG,Unknown,,0:49:08,2:38:51,2:05:00,0:11:04,0:05:55,5:49:57,2948,9531,7500,664,355,20997,275,241,34,513,438,53,337,302,41,275,241,34,Finisher,1781
熠,严,熠 严,640,M40-44,Male,北京市,CN-BJ,China,CN,0:38:32,2:24:44,2:30:36,0:09:31,0:06:40,5:50:04,2312,8684,9036,571,400,21004,276,242,64,169,149,33,113,105,28,276,242,64,Finisher,1514
Jinli,LI,Jinli LI,193,F30-34,Female,广州市,Guangdong,China,CN,0:48:29,2:39:02,2:07:03,0:08:55,0:06:35,5:50:04,2909,9542,7623,535,395,21004,277,35,10,495,71,12,312,33,10,277,35,10,Finisher,1924
Di,Water,Di Water,780,M45-49,Male,上海,Shanghai,China,CN,0:49:11,2:39:49,2:03:37,0:07:46,0:09:52,5:50:14,2951,9589,7417,466,592,21014,278,243,35,515,440,54,317,283,39,278,243,35,Finisher,1775
Botian,Chen,Botian Chen,291,M30-34,Male,beijing,BEIJING,China,CN,0:45:13,2:42:45,2:11:32,0:06:57,0:04:06,5:50:32,2713,9765,7892,417,246,21032,279,244,30,387,328,41,298,268,34,279,244,30,Finisher,1610
宏斌,相,宏斌 相,698,M45-49,Male,杭州,CN-ZJ,China,CN,0:35:52,2:46:39,2:10:32,0:11:54,0:05:57,5:50:54,2152,9999,7832,714,357,21054,280,245,36,98,89,13,293,265,35,280,245,36,Finisher,1763
海志,符,海志 符,625,M40-44,Male,haikou,hainan,China,CN,0:47:01,2:41:24,2:05:26,0:07:49,0:09:28,5:51:07,2821,9684,7526,469,568,21067,281,246,65,445,379,85,309,277,68,281,246,65,Finisher,1495
LIU,WEI,LIU WEI,377,F35-39,Female,株洲市,湖南省,China,CN,0:44:43,2:37:47,2:12:37,0:09:44,0:06:47,5:51:37,2683,9467,7957,584,407,21097,282,36,6,374,57,9,264,24,2,282,36,6,Finisher,2512
彭,高,彭 高,968,M25-29,Male,成都,四川省,China,CN,0:42:42,3:15:33,1:41:33,0:06:29,0:05:37,5:51:55,2562,11733,6093,389,337,21115,283,247,27,300,259,34,592,500,45,283,247,27,Finisher,1686
Xia,Chen,Xia Chen,470,F35-39,Female,Hangzhou,CN-33,China,CN,0:44:03,2:53:56,2:01:50,0:06:45,0:05:25,5:51:59,2643,10436,7310,405,325,21119,284,37,7,341,48,5,400,47,9,284,37,7,Finisher,2505
丽惠,梅,丽惠 梅,888,F55-59,Female,东营市,山东省东营市东营区,China,CN,0:43:41,2:42:56,2:13:01,0:06:40,0:05:46,5:52:05,2621,9776,7981,400,346,21125,285,38,3,326,44,2,276,26,1,285,38,3,Finisher,3372
ce,sun,ce sun,271,M30-34,Male,Beijing,Beijing,China,CN,0:39:49,2:51:24,2:05:32,0:09:52,0:05:32,5:52:08,2389,10284,7532,592,332,21128,286,248,31,207,178,25,357,318,43,286,248,31,Finisher,1582
yuyan,lei,yuyan lei,107,M25-29,Male,zunyi,guizhou,China,CN,0:38:15,2:47:17,2:10:59,0:08:34,0:07:04,5:52:08,2295,10037,7859,514,424,21128,287,249,28,159,140,21,288,260,28,287,249,28,Finisher,1682
Sergei,Zavatckii,Sergei Zavatckii,309,M35-39,Male,Vladivostok,Primorskiy Kray,Afghanistan,AF,0:36:47,2:51:31,2:09:18,0:08:19,0:06:21,5:52:15,2207,10291,7758,499,381,21135,288,250,55,118,105,20,313,280,62,288,250,55,Finisher,1324
Haoyu,Cheng ,Haoyu Cheng,135,M25-29,Male,上海,CN-SH,China,CN,0:40:31,3:12:51,1:43:16,0:10:12,0:05:35,5:52:25,2431,11571,6196,612,335,21145,289,251,29,225,193,27,576,489,43,289,251,29,Finisher,1677
Jiayue,Xiong,Jiayue Xiong,522,M40-44,Male,Shanghai,Shanghai,China,CN,0:41:05,2:43:13,2:15:04,0:08:20,0:04:52,5:52:34,2465,9793,8104,500,292,21154,290,252,66,248,212,54,271,246,62,290,252,66,Finisher,1469
Ruocheng,Tong,Ruocheng Tong,407,M35-39,Male,Chengdu ,CN-SC,China,CN,0:48:55,2:51:31,1:54:22,0:10:07,0:07:52,5:52:49,2935,10291,6862,607,472,21169,291,253,56,509,434,97,460,399,88,291,253,56,Finisher,1314
QU,HE,QU HE,608,F40-44,Female,guangyuan,Taipei,China,CN,0:53:46,2:45:31,1:59:13,0:08:50,0:05:29,5:52:49,3226,9931,7153,530,329,21169,292,39,4,636,114,22,430,53,7,292,39,4,Finisher,2924
YAO,GU,YAO GU,222,M30-34,Male,JIANGYIN,CN-JS,China,CN,0:41:07,2:35:06,2:19:21,0:10:14,0:07:04,5:52:53,2467,9306,8361,614,424,21173,293,254,32,250,214,27,218,201,28,293,254,32,Finisher,1568
Haoran,Cao,Haoran Cao,389,M35-39,Male,昆明,云南省,China,CN,0:46:51,2:29:35,2:11:01,0:12:59,0:12:34,5:52:59,2811,8975,7861,779,754,21179,294,255,57,441,375,81,240,219,50,294,255,57,Finisher,1311
Wai Yip,Lam,Wai Yip Lam,64,M50-54,Male,Sai Ying Pun,Hong Kong,Hong Kong,HK,0:46:09,2:57:59,1:55:34,0:07:30,0:05:49,5:53:00,2769,10679,6934,450,349,21180,295,256,20,416,353,31,475,412,39,295,256,20,Finisher,2111
Lin,Chuyi,Lin Chuyi,281,M30-34,Male,Kunming,Yunnan Province,China,CN,0:51:07,2:42:35,2:02:30,0:10:02,0:06:47,5:53:01,3067,9755,7350,602,407,21181,296,257,33,574,477,64,394,349,47,296,257,33,Finisher,1566
Paolo,Gaias,Paolo Gaias,787,M45-49,Male,Singapore,CENTRAL SINGAPORE,Italy,IT,0:32:47,2:43:11,2:24:54,0:08:00,0:04:21,5:53:13,1967,9791,8694,480,261,21193,297,258,37,53,46,7,201,186,19,297,258,37,Finisher,1722
Ivan,Chimbel,Ivan Chimbel,644,M40-44,Male,Petropavlovsk,Pavlodar,Kazakhstan,KZ,0:46:49,2:23:15,2:30:55,0:07:40,0:04:39,5:53:17,2809,8595,9055,460,279,21197,298,259,67,439,373,82,146,136,38,298,259,67,Finisher,1456
Lars Bo,Groensedt,Lars Bo Groensedt,938,M60-64,Male,Dubai,Dubai,Unknown,,0:41:13,2:25:40,2:30:22,0:09:20,0:06:45,5:53:19,2473,8740,9022,560,405,21199,299,260,2,256,220,4,142,132,2,299,260,2,Finisher,2970
hongchun,pu,hongchun pu,456,M35-39,Male,昆明市,云南省,China,CN,0:55:04,2:43:11,1:57:38,0:10:57,0:06:30,5:53:19,3304,9791,7058,657,390,21199,300,261,58,661,540,119,440,383,87,300,261,58,Finisher,1305
LINGCHAO,KONG,LINGCHAO KONG,616,M40-44,Male,KUNMING,Yunnan,China,CN,0:42:57,2:35:56,2:19:05,0:07:38,0:07:53,5:53:29,2577,9356,8345,458,473,21209,301,262,68,305,264,66,220,203,52,301,262,68,Finisher,1453
XINYU,ZHONG,XINYU ZHONG,154,F25-29,Female,XIAMEN,FUJIAN,China,CN,0:50:07,2:34:02,2:17:59,0:07:07,0:04:26,5:53:41,3007,9242,8279,427,266,21221,302,40,8,541,88,17,256,23,6,302,40,8,Finisher,2319
Min,Wang,Min Wang,51,F40-44,Female,Nanjing,CN-JS,China,CN,0:43:14,2:43:03,2:13:58,0:08:11,0:05:30,5:53:56,2594,9783,8038,491,330,21236,303,41,5,314,43,8,294,29,3,303,41,5,Finisher,2904
Yaoren,Zhu,Yaoren Zhu,200,M30-34,Male,嘉兴市,浙江省,China,CN,0:39:27,2:46:05,2:06:45,0:13:39,0:08:13,5:54:10,2367,9965,7605,819,493,21250,304,263,34,200,172,24,340,304,42,304,263,34,Finisher,1545
Zhenya,Mei,Zhenya Mei,882,M50-54,Male,Guangzhou,CN-GD,China,CN,0:48:46,2:53:23,1:52:58,0:09:28,0:10:01,5:54:37,2926,10403,6778,568,601,21277,305,264,21,504,431,43,473,411,38,305,264,21,Finisher,2082
Jianchao,Huang,Jianchao Huang,526,M40-44,Male,Shanghai,CN-SH,China,CN,0:50:13,2:40:48,2:05:16,0:10:36,0:07:44,5:54:37,3013,9648,7516,636,464,21277,306,265,69,543,455,102,365,325,84,306,265,69,Finisher,1432
文赓,陈,文赓 陈,322,M35-39,Male,海口市,海南省,China,CN,0:45:27,2:43:36,2:12:02,0:08:21,0:05:19,5:54:45,2727,9816,7922,501,319,21285,307,266,59,392,333,72,321,287,65,307,266,59,Finisher,1279
倩,周,倩 周,264,F30-34,Female,昆明,CN-YN,China,CN,0:52:31,2:35:02,2:14:03,0:07:37,0:05:35,5:54:48,3151,9302,8043,457,335,21288,308,42,11,618,111,22,300,31,9,308,42,11,Finisher,1839
Zhaslan,Moldakhmetov ,Zhaslan Moldakhmetov,568,M40-44,Male,Астана,Astana,Kazakhstan,KZ,0:40:54,2:43:19,2:14:24,0:09:51,0:06:20,5:54:48,2454,9799,8064,591,380,21288,309,267,70,241,206,51,287,259,66,309,267,70,Finisher,1429
Weichun,LI,Weichun LI,382,M35-39,Male,珠海市,Guangdong,China,CN,0:48:45,2:42:44,2:12:23,0:06:27,0:04:37,5:54:54,2925,9764,7943,387,277,21294,310,268,60,503,430,96,327,292,66,310,268,60,Finisher,1276
Mengzhu,Zhao,Mengzhu Zhao,209,F30-34,Female,Shanghai,CN-SH,China,CN,0:49:16,3:02:59,1:50:57,0:07:28,0:04:17,5:54:58,2956,10979,6657,448,257,21298,311,43,12,519,78,15,541,80,17,311,43,12,Finisher,1836
HAIMENG,DAI,HAIMENG DAI,335,M35-39,Male,Chongqing,CN-Chongqing,China,CN,0:39:50,2:53:06,2:07:38,0:08:50,0:05:39,5:55:03,2390,10386,7658,530,339,21303,312,269,61,210,181,36,370,329,74,312,269,61,Finisher,1274
Duanbo,Ma,Duanbo Ma,573,M40-44,Male,南宁,CN-GX,China,CN,,,,0:00:00,0:00:00,5:55:04,0,0,0,0,0,21304,313,270,71,99999,99999,99999,99999,99999,99999,313,270,71,Finisher,1424
Huabin,Liang,Huabin Liang,439,M35-39,Male,台州市,CN-ZJ,China,CN,0:37:35,2:49:33,2:11:21,0:10:03,0:06:33,5:55:04,2255,10173,7881,603,393,21304,314,271,62,136,121,23,320,286,64,314,271,62,Finisher,1273
Fei,Zhu,Fei Zhu,172,F25-29,Female,hangzhou,CN-ZJ,China,CN,0:42:19,2:49:50,2:10:14,0:07:21,0:05:21,5:55:07,2539,10190,7814,441,321,21307,315,44,9,291,39,11,342,37,7,315,44,9,Finisher,2293
SUIQING,CHAN,SUIQING CHAN,711,M45-49,Male,广州,CN-GD,China,CN,0:47:46,2:38:29,2:16:28,0:08:48,0:03:54,5:55:24,2866,9509,8188,528,234,21324,316,272,38,466,399,49,299,269,36,316,272,38,Finisher,1682
weezy,west,weezy west,252,M30-34,,XiAn,ShanXi,China,CN,0:38:54,2:40:07,2:20:50,0:08:43,0:06:55,5:55:29,2334,9607,8450,523,415,21329,317,273,35,180,157,21,229,211,29,317,273,35,Finisher,1521
shouxun,yang,shouxun yang,923,M55-59,Male,Dali,Yunnan,China,CN,0:46:35,2:45:46,2:02:13,0:11:33,0:09:34,5:55:41,2795,9946,7333,693,574,21341,318,274,9,430,364,18,396,351,13,318,274,9,Finisher,2815
Boxue,Wang,Boxue Wang,192,M30-34,Male,beijing,Beijing,China,CN,0:43:32,2:26:46,2:35:22,0:05:26,0:04:36,5:55:43,2612,8806,9322,326,276,21343,319,275,36,323,280,35,135,125,15,319,275,36,Finisher,1517
Siyang,Liu,Siyang Liu,352,M35-39,Male,Shanghai,Shanghai,China,CN,0:59:35,2:56:24,1:38:45,0:12:53,0:08:12,5:55:49,3575,10584,5925,773,492,21349,320,276,63,716,579,126,618,519,120,320,276,63,Finisher,1260
Hui,Li,Hui Li,152,M25-29,Male,China chengdu,SICHUAN,China,CN,0:40:40,2:59:08,2:01:46,0:08:47,0:05:41,5:56:01,2440,10748,7306,527,341,21361,321,277,30,230,198,28,434,380,35,321,277,30,Finisher,1612
PUBO,LIU,PUBO LIU,262,M30-34,Male,Chongqing,CN-CQ,China,CN,0:38:30,2:33:24,2:26:48,0:07:28,0:10:07,5:56:16,2310,9204,8808,448,607,21376,322,278,37,167,147,20,160,148,18,322,278,37,Finisher,1507
建静,马,建静 马,591,F40-44,Female,天津市,CN-TJ,China,CN,0:55:17,2:51:58,1:54:38,0:08:42,0:06:08,5:56:43,3317,10318,6878,522,368,21403,323,45,6,664,123,23,516,73,14,323,45,6,Finisher,2854
Douglas,Ling,Douglas Ling,206,M30-34,Male,HK,Hong Kong,Hong Kong,HK,0:47:25,2:43:13,2:12:48,0:07:06,0:06:16,5:56:49,2845,9793,7968,426,376,21409,324,279,38,457,391,50,323,289,40,324,279,38,Finisher,1497
Tomasz,Kozlowski,Tomasz Kozlowski,750,M45-49,Male,Shenzhen,CN-GD,Poland,PL,0:40:18,2:39:51,2:15:55,0:10:25,0:10:23,5:56:52,2418,9591,8155,625,623,21412,325,280,39,222,191,26,252,230,27,325,280,39,Finisher,1656
Zhuanzhuan,Chen,Zhuanzhuan Chen,744,M45-49,Male,杭州,CN-ZJ,China,CN,0:43:41,2:41:35,2:15:53,0:08:26,0:07:20,5:56:55,2621,9695,8153,506,440,21415,326,281,40,327,283,37,280,254,33,326,281,40,Finisher,1655
Mark,Marlborough,Mark Marlborough,198,M30-34,Male,Kunming,YUNNAN,Ireland,IE,0:37:00,2:57:58,2:01:52,0:10:29,0:09:58,5:57:17,2220,10678,7312,629,598,21437,327,282,39,128,113,16,409,360,50,327,282,39,Finisher,1489
Qi,Zhang,Qi Zhang,451,F35-39,Female,Beijing,CN-BJ,China,CN,0:46:09,2:46:27,2:09:58,0:08:37,0:06:08,5:57:19,2769,9987,7798,517,368,21439,328,46,8,417,64,10,360,40,7,328,46,8,Finisher,2409
Ngok Pang Ronald,Chan,Ngok Pang Ronald Chan,668,M40-44,Male,New Territories,Hong Kong,Hong Kong,HK,0:39:44,2:59:58,1:59:54,0:11:28,0:06:18,5:57:22,2384,10798,7194,688,378,21442,329,283,72,205,176,40,467,405,103,329,283,72,Finisher,1383
Chang,Lin,Chang Lin,719,M45-49,Male,北京,CN-BJ,China,CN,0:42:35,2:35:39,2:26:01,0:07:55,0:05:12,5:57:22,2555,9339,8761,475,312,21442,330,284,41,296,256,31,216,199,22,330,284,41,Finisher,1647
Jiahua,YE,Jiahua YE,364,M35-39,Male,广州市,Guangdong,China,CN,0:51:34,2:42:01,2:08:46,0:07:37,0:07:38,5:57:36,3094,9721,7726,457,458,21456,331,285,64,590,487,110,359,320,72,331,285,64,Finisher,1228
Jun,Wu,Jun Wu,926,M55-59,Male,宜昌市,湖北,China,CN,0:42:00,2:37:31,2:21:36,0:08:48,0:08:15,5:58:09,2520,9451,8496,528,495,21489,332,286,10,281,243,10,233,213,9,332,286,10,Finisher,2770
Peng,Du,Peng Du,861,M50-54,Male,Guangzhou,GUANGDONG,China,CN,0:37:07,3:04:15,2:01:02,0:09:03,0:07:01,5:58:28,2227,11055,7262,543,421,21508,333,287,22,129,114,8,459,398,35,333,287,22,Finisher,2013
Alexander,Romanov,Alexander Romanov,56,M40-44,Male,Milano,LOMBARDIA,Italy,IT,0:40:05,2:42:03,2:24:52,0:07:02,0:04:38,5:58:40,2405,9723,8692,422,278,21520,334,288,73,215,185,43,237,217,56,334,288,73,Finisher,1359
Lu,Qin,Lu Qin,485,M35-39,,Hangzhou,CN-ZJ,China,CN,0:51:19,2:26:03,2:17:28,0:14:12,0:09:44,5:58:46,3079,8763,8248,852,584,21526,335,289,65,582,482,109,258,235,53,335,289,65,Finisher,1207
维,司,维 司,839,M50-54,Male,秦皇岛市,河北省,China,CN,0:52:25,2:41:28,2:10:36,0:07:30,0:06:55,5:58:53,3145,9688,7836,450,415,21533,336,290,23,617,507,48,363,323,24,336,290,23,Finisher,2005
Wei,Wu,Wei Wu,763,M45-49,Male,贵阳市,贵州（GZ）,China,CN,0:46:44,2:51:59,2:08:02,0:06:46,0:05:31,5:59:03,2804,10319,7682,406,331,21543,337,291,42,434,368,46,410,361,46,337,291,42,Finisher,1617
Shuyang,LI,Shuyang LI,630,M40-44,Male,anshan,LIAONING,China,CN,0:37:45,2:38:28,2:28:26,0:09:13,0:05:31,5:59:24,2265,9508,8906,553,331,21564,338,292,74,143,127,29,212,195,51,338,292,74,Finisher,1346
Jian,Yu,Jian Yu,720,M45-49,Male,上海,上海,China,CN,0:43:47,2:37:22,2:23:59,0:08:15,0:06:07,5:59:30,2627,9442,8639,495,367,21570,339,293,43,330,286,38,239,218,25,339,293,43,Finisher,1609
Melanie,Grohmann,Melanie Grohmann,565,F40-44,Female,AGUASCALIENTES,AGUASCALIENTES,Unknown,,0:40:55,2:51:55,2:09:16,0:09:52,0:07:42,5:59:40,2455,10315,7756,592,462,21580,340,47,7,243,36,6,383,44,6,340,47,7,Finisher,2801
JIYONG,ZENG,JIYONG ZENG,883,M50-54,Male,海口市,CN-HA,China,CN,0:54:34,2:48:48,2:04:21,0:07:28,0:04:44,5:59:55,3274,10128,7461,448,284,21595,341,294,24,648,531,49,464,403,36,341,294,24,Finisher,1987
jie,chen,jie chen,728,F45-49,,成都市,四川省,China,CN,0:44:38,2:55:18,2:06:22,0:08:09,0:05:38,6:00:04,2678,10518,7582,489,338,21604,342,48,3,369,55,6,429,52,3,342,48,3,Finisher,2730
Kim Wah,Leong,Kim Wah Leong,71,M55-59,Male,Singapore,Singapore,Unknown,,0:44:49,2:50:18,2:07:57,0:09:51,0:07:17,6:00:12,2689,10218,7677,591,437,21612,343,295,11,377,320,15,402,355,15,343,295,11,Finisher,2733
张,宏波,张 宏波,662,M40-44,Male,嘉兴,浙江,China,CN,0:59:34,2:38:31,2:07:21,0:09:24,0:05:33,6:00:22,3574,9511,7641,564,333,21622,344,296,75,715,578,128,424,373,96,344,296,75,Finisher,1329
jihong,yu,jihong yu,443,M35-39,Male,贵阳市,贵州省,China,CN,0:44:06,2:46:26,2:16:08,0:07:48,0:05:54,6:00:23,2646,9986,8168,468,354,21623,345,297,66,345,297,62,329,294,68,345,297,66,Finisher,1178
Rui,Li,Rui Li,486,M35-39,Male,昆明,云南省,China,CN,0:50:38,2:37:49,2:14:53,0:09:33,0:07:32,6:00:25,3038,9469,8093,573,452,21625,346,298,67,558,467,105,328,293,67,346,298,67,Finisher,1177
Xinyi,Yang,Xinyi Yang,211,F30-34,Female,Shenzhen,Guangdong,China,CN,0:58:20,2:31:37,2:12:19,0:10:13,0:08:05,6:00:34,3500,9097,7939,613,485,21634,347,49,13,702,132,24,348,38,11,347,49,13,Finisher,1735
Jan-Sebastian,Renneberg,Jan-Sebastian Renneberg,499,M40-44,Male,Hefei,ANHUI,Unknown,,0:32:52,2:25:44,2:48:44,0:07:38,0:06:05,6:01:03,1972,8744,10124,458,365,21663,348,299,76,56,48,13,65,62,18,348,299,76,Finisher,1316
威,姜,威 姜,417,M35-39,Male,沈阳市,CN-LN,China,CN,1:03:51,2:38:06,2:03:20,0:09:06,0:06:50,6:01:13,3831,9486,7400,546,410,21673,349,300,68,749,605,133,465,404,90,349,300,68,Finisher,1163
晓博,薛,晓博 薛,295,M30-34,Male,兰州,甘肃,China,CN,0:43:24,2:50:15,2:13:55,0:08:08,0:05:41,6:01:23,2604,10215,8035,488,341,21683,350,301,40,319,276,34,372,331,46,350,301,40,Finisher,1415
Li,Nie,Li Nie,523,M40-44,Male,Shanghai,CN-SH,China,CN,0:53:21,2:34:18,2:16:28,0:10:02,0:07:19,6:01:28,3201,9258,8188,602,439,21688,351,302,77,630,517,115,322,288,71,351,302,77,Finisher,1309
Jia Kuan,Zhang,Jia Kuan Zhang,618,M40-44,Male,贵州省,CN-GZ,China,CN,0:47:53,3:13:52,1:50:23,0:05:24,0:04:00,6:01:32,2873,11632,6623,324,240,21692,352,303,78,470,402,90,607,513,121,352,303,78,Finisher,1308
FUJUN,WEN,FUJUN WEN,830,M50-54,Male,上海,上海,China,CN,0:45:14,2:50:03,2:11:02,0:08:20,0:07:03,6:01:42,2714,10203,7862,500,423,21702,353,304,25,389,330,30,393,348,26,353,304,25,Finisher,1955
Lei,Pei,Lei Pei,537,M40-44,,红河州开远市,CN-YN,China,CN,0:52:02,2:52:29,2:03:57,0:08:48,0:04:35,6:01:51,3122,10349,7437,528,275,21711,354,305,79,605,497,113,494,428,105,354,305,79,Finisher,1302
Ning,Liu,Ning Liu,638,M40-44,Male,成都,CN-SC,China,CN,0:48:39,2:38:13,2:16:46,0:11:57,0:06:37,6:02:13,2919,9493,8206,717,397,21733,355,306,80,501,428,96,335,300,75,355,306,80,Finisher,1295
Jia,Ni,Jia Ni,868,F50-54,Female,玉溪,CN-YN,China,CN,0:38:09,2:53:48,2:18:02,0:07:06,0:05:18,6:02:24,2289,10428,8282,426,318,21744,356,50,5,155,19,4,338,36,4,356,50,5,Finisher,2616
Wei,Ren,Wei Ren,614,M40-44,Male,Shenzhen,CN-GD,China,CN,0:48:57,2:36:26,2:22:43,0:08:08,0:06:14,6:02:28,2937,9386,8563,488,374,21748,357,307,81,510,435,98,279,253,65,357,307,81,Finisher,1291
Damian,Quiroga,Damian Quiroga,906,M55-59,Male,Shanghain,CN-SH,Argentina,AR,0:46:11,2:51:44,2:01:08,0:15:07,0:08:40,6:02:50,2771,10304,7268,907,520,21770,358,308,12,418,354,17,489,423,18,358,308,12,Finisher,2686
xiaogang,Wu,xiaogang Wu,539,M40-44,Male,Dali,Delhi,Canada,CA,0:41:18,3:00:36,2:06:09,0:07:18,0:07:34,6:02:54,2478,10836,7569,438,454,21774,359,309,82,259,223,58,439,382,98,359,309,82,Finisher,1283
You You,Hou,You You Hou,746,M45-49,Male,北京,北京,China,CN,0:49:32,2:46:58,2:06:28,0:10:44,0:09:20,6:03:02,2972,10018,7588,644,560,21782,360,310,44,524,444,55,419,369,49,360,310,44,Finisher,1545
MARCUS,TEOH,MARCUS TEOH,794,M50-54,Male,KLANG,SELANGOR,Unknown,,0:46:48,2:58:58,2:05:55,0:06:52,0:04:34,6:03:07,2808,10738,7555,412,274,21787,361,311,26,438,372,37,485,421,41,361,311,26,Finisher,1929
Akash,Duggal,Akash Duggal,495,M40-44,Male,Malviya Nagar,foreigner,India,IN,0:35:48,2:44:06,2:25:20,0:10:55,0:07:26,6:03:36,2148,9846,8720,655,446,21816,362,312,83,96,87,22,254,232,59,362,312,83,Finisher,1271
Jingshuang,Qiu,Jingshuang Qiu,366,F35-39,Female,Chengdu,Sichuan,China,CN,0:48:30,2:43:44,2:10:54,0:10:13,0:10:19,6:03:40,2910,9824,7854,613,619,21820,363,51,9,497,72,11,379,43,8,363,51,9,Finisher,2295
Nianzu,Ding,Nianzu Ding,632,M40-44,Male,Shanghai,CN-SH,China,CN,0:51:52,2:40:19,2:14:26,0:10:00,0:07:24,6:03:59,3112,9619,8066,600,444,21839,364,313,84,599,492,111,377,336,86,364,313,84,Finisher,1264
Peng,Wang,Peng Wang,755,M45-49,Male,兰州市,甘肃省,China,CN,0:52:52,2:48:40,2:04:02,0:13:14,0:05:39,6:04:26,3172,10120,7442,794,339,21866,365,314,45,622,511,65,507,438,59,365,314,45,Finisher,1520
Qi,GOU,Qi GOU,221,M30-34,Male,成都市,Sichuan,China,CN,0:45:36,3:06:21,1:56:50,0:08:51,0:06:56,6:04:34,2736,11181,7010,531,416,21874,366,315,41,395,335,44,552,470,61,366,315,41,Finisher,1358
Raymond Kiang Seng,Ang,Raymond Kiang Seng Ang,814,M50-54,Male,Singapore,Singapore,Unknown,,0:49:40,2:48:40,2:06:53,0:11:55,0:07:46,6:04:55,2980,10120,7613,715,466,21895,367,316,27,529,447,45,454,394,34,367,316,27,Finisher,1897
Yu,Pei,Yu Pei,918,M55-59,Male,西安,CN-SN,China,CN,0:48:51,2:32:34,2:25:28,0:08:30,0:09:40,6:05:04,2931,9154,8728,510,580,21904,368,317,13,507,433,21,247,225,10,368,317,13,Finisher,2646
Fan,Lu,Fan Lu,428,M35-39,Male,贛州市,Jiangxi,Canada,CA,0:44:03,2:42:20,2:24:29,0:09:27,0:05:25,6:05:44,2643,9740,8669,567,325,21944,369,318,69,340,293,60,307,275,61,369,318,69,Finisher,1081
ZHIJIE,HUA,ZHIJIE HUA,557,M40-44,Male,苏州,CN-JS,China,CN,0:41:09,2:41:12,2:25:35,0:10:55,0:07:02,6:05:52,2469,9672,8735,655,422,21952,370,319,85,253,217,56,275,250,64,370,319,85,Finisher,1230
Zhenguang,Su,Zhenguang Su,385,M35-39,Male,GuangZhou,GuangDong,China,CN,0:48:15,2:37:07,2:25:59,0:08:29,0:06:20,6:06:09,2895,9427,8759,509,380,21969,371,320,70,491,421,95,285,258,59,371,320,70,Finisher,1074
承,常,承 常,445,M35-39,Male,Kunming,Yunnan,China,CN,0:44:28,2:27:07,2:40:34,0:08:41,0:05:28,6:06:18,2668,8827,9634,521,328,21978,372,321,71,359,305,66,166,154,36,372,321,71,Finisher,1071
Michael,Welsh,Michael Welsh,937,M60-64,Male,Kennedy Town,Hong Kong,France,FR,0:31:42,2:34:55,2:44:12,0:09:13,0:06:16,6:06:18,1902,9295,9852,553,376,21978,373,322,3,43,37,1,136,126,1,373,322,3,Finisher,2737
Alexander,Vlasov,Alexander Vlasov,824,M50-54,Male,Moscow,Москва,China,CN,0:31:25,2:50:44,2:23:06,0:12:13,0:08:54,6:06:22,1885,10244,8586,733,534,21982,374,323,28,41,35,2,291,263,19,374,323,28,Finisher,1871
隐,邱,隐 邱,661,F40-44,Female,大理,云南省,Unknown,,1:12:02,2:35:05,2:04:07,0:08:15,0:06:55,6:06:24,4322,9305,7447,495,415,21984,375,52,8,772,150,26,515,72,13,375,52,8,Finisher,2680
Jianing,AN,Jianing AN,314,M35-39,Male,chengdu,Sichuan,China,CN,0:42:13,3:00:09,2:04:29,0:11:06,0:08:33,6:06:31,2533,10809,7469,666,513,21991,376,324,72,289,251,53,496,430,96,376,324,72,Finisher,1067
Jie,You,Jie You,544,M40-44,Male,大理市,Yunnan,China,CN,0:41:54,2:59:05,2:14:53,0:06:28,0:04:33,6:06:52,2514,10745,8093,388,273,22012,377,325,86,276,238,60,422,371,94,377,325,86,Finisher,1212
Zulfikar Asgar,Ali,Zulfikar Asgar Ali,789,M45-49,Male,Desa Dauh Puri Kangin /  Denpasa,Bali,Indonesia,ID,0:50:17,2:46:56,2:13:21,0:09:28,0:06:52,6:06:54,3017,10016,8001,568,412,22014,378,326,46,545,457,57,416,366,48,378,326,46,Finisher,1475
Aleksei,Smirnov,Aleksei Smirnov,501,M40-44,Male,Moscow,Central Federal District,Afghanistan,AF,0:48:30,2:50:58,2:09:25,0:10:32,0:07:29,6:06:54,2910,10258,7765,632,449,22014,379,327,87,496,425,95,450,391,101,379,327,87,Finisher,1211
辉,张,辉 张,288,M30-34,Male,曲靖市,Yunnan,China,CN,0:44:56,2:48:43,2:20:31,0:08:06,0:05:02,6:07:18,2696,10123,8431,486,302,22038,380,328,42,382,324,40,369,328,45,380,328,42,Finisher,1309
Xin,Yao,Xin Yao,566,F40-44,Female,北京,beijing,China,CN,0:43:49,2:55:09,2:11:59,0:09:29,0:07:14,6:07:40,2629,10509,7919,569,434,22060,381,53,9,333,46,9,432,54,8,381,53,9,Finisher,2657
Raghav ,Anand,Raghav Anand,223,M30-34,Male,Delhi,Delhi,India,IN,1:02:05,2:43:06,2:06:47,0:09:09,0:06:36,6:07:44,3725,9786,7607,549,396,22064,382,329,43,736,596,76,504,436,58,382,329,43,Finisher,1301
Sönke,Tedt,Sönke Tedt,917,M55-59,Male,Wolfsburg,Lower Saxony,Unknown,,0:53:13,2:37:03,2:20:37,0:08:28,0:08:31,6:07:52,3193,9423,8437,508,511,22072,383,330,14,628,515,29,334,299,11,383,330,14,Finisher,2595
KongJun,Gan,KongJun Gan,771,M45-49,Male,南京市,江苏省,China,CN,0:43:05,2:42:24,2:32:03,0:06:20,0:04:57,6:08:49,2585,9744,9123,380,297,22129,384,331,47,311,269,34,262,239,30,384,331,47,Finisher,1441
Jin,Yan,Jin Yan,151,M25-29,Male,Singapore,Singapore,China,CN,0:42:25,2:22:46,2:48:31,0:07:23,0:07:47,6:08:52,2545,8566,10111,443,467,22132,385,332,31,293,253,33,109,103,15,385,332,31,Finisher,1381
Nan,Suo,Nan Suo,594,F40-44,Female,Beijing,Beijing,China,CN,0:39:53,3:03:58,2:12:59,0:06:35,0:05:29,6:08:53,2393,11038,7979,395,329,22133,386,54,10,212,30,2,458,61,9,386,54,10,Finisher,2635
Li,Gang,Li Gang,856,M50-54,Male,kunming,CN-YN,China,CN,0:47:05,2:29:01,2:23:37,0:16:31,0:12:52,6:09:06,2825,8941,8617,991,772,22146,387,333,29,446,380,38,270,245,17,387,333,29,Finisher,1821
Junbo,Jiang,Junbo Jiang,92,M18-24,Male,Wentworth Point,New South Wales,China,CN,0:41:35,2:41:59,2:34:18,0:06:45,0:04:34,6:09:11,2495,9719,9258,405,274,22151,388,334,8,268,230,9,249,227,10,388,334,8,Finisher,2196
DongShu,Jiang,DongShu Jiang,529,M40-44,Male,KunMing,CN-YN,China,CN,0:47:20,2:51:25,2:13:29,0:08:54,0:08:07,6:09:15,2840,10285,8009,534,487,22155,389,335,88,453,387,87,425,374,97,389,335,88,Finisher,1169
Hisham,Khattab,Hisham Khattab,367,M35-39,Male,Dubai,AE-DU,Egypt,EG,0:35:27,2:30:11,2:50:13,0:08:28,0:04:57,6:09:17,2127,9011,10213,508,297,22157,390,336,73,87,79,15,122,112,26,390,336,73,Finisher,1017
lulin,Jiang,lulin Jiang,790,F45-49,Female,Shanghai,SHANGHAI,China,CN,1:03:06,,,0:14:58,0:00:00,6:09:29,3786,0,0,898,0,22169,391,55,4,743,143,14,99999,99999,99999,391,55,4,Finisher,2561
Yupei,Song,Yupei Song,797,M50-54,Male,Pudong,CN-SH,China,CN,0:42:46,2:48:25,2:18:47,0:09:24,0:10:12,6:09:33,2566,10105,8327,564,612,22173,392,337,30,301,260,19,351,313,23,392,337,30,Finisher,1813
Jie,Zeng,Jie Zeng,666,M40-44,Male,上海,上海市,China,CN,0:50:53,2:40:39,2:20:37,0:09:53,0:07:36,6:09:36,3053,9639,8437,593,456,22176,393,338,89,568,473,106,364,324,83,393,338,89,Finisher,1163
Zhonghua,JIN,Zhonghua JIN,479,M35-39,Male,Tangshan,Hebei,China,CN,0:59:15,2:54:39,1:56:43,0:10:22,0:08:40,6:09:39,3555,10479,7003,622,520,22179,394,339,74,712,576,125,585,496,114,394,339,74,Finisher,1011
Shixiong,Xu,Shixiong Xu,201,M30-34,Male,资阳市雁江区,Sichuan,China,CN,0:36:54,2:52:58,2:28:21,0:06:53,0:04:45,6:09:51,2214,10378,8901,413,285,22191,395,340,44,122,109,15,316,282,38,395,340,44,Finisher,1263
Yao,Yuan,Yao Yuan,171,M25-29,Male,Hangzhou,Zhejiang,China,CN,0:41:48,2:33:54,2:32:41,0:12:01,0:09:47,6:10:10,2508,9234,9161,721,587,22210,396,341,32,274,236,31,228,210,24,396,341,32,Finisher,1358
Yuxuan,Wang,Yuxuan Wang,96,M18-24,Male,Cary,North Carolina,China,CN,0:40:41,2:34:57,2:41:10,0:07:04,0:06:24,6:10:15,2441,9297,9670,424,384,22215,397,342,9,232,200,8,193,179,8,397,342,9,Finisher,2177
Zhun,Yang,Zhun Yang,690,M45-49,Male,Chengdushi,CN-SC,China,CN,0:50:05,2:42:16,2:21:31,0:11:13,0:05:41,6:10:46,3005,9736,8491,673,341,22246,398,343,48,538,451,56,392,347,45,398,343,48,Finisher,1406
Yajie,Gao,Yajie Gao,726,F45-49,Female,北京,CN-BJ,China,CN,0:40:06,2:59:27,2:11:28,0:09:35,0:10:31,6:11:07,2406,10767,7888,575,631,22267,399,56,5,216,31,2,437,56,4,399,56,5,Finisher,2531
Aleksandra ,Zykina,Aleksandra Zykina,139,F25-29,Female,Владивосток,Far Eastern Federal District,Afghanistan,AF,0:37:42,3:04:49,2:16:12,0:07:08,0:05:17,6:11:08,2262,11089,8172,428,317,22268,400,57,10,140,16,4,442,58,15,400,57,10,Finisher,2005
Hongwei,Ma,Hongwei Ma,781,M45-49,Male,沈河,沈阳,China,CN,0:44:32,2:40:28,2:27:32,0:10:48,0:08:18,6:11:37,2672,9628,8852,648,498,22297,401,344,49,364,310,39,306,274,38,401,344,49,Finisher,1391
Zhang,Hua Lan,Zhang Hua Lan,543,F40-44,Female,深圳市,广东省,China,CN,0:50:39,2:53:09,2:12:49,0:08:50,0:06:10,6:11:38,3039,10389,7969,530,370,22298,402,58,11,560,92,15,486,65,10,402,58,11,Finisher,2585
Junbo,Huang,Junbo Huang,87,M18-24,Male,成都,CN-SC,China,CN,0:47:46,2:38:13,2:30:55,0:07:47,0:06:59,6:11:40,2866,9493,9055,467,419,22300,403,345,10,467,400,13,283,256,11,403,345,10,Finisher,2151
恒,费,恒 费,508,M40-44,,宜宾,CN-SC,China,CN,0:42:36,2:51:28,2:22:44,0:09:00,0:05:54,6:11:42,2556,10288,8564,540,354,22302,404,346,90,297,257,65,387,342,89,404,346,90,Finisher,1125
Yu,Liu,Yu Liu,651,M40-44,Male,沈阳,CN-LN,China,CN,1:03:36,2:56:06,1:54:14,0:11:46,0:06:44,6:12:26,3816,10566,6854,706,404,22346,405,347,91,746,602,132,636,531,126,405,347,91,Finisher,1112
wei,chen,wei chen,512,M40-44,Male,云南昆明,Yunnan,China,CN,1:01:54,3:06:21,1:51:18,0:06:42,0:06:34,6:12:49,3714,11181,6678,402,394,22369,406,348,92,734,594,131,656,542,128,406,348,92,Finisher,1105
Murtaza,Abdullah,Murtaza Abdullah,586,M40-44,Male,INDONESIA (INA)Bali and 80119,BALI,Indonesia,ID,1:09:48,2:38:46,2:08:57,0:08:45,0:06:36,6:12:51,4188,9526,7737,525,396,22371,407,349,93,768,620,134,525,448,109,407,349,93,Finisher,1104
Shan,Lu,Shan Lu,283,M30-34,Male,Beijing,CN-BJ,China,CN,0:44:31,2:55:32,2:20:22,0:07:54,0:04:32,6:12:51,2671,10532,8422,474,272,22371,408,350,45,361,307,38,426,375,52,408,350,45,Finisher,1209
Vanessa ,Fung,Vanessa Fung,502,F40-44,Female,Richmond,British Columbia,Canada,CA,0:40:48,2:53:33,2:24:44,0:08:02,0:05:59,6:13:06,2448,10413,8684,482,359,22386,409,59,12,236,33,4,378,42,5,409,59,12,Finisher,2559
Ke,chen,Ke chen,623,M40-44,Male,Xian,Shannxi,China,CN,0:50:37,2:40:35,2:25:01,0:07:44,0:09:18,6:13:15,3037,9635,8701,464,558,22395,410,351,94,556,466,104,336,301,76,410,351,94,Finisher,1097
LIN,CANWEI,LIN CANWEI,805,M50-54,Male,揭阳市,New Taipei City,China,CN,0:43:28,2:57:14,2:15:45,0:09:19,0:07:29,6:13:17,2608,10634,8145,559,449,22397,411,352,31,322,279,23,451,392,33,411,352,31,Finisher,1746
Anpeng,Liu,Anpeng Liu,175,M25-29,Male,Shanghai,CN-SH,Unknown,,0:50:15,2:39:24,2:25:05,0:12:12,0:07:13,6:14:10,3015,9564,8705,732,433,22450,412,353,33,544,456,46,373,332,32,412,353,33,Finisher,1286
HUANG,YUEHONG,HUANG YUEHONG,315,M35-39,Male,Jieyang,CN-GD,China,CN,0:47:12,3:04:24,2:06:00,0:09:54,0:07:49,6:15:19,2832,11064,7560,594,469,22519,413,354,75,448,382,84,562,478,110,413,354,75,Finisher,909
DONGSHENG,YAN,DONGSHENG YAN,474,M35-39,Male,厦门,福建,China,CN,0:38:50,2:50:52,2:27:48,0:08:56,0:08:59,6:15:24,2330,10252,8868,536,539,22524,414,355,76,177,155,30,332,297,69,414,355,76,Finisher,907
Yihan,Wang,Yihan Wang,650,F40-44,,beijing,CN-BJ,China,CN,1:02:19,2:54:52,2:04:58,0:08:34,0:05:58,6:16:41,3739,10492,7498,514,358,22601,415,60,13,738,141,24,596,93,17,415,60,13,Finisher,2495
Yang,Yang,Yang Yang,185,M30-34,Male,Shanghai,Shanghai,China,CN,0:57:36,2:51:05,2:09:37,0:11:09,0:07:25,6:16:52,3456,10265,7777,669,445,22612,416,356,46,696,565,74,543,462,60,416,356,46,Finisher,1136
宁,肖,宁 肖,648,M40-44,,厦门,CN-FJ,China,CN,0:54:02,2:37:46,2:27:10,0:11:38,0:06:18,6:16:54,3242,9466,8830,698,378,22614,417,357,95,642,525,119,390,345,90,417,357,95,Finisher,1031
Jianhua,Hong,Jianhua Hong,887,M55-59,Male,Kunming,CN-YN,China,CN,0:56:20,3:04:11,1:59:27,0:09:22,0:07:48,6:17:07,3380,11051,7167,562,468,22627,418,358,15,677,550,33,625,524,27,418,358,15,Finisher,2429
Adrian,Klementowski ,Adrian Klementowski,643,M40-44,Male,Shenzhen,Maryland,Poland,PL,0:40:54,2:36:21,2:39:47,0:11:09,0:09:12,6:17:22,2454,9381,9587,669,552,22642,419,359,96,242,207,52,234,214,54,419,359,96,Finisher,1023
Harry,Chang,Harry Chang,793,M50-54,Male,台中市,Taichung City,Unknown,,0:47:54,2:37:25,2:36:40,0:08:54,0:06:31,6:17:24,2874,9445,9400,534,391,22644,420,360,32,474,405,41,289,261,18,420,360,32,Finisher,1672
宝东,林,宝东 林,547,M40-44,Male,陕西,神木市,China,CN,0:46:05,2:37:51,2:37:54,0:07:38,0:08:10,6:17:37,2765,9471,9474,458,490,22657,421,361,97,411,348,77,257,234,60,421,361,97,Finisher,1018
Muhammad,Alphian,Muhammad Alphian,701,M45-49,Male,Singapore,Singapore,Unknown,,1:04:26,2:37:39,2:19:09,0:10:07,0:06:26,6:17:47,3866,9459,8349,607,386,22667,422,362,50,753,608,83,481,418,57,422,362,50,Finisher,1280
Alexio,Gozali Hendra,Alexio Gozali Hendra,85,M18-24,Male,Jakarta,DKI Jakarta,Indonesia,ID,0:45:27,2:49:45,2:27:43,0:08:34,0:06:18,6:17:47,2727,10185,8863,514,378,22667,423,363,11,391,332,12,395,350,12,423,363,11,Finisher,2041
霆,罗,霆 罗,458,M35-39,Male,长春市,Jilin,China,CN,0:54:27,2:54:10,2:10:10,0:11:57,0:07:04,6:17:48,3267,10450,7810,717,424,22668,424,364,77,645,528,118,549,468,107,424,364,77,Finisher,864
Jing,Wu,Jing Wu,663,M40-44,Male,guangzhou,CN-GD,China,CN,0:51:26,2:44:03,2:19:34,0:11:59,0:10:46,6:17:48,3086,9843,8374,719,646,22668,425,365,98,586,485,110,423,372,95,425,365,98,Finisher,1015
Rui,Huang,Rui Huang,836,M50-54,Male,Nanjing,JIANGSU,China,CN,0:41:58,3:08:31,2:06:53,0:10:44,0:09:46,6:17:53,2518,11311,7613,644,586,22673,426,366,33,280,242,18,560,477,46,426,366,33,Finisher,1663
Antoine,Chenevier,Antoine Chenevier,400,M35-39,Male,Hong Kong,,France,FR,0:52:34,2:41:56,2:29:41,0:07:34,0:06:13,6:17:59,3154,9716,8981,454,373,22679,427,367,78,619,508,114,376,335,77,427,367,78,Finisher,861
Wenwu,He,Wenwu He,375,M35-39,Male,成都,SICHUAN,China,CN,0:44:36,3:03:49,2:16:20,0:06:31,0:06:49,6:18:05,2676,11029,8180,391,409,22685,428,368,79,368,314,68,510,441,100,428,368,79,Finisher,859
志钦,钟,志钦 钟,806,M50-54,Male,南宁市,广西壮族自治区,China,CN,0:35:34,2:58:50,2:24:41,0:11:41,0:07:22,6:18:07,2134,10730,8681,701,442,22687,429,369,34,88,80,6,413,364,27,429,369,34,Finisher,1659
Bertrand,de Fremond,Bertrand de Fremond,949,M60-64,Male,Paris,FR-IDF,France,FR,0:37:37,3:02:26,2:17:09,0:13:12,0:08:21,6:18:45,2257,10946,8229,792,501,22725,430,370,4,138,123,2,493,427,5,430,370,4,Finisher,2513
Wenping,Luo,Wenping Luo,770,F45-49,Female,大理市,CN-YN,China,CN,0:50:23,3:02:51,1:58:44,0:16:23,0:11:08,6:19:30,3023,10971,7124,983,668,22770,431,61,6,552,90,8,623,101,8,431,61,6,Finisher,2380
LI,SIYU,LI SIYU,287,F30-34,Female,Kunming ,Yunnan ,China,CN,0:45:50,2:59:24,2:19:55,0:07:33,0:07:07,6:19:48,2750,10764,8395,453,427,22788,432,62,14,400,61,10,487,66,15,432,62,14,Finisher,1389
Yingsheng,Wu,Yingsheng Wu,368,M35-39,Male,Xiamen,CN-FJ,China,CN,0:44:06,2:51:17,2:31:45,0:07:44,0:04:58,6:19:50,2646,10277,9105,464,298,22790,433,371,80,344,296,61,388,343,80,433,371,80,Finisher,827
chen,xing,chen xing,538,F40-44,Female,乐山市,CN-SC,China,CN,0:52:23,3:02:45,2:07:51,0:09:20,0:07:39,6:19:58,3143,10965,7671,560,459,22798,434,63,14,616,110,20,589,91,16,434,63,14,Finisher,2435
家黎,廖,家黎 廖,120,F25-29,Male,重庆市,CN-CQ,China,CN,0:59:16,2:55:11,2:11:32,0:07:56,0:06:09,6:20:04,3556,10511,7892,476,369,22804,435,64,11,713,137,22,567,86,18,435,64,11,Finisher,1844
Yiwei,Jiang,Yiwei Jiang,101,F25-29,Female,jinan,shandong,China,CN,0:41:19,2:55:04,2:29:17,0:08:55,0:05:30,6:20:05,2479,10504,8957,535,330,22805,436,65,12,260,37,10,407,49,12,436,65,12,Finisher,1844
Hai,Huang,Hai Huang,809,M50-54,Male,Haikou ,HAINAN,China,CN,0:55:50,2:59:53,2:04:32,0:11:09,0:08:58,6:20:22,3350,10793,7472,669,538,22822,437,372,35,669,543,52,606,512,48,437,372,35,Finisher,1619
晓鸣,胡,晓鸣 胡,680,M45-49,Male,昆明,云南省,China,CN,0:52:18,3:06:33,2:05:05,0:09:22,0:07:28,6:20:46,3138,11193,7505,562,448,22846,438,373,51,613,505,63,612,516,70,438,373,51,Finisher,1226
Laurent,Labbe,Laurent Labbe,954,M60-64,Male,Hong kong,CN-HK,France,FR,0:41:10,2:45:11,2:31:09,0:13:11,0:10:17,6:20:58,2470,9911,9069,791,617,22858,439,374,5,255,219,3,343,306,4,439,374,5,Finisher,2473
成庭,李,成庭 李,893,M55-59,Male,临沧市临翔区,云南省,Unknown,,0:48:31,3:00:23,2:12:50,0:11:06,0:08:12,6:21:01,2911,10823,7970,666,492,22861,440,375,16,498,426,20,544,463,24,440,375,16,Finisher,2359
胡,跃腾,胡 跃腾,460,M35-39,Male,Yuxi,Yunnan,China,CN,0:56:23,2:56:02,2:02:43,0:16:56,0:09:00,6:21:04,3383,10562,7363,1016,540,22864,441,376,81,678,551,120,620,521,121,441,376,81,Finisher,805
钟,树庆,钟 树庆,282,M30-34,Male,江门市,广东省,China,CN,0:59:22,3:07:34,1:55:39,0:10:33,0:07:58,6:21:05,3562,11254,6939,633,478,22865,442,377,47,714,577,75,675,556,72,442,377,47,Finisher,1061
树新,张,树新 张,833,M50-54,Male,南宁,广西,China,CN,0:44:59,2:46:36,2:29:52,0:10:23,0:09:16,6:21:06,2699,9996,8992,623,556,22866,443,378,36,384,326,29,375,334,25,443,378,36,Finisher,1605
Zhai,Ying,Zhai Ying,215,F30-34,Female,BEIJING,CN-BJ,China,CN,0:49:32,2:58:41,2:18:15,0:06:44,0:08:07,6:21:19,2972,10721,8295,404,487,22879,444,66,15,525,81,17,511,70,16,444,66,15,Finisher,1361
玮畅,阮,玮畅 阮,240,M30-34,Male,厦门市,FUJIAN,China,CN,0:41:53,2:44:16,2:43:14,0:07:36,0:05:11,6:22:09,2513,9856,9794,456,311,22929,445,379,48,275,237,30,282,255,33,445,379,48,Finisher,1041
Zhijin,Deng,Zhijin Deng,641,M40-44,Male,昆明市,云南省,China,CN,0:47:57,3:02:49,2:14:56,0:07:39,0:09:13,6:22:35,2877,10969,8096,459,553,22955,446,380,99,479,410,92,534,456,111,446,380,99,Finisher,929
Yiming,Wang,Yiming Wang,114,M25-29,Male,北京市,CN-BJ,China,CN,0:49:11,3:00:57,2:15:10,0:10:18,0:07:01,6:22:37,2951,10857,8110,618,421,22957,447,381,34,516,441,44,547,466,40,447,381,34,Finisher,1133
Hiu Tung,Lau,Hiu Tung Lau,530,F40-44,Female,London,England,Hong Kong,HK,0:38:51,3:03:49,2:20:06,0:12:30,0:07:30,6:22:46,2331,11029,8406,750,450,22966,448,67,15,179,23,1,513,71,12,448,67,15,Finisher,2385
Jin,Yang,Jin Yang,441,M35-39,Male,Kunming,Yunnan,China,CN,0:47:53,2:35:51,2:45:27,0:08:44,0:05:08,6:23:03,2873,9351,9927,524,308,22983,449,382,82,471,403,90,267,242,56,449,382,82,Finisher,770
Ian,Jiang,Ian Jiang,294,M30-34,Male,杭州市,CN-ZJ,China,CN,0:38:17,2:47:01,2:35:51,0:11:06,0:10:48,6:23:03,2297,10021,9351,666,648,22983,450,383,49,160,141,19,311,279,37,450,383,49,Finisher,1025
Tsun Kiu,Lui,Tsun Kiu Lui,89,M18-24,Male,Hong Kong,Hong Kong,Hong Kong,HK,0:30:22,2:28:30,3:13:22,0:06:30,0:04:27,6:23:11,1822,8910,11602,390,267,22991,451,384,12,26,22,1,61,59,2,451,384,12,Finisher,1944
Ludwig,Cheng,Ludwig Cheng,143,M25-29,Male,London,England,Hong Kong,HK,0:41:29,2:58:52,2:23:02,0:12:14,0:07:42,6:23:19,2489,10732,8582,734,462,22999,452,385,35,264,227,29,484,420,37,452,385,35,Finisher,1121
Ying,Xu,Ying Xu,799,F50-54,Female,danyang,Delhi,China,CN,0:51:14,2:52:55,2:26:35,0:08:07,0:04:41,6:23:32,3074,10375,8795,487,281,23012,453,68,6,580,100,10,482,64,6,453,68,6,Finisher,2235
Xiaobing,Mao,Xiaobing Mao,934,M55-59,Male,成都市,四川省,China,CN,0:44:31,2:47:26,2:29:27,0:12:07,0:10:08,6:23:39,2671,10046,8967,727,608,23019,454,386,17,362,308,13,397,352,14,454,386,17,Finisher,2311
Sheng,LI,Sheng LI,355,M35-39,Male,广州市,Guangdong,China,CN,0:38:17,2:36:34,2:53:59,0:09:14,0:05:41,6:23:45,2297,9394,10439,554,341,23025,455,387,83,161,142,26,202,187,44,455,387,83,Finisher,757
xingyin,tang,xingyin tang,494,M40-44,Male,kunming,Yun nan,China,CN,0:44:14,3:03:43,2:19:09,0:08:10,0:08:36,6:23:52,2654,11023,8349,490,516,23032,456,388,100,349,300,70,517,444,108,456,388,100,Finisher,906
Hoi Shuen,Leung,Hoi Shuen Leung,149,M25-29,Male,香港,,Hong Kong,HK,0:47:19,3:07:53,2:14:21,0:08:00,0:06:28,6:24:01,2839,11273,8061,480,388,23041,457,389,36,452,386,42,575,488,42,457,389,36,Finisher,1108
Mohd Rizal,Abd Rahman,Mohd Rizal Abd Rahman,497,M40-44,Male,Malaysia,MY-10,Unknown,,0:46:45,2:36:21,2:44:39,0:09:39,0:07:10,6:24:34,2805,9381,9879,579,430,23074,458,390,101,436,370,81,272,247,63,458,390,101,Finisher,893
晟,黄,晟 黄,310,M35-39,Male,深圳市,CN-GD,China,CN,0:36:49,3:00:16,2:25:50,0:11:28,0:10:18,6:24:40,2209,10816,8750,688,618,23080,459,391,84,120,107,21,433,379,86,459,391,84,Finisher,740
He,Xiuju,He Xiuju,874,F50-54,Female,Kunming,Yunnan,China,CN,0:49:57,3:11:32,2:10:34,0:06:59,0:05:43,6:24:45,2997,11492,7834,419,343,23085,460,69,7,535,86,8,615,97,12,460,69,7,Finisher,2213
Jinsheng,Li,Jinsheng Li,598,M40-44,Male,"Luzhou Prefecture, Xiahe Road, Luyang District, He","Luzhou Prefecture, Xiahe Road, Luyang District, He",Unknown,,0:54:49,2:53:19,2:16:36,0:11:07,0:09:24,6:25:15,3289,10399,8196,667,564,23115,461,392,102,657,538,123,536,458,112,461,392,102,Finisher,881
Dragos ,Olaru ,Dragos Olaru,773,M45-49,Male,Bucharest ,BUCURESTI,Unknown,,0:50:47,2:57:11,2:16:06,0:12:18,0:09:16,6:25:38,3047,10631,8166,738,556,23138,462,393,52,566,471,61,546,465,61,462,393,52,Finisher,1138
Zhibin,Wang,Zhibin Wang,173,M25-29,Male,Hangzhou,Zhejiang,China,CN,0:44:44,2:40:09,2:45:41,0:07:37,0:07:28,6:25:38,2684,9609,9941,457,448,23138,463,394,37,375,318,38,268,243,25,463,394,37,Finisher,1079
Kai Wang Andrew,Lee,Kai Wang Andrew Lee,647,M40-44,Male,Hong Kong,Hong Kong,Hong Kong,HK,0:46:49,3:02:49,2:15:36,0:13:16,0:07:10,6:25:40,2809,10969,8136,796,430,23140,464,395,103,440,374,83,573,486,115,464,395,103,Finisher,873
Paramate,Sarttarasupap,Paramate Sarttarasupap,774,M45-49,Male,"Buengkhamploi, lamlukka",,Unknown,,0:36:27,2:53:04,2:38:36,0:10:02,0:07:34,6:25:42,2187,10384,9516,602,454,23142,465,396,53,107,97,15,344,307,42,465,396,53,Finisher,1137
Jimmy,Gunawan,Jimmy Gunawan,745,M45-49,Male,Kuta,Bali,Indonesia,ID,0:50:39,2:50:28,2:30:17,0:09:07,0:05:20,6:25:50,3039,10228,9017,547,320,23150,466,397,54,559,468,59,452,393,52,466,397,54,Finisher,1135
Lin,Bai,Lin Bai,707,M45-49,Female,BEIJING,Beijing,France,FR,0:48:10,2:49:55,2:28:50,0:12:36,0:06:24,6:25:55,2890,10195,8930,756,384,23155,467,398,55,487,417,51,462,401,53,467,398,55,Finisher,1133
Xun,Xing,Xun Xing,846,M50-54,Male,Shanghai,CN-SH,China,CN,0:46:15,2:52:04,2:29:05,0:11:23,0:07:10,6:25:57,2775,10324,8945,683,430,23157,468,399,37,420,355,32,446,387,31,468,399,37,Finisher,1518
Yankun,Li,Yankun Li,216,M30-34,Male,Chengdu,SICHUAN,China,CN,0:57:22,2:45:06,2:27:25,0:10:36,0:05:41,6:26:09,3442,9906,8845,636,341,23169,469,400,50,693,562,73,491,425,56,469,400,50,Finisher,969
JIAWEN,GE,JIAWEN GE,340,F35-39,Female,Shanghai,New Taipei City,China,CN,1:01:44,2:42:14,2:29:55,0:07:39,0:04:46,6:26:18,3704,9734,8995,459,286,23178,470,70,10,733,140,28,474,63,11,470,70,10,Finisher,1887
杰,杨,杰 杨,727,M45-49,Male,Harbin ,Heilongjiang ,China,CN,0:45:02,2:53:36,2:30:02,0:11:03,0:06:50,6:26:33,2702,10416,9002,663,410,23193,471,401,56,385,327,43,444,386,51,471,401,56,Finisher,1122
Fei,Zhao,Fei Zhao,803,M50-54,Male,南通启东,江苏省南通市,China,CN,0:47:56,2:53:19,2:29:50,0:08:28,0:07:09,6:26:41,2876,10399,8990,508,429,23201,472,402,38,478,409,42,447,388,32,472,402,38,Finisher,1505
赵,英杰,赵 英杰,840,M50-54,Male,长春市,吉林省,China,CN,0:47:23,2:54:42,2:29:02,0:09:13,0:06:59,6:27:17,2843,10482,8942,553,419,23237,473,403,39,454,388,39,470,408,37,473,403,39,Finisher,1494
Yan,HU,Yan HU,779,F45-49,Female,Kun Ming Shi,Taichung City,China,CN,0:53:54,3:04:42,2:09:25,0:13:27,0:06:05,6:27:32,3234,11082,7765,807,365,23252,474,71,7,640,117,10,641,109,9,474,71,7,Finisher,2236
yu,wang,yu wang,721,M45-49,,Kunming,CN-YN,China,CN,0:45:42,2:54:40,2:25:52,0:11:28,0:09:53,6:27:36,2742,10480,8752,688,593,23256,475,404,57,397,337,45,478,415,56,475,404,57,Finisher,1103
Suoyu,Bi,Suoyu Bi,330,M35-39,Male,成都市,CN-SC,China,CN,0:48:03,2:42:49,2:38:23,0:11:06,0:07:30,6:27:51,2883,9769,9503,666,450,23271,476,405,85,481,412,93,374,333,76,476,405,85,Finisher,700
Hu,Kaiyun,Hu Kaiyun,241,M30-34,Male,成都,四川省,China,CN,0:41:25,2:41:44,2:48:45,0:09:24,0:06:37,6:27:55,2485,9704,10125,564,397,23275,477,406,51,262,225,28,269,244,32,477,406,51,Finisher,938
Rui,Zhang,Rui Zhang,230,F30-34,Female,Beijing,Beijing,China,CN,0:31:59,3:04:43,2:27:57,0:12:59,0:10:40,6:28:19,1919,11083,8877,779,640,23299,478,72,16,48,7,3,445,59,13,478,72,16,Finisher,1235
WEI,LIU,WEI LIU,425,M35-39,Male,海口,CN-HI,China,CN,1:07:11,2:34:51,2:26:39,0:11:29,0:08:15,6:28:26,4031,9291,8799,689,495,23306,479,407,86,757,611,135,498,432,98,479,407,86,Finisher,700
Biao,WANG,Biao WANG,476,M35-39,Male,深圳市,Guangdong,China,CN,1:14:08,2:52:55,2:03:21,0:10:28,0:07:41,6:28:33,4448,10375,7401,628,461,23313,480,408,87,775,624,138,676,557,129,480,408,87,Finisher,700
Yiming,Zhao,Yiming Zhao,687,M45-49,Male,Kunming,Yunnan,China,CN,0:57:20,2:56:54,2:13:49,0:12:15,0:08:20,6:28:39,3440,10614,8029,735,500,23319,481,409,58,692,561,74,604,510,69,481,409,58,Finisher,1084
Ping,Han,Ping Han,372,F35-39,Female, Beijing,Beijing,China,CN,0:32:51,3:17:12,2:23:02,0:07:12,0:08:24,6:28:41,1971,11832,8582,432,504,23321,482,73,11,54,8,1,522,76,13,482,73,11,Finisher,1844
剑波,王,剑波 王,478,M35-39,Male,浙江省温岭市横峰镇小东洋129号一楼,CN-ZJ,China,CN,0:50:45,2:42:34,2:42:11,0:07:58,0:05:17,6:28:45,3045,9754,9731,478,317,23325,483,410,88,564,470,106,362,322,73,483,410,88,Finisher,700
Deng,Hongyan,Deng Hongyan,801,F50-54,Female,Chengdu,Sichuan,China,CN,0:51:20,3:09:16,2:08:37,0:11:10,0:08:25,6:28:47,3080,11356,7717,670,505,23327,484,74,8,583,101,11,638,107,15,484,74,8,Finisher,2141
YIPING,PAN,YIPING PAN,665,M40-44,Male,西安,CN-SN,China,CN,0:42:13,2:52:12,2:43:14,0:06:13,0:05:22,6:29:13,2533,10332,9794,373,322,23353,485,411,104,288,250,63,352,314,81,485,411,104,Finisher,809
Konstantin,Che,Konstantin Che,762,M45-49,Male,Shenzhen,Guangdong,Afghanistan,AF,0:41:54,2:53:00,2:35:15,0:11:26,0:07:38,6:29:14,2514,10380,9315,686,458,23354,486,412,59,277,239,29,414,365,47,486,412,59,Finisher,1073
qingchen,yang,qingchen yang,430,M35-39,Male,chengdu,sichuan,China,CN,0:42:06,2:49:10,2:38:45,0:09:34,0:09:53,6:29:29,2526,10150,9525,574,593,23369,487,413,89,284,246,51,354,316,71,487,413,89,Finisher,700
Qiuming,Shen,Qiuming Shen,956,M65-69,Male,Wuxi,CN-JS,China,CN,0:46:30,3:11:00,2:17:34,0:09:21,0:05:05,6:29:30,2790,11460,8254,561,305,23370,488,414,1,428,362,2,605,511,2,488,414,1,Finisher,3500
Jimin,Cheng,Jimin Cheng,102,F25-29,Female,合肥,Anhui,China,CN,0:50:45,2:46:46,2:40:10,0:07:37,0:04:13,6:29:32,3045,10006,9610,457,253,23372,489,75,13,565,95,19,405,48,11,489,75,13,Finisher,1673
Twin,Panichsombat,Twin Panichsombat,818,M50-54,Male,Jatujak,TH-10,Unknown,,0:42:50,2:51:26,2:30:58,0:13:42,0:10:43,6:29:39,2570,10286,9058,822,643,23379,490,415,40,303,262,20,427,376,28,490,415,40,Finisher,1451
YIXIN,ZHANG,YIXIN ZHANG,658,F40-44,Female,CHENGDOU,SICHUAN,China,CN,0:50:53,2:54:31,2:28:48,0:08:57,0:06:46,6:29:55,3053,10471,8928,537,406,23395,491,76,16,570,96,17,505,69,11,491,76,16,Finisher,2256
Kin Lung,Leung,Kin Lung Leung,802,M50-54,Male,Hong Kong,Hong Kong,Hong Kong,HK,0:37:36,3:01:11,2:31:28,0:10:48,0:09:02,6:30:06,2256,10871,9088,648,542,23406,492,416,41,137,122,10,441,384,29,492,416,41,Finisher,1443
Zhicheng,Guo,Zhicheng Guo,444,M35-39,Male,Shenzhen,Guangdong,China,CN,0:47:29,2:54:02,2:28:09,0:10:31,0:10:00,6:30:12,2849,10442,8889,631,600,23412,493,417,90,460,393,87,479,416,94,493,417,90,Finisher,700
SHAHZADA MUHAMMAD,ASAD,SHAHZADA MUHAMMAD ASAD,227,M30-34,Male,Lahore,PUNJAB,Pakistan,PK,0:40:57,2:59:08,2:30:16,0:10:18,0:10:02,6:30:42,2457,10748,9016,618,602,23442,494,418,52,246,210,26,457,397,54,494,418,52,Finisher,887
Bryan,Cheng,Bryan Cheng,130,M25-29,Male,Singapore,Singapore,Unknown,,0:41:43,2:50:31,2:39:39,0:08:43,0:10:17,6:30:54,2503,10231,9579,523,617,23454,495,419,38,272,234,30,356,317,30,495,419,38,Finisher,984
Yang,Geng,Yang Geng,612,M40-44,Male,昆明,CN-YN,China,CN,0:40:42,2:48:19,2:45:06,0:09:22,0:07:30,6:30:58,2442,10099,9906,562,450,23458,496,420,105,233,201,48,330,295,72,496,420,105,Finisher,778
张,珺,张 珺,606,M40-44,Male,昆明市,云南省,China,CN,1:01:06,2:43:37,2:28:40,0:10:12,0:07:23,6:30:59,3666,9817,8920,612,443,23459,497,421,106,729,590,130,509,440,106,497,421,106,Finisher,778
Tianzhu,Chen,Tianzhu Chen,940,M60-64,,厦门市,CN-FJ,China,CN,0:53:54,3:01:35,2:19:51,0:08:57,0:07:01,6:31:18,3234,10895,8391,537,421,23478,498,422,6,641,524,8,588,498,7,498,422,6,Finisher,2287
yan,gao,yan gao,946,F60-64,Female,danyang,Yunlin County,China,CN,0:56:59,2:58:35,2:23:08,0:07:08,0:05:37,6:31:27,3419,10715,8588,428,337,23487,499,77,2,687,130,2,570,87,2,499,77,2,Finisher,2716
Hong,Zi,Hong Zi,848,M50-54,Male,昆明,云南,China,CN,0:59:47,3:04:42,2:08:57,0:13:20,0:04:51,6:31:38,3587,11082,7737,800,291,23498,500,423,42,721,583,58,677,558,53,500,423,42,Finisher,1416
ping,Deng,ping Deng,119,M25-29,Male,厦门,FUJIAN,China,CN,0:50:07,2:43:41,2:39:27,0:11:30,0:06:57,6:31:43,3007,9821,9567,690,417,23503,501,424,39,540,453,45,408,359,34,501,424,39,Finisher,970
鑫,叶,鑫 叶,761,M45-49,Male,Dali Baizu Zizhizhou,YUNNAN SHENG,China,CN,0:48:11,3:06:19,2:22:34,0:06:39,0:08:04,6:31:46,2891,11179,8554,399,484,23506,502,425,60,488,418,52,559,476,65,502,425,60,Finisher,1028
Xusheng,Guo,Xusheng Guo,740,M45-49,Male,西安市,CN-SN,Andorra,AD,0:44:47,2:56:19,2:38:26,0:07:05,0:05:38,6:32:15,2687,10579,9506,425,338,23535,503,426,61,376,319,41,431,378,50,503,426,61,Finisher,1019
Rui,Shi,Rui Shi,897,M55-59,Male,昆明市,云南省,China,CN,0:47:14,2:55:42,2:35:02,0:07:26,0:06:51,6:32:15,2834,10542,9302,446,411,23535,504,427,18,450,384,19,456,396,17,504,427,18,Finisher,2156
Xuting,ZHAI,Xuting ZHAI,380,M35-39,Male,Shenzhen,CN-44,China,CN,0:50:02,2:55:41,2:34:12,0:07:36,0:04:47,6:32:19,3002,10541,9252,456,287,23539,505,428,91,536,450,100,495,429,95,505,428,91,Finisher,700
浩同,裴,浩同 裴,179,M30-34,Male,西安市,陕西省,China,CN,0:47:44,2:38:46,2:44:47,0:10:37,0:10:59,6:32:54,2864,9526,9887,637,659,23574,506,429,53,464,397,51,319,285,39,506,429,53,Finisher,848
Fansong,Liao,Fansong Liao,540,M40-44,Male,昆明,CN-YN,Unknown,,0:50:19,2:55:05,2:26:21,0:12:43,0:08:27,6:32:55,3019,10505,8781,763,507,23575,507,430,107,547,459,103,530,452,110,507,430,107,Finisher,743
ZHUOJUN,SONG,ZHUOJUN SONG,232,M30-34,Male,贵州省,CN-GZ,China,CN,0:47:56,2:59:13,2:32:46,0:05:56,0:07:10,6:33:00,2876,10753,9166,356,430,23580,508,431,54,477,408,52,492,426,57,508,431,54,Finisher,846
芳华,黄,芳华 黄,832,F50-54,Female,茂名,GUANGDONG,Canada,CA,0:53:48,3:02:54,2:22:19,0:07:52,0:06:09,6:33:02,3228,10974,8539,472,369,23582,509,78,9,637,115,13,591,92,11,509,78,9,Finisher,2064
建定,费,建定 费,880,M50-54,Male,宁波,浙江,China,CN,0:46:33,2:55:58,2:33:02,0:11:25,0:06:08,6:33:05,2793,10558,9182,685,368,23585,510,432,43,429,363,34,500,434,43,510,432,43,Finisher,1390
Xiuping,Xi,Xiuping Xi,332,M35-39,Male,Shanghai,Shanghai,China,CN,0:50:23,2:41:49,2:39:42,0:12:34,0:08:50,6:33:17,3023,9709,9582,754,530,23597,511,433,92,551,462,102,401,354,82,511,433,92,Finisher,700
Junyang,Zhang,Junyang Zhang,311,M35-39,Male,Kunming,Yunnan ,China,CN,0:47:55,3:01:58,2:19:52,0:12:55,0:10:38,6:33:19,2875,10918,8392,775,638,23599,512,434,93,476,407,91,571,484,112,512,434,93,Finisher,700
Chuanshuai,Shi,Chuanshuai Shi,342,M35-39,Male,changchun,Jilin,China,CN,0:48:06,3:14:52,2:11:20,0:11:17,0:07:50,6:33:25,2886,11692,7880,677,470,23605,513,435,94,483,413,94,653,540,122,513,435,94,Finisher,700
Shengxiang,Li,Shengxiang Li,722,M45-49,Male,东莞市,广东省,China,CN,0:56:13,2:45:34,2:34:01,0:09:25,0:08:14,6:33:28,3373,9934,9241,565,494,23608,514,436,62,675,548,71,469,407,55,514,436,62,Finisher,997
Mengjia,Luo,Mengjia Luo,122,F25-29,Female,Chengdu,CN-SC,China,CN,0:38:37,2:54:31,2:44:24,0:07:48,0:08:30,6:33:51,2317,10471,9864,468,510,23631,515,79,14,172,22,6,355,39,8,515,79,14,Finisher,1596
Tin Lap,Wan,Tin Lap Wan,854,M50-54,Male,Kowloon,Hong Kong,Hong Kong,HK,0:39:40,3:01:46,2:35:11,0:10:43,0:06:55,6:34:15,2380,10906,9311,643,415,23655,516,437,44,204,175,14,480,417,40,516,437,44,Finisher,1369
Dongning,Yang,Dongning Yang,210,M30-34,Male,Dehong,CN-YN,China,CN,0:48:14,2:35:24,2:52:52,0:06:58,0:10:51,6:34:18,2894,9324,10372,418,651,23658,517,438,55,490,420,54,253,231,31,517,438,55,Finisher,823
Chuanli,Yi,Chuanli Yi,827,M50-54,Male,Chengdu,Louth,China,CN,1:01:54,3:06:42,2:08:19,0:10:29,0:07:01,6:34:26,3714,11202,7699,629,421,23666,518,439,45,735,595,62,688,566,57,518,439,45,Finisher,1365
Yucheng,Zhang,Yucheng Zhang,915,M55-59,Male,长春,CN-JL,China,CN,0:54:34,2:52:33,2:32:35,0:10:26,0:06:08,6:36:15,3274,10353,9155,626,368,23775,519,440,19,649,532,31,526,449,21,519,440,19,Finisher,2084
宇,刘,宇 刘,258,M30-34,Male,榆林,陕西,China,CN,0:45:52,2:26:45,3:08:10,0:08:59,0:06:36,6:36:21,2752,8805,11290,539,396,23781,520,441,56,401,340,45,185,172,21,520,441,56,Finisher,786
xin,fa,xin fa,475,F35-39,Female,Guangzhou,CN-GD,China,CN,0:55:01,2:59:20,2:16:32,0:13:14,0:12:36,6:36:43,3301,10760,8192,794,756,23803,521,80,12,659,120,23,611,96,16,521,80,12,Finisher,1700
陈,曦,陈 曦,346,F35-39,Female,Kunming,CN-53,China,CN,0:51:08,3:06:15,2:24:15,0:08:24,0:07:04,6:37:07,3068,11175,8655,504,424,23827,522,81,13,575,98,18,598,94,15,522,81,13,Finisher,1693
Ping,Zheng,Ping Zheng,903,F55-59,Female,上海市,CN-SH,China,CN,0:51:01,3:00:44,2:29:34,0:07:35,0:08:17,6:37:11,3061,10844,8974,455,497,23831,523,82,4,572,97,6,538,79,4,523,82,4,Finisher,2560
Alexander ,Pavlov,Alexander Pavlov,751,M45-49,Male,Moscow,Moscow,Afghanistan,AF,0:36:51,2:44:43,2:56:57,0:10:17,0:08:26,6:37:15,2211,9883,10617,617,506,23835,524,442,63,121,108,17,263,240,31,524,442,63,Finisher,929
Shi,Jin,Shi Jin,374,M35-39,Male,Shanghai,Shanghai,China,CN,0:46:45,2:48:32,2:45:19,0:10:47,0:06:34,6:37:56,2805,10112,9919,647,394,23876,525,443,95,435,369,80,412,363,83,525,443,95,Finisher,700
Etervanonckelen,Di,Etervanonckelen Di,525,M40-44,Male,Chengdu,,Belgium,BE,0:42:59,3:06:51,2:26:41,0:12:45,0:08:45,6:38:01,2579,11211,8801,765,525,23881,526,444,108,307,266,67,569,483,114,526,444,108,Finisher,700
Apichat,Saligupta,Apichat Saligupta,921,M55-59,Male,Wangthonglang,Bangkok,Unknown,,0:44:31,2:56:34,2:32:39,0:13:48,0:11:00,6:38:33,2671,10594,9159,828,660,23913,527,445,20,363,309,14,508,439,20,527,445,20,Finisher,2043
鹰,刘,鹰 刘,301,M35-39,Male,成都,CN-SC,China,CN,0:38:20,2:45:19,3:00:12,0:07:59,0:07:01,6:38:52,2300,9919,10812,479,421,23932,528,446,96,163,144,27,259,236,54,528,446,96,Finisher,700
ZHANG,WEIGANG,ZHANG WEIGANG,766,M45-49,Male,SHANGHAI,SHANGHAI,Unknown,,0:59:41,3:11:18,2:06:20,0:12:26,0:09:27,6:39:14,3581,11478,7580,746,567,23954,529,447,64,718,581,79,700,575,76,529,447,64,Finisher,893
Jiajie,Yan,Jiajie Yan,593,M40-44,Male,成都,四川,China,CN,0:37:18,2:57:04,2:47:31,0:10:36,0:06:46,6:39:15,2238,10624,10051,636,406,23955,530,448,109,132,117,26,403,356,91,530,448,109,Finisher,700
YANG ,XU,YANG XU,554,F40-44,Female,yibin,CN-SC,China,CN,0:50:45,3:08:10,2:22:40,0:09:46,0:08:10,6:39:31,3045,11290,8560,586,490,23971,531,83,17,563,94,16,616,98,18,531,83,17,Finisher,2084
Li,Yan,Li Yan,714,F45-49,Female,Nanjing,CN-JS,China,CN,0:56:32,2:49:17,2:34:23,0:11:25,0:07:55,6:39:32,3392,10157,9263,685,475,23972,532,84,8,680,128,11,521,75,7,532,84,8,Finisher,2020
Huiping,Yang,Huiping Yang,220,F30-34,Female,Beijing,CN-BJ,China,CN,0:55:46,3:03:25,2:17:28,0:13:03,0:09:58,6:39:39,3346,11005,8248,783,598,23979,533,85,17,668,126,23,642,110,21,533,85,17,Finisher,1031
Xiangbin,LIANG,Xiangbin LIANG,581,M40-44,Male,广州市,CN-GD,China,CN,0:44:43,2:50:33,2:43:33,0:11:38,0:09:20,6:39:47,2683,10233,9813,698,560,23987,534,449,110,373,317,73,418,368,93,534,449,110,Finisher,700
Winnie,Hung,Winnie Hung,331,F35-39,Female,Hong kong,Hong Kong,Hong Kong,HK,0:51:32,3:09:49,2:13:20,0:14:46,0:10:32,6:39:58,3092,11389,8000,886,632,23998,535,86,14,588,103,19,664,117,19,535,86,14,Finisher,1641
姜,贺隆,姜 贺隆,156,M25-29,Male,Dalian,CN-LN,China,CN,0:48:25,2:49:13,2:49:40,0:05:45,0:07:02,6:40:05,2905,10153,10180,345,422,24005,536,450,40,493,423,43,389,344,33,536,450,40,Finisher,819
Niu,Feng Guo,Niu Feng Guo,849,M50-54,Male,Nanning,Guangxi Zhuang Autonomous Region,China,CN,1:00:52,2:38:59,2:41:40,0:09:49,0:08:52,6:40:12,3652,9539,9700,589,532,24012,537,451,46,727,588,61,443,385,30,537,451,46,Finisher,1262
Ruiqiao,Liu,Ruiqiao Liu,243,M30-34,Male,Beijing,Beijing,China,CN,0:48:28,2:28:17,3:08:25,0:09:07,0:06:21,6:40:39,2908,8897,11305,547,381,24039,538,452,57,494,424,56,215,198,27,538,452,57,Finisher,708
Amanda Yin Tung,Kot,Amanda Yin Tung Kot,142,F25-29,Female,Tung Chung,CN-91,Hong Kong,HK,0:39:02,3:14:59,2:23:38,0:16:19,0:06:43,6:40:41,2342,11699,8618,979,403,24041,539,87,15,184,24,7,628,102,19,539,87,15,Finisher,1473
Greg,Lock,Greg Lock,113,M25-29,Male,Hong Kong,Hong Kong,Hong Kong,HK,0:36:55,3:22:25,2:28:39,0:06:43,0:06:43,6:41:27,2215,12145,8919,403,403,24087,540,453,41,123,110,16,599,505,46,540,453,41,Finisher,794
Siyuan,Xie,Siyuan Xie,975,F25-29,Female,Yibin,CN-SC,China,CN,0:39:09,2:57:33,2:49:54,0:10:36,0:04:24,6:41:36,2349,10653,10194,636,264,24096,541,88,16,187,25,8,420,51,13,541,88,16,Finisher,1456
Jun,Wei,Jun Wei,932,M55-59,Female,Jiayuguan City,甘肃省,China,CN,0:50:07,3:12:09,2:22:54,0:09:03,0:07:38,6:41:52,3007,11529,8574,543,458,24112,542,454,21,539,452,23,634,530,28,542,454,21,Finisher,1983
zou,tao,zou tao,782,M45-49,Male,CAN,GUANGDONG,China,CN,0:52:53,2:58:39,2:33:27,0:09:22,0:08:15,6:42:36,3173,10719,9207,562,495,24156,543,455,65,623,512,66,553,471,63,543,455,65,Finisher,833
Wenqi,Song,Wenqi Song,153,F25-29,Female,Guangzhou,GUANGDONG,China,CN,0:54:36,2:52:20,2:36:24,0:10:52,0:09:01,6:43:14,3276,10340,9384,652,541,24194,544,89,17,650,118,21,527,78,16,544,89,17,Finisher,1427
Wei Jie,Chan,Wei Jie Chan,127,M25-29,Male,Singapore,Singapore,Unknown,,0:51:53,3:08:16,2:26:55,0:08:10,0:08:31,6:43:46,3113,11296,8815,490,511,24226,545,456,42,601,494,48,613,517,47,545,456,42,Finisher,753
Jiantian ,Liang,Jiantian Liang,480,M35-39,Male,fosan,Guangdong,China,CN,0:51:53,2:42:16,2:52:08,0:09:24,0:08:05,6:43:46,3113,9736,10328,564,485,24226,546,457,97,600,493,112,391,346,81,546,457,97,Finisher,700
Yun,Yu,Yun Yu,853,F50-54,Female,HeFei,CN-AH,China,CN,0:55:39,3:14:55,2:15:35,0:10:23,0:07:21,6:43:54,3339,11695,8135,623,441,24234,547,90,10,667,125,15,691,123,17,547,90,10,Finisher,1869
Yee Ting,Suen,Yee Ting Suen,411,F35-39,Female,HONG KONG,Hong Kong,Hong Kong,HK,0:53:49,3:13:51,2:08:59,0:14:52,0:12:42,6:44:13,3229,11631,7739,892,762,24253,548,91,15,638,116,22,696,124,22,548,91,15,Finisher,1565
YIJUN,ZHANG,YIJUN ZHANG,577,M40-44,Male,上海,CN-SH,China,CN,1:04:15,2:50:11,2:28:23,0:11:55,0:09:38,6:44:21,3855,10211,8903,715,578,24261,549,458,111,752,607,133,600,506,119,549,458,111,Finisher,700
玉东,宋,玉东 宋,927,M55-59,Male,harbin,Heilongjiang,China,CN,0:41:57,2:55:39,2:49:45,0:07:37,0:09:37,6:44:35,2517,10539,10185,457,577,24275,550,459,22,279,241,9,406,358,16,550,459,22,Finisher,1934
Haoxiang,Ma,Haoxiang Ma,297,M30-34,Male,成都市,SICHUAN SHENG,China,CN,0:50:11,2:44:32,2:43:40,0:12:04,0:14:22,6:44:49,3011,9872,9820,724,862,24289,551,460,58,542,454,61,417,367,51,551,460,58,Finisher,700
Weiguo,Xin,Weiguo Xin,70,M55-59,Male,Dongying ,CN-SD,China,CN,0:36:21,2:36:07,3:22:52,0:05:38,0:04:05,6:45:03,2181,9367,12172,338,245,24303,552,461,23,106,96,4,151,141,6,552,461,23,Finisher,1926
Haomiao,Hu,Haomiao Hu,431,M35-39,Male,waterloo,NSW,China,CN,0:50:25,2:52:56,2:32:36,0:17:08,0:12:15,6:45:21,3025,10376,9156,1028,735,24321,553,462,98,553,463,103,548,467,106,553,462,98,Finisher,700
Christian,Mayrhofer,Christian Mayrhofer,225,M30-34,Male,上海市虹口区,上海市虹口区,Unknown,,0:45:20,2:56:30,2:45:59,0:09:43,0:07:58,6:45:30,2720,10590,9959,583,478,24330,554,463,59,390,331,42,472,410,55,554,463,59,Finisher,700
mengxi,ding,mengxi ding,427,F35-39,Female,Hangzhou,Taoyuan City,China,CN,0:55:34,3:21:36,2:10:47,0:09:41,0:08:04,6:45:42,3334,12096,7847,581,484,24342,555,92,16,666,124,25,711,127,24,555,92,16,Finisher,1538
云鹏,吴,云鹏 吴,693,M45-49,Male,Shenyang,CN-LN,China,CN,0:52:38,2:58:37,2:35:35,0:09:51,0:09:02,6:45:43,3158,10717,9335,591,542,24343,556,464,66,620,509,64,557,474,64,556,464,66,Finisher,777
Chenhua,LIN,Chenhua LIN,169,M25-29,Male,台州市,CN-ZJ,China,CN,0:38:04,3:12:39,2:36:49,0:11:01,0:07:40,6:46:13,2284,11559,9409,661,460,24373,557,465,43,152,134,20,564,479,41,557,465,43,Finisher,709
qiaomu,li,qiaomu li,514,M40-44,Male,成都,Sichuan,China,CN,0:51:58,2:34:45,3:01:17,0:09:31,0:08:52,6:46:23,3118,9285,10877,571,532,24383,558,466,112,602,495,112,310,278,69,558,466,112,Finisher,700
Taichiro,Motoyama,Taichiro Motoyama,705,M45-49,Male,Kitakyusyu wakamatsuku,JP-40,Hong Kong,HK,0:39:01,3:09:33,2:36:12,0:12:14,0:09:40,6:46:40,2341,11373,9372,734,580,24400,559,467,67,183,160,24,551,469,62,559,467,67,Finisher,760
yuming,chang,yuming chang,189,F30-34,Female,杭州市,CN-ZJ,China,CN,0:39:22,3:01:59,2:47:29,0:09:44,0:08:10,6:46:44,2362,10919,10049,584,490,24404,560,93,18,193,27,7,466,62,14,560,93,18,Finisher,904
周,俊敏,周 俊敏,855,F50-54,Female,玉溪,YUNNAN SHENG,China,CN,0:43:47,3:09:28,2:33:26,0:11:09,0:09:01,6:46:51,2627,11368,9206,669,541,24411,561,94,11,331,45,5,587,90,10,561,94,11,Finisher,1816
Haonan,Guo,Haonan Guo,469,M35-39,Male,兰州,Gansu,China,CN,0:41:28,2:52:41,2:54:32,0:08:25,0:10:02,6:47:08,2488,10361,10472,505,602,24428,562,468,99,263,226,48,381,338,78,562,468,99,Finisher,700
haiyun,he,haiyun he,798,F50-54,Female,danyang,Kansas,China,CN,1:09:31,3:09:55,2:11:26,0:08:17,0:08:10,6:47:19,4171,11395,7886,497,490,24439,563,95,12,766,147,21,716,130,18,563,95,12,Finisher,1807
Maopeng,Li,Maopeng Li,316,M35-39,Male,四川省眉山市彭山区,CN-SC,China,CN,0:45:47,2:48:33,2:57:05,0:07:26,0:08:36,6:47:27,2747,10113,10625,446,516,24447,564,469,100,399,339,73,371,330,75,564,469,100,Finisher,700
Natasha,Tang,Natasha Tang,408,F35-39,,Hong Kong,Hong Kong,Hong Kong,HK,0:44:26,3:22:15,2:24:17,0:08:48,0:07:48,6:47:34,2666,12135,8657,528,468,24454,565,96,17,358,54,8,661,116,18,565,96,17,Finisher,1505
DAN,WU,DAN WU,362,F35-39,Female,shenzhen,GUANGDONG,China,CN,0:50:22,2:59:28,2:37:30,0:11:25,0:08:57,6:47:42,3022,10768,9450,685,537,24462,566,97,18,550,89,17,561,84,14,566,97,18,Finisher,1502
LIU,JIANGHE,LIU JIANGHE,376,M35-39,Male,Chengdu,SICHUAN,China,CN,0:56:55,2:58:08,2:31:39,0:10:43,0:10:25,6:47:49,3415,10688,9099,643,625,24469,567,470,101,685,556,121,597,504,117,567,470,101,Finisher,700
迪,岂,迪 岂,266,M30-34,Male,DALI SHI,YUNNAN SHENG,China,CN,0:44:51,2:48:04,2:57:47,0:08:48,0:08:21,6:47:51,2691,10084,10667,528,501,24471,568,471,60,378,321,39,368,327,44,568,471,60,Finisher,700
jinan,sun,jinan sun,939,M60-64,Male,Beijing,BEIJING,China,CN,0:52:00,2:57:27,2:41:57,0:10:09,0:06:31,6:48:04,3120,10647,9717,609,391,24484,569,472,7,604,496,7,540,461,6,569,472,7,Finisher,1985
Yongsin,Chen,Yongsin Chen,181,M30-34,Male,台北市,大安區,Unknown,,0:56:40,3:11:09,2:20:24,0:10:56,0:09:01,6:48:10,3400,11469,8424,656,541,24490,570,473,61,683,555,72,685,563,73,570,473,61,Finisher,700
剑鹏,胡,剑鹏 胡,255,M30-34,Male,beijing,CN-BJ,China,CN,0:46:24,2:49:15,2:55:02,0:09:22,0:09:07,6:49:10,2784,10155,10502,562,547,24550,571,474,62,425,359,48,404,357,49,571,474,62,Finisher,700
yang,jie,yang jie,312,M35-39,Male,广州,广州市白云区南悦花苑A2-808,China,CN,0:42:53,2:55:39,2:55:38,0:09:30,0:06:01,6:49:40,2573,10539,10538,570,361,24580,572,475,102,304,263,55,428,377,85,572,475,102,Finisher,700
PAN,FEI,PAN FEI,710,M45-49,Male,guangzhou,Guangdong,China,CN,1:01:29,3:03:12,2:22:44,0:13:59,0:08:40,6:50:03,3689,10992,8564,839,520,24603,573,476,68,731,592,80,684,562,74,573,476,68,Finisher,700
用,吴,用 吴,610,M40-44,Male,佛山市顺德区乐从镇欧浦商务大厦204,广东省,China,CN,0:40:18,3:16:52,2:31:55,0:12:17,0:08:43,6:50:05,2418,11812,9115,737,523,24605,574,477,113,223,192,46,621,522,124,574,477,113,Finisher,700
Yiu Kwok,Lam,Yiu Kwok Lam,817,M50-54,Male,Tung Chung,Hong Kong,Hong Kong,HK,0:47:38,2:52:56,2:43:57,0:16:33,0:09:03,6:50:07,2858,10376,9837,993,543,24607,575,478,47,462,395,40,520,446,44,575,478,47,Finisher,1083
Hengzhi,Kang,Hengzhi Kang,487,M35-39,Male,宜宾市,CN-SC,China,CN,0:47:29,3:09:06,2:32:11,0:10:39,0:11:01,6:50:26,2849,11346,9131,639,661,24626,576,479,103,459,392,86,608,514,119,576,479,103,Finisher,700
Jidong,Xu,Jidong Xu,503,M40-44,Male,Kunming,Vestland,China,CN,0:47:13,3:07:53,2:37:11,0:08:35,0:09:38,6:50:29,2833,11273,9431,515,578,24629,577,480,114,449,383,86,579,492,117,577,480,114,Finisher,700
Minto,Wijaya,Minto Wijaya,791,M45-49,Male,SidakaryaDenpasar,Bali,Indonesia,ID,1:08:44,2:58:37,2:24:21,0:13:07,0:06:08,6:50:57,4124,10717,8661,787,368,24657,578,481,69,762,616,86,690,568,75,578,481,69,Finisher,700
Yiqi,DING,Yiqi DING,194,F30-34,Female,广州市,Guangdong,China,CN,0:49:26,3:04:29,2:40:11,0:09:48,0:07:10,6:51:04,2966,11069,9611,588,430,24664,579,98,19,521,80,16,580,88,19,579,98,19,Finisher,826
琳,李,琳 李,828,F50-54,Female,丽江市,云南省,China,CN,0:58:21,3:06:27,2:33:22,0:06:36,0:06:48,6:51:34,3501,11187,9202,396,408,24694,580,99,13,703,133,17,635,105,13,580,99,13,Finisher,1731
Jiayu,Deng,Jiayu Deng,788,F45-49,Female,ShenZhen,Guangdong,China,CN,0:46:21,3:26:53,2:22:47,0:09:36,0:06:23,6:52:00,2781,12413,8567,576,383,24720,581,100,9,423,66,7,698,125,10,581,100,9,Finisher,1795
宇,邱,宇 邱,862,M50-54,Male,长沙,Hunan,China,CN,0:56:57,3:01:43,2:32:18,0:12:27,0:08:55,6:52:20,3417,10903,9138,747,535,24740,582,482,48,686,557,54,633,529,51,582,482,48,Finisher,1043
Dahai,Wang,Dahai Wang,913,M55-59,Male,沈阳,辽宁,China,CN,0:49:10,2:55:43,2:44:25,0:13:21,0:10:18,6:52:56,2950,10543,9865,801,618,24776,583,483,24,514,439,22,531,453,22,583,483,24,Finisher,1784
银,罗,银 罗,424,M35-39,Male,大理市,YUNNAN SHENG,China,CN,0:44:51,2:58:02,2:54:11,0:08:47,0:07:14,6:53:05,2691,10682,10451,527,434,24785,584,484,104,379,322,70,476,413,93,584,484,104,Finisher,700
雨濛,王,雨濛 王,654,M40-44,Male,海淀区,北京市,China,CN,0:52:07,3:01:23,2:41:01,0:10:19,0:08:19,6:53:10,3127,10883,9661,619,499,24790,585,485,115,607,499,114,581,493,118,585,485,115,Finisher,700
Mariia,Lazareva,Mariia Lazareva,356,F35-39,Female,Naro-Fominsk,MOSKOVSKAYA OBLAST',Afghanistan,AF,0:50:05,2:48:26,2:57:00,0:10:40,0:07:08,6:53:19,3005,10106,10620,640,428,24799,586,101,19,537,87,16,438,57,10,586,101,19,Finisher,1401
TANG,WEIJIA,TANG WEIJIA,676,F45-49,Female,Mianzhu,Sichuan,China,CN,0:51:49,3:26:40,2:17:49,0:10:28,0:06:37,6:53:22,3109,12400,8269,628,397,24802,587,102,10,597,106,9,721,132,11,587,102,10,Finisher,1771
ZHAO,YUANHAO,ZHAO YUANHAO,697,M45-49,Male,shenzhen,guangdong,China,CN,0:45:13,3:07:56,2:41:38,0:11:13,0:07:55,6:53:55,2713,11276,9698,673,475,24835,588,486,70,388,329,44,586,497,67,588,486,70,Finisher,700
Shuo,Zhou,Shuo Zhou,477,M35-39,,北京市,CN-BJ,China,CN,0:53:43,2:48:15,2:54:55,0:09:13,0:08:05,6:54:10,3223,10095,10495,553,485,24850,589,487,105,633,520,117,468,406,91,589,487,105,Finisher,700
Yuting,Wu,Yuting Wu,587,M40-44,Male,佛山市,广东省,Unknown,,0:47:38,2:57:43,2:52:06,0:09:36,0:07:24,6:54:28,2858,10663,10326,576,444,24868,590,488,116,463,396,88,512,442,107,590,488,116,Finisher,700
zhao,xiaochuan,zhao xiaochuan,904,M55-59,,Zunyi,Guizhou,China,CN,0:51:25,2:57:24,2:47:02,0:10:30,0:08:19,6:54:40,3085,10644,10022,630,499,24880,591,489,25,585,484,25,537,459,23,591,489,25,Finisher,1753
liqiang,wang,liqiang wang,319,M35-39,Male,兰州市,甘肃省,China,CN,0:52:12,2:55:14,2:50:27,0:07:16,0:09:55,6:55:05,3132,10514,10227,436,595,24905,592,490,106,609,501,113,506,437,99,592,490,106,Finisher,700
俊霖,陈,俊霖 陈,238,M30-34,Male,北京,CN-BJ,China,CN,0:52:21,2:56:15,2:43:05,0:13:25,0:10:28,6:55:35,3141,10575,9785,805,628,24935,593,491,63,615,506,67,565,480,62,593,491,63,Finisher,700
Yueming,Chen,Yueming Chen,440,M35-39,Male,Fuling,Chongqing ,China,CN,0:49:43,3:02:43,2:48:45,0:07:47,0:06:52,6:55:51,2983,10963,10125,467,412,24951,594,492,107,532,449,99,545,464,105,594,492,107,Finisher,700
Haobin,Liang,Haobin Liang,269,M30-34,Male,广州市,CN-GD,China,CN,0:49:27,3:11:23,2:31:10,0:11:48,0:12:47,6:56:35,2967,11483,9070,708,767,24995,595,493,64,522,442,59,645,535,67,595,493,64,Finisher,700
Ming Te,Hsiung,Ming Te Hsiung,841,M50-54,Male,New Taipei City,New Taipei City,Unknown,,0:46:37,2:56:35,2:56:20,0:10:27,0:06:47,6:56:47,2797,10595,10580,627,407,25007,596,494,49,432,366,36,499,433,42,596,494,49,Finisher,963
fan,zhou,fan zhou,467,M35-39,Male,上海,SHANGHAI,China,CN,0:51:08,2:31:41,3:12:43,0:12:29,0:08:47,6:56:48,3068,9101,11563,749,527,25008,597,495,108,576,478,108,302,271,60,597,495,108,Finisher,700
Zhicong,Chen,Zhicong Chen,620,M40-44,Male,Shanghai,CN-SH,China,CN,0:40:57,2:45:44,3:05:16,0:12:54,0:12:46,6:57:37,2457,9944,11116,774,766,25057,598,496,117,245,209,53,345,308,78,598,496,117,Finisher,700
Carmen,Choi,Carmen Choi,852,F50-54,Female,"HONG KONG, CHINA",Hong Kong,Hong Kong,HK,0:55:55,2:49:28,2:50:44,0:11:55,0:09:37,6:57:38,3355,10168,10244,715,577,25058,599,103,14,673,127,16,524,77,7,599,103,14,Finisher,1622
Yuanjun ,Zhao,Yuanjun Zhao,973,F30-34,Female,Chengdu,SICHUAN,China,CN,0:50:38,3:07:41,2:30:29,0:17:59,0:11:21,6:58:09,3038,11261,9029,1079,681,25089,600,104,20,557,91,20,666,118,23,600,104,20,Finisher,700
Shiting,Chen,Shiting Chen,133,F25-29,Female,Shanghai,Shanghai,China,CN,0:53:08,3:07:47,2:36:15,0:13:58,0:07:47,6:58:56,3188,11267,9375,838,467,25136,601,105,18,626,113,20,655,114,22,601,105,18,Finisher,1144
Bocheng,Luo,Bocheng Luo,308,M35-39,Male,Chengdu,Sichuan,China,CN,0:48:02,2:50:07,3:05:12,0:09:12,0:06:28,6:59:01,2882,10207,11112,552,388,25141,602,497,109,480,411,92,421,370,84,602,497,109,Finisher,700
Jianwen,Huang,Jianwen Huang,517,M40-44,Male,阳春市,广东省,China,CN,0:56:16,3:02:29,2:40:38,0:11:30,0:08:08,6:59:01,3376,10949,9638,690,488,25141,603,498,118,676,549,125,627,526,125,603,498,118,Finisher,700
敬良,刘,敬良 刘,860,M50-54,Male,广州市,广东省,China,CN,0:54:46,2:56:04,2:43:34,0:12:20,0:12:18,6:59:02,3286,10564,9814,740,738,25142,604,499,50,654,535,50,574,487,47,604,499,50,Finisher,923
李,龙胤,李 龙胤,260,M30-34,Male,遵义,贵州,China,CN,0:49:42,3:12:54,2:38:43,0:11:33,0:06:18,6:59:10,2982,11574,9523,693,378,25150,605,500,65,531,448,60,652,539,68,605,500,65,Finisher,700
Junyu,Chen,Junyu Chen,299,F30-34,Female,青岛市,SHANDONG SHENG,China,CN,0:51:27,2:50:10,2:46:25,0:20:06,0:11:11,6:59:18,3087,10210,9985,1206,671,25158,606,106,21,587,102,21,563,85,18,606,106,21,Finisher,700
haifeng,YI,haifeng YI,879,M50-54,Male,Shenzhen City,Guangdong,China,CN,0:51:32,3:18:15,2:29:53,0:12:15,0:07:34,6:59:30,3092,11895,8993,735,454,25170,607,501,51,589,486,46,694,571,58,607,501,51,Finisher,914
钦文,陈,钦文 陈,922,F55-59,Female,长沙,Hunan,China,CN,0:45:03,3:16:05,2:35:05,0:15:19,0:08:09,6:59:42,2703,11765,9305,919,489,25182,608,107,5,386,59,3,667,119,6,608,107,5,Finisher,2155
Sheng,Wang,Sheng Wang,881,M50-54,,北京,CN-BJ,China,CN,0:44:17,3:08:33,2:47:49,0:08:13,0:10:58,6:59:50,2657,11313,10069,493,658,25190,609,502,52,350,301,28,555,473,45,609,502,52,Finisher,908
Yiting,Zhang,Yiting Zhang,556,F40-44,Female,Shanghai,Shanghai,China,CN,0:49:55,3:09:47,2:41:37,0:12:21,0:06:30,7:00:09,2995,11387,9697,741,390,25209,610,108,18,534,85,14,640,108,21,610,108,18,Finisher,1712
玉麒,欧,玉麒 欧,350,M35-39,Male,海口,CN-HI,China,CN,0:59:55,2:47:09,2:51:22,0:12:04,0:09:46,7:00:16,3595,10029,10282,724,586,25216,611,503,110,722,584,128,535,457,103,611,503,110,Finisher,700
Wen Jing,Wang,Wen Jing Wang,348,M35-39,Male,西安市,陕西省,China,CN,0:43:48,3:07:02,2:55:07,0:08:38,0:06:12,7:00:47,2628,11222,10507,518,372,25247,612,504,111,332,287,58,539,460,104,612,504,111,Finisher,700
Choon Wee,Ng,Choon Wee Ng,131,M25-29,Male,Singapore,03,Unknown,,0:44:20,3:00:31,2:54:15,0:12:24,0:09:42,7:01:12,2660,10831,10455,744,582,25272,613,505,44,354,303,37,523,447,39,613,505,44,Finisher,700
Chen,Haiyan,Chen Haiyan,821,F50-54,Female,广东省,江门市新会区,China,CN,0:51:11,3:00:13,2:52:52,0:08:23,0:08:54,7:01:33,3071,10813,10372,503,534,25293,614,109,15,579,99,9,542,81,8,614,109,15,Finisher,1551
Yang,Fan,Yang Fan,664,F40-44,,BeiJing,China BeiJing,Unknown,,0:52:00,3:03:54,2:42:03,0:13:35,0:10:08,7:01:39,3120,11034,9723,815,608,25299,615,110,19,603,108,19,622,100,19,615,110,19,Finisher,1685
Haijun,Deng,Haijun Deng,911,M55-59,Male,中国,广东省,China,CN,0:46:05,2:50:51,2:58:34,0:17:19,0:09:06,7:01:56,2765,10251,10714,1039,546,25316,616,506,26,413,350,16,503,435,19,616,506,26,Finisher,1622
Robert,Daws,Robert Daws,505,M40-44,Male,XIA MEN,Fujian,United Kingdom,GB,0:43:46,3:20:40,2:38:50,0:08:47,0:10:01,7:02:03,2626,12040,9530,527,601,25323,617,507,119,329,285,68,650,537,127,617,507,119,Finisher,700
YINING,MENG,YINING MENG,146,F25-29,Female,HANGZHOU,CN-ZJ,China,CN,0:43:00,2:54:17,3:05:27,0:11:25,0:07:58,7:02:07,2580,10457,11127,685,478,25327,618,111,19,308,42,12,435,55,14,618,111,19,Finisher,1087
Jonathan,Lam,Jonathan Lam,354,M35-39,Male,Hong Kong,Hong Kong,Hong Kong,HK,0:50:53,3:16:11,2:21:01,0:19:31,0:14:37,7:02:13,3053,11771,8461,1171,877,25333,619,508,112,569,474,107,709,583,132,619,508,112,Finisher,700
Cheryl,Law,Cheryl Law,550,F40-44,Female,Hong Kong,Hong Kong,Hong Kong,HK,0:40:26,3:30:40,2:21:01,0:16:14,0:13:56,7:02:16,2426,12640,8461,974,836,25336,620,112,20,224,32,3,714,129,24,620,112,20,Finisher,1674
SHI,XIN,SHI XIN,397,M35-39,Male,shenzhen,Guangdong,China,CN,1:16:49,2:39:55,2:45:54,0:08:30,0:11:18,7:02:25,4609,9595,9954,510,678,25345,621,509,113,778,627,139,595,503,116,621,509,113,Finisher,700
旭东,李,旭东 李,972,M45-49,Male,HANG ZHOU,CN-ZJ,China,CN,0:57:36,2:51:35,2:54:20,0:09:15,0:09:49,7:02:34,3456,10295,10460,555,589,25354,622,510,71,697,566,76,533,455,60,622,510,71,Finisher,700
云鹏,贾,云鹏 贾,642,M40-44,Male,北京,北京,China,CN,0:49:28,2:51:26,3:05:23,0:09:23,0:08:15,7:03:54,2968,10286,11123,563,495,25434,623,511,120,523,443,101,455,395,102,623,511,120,Finisher,700
Leo,Dee,Leo Dee,379,M35-39,Male,北京,北京,China,CN,1:01:10,3:07:14,2:38:56,0:10:42,0:06:10,7:04:12,3670,11234,9536,642,370,25452,624,512,114,730,591,129,689,567,130,624,512,114,Finisher,700
浩,杨,浩 杨,199,M30-34,Male,北京,CN-BJ,China,CN,0:51:22,3:09:15,2:44:22,0:11:21,0:08:32,7:04:51,3082,11355,9862,681,512,25491,625,513,66,584,483,65,639,532,66,625,513,66,Finisher,700
SUN,LIFAN,SUN LIFAN,208,M30-34,Male,Chengdu,Sichuan,China,CN,1:02:30,3:16:27,2:26:21,0:09:34,0:10:05,7:04:57,3750,11787,8781,574,605,25497,626,514,67,739,598,77,720,589,76,626,514,67,Finisher,700
Zhigang,Gao,Zhigang Gao,910,M55-59,Male,天津市,天津市,China,CN,0:42:11,3:08:55,2:48:15,0:13:03,0:12:57,7:05:21,2531,11335,10095,783,777,25521,627,515,27,287,249,11,584,495,25,627,515,27,Finisher,1561
Dongning,Xu,Dongning Xu,958,M65-69,Male,承德市,CN-HE,China,CN,0:52:06,2:57:48,3:02:31,0:06:59,0:06:08,7:05:30,3126,10668,10951,419,368,25530,628,516,2,606,498,4,519,445,1,628,516,2,Finisher,2852
镜波,黎,镜波 黎,930,M55-59,Male,佛山市顺德区,CN-44,China,CN,0:51:43,3:11:09,2:41:50,0:12:19,0:08:42,7:05:43,3103,11469,9710,739,522,25543,629,517,28,593,489,26,658,544,30,629,517,28,Finisher,1554
Dong,Yan,Dong Yan,419,M35-39,Male,Beijing,Beijing,China,CN,0:38:10,2:52:02,3:14:35,0:12:47,0:08:12,7:05:46,2290,10322,11675,767,492,25546,630,518,115,156,137,24,385,340,79,630,518,115,Finisher,700
彩虹,刘,彩虹 刘,115,F25-29,Female,大理,CN-YN,China,CN,0:45:31,3:14:09,2:42:11,0:13:20,0:10:48,7:06:00,2731,11649,9731,800,648,25560,631,113,20,393,60,14,648,112,21,631,113,20,Finisher,1017
xiang,huiping,xiang huiping,481,M35-39,Male,shenzhen,CN-GD,China,CN,1:05:42,2:53:27,2:39:08,0:16:34,0:11:21,7:06:12,3942,10407,9548,994,681,25572,632,519,116,754,609,134,662,546,125,632,519,116,Finisher,700
Jiyun,Ye,Jiyun Ye,873,F50-54,Female,Philadelphia,US-PA,China,CN,0:51:43,2:59:01,2:58:48,0:10:02,0:06:41,7:06:15,3103,10741,10728,602,401,25575,633,114,16,594,105,12,550,82,9,633,114,16,Finisher,1466
YITING,LAN,YITING LAN,520,M40-44,Male,SHENZHEN,GUANGDONG,China,CN,0:40:08,2:59:01,3:08:26,0:10:49,0:07:57,7:06:21,2408,10741,11306,649,477,25581,634,520,121,218,187,44,448,389,99,634,520,121,Finisher,700
Qin,Chao,Qin Chao,473,M35-39,Male,曲靖市,云南省,China,CN,0:46:52,3:07:18,2:53:41,0:10:57,0:07:37,7:06:25,2812,11238,10421,657,457,25585,635,521,117,442,376,82,594,502,115,635,521,117,Finisher,700
Francis,Gandertom,Francis Gandertom,944,M60-64,Male,Haikou,Hainan,China,CN,0:55:52,3:15:22,2:25:26,0:16:20,0:13:31,7:06:31,3352,11722,8726,980,811,25591,636,522,8,671,545,9,715,586,9,636,522,8,Finisher,1653
Jaw Ting Martin,Chang,Jaw Ting Martin Chang,104,M25-29,Male,Hong Kong,Hong Kong,Hong Kong,HK,0:30:31,3:10:01,3:05:38,0:12:32,0:08:20,7:07:02,1831,11401,11138,752,500,25622,637,523,45,29,25,5,490,424,38,637,523,45,Finisher,700
Yingtong,Chen,Yingtong Chen,138,F25-29,Female,Guangzhou,Guangdong,China,CN,0:48:36,3:03:56,2:57:46,0:08:31,0:08:33,7:07:23,2916,11036,10666,511,513,25643,638,115,21,500,73,16,556,83,17,638,115,21,Finisher,992
Zhenzhong,Zhu,Zhenzhong Zhu,820,M50-54,Male,昆明,CN-YN,China,CN,1:04:14,3:00:59,2:34:50,0:13:48,0:13:35,7:07:25,3854,10859,9290,828,815,25645,639,524,53,751,606,64,687,565,56,639,524,53,Finisher,772
fajin,hu,fajin hu,847,M50-54,Male,Beijing,Beijing,China,CN,0:58:26,3:33:57,2:08:38,0:13:45,0:12:43,7:07:29,3506,12837,7718,825,763,25649,640,525,54,705,571,57,759,616,63,640,525,54,Finisher,770
余,韬,余 韬,396,M35-39,Male,KUNMING,云南省,Unknown,,0:57:52,3:05:03,2:39:56,0:11:19,0:13:37,7:07:48,3472,11103,9596,679,817,25668,641,526,118,699,568,122,654,541,123,641,526,118,Finisher,700
xianliang,zhou,xianliang zhou,384,M35-39,Male,kunming,YUNNAN,China,CN,0:40:40,2:59:24,3:01:48,0:15:16,0:10:48,7:07:56,2440,10764,10908,916,648,25676,642,527,119,231,199,41,514,443,101,642,527,119,Finisher,700
Chun Lam Arnold,Wong,Chun Lam Arnold Wong,569,M40-44,Male,Quarry Bay,Hong Kong,Hong Kong,HK,0:34:02,3:40:55,2:25:55,0:16:17,0:11:06,7:08:16,2042,13255,8755,977,666,25696,643,528,122,71,63,17,726,594,131,643,528,122,Finisher,700
YIMIN,LE,YIMIN LE,203,F30-34,Female,昆明,CN-YN,China,CN,0:49:44,3:08:25,2:50:12,0:09:20,0:10:45,7:08:27,2984,11305,10212,560,645,25707,644,116,22,533,84,19,610,95,20,644,116,22,Finisher,700
yu,wen,yu wen,509,F40-44,Female,昆明,云南,China,CN,1:06:25,3:12:18,2:33:10,0:08:34,0:08:01,7:08:27,3985,11538,9190,514,481,25707,645,117,21,756,146,25,713,128,23,645,117,21,Finisher,1563
Roman,Mikheev,Roman Mikheev,905,M55-59,Male,Muang,,Unknown,,0:56:32,3:03:21,2:40:59,0:17:25,0:11:29,7:09:46,3392,11001,9659,1045,689,25786,646,529,29,681,553,34,672,553,31,646,529,29,Finisher,1481
wei,Chen,wei Chen,900,F55-59,Female,Xiamen,Fujian,China,CN,0:46:14,3:11:44,2:53:40,0:10:53,0:07:31,7:10:02,2774,11504,10420,653,451,25802,647,118,6,419,65,4,617,99,5,647,118,6,Finisher,1969
Cheung,Yik Huen,Cheung Yik Huen,699,F45-49,Female,Ho Man Tin,Hong Kong,Hong Kong,HK,0:57:18,3:21:14,2:32:49,0:13:44,0:05:04,7:10:09,3438,12074,9169,824,304,25809,648,119,11,691,131,12,729,133,12,648,119,11,Finisher,1469
shi,hui,shi hui,878,M50-54,Male,Qidong,Jiangsu,China,CN,0:54:49,3:13:19,2:40:39,0:14:30,0:06:56,7:10:12,3289,11599,9639,870,416,25812,649,530,55,655,536,51,697,573,59,649,530,55,Finisher,722
Bing,Hu,Bing Hu,775,M45-49,Male,昆明市,云南省,China,CN,0:44:39,3:09:35,2:55:16,0:12:07,0:08:42,7:10:20,2679,11375,10516,727,522,25820,650,531,72,371,315,40,602,508,68,650,531,72,Finisher,700
Yuqi,Zhang,Yuqi Zhang,176,F25-29,Female,Shenzhen,Guangdong,China,CN,0:50:43,3:10:30,2:53:28,0:09:40,0:06:37,7:10:58,3043,11430,10408,580,397,25858,651,120,22,562,93,18,632,104,20,651,120,22,Finisher,928
YIXIN,LI,YIXIN LI,323,M35-39,Male,KUNMING,YUNNAN,China,CN,0:44:33,3:04:41,3:06:00,0:09:01,0:06:44,7:10:59,2673,11081,11160,541,404,25859,652,532,120,365,311,67,532,454,102,652,532,120,Finisher,700
攀峰,董,攀峰 董,686,M45-49,Male,南涧彝族自治县,云南省大理白族自治州,China,CN,0:50:22,3:10:43,2:50:53,0:11:12,0:08:21,7:11:30,3022,11443,10253,672,501,25890,653,533,73,549,461,58,643,533,71,653,533,73,Finisher,700
Quan,Chen,Quan Chen,933,M55-59,Male,Haikou,Hainan,China,CN,1:10:56,2:53:03,2:43:19,0:14:10,0:10:31,7:11:59,4256,10383,9799,850,631,25919,654,534,30,770,621,37,678,559,32,654,534,30,Finisher,1441
QI,ZHANG,QI ZHANG,959,M65-69,Male,SHENZHEN,CN-GD,China,CN,0:48:09,3:27:06,2:36:08,0:11:24,0:09:35,7:12:21,2889,12426,9368,684,575,25941,655,535,3,484,414,3,710,584,3,655,535,3,Finisher,2728
红波,李,红波 李,265,M30-34,Male,深圳,CN-GD,China,CN,0:50:54,3:03:15,2:58:52,0:10:52,0:08:31,7:12:24,3054,10995,10732,652,511,25944,656,536,68,571,475,62,593,501,63,656,536,68,Finisher,700
杨,帆,杨 帆,549,M40-44,Male,陕西,CN-SN,China,CN,0:48:09,2:53:41,3:15:23,0:08:10,0:07:19,7:12:41,2889,10421,11723,490,439,25961,657,537,123,485,415,93,449,390,100,657,537,123,Finisher,700
Cui,xuelong,Cui xuelong,706,M45-49,Male,Dali,Yunnan,China,CN,0:52:15,3:31:52,2:27:37,0:11:53,0:09:59,7:13:35,3135,12712,8857,713,599,26015,658,538,74,612,504,62,737,602,81,658,538,74,Finisher,700
Peony,Tse,Peony Tse,531,F40-44,Female,hong kong,Hong Kong,Hong Kong,HK,0:48:05,3:33:00,2:18:35,0:23:16,0:10:51,7:13:45,2885,12780,8315,1396,651,26025,659,121,22,482,70,13,757,143,26,659,121,22,Finisher,1467
Maxwell,Kirkby,Maxwell Kirkby,942,M60-64,Male,Macclesfield,CHS,United Kingdom,GB,0:57:11,3:19:19,2:27:18,0:20:35,0:09:35,7:13:58,3431,11959,8838,1235,575,26038,660,539,9,689,559,11,742,604,10,660,539,9,Finisher,1519
Yukai,Lin,Yukai Lin,99,M18-24,Male,JIeyang,Kaohsiung City,China,CN,0:54:45,2:52:51,3:06:39,0:10:17,0:09:55,7:14:26,3285,10371,11199,617,595,26066,661,540,13,652,534,14,528,450,13,661,540,13,Finisher,1021
Zhiwei,ZHANG,Zhiwei ZHANG,402,M35-39,Male,深圳市,Guangdong,China,CN,0:45:58,3:19:39,2:49:22,0:09:46,0:09:57,7:14:42,2758,11979,10162,586,597,26082,662,541,121,406,344,76,660,545,124,662,541,121,Finisher,700
Samdarshi,Sumit,Samdarshi Sumit,796,M50-54,Male,Jakarta Selatan,Jakarta,India,IN,0:46:26,3:10:50,2:56:02,0:12:25,0:09:04,7:14:46,2786,11450,10562,745,544,26086,663,542,56,426,360,33,624,523,50,663,542,56,Finisher,700
Jinduo,Pei,Jinduo Pei,961,M75-79,Male,大连,辽宁,China,CN,0:43:34,3:15:38,2:55:30,0:11:15,0:09:07,7:15:03,2614,11738,10530,675,547,26103,664,543,1,324,281,1,630,528,1,664,543,1,Finisher,3500
Lei,Lei,Lei Lei,718,F45-49,Female,南宁,CN-GX,China,CN,0:42:21,2:58:28,3:11:56,0:13:08,0:09:29,7:15:21,2541,10708,11516,788,569,26121,665,122,12,292,40,4,501,67,5,665,122,12,Finisher,1375
ZHE,WANG,ZHE WANG,365,F35-39,Female,Shanghai,Shanghai,China,CN,0:49:22,3:21:19,2:46:17,0:07:54,0:10:50,7:15:43,2962,12079,9977,474,650,26143,666,123,20,520,79,14,683,122,21,666,123,20,Finisher,998
Xiaohong,Tan,Xiaohong Tan,627,F40-44,Female,Guangzhou,Guangdong,China,CN,0:51:40,3:26:55,2:34:13,0:14:35,0:08:26,7:15:50,3100,12415,9253,875,506,26150,667,124,23,591,104,18,731,134,25,667,124,23,Finisher,1430
Rongpei,WU,Rongpei WU,886,M50-54,Male,Guangzhou,Guangdong,China,CN,0:55:51,3:11:20,2:45:37,0:11:45,0:11:25,7:15:57,3351,11480,9937,705,685,26157,668,544,57,670,544,53,686,564,55,668,544,57,Finisher,700
ZHI SHENG,LIANG,ZHI SHENG LIANG,783,M45-49,Male,广州,CN-GD,China,CN,1:03:09,3:11:53,2:40:24,0:12:55,0:07:48,7:16:08,3789,11513,9624,775,468,26168,669,545,75,744,601,81,717,587,79,669,545,75,Finisher,700
Gaojie,Li,Gaojie Li,251,F30-34,Female,SANTA CLARA,California,China,CN,0:49:35,3:08:27,2:56:45,0:14:50,0:06:35,7:16:12,2975,11307,10605,890,395,26172,670,125,23,526,82,18,647,111,22,670,125,23,Finisher,700
Yihua,Dai,Yihua Dai,442,F35-39,Female,Keelung City,31,China,CN,0:56:48,3:15:32,2:34:53,0:13:06,0:15:57,7:16:17,3408,11732,9293,786,957,26177,671,126,21,684,129,26,708,126,23,671,126,21,Finisher,988
Hongzhen,Feng,Hongzhen Feng,845,F50-54,Female,中山市,广东省,China,CN,0:44:06,3:16:21,2:57:50,0:11:16,0:06:50,7:16:24,2646,11781,10670,676,410,26184,672,127,17,346,49,6,637,106,14,672,127,17,Finisher,1284
富文,谭,富文 谭,391,M35-39,Male,柳州,广西,China,CN,0:59:42,3:08:10,2:49:39,0:09:35,0:09:47,7:16:53,3582,11290,10179,575,587,26213,673,546,122,720,582,127,673,554,127,673,546,122,Finisher,700
Jixuan,Zhang,Jixuan Zhang,202,M30-34,Male,chengdu,Sichuan,China,CN,0:54:26,3:22:56,2:33:16,0:14:39,0:12:11,7:17:28,3266,12176,9196,879,731,26248,674,547,69,644,527,70,728,596,78,674,547,69,Finisher,700
yong,zhang,yong zhang,386,M35-39,Male,taizhou,JIANGSU,China,CN,0:47:50,3:05:13,3:03:44,0:09:04,0:12:01,7:17:52,2870,11113,11024,544,721,26272,675,548,123,469,401,89,566,481,111,675,548,123,Finisher,700
Kai,Li,Kai Li,259,M30-34,Male,chengdu,CN-SC,China,CN,0:45:34,3:14:55,2:54:59,0:09:40,0:13:07,7:18:16,2734,11695,10499,580,787,26296,676,549,70,394,334,43,626,525,64,676,549,70,Finisher,700
Ye,Tan,Ye Tan,298,M30-34,Male,昆明,云南,China,CN,0:55:08,3:03:05,2:58:15,0:12:10,0:10:08,7:18:45,3308,10985,10695,730,608,26325,677,550,71,663,541,71,629,527,65,677,550,71,Finisher,700
治河,杨,治河 杨,403,M35-39,Male,曲靖市,YUNNAN SHENG,China,CN,0:53:10,2:51:14,3:20:43,0:09:06,0:05:32,7:19:46,3190,10274,12043,546,332,26386,678,551,124,627,514,116,497,431,97,678,551,124,Finisher,700
Chung,Ho,Chung Ho,383,M35-39,Male,hongkong,Hong Kong,Hong Kong,HK,0:44:17,2:53:12,3:20:13,0:13:08,0:08:57,7:19:47,2657,10392,12013,788,537,26387,679,552,125,351,302,64,461,400,89,679,552,125,Finisher,700
Wing Kwong,Lam,Wing Kwong Lam,504,M40-44,Male,N.T.,Hong Kong,Hong Kong,HK,0:51:10,3:08:03,3:02:20,0:09:43,0:08:57,7:20:12,3070,11283,10940,583,537,26412,680,553,124,577,479,107,619,520,123,680,553,124,Finisher,700
lei,huang,lei huang,510,M40-44,Male,BEIJING,BEIJING,China,CN,0:53:45,3:03:53,3:06:01,0:08:43,0:09:14,7:21:36,3225,11033,11161,523,554,26496,681,554,125,635,522,117,601,507,120,681,554,125,Finisher,700
Linjun,Zhang,Linjun Zhang,615,M40-44,Female,Chaoyang District,CN-BJ,China,CN,0:43:53,2:51:26,3:29:06,0:10:31,0:06:54,7:21:50,2633,10286,12546,631,414,26510,682,555,126,335,289,69,411,362,92,682,555,126,Finisher,700
Tsz Hang Rachel,Siu,Tsz Hang Rachel Siu,420,F35-39,Female,Tai Po,Hong Kong,Hong Kong,HK,0:49:12,3:09:12,2:58:19,0:16:56,0:08:14,7:21:53,2952,11352,10699,1016,494,26513,683,128,22,517,76,13,659,115,17,683,128,22,Finisher,887
然,支,然 支,482,F35-39,Female,北京,海淀区,China,CN,0:52:19,3:18:57,2:55:55,0:07:17,0:07:32,7:22:00,3139,11937,10555,437,452,26520,684,129,23,614,109,21,681,121,20,684,129,23,Finisher,885
Yuansong,Li,Yuansong Li,164,M25-29,Male,Shanghai ,Virginia,China,CN,0:57:33,3:02:18,3:00:04,0:12:55,0:09:56,7:22:46,3453,10938,10804,775,596,26566,685,556,46,695,564,51,646,536,48,685,556,46,Finisher,700
昊,陈,昊 陈,808,M50-54,Male,北京,北京,China,CN,0:49:37,3:02:37,3:08:36,0:15:15,0:07:12,7:23:16,2977,10957,11316,915,432,26596,686,557,58,527,445,44,609,515,49,686,557,58,Finisher,700
lingran,zhao,lingran zhao,109,M25-29,Male,changsha,CN-HN,China,CN,0:46:44,3:09:11,3:14:24,0:07:44,0:05:14,7:23:18,2804,11351,11664,464,314,26598,687,558,47,433,367,41,578,491,44,687,558,47,Finisher,700
Teryn,Tham,Teryn Tham,732,F45-49,Female,Singapore,Singapore,Unknown,,0:40:49,3:05:29,3:21:47,0:07:45,0:07:33,7:23:22,2449,11129,12107,465,453,26602,688,130,13,237,34,3,502,68,6,688,130,13,Finisher,1231
Kaituo,Zhao,Kaituo Zhao,548,M40-44,Male,成都市,四川省,China,CN,1:17:03,3:15:34,2:34:33,0:08:36,0:07:57,7:23:43,4623,11734,9273,516,477,26623,689,559,127,779,628,135,751,611,134,689,559,127,Finisher,700
Siyuan,He,Siyuan He,328,M35-39,Male,Foshan,CN-GD,China,CN,0:50:36,3:17:45,2:58:14,0:08:24,0:08:44,7:23:44,3036,11865,10694,504,524,26624,690,560,126,555,465,104,668,549,126,690,560,126,Finisher,700
YONGXI,HUANG,YONGXI HUANG,850,F50-54,Female,Dongguan,CN-CN-GD,China,CN,0:47:49,3:11:00,3:02:16,0:14:20,0:08:25,7:23:50,2869,11460,10936,860,505,26630,691,131,18,468,68,7,649,113,16,691,131,18,Finisher,1150
Gan,Haiting,Gan Haiting,91,F18-24,Female,Yangzhou,JIANGSU,China,CN,1:03:15,3:27:28,2:39:02,0:06:16,0:08:25,7:24:26,3795,12448,9542,376,505,26666,692,132,2,745,144,3,741,138,2,692,132,2,Finisher,1199
YAJUN,WU,YAJUN WU,675,M45-49,Male,Chongqing,CN-50,China,CN,0:59:37,2:51:52,3:10:56,0:11:25,0:10:42,7:24:33,3577,10312,11456,685,642,26673,693,561,76,717,580,78,572,485,66,693,561,76,Finisher,700
zheyu,liu,zheyu liu,307,M35-39,Male,Chongqing,Chongqing,China,CN,0:45:56,3:10:24,3:10:58,0:10:09,0:07:07,7:24:35,2756,11424,11458,609,427,26675,694,562,127,405,343,75,603,509,118,694,562,127,Finisher,700
Zhihua,Li,Zhihua Li,742,M45-49,Male,深圳,广东,China,CN,0:58:04,3:08:32,3:00:51,0:10:19,0:07:41,7:25:28,3484,11312,10851,619,461,26728,695,563,77,701,570,77,670,551,73,695,563,77,Finisher,700
Lei,Yang,Lei Yang,683,M45-49,Male,沈阳市,Liaoning,China,CN,0:56:39,3:23:54,2:42:04,0:12:09,0:10:55,7:25:42,3399,12234,9724,729,655,26742,696,564,78,682,554,72,730,597,80,696,564,78,Finisher,700
小丽,郑,小丽 郑,885,F50-54,Female,宁波市,浙江省,China,CN,0:59:01,3:25:55,2:41:45,0:11:11,0:08:23,7:26:15,3541,12355,9705,671,503,26775,697,133,19,710,136,19,739,136,19,697,133,19,Finisher,1106
Vanessa Redgrave,Agdon,Vanessa Redgrave Agdon,57,F40-44,Female,Bgy don bosco,PH-00,Unknown,,0:44:25,3:10:55,3:17:39,0:08:34,0:04:50,7:26:24,2665,11455,11859,514,290,26784,698,134,24,357,53,10,583,89,15,698,134,24,Finisher,1240
Chunyi,Wang,Chunyi Wang,876,M50-54,Male,昆明·,Yunnan,China,CN,1:00:05,3:30:51,2:40:07,0:08:33,0:07:21,7:26:57,3605,12651,9607,513,441,26817,699,565,59,723,585,59,750,610,61,699,565,59,Finisher,700
Shuk Yi Angela,Lau,Shuk Yi Angela Lau,816,F50-54,Female,Hong Kong,Hong Kong,Hong Kong,HK,1:09:41,3:28:16,2:21:35,0:16:23,0:11:22,7:27:16,4181,12496,8495,983,682,26836,700,135,20,767,148,22,767,149,23,700,135,20,Finisher,1088
Jinjing,Wang,Jinjing Wang,560,M40-44,Male,Beijing,CN-BJ,China,CN,0:47:45,3:26:58,2:54:47,0:10:24,0:07:37,7:27:30,2865,12418,10487,624,457,26850,701,566,128,465,398,89,706,581,130,701,566,128,Finisher,700
Diego,Alonzo,Diego Alonzo,86,M18-24,Male,Jakarta,JAKARTA RAYA,Indonesia,ID,0:40:02,3:38:46,2:51:50,0:09:09,0:07:50,7:27:37,2402,13126,10310,549,470,26857,702,567,14,214,184,6,718,588,15,702,567,14,Finisher,784
利民,张,利民 张,804,M50-54,Male,SHENZHEN,GUANGDONG,China,CN,0:51:48,3:13:00,2:57:55,0:13:46,0:11:42,7:28:11,3108,11580,10675,826,702,26891,703,568,60,596,491,47,682,561,54,703,568,60,Finisher,700
Union HY,HSIEH,Union HY HSIEH,247,M30-34,Male,Hong Kong,Hong Kong,Unknown,,0:43:56,3:22:23,3:02:21,0:10:40,0:09:17,7:28:37,2636,12143,10941,640,557,26917,704,569,72,336,290,36,671,552,71,704,569,72,Finisher,700
panxi,chen,panxi chen,165,M25-29,Male,台州,CN-ZJ,China,CN,0:52:15,3:16:45,3:03:28,0:09:10,0:07:14,7:28:53,3135,11805,11008,550,434,26933,705,570,48,611,503,49,679,560,49,705,570,48,Finisher,700
yue,ma,yue ma,582,M40-44,Male,shenzhen,guangdong,China,CN,0:46:07,2:52:50,3:21:33,0:14:01,0:14:34,7:29:05,2767,10370,12093,841,874,26945,706,571,129,414,351,78,488,422,104,706,571,129,Finisher,700
Rui,He,Rui He,174,M25-29,Male,Dali,Yunnan,China,CN,0:53:13,3:31:34,2:40:01,0:13:57,0:10:31,7:29:18,3193,12694,9601,837,631,26958,707,572,49,629,516,50,746,608,52,707,572,49,Finisher,700
Li,Jianhui,Li Jianhui,955,M60-64,Male,shenzhen,Guangdong,China,CN,0:56:23,3:25:48,2:37:47,0:14:58,0:14:38,7:29:34,3383,12348,9467,898,878,26974,708,573,10,679,552,10,743,605,11,708,573,10,Finisher,1238
JINPING,GU,JINPING GU,702,M45-49,Male,南京,CN-JS,China,CN,0:50:42,3:32:41,2:41:15,0:14:08,0:10:51,7:29:36,3042,12761,9675,848,651,26976,709,574,79,561,469,60,744,606,82,709,574,79,Finisher,700
Tao,He,Tao He,810,F50-54,Female,昆明,云南省,China,CN,1:09:52,3:22:18,2:32:14,0:17:47,0:08:23,7:30:35,4192,12138,9134,1067,503,27035,710,136,21,769,149,23,762,146,22,710,136,21,Finisher,1028
NA,xueyan,NA xueyan,233,F30-34,Female,杭州市,CN-ZJ,China,CN,0:49:12,3:32:51,2:45:13,0:13:43,0:09:46,7:30:45,2952,12771,9913,823,586,27045,711,137,24,518,77,14,736,135,24,711,137,24,Finisher,700
Jinqian,HUANG,Jinqian HUANG,950,M60-64,Male,汕头市,Yunlin County,China,CN,1:14:07,3:22:48,2:28:41,0:14:43,0:11:11,7:31:31,4447,12168,8921,883,671,27091,712,575,11,774,623,12,764,618,13,712,575,11,Finisher,1203
Zhenyu,Zhao,Zhenyu Zhao,863,M50-54,Male,长沙,湖南,China,CN,0:57:09,3:04:01,3:13:25,0:11:10,0:06:00,7:31:45,3429,11041,11605,670,360,27105,713,576,61,688,558,55,644,534,52,713,576,61,Finisher,700
XIAODU,LOU,XIAODU LOU,412,M35-39,Male,hangzhou,Zhejiang,China,CN,0:52:51,3:31:59,2:50:30,0:09:14,0:07:22,7:31:57,3171,12719,10230,554,442,27117,714,577,128,621,510,115,733,599,134,714,577,128,Finisher,700
Liren,Hu,Liren Hu,896,M55-59,Male,Shanghai,Shanghai,China,CN,0:54:31,3:03:34,3:07:55,0:15:35,0:10:53,7:32:29,3271,11014,11275,935,653,27149,715,578,31,646,529,30,651,538,29,715,578,31,Finisher,1072
MA,XIAOQING,MA XIAOQING,337,F35-39,Female,SHANGHAI,SHANGHAI,China,CN,0:51:50,3:44:25,2:34:15,0:15:36,0:06:29,7:32:36,3110,13465,9255,936,389,27156,716,138,24,598,107,20,765,147,28,716,138,24,Finisher,700
Jie,Zhu,Jie Zhu,935,M55-59,Male,Beijing,CN-BJ,China,CN,0:50:31,3:18:28,3:00:45,0:12:57,0:10:02,7:32:43,3031,11908,10845,777,602,27163,717,579,32,554,464,24,693,570,33,717,579,32,Finisher,1068
Chengzhuo,Ouyang,Chengzhuo Ouyang,406,M35-39,Male,CHENGDU,CN-SC,China,CN,0:51:44,3:32:04,2:51:01,0:09:58,0:08:18,7:33:04,3104,12724,10261,598,498,27184,718,580,129,595,490,111,732,598,133,718,580,129,Finisher,700
YU,LIU,YU LIU,660,M40-44,Male,北京市,CN-BJ,China,CN,0:50:50,3:00:59,3:19:53,0:11:46,0:09:37,7:33:05,3050,10859,11993,706,577,27185,719,581,130,567,472,105,577,490,116,719,581,130,Finisher,700
Liang,Zhu,Liang Zhu,272,M30-34,Male,上海,CN-SH,China,CN,0:48:33,3:14:23,3:02:41,0:13:57,0:14:35,7:34:08,2913,11663,10961,837,875,27248,720,582,73,499,427,57,669,550,70,720,582,73,Finisher,700
Xiaowei,Qin,Xiaowei Qin,689,M45-49,Male,榆林市,CN-SN,China,CN,0:57:29,3:05:17,3:04:15,0:12:24,0:14:47,7:34:13,3449,11117,11055,744,887,27253,721,583,80,694,563,75,657,543,72,721,583,80,Finisher,700
jineng,lee,jineng lee,236,M30-34,Male,遵义市,贵州省,China,CN,0:48:41,3:11:48,3:08:18,0:15:21,0:10:06,7:34:15,2921,11508,11298,921,606,27255,722,584,74,502,429,58,663,547,69,722,584,74,Finisher,700
Ting Kwong,Lam,Ting Kwong Lam,700,M45-49,Male,HONG KONG,Hong Kong,Hong Kong,HK,0:53:27,3:17:44,2:59:40,0:16:02,0:08:12,7:35:05,3207,11864,10780,962,492,27305,723,585,81,632,519,67,712,585,78,723,585,81,Finisher,700
"Sing Leong ,Larry",Goh,"Sing Leong ,Larry Goh",889,M55-59,Male,Singapore,SG-01,Unknown,,0:58:42,3:08:34,3:01:41,0:14:52,0:11:44,7:35:34,3522,11314,10901,892,704,27334,724,586,33,706,572,35,695,572,34,724,586,33,Finisher,1017
Zhijie,Xing,Zhijie Xing,811,M50-54,Male,BEIJING,Beijing,China,CN,1:02:53,3:11:42,2:49:05,0:16:02,0:15:54,7:35:35,3773,11502,10145,962,954,27335,725,587,62,741,599,63,725,593,60,725,587,62,Finisher,700
Yang,Song,Yang Song,448,M35-39,Male,厦门市,福建省,China,CN,0:58:48,2:53:15,3:26:41,0:09:03,0:08:01,7:35:49,3528,10395,12401,543,481,27349,726,588,130,708,574,123,558,475,109,726,588,130,Finisher,700
QING,DING,QING DING,936,M55-59,Male,海淀区,北京市,China,CN,0:52:13,2:57:56,3:21:26,0:14:20,0:10:30,7:36:26,3133,10676,12086,860,630,27386,727,589,34,610,502,28,590,499,26,727,589,34,Finisher,1001
DARUI,YUE,DARUI YUE,359,M35-39,Male,芒市,CN-YN,China,CN,0:45:55,3:07:38,3:24:01,0:10:18,0:08:43,7:36:35,2755,11258,12241,618,523,27395,728,590,131,403,341,74,582,494,113,728,590,131,Finisher,700
Fan,Chen,Fan Chen,723,M45-49,Male,武汉,湖北,China,CN,1:03:40,3:23:33,2:44:33,0:15:43,0:09:24,7:36:53,3820,12213,9873,943,564,27413,729,591,82,748,604,82,755,613,83,729,591,82,Finisher,700
Fengchun,Tong,Fengchun Tong,957,M65-69,Male,Xiamen,CN-FJ,China,CN,1:09:17,3:16:39,2:54:14,0:09:41,0:07:27,7:37:17,4157,11799,10454,581,447,27437,730,592,4,765,619,5,735,601,4,730,592,4,Finisher,2279
浩然,李,浩然 李,214,M30-34,Male,大理市,云南省,China,CN,1:06:15,3:15:04,2:59:34,0:08:36,0:08:38,7:38:08,3975,11704,10774,516,518,27488,731,593,75,755,610,78,723,591,77,731,593,75,Finisher,700
Carrie,Jaques,Carrie Jaques,617,F40-44,Female,Shanghai,Shanghai,Australia,AU,0:44:38,3:16:54,3:21:15,0:09:13,0:06:32,7:38:33,2678,11814,12075,553,392,27513,732,139,25,370,56,11,631,103,20,732,139,25,Finisher,1021
Norliza,Abdul Wahid,Norliza Abdul Wahid,457,F35-39,Female,Singapore,CENTRAL SINGAPORE,Unknown,,0:58:58,3:22:18,2:53:50,0:15:22,0:08:45,7:39:12,3538,12138,10430,922,525,27552,733,140,25,709,135,27,740,137,26,733,140,25,Finisher,700
Chi,Hai,Chi Hai,602,M40-44,Male,吉林市,CN-JL,China,CN,0:30:51,3:21:45,3:30:57,0:09:55,0:06:00,7:39:28,1851,12105,12657,595,360,27568,734,594,131,34,30,7,568,482,113,734,594,131,Finisher,700
guo,wang,guo wang,432,M35-39,Male,重庆市,重庆市,China,CN,0:35:11,3:15:00,3:29:23,0:10:45,0:09:47,7:40:06,2111,11700,12563,645,587,27606,735,595,132,85,77,14,554,472,108,735,595,132,Finisher,700
Jian,Zhang,Jian Zhang,929,F55-59,Female,Shenzhen,guangdong province,China,CN,1:04:08,3:35:58,2:42:05,0:12:25,0:06:20,7:40:56,3848,12958,9725,745,380,27656,736,141,7,750,145,8,766,148,7,736,141,7,Finisher,1412
Chong,Li,Chong Li,270,M30-34,Male,深圳市,CN-GD,China,CN,0:48:19,2:59:53,3:30:56,0:09:52,0:12:19,7:41:20,2899,10793,12656,592,739,27680,737,596,76,492,422,55,529,451,59,737,596,76,Finisher,700
Jsan,Benoit,Jsan Benoit,908,M55-59,Male,Shanghai,Shanghai,France,FR,0:55:53,3:12:57,3:03:10,0:15:02,0:14:25,7:41:27,3353,11577,10990,902,865,27687,738,597,35,672,546,32,703,578,35,738,597,35,Finisher,911
Pengfei,Tao,Pengfei Tao,303,M35-39,Male,上海,CN-SH,China,CN,1:03:05,3:33:03,2:41:28,0:14:33,0:09:25,7:41:34,3785,12783,9688,873,565,27694,739,598,133,742,600,131,763,617,137,739,598,133,Finisher,700
超,曾,超 曾,418,M35-39,Male,广东省,广州市,China,CN,1:01:32,3:25:02,2:56:00,0:11:47,0:08:51,7:43:12,3692,12302,10560,707,531,27792,740,599,134,732,593,130,745,607,135,740,599,134,Finisher,700
yong,zhang,yong zhang,953,M60-64,Male,danyang,Jiangsu,China,CN,1:14:14,3:15:16,2:58:53,0:09:38,0:09:34,7:47:36,4454,11716,10733,578,574,28056,741,600,12,776,625,13,749,609,12,741,600,12,Finisher,913
Wang,Yunfei,Wang Yunfei,613,M40-44,Male,昆明,云南,China,CN,0:53:53,4:21:58,2:13:32,0:11:12,0:07:22,7:47:56,3233,15718,8012,672,442,28076,742,601,132,639,523,118,777,627,135,742,601,132,Finisher,700
Knox,Lingenfelter,Knox Lingenfelter,93,M18-24,Male,Atlanta,GA,United States,US,1:07:30,3:03:15,3:15:03,0:10:24,0:12:02,7:48:14,4050,10995,11703,624,722,28094,743,602,15,758,612,15,692,569,14,743,602,15,Finisher,700
Dan,Song,Dan Song,118,M25-29,Male,Dali,YUNNAN,China,CN,0:43:27,3:25:28,3:15:03,0:15:00,0:09:24,7:48:22,2607,12328,11703,900,564,28102,744,603,50,321,278,35,704,579,50,744,603,50,Finisher,700
Yufan,Wu,Yufan Wu,435,F35-39,Female,厦门市,福建省,China,CN,0:36:38,3:08:04,3:44:22,0:11:35,0:07:54,7:48:33,2198,11284,13462,695,474,28113,745,142,26,111,12,2,518,74,12,745,142,26,Finisher,700
qinghe ,cheng,qinghe cheng,914,M55-59,Male,Kunming ,YUNNAN,China,CN,0:52:09,3:17:34,3:05:57,0:20:07,0:12:57,7:48:43,3129,11854,11157,1207,777,28123,746,604,36,608,500,27,722,590,36,746,604,36,Finisher,780
Wei,DONG,Wei DONG,639,M40-44,Male,武汉市,HB,China,CN,0:57:40,3:22:50,3:09:52,0:10:58,0:09:32,7:50:51,3460,12170,11392,658,572,28251,747,605,133,698,567,126,727,595,132,747,605,133,Finisher,700
Mingyuan,Hu,Mingyuan Hu,326,M35-39,Male,Chongqing,Chongqing,China,CN,0:50:21,3:14:58,3:25:19,0:12:08,0:08:55,7:51:42,3021,11698,12319,728,535,28302,748,606,135,548,460,101,674,555,128,748,606,135,Finisher,700
JIANXUN,LIANG,JIANXUN LIANG,492,F40-44,Male,Pudong New Area,Shanghai,China,CN,0:53:06,3:12:36,3:21:12,0:12:31,0:14:14,7:53:38,3186,11556,12072,751,854,28418,749,143,26,625,112,21,680,120,22,749,143,26,Finisher,749
Jinliang,YU,Jinliang YU,157,M25-29,Male,济南市,山东省,China,CN,1:01:05,3:19:58,3:14:40,0:08:57,0:09:27,7:54:06,3665,11998,11680,537,567,28446,750,607,51,728,589,52,724,592,51,750,607,51,Finisher,700
海梦,武,海梦 武,344,M35-39,Male,北京,北京,China,CN,0:59:08,3:15:08,3:24:49,0:08:39,0:09:32,7:57:16,3548,11708,12289,519,572,28636,751,608,136,711,575,124,699,574,131,751,608,136,Finisher,700
changheng,huang,changheng huang,708,M45-49,Male,沈阳,辽宁,China,CN,1:08:12,3:53:57,2:41:19,0:09:18,0:05:25,7:58:12,4092,14037,9679,558,325,28692,752,609,83,760,614,85,776,626,86,752,609,83,Finisher,700
XuFan,Liu,XuFan Liu,388,F35-39,Female,成都,四川,China,CN,0:55:05,3:31:21,3:11:16,0:12:33,0:08:08,7:58:23,3305,12681,11476,753,488,28703,753,144,27,662,122,24,747,139,27,753,144,27,Finisher,700
freek,boelen,freek boelen,951,M60-64,Male,shanghai,CN-SH,Unknown,,0:47:23,3:20:26,3:20:24,0:15:54,0:14:28,7:58:35,2843,12026,12024,954,868,28715,754,610,13,455,389,6,702,577,8,754,610,13,Finisher,716
Yanlong,Wang,Yanlong Wang,585,M40-44,Male,中山市,CN-GD,China,CN,0:55:56,3:02:44,3:40:21,0:09:48,0:10:18,7:59:06,3356,10964,13221,588,618,28746,755,611,134,674,547,124,614,518,122,755,611,134,Finisher,700
Hwee Lian,Khoo,Hwee Lian Khoo,709,M45-49,Male,singapore,SG-04,Unknown,,1:07:52,3:25:23,3:04:25,0:12:38,0:09:00,7:59:18,4072,12323,11065,758,540,28758,756,612,84,759,613,84,758,615,84,756,612,84,Finisher,700
lingfeng,wang,lingfeng wang,747,M45-49,Male,北京,CN-BJ,China,CN,0:53:44,3:11:37,3:13:55,0:18:14,0:22:45,8:00:14,3224,11497,11635,1094,1365,28814,757,613,85,634,521,68,701,576,77,757,613,85,Finisher,700
JUNBO,WU,JUNBO WU,296,M30-34,Male,chongqing,CN-CQ,China,CN,0:54:22,3:14:52,3:22:08,0:15:58,0:13:36,8:00:56,3262,11692,12128,958,816,28856,758,614,77,643,526,69,707,582,75,758,614,77,Finisher,700
Zhiheng,Jiang,Zhiheng Jiang,84,M18-24,Male,Hangzhou,Yilan County,China,CN,1:09:01,3:47:52,2:47:58,0:09:50,0:07:01,8:01:42,4141,13672,10078,590,421,28902,759,615,16,764,618,16,774,625,16,759,615,16,Finisher,700
Chunyong,Hu,Chunyong Hu,767,M45-49,Male,SHANGHAI,SHANGHAI,China,CN,1:11:13,3:26:33,2:57:27,0:17:42,0:10:06,8:03:02,4273,12393,10647,1062,606,28982,760,616,86,771,622,87,768,619,85,760,616,86,Finisher,700
amity,Wan,amity Wan,752,F45-49,Female,hong kong,Hong Kong,Hong Kong,HK,0:59:41,3:30:25,3:03:38,0:17:10,0:13:31,8:04:25,3581,12625,11018,1030,811,29065,761,145,14,719,138,13,760,144,13,761,145,14,Finisher,700
恒,周,恒 周,960,M65-69,Male,成都,四川省,China,CN,0:44:35,4:02:42,3:02:30,0:09:36,0:06:59,8:06:22,2675,14562,10950,576,419,29182,762,617,5,366,312,1,770,621,5,762,617,5,Finisher,1756
Yang,WAN,Yang WAN,345,M35-39,Male,珠海市,Guangdong,China,CN,1:08:44,3:22:14,3:14:53,0:10:22,0:11:20,8:07:32,4124,12134,11693,622,680,29252,763,618,137,761,615,136,752,612,136,763,618,137,Finisher,700
靖和,赵,靖和 赵,150,M25-29,Male,温泉镇双破路四号,BEIJING,China,CN,0:46:00,2:54:09,4:07:40,0:11:34,0:08:20,8:07:43,2760,10449,14860,694,500,29263,764,619,52,408,346,39,477,414,36,764,619,52,Finisher,700
Alex,Norris,Alex Norris,98,F18-24,Female,Ashfield,AU-NSW,Australia,AU,1:02:48,3:29:05,3:12:19,0:10:46,0:13:22,8:08:20,3768,12545,11539,646,802,29300,765,146,3,740,142,2,754,142,3,765,146,3,Finisher,700
Michaela,Norris,Michaela Norris,132,F25-29,Female,Ashfield,AU-NSW,New Zealand,NZ,1:13:09,3:18:47,3:12:19,0:10:35,0:13:36,8:08:26,4389,11927,11539,635,816,29306,766,147,23,773,151,23,753,141,23,766,147,23,Finisher,700
Kwok king eric,Chiu,Kwok king eric Chiu,842,M50-54,Male,Hong king,Hong Kong,Hong Kong,HK,1:16:27,3:25:32,3:04:33,0:13:47,0:09:14,8:09:33,4587,12332,11073,827,554,29373,767,620,63,777,626,65,769,620,64,767,620,63,Finisher,700
Hong Tai,Su,Hong Tai Su,890,M55-59,Male,新北市汐止區,New Taipei City,Unknown,,1:02:16,3:20:42,3:24:06,0:11:23,0:11:06,8:09:33,3736,12042,12246,683,666,29373,768,621,37,737,597,36,734,600,37,768,621,37,Finisher,700
wei,wan,wei wan,826,M50-54,Male,中山,广东省,China,CN,0:57:54,3:32:22,3:15:46,0:13:13,0:10:32,8:09:47,3474,12742,11746,793,632,29387,769,622,64,700,569,56,756,614,62,769,622,64,Finisher,700
Can,Min,Can Min,280,M30-34,,Shanghai,CN-SH,China,CN,0:52:59,3:17:16,3:39:48,0:14:09,0:08:48,8:12:59,3179,11836,13188,849,528,29579,770,623,78,624,513,68,705,580,74,770,623,78,Finisher,700
Miao,Tan,Miao Tan,465,F35-39,Female,Zhuhai City,Guangdong Province,Macao,MO,0:48:47,3:23:32,3:31:54,0:16:07,0:12:42,8:13:03,2927,12212,12714,967,762,29583,771,148,28,506,74,12,719,131,25,771,148,28,Finisher,700
cong,wang,cong wang,446,M35-39,Male,Dali,YUNNAN SHENG,China,CN,1:03:38,3:42:19,3:06:16,0:12:10,0:08:48,8:13:10,3818,13339,11176,730,528,29590,772,624,138,747,603,132,771,622,138,772,624,138,Finisher,700
天博,陈,天博 陈,576,M40-44,Male,北京,CN-BJ,China,CN,0:58:45,3:08:00,3:52:19,0:09:32,0:09:21,8:17:57,3525,11280,13939,572,561,29877,773,625,135,707,573,127,665,548,129,773,625,135,Finisher,700
Ying,Xiao,Ying Xiao,891,F55-59,Female,临沧市,云南省,China,CN,0:54:45,3:57:38,3:03:24,0:16:56,0:06:33,8:19:16,3285,14258,11004,1016,393,29956,774,149,8,653,119,7,775,150,8,774,149,8,Finisher,722
yuhong,Ma,yuhong Ma,835,F50-54,Female,广州市,广东省,China,CN,0:58:22,3:25:37,3:33:39,0:15:04,0:08:52,8:21:33,3502,12337,12819,904,532,30093,775,150,22,704,134,18,748,140,20,775,150,22,Finisher,700
Yongzhen,Chen,Yongzhen Chen,807,F50-54,Female,北京,北京,China,CN,1:00:44,3:38:24,3:26:29,0:10:17,0:09:13,8:25:06,3644,13104,12389,617,553,30306,776,151,23,726,139,20,761,145,21,776,151,23,Finisher,700
Bernard,Kam,Bernard Kam,730,M45-49,Male,Banqiao DIstrict,New Taipei City,Hong Kong,HK,0:57:14,4:22:45,2:39:03,0:19:39,0:09:32,8:28:12,3434,15765,9543,1179,572,30492,777,626,87,690,560,73,778,628,87,777,626,87,Finisher,700
HIN SHING,TAM,HIN SHING TAM,819,M50-54,Male,Yuen Long,Hong Kong,Hong Kong,HK,1:00:33,3:46:25,3:25:01,0:12:07,0:06:56,8:31:02,3633,13585,12301,727,416,30662,778,627,65,725,587,60,772,623,65,778,627,65,Finisher,700
晓文,刘,晓文 刘,574,M40-44,Male,大连,CN-LN,Unknown,,0:54:49,3:27:30,3:44:19,0:13:45,0:11:06,8:31:28,3289,12450,13459,825,666,30688,779,628,136,656,537,122,738,603,133,779,628,136,Finisher,700
YANG,SHEN,YANG SHEN,484,M35-39,Male,BEIJING,BEIJING,China,CN,1:08:50,3:33:32,3:32:17,0:17:11,0:07:12,8:39:01,4130,12812,12737,1031,432,31141,780,629,139,763,617,137,773,624,139,780,629,139,Finisher,700
Lichang,Zhu,Lichang Zhu,491,M40-44,Male,Hefei,Anhui,China,CN,,,,0:00:00,0:00:00,,0,0,0,0,0,0,99999,99999,99999,99999,99999,99999,99999,99999,99999,99999,99999,99999,DNS,0
Xuanji,He,Xuanji He,103,M25-29,Male,厦门市,Fujian,China,CN,,,,0:00:00,0:00:00,,0,0,0,0,0,0,99999,99999,99999,99999,99999,99999,99999,99999,99999,99999,99999,99999,DNS,0
Yan,Zhang,Yan Zhang,974,M40-44,Male,长春,吉林,China,CN,,,,0:00:00,0:00:00,,0,0,0,0,0,0,99999,99999,99999,99999,99999,99999,99999,99999,99999,99999,99999,99999,DNS,0
Yumei,Yan,Yumei Yan,748,F45-49,Female,东莞市,CN-广东省,China,CN,0:53:20,,,0:00:00,0:00:00,,3200,0,0,0,0,0,99999,99999,99999,99999,99999,99999,99999,99999,99999,99999,99999,99999,DNF,0
LIU,LANG,LIU LANG,704,M45-49,Male,重庆市,重庆市,China,CN,0:43:52,,,0:08:47,0:00:00,,2632,0,0,527,0,0,99999,99999,99999,99999,99999,99999,99999,99999,99999,99999,99999,99999,DNF,0
Jason,Johnson,Jason Johnson,563,M40-44,Male,ตำบลหัวหิน,Prachuap Khiri Khan Province,Unknown,,,,,0:00:00,0:00:00,,0,0,0,0,0,0,99999,99999,99999,99999,99999,99999,99999,99999,99999,99999,99999,99999,DNS,0
Fanchen,Zeng,Fanchen Zeng,5,M30-34,Male,海淀区（Haidian District）,CN-BJ,China,CN,0:32:08,,,0:05:29,0:00:00,,1928,0,0,329,0,0,99999,99999,99999,99999,99999,99999,99999,99999,99999,99999,99999,99999,DNF,0
邓,稳静,邓 稳静,159,F25-29,Female,上海,Taipei City,China,CN,1:36:22,,,0:00:00,0:00:00,,5782,0,0,0,0,0,99999,99999,99999,99999,99999,99999,99999,99999,99999,99999,99999,99999,DNF,0
Huan,Shu,Huan Shu,498,M40-44,Male,Cary,NC,China,CN,,,,0:00:00,0:00:00,,0,0,0,0,0,0,99999,99999,99999,99999,99999,99999,99999,99999,99999,99999,99999,99999,DNS,0
Zishi,Deng,Zishi Deng,592,M40-44,Male,Guangzhou,Guangdong,China,CN,0:49:29,,,0:18:15,0:00:00,4:19:49,2969,0,0,1095,0,15589,99999,99999,99999,99999,99999,99999,99999,99999,99999,99999,99999,99999,DNF,0
震,杨,震 杨,235,M30-34,Male,宜昌市,湖北省,China,CN,,,,0:00:00,0:00:00,,0,0,0,0,0,0,99999,99999,99999,99999,99999,99999,99999,99999,99999,99999,99999,99999,DNS,0
Deepak,Kumar,Deepak Kumar,306,M35-39,Male,NEW DELHI,DELHI,India,IN,,,,0:00:00,0:00:00,,0,0,0,0,0,0,99999,99999,99999,99999,99999,99999,99999,99999,99999,99999,99999,99999,DNS,0
Wenzong,PENG,Wenzong PENG,869,M50-54,Male,贵阳市,GZ,China,CN,1:49:46,,,0:00:00,0:00:00,,6586,0,0,0,0,0,99999,99999,99999,99999,99999,99999,99999,99999,99999,99999,99999,99999,DNF,0
James,Tan,James Tan,37,M25-29,Male,Pok Fu Lam,Hong Kong,Hong Kong,HK,0:23:40,2:23:11,,0:04:34,0:05:22,,1420,8591,0,274,322,0,99999,99999,99999,99999,99999,99999,99999,99999,99999,99999,99999,99999,DNF,0
玉芬,潘,玉芬 潘,679,F45-49,Female,海口,CN-HI,China,CN,1:11:18,3:36:47,0:38:05,0:14:48,0:08:00,5:48:59,4278,13007,2285,888,480,20939,99999,99999,99999,99999,99999,99999,99999,99999,99999,99999,99999,99999,DNF,0
Boyang,Li,Boyang Li,604,M40-44,Male,beijing,Beijing,China,CN,,,,0:00:00,0:00:00,,0,0,0,0,0,0,99999,99999,99999,99999,99999,99999,99999,99999,99999,99999,99999,99999,DNS,0
peng,gao,peng gao,110,M25-29,Male,广州,广东,China,CN,,,,0:00:00,0:00:00,,0,0,0,0,0,0,99999,99999,99999,99999,99999,99999,99999,99999,99999,99999,99999,99999,DNS,0
Dan,Wu,Dan Wu,901,M55-59,Male,Bellevue,WA,United States,US,1:30:43,,,0:00:00,0:00:00,,5443,0,0,0,0,0,99999,99999,99999,99999,99999,99999,99999,99999,99999,99999,99999,99999,DNF,0
Yinlong,Liu,Yinlong Liu,429,M35-39,Male,西城区,,Canada,CA,,,,0:00:00,0:00:00,,0,0,0,0,0,0,99999,99999,99999,99999,99999,99999,99999,99999,99999,99999,99999,99999,DNS,0
献刚,张,献刚 张,518,M40-44,Male,北京,CN-BJ,China,CN,1:51:26,,,0:00:00,0:00:00,,6686,0,0,0,0,0,99999,99999,99999,99999,99999,99999,99999,99999,99999,99999,99999,99999,DNF,0
Xiang,Diao,Xiang Diao,488,M35-39,Male,成都,四川,China,CN,1:49:47,,,0:00:00,0:00:00,,6587,0,0,0,0,0,99999,99999,99999,99999,99999,99999,99999,99999,99999,99999,99999,99999,DNF,0
Le,Zhang,Le Zhang,124,M25-29,Male,北京,Kinki,China,CN,0:32:49,,,0:06:32,0:00:00,,1969,0,0,392,0,0,99999,99999,99999,99999,99999,99999,99999,99999,99999,99999,99999,99999,DNF,0
Yong,Xu,Yong Xu,865,M50-54,Male,Guangzhou,Guangdong,China,CN,,,,0:00:00,0:00:00,,0,0,0,0,0,0,99999,99999,99999,99999,99999,99999,99999,99999,99999,99999,99999,99999,DNS,0
俊棠,黄,俊棠 黄,279,M30-34,Male,桂林,广西,China,CN,0:48:10,3:31:45,,0:10:35,0:00:00,,2890,12705,0,635,0,0,99999,99999,99999,99999,99999,99999,99999,99999,99999,99999,99999,99999,DNF,0
Yiming,LIU,Yiming LIU,404,M35-39,Male,六安市,AH,China,CN,1:00:52,,,0:19:05,0:00:00,5:49:00,3652,0,0,1145,0,20940,99999,99999,99999,99999,99999,99999,99999,99999,99999,99999,99999,99999,DNF,0
nuttikorn,theeraworn,nuttikorn theeraworn,629,M40-44,Male,Panusnikom,CHON BURI,Unknown,,,,,0:00:00,0:00:00,,0,0,0,0,0,0,99999,99999,99999,99999,99999,99999,99999,99999,99999,99999,99999,99999,DNS,0
Jie,Tang,Jie Tang,776,M45-49,Male,北京市,北京市,China,CN,,,,0:00:00,0:00:00,,0,0,0,0,0,0,99999,99999,99999,99999,99999,99999,99999,99999,99999,99999,99999,99999,DNS,0
Florian ,Bordes ,Florian Bordes,626,M40-44,Male,Shanghai,CN-SH,France,FR,,,,0:00:00,0:00:00,,0,0,0,0,0,0,99999,99999,99999,99999,99999,99999,99999,99999,99999,99999,99999,99999,DNS,0
Chengshan,TONG,Chengshan TONG,292,M30-34,Male,深圳市,Guangdong,China,CN,,,,0:00:00,0:00:00,,0,0,0,0,0,0,99999,99999,99999,99999,99999,99999,99999,99999,99999,99999,99999,99999,DNS,0
Daoyong,Wu,Daoyong Wu,844,M50-54,Male,guiyang,CN-GZ,China,CN,,,,0:00:00,0:00:00,,0,0,0,0,0,0,99999,99999,99999,99999,99999,99999,99999,99999,99999,99999,99999,99999,DNS,0
yang,shu,yang shu,962,F35-39,Female,珠海市,CN-GD,China,CN,1:36:28,,,0:00:00,0:00:00,,5788,0,0,0,0,0,99999,99999,99999,99999,99999,99999,99999,99999,99999,99999,99999,99999,DNF,0
Michael,Rowe,Michael Rowe,187,M30-34,Male,Glebe,NSW,India,IN,0:36:27,3:45:12,,0:09:59,0:14:26,,2187,13512,0,599,866,0,99999,99999,99999,99999,99999,99999,99999,99999,99999,99999,99999,99999,DNF,0
xianzhen,zhu,xianzhen zhu,334,M35-39,Male,shanghai,shanghai,China,CN,1:42:13,,,0:00:00,0:00:00,,6133,0,0,0,0,0,99999,99999,99999,99999,99999,99999,99999,99999,99999,99999,99999,99999,DNF,0
Chang,He,Chang He,607,M40-44,Male,银川市,宁夏回族自治区,China,CN,,,,0:00:00,0:00:00,,0,0,0,0,0,0,99999,99999,99999,99999,99999,99999,99999,99999,99999,99999,99999,99999,DNS,0
wei,yan,wei yan,837,M50-54,Male,北京,北京,China,CN,0:50:37,,,0:16:05,0:00:00,6:05:02,3037,0,0,965,0,21902,99999,99999,99999,99999,99999,99999,99999,99999,99999,99999,99999,99999,DNF,0
Xin,Li,Xin Li,48,F40-44,Female,北京,Beijing,Unknown,,0:39:31,2:35:41,,0:07:30,0:06:05,,2371,9341,0,450,365,0,99999,99999,99999,99999,99999,99999,99999,99999,99999,99999,99999,99999,DNF,0
XIAOCHEN,LIU,XIAOCHEN LIU,649,M40-44,Male,北京,Beijing,China,CN,,,,0:00:00,0:00:00,,0,0,0,0,0,0,99999,99999,99999,99999,99999,99999,99999,99999,99999,99999,99999,99999,DNS,0
Ruiwen,Xie,Ruiwen Xie,112,M25-29,Female,三明市,CN-FJ,China,CN,0:25:46,2:16:48,,0:04:30,0:04:35,,1546,8208,0,270,275,0,99999,99999,99999,99999,99999,99999,99999,99999,99999,99999,99999,99999,DNF,0
Huan,Xia,Huan Xia,58,M45-49,Male,合肥,CN-AH,China,CN,,,,0:00:00,0:00:00,,0,0,0,0,0,0,99999,99999,99999,99999,99999,99999,99999,99999,99999,99999,99999,99999,DNS,0
Weitsun,Lin,Weitsun Lin,694,M45-49,Male,上海,CN-SH,Unknown,,,,,0:00:00,0:00:00,,0,0,0,0,0,0,99999,99999,99999,99999,99999,99999,99999,99999,99999,99999,99999,99999,DNS,0
Wu,Jiapeng,Wu Jiapeng,831,M50-54,Male,南昌,江西,China,CN,,,,0:00:00,0:00:00,,0,0,0,0,0,0,99999,99999,99999,99999,99999,99999,99999,99999,99999,99999,99999,99999,DNS,0
David,Hunt,David Hunt,947,M60-64,Male,Dubai,Dubai,United Kingdom,GB,0:39:05,,,0:07:00,0:00:00,,2345,0,0,420,0,0,99999,99999,99999,99999,99999,99999,99999,99999,99999,99999,99999,99999,DNF,0
Dávid,Nagy,Dávid Nagy,128,M25-29,,Hong Kong,Hong Kong,Hungary,HU,,,,0:00:00,0:00:00,,0,0,0,0,0,0,99999,99999,99999,99999,99999,99999,99999,99999,99999,99999,99999,99999,DNS,0
Kunyang,Yuan,Kunyang Yuan,410,F35-39,Female,北京,Beijing,China,CN,,,,0:00:00,0:00:00,,0,0,0,0,0,0,99999,99999,99999,99999,99999,99999,99999,99999,99999,99999,99999,99999,DNS,0
Jia,Li,Jia Li,952,M60-64,Male,昆明,YN,China,CN,1:40:27,,,0:00:00,0:00:00,,6027,0,0,0,0,0,99999,99999,99999,99999,99999,99999,99999,99999,99999,99999,99999,99999,DNF,0
Duangporn,Prom-On,Duangporn Prom-On,795,F50-54,Female,"Hua Mak, Bang Kapi",KRUNG THEP MAHA NAKHON,Unknown,,1:45:34,,,0:00:00,0:00:00,,6334,0,0,0,0,0,99999,99999,99999,99999,99999,99999,99999,99999,99999,99999,99999,99999,DNF,0
Jun,Gao,Jun Gao,578,M40-44,Male,浏阳市,湖南省,China,CN,1:40:15,,,0:00:00,0:00:00,,6015,0,0,0,0,0,99999,99999,99999,99999,99999,99999,99999,99999,99999,99999,99999,99999,DNF,0
Ruibo,Li,Ruibo Li,866,M50-54,Male,河西区,天津市,China,CN,,,,0:00:00,0:00:00,,0,0,0,0,0,0,99999,99999,99999,99999,99999,99999,99999,99999,99999,99999,99999,99999,DNS,0
Shunli,Xie,Shunli Xie,302,M35-39,Male,BEIJING,Beijing,China,CN,,,,0:00:00,0:00:00,,0,0,0,0,0,0,99999,99999,99999,99999,99999,99999,99999,99999,99999,99999,99999,99999,DNS,0
Zhonghua,Shi,Zhonghua Shi,800,M50-54,Male,Hangzhou,Zhejiang,China,CN,0:33:46,,,0:00:00,0:00:00,,2026,0,0,0,0,0,99999,99999,99999,99999,99999,99999,99999,99999,99999,99999,99999,99999,DNF,0
东云,杨,东云 杨,237,M30-34,Male,大理市,Yunnan,China,CN,1:13:53,,,0:00:00,0:00:00,,4433,0,0,0,0,0,99999,99999,99999,99999,99999,99999,99999,99999,99999,99999,99999,99999,DNF,0
eric,teng,eric teng,603,M40-44,Male,北京市,北京市,China,CN,,,,0:00:00,0:00:00,,0,0,0,0,0,0,99999,99999,99999,99999,99999,99999,99999,99999,99999,99999,99999,99999,DNS,0
Tang,Zhibin,Tang Zhibin,912,M55-59,Male,深圳市,CN-GD,China,CN,,,,0:00:00,0:00:00,,0,0,0,0,0,0,99999,99999,99999,99999,99999,99999,99999,99999,99999,99999,99999,99999,DNS,0
WENFENG,HE,WENFENG HE,784,M45-49,Male,KUNMING,CN-YN,China,CN,1:03:43,,,0:00:00,1:20:53,,3823,0,0,0,4853,0,99999,99999,99999,99999,99999,99999,99999,99999,99999,99999,99999,99999,DNF,0
皓,杨,皓 杨,197,M30-34,Male,凉山州,Sichuan,China,CN,,,,0:00:00,0:00:00,,0,0,0,0,0,0,99999,99999,99999,99999,99999,99999,99999,99999,99999,99999,99999,99999,DNS,0
Ouyang,He,Ouyang He,246,F30-34,Female,Shanghai,Shanghai,China,CN,,,,0:00:00,0:00:00,,0,0,0,0,0,0,99999,99999,99999,99999,99999,99999,99999,99999,99999,99999,99999,99999,DNS,0
Kim ,Iu,Kim Iu,65,M50-54,Male,Hong Kong ,Hong Kong,Hong Kong,HK,,,,0:00:00,0:00:00,,0,0,0,0,0,0,99999,99999,99999,99999,99999,99999,99999,99999,99999,99999,99999,99999,DNS,0
Wei,Ge,Wei Ge,30,M45-49,Male,北京,CN-BJ,China,CN,,,,0:00:00,0:00:00,,0,0,0,0,0,0,99999,99999,99999,99999,99999,99999,99999,99999,99999,99999,99999,99999,DNS,0
haojie,yu,haojie yu,254,M30-34,Male,广东省江门市开平市,CN-GD,China,CN,0:34:41,2:19:24,1:48:48,0:05:28,0:03:31,4:51:52,2081,8364,6528,328,211,17512,99999,99999,99999,99999,99999,99999,99999,99999,99999,99999,99999,99999,DNF,0
THEODOROS,Gkitzos,THEODOROS Gkitzos,920,M55-59,Male,Shanghai,AU-WA,Unknown,,0:39:55,,,0:10:01,0:00:00,,2395,0,0,601,0,0,99999,99999,99999,99999,99999,99999,99999,99999,99999,99999,99999,99999,DNF,0
Valentina ,Ferrari ,Valentina Ferrari,263,F30-34,Female,Shanghai,CN-SH,Italy,IT,,,,0:00:00,0:00:00,,0,0,0,0,0,0,99999,99999,99999,99999,99999,99999,99999,99999,99999,99999,99999,99999,DNS,0
Yao,Zhang,Yao Zhang,195,F30-34,Female,上海,CN-SH,China,CN,1:49:57,,,0:00:00,0:00:00,,6597,0,0,0,0,0,99999,99999,99999,99999,99999,99999,99999,99999,99999,99999,99999,99999,DNF,0
Liheng,Zhang,Liheng Zhang,672,M45-49,Male,南京市,CN-JS,China,CN,1:38:59,,,0:00:00,0:00:00,,5939,0,0,0,0,0,99999,99999,99999,99999,99999,99999,99999,99999,99999,99999,99999,99999,DNF,0
Aleksandr,Lazarev,Aleksandr Lazarev,964,M50-54,Male,Tashkent,Tashkent,Uzbekistan,UZ,,,,0:00:00,0:00:00,,0,0,0,0,0,0,99999,99999,99999,99999,99999,99999,99999,99999,99999,99999,99999,99999,DNF,0
Yiqun,Wang,Yiqun Wang,40,F30-34,Female,Xiamen,CN-FJ,China,CN,0:44:57,2:59:50,,0:06:53,0:07:57,,2697,10790,0,413,477,0,99999,99999,99999,99999,99999,99999,99999,99999,99999,99999,99999,99999,DNF,0
Yunfeng,Zhang,Yunfeng Zhang,190,M30-34,Male,石家庄市,河北省,China,CN,,,,0:00:00,0:00:00,,0,0,0,0,0,0,99999,99999,99999,99999,99999,99999,99999,99999,99999,99999,99999,99999,DNS,0
Stig,Vinck,Stig Vinck,737,M45-49,Male,T. Nong Hoi A. Mueang,Chiang Mai,Belgium,BE,,,,0:00:00,0:00:00,,0,0,0,0,0,0,99999,99999,99999,99999,99999,99999,99999,99999,99999,99999,99999,99999,DNS,0
Cheng,Chu,Cheng Chu,471,M35-39,Male,Shanghai,Shanghai,China,CN,,,,0:00:00,0:00:00,,0,0,0,0,0,0,99999,99999,99999,99999,99999,99999,99999,99999,99999,99999,99999,99999,DNS,0
Amarit,Sukhavanij,Amarit Sukhavanij,931,M55-59,Male,"Hua Mak, Bang Kapi",,Unknown,,0:45:18,,,0:00:00,0:00:00,,2718,0,0,0,0,0,99999,99999,99999,99999,99999,99999,99999,99999,99999,99999,99999,99999,DNF,0
XUEYAN,QIN,XUEYAN QIN,433,F35-39,Female,shanghai,Shanghai,China,CN,,,,0:00:00,0:00:00,,0,0,0,0,0,0,99999,99999,99999,99999,99999,99999,99999,99999,99999,99999,99999,99999,DNS,0
Montakan,Neawkongsak,Montakan Neawkongsak,184,F30-34,Female,Klongthanon,Saimai,Unknown,,1:56:44,,,0:00:00,0:00:00,,7004,0,0,0,0,0,99999,99999,99999,99999,99999,99999,99999,99999,99999,99999,99999,99999,DNF,0
Gengu,Li,Gengu Li,948,M60-64,Male,beijing,Guangdong,China,CN,,,,0:00:00,0:00:00,,0,0,0,0,0,0,99999,99999,99999,99999,99999,99999,99999,99999,99999,99999,99999,99999,DNS,0
豪杰,牟,豪杰 牟,273,M30-34,Male,杭州市,CN-ZJ,China,CN,,,,0:00:00,0:00:00,,0,0,0,0,0,0,99999,99999,99999,99999,99999,99999,99999,99999,99999,99999,99999,99999,DNS,0
Mingqi,Mou,Mingqi Mou,579,F40-44,Female,重庆,重庆,China,CN,1:29:40,,,0:00:00,0:00:00,,5380,0,0,0,0,0,99999,99999,99999,99999,99999,99999,99999,99999,99999,99999,99999,99999,DNF,0
Hong,Lei,Hong Lei,673,F45-49,Female,上海,CN-SH,China,CN,,,,0:00:00,0:00:00,,0,0,0,0,0,0,99999,99999,99999,99999,99999,99999,99999,99999,99999,99999,99999,99999,DNS,0
Boxing,Cheng,Boxing Cheng,558,M40-44,Male,Guiyang,Guizhou,China,CN,,,,0:00:00,0:00:00,,0,0,0,0,0,0,99999,99999,99999,99999,99999,99999,99999,99999,99999,99999,99999,99999,DNS,0
Hendra,Raghani,Hendra Raghani,567,M40-44,Male,Singapore,SG-02,Indonesia,ID,1:29:16,,,0:00:00,0:00:00,,5356,0,0,0,0,0,99999,99999,99999,99999,99999,99999,99999,99999,99999,99999,99999,99999,DNF,0
Bao,Chunjing,Bao Chunjing,941,M60-64,Male,Hanzhou,Odisha,China,CN,1:37:40,,,0:00:00,0:00:00,,5860,0,0,0,0,0,99999,99999,99999,99999,99999,99999,99999,99999,99999,99999,99999,99999,DNF,0
Mengchi,Wang,Mengchi Wang,536,M40-44,Male,beijing,beijing,China,CN,,,,0:00:00,0:00:00,,0,0,0,0,0,0,99999,99999,99999,99999,99999,99999,99999,99999,99999,99999,99999,99999,DNS,0
Jingwen,Chen,Jingwen Chen,857,M50-54,Male,广州,广东,China,CN,,,,0:00:00,0:00:00,,0,0,0,0,0,0,99999,99999,99999,99999,99999,99999,99999,99999,99999,99999,99999,99999,DNS,0
Vladimir,Yanin,Vladimir Yanin,619,M40-44,Male,SanurDenpasar,Bali,Unknown,,,,,0:00:00,0:00:00,,0,0,0,0,0,0,99999,99999,99999,99999,99999,99999,99999,99999,99999,99999,99999,99999,DNS,0
成,王,成 王,542,M40-44,Male,宁波,Zhejiang,China,CN,,,,0:00:00,0:00:00,,0,0,0,0,0,0,99999,99999,99999,99999,99999,99999,99999,99999,99999,99999,99999,99999,DNS,0
Cheng,Song,Cheng Song,678,M45-49,Male,马鞍山,安徽省,China,CN,,,,0:00:00,0:00:00,,0,0,0,0,0,0,99999,99999,99999,99999,99999,99999,99999,99999,99999,99999,99999,99999,DNS,0
Yuan,Chen,Yuan Chen,515,M40-44,Male,上海,上海,China,CN,,,,0:00:00,0:00:00,,0,0,0,0,0,0,99999,99999,99999,99999,99999,99999,99999,99999,99999,99999,99999,99999,DNS,0
Heydi,Rininta,Heydi Rininta,449,F35-39,Female,Jakarta,ID-JK,Indonesia,ID,,,,0:00:00,0:00:00,,0,0,0,0,0,0,99999,99999,99999,99999,99999,99999,99999,99999,99999,99999,99999,99999,DNS,0
Fu,Hongyu,Fu Hongyu,336,M35-39,Male,重庆,CN-重庆,China,CN,0:43:19,,,0:09:34,0:00:00,,2599,0,0,574,0,0,99999,99999,99999,99999,99999,99999,99999,99999,99999,99999,99999,99999,DNF,0
Li,Xuesong,Li Xuesong,859,M50-54,Male,Dongguang,Guangdong,China,CN,,,,0:00:00,0:00:00,,0,0,0,0,0,0,99999,99999,99999,99999,99999,99999,99999,99999,99999,99999,99999,99999,DNS,0
Vince Christian,Ang,Vince Christian Ang,188,M30-34,Male,Makati,PH-00,Unknown,,1:43:15,,,0:00:00,0:00:00,,6195,0,0,0,0,0,99999,99999,99999,99999,99999,99999,99999,99999,99999,99999,99999,99999,DNF,0
beichuan,tan,beichuan tan,749,M45-49,Male,chengdu,SICHUAN,China,CN,,,,0:00:00,0:00:00,,0,0,0,0,0,0,99999,99999,99999,99999,99999,99999,99999,99999,99999,99999,99999,99999,DNS,0
贺,玲,贺 玲,757,F45-49,Female,长沙,湖南省,China,CN,1:42:58,,,0:00:00,0:00:00,,6178,0,0,0,0,0,99999,99999,99999,99999,99999,99999,99999,99999,99999,99999,99999,99999,DNF,0
Yixing,Lou,Yixing Lou,63,M45-49,Male,Shanghai,CN-SH,China,CN,,,,0:00:00,0:00:00,,0,0,0,0,0,0,99999,99999,99999,99999,99999,99999,99999,99999,99999,99999,99999,99999,DNS,0
Tigran,Nersesyan,Tigran Nersesyan,7,M40-44,Male,Yerevan,Yerevan,Armenia,AM,,,,0:00:00,0:00:00,,0,0,0,0,0,0,99999,99999,99999,99999,99999,99999,99999,99999,99999,99999,99999,99999,DNS,0
YANGTIAN,YAN,YANGTIAN YAN,83,M18-24,Male,北京市,北京,China,CN,,,,0:00:00,0:00:00,,0,0,0,0,0,0,99999,99999,99999,99999,99999,99999,99999,99999,99999,99999,99999,99999,DNS,0
Luis Alfonso,Penuela Marin,Luis Alfonso Penuela Marin,239,M30-34,Male,Guangzhou,CN-GD,Colombia,CO,,,,0:00:00,0:00:00,,0,0,0,0,0,0,99999,99999,99999,99999,99999,99999,99999,99999,99999,99999,99999,99999,DNS,0
Haitao,YU,Haitao YU,204,M30-34,Male,Fuchu,Tokyo,China,CN,,,,0:00:00,0:00:00,,0,0,0,0,0,0,99999,99999,99999,99999,99999,99999,99999,99999,99999,99999,99999,99999,DNS,0
Bharat,Ruhil,Bharat Ruhil,39,M30-34,Male,New Delhi,foreigner,India,IN,,,,0:00:00,0:00:00,,0,0,0,0,0,0,99999,99999,99999,99999,99999,99999,99999,99999,99999,99999,99999,99999,DNS,0
Xiaodong,Ye,Xiaodong Ye,605,M40-44,Male,beijing,Beijing,China,CN,1:22:17,,,0:00:00,0:00:00,,4937,0,0,0,0,0,99999,99999,99999,99999,99999,99999,99999,99999,99999,99999,99999,99999,DNF,0
Yong,Yu,Yong Yu,493,M40-44,Male,青岛市,CN-SD,China,CN,,,,0:00:00,0:00:00,,0,0,0,0,0,0,99999,99999,99999,99999,99999,99999,99999,99999,99999,99999,99999,99999,DNS,0
Xuelu,Wang,Xuelu Wang,943,M60-64,Male,北京,CN-BJ,China,CN,1:19:30,,,0:00:00,0:00:00,,4770,0,0,0,0,0,99999,99999,99999,99999,99999,99999,99999,99999,99999,99999,99999,99999,DNF,0
Chen,Bian,Chen Bian,976,M25-29,Male,南京,CN-JS,China,CN,1:36:41,,,0:00:00,0:00:00,,5801,0,0,0,0,0,99999,99999,99999,99999,99999,99999,99999,99999,99999,99999,99999,99999,DNF,0
Jing,Zhang,Jing Zhang,551,F40-44,Male,广州市,Guangdong,China,CN,,,,0:00:00,0:00:00,,0,0,0,0,0,0,99999,99999,99999,99999,99999,99999,99999,99999,99999,99999,99999,99999,DNS,0
wu,siwei,wu siwei,892,M55-59,Male,guiyang city,guizhou,China,CN,,,,0:00:00,0:00:00,,0,0,0,0,0,0,99999,99999,99999,99999,99999,99999,99999,99999,99999,99999,99999,99999,DNS,0
Wenke,Lin,Wenke Lin,621,M40-44,Male,深圳,广东省,China,CN,,,,0:00:00,0:00:00,,0,0,0,0,0,0,99999,99999,99999,99999,99999,99999,99999,99999,99999,99999,99999,99999,DNS,0
晓云,李,晓云 李,778,M45-49,Male,泸水市,云南,Unknown,,,,,0:00:00,0:00:00,,0,0,0,0,0,0,99999,99999,99999,99999,99999,99999,99999,99999,99999,99999,99999,99999,DNS,0
CHEN,DINWEI,CHEN DINWEI,768,M45-49,Male,Shenzhen,CN-GD,China,CN,,,,0:00:00,0:00:00,,0,0,0,0,0,0,99999,99999,99999,99999,99999,99999,99999,99999,99999,99999,99999,99999,DNS,0
Chengliang,Lu,Chengliang Lu,688,M45-49,Male,杭州,浙江省,China,CN,,,,0:00:00,0:00:00,,0,0,0,0,0,0,99999,99999,99999,99999,99999,99999,99999,99999,99999,99999,99999,99999,DNS,0
Tanate,Kittipornpanit,Tanate Kittipornpanit,907,M55-59,Male,Bungkum,Bangkok,Unknown,,1:42:58,,,0:00:00,0:00:00,,6178,0,0,0,0,0,99999,99999,99999,99999,99999,99999,99999,99999,99999,99999,99999,99999,DNF,0
YUKO,TAKAHASHI,YUKO TAKAHASHI,527,F40-44,Female,"Shinanomachi, Shinjuku-ku",JP-13,Japan,JP,1:54:26,,,0:00:00,0:00:00,,6866,0,0,0,0,0,99999,99999,99999,99999,99999,99999,99999,99999,99999,99999,99999,99999,DNF,0
Yeqi,Sun,Yeqi Sun,224,M30-34,Male,吉林省,CN-JL,China,CN,,,,0:00:00,0:00:00,,0,0,0,0,0,0,99999,99999,99999,99999,99999,99999,99999,99999,99999,99999,99999,99999,DNS,0
CUI,LILI,CUI LILI,580,F40-44,Female,BEIJING,CN-BJ,China,CN,,,,0:00:00,0:00:00,,0,0,0,0,0,0,99999,99999,99999,99999,99999,99999,99999,99999,99999,99999,99999,99999,DNS,0
Fei,Chen,Fei Chen,347,M35-39,Male,南京市,江苏省,China,CN,1:16:09,,,0:00:00,0:00:00,,4569,0,0,0,0,0,99999,99999,99999,99999,99999,99999,99999,99999,99999,99999,99999,99999,DNF,0
Rene,Boekers,Rene Boekers,734,M45-49,Male,Haiterbach,Baden-Württemberg,Unknown,,,,,0:00:00,0:00:00,,0,0,0,0,0,0,99999,99999,99999,99999,99999,99999,99999,99999,99999,99999,99999,99999,DNS,0
Dmitrii,Goncharenko,Dmitrii Goncharenko,387,M35-39,Male,Hong Kong,,Afghanistan,AF,,,,0:00:00,0:00:00,,0,0,0,0,0,0,99999,99999,99999,99999,99999,99999,99999,99999,99999,99999,99999,99999,DNS,0
Lisa,Yin,Lisa Yin,250,F30-34,Female,Beijing,BEIJING,Unknown,,1:27:30,,,0:00:00,0:00:00,,5250,0,0,0,0,0,99999,99999,99999,99999,99999,99999,99999,99999,99999,99999,99999,99999,DNF,0
Pei,jinduo,Pei jinduo,765,F45-49,Male,dalian,CN-LN,China,CN,,,,0:00:00,0:00:00,,0,0,0,0,0,0,99999,99999,99999,99999,99999,99999,99999,99999,99999,99999,99999,99999,DNS,0
allen,he,allen he,413,M35-39,Male,Terrace,BC,China,CN,,,,0:00:00,0:00:00,,0,0,0,0,0,0,99999,99999,99999,99999,99999,99999,99999,99999,99999,99999,99999,99999,DNS,0
Torsten,Dietze,Torsten Dietze,872,M50-54,Male,Seiffen,CN-BJ,Andorra,AD,,,,0:00:00,0:00:00,,0,0,0,0,0,0,99999,99999,99999,99999,99999,99999,99999,99999,99999,99999,99999,99999,DNS,0
Ingrid,Hansen,Ingrid Hansen,729,F45-49,Female,Shanghai,CN-SH,Unknown,,,,,0:00:00,0:00:00,,0,0,0,0,0,0,99999,99999,99999,99999,99999,99999,99999,99999,99999,99999,99999,99999,DNS,0
Kai,Huang,Kai Huang,416,M35-39,Male,Melbourne,AU-VIC,New Zealand,NZ,,,,0:00:00,0:00:00,,0,0,0,0,0,0,99999,99999,99999,99999,99999,99999,99999,99999,99999,99999,99999,99999,DNS,0
Shouquan,Zhao,Shouquan Zhao,257,M30-34,Male,Shenzhen,Guangdong,China,CN,,,,0:00:00,0:00:00,,0,0,0,0,0,0,99999,99999,99999,99999,99999,99999,99999,99999,99999,99999,99999,99999,DNS,0
Weiya,Zhang,Weiya Zhang,532,F40-44,Female,shanghai,Shanghai,China,CN,,,,0:00:00,0:00:00,,0,0,0,0,0,0,99999,99999,99999,99999,99999,99999,99999,99999,99999,99999,99999,99999,DNS,0
